node: tikgpu09.ee.ethz.ch | gpu: NVIDIA GeForce RTX 3090
task 4 | snr_20 | SNR 20 dB | device cuda:0
detectors: power_one_sided, power_two_sided, kurtosis, spec_cnn, lrt_noise  (thresholds re-calibrated at this level)
clean: BER 0.000e+00 (closed form 2.698e-176), FAR {"power_one_sided": 0.04638671875, "power_two_sided": 0.041015625, "kurtosis": 0.0537109375, "spec_cnn": 0.05224609375}
  [snr_20] classical noise
    JSR  -50.0 dB  BER 0.00e+00  P(det)@0.05 power_one_sided 0.049 power_two_sided 0.035 kurtosis 0.043 spec_cnn 0.059 lrt_noise 0.055  (0s)
    JSR  -49.0 dB  BER 0.00e+00  P(det)@0.05 power_one_sided 0.062 power_two_sided 0.059 kurtosis 0.051 spec_cnn 0.053 lrt_noise 0.066  (0s)
    JSR  -48.0 dB  BER 0.00e+00  P(det)@0.05 power_one_sided 0.066 power_two_sided 0.061 kurtosis 0.053 spec_cnn 0.043 lrt_noise 0.068  (1s)
    JSR  -47.0 dB  BER 0.00e+00  P(det)@0.05 power_one_sided 0.049 power_two_sided 0.053 kurtosis 0.059 spec_cnn 0.041 lrt_noise 0.061  (1s)
    JSR  -46.0 dB  BER 0.00e+00  P(det)@0.05 power_one_sided 0.055 power_two_sided 0.037 kurtosis 0.053 spec_cnn 0.053 lrt_noise 0.051  (1s)
    JSR  -45.0 dB  BER 0.00e+00  P(det)@0.05 power_one_sided 0.057 power_two_sided 0.055 kurtosis 0.057 spec_cnn 0.066 lrt_noise 0.070  (1s)
    JSR  -44.0 dB  BER 0.00e+00  P(det)@0.05 power_one_sided 0.078 power_two_sided 0.068 kurtosis 0.051 spec_cnn 0.045 lrt_noise 0.062  (1s)
    JSR  -43.0 dB  BER 0.00e+00  P(det)@0.05 power_one_sided 0.061 power_two_sided 0.062 kurtosis 0.080 spec_cnn 0.053 lrt_noise 0.070  (2s)
    JSR  -42.0 dB  BER 0.00e+00  P(det)@0.05 power_one_sided 0.041 power_two_sided 0.041 kurtosis 0.061 spec_cnn 0.064 lrt_noise 0.074  (2s)
    JSR  -41.0 dB  BER 0.00e+00  P(det)@0.05 power_one_sided 0.053 power_two_sided 0.043 kurtosis 0.053 spec_cnn 0.049 lrt_noise 0.100  (2s)
    JSR  -40.0 dB  BER 0.00e+00  P(det)@0.05 power_one_sided 0.055 power_two_sided 0.049 kurtosis 0.025 spec_cnn 0.049 lrt_noise 0.090  (2s)
    JSR  -39.0 dB  BER 0.00e+00  P(det)@0.05 power_one_sided 0.061 power_two_sided 0.043 kurtosis 0.045 spec_cnn 0.061 lrt_noise 0.121  (2s)
    JSR  -38.0 dB  BER 0.00e+00  P(det)@0.05 power_one_sided 0.070 power_two_sided 0.061 kurtosis 0.033 spec_cnn 0.068 lrt_noise 0.145  (3s)
    JSR  -37.0 dB  BER 0.00e+00  P(det)@0.05 power_one_sided 0.072 power_two_sided 0.072 kurtosis 0.035 spec_cnn 0.068 lrt_noise 0.164  (3s)
    JSR  -36.0 dB  BER 0.00e+00  P(det)@0.05 power_one_sided 0.053 power_two_sided 0.064 kurtosis 0.037 spec_cnn 0.062 lrt_noise 0.191  (3s)
    JSR  -35.0 dB  BER 0.00e+00  P(det)@0.05 power_one_sided 0.061 power_two_sided 0.051 kurtosis 0.049 spec_cnn 0.051 lrt_noise 0.293  (3s)
    JSR  -34.0 dB  BER 0.00e+00  P(det)@0.05 power_one_sided 0.074 power_two_sided 0.059 kurtosis 0.047 spec_cnn 0.029 lrt_noise 0.367  (3s)
    JSR  -33.0 dB  BER 0.00e+00  P(det)@0.05 power_one_sided 0.080 power_two_sided 0.068 kurtosis 0.049 spec_cnn 0.072 lrt_noise 0.523  (4s)
    JSR  -32.0 dB  BER 0.00e+00  P(det)@0.05 power_one_sided 0.086 power_two_sided 0.088 kurtosis 0.076 spec_cnn 0.076 lrt_noise 0.705  (4s)
    JSR  -31.0 dB  BER 0.00e+00  P(det)@0.05 power_one_sided 0.066 power_two_sided 0.055 kurtosis 0.049 spec_cnn 0.078 lrt_noise 0.850  (4s)
    JSR  -30.0 dB  BER 0.00e+00  P(det)@0.05 power_one_sided 0.090 power_two_sided 0.061 kurtosis 0.049 spec_cnn 0.104 lrt_noise 0.955  (4s)
    JSR  -29.0 dB  BER 0.00e+00  P(det)@0.05 power_one_sided 0.102 power_two_sided 0.068 kurtosis 0.053 spec_cnn 0.092 lrt_noise 0.996  (4s)
    JSR  -28.0 dB  BER 0.00e+00  P(det)@0.05 power_one_sided 0.125 power_two_sided 0.088 kurtosis 0.051 spec_cnn 0.141 lrt_noise 1.000  (5s)
    JSR  -27.0 dB  BER 0.00e+00  P(det)@0.05 power_one_sided 0.162 power_two_sided 0.113 kurtosis 0.043 spec_cnn 0.188 lrt_noise 1.000  (5s)
    JSR  -26.0 dB  BER 0.00e+00  P(det)@0.05 power_one_sided 0.225 power_two_sided 0.156 kurtosis 0.057 spec_cnn 0.201 lrt_noise 1.000  (5s)
    JSR  -25.0 dB  BER 0.00e+00  P(det)@0.05 power_one_sided 0.252 power_two_sided 0.186 kurtosis 0.051 spec_cnn 0.252 lrt_noise 1.000  (5s)
    JSR  -24.0 dB  BER 0.00e+00  P(det)@0.05 power_one_sided 0.342 power_two_sided 0.252 kurtosis 0.043 spec_cnn 0.340 lrt_noise 1.000  (5s)
    JSR  -23.0 dB  BER 0.00e+00  P(det)@0.05 power_one_sided 0.428 power_two_sided 0.357 kurtosis 0.045 spec_cnn 0.508 lrt_noise 1.000  (6s)
    JSR  -22.0 dB  BER 0.00e+00  P(det)@0.05 power_one_sided 0.539 power_two_sided 0.451 kurtosis 0.049 spec_cnn 0.682 lrt_noise 1.000  (6s)
    JSR  -21.0 dB  BER 0.00e+00  P(det)@0.05 power_one_sided 0.656 power_two_sided 0.562 kurtosis 0.070 spec_cnn 0.814 lrt_noise 1.000  (6s)
    JSR  -20.0 dB  BER 0.00e+00  P(det)@0.05 power_one_sided 0.787 power_two_sided 0.711 kurtosis 0.059 spec_cnn 0.961 lrt_noise 1.000  (6s)
    JSR  -19.0 dB  BER 0.00e+00  P(det)@0.05 power_one_sided 0.898 power_two_sided 0.861 kurtosis 0.070 spec_cnn 0.994 lrt_noise 1.000  (6s)
    JSR  -18.0 dB  BER 0.00e+00  P(det)@0.05 power_one_sided 0.967 power_two_sided 0.945 kurtosis 0.129 spec_cnn 0.998 lrt_noise 1.000  (7s)
    JSR  -17.0 dB  BER 0.00e+00  P(det)@0.05 power_one_sided 0.988 power_two_sided 0.980 kurtosis 0.143 spec_cnn 1.000 lrt_noise 1.000  (7s)
    JSR  -16.0 dB  BER 0.00e+00  P(det)@0.05 power_one_sided 0.998 power_two_sided 0.998 kurtosis 0.191 spec_cnn 1.000 lrt_noise 1.000  (7s)
    JSR  -15.0 dB  BER 0.00e+00  P(det)@0.05 power_one_sided 0.998 power_two_sided 0.998 kurtosis 0.258 spec_cnn 1.000 lrt_noise 1.000  (7s)
    JSR  -14.0 dB  BER 0.00e+00  P(det)@0.05 power_one_sided 1.000 power_two_sided 1.000 kurtosis 0.398 spec_cnn 1.000 lrt_noise 1.000  (7s)
    JSR  -13.0 dB  BER 0.00e+00  P(det)@0.05 power_one_sided 1.000 power_two_sided 1.000 kurtosis 0.588 spec_cnn 1.000 lrt_noise 1.000  (8s)
    JSR  -12.0 dB  BER 0.00e+00  P(det)@0.05 power_one_sided 1.000 power_two_sided 1.000 kurtosis 0.740 spec_cnn 1.000 lrt_noise 1.000  (8s)
    JSR  -11.0 dB  BER 0.00e+00  P(det)@0.05 power_one_sided 1.000 power_two_sided 1.000 kurtosis 0.896 spec_cnn 1.000 lrt_noise 1.000  (8s)
    JSR  -10.0 dB  BER 0.00e+00  P(det)@0.05 power_one_sided 1.000 power_two_sided 1.000 kurtosis 0.984 spec_cnn 1.000 lrt_noise 1.000  (8s)
    JSR   -9.0 dB  BER 0.00e+00  P(det)@0.05 power_one_sided 1.000 power_two_sided 1.000 kurtosis 1.000 spec_cnn 1.000 lrt_noise 1.000  (8s)
    JSR   -8.0 dB  BER 0.00e+00  P(det)@0.05 power_one_sided 1.000 power_two_sided 1.000 kurtosis 1.000 spec_cnn 1.000 lrt_noise 1.000  (9s)
    JSR   -7.0 dB  BER 0.00e+00  P(det)@0.05 power_one_sided 1.000 power_two_sided 1.000 kurtosis 1.000 spec_cnn 1.000 lrt_noise 1.000  (9s)
    JSR   -6.0 dB  BER 0.00e+00  P(det)@0.05 power_one_sided 1.000 power_two_sided 1.000 kurtosis 1.000 spec_cnn 1.000 lrt_noise 1.000  (9s)
    JSR   -5.0 dB  BER 0.00e+00  P(det)@0.05 power_one_sided 1.000 power_two_sided 1.000 kurtosis 1.000 spec_cnn 1.000 lrt_noise 1.000  (9s)
    JSR   -4.0 dB  BER 0.00e+00  P(det)@0.05 power_one_sided 1.000 power_two_sided 1.000 kurtosis 1.000 spec_cnn 1.000 lrt_noise 1.000  (9s)
    JSR   -3.0 dB  BER 3.05e-05  P(det)@0.05 power_one_sided 1.000 power_two_sided 1.000 kurtosis 1.000 spec_cnn 1.000 lrt_noise 1.000  (10s)
    JSR   -2.0 dB  BER 2.21e-04  P(det)@0.05 power_one_sided 1.000 power_two_sided 1.000 kurtosis 1.000 spec_cnn 1.000 lrt_noise 1.000  (10s)
    JSR   -1.0 dB  BER 8.93e-04  P(det)@0.05 power_one_sided 1.000 power_two_sided 1.000 kurtosis 1.000 spec_cnn 1.000 lrt_noise 1.000  (10s)
    JSR   +0.0 dB  BER 2.62e-03  P(det)@0.05 power_one_sided 1.000 power_two_sided 1.000 kurtosis 1.000 spec_cnn 1.000 lrt_noise 1.000  (10s)
    JSR   +1.0 dB  BER 6.13e-03  P(det)@0.05 power_one_sided 1.000 power_two_sided 1.000 kurtosis 1.000 spec_cnn 1.000 lrt_noise 1.000  (10s)
    JSR   +2.0 dB  BER 1.29e-02  P(det)@0.05 power_one_sided 1.000 power_two_sided 1.000 kurtosis 1.000 spec_cnn 1.000 lrt_noise 1.000  (11s)
    JSR   +3.0 dB  BER 2.24e-02  P(det)@0.05 power_one_sided 1.000 power_two_sided 1.000 kurtosis 1.000 spec_cnn 1.000 lrt_noise 1.000  (11s)
    JSR   +4.0 dB  BER 3.73e-02  P(det)@0.05 power_one_sided 1.000 power_two_sided 1.000 kurtosis 1.000 spec_cnn 1.000 lrt_noise 1.000  (11s)
    JSR   +5.0 dB  BER 5.70e-02  P(det)@0.05 power_one_sided 1.000 power_two_sided 1.000 kurtosis 1.000 spec_cnn 1.000 lrt_noise 1.000  (11s)
    JSR   +6.0 dB  BER 7.89e-02  P(det)@0.05 power_one_sided 1.000 power_two_sided 1.000 kurtosis 1.000 spec_cnn 1.000 lrt_noise 1.000  (11s)
    JSR   +7.0 dB  BER 1.04e-01  P(det)@0.05 power_one_sided 1.000 power_two_sided 1.000 kurtosis 1.000 spec_cnn 1.000 lrt_noise 1.000  (12s)
    JSR   +8.0 dB  BER 1.31e-01  P(det)@0.05 power_one_sided 1.000 power_two_sided 1.000 kurtosis 1.000 spec_cnn 1.000 lrt_noise 1.000  (12s)
    JSR   +9.0 dB  BER 1.57e-01  P(det)@0.05 power_one_sided 1.000 power_two_sided 1.000 kurtosis 1.000 spec_cnn 1.000 lrt_noise 1.000  (12s)
    JSR  +10.0 dB  BER 1.87e-01  P(det)@0.05 power_one_sided 1.000 power_two_sided 1.000 kurtosis 1.000 spec_cnn 1.000 lrt_noise 1.000  (12s)
    JSR  +11.0 dB  BER 2.14e-01  P(det)@0.05 power_one_sided 1.000 power_two_sided 1.000 kurtosis 1.000 spec_cnn 1.000 lrt_noise 1.000  (12s)
    JSR  +12.0 dB  BER 2.42e-01  P(det)@0.05 power_one_sided 1.000 power_two_sided 1.000 kurtosis 1.000 spec_cnn 1.000 lrt_noise 1.000  (13s)
    JSR  +13.0 dB  BER 2.61e-01  P(det)@0.05 power_one_sided 1.000 power_two_sided 1.000 kurtosis 1.000 spec_cnn 1.000 lrt_noise 1.000  (13s)
    JSR  +14.0 dB  BER 2.86e-01  P(det)@0.05 power_one_sided 1.000 power_two_sided 1.000 kurtosis 1.000 spec_cnn 1.000 lrt_noise 1.000  (13s)
    JSR  +15.0 dB  BER 3.10e-01  P(det)@0.05 power_one_sided 1.000 power_two_sided 1.000 kurtosis 1.000 spec_cnn 1.000 lrt_noise 1.000  (13s)
  [snr_20] noise confirmed: {"power_one_sided": {"0.01": {"index": 0, "sweep_ber": 0.0, "sweep_pdet": 0.009765625, "confirmed_ber": 0.0, "confirmed_ser": 0.0, "confirmed_pdet": 0.010009765625, "passed": true}, "0.05": {"index": 0, "sweep_ber": 0.0, "sweep_pdet": 0.048828125, "confirmed_ber": 0.0, "confirmed_ser": 0.0, "confirmed_pdet": 0.05078125, "passed": true}}, "power_two_sided": {"0.01": {"index": 0, "sweep_ber": 0.0, "sweep_pdet": 0.01171875, "confirmed_ber": 0.0, "confirmed_ser": 0.0, "confirmed_pdet": 0.008056640625, "passed": true}, "0.05": {"index": 0, "sweep_ber": 0.0, "sweep_pdet": 0.03515625, "confirmed_ber": 0.0, "confirmed_ser": 0.0, "confirmed_pdet": 0.046142578125, "passed": true}}, "kurtosis": {"0.01": {"index": 0, "sweep_ber": 0.0, "sweep_pdet": 0.01171875, "confirmed_ber": 0.0, "confirmed_ser": 0.0, "confirmed_pdet": 0.00830078125, "passed": true}, "0.05": {"index": 0, "sweep_ber": 0.0, "sweep_pdet": 0.04296875, "confirmed_ber": 0.0, "confirmed_ser": 0.0, "confirmed_pdet": 0.05419921875, "passed": true}}, "spec_cnn": {"0.01": {"index": 0, "sweep_ber": 0.0, "sweep_pdet": 0.015625, "confirmed_ber": 0.0, "confirmed_ser": 0.0, "confirmed_pdet": 0.010009765625, "passed": true}, "0.05": {"index": 0, "sweep_ber": 0.0, "sweep_pdet": 0.05859375, "confirmed_ber": 0.0, "confirmed_ser": 0.0, "confirmed_pdet": 0.05126953125, "passed": true}}, "lrt_noise": {"0.01": {"index": 0, "sweep_ber": 0.0, "sweep_pdet": 0.0078125, "confirmed_ber": 0.0, "confirmed_ser": 0.0, "confirmed_pdet": 0.01171875, "passed": true}, "0.05": {"index": 0, "sweep_ber": 0.0, "sweep_pdet": 0.0546875, "confirmed_ber": 0.0, "confirmed_ser": 0.0, "confirmed_pdet": 0.058349609375, "passed": false}}}  (34s)
  [snr_20] classical pulsed_p1
    JSR  -50.0 dB  BER 0.00e+00  P(det)@0.05 power_one_sided 0.053 power_two_sided 0.072 kurtosis 0.057 spec_cnn 0.070  (0s)
    JSR  -49.0 dB  BER 0.00e+00  P(det)@0.05 power_one_sided 0.047 power_two_sided 0.037 kurtosis 0.049 spec_cnn 0.041  (0s)
    JSR  -48.0 dB  BER 0.00e+00  P(det)@0.05 power_one_sided 0.049 power_two_sided 0.068 kurtosis 0.074 spec_cnn 0.049  (1s)
    JSR  -47.0 dB  BER 0.00e+00  P(det)@0.05 power_one_sided 0.041 power_two_sided 0.049 kurtosis 0.051 spec_cnn 0.045  (1s)
    JSR  -46.0 dB  BER 0.00e+00  P(det)@0.05 power_one_sided 0.070 power_two_sided 0.053 kurtosis 0.031 spec_cnn 0.049  (1s)
    JSR  -45.0 dB  BER 0.00e+00  P(det)@0.05 power_one_sided 0.066 power_two_sided 0.062 kurtosis 0.031 spec_cnn 0.055  (1s)
    JSR  -44.0 dB  BER 0.00e+00  P(det)@0.05 power_one_sided 0.059 power_two_sided 0.061 kurtosis 0.045 spec_cnn 0.029  (1s)
    JSR  -43.0 dB  BER 0.00e+00  P(det)@0.05 power_one_sided 0.061 power_two_sided 0.061 kurtosis 0.059 spec_cnn 0.041  (2s)
    JSR  -42.0 dB  BER 0.00e+00  P(det)@0.05 power_one_sided 0.039 power_two_sided 0.047 kurtosis 0.051 spec_cnn 0.061  (2s)
    JSR  -41.0 dB  BER 0.00e+00  P(det)@0.05 power_one_sided 0.064 power_two_sided 0.061 kurtosis 0.035 spec_cnn 0.066  (2s)
    JSR  -40.0 dB  BER 0.00e+00  P(det)@0.05 power_one_sided 0.064 power_two_sided 0.059 kurtosis 0.051 spec_cnn 0.041  (2s)
    JSR  -39.0 dB  BER 0.00e+00  P(det)@0.05 power_one_sided 0.074 power_two_sided 0.068 kurtosis 0.031 spec_cnn 0.041  (2s)
    JSR  -38.0 dB  BER 0.00e+00  P(det)@0.05 power_one_sided 0.062 power_two_sided 0.057 kurtosis 0.057 spec_cnn 0.045  (3s)
    JSR  -37.0 dB  BER 0.00e+00  P(det)@0.05 power_one_sided 0.074 power_two_sided 0.072 kurtosis 0.064 spec_cnn 0.047  (3s)
    JSR  -36.0 dB  BER 0.00e+00  P(det)@0.05 power_one_sided 0.059 power_two_sided 0.068 kurtosis 0.047 spec_cnn 0.080  (3s)
    JSR  -35.0 dB  BER 0.00e+00  P(det)@0.05 power_one_sided 0.080 power_two_sided 0.078 kurtosis 0.031 spec_cnn 0.078  (3s)
    JSR  -34.0 dB  BER 0.00e+00  P(det)@0.05 power_one_sided 0.084 power_two_sided 0.104 kurtosis 0.043 spec_cnn 0.061  (3s)
    JSR  -33.0 dB  BER 0.00e+00  P(det)@0.05 power_one_sided 0.092 power_two_sided 0.094 kurtosis 0.031 spec_cnn 0.064  (4s)
    JSR  -32.0 dB  BER 0.00e+00  P(det)@0.05 power_one_sided 0.137 power_two_sided 0.129 kurtosis 0.047 spec_cnn 0.066  (4s)
    JSR  -31.0 dB  BER 0.00e+00  P(det)@0.05 power_one_sided 0.127 power_two_sided 0.127 kurtosis 0.049 spec_cnn 0.094  (4s)
    JSR  -30.0 dB  BER 0.00e+00  P(det)@0.05 power_one_sided 0.145 power_two_sided 0.146 kurtosis 0.045 spec_cnn 0.074  (4s)
    JSR  -29.0 dB  BER 0.00e+00  P(det)@0.05 power_one_sided 0.184 power_two_sided 0.189 kurtosis 0.053 spec_cnn 0.107  (4s)
    JSR  -28.0 dB  BER 0.00e+00  P(det)@0.05 power_one_sided 0.215 power_two_sided 0.219 kurtosis 0.051 spec_cnn 0.096  (5s)
    JSR  -27.0 dB  BER 0.00e+00  P(det)@0.05 power_one_sided 0.262 power_two_sided 0.244 kurtosis 0.053 spec_cnn 0.121  (5s)
    JSR  -26.0 dB  BER 0.00e+00  P(det)@0.05 power_one_sided 0.270 power_two_sided 0.268 kurtosis 0.053 spec_cnn 0.131  (5s)
    JSR  -25.0 dB  BER 0.00e+00  P(det)@0.05 power_one_sided 0.283 power_two_sided 0.301 kurtosis 0.051 spec_cnn 0.158  (5s)
    JSR  -24.0 dB  BER 0.00e+00  P(det)@0.05 power_one_sided 0.404 power_two_sided 0.402 kurtosis 0.072 spec_cnn 0.227  (5s)
    JSR  -23.0 dB  BER 0.00e+00  P(det)@0.05 power_one_sided 0.432 power_two_sided 0.461 kurtosis 0.055 spec_cnn 0.246  (6s)
    JSR  -22.0 dB  BER 0.00e+00  P(det)@0.05 power_one_sided 0.496 power_two_sided 0.504 kurtosis 0.072 spec_cnn 0.295  (6s)
    JSR  -21.0 dB  BER 0.00e+00  P(det)@0.05 power_one_sided 0.572 power_two_sided 0.607 kurtosis 0.092 spec_cnn 0.332  (6s)
    JSR  -20.0 dB  BER 0.00e+00  P(det)@0.05 power_one_sided 0.643 power_two_sided 0.662 kurtosis 0.111 spec_cnn 0.367  (6s)
    JSR  -19.0 dB  BER 0.00e+00  P(det)@0.05 power_one_sided 0.711 power_two_sided 0.736 kurtosis 0.139 spec_cnn 0.410  (6s)
    JSR  -18.0 dB  BER 0.00e+00  P(det)@0.05 power_one_sided 0.746 power_two_sided 0.746 kurtosis 0.162 spec_cnn 0.432  (7s)
    JSR  -17.0 dB  BER 0.00e+00  P(det)@0.05 power_one_sided 0.797 power_two_sided 0.814 kurtosis 0.199 spec_cnn 0.520  (7s)
    JSR  -16.0 dB  BER 0.00e+00  P(det)@0.05 power_one_sided 0.846 power_two_sided 0.861 kurtosis 0.312 spec_cnn 0.559  (7s)
    JSR  -15.0 dB  BER 0.00e+00  P(det)@0.05 power_one_sided 0.879 power_two_sided 0.895 kurtosis 0.432 spec_cnn 0.602  (7s)
    JSR  -14.0 dB  BER 0.00e+00  P(det)@0.05 power_one_sided 0.932 power_two_sided 0.943 kurtosis 0.594 spec_cnn 0.664  (7s)
    JSR  -13.0 dB  BER 0.00e+00  P(det)@0.05 power_one_sided 0.957 power_two_sided 0.957 kurtosis 0.770 spec_cnn 0.682  (8s)
    JSR  -12.0 dB  BER 0.00e+00  P(det)@0.05 power_one_sided 0.984 power_two_sided 0.986 kurtosis 0.889 spec_cnn 0.770  (8s)
    JSR  -11.0 dB  BER 0.00e+00  P(det)@0.05 power_one_sided 0.975 power_two_sided 0.979 kurtosis 0.971 spec_cnn 0.762  (8s)
    JSR  -10.0 dB  BER 0.00e+00  P(det)@0.05 power_one_sided 0.992 power_two_sided 0.994 kurtosis 1.000 spec_cnn 0.793  (8s)
    JSR   -9.0 dB  BER 0.00e+00  P(det)@0.05 power_one_sided 1.000 power_two_sided 1.000 kurtosis 1.000 spec_cnn 0.855  (9s)
    JSR   -8.0 dB  BER 0.00e+00  P(det)@0.05 power_one_sided 1.000 power_two_sided 1.000 kurtosis 1.000 spec_cnn 0.852  (9s)
    JSR   -7.0 dB  BER 1.91e-04  P(det)@0.05 power_one_sided 1.000 power_two_sided 1.000 kurtosis 1.000 spec_cnn 0.887  (9s)
    JSR   -6.0 dB  BER 1.59e-03  P(det)@0.05 power_one_sided 1.000 power_two_sided 1.000 kurtosis 1.000 spec_cnn 0.939  (9s)
    JSR   -5.0 dB  BER 7.07e-03  P(det)@0.05 power_one_sided 1.000 power_two_sided 1.000 kurtosis 1.000 spec_cnn 0.969  (9s)
    JSR   -4.0 dB  BER 2.44e-02  P(det)@0.05 power_one_sided 1.000 power_two_sided 1.000 kurtosis 1.000 spec_cnn 0.965  (10s)
    JSR   -3.0 dB  BER 5.61e-02  P(det)@0.05 power_one_sided 1.000 power_two_sided 1.000 kurtosis 1.000 spec_cnn 0.988  (10s)
    JSR   -2.0 dB  BER 1.09e-01  P(det)@0.05 power_one_sided 1.000 power_two_sided 1.000 kurtosis 1.000 spec_cnn 0.992  (10s)
    JSR   -1.0 dB  BER 1.59e-01  P(det)@0.05 power_one_sided 1.000 power_two_sided 1.000 kurtosis 1.000 spec_cnn 1.000  (10s)
    JSR   +0.0 dB  BER 1.99e-01  P(det)@0.05 power_one_sided 1.000 power_two_sided 1.000 kurtosis 1.000 spec_cnn 0.998  (10s)
    JSR   +1.0 dB  BER 2.36e-01  P(det)@0.05 power_one_sided 1.000 power_two_sided 1.000 kurtosis 1.000 spec_cnn 1.000  (11s)
    JSR   +2.0 dB  BER 2.67e-01  P(det)@0.05 power_one_sided 1.000 power_two_sided 1.000 kurtosis 1.000 spec_cnn 1.000  (11s)
    JSR   +3.0 dB  BER 2.89e-01  P(det)@0.05 power_one_sided 1.000 power_two_sided 1.000 kurtosis 1.000 spec_cnn 1.000  (11s)
    JSR   +4.0 dB  BER 3.13e-01  P(det)@0.05 power_one_sided 1.000 power_two_sided 1.000 kurtosis 1.000 spec_cnn 1.000  (11s)
    JSR   +5.0 dB  BER 3.36e-01  P(det)@0.05 power_one_sided 1.000 power_two_sided 1.000 kurtosis 0.996 spec_cnn 1.000  (11s)
    JSR   +6.0 dB  BER 3.53e-01  P(det)@0.05 power_one_sided 1.000 power_two_sided 1.000 kurtosis 0.963 spec_cnn 1.000  (12s)
    JSR   +7.0 dB  BER 3.57e-01  P(det)@0.05 power_one_sided 1.000 power_two_sided 1.000 kurtosis 0.762 spec_cnn 1.000  (12s)
    JSR   +8.0 dB  BER 3.81e-01  P(det)@0.05 power_one_sided 1.000 power_two_sided 1.000 kurtosis 0.359 spec_cnn 1.000  (12s)
    JSR   +9.0 dB  BER 3.94e-01  P(det)@0.05 power_one_sided 1.000 power_two_sided 1.000 kurtosis 0.096 spec_cnn 1.000  (12s)
    JSR  +10.0 dB  BER 4.02e-01  P(det)@0.05 power_one_sided 1.000 power_two_sided 1.000 kurtosis 0.121 spec_cnn 1.000  (12s)
    JSR  +11.0 dB  BER 4.09e-01  P(det)@0.05 power_one_sided 1.000 power_two_sided 1.000 kurtosis 0.424 spec_cnn 1.000  (13s)
    JSR  +12.0 dB  BER 4.24e-01  P(det)@0.05 power_one_sided 1.000 power_two_sided 1.000 kurtosis 0.742 spec_cnn 1.000  (13s)
    JSR  +13.0 dB  BER 4.32e-01  P(det)@0.05 power_one_sided 1.000 power_two_sided 1.000 kurtosis 0.920 spec_cnn 1.000  (13s)
    JSR  +14.0 dB  BER 4.38e-01  P(det)@0.05 power_one_sided 1.000 power_two_sided 1.000 kurtosis 0.979 spec_cnn 1.000  (13s)
    JSR  +15.0 dB  BER 4.43e-01  P(det)@0.05 power_one_sided 1.000 power_two_sided 1.000 kurtosis 0.998 spec_cnn 1.000  (13s)
  [snr_20] pulsed_p1 confirmed: {"power_one_sided": {"0.01": {"index": 0, "sweep_ber": 0.0, "sweep_pdet": 0.01171875, "confirmed_ber": 0.0, "confirmed_ser": 0.0, "confirmed_pdet": 0.01123046875, "passed": true}, "0.05": {"index": 0, "sweep_ber": 0.0, "sweep_pdet": 0.052734375, "confirmed_ber": 0.0, "confirmed_ser": 0.0, "confirmed_pdet": 0.050048828125, "passed": true}}, "power_two_sided": {"0.01": {"index": 0, "sweep_ber": 0.0, "sweep_pdet": 0.01171875, "confirmed_ber": 0.0, "confirmed_ser": 0.0, "confirmed_pdet": 0.009033203125, "passed": true}, "0.05": {"index": 1, "sweep_ber": 0.0, "sweep_pdet": 0.037109375, "confirmed_ber": 0.0, "confirmed_ser": 0.0, "confirmed_pdet": 0.051513671875, "passed": true}}, "kurtosis": {"0.01": {"index": 0, "sweep_ber": 0.0, "sweep_pdet": 0.01171875, "confirmed_ber": 0.0, "confirmed_ser": 0.0, "confirmed_pdet": 0.0087890625, "passed": true}, "0.05": {"index": 0, "sweep_ber": 0.0, "sweep_pdet": 0.056640625, "confirmed_ber": 0.0, "confirmed_ser": 0.0, "confirmed_pdet": 0.046875, "passed": true}}, "spec_cnn": {"0.01": {"index": 0, "sweep_ber": 0.0, "sweep_pdet": 0.01171875, "confirmed_ber": 0.0, "confirmed_ser": 0.0, "confirmed_pdet": 0.01220703125, "passed": true}, "0.05": {"index": 1, "sweep_ber": 0.0, "sweep_pdet": 0.041015625, "confirmed_ber": 0.0, "confirmed_ser": 0.0, "confirmed_pdet": 0.05224609375, "passed": true}}}  (62s)
  [snr_20] classical pulsed_p0.5
    JSR  -50.0 dB  BER 0.00e+00  P(det)@0.05 power_one_sided 0.045 power_two_sided 0.055 kurtosis 0.043 spec_cnn 0.053  (0s)
    JSR  -49.0 dB  BER 0.00e+00  P(det)@0.05 power_one_sided 0.061 power_two_sided 0.055 kurtosis 0.045 spec_cnn 0.041  (0s)
    JSR  -48.0 dB  BER 0.00e+00  P(det)@0.05 power_one_sided 0.064 power_two_sided 0.064 kurtosis 0.043 spec_cnn 0.066  (1s)
    JSR  -47.0 dB  BER 0.00e+00  P(det)@0.05 power_one_sided 0.039 power_two_sided 0.037 kurtosis 0.045 spec_cnn 0.037  (1s)
    JSR  -46.0 dB  BER 0.00e+00  P(det)@0.05 power_one_sided 0.051 power_two_sided 0.055 kurtosis 0.041 spec_cnn 0.055  (1s)
    JSR  -45.0 dB  BER 0.00e+00  P(det)@0.05 power_one_sided 0.045 power_two_sided 0.041 kurtosis 0.045 spec_cnn 0.035  (1s)
    JSR  -44.0 dB  BER 0.00e+00  P(det)@0.05 power_one_sided 0.059 power_two_sided 0.049 kurtosis 0.061 spec_cnn 0.055  (2s)
    JSR  -43.0 dB  BER 0.00e+00  P(det)@0.05 power_one_sided 0.049 power_two_sided 0.061 kurtosis 0.047 spec_cnn 0.051  (2s)
    JSR  -42.0 dB  BER 0.00e+00  P(det)@0.05 power_one_sided 0.049 power_two_sided 0.049 kurtosis 0.049 spec_cnn 0.059  (2s)
    JSR  -41.0 dB  BER 0.00e+00  P(det)@0.05 power_one_sided 0.051 power_two_sided 0.055 kurtosis 0.064 spec_cnn 0.088  (2s)
    JSR  -40.0 dB  BER 0.00e+00  P(det)@0.05 power_one_sided 0.070 power_two_sided 0.061 kurtosis 0.039 spec_cnn 0.053  (3s)
    JSR  -39.0 dB  BER 0.00e+00  P(det)@0.05 power_one_sided 0.049 power_two_sided 0.047 kurtosis 0.043 spec_cnn 0.055  (3s)
    JSR  -38.0 dB  BER 0.00e+00  P(det)@0.05 power_one_sided 0.088 power_two_sided 0.080 kurtosis 0.031 spec_cnn 0.064  (3s)
    JSR  -37.0 dB  BER 0.00e+00  P(det)@0.05 power_one_sided 0.051 power_two_sided 0.072 kurtosis 0.051 spec_cnn 0.068  (3s)
    JSR  -36.0 dB  BER 0.00e+00  P(det)@0.05 power_one_sided 0.084 power_two_sided 0.090 kurtosis 0.039 spec_cnn 0.045  (4s)
    JSR  -35.0 dB  BER 0.00e+00  P(det)@0.05 power_one_sided 0.088 power_two_sided 0.066 kurtosis 0.045 spec_cnn 0.072  (4s)
    JSR  -34.0 dB  BER 0.00e+00  P(det)@0.05 power_one_sided 0.100 power_two_sided 0.113 kurtosis 0.049 spec_cnn 0.049  (4s)
    JSR  -33.0 dB  BER 0.00e+00  P(det)@0.05 power_one_sided 0.100 power_two_sided 0.105 kurtosis 0.047 spec_cnn 0.068  (4s)
    JSR  -32.0 dB  BER 0.00e+00  P(det)@0.05 power_one_sided 0.105 power_two_sided 0.113 kurtosis 0.033 spec_cnn 0.072  (4s)
    JSR  -31.0 dB  BER 0.00e+00  P(det)@0.05 power_one_sided 0.135 power_two_sided 0.121 kurtosis 0.057 spec_cnn 0.084  (5s)
    JSR  -30.0 dB  BER 0.00e+00  P(det)@0.05 power_one_sided 0.131 power_two_sided 0.133 kurtosis 0.047 spec_cnn 0.088  (5s)
    JSR  -29.0 dB  BER 0.00e+00  P(det)@0.05 power_one_sided 0.152 power_two_sided 0.152 kurtosis 0.031 spec_cnn 0.117  (5s)
    JSR  -28.0 dB  BER 0.00e+00  P(det)@0.05 power_one_sided 0.215 power_two_sided 0.207 kurtosis 0.066 spec_cnn 0.102  (5s)
    JSR  -27.0 dB  BER 0.00e+00  P(det)@0.05 power_one_sided 0.256 power_two_sided 0.258 kurtosis 0.041 spec_cnn 0.100  (6s)
    JSR  -26.0 dB  BER 0.00e+00  P(det)@0.05 power_one_sided 0.283 power_two_sided 0.281 kurtosis 0.045 spec_cnn 0.164  (6s)
    JSR  -25.0 dB  BER 0.00e+00  P(det)@0.05 power_one_sided 0.354 power_two_sided 0.379 kurtosis 0.041 spec_cnn 0.152  (6s)
    JSR  -24.0 dB  BER 0.00e+00  P(det)@0.05 power_one_sided 0.354 power_two_sided 0.371 kurtosis 0.053 spec_cnn 0.162  (6s)
    JSR  -23.0 dB  BER 0.00e+00  P(det)@0.05 power_one_sided 0.439 power_two_sided 0.428 kurtosis 0.072 spec_cnn 0.215  (7s)
    JSR  -22.0 dB  BER 0.00e+00  P(det)@0.05 power_one_sided 0.518 power_two_sided 0.529 kurtosis 0.064 spec_cnn 0.260  (7s)
    JSR  -21.0 dB  BER 0.00e+00  P(det)@0.05 power_one_sided 0.561 power_two_sided 0.578 kurtosis 0.076 spec_cnn 0.312  (7s)
    JSR  -20.0 dB  BER 0.00e+00  P(det)@0.05 power_one_sided 0.656 power_two_sided 0.689 kurtosis 0.074 spec_cnn 0.326  (7s)
    JSR  -19.0 dB  BER 0.00e+00  P(det)@0.05 power_one_sided 0.668 power_two_sided 0.676 kurtosis 0.109 spec_cnn 0.383  (8s)
    JSR  -18.0 dB  BER 0.00e+00  P(det)@0.05 power_one_sided 0.721 power_two_sided 0.734 kurtosis 0.162 spec_cnn 0.473  (8s)
    JSR  -17.0 dB  BER 0.00e+00  P(det)@0.05 power_one_sided 0.822 power_two_sided 0.828 kurtosis 0.262 spec_cnn 0.473  (8s)
    JSR  -16.0 dB  BER 0.00e+00  P(det)@0.05 power_one_sided 0.873 power_two_sided 0.877 kurtosis 0.365 spec_cnn 0.514  (8s)
    JSR  -15.0 dB  BER 0.00e+00  P(det)@0.05 power_one_sided 0.922 power_two_sided 0.938 kurtosis 0.453 spec_cnn 0.586  (9s)
    JSR  -14.0 dB  BER 0.00e+00  P(det)@0.05 power_one_sided 0.934 power_two_sided 0.941 kurtosis 0.646 spec_cnn 0.615  (9s)
    JSR  -13.0 dB  BER 0.00e+00  P(det)@0.05 power_one_sided 0.953 power_two_sided 0.959 kurtosis 0.797 spec_cnn 0.656  (9s)
    JSR  -12.0 dB  BER 0.00e+00  P(det)@0.05 power_one_sided 0.975 power_two_sided 0.982 kurtosis 0.918 spec_cnn 0.674  (9s)
    JSR  -11.0 dB  BER 0.00e+00  P(det)@0.05 power_one_sided 0.992 power_two_sided 0.994 kurtosis 0.973 spec_cnn 0.678  (9s)
    JSR  -10.0 dB  BER 1.53e-05  P(det)@0.05 power_one_sided 1.000 power_two_sided 1.000 kurtosis 0.994 spec_cnn 0.750  (10s)
    JSR   -9.0 dB  BER 2.14e-04  P(det)@0.05 power_one_sided 0.998 power_two_sided 0.998 kurtosis 1.000 spec_cnn 0.762  (10s)
    JSR   -8.0 dB  BER 1.44e-03  P(det)@0.05 power_one_sided 0.998 power_two_sided 0.998 kurtosis 1.000 spec_cnn 0.811  (10s)
    JSR   -7.0 dB  BER 5.25e-03  P(det)@0.05 power_one_sided 1.000 power_two_sided 1.000 kurtosis 1.000 spec_cnn 0.854  (10s)
    JSR   -6.0 dB  BER 1.70e-02  P(det)@0.05 power_one_sided 1.000 power_two_sided 1.000 kurtosis 1.000 spec_cnn 0.885  (11s)
    JSR   -5.0 dB  BER 4.42e-02  P(det)@0.05 power_one_sided 1.000 power_two_sided 1.000 kurtosis 1.000 spec_cnn 0.926  (11s)
    JSR   -4.0 dB  BER 7.19e-02  P(det)@0.05 power_one_sided 1.000 power_two_sided 1.000 kurtosis 1.000 spec_cnn 0.949  (11s)
    JSR   -3.0 dB  BER 9.32e-02  P(det)@0.05 power_one_sided 1.000 power_two_sided 1.000 kurtosis 1.000 spec_cnn 0.982  (11s)
    JSR   -2.0 dB  BER 1.16e-01  P(det)@0.05 power_one_sided 1.000 power_two_sided 1.000 kurtosis 1.000 spec_cnn 0.988  (12s)
    JSR   -1.0 dB  BER 1.35e-01  P(det)@0.05 power_one_sided 1.000 power_two_sided 1.000 kurtosis 1.000 spec_cnn 0.998  (12s)
    JSR   +0.0 dB  BER 1.53e-01  P(det)@0.05 power_one_sided 1.000 power_two_sided 1.000 kurtosis 1.000 spec_cnn 1.000  (12s)
    JSR   +1.0 dB  BER 1.70e-01  P(det)@0.05 power_one_sided 1.000 power_two_sided 1.000 kurtosis 1.000 spec_cnn 1.000  (12s)
    JSR   +2.0 dB  BER 1.86e-01  P(det)@0.05 power_one_sided 1.000 power_two_sided 1.000 kurtosis 1.000 spec_cnn 1.000  (13s)
    JSR   +3.0 dB  BER 2.01e-01  P(det)@0.05 power_one_sided 1.000 power_two_sided 1.000 kurtosis 1.000 spec_cnn 1.000  (13s)
    JSR   +4.0 dB  BER 2.14e-01  P(det)@0.05 power_one_sided 1.000 power_two_sided 1.000 kurtosis 1.000 spec_cnn 1.000  (13s)
    JSR   +5.0 dB  BER 2.29e-01  P(det)@0.05 power_one_sided 1.000 power_two_sided 1.000 kurtosis 1.000 spec_cnn 1.000  (13s)
    JSR   +6.0 dB  BER 2.42e-01  P(det)@0.05 power_one_sided 1.000 power_two_sided 1.000 kurtosis 1.000 spec_cnn 1.000  (14s)
    JSR   +7.0 dB  BER 2.47e-01  P(det)@0.05 power_one_sided 1.000 power_two_sided 1.000 kurtosis 1.000 spec_cnn 1.000  (14s)
    JSR   +8.0 dB  BER 2.65e-01  P(det)@0.05 power_one_sided 1.000 power_two_sided 1.000 kurtosis 1.000 spec_cnn 1.000  (14s)
    JSR   +9.0 dB  BER 2.72e-01  P(det)@0.05 power_one_sided 1.000 power_two_sided 1.000 kurtosis 1.000 spec_cnn 1.000  (14s)
    JSR  +10.0 dB  BER 2.90e-01  P(det)@0.05 power_one_sided 1.000 power_two_sided 1.000 kurtosis 1.000 spec_cnn 1.000  (15s)
    JSR  +11.0 dB  BER 3.01e-01  P(det)@0.05 power_one_sided 1.000 power_two_sided 1.000 kurtosis 1.000 spec_cnn 1.000  (15s)
    JSR  +12.0 dB  BER 3.10e-01  P(det)@0.05 power_one_sided 1.000 power_two_sided 1.000 kurtosis 1.000 spec_cnn 1.000  (15s)
    JSR  +13.0 dB  BER 3.19e-01  P(det)@0.05 power_one_sided 1.000 power_two_sided 1.000 kurtosis 1.000 spec_cnn 1.000  (15s)
    JSR  +14.0 dB  BER 3.34e-01  P(det)@0.05 power_one_sided 1.000 power_two_sided 1.000 kurtosis 1.000 spec_cnn 1.000  (16s)
    JSR  +15.0 dB  BER 3.42e-01  P(det)@0.05 power_one_sided 1.000 power_two_sided 1.000 kurtosis 1.000 spec_cnn 1.000  (16s)
  [snr_20] pulsed_p0.5 confirmed: {"power_one_sided": {"0.01": {"index": 1, "sweep_ber": 0.0, "sweep_pdet": 0.009765625, "confirmed_ber": 0.0, "confirmed_ser": 0.0, "confirmed_pdet": 0.009521484375, "passed": true}, "0.05": {"index": 0, "sweep_ber": 0.0, "sweep_pdet": 0.044921875, "confirmed_ber": 0.0, "confirmed_ser": 0.0, "confirmed_pdet": 0.054931640625, "passed": true}}, "power_two_sided": {"0.01": {"index": 0, "sweep_ber": 0.0, "sweep_pdet": 0.013671875, "confirmed_ber": 0.0, "confirmed_ser": 0.0, "confirmed_pdet": 0.0087890625, "passed": true}, "0.05": {"index": 0, "sweep_ber": 0.0, "sweep_pdet": 0.0546875, "confirmed_ber": 0.0, "confirmed_ser": 0.0, "confirmed_pdet": 0.05419921875, "passed": true}}, "kurtosis": {"0.01": {"index": 0, "sweep_ber": 0.0, "sweep_pdet": 0.01171875, "confirmed_ber": 0.0, "confirmed_ser": 0.0, "confirmed_pdet": 0.00927734375, "passed": true}, "0.05": {"index": 0, "sweep_ber": 0.0, "sweep_pdet": 0.04296875, "confirmed_ber": 0.0, "confirmed_ser": 0.0, "confirmed_pdet": 0.04248046875, "passed": true}}, "spec_cnn": {"0.01": {"index": 0, "sweep_ber": 0.0, "sweep_pdet": 0.009765625, "confirmed_ber": 0.0, "confirmed_ser": 0.0, "confirmed_pdet": 0.009765625, "passed": true}, "0.05": {"index": 0, "sweep_ber": 0.0, "sweep_pdet": 0.052734375, "confirmed_ber": 0.0, "confirmed_ser": 0.0, "confirmed_pdet": 0.049560546875, "passed": true}}}  (94s)
  [snr_20] classical pulsed_p0.25
    JSR  -50.0 dB  BER 0.00e+00  P(det)@0.05 power_one_sided 0.061 power_two_sided 0.059 kurtosis 0.039 spec_cnn 0.057  (0s)
    JSR  -49.0 dB  BER 0.00e+00  P(det)@0.05 power_one_sided 0.051 power_two_sided 0.039 kurtosis 0.047 spec_cnn 0.066  (1s)
    JSR  -48.0 dB  BER 0.00e+00  P(det)@0.05 power_one_sided 0.037 power_two_sided 0.029 kurtosis 0.049 spec_cnn 0.057  (1s)
    JSR  -47.0 dB  BER 0.00e+00  P(det)@0.05 power_one_sided 0.072 power_two_sided 0.055 kurtosis 0.047 spec_cnn 0.062  (1s)
    JSR  -46.0 dB  BER 0.00e+00  P(det)@0.05 power_one_sided 0.070 power_two_sided 0.062 kurtosis 0.066 spec_cnn 0.031  (1s)
    JSR  -45.0 dB  BER 0.00e+00  P(det)@0.05 power_one_sided 0.055 power_two_sided 0.057 kurtosis 0.053 spec_cnn 0.047  (2s)
    JSR  -44.0 dB  BER 0.00e+00  P(det)@0.05 power_one_sided 0.041 power_two_sided 0.049 kurtosis 0.059 spec_cnn 0.047  (2s)
    JSR  -43.0 dB  BER 0.00e+00  P(det)@0.05 power_one_sided 0.061 power_two_sided 0.061 kurtosis 0.035 spec_cnn 0.049  (2s)
    JSR  -42.0 dB  BER 0.00e+00  P(det)@0.05 power_one_sided 0.055 power_two_sided 0.055 kurtosis 0.041 spec_cnn 0.051  (2s)
    JSR  -41.0 dB  BER 0.00e+00  P(det)@0.05 power_one_sided 0.064 power_two_sided 0.066 kurtosis 0.047 spec_cnn 0.072  (3s)
    JSR  -40.0 dB  BER 0.00e+00  P(det)@0.05 power_one_sided 0.043 power_two_sided 0.045 kurtosis 0.061 spec_cnn 0.051  (3s)
    JSR  -39.0 dB  BER 0.00e+00  P(det)@0.05 power_one_sided 0.061 power_two_sided 0.078 kurtosis 0.064 spec_cnn 0.064  (3s)
    JSR  -38.0 dB  BER 0.00e+00  P(det)@0.05 power_one_sided 0.076 power_two_sided 0.064 kurtosis 0.047 spec_cnn 0.043  (4s)
    JSR  -37.0 dB  BER 0.00e+00  P(det)@0.05 power_one_sided 0.076 power_two_sided 0.064 kurtosis 0.043 spec_cnn 0.043  (4s)
    JSR  -36.0 dB  BER 0.00e+00  P(det)@0.05 power_one_sided 0.088 power_two_sided 0.078 kurtosis 0.045 spec_cnn 0.074  (4s)
    JSR  -35.0 dB  BER 0.00e+00  P(det)@0.05 power_one_sided 0.092 power_two_sided 0.080 kurtosis 0.053 spec_cnn 0.068  (4s)
    JSR  -34.0 dB  BER 0.00e+00  P(det)@0.05 power_one_sided 0.100 power_two_sided 0.098 kurtosis 0.062 spec_cnn 0.061  (5s)
    JSR  -33.0 dB  BER 0.00e+00  P(det)@0.05 power_one_sided 0.088 power_two_sided 0.088 kurtosis 0.053 spec_cnn 0.090  (5s)
    JSR  -32.0 dB  BER 0.00e+00  P(det)@0.05 power_one_sided 0.125 power_two_sided 0.137 kurtosis 0.051 spec_cnn 0.078  (5s)
    JSR  -31.0 dB  BER 0.00e+00  P(det)@0.05 power_one_sided 0.135 power_two_sided 0.143 kurtosis 0.055 spec_cnn 0.090  (5s)
    JSR  -30.0 dB  BER 0.00e+00  P(det)@0.05 power_one_sided 0.141 power_two_sided 0.121 kurtosis 0.049 spec_cnn 0.086  (6s)
    JSR  -29.0 dB  BER 0.00e+00  P(det)@0.05 power_one_sided 0.158 power_two_sided 0.178 kurtosis 0.037 spec_cnn 0.100  (6s)
    JSR  -28.0 dB  BER 0.00e+00  P(det)@0.05 power_one_sided 0.219 power_two_sided 0.227 kurtosis 0.043 spec_cnn 0.113  (6s)
    JSR  -27.0 dB  BER 0.00e+00  P(det)@0.05 power_one_sided 0.246 power_two_sided 0.256 kurtosis 0.064 spec_cnn 0.125  (7s)
    JSR  -26.0 dB  BER 0.00e+00  P(det)@0.05 power_one_sided 0.266 power_two_sided 0.271 kurtosis 0.059 spec_cnn 0.162  (7s)
    JSR  -25.0 dB  BER 0.00e+00  P(det)@0.05 power_one_sided 0.303 power_two_sided 0.311 kurtosis 0.066 spec_cnn 0.148  (7s)
    JSR  -24.0 dB  BER 0.00e+00  P(det)@0.05 power_one_sided 0.377 power_two_sided 0.373 kurtosis 0.066 spec_cnn 0.197  (7s)
    JSR  -23.0 dB  BER 0.00e+00  P(det)@0.05 power_one_sided 0.443 power_two_sided 0.443 kurtosis 0.059 spec_cnn 0.217  (8s)
    JSR  -22.0 dB  BER 0.00e+00  P(det)@0.05 power_one_sided 0.490 power_two_sided 0.502 kurtosis 0.070 spec_cnn 0.240  (8s)
    JSR  -21.0 dB  BER 0.00e+00  P(det)@0.05 power_one_sided 0.561 power_two_sided 0.604 kurtosis 0.068 spec_cnn 0.254  (8s)
    JSR  -20.0 dB  BER 0.00e+00  P(det)@0.05 power_one_sided 0.633 power_two_sided 0.670 kurtosis 0.084 spec_cnn 0.285  (9s)
    JSR  -19.0 dB  BER 0.00e+00  P(det)@0.05 power_one_sided 0.654 power_two_sided 0.684 kurtosis 0.131 spec_cnn 0.350  (9s)
    JSR  -18.0 dB  BER 0.00e+00  P(det)@0.05 power_one_sided 0.717 power_two_sided 0.758 kurtosis 0.152 spec_cnn 0.381  (9s)
    JSR  -17.0 dB  BER 0.00e+00  P(det)@0.05 power_one_sided 0.807 power_two_sided 0.803 kurtosis 0.252 spec_cnn 0.377  (9s)
    JSR  -16.0 dB  BER 0.00e+00  P(det)@0.05 power_one_sided 0.854 power_two_sided 0.871 kurtosis 0.346 spec_cnn 0.396  (10s)
    JSR  -15.0 dB  BER 0.00e+00  P(det)@0.05 power_one_sided 0.912 power_two_sided 0.904 kurtosis 0.463 spec_cnn 0.436  (10s)
    JSR  -14.0 dB  BER 0.00e+00  P(det)@0.05 power_one_sided 0.936 power_two_sided 0.939 kurtosis 0.646 spec_cnn 0.463  (10s)
    JSR  -13.0 dB  BER 7.63e-06  P(det)@0.05 power_one_sided 0.969 power_two_sided 0.963 kurtosis 0.779 spec_cnn 0.510  (11s)
    JSR  -12.0 dB  BER 6.10e-05  P(det)@0.05 power_one_sided 0.988 power_two_sided 0.988 kurtosis 0.914 spec_cnn 0.496  (11s)
    JSR  -11.0 dB  BER 3.43e-04  P(det)@0.05 power_one_sided 0.996 power_two_sided 0.994 kurtosis 0.984 spec_cnn 0.574  (11s)
    JSR  -10.0 dB  BER 1.39e-03  P(det)@0.05 power_one_sided 0.998 power_two_sided 0.996 kurtosis 0.998 spec_cnn 0.613  (11s)
    JSR   -9.0 dB  BER 7.13e-03  P(det)@0.05 power_one_sided 1.000 power_two_sided 1.000 kurtosis 1.000 spec_cnn 0.605  (12s)
    JSR   -8.0 dB  BER 1.87e-02  P(det)@0.05 power_one_sided 1.000 power_two_sided 1.000 kurtosis 1.000 spec_cnn 0.650  (12s)
    JSR   -7.0 dB  BER 3.35e-02  P(det)@0.05 power_one_sided 1.000 power_two_sided 1.000 kurtosis 1.000 spec_cnn 0.682  (12s)
    JSR   -6.0 dB  BER 4.48e-02  P(det)@0.05 power_one_sided 1.000 power_two_sided 1.000 kurtosis 1.000 spec_cnn 0.801  (13s)
    JSR   -5.0 dB  BER 5.71e-02  P(det)@0.05 power_one_sided 1.000 power_two_sided 1.000 kurtosis 1.000 spec_cnn 0.850  (13s)
    JSR   -4.0 dB  BER 6.81e-02  P(det)@0.05 power_one_sided 1.000 power_two_sided 1.000 kurtosis 1.000 spec_cnn 0.896  (13s)
    JSR   -3.0 dB  BER 7.76e-02  P(det)@0.05 power_one_sided 1.000 power_two_sided 1.000 kurtosis 1.000 spec_cnn 0.947  (13s)
    JSR   -2.0 dB  BER 8.94e-02  P(det)@0.05 power_one_sided 1.000 power_two_sided 1.000 kurtosis 1.000 spec_cnn 0.986  (14s)
    JSR   -1.0 dB  BER 9.73e-02  P(det)@0.05 power_one_sided 1.000 power_two_sided 1.000 kurtosis 1.000 spec_cnn 1.000  (14s)
    JSR   +0.0 dB  BER 1.07e-01  P(det)@0.05 power_one_sided 1.000 power_two_sided 1.000 kurtosis 1.000 spec_cnn 0.994  (14s)
    JSR   +1.0 dB  BER 1.15e-01  P(det)@0.05 power_one_sided 1.000 power_two_sided 1.000 kurtosis 1.000 spec_cnn 1.000  (15s)
    JSR   +2.0 dB  BER 1.21e-01  P(det)@0.05 power_one_sided 1.000 power_two_sided 1.000 kurtosis 1.000 spec_cnn 1.000  (15s)
    JSR   +3.0 dB  BER 1.33e-01  P(det)@0.05 power_one_sided 1.000 power_two_sided 1.000 kurtosis 1.000 spec_cnn 1.000  (15s)
    JSR   +4.0 dB  BER 1.39e-01  P(det)@0.05 power_one_sided 1.000 power_two_sided 1.000 kurtosis 1.000 spec_cnn 1.000  (15s)
    JSR   +5.0 dB  BER 1.47e-01  P(det)@0.05 power_one_sided 1.000 power_two_sided 1.000 kurtosis 1.000 spec_cnn 1.000  (16s)
    JSR   +6.0 dB  BER 1.53e-01  P(det)@0.05 power_one_sided 1.000 power_two_sided 1.000 kurtosis 1.000 spec_cnn 1.000  (16s)
    JSR   +7.0 dB  BER 1.62e-01  P(det)@0.05 power_one_sided 1.000 power_two_sided 1.000 kurtosis 1.000 spec_cnn 1.000  (16s)
    JSR   +8.0 dB  BER 1.75e-01  P(det)@0.05 power_one_sided 1.000 power_two_sided 1.000 kurtosis 1.000 spec_cnn 1.000  (17s)
    JSR   +9.0 dB  BER 1.88e-01  P(det)@0.05 power_one_sided 1.000 power_two_sided 1.000 kurtosis 1.000 spec_cnn 1.000  (17s)
    JSR  +10.0 dB  BER 1.96e-01  P(det)@0.05 power_one_sided 1.000 power_two_sided 1.000 kurtosis 1.000 spec_cnn 1.000  (17s)
    JSR  +11.0 dB  BER 2.08e-01  P(det)@0.05 power_one_sided 1.000 power_two_sided 1.000 kurtosis 1.000 spec_cnn 1.000  (17s)
    JSR  +12.0 dB  BER 2.19e-01  P(det)@0.05 power_one_sided 1.000 power_two_sided 1.000 kurtosis 1.000 spec_cnn 1.000  (18s)
    JSR  +13.0 dB  BER 2.34e-01  P(det)@0.05 power_one_sided 1.000 power_two_sided 1.000 kurtosis 1.000 spec_cnn 1.000  (18s)
    JSR  +14.0 dB  BER 2.41e-01  P(det)@0.05 power_one_sided 1.000 power_two_sided 1.000 kurtosis 1.000 spec_cnn 1.000  (18s)
    JSR  +15.0 dB  BER 2.45e-01  P(det)@0.05 power_one_sided 1.000 power_two_sided 1.000 kurtosis 1.000 spec_cnn 1.000  (19s)
  [snr_20] pulsed_p0.25 confirmed: {"power_one_sided": {"0.01": {"index": 0, "sweep_ber": 0.0, "sweep_pdet": 0.009765625, "confirmed_ber": 0.0, "confirmed_ser": 0.0, "confirmed_pdet": 0.01123046875, "passed": true}, "0.05": {"index": 0, "sweep_ber": 0.0, "sweep_pdet": 0.060546875, "confirmed_ber": 0.0, "confirmed_ser": 0.0, "confirmed_pdet": 0.0537109375, "passed": true}}, "power_two_sided": {"0.01": {"index": 0, "sweep_ber": 0.0, "sweep_pdet": 0.009765625, "confirmed_ber": 0.0, "confirmed_ser": 0.0, "confirmed_pdet": 0.008544921875, "passed": true}, "0.05": {"index": 0, "sweep_ber": 0.0, "sweep_pdet": 0.05859375, "confirmed_ber": 0.0, "confirmed_ser": 0.0, "confirmed_pdet": 0.05078125, "passed": true}}, "kurtosis": {"0.01": {"index": 0, "sweep_ber": 0.0, "sweep_pdet": 0.005859375, "confirmed_ber": 0.0, "confirmed_ser": 0.0, "confirmed_pdet": 0.00927734375, "passed": true}, "0.05": {"index": 0, "sweep_ber": 0.0, "sweep_pdet": 0.0390625, "confirmed_ber": 0.0, "confirmed_ser": 0.0, "confirmed_pdet": 0.052490234375, "passed": true}}, "spec_cnn": {"0.01": {"index": 0, "sweep_ber": 0.0, "sweep_pdet": 0.017578125, "confirmed_ber": 0.0, "confirmed_ser": 0.0, "confirmed_pdet": 0.0107421875, "passed": true}, "0.05": {"index": 0, "sweep_ber": 0.0, "sweep_pdet": 0.056640625, "confirmed_ber": 0.0, "confirmed_ser": 0.0, "confirmed_pdet": 0.053466796875, "passed": true}}}  (132s)
  [snr_20] classical pulsed_p0.1
    JSR  -50.0 dB  BER 0.00e+00  P(det)@0.05 power_one_sided 0.068 power_two_sided 0.066 kurtosis 0.039 spec_cnn 0.055  (0s)
    JSR  -49.0 dB  BER 0.00e+00  P(det)@0.05 power_one_sided 0.043 power_two_sided 0.057 kurtosis 0.053 spec_cnn 0.039  (1s)
    JSR  -48.0 dB  BER 0.00e+00  P(det)@0.05 power_one_sided 0.051 power_two_sided 0.061 kurtosis 0.049 spec_cnn 0.045  (1s)
    JSR  -47.0 dB  BER 0.00e+00  P(det)@0.05 power_one_sided 0.066 power_two_sided 0.072 kurtosis 0.047 spec_cnn 0.068  (1s)
    JSR  -46.0 dB  BER 0.00e+00  P(det)@0.05 power_one_sided 0.061 power_two_sided 0.061 kurtosis 0.047 spec_cnn 0.053  (2s)
    JSR  -45.0 dB  BER 0.00e+00  P(det)@0.05 power_one_sided 0.051 power_two_sided 0.053 kurtosis 0.045 spec_cnn 0.041  (2s)
    JSR  -44.0 dB  BER 0.00e+00  P(det)@0.05 power_one_sided 0.051 power_two_sided 0.074 kurtosis 0.037 spec_cnn 0.053  (2s)
    JSR  -43.0 dB  BER 0.00e+00  P(det)@0.05 power_one_sided 0.062 power_two_sided 0.053 kurtosis 0.057 spec_cnn 0.059  (3s)
    JSR  -42.0 dB  BER 0.00e+00  P(det)@0.05 power_one_sided 0.070 power_two_sided 0.055 kurtosis 0.049 spec_cnn 0.041  (3s)
    JSR  -41.0 dB  BER 0.00e+00  P(det)@0.05 power_one_sided 0.059 power_two_sided 0.051 kurtosis 0.059 spec_cnn 0.057  (3s)
    JSR  -40.0 dB  BER 0.00e+00  P(det)@0.05 power_one_sided 0.068 power_two_sided 0.062 kurtosis 0.047 spec_cnn 0.072  (3s)
    JSR  -39.0 dB  BER 0.00e+00  P(det)@0.05 power_one_sided 0.062 power_two_sided 0.051 kurtosis 0.053 spec_cnn 0.068  (4s)
    JSR  -38.0 dB  BER 0.00e+00  P(det)@0.05 power_one_sided 0.055 power_two_sided 0.070 kurtosis 0.043 spec_cnn 0.045  (4s)
    JSR  -37.0 dB  BER 0.00e+00  P(det)@0.05 power_one_sided 0.068 power_two_sided 0.070 kurtosis 0.027 spec_cnn 0.051  (4s)
    JSR  -36.0 dB  BER 0.00e+00  P(det)@0.05 power_one_sided 0.078 power_two_sided 0.080 kurtosis 0.051 spec_cnn 0.064  (5s)
    JSR  -35.0 dB  BER 0.00e+00  P(det)@0.05 power_one_sided 0.109 power_two_sided 0.092 kurtosis 0.035 spec_cnn 0.057  (5s)
    JSR  -34.0 dB  BER 0.00e+00  P(det)@0.05 power_one_sided 0.082 power_two_sided 0.082 kurtosis 0.047 spec_cnn 0.064  (5s)
    JSR  -33.0 dB  BER 0.00e+00  P(det)@0.05 power_one_sided 0.133 power_two_sided 0.111 kurtosis 0.037 spec_cnn 0.062  (6s)
    JSR  -32.0 dB  BER 0.00e+00  P(det)@0.05 power_one_sided 0.129 power_two_sided 0.111 kurtosis 0.041 spec_cnn 0.090  (6s)
    JSR  -31.0 dB  BER 0.00e+00  P(det)@0.05 power_one_sided 0.127 power_two_sided 0.121 kurtosis 0.059 spec_cnn 0.096  (6s)
    JSR  -30.0 dB  BER 0.00e+00  P(det)@0.05 power_one_sided 0.139 power_two_sided 0.131 kurtosis 0.049 spec_cnn 0.109  (6s)
    JSR  -29.0 dB  BER 0.00e+00  P(det)@0.05 power_one_sided 0.158 power_two_sided 0.172 kurtosis 0.051 spec_cnn 0.102  (7s)
    JSR  -28.0 dB  BER 0.00e+00  P(det)@0.05 power_one_sided 0.236 power_two_sided 0.238 kurtosis 0.033 spec_cnn 0.115  (7s)
    JSR  -27.0 dB  BER 0.00e+00  P(det)@0.05 power_one_sided 0.244 power_two_sided 0.252 kurtosis 0.049 spec_cnn 0.096  (7s)
    JSR  -26.0 dB  BER 0.00e+00  P(det)@0.05 power_one_sided 0.293 power_two_sided 0.301 kurtosis 0.053 spec_cnn 0.139  (8s)
    JSR  -25.0 dB  BER 0.00e+00  P(det)@0.05 power_one_sided 0.328 power_two_sided 0.322 kurtosis 0.057 spec_cnn 0.172  (8s)
    JSR  -24.0 dB  BER 0.00e+00  P(det)@0.05 power_one_sided 0.383 power_two_sided 0.389 kurtosis 0.057 spec_cnn 0.176  (8s)
    JSR  -23.0 dB  BER 0.00e+00  P(det)@0.05 power_one_sided 0.471 power_two_sided 0.463 kurtosis 0.049 spec_cnn 0.172  (9s)
    JSR  -22.0 dB  BER 0.00e+00  P(det)@0.05 power_one_sided 0.510 power_two_sided 0.510 kurtosis 0.066 spec_cnn 0.193  (9s)
    JSR  -21.0 dB  BER 0.00e+00  P(det)@0.05 power_one_sided 0.609 power_two_sided 0.584 kurtosis 0.098 spec_cnn 0.199  (9s)
    JSR  -20.0 dB  BER 0.00e+00  P(det)@0.05 power_one_sided 0.613 power_two_sided 0.650 kurtosis 0.117 spec_cnn 0.211  (10s)
    JSR  -19.0 dB  BER 0.00e+00  P(det)@0.05 power_one_sided 0.686 power_two_sided 0.697 kurtosis 0.129 spec_cnn 0.240  (10s)
    JSR  -18.0 dB  BER 0.00e+00  P(det)@0.05 power_one_sided 0.738 power_two_sided 0.752 kurtosis 0.174 spec_cnn 0.242  (10s)
    JSR  -17.0 dB  BER 2.29e-05  P(det)@0.05 power_one_sided 0.809 power_two_sided 0.814 kurtosis 0.293 spec_cnn 0.209  (11s)
    JSR  -16.0 dB  BER 3.81e-05  P(det)@0.05 power_one_sided 0.891 power_two_sided 0.912 kurtosis 0.391 spec_cnn 0.256  (11s)
    JSR  -15.0 dB  BER 3.66e-04  P(det)@0.05 power_one_sided 0.896 power_two_sided 0.898 kurtosis 0.594 spec_cnn 0.246  (11s)
    JSR  -14.0 dB  BER 9.31e-04  P(det)@0.05 power_one_sided 0.926 power_two_sided 0.930 kurtosis 0.727 spec_cnn 0.295  (11s)
    JSR  -13.0 dB  BER 3.20e-03  P(det)@0.05 power_one_sided 0.955 power_two_sided 0.957 kurtosis 0.852 spec_cnn 0.264  (12s)
    JSR  -12.0 dB  BER 6.61e-03  P(det)@0.05 power_one_sided 0.977 power_two_sided 0.986 kurtosis 0.949 spec_cnn 0.299  (12s)
    JSR  -11.0 dB  BER 1.22e-02  P(det)@0.05 power_one_sided 0.994 power_two_sided 0.996 kurtosis 0.979 spec_cnn 0.352  (12s)
    JSR  -10.0 dB  BER 1.68e-02  P(det)@0.05 power_one_sided 0.996 power_two_sided 0.998 kurtosis 0.996 spec_cnn 0.344  (13s)
    JSR   -9.0 dB  BER 2.16e-02  P(det)@0.05 power_one_sided 1.000 power_two_sided 1.000 kurtosis 0.998 spec_cnn 0.424  (13s)
    JSR   -8.0 dB  BER 2.66e-02  P(det)@0.05 power_one_sided 1.000 power_two_sided 1.000 kurtosis 1.000 spec_cnn 0.480  (13s)
    JSR   -7.0 dB  BER 3.27e-02  P(det)@0.05 power_one_sided 0.998 power_two_sided 0.998 kurtosis 1.000 spec_cnn 0.570  (14s)
    JSR   -6.0 dB  BER 3.56e-02  P(det)@0.05 power_one_sided 1.000 power_two_sided 1.000 kurtosis 1.000 spec_cnn 0.656  (14s)
    JSR   -5.0 dB  BER 3.92e-02  P(det)@0.05 power_one_sided 1.000 power_two_sided 1.000 kurtosis 1.000 spec_cnn 0.760  (14s)
    JSR   -4.0 dB  BER 4.30e-02  P(det)@0.05 power_one_sided 1.000 power_two_sided 1.000 kurtosis 1.000 spec_cnn 0.871  (15s)
    JSR   -3.0 dB  BER 4.73e-02  P(det)@0.05 power_one_sided 1.000 power_two_sided 1.000 kurtosis 1.000 spec_cnn 0.922  (15s)
    JSR   -2.0 dB  BER 4.94e-02  P(det)@0.05 power_one_sided 1.000 power_two_sided 1.000 kurtosis 1.000 spec_cnn 0.988  (15s)
    JSR   -1.0 dB  BER 5.38e-02  P(det)@0.05 power_one_sided 1.000 power_two_sided 1.000 kurtosis 1.000 spec_cnn 0.996  (15s)
    JSR   +0.0 dB  BER 5.74e-02  P(det)@0.05 power_one_sided 1.000 power_two_sided 1.000 kurtosis 1.000 spec_cnn 1.000  (16s)
    JSR   +1.0 dB  BER 6.16e-02  P(det)@0.05 power_one_sided 1.000 power_two_sided 1.000 kurtosis 1.000 spec_cnn 1.000  (16s)
    JSR   +2.0 dB  BER 6.42e-02  P(det)@0.05 power_one_sided 1.000 power_two_sided 1.000 kurtosis 1.000 spec_cnn 1.000  (16s)
    JSR   +3.0 dB  BER 6.93e-02  P(det)@0.05 power_one_sided 1.000 power_two_sided 1.000 kurtosis 1.000 spec_cnn 1.000  (17s)
    JSR   +4.0 dB  BER 7.36e-02  P(det)@0.05 power_one_sided 1.000 power_two_sided 1.000 kurtosis 1.000 spec_cnn 1.000  (17s)
    JSR   +5.0 dB  BER 8.51e-02  P(det)@0.05 power_one_sided 1.000 power_two_sided 1.000 kurtosis 1.000 spec_cnn 1.000  (17s)
    JSR   +6.0 dB  BER 8.99e-02  P(det)@0.05 power_one_sided 1.000 power_two_sided 1.000 kurtosis 1.000 spec_cnn 1.000  (18s)
    JSR   +7.0 dB  BER 9.45e-02  P(det)@0.05 power_one_sided 1.000 power_two_sided 1.000 kurtosis 1.000 spec_cnn 1.000  (18s)
    JSR   +8.0 dB  BER 1.04e-01  P(det)@0.05 power_one_sided 1.000 power_two_sided 1.000 kurtosis 1.000 spec_cnn 1.000  (18s)
    JSR   +9.0 dB  BER 1.06e-01  P(det)@0.05 power_one_sided 1.000 power_two_sided 1.000 kurtosis 1.000 spec_cnn 1.000  (19s)
    JSR  +10.0 dB  BER 1.08e-01  P(det)@0.05 power_one_sided 1.000 power_two_sided 1.000 kurtosis 1.000 spec_cnn 1.000  (19s)
    JSR  +11.0 dB  BER 1.15e-01  P(det)@0.05 power_one_sided 1.000 power_two_sided 1.000 kurtosis 1.000 spec_cnn 1.000  (19s)
    JSR  +12.0 dB  BER 1.26e-01  P(det)@0.05 power_one_sided 1.000 power_two_sided 1.000 kurtosis 1.000 spec_cnn 1.000  (20s)
    JSR  +13.0 dB  BER 1.31e-01  P(det)@0.05 power_one_sided 1.000 power_two_sided 1.000 kurtosis 1.000 spec_cnn 1.000  (20s)
    JSR  +14.0 dB  BER 1.38e-01  P(det)@0.05 power_one_sided 1.000 power_two_sided 1.000 kurtosis 1.000 spec_cnn 1.000  (20s)
    JSR  +15.0 dB  BER 1.49e-01  P(det)@0.05 power_one_sided 1.000 power_two_sided 1.000 kurtosis 1.000 spec_cnn 1.000  (21s)
  [snr_20] pulsed_p0.1 confirmed: {"power_one_sided": {"0.01": {"index": 0, "sweep_ber": 0.0, "sweep_pdet": 0.01171875, "confirmed_ber": 0.0, "confirmed_ser": 0.0, "confirmed_pdet": 0.01123046875, "passed": true}, "0.05": {"index": 0, "sweep_ber": 0.0, "sweep_pdet": 0.068359375, "confirmed_ber": 0.0, "confirmed_ser": 0.0, "confirmed_pdet": 0.05224609375, "passed": true}}, "power_two_sided": {"0.01": {"index": 0, "sweep_ber": 0.0, "sweep_pdet": 0.009765625, "confirmed_ber": 0.0, "confirmed_ser": 0.0, "confirmed_pdet": 0.007080078125, "passed": true}, "0.05": {"index": 0, "sweep_ber": 0.0, "sweep_pdet": 0.06640625, "confirmed_ber": 0.0, "confirmed_ser": 0.0, "confirmed_pdet": 0.0517578125, "passed": true}}, "kurtosis": {"0.01": {"index": 0, "sweep_ber": 0.0, "sweep_pdet": 0.005859375, "confirmed_ber": 0.0, "confirmed_ser": 0.0, "confirmed_pdet": 0.00830078125, "passed": true}, "0.05": {"index": 0, "sweep_ber": 0.0, "sweep_pdet": 0.0390625, "confirmed_ber": 0.0, "confirmed_ser": 0.0, "confirmed_pdet": 0.047607421875, "passed": true}}, "spec_cnn": {"0.01": {"index": 0, "sweep_ber": 0.0, "sweep_pdet": 0.01171875, "confirmed_ber": 0.0, "confirmed_ser": 0.0, "confirmed_pdet": 0.006591796875, "passed": true}, "0.05": {"index": 0, "sweep_ber": 0.0, "sweep_pdet": 0.0546875, "confirmed_ber": 0.0, "confirmed_ser": 0.0, "confirmed_pdet": 0.05126953125, "passed": true}}}  (173s)
  [snr_20] classical omniscient_e0.1
    JSR  -50.0 dB  BER 0.00e+00  P(det)@0.05 power_one_sided 0.045 power_two_sided 0.059 kurtosis 0.059 spec_cnn 0.064  (0s)
    JSR  -49.0 dB  BER 0.00e+00  P(det)@0.05 power_one_sided 0.053 power_two_sided 0.059 kurtosis 0.047 spec_cnn 0.037  (1s)
    JSR  -48.0 dB  BER 0.00e+00  P(det)@0.05 power_one_sided 0.049 power_two_sided 0.070 kurtosis 0.043 spec_cnn 0.049  (1s)
    JSR  -47.0 dB  BER 0.00e+00  P(det)@0.05 power_one_sided 0.043 power_two_sided 0.049 kurtosis 0.057 spec_cnn 0.062  (1s)
    JSR  -46.0 dB  BER 0.00e+00  P(det)@0.05 power_one_sided 0.059 power_two_sided 0.062 kurtosis 0.053 spec_cnn 0.053  (2s)
    JSR  -45.0 dB  BER 0.00e+00  P(det)@0.05 power_one_sided 0.051 power_two_sided 0.047 kurtosis 0.047 spec_cnn 0.064  (2s)
    JSR  -44.0 dB  BER 0.00e+00  P(det)@0.05 power_one_sided 0.064 power_two_sided 0.057 kurtosis 0.043 spec_cnn 0.064  (2s)
    JSR  -43.0 dB  BER 0.00e+00  P(det)@0.05 power_one_sided 0.053 power_two_sided 0.049 kurtosis 0.043 spec_cnn 0.045  (3s)
    JSR  -42.0 dB  BER 0.00e+00  P(det)@0.05 power_one_sided 0.049 power_two_sided 0.049 kurtosis 0.062 spec_cnn 0.064  (3s)
    JSR  -41.0 dB  BER 0.00e+00  P(det)@0.05 power_one_sided 0.070 power_two_sided 0.072 kurtosis 0.074 spec_cnn 0.045  (3s)
    JSR  -40.0 dB  BER 0.00e+00  P(det)@0.05 power_one_sided 0.051 power_two_sided 0.043 kurtosis 0.051 spec_cnn 0.033  (3s)
    JSR  -39.0 dB  BER 0.00e+00  P(det)@0.05 power_one_sided 0.064 power_two_sided 0.064 kurtosis 0.037 spec_cnn 0.053  (4s)
    JSR  -38.0 dB  BER 0.00e+00  P(det)@0.05 power_one_sided 0.070 power_two_sided 0.064 kurtosis 0.055 spec_cnn 0.061  (4s)
    JSR  -37.0 dB  BER 0.00e+00  P(det)@0.05 power_one_sided 0.037 power_two_sided 0.033 kurtosis 0.055 spec_cnn 0.051  (4s)
    JSR  -36.0 dB  BER 0.00e+00  P(det)@0.05 power_one_sided 0.037 power_two_sided 0.043 kurtosis 0.049 spec_cnn 0.062  (5s)
    JSR  -35.0 dB  BER 0.00e+00  P(det)@0.05 power_one_sided 0.039 power_two_sided 0.047 kurtosis 0.039 spec_cnn 0.055  (5s)
    JSR  -34.0 dB  BER 0.00e+00  P(det)@0.05 power_one_sided 0.041 power_two_sided 0.053 kurtosis 0.037 spec_cnn 0.059  (5s)
    JSR  -33.0 dB  BER 0.00e+00  P(det)@0.05 power_one_sided 0.055 power_two_sided 0.059 kurtosis 0.049 spec_cnn 0.057  (6s)
    JSR  -32.0 dB  BER 0.00e+00  P(det)@0.05 power_one_sided 0.057 power_two_sided 0.055 kurtosis 0.043 spec_cnn 0.020  (6s)
    JSR  -31.0 dB  BER 0.00e+00  P(det)@0.05 power_one_sided 0.051 power_two_sided 0.076 kurtosis 0.025 spec_cnn 0.061  (6s)
    JSR  -30.0 dB  BER 0.00e+00  P(det)@0.05 power_one_sided 0.059 power_two_sided 0.062 kurtosis 0.057 spec_cnn 0.047  (7s)
    JSR  -29.0 dB  BER 0.00e+00  P(det)@0.05 power_one_sided 0.041 power_two_sided 0.043 kurtosis 0.057 spec_cnn 0.066  (7s)
    JSR  -28.0 dB  BER 0.00e+00  P(det)@0.05 power_one_sided 0.061 power_two_sided 0.062 kurtosis 0.049 spec_cnn 0.061  (7s)
    JSR  -27.0 dB  BER 0.00e+00  P(det)@0.05 power_one_sided 0.031 power_two_sided 0.045 kurtosis 0.051 spec_cnn 0.066  (8s)
    JSR  -26.0 dB  BER 0.00e+00  P(det)@0.05 power_one_sided 0.039 power_two_sided 0.053 kurtosis 0.053 spec_cnn 0.062  (8s)
    JSR  -25.0 dB  BER 0.00e+00  P(det)@0.05 power_one_sided 0.070 power_two_sided 0.059 kurtosis 0.035 spec_cnn 0.051  (8s)
    JSR  -24.0 dB  BER 0.00e+00  P(det)@0.05 power_one_sided 0.047 power_two_sided 0.053 kurtosis 0.047 spec_cnn 0.049  (9s)
    JSR  -23.0 dB  BER 0.00e+00  P(det)@0.05 power_one_sided 0.059 power_two_sided 0.045 kurtosis 0.059 spec_cnn 0.061  (9s)
    JSR  -22.0 dB  BER 0.00e+00  P(det)@0.05 power_one_sided 0.043 power_two_sided 0.051 kurtosis 0.068 spec_cnn 0.053  (9s)
    JSR  -21.0 dB  BER 0.00e+00  P(det)@0.05 power_one_sided 0.043 power_two_sided 0.041 kurtosis 0.062 spec_cnn 0.070  (10s)
    JSR  -20.0 dB  BER 7.79e-03  P(det)@0.05 power_one_sided 0.000 power_two_sided 0.383 kurtosis 0.045 spec_cnn 0.055  (10s)
    JSR  -19.0 dB  BER 7.80e-03  P(det)@0.05 power_one_sided 0.002 power_two_sided 0.396 kurtosis 0.064 spec_cnn 0.066  (10s)
    JSR  -18.0 dB  BER 7.79e-03  P(det)@0.05 power_one_sided 0.000 power_two_sided 0.396 kurtosis 0.051 spec_cnn 0.061  (11s)
    JSR  -17.0 dB  BER 1.56e-02  P(det)@0.05 power_one_sided 0.000 power_two_sided 0.941 kurtosis 0.090 spec_cnn 0.053  (11s)
    JSR  -16.0 dB  BER 1.56e-02  P(det)@0.05 power_one_sided 0.000 power_two_sided 0.939 kurtosis 0.088 spec_cnn 0.074  (11s)
    JSR  -15.0 dB  BER 2.34e-02  P(det)@0.05 power_one_sided 0.000 power_two_sided 1.000 kurtosis 0.178 spec_cnn 0.066  (12s)
    JSR  -14.0 dB  BER 3.12e-02  P(det)@0.05 power_one_sided 0.000 power_two_sided 1.000 kurtosis 0.244 spec_cnn 0.047  (12s)
    JSR  -13.0 dB  BER 3.90e-02  P(det)@0.05 power_one_sided 0.000 power_two_sided 1.000 kurtosis 0.357 spec_cnn 0.059  (12s)
    JSR  -12.0 dB  BER 4.68e-02  P(det)@0.05 power_one_sided 0.000 power_two_sided 1.000 kurtosis 0.496 spec_cnn 0.057  (13s)
    JSR  -11.0 dB  BER 6.24e-02  P(det)@0.05 power_one_sided 0.000 power_two_sided 1.000 kurtosis 0.699 spec_cnn 0.062  (13s)
    JSR  -10.0 dB  BER 7.79e-02  P(det)@0.05 power_one_sided 0.000 power_two_sided 1.000 kurtosis 0.887 spec_cnn 0.078  (13s)
    JSR   -9.0 dB  BER 1.01e-01  P(det)@0.05 power_one_sided 0.000 power_two_sided 1.000 kurtosis 0.998 spec_cnn 0.061  (14s)
    JSR   -8.0 dB  BER 1.25e-01  P(det)@0.05 power_one_sided 0.000 power_two_sided 1.000 kurtosis 1.000 spec_cnn 0.062  (14s)
    JSR   -7.0 dB  BER 1.64e-01  P(det)@0.05 power_one_sided 0.000 power_two_sided 1.000 kurtosis 1.000 spec_cnn 0.059  (14s)
    JSR   -6.0 dB  BER 2.03e-01  P(det)@0.05 power_one_sided 0.000 power_two_sided 1.000 kurtosis 1.000 spec_cnn 0.086  (14s)
    JSR   -5.0 dB  BER 2.57e-01  P(det)@0.05 power_one_sided 0.000 power_two_sided 1.000 kurtosis 1.000 spec_cnn 0.064  (15s)
    JSR   -4.0 dB  BER 3.27e-01  P(det)@0.05 power_one_sided 0.000 power_two_sided 1.000 kurtosis 1.000 spec_cnn 0.066  (15s)
    JSR   -3.0 dB  BER 4.13e-01  P(det)@0.05 power_one_sided 0.000 power_two_sided 1.000 kurtosis 1.000 spec_cnn 0.068  (15s)
    JSR   -2.0 dB  BER 5.15e-01  P(det)@0.05 power_one_sided 0.000 power_two_sided 1.000 kurtosis 1.000 spec_cnn 0.061  (16s)
    JSR   -1.0 dB  BER 6.55e-01  P(det)@0.05 power_one_sided 0.000 power_two_sided 1.000 kurtosis 1.000 spec_cnn 0.031  (16s)
    JSR   +0.0 dB  BER 8.19e-01  P(det)@0.05 power_one_sided 0.000 power_two_sided 1.000 kurtosis 1.000 spec_cnn 0.008  (16s)
    JSR   +1.0 dB  BER 9.97e-01  P(det)@0.05 power_one_sided 0.000 power_two_sided 1.000 kurtosis 1.000 spec_cnn 0.000  (17s)
    JSR   +2.0 dB  BER 9.98e-01  P(det)@0.05 power_one_sided 0.000 power_two_sided 1.000 kurtosis 1.000 spec_cnn 0.000  (17s)
    JSR   +3.0 dB  BER 9.98e-01  P(det)@0.05 power_one_sided 0.000 power_two_sided 1.000 kurtosis 1.000 spec_cnn 0.000  (17s)
    JSR   +4.0 dB  BER 9.98e-01  P(det)@0.05 power_one_sided 0.000 power_two_sided 1.000 kurtosis 1.000 spec_cnn 0.000  (18s)
    JSR   +5.0 dB  BER 9.98e-01  P(det)@0.05 power_one_sided 0.000 power_two_sided 1.000 kurtosis 1.000 spec_cnn 0.000  (18s)
    JSR   +6.0 dB  BER 9.98e-01  P(det)@0.05 power_one_sided 0.000 power_two_sided 1.000 kurtosis 1.000 spec_cnn 0.000  (18s)
    JSR   +7.0 dB  BER 9.98e-01  P(det)@0.05 power_one_sided 0.000 power_two_sided 1.000 kurtosis 1.000 spec_cnn 0.000  (19s)
    JSR   +8.0 dB  BER 9.98e-01  P(det)@0.05 power_one_sided 0.000 power_two_sided 1.000 kurtosis 1.000 spec_cnn 0.000  (19s)
    JSR   +9.0 dB  BER 9.98e-01  P(det)@0.05 power_one_sided 0.000 power_two_sided 1.000 kurtosis 1.000 spec_cnn 0.000  (19s)
    JSR  +10.0 dB  BER 9.97e-01  P(det)@0.05 power_one_sided 0.000 power_two_sided 1.000 kurtosis 1.000 spec_cnn 0.000  (20s)
    JSR  +11.0 dB  BER 9.98e-01  P(det)@0.05 power_one_sided 0.000 power_two_sided 1.000 kurtosis 1.000 spec_cnn 0.000  (20s)
    JSR  +12.0 dB  BER 9.98e-01  P(det)@0.05 power_one_sided 0.000 power_two_sided 1.000 kurtosis 1.000 spec_cnn 0.000  (20s)
    JSR  +13.0 dB  BER 9.98e-01  P(det)@0.05 power_one_sided 0.000 power_two_sided 1.000 kurtosis 1.000 spec_cnn 0.002  (21s)
    JSR  +14.0 dB  BER 9.98e-01  P(det)@0.05 power_one_sided 0.000 power_two_sided 1.000 kurtosis 1.000 spec_cnn 0.000  (21s)
    JSR  +15.0 dB  BER 9.98e-01  P(det)@0.05 power_one_sided 0.000 power_two_sided 1.000 kurtosis 1.000 spec_cnn 0.000  (21s)
  [snr_20] omniscient_e0.1 confirmed: {"power_one_sided": {"0.01": {"index": 59, "sweep_ber": 0.9977493286132812, "sweep_pdet": 0.0, "confirmed_ber": 0.9977073669433594, "confirmed_ser": 0.9999961853027344, "confirmed_pdet": 0.0, "passed": true}, "0.05": {"index": 59, "sweep_ber": 0.9977493286132812, "sweep_pdet": 0.0, "confirmed_ber": 0.9976701736450195, "confirmed_ser": 0.9999980926513672, "confirmed_pdet": 0.0, "passed": true}}, "power_two_sided": {"0.01": {"index": 0, "sweep_ber": 0.0, "sweep_pdet": 0.0078125, "confirmed_ber": 0.0, "confirmed_ser": 0.0, "confirmed_pdet": 0.010009765625, "passed": true}, "0.05": {"index": 0, "sweep_ber": 0.0, "sweep_pdet": 0.05859375, "confirmed_ber": 0.0, "confirmed_ser": 0.0, "confirmed_pdet": 0.05029296875, "passed": true}}, "kurtosis": {"0.01": {"index": 33, "sweep_ber": 0.015594482421875, "sweep_pdet": 0.015625, "confirmed_ber": 0.015594482421875, "confirmed_ser": 0.015625, "confirmed_pdet": 0.03125, "passed": false}, "0.05": {"index": 31, "sweep_ber": 0.00780487060546875, "sweep_pdet": 0.064453125, "confirmed_ber": 0.00778961181640625, "confirmed_ser": 0.0078125, "confirmed_pdet": 0.067626953125, "passed": false}}, "spec_cnn": {"0.01": {"index": 59, "sweep_ber": 0.9977493286132812, "sweep_pdet": 0.0, "confirmed_ber": 0.9976167678833008, "confirmed_ser": 0.9999923706054688, "confirmed_pdet": 0.0, "passed": true}, "0.05": {"index": 59, "sweep_ber": 0.9977493286132812, "sweep_pdet": 0.0, "confirmed_ber": 0.9976825714111328, "confirmed_ser": 0.9999923706054688, "confirmed_pdet": 0.0, "passed": true}}}  (215s)
  [snr_20] classical omniscient_e1
    JSR  -50.0 dB  BER 0.00e+00  P(det)@0.05 power_one_sided 0.047 power_two_sided 0.039 kurtosis 0.043 spec_cnn 0.055  (0s)
    JSR  -49.0 dB  BER 0.00e+00  P(det)@0.05 power_one_sided 0.055 power_two_sided 0.045 kurtosis 0.049 spec_cnn 0.049  (1s)
    JSR  -48.0 dB  BER 0.00e+00  P(det)@0.05 power_one_sided 0.045 power_two_sided 0.043 kurtosis 0.053 spec_cnn 0.043  (1s)
    JSR  -47.0 dB  BER 0.00e+00  P(det)@0.05 power_one_sided 0.055 power_two_sided 0.066 kurtosis 0.047 spec_cnn 0.053  (1s)
    JSR  -46.0 dB  BER 0.00e+00  P(det)@0.05 power_one_sided 0.037 power_two_sided 0.061 kurtosis 0.051 spec_cnn 0.066  (2s)
    JSR  -45.0 dB  BER 0.00e+00  P(det)@0.05 power_one_sided 0.053 power_two_sided 0.035 kurtosis 0.059 spec_cnn 0.053  (2s)
    JSR  -44.0 dB  BER 0.00e+00  P(det)@0.05 power_one_sided 0.059 power_two_sided 0.055 kurtosis 0.035 spec_cnn 0.047  (2s)
    JSR  -43.0 dB  BER 0.00e+00  P(det)@0.05 power_one_sided 0.045 power_two_sided 0.062 kurtosis 0.045 spec_cnn 0.064  (3s)
    JSR  -42.0 dB  BER 0.00e+00  P(det)@0.05 power_one_sided 0.061 power_two_sided 0.064 kurtosis 0.053 spec_cnn 0.061  (3s)
    JSR  -41.0 dB  BER 0.00e+00  P(det)@0.05 power_one_sided 0.053 power_two_sided 0.031 kurtosis 0.057 spec_cnn 0.043  (3s)
    JSR  -40.0 dB  BER 0.00e+00  P(det)@0.05 power_one_sided 0.041 power_two_sided 0.045 kurtosis 0.057 spec_cnn 0.057  (4s)
    JSR  -39.0 dB  BER 0.00e+00  P(det)@0.05 power_one_sided 0.059 power_two_sided 0.059 kurtosis 0.055 spec_cnn 0.057  (4s)
    JSR  -38.0 dB  BER 0.00e+00  P(det)@0.05 power_one_sided 0.070 power_two_sided 0.055 kurtosis 0.057 spec_cnn 0.037  (4s)
    JSR  -37.0 dB  BER 0.00e+00  P(det)@0.05 power_one_sided 0.035 power_two_sided 0.043 kurtosis 0.039 spec_cnn 0.049  (5s)
    JSR  -36.0 dB  BER 0.00e+00  P(det)@0.05 power_one_sided 0.045 power_two_sided 0.061 kurtosis 0.061 spec_cnn 0.053  (5s)
    JSR  -35.0 dB  BER 0.00e+00  P(det)@0.05 power_one_sided 0.039 power_two_sided 0.021 kurtosis 0.037 spec_cnn 0.041  (5s)
    JSR  -34.0 dB  BER 0.00e+00  P(det)@0.05 power_one_sided 0.047 power_two_sided 0.049 kurtosis 0.045 spec_cnn 0.053  (5s)
    JSR  -33.0 dB  BER 0.00e+00  P(det)@0.05 power_one_sided 0.062 power_two_sided 0.064 kurtosis 0.053 spec_cnn 0.051  (6s)
    JSR  -32.0 dB  BER 0.00e+00  P(det)@0.05 power_one_sided 0.047 power_two_sided 0.049 kurtosis 0.039 spec_cnn 0.043  (6s)
    JSR  -31.0 dB  BER 0.00e+00  P(det)@0.05 power_one_sided 0.062 power_two_sided 0.061 kurtosis 0.043 spec_cnn 0.059  (6s)
    JSR  -30.0 dB  BER 0.00e+00  P(det)@0.05 power_one_sided 0.061 power_two_sided 0.051 kurtosis 0.051 spec_cnn 0.047  (7s)
    JSR  -29.0 dB  BER 0.00e+00  P(det)@0.05 power_one_sided 0.059 power_two_sided 0.037 kurtosis 0.043 spec_cnn 0.049  (7s)
    JSR  -28.0 dB  BER 0.00e+00  P(det)@0.05 power_one_sided 0.047 power_two_sided 0.053 kurtosis 0.068 spec_cnn 0.051  (7s)
    JSR  -27.0 dB  BER 0.00e+00  P(det)@0.05 power_one_sided 0.059 power_two_sided 0.061 kurtosis 0.051 spec_cnn 0.043  (8s)
    JSR  -26.0 dB  BER 0.00e+00  P(det)@0.05 power_one_sided 0.051 power_two_sided 0.059 kurtosis 0.049 spec_cnn 0.049  (8s)
    JSR  -25.0 dB  BER 0.00e+00  P(det)@0.05 power_one_sided 0.041 power_two_sided 0.039 kurtosis 0.055 spec_cnn 0.031  (8s)
    JSR  -24.0 dB  BER 0.00e+00  P(det)@0.05 power_one_sided 0.049 power_two_sided 0.066 kurtosis 0.055 spec_cnn 0.055  (9s)
    JSR  -23.0 dB  BER 0.00e+00  P(det)@0.05 power_one_sided 0.047 power_two_sided 0.049 kurtosis 0.025 spec_cnn 0.037  (9s)
    JSR  -22.0 dB  BER 0.00e+00  P(det)@0.05 power_one_sided 0.049 power_two_sided 0.061 kurtosis 0.059 spec_cnn 0.053  (9s)
    JSR  -21.0 dB  BER 0.00e+00  P(det)@0.05 power_one_sided 0.055 power_two_sided 0.059 kurtosis 0.064 spec_cnn 0.070  (10s)
    JSR  -20.0 dB  BER 0.00e+00  P(det)@0.05 power_one_sided 0.055 power_two_sided 0.053 kurtosis 0.041 spec_cnn 0.045  (10s)
    JSR  -19.0 dB  BER 0.00e+00  P(det)@0.05 power_one_sided 0.041 power_two_sided 0.041 kurtosis 0.053 spec_cnn 0.047  (10s)
    JSR  -18.0 dB  BER 0.00e+00  P(det)@0.05 power_one_sided 0.047 power_two_sided 0.047 kurtosis 0.049 spec_cnn 0.035  (11s)
    JSR  -17.0 dB  BER 0.00e+00  P(det)@0.05 power_one_sided 0.047 power_two_sided 0.035 kurtosis 0.055 spec_cnn 0.062  (11s)
    JSR  -16.0 dB  BER 0.00e+00  P(det)@0.05 power_one_sided 0.053 power_two_sided 0.047 kurtosis 0.061 spec_cnn 0.043  (11s)
    JSR  -15.0 dB  BER 7.81e-03  P(det)@0.05 power_one_sided 0.031 power_two_sided 0.055 kurtosis 0.035 spec_cnn 0.047  (12s)
    JSR  -14.0 dB  BER 7.81e-03  P(det)@0.05 power_one_sided 0.037 power_two_sided 0.043 kurtosis 0.055 spec_cnn 0.053  (12s)
    JSR  -13.0 dB  BER 7.81e-03  P(det)@0.05 power_one_sided 0.045 power_two_sided 0.045 kurtosis 0.064 spec_cnn 0.061  (12s)
    JSR  -12.0 dB  BER 1.56e-02  P(det)@0.05 power_one_sided 0.051 power_two_sided 0.047 kurtosis 0.057 spec_cnn 0.043  (13s)
    JSR  -11.0 dB  BER 1.56e-02  P(det)@0.05 power_one_sided 0.035 power_two_sided 0.053 kurtosis 0.064 spec_cnn 0.061  (13s)
    JSR  -10.0 dB  BER 2.34e-02  P(det)@0.05 power_one_sided 0.035 power_two_sided 0.043 kurtosis 0.055 spec_cnn 0.059  (13s)
    JSR   -9.0 dB  BER 3.12e-02  P(det)@0.05 power_one_sided 0.037 power_two_sided 0.057 kurtosis 0.047 spec_cnn 0.062  (14s)
    JSR   -8.0 dB  BER 3.91e-02  P(det)@0.05 power_one_sided 0.064 power_two_sided 0.057 kurtosis 0.059 spec_cnn 0.059  (14s)
    JSR   -7.0 dB  BER 4.69e-02  P(det)@0.05 power_one_sided 0.045 power_two_sided 0.049 kurtosis 0.043 spec_cnn 0.053  (14s)
    JSR   -6.0 dB  BER 6.25e-02  P(det)@0.05 power_one_sided 0.055 power_two_sided 0.068 kurtosis 0.049 spec_cnn 0.049  (15s)
    JSR   -5.0 dB  BER 7.81e-02  P(det)@0.05 power_one_sided 0.053 power_two_sided 0.051 kurtosis 0.045 spec_cnn 0.055  (15s)
    JSR   -4.0 dB  BER 9.38e-02  P(det)@0.05 power_one_sided 0.047 power_two_sided 0.053 kurtosis 0.035 spec_cnn 0.059  (15s)
    JSR   -3.0 dB  BER 1.25e-01  P(det)@0.05 power_one_sided 0.037 power_two_sided 0.041 kurtosis 0.053 spec_cnn 0.053  (16s)
    JSR   -2.0 dB  BER 1.56e-01  P(det)@0.05 power_one_sided 0.053 power_two_sided 0.041 kurtosis 0.061 spec_cnn 0.031  (16s)
    JSR   -1.0 dB  BER 1.95e-01  P(det)@0.05 power_one_sided 0.039 power_two_sided 0.033 kurtosis 0.059 spec_cnn 0.047  (16s)
    JSR   +0.0 dB  BER 2.50e-01  P(det)@0.05 power_one_sided 0.045 power_two_sided 0.043 kurtosis 0.064 spec_cnn 0.043  (17s)
    JSR   +1.0 dB  BER 3.12e-01  P(det)@0.05 power_one_sided 0.025 power_two_sided 0.055 kurtosis 0.059 spec_cnn 0.051  (17s)
    JSR   +2.0 dB  BER 3.91e-01  P(det)@0.05 power_one_sided 0.055 power_two_sided 0.068 kurtosis 0.037 spec_cnn 0.059  (17s)
    JSR   +3.0 dB  BER 4.92e-01  P(det)@0.05 power_one_sided 0.072 power_two_sided 0.057 kurtosis 0.049 spec_cnn 0.049  (18s)
    JSR   +4.0 dB  BER 6.25e-01  P(det)@0.05 power_one_sided 0.057 power_two_sided 0.059 kurtosis 0.033 spec_cnn 0.043  (18s)
    JSR   +5.0 dB  BER 7.89e-01  P(det)@0.05 power_one_sided 0.062 power_two_sided 0.053 kurtosis 0.053 spec_cnn 0.057  (18s)
    JSR   +6.0 dB  BER 9.92e-01  P(det)@0.05 power_one_sided 0.055 power_two_sided 0.053 kurtosis 0.057 spec_cnn 0.047  (19s)
    JSR   +7.0 dB  BER 1.00e+00  P(det)@0.05 power_one_sided 0.035 power_two_sided 0.023 kurtosis 0.045 spec_cnn 0.062  (19s)
    JSR   +8.0 dB  BER 1.00e+00  P(det)@0.05 power_one_sided 0.029 power_two_sided 0.043 kurtosis 0.059 spec_cnn 0.061  (19s)
    JSR   +9.0 dB  BER 1.00e+00  P(det)@0.05 power_one_sided 0.057 power_two_sided 0.053 kurtosis 0.039 spec_cnn 0.057  (20s)
    JSR  +10.0 dB  BER 1.00e+00  P(det)@0.05 power_one_sided 0.062 power_two_sided 0.055 kurtosis 0.053 spec_cnn 0.053  (20s)
    JSR  +11.0 dB  BER 1.00e+00  P(det)@0.05 power_one_sided 0.043 power_two_sided 0.047 kurtosis 0.035 spec_cnn 0.041  (20s)
    JSR  +12.0 dB  BER 1.00e+00  P(det)@0.05 power_one_sided 0.049 power_two_sided 0.039 kurtosis 0.039 spec_cnn 0.045  (21s)
    JSR  +13.0 dB  BER 1.00e+00  P(det)@0.05 power_one_sided 0.053 power_two_sided 0.064 kurtosis 0.049 spec_cnn 0.033  (21s)
    JSR  +14.0 dB  BER 1.00e+00  P(det)@0.05 power_one_sided 0.062 power_two_sided 0.055 kurtosis 0.037 spec_cnn 0.055  (21s)
    JSR  +15.0 dB  BER 1.00e+00  P(det)@0.05 power_one_sided 0.070 power_two_sided 0.068 kurtosis 0.057 spec_cnn 0.062  (21s)
  [snr_20] omniscient_e1 confirmed: {"power_one_sided": {"0.01": {"index": 57, "sweep_ber": 1.0, "sweep_pdet": 0.0, "confirmed_ber": 1.0, "confirmed_ser": 1.0, "confirmed_pdet": 0.009521484375, "passed": true}, "0.05": {"index": 57, "sweep_ber": 1.0, "sweep_pdet": 0.03515625, "confirmed_ber": 1.0, "confirmed_ser": 1.0, "confirmed_pdet": 0.052734375, "passed": true}}, "power_two_sided": {"0.01": {"index": 57, "sweep_ber": 1.0, "sweep_pdet": 0.0, "confirmed_ber": 1.0, "confirmed_ser": 1.0, "confirmed_pdet": 0.01025390625, "passed": true}, "0.05": {"index": 57, "sweep_ber": 1.0, "sweep_pdet": 0.0234375, "confirmed_ber": 1.0, "confirmed_ser": 1.0, "confirmed_pdet": 0.04931640625, "passed": true}}, "kurtosis": {"0.01": {"index": 57, "sweep_ber": 1.0, "sweep_pdet": 0.01171875, "confirmed_ber": 1.0, "confirmed_ser": 1.0, "confirmed_pdet": 0.009033203125, "passed": true}, "0.05": {"index": 57, "sweep_ber": 1.0, "sweep_pdet": 0.044921875, "confirmed_ber": 1.0, "confirmed_ser": 1.0, "confirmed_pdet": 0.05029296875, "passed": true}}, "spec_cnn": {"0.01": {"index": 57, "sweep_ber": 1.0, "sweep_pdet": 0.01171875, "confirmed_ber": 1.0, "confirmed_ser": 1.0, "confirmed_pdet": 0.010498046875, "passed": true}, "0.05": {"index": 57, "sweep_ber": 1.0, "sweep_pdet": 0.0625, "confirmed_ber": 1.0, "confirmed_ser": 1.0, "confirmed_pdet": 0.048828125, "passed": true}}}  (258s)
  [snr_20] generator plain_run001 (scale 0.4022)
    JSR  -50.0 dB  BER 0.00e+00  P(det)@0.05 power_one_sided 0.064 power_two_sided 0.059 kurtosis 0.043 spec_cnn 0.061  (0s)
    JSR  -49.0 dB  BER 0.00e+00  P(det)@0.05 power_one_sided 0.057 power_two_sided 0.068 kurtosis 0.035 spec_cnn 0.049  (1s)
    JSR  -48.0 dB  BER 0.00e+00  P(det)@0.05 power_one_sided 0.053 power_two_sided 0.064 kurtosis 0.047 spec_cnn 0.061  (1s)
    JSR  -47.0 dB  BER 0.00e+00  P(det)@0.05 power_one_sided 0.070 power_two_sided 0.057 kurtosis 0.055 spec_cnn 0.039  (1s)
    JSR  -46.0 dB  BER 0.00e+00  P(det)@0.05 power_one_sided 0.061 power_two_sided 0.064 kurtosis 0.051 spec_cnn 0.057  (2s)
    JSR  -45.0 dB  BER 0.00e+00  P(det)@0.05 power_one_sided 0.045 power_two_sided 0.037 kurtosis 0.035 spec_cnn 0.047  (2s)
    JSR  -44.0 dB  BER 0.00e+00  P(det)@0.05 power_one_sided 0.059 power_two_sided 0.064 kurtosis 0.061 spec_cnn 0.074  (2s)
    JSR  -43.0 dB  BER 0.00e+00  P(det)@0.05 power_one_sided 0.066 power_two_sided 0.068 kurtosis 0.041 spec_cnn 0.051  (3s)
    JSR  -42.0 dB  BER 0.00e+00  P(det)@0.05 power_one_sided 0.074 power_two_sided 0.062 kurtosis 0.053 spec_cnn 0.055  (3s)
    JSR  -41.0 dB  BER 0.00e+00  P(det)@0.05 power_one_sided 0.066 power_two_sided 0.047 kurtosis 0.043 spec_cnn 0.049  (4s)
    JSR  -40.0 dB  BER 0.00e+00  P(det)@0.05 power_one_sided 0.078 power_two_sided 0.082 kurtosis 0.035 spec_cnn 0.068  (4s)
    JSR  -39.0 dB  BER 0.00e+00  P(det)@0.05 power_one_sided 0.062 power_two_sided 0.047 kurtosis 0.051 spec_cnn 0.061  (4s)
    JSR  -38.0 dB  BER 0.00e+00  P(det)@0.05 power_one_sided 0.059 power_two_sided 0.074 kurtosis 0.061 spec_cnn 0.066  (5s)
    JSR  -37.0 dB  BER 0.00e+00  P(det)@0.05 power_one_sided 0.090 power_two_sided 0.080 kurtosis 0.057 spec_cnn 0.037  (5s)
    JSR  -36.0 dB  BER 0.00e+00  P(det)@0.05 power_one_sided 0.090 power_two_sided 0.082 kurtosis 0.035 spec_cnn 0.066  (5s)
    JSR  -35.0 dB  BER 0.00e+00  P(det)@0.05 power_one_sided 0.104 power_two_sided 0.096 kurtosis 0.037 spec_cnn 0.078  (6s)
    JSR  -34.0 dB  BER 0.00e+00  P(det)@0.05 power_one_sided 0.105 power_two_sided 0.100 kurtosis 0.055 spec_cnn 0.072  (6s)
    JSR  -33.0 dB  BER 0.00e+00  P(det)@0.05 power_one_sided 0.068 power_two_sided 0.080 kurtosis 0.059 spec_cnn 0.053  (6s)
    JSR  -32.0 dB  BER 0.00e+00  P(det)@0.05 power_one_sided 0.105 power_two_sided 0.109 kurtosis 0.070 spec_cnn 0.078  (7s)
    JSR  -31.0 dB  BER 0.00e+00  P(det)@0.05 power_one_sided 0.104 power_two_sided 0.123 kurtosis 0.057 spec_cnn 0.076  (7s)
    JSR  -30.0 dB  BER 0.00e+00  P(det)@0.05 power_one_sided 0.139 power_two_sided 0.119 kurtosis 0.037 spec_cnn 0.123  (7s)
    JSR  -29.0 dB  BER 0.00e+00  P(det)@0.05 power_one_sided 0.182 power_two_sided 0.158 kurtosis 0.045 spec_cnn 0.113  (8s)
    JSR  -28.0 dB  BER 0.00e+00  P(det)@0.05 power_one_sided 0.242 power_two_sided 0.205 kurtosis 0.039 spec_cnn 0.109  (8s)
    JSR  -27.0 dB  BER 0.00e+00  P(det)@0.05 power_one_sided 0.266 power_two_sided 0.254 kurtosis 0.051 spec_cnn 0.158  (8s)
    JSR  -26.0 dB  BER 0.00e+00  P(det)@0.05 power_one_sided 0.303 power_two_sided 0.275 kurtosis 0.051 spec_cnn 0.203  (9s)
    JSR  -25.0 dB  BER 0.00e+00  P(det)@0.05 power_one_sided 0.330 power_two_sided 0.312 kurtosis 0.049 spec_cnn 0.229  (9s)
    JSR  -24.0 dB  BER 0.00e+00  P(det)@0.05 power_one_sided 0.402 power_two_sided 0.365 kurtosis 0.053 spec_cnn 0.326  (9s)
    JSR  -23.0 dB  BER 0.00e+00  P(det)@0.05 power_one_sided 0.461 power_two_sided 0.439 kurtosis 0.049 spec_cnn 0.422  (10s)
    JSR  -22.0 dB  BER 0.00e+00  P(det)@0.05 power_one_sided 0.537 power_two_sided 0.525 kurtosis 0.053 spec_cnn 0.475  (10s)
    JSR  -21.0 dB  BER 0.00e+00  P(det)@0.05 power_one_sided 0.613 power_two_sided 0.604 kurtosis 0.068 spec_cnn 0.572  (10s)
    JSR  -20.0 dB  BER 0.00e+00  P(det)@0.05 power_one_sided 0.678 power_two_sided 0.680 kurtosis 0.100 spec_cnn 0.646  (11s)
    JSR  -19.0 dB  BER 0.00e+00  P(det)@0.05 power_one_sided 0.729 power_two_sided 0.721 kurtosis 0.086 spec_cnn 0.729  (11s)
    JSR  -18.0 dB  BER 0.00e+00  P(det)@0.05 power_one_sided 0.789 power_two_sided 0.803 kurtosis 0.102 spec_cnn 0.840  (11s)
    JSR  -17.0 dB  BER 0.00e+00  P(det)@0.05 power_one_sided 0.848 power_two_sided 0.842 kurtosis 0.152 spec_cnn 0.844  (12s)
    JSR  -16.0 dB  BER 0.00e+00  P(det)@0.05 power_one_sided 0.930 power_two_sided 0.936 kurtosis 0.232 spec_cnn 0.904  (12s)
    JSR  -15.0 dB  BER 0.00e+00  P(det)@0.05 power_one_sided 0.961 power_two_sided 0.955 kurtosis 0.262 spec_cnn 0.922  (12s)
    JSR  -14.0 dB  BER 0.00e+00  P(det)@0.05 power_one_sided 0.971 power_two_sided 0.967 kurtosis 0.381 spec_cnn 0.951  (13s)
    JSR  -13.0 dB  BER 0.00e+00  P(det)@0.05 power_one_sided 0.980 power_two_sided 0.980 kurtosis 0.502 spec_cnn 0.957  (13s)
    JSR  -12.0 dB  BER 0.00e+00  P(det)@0.05 power_one_sided 0.992 power_two_sided 0.992 kurtosis 0.686 spec_cnn 0.980  (13s)
    JSR  -11.0 dB  BER 0.00e+00  P(det)@0.05 power_one_sided 1.000 power_two_sided 1.000 kurtosis 0.863 spec_cnn 0.986  (14s)
    JSR  -10.0 dB  BER 2.29e-05  P(det)@0.05 power_one_sided 0.996 power_two_sided 0.998 kurtosis 0.910 spec_cnn 0.994  (14s)
    JSR   -9.0 dB  BER 1.22e-04  P(det)@0.05 power_one_sided 1.000 power_two_sided 1.000 kurtosis 0.977 spec_cnn 1.000  (15s)
    JSR   -8.0 dB  BER 4.73e-04  P(det)@0.05 power_one_sided 1.000 power_two_sided 1.000 kurtosis 0.996 spec_cnn 1.000  (15s)
    JSR   -7.0 dB  BER 1.61e-03  P(det)@0.05 power_one_sided 1.000 power_two_sided 1.000 kurtosis 0.994 spec_cnn 1.000  (15s)
    JSR   -6.0 dB  BER 6.33e-03  P(det)@0.05 power_one_sided 1.000 power_two_sided 1.000 kurtosis 1.000 spec_cnn 1.000  (16s)
    JSR   -5.0 dB  BER 1.46e-02  P(det)@0.05 power_one_sided 1.000 power_two_sided 1.000 kurtosis 1.000 spec_cnn 1.000  (16s)
    JSR   -4.0 dB  BER 3.17e-02  P(det)@0.05 power_one_sided 1.000 power_two_sided 1.000 kurtosis 1.000 spec_cnn 1.000  (16s)
    JSR   -3.0 dB  BER 5.79e-02  P(det)@0.05 power_one_sided 1.000 power_two_sided 1.000 kurtosis 1.000 spec_cnn 1.000  (17s)
    JSR   -2.0 dB  BER 9.20e-02  P(det)@0.05 power_one_sided 1.000 power_two_sided 1.000 kurtosis 1.000 spec_cnn 1.000  (17s)
    JSR   -1.0 dB  BER 1.26e-01  P(det)@0.05 power_one_sided 1.000 power_two_sided 1.000 kurtosis 1.000 spec_cnn 1.000  (17s)
    JSR   +0.0 dB  BER 1.60e-01  P(det)@0.05 power_one_sided 1.000 power_two_sided 1.000 kurtosis 1.000 spec_cnn 1.000  (18s)
    JSR   +1.0 dB  BER 1.90e-01  P(det)@0.05 power_one_sided 1.000 power_two_sided 1.000 kurtosis 1.000 spec_cnn 1.000  (18s)
    JSR   +2.0 dB  BER 2.22e-01  P(det)@0.05 power_one_sided 1.000 power_two_sided 1.000 kurtosis 0.998 spec_cnn 1.000  (18s)
    JSR   +3.0 dB  BER 2.50e-01  P(det)@0.05 power_one_sided 1.000 power_two_sided 1.000 kurtosis 0.998 spec_cnn 1.000  (19s)
    JSR   +4.0 dB  BER 2.75e-01  P(det)@0.05 power_one_sided 1.000 power_two_sided 1.000 kurtosis 0.998 spec_cnn 1.000  (19s)
    JSR   +5.0 dB  BER 2.98e-01  P(det)@0.05 power_one_sided 1.000 power_two_sided 1.000 kurtosis 0.979 spec_cnn 1.000  (19s)
    JSR   +6.0 dB  BER 3.20e-01  P(det)@0.05 power_one_sided 1.000 power_two_sided 1.000 kurtosis 0.947 spec_cnn 1.000  (20s)
    JSR   +7.0 dB  BER 3.37e-01  P(det)@0.05 power_one_sided 1.000 power_two_sided 1.000 kurtosis 0.916 spec_cnn 1.000  (20s)
    JSR   +8.0 dB  BER 3.49e-01  P(det)@0.05 power_one_sided 1.000 power_two_sided 1.000 kurtosis 0.822 spec_cnn 1.000  (20s)
    JSR   +9.0 dB  BER 3.70e-01  P(det)@0.05 power_one_sided 1.000 power_two_sided 1.000 kurtosis 0.730 spec_cnn 1.000  (21s)
    JSR  +10.0 dB  BER 3.84e-01  P(det)@0.05 power_one_sided 1.000 power_two_sided 1.000 kurtosis 0.729 spec_cnn 1.000  (21s)
    JSR  +11.0 dB  BER 3.95e-01  P(det)@0.05 power_one_sided 1.000 power_two_sided 1.000 kurtosis 0.703 spec_cnn 1.000  (21s)
    JSR  +12.0 dB  BER 4.09e-01  P(det)@0.05 power_one_sided 1.000 power_two_sided 1.000 kurtosis 0.660 spec_cnn 1.000  (22s)
    JSR  +13.0 dB  BER 4.16e-01  P(det)@0.05 power_one_sided 1.000 power_two_sided 1.000 kurtosis 0.609 spec_cnn 1.000  (22s)
    JSR  +14.0 dB  BER 4.26e-01  P(det)@0.05 power_one_sided 1.000 power_two_sided 1.000 kurtosis 0.551 spec_cnn 1.000  (22s)
    JSR  +15.0 dB  BER 4.33e-01  P(det)@0.05 power_one_sided 1.000 power_two_sided 1.000 kurtosis 0.596 spec_cnn 1.000  (23s)
  [snr_20] plain_run001 confirmed: {"power_one_sided": {"0.01": {"index": 1, "sweep_ber": 0.0, "sweep_pdet": 0.013671875, "confirmed_ber": 0.0, "confirmed_ser": 0.0, "confirmed_pdet": 0.01171875, "passed": true}, "0.05": {"index": 0, "sweep_ber": 0.0, "sweep_pdet": 0.064453125, "confirmed_ber": 0.0, "confirmed_ser": 0.0, "confirmed_pdet": 0.052978515625, "passed": true}}, "power_two_sided": {"0.01": {"index": 0, "sweep_ber": 0.0, "sweep_pdet": 0.009765625, "confirmed_ber": 0.0, "confirmed_ser": 0.0, "confirmed_pdet": 0.008544921875, "passed": true}, "0.05": {"index": 0, "sweep_ber": 0.0, "sweep_pdet": 0.05859375, "confirmed_ber": 0.0, "confirmed_ser": 0.0, "confirmed_pdet": 0.057861328125, "passed": false}}, "kurtosis": {"0.01": {"index": 0, "sweep_ber": 0.0, "sweep_pdet": 0.005859375, "confirmed_ber": 0.0, "confirmed_ser": 0.0, "confirmed_pdet": 0.0107421875, "passed": true}, "0.05": {"index": 0, "sweep_ber": 0.0, "sweep_pdet": 0.04296875, "confirmed_ber": 0.0, "confirmed_ser": 0.0, "confirmed_pdet": 0.050048828125, "passed": true}}, "spec_cnn": {"0.01": {"index": 0, "sweep_ber": 0.0, "sweep_pdet": 0.009765625, "confirmed_ber": 0.0, "confirmed_ser": 0.0, "confirmed_pdet": 0.009765625, "passed": true}, "0.05": {"index": 0, "sweep_ber": 0.0, "sweep_pdet": 0.060546875, "confirmed_ber": 0.0, "confirmed_ser": 0.0, "confirmed_pdet": 0.061767578125, "passed": false}}}  (303s)
  [snr_20] generator eff (scale 0.4022)
  JSR  -50.0 dB  BER 0.00e+00  P(det)@0.05 power_one_sided 0.055 power_two_sided 0.051 kurtosis 0.051 spec_cnn 0.041  (0s)
  JSR  -49.0 dB  BER 0.00e+00  P(det)@0.05 power_one_sided 0.049 power_two_sided 0.062 kurtosis 0.045 spec_cnn 0.059  (1s)
  JSR  -48.0 dB  BER 0.00e+00  P(det)@0.05 power_one_sided 0.061 power_two_sided 0.057 kurtosis 0.049 spec_cnn 0.045  (1s)
  JSR  -47.0 dB  BER 0.00e+00  P(det)@0.05 power_one_sided 0.074 power_two_sided 0.051 kurtosis 0.051 spec_cnn 0.059  (1s)
  JSR  -46.0 dB  BER 0.00e+00  P(det)@0.05 power_one_sided 0.061 power_two_sided 0.043 kurtosis 0.037 spec_cnn 0.033  (2s)
  JSR  -45.0 dB  BER 0.00e+00  P(det)@0.05 power_one_sided 0.066 power_two_sided 0.070 kurtosis 0.053 spec_cnn 0.047  (2s)
  JSR  -44.0 dB  BER 0.00e+00  P(det)@0.05 power_one_sided 0.062 power_two_sided 0.070 kurtosis 0.041 spec_cnn 0.051  (2s)
  JSR  -43.0 dB  BER 0.00e+00  P(det)@0.05 power_one_sided 0.057 power_two_sided 0.053 kurtosis 0.049 spec_cnn 0.047  (3s)
  JSR  -42.0 dB  BER 0.00e+00  P(det)@0.05 power_one_sided 0.061 power_two_sided 0.062 kurtosis 0.051 spec_cnn 0.043  (3s)
  JSR  -41.0 dB  BER 0.00e+00  P(det)@0.05 power_one_sided 0.051 power_two_sided 0.066 kurtosis 0.072 spec_cnn 0.055  (3s)
  JSR  -40.0 dB  BER 0.00e+00  P(det)@0.05 power_one_sided 0.055 power_two_sided 0.066 kurtosis 0.037 spec_cnn 0.049  (4s)
  JSR  -39.0 dB  BER 0.00e+00  P(det)@0.05 power_one_sided 0.082 power_two_sided 0.070 kurtosis 0.061 spec_cnn 0.080  (4s)
  JSR  -38.0 dB  BER 0.00e+00  P(det)@0.05 power_one_sided 0.078 power_two_sided 0.066 kurtosis 0.037 spec_cnn 0.068  (4s)
  JSR  -37.0 dB  BER 0.00e+00  P(det)@0.05 power_one_sided 0.064 power_two_sided 0.072 kurtosis 0.023 spec_cnn 0.047  (5s)
  JSR  -36.0 dB  BER 0.00e+00  P(det)@0.05 power_one_sided 0.088 power_two_sided 0.082 kurtosis 0.057 spec_cnn 0.082  (5s)
  JSR  -35.0 dB  BER 0.00e+00  P(det)@0.05 power_one_sided 0.109 power_two_sided 0.115 kurtosis 0.039 spec_cnn 0.057  (5s)
  JSR  -34.0 dB  BER 0.00e+00  P(det)@0.05 power_one_sided 0.104 power_two_sided 0.109 kurtosis 0.051 spec_cnn 0.062  (6s)
  JSR  -33.0 dB  BER 0.00e+00  P(det)@0.05 power_one_sided 0.086 power_two_sided 0.078 kurtosis 0.035 spec_cnn 0.068  (6s)
  JSR  -32.0 dB  BER 0.00e+00  P(det)@0.05 power_one_sided 0.117 power_two_sided 0.123 kurtosis 0.035 spec_cnn 0.057  (6s)
  JSR  -31.0 dB  BER 0.00e+00  P(det)@0.05 power_one_sided 0.166 power_two_sided 0.154 kurtosis 0.037 spec_cnn 0.061  (7s)
  JSR  -30.0 dB  BER 0.00e+00  P(det)@0.05 power_one_sided 0.191 power_two_sided 0.180 kurtosis 0.051 spec_cnn 0.053  (7s)
  JSR  -29.0 dB  BER 0.00e+00  P(det)@0.05 power_one_sided 0.207 power_two_sided 0.197 kurtosis 0.047 spec_cnn 0.064  (8s)
  JSR  -28.0 dB  BER 0.00e+00  P(det)@0.05 power_one_sided 0.299 power_two_sided 0.244 kurtosis 0.055 spec_cnn 0.062  (8s)
  JSR  -27.0 dB  BER 0.00e+00  P(det)@0.05 power_one_sided 0.334 power_two_sided 0.281 kurtosis 0.033 spec_cnn 0.068  (8s)
  JSR  -26.0 dB  BER 0.00e+00  P(det)@0.05 power_one_sided 0.355 power_two_sided 0.336 kurtosis 0.053 spec_cnn 0.088  (9s)
  JSR  -25.0 dB  BER 0.00e+00  P(det)@0.05 power_one_sided 0.465 power_two_sided 0.406 kurtosis 0.049 spec_cnn 0.113  (9s)
  JSR  -24.0 dB  BER 0.00e+00  P(det)@0.05 power_one_sided 0.496 power_two_sided 0.471 kurtosis 0.057 spec_cnn 0.105  (9s)
  JSR  -23.0 dB  BER 6.87e-05  P(det)@0.05 power_one_sided 0.578 power_two_sided 0.551 kurtosis 0.051 spec_cnn 0.104  (10s)
  JSR  -22.0 dB  BER 4.27e-04  P(det)@0.05 power_one_sided 0.654 power_two_sided 0.635 kurtosis 0.088 spec_cnn 0.143  (10s)
  JSR  -21.0 dB  BER 8.09e-04  P(det)@0.05 power_one_sided 0.703 power_two_sided 0.691 kurtosis 0.092 spec_cnn 0.135  (10s)
  JSR  -20.0 dB  BER 1.30e-03  P(det)@0.05 power_one_sided 0.789 power_two_sided 0.760 kurtosis 0.123 spec_cnn 0.195  (11s)
  JSR  -19.0 dB  BER 1.83e-03  P(det)@0.05 power_one_sided 0.838 power_two_sided 0.811 kurtosis 0.184 spec_cnn 0.221  (11s)
  JSR  -18.0 dB  BER 2.30e-03  P(det)@0.05 power_one_sided 0.893 power_two_sided 0.879 kurtosis 0.279 spec_cnn 0.285  (11s)
  JSR  -17.0 dB  BER 2.47e-03  P(det)@0.05 power_one_sided 0.965 power_two_sided 0.941 kurtosis 0.426 spec_cnn 0.312  (12s)
  JSR  -16.0 dB  BER 2.87e-03  P(det)@0.05 power_one_sided 0.977 power_two_sided 0.973 kurtosis 0.541 spec_cnn 0.395  (12s)
  JSR  -15.0 dB  BER 3.53e-03  P(det)@0.05 power_one_sided 0.990 power_two_sided 0.990 kurtosis 0.676 spec_cnn 0.490  (12s)
  JSR  -14.0 dB  BER 3.72e-03  P(det)@0.05 power_one_sided 1.000 power_two_sided 1.000 kurtosis 0.816 spec_cnn 0.594  (13s)
  JSR  -13.0 dB  BER 3.94e-03  P(det)@0.05 power_one_sided 1.000 power_two_sided 1.000 kurtosis 0.924 spec_cnn 0.664  (13s)
  JSR  -12.0 dB  BER 4.01e-03  P(det)@0.05 power_one_sided 1.000 power_two_sided 1.000 kurtosis 0.982 spec_cnn 0.797  (13s)
  JSR  -11.0 dB  BER 4.38e-03  P(det)@0.05 power_one_sided 1.000 power_two_sided 1.000 kurtosis 0.992 spec_cnn 0.869  (14s)
  JSR  -10.0 dB  BER 4.75e-03  P(det)@0.05 power_one_sided 1.000 power_two_sided 1.000 kurtosis 0.998 spec_cnn 0.936  (14s)
  JSR   -9.0 dB  BER 4.95e-03  P(det)@0.05 power_one_sided 1.000 power_two_sided 1.000 kurtosis 1.000 spec_cnn 0.965  (14s)
  JSR   -8.0 dB  BER 5.65e-03  P(det)@0.05 power_one_sided 1.000 power_two_sided 1.000 kurtosis 1.000 spec_cnn 0.988  (15s)
  JSR   -7.0 dB  BER 6.03e-03  P(det)@0.05 power_one_sided 1.000 power_two_sided 1.000 kurtosis 1.000 spec_cnn 0.998  (15s)
  JSR   -6.0 dB  BER 6.51e-03  P(det)@0.05 power_one_sided 1.000 power_two_sided 1.000 kurtosis 1.000 spec_cnn 1.000  (15s)
  JSR   -5.0 dB  BER 7.48e-03  P(det)@0.05 power_one_sided 1.000 power_two_sided 1.000 kurtosis 1.000 spec_cnn 1.000  (16s)
  JSR   -4.0 dB  BER 7.99e-03  P(det)@0.05 power_one_sided 1.000 power_two_sided 1.000 kurtosis 1.000 spec_cnn 1.000  (16s)
  JSR   -3.0 dB  BER 1.04e-02  P(det)@0.05 power_one_sided 1.000 power_two_sided 1.000 kurtosis 1.000 spec_cnn 1.000  (16s)
  JSR   -2.0 dB  BER 1.30e-02  P(det)@0.05 power_one_sided 1.000 power_two_sided 1.000 kurtosis 1.000 spec_cnn 1.000  (17s)
  JSR   -1.0 dB  BER 1.64e-02  P(det)@0.05 power_one_sided 1.000 power_two_sided 1.000 kurtosis 1.000 spec_cnn 1.000  (17s)
  JSR   +0.0 dB  BER 2.17e-02  P(det)@0.05 power_one_sided 1.000 power_two_sided 1.000 kurtosis 1.000 spec_cnn 1.000  (17s)
  JSR   +1.0 dB  BER 2.93e-02  P(det)@0.05 power_one_sided 1.000 power_two_sided 1.000 kurtosis 1.000 spec_cnn 1.000  (18s)
  JSR   +2.0 dB  BER 4.21e-02  P(det)@0.05 power_one_sided 1.000 power_two_sided 1.000 kurtosis 1.000 spec_cnn 1.000  (18s)
  JSR   +3.0 dB  BER 5.82e-02  P(det)@0.05 power_one_sided 1.000 power_two_sided 1.000 kurtosis 1.000 spec_cnn 1.000  (19s)
  JSR   +4.0 dB  BER 7.96e-02  P(det)@0.05 power_one_sided 1.000 power_two_sided 1.000 kurtosis 1.000 spec_cnn 1.000  (19s)
  JSR   +5.0 dB  BER 1.02e-01  P(det)@0.05 power_one_sided 1.000 power_two_sided 1.000 kurtosis 1.000 spec_cnn 1.000  (19s)
  JSR   +6.0 dB  BER 1.24e-01  P(det)@0.05 power_one_sided 1.000 power_two_sided 1.000 kurtosis 1.000 spec_cnn 1.000  (20s)
  JSR   +7.0 dB  BER 1.51e-01  P(det)@0.05 power_one_sided 1.000 power_two_sided 1.000 kurtosis 1.000 spec_cnn 1.000  (20s)
  JSR   +8.0 dB  BER 1.80e-01  P(det)@0.05 power_one_sided 1.000 power_two_sided 1.000 kurtosis 1.000 spec_cnn 1.000  (20s)
  JSR   +9.0 dB  BER 2.04e-01  P(det)@0.05 power_one_sided 1.000 power_two_sided 1.000 kurtosis 1.000 spec_cnn 1.000  (21s)
  JSR  +10.0 dB  BER 2.30e-01  P(det)@0.05 power_one_sided 1.000 power_two_sided 1.000 kurtosis 1.000 spec_cnn 1.000  (21s)
  JSR  +11.0 dB  BER 2.56e-01  P(det)@0.05 power_one_sided 1.000 power_two_sided 1.000 kurtosis 1.000 spec_cnn 1.000  (21s)
  JSR  +12.0 dB  BER 2.79e-01  P(det)@0.05 power_one_sided 1.000 power_two_sided 1.000 kurtosis 1.000 spec_cnn 1.000  (22s)
  JSR  +13.0 dB  BER 3.00e-01  P(det)@0.05 power_one_sided 1.000 power_two_sided 1.000 kurtosis 1.000 spec_cnn 1.000  (22s)
  JSR  +14.0 dB  BER 3.17e-01  P(det)@0.05 power_one_sided 1.000 power_two_sided 1.000 kurtosis 1.000 spec_cnn 1.000  (22s)
  JSR  +15.0 dB  BER 3.38e-01  P(det)@0.05 power_one_sided 1.000 power_two_sided 1.000 kurtosis 1.000 spec_cnn 1.000  (23s)
  [snr_20] eff confirmed: {"power_one_sided": {"0.01": {"index": 0, "sweep_ber": 0.0, "sweep_pdet": 0.0078125, "confirmed_ber": 0.0, "confirmed_ser": 0.0, "confirmed_pdet": 0.010986328125, "passed": true}, "0.05": {"index": 0, "sweep_ber": 0.0, "sweep_pdet": 0.0546875, "confirmed_ber": 0.0, "confirmed_ser": 0.0, "confirmed_pdet": 0.05322265625, "passed": true}}, "power_two_sided": {"0.01": {"index": 0, "sweep_ber": 0.0, "sweep_pdet": 0.015625, "confirmed_ber": 0.0, "confirmed_ser": 0.0, "confirmed_pdet": 0.01123046875, "passed": true}, "0.05": {"index": 0, "sweep_ber": 0.0, "sweep_pdet": 0.05078125, "confirmed_ber": 0.0, "confirmed_ser": 0.0, "confirmed_pdet": 0.0498046875, "passed": true}}, "kurtosis": {"0.01": {"index": 27, "sweep_ber": 6.866455078125e-05, "sweep_pdet": 0.01171875, "confirmed_ber": 5.817413330078125e-05, "confirmed_ser": 0.0001163482666015625, "confirmed_pdet": 0.017822265625, "passed": false}, "0.05": {"index": 27, "sweep_ber": 6.866455078125e-05, "sweep_pdet": 0.05078125, "confirmed_ber": 7.05718994140625e-05, "confirmed_ser": 0.000141143798828125, "confirmed_pdet": 0.069091796875, "passed": false}}, "spec_cnn": {"0.01": {"index": 0, "sweep_ber": 0.0, "sweep_pdet": 0.015625, "confirmed_ber": 0.0, "confirmed_ser": 0.0, "confirmed_pdet": 0.01123046875, "passed": true}, "0.05": {"index": 0, "sweep_ber": 0.0, "sweep_pdet": 0.041015625, "confirmed_ber": 0.0, "confirmed_ser": 0.0, "confirmed_pdet": 0.0537109375, "passed": true}}}  (348s)
  [snr_20] generator power_one_sided_b1 (scale 0.4022)
  JSR  -50.0 dB  BER 0.00e+00  P(det)@0.05 power_one_sided 0.062 power_two_sided 0.064 kurtosis 0.055 spec_cnn 0.070  (0s)
  JSR  -49.0 dB  BER 0.00e+00  P(det)@0.05 power_one_sided 0.057 power_two_sided 0.059 kurtosis 0.049 spec_cnn 0.059  (1s)
  JSR  -48.0 dB  BER 0.00e+00  P(det)@0.05 power_one_sided 0.037 power_two_sided 0.033 kurtosis 0.053 spec_cnn 0.062  (1s)
  JSR  -47.0 dB  BER 0.00e+00  P(det)@0.05 power_one_sided 0.061 power_two_sided 0.066 kurtosis 0.043 spec_cnn 0.039  (1s)
  JSR  -46.0 dB  BER 0.00e+00  P(det)@0.05 power_one_sided 0.053 power_two_sided 0.062 kurtosis 0.051 spec_cnn 0.055  (2s)
  JSR  -45.0 dB  BER 0.00e+00  P(det)@0.05 power_one_sided 0.049 power_two_sided 0.064 kurtosis 0.023 spec_cnn 0.068  (2s)
  JSR  -44.0 dB  BER 0.00e+00  P(det)@0.05 power_one_sided 0.043 power_two_sided 0.061 kurtosis 0.039 spec_cnn 0.047  (2s)
  JSR  -43.0 dB  BER 0.00e+00  P(det)@0.05 power_one_sided 0.047 power_two_sided 0.041 kurtosis 0.055 spec_cnn 0.057  (3s)
  JSR  -42.0 dB  BER 0.00e+00  P(det)@0.05 power_one_sided 0.045 power_two_sided 0.051 kurtosis 0.049 spec_cnn 0.062  (3s)
  JSR  -41.0 dB  BER 0.00e+00  P(det)@0.05 power_one_sided 0.045 power_two_sided 0.047 kurtosis 0.057 spec_cnn 0.051  (3s)
  JSR  -40.0 dB  BER 0.00e+00  P(det)@0.05 power_one_sided 0.062 power_two_sided 0.057 kurtosis 0.049 spec_cnn 0.047  (4s)
  JSR  -39.0 dB  BER 0.00e+00  P(det)@0.05 power_one_sided 0.051 power_two_sided 0.057 kurtosis 0.049 spec_cnn 0.072  (4s)
  JSR  -38.0 dB  BER 0.00e+00  P(det)@0.05 power_one_sided 0.066 power_two_sided 0.057 kurtosis 0.043 spec_cnn 0.047  (4s)
  JSR  -37.0 dB  BER 0.00e+00  P(det)@0.05 power_one_sided 0.088 power_two_sided 0.076 kurtosis 0.047 spec_cnn 0.045  (5s)
  JSR  -36.0 dB  BER 0.00e+00  P(det)@0.05 power_one_sided 0.092 power_two_sided 0.072 kurtosis 0.049 spec_cnn 0.045  (5s)
  JSR  -35.0 dB  BER 0.00e+00  P(det)@0.05 power_one_sided 0.096 power_two_sided 0.080 kurtosis 0.066 spec_cnn 0.066  (5s)
  JSR  -34.0 dB  BER 0.00e+00  P(det)@0.05 power_one_sided 0.113 power_two_sided 0.105 kurtosis 0.039 spec_cnn 0.084  (6s)
  JSR  -33.0 dB  BER 0.00e+00  P(det)@0.05 power_one_sided 0.125 power_two_sided 0.117 kurtosis 0.059 spec_cnn 0.066  (6s)
  JSR  -32.0 dB  BER 0.00e+00  P(det)@0.05 power_one_sided 0.131 power_two_sided 0.135 kurtosis 0.043 spec_cnn 0.059  (7s)
  JSR  -31.0 dB  BER 0.00e+00  P(det)@0.05 power_one_sided 0.137 power_two_sided 0.115 kurtosis 0.045 spec_cnn 0.055  (7s)
  JSR  -30.0 dB  BER 0.00e+00  P(det)@0.05 power_one_sided 0.213 power_two_sided 0.186 kurtosis 0.047 spec_cnn 0.039  (7s)
  JSR  -29.0 dB  BER 0.00e+00  P(det)@0.05 power_one_sided 0.232 power_two_sided 0.197 kurtosis 0.061 spec_cnn 0.070  (8s)
  JSR  -28.0 dB  BER 0.00e+00  P(det)@0.05 power_one_sided 0.248 power_two_sided 0.213 kurtosis 0.053 spec_cnn 0.072  (8s)
  JSR  -27.0 dB  BER 0.00e+00  P(det)@0.05 power_one_sided 0.309 power_two_sided 0.277 kurtosis 0.062 spec_cnn 0.078  (8s)
  JSR  -26.0 dB  BER 0.00e+00  P(det)@0.05 power_one_sided 0.379 power_two_sided 0.359 kurtosis 0.062 spec_cnn 0.078  (9s)
  JSR  -25.0 dB  BER 0.00e+00  P(det)@0.05 power_one_sided 0.453 power_two_sided 0.420 kurtosis 0.051 spec_cnn 0.080  (9s)
  JSR  -24.0 dB  BER 0.00e+00  P(det)@0.05 power_one_sided 0.486 power_two_sided 0.443 kurtosis 0.053 spec_cnn 0.104  (9s)
  JSR  -23.0 dB  BER 5.34e-05  P(det)@0.05 power_one_sided 0.604 power_two_sided 0.566 kurtosis 0.061 spec_cnn 0.137  (10s)
  JSR  -22.0 dB  BER 4.27e-04  P(det)@0.05 power_one_sided 0.635 power_two_sided 0.609 kurtosis 0.066 spec_cnn 0.156  (10s)
  JSR  -21.0 dB  BER 8.62e-04  P(det)@0.05 power_one_sided 0.738 power_two_sided 0.719 kurtosis 0.100 spec_cnn 0.172  (10s)
  JSR  -20.0 dB  BER 1.28e-03  P(det)@0.05 power_one_sided 0.797 power_two_sided 0.748 kurtosis 0.090 spec_cnn 0.166  (11s)
  JSR  -19.0 dB  BER 1.72e-03  P(det)@0.05 power_one_sided 0.871 power_two_sided 0.854 kurtosis 0.189 spec_cnn 0.199  (11s)
  JSR  -18.0 dB  BER 2.04e-03  P(det)@0.05 power_one_sided 0.922 power_two_sided 0.914 kurtosis 0.307 spec_cnn 0.279  (11s)
  JSR  -17.0 dB  BER 2.37e-03  P(det)@0.05 power_one_sided 0.963 power_two_sided 0.961 kurtosis 0.383 spec_cnn 0.334  (12s)
  JSR  -16.0 dB  BER 2.87e-03  P(det)@0.05 power_one_sided 0.986 power_two_sided 0.979 kurtosis 0.529 spec_cnn 0.426  (12s)
  JSR  -15.0 dB  BER 3.24e-03  P(det)@0.05 power_one_sided 0.988 power_two_sided 0.984 kurtosis 0.656 spec_cnn 0.479  (12s)
  JSR  -14.0 dB  BER 3.51e-03  P(det)@0.05 power_one_sided 1.000 power_two_sided 1.000 kurtosis 0.814 spec_cnn 0.633  (13s)
  JSR  -13.0 dB  BER 3.97e-03  P(det)@0.05 power_one_sided 1.000 power_two_sided 1.000 kurtosis 0.924 spec_cnn 0.727  (13s)
  JSR  -12.0 dB  BER 3.98e-03  P(det)@0.05 power_one_sided 1.000 power_two_sided 0.998 kurtosis 0.982 spec_cnn 0.773  (13s)
  JSR  -11.0 dB  BER 4.27e-03  P(det)@0.05 power_one_sided 1.000 power_two_sided 1.000 kurtosis 0.990 spec_cnn 0.873  (14s)
  JSR  -10.0 dB  BER 4.75e-03  P(det)@0.05 power_one_sided 1.000 power_two_sided 1.000 kurtosis 1.000 spec_cnn 0.906  (14s)
  JSR   -9.0 dB  BER 5.02e-03  P(det)@0.05 power_one_sided 1.000 power_two_sided 1.000 kurtosis 1.000 spec_cnn 0.969  (14s)
  JSR   -8.0 dB  BER 5.67e-03  P(det)@0.05 power_one_sided 1.000 power_two_sided 1.000 kurtosis 1.000 spec_cnn 0.992  (15s)
  JSR   -7.0 dB  BER 5.85e-03  P(det)@0.05 power_one_sided 1.000 power_two_sided 1.000 kurtosis 1.000 spec_cnn 0.998  (15s)
  JSR   -6.0 dB  BER 7.05e-03  P(det)@0.05 power_one_sided 1.000 power_two_sided 1.000 kurtosis 1.000 spec_cnn 1.000  (15s)
  JSR   -5.0 dB  BER 7.76e-03  P(det)@0.05 power_one_sided 1.000 power_two_sided 1.000 kurtosis 1.000 spec_cnn 1.000  (16s)
  JSR   -4.0 dB  BER 9.25e-03  P(det)@0.05 power_one_sided 1.000 power_two_sided 1.000 kurtosis 1.000 spec_cnn 1.000  (16s)
  JSR   -3.0 dB  BER 1.10e-02  P(det)@0.05 power_one_sided 1.000 power_two_sided 1.000 kurtosis 1.000 spec_cnn 1.000  (16s)
  JSR   -2.0 dB  BER 1.35e-02  P(det)@0.05 power_one_sided 1.000 power_two_sided 1.000 kurtosis 1.000 spec_cnn 1.000  (17s)
  JSR   -1.0 dB  BER 1.88e-02  P(det)@0.05 power_one_sided 1.000 power_two_sided 1.000 kurtosis 1.000 spec_cnn 1.000  (17s)
  JSR   +0.0 dB  BER 2.51e-02  P(det)@0.05 power_one_sided 1.000 power_two_sided 1.000 kurtosis 1.000 spec_cnn 1.000  (17s)
  JSR   +1.0 dB  BER 3.45e-02  P(det)@0.05 power_one_sided 1.000 power_two_sided 1.000 kurtosis 1.000 spec_cnn 1.000  (18s)
  JSR   +2.0 dB  BER 4.64e-02  P(det)@0.05 power_one_sided 1.000 power_two_sided 1.000 kurtosis 1.000 spec_cnn 1.000  (18s)
  JSR   +3.0 dB  BER 6.66e-02  P(det)@0.05 power_one_sided 1.000 power_two_sided 1.000 kurtosis 1.000 spec_cnn 1.000  (19s)
  JSR   +4.0 dB  BER 8.20e-02  P(det)@0.05 power_one_sided 1.000 power_two_sided 1.000 kurtosis 1.000 spec_cnn 1.000  (19s)
  JSR   +5.0 dB  BER 1.05e-01  P(det)@0.05 power_one_sided 1.000 power_two_sided 1.000 kurtosis 1.000 spec_cnn 1.000  (19s)
  JSR   +6.0 dB  BER 1.29e-01  P(det)@0.05 power_one_sided 1.000 power_two_sided 1.000 kurtosis 1.000 spec_cnn 1.000  (20s)
  JSR   +7.0 dB  BER 1.52e-01  P(det)@0.05 power_one_sided 1.000 power_two_sided 1.000 kurtosis 1.000 spec_cnn 1.000  (20s)
  JSR   +8.0 dB  BER 1.78e-01  P(det)@0.05 power_one_sided 1.000 power_two_sided 1.000 kurtosis 1.000 spec_cnn 1.000  (20s)
  JSR   +9.0 dB  BER 2.06e-01  P(det)@0.05 power_one_sided 1.000 power_two_sided 1.000 kurtosis 1.000 spec_cnn 1.000  (21s)
  JSR  +10.0 dB  BER 2.31e-01  P(det)@0.05 power_one_sided 1.000 power_two_sided 1.000 kurtosis 1.000 spec_cnn 1.000  (21s)
  JSR  +11.0 dB  BER 2.54e-01  P(det)@0.05 power_one_sided 1.000 power_two_sided 1.000 kurtosis 1.000 spec_cnn 1.000  (21s)
  JSR  +12.0 dB  BER 2.77e-01  P(det)@0.05 power_one_sided 1.000 power_two_sided 1.000 kurtosis 1.000 spec_cnn 1.000  (22s)
  JSR  +13.0 dB  BER 2.96e-01  P(det)@0.05 power_one_sided 1.000 power_two_sided 1.000 kurtosis 1.000 spec_cnn 1.000  (22s)
  JSR  +14.0 dB  BER 3.20e-01  P(det)@0.05 power_one_sided 1.000 power_two_sided 1.000 kurtosis 1.000 spec_cnn 1.000  (22s)
  JSR  +15.0 dB  BER 3.39e-01  P(det)@0.05 power_one_sided 1.000 power_two_sided 1.000 kurtosis 1.000 spec_cnn 1.000  (23s)
  [snr_20] power_one_sided_b1 confirmed: {"power_one_sided": {"0.01": {"index": 0, "sweep_ber": 0.0, "sweep_pdet": 0.015625, "confirmed_ber": 0.0, "confirmed_ser": 0.0, "confirmed_pdet": 0.012451171875, "passed": true}, "0.05": {"index": 0, "sweep_ber": 0.0, "sweep_pdet": 0.0625, "confirmed_ber": 0.0, "confirmed_ser": 0.0, "confirmed_pdet": 0.0546875, "passed": true}}, "power_two_sided": {"0.01": {"index": 0, "sweep_ber": 0.0, "sweep_pdet": 0.0078125, "confirmed_ber": 0.0, "confirmed_ser": 0.0, "confirmed_pdet": 0.009765625, "passed": true}, "0.05": {"index": 0, "sweep_ber": 0.0, "sweep_pdet": 0.064453125, "confirmed_ber": 0.0, "confirmed_ser": 0.0, "confirmed_pdet": 0.049072265625, "passed": true}}, "kurtosis": {"0.01": {"index": 27, "sweep_ber": 5.340576171875e-05, "sweep_pdet": 0.015625, "confirmed_ber": 8.106231689453125e-05, "confirmed_ser": 0.0001621246337890625, "confirmed_pdet": 0.014404296875, "passed": false}, "0.05": {"index": 28, "sweep_ber": 0.00042724609375, "sweep_pdet": 0.06640625, "confirmed_ber": 0.00042057037353515625, "confirmed_ser": 0.0008411407470703125, "confirmed_pdet": 0.0751953125, "passed": false}}, "spec_cnn": {"0.01": {"index": 0, "sweep_ber": 0.0, "sweep_pdet": 0.013671875, "confirmed_ber": 0.0, "confirmed_ser": 0.0, "confirmed_pdet": 0.010009765625, "passed": true}, "0.05": {"index": 1, "sweep_ber": 0.0, "sweep_pdet": 0.05859375, "confirmed_ber": 0.0, "confirmed_ser": 0.0, "confirmed_pdet": 0.05419921875, "passed": true}}}  (392s)
  [snr_20] generator power_one_sided_b10 (scale 0.4022)
  JSR  -50.0 dB  BER 0.00e+00  P(det)@0.05 power_one_sided 0.064 power_two_sided 0.039 kurtosis 0.039 spec_cnn 0.055  (0s)
  JSR  -49.0 dB  BER 0.00e+00  P(det)@0.05 power_one_sided 0.037 power_two_sided 0.037 kurtosis 0.041 spec_cnn 0.053  (1s)
  JSR  -48.0 dB  BER 0.00e+00  P(det)@0.05 power_one_sided 0.062 power_two_sided 0.041 kurtosis 0.039 spec_cnn 0.064  (1s)
  JSR  -47.0 dB  BER 0.00e+00  P(det)@0.05 power_one_sided 0.039 power_two_sided 0.051 kurtosis 0.043 spec_cnn 0.059  (1s)
  JSR  -46.0 dB  BER 0.00e+00  P(det)@0.05 power_one_sided 0.066 power_two_sided 0.059 kurtosis 0.039 spec_cnn 0.035  (2s)
  JSR  -45.0 dB  BER 0.00e+00  P(det)@0.05 power_one_sided 0.092 power_two_sided 0.078 kurtosis 0.066 spec_cnn 0.068  (2s)
  JSR  -44.0 dB  BER 0.00e+00  P(det)@0.05 power_one_sided 0.053 power_two_sided 0.053 kurtosis 0.055 spec_cnn 0.057  (2s)
  JSR  -43.0 dB  BER 0.00e+00  P(det)@0.05 power_one_sided 0.059 power_two_sided 0.049 kurtosis 0.061 spec_cnn 0.064  (3s)
  JSR  -42.0 dB  BER 0.00e+00  P(det)@0.05 power_one_sided 0.055 power_two_sided 0.049 kurtosis 0.047 spec_cnn 0.039  (3s)
  JSR  -41.0 dB  BER 0.00e+00  P(det)@0.05 power_one_sided 0.078 power_two_sided 0.070 kurtosis 0.039 spec_cnn 0.059  (3s)
  JSR  -40.0 dB  BER 0.00e+00  P(det)@0.05 power_one_sided 0.061 power_two_sided 0.062 kurtosis 0.057 spec_cnn 0.059  (4s)
  JSR  -39.0 dB  BER 0.00e+00  P(det)@0.05 power_one_sided 0.078 power_two_sided 0.061 kurtosis 0.061 spec_cnn 0.059  (4s)
  JSR  -38.0 dB  BER 0.00e+00  P(det)@0.05 power_one_sided 0.062 power_two_sided 0.051 kurtosis 0.037 spec_cnn 0.062  (5s)
  JSR  -37.0 dB  BER 0.00e+00  P(det)@0.05 power_one_sided 0.064 power_two_sided 0.055 kurtosis 0.041 spec_cnn 0.051  (5s)
  JSR  -36.0 dB  BER 0.00e+00  P(det)@0.05 power_one_sided 0.072 power_two_sided 0.082 kurtosis 0.043 spec_cnn 0.062  (5s)
  JSR  -35.0 dB  BER 0.00e+00  P(det)@0.05 power_one_sided 0.102 power_two_sided 0.078 kurtosis 0.037 spec_cnn 0.061  (6s)
  JSR  -34.0 dB  BER 0.00e+00  P(det)@0.05 power_one_sided 0.098 power_two_sided 0.102 kurtosis 0.064 spec_cnn 0.059  (6s)
  JSR  -33.0 dB  BER 0.00e+00  P(det)@0.05 power_one_sided 0.137 power_two_sided 0.102 kurtosis 0.055 spec_cnn 0.074  (6s)
  JSR  -32.0 dB  BER 0.00e+00  P(det)@0.05 power_one_sided 0.145 power_two_sided 0.141 kurtosis 0.070 spec_cnn 0.068  (7s)
  JSR  -31.0 dB  BER 0.00e+00  P(det)@0.05 power_one_sided 0.135 power_two_sided 0.119 kurtosis 0.043 spec_cnn 0.084  (7s)
  JSR  -30.0 dB  BER 0.00e+00  P(det)@0.05 power_one_sided 0.178 power_two_sided 0.154 kurtosis 0.045 spec_cnn 0.084  (7s)
  JSR  -29.0 dB  BER 0.00e+00  P(det)@0.05 power_one_sided 0.213 power_two_sided 0.186 kurtosis 0.059 spec_cnn 0.092  (8s)
  JSR  -28.0 dB  BER 0.00e+00  P(det)@0.05 power_one_sided 0.256 power_two_sided 0.221 kurtosis 0.061 spec_cnn 0.094  (8s)
  JSR  -27.0 dB  BER 0.00e+00  P(det)@0.05 power_one_sided 0.289 power_two_sided 0.268 kurtosis 0.051 spec_cnn 0.084  (8s)
  JSR  -26.0 dB  BER 0.00e+00  P(det)@0.05 power_one_sided 0.391 power_two_sided 0.355 kurtosis 0.059 spec_cnn 0.121  (9s)
  JSR  -25.0 dB  BER 0.00e+00  P(det)@0.05 power_one_sided 0.453 power_two_sided 0.432 kurtosis 0.061 spec_cnn 0.123  (9s)
  JSR  -24.0 dB  BER 0.00e+00  P(det)@0.05 power_one_sided 0.564 power_two_sided 0.514 kurtosis 0.064 spec_cnn 0.131  (9s)
  JSR  -23.0 dB  BER 3.05e-05  P(det)@0.05 power_one_sided 0.602 power_two_sided 0.588 kurtosis 0.072 spec_cnn 0.139  (10s)
  JSR  -22.0 dB  BER 3.59e-04  P(det)@0.05 power_one_sided 0.660 power_two_sided 0.619 kurtosis 0.070 spec_cnn 0.170  (10s)
  JSR  -21.0 dB  BER 8.39e-04  P(det)@0.05 power_one_sided 0.738 power_two_sided 0.699 kurtosis 0.086 spec_cnn 0.189  (10s)
  JSR  -20.0 dB  BER 1.27e-03  P(det)@0.05 power_one_sided 0.771 power_two_sided 0.742 kurtosis 0.107 spec_cnn 0.227  (11s)
  JSR  -19.0 dB  BER 1.67e-03  P(det)@0.05 power_one_sided 0.840 power_two_sided 0.828 kurtosis 0.172 spec_cnn 0.297  (11s)
  JSR  -18.0 dB  BER 2.08e-03  P(det)@0.05 power_one_sided 0.904 power_two_sided 0.908 kurtosis 0.285 spec_cnn 0.342  (11s)
  JSR  -17.0 dB  BER 2.72e-03  P(det)@0.05 power_one_sided 0.943 power_two_sided 0.930 kurtosis 0.352 spec_cnn 0.365  (12s)
  JSR  -16.0 dB  BER 2.88e-03  P(det)@0.05 power_one_sided 0.990 power_two_sided 0.990 kurtosis 0.504 spec_cnn 0.455  (12s)
  JSR  -15.0 dB  BER 3.07e-03  P(det)@0.05 power_one_sided 0.984 power_two_sided 0.984 kurtosis 0.654 spec_cnn 0.576  (12s)
  JSR  -14.0 dB  BER 3.36e-03  P(det)@0.05 power_one_sided 1.000 power_two_sided 1.000 kurtosis 0.785 spec_cnn 0.637  (13s)
  JSR  -13.0 dB  BER 3.57e-03  P(det)@0.05 power_one_sided 1.000 power_two_sided 1.000 kurtosis 0.930 spec_cnn 0.717  (13s)
  JSR  -12.0 dB  BER 4.20e-03  P(det)@0.05 power_one_sided 1.000 power_two_sided 1.000 kurtosis 0.977 spec_cnn 0.773  (13s)
  JSR  -11.0 dB  BER 4.49e-03  P(det)@0.05 power_one_sided 1.000 power_two_sided 1.000 kurtosis 0.992 spec_cnn 0.861  (14s)
  JSR  -10.0 dB  BER 4.43e-03  P(det)@0.05 power_one_sided 1.000 power_two_sided 1.000 kurtosis 1.000 spec_cnn 0.943  (14s)
  JSR   -9.0 dB  BER 4.98e-03  P(det)@0.05 power_one_sided 1.000 power_two_sided 1.000 kurtosis 1.000 spec_cnn 0.965  (14s)
  JSR   -8.0 dB  BER 5.52e-03  P(det)@0.05 power_one_sided 1.000 power_two_sided 1.000 kurtosis 1.000 spec_cnn 0.990  (15s)
  JSR   -7.0 dB  BER 5.82e-03  P(det)@0.05 power_one_sided 1.000 power_two_sided 1.000 kurtosis 1.000 spec_cnn 0.998  (15s)
  JSR   -6.0 dB  BER 6.84e-03  P(det)@0.05 power_one_sided 1.000 power_two_sided 1.000 kurtosis 1.000 spec_cnn 1.000  (15s)
  JSR   -5.0 dB  BER 7.90e-03  P(det)@0.05 power_one_sided 1.000 power_two_sided 1.000 kurtosis 1.000 spec_cnn 1.000  (16s)
  JSR   -4.0 dB  BER 8.74e-03  P(det)@0.05 power_one_sided 1.000 power_two_sided 1.000 kurtosis 1.000 spec_cnn 1.000  (16s)
  JSR   -3.0 dB  BER 1.04e-02  P(det)@0.05 power_one_sided 1.000 power_two_sided 1.000 kurtosis 1.000 spec_cnn 1.000  (16s)
  JSR   -2.0 dB  BER 1.46e-02  P(det)@0.05 power_one_sided 1.000 power_two_sided 1.000 kurtosis 1.000 spec_cnn 1.000  (17s)
  JSR   -1.0 dB  BER 1.97e-02  P(det)@0.05 power_one_sided 1.000 power_two_sided 1.000 kurtosis 1.000 spec_cnn 1.000  (17s)
  JSR   +0.0 dB  BER 2.78e-02  P(det)@0.05 power_one_sided 1.000 power_two_sided 1.000 kurtosis 1.000 spec_cnn 1.000  (17s)
  JSR   +1.0 dB  BER 3.85e-02  P(det)@0.05 power_one_sided 1.000 power_two_sided 1.000 kurtosis 1.000 spec_cnn 1.000  (18s)
  JSR   +2.0 dB  BER 5.10e-02  P(det)@0.05 power_one_sided 1.000 power_two_sided 1.000 kurtosis 1.000 spec_cnn 1.000  (18s)
  JSR   +3.0 dB  BER 6.46e-02  P(det)@0.05 power_one_sided 1.000 power_two_sided 1.000 kurtosis 1.000 spec_cnn 1.000  (18s)
  JSR   +4.0 dB  BER 9.33e-02  P(det)@0.05 power_one_sided 1.000 power_two_sided 1.000 kurtosis 1.000 spec_cnn 1.000  (19s)
  JSR   +5.0 dB  BER 1.14e-01  P(det)@0.05 power_one_sided 1.000 power_two_sided 1.000 kurtosis 1.000 spec_cnn 1.000  (19s)
  JSR   +6.0 dB  BER 1.38e-01  P(det)@0.05 power_one_sided 1.000 power_two_sided 1.000 kurtosis 1.000 spec_cnn 1.000  (19s)
  JSR   +7.0 dB  BER 1.62e-01  P(det)@0.05 power_one_sided 1.000 power_two_sided 1.000 kurtosis 1.000 spec_cnn 1.000  (20s)
  JSR   +8.0 dB  BER 1.91e-01  P(det)@0.05 power_one_sided 1.000 power_two_sided 1.000 kurtosis 1.000 spec_cnn 1.000  (20s)
  JSR   +9.0 dB  BER 2.17e-01  P(det)@0.05 power_one_sided 1.000 power_two_sided 1.000 kurtosis 1.000 spec_cnn 1.000  (20s)
  JSR  +10.0 dB  BER 2.39e-01  P(det)@0.05 power_one_sided 1.000 power_two_sided 1.000 kurtosis 1.000 spec_cnn 1.000  (21s)
  JSR  +11.0 dB  BER 2.62e-01  P(det)@0.05 power_one_sided 1.000 power_two_sided 1.000 kurtosis 1.000 spec_cnn 1.000  (21s)
  JSR  +12.0 dB  BER 2.81e-01  P(det)@0.05 power_one_sided 1.000 power_two_sided 1.000 kurtosis 1.000 spec_cnn 1.000  (21s)
  JSR  +13.0 dB  BER 3.08e-01  P(det)@0.05 power_one_sided 1.000 power_two_sided 1.000 kurtosis 1.000 spec_cnn 1.000  (22s)
  JSR  +14.0 dB  BER 3.25e-01  P(det)@0.05 power_one_sided 1.000 power_two_sided 1.000 kurtosis 1.000 spec_cnn 1.000  (22s)
  JSR  +15.0 dB  BER 3.42e-01  P(det)@0.05 power_one_sided 1.000 power_two_sided 1.000 kurtosis 1.000 spec_cnn 1.000  (22s)
  [snr_20] power_one_sided_b10 confirmed: {"power_one_sided": {"0.01": {"index": 0, "sweep_ber": 0.0, "sweep_pdet": 0.009765625, "confirmed_ber": 0.0, "confirmed_ser": 0.0, "confirmed_pdet": 0.011474609375, "passed": true}, "0.05": {"index": 0, "sweep_ber": 0.0, "sweep_pdet": 0.064453125, "confirmed_ber": 0.0, "confirmed_ser": 0.0, "confirmed_pdet": 0.05126953125, "passed": true}}, "power_two_sided": {"0.01": {"index": 0, "sweep_ber": 0.0, "sweep_pdet": 0.0078125, "confirmed_ber": 0.0, "confirmed_ser": 0.0, "confirmed_pdet": 0.010009765625, "passed": true}, "0.05": {"index": 0, "sweep_ber": 0.0, "sweep_pdet": 0.0390625, "confirmed_ber": 0.0, "confirmed_ser": 0.0, "confirmed_pdet": 0.05419921875, "passed": true}}, "kurtosis": {"0.01": {"index": 0, "sweep_ber": 0.0, "sweep_pdet": 0.0078125, "confirmed_ber": 0.0, "confirmed_ser": 0.0, "confirmed_pdet": 0.009765625, "passed": true}, "0.05": {"index": 0, "sweep_ber": 0.0, "sweep_pdet": 0.0390625, "confirmed_ber": 0.0, "confirmed_ser": 0.0, "confirmed_pdet": 0.05029296875, "passed": true}}, "spec_cnn": {"0.01": {"index": 0, "sweep_ber": 0.0, "sweep_pdet": 0.005859375, "confirmed_ber": 0.0, "confirmed_ser": 0.0, "confirmed_pdet": 0.01171875, "passed": true}, "0.05": {"index": 0, "sweep_ber": 0.0, "sweep_pdet": 0.0546875, "confirmed_ber": 0.0, "confirmed_ser": 0.0, "confirmed_pdet": 0.05322265625, "passed": true}}}  (437s)
  [snr_20] generator power_one_sided_b100 (scale 0.4022)
  JSR  -50.0 dB  BER 0.00e+00  P(det)@0.05 power_one_sided 0.059 power_two_sided 0.064 kurtosis 0.051 spec_cnn 0.057  (0s)
  JSR  -49.0 dB  BER 0.00e+00  P(det)@0.05 power_one_sided 0.064 power_two_sided 0.055 kurtosis 0.033 spec_cnn 0.041  (1s)
  JSR  -48.0 dB  BER 0.00e+00  P(det)@0.05 power_one_sided 0.061 power_two_sided 0.061 kurtosis 0.047 spec_cnn 0.061  (1s)
  JSR  -47.0 dB  BER 0.00e+00  P(det)@0.05 power_one_sided 0.070 power_two_sided 0.059 kurtosis 0.043 spec_cnn 0.057  (1s)
  JSR  -46.0 dB  BER 0.00e+00  P(det)@0.05 power_one_sided 0.055 power_two_sided 0.037 kurtosis 0.041 spec_cnn 0.059  (2s)
  JSR  -45.0 dB  BER 0.00e+00  P(det)@0.05 power_one_sided 0.062 power_two_sided 0.051 kurtosis 0.049 spec_cnn 0.061  (2s)
  JSR  -44.0 dB  BER 0.00e+00  P(det)@0.05 power_one_sided 0.049 power_two_sided 0.057 kurtosis 0.066 spec_cnn 0.051  (2s)
  JSR  -43.0 dB  BER 0.00e+00  P(det)@0.05 power_one_sided 0.068 power_two_sided 0.062 kurtosis 0.045 spec_cnn 0.053  (3s)
  JSR  -42.0 dB  BER 0.00e+00  P(det)@0.05 power_one_sided 0.070 power_two_sided 0.070 kurtosis 0.047 spec_cnn 0.057  (3s)
  JSR  -41.0 dB  BER 0.00e+00  P(det)@0.05 power_one_sided 0.047 power_two_sided 0.047 kurtosis 0.047 spec_cnn 0.066  (3s)
  JSR  -40.0 dB  BER 0.00e+00  P(det)@0.05 power_one_sided 0.076 power_two_sided 0.084 kurtosis 0.045 spec_cnn 0.055  (4s)
  JSR  -39.0 dB  BER 0.00e+00  P(det)@0.05 power_one_sided 0.066 power_two_sided 0.049 kurtosis 0.049 spec_cnn 0.047  (4s)
  JSR  -38.0 dB  BER 0.00e+00  P(det)@0.05 power_one_sided 0.047 power_two_sided 0.045 kurtosis 0.031 spec_cnn 0.057  (5s)
  JSR  -37.0 dB  BER 0.00e+00  P(det)@0.05 power_one_sided 0.064 power_two_sided 0.070 kurtosis 0.045 spec_cnn 0.039  (5s)
  JSR  -36.0 dB  BER 0.00e+00  P(det)@0.05 power_one_sided 0.066 power_two_sided 0.061 kurtosis 0.041 spec_cnn 0.049  (5s)
  JSR  -35.0 dB  BER 0.00e+00  P(det)@0.05 power_one_sided 0.092 power_two_sided 0.094 kurtosis 0.039 spec_cnn 0.059  (6s)
  JSR  -34.0 dB  BER 0.00e+00  P(det)@0.05 power_one_sided 0.096 power_two_sided 0.100 kurtosis 0.059 spec_cnn 0.049  (6s)
  JSR  -33.0 dB  BER 0.00e+00  P(det)@0.05 power_one_sided 0.145 power_two_sided 0.119 kurtosis 0.041 spec_cnn 0.029  (6s)
  JSR  -32.0 dB  BER 0.00e+00  P(det)@0.05 power_one_sided 0.125 power_two_sided 0.115 kurtosis 0.055 spec_cnn 0.045  (7s)
  JSR  -31.0 dB  BER 0.00e+00  P(det)@0.05 power_one_sided 0.158 power_two_sided 0.143 kurtosis 0.025 spec_cnn 0.051  (7s)
  JSR  -30.0 dB  BER 0.00e+00  P(det)@0.05 power_one_sided 0.158 power_two_sided 0.150 kurtosis 0.037 spec_cnn 0.051  (7s)
  JSR  -29.0 dB  BER 0.00e+00  P(det)@0.05 power_one_sided 0.213 power_two_sided 0.188 kurtosis 0.066 spec_cnn 0.062  (8s)
  JSR  -28.0 dB  BER 0.00e+00  P(det)@0.05 power_one_sided 0.236 power_two_sided 0.230 kurtosis 0.039 spec_cnn 0.070  (8s)
  JSR  -27.0 dB  BER 0.00e+00  P(det)@0.05 power_one_sided 0.281 power_two_sided 0.246 kurtosis 0.035 spec_cnn 0.076  (8s)
  JSR  -26.0 dB  BER 0.00e+00  P(det)@0.05 power_one_sided 0.377 power_two_sided 0.355 kurtosis 0.039 spec_cnn 0.088  (9s)
  JSR  -25.0 dB  BER 0.00e+00  P(det)@0.05 power_one_sided 0.451 power_two_sided 0.406 kurtosis 0.051 spec_cnn 0.107  (9s)
  JSR  -24.0 dB  BER 0.00e+00  P(det)@0.05 power_one_sided 0.508 power_two_sided 0.494 kurtosis 0.061 spec_cnn 0.109  (9s)
  JSR  -23.0 dB  BER 6.10e-05  P(det)@0.05 power_one_sided 0.557 power_two_sided 0.527 kurtosis 0.061 spec_cnn 0.117  (10s)
  JSR  -22.0 dB  BER 5.26e-04  P(det)@0.05 power_one_sided 0.602 power_two_sided 0.590 kurtosis 0.053 spec_cnn 0.113  (10s)
  JSR  -21.0 dB  BER 9.61e-04  P(det)@0.05 power_one_sided 0.697 power_two_sided 0.668 kurtosis 0.102 spec_cnn 0.148  (10s)
  JSR  -20.0 dB  BER 1.28e-03  P(det)@0.05 power_one_sided 0.812 power_two_sided 0.783 kurtosis 0.158 spec_cnn 0.186  (11s)
  JSR  -19.0 dB  BER 1.69e-03  P(det)@0.05 power_one_sided 0.857 power_two_sided 0.842 kurtosis 0.199 spec_cnn 0.186  (11s)
  JSR  -18.0 dB  BER 2.15e-03  P(det)@0.05 power_one_sided 0.902 power_two_sided 0.887 kurtosis 0.316 spec_cnn 0.232  (11s)
  JSR  -17.0 dB  BER 2.43e-03  P(det)@0.05 power_one_sided 0.951 power_two_sided 0.947 kurtosis 0.439 spec_cnn 0.289  (12s)
  JSR  -16.0 dB  BER 2.87e-03  P(det)@0.05 power_one_sided 0.990 power_two_sided 0.984 kurtosis 0.520 spec_cnn 0.357  (12s)
  JSR  -15.0 dB  BER 3.42e-03  P(det)@0.05 power_one_sided 0.990 power_two_sided 0.990 kurtosis 0.641 spec_cnn 0.459  (12s)
  JSR  -14.0 dB  BER 3.42e-03  P(det)@0.05 power_one_sided 0.996 power_two_sided 0.994 kurtosis 0.824 spec_cnn 0.533  (13s)
  JSR  -13.0 dB  BER 4.04e-03  P(det)@0.05 power_one_sided 1.000 power_two_sided 1.000 kurtosis 0.945 spec_cnn 0.613  (13s)
  JSR  -12.0 dB  BER 3.97e-03  P(det)@0.05 power_one_sided 1.000 power_two_sided 1.000 kurtosis 0.988 spec_cnn 0.707  (13s)
  JSR  -11.0 dB  BER 4.39e-03  P(det)@0.05 power_one_sided 1.000 power_two_sided 1.000 kurtosis 0.998 spec_cnn 0.811  (14s)
  JSR  -10.0 dB  BER 4.77e-03  P(det)@0.05 power_one_sided 1.000 power_two_sided 1.000 kurtosis 1.000 spec_cnn 0.885  (14s)
  JSR   -9.0 dB  BER 5.26e-03  P(det)@0.05 power_one_sided 1.000 power_two_sided 1.000 kurtosis 1.000 spec_cnn 0.936  (14s)
  JSR   -8.0 dB  BER 5.59e-03  P(det)@0.05 power_one_sided 1.000 power_two_sided 1.000 kurtosis 1.000 spec_cnn 0.988  (15s)
  JSR   -7.0 dB  BER 6.27e-03  P(det)@0.05 power_one_sided 1.000 power_two_sided 1.000 kurtosis 1.000 spec_cnn 0.996  (15s)
  JSR   -6.0 dB  BER 7.03e-03  P(det)@0.05 power_one_sided 1.000 power_two_sided 1.000 kurtosis 1.000 spec_cnn 1.000  (15s)
  JSR   -5.0 dB  BER 7.42e-03  P(det)@0.05 power_one_sided 1.000 power_two_sided 1.000 kurtosis 1.000 spec_cnn 1.000  (16s)
  JSR   -4.0 dB  BER 8.74e-03  P(det)@0.05 power_one_sided 1.000 power_two_sided 1.000 kurtosis 1.000 spec_cnn 1.000  (16s)
  JSR   -3.0 dB  BER 1.02e-02  P(det)@0.05 power_one_sided 1.000 power_two_sided 1.000 kurtosis 1.000 spec_cnn 1.000  (17s)
  JSR   -2.0 dB  BER 1.24e-02  P(det)@0.05 power_one_sided 1.000 power_two_sided 1.000 kurtosis 1.000 spec_cnn 1.000  (17s)
  JSR   -1.0 dB  BER 1.66e-02  P(det)@0.05 power_one_sided 1.000 power_two_sided 1.000 kurtosis 1.000 spec_cnn 1.000  (17s)
  JSR   +0.0 dB  BER 2.15e-02  P(det)@0.05 power_one_sided 1.000 power_two_sided 1.000 kurtosis 1.000 spec_cnn 1.000  (18s)
  JSR   +1.0 dB  BER 3.03e-02  P(det)@0.05 power_one_sided 1.000 power_two_sided 1.000 kurtosis 1.000 spec_cnn 1.000  (18s)
  JSR   +2.0 dB  BER 4.31e-02  P(det)@0.05 power_one_sided 1.000 power_two_sided 1.000 kurtosis 1.000 spec_cnn 1.000  (18s)
  JSR   +3.0 dB  BER 5.60e-02  P(det)@0.05 power_one_sided 1.000 power_two_sided 1.000 kurtosis 1.000 spec_cnn 1.000  (19s)
  JSR   +4.0 dB  BER 7.57e-02  P(det)@0.05 power_one_sided 1.000 power_two_sided 1.000 kurtosis 1.000 spec_cnn 1.000  (19s)
  JSR   +5.0 dB  BER 9.58e-02  P(det)@0.05 power_one_sided 1.000 power_two_sided 1.000 kurtosis 1.000 spec_cnn 1.000  (19s)
  JSR   +6.0 dB  BER 1.22e-01  P(det)@0.05 power_one_sided 1.000 power_two_sided 1.000 kurtosis 1.000 spec_cnn 1.000  (20s)
  JSR   +7.0 dB  BER 1.50e-01  P(det)@0.05 power_one_sided 1.000 power_two_sided 1.000 kurtosis 1.000 spec_cnn 1.000  (20s)
  JSR   +8.0 dB  BER 1.70e-01  P(det)@0.05 power_one_sided 1.000 power_two_sided 1.000 kurtosis 1.000 spec_cnn 1.000  (20s)
  JSR   +9.0 dB  BER 2.02e-01  P(det)@0.05 power_one_sided 1.000 power_two_sided 1.000 kurtosis 1.000 spec_cnn 1.000  (21s)
  JSR  +10.0 dB  BER 2.24e-01  P(det)@0.05 power_one_sided 1.000 power_two_sided 1.000 kurtosis 1.000 spec_cnn 1.000  (21s)
  JSR  +11.0 dB  BER 2.51e-01  P(det)@0.05 power_one_sided 1.000 power_two_sided 1.000 kurtosis 1.000 spec_cnn 1.000  (21s)
  JSR  +12.0 dB  BER 2.72e-01  P(det)@0.05 power_one_sided 1.000 power_two_sided 1.000 kurtosis 1.000 spec_cnn 1.000  (22s)
  JSR  +13.0 dB  BER 2.95e-01  P(det)@0.05 power_one_sided 1.000 power_two_sided 1.000 kurtosis 1.000 spec_cnn 1.000  (22s)
  JSR  +14.0 dB  BER 3.14e-01  P(det)@0.05 power_one_sided 1.000 power_two_sided 1.000 kurtosis 1.000 spec_cnn 1.000  (22s)
  JSR  +15.0 dB  BER 3.33e-01  P(det)@0.05 power_one_sided 1.000 power_two_sided 1.000 kurtosis 1.000 spec_cnn 1.000  (23s)
  [snr_20] power_one_sided_b100 confirmed: {"power_one_sided": {"0.01": {"index": 0, "sweep_ber": 0.0, "sweep_pdet": 0.009765625, "confirmed_ber": 0.0, "confirmed_ser": 0.0, "confirmed_pdet": 0.012939453125, "passed": true}, "0.05": {"index": 0, "sweep_ber": 0.0, "sweep_pdet": 0.05859375, "confirmed_ber": 0.0, "confirmed_ser": 0.0, "confirmed_pdet": 0.05126953125, "passed": true}}, "power_two_sided": {"0.01": {"index": 0, "sweep_ber": 0.0, "sweep_pdet": 0.009765625, "confirmed_ber": 0.0, "confirmed_ser": 0.0, "confirmed_pdet": 0.011474609375, "passed": true}, "0.05": {"index": 0, "sweep_ber": 0.0, "sweep_pdet": 0.064453125, "confirmed_ber": 0.0, "confirmed_ser": 0.0, "confirmed_pdet": 0.052978515625, "passed": true}}, "kurtosis": {"0.01": {"index": 27, "sweep_ber": 6.103515625e-05, "sweep_pdet": 0.015625, "confirmed_ber": 8.678436279296875e-05, "confirmed_ser": 0.0001735687255859375, "confirmed_pdet": 0.011474609375, "passed": true}, "0.05": {"index": 28, "sweep_ber": 0.00052642822265625, "sweep_pdet": 0.052734375, "confirmed_ber": 0.0004596710205078125, "confirmed_ser": 0.000919342041015625, "confirmed_pdet": 0.078125, "passed": false}}, "spec_cnn": {"0.01": {"index": 0, "sweep_ber": 0.0, "sweep_pdet": 0.01171875, "confirmed_ber": 0.0, "confirmed_ser": 0.0, "confirmed_pdet": 0.010498046875, "passed": true}, "0.05": {"index": 0, "sweep_ber": 0.0, "sweep_pdet": 0.056640625, "confirmed_ber": 0.0, "confirmed_ser": 0.0, "confirmed_pdet": 0.05322265625, "passed": true}}}  (482s)
  [snr_20] generator power_one_sided_b1000 (scale 0.4022)
  JSR  -50.0 dB  BER 0.00e+00  P(det)@0.05 power_one_sided 0.047 power_two_sided 0.064 kurtosis 0.047 spec_cnn 0.039  (0s)
  JSR  -49.0 dB  BER 0.00e+00  P(det)@0.05 power_one_sided 0.062 power_two_sided 0.062 kurtosis 0.039 spec_cnn 0.064  (1s)
  JSR  -48.0 dB  BER 0.00e+00  P(det)@0.05 power_one_sided 0.068 power_two_sided 0.066 kurtosis 0.041 spec_cnn 0.068  (1s)
  JSR  -47.0 dB  BER 0.00e+00  P(det)@0.05 power_one_sided 0.045 power_two_sided 0.037 kurtosis 0.033 spec_cnn 0.037  (1s)
  JSR  -46.0 dB  BER 0.00e+00  P(det)@0.05 power_one_sided 0.053 power_two_sided 0.062 kurtosis 0.061 spec_cnn 0.061  (2s)
  JSR  -45.0 dB  BER 0.00e+00  P(det)@0.05 power_one_sided 0.045 power_two_sided 0.061 kurtosis 0.045 spec_cnn 0.043  (2s)
  JSR  -44.0 dB  BER 0.00e+00  P(det)@0.05 power_one_sided 0.057 power_two_sided 0.041 kurtosis 0.049 spec_cnn 0.059  (2s)
  JSR  -43.0 dB  BER 0.00e+00  P(det)@0.05 power_one_sided 0.064 power_two_sided 0.064 kurtosis 0.047 spec_cnn 0.047  (3s)
  JSR  -42.0 dB  BER 0.00e+00  P(det)@0.05 power_one_sided 0.053 power_two_sided 0.066 kurtosis 0.055 spec_cnn 0.057  (3s)
  JSR  -41.0 dB  BER 0.00e+00  P(det)@0.05 power_one_sided 0.068 power_two_sided 0.055 kurtosis 0.051 spec_cnn 0.049  (3s)
  JSR  -40.0 dB  BER 0.00e+00  P(det)@0.05 power_one_sided 0.049 power_two_sided 0.074 kurtosis 0.045 spec_cnn 0.051  (4s)
  JSR  -39.0 dB  BER 0.00e+00  P(det)@0.05 power_one_sided 0.062 power_two_sided 0.061 kurtosis 0.051 spec_cnn 0.061  (4s)
  JSR  -38.0 dB  BER 0.00e+00  P(det)@0.05 power_one_sided 0.076 power_two_sided 0.072 kurtosis 0.057 spec_cnn 0.076  (4s)
  JSR  -37.0 dB  BER 0.00e+00  P(det)@0.05 power_one_sided 0.084 power_two_sided 0.088 kurtosis 0.043 spec_cnn 0.039  (5s)
  JSR  -36.0 dB  BER 0.00e+00  P(det)@0.05 power_one_sided 0.070 power_two_sided 0.062 kurtosis 0.043 spec_cnn 0.049  (5s)
  JSR  -35.0 dB  BER 0.00e+00  P(det)@0.05 power_one_sided 0.070 power_two_sided 0.074 kurtosis 0.053 spec_cnn 0.051  (5s)
  JSR  -34.0 dB  BER 0.00e+00  P(det)@0.05 power_one_sided 0.080 power_two_sided 0.086 kurtosis 0.057 spec_cnn 0.066  (6s)
  JSR  -33.0 dB  BER 0.00e+00  P(det)@0.05 power_one_sided 0.086 power_two_sided 0.072 kurtosis 0.047 spec_cnn 0.057  (6s)
  JSR  -32.0 dB  BER 0.00e+00  P(det)@0.05 power_one_sided 0.127 power_two_sided 0.105 kurtosis 0.070 spec_cnn 0.080  (6s)
  JSR  -31.0 dB  BER 0.00e+00  P(det)@0.05 power_one_sided 0.146 power_two_sided 0.143 kurtosis 0.031 spec_cnn 0.053  (7s)
  JSR  -30.0 dB  BER 0.00e+00  P(det)@0.05 power_one_sided 0.160 power_two_sided 0.156 kurtosis 0.047 spec_cnn 0.086  (7s)
  JSR  -29.0 dB  BER 0.00e+00  P(det)@0.05 power_one_sided 0.172 power_two_sided 0.158 kurtosis 0.055 spec_cnn 0.068  (7s)
  JSR  -28.0 dB  BER 0.00e+00  P(det)@0.05 power_one_sided 0.230 power_two_sided 0.229 kurtosis 0.062 spec_cnn 0.064  (8s)
  JSR  -27.0 dB  BER 0.00e+00  P(det)@0.05 power_one_sided 0.246 power_two_sided 0.232 kurtosis 0.053 spec_cnn 0.070  (8s)
  JSR  -26.0 dB  BER 0.00e+00  P(det)@0.05 power_one_sided 0.295 power_two_sided 0.291 kurtosis 0.045 spec_cnn 0.086  (8s)
  JSR  -25.0 dB  BER 0.00e+00  P(det)@0.05 power_one_sided 0.355 power_two_sided 0.334 kurtosis 0.061 spec_cnn 0.084  (9s)
  JSR  -24.0 dB  BER 0.00e+00  P(det)@0.05 power_one_sided 0.406 power_two_sided 0.396 kurtosis 0.039 spec_cnn 0.102  (9s)
  JSR  -23.0 dB  BER 0.00e+00  P(det)@0.05 power_one_sided 0.488 power_two_sided 0.498 kurtosis 0.053 spec_cnn 0.098  (10s)
  JSR  -22.0 dB  BER 7.63e-06  P(det)@0.05 power_one_sided 0.568 power_two_sided 0.559 kurtosis 0.055 spec_cnn 0.105  (10s)
  JSR  -21.0 dB  BER 0.00e+00  P(det)@0.05 power_one_sided 0.625 power_two_sided 0.650 kurtosis 0.076 spec_cnn 0.131  (10s)
  JSR  -20.0 dB  BER 1.14e-04  P(det)@0.05 power_one_sided 0.686 power_two_sided 0.691 kurtosis 0.088 spec_cnn 0.156  (11s)
  JSR  -19.0 dB  BER 2.44e-04  P(det)@0.05 power_one_sided 0.746 power_two_sided 0.742 kurtosis 0.105 spec_cnn 0.207  (11s)
  JSR  -18.0 dB  BER 5.42e-04  P(det)@0.05 power_one_sided 0.822 power_two_sided 0.836 kurtosis 0.162 spec_cnn 0.232  (11s)
  JSR  -17.0 dB  BER 7.63e-04  P(det)@0.05 power_one_sided 0.877 power_two_sided 0.875 kurtosis 0.199 spec_cnn 0.246  (12s)
  JSR  -16.0 dB  BER 1.08e-03  P(det)@0.05 power_one_sided 0.916 power_two_sided 0.930 kurtosis 0.283 spec_cnn 0.295  (12s)
  JSR  -15.0 dB  BER 1.44e-03  P(det)@0.05 power_one_sided 0.938 power_two_sided 0.945 kurtosis 0.459 spec_cnn 0.299  (12s)
  JSR  -14.0 dB  BER 1.79e-03  P(det)@0.05 power_one_sided 0.959 power_two_sided 0.965 kurtosis 0.578 spec_cnn 0.457  (13s)
  JSR  -13.0 dB  BER 2.12e-03  P(det)@0.05 power_one_sided 0.980 power_two_sided 0.979 kurtosis 0.734 spec_cnn 0.486  (13s)
  JSR  -12.0 dB  BER 2.67e-03  P(det)@0.05 power_one_sided 0.992 power_two_sided 0.992 kurtosis 0.910 spec_cnn 0.629  (13s)
  JSR  -11.0 dB  BER 2.93e-03  P(det)@0.05 power_one_sided 0.998 power_two_sided 0.998 kurtosis 0.980 spec_cnn 0.689  (14s)
  JSR  -10.0 dB  BER 3.42e-03  P(det)@0.05 power_one_sided 1.000 power_two_sided 1.000 kurtosis 0.996 spec_cnn 0.770  (14s)
  JSR   -9.0 dB  BER 4.17e-03  P(det)@0.05 power_one_sided 1.000 power_two_sided 1.000 kurtosis 1.000 spec_cnn 0.816  (14s)
  JSR   -8.0 dB  BER 6.20e-03  P(det)@0.05 power_one_sided 1.000 power_two_sided 1.000 kurtosis 1.000 spec_cnn 0.916  (15s)
  JSR   -7.0 dB  BER 9.84e-03  P(det)@0.05 power_one_sided 1.000 power_two_sided 1.000 kurtosis 1.000 spec_cnn 0.945  (15s)
  JSR   -6.0 dB  BER 1.60e-02  P(det)@0.05 power_one_sided 1.000 power_two_sided 1.000 kurtosis 1.000 spec_cnn 0.977  (15s)
  JSR   -5.0 dB  BER 2.60e-02  P(det)@0.05 power_one_sided 1.000 power_two_sided 1.000 kurtosis 1.000 spec_cnn 0.996  (16s)
  JSR   -4.0 dB  BER 3.73e-02  P(det)@0.05 power_one_sided 1.000 power_two_sided 1.000 kurtosis 1.000 spec_cnn 1.000  (16s)
  JSR   -3.0 dB  BER 5.48e-02  P(det)@0.05 power_one_sided 1.000 power_two_sided 1.000 kurtosis 1.000 spec_cnn 1.000  (16s)
  JSR   -2.0 dB  BER 7.20e-02  P(det)@0.05 power_one_sided 1.000 power_two_sided 1.000 kurtosis 1.000 spec_cnn 1.000  (17s)
  JSR   -1.0 dB  BER 9.23e-02  P(det)@0.05 power_one_sided 1.000 power_two_sided 1.000 kurtosis 1.000 spec_cnn 1.000  (17s)
  JSR   +0.0 dB  BER 1.12e-01  P(det)@0.05 power_one_sided 1.000 power_two_sided 1.000 kurtosis 1.000 spec_cnn 1.000  (17s)
  JSR   +1.0 dB  BER 1.37e-01  P(det)@0.05 power_one_sided 1.000 power_two_sided 1.000 kurtosis 1.000 spec_cnn 1.000  (18s)
  JSR   +2.0 dB  BER 1.57e-01  P(det)@0.05 power_one_sided 1.000 power_two_sided 1.000 kurtosis 1.000 spec_cnn 1.000  (18s)
  JSR   +3.0 dB  BER 1.80e-01  P(det)@0.05 power_one_sided 1.000 power_two_sided 1.000 kurtosis 1.000 spec_cnn 1.000  (18s)
  JSR   +4.0 dB  BER 1.99e-01  P(det)@0.05 power_one_sided 1.000 power_two_sided 1.000 kurtosis 1.000 spec_cnn 1.000  (19s)
  JSR   +5.0 dB  BER 2.20e-01  P(det)@0.05 power_one_sided 1.000 power_two_sided 1.000 kurtosis 1.000 spec_cnn 1.000  (19s)
  JSR   +6.0 dB  BER 2.40e-01  P(det)@0.05 power_one_sided 1.000 power_two_sided 1.000 kurtosis 1.000 spec_cnn 1.000  (20s)
  JSR   +7.0 dB  BER 2.59e-01  P(det)@0.05 power_one_sided 1.000 power_two_sided 1.000 kurtosis 1.000 spec_cnn 1.000  (20s)
  JSR   +8.0 dB  BER 2.80e-01  P(det)@0.05 power_one_sided 1.000 power_two_sided 1.000 kurtosis 1.000 spec_cnn 1.000  (20s)
  JSR   +9.0 dB  BER 2.98e-01  P(det)@0.05 power_one_sided 1.000 power_two_sided 1.000 kurtosis 1.000 spec_cnn 1.000  (20s)
  JSR  +10.0 dB  BER 3.16e-01  P(det)@0.05 power_one_sided 1.000 power_two_sided 1.000 kurtosis 1.000 spec_cnn 1.000  (21s)
  JSR  +11.0 dB  BER 3.33e-01  P(det)@0.05 power_one_sided 1.000 power_two_sided 1.000 kurtosis 1.000 spec_cnn 1.000  (21s)
  JSR  +12.0 dB  BER 3.48e-01  P(det)@0.05 power_one_sided 1.000 power_two_sided 1.000 kurtosis 1.000 spec_cnn 1.000  (22s)
  JSR  +13.0 dB  BER 3.62e-01  P(det)@0.05 power_one_sided 1.000 power_two_sided 1.000 kurtosis 1.000 spec_cnn 1.000  (22s)
  JSR  +14.0 dB  BER 3.76e-01  P(det)@0.05 power_one_sided 1.000 power_two_sided 1.000 kurtosis 1.000 spec_cnn 1.000  (22s)
  JSR  +15.0 dB  BER 3.86e-01  P(det)@0.05 power_one_sided 1.000 power_two_sided 1.000 kurtosis 1.000 spec_cnn 1.000  (23s)
  [snr_20] power_one_sided_b1000 confirmed: {"power_one_sided": {"0.01": {"index": 0, "sweep_ber": 0.0, "sweep_pdet": 0.015625, "confirmed_ber": 0.0, "confirmed_ser": 0.0, "confirmed_pdet": 0.011474609375, "passed": true}, "0.05": {"index": 0, "sweep_ber": 0.0, "sweep_pdet": 0.046875, "confirmed_ber": 0.0, "confirmed_ser": 0.0, "confirmed_pdet": 0.055419921875, "passed": true}}, "power_two_sided": {"0.01": {"index": 0, "sweep_ber": 0.0, "sweep_pdet": 0.013671875, "confirmed_ber": 0.0, "confirmed_ser": 0.0, "confirmed_pdet": 0.01171875, "passed": true}, "0.05": {"index": 0, "sweep_ber": 0.0, "sweep_pdet": 0.064453125, "confirmed_ber": 0.0, "confirmed_ser": 0.0, "confirmed_pdet": 0.053955078125, "passed": true}}, "kurtosis": {"0.01": {"index": 28, "sweep_ber": 7.62939453125e-06, "sweep_pdet": 0.01171875, "confirmed_ber": 0.0, "confirmed_ser": 0.0, "confirmed_pdet": 0.013916015625, "passed": false}, "0.05": {"index": 28, "sweep_ber": 7.62939453125e-06, "sweep_pdet": 0.0546875, "confirmed_ber": 0.0, "confirmed_ser": 0.0, "confirmed_pdet": 0.05810546875, "passed": false}}, "spec_cnn": {"0.01": {"index": 0, "sweep_ber": 0.0, "sweep_pdet": 0.005859375, "confirmed_ber": 0.0, "confirmed_ser": 0.0, "confirmed_pdet": 0.01123046875, "passed": true}, "0.05": {"index": 0, "sweep_ber": 0.0, "sweep_pdet": 0.0390625, "confirmed_ber": 0.0, "confirmed_ser": 0.0, "confirmed_pdet": 0.052978515625, "passed": true}}}  (526s)
  [snr_20] generator power_two_sided_b1 (scale 0.4022)
  JSR  -50.0 dB  BER 0.00e+00  P(det)@0.05 power_one_sided 0.037 power_two_sided 0.064 kurtosis 0.047 spec_cnn 0.045  (0s)
  JSR  -49.0 dB  BER 0.00e+00  P(det)@0.05 power_one_sided 0.068 power_two_sided 0.064 kurtosis 0.057 spec_cnn 0.049  (1s)
  JSR  -48.0 dB  BER 0.00e+00  P(det)@0.05 power_one_sided 0.049 power_two_sided 0.049 kurtosis 0.061 spec_cnn 0.053  (1s)
  JSR  -47.0 dB  BER 0.00e+00  P(det)@0.05 power_one_sided 0.062 power_two_sided 0.070 kurtosis 0.039 spec_cnn 0.027  (1s)
  JSR  -46.0 dB  BER 0.00e+00  P(det)@0.05 power_one_sided 0.064 power_two_sided 0.059 kurtosis 0.061 spec_cnn 0.053  (2s)
  JSR  -45.0 dB  BER 0.00e+00  P(det)@0.05 power_one_sided 0.061 power_two_sided 0.061 kurtosis 0.053 spec_cnn 0.053  (2s)
  JSR  -44.0 dB  BER 0.00e+00  P(det)@0.05 power_one_sided 0.084 power_two_sided 0.061 kurtosis 0.055 spec_cnn 0.033  (2s)
  JSR  -43.0 dB  BER 0.00e+00  P(det)@0.05 power_one_sided 0.064 power_two_sided 0.053 kurtosis 0.059 spec_cnn 0.059  (3s)
  JSR  -42.0 dB  BER 0.00e+00  P(det)@0.05 power_one_sided 0.070 power_two_sided 0.057 kurtosis 0.061 spec_cnn 0.049  (3s)
  JSR  -41.0 dB  BER 0.00e+00  P(det)@0.05 power_one_sided 0.062 power_two_sided 0.062 kurtosis 0.047 spec_cnn 0.057  (3s)
  JSR  -40.0 dB  BER 0.00e+00  P(det)@0.05 power_one_sided 0.080 power_two_sided 0.064 kurtosis 0.049 spec_cnn 0.051  (4s)
  JSR  -39.0 dB  BER 0.00e+00  P(det)@0.05 power_one_sided 0.064 power_two_sided 0.062 kurtosis 0.047 spec_cnn 0.059  (4s)
  JSR  -38.0 dB  BER 0.00e+00  P(det)@0.05 power_one_sided 0.074 power_two_sided 0.057 kurtosis 0.064 spec_cnn 0.070  (4s)
  JSR  -37.0 dB  BER 0.00e+00  P(det)@0.05 power_one_sided 0.059 power_two_sided 0.072 kurtosis 0.039 spec_cnn 0.051  (5s)
  JSR  -36.0 dB  BER 0.00e+00  P(det)@0.05 power_one_sided 0.088 power_two_sided 0.062 kurtosis 0.061 spec_cnn 0.066  (5s)
  JSR  -35.0 dB  BER 0.00e+00  P(det)@0.05 power_one_sided 0.105 power_two_sided 0.082 kurtosis 0.045 spec_cnn 0.068  (5s)
  JSR  -34.0 dB  BER 0.00e+00  P(det)@0.05 power_one_sided 0.098 power_two_sided 0.076 kurtosis 0.061 spec_cnn 0.078  (6s)
  JSR  -33.0 dB  BER 0.00e+00  P(det)@0.05 power_one_sided 0.107 power_two_sided 0.061 kurtosis 0.068 spec_cnn 0.094  (6s)
  JSR  -32.0 dB  BER 0.00e+00  P(det)@0.05 power_one_sided 0.119 power_two_sided 0.121 kurtosis 0.051 spec_cnn 0.082  (6s)
  JSR  -31.0 dB  BER 0.00e+00  P(det)@0.05 power_one_sided 0.168 power_two_sided 0.154 kurtosis 0.059 spec_cnn 0.072  (7s)
  JSR  -30.0 dB  BER 0.00e+00  P(det)@0.05 power_one_sided 0.146 power_two_sided 0.166 kurtosis 0.061 spec_cnn 0.086  (7s)
  JSR  -29.0 dB  BER 0.00e+00  P(det)@0.05 power_one_sided 0.229 power_two_sided 0.186 kurtosis 0.045 spec_cnn 0.092  (8s)
  JSR  -28.0 dB  BER 0.00e+00  P(det)@0.05 power_one_sided 0.285 power_two_sided 0.258 kurtosis 0.045 spec_cnn 0.076  (8s)
  JSR  -27.0 dB  BER 0.00e+00  P(det)@0.05 power_one_sided 0.334 power_two_sided 0.291 kurtosis 0.045 spec_cnn 0.107  (8s)
  JSR  -26.0 dB  BER 0.00e+00  P(det)@0.05 power_one_sided 0.393 power_two_sided 0.365 kurtosis 0.037 spec_cnn 0.113  (8s)
  JSR  -25.0 dB  BER 0.00e+00  P(det)@0.05 power_one_sided 0.432 power_two_sided 0.414 kurtosis 0.041 spec_cnn 0.105  (9s)
  JSR  -24.0 dB  BER 0.00e+00  P(det)@0.05 power_one_sided 0.494 power_two_sided 0.496 kurtosis 0.057 spec_cnn 0.133  (9s)
  JSR  -23.0 dB  BER 3.81e-05  P(det)@0.05 power_one_sided 0.602 power_two_sided 0.598 kurtosis 0.066 spec_cnn 0.111  (10s)
  JSR  -22.0 dB  BER 3.51e-04  P(det)@0.05 power_one_sided 0.650 power_two_sided 0.625 kurtosis 0.080 spec_cnn 0.168  (10s)
  JSR  -21.0 dB  BER 7.25e-04  P(det)@0.05 power_one_sided 0.770 power_two_sided 0.746 kurtosis 0.100 spec_cnn 0.197  (10s)
  JSR  -20.0 dB  BER 1.13e-03  P(det)@0.05 power_one_sided 0.822 power_two_sided 0.814 kurtosis 0.125 spec_cnn 0.215  (11s)
  JSR  -19.0 dB  BER 1.49e-03  P(det)@0.05 power_one_sided 0.846 power_two_sided 0.832 kurtosis 0.197 spec_cnn 0.268  (11s)
  JSR  -18.0 dB  BER 2.00e-03  P(det)@0.05 power_one_sided 0.916 power_two_sided 0.908 kurtosis 0.350 spec_cnn 0.342  (11s)
  JSR  -17.0 dB  BER 2.41e-03  P(det)@0.05 power_one_sided 0.949 power_two_sided 0.949 kurtosis 0.436 spec_cnn 0.332  (12s)
  JSR  -16.0 dB  BER 2.75e-03  P(det)@0.05 power_one_sided 0.977 power_two_sided 0.967 kurtosis 0.568 spec_cnn 0.400  (12s)
  JSR  -15.0 dB  BER 2.99e-03  P(det)@0.05 power_one_sided 0.994 power_two_sided 0.990 kurtosis 0.727 spec_cnn 0.539  (12s)
  JSR  -14.0 dB  BER 3.27e-03  P(det)@0.05 power_one_sided 0.996 power_two_sided 0.994 kurtosis 0.848 spec_cnn 0.598  (13s)
  JSR  -13.0 dB  BER 3.67e-03  P(det)@0.05 power_one_sided 1.000 power_two_sided 1.000 kurtosis 0.941 spec_cnn 0.699  (13s)
  JSR  -12.0 dB  BER 3.78e-03  P(det)@0.05 power_one_sided 1.000 power_two_sided 1.000 kurtosis 0.971 spec_cnn 0.805  (13s)
  JSR  -11.0 dB  BER 4.29e-03  P(det)@0.05 power_one_sided 1.000 power_two_sided 1.000 kurtosis 0.992 spec_cnn 0.857  (14s)
  JSR  -10.0 dB  BER 4.55e-03  P(det)@0.05 power_one_sided 1.000 power_two_sided 1.000 kurtosis 1.000 spec_cnn 0.941  (14s)
  JSR   -9.0 dB  BER 5.02e-03  P(det)@0.05 power_one_sided 1.000 power_two_sided 1.000 kurtosis 1.000 spec_cnn 0.965  (14s)
  JSR   -8.0 dB  BER 5.68e-03  P(det)@0.05 power_one_sided 1.000 power_two_sided 1.000 kurtosis 1.000 spec_cnn 0.988  (15s)
  JSR   -7.0 dB  BER 6.15e-03  P(det)@0.05 power_one_sided 1.000 power_two_sided 1.000 kurtosis 1.000 spec_cnn 0.998  (15s)
  JSR   -6.0 dB  BER 7.26e-03  P(det)@0.05 power_one_sided 1.000 power_two_sided 1.000 kurtosis 1.000 spec_cnn 1.000  (15s)
  JSR   -5.0 dB  BER 7.87e-03  P(det)@0.05 power_one_sided 1.000 power_two_sided 1.000 kurtosis 1.000 spec_cnn 1.000  (16s)
  JSR   -4.0 dB  BER 9.84e-03  P(det)@0.05 power_one_sided 1.000 power_two_sided 1.000 kurtosis 1.000 spec_cnn 1.000  (16s)
  JSR   -3.0 dB  BER 1.25e-02  P(det)@0.05 power_one_sided 1.000 power_two_sided 1.000 kurtosis 1.000 spec_cnn 1.000  (16s)
  JSR   -2.0 dB  BER 1.47e-02  P(det)@0.05 power_one_sided 1.000 power_two_sided 1.000 kurtosis 1.000 spec_cnn 1.000  (17s)
  JSR   -1.0 dB  BER 2.05e-02  P(det)@0.05 power_one_sided 1.000 power_two_sided 1.000 kurtosis 1.000 spec_cnn 1.000  (17s)
  JSR   +0.0 dB  BER 2.64e-02  P(det)@0.05 power_one_sided 1.000 power_two_sided 1.000 kurtosis 1.000 spec_cnn 1.000  (17s)
  JSR   +1.0 dB  BER 3.77e-02  P(det)@0.05 power_one_sided 1.000 power_two_sided 1.000 kurtosis 1.000 spec_cnn 1.000  (18s)
  JSR   +2.0 dB  BER 5.07e-02  P(det)@0.05 power_one_sided 1.000 power_two_sided 1.000 kurtosis 1.000 spec_cnn 1.000  (18s)
  JSR   +3.0 dB  BER 6.44e-02  P(det)@0.05 power_one_sided 1.000 power_two_sided 1.000 kurtosis 1.000 spec_cnn 1.000  (18s)
  JSR   +4.0 dB  BER 8.45e-02  P(det)@0.05 power_one_sided 1.000 power_two_sided 1.000 kurtosis 1.000 spec_cnn 1.000  (19s)
  JSR   +5.0 dB  BER 1.08e-01  P(det)@0.05 power_one_sided 1.000 power_two_sided 1.000 kurtosis 1.000 spec_cnn 1.000  (19s)
  JSR   +6.0 dB  BER 1.28e-01  P(det)@0.05 power_one_sided 1.000 power_two_sided 1.000 kurtosis 1.000 spec_cnn 1.000  (19s)
  JSR   +7.0 dB  BER 1.54e-01  P(det)@0.05 power_one_sided 1.000 power_two_sided 1.000 kurtosis 1.000 spec_cnn 1.000  (20s)
  JSR   +8.0 dB  BER 1.85e-01  P(det)@0.05 power_one_sided 1.000 power_two_sided 1.000 kurtosis 1.000 spec_cnn 1.000  (20s)
  JSR   +9.0 dB  BER 2.05e-01  P(det)@0.05 power_one_sided 1.000 power_two_sided 1.000 kurtosis 1.000 spec_cnn 1.000  (20s)
  JSR  +10.0 dB  BER 2.32e-01  P(det)@0.05 power_one_sided 1.000 power_two_sided 1.000 kurtosis 1.000 spec_cnn 1.000  (21s)
  JSR  +11.0 dB  BER 2.56e-01  P(det)@0.05 power_one_sided 1.000 power_two_sided 1.000 kurtosis 1.000 spec_cnn 1.000  (21s)
  JSR  +12.0 dB  BER 2.79e-01  P(det)@0.05 power_one_sided 1.000 power_two_sided 1.000 kurtosis 1.000 spec_cnn 1.000  (21s)
  JSR  +13.0 dB  BER 2.98e-01  P(det)@0.05 power_one_sided 1.000 power_two_sided 1.000 kurtosis 1.000 spec_cnn 1.000  (22s)
  JSR  +14.0 dB  BER 3.19e-01  P(det)@0.05 power_one_sided 1.000 power_two_sided 1.000 kurtosis 1.000 spec_cnn 1.000  (22s)
  JSR  +15.0 dB  BER 3.38e-01  P(det)@0.05 power_one_sided 1.000 power_two_sided 1.000 kurtosis 1.000 spec_cnn 1.000  (22s)
  [snr_20] power_two_sided_b1 confirmed: {"power_one_sided": {"0.01": {"index": 0, "sweep_ber": 0.0, "sweep_pdet": 0.015625, "confirmed_ber": 0.0, "confirmed_ser": 0.0, "confirmed_pdet": 0.010009765625, "passed": true}, "0.05": {"index": 0, "sweep_ber": 0.0, "sweep_pdet": 0.037109375, "confirmed_ber": 0.0, "confirmed_ser": 0.0, "confirmed_pdet": 0.05078125, "passed": true}}, "power_two_sided": {"0.01": {"index": 0, "sweep_ber": 0.0, "sweep_pdet": 0.017578125, "confirmed_ber": 0.0, "confirmed_ser": 0.0, "confirmed_pdet": 0.013916015625, "passed": false}, "0.05": {"index": 0, "sweep_ber": 0.0, "sweep_pdet": 0.064453125, "confirmed_ber": 0.0, "confirmed_ser": 0.0, "confirmed_pdet": 0.0537109375, "passed": true}}, "kurtosis": {"0.01": {"index": 0, "sweep_ber": 0.0, "sweep_pdet": 0.0078125, "confirmed_ber": 0.0, "confirmed_ser": 0.0, "confirmed_pdet": 0.009033203125, "passed": true}, "0.05": {"index": 27, "sweep_ber": 3.814697265625e-05, "sweep_pdet": 0.06640625, "confirmed_ber": 6.008148193359375e-05, "confirmed_ser": 0.0001201629638671875, "confirmed_pdet": 0.064697265625, "passed": false}}, "spec_cnn": {"0.01": {"index": 0, "sweep_ber": 0.0, "sweep_pdet": 0.013671875, "confirmed_ber": 0.0, "confirmed_ser": 0.0, "confirmed_pdet": 0.012451171875, "passed": true}, "0.05": {"index": 0, "sweep_ber": 0.0, "sweep_pdet": 0.044921875, "confirmed_ber": 0.0, "confirmed_ser": 0.0, "confirmed_pdet": 0.051513671875, "passed": true}}}  (571s)
  [snr_20] generator power_two_sided_b10 (scale 0.4022)
  JSR  -50.0 dB  BER 0.00e+00  P(det)@0.05 power_one_sided 0.068 power_two_sided 0.059 kurtosis 0.041 spec_cnn 0.047  (0s)
  JSR  -49.0 dB  BER 0.00e+00  P(det)@0.05 power_one_sided 0.080 power_two_sided 0.070 kurtosis 0.062 spec_cnn 0.068  (1s)
  JSR  -48.0 dB  BER 0.00e+00  P(det)@0.05 power_one_sided 0.055 power_two_sided 0.059 kurtosis 0.039 spec_cnn 0.059  (1s)
  JSR  -47.0 dB  BER 0.00e+00  P(det)@0.05 power_one_sided 0.041 power_two_sided 0.047 kurtosis 0.037 spec_cnn 0.029  (1s)
  JSR  -46.0 dB  BER 0.00e+00  P(det)@0.05 power_one_sided 0.062 power_two_sided 0.051 kurtosis 0.066 spec_cnn 0.049  (2s)
  JSR  -45.0 dB  BER 0.00e+00  P(det)@0.05 power_one_sided 0.057 power_two_sided 0.055 kurtosis 0.037 spec_cnn 0.053  (2s)
  JSR  -44.0 dB  BER 0.00e+00  P(det)@0.05 power_one_sided 0.062 power_two_sided 0.059 kurtosis 0.049 spec_cnn 0.061  (2s)
  JSR  -43.0 dB  BER 0.00e+00  P(det)@0.05 power_one_sided 0.064 power_two_sided 0.047 kurtosis 0.029 spec_cnn 0.068  (3s)
  JSR  -42.0 dB  BER 0.00e+00  P(det)@0.05 power_one_sided 0.039 power_two_sided 0.061 kurtosis 0.035 spec_cnn 0.047  (3s)
  JSR  -41.0 dB  BER 0.00e+00  P(det)@0.05 power_one_sided 0.055 power_two_sided 0.045 kurtosis 0.035 spec_cnn 0.043  (3s)
  JSR  -40.0 dB  BER 0.00e+00  P(det)@0.05 power_one_sided 0.059 power_two_sided 0.059 kurtosis 0.047 spec_cnn 0.062  (4s)
  JSR  -39.0 dB  BER 0.00e+00  P(det)@0.05 power_one_sided 0.086 power_two_sided 0.082 kurtosis 0.055 spec_cnn 0.041  (4s)
  JSR  -38.0 dB  BER 0.00e+00  P(det)@0.05 power_one_sided 0.051 power_two_sided 0.051 kurtosis 0.047 spec_cnn 0.047  (4s)
  JSR  -37.0 dB  BER 0.00e+00  P(det)@0.05 power_one_sided 0.055 power_two_sided 0.070 kurtosis 0.045 spec_cnn 0.041  (5s)
  JSR  -36.0 dB  BER 0.00e+00  P(det)@0.05 power_one_sided 0.084 power_two_sided 0.080 kurtosis 0.047 spec_cnn 0.051  (5s)
  JSR  -35.0 dB  BER 0.00e+00  P(det)@0.05 power_one_sided 0.068 power_two_sided 0.066 kurtosis 0.053 spec_cnn 0.033  (5s)
  JSR  -34.0 dB  BER 0.00e+00  P(det)@0.05 power_one_sided 0.127 power_two_sided 0.104 kurtosis 0.055 spec_cnn 0.051  (6s)
  JSR  -33.0 dB  BER 0.00e+00  P(det)@0.05 power_one_sided 0.145 power_two_sided 0.117 kurtosis 0.039 spec_cnn 0.051  (6s)
  JSR  -32.0 dB  BER 0.00e+00  P(det)@0.05 power_one_sided 0.131 power_two_sided 0.113 kurtosis 0.047 spec_cnn 0.043  (6s)
  JSR  -31.0 dB  BER 0.00e+00  P(det)@0.05 power_one_sided 0.170 power_two_sided 0.129 kurtosis 0.053 spec_cnn 0.055  (7s)
  JSR  -30.0 dB  BER 0.00e+00  P(det)@0.05 power_one_sided 0.176 power_two_sided 0.146 kurtosis 0.047 spec_cnn 0.080  (7s)
  JSR  -29.0 dB  BER 0.00e+00  P(det)@0.05 power_one_sided 0.219 power_two_sided 0.215 kurtosis 0.068 spec_cnn 0.064  (7s)
  JSR  -28.0 dB  BER 0.00e+00  P(det)@0.05 power_one_sided 0.246 power_two_sided 0.227 kurtosis 0.062 spec_cnn 0.082  (8s)
  JSR  -27.0 dB  BER 0.00e+00  P(det)@0.05 power_one_sided 0.303 power_two_sided 0.287 kurtosis 0.039 spec_cnn 0.096  (8s)
  JSR  -26.0 dB  BER 0.00e+00  P(det)@0.05 power_one_sided 0.408 power_two_sided 0.387 kurtosis 0.053 spec_cnn 0.084  (8s)
  JSR  -25.0 dB  BER 0.00e+00  P(det)@0.05 power_one_sided 0.467 power_two_sided 0.436 kurtosis 0.039 spec_cnn 0.096  (9s)
  JSR  -24.0 dB  BER 0.00e+00  P(det)@0.05 power_one_sided 0.475 power_two_sided 0.463 kurtosis 0.043 spec_cnn 0.125  (9s)
  JSR  -23.0 dB  BER 3.81e-05  P(det)@0.05 power_one_sided 0.572 power_two_sided 0.553 kurtosis 0.057 spec_cnn 0.135  (9s)
  JSR  -22.0 dB  BER 4.65e-04  P(det)@0.05 power_one_sided 0.688 power_two_sided 0.664 kurtosis 0.064 spec_cnn 0.141  (10s)
  JSR  -21.0 dB  BER 8.39e-04  P(det)@0.05 power_one_sided 0.750 power_two_sided 0.711 kurtosis 0.102 spec_cnn 0.162  (10s)
  JSR  -20.0 dB  BER 1.07e-03  P(det)@0.05 power_one_sided 0.826 power_two_sided 0.818 kurtosis 0.135 spec_cnn 0.172  (10s)
  JSR  -19.0 dB  BER 1.65e-03  P(det)@0.05 power_one_sided 0.852 power_two_sided 0.850 kurtosis 0.207 spec_cnn 0.250  (11s)
  JSR  -18.0 dB  BER 2.04e-03  P(det)@0.05 power_one_sided 0.902 power_two_sided 0.887 kurtosis 0.303 spec_cnn 0.309  (11s)
  JSR  -17.0 dB  BER 2.37e-03  P(det)@0.05 power_one_sided 0.936 power_two_sided 0.930 kurtosis 0.430 spec_cnn 0.383  (11s)
  JSR  -16.0 dB  BER 2.65e-03  P(det)@0.05 power_one_sided 0.980 power_two_sided 0.980 kurtosis 0.551 spec_cnn 0.475  (12s)
  JSR  -15.0 dB  BER 3.11e-03  P(det)@0.05 power_one_sided 0.990 power_two_sided 0.986 kurtosis 0.652 spec_cnn 0.531  (12s)
  JSR  -14.0 dB  BER 3.38e-03  P(det)@0.05 power_one_sided 0.996 power_two_sided 0.996 kurtosis 0.814 spec_cnn 0.662  (12s)
  JSR  -13.0 dB  BER 3.72e-03  P(det)@0.05 power_one_sided 0.998 power_two_sided 0.998 kurtosis 0.926 spec_cnn 0.736  (13s)
  JSR  -12.0 dB  BER 3.91e-03  P(det)@0.05 power_one_sided 1.000 power_two_sided 1.000 kurtosis 0.988 spec_cnn 0.816  (13s)
  JSR  -11.0 dB  BER 4.26e-03  P(det)@0.05 power_one_sided 1.000 power_two_sided 1.000 kurtosis 0.994 spec_cnn 0.902  (13s)
  JSR  -10.0 dB  BER 4.55e-03  P(det)@0.05 power_one_sided 1.000 power_two_sided 1.000 kurtosis 0.998 spec_cnn 0.928  (14s)
  JSR   -9.0 dB  BER 4.94e-03  P(det)@0.05 power_one_sided 1.000 power_two_sided 1.000 kurtosis 1.000 spec_cnn 0.975  (14s)
  JSR   -8.0 dB  BER 5.16e-03  P(det)@0.05 power_one_sided 1.000 power_two_sided 1.000 kurtosis 1.000 spec_cnn 0.990  (14s)
  JSR   -7.0 dB  BER 5.72e-03  P(det)@0.05 power_one_sided 1.000 power_two_sided 1.000 kurtosis 1.000 spec_cnn 0.998  (15s)
  JSR   -6.0 dB  BER 6.62e-03  P(det)@0.05 power_one_sided 1.000 power_two_sided 1.000 kurtosis 1.000 spec_cnn 1.000  (15s)
  JSR   -5.0 dB  BER 7.55e-03  P(det)@0.05 power_one_sided 1.000 power_two_sided 1.000 kurtosis 1.000 spec_cnn 1.000  (15s)
  JSR   -4.0 dB  BER 8.60e-03  P(det)@0.05 power_one_sided 1.000 power_two_sided 1.000 kurtosis 1.000 spec_cnn 1.000  (16s)
  JSR   -3.0 dB  BER 1.04e-02  P(det)@0.05 power_one_sided 1.000 power_two_sided 1.000 kurtosis 1.000 spec_cnn 1.000  (16s)
  JSR   -2.0 dB  BER 1.43e-02  P(det)@0.05 power_one_sided 1.000 power_two_sided 1.000 kurtosis 1.000 spec_cnn 1.000  (16s)
  JSR   -1.0 dB  BER 1.86e-02  P(det)@0.05 power_one_sided 1.000 power_two_sided 1.000 kurtosis 1.000 spec_cnn 1.000  (17s)
  JSR   +0.0 dB  BER 2.74e-02  P(det)@0.05 power_one_sided 1.000 power_two_sided 1.000 kurtosis 1.000 spec_cnn 1.000  (17s)
  JSR   +1.0 dB  BER 3.80e-02  P(det)@0.05 power_one_sided 1.000 power_two_sided 1.000 kurtosis 1.000 spec_cnn 1.000  (17s)
  JSR   +2.0 dB  BER 5.30e-02  P(det)@0.05 power_one_sided 1.000 power_two_sided 1.000 kurtosis 1.000 spec_cnn 1.000  (18s)
  JSR   +3.0 dB  BER 7.18e-02  P(det)@0.05 power_one_sided 1.000 power_two_sided 1.000 kurtosis 1.000 spec_cnn 1.000  (18s)
  JSR   +4.0 dB  BER 9.20e-02  P(det)@0.05 power_one_sided 1.000 power_two_sided 1.000 kurtosis 1.000 spec_cnn 1.000  (18s)
  JSR   +5.0 dB  BER 1.11e-01  P(det)@0.05 power_one_sided 1.000 power_two_sided 1.000 kurtosis 1.000 spec_cnn 1.000  (19s)
  JSR   +6.0 dB  BER 1.37e-01  P(det)@0.05 power_one_sided 1.000 power_two_sided 1.000 kurtosis 1.000 spec_cnn 1.000  (19s)
  JSR   +7.0 dB  BER 1.64e-01  P(det)@0.05 power_one_sided 1.000 power_two_sided 1.000 kurtosis 1.000 spec_cnn 1.000  (19s)
  JSR   +8.0 dB  BER 1.87e-01  P(det)@0.05 power_one_sided 1.000 power_two_sided 1.000 kurtosis 1.000 spec_cnn 1.000  (20s)
  JSR   +9.0 dB  BER 2.16e-01  P(det)@0.05 power_one_sided 1.000 power_two_sided 1.000 kurtosis 1.000 spec_cnn 1.000  (20s)
  JSR  +10.0 dB  BER 2.40e-01  P(det)@0.05 power_one_sided 1.000 power_two_sided 1.000 kurtosis 1.000 spec_cnn 1.000  (20s)
  JSR  +11.0 dB  BER 2.66e-01  P(det)@0.05 power_one_sided 1.000 power_two_sided 1.000 kurtosis 1.000 spec_cnn 1.000  (21s)
  JSR  +12.0 dB  BER 2.87e-01  P(det)@0.05 power_one_sided 1.000 power_two_sided 1.000 kurtosis 1.000 spec_cnn 1.000  (21s)
  JSR  +13.0 dB  BER 3.08e-01  P(det)@0.05 power_one_sided 1.000 power_two_sided 1.000 kurtosis 1.000 spec_cnn 1.000  (21s)
  JSR  +14.0 dB  BER 3.30e-01  P(det)@0.05 power_one_sided 1.000 power_two_sided 1.000 kurtosis 1.000 spec_cnn 1.000  (22s)
  JSR  +15.0 dB  BER 3.44e-01  P(det)@0.05 power_one_sided 1.000 power_two_sided 1.000 kurtosis 1.000 spec_cnn 1.000  (22s)
  [snr_20] power_two_sided_b10 confirmed: {"power_one_sided": {"0.01": {"index": 0, "sweep_ber": 0.0, "sweep_pdet": 0.017578125, "confirmed_ber": 0.0, "confirmed_ser": 0.0, "confirmed_pdet": 0.01025390625, "passed": true}, "0.05": {"index": 0, "sweep_ber": 0.0, "sweep_pdet": 0.068359375, "confirmed_ber": 0.0, "confirmed_ser": 0.0, "confirmed_pdet": 0.044921875, "passed": true}}, "power_two_sided": {"0.01": {"index": 0, "sweep_ber": 0.0, "sweep_pdet": 0.015625, "confirmed_ber": 0.0, "confirmed_ser": 0.0, "confirmed_pdet": 0.010009765625, "passed": true}, "0.05": {"index": 0, "sweep_ber": 0.0, "sweep_pdet": 0.05859375, "confirmed_ber": 0.0, "confirmed_ser": 0.0, "confirmed_pdet": 0.05859375, "passed": false}}, "kurtosis": {"0.01": {"index": 27, "sweep_ber": 3.814697265625e-05, "sweep_pdet": 0.01171875, "confirmed_ber": 4.76837158203125e-05, "confirmed_ser": 9.5367431640625e-05, "confirmed_pdet": 0.013427734375, "passed": false}, "0.05": {"index": 28, "sweep_ber": 0.00046539306640625, "sweep_pdet": 0.064453125, "confirmed_ber": 0.00039196014404296875, "confirmed_ser": 0.0007839202880859375, "confirmed_pdet": 0.072509765625, "passed": false}}, "spec_cnn": {"0.01": {"index": 0, "sweep_ber": 0.0, "sweep_pdet": 0.0078125, "confirmed_ber": 0.0, "confirmed_ser": 0.0, "confirmed_pdet": 0.009033203125, "passed": true}, "0.05": {"index": 0, "sweep_ber": 0.0, "sweep_pdet": 0.046875, "confirmed_ber": 0.0, "confirmed_ser": 0.0, "confirmed_pdet": 0.05322265625, "passed": true}}}  (614s)
  [snr_20] generator power_two_sided_b100 (scale 0.4022)
  JSR  -50.0 dB  BER 0.00e+00  P(det)@0.05 power_one_sided 0.051 power_two_sided 0.057 kurtosis 0.045 spec_cnn 0.059  (0s)
  JSR  -49.0 dB  BER 0.00e+00  P(det)@0.05 power_one_sided 0.059 power_two_sided 0.053 kurtosis 0.059 spec_cnn 0.062  (1s)
  JSR  -48.0 dB  BER 0.00e+00  P(det)@0.05 power_one_sided 0.061 power_two_sided 0.061 kurtosis 0.049 spec_cnn 0.066  (1s)
  JSR  -47.0 dB  BER 0.00e+00  P(det)@0.05 power_one_sided 0.049 power_two_sided 0.041 kurtosis 0.053 spec_cnn 0.061  (1s)
  JSR  -46.0 dB  BER 0.00e+00  P(det)@0.05 power_one_sided 0.057 power_two_sided 0.047 kurtosis 0.047 spec_cnn 0.053  (2s)
  JSR  -45.0 dB  BER 0.00e+00  P(det)@0.05 power_one_sided 0.051 power_two_sided 0.037 kurtosis 0.035 spec_cnn 0.047  (2s)
  JSR  -44.0 dB  BER 0.00e+00  P(det)@0.05 power_one_sided 0.059 power_two_sided 0.061 kurtosis 0.041 spec_cnn 0.055  (2s)
  JSR  -43.0 dB  BER 0.00e+00  P(det)@0.05 power_one_sided 0.051 power_two_sided 0.059 kurtosis 0.057 spec_cnn 0.053  (3s)
  JSR  -42.0 dB  BER 0.00e+00  P(det)@0.05 power_one_sided 0.057 power_two_sided 0.070 kurtosis 0.059 spec_cnn 0.057  (3s)
  JSR  -41.0 dB  BER 0.00e+00  P(det)@0.05 power_one_sided 0.055 power_two_sided 0.053 kurtosis 0.049 spec_cnn 0.053  (3s)
  JSR  -40.0 dB  BER 0.00e+00  P(det)@0.05 power_one_sided 0.043 power_two_sided 0.049 kurtosis 0.045 spec_cnn 0.059  (4s)
  JSR  -39.0 dB  BER 0.00e+00  P(det)@0.05 power_one_sided 0.064 power_two_sided 0.068 kurtosis 0.045 spec_cnn 0.059  (4s)
  JSR  -38.0 dB  BER 0.00e+00  P(det)@0.05 power_one_sided 0.076 power_two_sided 0.080 kurtosis 0.055 spec_cnn 0.074  (4s)
  JSR  -37.0 dB  BER 0.00e+00  P(det)@0.05 power_one_sided 0.080 power_two_sided 0.072 kurtosis 0.039 spec_cnn 0.051  (5s)
  JSR  -36.0 dB  BER 0.00e+00  P(det)@0.05 power_one_sided 0.094 power_two_sided 0.076 kurtosis 0.057 spec_cnn 0.061  (5s)
  JSR  -35.0 dB  BER 0.00e+00  P(det)@0.05 power_one_sided 0.098 power_two_sided 0.082 kurtosis 0.039 spec_cnn 0.037  (5s)
  JSR  -34.0 dB  BER 0.00e+00  P(det)@0.05 power_one_sided 0.121 power_two_sided 0.098 kurtosis 0.049 spec_cnn 0.055  (5s)
  JSR  -33.0 dB  BER 0.00e+00  P(det)@0.05 power_one_sided 0.090 power_two_sided 0.074 kurtosis 0.037 spec_cnn 0.057  (6s)
  JSR  -32.0 dB  BER 0.00e+00  P(det)@0.05 power_one_sided 0.150 power_two_sided 0.119 kurtosis 0.029 spec_cnn 0.055  (6s)
  JSR  -31.0 dB  BER 0.00e+00  P(det)@0.05 power_one_sided 0.168 power_two_sided 0.141 kurtosis 0.041 spec_cnn 0.057  (6s)
  JSR  -30.0 dB  BER 0.00e+00  P(det)@0.05 power_one_sided 0.189 power_two_sided 0.164 kurtosis 0.045 spec_cnn 0.072  (7s)
  JSR  -29.0 dB  BER 0.00e+00  P(det)@0.05 power_one_sided 0.209 power_two_sided 0.189 kurtosis 0.043 spec_cnn 0.047  (7s)
  JSR  -28.0 dB  BER 0.00e+00  P(det)@0.05 power_one_sided 0.254 power_two_sided 0.213 kurtosis 0.035 spec_cnn 0.082  (7s)
  JSR  -27.0 dB  BER 0.00e+00  P(det)@0.05 power_one_sided 0.309 power_two_sided 0.271 kurtosis 0.045 spec_cnn 0.092  (8s)
  JSR  -26.0 dB  BER 0.00e+00  P(det)@0.05 power_one_sided 0.357 power_two_sided 0.340 kurtosis 0.066 spec_cnn 0.117  (8s)
  JSR  -25.0 dB  BER 0.00e+00  P(det)@0.05 power_one_sided 0.436 power_two_sided 0.410 kurtosis 0.055 spec_cnn 0.107  (8s)
  JSR  -24.0 dB  BER 0.00e+00  P(det)@0.05 power_one_sided 0.467 power_two_sided 0.445 kurtosis 0.059 spec_cnn 0.084  (9s)
  JSR  -23.0 dB  BER 3.81e-05  P(det)@0.05 power_one_sided 0.543 power_two_sided 0.514 kurtosis 0.076 spec_cnn 0.127  (9s)
  JSR  -22.0 dB  BER 2.75e-04  P(det)@0.05 power_one_sided 0.650 power_two_sided 0.635 kurtosis 0.109 spec_cnn 0.109  (9s)
  JSR  -21.0 dB  BER 8.24e-04  P(det)@0.05 power_one_sided 0.711 power_two_sided 0.672 kurtosis 0.082 spec_cnn 0.158  (10s)
  JSR  -20.0 dB  BER 1.21e-03  P(det)@0.05 power_one_sided 0.797 power_two_sided 0.773 kurtosis 0.131 spec_cnn 0.217  (10s)
  JSR  -19.0 dB  BER 1.66e-03  P(det)@0.05 power_one_sided 0.859 power_two_sided 0.832 kurtosis 0.205 spec_cnn 0.254  (10s)
  JSR  -18.0 dB  BER 2.15e-03  P(det)@0.05 power_one_sided 0.904 power_two_sided 0.885 kurtosis 0.273 spec_cnn 0.309  (11s)
  JSR  -17.0 dB  BER 2.42e-03  P(det)@0.05 power_one_sided 0.965 power_two_sided 0.963 kurtosis 0.398 spec_cnn 0.396  (11s)
  JSR  -16.0 dB  BER 2.88e-03  P(det)@0.05 power_one_sided 0.986 power_two_sided 0.977 kurtosis 0.514 spec_cnn 0.426  (11s)
  JSR  -15.0 dB  BER 3.22e-03  P(det)@0.05 power_one_sided 0.977 power_two_sided 0.979 kurtosis 0.631 spec_cnn 0.488  (12s)
  JSR  -14.0 dB  BER 3.58e-03  P(det)@0.05 power_one_sided 0.998 power_two_sided 0.998 kurtosis 0.797 spec_cnn 0.619  (12s)
  JSR  -13.0 dB  BER 3.81e-03  P(det)@0.05 power_one_sided 1.000 power_two_sided 0.998 kurtosis 0.920 spec_cnn 0.709  (12s)
  JSR  -12.0 dB  BER 4.03e-03  P(det)@0.05 power_one_sided 1.000 power_two_sided 1.000 kurtosis 0.984 spec_cnn 0.828  (13s)
  JSR  -11.0 dB  BER 4.10e-03  P(det)@0.05 power_one_sided 1.000 power_two_sided 1.000 kurtosis 0.996 spec_cnn 0.887  (13s)
  JSR  -10.0 dB  BER 4.85e-03  P(det)@0.05 power_one_sided 1.000 power_two_sided 1.000 kurtosis 1.000 spec_cnn 0.939  (13s)
  JSR   -9.0 dB  BER 4.91e-03  P(det)@0.05 power_one_sided 1.000 power_two_sided 1.000 kurtosis 1.000 spec_cnn 0.955  (14s)
  JSR   -8.0 dB  BER 5.55e-03  P(det)@0.05 power_one_sided 1.000 power_two_sided 1.000 kurtosis 1.000 spec_cnn 0.994  (14s)
  JSR   -7.0 dB  BER 6.22e-03  P(det)@0.05 power_one_sided 1.000 power_two_sided 1.000 kurtosis 1.000 spec_cnn 0.998  (14s)
  JSR   -6.0 dB  BER 6.97e-03  P(det)@0.05 power_one_sided 1.000 power_two_sided 1.000 kurtosis 1.000 spec_cnn 1.000  (15s)
  JSR   -5.0 dB  BER 7.74e-03  P(det)@0.05 power_one_sided 1.000 power_two_sided 1.000 kurtosis 1.000 spec_cnn 1.000  (15s)
  JSR   -4.0 dB  BER 9.55e-03  P(det)@0.05 power_one_sided 1.000 power_two_sided 1.000 kurtosis 1.000 spec_cnn 1.000  (15s)
  JSR   -3.0 dB  BER 1.11e-02  P(det)@0.05 power_one_sided 1.000 power_two_sided 1.000 kurtosis 1.000 spec_cnn 1.000  (15s)
  JSR   -2.0 dB  BER 1.48e-02  P(det)@0.05 power_one_sided 1.000 power_two_sided 1.000 kurtosis 1.000 spec_cnn 1.000  (16s)
  JSR   -1.0 dB  BER 1.91e-02  P(det)@0.05 power_one_sided 1.000 power_two_sided 1.000 kurtosis 1.000 spec_cnn 1.000  (16s)
  JSR   +0.0 dB  BER 2.76e-02  P(det)@0.05 power_one_sided 1.000 power_two_sided 1.000 kurtosis 1.000 spec_cnn 1.000  (16s)
  JSR   +1.0 dB  BER 3.92e-02  P(det)@0.05 power_one_sided 1.000 power_two_sided 1.000 kurtosis 1.000 spec_cnn 1.000  (17s)
  JSR   +2.0 dB  BER 5.07e-02  P(det)@0.05 power_one_sided 1.000 power_two_sided 1.000 kurtosis 1.000 spec_cnn 1.000  (17s)
  JSR   +3.0 dB  BER 7.09e-02  P(det)@0.05 power_one_sided 1.000 power_two_sided 1.000 kurtosis 1.000 spec_cnn 1.000  (17s)
  JSR   +4.0 dB  BER 9.35e-02  P(det)@0.05 power_one_sided 1.000 power_two_sided 1.000 kurtosis 1.000 spec_cnn 1.000  (18s)
  JSR   +5.0 dB  BER 1.14e-01  P(det)@0.05 power_one_sided 1.000 power_two_sided 1.000 kurtosis 1.000 spec_cnn 1.000  (18s)
  JSR   +6.0 dB  BER 1.40e-01  P(det)@0.05 power_one_sided 1.000 power_two_sided 1.000 kurtosis 1.000 spec_cnn 1.000  (18s)
  JSR   +7.0 dB  BER 1.66e-01  P(det)@0.05 power_one_sided 1.000 power_two_sided 1.000 kurtosis 1.000 spec_cnn 1.000  (19s)
  JSR   +8.0 dB  BER 1.90e-01  P(det)@0.05 power_one_sided 1.000 power_two_sided 1.000 kurtosis 1.000 spec_cnn 1.000  (19s)
  JSR   +9.0 dB  BER 2.16e-01  P(det)@0.05 power_one_sided 1.000 power_two_sided 1.000 kurtosis 1.000 spec_cnn 1.000  (19s)
  JSR  +10.0 dB  BER 2.44e-01  P(det)@0.05 power_one_sided 1.000 power_two_sided 1.000 kurtosis 1.000 spec_cnn 1.000  (20s)
  JSR  +11.0 dB  BER 2.65e-01  P(det)@0.05 power_one_sided 1.000 power_two_sided 1.000 kurtosis 1.000 spec_cnn 1.000  (20s)
  JSR  +12.0 dB  BER 2.90e-01  P(det)@0.05 power_one_sided 1.000 power_two_sided 1.000 kurtosis 1.000 spec_cnn 1.000  (20s)
  JSR  +13.0 dB  BER 3.11e-01  P(det)@0.05 power_one_sided 1.000 power_two_sided 1.000 kurtosis 1.000 spec_cnn 1.000  (21s)
  JSR  +14.0 dB  BER 3.27e-01  P(det)@0.05 power_one_sided 1.000 power_two_sided 1.000 kurtosis 1.000 spec_cnn 1.000  (21s)
  JSR  +15.0 dB  BER 3.48e-01  P(det)@0.05 power_one_sided 1.000 power_two_sided 1.000 kurtosis 1.000 spec_cnn 1.000  (21s)
  [snr_20] power_two_sided_b100 confirmed: {"power_one_sided": {"0.01": {"index": 0, "sweep_ber": 0.0, "sweep_pdet": 0.009765625, "confirmed_ber": 0.0, "confirmed_ser": 0.0, "confirmed_pdet": 0.0107421875, "passed": true}, "0.05": {"index": 0, "sweep_ber": 0.0, "sweep_pdet": 0.05078125, "confirmed_ber": 0.0, "confirmed_ser": 0.0, "confirmed_pdet": 0.05517578125, "passed": true}}, "power_two_sided": {"0.01": {"index": 0, "sweep_ber": 0.0, "sweep_pdet": 0.009765625, "confirmed_ber": 0.0, "confirmed_ser": 0.0, "confirmed_pdet": 0.008544921875, "passed": true}, "0.05": {"index": 0, "sweep_ber": 0.0, "sweep_pdet": 0.056640625, "confirmed_ber": 0.0, "confirmed_ser": 0.0, "confirmed_pdet": 0.05517578125, "passed": true}}, "kurtosis": {"0.01": {"index": 29, "sweep_ber": 0.000823974609375, "sweep_pdet": 0.015625, "confirmed_ber": 0.0007696151733398438, "confirmed_ser": 0.0015392303466796875, "confirmed_pdet": 0.0283203125, "passed": false}, "0.05": {"index": 0, "sweep_ber": 0.0, "sweep_pdet": 0.044921875, "confirmed_ber": 0.0, "confirmed_ser": 0.0, "confirmed_pdet": 0.053466796875, "passed": true}}, "spec_cnn": {"0.01": {"index": 0, "sweep_ber": 0.0, "sweep_pdet": 0.0078125, "confirmed_ber": 0.0, "confirmed_ser": 0.0, "confirmed_pdet": 0.008544921875, "passed": true}, "0.05": {"index": 0, "sweep_ber": 0.0, "sweep_pdet": 0.05859375, "confirmed_ber": 0.0, "confirmed_ser": 0.0, "confirmed_pdet": 0.051513671875, "passed": true}}}  (656s)
  [snr_20] generator power_two_sided_b1000 (scale 0.4022)
  JSR  -50.0 dB  BER 0.00e+00  P(det)@0.05 power_one_sided 0.061 power_two_sided 0.062 kurtosis 0.055 spec_cnn 0.051  (0s)
  JSR  -49.0 dB  BER 0.00e+00  P(det)@0.05 power_one_sided 0.061 power_two_sided 0.064 kurtosis 0.043 spec_cnn 0.064  (1s)
  JSR  -48.0 dB  BER 0.00e+00  P(det)@0.05 power_one_sided 0.076 power_two_sided 0.045 kurtosis 0.047 spec_cnn 0.037  (1s)
  JSR  -47.0 dB  BER 0.00e+00  P(det)@0.05 power_one_sided 0.043 power_two_sided 0.061 kurtosis 0.062 spec_cnn 0.049  (1s)
  JSR  -46.0 dB  BER 0.00e+00  P(det)@0.05 power_one_sided 0.059 power_two_sided 0.055 kurtosis 0.047 spec_cnn 0.047  (1s)
  JSR  -45.0 dB  BER 0.00e+00  P(det)@0.05 power_one_sided 0.055 power_two_sided 0.041 kurtosis 0.051 spec_cnn 0.055  (2s)
  JSR  -44.0 dB  BER 0.00e+00  P(det)@0.05 power_one_sided 0.047 power_two_sided 0.055 kurtosis 0.041 spec_cnn 0.057  (2s)
  JSR  -43.0 dB  BER 0.00e+00  P(det)@0.05 power_one_sided 0.059 power_two_sided 0.057 kurtosis 0.061 spec_cnn 0.074  (2s)
  JSR  -42.0 dB  BER 0.00e+00  P(det)@0.05 power_one_sided 0.076 power_two_sided 0.068 kurtosis 0.037 spec_cnn 0.035  (3s)
  JSR  -41.0 dB  BER 0.00e+00  P(det)@0.05 power_one_sided 0.068 power_two_sided 0.057 kurtosis 0.055 spec_cnn 0.057  (3s)
  JSR  -40.0 dB  BER 0.00e+00  P(det)@0.05 power_one_sided 0.068 power_two_sided 0.070 kurtosis 0.047 spec_cnn 0.047  (3s)
  JSR  -39.0 dB  BER 0.00e+00  P(det)@0.05 power_one_sided 0.059 power_two_sided 0.059 kurtosis 0.043 spec_cnn 0.043  (4s)
  JSR  -38.0 dB  BER 0.00e+00  P(det)@0.05 power_one_sided 0.053 power_two_sided 0.072 kurtosis 0.061 spec_cnn 0.055  (4s)
  JSR  -37.0 dB  BER 0.00e+00  P(det)@0.05 power_one_sided 0.059 power_two_sided 0.072 kurtosis 0.055 spec_cnn 0.061  (4s)
  JSR  -36.0 dB  BER 0.00e+00  P(det)@0.05 power_one_sided 0.074 power_two_sided 0.051 kurtosis 0.039 spec_cnn 0.055  (5s)
  JSR  -35.0 dB  BER 0.00e+00  P(det)@0.05 power_one_sided 0.078 power_two_sided 0.080 kurtosis 0.051 spec_cnn 0.064  (5s)
  JSR  -34.0 dB  BER 0.00e+00  P(det)@0.05 power_one_sided 0.092 power_two_sided 0.066 kurtosis 0.066 spec_cnn 0.053  (5s)
  JSR  -33.0 dB  BER 0.00e+00  P(det)@0.05 power_one_sided 0.109 power_two_sided 0.084 kurtosis 0.045 spec_cnn 0.064  (6s)
  JSR  -32.0 dB  BER 0.00e+00  P(det)@0.05 power_one_sided 0.129 power_two_sided 0.107 kurtosis 0.043 spec_cnn 0.059  (6s)
  JSR  -31.0 dB  BER 0.00e+00  P(det)@0.05 power_one_sided 0.152 power_two_sided 0.141 kurtosis 0.059 spec_cnn 0.084  (6s)
  JSR  -30.0 dB  BER 0.00e+00  P(det)@0.05 power_one_sided 0.189 power_two_sided 0.170 kurtosis 0.045 spec_cnn 0.084  (7s)
  JSR  -29.0 dB  BER 0.00e+00  P(det)@0.05 power_one_sided 0.201 power_two_sided 0.232 kurtosis 0.061 spec_cnn 0.074  (7s)
  JSR  -28.0 dB  BER 0.00e+00  P(det)@0.05 power_one_sided 0.240 power_two_sided 0.209 kurtosis 0.035 spec_cnn 0.105  (7s)
  JSR  -27.0 dB  BER 0.00e+00  P(det)@0.05 power_one_sided 0.279 power_two_sided 0.244 kurtosis 0.049 spec_cnn 0.096  (8s)
  JSR  -26.0 dB  BER 0.00e+00  P(det)@0.05 power_one_sided 0.291 power_two_sided 0.283 kurtosis 0.055 spec_cnn 0.119  (8s)
  JSR  -25.0 dB  BER 0.00e+00  P(det)@0.05 power_one_sided 0.404 power_two_sided 0.363 kurtosis 0.070 spec_cnn 0.092  (8s)
  JSR  -24.0 dB  BER 0.00e+00  P(det)@0.05 power_one_sided 0.439 power_two_sided 0.416 kurtosis 0.051 spec_cnn 0.139  (8s)
  JSR  -23.0 dB  BER 0.00e+00  P(det)@0.05 power_one_sided 0.508 power_two_sided 0.494 kurtosis 0.053 spec_cnn 0.186  (9s)
  JSR  -22.0 dB  BER 0.00e+00  P(det)@0.05 power_one_sided 0.582 power_two_sided 0.564 kurtosis 0.074 spec_cnn 0.182  (9s)
  JSR  -21.0 dB  BER 7.63e-06  P(det)@0.05 power_one_sided 0.623 power_two_sided 0.617 kurtosis 0.053 spec_cnn 0.223  (9s)
  JSR  -20.0 dB  BER 1.60e-04  P(det)@0.05 power_one_sided 0.709 power_two_sided 0.715 kurtosis 0.080 spec_cnn 0.268  (10s)
  JSR  -19.0 dB  BER 3.59e-04  P(det)@0.05 power_one_sided 0.795 power_two_sided 0.803 kurtosis 0.084 spec_cnn 0.344  (10s)
  JSR  -18.0 dB  BER 7.02e-04  P(det)@0.05 power_one_sided 0.820 power_two_sided 0.840 kurtosis 0.148 spec_cnn 0.371  (10s)
  JSR  -17.0 dB  BER 1.08e-03  P(det)@0.05 power_one_sided 0.904 power_two_sided 0.889 kurtosis 0.207 spec_cnn 0.457  (11s)
  JSR  -16.0 dB  BER 1.38e-03  P(det)@0.05 power_one_sided 0.941 power_two_sided 0.941 kurtosis 0.270 spec_cnn 0.562  (11s)
  JSR  -15.0 dB  BER 1.89e-03  P(det)@0.05 power_one_sided 0.949 power_two_sided 0.947 kurtosis 0.389 spec_cnn 0.609  (11s)
  JSR  -14.0 dB  BER 2.21e-03  P(det)@0.05 power_one_sided 0.967 power_two_sided 0.969 kurtosis 0.539 spec_cnn 0.719  (12s)
  JSR  -13.0 dB  BER 2.46e-03  P(det)@0.05 power_one_sided 0.988 power_two_sided 0.990 kurtosis 0.732 spec_cnn 0.750  (12s)
  JSR  -12.0 dB  BER 2.94e-03  P(det)@0.05 power_one_sided 0.998 power_two_sided 1.000 kurtosis 0.855 spec_cnn 0.828  (12s)
  JSR  -11.0 dB  BER 3.36e-03  P(det)@0.05 power_one_sided 1.000 power_two_sided 1.000 kurtosis 0.959 spec_cnn 0.885  (13s)
  JSR  -10.0 dB  BER 3.45e-03  P(det)@0.05 power_one_sided 0.998 power_two_sided 0.998 kurtosis 0.988 spec_cnn 0.947  (13s)
  JSR   -9.0 dB  BER 4.14e-03  P(det)@0.05 power_one_sided 1.000 power_two_sided 1.000 kurtosis 0.998 spec_cnn 0.977  (13s)
  JSR   -8.0 dB  BER 5.07e-03  P(det)@0.05 power_one_sided 1.000 power_two_sided 1.000 kurtosis 1.000 spec_cnn 0.994  (14s)
  JSR   -7.0 dB  BER 6.80e-03  P(det)@0.05 power_one_sided 1.000 power_two_sided 1.000 kurtosis 1.000 spec_cnn 0.998  (14s)
  JSR   -6.0 dB  BER 1.07e-02  P(det)@0.05 power_one_sided 1.000 power_two_sided 1.000 kurtosis 1.000 spec_cnn 1.000  (14s)
  JSR   -5.0 dB  BER 1.59e-02  P(det)@0.05 power_one_sided 1.000 power_two_sided 1.000 kurtosis 1.000 spec_cnn 1.000  (14s)
  JSR   -4.0 dB  BER 2.60e-02  P(det)@0.05 power_one_sided 1.000 power_two_sided 1.000 kurtosis 1.000 spec_cnn 1.000  (15s)
  JSR   -3.0 dB  BER 3.81e-02  P(det)@0.05 power_one_sided 1.000 power_two_sided 1.000 kurtosis 1.000 spec_cnn 1.000  (15s)
  JSR   -2.0 dB  BER 5.55e-02  P(det)@0.05 power_one_sided 1.000 power_two_sided 1.000 kurtosis 1.000 spec_cnn 1.000  (15s)
  JSR   -1.0 dB  BER 7.21e-02  P(det)@0.05 power_one_sided 1.000 power_two_sided 1.000 kurtosis 1.000 spec_cnn 1.000  (16s)
  JSR   +0.0 dB  BER 9.56e-02  P(det)@0.05 power_one_sided 1.000 power_two_sided 1.000 kurtosis 1.000 spec_cnn 1.000  (16s)
  JSR   +1.0 dB  BER 1.18e-01  P(det)@0.05 power_one_sided 1.000 power_two_sided 1.000 kurtosis 1.000 spec_cnn 1.000  (16s)
  JSR   +2.0 dB  BER 1.47e-01  P(det)@0.05 power_one_sided 1.000 power_two_sided 1.000 kurtosis 1.000 spec_cnn 1.000  (17s)
  JSR   +3.0 dB  BER 1.71e-01  P(det)@0.05 power_one_sided 1.000 power_two_sided 1.000 kurtosis 1.000 spec_cnn 1.000  (17s)
  JSR   +4.0 dB  BER 1.97e-01  P(det)@0.05 power_one_sided 1.000 power_two_sided 1.000 kurtosis 1.000 spec_cnn 1.000  (17s)
  JSR   +5.0 dB  BER 2.22e-01  P(det)@0.05 power_one_sided 1.000 power_two_sided 1.000 kurtosis 1.000 spec_cnn 1.000  (18s)
  JSR   +6.0 dB  BER 2.44e-01  P(det)@0.05 power_one_sided 1.000 power_two_sided 1.000 kurtosis 1.000 spec_cnn 1.000  (18s)
  JSR   +7.0 dB  BER 2.69e-01  P(det)@0.05 power_one_sided 1.000 power_two_sided 1.000 kurtosis 1.000 spec_cnn 1.000  (18s)
  JSR   +8.0 dB  BER 2.92e-01  P(det)@0.05 power_one_sided 1.000 power_two_sided 1.000 kurtosis 1.000 spec_cnn 1.000  (19s)
  JSR   +9.0 dB  BER 3.11e-01  P(det)@0.05 power_one_sided 1.000 power_two_sided 1.000 kurtosis 1.000 spec_cnn 1.000  (19s)
  JSR  +10.0 dB  BER 3.32e-01  P(det)@0.05 power_one_sided 1.000 power_two_sided 1.000 kurtosis 1.000 spec_cnn 1.000  (19s)
  JSR  +11.0 dB  BER 3.47e-01  P(det)@0.05 power_one_sided 1.000 power_two_sided 1.000 kurtosis 1.000 spec_cnn 1.000  (19s)
  JSR  +12.0 dB  BER 3.64e-01  P(det)@0.05 power_one_sided 1.000 power_two_sided 1.000 kurtosis 1.000 spec_cnn 1.000  (20s)
  JSR  +13.0 dB  BER 3.77e-01  P(det)@0.05 power_one_sided 1.000 power_two_sided 1.000 kurtosis 1.000 spec_cnn 1.000  (20s)
  JSR  +14.0 dB  BER 3.89e-01  P(det)@0.05 power_one_sided 1.000 power_two_sided 1.000 kurtosis 1.000 spec_cnn 1.000  (20s)
  JSR  +15.0 dB  BER 4.00e-01  P(det)@0.05 power_one_sided 1.000 power_two_sided 1.000 kurtosis 1.000 spec_cnn 1.000  (21s)
  [snr_20] power_two_sided_b1000 confirmed: {"power_one_sided": {"0.01": {"index": 0, "sweep_ber": 0.0, "sweep_pdet": 0.01171875, "confirmed_ber": 0.0, "confirmed_ser": 0.0, "confirmed_pdet": 0.011474609375, "passed": true}, "0.05": {"index": 0, "sweep_ber": 0.0, "sweep_pdet": 0.060546875, "confirmed_ber": 0.0, "confirmed_ser": 0.0, "confirmed_pdet": 0.050537109375, "passed": true}}, "power_two_sided": {"0.01": {"index": 0, "sweep_ber": 0.0, "sweep_pdet": 0.009765625, "confirmed_ber": 0.0, "confirmed_ser": 0.0, "confirmed_pdet": 0.009765625, "passed": true}, "0.05": {"index": 0, "sweep_ber": 0.0, "sweep_pdet": 0.0625, "confirmed_ber": 0.0, "confirmed_ser": 0.0, "confirmed_pdet": 0.052001953125, "passed": true}}, "kurtosis": {"0.01": {"index": 29, "sweep_ber": 7.62939453125e-06, "sweep_pdet": 0.013671875, "confirmed_ber": 2.288818359375e-05, "confirmed_ser": 4.57763671875e-05, "confirmed_pdet": 0.014892578125, "passed": false}, "0.05": {"index": 29, "sweep_ber": 7.62939453125e-06, "sweep_pdet": 0.052734375, "confirmed_ber": 1.621246337890625e-05, "confirmed_ser": 3.24249267578125e-05, "confirmed_pdet": 0.064697265625, "passed": false}}, "spec_cnn": {"0.01": {"index": 0, "sweep_ber": 0.0, "sweep_pdet": 0.009765625, "confirmed_ber": 0.0, "confirmed_ser": 0.0, "confirmed_pdet": 0.011474609375, "passed": true}, "0.05": {"index": 0, "sweep_ber": 0.0, "sweep_pdet": 0.05078125, "confirmed_ber": 0.0, "confirmed_ser": 0.0, "confirmed_pdet": 0.051513671875, "passed": true}}}  (696s)
  [snr_20] generator kurtosis_b1 (scale 0.4022)
  JSR  -50.0 dB  BER 0.00e+00  P(det)@0.05 power_one_sided 0.061 power_two_sided 0.055 kurtosis 0.059 spec_cnn 0.070  (0s)
  JSR  -49.0 dB  BER 0.00e+00  P(det)@0.05 power_one_sided 0.062 power_two_sided 0.055 kurtosis 0.049 spec_cnn 0.062  (1s)
  JSR  -48.0 dB  BER 0.00e+00  P(det)@0.05 power_one_sided 0.059 power_two_sided 0.062 kurtosis 0.051 spec_cnn 0.053  (1s)
  JSR  -47.0 dB  BER 0.00e+00  P(det)@0.05 power_one_sided 0.047 power_two_sided 0.053 kurtosis 0.053 spec_cnn 0.047  (1s)
  JSR  -46.0 dB  BER 0.00e+00  P(det)@0.05 power_one_sided 0.076 power_two_sided 0.068 kurtosis 0.043 spec_cnn 0.045  (2s)
  JSR  -45.0 dB  BER 0.00e+00  P(det)@0.05 power_one_sided 0.049 power_two_sided 0.037 kurtosis 0.041 spec_cnn 0.041  (2s)
  JSR  -44.0 dB  BER 0.00e+00  P(det)@0.05 power_one_sided 0.059 power_two_sided 0.045 kurtosis 0.055 spec_cnn 0.039  (2s)
  JSR  -43.0 dB  BER 0.00e+00  P(det)@0.05 power_one_sided 0.074 power_two_sided 0.084 kurtosis 0.051 spec_cnn 0.051  (2s)
  JSR  -42.0 dB  BER 0.00e+00  P(det)@0.05 power_one_sided 0.068 power_two_sided 0.062 kurtosis 0.061 spec_cnn 0.049  (3s)
  JSR  -41.0 dB  BER 0.00e+00  P(det)@0.05 power_one_sided 0.070 power_two_sided 0.078 kurtosis 0.066 spec_cnn 0.055  (3s)
  JSR  -40.0 dB  BER 0.00e+00  P(det)@0.05 power_one_sided 0.086 power_two_sided 0.080 kurtosis 0.031 spec_cnn 0.051  (3s)
  JSR  -39.0 dB  BER 0.00e+00  P(det)@0.05 power_one_sided 0.078 power_two_sided 0.066 kurtosis 0.062 spec_cnn 0.066  (4s)
  JSR  -38.0 dB  BER 0.00e+00  P(det)@0.05 power_one_sided 0.064 power_two_sided 0.053 kurtosis 0.045 spec_cnn 0.055  (4s)
  JSR  -37.0 dB  BER 0.00e+00  P(det)@0.05 power_one_sided 0.070 power_two_sided 0.076 kurtosis 0.064 spec_cnn 0.055  (4s)
  JSR  -36.0 dB  BER 0.00e+00  P(det)@0.05 power_one_sided 0.094 power_two_sided 0.078 kurtosis 0.043 spec_cnn 0.039  (5s)
  JSR  -35.0 dB  BER 0.00e+00  P(det)@0.05 power_one_sided 0.092 power_two_sided 0.064 kurtosis 0.039 spec_cnn 0.070  (5s)
  JSR  -34.0 dB  BER 0.00e+00  P(det)@0.05 power_one_sided 0.098 power_two_sided 0.094 kurtosis 0.057 spec_cnn 0.068  (5s)
  JSR  -33.0 dB  BER 0.00e+00  P(det)@0.05 power_one_sided 0.102 power_two_sided 0.080 kurtosis 0.061 spec_cnn 0.076  (6s)
  JSR  -32.0 dB  BER 0.00e+00  P(det)@0.05 power_one_sided 0.133 power_two_sided 0.109 kurtosis 0.039 spec_cnn 0.064  (6s)
  JSR  -31.0 dB  BER 0.00e+00  P(det)@0.05 power_one_sided 0.172 power_two_sided 0.139 kurtosis 0.064 spec_cnn 0.080  (6s)
  JSR  -30.0 dB  BER 0.00e+00  P(det)@0.05 power_one_sided 0.189 power_two_sided 0.182 kurtosis 0.062 spec_cnn 0.072  (6s)
  JSR  -29.0 dB  BER 0.00e+00  P(det)@0.05 power_one_sided 0.197 power_two_sided 0.180 kurtosis 0.037 spec_cnn 0.084  (7s)
  JSR  -28.0 dB  BER 0.00e+00  P(det)@0.05 power_one_sided 0.250 power_two_sided 0.221 kurtosis 0.062 spec_cnn 0.088  (7s)
  JSR  -27.0 dB  BER 0.00e+00  P(det)@0.05 power_one_sided 0.281 power_two_sided 0.258 kurtosis 0.064 spec_cnn 0.098  (7s)
  JSR  -26.0 dB  BER 0.00e+00  P(det)@0.05 power_one_sided 0.340 power_two_sided 0.328 kurtosis 0.062 spec_cnn 0.121  (8s)
  JSR  -25.0 dB  BER 0.00e+00  P(det)@0.05 power_one_sided 0.455 power_two_sided 0.441 kurtosis 0.055 spec_cnn 0.129  (8s)
  JSR  -24.0 dB  BER 0.00e+00  P(det)@0.05 power_one_sided 0.545 power_two_sided 0.514 kurtosis 0.061 spec_cnn 0.145  (8s)
  JSR  -23.0 dB  BER 4.58e-05  P(det)@0.05 power_one_sided 0.594 power_two_sided 0.582 kurtosis 0.049 spec_cnn 0.139  (9s)
  JSR  -22.0 dB  BER 2.82e-04  P(det)@0.05 power_one_sided 0.635 power_two_sided 0.609 kurtosis 0.066 spec_cnn 0.158  (9s)
  JSR  -21.0 dB  BER 7.02e-04  P(det)@0.05 power_one_sided 0.715 power_two_sided 0.697 kurtosis 0.088 spec_cnn 0.199  (9s)
  JSR  -20.0 dB  BER 1.14e-03  P(det)@0.05 power_one_sided 0.795 power_two_sided 0.783 kurtosis 0.131 spec_cnn 0.240  (10s)
  JSR  -19.0 dB  BER 1.54e-03  P(det)@0.05 power_one_sided 0.842 power_two_sided 0.826 kurtosis 0.195 spec_cnn 0.275  (10s)
  JSR  -18.0 dB  BER 1.93e-03  P(det)@0.05 power_one_sided 0.904 power_two_sided 0.898 kurtosis 0.291 spec_cnn 0.322  (10s)
  JSR  -17.0 dB  BER 2.40e-03  P(det)@0.05 power_one_sided 0.943 power_two_sided 0.938 kurtosis 0.352 spec_cnn 0.387  (11s)
  JSR  -16.0 dB  BER 2.75e-03  P(det)@0.05 power_one_sided 0.971 power_two_sided 0.967 kurtosis 0.520 spec_cnn 0.479  (11s)
  JSR  -15.0 dB  BER 2.98e-03  P(det)@0.05 power_one_sided 0.988 power_two_sided 0.986 kurtosis 0.676 spec_cnn 0.574  (11s)
  JSR  -14.0 dB  BER 3.19e-03  P(det)@0.05 power_one_sided 1.000 power_two_sided 0.998 kurtosis 0.832 spec_cnn 0.646  (11s)
  JSR  -13.0 dB  BER 3.80e-03  P(det)@0.05 power_one_sided 1.000 power_two_sided 1.000 kurtosis 0.895 spec_cnn 0.760  (12s)
  JSR  -12.0 dB  BER 3.90e-03  P(det)@0.05 power_one_sided 1.000 power_two_sided 1.000 kurtosis 0.965 spec_cnn 0.811  (12s)
  JSR  -11.0 dB  BER 4.39e-03  P(det)@0.05 power_one_sided 1.000 power_two_sided 1.000 kurtosis 0.986 spec_cnn 0.889  (12s)
  JSR  -10.0 dB  BER 4.73e-03  P(det)@0.05 power_one_sided 1.000 power_two_sided 1.000 kurtosis 1.000 spec_cnn 0.951  (13s)
  JSR   -9.0 dB  BER 4.71e-03  P(det)@0.05 power_one_sided 1.000 power_two_sided 1.000 kurtosis 1.000 spec_cnn 0.982  (13s)
  JSR   -8.0 dB  BER 5.16e-03  P(det)@0.05 power_one_sided 1.000 power_two_sided 1.000 kurtosis 1.000 spec_cnn 0.990  (13s)
  JSR   -7.0 dB  BER 6.18e-03  P(det)@0.05 power_one_sided 1.000 power_two_sided 1.000 kurtosis 1.000 spec_cnn 1.000  (14s)
  JSR   -6.0 dB  BER 6.74e-03  P(det)@0.05 power_one_sided 1.000 power_two_sided 1.000 kurtosis 1.000 spec_cnn 1.000  (14s)
  JSR   -5.0 dB  BER 7.73e-03  P(det)@0.05 power_one_sided 1.000 power_two_sided 1.000 kurtosis 1.000 spec_cnn 1.000  (14s)
  JSR   -4.0 dB  BER 9.50e-03  P(det)@0.05 power_one_sided 1.000 power_two_sided 1.000 kurtosis 1.000 spec_cnn 1.000  (15s)
  JSR   -3.0 dB  BER 1.23e-02  P(det)@0.05 power_one_sided 1.000 power_two_sided 1.000 kurtosis 1.000 spec_cnn 1.000  (15s)
  JSR   -2.0 dB  BER 1.78e-02  P(det)@0.05 power_one_sided 1.000 power_two_sided 1.000 kurtosis 1.000 spec_cnn 1.000  (15s)
  JSR   -1.0 dB  BER 2.32e-02  P(det)@0.05 power_one_sided 1.000 power_two_sided 1.000 kurtosis 1.000 spec_cnn 1.000  (16s)
  JSR   +0.0 dB  BER 3.19e-02  P(det)@0.05 power_one_sided 1.000 power_two_sided 1.000 kurtosis 1.000 spec_cnn 1.000  (16s)
  JSR   +1.0 dB  BER 4.68e-02  P(det)@0.05 power_one_sided 1.000 power_two_sided 1.000 kurtosis 1.000 spec_cnn 1.000  (16s)
  JSR   +2.0 dB  BER 6.31e-02  P(det)@0.05 power_one_sided 1.000 power_two_sided 1.000 kurtosis 1.000 spec_cnn 1.000  (16s)
  JSR   +3.0 dB  BER 8.52e-02  P(det)@0.05 power_one_sided 1.000 power_two_sided 1.000 kurtosis 1.000 spec_cnn 1.000  (17s)
  JSR   +4.0 dB  BER 1.06e-01  P(det)@0.05 power_one_sided 1.000 power_two_sided 1.000 kurtosis 1.000 spec_cnn 1.000  (17s)
  JSR   +5.0 dB  BER 1.33e-01  P(det)@0.05 power_one_sided 1.000 power_two_sided 1.000 kurtosis 1.000 spec_cnn 1.000  (17s)
  JSR   +6.0 dB  BER 1.58e-01  P(det)@0.05 power_one_sided 1.000 power_two_sided 1.000 kurtosis 1.000 spec_cnn 1.000  (18s)
  JSR   +7.0 dB  BER 1.83e-01  P(det)@0.05 power_one_sided 1.000 power_two_sided 1.000 kurtosis 1.000 spec_cnn 1.000  (18s)
  JSR   +8.0 dB  BER 2.07e-01  P(det)@0.05 power_one_sided 1.000 power_two_sided 1.000 kurtosis 1.000 spec_cnn 1.000  (18s)
  JSR   +9.0 dB  BER 2.38e-01  P(det)@0.05 power_one_sided 1.000 power_two_sided 1.000 kurtosis 1.000 spec_cnn 1.000  (19s)
  JSR  +10.0 dB  BER 2.58e-01  P(det)@0.05 power_one_sided 1.000 power_two_sided 1.000 kurtosis 1.000 spec_cnn 1.000  (19s)
  JSR  +11.0 dB  BER 2.83e-01  P(det)@0.05 power_one_sided 1.000 power_two_sided 1.000 kurtosis 1.000 spec_cnn 1.000  (19s)
  JSR  +12.0 dB  BER 3.03e-01  P(det)@0.05 power_one_sided 1.000 power_two_sided 1.000 kurtosis 1.000 spec_cnn 1.000  (20s)
  JSR  +13.0 dB  BER 3.22e-01  P(det)@0.05 power_one_sided 1.000 power_two_sided 1.000 kurtosis 1.000 spec_cnn 1.000  (20s)
  JSR  +14.0 dB  BER 3.41e-01  P(det)@0.05 power_one_sided 1.000 power_two_sided 1.000 kurtosis 1.000 spec_cnn 1.000  (20s)
  JSR  +15.0 dB  BER 3.55e-01  P(det)@0.05 power_one_sided 1.000 power_two_sided 1.000 kurtosis 1.000 spec_cnn 1.000  (20s)
  [snr_20] kurtosis_b1 confirmed: {"power_one_sided": {"0.01": {"index": 0, "sweep_ber": 0.0, "sweep_pdet": 0.013671875, "confirmed_ber": 0.0, "confirmed_ser": 0.0, "confirmed_pdet": 0.01025390625, "passed": true}, "0.05": {"index": 0, "sweep_ber": 0.0, "sweep_pdet": 0.060546875, "confirmed_ber": 0.0, "confirmed_ser": 0.0, "confirmed_pdet": 0.056884765625, "passed": false}}, "power_two_sided": {"0.01": {"index": 0, "sweep_ber": 0.0, "sweep_pdet": 0.009765625, "confirmed_ber": 0.0, "confirmed_ser": 0.0, "confirmed_pdet": 0.0087890625, "passed": true}, "0.05": {"index": 0, "sweep_ber": 0.0, "sweep_pdet": 0.0546875, "confirmed_ber": 0.0, "confirmed_ser": 0.0, "confirmed_pdet": 0.053466796875, "passed": true}}, "kurtosis": {"0.01": {"index": 27, "sweep_ber": 4.57763671875e-05, "sweep_pdet": 0.01171875, "confirmed_ber": 2.765655517578125e-05, "confirmed_ser": 5.53131103515625e-05, "confirmed_pdet": 0.015625, "passed": false}, "0.05": {"index": 28, "sweep_ber": 0.00028228759765625, "sweep_pdet": 0.06640625, "confirmed_ber": 0.00031375885009765625, "confirmed_ser": 0.0006275177001953125, "confirmed_pdet": 0.07763671875, "passed": false}}, "spec_cnn": {"0.01": {"index": 0, "sweep_ber": 0.0, "sweep_pdet": 0.015625, "confirmed_ber": 0.0, "confirmed_ser": 0.0, "confirmed_pdet": 0.0107421875, "passed": true}, "0.05": {"index": 1, "sweep_ber": 0.0, "sweep_pdet": 0.0625, "confirmed_ber": 0.0, "confirmed_ser": 0.0, "confirmed_pdet": 0.054443359375, "passed": true}}}  (737s)
  [snr_20] generator kurtosis_b10 (scale 0.4022)
  JSR  -50.0 dB  BER 0.00e+00  P(det)@0.05 power_one_sided 0.072 power_two_sided 0.062 kurtosis 0.043 spec_cnn 0.037  (0s)
  JSR  -49.0 dB  BER 0.00e+00  P(det)@0.05 power_one_sided 0.072 power_two_sided 0.049 kurtosis 0.053 spec_cnn 0.037  (1s)
  JSR  -48.0 dB  BER 0.00e+00  P(det)@0.05 power_one_sided 0.047 power_two_sided 0.055 kurtosis 0.045 spec_cnn 0.051  (1s)
  JSR  -47.0 dB  BER 0.00e+00  P(det)@0.05 power_one_sided 0.049 power_two_sided 0.047 kurtosis 0.045 spec_cnn 0.029  (1s)
  JSR  -46.0 dB  BER 0.00e+00  P(det)@0.05 power_one_sided 0.062 power_two_sided 0.057 kurtosis 0.039 spec_cnn 0.076  (2s)
  JSR  -45.0 dB  BER 0.00e+00  P(det)@0.05 power_one_sided 0.078 power_two_sided 0.072 kurtosis 0.068 spec_cnn 0.035  (2s)
  JSR  -44.0 dB  BER 0.00e+00  P(det)@0.05 power_one_sided 0.064 power_two_sided 0.045 kurtosis 0.043 spec_cnn 0.057  (2s)
  JSR  -43.0 dB  BER 0.00e+00  P(det)@0.05 power_one_sided 0.035 power_two_sided 0.045 kurtosis 0.041 spec_cnn 0.055  (2s)
  JSR  -42.0 dB  BER 0.00e+00  P(det)@0.05 power_one_sided 0.055 power_two_sided 0.039 kurtosis 0.041 spec_cnn 0.051  (3s)
  JSR  -41.0 dB  BER 0.00e+00  P(det)@0.05 power_one_sided 0.057 power_two_sided 0.043 kurtosis 0.064 spec_cnn 0.053  (3s)
  JSR  -40.0 dB  BER 0.00e+00  P(det)@0.05 power_one_sided 0.074 power_two_sided 0.070 kurtosis 0.049 spec_cnn 0.053  (3s)
  JSR  -39.0 dB  BER 0.00e+00  P(det)@0.05 power_one_sided 0.076 power_two_sided 0.088 kurtosis 0.041 spec_cnn 0.041  (4s)
  JSR  -38.0 dB  BER 0.00e+00  P(det)@0.05 power_one_sided 0.064 power_two_sided 0.066 kurtosis 0.049 spec_cnn 0.059  (4s)
  JSR  -37.0 dB  BER 0.00e+00  P(det)@0.05 power_one_sided 0.086 power_two_sided 0.096 kurtosis 0.043 spec_cnn 0.031  (4s)
  JSR  -36.0 dB  BER 0.00e+00  P(det)@0.05 power_one_sided 0.070 power_two_sided 0.082 kurtosis 0.066 spec_cnn 0.059  (5s)
  JSR  -35.0 dB  BER 0.00e+00  P(det)@0.05 power_one_sided 0.088 power_two_sided 0.057 kurtosis 0.029 spec_cnn 0.041  (5s)
  JSR  -34.0 dB  BER 0.00e+00  P(det)@0.05 power_one_sided 0.115 power_two_sided 0.102 kurtosis 0.037 spec_cnn 0.068  (5s)
  JSR  -33.0 dB  BER 0.00e+00  P(det)@0.05 power_one_sided 0.121 power_two_sided 0.115 kurtosis 0.057 spec_cnn 0.043  (6s)
  JSR  -32.0 dB  BER 0.00e+00  P(det)@0.05 power_one_sided 0.143 power_two_sided 0.125 kurtosis 0.064 spec_cnn 0.057  (6s)
  JSR  -31.0 dB  BER 0.00e+00  P(det)@0.05 power_one_sided 0.146 power_two_sided 0.127 kurtosis 0.037 spec_cnn 0.057  (6s)
  JSR  -30.0 dB  BER 0.00e+00  P(det)@0.05 power_one_sided 0.199 power_two_sided 0.166 kurtosis 0.047 spec_cnn 0.061  (6s)
  JSR  -29.0 dB  BER 0.00e+00  P(det)@0.05 power_one_sided 0.229 power_two_sided 0.191 kurtosis 0.072 spec_cnn 0.066  (7s)
  JSR  -28.0 dB  BER 0.00e+00  P(det)@0.05 power_one_sided 0.244 power_two_sided 0.205 kurtosis 0.061 spec_cnn 0.072  (7s)
  JSR  -27.0 dB  BER 0.00e+00  P(det)@0.05 power_one_sided 0.303 power_two_sided 0.260 kurtosis 0.051 spec_cnn 0.082  (7s)
  JSR  -26.0 dB  BER 0.00e+00  P(det)@0.05 power_one_sided 0.365 power_two_sided 0.350 kurtosis 0.049 spec_cnn 0.100  (8s)
  JSR  -25.0 dB  BER 0.00e+00  P(det)@0.05 power_one_sided 0.428 power_two_sided 0.387 kurtosis 0.053 spec_cnn 0.098  (8s)
  JSR  -24.0 dB  BER 0.00e+00  P(det)@0.05 power_one_sided 0.490 power_two_sided 0.469 kurtosis 0.053 spec_cnn 0.113  (8s)
  JSR  -23.0 dB  BER 6.10e-05  P(det)@0.05 power_one_sided 0.582 power_two_sided 0.564 kurtosis 0.051 spec_cnn 0.121  (9s)
  JSR  -22.0 dB  BER 4.20e-04  P(det)@0.05 power_one_sided 0.643 power_two_sided 0.619 kurtosis 0.051 spec_cnn 0.160  (9s)
  JSR  -21.0 dB  BER 7.86e-04  P(det)@0.05 power_one_sided 0.695 power_two_sided 0.676 kurtosis 0.090 spec_cnn 0.215  (9s)
  JSR  -20.0 dB  BER 1.09e-03  P(det)@0.05 power_one_sided 0.793 power_two_sided 0.779 kurtosis 0.137 spec_cnn 0.184  (10s)
  JSR  -19.0 dB  BER 1.63e-03  P(det)@0.05 power_one_sided 0.854 power_two_sided 0.850 kurtosis 0.193 spec_cnn 0.256  (10s)
  JSR  -18.0 dB  BER 1.97e-03  P(det)@0.05 power_one_sided 0.928 power_two_sided 0.906 kurtosis 0.277 spec_cnn 0.314  (10s)
  JSR  -17.0 dB  BER 2.33e-03  P(det)@0.05 power_one_sided 0.943 power_two_sided 0.943 kurtosis 0.430 spec_cnn 0.354  (10s)
  JSR  -16.0 dB  BER 2.66e-03  P(det)@0.05 power_one_sided 0.973 power_two_sided 0.965 kurtosis 0.557 spec_cnn 0.443  (11s)
  JSR  -15.0 dB  BER 3.00e-03  P(det)@0.05 power_one_sided 0.988 power_two_sided 0.990 kurtosis 0.662 spec_cnn 0.592  (11s)
  JSR  -14.0 dB  BER 3.27e-03  P(det)@0.05 power_one_sided 1.000 power_two_sided 0.998 kurtosis 0.797 spec_cnn 0.646  (11s)
  JSR  -13.0 dB  BER 3.77e-03  P(det)@0.05 power_one_sided 1.000 power_two_sided 0.998 kurtosis 0.906 spec_cnn 0.725  (12s)
  JSR  -12.0 dB  BER 4.28e-03  P(det)@0.05 power_one_sided 1.000 power_two_sided 1.000 kurtosis 0.951 spec_cnn 0.824  (12s)
  JSR  -11.0 dB  BER 4.28e-03  P(det)@0.05 power_one_sided 1.000 power_two_sided 1.000 kurtosis 0.984 spec_cnn 0.895  (12s)
  JSR  -10.0 dB  BER 4.94e-03  P(det)@0.05 power_one_sided 1.000 power_two_sided 1.000 kurtosis 0.998 spec_cnn 0.938  (13s)
  JSR   -9.0 dB  BER 5.26e-03  P(det)@0.05 power_one_sided 1.000 power_two_sided 1.000 kurtosis 1.000 spec_cnn 0.986  (13s)
  JSR   -8.0 dB  BER 5.89e-03  P(det)@0.05 power_one_sided 1.000 power_two_sided 1.000 kurtosis 1.000 spec_cnn 0.998  (13s)
  JSR   -7.0 dB  BER 6.64e-03  P(det)@0.05 power_one_sided 1.000 power_two_sided 1.000 kurtosis 1.000 spec_cnn 0.996  (14s)
  JSR   -6.0 dB  BER 7.87e-03  P(det)@0.05 power_one_sided 1.000 power_two_sided 1.000 kurtosis 1.000 spec_cnn 1.000  (14s)
  JSR   -5.0 dB  BER 8.64e-03  P(det)@0.05 power_one_sided 1.000 power_two_sided 1.000 kurtosis 1.000 spec_cnn 1.000  (14s)
  JSR   -4.0 dB  BER 9.68e-03  P(det)@0.05 power_one_sided 1.000 power_two_sided 1.000 kurtosis 1.000 spec_cnn 1.000  (14s)
  JSR   -3.0 dB  BER 1.24e-02  P(det)@0.05 power_one_sided 1.000 power_two_sided 1.000 kurtosis 1.000 spec_cnn 1.000  (15s)
  JSR   -2.0 dB  BER 1.65e-02  P(det)@0.05 power_one_sided 1.000 power_two_sided 1.000 kurtosis 1.000 spec_cnn 1.000  (15s)
  JSR   -1.0 dB  BER 2.45e-02  P(det)@0.05 power_one_sided 1.000 power_two_sided 1.000 kurtosis 1.000 spec_cnn 1.000  (15s)
  JSR   +0.0 dB  BER 2.77e-02  P(det)@0.05 power_one_sided 1.000 power_two_sided 1.000 kurtosis 1.000 spec_cnn 1.000  (16s)
  JSR   +1.0 dB  BER 4.22e-02  P(det)@0.05 power_one_sided 1.000 power_two_sided 1.000 kurtosis 1.000 spec_cnn 1.000  (16s)
  JSR   +2.0 dB  BER 5.50e-02  P(det)@0.05 power_one_sided 1.000 power_two_sided 1.000 kurtosis 1.000 spec_cnn 1.000  (16s)
  JSR   +3.0 dB  BER 7.38e-02  P(det)@0.05 power_one_sided 1.000 power_two_sided 1.000 kurtosis 1.000 spec_cnn 1.000  (17s)
  JSR   +4.0 dB  BER 9.93e-02  P(det)@0.05 power_one_sided 1.000 power_two_sided 1.000 kurtosis 1.000 spec_cnn 1.000  (17s)
  JSR   +5.0 dB  BER 1.20e-01  P(det)@0.05 power_one_sided 1.000 power_two_sided 1.000 kurtosis 1.000 spec_cnn 1.000  (17s)
  JSR   +6.0 dB  BER 1.48e-01  P(det)@0.05 power_one_sided 1.000 power_two_sided 1.000 kurtosis 1.000 spec_cnn 1.000  (17s)
  JSR   +7.0 dB  BER 1.75e-01  P(det)@0.05 power_one_sided 1.000 power_two_sided 1.000 kurtosis 1.000 spec_cnn 1.000  (18s)
  JSR   +8.0 dB  BER 1.99e-01  P(det)@0.05 power_one_sided 1.000 power_two_sided 1.000 kurtosis 1.000 spec_cnn 1.000  (18s)
  JSR   +9.0 dB  BER 2.24e-01  P(det)@0.05 power_one_sided 1.000 power_two_sided 1.000 kurtosis 1.000 spec_cnn 1.000  (18s)
  JSR  +10.0 dB  BER 2.44e-01  P(det)@0.05 power_one_sided 1.000 power_two_sided 1.000 kurtosis 1.000 spec_cnn 1.000  (19s)
  JSR  +11.0 dB  BER 2.73e-01  P(det)@0.05 power_one_sided 1.000 power_two_sided 1.000 kurtosis 1.000 spec_cnn 1.000  (19s)
  JSR  +12.0 dB  BER 2.98e-01  P(det)@0.05 power_one_sided 1.000 power_two_sided 1.000 kurtosis 1.000 spec_cnn 1.000  (19s)
  JSR  +13.0 dB  BER 3.16e-01  P(det)@0.05 power_one_sided 1.000 power_two_sided 1.000 kurtosis 1.000 spec_cnn 1.000  (20s)
  JSR  +14.0 dB  BER 3.31e-01  P(det)@0.05 power_one_sided 1.000 power_two_sided 1.000 kurtosis 1.000 spec_cnn 1.000  (20s)
  JSR  +15.0 dB  BER 3.50e-01  P(det)@0.05 power_one_sided 1.000 power_two_sided 1.000 kurtosis 1.000 spec_cnn 1.000  (20s)
  [snr_20] kurtosis_b10 confirmed: {"power_one_sided": {"0.01": {"index": 1, "sweep_ber": 0.0, "sweep_pdet": 0.009765625, "confirmed_ber": 0.0, "confirmed_ser": 0.0, "confirmed_pdet": 0.010498046875, "passed": true}, "0.05": {"index": 2, "sweep_ber": 0.0, "sweep_pdet": 0.046875, "confirmed_ber": 0.0, "confirmed_ser": 0.0, "confirmed_pdet": 0.058349609375, "passed": false}}, "power_two_sided": {"0.01": {"index": 0, "sweep_ber": 0.0, "sweep_pdet": 0.017578125, "confirmed_ber": 0.0, "confirmed_ser": 0.0, "confirmed_pdet": 0.01318359375, "passed": false}, "0.05": {"index": 0, "sweep_ber": 0.0, "sweep_pdet": 0.0625, "confirmed_ber": 0.0, "confirmed_ser": 0.0, "confirmed_pdet": 0.0498046875, "passed": true}}, "kurtosis": {"0.01": {"index": 28, "sweep_ber": 0.00041961669921875, "sweep_pdet": 0.0078125, "confirmed_ber": 0.0003147125244140625, "confirmed_ser": 0.000629425048828125, "confirmed_pdet": 0.015625, "passed": false}, "0.05": {"index": 28, "sweep_ber": 0.00041961669921875, "sweep_pdet": 0.05078125, "confirmed_ber": 0.00035381317138671875, "confirmed_ser": 0.0007076263427734375, "confirmed_pdet": 0.069091796875, "passed": false}}, "spec_cnn": {"0.01": {"index": 0, "sweep_ber": 0.0, "sweep_pdet": 0.01171875, "confirmed_ber": 0.0, "confirmed_ser": 0.0, "confirmed_pdet": 0.009521484375, "passed": true}, "0.05": {"index": 0, "sweep_ber": 0.0, "sweep_pdet": 0.037109375, "confirmed_ber": 0.0, "confirmed_ser": 0.0, "confirmed_pdet": 0.049072265625, "passed": true}}}  (776s)
  [snr_20] generator kurtosis_b100 (scale 0.4022)
  JSR  -50.0 dB  BER 0.00e+00  P(det)@0.05 power_one_sided 0.051 power_two_sided 0.047 kurtosis 0.059 spec_cnn 0.049  (0s)
  JSR  -49.0 dB  BER 0.00e+00  P(det)@0.05 power_one_sided 0.057 power_two_sided 0.059 kurtosis 0.049 spec_cnn 0.053  (1s)
  JSR  -48.0 dB  BER 0.00e+00  P(det)@0.05 power_one_sided 0.057 power_two_sided 0.055 kurtosis 0.041 spec_cnn 0.045  (1s)
  JSR  -47.0 dB  BER 0.00e+00  P(det)@0.05 power_one_sided 0.057 power_two_sided 0.057 kurtosis 0.053 spec_cnn 0.055  (1s)
  JSR  -46.0 dB  BER 0.00e+00  P(det)@0.05 power_one_sided 0.041 power_two_sided 0.057 kurtosis 0.037 spec_cnn 0.059  (1s)
  JSR  -45.0 dB  BER 0.00e+00  P(det)@0.05 power_one_sided 0.062 power_two_sided 0.057 kurtosis 0.037 spec_cnn 0.051  (2s)
  JSR  -44.0 dB  BER 0.00e+00  P(det)@0.05 power_one_sided 0.039 power_two_sided 0.027 kurtosis 0.029 spec_cnn 0.047  (2s)
  JSR  -43.0 dB  BER 0.00e+00  P(det)@0.05 power_one_sided 0.057 power_two_sided 0.049 kurtosis 0.045 spec_cnn 0.047  (2s)
  JSR  -42.0 dB  BER 0.00e+00  P(det)@0.05 power_one_sided 0.066 power_two_sided 0.053 kurtosis 0.053 spec_cnn 0.049  (3s)
  JSR  -41.0 dB  BER 0.00e+00  P(det)@0.05 power_one_sided 0.080 power_two_sided 0.066 kurtosis 0.049 spec_cnn 0.045  (3s)
  JSR  -40.0 dB  BER 0.00e+00  P(det)@0.05 power_one_sided 0.051 power_two_sided 0.057 kurtosis 0.051 spec_cnn 0.035  (3s)
  JSR  -39.0 dB  BER 0.00e+00  P(det)@0.05 power_one_sided 0.061 power_two_sided 0.043 kurtosis 0.055 spec_cnn 0.045  (4s)
  JSR  -38.0 dB  BER 0.00e+00  P(det)@0.05 power_one_sided 0.066 power_two_sided 0.045 kurtosis 0.043 spec_cnn 0.076  (4s)
  JSR  -37.0 dB  BER 0.00e+00  P(det)@0.05 power_one_sided 0.082 power_two_sided 0.053 kurtosis 0.041 spec_cnn 0.049  (4s)
  JSR  -36.0 dB  BER 0.00e+00  P(det)@0.05 power_one_sided 0.066 power_two_sided 0.062 kurtosis 0.047 spec_cnn 0.059  (4s)
  JSR  -35.0 dB  BER 0.00e+00  P(det)@0.05 power_one_sided 0.100 power_two_sided 0.090 kurtosis 0.043 spec_cnn 0.074  (5s)
  JSR  -34.0 dB  BER 0.00e+00  P(det)@0.05 power_one_sided 0.064 power_two_sided 0.062 kurtosis 0.053 spec_cnn 0.053  (5s)
  JSR  -33.0 dB  BER 0.00e+00  P(det)@0.05 power_one_sided 0.125 power_two_sided 0.096 kurtosis 0.051 spec_cnn 0.059  (5s)
  JSR  -32.0 dB  BER 0.00e+00  P(det)@0.05 power_one_sided 0.117 power_two_sided 0.100 kurtosis 0.037 spec_cnn 0.055  (6s)
  JSR  -31.0 dB  BER 0.00e+00  P(det)@0.05 power_one_sided 0.168 power_two_sided 0.158 kurtosis 0.051 spec_cnn 0.070  (6s)
  JSR  -30.0 dB  BER 0.00e+00  P(det)@0.05 power_one_sided 0.197 power_two_sided 0.170 kurtosis 0.061 spec_cnn 0.061  (6s)
  JSR  -29.0 dB  BER 0.00e+00  P(det)@0.05 power_one_sided 0.221 power_two_sided 0.188 kurtosis 0.068 spec_cnn 0.090  (7s)
  JSR  -28.0 dB  BER 0.00e+00  P(det)@0.05 power_one_sided 0.230 power_two_sided 0.213 kurtosis 0.055 spec_cnn 0.084  (7s)
  JSR  -27.0 dB  BER 0.00e+00  P(det)@0.05 power_one_sided 0.299 power_two_sided 0.297 kurtosis 0.053 spec_cnn 0.072  (7s)
  JSR  -26.0 dB  BER 0.00e+00  P(det)@0.05 power_one_sided 0.381 power_two_sided 0.342 kurtosis 0.057 spec_cnn 0.080  (8s)
  JSR  -25.0 dB  BER 0.00e+00  P(det)@0.05 power_one_sided 0.461 power_two_sided 0.420 kurtosis 0.049 spec_cnn 0.117  (8s)
  JSR  -24.0 dB  BER 0.00e+00  P(det)@0.05 power_one_sided 0.498 power_two_sided 0.469 kurtosis 0.037 spec_cnn 0.096  (8s)
  JSR  -23.0 dB  BER 5.34e-05  P(det)@0.05 power_one_sided 0.559 power_two_sided 0.547 kurtosis 0.066 spec_cnn 0.119  (9s)
  JSR  -22.0 dB  BER 3.51e-04  P(det)@0.05 power_one_sided 0.643 power_two_sided 0.627 kurtosis 0.061 spec_cnn 0.145  (9s)
  JSR  -21.0 dB  BER 7.71e-04  P(det)@0.05 power_one_sided 0.709 power_two_sided 0.699 kurtosis 0.084 spec_cnn 0.203  (9s)
  JSR  -20.0 dB  BER 1.26e-03  P(det)@0.05 power_one_sided 0.799 power_two_sided 0.766 kurtosis 0.148 spec_cnn 0.207  (9s)
  JSR  -19.0 dB  BER 1.66e-03  P(det)@0.05 power_one_sided 0.844 power_two_sided 0.822 kurtosis 0.170 spec_cnn 0.258  (10s)
  JSR  -18.0 dB  BER 2.31e-03  P(det)@0.05 power_one_sided 0.896 power_two_sided 0.883 kurtosis 0.268 spec_cnn 0.270  (10s)
  JSR  -17.0 dB  BER 2.66e-03  P(det)@0.05 power_one_sided 0.934 power_two_sided 0.922 kurtosis 0.363 spec_cnn 0.322  (10s)
  JSR  -16.0 dB  BER 2.94e-03  P(det)@0.05 power_one_sided 0.982 power_two_sided 0.979 kurtosis 0.492 spec_cnn 0.453  (11s)
  JSR  -15.0 dB  BER 3.17e-03  P(det)@0.05 power_one_sided 0.996 power_two_sided 0.996 kurtosis 0.621 spec_cnn 0.488  (11s)
  JSR  -14.0 dB  BER 3.45e-03  P(det)@0.05 power_one_sided 0.998 power_two_sided 0.998 kurtosis 0.785 spec_cnn 0.600  (11s)
  JSR  -13.0 dB  BER 3.65e-03  P(det)@0.05 power_one_sided 1.000 power_two_sided 1.000 kurtosis 0.916 spec_cnn 0.709  (12s)
  JSR  -12.0 dB  BER 4.04e-03  P(det)@0.05 power_one_sided 1.000 power_two_sided 1.000 kurtosis 0.990 spec_cnn 0.773  (12s)
  JSR  -11.0 dB  BER 4.44e-03  P(det)@0.05 power_one_sided 1.000 power_two_sided 1.000 kurtosis 0.998 spec_cnn 0.879  (12s)
  JSR  -10.0 dB  BER 4.46e-03  P(det)@0.05 power_one_sided 1.000 power_two_sided 1.000 kurtosis 0.998 spec_cnn 0.922  (13s)
  JSR   -9.0 dB  BER 5.20e-03  P(det)@0.05 power_one_sided 1.000 power_two_sided 1.000 kurtosis 1.000 spec_cnn 0.967  (13s)
  JSR   -8.0 dB  BER 5.52e-03  P(det)@0.05 power_one_sided 1.000 power_two_sided 1.000 kurtosis 1.000 spec_cnn 0.996  (13s)
  JSR   -7.0 dB  BER 6.62e-03  P(det)@0.05 power_one_sided 1.000 power_two_sided 1.000 kurtosis 1.000 spec_cnn 0.998  (13s)
  JSR   -6.0 dB  BER 6.90e-03  P(det)@0.05 power_one_sided 1.000 power_two_sided 1.000 kurtosis 1.000 spec_cnn 1.000  (14s)
  JSR   -5.0 dB  BER 7.53e-03  P(det)@0.05 power_one_sided 1.000 power_two_sided 1.000 kurtosis 1.000 spec_cnn 1.000  (14s)
  JSR   -4.0 dB  BER 9.37e-03  P(det)@0.05 power_one_sided 1.000 power_two_sided 1.000 kurtosis 1.000 spec_cnn 1.000  (14s)
  JSR   -3.0 dB  BER 1.06e-02  P(det)@0.05 power_one_sided 1.000 power_two_sided 1.000 kurtosis 1.000 spec_cnn 1.000  (15s)
  JSR   -2.0 dB  BER 1.25e-02  P(det)@0.05 power_one_sided 1.000 power_two_sided 1.000 kurtosis 1.000 spec_cnn 1.000  (15s)
  JSR   -1.0 dB  BER 1.76e-02  P(det)@0.05 power_one_sided 1.000 power_two_sided 1.000 kurtosis 1.000 spec_cnn 1.000  (15s)
  JSR   +0.0 dB  BER 2.45e-02  P(det)@0.05 power_one_sided 1.000 power_two_sided 1.000 kurtosis 1.000 spec_cnn 1.000  (16s)
  JSR   +1.0 dB  BER 3.37e-02  P(det)@0.05 power_one_sided 1.000 power_two_sided 1.000 kurtosis 1.000 spec_cnn 1.000  (16s)
  JSR   +2.0 dB  BER 4.80e-02  P(det)@0.05 power_one_sided 1.000 power_two_sided 1.000 kurtosis 1.000 spec_cnn 1.000  (16s)
  JSR   +3.0 dB  BER 6.46e-02  P(det)@0.05 power_one_sided 1.000 power_two_sided 1.000 kurtosis 1.000 spec_cnn 1.000  (17s)
  JSR   +4.0 dB  BER 8.37e-02  P(det)@0.05 power_one_sided 1.000 power_two_sided 1.000 kurtosis 1.000 spec_cnn 1.000  (17s)
  JSR   +5.0 dB  BER 1.05e-01  P(det)@0.05 power_one_sided 1.000 power_two_sided 1.000 kurtosis 1.000 spec_cnn 1.000  (17s)
  JSR   +6.0 dB  BER 1.30e-01  P(det)@0.05 power_one_sided 1.000 power_two_sided 1.000 kurtosis 1.000 spec_cnn 1.000  (17s)
  JSR   +7.0 dB  BER 1.54e-01  P(det)@0.05 power_one_sided 1.000 power_two_sided 1.000 kurtosis 1.000 spec_cnn 1.000  (18s)
  JSR   +8.0 dB  BER 1.80e-01  P(det)@0.05 power_one_sided 1.000 power_two_sided 1.000 kurtosis 1.000 spec_cnn 1.000  (18s)
  JSR   +9.0 dB  BER 2.08e-01  P(det)@0.05 power_one_sided 1.000 power_two_sided 1.000 kurtosis 1.000 spec_cnn 1.000  (18s)
  JSR  +10.0 dB  BER 2.30e-01  P(det)@0.05 power_one_sided 1.000 power_two_sided 1.000 kurtosis 1.000 spec_cnn 1.000  (19s)
  JSR  +11.0 dB  BER 2.62e-01  P(det)@0.05 power_one_sided 1.000 power_two_sided 1.000 kurtosis 1.000 spec_cnn 1.000  (19s)
  JSR  +12.0 dB  BER 2.80e-01  P(det)@0.05 power_one_sided 1.000 power_two_sided 1.000 kurtosis 1.000 spec_cnn 1.000  (19s)
  JSR  +13.0 dB  BER 2.97e-01  P(det)@0.05 power_one_sided 1.000 power_two_sided 1.000 kurtosis 1.000 spec_cnn 1.000  (20s)
  JSR  +14.0 dB  BER 3.23e-01  P(det)@0.05 power_one_sided 1.000 power_two_sided 1.000 kurtosis 1.000 spec_cnn 1.000  (20s)
  JSR  +15.0 dB  BER 3.37e-01  P(det)@0.05 power_one_sided 1.000 power_two_sided 1.000 kurtosis 1.000 spec_cnn 1.000  (20s)
  [snr_20] kurtosis_b100 confirmed: {"power_one_sided": {"0.01": {"index": 0, "sweep_ber": 0.0, "sweep_pdet": 0.009765625, "confirmed_ber": 0.0, "confirmed_ser": 0.0, "confirmed_pdet": 0.0107421875, "passed": true}, "0.05": {"index": 0, "sweep_ber": 0.0, "sweep_pdet": 0.05078125, "confirmed_ber": 0.0, "confirmed_ser": 0.0, "confirmed_pdet": 0.05419921875, "passed": true}}, "power_two_sided": {"0.01": {"index": 0, "sweep_ber": 0.0, "sweep_pdet": 0.005859375, "confirmed_ber": 0.0, "confirmed_ser": 0.0, "confirmed_pdet": 0.009521484375, "passed": true}, "0.05": {"index": 0, "sweep_ber": 0.0, "sweep_pdet": 0.046875, "confirmed_ber": 0.0, "confirmed_ser": 0.0, "confirmed_pdet": 0.051025390625, "passed": true}}, "kurtosis": {"0.01": {"index": 28, "sweep_ber": 0.0003509521484375, "sweep_pdet": 0.013671875, "confirmed_ber": 0.0003795623779296875, "confirmed_ser": 0.000759124755859375, "confirmed_pdet": 0.019775390625, "passed": false}, "0.05": {"index": 28, "sweep_ber": 0.0003509521484375, "sweep_pdet": 0.060546875, "confirmed_ber": 0.00039577484130859375, "confirmed_ser": 0.0007915496826171875, "confirmed_pdet": 0.072998046875, "passed": false}}, "spec_cnn": {"0.01": {"index": 0, "sweep_ber": 0.0, "sweep_pdet": 0.005859375, "confirmed_ber": 0.0, "confirmed_ser": 0.0, "confirmed_pdet": 0.009765625, "passed": true}, "0.05": {"index": 0, "sweep_ber": 0.0, "sweep_pdet": 0.048828125, "confirmed_ber": 0.0, "confirmed_ser": 0.0, "confirmed_pdet": 0.051513671875, "passed": true}}}  (816s)
  [snr_20] generator kurtosis_b1000 (scale 0.4022)
  JSR  -50.0 dB  BER 0.00e+00  P(det)@0.05 power_one_sided 0.066 power_two_sided 0.049 kurtosis 0.057 spec_cnn 0.057  (0s)
  JSR  -49.0 dB  BER 0.00e+00  P(det)@0.05 power_one_sided 0.049 power_two_sided 0.062 kurtosis 0.041 spec_cnn 0.059  (1s)
  JSR  -48.0 dB  BER 0.00e+00  P(det)@0.05 power_one_sided 0.045 power_two_sided 0.053 kurtosis 0.061 spec_cnn 0.055  (1s)
  JSR  -47.0 dB  BER 0.00e+00  P(det)@0.05 power_one_sided 0.041 power_two_sided 0.043 kurtosis 0.074 spec_cnn 0.045  (1s)
  JSR  -46.0 dB  BER 0.00e+00  P(det)@0.05 power_one_sided 0.057 power_two_sided 0.055 kurtosis 0.041 spec_cnn 0.057  (2s)
  JSR  -45.0 dB  BER 0.00e+00  P(det)@0.05 power_one_sided 0.045 power_two_sided 0.059 kurtosis 0.061 spec_cnn 0.045  (2s)
  JSR  -44.0 dB  BER 0.00e+00  P(det)@0.05 power_one_sided 0.057 power_two_sided 0.059 kurtosis 0.055 spec_cnn 0.053  (2s)
  JSR  -43.0 dB  BER 0.00e+00  P(det)@0.05 power_one_sided 0.078 power_two_sided 0.066 kurtosis 0.068 spec_cnn 0.059  (2s)
  JSR  -42.0 dB  BER 0.00e+00  P(det)@0.05 power_one_sided 0.047 power_two_sided 0.053 kurtosis 0.045 spec_cnn 0.045  (3s)
  JSR  -41.0 dB  BER 0.00e+00  P(det)@0.05 power_one_sided 0.057 power_two_sided 0.080 kurtosis 0.053 spec_cnn 0.061  (3s)
  JSR  -40.0 dB  BER 0.00e+00  P(det)@0.05 power_one_sided 0.061 power_two_sided 0.041 kurtosis 0.055 spec_cnn 0.059  (3s)
  JSR  -39.0 dB  BER 0.00e+00  P(det)@0.05 power_one_sided 0.068 power_two_sided 0.051 kurtosis 0.049 spec_cnn 0.055  (4s)
  JSR  -38.0 dB  BER 0.00e+00  P(det)@0.05 power_one_sided 0.055 power_two_sided 0.047 kurtosis 0.047 spec_cnn 0.059  (4s)
  JSR  -37.0 dB  BER 0.00e+00  P(det)@0.05 power_one_sided 0.072 power_two_sided 0.062 kurtosis 0.059 spec_cnn 0.068  (4s)
  JSR  -36.0 dB  BER 0.00e+00  P(det)@0.05 power_one_sided 0.084 power_two_sided 0.072 kurtosis 0.043 spec_cnn 0.086  (5s)
  JSR  -35.0 dB  BER 0.00e+00  P(det)@0.05 power_one_sided 0.070 power_two_sided 0.080 kurtosis 0.037 spec_cnn 0.096  (5s)
  JSR  -34.0 dB  BER 0.00e+00  P(det)@0.05 power_one_sided 0.076 power_two_sided 0.078 kurtosis 0.053 spec_cnn 0.072  (5s)
  JSR  -33.0 dB  BER 0.00e+00  P(det)@0.05 power_one_sided 0.123 power_two_sided 0.123 kurtosis 0.045 spec_cnn 0.123  (6s)
  JSR  -32.0 dB  BER 0.00e+00  P(det)@0.05 power_one_sided 0.129 power_two_sided 0.113 kurtosis 0.047 spec_cnn 0.117  (6s)
  JSR  -31.0 dB  BER 0.00e+00  P(det)@0.05 power_one_sided 0.141 power_two_sided 0.125 kurtosis 0.061 spec_cnn 0.135  (6s)
  JSR  -30.0 dB  BER 0.00e+00  P(det)@0.05 power_one_sided 0.166 power_two_sided 0.141 kurtosis 0.055 spec_cnn 0.189  (6s)
  JSR  -29.0 dB  BER 0.00e+00  P(det)@0.05 power_one_sided 0.182 power_two_sided 0.158 kurtosis 0.053 spec_cnn 0.205  (7s)
  JSR  -28.0 dB  BER 0.00e+00  P(det)@0.05 power_one_sided 0.199 power_two_sided 0.172 kurtosis 0.053 spec_cnn 0.305  (7s)
  JSR  -27.0 dB  BER 0.00e+00  P(det)@0.05 power_one_sided 0.262 power_two_sided 0.238 kurtosis 0.049 spec_cnn 0.326  (7s)
  JSR  -26.0 dB  BER 0.00e+00  P(det)@0.05 power_one_sided 0.326 power_two_sided 0.312 kurtosis 0.035 spec_cnn 0.443  (8s)
  JSR  -25.0 dB  BER 0.00e+00  P(det)@0.05 power_one_sided 0.387 power_two_sided 0.363 kurtosis 0.057 spec_cnn 0.475  (8s)
  JSR  -24.0 dB  BER 0.00e+00  P(det)@0.05 power_one_sided 0.494 power_two_sided 0.475 kurtosis 0.039 spec_cnn 0.553  (8s)
  JSR  -23.0 dB  BER 0.00e+00  P(det)@0.05 power_one_sided 0.557 power_two_sided 0.541 kurtosis 0.059 spec_cnn 0.648  (9s)
  JSR  -22.0 dB  BER 0.00e+00  P(det)@0.05 power_one_sided 0.656 power_two_sided 0.627 kurtosis 0.045 spec_cnn 0.678  (9s)
  JSR  -21.0 dB  BER 0.00e+00  P(det)@0.05 power_one_sided 0.736 power_two_sided 0.713 kurtosis 0.029 spec_cnn 0.748  (9s)
  JSR  -20.0 dB  BER 0.00e+00  P(det)@0.05 power_one_sided 0.795 power_two_sided 0.770 kurtosis 0.041 spec_cnn 0.789  (10s)
  JSR  -19.0 dB  BER 0.00e+00  P(det)@0.05 power_one_sided 0.865 power_two_sided 0.854 kurtosis 0.045 spec_cnn 0.816  (10s)
  JSR  -18.0 dB  BER 0.00e+00  P(det)@0.05 power_one_sided 0.924 power_two_sided 0.908 kurtosis 0.031 spec_cnn 0.883  (10s)
  JSR  -17.0 dB  BER 0.00e+00  P(det)@0.05 power_one_sided 0.965 power_two_sided 0.953 kurtosis 0.080 spec_cnn 0.889  (10s)
  JSR  -16.0 dB  BER 1.53e-05  P(det)@0.05 power_one_sided 0.977 power_two_sided 0.973 kurtosis 0.078 spec_cnn 0.914  (11s)
  JSR  -15.0 dB  BER 0.00e+00  P(det)@0.05 power_one_sided 0.988 power_two_sided 0.984 kurtosis 0.053 spec_cnn 0.936  (11s)
  JSR  -14.0 dB  BER 7.63e-06  P(det)@0.05 power_one_sided 1.000 power_two_sided 1.000 kurtosis 0.074 spec_cnn 0.957  (11s)
  JSR  -13.0 dB  BER 6.10e-05  P(det)@0.05 power_one_sided 0.998 power_two_sided 0.998 kurtosis 0.074 spec_cnn 0.982  (12s)
  JSR  -12.0 dB  BER 2.44e-04  P(det)@0.05 power_one_sided 1.000 power_two_sided 1.000 kurtosis 0.072 spec_cnn 0.977  (12s)
  JSR  -11.0 dB  BER 1.02e-03  P(det)@0.05 power_one_sided 1.000 power_two_sided 1.000 kurtosis 0.109 spec_cnn 0.996  (12s)
  JSR  -10.0 dB  BER 2.49e-03  P(det)@0.05 power_one_sided 1.000 power_two_sided 1.000 kurtosis 0.094 spec_cnn 1.000  (13s)
  JSR   -9.0 dB  BER 4.99e-03  P(det)@0.05 power_one_sided 1.000 power_two_sided 1.000 kurtosis 0.158 spec_cnn 0.994  (13s)
  JSR   -8.0 dB  BER 8.59e-03  P(det)@0.05 power_one_sided 1.000 power_two_sided 1.000 kurtosis 0.176 spec_cnn 0.998  (13s)
  JSR   -7.0 dB  BER 1.55e-02  P(det)@0.05 power_one_sided 1.000 power_two_sided 1.000 kurtosis 0.248 spec_cnn 1.000  (13s)
  JSR   -6.0 dB  BER 2.46e-02  P(det)@0.05 power_one_sided 1.000 power_two_sided 1.000 kurtosis 0.338 spec_cnn 1.000  (14s)
  JSR   -5.0 dB  BER 3.33e-02  P(det)@0.05 power_one_sided 1.000 power_two_sided 1.000 kurtosis 0.455 spec_cnn 1.000  (14s)
  JSR   -4.0 dB  BER 4.33e-02  P(det)@0.05 power_one_sided 1.000 power_two_sided 1.000 kurtosis 0.607 spec_cnn 1.000  (14s)
  JSR   -3.0 dB  BER 5.41e-02  P(det)@0.05 power_one_sided 1.000 power_two_sided 1.000 kurtosis 0.740 spec_cnn 1.000  (15s)
  JSR   -2.0 dB  BER 6.33e-02  P(det)@0.05 power_one_sided 1.000 power_two_sided 1.000 kurtosis 0.850 spec_cnn 1.000  (15s)
  JSR   -1.0 dB  BER 7.34e-02  P(det)@0.05 power_one_sided 1.000 power_two_sided 1.000 kurtosis 0.936 spec_cnn 1.000  (15s)
  JSR   +0.0 dB  BER 8.91e-02  P(det)@0.05 power_one_sided 1.000 power_two_sided 1.000 kurtosis 0.971 spec_cnn 1.000  (16s)
  JSR   +1.0 dB  BER 1.04e-01  P(det)@0.05 power_one_sided 1.000 power_two_sided 1.000 kurtosis 0.994 spec_cnn 1.000  (16s)
  JSR   +2.0 dB  BER 1.24e-01  P(det)@0.05 power_one_sided 1.000 power_two_sided 1.000 kurtosis 0.994 spec_cnn 1.000  (16s)
  JSR   +3.0 dB  BER 1.48e-01  P(det)@0.05 power_one_sided 1.000 power_two_sided 1.000 kurtosis 0.988 spec_cnn 1.000  (17s)
  JSR   +4.0 dB  BER 1.71e-01  P(det)@0.05 power_one_sided 1.000 power_two_sided 1.000 kurtosis 0.996 spec_cnn 1.000  (17s)
  JSR   +5.0 dB  BER 1.98e-01  P(det)@0.05 power_one_sided 1.000 power_two_sided 1.000 kurtosis 0.998 spec_cnn 1.000  (17s)
  JSR   +6.0 dB  BER 2.28e-01  P(det)@0.05 power_one_sided 1.000 power_two_sided 1.000 kurtosis 1.000 spec_cnn 1.000  (17s)
  JSR   +7.0 dB  BER 2.48e-01  P(det)@0.05 power_one_sided 1.000 power_two_sided 1.000 kurtosis 1.000 spec_cnn 1.000  (18s)
  JSR   +8.0 dB  BER 2.80e-01  P(det)@0.05 power_one_sided 1.000 power_two_sided 1.000 kurtosis 0.998 spec_cnn 1.000  (18s)
  JSR   +9.0 dB  BER 2.96e-01  P(det)@0.05 power_one_sided 1.000 power_two_sided 1.000 kurtosis 1.000 spec_cnn 1.000  (18s)
  JSR  +10.0 dB  BER 3.21e-01  P(det)@0.05 power_one_sided 1.000 power_two_sided 1.000 kurtosis 1.000 spec_cnn 1.000  (19s)
  JSR  +11.0 dB  BER 3.36e-01  P(det)@0.05 power_one_sided 1.000 power_two_sided 1.000 kurtosis 1.000 spec_cnn 1.000  (19s)
  JSR  +12.0 dB  BER 3.59e-01  P(det)@0.05 power_one_sided 1.000 power_two_sided 1.000 kurtosis 0.998 spec_cnn 1.000  (19s)
  JSR  +13.0 dB  BER 3.70e-01  P(det)@0.05 power_one_sided 1.000 power_two_sided 1.000 kurtosis 1.000 spec_cnn 1.000  (20s)
  JSR  +14.0 dB  BER 3.84e-01  P(det)@0.05 power_one_sided 1.000 power_two_sided 1.000 kurtosis 0.998 spec_cnn 1.000  (20s)
  JSR  +15.0 dB  BER 4.00e-01  P(det)@0.05 power_one_sided 1.000 power_two_sided 1.000 kurtosis 0.998 spec_cnn 1.000  (20s)
  [snr_20] kurtosis_b1000 confirmed: {"power_one_sided": {"0.01": {"index": 0, "sweep_ber": 0.0, "sweep_pdet": 0.001953125, "confirmed_ber": 0.0, "confirmed_ser": 0.0, "confirmed_pdet": 0.009033203125, "passed": true}, "0.05": {"index": 0, "sweep_ber": 0.0, "sweep_pdet": 0.06640625, "confirmed_ber": 0.0, "confirmed_ser": 0.0, "confirmed_pdet": 0.056884765625, "passed": false}}, "power_two_sided": {"0.01": {"index": 0, "sweep_ber": 0.0, "sweep_pdet": 0.00390625, "confirmed_ber": 0.0, "confirmed_ser": 0.0, "confirmed_pdet": 0.010498046875, "passed": true}, "0.05": {"index": 0, "sweep_ber": 0.0, "sweep_pdet": 0.048828125, "confirmed_ber": 0.0, "confirmed_ser": 0.0, "confirmed_pdet": 0.052978515625, "passed": true}}, "kurtosis": {"0.01": {"index": 37, "sweep_ber": 6.103515625e-05, "sweep_pdet": 0.015625, "confirmed_ber": 7.2479248046875e-05, "confirmed_ser": 0.0001430511474609375, "confirmed_pdet": 0.016357421875, "passed": false}, "0.05": {"index": 0, "sweep_ber": 0.0, "sweep_pdet": 0.056640625, "confirmed_ber": 0.0, "confirmed_ser": 0.0, "confirmed_pdet": 0.04931640625, "passed": true}}, "spec_cnn": {"0.01": {"index": 0, "sweep_ber": 0.0, "sweep_pdet": 0.00390625, "confirmed_ber": 0.0, "confirmed_ser": 0.0, "confirmed_pdet": 0.010986328125, "passed": true}, "0.05": {"index": 0, "sweep_ber": 0.0, "sweep_pdet": 0.056640625, "confirmed_ber": 0.0, "confirmed_ser": 0.0, "confirmed_pdet": 0.058837890625, "passed": false}}}  (856s)
  [snr_20] generator spec_cnn_b1 (scale 0.4022)
  JSR  -50.0 dB  BER 0.00e+00  P(det)@0.05 power_one_sided 0.064 power_two_sided 0.066 kurtosis 0.037 spec_cnn 0.061  (0s)
  JSR  -49.0 dB  BER 0.00e+00  P(det)@0.05 power_one_sided 0.064 power_two_sided 0.053 kurtosis 0.051 spec_cnn 0.047  (1s)
  JSR  -48.0 dB  BER 0.00e+00  P(det)@0.05 power_one_sided 0.051 power_two_sided 0.051 kurtosis 0.047 spec_cnn 0.064  (1s)
  JSR  -47.0 dB  BER 0.00e+00  P(det)@0.05 power_one_sided 0.051 power_two_sided 0.041 kurtosis 0.066 spec_cnn 0.047  (1s)
  JSR  -46.0 dB  BER 0.00e+00  P(det)@0.05 power_one_sided 0.047 power_two_sided 0.053 kurtosis 0.020 spec_cnn 0.051  (1s)
  JSR  -45.0 dB  BER 0.00e+00  P(det)@0.05 power_one_sided 0.031 power_two_sided 0.047 kurtosis 0.049 spec_cnn 0.055  (2s)
  JSR  -44.0 dB  BER 0.00e+00  P(det)@0.05 power_one_sided 0.053 power_two_sided 0.062 kurtosis 0.045 spec_cnn 0.051  (2s)
  JSR  -43.0 dB  BER 0.00e+00  P(det)@0.05 power_one_sided 0.053 power_two_sided 0.047 kurtosis 0.053 spec_cnn 0.043  (2s)
  JSR  -42.0 dB  BER 0.00e+00  P(det)@0.05 power_one_sided 0.064 power_two_sided 0.064 kurtosis 0.045 spec_cnn 0.061  (3s)
  JSR  -41.0 dB  BER 0.00e+00  P(det)@0.05 power_one_sided 0.062 power_two_sided 0.068 kurtosis 0.055 spec_cnn 0.072  (3s)
  JSR  -40.0 dB  BER 0.00e+00  P(det)@0.05 power_one_sided 0.088 power_two_sided 0.072 kurtosis 0.062 spec_cnn 0.049  (3s)
  JSR  -39.0 dB  BER 0.00e+00  P(det)@0.05 power_one_sided 0.076 power_two_sided 0.066 kurtosis 0.043 spec_cnn 0.051  (4s)
  JSR  -38.0 dB  BER 0.00e+00  P(det)@0.05 power_one_sided 0.076 power_two_sided 0.057 kurtosis 0.037 spec_cnn 0.066  (4s)
  JSR  -37.0 dB  BER 0.00e+00  P(det)@0.05 power_one_sided 0.076 power_two_sided 0.057 kurtosis 0.066 spec_cnn 0.045  (4s)
  JSR  -36.0 dB  BER 0.00e+00  P(det)@0.05 power_one_sided 0.092 power_two_sided 0.070 kurtosis 0.057 spec_cnn 0.059  (4s)
  JSR  -35.0 dB  BER 0.00e+00  P(det)@0.05 power_one_sided 0.107 power_two_sided 0.082 kurtosis 0.037 spec_cnn 0.062  (5s)
  JSR  -34.0 dB  BER 0.00e+00  P(det)@0.05 power_one_sided 0.094 power_two_sided 0.078 kurtosis 0.033 spec_cnn 0.072  (5s)
  JSR  -33.0 dB  BER 0.00e+00  P(det)@0.05 power_one_sided 0.098 power_two_sided 0.096 kurtosis 0.039 spec_cnn 0.084  (5s)
  JSR  -32.0 dB  BER 0.00e+00  P(det)@0.05 power_one_sided 0.123 power_two_sided 0.105 kurtosis 0.059 spec_cnn 0.080  (6s)
  JSR  -31.0 dB  BER 0.00e+00  P(det)@0.05 power_one_sided 0.156 power_two_sided 0.131 kurtosis 0.047 spec_cnn 0.074  (6s)
  JSR  -30.0 dB  BER 0.00e+00  P(det)@0.05 power_one_sided 0.180 power_two_sided 0.184 kurtosis 0.047 spec_cnn 0.082  (6s)
  JSR  -29.0 dB  BER 0.00e+00  P(det)@0.05 power_one_sided 0.197 power_two_sided 0.168 kurtosis 0.064 spec_cnn 0.090  (7s)
  JSR  -28.0 dB  BER 0.00e+00  P(det)@0.05 power_one_sided 0.297 power_two_sided 0.268 kurtosis 0.061 spec_cnn 0.080  (7s)
  JSR  -27.0 dB  BER 0.00e+00  P(det)@0.05 power_one_sided 0.336 power_two_sided 0.303 kurtosis 0.047 spec_cnn 0.094  (7s)
  JSR  -26.0 dB  BER 0.00e+00  P(det)@0.05 power_one_sided 0.414 power_two_sided 0.408 kurtosis 0.053 spec_cnn 0.100  (8s)
  JSR  -25.0 dB  BER 0.00e+00  P(det)@0.05 power_one_sided 0.445 power_two_sided 0.396 kurtosis 0.061 spec_cnn 0.111  (8s)
  JSR  -24.0 dB  BER 7.63e-06  P(det)@0.05 power_one_sided 0.479 power_two_sided 0.461 kurtosis 0.041 spec_cnn 0.113  (8s)
  JSR  -23.0 dB  BER 1.60e-04  P(det)@0.05 power_one_sided 0.588 power_two_sided 0.547 kurtosis 0.070 spec_cnn 0.107  (8s)
  JSR  -22.0 dB  BER 7.40e-04  P(det)@0.05 power_one_sided 0.656 power_two_sided 0.607 kurtosis 0.084 spec_cnn 0.145  (9s)
  JSR  -21.0 dB  BER 1.13e-03  P(det)@0.05 power_one_sided 0.752 power_two_sided 0.732 kurtosis 0.137 spec_cnn 0.133  (9s)
  JSR  -20.0 dB  BER 1.53e-03  P(det)@0.05 power_one_sided 0.812 power_two_sided 0.787 kurtosis 0.154 spec_cnn 0.154  (9s)
  JSR  -19.0 dB  BER 1.82e-03  P(det)@0.05 power_one_sided 0.887 power_two_sided 0.873 kurtosis 0.240 spec_cnn 0.170  (10s)
  JSR  -18.0 dB  BER 2.23e-03  P(det)@0.05 power_one_sided 0.924 power_two_sided 0.912 kurtosis 0.354 spec_cnn 0.211  (10s)
  JSR  -17.0 dB  BER 2.70e-03  P(det)@0.05 power_one_sided 0.957 power_two_sided 0.951 kurtosis 0.455 spec_cnn 0.287  (10s)
  JSR  -16.0 dB  BER 3.03e-03  P(det)@0.05 power_one_sided 0.990 power_two_sided 0.984 kurtosis 0.580 spec_cnn 0.328  (11s)
  JSR  -15.0 dB  BER 3.40e-03  P(det)@0.05 power_one_sided 0.994 power_two_sided 0.996 kurtosis 0.725 spec_cnn 0.389  (11s)
  JSR  -14.0 dB  BER 3.74e-03  P(det)@0.05 power_one_sided 0.998 power_two_sided 0.998 kurtosis 0.859 spec_cnn 0.451  (11s)
  JSR  -13.0 dB  BER 4.31e-03  P(det)@0.05 power_one_sided 1.000 power_two_sided 1.000 kurtosis 0.959 spec_cnn 0.543  (11s)
  JSR  -12.0 dB  BER 4.17e-03  P(det)@0.05 power_one_sided 1.000 power_two_sided 1.000 kurtosis 0.996 spec_cnn 0.676  (12s)
  JSR  -11.0 dB  BER 4.55e-03  P(det)@0.05 power_one_sided 1.000 power_two_sided 1.000 kurtosis 0.998 spec_cnn 0.770  (12s)
  JSR  -10.0 dB  BER 4.75e-03  P(det)@0.05 power_one_sided 1.000 power_two_sided 1.000 kurtosis 1.000 spec_cnn 0.877  (12s)
  JSR   -9.0 dB  BER 5.25e-03  P(det)@0.05 power_one_sided 1.000 power_two_sided 1.000 kurtosis 1.000 spec_cnn 0.930  (13s)
  JSR   -8.0 dB  BER 5.69e-03  P(det)@0.05 power_one_sided 1.000 power_two_sided 1.000 kurtosis 1.000 spec_cnn 0.977  (13s)
  JSR   -7.0 dB  BER 6.21e-03  P(det)@0.05 power_one_sided 1.000 power_two_sided 1.000 kurtosis 1.000 spec_cnn 0.990  (13s)
  JSR   -6.0 dB  BER 6.84e-03  P(det)@0.05 power_one_sided 1.000 power_two_sided 1.000 kurtosis 1.000 spec_cnn 0.996  (14s)
  JSR   -5.0 dB  BER 7.77e-03  P(det)@0.05 power_one_sided 1.000 power_two_sided 1.000 kurtosis 1.000 spec_cnn 1.000  (14s)
  JSR   -4.0 dB  BER 8.80e-03  P(det)@0.05 power_one_sided 1.000 power_two_sided 1.000 kurtosis 1.000 spec_cnn 1.000  (14s)
  JSR   -3.0 dB  BER 9.33e-03  P(det)@0.05 power_one_sided 1.000 power_two_sided 1.000 kurtosis 1.000 spec_cnn 1.000  (14s)
  JSR   -2.0 dB  BER 1.01e-02  P(det)@0.05 power_one_sided 1.000 power_two_sided 1.000 kurtosis 1.000 spec_cnn 1.000  (15s)
  JSR   -1.0 dB  BER 1.17e-02  P(det)@0.05 power_one_sided 1.000 power_two_sided 1.000 kurtosis 1.000 spec_cnn 1.000  (15s)
  JSR   +0.0 dB  BER 1.29e-02  P(det)@0.05 power_one_sided 1.000 power_two_sided 1.000 kurtosis 1.000 spec_cnn 1.000  (15s)
  JSR   +1.0 dB  BER 1.71e-02  P(det)@0.05 power_one_sided 1.000 power_two_sided 1.000 kurtosis 1.000 spec_cnn 1.000  (16s)
  JSR   +2.0 dB  BER 2.13e-02  P(det)@0.05 power_one_sided 1.000 power_two_sided 1.000 kurtosis 1.000 spec_cnn 1.000  (16s)
  JSR   +3.0 dB  BER 2.90e-02  P(det)@0.05 power_one_sided 1.000 power_two_sided 1.000 kurtosis 1.000 spec_cnn 1.000  (16s)
  JSR   +4.0 dB  BER 3.88e-02  P(det)@0.05 power_one_sided 1.000 power_two_sided 1.000 kurtosis 1.000 spec_cnn 1.000  (17s)
  JSR   +5.0 dB  BER 5.37e-02  P(det)@0.05 power_one_sided 1.000 power_two_sided 1.000 kurtosis 1.000 spec_cnn 1.000  (17s)
  JSR   +6.0 dB  BER 6.85e-02  P(det)@0.05 power_one_sided 1.000 power_two_sided 1.000 kurtosis 1.000 spec_cnn 1.000  (17s)
  JSR   +7.0 dB  BER 8.84e-02  P(det)@0.05 power_one_sided 1.000 power_two_sided 1.000 kurtosis 1.000 spec_cnn 1.000  (17s)
  JSR   +8.0 dB  BER 1.12e-01  P(det)@0.05 power_one_sided 1.000 power_two_sided 1.000 kurtosis 1.000 spec_cnn 1.000  (18s)
  JSR   +9.0 dB  BER 1.39e-01  P(det)@0.05 power_one_sided 1.000 power_two_sided 1.000 kurtosis 1.000 spec_cnn 1.000  (18s)
  JSR  +10.0 dB  BER 1.62e-01  P(det)@0.05 power_one_sided 1.000 power_two_sided 1.000 kurtosis 1.000 spec_cnn 1.000  (18s)
  JSR  +11.0 dB  BER 1.87e-01  P(det)@0.05 power_one_sided 1.000 power_two_sided 1.000 kurtosis 1.000 spec_cnn 1.000  (19s)
  JSR  +12.0 dB  BER 2.14e-01  P(det)@0.05 power_one_sided 1.000 power_two_sided 1.000 kurtosis 1.000 spec_cnn 1.000  (19s)
  JSR  +13.0 dB  BER 2.36e-01  P(det)@0.05 power_one_sided 1.000 power_two_sided 1.000 kurtosis 1.000 spec_cnn 1.000  (19s)
  JSR  +14.0 dB  BER 2.62e-01  P(det)@0.05 power_one_sided 1.000 power_two_sided 1.000 kurtosis 1.000 spec_cnn 1.000  (20s)
  JSR  +15.0 dB  BER 2.85e-01  P(det)@0.05 power_one_sided 1.000 power_two_sided 1.000 kurtosis 1.000 spec_cnn 1.000  (20s)
  [snr_20] spec_cnn_b1 confirmed: {"power_one_sided": {"0.01": {"index": 1, "sweep_ber": 0.0, "sweep_pdet": 0.009765625, "confirmed_ber": 0.0, "confirmed_ser": 0.0, "confirmed_pdet": 0.011962890625, "passed": true}, "0.05": {"index": 0, "sweep_ber": 0.0, "sweep_pdet": 0.064453125, "confirmed_ber": 0.0, "confirmed_ser": 0.0, "confirmed_pdet": 0.055419921875, "passed": true}}, "power_two_sided": {"0.01": {"index": 1, "sweep_ber": 0.0, "sweep_pdet": 0.0078125, "confirmed_ber": 0.0, "confirmed_ser": 0.0, "confirmed_pdet": 0.010009765625, "passed": true}, "0.05": {"index": 0, "sweep_ber": 0.0, "sweep_pdet": 0.06640625, "confirmed_ber": 0.0, "confirmed_ser": 0.0, "confirmed_pdet": 0.057373046875, "passed": false}}, "kurtosis": {"0.01": {"index": 26, "sweep_ber": 7.62939453125e-06, "sweep_pdet": 0.01171875, "confirmed_ber": 7.62939453125e-06, "confirmed_ser": 1.52587890625e-05, "confirmed_pdet": 0.01513671875, "passed": false}, "0.05": {"index": 26, "sweep_ber": 7.62939453125e-06, "sweep_pdet": 0.041015625, "confirmed_ber": 5.7220458984375e-06, "confirmed_ser": 1.1444091796875e-05, "confirmed_pdet": 0.059326171875, "passed": false}}, "spec_cnn": {"0.01": {"index": 0, "sweep_ber": 0.0, "sweep_pdet": 0.01171875, "confirmed_ber": 0.0, "confirmed_ser": 0.0, "confirmed_pdet": 0.010009765625, "passed": true}, "0.05": {"index": 0, "sweep_ber": 0.0, "sweep_pdet": 0.060546875, "confirmed_ber": 0.0, "confirmed_ser": 0.0, "confirmed_pdet": 0.050537109375, "passed": true}}}  (895s)
  [snr_20] generator spec_cnn_b10 (scale 0.4022)
    JSR  -50.0 dB  BER 0.00e+00  P(det)@0.05 power_one_sided 0.061 power_two_sided 0.049 kurtosis 0.039 spec_cnn 0.041  (0s)
    JSR  -49.0 dB  BER 0.00e+00  P(det)@0.05 power_one_sided 0.070 power_two_sided 0.047 kurtosis 0.047 spec_cnn 0.051  (1s)
    JSR  -48.0 dB  BER 0.00e+00  P(det)@0.05 power_one_sided 0.066 power_two_sided 0.066 kurtosis 0.057 spec_cnn 0.045  (1s)
    JSR  -47.0 dB  BER 0.00e+00  P(det)@0.05 power_one_sided 0.068 power_two_sided 0.068 kurtosis 0.055 spec_cnn 0.041  (1s)
    JSR  -46.0 dB  BER 0.00e+00  P(det)@0.05 power_one_sided 0.070 power_two_sided 0.059 kurtosis 0.035 spec_cnn 0.055  (1s)
    JSR  -45.0 dB  BER 0.00e+00  P(det)@0.05 power_one_sided 0.066 power_two_sided 0.062 kurtosis 0.039 spec_cnn 0.057  (2s)
    JSR  -44.0 dB  BER 0.00e+00  P(det)@0.05 power_one_sided 0.062 power_two_sided 0.070 kurtosis 0.057 spec_cnn 0.049  (2s)
    JSR  -43.0 dB  BER 0.00e+00  P(det)@0.05 power_one_sided 0.057 power_two_sided 0.045 kurtosis 0.029 spec_cnn 0.061  (2s)
    JSR  -42.0 dB  BER 0.00e+00  P(det)@0.05 power_one_sided 0.053 power_two_sided 0.059 kurtosis 0.047 spec_cnn 0.045  (3s)
    JSR  -41.0 dB  BER 0.00e+00  P(det)@0.05 power_one_sided 0.062 power_two_sided 0.061 kurtosis 0.039 spec_cnn 0.051  (3s)
    JSR  -40.0 dB  BER 0.00e+00  P(det)@0.05 power_one_sided 0.068 power_two_sided 0.059 kurtosis 0.047 spec_cnn 0.047  (3s)
    JSR  -39.0 dB  BER 0.00e+00  P(det)@0.05 power_one_sided 0.070 power_two_sided 0.057 kurtosis 0.039 spec_cnn 0.059  (4s)
    JSR  -38.0 dB  BER 0.00e+00  P(det)@0.05 power_one_sided 0.066 power_two_sided 0.066 kurtosis 0.045 spec_cnn 0.061  (4s)
    JSR  -37.0 dB  BER 0.00e+00  P(det)@0.05 power_one_sided 0.059 power_two_sided 0.062 kurtosis 0.045 spec_cnn 0.051  (4s)
    JSR  -36.0 dB  BER 0.00e+00  P(det)@0.05 power_one_sided 0.074 power_two_sided 0.072 kurtosis 0.049 spec_cnn 0.057  (4s)
    JSR  -35.0 dB  BER 0.00e+00  P(det)@0.05 power_one_sided 0.074 power_two_sided 0.064 kurtosis 0.031 spec_cnn 0.053  (5s)
    JSR  -34.0 dB  BER 0.00e+00  P(det)@0.05 power_one_sided 0.094 power_two_sided 0.074 kurtosis 0.059 spec_cnn 0.051  (5s)
    JSR  -33.0 dB  BER 0.00e+00  P(det)@0.05 power_one_sided 0.123 power_two_sided 0.111 kurtosis 0.051 spec_cnn 0.057  (5s)
    JSR  -32.0 dB  BER 0.00e+00  P(det)@0.05 power_one_sided 0.102 power_two_sided 0.084 kurtosis 0.029 spec_cnn 0.070  (6s)
    JSR  -31.0 dB  BER 0.00e+00  P(det)@0.05 power_one_sided 0.113 power_two_sided 0.113 kurtosis 0.064 spec_cnn 0.057  (6s)
    JSR  -30.0 dB  BER 0.00e+00  P(det)@0.05 power_one_sided 0.137 power_two_sided 0.109 kurtosis 0.045 spec_cnn 0.066  (6s)
    JSR  -29.0 dB  BER 0.00e+00  P(det)@0.05 power_one_sided 0.178 power_two_sided 0.174 kurtosis 0.027 spec_cnn 0.055  (7s)
    JSR  -28.0 dB  BER 0.00e+00  P(det)@0.05 power_one_sided 0.182 power_two_sided 0.189 kurtosis 0.053 spec_cnn 0.066  (7s)
    JSR  -27.0 dB  BER 0.00e+00  P(det)@0.05 power_one_sided 0.234 power_two_sided 0.223 kurtosis 0.045 spec_cnn 0.072  (7s)
    JSR  -26.0 dB  BER 0.00e+00  P(det)@0.05 power_one_sided 0.240 power_two_sided 0.238 kurtosis 0.047 spec_cnn 0.078  (7s)
    JSR  -25.0 dB  BER 0.00e+00  P(det)@0.05 power_one_sided 0.293 power_two_sided 0.299 kurtosis 0.061 spec_cnn 0.113  (8s)
    JSR  -24.0 dB  BER 0.00e+00  P(det)@0.05 power_one_sided 0.369 power_two_sided 0.393 kurtosis 0.074 spec_cnn 0.098  (8s)
    JSR  -23.0 dB  BER 8.39e-05  P(det)@0.05 power_one_sided 0.432 power_two_sided 0.465 kurtosis 0.074 spec_cnn 0.111  (8s)
    JSR  -22.0 dB  BER 3.66e-04  P(det)@0.05 power_one_sided 0.545 power_two_sided 0.533 kurtosis 0.111 spec_cnn 0.127  (9s)
    JSR  -21.0 dB  BER 7.93e-04  P(det)@0.05 power_one_sided 0.570 power_two_sided 0.594 kurtosis 0.176 spec_cnn 0.141  (9s)
    JSR  -20.0 dB  BER 1.13e-03  P(det)@0.05 power_one_sided 0.607 power_two_sided 0.604 kurtosis 0.178 spec_cnn 0.180  (9s)
    JSR  -19.0 dB  BER 1.66e-03  P(det)@0.05 power_one_sided 0.664 power_two_sided 0.672 kurtosis 0.271 spec_cnn 0.250  (10s)
    JSR  -18.0 dB  BER 2.03e-03  P(det)@0.05 power_one_sided 0.693 power_two_sided 0.715 kurtosis 0.375 spec_cnn 0.275  (10s)
    JSR  -17.0 dB  BER 2.40e-03  P(det)@0.05 power_one_sided 0.787 power_two_sided 0.770 kurtosis 0.443 spec_cnn 0.338  (10s)
    JSR  -16.0 dB  BER 2.72e-03  P(det)@0.05 power_one_sided 0.824 power_two_sided 0.826 kurtosis 0.529 spec_cnn 0.445  (11s)
    JSR  -15.0 dB  BER 2.78e-03  P(det)@0.05 power_one_sided 0.873 power_two_sided 0.865 kurtosis 0.645 spec_cnn 0.512  (11s)
    JSR  -14.0 dB  BER 3.02e-03  P(det)@0.05 power_one_sided 0.928 power_two_sided 0.922 kurtosis 0.713 spec_cnn 0.621  (11s)
    JSR  -13.0 dB  BER 3.66e-03  P(det)@0.05 power_one_sided 0.955 power_two_sided 0.949 kurtosis 0.787 spec_cnn 0.707  (12s)
    JSR  -12.0 dB  BER 3.84e-03  P(det)@0.05 power_one_sided 0.986 power_two_sided 0.986 kurtosis 0.889 spec_cnn 0.840  (12s)
    JSR  -11.0 dB  BER 4.26e-03  P(det)@0.05 power_one_sided 1.000 power_two_sided 1.000 kurtosis 0.957 spec_cnn 0.895  (12s)
    JSR  -10.0 dB  BER 4.43e-03  P(det)@0.05 power_one_sided 1.000 power_two_sided 1.000 kurtosis 0.998 spec_cnn 0.934  (12s)
    JSR   -9.0 dB  BER 4.97e-03  P(det)@0.05 power_one_sided 1.000 power_two_sided 1.000 kurtosis 1.000 spec_cnn 0.982  (13s)
    JSR   -8.0 dB  BER 5.39e-03  P(det)@0.05 power_one_sided 1.000 power_two_sided 1.000 kurtosis 1.000 spec_cnn 0.998  (13s)
    JSR   -7.0 dB  BER 6.76e-03  P(det)@0.05 power_one_sided 1.000 power_two_sided 1.000 kurtosis 1.000 spec_cnn 1.000  (13s)
    JSR   -6.0 dB  BER 7.39e-03  P(det)@0.05 power_one_sided 1.000 power_two_sided 1.000 kurtosis 1.000 spec_cnn 1.000  (14s)
    JSR   -5.0 dB  BER 8.96e-03  P(det)@0.05 power_one_sided 1.000 power_two_sided 1.000 kurtosis 1.000 spec_cnn 1.000  (14s)
    JSR   -4.0 dB  BER 1.04e-02  P(det)@0.05 power_one_sided 1.000 power_two_sided 1.000 kurtosis 1.000 spec_cnn 1.000  (14s)
    JSR   -3.0 dB  BER 1.24e-02  P(det)@0.05 power_one_sided 1.000 power_two_sided 1.000 kurtosis 1.000 spec_cnn 1.000  (14s)
    JSR   -2.0 dB  BER 1.64e-02  P(det)@0.05 power_one_sided 1.000 power_two_sided 1.000 kurtosis 1.000 spec_cnn 1.000  (15s)
    JSR   -1.0 dB  BER 2.25e-02  P(det)@0.05 power_one_sided 1.000 power_two_sided 1.000 kurtosis 1.000 spec_cnn 1.000  (15s)
    JSR   +0.0 dB  BER 2.73e-02  P(det)@0.05 power_one_sided 1.000 power_two_sided 1.000 kurtosis 1.000 spec_cnn 1.000  (15s)
    JSR   +1.0 dB  BER 3.69e-02  P(det)@0.05 power_one_sided 1.000 power_two_sided 1.000 kurtosis 1.000 spec_cnn 1.000  (16s)
    JSR   +2.0 dB  BER 4.38e-02  P(det)@0.05 power_one_sided 1.000 power_two_sided 1.000 kurtosis 1.000 spec_cnn 1.000  (16s)
    JSR   +3.0 dB  BER 6.03e-02  P(det)@0.05 power_one_sided 1.000 power_two_sided 1.000 kurtosis 1.000 spec_cnn 1.000  (16s)
    JSR   +4.0 dB  BER 7.65e-02  P(det)@0.05 power_one_sided 1.000 power_two_sided 1.000 kurtosis 1.000 spec_cnn 1.000  (17s)
    JSR   +5.0 dB  BER 9.76e-02  P(det)@0.05 power_one_sided 1.000 power_two_sided 1.000 kurtosis 1.000 spec_cnn 1.000  (17s)
    JSR   +6.0 dB  BER 1.14e-01  P(det)@0.05 power_one_sided 1.000 power_two_sided 1.000 kurtosis 1.000 spec_cnn 1.000  (17s)
    JSR   +7.0 dB  BER 1.39e-01  P(det)@0.05 power_one_sided 1.000 power_two_sided 1.000 kurtosis 1.000 spec_cnn 1.000  (17s)
    JSR   +8.0 dB  BER 1.61e-01  P(det)@0.05 power_one_sided 1.000 power_two_sided 1.000 kurtosis 1.000 spec_cnn 1.000  (18s)
    JSR   +9.0 dB  BER 1.86e-01  P(det)@0.05 power_one_sided 1.000 power_two_sided 1.000 kurtosis 1.000 spec_cnn 1.000  (18s)
    JSR  +10.0 dB  BER 2.09e-01  P(det)@0.05 power_one_sided 1.000 power_two_sided 1.000 kurtosis 1.000 spec_cnn 1.000  (18s)
    JSR  +11.0 dB  BER 2.44e-01  P(det)@0.05 power_one_sided 1.000 power_two_sided 1.000 kurtosis 1.000 spec_cnn 1.000  (19s)
    JSR  +12.0 dB  BER 2.60e-01  P(det)@0.05 power_one_sided 1.000 power_two_sided 1.000 kurtosis 1.000 spec_cnn 1.000  (19s)
    JSR  +13.0 dB  BER 2.88e-01  P(det)@0.05 power_one_sided 1.000 power_two_sided 1.000 kurtosis 1.000 spec_cnn 1.000  (19s)
    JSR  +14.0 dB  BER 3.05e-01  P(det)@0.05 power_one_sided 1.000 power_two_sided 1.000 kurtosis 1.000 spec_cnn 1.000  (20s)
    JSR  +15.0 dB  BER 3.24e-01  P(det)@0.05 power_one_sided 1.000 power_two_sided 1.000 kurtosis 1.000 spec_cnn 1.000  (20s)
  [snr_20] spec_cnn_b10 confirmed: {"power_one_sided": {"0.01": {"index": 1, "sweep_ber": 0.0, "sweep_pdet": 0.009765625, "confirmed_ber": 0.0, "confirmed_ser": 0.0, "confirmed_pdet": 0.008056640625, "passed": true}, "0.05": {"index": 0, "sweep_ber": 0.0, "sweep_pdet": 0.060546875, "confirmed_ber": 0.0, "confirmed_ser": 0.0, "confirmed_pdet": 0.052734375, "passed": true}}, "power_two_sided": {"0.01": {"index": 0, "sweep_ber": 0.0, "sweep_pdet": 0.0078125, "confirmed_ber": 0.0, "confirmed_ser": 0.0, "confirmed_pdet": 0.009521484375, "passed": true}, "0.05": {"index": 0, "sweep_ber": 0.0, "sweep_pdet": 0.048828125, "confirmed_ber": 0.0, "confirmed_ser": 0.0, "confirmed_pdet": 0.056640625, "passed": true}}, "kurtosis": {"0.01": {"index": 27, "sweep_ber": 8.392333984375e-05, "sweep_pdet": 0.017578125, "confirmed_ber": 8.296966552734375e-05, "confirmed_ser": 0.0001659393310546875, "confirmed_pdet": 0.0224609375, "passed": false}, "0.05": {"index": 0, "sweep_ber": 0.0, "sweep_pdet": 0.0390625, "confirmed_ber": 0.0, "confirmed_ser": 0.0, "confirmed_pdet": 0.047607421875, "passed": true}}, "spec_cnn": {"0.01": {"index": 0, "sweep_ber": 0.0, "sweep_pdet": 0.01171875, "confirmed_ber": 0.0, "confirmed_ser": 0.0, "confirmed_pdet": 0.011474609375, "passed": true}, "0.05": {"index": 0, "sweep_ber": 0.0, "sweep_pdet": 0.041015625, "confirmed_ber": 0.0, "confirmed_ser": 0.0, "confirmed_pdet": 0.051513671875, "passed": true}}}  (935s)
  [snr_20] generator spec_cnn_b100 (scale 0.4022)
  JSR  -50.0 dB  BER 0.00e+00  P(det)@0.05 power_one_sided 0.061 power_two_sided 0.053 kurtosis 0.037 spec_cnn 0.053  (0s)
  JSR  -49.0 dB  BER 0.00e+00  P(det)@0.05 power_one_sided 0.055 power_two_sided 0.053 kurtosis 0.057 spec_cnn 0.031  (0s)
  JSR  -48.0 dB  BER 0.00e+00  P(det)@0.05 power_one_sided 0.057 power_two_sided 0.068 kurtosis 0.047 spec_cnn 0.043  (1s)
  JSR  -47.0 dB  BER 0.00e+00  P(det)@0.05 power_one_sided 0.068 power_two_sided 0.064 kurtosis 0.043 spec_cnn 0.039  (1s)
  JSR  -46.0 dB  BER 0.00e+00  P(det)@0.05 power_one_sided 0.033 power_two_sided 0.035 kurtosis 0.078 spec_cnn 0.049  (1s)
  JSR  -45.0 dB  BER 0.00e+00  P(det)@0.05 power_one_sided 0.051 power_two_sided 0.035 kurtosis 0.051 spec_cnn 0.043  (2s)
  JSR  -44.0 dB  BER 0.00e+00  P(det)@0.05 power_one_sided 0.074 power_two_sided 0.059 kurtosis 0.057 spec_cnn 0.053  (2s)
  JSR  -43.0 dB  BER 0.00e+00  P(det)@0.05 power_one_sided 0.043 power_two_sided 0.047 kurtosis 0.043 spec_cnn 0.049  (2s)
  JSR  -42.0 dB  BER 0.00e+00  P(det)@0.05 power_one_sided 0.059 power_two_sided 0.041 kurtosis 0.033 spec_cnn 0.037  (3s)
  JSR  -41.0 dB  BER 0.00e+00  P(det)@0.05 power_one_sided 0.059 power_two_sided 0.068 kurtosis 0.061 spec_cnn 0.045  (3s)
  JSR  -40.0 dB  BER 0.00e+00  P(det)@0.05 power_one_sided 0.064 power_two_sided 0.047 kurtosis 0.059 spec_cnn 0.055  (3s)
  JSR  -39.0 dB  BER 0.00e+00  P(det)@0.05 power_one_sided 0.072 power_two_sided 0.074 kurtosis 0.037 spec_cnn 0.043  (3s)
  JSR  -38.0 dB  BER 0.00e+00  P(det)@0.05 power_one_sided 0.070 power_two_sided 0.061 kurtosis 0.061 spec_cnn 0.045  (4s)
  JSR  -37.0 dB  BER 0.00e+00  P(det)@0.05 power_one_sided 0.062 power_two_sided 0.045 kurtosis 0.043 spec_cnn 0.064  (4s)
  JSR  -36.0 dB  BER 0.00e+00  P(det)@0.05 power_one_sided 0.074 power_two_sided 0.055 kurtosis 0.062 spec_cnn 0.057  (4s)
  JSR  -35.0 dB  BER 0.00e+00  P(det)@0.05 power_one_sided 0.072 power_two_sided 0.084 kurtosis 0.049 spec_cnn 0.074  (5s)
  JSR  -34.0 dB  BER 0.00e+00  P(det)@0.05 power_one_sided 0.090 power_two_sided 0.084 kurtosis 0.049 spec_cnn 0.062  (5s)
  JSR  -33.0 dB  BER 0.00e+00  P(det)@0.05 power_one_sided 0.107 power_two_sided 0.086 kurtosis 0.062 spec_cnn 0.074  (5s)
  JSR  -32.0 dB  BER 0.00e+00  P(det)@0.05 power_one_sided 0.125 power_two_sided 0.098 kurtosis 0.059 spec_cnn 0.076  (6s)
  JSR  -31.0 dB  BER 0.00e+00  P(det)@0.05 power_one_sided 0.109 power_two_sided 0.098 kurtosis 0.059 spec_cnn 0.068  (6s)
  JSR  -30.0 dB  BER 0.00e+00  P(det)@0.05 power_one_sided 0.113 power_two_sided 0.074 kurtosis 0.045 spec_cnn 0.086  (6s)
  JSR  -29.0 dB  BER 0.00e+00  P(det)@0.05 power_one_sided 0.148 power_two_sided 0.145 kurtosis 0.037 spec_cnn 0.088  (7s)
  JSR  -28.0 dB  BER 0.00e+00  P(det)@0.05 power_one_sided 0.174 power_two_sided 0.133 kurtosis 0.025 spec_cnn 0.090  (7s)
  JSR  -27.0 dB  BER 0.00e+00  P(det)@0.05 power_one_sided 0.225 power_two_sided 0.207 kurtosis 0.061 spec_cnn 0.107  (7s)
  JSR  -26.0 dB  BER 0.00e+00  P(det)@0.05 power_one_sided 0.242 power_two_sided 0.223 kurtosis 0.055 spec_cnn 0.123  (7s)
  JSR  -25.0 dB  BER 0.00e+00  P(det)@0.05 power_one_sided 0.301 power_two_sided 0.289 kurtosis 0.076 spec_cnn 0.154  (8s)
  JSR  -24.0 dB  BER 0.00e+00  P(det)@0.05 power_one_sided 0.385 power_two_sided 0.357 kurtosis 0.055 spec_cnn 0.160  (8s)
  JSR  -23.0 dB  BER 0.00e+00  P(det)@0.05 power_one_sided 0.412 power_two_sided 0.410 kurtosis 0.074 spec_cnn 0.238  (8s)
  JSR  -22.0 dB  BER 5.34e-05  P(det)@0.05 power_one_sided 0.521 power_two_sided 0.510 kurtosis 0.064 spec_cnn 0.287  (9s)
  JSR  -21.0 dB  BER 2.21e-04  P(det)@0.05 power_one_sided 0.598 power_two_sided 0.553 kurtosis 0.107 spec_cnn 0.375  (9s)
  JSR  -20.0 dB  BER 3.05e-04  P(det)@0.05 power_one_sided 0.664 power_two_sided 0.660 kurtosis 0.129 spec_cnn 0.479  (9s)
  JSR  -19.0 dB  BER 6.71e-04  P(det)@0.05 power_one_sided 0.711 power_two_sided 0.686 kurtosis 0.178 spec_cnn 0.635  (9s)
  JSR  -18.0 dB  BER 8.39e-04  P(det)@0.05 power_one_sided 0.838 power_two_sided 0.812 kurtosis 0.248 spec_cnn 0.748  (10s)
  JSR  -17.0 dB  BER 1.21e-03  P(det)@0.05 power_one_sided 0.840 power_two_sided 0.824 kurtosis 0.338 spec_cnn 0.822  (10s)
  JSR  -16.0 dB  BER 1.53e-03  P(det)@0.05 power_one_sided 0.922 power_two_sided 0.914 kurtosis 0.412 spec_cnn 0.912  (10s)
  JSR  -15.0 dB  BER 1.76e-03  P(det)@0.05 power_one_sided 0.941 power_two_sided 0.934 kurtosis 0.488 spec_cnn 0.965  (11s)
  JSR  -14.0 dB  BER 2.23e-03  P(det)@0.05 power_one_sided 0.977 power_two_sided 0.965 kurtosis 0.602 spec_cnn 0.992  (11s)
  JSR  -13.0 dB  BER 2.57e-03  P(det)@0.05 power_one_sided 0.988 power_two_sided 0.988 kurtosis 0.713 spec_cnn 0.998  (11s)
  JSR  -12.0 dB  BER 2.80e-03  P(det)@0.05 power_one_sided 1.000 power_two_sided 1.000 kurtosis 0.842 spec_cnn 0.998  (12s)
  JSR  -11.0 dB  BER 2.94e-03  P(det)@0.05 power_one_sided 1.000 power_two_sided 1.000 kurtosis 0.902 spec_cnn 1.000  (12s)
  JSR  -10.0 dB  BER 3.32e-03  P(det)@0.05 power_one_sided 1.000 power_two_sided 1.000 kurtosis 0.971 spec_cnn 1.000  (12s)
  JSR   -9.0 dB  BER 3.40e-03  P(det)@0.05 power_one_sided 1.000 power_two_sided 1.000 kurtosis 0.996 spec_cnn 1.000  (13s)
  JSR   -8.0 dB  BER 3.78e-03  P(det)@0.05 power_one_sided 1.000 power_two_sided 1.000 kurtosis 0.998 spec_cnn 1.000  (13s)
  JSR   -7.0 dB  BER 4.28e-03  P(det)@0.05 power_one_sided 1.000 power_two_sided 1.000 kurtosis 1.000 spec_cnn 1.000  (13s)
  JSR   -6.0 dB  BER 4.69e-03  P(det)@0.05 power_one_sided 1.000 power_two_sided 1.000 kurtosis 1.000 spec_cnn 1.000  (13s)
  JSR   -5.0 dB  BER 5.52e-03  P(det)@0.05 power_one_sided 1.000 power_two_sided 1.000 kurtosis 1.000 spec_cnn 1.000  (14s)
  JSR   -4.0 dB  BER 6.60e-03  P(det)@0.05 power_one_sided 1.000 power_two_sided 1.000 kurtosis 1.000 spec_cnn 1.000  (14s)
  JSR   -3.0 dB  BER 9.33e-03  P(det)@0.05 power_one_sided 1.000 power_two_sided 1.000 kurtosis 1.000 spec_cnn 1.000  (14s)
  JSR   -2.0 dB  BER 1.42e-02  P(det)@0.05 power_one_sided 1.000 power_two_sided 1.000 kurtosis 1.000 spec_cnn 1.000  (15s)
  JSR   -1.0 dB  BER 1.99e-02  P(det)@0.05 power_one_sided 1.000 power_two_sided 1.000 kurtosis 1.000 spec_cnn 1.000  (15s)
  JSR   +0.0 dB  BER 2.75e-02  P(det)@0.05 power_one_sided 1.000 power_two_sided 1.000 kurtosis 1.000 spec_cnn 1.000  (15s)
  JSR   +1.0 dB  BER 4.05e-02  P(det)@0.05 power_one_sided 1.000 power_two_sided 1.000 kurtosis 1.000 spec_cnn 1.000  (16s)
  JSR   +2.0 dB  BER 5.35e-02  P(det)@0.05 power_one_sided 1.000 power_two_sided 1.000 kurtosis 1.000 spec_cnn 1.000  (16s)
  JSR   +3.0 dB  BER 7.20e-02  P(det)@0.05 power_one_sided 1.000 power_two_sided 1.000 kurtosis 1.000 spec_cnn 1.000  (16s)
  JSR   +4.0 dB  BER 9.22e-02  P(det)@0.05 power_one_sided 1.000 power_two_sided 1.000 kurtosis 1.000 spec_cnn 1.000  (16s)
  JSR   +5.0 dB  BER 1.15e-01  P(det)@0.05 power_one_sided 1.000 power_two_sided 1.000 kurtosis 1.000 spec_cnn 1.000  (17s)
  JSR   +6.0 dB  BER 1.36e-01  P(det)@0.05 power_one_sided 1.000 power_two_sided 1.000 kurtosis 1.000 spec_cnn 1.000  (17s)
  JSR   +7.0 dB  BER 1.61e-01  P(det)@0.05 power_one_sided 1.000 power_two_sided 1.000 kurtosis 1.000 spec_cnn 1.000  (17s)
  JSR   +8.0 dB  BER 1.89e-01  P(det)@0.05 power_one_sided 1.000 power_two_sided 1.000 kurtosis 1.000 spec_cnn 1.000  (18s)
  JSR   +9.0 dB  BER 2.16e-01  P(det)@0.05 power_one_sided 1.000 power_two_sided 1.000 kurtosis 1.000 spec_cnn 1.000  (18s)
  JSR  +10.0 dB  BER 2.37e-01  P(det)@0.05 power_one_sided 1.000 power_two_sided 1.000 kurtosis 1.000 spec_cnn 1.000  (18s)
  JSR  +11.0 dB  BER 2.66e-01  P(det)@0.05 power_one_sided 1.000 power_two_sided 1.000 kurtosis 1.000 spec_cnn 1.000  (19s)
  JSR  +12.0 dB  BER 2.79e-01  P(det)@0.05 power_one_sided 1.000 power_two_sided 1.000 kurtosis 1.000 spec_cnn 1.000  (19s)
  JSR  +13.0 dB  BER 3.04e-01  P(det)@0.05 power_one_sided 1.000 power_two_sided 1.000 kurtosis 1.000 spec_cnn 1.000  (19s)
  JSR  +14.0 dB  BER 3.21e-01  P(det)@0.05 power_one_sided 1.000 power_two_sided 1.000 kurtosis 1.000 spec_cnn 1.000  (20s)
  JSR  +15.0 dB  BER 3.45e-01  P(det)@0.05 power_one_sided 1.000 power_two_sided 1.000 kurtosis 1.000 spec_cnn 1.000  (20s)
  [snr_20] spec_cnn_b100 confirmed: {"power_one_sided": {"0.01": {"index": 0, "sweep_ber": 0.0, "sweep_pdet": 0.01171875, "confirmed_ber": 0.0, "confirmed_ser": 0.0, "confirmed_pdet": 0.010986328125, "passed": true}, "0.05": {"index": 0, "sweep_ber": 0.0, "sweep_pdet": 0.060546875, "confirmed_ber": 0.0, "confirmed_ser": 0.0, "confirmed_pdet": 0.052978515625, "passed": true}}, "power_two_sided": {"0.01": {"index": 0, "sweep_ber": 0.0, "sweep_pdet": 0.013671875, "confirmed_ber": 0.0, "confirmed_ser": 0.0, "confirmed_pdet": 0.009521484375, "passed": true}, "0.05": {"index": 0, "sweep_ber": 0.0, "sweep_pdet": 0.052734375, "confirmed_ber": 0.0, "confirmed_ser": 0.0, "confirmed_pdet": 0.05810546875, "passed": false}}, "kurtosis": {"0.01": {"index": 28, "sweep_ber": 5.340576171875e-05, "sweep_pdet": 0.013671875, "confirmed_ber": 3.62396240234375e-05, "confirmed_ser": 7.2479248046875e-05, "confirmed_pdet": 0.021484375, "passed": false}, "0.05": {"index": 28, "sweep_ber": 5.340576171875e-05, "sweep_pdet": 0.064453125, "confirmed_ber": 4.00543212890625e-05, "confirmed_ser": 8.0108642578125e-05, "confirmed_pdet": 0.070556640625, "passed": false}}, "spec_cnn": {"0.01": {"index": 0, "sweep_ber": 0.0, "sweep_pdet": 0.0078125, "confirmed_ber": 0.0, "confirmed_ser": 0.0, "confirmed_pdet": 0.009033203125, "passed": true}, "0.05": {"index": 0, "sweep_ber": 0.0, "sweep_pdet": 0.052734375, "confirmed_ber": 0.0, "confirmed_ser": 0.0, "confirmed_pdet": 0.053955078125, "passed": true}}}  (974s)
  [snr_20] generator spec_cnn_b1000 (scale 0.4022)
  JSR  -50.0 dB  BER 0.00e+00  P(det)@0.05 power_one_sided 0.051 power_two_sided 0.057 kurtosis 0.062 spec_cnn 0.049  (0s)
  JSR  -49.0 dB  BER 0.00e+00  P(det)@0.05 power_one_sided 0.049 power_two_sided 0.051 kurtosis 0.041 spec_cnn 0.053  (1s)
  JSR  -48.0 dB  BER 0.00e+00  P(det)@0.05 power_one_sided 0.035 power_two_sided 0.039 kurtosis 0.039 spec_cnn 0.051  (1s)
  JSR  -47.0 dB  BER 0.00e+00  P(det)@0.05 power_one_sided 0.061 power_two_sided 0.059 kurtosis 0.025 spec_cnn 0.057  (1s)
  JSR  -46.0 dB  BER 0.00e+00  P(det)@0.05 power_one_sided 0.068 power_two_sided 0.047 kurtosis 0.049 spec_cnn 0.047  (2s)
  JSR  -45.0 dB  BER 0.00e+00  P(det)@0.05 power_one_sided 0.029 power_two_sided 0.043 kurtosis 0.047 spec_cnn 0.064  (2s)
  JSR  -44.0 dB  BER 0.00e+00  P(det)@0.05 power_one_sided 0.059 power_two_sided 0.051 kurtosis 0.047 spec_cnn 0.035  (2s)
  JSR  -43.0 dB  BER 0.00e+00  P(det)@0.05 power_one_sided 0.059 power_two_sided 0.053 kurtosis 0.072 spec_cnn 0.055  (2s)
  JSR  -42.0 dB  BER 0.00e+00  P(det)@0.05 power_one_sided 0.045 power_two_sided 0.033 kurtosis 0.045 spec_cnn 0.068  (3s)
  JSR  -41.0 dB  BER 0.00e+00  P(det)@0.05 power_one_sided 0.057 power_two_sided 0.061 kurtosis 0.049 spec_cnn 0.047  (3s)
  JSR  -40.0 dB  BER 0.00e+00  P(det)@0.05 power_one_sided 0.057 power_two_sided 0.035 kurtosis 0.043 spec_cnn 0.045  (3s)
  JSR  -39.0 dB  BER 0.00e+00  P(det)@0.05 power_one_sided 0.076 power_two_sided 0.072 kurtosis 0.041 spec_cnn 0.045  (4s)
  JSR  -38.0 dB  BER 0.00e+00  P(det)@0.05 power_one_sided 0.066 power_two_sided 0.059 kurtosis 0.043 spec_cnn 0.062  (4s)
  JSR  -37.0 dB  BER 0.00e+00  P(det)@0.05 power_one_sided 0.066 power_two_sided 0.062 kurtosis 0.061 spec_cnn 0.061  (4s)
  JSR  -36.0 dB  BER 0.00e+00  P(det)@0.05 power_one_sided 0.084 power_two_sided 0.068 kurtosis 0.051 spec_cnn 0.057  (5s)
  JSR  -35.0 dB  BER 0.00e+00  P(det)@0.05 power_one_sided 0.080 power_two_sided 0.061 kurtosis 0.033 spec_cnn 0.053  (5s)
  JSR  -34.0 dB  BER 0.00e+00  P(det)@0.05 power_one_sided 0.066 power_two_sided 0.047 kurtosis 0.068 spec_cnn 0.061  (5s)
  JSR  -33.0 dB  BER 0.00e+00  P(det)@0.05 power_one_sided 0.094 power_two_sided 0.078 kurtosis 0.041 spec_cnn 0.062  (5s)
  JSR  -32.0 dB  BER 0.00e+00  P(det)@0.05 power_one_sided 0.107 power_two_sided 0.102 kurtosis 0.053 spec_cnn 0.062  (6s)
  JSR  -31.0 dB  BER 0.00e+00  P(det)@0.05 power_one_sided 0.135 power_two_sided 0.107 kurtosis 0.062 spec_cnn 0.055  (6s)
  JSR  -30.0 dB  BER 0.00e+00  P(det)@0.05 power_one_sided 0.141 power_two_sided 0.100 kurtosis 0.041 spec_cnn 0.090  (6s)
  JSR  -29.0 dB  BER 0.00e+00  P(det)@0.05 power_one_sided 0.162 power_two_sided 0.127 kurtosis 0.047 spec_cnn 0.084  (7s)
  JSR  -28.0 dB  BER 0.00e+00  P(det)@0.05 power_one_sided 0.209 power_two_sided 0.191 kurtosis 0.055 spec_cnn 0.061  (7s)
  JSR  -27.0 dB  BER 0.00e+00  P(det)@0.05 power_one_sided 0.262 power_two_sided 0.207 kurtosis 0.033 spec_cnn 0.094  (7s)
  JSR  -26.0 dB  BER 0.00e+00  P(det)@0.05 power_one_sided 0.262 power_two_sided 0.242 kurtosis 0.055 spec_cnn 0.098  (7s)
  JSR  -25.0 dB  BER 0.00e+00  P(det)@0.05 power_one_sided 0.346 power_two_sided 0.309 kurtosis 0.047 spec_cnn 0.139  (8s)
  JSR  -24.0 dB  BER 0.00e+00  P(det)@0.05 power_one_sided 0.418 power_two_sided 0.344 kurtosis 0.064 spec_cnn 0.131  (8s)
  JSR  -23.0 dB  BER 0.00e+00  P(det)@0.05 power_one_sided 0.512 power_two_sided 0.449 kurtosis 0.057 spec_cnn 0.189  (8s)
  JSR  -22.0 dB  BER 0.00e+00  P(det)@0.05 power_one_sided 0.598 power_two_sided 0.541 kurtosis 0.066 spec_cnn 0.240  (9s)
  JSR  -21.0 dB  BER 0.00e+00  P(det)@0.05 power_one_sided 0.656 power_two_sided 0.609 kurtosis 0.064 spec_cnn 0.342  (9s)
  JSR  -20.0 dB  BER 7.63e-06  P(det)@0.05 power_one_sided 0.807 power_two_sided 0.773 kurtosis 0.070 spec_cnn 0.465  (9s)
  JSR  -19.0 dB  BER 9.92e-05  P(det)@0.05 power_one_sided 0.842 power_two_sided 0.824 kurtosis 0.100 spec_cnn 0.564  (10s)
  JSR  -18.0 dB  BER 1.98e-04  P(det)@0.05 power_one_sided 0.891 power_two_sided 0.883 kurtosis 0.096 spec_cnn 0.758  (10s)
  JSR  -17.0 dB  BER 3.36e-04  P(det)@0.05 power_one_sided 0.959 power_two_sided 0.938 kurtosis 0.123 spec_cnn 0.863  (10s)
  JSR  -16.0 dB  BER 5.72e-04  P(det)@0.05 power_one_sided 0.971 power_two_sided 0.965 kurtosis 0.184 spec_cnn 0.916  (11s)
  JSR  -15.0 dB  BER 7.55e-04  P(det)@0.05 power_one_sided 0.986 power_two_sided 0.984 kurtosis 0.295 spec_cnn 0.977  (11s)
  JSR  -14.0 dB  BER 9.99e-04  P(det)@0.05 power_one_sided 0.990 power_two_sided 0.988 kurtosis 0.404 spec_cnn 0.998  (11s)
  JSR  -13.0 dB  BER 1.27e-03  P(det)@0.05 power_one_sided 0.996 power_two_sided 0.998 kurtosis 0.521 spec_cnn 1.000  (11s)
  JSR  -12.0 dB  BER 1.69e-03  P(det)@0.05 power_one_sided 0.998 power_two_sided 0.998 kurtosis 0.715 spec_cnn 1.000  (12s)
  JSR  -11.0 dB  BER 1.99e-03  P(det)@0.05 power_one_sided 1.000 power_two_sided 1.000 kurtosis 0.857 spec_cnn 1.000  (12s)
  JSR  -10.0 dB  BER 1.91e-03  P(det)@0.05 power_one_sided 1.000 power_two_sided 1.000 kurtosis 0.963 spec_cnn 1.000  (12s)
  JSR   -9.0 dB  BER 2.37e-03  P(det)@0.05 power_one_sided 1.000 power_two_sided 1.000 kurtosis 0.994 spec_cnn 1.000  (13s)
  JSR   -8.0 dB  BER 3.13e-03  P(det)@0.05 power_one_sided 1.000 power_two_sided 1.000 kurtosis 0.996 spec_cnn 1.000  (13s)
  JSR   -7.0 dB  BER 3.80e-03  P(det)@0.05 power_one_sided 1.000 power_two_sided 1.000 kurtosis 1.000 spec_cnn 1.000  (13s)
  JSR   -6.0 dB  BER 5.28e-03  P(det)@0.05 power_one_sided 1.000 power_two_sided 1.000 kurtosis 1.000 spec_cnn 1.000  (14s)
  JSR   -5.0 dB  BER 7.09e-03  P(det)@0.05 power_one_sided 1.000 power_two_sided 1.000 kurtosis 1.000 spec_cnn 1.000  (14s)
  JSR   -4.0 dB  BER 9.88e-03  P(det)@0.05 power_one_sided 1.000 power_two_sided 1.000 kurtosis 1.000 spec_cnn 1.000  (14s)
  JSR   -3.0 dB  BER 1.46e-02  P(det)@0.05 power_one_sided 1.000 power_two_sided 1.000 kurtosis 1.000 spec_cnn 1.000  (14s)
  JSR   -2.0 dB  BER 1.98e-02  P(det)@0.05 power_one_sided 1.000 power_two_sided 1.000 kurtosis 1.000 spec_cnn 1.000  (15s)
  JSR   -1.0 dB  BER 2.94e-02  P(det)@0.05 power_one_sided 1.000 power_two_sided 1.000 kurtosis 1.000 spec_cnn 1.000  (15s)
  JSR   +0.0 dB  BER 4.21e-02  P(det)@0.05 power_one_sided 1.000 power_two_sided 1.000 kurtosis 1.000 spec_cnn 1.000  (15s)
  JSR   +1.0 dB  BER 5.54e-02  P(det)@0.05 power_one_sided 1.000 power_two_sided 1.000 kurtosis 1.000 spec_cnn 1.000  (16s)
  JSR   +2.0 dB  BER 7.56e-02  P(det)@0.05 power_one_sided 1.000 power_two_sided 1.000 kurtosis 1.000 spec_cnn 1.000  (16s)
  JSR   +3.0 dB  BER 9.40e-02  P(det)@0.05 power_one_sided 1.000 power_two_sided 1.000 kurtosis 1.000 spec_cnn 1.000  (16s)
  JSR   +4.0 dB  BER 1.17e-01  P(det)@0.05 power_one_sided 1.000 power_two_sided 1.000 kurtosis 1.000 spec_cnn 1.000  (17s)
  JSR   +5.0 dB  BER 1.43e-01  P(det)@0.05 power_one_sided 1.000 power_two_sided 1.000 kurtosis 1.000 spec_cnn 1.000  (17s)
  JSR   +6.0 dB  BER 1.71e-01  P(det)@0.05 power_one_sided 1.000 power_two_sided 1.000 kurtosis 1.000 spec_cnn 1.000  (17s)
  JSR   +7.0 dB  BER 1.96e-01  P(det)@0.05 power_one_sided 1.000 power_two_sided 1.000 kurtosis 1.000 spec_cnn 1.000  (17s)
  JSR   +8.0 dB  BER 2.20e-01  P(det)@0.05 power_one_sided 1.000 power_two_sided 1.000 kurtosis 1.000 spec_cnn 1.000  (18s)
  JSR   +9.0 dB  BER 2.46e-01  P(det)@0.05 power_one_sided 1.000 power_two_sided 1.000 kurtosis 1.000 spec_cnn 1.000  (18s)
  JSR  +10.0 dB  BER 2.70e-01  P(det)@0.05 power_one_sided 1.000 power_two_sided 1.000 kurtosis 1.000 spec_cnn 1.000  (18s)
  JSR  +11.0 dB  BER 2.93e-01  P(det)@0.05 power_one_sided 1.000 power_two_sided 1.000 kurtosis 1.000 spec_cnn 1.000  (19s)
  JSR  +12.0 dB  BER 3.07e-01  P(det)@0.05 power_one_sided 1.000 power_two_sided 1.000 kurtosis 1.000 spec_cnn 1.000  (19s)
  JSR  +13.0 dB  BER 3.35e-01  P(det)@0.05 power_one_sided 1.000 power_two_sided 1.000 kurtosis 1.000 spec_cnn 1.000  (19s)
  JSR  +14.0 dB  BER 3.49e-01  P(det)@0.05 power_one_sided 1.000 power_two_sided 1.000 kurtosis 1.000 spec_cnn 1.000  (20s)
  JSR  +15.0 dB  BER 3.65e-01  P(det)@0.05 power_one_sided 1.000 power_two_sided 1.000 kurtosis 1.000 spec_cnn 1.000  (20s)
  [snr_20] spec_cnn_b1000 confirmed: {"power_one_sided": {"0.01": {"index": 0, "sweep_ber": 0.0, "sweep_pdet": 0.013671875, "confirmed_ber": 0.0, "confirmed_ser": 0.0, "confirmed_pdet": 0.01025390625, "passed": true}, "0.05": {"index": 0, "sweep_ber": 0.0, "sweep_pdet": 0.05078125, "confirmed_ber": 0.0, "confirmed_ser": 0.0, "confirmed_pdet": 0.0576171875, "passed": false}}, "power_two_sided": {"0.01": {"index": 1, "sweep_ber": 0.0, "sweep_pdet": 0.005859375, "confirmed_ber": 0.0, "confirmed_ser": 0.0, "confirmed_pdet": 0.0078125, "passed": true}, "0.05": {"index": 0, "sweep_ber": 0.0, "sweep_pdet": 0.056640625, "confirmed_ber": 0.0, "confirmed_ser": 0.0, "confirmed_pdet": 0.0498046875, "passed": true}}, "kurtosis": {"0.01": {"index": 30, "sweep_ber": 7.62939453125e-06, "sweep_pdet": 0.013671875, "confirmed_ber": 1.71661376953125e-05, "confirmed_ser": 3.4332275390625e-05, "confirmed_pdet": 0.0166015625, "passed": false}, "0.05": {"index": 0, "sweep_ber": 0.0, "sweep_pdet": 0.0625, "confirmed_ber": 0.0, "confirmed_ser": 0.0, "confirmed_pdet": 0.044189453125, "passed": true}}, "spec_cnn": {"0.01": {"index": 1, "sweep_ber": 0.0, "sweep_pdet": 0.009765625, "confirmed_ber": 0.0, "confirmed_ser": 0.0, "confirmed_pdet": 0.00830078125, "passed": true}, "0.05": {"index": 0, "sweep_ber": 0.0, "sweep_pdet": 0.048828125, "confirmed_ber": 0.0, "confirmed_ser": 0.0, "confirmed_pdet": 0.05029296875, "passed": true}}}  (1014s)
  [snr_20] generator spec_cnn_b10000 (scale 0.4022)
  JSR  -50.0 dB  BER 0.00e+00  P(det)@0.05 power_one_sided 0.064 power_two_sided 0.064 kurtosis 0.037 spec_cnn 0.049  (0s)
  JSR  -49.0 dB  BER 0.00e+00  P(det)@0.05 power_one_sided 0.051 power_two_sided 0.049 kurtosis 0.037 spec_cnn 0.047  (1s)
  JSR  -48.0 dB  BER 0.00e+00  P(det)@0.05 power_one_sided 0.055 power_two_sided 0.062 kurtosis 0.074 spec_cnn 0.045  (1s)
  JSR  -47.0 dB  BER 0.00e+00  P(det)@0.05 power_one_sided 0.066 power_two_sided 0.061 kurtosis 0.049 spec_cnn 0.041  (1s)
  JSR  -46.0 dB  BER 0.00e+00  P(det)@0.05 power_one_sided 0.062 power_two_sided 0.049 kurtosis 0.035 spec_cnn 0.045  (2s)
  JSR  -45.0 dB  BER 0.00e+00  P(det)@0.05 power_one_sided 0.076 power_two_sided 0.049 kurtosis 0.049 spec_cnn 0.049  (2s)
  JSR  -44.0 dB  BER 0.00e+00  P(det)@0.05 power_one_sided 0.041 power_two_sided 0.049 kurtosis 0.047 spec_cnn 0.061  (2s)
  JSR  -43.0 dB  BER 0.00e+00  P(det)@0.05 power_one_sided 0.059 power_two_sided 0.043 kurtosis 0.053 spec_cnn 0.037  (2s)
  JSR  -42.0 dB  BER 0.00e+00  P(det)@0.05 power_one_sided 0.057 power_two_sided 0.045 kurtosis 0.039 spec_cnn 0.059  (3s)
  JSR  -41.0 dB  BER 0.00e+00  P(det)@0.05 power_one_sided 0.064 power_two_sided 0.066 kurtosis 0.045 spec_cnn 0.057  (3s)
  JSR  -40.0 dB  BER 0.00e+00  P(det)@0.05 power_one_sided 0.090 power_two_sided 0.064 kurtosis 0.037 spec_cnn 0.059  (3s)
  JSR  -39.0 dB  BER 0.00e+00  P(det)@0.05 power_one_sided 0.068 power_two_sided 0.076 kurtosis 0.027 spec_cnn 0.066  (4s)
  JSR  -38.0 dB  BER 0.00e+00  P(det)@0.05 power_one_sided 0.061 power_two_sided 0.070 kurtosis 0.041 spec_cnn 0.070  (4s)
  JSR  -37.0 dB  BER 0.00e+00  P(det)@0.05 power_one_sided 0.096 power_two_sided 0.068 kurtosis 0.037 spec_cnn 0.059  (4s)
  JSR  -36.0 dB  BER 0.00e+00  P(det)@0.05 power_one_sided 0.080 power_two_sided 0.082 kurtosis 0.047 spec_cnn 0.051  (5s)
  JSR  -35.0 dB  BER 0.00e+00  P(det)@0.05 power_one_sided 0.061 power_two_sided 0.059 kurtosis 0.031 spec_cnn 0.061  (5s)
  JSR  -34.0 dB  BER 0.00e+00  P(det)@0.05 power_one_sided 0.064 power_two_sided 0.066 kurtosis 0.047 spec_cnn 0.051  (5s)
  JSR  -33.0 dB  BER 0.00e+00  P(det)@0.05 power_one_sided 0.088 power_two_sided 0.080 kurtosis 0.047 spec_cnn 0.064  (5s)
  JSR  -32.0 dB  BER 0.00e+00  P(det)@0.05 power_one_sided 0.109 power_two_sided 0.090 kurtosis 0.053 spec_cnn 0.043  (6s)
  JSR  -31.0 dB  BER 0.00e+00  P(det)@0.05 power_one_sided 0.119 power_two_sided 0.111 kurtosis 0.043 spec_cnn 0.053  (6s)
  JSR  -30.0 dB  BER 0.00e+00  P(det)@0.05 power_one_sided 0.166 power_two_sided 0.131 kurtosis 0.062 spec_cnn 0.064  (6s)
  JSR  -29.0 dB  BER 0.00e+00  P(det)@0.05 power_one_sided 0.168 power_two_sided 0.139 kurtosis 0.045 spec_cnn 0.061  (7s)
  JSR  -28.0 dB  BER 0.00e+00  P(det)@0.05 power_one_sided 0.205 power_two_sided 0.170 kurtosis 0.039 spec_cnn 0.049  (7s)
  JSR  -27.0 dB  BER 0.00e+00  P(det)@0.05 power_one_sided 0.229 power_two_sided 0.188 kurtosis 0.051 spec_cnn 0.055  (7s)
  JSR  -26.0 dB  BER 0.00e+00  P(det)@0.05 power_one_sided 0.281 power_two_sided 0.242 kurtosis 0.053 spec_cnn 0.074  (8s)
  JSR  -25.0 dB  BER 0.00e+00  P(det)@0.05 power_one_sided 0.340 power_two_sided 0.277 kurtosis 0.055 spec_cnn 0.051  (8s)
  JSR  -24.0 dB  BER 0.00e+00  P(det)@0.05 power_one_sided 0.426 power_two_sided 0.348 kurtosis 0.057 spec_cnn 0.074  (8s)
  JSR  -23.0 dB  BER 0.00e+00  P(det)@0.05 power_one_sided 0.465 power_two_sided 0.420 kurtosis 0.068 spec_cnn 0.086  (8s)
  JSR  -22.0 dB  BER 0.00e+00  P(det)@0.05 power_one_sided 0.539 power_two_sided 0.484 kurtosis 0.062 spec_cnn 0.115  (9s)
  JSR  -21.0 dB  BER 0.00e+00  P(det)@0.05 power_one_sided 0.633 power_two_sided 0.566 kurtosis 0.068 spec_cnn 0.109  (9s)
  JSR  -20.0 dB  BER 0.00e+00  P(det)@0.05 power_one_sided 0.727 power_two_sided 0.703 kurtosis 0.084 spec_cnn 0.146  (9s)
  JSR  -19.0 dB  BER 0.00e+00  P(det)@0.05 power_one_sided 0.791 power_two_sided 0.762 kurtosis 0.107 spec_cnn 0.172  (10s)
  JSR  -18.0 dB  BER 7.63e-06  P(det)@0.05 power_one_sided 0.818 power_two_sided 0.824 kurtosis 0.102 spec_cnn 0.250  (10s)
  JSR  -17.0 dB  BER 6.87e-05  P(det)@0.05 power_one_sided 0.932 power_two_sided 0.910 kurtosis 0.127 spec_cnn 0.312  (10s)
  JSR  -16.0 dB  BER 1.45e-04  P(det)@0.05 power_one_sided 0.949 power_two_sided 0.938 kurtosis 0.180 spec_cnn 0.395  (11s)
  JSR  -15.0 dB  BER 3.05e-04  P(det)@0.05 power_one_sided 0.979 power_two_sided 0.975 kurtosis 0.256 spec_cnn 0.557  (11s)
  JSR  -14.0 dB  BER 4.96e-04  P(det)@0.05 power_one_sided 0.990 power_two_sided 0.988 kurtosis 0.338 spec_cnn 0.664  (11s)
  JSR  -13.0 dB  BER 6.94e-04  P(det)@0.05 power_one_sided 0.994 power_two_sided 0.996 kurtosis 0.498 spec_cnn 0.766  (11s)
  JSR  -12.0 dB  BER 1.30e-03  P(det)@0.05 power_one_sided 0.998 power_two_sided 0.998 kurtosis 0.621 spec_cnn 0.871  (12s)
  JSR  -11.0 dB  BER 1.63e-03  P(det)@0.05 power_one_sided 1.000 power_two_sided 1.000 kurtosis 0.785 spec_cnn 0.949  (12s)
  JSR  -10.0 dB  BER 1.98e-03  P(det)@0.05 power_one_sided 1.000 power_two_sided 1.000 kurtosis 0.916 spec_cnn 0.984  (12s)
  JSR   -9.0 dB  BER 2.32e-03  P(det)@0.05 power_one_sided 1.000 power_two_sided 1.000 kurtosis 0.963 spec_cnn 0.994  (13s)
  JSR   -8.0 dB  BER 3.01e-03  P(det)@0.05 power_one_sided 1.000 power_two_sided 1.000 kurtosis 0.992 spec_cnn 1.000  (13s)
  JSR   -7.0 dB  BER 3.97e-03  P(det)@0.05 power_one_sided 1.000 power_two_sided 1.000 kurtosis 1.000 spec_cnn 1.000  (13s)
  JSR   -6.0 dB  BER 5.27e-03  P(det)@0.05 power_one_sided 1.000 power_two_sided 1.000 kurtosis 1.000 spec_cnn 1.000  (14s)
  JSR   -5.0 dB  BER 8.54e-03  P(det)@0.05 power_one_sided 1.000 power_two_sided 1.000 kurtosis 1.000 spec_cnn 1.000  (14s)
  JSR   -4.0 dB  BER 1.32e-02  P(det)@0.05 power_one_sided 1.000 power_two_sided 1.000 kurtosis 1.000 spec_cnn 1.000  (14s)
  JSR   -3.0 dB  BER 2.27e-02  P(det)@0.05 power_one_sided 1.000 power_two_sided 1.000 kurtosis 1.000 spec_cnn 1.000  (14s)
  JSR   -2.0 dB  BER 3.70e-02  P(det)@0.05 power_one_sided 1.000 power_two_sided 1.000 kurtosis 1.000 spec_cnn 1.000  (15s)
  JSR   -1.0 dB  BER 5.64e-02  P(det)@0.05 power_one_sided 1.000 power_two_sided 1.000 kurtosis 1.000 spec_cnn 1.000  (15s)
  JSR   +0.0 dB  BER 7.69e-02  P(det)@0.05 power_one_sided 1.000 power_two_sided 1.000 kurtosis 1.000 spec_cnn 1.000  (15s)
  JSR   +1.0 dB  BER 9.99e-02  P(det)@0.05 power_one_sided 1.000 power_two_sided 1.000 kurtosis 1.000 spec_cnn 1.000  (16s)
  JSR   +2.0 dB  BER 1.22e-01  P(det)@0.05 power_one_sided 1.000 power_two_sided 1.000 kurtosis 1.000 spec_cnn 1.000  (16s)
  JSR   +3.0 dB  BER 1.54e-01  P(det)@0.05 power_one_sided 1.000 power_two_sided 1.000 kurtosis 1.000 spec_cnn 1.000  (16s)
  JSR   +4.0 dB  BER 1.79e-01  P(det)@0.05 power_one_sided 1.000 power_two_sided 1.000 kurtosis 1.000 spec_cnn 1.000  (17s)
  JSR   +5.0 dB  BER 1.98e-01  P(det)@0.05 power_one_sided 1.000 power_two_sided 1.000 kurtosis 1.000 spec_cnn 1.000  (17s)
  JSR   +6.0 dB  BER 2.29e-01  P(det)@0.05 power_one_sided 1.000 power_two_sided 1.000 kurtosis 1.000 spec_cnn 1.000  (17s)
  JSR   +7.0 dB  BER 2.50e-01  P(det)@0.05 power_one_sided 1.000 power_two_sided 1.000 kurtosis 1.000 spec_cnn 1.000  (17s)
  JSR   +8.0 dB  BER 2.70e-01  P(det)@0.05 power_one_sided 1.000 power_two_sided 1.000 kurtosis 1.000 spec_cnn 1.000  (18s)
  JSR   +9.0 dB  BER 2.95e-01  P(det)@0.05 power_one_sided 1.000 power_two_sided 1.000 kurtosis 1.000 spec_cnn 1.000  (18s)
  JSR  +10.0 dB  BER 3.15e-01  P(det)@0.05 power_one_sided 1.000 power_two_sided 1.000 kurtosis 1.000 spec_cnn 1.000  (18s)
  JSR  +11.0 dB  BER 3.33e-01  P(det)@0.05 power_one_sided 1.000 power_two_sided 1.000 kurtosis 1.000 spec_cnn 1.000  (19s)
  JSR  +12.0 dB  BER 3.49e-01  P(det)@0.05 power_one_sided 1.000 power_two_sided 1.000 kurtosis 1.000 spec_cnn 1.000  (19s)
  JSR  +13.0 dB  BER 3.66e-01  P(det)@0.05 power_one_sided 1.000 power_two_sided 1.000 kurtosis 1.000 spec_cnn 1.000  (19s)
  JSR  +14.0 dB  BER 3.79e-01  P(det)@0.05 power_one_sided 1.000 power_two_sided 1.000 kurtosis 1.000 spec_cnn 1.000  (19s)
  JSR  +15.0 dB  BER 3.92e-01  P(det)@0.05 power_one_sided 1.000 power_two_sided 1.000 kurtosis 1.000 spec_cnn 1.000  (20s)
  [snr_20] spec_cnn_b10000 confirmed: {"power_one_sided": {"0.01": {"index": 0, "sweep_ber": 0.0, "sweep_pdet": 0.017578125, "confirmed_ber": 0.0, "confirmed_ser": 0.0, "confirmed_pdet": 0.009521484375, "passed": true}, "0.05": {"index": 0, "sweep_ber": 0.0, "sweep_pdet": 0.064453125, "confirmed_ber": 0.0, "confirmed_ser": 0.0, "confirmed_pdet": 0.050048828125, "passed": true}}, "power_two_sided": {"0.01": {"index": 0, "sweep_ber": 0.0, "sweep_pdet": 0.013671875, "confirmed_ber": 0.0, "confirmed_ser": 0.0, "confirmed_pdet": 0.0078125, "passed": true}, "0.05": {"index": 0, "sweep_ber": 0.0, "sweep_pdet": 0.064453125, "confirmed_ber": 0.0, "confirmed_ser": 0.0, "confirmed_pdet": 0.05126953125, "passed": true}}, "kurtosis": {"0.01": {"index": 0, "sweep_ber": 0.0, "sweep_pdet": 0.005859375, "confirmed_ber": 0.0, "confirmed_ser": 0.0, "confirmed_pdet": 0.0087890625, "passed": true}, "0.05": {"index": 0, "sweep_ber": 0.0, "sweep_pdet": 0.037109375, "confirmed_ber": 0.0, "confirmed_ser": 0.0, "confirmed_pdet": 0.048095703125, "passed": true}}, "spec_cnn": {"0.01": {"index": 0, "sweep_ber": 0.0, "sweep_pdet": 0.0078125, "confirmed_ber": 0.0, "confirmed_ser": 0.0, "confirmed_pdet": 0.008544921875, "passed": true}, "0.05": {"index": 0, "sweep_ber": 0.0, "sweep_pdet": 0.048828125, "confirmed_ber": 0.0, "confirmed_ser": 0.0, "confirmed_pdet": 0.05517578125, "passed": true}}}  (1053s)
  [snr_20] generator spec_cnn_b100000 (scale 0.4022)
  JSR  -50.0 dB  BER 0.00e+00  P(det)@0.05 power_one_sided 0.053 power_two_sided 0.080 kurtosis 0.037 spec_cnn 0.059  (0s)
  JSR  -49.0 dB  BER 0.00e+00  P(det)@0.05 power_one_sided 0.062 power_two_sided 0.061 kurtosis 0.049 spec_cnn 0.068  (1s)
  JSR  -48.0 dB  BER 0.00e+00  P(det)@0.05 power_one_sided 0.064 power_two_sided 0.043 kurtosis 0.043 spec_cnn 0.057  (1s)
  JSR  -47.0 dB  BER 0.00e+00  P(det)@0.05 power_one_sided 0.035 power_two_sided 0.047 kurtosis 0.041 spec_cnn 0.047  (1s)
  JSR  -46.0 dB  BER 0.00e+00  P(det)@0.05 power_one_sided 0.061 power_two_sided 0.043 kurtosis 0.037 spec_cnn 0.055  (1s)
  JSR  -45.0 dB  BER 0.00e+00  P(det)@0.05 power_one_sided 0.051 power_two_sided 0.047 kurtosis 0.035 spec_cnn 0.045  (2s)
  JSR  -44.0 dB  BER 0.00e+00  P(det)@0.05 power_one_sided 0.057 power_two_sided 0.064 kurtosis 0.055 spec_cnn 0.053  (2s)
  JSR  -43.0 dB  BER 0.00e+00  P(det)@0.05 power_one_sided 0.051 power_two_sided 0.059 kurtosis 0.043 spec_cnn 0.061  (2s)
  JSR  -42.0 dB  BER 0.00e+00  P(det)@0.05 power_one_sided 0.074 power_two_sided 0.086 kurtosis 0.045 spec_cnn 0.053  (3s)
  JSR  -41.0 dB  BER 0.00e+00  P(det)@0.05 power_one_sided 0.061 power_two_sided 0.062 kurtosis 0.043 spec_cnn 0.059  (3s)
  JSR  -40.0 dB  BER 0.00e+00  P(det)@0.05 power_one_sided 0.070 power_two_sided 0.059 kurtosis 0.061 spec_cnn 0.057  (3s)
  JSR  -39.0 dB  BER 0.00e+00  P(det)@0.05 power_one_sided 0.090 power_two_sided 0.072 kurtosis 0.045 spec_cnn 0.037  (4s)
  JSR  -38.0 dB  BER 0.00e+00  P(det)@0.05 power_one_sided 0.057 power_two_sided 0.057 kurtosis 0.066 spec_cnn 0.066  (4s)
  JSR  -37.0 dB  BER 0.00e+00  P(det)@0.05 power_one_sided 0.100 power_two_sided 0.084 kurtosis 0.062 spec_cnn 0.078  (4s)
  JSR  -36.0 dB  BER 0.00e+00  P(det)@0.05 power_one_sided 0.082 power_two_sided 0.072 kurtosis 0.049 spec_cnn 0.037  (4s)
  JSR  -35.0 dB  BER 0.00e+00  P(det)@0.05 power_one_sided 0.100 power_two_sided 0.074 kurtosis 0.039 spec_cnn 0.051  (5s)
  JSR  -34.0 dB  BER 0.00e+00  P(det)@0.05 power_one_sided 0.082 power_two_sided 0.076 kurtosis 0.051 spec_cnn 0.062  (5s)
  JSR  -33.0 dB  BER 0.00e+00  P(det)@0.05 power_one_sided 0.104 power_two_sided 0.096 kurtosis 0.039 spec_cnn 0.066  (5s)
  JSR  -32.0 dB  BER 0.00e+00  P(det)@0.05 power_one_sided 0.084 power_two_sided 0.072 kurtosis 0.045 spec_cnn 0.066  (6s)
  JSR  -31.0 dB  BER 0.00e+00  P(det)@0.05 power_one_sided 0.109 power_two_sided 0.100 kurtosis 0.049 spec_cnn 0.070  (6s)
  JSR  -30.0 dB  BER 0.00e+00  P(det)@0.05 power_one_sided 0.158 power_two_sided 0.137 kurtosis 0.037 spec_cnn 0.084  (6s)
  JSR  -29.0 dB  BER 0.00e+00  P(det)@0.05 power_one_sided 0.158 power_two_sided 0.156 kurtosis 0.068 spec_cnn 0.053  (7s)
  JSR  -28.0 dB  BER 0.00e+00  P(det)@0.05 power_one_sided 0.178 power_two_sided 0.164 kurtosis 0.057 spec_cnn 0.047  (7s)
  JSR  -27.0 dB  BER 0.00e+00  P(det)@0.05 power_one_sided 0.225 power_two_sided 0.211 kurtosis 0.049 spec_cnn 0.039  (7s)
  JSR  -26.0 dB  BER 0.00e+00  P(det)@0.05 power_one_sided 0.291 power_two_sided 0.260 kurtosis 0.041 spec_cnn 0.059  (8s)
  JSR  -25.0 dB  BER 0.00e+00  P(det)@0.05 power_one_sided 0.324 power_two_sided 0.301 kurtosis 0.045 spec_cnn 0.045  (8s)
  JSR  -24.0 dB  BER 0.00e+00  P(det)@0.05 power_one_sided 0.359 power_two_sided 0.301 kurtosis 0.041 spec_cnn 0.043  (8s)
  JSR  -23.0 dB  BER 0.00e+00  P(det)@0.05 power_one_sided 0.449 power_two_sided 0.418 kurtosis 0.053 spec_cnn 0.055  (8s)
  JSR  -22.0 dB  BER 0.00e+00  P(det)@0.05 power_one_sided 0.527 power_two_sided 0.473 kurtosis 0.078 spec_cnn 0.039  (9s)
  JSR  -21.0 dB  BER 0.00e+00  P(det)@0.05 power_one_sided 0.625 power_two_sided 0.578 kurtosis 0.074 spec_cnn 0.035  (9s)
  JSR  -20.0 dB  BER 0.00e+00  P(det)@0.05 power_one_sided 0.672 power_two_sided 0.643 kurtosis 0.084 spec_cnn 0.031  (9s)
  JSR  -19.0 dB  BER 0.00e+00  P(det)@0.05 power_one_sided 0.768 power_two_sided 0.750 kurtosis 0.105 spec_cnn 0.027  (10s)
  JSR  -18.0 dB  BER 0.00e+00  P(det)@0.05 power_one_sided 0.838 power_two_sided 0.822 kurtosis 0.105 spec_cnn 0.023  (10s)
  JSR  -17.0 dB  BER 0.00e+00  P(det)@0.05 power_one_sided 0.908 power_two_sided 0.885 kurtosis 0.170 spec_cnn 0.027  (10s)
  JSR  -16.0 dB  BER 0.00e+00  P(det)@0.05 power_one_sided 0.947 power_two_sided 0.938 kurtosis 0.246 spec_cnn 0.016  (11s)
  JSR  -15.0 dB  BER 0.00e+00  P(det)@0.05 power_one_sided 0.977 power_two_sided 0.969 kurtosis 0.277 spec_cnn 0.031  (11s)
  JSR  -14.0 dB  BER 0.00e+00  P(det)@0.05 power_one_sided 0.979 power_two_sided 0.977 kurtosis 0.430 spec_cnn 0.031  (11s)
  JSR  -13.0 dB  BER 0.00e+00  P(det)@0.05 power_one_sided 0.992 power_two_sided 0.990 kurtosis 0.619 spec_cnn 0.039  (11s)
  JSR  -12.0 dB  BER 0.00e+00  P(det)@0.05 power_one_sided 1.000 power_two_sided 1.000 kurtosis 0.787 spec_cnn 0.072  (12s)
  JSR  -11.0 dB  BER 0.00e+00  P(det)@0.05 power_one_sided 1.000 power_two_sided 1.000 kurtosis 0.885 spec_cnn 0.127  (12s)
  JSR  -10.0 dB  BER 0.00e+00  P(det)@0.05 power_one_sided 1.000 power_two_sided 1.000 kurtosis 0.975 spec_cnn 0.244  (12s)
  JSR   -9.0 dB  BER 0.00e+00  P(det)@0.05 power_one_sided 1.000 power_two_sided 1.000 kurtosis 0.994 spec_cnn 0.361  (13s)
  JSR   -8.0 dB  BER 0.00e+00  P(det)@0.05 power_one_sided 1.000 power_two_sided 1.000 kurtosis 0.998 spec_cnn 0.529  (13s)
  JSR   -7.0 dB  BER 1.75e-04  P(det)@0.05 power_one_sided 1.000 power_two_sided 1.000 kurtosis 1.000 spec_cnn 0.789  (13s)
  JSR   -6.0 dB  BER 1.16e-03  P(det)@0.05 power_one_sided 1.000 power_two_sided 1.000 kurtosis 1.000 spec_cnn 0.932  (14s)
  JSR   -5.0 dB  BER 3.75e-03  P(det)@0.05 power_one_sided 1.000 power_two_sided 1.000 kurtosis 1.000 spec_cnn 0.988  (14s)
  JSR   -4.0 dB  BER 1.11e-02  P(det)@0.05 power_one_sided 1.000 power_two_sided 1.000 kurtosis 1.000 spec_cnn 1.000  (14s)
  JSR   -3.0 dB  BER 2.72e-02  P(det)@0.05 power_one_sided 1.000 power_two_sided 1.000 kurtosis 1.000 spec_cnn 1.000  (14s)
  JSR   -2.0 dB  BER 5.15e-02  P(det)@0.05 power_one_sided 1.000 power_two_sided 1.000 kurtosis 1.000 spec_cnn 1.000  (15s)
  JSR   -1.0 dB  BER 7.83e-02  P(det)@0.05 power_one_sided 1.000 power_two_sided 1.000 kurtosis 1.000 spec_cnn 1.000  (15s)
  JSR   +0.0 dB  BER 1.07e-01  P(det)@0.05 power_one_sided 1.000 power_two_sided 1.000 kurtosis 1.000 spec_cnn 1.000  (15s)
  JSR   +1.0 dB  BER 1.37e-01  P(det)@0.05 power_one_sided 1.000 power_two_sided 1.000 kurtosis 1.000 spec_cnn 1.000  (16s)
  JSR   +2.0 dB  BER 1.64e-01  P(det)@0.05 power_one_sided 1.000 power_two_sided 1.000 kurtosis 1.000 spec_cnn 1.000  (16s)
  JSR   +3.0 dB  BER 1.92e-01  P(det)@0.05 power_one_sided 1.000 power_two_sided 1.000 kurtosis 1.000 spec_cnn 1.000  (16s)
  JSR   +4.0 dB  BER 2.20e-01  P(det)@0.05 power_one_sided 1.000 power_two_sided 1.000 kurtosis 0.996 spec_cnn 1.000  (16s)
  JSR   +5.0 dB  BER 2.42e-01  P(det)@0.05 power_one_sided 1.000 power_two_sided 1.000 kurtosis 0.973 spec_cnn 1.000  (17s)
  JSR   +6.0 dB  BER 2.64e-01  P(det)@0.05 power_one_sided 1.000 power_two_sided 1.000 kurtosis 0.895 spec_cnn 1.000  (17s)
  JSR   +7.0 dB  BER 2.80e-01  P(det)@0.05 power_one_sided 1.000 power_two_sided 1.000 kurtosis 0.770 spec_cnn 1.000  (17s)
  JSR   +8.0 dB  BER 3.04e-01  P(det)@0.05 power_one_sided 1.000 power_two_sided 1.000 kurtosis 0.658 spec_cnn 1.000  (18s)
  JSR   +9.0 dB  BER 3.17e-01  P(det)@0.05 power_one_sided 1.000 power_two_sided 1.000 kurtosis 0.656 spec_cnn 1.000  (18s)
  JSR  +10.0 dB  BER 3.37e-01  P(det)@0.05 power_one_sided 1.000 power_two_sided 1.000 kurtosis 0.668 spec_cnn 1.000  (18s)
  JSR  +11.0 dB  BER 3.50e-01  P(det)@0.05 power_one_sided 1.000 power_two_sided 1.000 kurtosis 0.693 spec_cnn 1.000  (19s)
  JSR  +12.0 dB  BER 3.64e-01  P(det)@0.05 power_one_sided 1.000 power_two_sided 1.000 kurtosis 0.713 spec_cnn 1.000  (19s)
  JSR  +13.0 dB  BER 3.75e-01  P(det)@0.05 power_one_sided 1.000 power_two_sided 1.000 kurtosis 0.688 spec_cnn 1.000  (19s)
  JSR  +14.0 dB  BER 3.87e-01  P(det)@0.05 power_one_sided 1.000 power_two_sided 1.000 kurtosis 0.732 spec_cnn 1.000  (19s)
  JSR  +15.0 dB  BER 3.99e-01  P(det)@0.05 power_one_sided 1.000 power_two_sided 1.000 kurtosis 0.752 spec_cnn 1.000  (20s)
  [snr_20] spec_cnn_b100000 confirmed: {"power_one_sided": {"0.01": {"index": 0, "sweep_ber": 0.0, "sweep_pdet": 0.01171875, "confirmed_ber": 0.0, "confirmed_ser": 0.0, "confirmed_pdet": 0.008056640625, "passed": true}, "0.05": {"index": 0, "sweep_ber": 0.0, "sweep_pdet": 0.052734375, "confirmed_ber": 0.0, "confirmed_ser": 0.0, "confirmed_pdet": 0.051513671875, "passed": true}}, "power_two_sided": {"0.01": {"index": 0, "sweep_ber": 0.0, "sweep_pdet": 0.015625, "confirmed_ber": 0.0, "confirmed_ser": 0.0, "confirmed_pdet": 0.0087890625, "passed": true}, "0.05": {"index": 1, "sweep_ber": 0.0, "sweep_pdet": 0.060546875, "confirmed_ber": 0.0, "confirmed_ser": 0.0, "confirmed_pdet": 0.0556640625, "passed": true}}, "kurtosis": {"0.01": {"index": 0, "sweep_ber": 0.0, "sweep_pdet": 0.009765625, "confirmed_ber": 0.0, "confirmed_ser": 0.0, "confirmed_pdet": 0.011474609375, "passed": true}, "0.05": {"index": 0, "sweep_ber": 0.0, "sweep_pdet": 0.037109375, "confirmed_ber": 0.0, "confirmed_ser": 0.0, "confirmed_pdet": 0.039306640625, "passed": true}}, "spec_cnn": {"0.01": {"index": 0, "sweep_ber": 0.0, "sweep_pdet": 0.013671875, "confirmed_ber": 0.0, "confirmed_ser": 0.0, "confirmed_pdet": 0.0107421875, "passed": true}, "0.05": {"index": 0, "sweep_ber": 0.0, "sweep_pdet": 0.05859375, "confirmed_ber": 0.0, "confirmed_ser": 0.0, "confirmed_pdet": 0.05419921875, "passed": true}}}  (1092s)
  [snr_20] generator spec_cnn_b1e+06 (scale 0.4022)
  JSR  -50.0 dB  BER 0.00e+00  P(det)@0.05 power_one_sided 0.055 power_two_sided 0.057 kurtosis 0.029 spec_cnn 0.039  (0s)
  JSR  -49.0 dB  BER 0.00e+00  P(det)@0.05 power_one_sided 0.059 power_two_sided 0.064 kurtosis 0.031 spec_cnn 0.049  (1s)
  JSR  -48.0 dB  BER 0.00e+00  P(det)@0.05 power_one_sided 0.062 power_two_sided 0.059 kurtosis 0.047 spec_cnn 0.059  (1s)
  JSR  -47.0 dB  BER 0.00e+00  P(det)@0.05 power_one_sided 0.053 power_two_sided 0.051 kurtosis 0.061 spec_cnn 0.061  (1s)
  JSR  -46.0 dB  BER 0.00e+00  P(det)@0.05 power_one_sided 0.061 power_two_sided 0.055 kurtosis 0.062 spec_cnn 0.059  (2s)
  JSR  -45.0 dB  BER 0.00e+00  P(det)@0.05 power_one_sided 0.061 power_two_sided 0.057 kurtosis 0.047 spec_cnn 0.062  (2s)
  JSR  -44.0 dB  BER 0.00e+00  P(det)@0.05 power_one_sided 0.055 power_two_sided 0.053 kurtosis 0.041 spec_cnn 0.045  (2s)
  JSR  -43.0 dB  BER 0.00e+00  P(det)@0.05 power_one_sided 0.049 power_two_sided 0.037 kurtosis 0.057 spec_cnn 0.057  (2s)
  JSR  -42.0 dB  BER 0.00e+00  P(det)@0.05 power_one_sided 0.066 power_two_sided 0.061 kurtosis 0.061 spec_cnn 0.047  (3s)
  JSR  -41.0 dB  BER 0.00e+00  P(det)@0.05 power_one_sided 0.049 power_two_sided 0.053 kurtosis 0.035 spec_cnn 0.062  (3s)
  JSR  -40.0 dB  BER 0.00e+00  P(det)@0.05 power_one_sided 0.064 power_two_sided 0.055 kurtosis 0.055 spec_cnn 0.086  (3s)
  JSR  -39.0 dB  BER 0.00e+00  P(det)@0.05 power_one_sided 0.045 power_two_sided 0.068 kurtosis 0.055 spec_cnn 0.057  (4s)
  JSR  -38.0 dB  BER 0.00e+00  P(det)@0.05 power_one_sided 0.074 power_two_sided 0.057 kurtosis 0.049 spec_cnn 0.051  (4s)
  JSR  -37.0 dB  BER 0.00e+00  P(det)@0.05 power_one_sided 0.043 power_two_sided 0.055 kurtosis 0.035 spec_cnn 0.068  (4s)
  JSR  -36.0 dB  BER 0.00e+00  P(det)@0.05 power_one_sided 0.076 power_two_sided 0.070 kurtosis 0.057 spec_cnn 0.051  (5s)
  JSR  -35.0 dB  BER 0.00e+00  P(det)@0.05 power_one_sided 0.086 power_two_sided 0.088 kurtosis 0.057 spec_cnn 0.066  (5s)
  JSR  -34.0 dB  BER 0.00e+00  P(det)@0.05 power_one_sided 0.076 power_two_sided 0.066 kurtosis 0.037 spec_cnn 0.053  (5s)
  JSR  -33.0 dB  BER 0.00e+00  P(det)@0.05 power_one_sided 0.094 power_two_sided 0.072 kurtosis 0.057 spec_cnn 0.068  (5s)
  JSR  -32.0 dB  BER 0.00e+00  P(det)@0.05 power_one_sided 0.105 power_two_sided 0.090 kurtosis 0.045 spec_cnn 0.059  (6s)
  JSR  -31.0 dB  BER 0.00e+00  P(det)@0.05 power_one_sided 0.104 power_two_sided 0.092 kurtosis 0.047 spec_cnn 0.080  (6s)
  JSR  -30.0 dB  BER 0.00e+00  P(det)@0.05 power_one_sided 0.137 power_two_sided 0.119 kurtosis 0.053 spec_cnn 0.074  (6s)
  JSR  -29.0 dB  BER 0.00e+00  P(det)@0.05 power_one_sided 0.143 power_two_sided 0.121 kurtosis 0.051 spec_cnn 0.043  (7s)
  JSR  -28.0 dB  BER 0.00e+00  P(det)@0.05 power_one_sided 0.197 power_two_sided 0.168 kurtosis 0.055 spec_cnn 0.049  (7s)
  JSR  -27.0 dB  BER 0.00e+00  P(det)@0.05 power_one_sided 0.199 power_two_sided 0.197 kurtosis 0.055 spec_cnn 0.057  (7s)
  JSR  -26.0 dB  BER 0.00e+00  P(det)@0.05 power_one_sided 0.240 power_two_sided 0.234 kurtosis 0.061 spec_cnn 0.051  (8s)
  JSR  -25.0 dB  BER 0.00e+00  P(det)@0.05 power_one_sided 0.305 power_two_sided 0.258 kurtosis 0.035 spec_cnn 0.041  (8s)
  JSR  -24.0 dB  BER 0.00e+00  P(det)@0.05 power_one_sided 0.355 power_two_sided 0.344 kurtosis 0.061 spec_cnn 0.055  (8s)
  JSR  -23.0 dB  BER 0.00e+00  P(det)@0.05 power_one_sided 0.482 power_two_sided 0.434 kurtosis 0.061 spec_cnn 0.064  (8s)
  JSR  -22.0 dB  BER 0.00e+00  P(det)@0.05 power_one_sided 0.537 power_two_sided 0.502 kurtosis 0.051 spec_cnn 0.039  (9s)
  JSR  -21.0 dB  BER 0.00e+00  P(det)@0.05 power_one_sided 0.600 power_two_sided 0.551 kurtosis 0.076 spec_cnn 0.047  (9s)
  JSR  -20.0 dB  BER 0.00e+00  P(det)@0.05 power_one_sided 0.682 power_two_sided 0.682 kurtosis 0.102 spec_cnn 0.023  (9s)
  JSR  -19.0 dB  BER 0.00e+00  P(det)@0.05 power_one_sided 0.781 power_two_sided 0.766 kurtosis 0.084 spec_cnn 0.039  (10s)
  JSR  -18.0 dB  BER 0.00e+00  P(det)@0.05 power_one_sided 0.852 power_two_sided 0.828 kurtosis 0.109 spec_cnn 0.020  (10s)
  JSR  -17.0 dB  BER 0.00e+00  P(det)@0.05 power_one_sided 0.848 power_two_sided 0.848 kurtosis 0.139 spec_cnn 0.023  (10s)
  JSR  -16.0 dB  BER 0.00e+00  P(det)@0.05 power_one_sided 0.930 power_two_sided 0.912 kurtosis 0.211 spec_cnn 0.025  (11s)
  JSR  -15.0 dB  BER 0.00e+00  P(det)@0.05 power_one_sided 0.973 power_two_sided 0.971 kurtosis 0.289 spec_cnn 0.023  (11s)
  JSR  -14.0 dB  BER 0.00e+00  P(det)@0.05 power_one_sided 0.980 power_two_sided 0.979 kurtosis 0.391 spec_cnn 0.027  (11s)
  JSR  -13.0 dB  BER 0.00e+00  P(det)@0.05 power_one_sided 0.994 power_two_sided 0.992 kurtosis 0.559 spec_cnn 0.031  (11s)
  JSR  -12.0 dB  BER 0.00e+00  P(det)@0.05 power_one_sided 0.998 power_two_sided 0.998 kurtosis 0.729 spec_cnn 0.061  (12s)
  JSR  -11.0 dB  BER 0.00e+00  P(det)@0.05 power_one_sided 1.000 power_two_sided 0.998 kurtosis 0.861 spec_cnn 0.092  (12s)
  JSR  -10.0 dB  BER 0.00e+00  P(det)@0.05 power_one_sided 1.000 power_two_sided 1.000 kurtosis 0.977 spec_cnn 0.201  (12s)
  JSR   -9.0 dB  BER 0.00e+00  P(det)@0.05 power_one_sided 1.000 power_two_sided 1.000 kurtosis 0.990 spec_cnn 0.309  (13s)
  JSR   -8.0 dB  BER 0.00e+00  P(det)@0.05 power_one_sided 1.000 power_two_sided 1.000 kurtosis 0.994 spec_cnn 0.564  (13s)
  JSR   -7.0 dB  BER 9.92e-05  P(det)@0.05 power_one_sided 1.000 power_two_sided 1.000 kurtosis 0.998 spec_cnn 0.756  (13s)
  JSR   -6.0 dB  BER 6.10e-04  P(det)@0.05 power_one_sided 1.000 power_two_sided 1.000 kurtosis 1.000 spec_cnn 0.920  (14s)
  JSR   -5.0 dB  BER 3.33e-03  P(det)@0.05 power_one_sided 1.000 power_two_sided 1.000 kurtosis 1.000 spec_cnn 0.977  (14s)
  JSR   -4.0 dB  BER 1.30e-02  P(det)@0.05 power_one_sided 1.000 power_two_sided 1.000 kurtosis 1.000 spec_cnn 0.998  (14s)
  JSR   -3.0 dB  BER 3.07e-02  P(det)@0.05 power_one_sided 1.000 power_two_sided 1.000 kurtosis 1.000 spec_cnn 1.000  (14s)
  JSR   -2.0 dB  BER 5.41e-02  P(det)@0.05 power_one_sided 1.000 power_two_sided 1.000 kurtosis 1.000 spec_cnn 1.000  (15s)
  JSR   -1.0 dB  BER 8.12e-02  P(det)@0.05 power_one_sided 1.000 power_two_sided 1.000 kurtosis 1.000 spec_cnn 1.000  (15s)
  JSR   +0.0 dB  BER 1.11e-01  P(det)@0.05 power_one_sided 1.000 power_two_sided 1.000 kurtosis 1.000 spec_cnn 1.000  (15s)
  JSR   +1.0 dB  BER 1.43e-01  P(det)@0.05 power_one_sided 1.000 power_two_sided 1.000 kurtosis 1.000 spec_cnn 1.000  (16s)
  JSR   +2.0 dB  BER 1.69e-01  P(det)@0.05 power_one_sided 1.000 power_two_sided 1.000 kurtosis 0.998 spec_cnn 1.000  (16s)
  JSR   +3.0 dB  BER 1.98e-01  P(det)@0.05 power_one_sided 1.000 power_two_sided 1.000 kurtosis 0.982 spec_cnn 1.000  (16s)
  JSR   +4.0 dB  BER 2.26e-01  P(det)@0.05 power_one_sided 1.000 power_two_sided 1.000 kurtosis 0.928 spec_cnn 1.000  (16s)
  JSR   +5.0 dB  BER 2.50e-01  P(det)@0.05 power_one_sided 1.000 power_two_sided 1.000 kurtosis 0.793 spec_cnn 1.000  (17s)
  JSR   +6.0 dB  BER 2.70e-01  P(det)@0.05 power_one_sided 1.000 power_two_sided 1.000 kurtosis 0.639 spec_cnn 1.000  (17s)
  JSR   +7.0 dB  BER 2.94e-01  P(det)@0.05 power_one_sided 1.000 power_two_sided 1.000 kurtosis 0.594 spec_cnn 1.000  (17s)
  JSR   +8.0 dB  BER 3.14e-01  P(det)@0.05 power_one_sided 1.000 power_two_sided 1.000 kurtosis 0.633 spec_cnn 1.000  (18s)
  JSR   +9.0 dB  BER 3.30e-01  P(det)@0.05 power_one_sided 1.000 power_two_sided 1.000 kurtosis 0.672 spec_cnn 1.000  (18s)
  JSR  +10.0 dB  BER 3.43e-01  P(det)@0.05 power_one_sided 1.000 power_two_sided 1.000 kurtosis 0.721 spec_cnn 1.000  (18s)
  JSR  +11.0 dB  BER 3.61e-01  P(det)@0.05 power_one_sided 1.000 power_two_sided 1.000 kurtosis 0.695 spec_cnn 1.000  (19s)
  JSR  +12.0 dB  BER 3.74e-01  P(det)@0.05 power_one_sided 1.000 power_two_sided 1.000 kurtosis 0.727 spec_cnn 1.000  (19s)
  JSR  +13.0 dB  BER 3.89e-01  P(det)@0.05 power_one_sided 1.000 power_two_sided 1.000 kurtosis 0.711 spec_cnn 1.000  (19s)
  JSR  +14.0 dB  BER 3.99e-01  P(det)@0.05 power_one_sided 1.000 power_two_sided 1.000 kurtosis 0.680 spec_cnn 1.000  (19s)
  JSR  +15.0 dB  BER 4.12e-01  P(det)@0.05 power_one_sided 1.000 power_two_sided 1.000 kurtosis 0.703 spec_cnn 1.000  (20s)
  [snr_20] spec_cnn_b1e+06 confirmed: {"power_one_sided": {"0.01": {"index": 0, "sweep_ber": 0.0, "sweep_pdet": 0.013671875, "confirmed_ber": 0.0, "confirmed_ser": 0.0, "confirmed_pdet": 0.01025390625, "passed": true}, "0.05": {"index": 0, "sweep_ber": 0.0, "sweep_pdet": 0.0546875, "confirmed_ber": 0.0, "confirmed_ser": 0.0, "confirmed_pdet": 0.0615234375, "passed": false}}, "power_two_sided": {"0.01": {"index": 0, "sweep_ber": 0.0, "sweep_pdet": 0.015625, "confirmed_ber": 0.0, "confirmed_ser": 0.0, "confirmed_pdet": 0.008544921875, "passed": true}, "0.05": {"index": 0, "sweep_ber": 0.0, "sweep_pdet": 0.056640625, "confirmed_ber": 0.0, "confirmed_ser": 0.0, "confirmed_pdet": 0.053466796875, "passed": true}}, "kurtosis": {"0.01": {"index": 0, "sweep_ber": 0.0, "sweep_pdet": 0.005859375, "confirmed_ber": 0.0, "confirmed_ser": 0.0, "confirmed_pdet": 0.0107421875, "passed": true}, "0.05": {"index": 0, "sweep_ber": 0.0, "sweep_pdet": 0.029296875, "confirmed_ber": 0.0, "confirmed_ser": 0.0, "confirmed_pdet": 0.04736328125, "passed": true}}, "spec_cnn": {"0.01": {"index": 0, "sweep_ber": 0.0, "sweep_pdet": 0.01171875, "confirmed_ber": 0.0, "confirmed_ser": 0.0, "confirmed_pdet": 0.010498046875, "passed": true}, "0.05": {"index": 0, "sweep_ber": 0.0, "sweep_pdet": 0.0390625, "confirmed_ber": 0.0, "confirmed_ser": 0.0, "confirmed_pdet": 0.047607421875, "passed": true}}}  (1131s)
wrote ../artifacts/cgan/snr_ablation/run002/snr_snr_20.json in 1131s
