node: artongpu04.ee.ethz.ch | gpu: NVIDIA GeForce RTX 2080 Ti
task 2 | snr_10 | SNR 10 dB | device cuda:0
  [snr_10] cached calibration used 4096 clean frames < 20000 requested; redoing
  [snr_10] scale vmin -24.46 vmax 39.37 dB, n0 1.250e-02  (1s)
  [snr_10] clean BER 1.872e-19, power mean 0.11250, kurtosis mean 1.6011, lrt on  (20s)
detectors: power_one_sided, power_two_sided, kurtosis, spec_cnn, lrt_noise  (thresholds re-calibrated at this level)
clean: BER 0.000e+00 (closed form 1.872e-19), FAR {"power_one_sided": 0.044921875, "power_two_sided": 0.0458984375, "kurtosis": 0.0537109375, "spec_cnn": 0.0546875}
  [snr_10] classical noise
    JSR  -50.0 dB  BER 0.00e+00  P(det)@0.05 power_one_sided 0.049 power_two_sided 0.053 kurtosis 0.047 spec_cnn 0.062 lrt_noise 0.068  (0s)
    JSR  -49.0 dB  BER 0.00e+00  P(det)@0.05 power_one_sided 0.051 power_two_sided 0.047 kurtosis 0.061 spec_cnn 0.055 lrt_noise 0.045  (1s)
    JSR  -48.0 dB  BER 0.00e+00  P(det)@0.05 power_one_sided 0.041 power_two_sided 0.049 kurtosis 0.037 spec_cnn 0.045 lrt_noise 0.061  (1s)
    JSR  -47.0 dB  BER 0.00e+00  P(det)@0.05 power_one_sided 0.055 power_two_sided 0.049 kurtosis 0.051 spec_cnn 0.037 lrt_noise 0.053  (1s)
    JSR  -46.0 dB  BER 0.00e+00  P(det)@0.05 power_one_sided 0.066 power_two_sided 0.062 kurtosis 0.062 spec_cnn 0.043 lrt_noise 0.033  (2s)
    JSR  -45.0 dB  BER 0.00e+00  P(det)@0.05 power_one_sided 0.047 power_two_sided 0.051 kurtosis 0.057 spec_cnn 0.045 lrt_noise 0.049  (2s)
    JSR  -44.0 dB  BER 0.00e+00  P(det)@0.05 power_one_sided 0.049 power_two_sided 0.037 kurtosis 0.045 spec_cnn 0.049 lrt_noise 0.041  (2s)
    JSR  -43.0 dB  BER 0.00e+00  P(det)@0.05 power_one_sided 0.061 power_two_sided 0.055 kurtosis 0.064 spec_cnn 0.068 lrt_noise 0.037  (2s)
    JSR  -42.0 dB  BER 0.00e+00  P(det)@0.05 power_one_sided 0.047 power_two_sided 0.051 kurtosis 0.049 spec_cnn 0.045 lrt_noise 0.049  (3s)
    JSR  -41.0 dB  BER 0.00e+00  P(det)@0.05 power_one_sided 0.043 power_two_sided 0.031 kurtosis 0.041 spec_cnn 0.043 lrt_noise 0.045  (3s)
    JSR  -40.0 dB  BER 0.00e+00  P(det)@0.05 power_one_sided 0.051 power_two_sided 0.053 kurtosis 0.051 spec_cnn 0.061 lrt_noise 0.053  (3s)
    JSR  -39.0 dB  BER 0.00e+00  P(det)@0.05 power_one_sided 0.055 power_two_sided 0.051 kurtosis 0.057 spec_cnn 0.043 lrt_noise 0.057  (4s)
    JSR  -38.0 dB  BER 0.00e+00  P(det)@0.05 power_one_sided 0.045 power_two_sided 0.045 kurtosis 0.061 spec_cnn 0.041 lrt_noise 0.041  (4s)
    JSR  -37.0 dB  BER 0.00e+00  P(det)@0.05 power_one_sided 0.053 power_two_sided 0.066 kurtosis 0.053 spec_cnn 0.051 lrt_noise 0.072  (4s)
    JSR  -36.0 dB  BER 0.00e+00  P(det)@0.05 power_one_sided 0.057 power_two_sided 0.049 kurtosis 0.051 spec_cnn 0.035 lrt_noise 0.053  (5s)
    JSR  -35.0 dB  BER 0.00e+00  P(det)@0.05 power_one_sided 0.055 power_two_sided 0.047 kurtosis 0.066 spec_cnn 0.070 lrt_noise 0.057  (5s)
    JSR  -34.0 dB  BER 0.00e+00  P(det)@0.05 power_one_sided 0.049 power_two_sided 0.045 kurtosis 0.039 spec_cnn 0.041 lrt_noise 0.064  (5s)
    JSR  -33.0 dB  BER 0.00e+00  P(det)@0.05 power_one_sided 0.051 power_two_sided 0.070 kurtosis 0.033 spec_cnn 0.055 lrt_noise 0.070  (6s)
    JSR  -32.0 dB  BER 0.00e+00  P(det)@0.05 power_one_sided 0.053 power_two_sided 0.057 kurtosis 0.062 spec_cnn 0.070 lrt_noise 0.051  (6s)
    JSR  -31.0 dB  BER 0.00e+00  P(det)@0.05 power_one_sided 0.057 power_two_sided 0.051 kurtosis 0.041 spec_cnn 0.055 lrt_noise 0.082  (6s)
    JSR  -30.0 dB  BER 0.00e+00  P(det)@0.05 power_one_sided 0.043 power_two_sided 0.049 kurtosis 0.041 spec_cnn 0.057 lrt_noise 0.090  (7s)
    JSR  -29.0 dB  BER 0.00e+00  P(det)@0.05 power_one_sided 0.061 power_two_sided 0.053 kurtosis 0.055 spec_cnn 0.041 lrt_noise 0.141  (7s)
    JSR  -28.0 dB  BER 0.00e+00  P(det)@0.05 power_one_sided 0.045 power_two_sided 0.035 kurtosis 0.062 spec_cnn 0.066 lrt_noise 0.143  (7s)
    JSR  -27.0 dB  BER 0.00e+00  P(det)@0.05 power_one_sided 0.082 power_two_sided 0.068 kurtosis 0.055 spec_cnn 0.062 lrt_noise 0.180  (8s)
    JSR  -26.0 dB  BER 0.00e+00  P(det)@0.05 power_one_sided 0.088 power_two_sided 0.070 kurtosis 0.051 spec_cnn 0.047 lrt_noise 0.211  (8s)
    JSR  -25.0 dB  BER 0.00e+00  P(det)@0.05 power_one_sided 0.092 power_two_sided 0.072 kurtosis 0.051 spec_cnn 0.051 lrt_noise 0.287  (8s)
    JSR  -24.0 dB  BER 0.00e+00  P(det)@0.05 power_one_sided 0.092 power_two_sided 0.076 kurtosis 0.045 spec_cnn 0.068 lrt_noise 0.371  (9s)
    JSR  -23.0 dB  BER 0.00e+00  P(det)@0.05 power_one_sided 0.111 power_two_sided 0.068 kurtosis 0.059 spec_cnn 0.068 lrt_noise 0.545  (9s)
    JSR  -22.0 dB  BER 0.00e+00  P(det)@0.05 power_one_sided 0.145 power_two_sided 0.098 kurtosis 0.057 spec_cnn 0.090 lrt_noise 0.719  (9s)
    JSR  -21.0 dB  BER 0.00e+00  P(det)@0.05 power_one_sided 0.156 power_two_sided 0.113 kurtosis 0.041 spec_cnn 0.096 lrt_noise 0.850  (10s)
    JSR  -20.0 dB  BER 0.00e+00  P(det)@0.05 power_one_sided 0.205 power_two_sided 0.131 kurtosis 0.057 spec_cnn 0.109 lrt_noise 0.957  (10s)
    JSR  -19.0 dB  BER 0.00e+00  P(det)@0.05 power_one_sided 0.301 power_two_sided 0.223 kurtosis 0.102 spec_cnn 0.148 lrt_noise 0.990  (10s)
    JSR  -18.0 dB  BER 0.00e+00  P(det)@0.05 power_one_sided 0.404 power_two_sided 0.299 kurtosis 0.090 spec_cnn 0.207 lrt_noise 1.000  (11s)
    JSR  -17.0 dB  BER 0.00e+00  P(det)@0.05 power_one_sided 0.510 power_two_sided 0.420 kurtosis 0.105 spec_cnn 0.240 lrt_noise 1.000  (11s)
    JSR  -16.0 dB  BER 0.00e+00  P(det)@0.05 power_one_sided 0.672 power_two_sided 0.553 kurtosis 0.137 spec_cnn 0.357 lrt_noise 1.000  (11s)
    JSR  -15.0 dB  BER 0.00e+00  P(det)@0.05 power_one_sided 0.834 power_two_sided 0.771 kurtosis 0.176 spec_cnn 0.447 lrt_noise 1.000  (12s)
    JSR  -14.0 dB  BER 0.00e+00  P(det)@0.05 power_one_sided 0.934 power_two_sided 0.889 kurtosis 0.262 spec_cnn 0.562 lrt_noise 1.000  (12s)
    JSR  -13.0 dB  BER 0.00e+00  P(det)@0.05 power_one_sided 0.979 power_two_sided 0.965 kurtosis 0.348 spec_cnn 0.725 lrt_noise 1.000  (12s)
    JSR  -12.0 dB  BER 0.00e+00  P(det)@0.05 power_one_sided 1.000 power_two_sided 0.992 kurtosis 0.523 spec_cnn 0.885 lrt_noise 1.000  (13s)
    JSR  -11.0 dB  BER 0.00e+00  P(det)@0.05 power_one_sided 1.000 power_two_sided 1.000 kurtosis 0.637 spec_cnn 0.945 lrt_noise 1.000  (13s)
    JSR  -10.0 dB  BER 0.00e+00  P(det)@0.05 power_one_sided 1.000 power_two_sided 1.000 kurtosis 0.842 spec_cnn 0.979 lrt_noise 1.000  (13s)
    JSR   -9.0 dB  BER 0.00e+00  P(det)@0.05 power_one_sided 1.000 power_two_sided 1.000 kurtosis 0.914 spec_cnn 0.998 lrt_noise 1.000  (14s)
    JSR   -8.0 dB  BER 0.00e+00  P(det)@0.05 power_one_sided 1.000 power_two_sided 1.000 kurtosis 0.979 spec_cnn 1.000 lrt_noise 1.000  (14s)
    JSR   -7.0 dB  BER 0.00e+00  P(det)@0.05 power_one_sided 1.000 power_two_sided 1.000 kurtosis 0.998 spec_cnn 1.000 lrt_noise 1.000  (14s)
    JSR   -6.0 dB  BER 1.53e-05  P(det)@0.05 power_one_sided 1.000 power_two_sided 1.000 kurtosis 1.000 spec_cnn 1.000 lrt_noise 1.000  (15s)
    JSR   -5.0 dB  BER 0.00e+00  P(det)@0.05 power_one_sided 1.000 power_two_sided 1.000 kurtosis 1.000 spec_cnn 1.000 lrt_noise 1.000  (15s)
    JSR   -4.0 dB  BER 7.63e-06  P(det)@0.05 power_one_sided 1.000 power_two_sided 1.000 kurtosis 1.000 spec_cnn 1.000 lrt_noise 1.000  (15s)
    JSR   -3.0 dB  BER 1.53e-04  P(det)@0.05 power_one_sided 1.000 power_two_sided 1.000 kurtosis 1.000 spec_cnn 1.000 lrt_noise 1.000  (16s)
    JSR   -2.0 dB  BER 4.04e-04  P(det)@0.05 power_one_sided 1.000 power_two_sided 1.000 kurtosis 1.000 spec_cnn 1.000 lrt_noise 1.000  (16s)
    JSR   -1.0 dB  BER 1.40e-03  P(det)@0.05 power_one_sided 1.000 power_two_sided 1.000 kurtosis 1.000 spec_cnn 1.000 lrt_noise 1.000  (17s)
    JSR   +0.0 dB  BER 3.42e-03  P(det)@0.05 power_one_sided 1.000 power_two_sided 1.000 kurtosis 1.000 spec_cnn 1.000 lrt_noise 1.000  (17s)
    JSR   +1.0 dB  BER 7.51e-03  P(det)@0.05 power_one_sided 1.000 power_two_sided 1.000 kurtosis 1.000 spec_cnn 1.000 lrt_noise 1.000  (17s)
    JSR   +2.0 dB  BER 1.42e-02  P(det)@0.05 power_one_sided 1.000 power_two_sided 1.000 kurtosis 1.000 spec_cnn 1.000 lrt_noise 1.000  (18s)
    JSR   +3.0 dB  BER 2.53e-02  P(det)@0.05 power_one_sided 1.000 power_two_sided 1.000 kurtosis 1.000 spec_cnn 1.000 lrt_noise 1.000  (18s)
    JSR   +4.0 dB  BER 4.03e-02  P(det)@0.05 power_one_sided 1.000 power_two_sided 1.000 kurtosis 1.000 spec_cnn 1.000 lrt_noise 1.000  (18s)
    JSR   +5.0 dB  BER 5.77e-02  P(det)@0.05 power_one_sided 1.000 power_two_sided 1.000 kurtosis 1.000 spec_cnn 1.000 lrt_noise 1.000  (19s)
    JSR   +6.0 dB  BER 8.06e-02  P(det)@0.05 power_one_sided 1.000 power_two_sided 1.000 kurtosis 1.000 spec_cnn 1.000 lrt_noise 1.000  (19s)
    JSR   +7.0 dB  BER 1.06e-01  P(det)@0.05 power_one_sided 1.000 power_two_sided 1.000 kurtosis 1.000 spec_cnn 1.000 lrt_noise 1.000  (19s)
    JSR   +8.0 dB  BER 1.33e-01  P(det)@0.05 power_one_sided 1.000 power_two_sided 1.000 kurtosis 1.000 spec_cnn 1.000 lrt_noise 1.000  (20s)
    JSR   +9.0 dB  BER 1.60e-01  P(det)@0.05 power_one_sided 1.000 power_two_sided 1.000 kurtosis 1.000 spec_cnn 1.000 lrt_noise 1.000  (20s)
    JSR  +10.0 dB  BER 1.86e-01  P(det)@0.05 power_one_sided 1.000 power_two_sided 1.000 kurtosis 1.000 spec_cnn 1.000 lrt_noise 1.000  (20s)
    JSR  +11.0 dB  BER 2.13e-01  P(det)@0.05 power_one_sided 1.000 power_two_sided 1.000 kurtosis 1.000 spec_cnn 1.000 lrt_noise 1.000  (21s)
    JSR  +12.0 dB  BER 2.38e-01  P(det)@0.05 power_one_sided 1.000 power_two_sided 1.000 kurtosis 1.000 spec_cnn 1.000 lrt_noise 1.000  (21s)
    JSR  +13.0 dB  BER 2.62e-01  P(det)@0.05 power_one_sided 1.000 power_two_sided 1.000 kurtosis 1.000 spec_cnn 1.000 lrt_noise 1.000  (21s)
    JSR  +14.0 dB  BER 2.87e-01  P(det)@0.05 power_one_sided 1.000 power_two_sided 1.000 kurtosis 1.000 spec_cnn 1.000 lrt_noise 1.000  (22s)
    JSR  +15.0 dB  BER 3.06e-01  P(det)@0.05 power_one_sided 1.000 power_two_sided 1.000 kurtosis 1.000 spec_cnn 1.000 lrt_noise 1.000  (22s)
  [snr_10] noise confirmed: {"power_one_sided": {"0.01": {"index": 0, "sweep_ber": 0.0, "sweep_pdet": 0.015625, "confirmed_ber": 0.0, "confirmed_ser": 0.0, "confirmed_pdet": 0.01123046875, "passed": true}, "0.05": {"index": 0, "sweep_ber": 0.0, "sweep_pdet": 0.048828125, "confirmed_ber": 0.0, "confirmed_ser": 0.0, "confirmed_pdet": 0.052734375, "passed": true}}, "power_two_sided": {"0.01": {"index": 0, "sweep_ber": 0.0, "sweep_pdet": 0.009765625, "confirmed_ber": 0.0, "confirmed_ser": 0.0, "confirmed_pdet": 0.010009765625, "passed": true}, "0.05": {"index": 0, "sweep_ber": 0.0, "sweep_pdet": 0.052734375, "confirmed_ber": 0.0, "confirmed_ser": 0.0, "confirmed_pdet": 0.048583984375, "passed": true}}, "kurtosis": {"0.01": {"index": 0, "sweep_ber": 0.0, "sweep_pdet": 0.013671875, "confirmed_ber": 0.0, "confirmed_ser": 0.0, "confirmed_pdet": 0.012939453125, "passed": true}, "0.05": {"index": 0, "sweep_ber": 0.0, "sweep_pdet": 0.046875, "confirmed_ber": 0.0, "confirmed_ser": 0.0, "confirmed_pdet": 0.052001953125, "passed": true}}, "spec_cnn": {"0.01": {"index": 0, "sweep_ber": 0.0, "sweep_pdet": 0.015625, "confirmed_ber": 0.0, "confirmed_ser": 0.0, "confirmed_pdet": 0.0087890625, "passed": true}, "0.05": {"index": 0, "sweep_ber": 0.0, "sweep_pdet": 0.0625, "confirmed_ber": 0.0, "confirmed_ser": 0.0, "confirmed_pdet": 0.052734375, "passed": true}}, "lrt_noise": {"0.01": {"index": 0, "sweep_ber": 0.0, "sweep_pdet": 0.017578125, "confirmed_ber": 0.0, "confirmed_ser": 0.0, "confirmed_pdet": 0.007080078125, "passed": true}, "0.05": {"index": 0, "sweep_ber": 0.0, "sweep_pdet": 0.068359375, "confirmed_ber": 0.0, "confirmed_ser": 0.0, "confirmed_pdet": 0.0498046875, "passed": true}}}  (72s)
  [snr_10] classical pulsed_p1
    JSR  -50.0 dB  BER 0.00e+00  P(det)@0.05 power_one_sided 0.053 power_two_sided 0.045 kurtosis 0.049 spec_cnn 0.055  (1s)
    JSR  -49.0 dB  BER 0.00e+00  P(det)@0.05 power_one_sided 0.039 power_two_sided 0.055 kurtosis 0.055 spec_cnn 0.041  (1s)
    JSR  -48.0 dB  BER 0.00e+00  P(det)@0.05 power_one_sided 0.049 power_two_sided 0.045 kurtosis 0.059 spec_cnn 0.072  (1s)
    JSR  -47.0 dB  BER 0.00e+00  P(det)@0.05 power_one_sided 0.057 power_two_sided 0.057 kurtosis 0.041 spec_cnn 0.037  (2s)
    JSR  -46.0 dB  BER 0.00e+00  P(det)@0.05 power_one_sided 0.041 power_two_sided 0.035 kurtosis 0.049 spec_cnn 0.061  (2s)
    JSR  -45.0 dB  BER 0.00e+00  P(det)@0.05 power_one_sided 0.055 power_two_sided 0.061 kurtosis 0.039 spec_cnn 0.062  (2s)
    JSR  -44.0 dB  BER 0.00e+00  P(det)@0.05 power_one_sided 0.043 power_two_sided 0.041 kurtosis 0.053 spec_cnn 0.043  (3s)
    JSR  -43.0 dB  BER 0.00e+00  P(det)@0.05 power_one_sided 0.059 power_two_sided 0.059 kurtosis 0.051 spec_cnn 0.055  (3s)
    JSR  -42.0 dB  BER 0.00e+00  P(det)@0.05 power_one_sided 0.053 power_two_sided 0.053 kurtosis 0.062 spec_cnn 0.059  (4s)
    JSR  -41.0 dB  BER 0.00e+00  P(det)@0.05 power_one_sided 0.037 power_two_sided 0.041 kurtosis 0.051 spec_cnn 0.041  (4s)
    JSR  -40.0 dB  BER 0.00e+00  P(det)@0.05 power_one_sided 0.041 power_two_sided 0.062 kurtosis 0.059 spec_cnn 0.059  (4s)
    JSR  -39.0 dB  BER 0.00e+00  P(det)@0.05 power_one_sided 0.059 power_two_sided 0.053 kurtosis 0.039 spec_cnn 0.051  (5s)
    JSR  -38.0 dB  BER 0.00e+00  P(det)@0.05 power_one_sided 0.062 power_two_sided 0.059 kurtosis 0.039 spec_cnn 0.049  (5s)
    JSR  -37.0 dB  BER 0.00e+00  P(det)@0.05 power_one_sided 0.053 power_two_sided 0.074 kurtosis 0.033 spec_cnn 0.053  (6s)
    JSR  -36.0 dB  BER 0.00e+00  P(det)@0.05 power_one_sided 0.041 power_two_sided 0.041 kurtosis 0.064 spec_cnn 0.064  (6s)
    JSR  -35.0 dB  BER 0.00e+00  P(det)@0.05 power_one_sided 0.062 power_two_sided 0.049 kurtosis 0.037 spec_cnn 0.035  (6s)
    JSR  -34.0 dB  BER 0.00e+00  P(det)@0.05 power_one_sided 0.059 power_two_sided 0.051 kurtosis 0.049 spec_cnn 0.039  (7s)
    JSR  -33.0 dB  BER 0.00e+00  P(det)@0.05 power_one_sided 0.057 power_two_sided 0.068 kurtosis 0.064 spec_cnn 0.066  (7s)
    JSR  -32.0 dB  BER 0.00e+00  P(det)@0.05 power_one_sided 0.076 power_two_sided 0.068 kurtosis 0.057 spec_cnn 0.025  (7s)
    JSR  -31.0 dB  BER 0.00e+00  P(det)@0.05 power_one_sided 0.064 power_two_sided 0.061 kurtosis 0.035 spec_cnn 0.066  (8s)
    JSR  -30.0 dB  BER 0.00e+00  P(det)@0.05 power_one_sided 0.059 power_two_sided 0.047 kurtosis 0.047 spec_cnn 0.061  (8s)
    JSR  -29.0 dB  BER 0.00e+00  P(det)@0.05 power_one_sided 0.078 power_two_sided 0.055 kurtosis 0.062 spec_cnn 0.062  (9s)
    JSR  -28.0 dB  BER 0.00e+00  P(det)@0.05 power_one_sided 0.066 power_two_sided 0.055 kurtosis 0.049 spec_cnn 0.049  (9s)
    JSR  -27.0 dB  BER 0.00e+00  P(det)@0.05 power_one_sided 0.072 power_two_sided 0.062 kurtosis 0.062 spec_cnn 0.059  (10s)
    JSR  -26.0 dB  BER 0.00e+00  P(det)@0.05 power_one_sided 0.078 power_two_sided 0.057 kurtosis 0.062 spec_cnn 0.045  (10s)
    JSR  -25.0 dB  BER 0.00e+00  P(det)@0.05 power_one_sided 0.086 power_two_sided 0.078 kurtosis 0.039 spec_cnn 0.074  (10s)
    JSR  -24.0 dB  BER 0.00e+00  P(det)@0.05 power_one_sided 0.145 power_two_sided 0.123 kurtosis 0.061 spec_cnn 0.047  (11s)
    JSR  -23.0 dB  BER 0.00e+00  P(det)@0.05 power_one_sided 0.098 power_two_sided 0.096 kurtosis 0.064 spec_cnn 0.055  (11s)
    JSR  -22.0 dB  BER 0.00e+00  P(det)@0.05 power_one_sided 0.168 power_two_sided 0.137 kurtosis 0.059 spec_cnn 0.074  (12s)
    JSR  -21.0 dB  BER 0.00e+00  P(det)@0.05 power_one_sided 0.184 power_two_sided 0.141 kurtosis 0.076 spec_cnn 0.064  (12s)
    JSR  -20.0 dB  BER 0.00e+00  P(det)@0.05 power_one_sided 0.301 power_two_sided 0.250 kurtosis 0.076 spec_cnn 0.078  (12s)
    JSR  -19.0 dB  BER 0.00e+00  P(det)@0.05 power_one_sided 0.311 power_two_sided 0.248 kurtosis 0.096 spec_cnn 0.066  (13s)
    JSR  -18.0 dB  BER 0.00e+00  P(det)@0.05 power_one_sided 0.455 power_two_sided 0.367 kurtosis 0.104 spec_cnn 0.096  (13s)
    JSR  -17.0 dB  BER 0.00e+00  P(det)@0.05 power_one_sided 0.471 power_two_sided 0.389 kurtosis 0.170 spec_cnn 0.102  (14s)
    JSR  -16.0 dB  BER 0.00e+00  P(det)@0.05 power_one_sided 0.572 power_two_sided 0.506 kurtosis 0.195 spec_cnn 0.107  (14s)
    JSR  -15.0 dB  BER 0.00e+00  P(det)@0.05 power_one_sided 0.678 power_two_sided 0.627 kurtosis 0.283 spec_cnn 0.160  (14s)
    JSR  -14.0 dB  BER 0.00e+00  P(det)@0.05 power_one_sided 0.760 power_two_sided 0.717 kurtosis 0.453 spec_cnn 0.150  (15s)
    JSR  -13.0 dB  BER 0.00e+00  P(det)@0.05 power_one_sided 0.842 power_two_sided 0.805 kurtosis 0.537 spec_cnn 0.156  (15s)
    JSR  -12.0 dB  BER 0.00e+00  P(det)@0.05 power_one_sided 0.908 power_two_sided 0.885 kurtosis 0.744 spec_cnn 0.232  (16s)
    JSR  -11.0 dB  BER 0.00e+00  P(det)@0.05 power_one_sided 0.971 power_two_sided 0.967 kurtosis 0.869 spec_cnn 0.254  (16s)
    JSR  -10.0 dB  BER 7.63e-06  P(det)@0.05 power_one_sided 0.992 power_two_sided 0.986 kurtosis 0.941 spec_cnn 0.281  (16s)
    JSR   -9.0 dB  BER 2.29e-05  P(det)@0.05 power_one_sided 0.994 power_two_sided 0.992 kurtosis 0.967 spec_cnn 0.326  (17s)
    JSR   -8.0 dB  BER 2.52e-04  P(det)@0.05 power_one_sided 1.000 power_two_sided 1.000 kurtosis 0.994 spec_cnn 0.359  (17s)
    JSR   -7.0 dB  BER 1.05e-03  P(det)@0.05 power_one_sided 1.000 power_two_sided 1.000 kurtosis 1.000 spec_cnn 0.420  (18s)
    JSR   -6.0 dB  BER 4.26e-03  P(det)@0.05 power_one_sided 1.000 power_two_sided 1.000 kurtosis 1.000 spec_cnn 0.467  (18s)
    JSR   -5.0 dB  BER 1.30e-02  P(det)@0.05 power_one_sided 1.000 power_two_sided 1.000 kurtosis 1.000 spec_cnn 0.521  (19s)
    JSR   -4.0 dB  BER 3.33e-02  P(det)@0.05 power_one_sided 1.000 power_two_sided 1.000 kurtosis 1.000 spec_cnn 0.600  (19s)
    JSR   -3.0 dB  BER 6.36e-02  P(det)@0.05 power_one_sided 1.000 power_two_sided 1.000 kurtosis 1.000 spec_cnn 0.680  (19s)
    JSR   -2.0 dB  BER 1.13e-01  P(det)@0.05 power_one_sided 1.000 power_two_sided 1.000 kurtosis 1.000 spec_cnn 0.770  (20s)
    JSR   -1.0 dB  BER 1.55e-01  P(det)@0.05 power_one_sided 1.000 power_two_sided 1.000 kurtosis 1.000 spec_cnn 0.855  (20s)
    JSR   +0.0 dB  BER 1.99e-01  P(det)@0.05 power_one_sided 1.000 power_two_sided 1.000 kurtosis 1.000 spec_cnn 0.916  (21s)
    JSR   +1.0 dB  BER 2.36e-01  P(det)@0.05 power_one_sided 1.000 power_two_sided 1.000 kurtosis 1.000 spec_cnn 0.957  (21s)
    JSR   +2.0 dB  BER 2.63e-01  P(det)@0.05 power_one_sided 1.000 power_two_sided 1.000 kurtosis 0.998 spec_cnn 0.988  (22s)
    JSR   +3.0 dB  BER 2.86e-01  P(det)@0.05 power_one_sided 1.000 power_two_sided 1.000 kurtosis 0.992 spec_cnn 0.998  (22s)
    JSR   +4.0 dB  BER 3.10e-01  P(det)@0.05 power_one_sided 1.000 power_two_sided 1.000 kurtosis 0.953 spec_cnn 1.000  (22s)
    JSR   +5.0 dB  BER 3.32e-01  P(det)@0.05 power_one_sided 1.000 power_two_sided 1.000 kurtosis 0.754 spec_cnn 1.000  (23s)
    JSR   +6.0 dB  BER 3.51e-01  P(det)@0.05 power_one_sided 1.000 power_two_sided 1.000 kurtosis 0.412 spec_cnn 1.000  (23s)
    JSR   +7.0 dB  BER 3.55e-01  P(det)@0.05 power_one_sided 1.000 power_two_sided 1.000 kurtosis 0.131 spec_cnn 1.000  (24s)
    JSR   +8.0 dB  BER 3.79e-01  P(det)@0.05 power_one_sided 1.000 power_two_sided 1.000 kurtosis 0.393 spec_cnn 1.000  (24s)
    JSR   +9.0 dB  BER 3.89e-01  P(det)@0.05 power_one_sided 1.000 power_two_sided 1.000 kurtosis 0.807 spec_cnn 1.000  (25s)
    JSR  +10.0 dB  BER 4.04e-01  P(det)@0.05 power_one_sided 1.000 power_two_sided 1.000 kurtosis 0.965 spec_cnn 1.000  (25s)
    JSR  +11.0 dB  BER 4.11e-01  P(det)@0.05 power_one_sided 1.000 power_two_sided 1.000 kurtosis 0.994 spec_cnn 1.000  (25s)
    JSR  +12.0 dB  BER 4.21e-01  P(det)@0.05 power_one_sided 1.000 power_two_sided 1.000 kurtosis 1.000 spec_cnn 1.000  (26s)
    JSR  +13.0 dB  BER 4.34e-01  P(det)@0.05 power_one_sided 1.000 power_two_sided 1.000 kurtosis 1.000 spec_cnn 1.000  (26s)
    JSR  +14.0 dB  BER 4.37e-01  P(det)@0.05 power_one_sided 1.000 power_two_sided 1.000 kurtosis 1.000 spec_cnn 1.000  (27s)
    JSR  +15.0 dB  BER 4.40e-01  P(det)@0.05 power_one_sided 1.000 power_two_sided 1.000 kurtosis 1.000 spec_cnn 1.000  (27s)
  [snr_10] pulsed_p1 confirmed: {"power_one_sided": {"0.01": {"index": 0, "sweep_ber": 0.0, "sweep_pdet": 0.01171875, "confirmed_ber": 0.0, "confirmed_ser": 0.0, "confirmed_pdet": 0.007080078125, "passed": true}, "0.05": {"index": 0, "sweep_ber": 0.0, "sweep_pdet": 0.052734375, "confirmed_ber": 0.0, "confirmed_ser": 0.0, "confirmed_pdet": 0.047607421875, "passed": true}}, "power_two_sided": {"0.01": {"index": 0, "sweep_ber": 0.0, "sweep_pdet": 0.009765625, "confirmed_ber": 0.0, "confirmed_ser": 0.0, "confirmed_pdet": 0.00927734375, "passed": true}, "0.05": {"index": 0, "sweep_ber": 0.0, "sweep_pdet": 0.044921875, "confirmed_ber": 0.0, "confirmed_ser": 0.0, "confirmed_pdet": 0.050537109375, "passed": true}}, "kurtosis": {"0.01": {"index": 0, "sweep_ber": 0.0, "sweep_pdet": 0.005859375, "confirmed_ber": 0.0, "confirmed_ser": 0.0, "confirmed_pdet": 0.005859375, "passed": true}, "0.05": {"index": 0, "sweep_ber": 0.0, "sweep_pdet": 0.048828125, "confirmed_ber": 0.0, "confirmed_ser": 0.0, "confirmed_pdet": 0.0537109375, "passed": true}}, "spec_cnn": {"0.01": {"index": 0, "sweep_ber": 0.0, "sweep_pdet": 0.009765625, "confirmed_ber": 0.0, "confirmed_ser": 0.0, "confirmed_pdet": 0.009521484375, "passed": true}, "0.05": {"index": 0, "sweep_ber": 0.0, "sweep_pdet": 0.0546875, "confirmed_ber": 0.0, "confirmed_ser": 0.0, "confirmed_pdet": 0.046630859375, "passed": true}}}  (127s)
  [snr_10] classical pulsed_p0.5
    JSR  -50.0 dB  BER 0.00e+00  P(det)@0.05 power_one_sided 0.039 power_two_sided 0.039 kurtosis 0.061 spec_cnn 0.035  (0s)
    JSR  -49.0 dB  BER 0.00e+00  P(det)@0.05 power_one_sided 0.053 power_two_sided 0.055 kurtosis 0.047 spec_cnn 0.029  (1s)
    JSR  -48.0 dB  BER 0.00e+00  P(det)@0.05 power_one_sided 0.051 power_two_sided 0.047 kurtosis 0.055 spec_cnn 0.068  (1s)
    JSR  -47.0 dB  BER 0.00e+00  P(det)@0.05 power_one_sided 0.059 power_two_sided 0.053 kurtosis 0.049 spec_cnn 0.064  (2s)
    JSR  -46.0 dB  BER 0.00e+00  P(det)@0.05 power_one_sided 0.057 power_two_sided 0.064 kurtosis 0.068 spec_cnn 0.053  (2s)
    JSR  -45.0 dB  BER 0.00e+00  P(det)@0.05 power_one_sided 0.047 power_two_sided 0.053 kurtosis 0.053 spec_cnn 0.051  (3s)
    JSR  -44.0 dB  BER 0.00e+00  P(det)@0.05 power_one_sided 0.049 power_two_sided 0.057 kurtosis 0.064 spec_cnn 0.043  (3s)
    JSR  -43.0 dB  BER 0.00e+00  P(det)@0.05 power_one_sided 0.029 power_two_sided 0.035 kurtosis 0.062 spec_cnn 0.057  (4s)
    JSR  -42.0 dB  BER 0.00e+00  P(det)@0.05 power_one_sided 0.049 power_two_sided 0.055 kurtosis 0.061 spec_cnn 0.049  (4s)
    JSR  -41.0 dB  BER 0.00e+00  P(det)@0.05 power_one_sided 0.055 power_two_sided 0.053 kurtosis 0.051 spec_cnn 0.051  (4s)
    JSR  -40.0 dB  BER 0.00e+00  P(det)@0.05 power_one_sided 0.059 power_two_sided 0.043 kurtosis 0.064 spec_cnn 0.041  (5s)
    JSR  -39.0 dB  BER 0.00e+00  P(det)@0.05 power_one_sided 0.055 power_two_sided 0.068 kurtosis 0.053 spec_cnn 0.057  (5s)
    JSR  -38.0 dB  BER 0.00e+00  P(det)@0.05 power_one_sided 0.045 power_two_sided 0.053 kurtosis 0.053 spec_cnn 0.059  (6s)
    JSR  -37.0 dB  BER 0.00e+00  P(det)@0.05 power_one_sided 0.045 power_two_sided 0.041 kurtosis 0.047 spec_cnn 0.059  (6s)
    JSR  -36.0 dB  BER 0.00e+00  P(det)@0.05 power_one_sided 0.057 power_two_sided 0.068 kurtosis 0.041 spec_cnn 0.051  (7s)
    JSR  -35.0 dB  BER 0.00e+00  P(det)@0.05 power_one_sided 0.035 power_two_sided 0.039 kurtosis 0.055 spec_cnn 0.059  (7s)
    JSR  -34.0 dB  BER 0.00e+00  P(det)@0.05 power_one_sided 0.049 power_two_sided 0.049 kurtosis 0.055 spec_cnn 0.035  (8s)
    JSR  -33.0 dB  BER 0.00e+00  P(det)@0.05 power_one_sided 0.070 power_two_sided 0.053 kurtosis 0.055 spec_cnn 0.047  (8s)
    JSR  -32.0 dB  BER 0.00e+00  P(det)@0.05 power_one_sided 0.053 power_two_sided 0.064 kurtosis 0.035 spec_cnn 0.043  (8s)
    JSR  -31.0 dB  BER 0.00e+00  P(det)@0.05 power_one_sided 0.064 power_two_sided 0.051 kurtosis 0.039 spec_cnn 0.062  (9s)
    JSR  -30.0 dB  BER 0.00e+00  P(det)@0.05 power_one_sided 0.074 power_two_sided 0.043 kurtosis 0.066 spec_cnn 0.068  (9s)
    JSR  -29.0 dB  BER 0.00e+00  P(det)@0.05 power_one_sided 0.076 power_two_sided 0.055 kurtosis 0.043 spec_cnn 0.047  (10s)
    JSR  -28.0 dB  BER 0.00e+00  P(det)@0.05 power_one_sided 0.057 power_two_sided 0.057 kurtosis 0.057 spec_cnn 0.049  (10s)
    JSR  -27.0 dB  BER 0.00e+00  P(det)@0.05 power_one_sided 0.092 power_two_sided 0.064 kurtosis 0.039 spec_cnn 0.047  (11s)
    JSR  -26.0 dB  BER 0.00e+00  P(det)@0.05 power_one_sided 0.076 power_two_sided 0.070 kurtosis 0.051 spec_cnn 0.059  (11s)
    JSR  -25.0 dB  BER 0.00e+00  P(det)@0.05 power_one_sided 0.076 power_two_sided 0.070 kurtosis 0.051 spec_cnn 0.047  (12s)
    JSR  -24.0 dB  BER 0.00e+00  P(det)@0.05 power_one_sided 0.115 power_two_sided 0.096 kurtosis 0.068 spec_cnn 0.041  (12s)
    JSR  -23.0 dB  BER 0.00e+00  P(det)@0.05 power_one_sided 0.129 power_two_sided 0.096 kurtosis 0.049 spec_cnn 0.062  (12s)
    JSR  -22.0 dB  BER 0.00e+00  P(det)@0.05 power_one_sided 0.154 power_two_sided 0.119 kurtosis 0.053 spec_cnn 0.072  (13s)
    JSR  -21.0 dB  BER 0.00e+00  P(det)@0.05 power_one_sided 0.213 power_two_sided 0.154 kurtosis 0.084 spec_cnn 0.066  (13s)
    JSR  -20.0 dB  BER 0.00e+00  P(det)@0.05 power_one_sided 0.250 power_two_sided 0.195 kurtosis 0.092 spec_cnn 0.068  (14s)
    JSR  -19.0 dB  BER 0.00e+00  P(det)@0.05 power_one_sided 0.291 power_two_sided 0.234 kurtosis 0.098 spec_cnn 0.096  (14s)
    JSR  -18.0 dB  BER 0.00e+00  P(det)@0.05 power_one_sided 0.359 power_two_sided 0.299 kurtosis 0.104 spec_cnn 0.104  (15s)
    JSR  -17.0 dB  BER 0.00e+00  P(det)@0.05 power_one_sided 0.480 power_two_sided 0.418 kurtosis 0.168 spec_cnn 0.117  (15s)
    JSR  -16.0 dB  BER 0.00e+00  P(det)@0.05 power_one_sided 0.549 power_two_sided 0.496 kurtosis 0.227 spec_cnn 0.146  (16s)
    JSR  -15.0 dB  BER 0.00e+00  P(det)@0.05 power_one_sided 0.650 power_two_sided 0.594 kurtosis 0.295 spec_cnn 0.150  (16s)
    JSR  -14.0 dB  BER 0.00e+00  P(det)@0.05 power_one_sided 0.732 power_two_sided 0.680 kurtosis 0.422 spec_cnn 0.131  (17s)
    JSR  -13.0 dB  BER 0.00e+00  P(det)@0.05 power_one_sided 0.859 power_two_sided 0.846 kurtosis 0.582 spec_cnn 0.172  (17s)
    JSR  -12.0 dB  BER 1.53e-05  P(det)@0.05 power_one_sided 0.932 power_two_sided 0.918 kurtosis 0.756 spec_cnn 0.191  (17s)
    JSR  -11.0 dB  BER 3.81e-05  P(det)@0.05 power_one_sided 0.947 power_two_sided 0.945 kurtosis 0.895 spec_cnn 0.234  (18s)
    JSR  -10.0 dB  BER 1.45e-04  P(det)@0.05 power_one_sided 0.982 power_two_sided 0.980 kurtosis 0.963 spec_cnn 0.254  (18s)
    JSR   -9.0 dB  BER 8.54e-04  P(det)@0.05 power_one_sided 0.998 power_two_sided 0.996 kurtosis 0.980 spec_cnn 0.311  (19s)
    JSR   -8.0 dB  BER 3.14e-03  P(det)@0.05 power_one_sided 1.000 power_two_sided 1.000 kurtosis 0.998 spec_cnn 0.307  (19s)
    JSR   -7.0 dB  BER 9.29e-03  P(det)@0.05 power_one_sided 1.000 power_two_sided 1.000 kurtosis 0.998 spec_cnn 0.332  (20s)
    JSR   -6.0 dB  BER 2.36e-02  P(det)@0.05 power_one_sided 1.000 power_two_sided 1.000 kurtosis 1.000 spec_cnn 0.424  (20s)
    JSR   -5.0 dB  BER 4.61e-02  P(det)@0.05 power_one_sided 1.000 power_two_sided 1.000 kurtosis 1.000 spec_cnn 0.473  (21s)
    JSR   -4.0 dB  BER 7.09e-02  P(det)@0.05 power_one_sided 1.000 power_two_sided 1.000 kurtosis 1.000 spec_cnn 0.582  (21s)
    JSR   -3.0 dB  BER 9.54e-02  P(det)@0.05 power_one_sided 1.000 power_two_sided 1.000 kurtosis 1.000 spec_cnn 0.645  (22s)
    JSR   -2.0 dB  BER 1.19e-01  P(det)@0.05 power_one_sided 1.000 power_two_sided 1.000 kurtosis 1.000 spec_cnn 0.732  (22s)
    JSR   -1.0 dB  BER 1.35e-01  P(det)@0.05 power_one_sided 1.000 power_two_sided 1.000 kurtosis 1.000 spec_cnn 0.840  (22s)
    JSR   +0.0 dB  BER 1.52e-01  P(det)@0.05 power_one_sided 1.000 power_two_sided 1.000 kurtosis 1.000 spec_cnn 0.912  (23s)
    JSR   +1.0 dB  BER 1.70e-01  P(det)@0.05 power_one_sided 1.000 power_two_sided 1.000 kurtosis 1.000 spec_cnn 0.955  (23s)
    JSR   +2.0 dB  BER 1.88e-01  P(det)@0.05 power_one_sided 1.000 power_two_sided 1.000 kurtosis 1.000 spec_cnn 0.994  (24s)
    JSR   +3.0 dB  BER 2.00e-01  P(det)@0.05 power_one_sided 1.000 power_two_sided 1.000 kurtosis 1.000 spec_cnn 1.000  (24s)
    JSR   +4.0 dB  BER 2.11e-01  P(det)@0.05 power_one_sided 1.000 power_two_sided 1.000 kurtosis 1.000 spec_cnn 1.000  (25s)
    JSR   +5.0 dB  BER 2.24e-01  P(det)@0.05 power_one_sided 1.000 power_two_sided 1.000 kurtosis 1.000 spec_cnn 1.000  (25s)
    JSR   +6.0 dB  BER 2.41e-01  P(det)@0.05 power_one_sided 1.000 power_two_sided 1.000 kurtosis 1.000 spec_cnn 1.000  (26s)
    JSR   +7.0 dB  BER 2.52e-01  P(det)@0.05 power_one_sided 1.000 power_two_sided 1.000 kurtosis 1.000 spec_cnn 1.000  (26s)
    JSR   +8.0 dB  BER 2.64e-01  P(det)@0.05 power_one_sided 1.000 power_two_sided 1.000 kurtosis 1.000 spec_cnn 1.000  (27s)
    JSR   +9.0 dB  BER 2.79e-01  P(det)@0.05 power_one_sided 1.000 power_two_sided 1.000 kurtosis 1.000 spec_cnn 1.000  (27s)
    JSR  +10.0 dB  BER 2.89e-01  P(det)@0.05 power_one_sided 1.000 power_two_sided 1.000 kurtosis 1.000 spec_cnn 1.000  (27s)
    JSR  +11.0 dB  BER 3.03e-01  P(det)@0.05 power_one_sided 1.000 power_two_sided 1.000 kurtosis 1.000 spec_cnn 1.000  (28s)
    JSR  +12.0 dB  BER 3.11e-01  P(det)@0.05 power_one_sided 1.000 power_two_sided 1.000 kurtosis 1.000 spec_cnn 1.000  (28s)
    JSR  +13.0 dB  BER 3.27e-01  P(det)@0.05 power_one_sided 1.000 power_two_sided 1.000 kurtosis 1.000 spec_cnn 1.000  (29s)
    JSR  +14.0 dB  BER 3.35e-01  P(det)@0.05 power_one_sided 1.000 power_two_sided 1.000 kurtosis 1.000 spec_cnn 1.000  (29s)
    JSR  +15.0 dB  BER 3.48e-01  P(det)@0.05 power_one_sided 1.000 power_two_sided 1.000 kurtosis 1.000 spec_cnn 1.000  (30s)
  [snr_10] pulsed_p0.5 confirmed: {"power_one_sided": {"0.01": {"index": 0, "sweep_ber": 0.0, "sweep_pdet": 0.009765625, "confirmed_ber": 0.0, "confirmed_ser": 0.0, "confirmed_pdet": 0.01416015625, "passed": false}, "0.05": {"index": 0, "sweep_ber": 0.0, "sweep_pdet": 0.0390625, "confirmed_ber": 0.0, "confirmed_ser": 0.0, "confirmed_pdet": 0.05224609375, "passed": true}}, "power_two_sided": {"0.01": {"index": 0, "sweep_ber": 0.0, "sweep_pdet": 0.01171875, "confirmed_ber": 0.0, "confirmed_ser": 0.0, "confirmed_pdet": 0.01220703125, "passed": true}, "0.05": {"index": 0, "sweep_ber": 0.0, "sweep_pdet": 0.0390625, "confirmed_ber": 0.0, "confirmed_ser": 0.0, "confirmed_pdet": 0.0517578125, "passed": true}}, "kurtosis": {"0.01": {"index": 0, "sweep_ber": 0.0, "sweep_pdet": 0.01171875, "confirmed_ber": 0.0, "confirmed_ser": 0.0, "confirmed_pdet": 0.00830078125, "passed": true}, "0.05": {"index": 0, "sweep_ber": 0.0, "sweep_pdet": 0.060546875, "confirmed_ber": 0.0, "confirmed_ser": 0.0, "confirmed_pdet": 0.0498046875, "passed": true}}, "spec_cnn": {"0.01": {"index": 0, "sweep_ber": 0.0, "sweep_pdet": 0.0078125, "confirmed_ber": 0.0, "confirmed_ser": 0.0, "confirmed_pdet": 0.011474609375, "passed": true}, "0.05": {"index": 0, "sweep_ber": 0.0, "sweep_pdet": 0.03515625, "confirmed_ber": 0.0, "confirmed_ser": 0.0, "confirmed_pdet": 0.053955078125, "passed": true}}}  (186s)
  [snr_10] classical pulsed_p0.25
    JSR  -50.0 dB  BER 0.00e+00  P(det)@0.05 power_one_sided 0.055 power_two_sided 0.051 kurtosis 0.031 spec_cnn 0.068  (0s)
    JSR  -49.0 dB  BER 0.00e+00  P(det)@0.05 power_one_sided 0.047 power_two_sided 0.049 kurtosis 0.059 spec_cnn 0.039  (1s)
    JSR  -48.0 dB  BER 0.00e+00  P(det)@0.05 power_one_sided 0.051 power_two_sided 0.043 kurtosis 0.045 spec_cnn 0.045  (1s)
    JSR  -47.0 dB  BER 0.00e+00  P(det)@0.05 power_one_sided 0.029 power_two_sided 0.027 kurtosis 0.059 spec_cnn 0.057  (2s)
    JSR  -46.0 dB  BER 0.00e+00  P(det)@0.05 power_one_sided 0.049 power_two_sided 0.043 kurtosis 0.064 spec_cnn 0.033  (2s)
    JSR  -45.0 dB  BER 0.00e+00  P(det)@0.05 power_one_sided 0.055 power_two_sided 0.045 kurtosis 0.047 spec_cnn 0.078  (3s)
    JSR  -44.0 dB  BER 0.00e+00  P(det)@0.05 power_one_sided 0.055 power_two_sided 0.051 kurtosis 0.057 spec_cnn 0.061  (3s)
    JSR  -43.0 dB  BER 0.00e+00  P(det)@0.05 power_one_sided 0.061 power_two_sided 0.051 kurtosis 0.053 spec_cnn 0.035  (4s)
    JSR  -42.0 dB  BER 0.00e+00  P(det)@0.05 power_one_sided 0.041 power_two_sided 0.045 kurtosis 0.031 spec_cnn 0.037  (4s)
    JSR  -41.0 dB  BER 0.00e+00  P(det)@0.05 power_one_sided 0.037 power_two_sided 0.027 kurtosis 0.051 spec_cnn 0.055  (5s)
    JSR  -40.0 dB  BER 0.00e+00  P(det)@0.05 power_one_sided 0.039 power_two_sided 0.025 kurtosis 0.039 spec_cnn 0.033  (5s)
    JSR  -39.0 dB  BER 0.00e+00  P(det)@0.05 power_one_sided 0.047 power_two_sided 0.049 kurtosis 0.068 spec_cnn 0.064  (5s)
    JSR  -38.0 dB  BER 0.00e+00  P(det)@0.05 power_one_sided 0.059 power_two_sided 0.041 kurtosis 0.057 spec_cnn 0.055  (6s)
    JSR  -37.0 dB  BER 0.00e+00  P(det)@0.05 power_one_sided 0.064 power_two_sided 0.051 kurtosis 0.059 spec_cnn 0.039  (6s)
    JSR  -36.0 dB  BER 0.00e+00  P(det)@0.05 power_one_sided 0.037 power_two_sided 0.068 kurtosis 0.043 spec_cnn 0.049  (7s)
    JSR  -35.0 dB  BER 0.00e+00  P(det)@0.05 power_one_sided 0.055 power_two_sided 0.057 kurtosis 0.057 spec_cnn 0.055  (7s)
    JSR  -34.0 dB  BER 0.00e+00  P(det)@0.05 power_one_sided 0.039 power_two_sided 0.053 kurtosis 0.053 spec_cnn 0.057  (8s)
    JSR  -33.0 dB  BER 0.00e+00  P(det)@0.05 power_one_sided 0.055 power_two_sided 0.059 kurtosis 0.059 spec_cnn 0.051  (8s)
    JSR  -32.0 dB  BER 0.00e+00  P(det)@0.05 power_one_sided 0.055 power_two_sided 0.051 kurtosis 0.045 spec_cnn 0.057  (9s)
    JSR  -31.0 dB  BER 0.00e+00  P(det)@0.05 power_one_sided 0.066 power_two_sided 0.066 kurtosis 0.061 spec_cnn 0.047  (9s)
    JSR  -30.0 dB  BER 0.00e+00  P(det)@0.05 power_one_sided 0.080 power_two_sided 0.076 kurtosis 0.049 spec_cnn 0.053  (10s)
    JSR  -29.0 dB  BER 0.00e+00  P(det)@0.05 power_one_sided 0.080 power_two_sided 0.045 kurtosis 0.053 spec_cnn 0.059  (10s)
    JSR  -28.0 dB  BER 0.00e+00  P(det)@0.05 power_one_sided 0.070 power_two_sided 0.066 kurtosis 0.027 spec_cnn 0.051  (11s)
    JSR  -27.0 dB  BER 0.00e+00  P(det)@0.05 power_one_sided 0.111 power_two_sided 0.074 kurtosis 0.031 spec_cnn 0.049  (11s)
    JSR  -26.0 dB  BER 0.00e+00  P(det)@0.05 power_one_sided 0.082 power_two_sided 0.072 kurtosis 0.053 spec_cnn 0.059  (11s)
    JSR  -25.0 dB  BER 0.00e+00  P(det)@0.05 power_one_sided 0.094 power_two_sided 0.076 kurtosis 0.055 spec_cnn 0.074  (12s)
    JSR  -24.0 dB  BER 0.00e+00  P(det)@0.05 power_one_sided 0.113 power_two_sided 0.078 kurtosis 0.037 spec_cnn 0.080  (12s)
    JSR  -23.0 dB  BER 0.00e+00  P(det)@0.05 power_one_sided 0.129 power_two_sided 0.100 kurtosis 0.053 spec_cnn 0.059  (13s)
    JSR  -22.0 dB  BER 0.00e+00  P(det)@0.05 power_one_sided 0.176 power_two_sided 0.141 kurtosis 0.096 spec_cnn 0.055  (13s)
    JSR  -21.0 dB  BER 0.00e+00  P(det)@0.05 power_one_sided 0.207 power_two_sided 0.170 kurtosis 0.080 spec_cnn 0.084  (14s)
    JSR  -20.0 dB  BER 0.00e+00  P(det)@0.05 power_one_sided 0.252 power_two_sided 0.201 kurtosis 0.088 spec_cnn 0.059  (14s)
    JSR  -19.0 dB  BER 0.00e+00  P(det)@0.05 power_one_sided 0.336 power_two_sided 0.289 kurtosis 0.098 spec_cnn 0.082  (15s)
    JSR  -18.0 dB  BER 0.00e+00  P(det)@0.05 power_one_sided 0.412 power_two_sided 0.350 kurtosis 0.137 spec_cnn 0.086  (15s)
    JSR  -17.0 dB  BER 0.00e+00  P(det)@0.05 power_one_sided 0.463 power_two_sided 0.396 kurtosis 0.180 spec_cnn 0.104  (16s)
    JSR  -16.0 dB  BER 0.00e+00  P(det)@0.05 power_one_sided 0.535 power_two_sided 0.453 kurtosis 0.270 spec_cnn 0.086  (16s)
    JSR  -15.0 dB  BER 0.00e+00  P(det)@0.05 power_one_sided 0.678 power_two_sided 0.605 kurtosis 0.365 spec_cnn 0.121  (16s)
    JSR  -14.0 dB  BER 0.00e+00  P(det)@0.05 power_one_sided 0.750 power_two_sided 0.705 kurtosis 0.486 spec_cnn 0.111  (17s)
    JSR  -13.0 dB  BER 3.05e-05  P(det)@0.05 power_one_sided 0.852 power_two_sided 0.818 kurtosis 0.631 spec_cnn 0.154  (17s)
    JSR  -12.0 dB  BER 2.98e-04  P(det)@0.05 power_one_sided 0.914 power_two_sided 0.889 kurtosis 0.779 spec_cnn 0.158  (18s)
    JSR  -11.0 dB  BER 1.03e-03  P(det)@0.05 power_one_sided 0.945 power_two_sided 0.939 kurtosis 0.900 spec_cnn 0.207  (18s)
    JSR  -10.0 dB  BER 3.68e-03  P(det)@0.05 power_one_sided 0.984 power_two_sided 0.980 kurtosis 0.965 spec_cnn 0.229  (19s)
    JSR   -9.0 dB  BER 1.08e-02  P(det)@0.05 power_one_sided 0.996 power_two_sided 0.990 kurtosis 0.992 spec_cnn 0.246  (19s)
    JSR   -8.0 dB  BER 1.99e-02  P(det)@0.05 power_one_sided 1.000 power_two_sided 1.000 kurtosis 0.998 spec_cnn 0.277  (20s)
    JSR   -7.0 dB  BER 3.22e-02  P(det)@0.05 power_one_sided 1.000 power_two_sided 1.000 kurtosis 1.000 spec_cnn 0.330  (20s)
    JSR   -6.0 dB  BER 4.67e-02  P(det)@0.05 power_one_sided 1.000 power_two_sided 1.000 kurtosis 1.000 spec_cnn 0.324  (21s)
    JSR   -5.0 dB  BER 5.82e-02  P(det)@0.05 power_one_sided 1.000 power_two_sided 1.000 kurtosis 1.000 spec_cnn 0.414  (21s)
    JSR   -4.0 dB  BER 6.72e-02  P(det)@0.05 power_one_sided 1.000 power_two_sided 1.000 kurtosis 1.000 spec_cnn 0.457  (22s)
    JSR   -3.0 dB  BER 7.89e-02  P(det)@0.05 power_one_sided 1.000 power_two_sided 1.000 kurtosis 1.000 spec_cnn 0.543  (22s)
    JSR   -2.0 dB  BER 8.87e-02  P(det)@0.05 power_one_sided 1.000 power_two_sided 1.000 kurtosis 1.000 spec_cnn 0.689  (22s)
    JSR   -1.0 dB  BER 9.74e-02  P(det)@0.05 power_one_sided 1.000 power_two_sided 1.000 kurtosis 1.000 spec_cnn 0.787  (23s)
    JSR   +0.0 dB  BER 1.06e-01  P(det)@0.05 power_one_sided 1.000 power_two_sided 1.000 kurtosis 1.000 spec_cnn 0.883  (23s)
    JSR   +1.0 dB  BER 1.13e-01  P(det)@0.05 power_one_sided 1.000 power_two_sided 1.000 kurtosis 1.000 spec_cnn 0.959  (24s)
    JSR   +2.0 dB  BER 1.20e-01  P(det)@0.05 power_one_sided 1.000 power_two_sided 1.000 kurtosis 1.000 spec_cnn 0.992  (24s)
    JSR   +3.0 dB  BER 1.32e-01  P(det)@0.05 power_one_sided 1.000 power_two_sided 1.000 kurtosis 1.000 spec_cnn 0.996  (25s)
    JSR   +4.0 dB  BER 1.35e-01  P(det)@0.05 power_one_sided 1.000 power_two_sided 1.000 kurtosis 1.000 spec_cnn 1.000  (25s)
    JSR   +5.0 dB  BER 1.46e-01  P(det)@0.05 power_one_sided 1.000 power_two_sided 1.000 kurtosis 1.000 spec_cnn 1.000  (26s)
    JSR   +6.0 dB  BER 1.57e-01  P(det)@0.05 power_one_sided 1.000 power_two_sided 1.000 kurtosis 1.000 spec_cnn 1.000  (26s)
    JSR   +7.0 dB  BER 1.65e-01  P(det)@0.05 power_one_sided 1.000 power_two_sided 1.000 kurtosis 1.000 spec_cnn 1.000  (27s)
    JSR   +8.0 dB  BER 1.74e-01  P(det)@0.05 power_one_sided 1.000 power_two_sided 1.000 kurtosis 1.000 spec_cnn 1.000  (27s)
    JSR   +9.0 dB  BER 1.88e-01  P(det)@0.05 power_one_sided 1.000 power_two_sided 1.000 kurtosis 1.000 spec_cnn 1.000  (28s)
    JSR  +10.0 dB  BER 1.99e-01  P(det)@0.05 power_one_sided 1.000 power_two_sided 1.000 kurtosis 1.000 spec_cnn 1.000  (28s)
    JSR  +11.0 dB  BER 2.15e-01  P(det)@0.05 power_one_sided 1.000 power_two_sided 1.000 kurtosis 1.000 spec_cnn 1.000  (29s)
    JSR  +12.0 dB  BER 2.17e-01  P(det)@0.05 power_one_sided 1.000 power_two_sided 1.000 kurtosis 1.000 spec_cnn 1.000  (29s)
    JSR  +13.0 dB  BER 2.28e-01  P(det)@0.05 power_one_sided 1.000 power_two_sided 1.000 kurtosis 1.000 spec_cnn 1.000  (29s)
    JSR  +14.0 dB  BER 2.40e-01  P(det)@0.05 power_one_sided 1.000 power_two_sided 1.000 kurtosis 1.000 spec_cnn 1.000  (30s)
    JSR  +15.0 dB  BER 2.53e-01  P(det)@0.05 power_one_sided 1.000 power_two_sided 1.000 kurtosis 1.000 spec_cnn 1.000  (30s)
  [snr_10] pulsed_p0.25 confirmed: {"power_one_sided": {"0.01": {"index": 0, "sweep_ber": 0.0, "sweep_pdet": 0.009765625, "confirmed_ber": 0.0, "confirmed_ser": 0.0, "confirmed_pdet": 0.010986328125, "passed": true}, "0.05": {"index": 0, "sweep_ber": 0.0, "sweep_pdet": 0.0546875, "confirmed_ber": 0.0, "confirmed_ser": 0.0, "confirmed_pdet": 0.049560546875, "passed": true}}, "power_two_sided": {"0.01": {"index": 0, "sweep_ber": 0.0, "sweep_pdet": 0.009765625, "confirmed_ber": 0.0, "confirmed_ser": 0.0, "confirmed_pdet": 0.01025390625, "passed": true}, "0.05": {"index": 0, "sweep_ber": 0.0, "sweep_pdet": 0.05078125, "confirmed_ber": 0.0, "confirmed_ser": 0.0, "confirmed_pdet": 0.0478515625, "passed": true}}, "kurtosis": {"0.01": {"index": 0, "sweep_ber": 0.0, "sweep_pdet": 0.005859375, "confirmed_ber": 0.0, "confirmed_ser": 0.0, "confirmed_pdet": 0.01025390625, "passed": true}, "0.05": {"index": 0, "sweep_ber": 0.0, "sweep_pdet": 0.03125, "confirmed_ber": 0.0, "confirmed_ser": 0.0, "confirmed_pdet": 0.052490234375, "passed": true}}, "spec_cnn": {"0.01": {"index": 0, "sweep_ber": 0.0, "sweep_pdet": 0.017578125, "confirmed_ber": 0.0, "confirmed_ser": 0.0, "confirmed_pdet": 0.012939453125, "passed": true}, "0.05": {"index": 0, "sweep_ber": 0.0, "sweep_pdet": 0.068359375, "confirmed_ber": 0.0, "confirmed_ser": 0.0, "confirmed_pdet": 0.05029296875, "passed": true}}}  (247s)
  [snr_10] classical pulsed_p0.1
    JSR  -50.0 dB  BER 0.00e+00  P(det)@0.05 power_one_sided 0.062 power_two_sided 0.057 kurtosis 0.041 spec_cnn 0.033  (0s)
    JSR  -49.0 dB  BER 0.00e+00  P(det)@0.05 power_one_sided 0.045 power_two_sided 0.033 kurtosis 0.031 spec_cnn 0.061  (1s)
    JSR  -48.0 dB  BER 0.00e+00  P(det)@0.05 power_one_sided 0.047 power_two_sided 0.061 kurtosis 0.033 spec_cnn 0.037  (1s)
    JSR  -47.0 dB  BER 0.00e+00  P(det)@0.05 power_one_sided 0.062 power_two_sided 0.051 kurtosis 0.066 spec_cnn 0.049  (2s)
    JSR  -46.0 dB  BER 0.00e+00  P(det)@0.05 power_one_sided 0.045 power_two_sided 0.061 kurtosis 0.037 spec_cnn 0.053  (2s)
    JSR  -45.0 dB  BER 0.00e+00  P(det)@0.05 power_one_sided 0.051 power_two_sided 0.047 kurtosis 0.062 spec_cnn 0.055  (3s)
    JSR  -44.0 dB  BER 0.00e+00  P(det)@0.05 power_one_sided 0.047 power_two_sided 0.051 kurtosis 0.061 spec_cnn 0.064  (3s)
    JSR  -43.0 dB  BER 0.00e+00  P(det)@0.05 power_one_sided 0.047 power_two_sided 0.045 kurtosis 0.057 spec_cnn 0.051  (4s)
    JSR  -42.0 dB  BER 0.00e+00  P(det)@0.05 power_one_sided 0.053 power_two_sided 0.043 kurtosis 0.049 spec_cnn 0.053  (4s)
    JSR  -41.0 dB  BER 0.00e+00  P(det)@0.05 power_one_sided 0.049 power_two_sided 0.051 kurtosis 0.062 spec_cnn 0.055  (5s)
    JSR  -40.0 dB  BER 0.00e+00  P(det)@0.05 power_one_sided 0.062 power_two_sided 0.061 kurtosis 0.035 spec_cnn 0.053  (5s)
    JSR  -39.0 dB  BER 0.00e+00  P(det)@0.05 power_one_sided 0.053 power_two_sided 0.029 kurtosis 0.055 spec_cnn 0.055  (6s)
    JSR  -38.0 dB  BER 0.00e+00  P(det)@0.05 power_one_sided 0.037 power_two_sided 0.035 kurtosis 0.070 spec_cnn 0.055  (6s)
    JSR  -37.0 dB  BER 0.00e+00  P(det)@0.05 power_one_sided 0.049 power_two_sided 0.043 kurtosis 0.053 spec_cnn 0.045  (7s)
    JSR  -36.0 dB  BER 0.00e+00  P(det)@0.05 power_one_sided 0.043 power_two_sided 0.061 kurtosis 0.061 spec_cnn 0.029  (7s)
    JSR  -35.0 dB  BER 0.00e+00  P(det)@0.05 power_one_sided 0.049 power_two_sided 0.064 kurtosis 0.051 spec_cnn 0.049  (7s)
    JSR  -34.0 dB  BER 0.00e+00  P(det)@0.05 power_one_sided 0.061 power_two_sided 0.057 kurtosis 0.055 spec_cnn 0.057  (8s)
    JSR  -33.0 dB  BER 0.00e+00  P(det)@0.05 power_one_sided 0.066 power_two_sided 0.047 kurtosis 0.064 spec_cnn 0.031  (8s)
    JSR  -32.0 dB  BER 0.00e+00  P(det)@0.05 power_one_sided 0.068 power_two_sided 0.055 kurtosis 0.049 spec_cnn 0.041  (9s)
    JSR  -31.0 dB  BER 0.00e+00  P(det)@0.05 power_one_sided 0.059 power_two_sided 0.055 kurtosis 0.051 spec_cnn 0.051  (9s)
    JSR  -30.0 dB  BER 0.00e+00  P(det)@0.05 power_one_sided 0.057 power_two_sided 0.045 kurtosis 0.053 spec_cnn 0.053  (10s)
    JSR  -29.0 dB  BER 0.00e+00  P(det)@0.05 power_one_sided 0.074 power_two_sided 0.051 kurtosis 0.051 spec_cnn 0.049  (10s)
    JSR  -28.0 dB  BER 0.00e+00  P(det)@0.05 power_one_sided 0.100 power_two_sided 0.068 kurtosis 0.061 spec_cnn 0.047  (11s)
    JSR  -27.0 dB  BER 0.00e+00  P(det)@0.05 power_one_sided 0.043 power_two_sided 0.053 kurtosis 0.037 spec_cnn 0.064  (11s)
    JSR  -26.0 dB  BER 0.00e+00  P(det)@0.05 power_one_sided 0.088 power_two_sided 0.072 kurtosis 0.035 spec_cnn 0.049  (12s)
    JSR  -25.0 dB  BER 0.00e+00  P(det)@0.05 power_one_sided 0.096 power_two_sided 0.084 kurtosis 0.059 spec_cnn 0.057  (12s)
    JSR  -24.0 dB  BER 0.00e+00  P(det)@0.05 power_one_sided 0.127 power_two_sided 0.096 kurtosis 0.049 spec_cnn 0.072  (13s)
    JSR  -23.0 dB  BER 0.00e+00  P(det)@0.05 power_one_sided 0.139 power_two_sided 0.104 kurtosis 0.070 spec_cnn 0.053  (13s)
    JSR  -22.0 dB  BER 0.00e+00  P(det)@0.05 power_one_sided 0.170 power_two_sided 0.141 kurtosis 0.080 spec_cnn 0.059  (14s)
    JSR  -21.0 dB  BER 0.00e+00  P(det)@0.05 power_one_sided 0.176 power_two_sided 0.137 kurtosis 0.080 spec_cnn 0.066  (14s)
    JSR  -20.0 dB  BER 0.00e+00  P(det)@0.05 power_one_sided 0.293 power_two_sided 0.232 kurtosis 0.092 spec_cnn 0.078  (14s)
    JSR  -19.0 dB  BER 0.00e+00  P(det)@0.05 power_one_sided 0.285 power_two_sided 0.240 kurtosis 0.104 spec_cnn 0.070  (15s)
    JSR  -18.0 dB  BER 7.63e-06  P(det)@0.05 power_one_sided 0.361 power_two_sided 0.271 kurtosis 0.164 spec_cnn 0.062  (15s)
    JSR  -17.0 dB  BER 3.05e-05  P(det)@0.05 power_one_sided 0.467 power_two_sided 0.385 kurtosis 0.201 spec_cnn 0.076  (16s)
    JSR  -16.0 dB  BER 1.37e-04  P(det)@0.05 power_one_sided 0.527 power_two_sided 0.449 kurtosis 0.301 spec_cnn 0.080  (16s)
    JSR  -15.0 dB  BER 4.88e-04  P(det)@0.05 power_one_sided 0.666 power_two_sided 0.590 kurtosis 0.422 spec_cnn 0.100  (17s)
    JSR  -14.0 dB  BER 1.62e-03  P(det)@0.05 power_one_sided 0.781 power_two_sided 0.740 kurtosis 0.549 spec_cnn 0.086  (17s)
    JSR  -13.0 dB  BER 4.12e-03  P(det)@0.05 power_one_sided 0.861 power_two_sided 0.832 kurtosis 0.754 spec_cnn 0.123  (18s)
    JSR  -12.0 dB  BER 6.92e-03  P(det)@0.05 power_one_sided 0.910 power_two_sided 0.895 kurtosis 0.852 spec_cnn 0.141  (18s)
    JSR  -11.0 dB  BER 1.19e-02  P(det)@0.05 power_one_sided 0.959 power_two_sided 0.943 kurtosis 0.951 spec_cnn 0.131  (19s)
    JSR  -10.0 dB  BER 1.71e-02  P(det)@0.05 power_one_sided 0.994 power_two_sided 0.992 kurtosis 0.984 spec_cnn 0.139  (19s)
    JSR   -9.0 dB  BER 2.22e-02  P(det)@0.05 power_one_sided 0.998 power_two_sided 0.998 kurtosis 0.988 spec_cnn 0.152  (20s)
    JSR   -8.0 dB  BER 2.72e-02  P(det)@0.05 power_one_sided 1.000 power_two_sided 1.000 kurtosis 0.998 spec_cnn 0.191  (20s)
    JSR   -7.0 dB  BER 3.23e-02  P(det)@0.05 power_one_sided 1.000 power_two_sided 1.000 kurtosis 1.000 spec_cnn 0.215  (21s)
    JSR   -6.0 dB  BER 3.61e-02  P(det)@0.05 power_one_sided 1.000 power_two_sided 1.000 kurtosis 1.000 spec_cnn 0.270  (21s)
    JSR   -5.0 dB  BER 3.86e-02  P(det)@0.05 power_one_sided 1.000 power_two_sided 1.000 kurtosis 1.000 spec_cnn 0.354  (21s)
    JSR   -4.0 dB  BER 4.32e-02  P(det)@0.05 power_one_sided 1.000 power_two_sided 1.000 kurtosis 1.000 spec_cnn 0.420  (22s)
    JSR   -3.0 dB  BER 4.73e-02  P(det)@0.05 power_one_sided 1.000 power_two_sided 1.000 kurtosis 1.000 spec_cnn 0.561  (22s)
    JSR   -2.0 dB  BER 5.03e-02  P(det)@0.05 power_one_sided 1.000 power_two_sided 1.000 kurtosis 1.000 spec_cnn 0.693  (23s)
    JSR   -1.0 dB  BER 5.39e-02  P(det)@0.05 power_one_sided 1.000 power_two_sided 1.000 kurtosis 1.000 spec_cnn 0.807  (23s)
    JSR   +0.0 dB  BER 5.68e-02  P(det)@0.05 power_one_sided 1.000 power_two_sided 1.000 kurtosis 1.000 spec_cnn 0.916  (24s)
    JSR   +1.0 dB  BER 6.22e-02  P(det)@0.05 power_one_sided 1.000 power_two_sided 1.000 kurtosis 1.000 spec_cnn 0.979  (24s)
    JSR   +2.0 dB  BER 6.51e-02  P(det)@0.05 power_one_sided 1.000 power_two_sided 1.000 kurtosis 1.000 spec_cnn 0.994  (25s)
    JSR   +3.0 dB  BER 6.95e-02  P(det)@0.05 power_one_sided 1.000 power_two_sided 1.000 kurtosis 1.000 spec_cnn 1.000  (25s)
    JSR   +4.0 dB  BER 7.57e-02  P(det)@0.05 power_one_sided 1.000 power_two_sided 1.000 kurtosis 1.000 spec_cnn 1.000  (26s)
    JSR   +5.0 dB  BER 8.16e-02  P(det)@0.05 power_one_sided 1.000 power_two_sided 1.000 kurtosis 1.000 spec_cnn 1.000  (26s)
    JSR   +6.0 dB  BER 9.21e-02  P(det)@0.05 power_one_sided 1.000 power_two_sided 1.000 kurtosis 1.000 spec_cnn 1.000  (27s)
    JSR   +7.0 dB  BER 9.52e-02  P(det)@0.05 power_one_sided 1.000 power_two_sided 1.000 kurtosis 1.000 spec_cnn 1.000  (27s)
    JSR   +8.0 dB  BER 9.96e-02  P(det)@0.05 power_one_sided 1.000 power_two_sided 1.000 kurtosis 1.000 spec_cnn 1.000  (28s)
    JSR   +9.0 dB  BER 1.06e-01  P(det)@0.05 power_one_sided 1.000 power_two_sided 1.000 kurtosis 1.000 spec_cnn 1.000  (28s)
    JSR  +10.0 dB  BER 1.10e-01  P(det)@0.05 power_one_sided 1.000 power_two_sided 1.000 kurtosis 1.000 spec_cnn 1.000  (28s)
    JSR  +11.0 dB  BER 1.14e-01  P(det)@0.05 power_one_sided 1.000 power_two_sided 1.000 kurtosis 1.000 spec_cnn 1.000  (29s)
    JSR  +12.0 dB  BER 1.25e-01  P(det)@0.05 power_one_sided 1.000 power_two_sided 1.000 kurtosis 1.000 spec_cnn 1.000  (29s)
    JSR  +13.0 dB  BER 1.31e-01  P(det)@0.05 power_one_sided 1.000 power_two_sided 1.000 kurtosis 1.000 spec_cnn 1.000  (30s)
    JSR  +14.0 dB  BER 1.39e-01  P(det)@0.05 power_one_sided 1.000 power_two_sided 1.000 kurtosis 1.000 spec_cnn 1.000  (30s)
    JSR  +15.0 dB  BER 1.44e-01  P(det)@0.05 power_one_sided 1.000 power_two_sided 1.000 kurtosis 1.000 spec_cnn 1.000  (31s)
  [snr_10] pulsed_p0.1 confirmed: {"power_one_sided": {"0.01": {"index": 0, "sweep_ber": 0.0, "sweep_pdet": 0.0078125, "confirmed_ber": 0.0, "confirmed_ser": 0.0, "confirmed_pdet": 0.0087890625, "passed": true}, "0.05": {"index": 0, "sweep_ber": 0.0, "sweep_pdet": 0.0625, "confirmed_ber": 0.0, "confirmed_ser": 0.0, "confirmed_pdet": 0.048583984375, "passed": true}}, "power_two_sided": {"0.01": {"index": 0, "sweep_ber": 0.0, "sweep_pdet": 0.009765625, "confirmed_ber": 0.0, "confirmed_ser": 0.0, "confirmed_pdet": 0.010498046875, "passed": true}, "0.05": {"index": 0, "sweep_ber": 0.0, "sweep_pdet": 0.056640625, "confirmed_ber": 0.0, "confirmed_ser": 0.0, "confirmed_pdet": 0.050537109375, "passed": true}}, "kurtosis": {"0.01": {"index": 0, "sweep_ber": 0.0, "sweep_pdet": 0.017578125, "confirmed_ber": 0.0, "confirmed_ser": 0.0, "confirmed_pdet": 0.010498046875, "passed": true}, "0.05": {"index": 0, "sweep_ber": 0.0, "sweep_pdet": 0.041015625, "confirmed_ber": 0.0, "confirmed_ser": 0.0, "confirmed_pdet": 0.049072265625, "passed": true}}, "spec_cnn": {"0.01": {"index": 34, "sweep_ber": 0.0001373291015625, "sweep_pdet": 0.017578125, "confirmed_ber": 0.0001621246337890625, "confirmed_ser": 0.000324249267578125, "confirmed_pdet": 0.028564453125, "passed": false}, "0.05": {"index": 32, "sweep_ber": 7.62939453125e-06, "sweep_pdet": 0.0625, "confirmed_ber": 8.58306884765625e-06, "confirmed_ser": 1.71661376953125e-05, "confirmed_pdet": 0.08642578125, "passed": false}}}  (307s)
  [snr_10] classical omniscient_e0.1
    JSR  -50.0 dB  BER 0.00e+00  P(det)@0.05 power_one_sided 0.055 power_two_sided 0.055 kurtosis 0.057 spec_cnn 0.045  (0s)
    JSR  -49.0 dB  BER 0.00e+00  P(det)@0.05 power_one_sided 0.043 power_two_sided 0.047 kurtosis 0.059 spec_cnn 0.047  (1s)
    JSR  -48.0 dB  BER 0.00e+00  P(det)@0.05 power_one_sided 0.037 power_two_sided 0.053 kurtosis 0.045 spec_cnn 0.049  (1s)
    JSR  -47.0 dB  BER 0.00e+00  P(det)@0.05 power_one_sided 0.053 power_two_sided 0.057 kurtosis 0.051 spec_cnn 0.041  (2s)
    JSR  -46.0 dB  BER 0.00e+00  P(det)@0.05 power_one_sided 0.041 power_two_sided 0.035 kurtosis 0.061 spec_cnn 0.055  (2s)
    JSR  -45.0 dB  BER 0.00e+00  P(det)@0.05 power_one_sided 0.045 power_two_sided 0.057 kurtosis 0.053 spec_cnn 0.041  (3s)
    JSR  -44.0 dB  BER 0.00e+00  P(det)@0.05 power_one_sided 0.045 power_two_sided 0.045 kurtosis 0.059 spec_cnn 0.047  (3s)
    JSR  -43.0 dB  BER 0.00e+00  P(det)@0.05 power_one_sided 0.018 power_two_sided 0.027 kurtosis 0.070 spec_cnn 0.047  (4s)
    JSR  -42.0 dB  BER 0.00e+00  P(det)@0.05 power_one_sided 0.062 power_two_sided 0.066 kurtosis 0.049 spec_cnn 0.057  (4s)
    JSR  -41.0 dB  BER 0.00e+00  P(det)@0.05 power_one_sided 0.045 power_two_sided 0.039 kurtosis 0.051 spec_cnn 0.027  (5s)
    JSR  -40.0 dB  BER 0.00e+00  P(det)@0.05 power_one_sided 0.041 power_two_sided 0.051 kurtosis 0.039 spec_cnn 0.061  (5s)
    JSR  -39.0 dB  BER 0.00e+00  P(det)@0.05 power_one_sided 0.041 power_two_sided 0.045 kurtosis 0.045 spec_cnn 0.043  (6s)
    JSR  -38.0 dB  BER 0.00e+00  P(det)@0.05 power_one_sided 0.039 power_two_sided 0.051 kurtosis 0.041 spec_cnn 0.066  (6s)
    JSR  -37.0 dB  BER 0.00e+00  P(det)@0.05 power_one_sided 0.045 power_two_sided 0.051 kurtosis 0.059 spec_cnn 0.070  (6s)
    JSR  -36.0 dB  BER 0.00e+00  P(det)@0.05 power_one_sided 0.059 power_two_sided 0.062 kurtosis 0.041 spec_cnn 0.053  (7s)
    JSR  -35.0 dB  BER 0.00e+00  P(det)@0.05 power_one_sided 0.061 power_two_sided 0.045 kurtosis 0.045 spec_cnn 0.039  (7s)
    JSR  -34.0 dB  BER 0.00e+00  P(det)@0.05 power_one_sided 0.053 power_two_sided 0.064 kurtosis 0.049 spec_cnn 0.064  (8s)
    JSR  -33.0 dB  BER 0.00e+00  P(det)@0.05 power_one_sided 0.055 power_two_sided 0.051 kurtosis 0.061 spec_cnn 0.045  (8s)
    JSR  -32.0 dB  BER 0.00e+00  P(det)@0.05 power_one_sided 0.045 power_two_sided 0.039 kurtosis 0.059 spec_cnn 0.053  (9s)
    JSR  -31.0 dB  BER 0.00e+00  P(det)@0.05 power_one_sided 0.051 power_two_sided 0.047 kurtosis 0.055 spec_cnn 0.043  (9s)
    JSR  -30.0 dB  BER 0.00e+00  P(det)@0.05 power_one_sided 0.053 power_two_sided 0.037 kurtosis 0.049 spec_cnn 0.053  (10s)
    JSR  -29.0 dB  BER 0.00e+00  P(det)@0.05 power_one_sided 0.066 power_two_sided 0.045 kurtosis 0.039 spec_cnn 0.043  (10s)
    JSR  -28.0 dB  BER 0.00e+00  P(det)@0.05 power_one_sided 0.053 power_two_sided 0.053 kurtosis 0.051 spec_cnn 0.033  (11s)
    JSR  -27.0 dB  BER 0.00e+00  P(det)@0.05 power_one_sided 0.047 power_two_sided 0.051 kurtosis 0.059 spec_cnn 0.049  (11s)
    JSR  -26.0 dB  BER 0.00e+00  P(det)@0.05 power_one_sided 0.051 power_two_sided 0.043 kurtosis 0.057 spec_cnn 0.053  (12s)
    JSR  -25.0 dB  BER 0.00e+00  P(det)@0.05 power_one_sided 0.059 power_two_sided 0.055 kurtosis 0.033 spec_cnn 0.057  (12s)
    JSR  -24.0 dB  BER 0.00e+00  P(det)@0.05 power_one_sided 0.049 power_two_sided 0.045 kurtosis 0.062 spec_cnn 0.053  (13s)
    JSR  -23.0 dB  BER 0.00e+00  P(det)@0.05 power_one_sided 0.059 power_two_sided 0.049 kurtosis 0.039 spec_cnn 0.068  (13s)
    JSR  -22.0 dB  BER 0.00e+00  P(det)@0.05 power_one_sided 0.053 power_two_sided 0.043 kurtosis 0.061 spec_cnn 0.043  (13s)
    JSR  -21.0 dB  BER 0.00e+00  P(det)@0.05 power_one_sided 0.037 power_two_sided 0.055 kurtosis 0.057 spec_cnn 0.053  (14s)
    JSR  -20.0 dB  BER 6.54e-03  P(det)@0.05 power_one_sided 0.012 power_two_sided 0.074 kurtosis 0.049 spec_cnn 0.061  (14s)
    JSR  -19.0 dB  BER 6.29e-03  P(det)@0.05 power_one_sided 0.021 power_two_sided 0.088 kurtosis 0.047 spec_cnn 0.053  (15s)
    JSR  -18.0 dB  BER 6.26e-03  P(det)@0.05 power_one_sided 0.010 power_two_sided 0.086 kurtosis 0.051 spec_cnn 0.053  (15s)
    JSR  -17.0 dB  BER 1.29e-02  P(det)@0.05 power_one_sided 0.000 power_two_sided 0.176 kurtosis 0.111 spec_cnn 0.047  (16s)
    JSR  -16.0 dB  BER 1.27e-02  P(det)@0.05 power_one_sided 0.000 power_two_sided 0.195 kurtosis 0.078 spec_cnn 0.057  (16s)
    JSR  -15.0 dB  BER 1.93e-02  P(det)@0.05 power_one_sided 0.000 power_two_sided 0.334 kurtosis 0.141 spec_cnn 0.049  (17s)
    JSR  -14.0 dB  BER 2.55e-02  P(det)@0.05 power_one_sided 0.000 power_two_sided 0.555 kurtosis 0.176 spec_cnn 0.045  (17s)
    JSR  -13.0 dB  BER 3.20e-02  P(det)@0.05 power_one_sided 0.000 power_two_sided 0.727 kurtosis 0.340 spec_cnn 0.064  (18s)
    JSR  -12.0 dB  BER 3.82e-02  P(det)@0.05 power_one_sided 0.000 power_two_sided 0.906 kurtosis 0.418 spec_cnn 0.055  (18s)
    JSR  -11.0 dB  BER 5.14e-02  P(det)@0.05 power_one_sided 0.000 power_two_sided 0.996 kurtosis 0.629 spec_cnn 0.045  (19s)
    JSR  -10.0 dB  BER 6.37e-02  P(det)@0.05 power_one_sided 0.000 power_two_sided 1.000 kurtosis 0.807 spec_cnn 0.043  (19s)
    JSR   -9.0 dB  BER 8.23e-02  P(det)@0.05 power_one_sided 0.000 power_two_sided 1.000 kurtosis 0.953 spec_cnn 0.041  (20s)
    JSR   -8.0 dB  BER 1.02e-01  P(det)@0.05 power_one_sided 0.000 power_two_sided 1.000 kurtosis 0.998 spec_cnn 0.076  (20s)
    JSR   -7.0 dB  BER 1.33e-01  P(det)@0.05 power_one_sided 0.000 power_two_sided 1.000 kurtosis 1.000 spec_cnn 0.051  (20s)
    JSR   -6.0 dB  BER 1.66e-01  P(det)@0.05 power_one_sided 0.000 power_two_sided 1.000 kurtosis 1.000 spec_cnn 0.039  (21s)
    JSR   -5.0 dB  BER 2.11e-01  P(det)@0.05 power_one_sided 0.000 power_two_sided 1.000 kurtosis 1.000 spec_cnn 0.072  (21s)
    JSR   -4.0 dB  BER 2.68e-01  P(det)@0.05 power_one_sided 0.000 power_two_sided 1.000 kurtosis 1.000 spec_cnn 0.033  (22s)
    JSR   -3.0 dB  BER 3.37e-01  P(det)@0.05 power_one_sided 0.000 power_two_sided 1.000 kurtosis 1.000 spec_cnn 0.029  (22s)
    JSR   -2.0 dB  BER 4.20e-01  P(det)@0.05 power_one_sided 0.000 power_two_sided 1.000 kurtosis 1.000 spec_cnn 0.020  (23s)
    JSR   -1.0 dB  BER 5.34e-01  P(det)@0.05 power_one_sided 0.000 power_two_sided 1.000 kurtosis 1.000 spec_cnn 0.012  (23s)
    JSR   +0.0 dB  BER 6.68e-01  P(det)@0.05 power_one_sided 0.000 power_two_sided 1.000 kurtosis 1.000 spec_cnn 0.000  (24s)
    JSR   +1.0 dB  BER 8.16e-01  P(det)@0.05 power_one_sided 0.000 power_two_sided 1.000 kurtosis 1.000 spec_cnn 0.000  (24s)
    JSR   +2.0 dB  BER 8.13e-01  P(det)@0.05 power_one_sided 0.000 power_two_sided 1.000 kurtosis 1.000 spec_cnn 0.000  (25s)
    JSR   +3.0 dB  BER 8.15e-01  P(det)@0.05 power_one_sided 0.000 power_two_sided 1.000 kurtosis 1.000 spec_cnn 0.000  (25s)
    JSR   +4.0 dB  BER 8.14e-01  P(det)@0.05 power_one_sided 0.000 power_two_sided 1.000 kurtosis 1.000 spec_cnn 0.000  (26s)
    JSR   +5.0 dB  BER 8.14e-01  P(det)@0.05 power_one_sided 0.000 power_two_sided 1.000 kurtosis 1.000 spec_cnn 0.000  (26s)
    JSR   +6.0 dB  BER 8.16e-01  P(det)@0.05 power_one_sided 0.000 power_two_sided 1.000 kurtosis 1.000 spec_cnn 0.000  (26s)
    JSR   +7.0 dB  BER 8.14e-01  P(det)@0.05 power_one_sided 0.000 power_two_sided 1.000 kurtosis 1.000 spec_cnn 0.000  (27s)
    JSR   +8.0 dB  BER 8.14e-01  P(det)@0.05 power_one_sided 0.000 power_two_sided 1.000 kurtosis 1.000 spec_cnn 0.000  (27s)
    JSR   +9.0 dB  BER 8.15e-01  P(det)@0.05 power_one_sided 0.000 power_two_sided 1.000 kurtosis 1.000 spec_cnn 0.000  (28s)
    JSR  +10.0 dB  BER 8.15e-01  P(det)@0.05 power_one_sided 0.000 power_two_sided 1.000 kurtosis 1.000 spec_cnn 0.000  (28s)
    JSR  +11.0 dB  BER 8.15e-01  P(det)@0.05 power_one_sided 0.000 power_two_sided 1.000 kurtosis 1.000 spec_cnn 0.000  (29s)
    JSR  +12.0 dB  BER 8.14e-01  P(det)@0.05 power_one_sided 0.000 power_two_sided 1.000 kurtosis 1.000 spec_cnn 0.000  (29s)
    JSR  +13.0 dB  BER 8.12e-01  P(det)@0.05 power_one_sided 0.000 power_two_sided 1.000 kurtosis 1.000 spec_cnn 0.000  (30s)
    JSR  +14.0 dB  BER 8.16e-01  P(det)@0.05 power_one_sided 0.000 power_two_sided 1.000 kurtosis 1.000 spec_cnn 0.000  (30s)
    JSR  +15.0 dB  BER 8.15e-01  P(det)@0.05 power_one_sided 0.000 power_two_sided 1.000 kurtosis 1.000 spec_cnn 0.000  (31s)
  [snr_10] omniscient_e0.1 confirmed: {"power_one_sided": {"0.01": {"index": 56, "sweep_ber": 0.8158645629882812, "sweep_pdet": 0.0, "confirmed_ber": 0.8145885467529297, "confirmed_ser": 0.9656906127929688, "confirmed_pdet": 0.0, "passed": true}, "0.05": {"index": 56, "sweep_ber": 0.8158645629882812, "sweep_pdet": 0.0, "confirmed_ber": 0.815826416015625, "confirmed_ser": 0.9662590026855469, "confirmed_pdet": 0.0, "passed": true}}, "power_two_sided": {"0.01": {"index": 30, "sweep_ber": 0.00653839111328125, "sweep_pdet": 0.015625, "confirmed_ber": 0.00632476806640625, "confirmed_ser": 0.0074939727783203125, "confirmed_pdet": 0.021484375, "passed": false}, "0.05": {"index": 0, "sweep_ber": 0.0, "sweep_pdet": 0.0546875, "confirmed_ber": 0.0, "confirmed_ser": 0.0, "confirmed_pdet": 0.048583984375, "passed": true}}, "kurtosis": {"0.01": {"index": 33, "sweep_ber": 0.01294708251953125, "sweep_pdet": 0.017578125, "confirmed_ber": 0.012739181518554688, "confirmed_ser": 0.01506805419921875, "confirmed_pdet": 0.0244140625, "passed": false}, "0.05": {"index": 30, "sweep_ber": 0.00653839111328125, "sweep_pdet": 0.048828125, "confirmed_ber": 0.006343841552734375, "confirmed_ser": 0.0075473785400390625, "confirmed_pdet": 0.06298828125, "passed": false}}, "spec_cnn": {"0.01": {"index": 56, "sweep_ber": 0.8158645629882812, "sweep_pdet": 0.0, "confirmed_ber": 0.8140316009521484, "confirmed_ser": 0.9652462005615234, "confirmed_pdet": 0.0, "passed": true}, "0.05": {"index": 56, "sweep_ber": 0.8158645629882812, "sweep_pdet": 0.0, "confirmed_ber": 0.8143844604492188, "confirmed_ser": 0.9656352996826172, "confirmed_pdet": 0.0, "passed": true}}}  (368s)
  [snr_10] classical omniscient_e1
    JSR  -50.0 dB  BER 0.00e+00  P(det)@0.05 power_one_sided 0.047 power_two_sided 0.041 kurtosis 0.049 spec_cnn 0.057  (0s)
    JSR  -49.0 dB  BER 0.00e+00  P(det)@0.05 power_one_sided 0.055 power_two_sided 0.068 kurtosis 0.064 spec_cnn 0.043  (1s)
    JSR  -48.0 dB  BER 0.00e+00  P(det)@0.05 power_one_sided 0.055 power_two_sided 0.041 kurtosis 0.039 spec_cnn 0.045  (1s)
    JSR  -47.0 dB  BER 0.00e+00  P(det)@0.05 power_one_sided 0.045 power_two_sided 0.045 kurtosis 0.062 spec_cnn 0.051  (2s)
    JSR  -46.0 dB  BER 0.00e+00  P(det)@0.05 power_one_sided 0.039 power_two_sided 0.051 kurtosis 0.059 spec_cnn 0.055  (2s)
    JSR  -45.0 dB  BER 0.00e+00  P(det)@0.05 power_one_sided 0.061 power_two_sided 0.057 kurtosis 0.047 spec_cnn 0.043  (3s)
    JSR  -44.0 dB  BER 0.00e+00  P(det)@0.05 power_one_sided 0.049 power_two_sided 0.059 kurtosis 0.035 spec_cnn 0.043  (3s)
    JSR  -43.0 dB  BER 0.00e+00  P(det)@0.05 power_one_sided 0.037 power_two_sided 0.033 kurtosis 0.043 spec_cnn 0.051  (4s)
    JSR  -42.0 dB  BER 0.00e+00  P(det)@0.05 power_one_sided 0.033 power_two_sided 0.039 kurtosis 0.055 spec_cnn 0.057  (4s)
    JSR  -41.0 dB  BER 0.00e+00  P(det)@0.05 power_one_sided 0.070 power_two_sided 0.062 kurtosis 0.053 spec_cnn 0.043  (5s)
    JSR  -40.0 dB  BER 0.00e+00  P(det)@0.05 power_one_sided 0.049 power_two_sided 0.033 kurtosis 0.059 spec_cnn 0.053  (5s)
    JSR  -39.0 dB  BER 0.00e+00  P(det)@0.05 power_one_sided 0.053 power_two_sided 0.076 kurtosis 0.062 spec_cnn 0.051  (6s)
    JSR  -38.0 dB  BER 0.00e+00  P(det)@0.05 power_one_sided 0.043 power_two_sided 0.043 kurtosis 0.057 spec_cnn 0.051  (6s)
    JSR  -37.0 dB  BER 0.00e+00  P(det)@0.05 power_one_sided 0.049 power_two_sided 0.053 kurtosis 0.043 spec_cnn 0.047  (6s)
    JSR  -36.0 dB  BER 0.00e+00  P(det)@0.05 power_one_sided 0.068 power_two_sided 0.078 kurtosis 0.053 spec_cnn 0.045  (7s)
    JSR  -35.0 dB  BER 0.00e+00  P(det)@0.05 power_one_sided 0.045 power_two_sided 0.049 kurtosis 0.053 spec_cnn 0.051  (7s)
    JSR  -34.0 dB  BER 0.00e+00  P(det)@0.05 power_one_sided 0.043 power_two_sided 0.057 kurtosis 0.061 spec_cnn 0.047  (8s)
    JSR  -33.0 dB  BER 0.00e+00  P(det)@0.05 power_one_sided 0.053 power_two_sided 0.043 kurtosis 0.055 spec_cnn 0.037  (8s)
    JSR  -32.0 dB  BER 0.00e+00  P(det)@0.05 power_one_sided 0.045 power_two_sided 0.047 kurtosis 0.053 spec_cnn 0.055  (9s)
    JSR  -31.0 dB  BER 0.00e+00  P(det)@0.05 power_one_sided 0.035 power_two_sided 0.057 kurtosis 0.041 spec_cnn 0.061  (9s)
    JSR  -30.0 dB  BER 0.00e+00  P(det)@0.05 power_one_sided 0.062 power_two_sided 0.047 kurtosis 0.057 spec_cnn 0.045  (10s)
    JSR  -29.0 dB  BER 0.00e+00  P(det)@0.05 power_one_sided 0.039 power_two_sided 0.051 kurtosis 0.047 spec_cnn 0.047  (10s)
    JSR  -28.0 dB  BER 0.00e+00  P(det)@0.05 power_one_sided 0.043 power_two_sided 0.043 kurtosis 0.053 spec_cnn 0.053  (11s)
    JSR  -27.0 dB  BER 0.00e+00  P(det)@0.05 power_one_sided 0.047 power_two_sided 0.037 kurtosis 0.055 spec_cnn 0.035  (11s)
    JSR  -26.0 dB  BER 0.00e+00  P(det)@0.05 power_one_sided 0.057 power_two_sided 0.057 kurtosis 0.045 spec_cnn 0.047  (12s)
    JSR  -25.0 dB  BER 0.00e+00  P(det)@0.05 power_one_sided 0.064 power_two_sided 0.061 kurtosis 0.057 spec_cnn 0.055  (12s)
    JSR  -24.0 dB  BER 0.00e+00  P(det)@0.05 power_one_sided 0.045 power_two_sided 0.051 kurtosis 0.057 spec_cnn 0.072  (12s)
    JSR  -23.0 dB  BER 0.00e+00  P(det)@0.05 power_one_sided 0.055 power_two_sided 0.041 kurtosis 0.049 spec_cnn 0.043  (13s)
    JSR  -22.0 dB  BER 0.00e+00  P(det)@0.05 power_one_sided 0.043 power_two_sided 0.033 kurtosis 0.059 spec_cnn 0.041  (13s)
    JSR  -21.0 dB  BER 0.00e+00  P(det)@0.05 power_one_sided 0.047 power_two_sided 0.051 kurtosis 0.049 spec_cnn 0.061  (14s)
    JSR  -20.0 dB  BER 0.00e+00  P(det)@0.05 power_one_sided 0.062 power_two_sided 0.061 kurtosis 0.057 spec_cnn 0.051  (14s)
    JSR  -19.0 dB  BER 0.00e+00  P(det)@0.05 power_one_sided 0.037 power_two_sided 0.045 kurtosis 0.061 spec_cnn 0.039  (15s)
    JSR  -18.0 dB  BER 0.00e+00  P(det)@0.05 power_one_sided 0.043 power_two_sided 0.047 kurtosis 0.055 spec_cnn 0.064  (15s)
    JSR  -17.0 dB  BER 0.00e+00  P(det)@0.05 power_one_sided 0.055 power_two_sided 0.051 kurtosis 0.029 spec_cnn 0.070  (16s)
    JSR  -16.0 dB  BER 0.00e+00  P(det)@0.05 power_one_sided 0.039 power_two_sided 0.043 kurtosis 0.053 spec_cnn 0.053  (16s)
    JSR  -15.0 dB  BER 7.81e-03  P(det)@0.05 power_one_sided 0.049 power_two_sided 0.045 kurtosis 0.055 spec_cnn 0.045  (17s)
    JSR  -14.0 dB  BER 7.81e-03  P(det)@0.05 power_one_sided 0.051 power_two_sided 0.037 kurtosis 0.037 spec_cnn 0.062  (17s)
    JSR  -13.0 dB  BER 7.81e-03  P(det)@0.05 power_one_sided 0.041 power_two_sided 0.035 kurtosis 0.045 spec_cnn 0.053  (18s)
    JSR  -12.0 dB  BER 1.56e-02  P(det)@0.05 power_one_sided 0.043 power_two_sided 0.051 kurtosis 0.062 spec_cnn 0.051  (18s)
    JSR  -11.0 dB  BER 1.56e-02  P(det)@0.05 power_one_sided 0.047 power_two_sided 0.047 kurtosis 0.047 spec_cnn 0.059  (19s)
    JSR  -10.0 dB  BER 2.34e-02  P(det)@0.05 power_one_sided 0.045 power_two_sided 0.049 kurtosis 0.062 spec_cnn 0.047  (19s)
    JSR   -9.0 dB  BER 3.12e-02  P(det)@0.05 power_one_sided 0.049 power_two_sided 0.039 kurtosis 0.061 spec_cnn 0.041  (19s)
    JSR   -8.0 dB  BER 3.91e-02  P(det)@0.05 power_one_sided 0.045 power_two_sided 0.045 kurtosis 0.043 spec_cnn 0.055  (20s)
    JSR   -7.0 dB  BER 4.69e-02  P(det)@0.05 power_one_sided 0.033 power_two_sided 0.035 kurtosis 0.033 spec_cnn 0.041  (20s)
    JSR   -6.0 dB  BER 6.25e-02  P(det)@0.05 power_one_sided 0.045 power_two_sided 0.049 kurtosis 0.064 spec_cnn 0.039  (21s)
    JSR   -5.0 dB  BER 7.81e-02  P(det)@0.05 power_one_sided 0.049 power_two_sided 0.051 kurtosis 0.061 spec_cnn 0.041  (21s)
    JSR   -4.0 dB  BER 9.38e-02  P(det)@0.05 power_one_sided 0.035 power_two_sided 0.053 kurtosis 0.061 spec_cnn 0.033  (22s)
    JSR   -3.0 dB  BER 1.25e-01  P(det)@0.05 power_one_sided 0.045 power_two_sided 0.037 kurtosis 0.051 spec_cnn 0.043  (22s)
    JSR   -2.0 dB  BER 1.56e-01  P(det)@0.05 power_one_sided 0.029 power_two_sided 0.039 kurtosis 0.055 spec_cnn 0.043  (23s)
    JSR   -1.0 dB  BER 1.95e-01  P(det)@0.05 power_one_sided 0.037 power_two_sided 0.027 kurtosis 0.068 spec_cnn 0.049  (23s)
    JSR   +0.0 dB  BER 2.50e-01  P(det)@0.05 power_one_sided 0.066 power_two_sided 0.059 kurtosis 0.041 spec_cnn 0.053  (24s)
    JSR   +1.0 dB  BER 3.12e-01  P(det)@0.05 power_one_sided 0.051 power_two_sided 0.045 kurtosis 0.047 spec_cnn 0.043  (24s)
    JSR   +2.0 dB  BER 3.91e-01  P(det)@0.05 power_one_sided 0.055 power_two_sided 0.062 kurtosis 0.049 spec_cnn 0.064  (25s)
    JSR   +3.0 dB  BER 4.92e-01  P(det)@0.05 power_one_sided 0.045 power_two_sided 0.037 kurtosis 0.033 spec_cnn 0.039  (25s)
    JSR   +4.0 dB  BER 6.25e-01  P(det)@0.05 power_one_sided 0.039 power_two_sided 0.051 kurtosis 0.049 spec_cnn 0.059  (26s)
    JSR   +5.0 dB  BER 7.89e-01  P(det)@0.05 power_one_sided 0.061 power_two_sided 0.061 kurtosis 0.053 spec_cnn 0.043  (26s)
    JSR   +6.0 dB  BER 9.92e-01  P(det)@0.05 power_one_sided 0.051 power_two_sided 0.059 kurtosis 0.055 spec_cnn 0.035  (26s)
    JSR   +7.0 dB  BER 1.00e+00  P(det)@0.05 power_one_sided 0.062 power_two_sided 0.049 kurtosis 0.057 spec_cnn 0.059  (27s)
    JSR   +8.0 dB  BER 1.00e+00  P(det)@0.05 power_one_sided 0.051 power_two_sided 0.062 kurtosis 0.057 spec_cnn 0.066  (27s)
    JSR   +9.0 dB  BER 1.00e+00  P(det)@0.05 power_one_sided 0.070 power_two_sided 0.062 kurtosis 0.055 spec_cnn 0.035  (28s)
    JSR  +10.0 dB  BER 1.00e+00  P(det)@0.05 power_one_sided 0.076 power_two_sided 0.051 kurtosis 0.033 spec_cnn 0.037  (28s)
    JSR  +11.0 dB  BER 1.00e+00  P(det)@0.05 power_one_sided 0.043 power_two_sided 0.047 kurtosis 0.064 spec_cnn 0.061  (29s)
    JSR  +12.0 dB  BER 1.00e+00  P(det)@0.05 power_one_sided 0.043 power_two_sided 0.041 kurtosis 0.041 spec_cnn 0.047  (29s)
    JSR  +13.0 dB  BER 1.00e+00  P(det)@0.05 power_one_sided 0.049 power_two_sided 0.055 kurtosis 0.039 spec_cnn 0.037  (30s)
    JSR  +14.0 dB  BER 1.00e+00  P(det)@0.05 power_one_sided 0.053 power_two_sided 0.059 kurtosis 0.033 spec_cnn 0.037  (30s)
    JSR  +15.0 dB  BER 1.00e+00  P(det)@0.05 power_one_sided 0.041 power_two_sided 0.045 kurtosis 0.039 spec_cnn 0.043  (31s)
  [snr_10] omniscient_e1 confirmed: {"power_one_sided": {"0.01": {"index": 57, "sweep_ber": 1.0, "sweep_pdet": 0.015625, "confirmed_ber": 1.0, "confirmed_ser": 1.0, "confirmed_pdet": 0.009765625, "passed": true}, "0.05": {"index": 57, "sweep_ber": 1.0, "sweep_pdet": 0.0625, "confirmed_ber": 1.0, "confirmed_ser": 1.0, "confirmed_pdet": 0.044921875, "passed": true}}, "power_two_sided": {"0.01": {"index": 57, "sweep_ber": 1.0, "sweep_pdet": 0.009765625, "confirmed_ber": 1.0, "confirmed_ser": 1.0, "confirmed_pdet": 0.0107421875, "passed": true}, "0.05": {"index": 57, "sweep_ber": 1.0, "sweep_pdet": 0.048828125, "confirmed_ber": 1.0, "confirmed_ser": 1.0, "confirmed_pdet": 0.050537109375, "passed": true}}, "kurtosis": {"0.01": {"index": 57, "sweep_ber": 1.0, "sweep_pdet": 0.005859375, "confirmed_ber": 1.0, "confirmed_ser": 1.0, "confirmed_pdet": 0.009033203125, "passed": true}, "0.05": {"index": 57, "sweep_ber": 1.0, "sweep_pdet": 0.056640625, "confirmed_ber": 1.0, "confirmed_ser": 1.0, "confirmed_pdet": 0.053955078125, "passed": true}}, "spec_cnn": {"0.01": {"index": 58, "sweep_ber": 1.0, "sweep_pdet": 0.013671875, "confirmed_ber": 1.0, "confirmed_ser": 1.0, "confirmed_pdet": 0.010986328125, "passed": true}, "0.05": {"index": 57, "sweep_ber": 1.0, "sweep_pdet": 0.05859375, "confirmed_ber": 1.0, "confirmed_ser": 1.0, "confirmed_pdet": 0.04736328125, "passed": true}}}  (428s)
  [snr_10] generator plain_run001 (scale 0.4022)
    JSR  -50.0 dB  BER 0.00e+00  P(det)@0.05 power_one_sided 0.055 power_two_sided 0.043 kurtosis 0.051 spec_cnn 0.033  (0s)
    JSR  -49.0 dB  BER 0.00e+00  P(det)@0.05 power_one_sided 0.055 power_two_sided 0.055 kurtosis 0.061 spec_cnn 0.047  (1s)
    JSR  -48.0 dB  BER 0.00e+00  P(det)@0.05 power_one_sided 0.049 power_two_sided 0.053 kurtosis 0.043 spec_cnn 0.051  (1s)
    JSR  -47.0 dB  BER 0.00e+00  P(det)@0.05 power_one_sided 0.029 power_two_sided 0.035 kurtosis 0.049 spec_cnn 0.049  (2s)
    JSR  -46.0 dB  BER 0.00e+00  P(det)@0.05 power_one_sided 0.047 power_two_sided 0.043 kurtosis 0.047 spec_cnn 0.055  (2s)
    JSR  -45.0 dB  BER 0.00e+00  P(det)@0.05 power_one_sided 0.070 power_two_sided 0.051 kurtosis 0.045 spec_cnn 0.045  (3s)
    JSR  -44.0 dB  BER 0.00e+00  P(det)@0.05 power_one_sided 0.057 power_two_sided 0.043 kurtosis 0.059 spec_cnn 0.049  (3s)
    JSR  -43.0 dB  BER 0.00e+00  P(det)@0.05 power_one_sided 0.049 power_two_sided 0.047 kurtosis 0.061 spec_cnn 0.037  (4s)
    JSR  -42.0 dB  BER 0.00e+00  P(det)@0.05 power_one_sided 0.047 power_two_sided 0.039 kurtosis 0.057 spec_cnn 0.031  (4s)
    JSR  -41.0 dB  BER 0.00e+00  P(det)@0.05 power_one_sided 0.062 power_two_sided 0.055 kurtosis 0.061 spec_cnn 0.070  (5s)
    JSR  -40.0 dB  BER 0.00e+00  P(det)@0.05 power_one_sided 0.045 power_two_sided 0.049 kurtosis 0.045 spec_cnn 0.057  (5s)
    JSR  -39.0 dB  BER 0.00e+00  P(det)@0.05 power_one_sided 0.064 power_two_sided 0.068 kurtosis 0.039 spec_cnn 0.062  (6s)
    JSR  -38.0 dB  BER 0.00e+00  P(det)@0.05 power_one_sided 0.047 power_two_sided 0.047 kurtosis 0.053 spec_cnn 0.039  (6s)
    JSR  -37.0 dB  BER 0.00e+00  P(det)@0.05 power_one_sided 0.053 power_two_sided 0.043 kurtosis 0.053 spec_cnn 0.057  (7s)
    JSR  -36.0 dB  BER 0.00e+00  P(det)@0.05 power_one_sided 0.059 power_two_sided 0.070 kurtosis 0.076 spec_cnn 0.049  (7s)
    JSR  -35.0 dB  BER 0.00e+00  P(det)@0.05 power_one_sided 0.055 power_two_sided 0.061 kurtosis 0.045 spec_cnn 0.047  (8s)
    JSR  -34.0 dB  BER 0.00e+00  P(det)@0.05 power_one_sided 0.055 power_two_sided 0.039 kurtosis 0.049 spec_cnn 0.059  (8s)
    JSR  -33.0 dB  BER 0.00e+00  P(det)@0.05 power_one_sided 0.062 power_two_sided 0.057 kurtosis 0.031 spec_cnn 0.053  (9s)
    JSR  -32.0 dB  BER 0.00e+00  P(det)@0.05 power_one_sided 0.037 power_two_sided 0.035 kurtosis 0.053 spec_cnn 0.041  (9s)
    JSR  -31.0 dB  BER 0.00e+00  P(det)@0.05 power_one_sided 0.066 power_two_sided 0.076 kurtosis 0.045 spec_cnn 0.035  (9s)
    JSR  -30.0 dB  BER 0.00e+00  P(det)@0.05 power_one_sided 0.057 power_two_sided 0.051 kurtosis 0.055 spec_cnn 0.061  (10s)
    JSR  -29.0 dB  BER 0.00e+00  P(det)@0.05 power_one_sided 0.049 power_two_sided 0.064 kurtosis 0.061 spec_cnn 0.055  (10s)
    JSR  -28.0 dB  BER 0.00e+00  P(det)@0.05 power_one_sided 0.096 power_two_sided 0.068 kurtosis 0.059 spec_cnn 0.053  (11s)
    JSR  -27.0 dB  BER 0.00e+00  P(det)@0.05 power_one_sided 0.096 power_two_sided 0.092 kurtosis 0.062 spec_cnn 0.045  (11s)
    JSR  -26.0 dB  BER 0.00e+00  P(det)@0.05 power_one_sided 0.104 power_two_sided 0.057 kurtosis 0.057 spec_cnn 0.061  (12s)
    JSR  -25.0 dB  BER 0.00e+00  P(det)@0.05 power_one_sided 0.100 power_two_sided 0.076 kurtosis 0.055 spec_cnn 0.059  (12s)
    JSR  -24.0 dB  BER 0.00e+00  P(det)@0.05 power_one_sided 0.139 power_two_sided 0.121 kurtosis 0.045 spec_cnn 0.064  (13s)
    JSR  -23.0 dB  BER 0.00e+00  P(det)@0.05 power_one_sided 0.123 power_two_sided 0.088 kurtosis 0.064 spec_cnn 0.061  (13s)
    JSR  -22.0 dB  BER 0.00e+00  P(det)@0.05 power_one_sided 0.170 power_two_sided 0.123 kurtosis 0.053 spec_cnn 0.057  (14s)
    JSR  -21.0 dB  BER 0.00e+00  P(det)@0.05 power_one_sided 0.232 power_two_sided 0.158 kurtosis 0.070 spec_cnn 0.105  (14s)
    JSR  -20.0 dB  BER 0.00e+00  P(det)@0.05 power_one_sided 0.262 power_two_sided 0.197 kurtosis 0.064 spec_cnn 0.080  (15s)
    JSR  -19.0 dB  BER 0.00e+00  P(det)@0.05 power_one_sided 0.348 power_two_sided 0.264 kurtosis 0.092 spec_cnn 0.125  (15s)
    JSR  -18.0 dB  BER 0.00e+00  P(det)@0.05 power_one_sided 0.385 power_two_sided 0.314 kurtosis 0.084 spec_cnn 0.145  (16s)
    JSR  -17.0 dB  BER 0.00e+00  P(det)@0.05 power_one_sided 0.535 power_two_sided 0.469 kurtosis 0.113 spec_cnn 0.172  (16s)
    JSR  -16.0 dB  BER 0.00e+00  P(det)@0.05 power_one_sided 0.576 power_two_sided 0.516 kurtosis 0.154 spec_cnn 0.205  (17s)
    JSR  -15.0 dB  BER 0.00e+00  P(det)@0.05 power_one_sided 0.756 power_two_sided 0.684 kurtosis 0.174 spec_cnn 0.232  (17s)
    JSR  -14.0 dB  BER 0.00e+00  P(det)@0.05 power_one_sided 0.820 power_two_sided 0.785 kurtosis 0.234 spec_cnn 0.289  (18s)
    JSR  -13.0 dB  BER 0.00e+00  P(det)@0.05 power_one_sided 0.885 power_two_sided 0.865 kurtosis 0.314 spec_cnn 0.334  (18s)
    JSR  -12.0 dB  BER 7.63e-06  P(det)@0.05 power_one_sided 0.959 power_two_sided 0.945 kurtosis 0.510 spec_cnn 0.383  (19s)
    JSR  -11.0 dB  BER 1.53e-05  P(det)@0.05 power_one_sided 0.982 power_two_sided 0.979 kurtosis 0.592 spec_cnn 0.430  (19s)
    JSR  -10.0 dB  BER 9.92e-05  P(det)@0.05 power_one_sided 0.996 power_two_sided 0.996 kurtosis 0.750 spec_cnn 0.520  (20s)
    JSR   -9.0 dB  BER 3.59e-04  P(det)@0.05 power_one_sided 0.998 power_two_sided 0.998 kurtosis 0.832 spec_cnn 0.602  (20s)
    JSR   -8.0 dB  BER 1.15e-03  P(det)@0.05 power_one_sided 1.000 power_two_sided 1.000 kurtosis 0.912 spec_cnn 0.688  (21s)
    JSR   -7.0 dB  BER 3.43e-03  P(det)@0.05 power_one_sided 1.000 power_two_sided 1.000 kurtosis 0.934 spec_cnn 0.812  (21s)
    JSR   -6.0 dB  BER 8.32e-03  P(det)@0.05 power_one_sided 1.000 power_two_sided 1.000 kurtosis 0.977 spec_cnn 0.812  (22s)
    JSR   -5.0 dB  BER 1.90e-02  P(det)@0.05 power_one_sided 1.000 power_two_sided 1.000 kurtosis 0.990 spec_cnn 0.861  (22s)
    JSR   -4.0 dB  BER 3.70e-02  P(det)@0.05 power_one_sided 1.000 power_two_sided 1.000 kurtosis 0.990 spec_cnn 0.943  (23s)
    JSR   -3.0 dB  BER 6.29e-02  P(det)@0.05 power_one_sided 1.000 power_two_sided 1.000 kurtosis 0.986 spec_cnn 0.975  (23s)
    JSR   -2.0 dB  BER 9.56e-02  P(det)@0.05 power_one_sided 1.000 power_two_sided 1.000 kurtosis 0.992 spec_cnn 0.982  (24s)
    JSR   -1.0 dB  BER 1.28e-01  P(det)@0.05 power_one_sided 1.000 power_two_sided 1.000 kurtosis 0.996 spec_cnn 0.996  (24s)
    JSR   +0.0 dB  BER 1.57e-01  P(det)@0.05 power_one_sided 1.000 power_two_sided 1.000 kurtosis 0.992 spec_cnn 0.998  (25s)
    JSR   +1.0 dB  BER 1.93e-01  P(det)@0.05 power_one_sided 1.000 power_two_sided 1.000 kurtosis 0.986 spec_cnn 1.000  (25s)
    JSR   +2.0 dB  BER 2.24e-01  P(det)@0.05 power_one_sided 1.000 power_two_sided 1.000 kurtosis 0.955 spec_cnn 1.000  (26s)
    JSR   +3.0 dB  BER 2.50e-01  P(det)@0.05 power_one_sided 1.000 power_two_sided 1.000 kurtosis 0.939 spec_cnn 1.000  (26s)
    JSR   +4.0 dB  BER 2.76e-01  P(det)@0.05 power_one_sided 1.000 power_two_sided 1.000 kurtosis 0.891 spec_cnn 1.000  (26s)
    JSR   +5.0 dB  BER 3.00e-01  P(det)@0.05 power_one_sided 1.000 power_two_sided 1.000 kurtosis 0.809 spec_cnn 1.000  (27s)
    JSR   +6.0 dB  BER 3.14e-01  P(det)@0.05 power_one_sided 1.000 power_two_sided 1.000 kurtosis 0.723 spec_cnn 1.000  (27s)
    JSR   +7.0 dB  BER 3.33e-01  P(det)@0.05 power_one_sided 1.000 power_two_sided 1.000 kurtosis 0.590 spec_cnn 1.000  (28s)
    JSR   +8.0 dB  BER 3.50e-01  P(det)@0.05 power_one_sided 1.000 power_two_sided 1.000 kurtosis 0.545 spec_cnn 1.000  (28s)
    JSR   +9.0 dB  BER 3.72e-01  P(det)@0.05 power_one_sided 1.000 power_two_sided 1.000 kurtosis 0.572 spec_cnn 1.000  (29s)
    JSR  +10.0 dB  BER 3.82e-01  P(det)@0.05 power_one_sided 1.000 power_two_sided 1.000 kurtosis 0.547 spec_cnn 1.000  (29s)
    JSR  +11.0 dB  BER 3.96e-01  P(det)@0.05 power_one_sided 1.000 power_two_sided 1.000 kurtosis 0.592 spec_cnn 1.000  (30s)
    JSR  +12.0 dB  BER 4.03e-01  P(det)@0.05 power_one_sided 1.000 power_two_sided 1.000 kurtosis 0.594 spec_cnn 1.000  (30s)
    JSR  +13.0 dB  BER 4.15e-01  P(det)@0.05 power_one_sided 1.000 power_two_sided 1.000 kurtosis 0.654 spec_cnn 1.000  (31s)
    JSR  +14.0 dB  BER 4.26e-01  P(det)@0.05 power_one_sided 1.000 power_two_sided 1.000 kurtosis 0.680 spec_cnn 1.000  (31s)
    JSR  +15.0 dB  BER 4.35e-01  P(det)@0.05 power_one_sided 1.000 power_two_sided 1.000 kurtosis 0.686 spec_cnn 1.000  (32s)
  [snr_10] plain_run001 confirmed: {"power_one_sided": {"0.01": {"index": 0, "sweep_ber": 0.0, "sweep_pdet": 0.013671875, "confirmed_ber": 0.0, "confirmed_ser": 0.0, "confirmed_pdet": 0.010009765625, "passed": true}, "0.05": {"index": 0, "sweep_ber": 0.0, "sweep_pdet": 0.0546875, "confirmed_ber": 0.0, "confirmed_ser": 0.0, "confirmed_pdet": 0.047607421875, "passed": true}}, "power_two_sided": {"0.01": {"index": 0, "sweep_ber": 0.0, "sweep_pdet": 0.013671875, "confirmed_ber": 0.0, "confirmed_ser": 0.0, "confirmed_pdet": 0.010986328125, "passed": true}, "0.05": {"index": 0, "sweep_ber": 0.0, "sweep_pdet": 0.04296875, "confirmed_ber": 0.0, "confirmed_ser": 0.0, "confirmed_pdet": 0.052734375, "passed": true}}, "kurtosis": {"0.01": {"index": 0, "sweep_ber": 0.0, "sweep_pdet": 0.00390625, "confirmed_ber": 0.0, "confirmed_ser": 0.0, "confirmed_pdet": 0.010498046875, "passed": true}, "0.05": {"index": 0, "sweep_ber": 0.0, "sweep_pdet": 0.05078125, "confirmed_ber": 0.0, "confirmed_ser": 0.0, "confirmed_pdet": 0.05517578125, "passed": true}}, "spec_cnn": {"0.01": {"index": 0, "sweep_ber": 0.0, "sweep_pdet": 0.005859375, "confirmed_ber": 0.0, "confirmed_ser": 0.0, "confirmed_pdet": 0.009521484375, "passed": true}, "0.05": {"index": 0, "sweep_ber": 0.0, "sweep_pdet": 0.033203125, "confirmed_ber": 0.0, "confirmed_ser": 0.0, "confirmed_pdet": 0.053466796875, "passed": true}}}  (492s)
  [snr_10] generator eff (scale 0.4022)
  JSR  -50.0 dB  BER 0.00e+00  P(det)@0.05 power_one_sided 0.039 power_two_sided 0.055 kurtosis 0.047 spec_cnn 0.047  (0s)
  JSR  -49.0 dB  BER 0.00e+00  P(det)@0.05 power_one_sided 0.053 power_two_sided 0.057 kurtosis 0.031 spec_cnn 0.057  (1s)
  JSR  -48.0 dB  BER 0.00e+00  P(det)@0.05 power_one_sided 0.049 power_two_sided 0.037 kurtosis 0.049 spec_cnn 0.061  (1s)
  JSR  -47.0 dB  BER 0.00e+00  P(det)@0.05 power_one_sided 0.037 power_two_sided 0.049 kurtosis 0.041 spec_cnn 0.059  (2s)
  JSR  -46.0 dB  BER 0.00e+00  P(det)@0.05 power_one_sided 0.033 power_two_sided 0.047 kurtosis 0.049 spec_cnn 0.039  (2s)
  JSR  -45.0 dB  BER 0.00e+00  P(det)@0.05 power_one_sided 0.047 power_two_sided 0.061 kurtosis 0.070 spec_cnn 0.057  (3s)
  JSR  -44.0 dB  BER 0.00e+00  P(det)@0.05 power_one_sided 0.041 power_two_sided 0.041 kurtosis 0.047 spec_cnn 0.051  (3s)
  JSR  -43.0 dB  BER 0.00e+00  P(det)@0.05 power_one_sided 0.027 power_two_sided 0.035 kurtosis 0.037 spec_cnn 0.043  (4s)
  JSR  -42.0 dB  BER 0.00e+00  P(det)@0.05 power_one_sided 0.045 power_two_sided 0.043 kurtosis 0.055 spec_cnn 0.055  (4s)
  JSR  -41.0 dB  BER 0.00e+00  P(det)@0.05 power_one_sided 0.055 power_two_sided 0.053 kurtosis 0.066 spec_cnn 0.078  (5s)
  JSR  -40.0 dB  BER 0.00e+00  P(det)@0.05 power_one_sided 0.062 power_two_sided 0.049 kurtosis 0.059 spec_cnn 0.049  (5s)
  JSR  -39.0 dB  BER 0.00e+00  P(det)@0.05 power_one_sided 0.041 power_two_sided 0.055 kurtosis 0.041 spec_cnn 0.059  (6s)
  JSR  -38.0 dB  BER 0.00e+00  P(det)@0.05 power_one_sided 0.068 power_two_sided 0.070 kurtosis 0.035 spec_cnn 0.055  (6s)
  JSR  -37.0 dB  BER 0.00e+00  P(det)@0.05 power_one_sided 0.051 power_two_sided 0.055 kurtosis 0.051 spec_cnn 0.059  (7s)
  JSR  -36.0 dB  BER 0.00e+00  P(det)@0.05 power_one_sided 0.051 power_two_sided 0.047 kurtosis 0.057 spec_cnn 0.061  (7s)
  JSR  -35.0 dB  BER 0.00e+00  P(det)@0.05 power_one_sided 0.053 power_two_sided 0.045 kurtosis 0.061 spec_cnn 0.049  (8s)
  JSR  -34.0 dB  BER 0.00e+00  P(det)@0.05 power_one_sided 0.057 power_two_sided 0.047 kurtosis 0.039 spec_cnn 0.072  (8s)
  JSR  -33.0 dB  BER 0.00e+00  P(det)@0.05 power_one_sided 0.059 power_two_sided 0.074 kurtosis 0.057 spec_cnn 0.057  (9s)
  JSR  -32.0 dB  BER 0.00e+00  P(det)@0.05 power_one_sided 0.066 power_two_sided 0.062 kurtosis 0.047 spec_cnn 0.049  (9s)
  JSR  -31.0 dB  BER 0.00e+00  P(det)@0.05 power_one_sided 0.055 power_two_sided 0.057 kurtosis 0.049 spec_cnn 0.041  (10s)
  JSR  -30.0 dB  BER 0.00e+00  P(det)@0.05 power_one_sided 0.076 power_two_sided 0.068 kurtosis 0.049 spec_cnn 0.047  (10s)
  JSR  -29.0 dB  BER 0.00e+00  P(det)@0.05 power_one_sided 0.076 power_two_sided 0.078 kurtosis 0.061 spec_cnn 0.064  (11s)
  JSR  -28.0 dB  BER 0.00e+00  P(det)@0.05 power_one_sided 0.072 power_two_sided 0.068 kurtosis 0.053 spec_cnn 0.066  (11s)
  JSR  -27.0 dB  BER 0.00e+00  P(det)@0.05 power_one_sided 0.105 power_two_sided 0.080 kurtosis 0.061 spec_cnn 0.066  (12s)
  JSR  -26.0 dB  BER 0.00e+00  P(det)@0.05 power_one_sided 0.104 power_two_sided 0.078 kurtosis 0.037 spec_cnn 0.068  (12s)
  JSR  -25.0 dB  BER 0.00e+00  P(det)@0.05 power_one_sided 0.102 power_two_sided 0.066 kurtosis 0.053 spec_cnn 0.053  (13s)
  JSR  -24.0 dB  BER 0.00e+00  P(det)@0.05 power_one_sided 0.111 power_two_sided 0.072 kurtosis 0.062 spec_cnn 0.066  (13s)
  JSR  -23.0 dB  BER 0.00e+00  P(det)@0.05 power_one_sided 0.203 power_two_sided 0.129 kurtosis 0.049 spec_cnn 0.082  (14s)
  JSR  -22.0 dB  BER 1.53e-05  P(det)@0.05 power_one_sided 0.219 power_two_sided 0.148 kurtosis 0.035 spec_cnn 0.068  (14s)
  JSR  -21.0 dB  BER 7.63e-05  P(det)@0.05 power_one_sided 0.230 power_two_sided 0.199 kurtosis 0.062 spec_cnn 0.076  (15s)
  JSR  -20.0 dB  BER 1.83e-04  P(det)@0.05 power_one_sided 0.299 power_two_sided 0.219 kurtosis 0.076 spec_cnn 0.098  (15s)
  JSR  -19.0 dB  BER 4.50e-04  P(det)@0.05 power_one_sided 0.398 power_two_sided 0.320 kurtosis 0.053 spec_cnn 0.098  (16s)
  JSR  -18.0 dB  BER 7.78e-04  P(det)@0.05 power_one_sided 0.506 power_two_sided 0.422 kurtosis 0.072 spec_cnn 0.100  (16s)
  JSR  -17.0 dB  BER 1.14e-03  P(det)@0.05 power_one_sided 0.588 power_two_sided 0.514 kurtosis 0.150 spec_cnn 0.135  (16s)
  JSR  -16.0 dB  BER 1.69e-03  P(det)@0.05 power_one_sided 0.719 power_two_sided 0.662 kurtosis 0.160 spec_cnn 0.166  (17s)
  JSR  -15.0 dB  BER 1.94e-03  P(det)@0.05 power_one_sided 0.809 power_two_sided 0.754 kurtosis 0.270 spec_cnn 0.164  (17s)
  JSR  -14.0 dB  BER 2.23e-03  P(det)@0.05 power_one_sided 0.912 power_two_sided 0.881 kurtosis 0.398 spec_cnn 0.201  (18s)
  JSR  -13.0 dB  BER 2.63e-03  P(det)@0.05 power_one_sided 0.947 power_two_sided 0.934 kurtosis 0.500 spec_cnn 0.299  (18s)
  JSR  -12.0 dB  BER 3.20e-03  P(det)@0.05 power_one_sided 0.986 power_two_sided 0.980 kurtosis 0.670 spec_cnn 0.314  (19s)
  JSR  -11.0 dB  BER 3.56e-03  P(det)@0.05 power_one_sided 0.996 power_two_sided 0.996 kurtosis 0.779 spec_cnn 0.348  (19s)
  JSR  -10.0 dB  BER 3.97e-03  P(det)@0.05 power_one_sided 0.998 power_two_sided 0.996 kurtosis 0.900 spec_cnn 0.459  (20s)
  JSR   -9.0 dB  BER 4.04e-03  P(det)@0.05 power_one_sided 1.000 power_two_sided 1.000 kurtosis 0.984 spec_cnn 0.564  (20s)
  JSR   -8.0 dB  BER 4.96e-03  P(det)@0.05 power_one_sided 1.000 power_two_sided 1.000 kurtosis 0.996 spec_cnn 0.629  (21s)
  JSR   -7.0 dB  BER 6.31e-03  P(det)@0.05 power_one_sided 1.000 power_two_sided 1.000 kurtosis 0.998 spec_cnn 0.744  (21s)
  JSR   -6.0 dB  BER 1.02e-02  P(det)@0.05 power_one_sided 1.000 power_two_sided 1.000 kurtosis 1.000 spec_cnn 0.834  (22s)
  JSR   -5.0 dB  BER 1.49e-02  P(det)@0.05 power_one_sided 1.000 power_two_sided 1.000 kurtosis 1.000 spec_cnn 0.912  (22s)
  JSR   -4.0 dB  BER 2.23e-02  P(det)@0.05 power_one_sided 1.000 power_two_sided 1.000 kurtosis 1.000 spec_cnn 0.957  (23s)
  JSR   -3.0 dB  BER 3.42e-02  P(det)@0.05 power_one_sided 1.000 power_two_sided 1.000 kurtosis 1.000 spec_cnn 0.988  (23s)
  JSR   -2.0 dB  BER 4.99e-02  P(det)@0.05 power_one_sided 1.000 power_two_sided 1.000 kurtosis 1.000 spec_cnn 0.998  (24s)
  JSR   -1.0 dB  BER 6.82e-02  P(det)@0.05 power_one_sided 1.000 power_two_sided 1.000 kurtosis 1.000 spec_cnn 0.998  (24s)
  JSR   +0.0 dB  BER 9.29e-02  P(det)@0.05 power_one_sided 1.000 power_two_sided 1.000 kurtosis 1.000 spec_cnn 1.000  (25s)
  JSR   +1.0 dB  BER 1.17e-01  P(det)@0.05 power_one_sided 1.000 power_two_sided 1.000 kurtosis 1.000 spec_cnn 1.000  (25s)
  JSR   +2.0 dB  BER 1.43e-01  P(det)@0.05 power_one_sided 1.000 power_two_sided 1.000 kurtosis 1.000 spec_cnn 1.000  (26s)
  JSR   +3.0 dB  BER 1.72e-01  P(det)@0.05 power_one_sided 1.000 power_two_sided 1.000 kurtosis 1.000 spec_cnn 1.000  (26s)
  JSR   +4.0 dB  BER 2.00e-01  P(det)@0.05 power_one_sided 1.000 power_two_sided 1.000 kurtosis 1.000 spec_cnn 1.000  (27s)
  JSR   +5.0 dB  BER 2.23e-01  P(det)@0.05 power_one_sided 1.000 power_two_sided 1.000 kurtosis 1.000 spec_cnn 1.000  (27s)
  JSR   +6.0 dB  BER 2.44e-01  P(det)@0.05 power_one_sided 1.000 power_two_sided 1.000 kurtosis 1.000 spec_cnn 1.000  (28s)
  JSR   +7.0 dB  BER 2.68e-01  P(det)@0.05 power_one_sided 1.000 power_two_sided 1.000 kurtosis 1.000 spec_cnn 1.000  (28s)
  JSR   +8.0 dB  BER 2.89e-01  P(det)@0.05 power_one_sided 1.000 power_two_sided 1.000 kurtosis 1.000 spec_cnn 1.000  (29s)
  JSR   +9.0 dB  BER 3.13e-01  P(det)@0.05 power_one_sided 1.000 power_two_sided 1.000 kurtosis 1.000 spec_cnn 1.000  (29s)
  JSR  +10.0 dB  BER 3.31e-01  P(det)@0.05 power_one_sided 1.000 power_two_sided 1.000 kurtosis 1.000 spec_cnn 1.000  (30s)
  JSR  +11.0 dB  BER 3.48e-01  P(det)@0.05 power_one_sided 1.000 power_two_sided 1.000 kurtosis 1.000 spec_cnn 1.000  (30s)
  JSR  +12.0 dB  BER 3.63e-01  P(det)@0.05 power_one_sided 1.000 power_two_sided 1.000 kurtosis 1.000 spec_cnn 1.000  (31s)
  JSR  +13.0 dB  BER 3.80e-01  P(det)@0.05 power_one_sided 1.000 power_two_sided 1.000 kurtosis 1.000 spec_cnn 1.000  (31s)
  JSR  +14.0 dB  BER 3.90e-01  P(det)@0.05 power_one_sided 1.000 power_two_sided 1.000 kurtosis 1.000 spec_cnn 1.000  (32s)
  JSR  +15.0 dB  BER 4.05e-01  P(det)@0.05 power_one_sided 1.000 power_two_sided 1.000 kurtosis 1.000 spec_cnn 1.000  (32s)
  [snr_10] eff confirmed: {"power_one_sided": {"0.01": {"index": 0, "sweep_ber": 0.0, "sweep_pdet": 0.00390625, "confirmed_ber": 0.0, "confirmed_ser": 0.0, "confirmed_pdet": 0.009765625, "passed": true}, "0.05": {"index": 0, "sweep_ber": 0.0, "sweep_pdet": 0.0390625, "confirmed_ber": 0.0, "confirmed_ser": 0.0, "confirmed_pdet": 0.048583984375, "passed": true}}, "power_two_sided": {"0.01": {"index": 0, "sweep_ber": 0.0, "sweep_pdet": 0.0078125, "confirmed_ber": 0.0, "confirmed_ser": 0.0, "confirmed_pdet": 0.01123046875, "passed": true}, "0.05": {"index": 0, "sweep_ber": 0.0, "sweep_pdet": 0.0546875, "confirmed_ber": 0.0, "confirmed_ser": 0.0, "confirmed_pdet": 0.05322265625, "passed": true}}, "kurtosis": {"0.01": {"index": 31, "sweep_ber": 0.00045013427734375, "sweep_pdet": 0.017578125, "confirmed_ber": 0.000469207763671875, "confirmed_ser": 0.000934600830078125, "confirmed_pdet": 0.0224609375, "passed": false}, "0.05": {"index": 31, "sweep_ber": 0.00045013427734375, "sweep_pdet": 0.052734375, "confirmed_ber": 0.00046825408935546875, "confirmed_ser": 0.0009365081787109375, "confirmed_pdet": 0.076416015625, "passed": false}}, "spec_cnn": {"0.01": {"index": 31, "sweep_ber": 0.00045013427734375, "sweep_pdet": 0.013671875, "confirmed_ber": 0.0004405975341796875, "confirmed_ser": 0.0008792877197265625, "confirmed_pdet": 0.0263671875, "passed": false}, "0.05": {"index": 28, "sweep_ber": 1.52587890625e-05, "sweep_pdet": 0.068359375, "confirmed_ber": 2.384185791015625e-05, "confirmed_ser": 4.76837158203125e-05, "confirmed_pdet": 0.072509765625, "passed": false}}}  (556s)
  [snr_10] generator power_one_sided_b1 (scale 0.4022)
  JSR  -50.0 dB  BER 0.00e+00  P(det)@0.05 power_one_sided 0.039 power_two_sided 0.055 kurtosis 0.049 spec_cnn 0.055  (0s)
  JSR  -49.0 dB  BER 0.00e+00  P(det)@0.05 power_one_sided 0.064 power_two_sided 0.041 kurtosis 0.051 spec_cnn 0.045  (1s)
  JSR  -48.0 dB  BER 0.00e+00  P(det)@0.05 power_one_sided 0.049 power_two_sided 0.061 kurtosis 0.061 spec_cnn 0.049  (1s)
  JSR  -47.0 dB  BER 0.00e+00  P(det)@0.05 power_one_sided 0.047 power_two_sided 0.051 kurtosis 0.057 spec_cnn 0.055  (2s)
  JSR  -46.0 dB  BER 0.00e+00  P(det)@0.05 power_one_sided 0.070 power_two_sided 0.059 kurtosis 0.061 spec_cnn 0.049  (2s)
  JSR  -45.0 dB  BER 0.00e+00  P(det)@0.05 power_one_sided 0.049 power_two_sided 0.039 kurtosis 0.059 spec_cnn 0.055  (3s)
  JSR  -44.0 dB  BER 0.00e+00  P(det)@0.05 power_one_sided 0.059 power_two_sided 0.059 kurtosis 0.047 spec_cnn 0.045  (3s)
  JSR  -43.0 dB  BER 0.00e+00  P(det)@0.05 power_one_sided 0.049 power_two_sided 0.055 kurtosis 0.057 spec_cnn 0.029  (4s)
  JSR  -42.0 dB  BER 0.00e+00  P(det)@0.05 power_one_sided 0.043 power_two_sided 0.043 kurtosis 0.064 spec_cnn 0.061  (4s)
  JSR  -41.0 dB  BER 0.00e+00  P(det)@0.05 power_one_sided 0.053 power_two_sided 0.062 kurtosis 0.047 spec_cnn 0.043  (5s)
  JSR  -40.0 dB  BER 0.00e+00  P(det)@0.05 power_one_sided 0.064 power_two_sided 0.049 kurtosis 0.051 spec_cnn 0.043  (5s)
  JSR  -39.0 dB  BER 0.00e+00  P(det)@0.05 power_one_sided 0.047 power_two_sided 0.043 kurtosis 0.041 spec_cnn 0.055  (6s)
  JSR  -38.0 dB  BER 0.00e+00  P(det)@0.05 power_one_sided 0.041 power_two_sided 0.045 kurtosis 0.027 spec_cnn 0.053  (6s)
  JSR  -37.0 dB  BER 0.00e+00  P(det)@0.05 power_one_sided 0.047 power_two_sided 0.041 kurtosis 0.055 spec_cnn 0.062  (7s)
  JSR  -36.0 dB  BER 0.00e+00  P(det)@0.05 power_one_sided 0.039 power_two_sided 0.025 kurtosis 0.057 spec_cnn 0.055  (7s)
  JSR  -35.0 dB  BER 0.00e+00  P(det)@0.05 power_one_sided 0.057 power_two_sided 0.061 kurtosis 0.068 spec_cnn 0.074  (8s)
  JSR  -34.0 dB  BER 0.00e+00  P(det)@0.05 power_one_sided 0.055 power_two_sided 0.039 kurtosis 0.062 spec_cnn 0.055  (8s)
  JSR  -33.0 dB  BER 0.00e+00  P(det)@0.05 power_one_sided 0.068 power_two_sided 0.061 kurtosis 0.043 spec_cnn 0.047  (9s)
  JSR  -32.0 dB  BER 0.00e+00  P(det)@0.05 power_one_sided 0.047 power_two_sided 0.043 kurtosis 0.051 spec_cnn 0.039  (9s)
  JSR  -31.0 dB  BER 0.00e+00  P(det)@0.05 power_one_sided 0.064 power_two_sided 0.064 kurtosis 0.053 spec_cnn 0.033  (10s)
  JSR  -30.0 dB  BER 0.00e+00  P(det)@0.05 power_one_sided 0.078 power_two_sided 0.066 kurtosis 0.041 spec_cnn 0.055  (10s)
  JSR  -29.0 dB  BER 0.00e+00  P(det)@0.05 power_one_sided 0.070 power_two_sided 0.068 kurtosis 0.049 spec_cnn 0.057  (11s)
  JSR  -28.0 dB  BER 0.00e+00  P(det)@0.05 power_one_sided 0.090 power_two_sided 0.068 kurtosis 0.053 spec_cnn 0.057  (11s)
  JSR  -27.0 dB  BER 0.00e+00  P(det)@0.05 power_one_sided 0.088 power_two_sided 0.059 kurtosis 0.059 spec_cnn 0.061  (12s)
  JSR  -26.0 dB  BER 0.00e+00  P(det)@0.05 power_one_sided 0.129 power_two_sided 0.104 kurtosis 0.055 spec_cnn 0.043  (12s)
  JSR  -25.0 dB  BER 0.00e+00  P(det)@0.05 power_one_sided 0.139 power_two_sided 0.104 kurtosis 0.055 spec_cnn 0.039  (13s)
  JSR  -24.0 dB  BER 0.00e+00  P(det)@0.05 power_one_sided 0.125 power_two_sided 0.098 kurtosis 0.057 spec_cnn 0.076  (13s)
  JSR  -23.0 dB  BER 7.63e-06  P(det)@0.05 power_one_sided 0.170 power_two_sided 0.113 kurtosis 0.051 spec_cnn 0.072  (14s)
  JSR  -22.0 dB  BER 7.63e-06  P(det)@0.05 power_one_sided 0.211 power_two_sided 0.168 kurtosis 0.047 spec_cnn 0.068  (14s)
  JSR  -21.0 dB  BER 7.63e-05  P(det)@0.05 power_one_sided 0.254 power_two_sided 0.201 kurtosis 0.078 spec_cnn 0.070  (15s)
  JSR  -20.0 dB  BER 3.13e-04  P(det)@0.05 power_one_sided 0.311 power_two_sided 0.240 kurtosis 0.076 spec_cnn 0.078  (15s)
  JSR  -19.0 dB  BER 4.58e-04  P(det)@0.05 power_one_sided 0.373 power_two_sided 0.299 kurtosis 0.080 spec_cnn 0.070  (16s)
  JSR  -18.0 dB  BER 8.93e-04  P(det)@0.05 power_one_sided 0.557 power_two_sided 0.471 kurtosis 0.121 spec_cnn 0.111  (16s)
  JSR  -17.0 dB  BER 1.28e-03  P(det)@0.05 power_one_sided 0.625 power_two_sided 0.557 kurtosis 0.107 spec_cnn 0.102  (17s)
  JSR  -16.0 dB  BER 1.74e-03  P(det)@0.05 power_one_sided 0.713 power_two_sided 0.660 kurtosis 0.209 spec_cnn 0.135  (17s)
  JSR  -15.0 dB  BER 2.08e-03  P(det)@0.05 power_one_sided 0.832 power_two_sided 0.775 kurtosis 0.332 spec_cnn 0.170  (17s)
  JSR  -14.0 dB  BER 2.45e-03  P(det)@0.05 power_one_sided 0.912 power_two_sided 0.893 kurtosis 0.420 spec_cnn 0.227  (18s)
  JSR  -13.0 dB  BER 3.08e-03  P(det)@0.05 power_one_sided 0.973 power_two_sided 0.961 kurtosis 0.520 spec_cnn 0.230  (18s)
  JSR  -12.0 dB  BER 3.50e-03  P(det)@0.05 power_one_sided 0.971 power_two_sided 0.973 kurtosis 0.701 spec_cnn 0.234  (19s)
  JSR  -11.0 dB  BER 3.73e-03  P(det)@0.05 power_one_sided 0.990 power_two_sided 0.986 kurtosis 0.848 spec_cnn 0.312  (19s)
  JSR  -10.0 dB  BER 3.91e-03  P(det)@0.05 power_one_sided 1.000 power_two_sided 1.000 kurtosis 0.939 spec_cnn 0.410  (20s)
  JSR   -9.0 dB  BER 4.68e-03  P(det)@0.05 power_one_sided 1.000 power_two_sided 1.000 kurtosis 0.986 spec_cnn 0.529  (20s)
  JSR   -8.0 dB  BER 5.23e-03  P(det)@0.05 power_one_sided 1.000 power_two_sided 1.000 kurtosis 0.996 spec_cnn 0.586  (21s)
  JSR   -7.0 dB  BER 7.61e-03  P(det)@0.05 power_one_sided 1.000 power_two_sided 1.000 kurtosis 1.000 spec_cnn 0.693  (21s)
  JSR   -6.0 dB  BER 1.01e-02  P(det)@0.05 power_one_sided 1.000 power_two_sided 1.000 kurtosis 1.000 spec_cnn 0.770  (22s)
  JSR   -5.0 dB  BER 1.37e-02  P(det)@0.05 power_one_sided 1.000 power_two_sided 1.000 kurtosis 1.000 spec_cnn 0.887  (22s)
  JSR   -4.0 dB  BER 2.04e-02  P(det)@0.05 power_one_sided 1.000 power_two_sided 1.000 kurtosis 1.000 spec_cnn 0.941  (23s)
  JSR   -3.0 dB  BER 3.19e-02  P(det)@0.05 power_one_sided 1.000 power_two_sided 1.000 kurtosis 1.000 spec_cnn 0.973  (23s)
  JSR   -2.0 dB  BER 4.70e-02  P(det)@0.05 power_one_sided 1.000 power_two_sided 1.000 kurtosis 1.000 spec_cnn 0.996  (24s)
  JSR   -1.0 dB  BER 6.45e-02  P(det)@0.05 power_one_sided 1.000 power_two_sided 1.000 kurtosis 1.000 spec_cnn 1.000  (24s)
  JSR   +0.0 dB  BER 8.80e-02  P(det)@0.05 power_one_sided 1.000 power_two_sided 1.000 kurtosis 1.000 spec_cnn 1.000  (25s)
  JSR   +1.0 dB  BER 1.10e-01  P(det)@0.05 power_one_sided 1.000 power_two_sided 1.000 kurtosis 1.000 spec_cnn 1.000  (25s)
  JSR   +2.0 dB  BER 1.32e-01  P(det)@0.05 power_one_sided 1.000 power_two_sided 1.000 kurtosis 1.000 spec_cnn 1.000  (26s)
  JSR   +3.0 dB  BER 1.59e-01  P(det)@0.05 power_one_sided 1.000 power_two_sided 1.000 kurtosis 1.000 spec_cnn 1.000  (26s)
  JSR   +4.0 dB  BER 1.85e-01  P(det)@0.05 power_one_sided 1.000 power_two_sided 1.000 kurtosis 1.000 spec_cnn 1.000  (27s)
  JSR   +5.0 dB  BER 2.17e-01  P(det)@0.05 power_one_sided 1.000 power_two_sided 1.000 kurtosis 1.000 spec_cnn 1.000  (27s)
  JSR   +6.0 dB  BER 2.38e-01  P(det)@0.05 power_one_sided 1.000 power_two_sided 1.000 kurtosis 1.000 spec_cnn 1.000  (28s)
  JSR   +7.0 dB  BER 2.65e-01  P(det)@0.05 power_one_sided 1.000 power_two_sided 1.000 kurtosis 1.000 spec_cnn 1.000  (28s)
  JSR   +8.0 dB  BER 2.85e-01  P(det)@0.05 power_one_sided 1.000 power_two_sided 1.000 kurtosis 1.000 spec_cnn 1.000  (29s)
  JSR   +9.0 dB  BER 3.07e-01  P(det)@0.05 power_one_sided 1.000 power_two_sided 1.000 kurtosis 1.000 spec_cnn 1.000  (29s)
  JSR  +10.0 dB  BER 3.25e-01  P(det)@0.05 power_one_sided 1.000 power_two_sided 1.000 kurtosis 1.000 spec_cnn 1.000  (30s)
  JSR  +11.0 dB  BER 3.44e-01  P(det)@0.05 power_one_sided 1.000 power_two_sided 1.000 kurtosis 1.000 spec_cnn 1.000  (30s)
  JSR  +12.0 dB  BER 3.63e-01  P(det)@0.05 power_one_sided 1.000 power_two_sided 1.000 kurtosis 1.000 spec_cnn 1.000  (31s)
  JSR  +13.0 dB  BER 3.74e-01  P(det)@0.05 power_one_sided 1.000 power_two_sided 1.000 kurtosis 1.000 spec_cnn 1.000  (31s)
  JSR  +14.0 dB  BER 3.86e-01  P(det)@0.05 power_one_sided 1.000 power_two_sided 1.000 kurtosis 1.000 spec_cnn 1.000  (32s)
  JSR  +15.0 dB  BER 3.98e-01  P(det)@0.05 power_one_sided 1.000 power_two_sided 1.000 kurtosis 1.000 spec_cnn 1.000  (32s)
  [snr_10] power_one_sided_b1 confirmed: {"power_one_sided": {"0.01": {"index": 0, "sweep_ber": 0.0, "sweep_pdet": 0.015625, "confirmed_ber": 0.0, "confirmed_ser": 0.0, "confirmed_pdet": 0.010009765625, "passed": true}, "0.05": {"index": 0, "sweep_ber": 0.0, "sweep_pdet": 0.0390625, "confirmed_ber": 0.0, "confirmed_ser": 0.0, "confirmed_pdet": 0.05126953125, "passed": true}}, "power_two_sided": {"0.01": {"index": 0, "sweep_ber": 0.0, "sweep_pdet": 0.01171875, "confirmed_ber": 0.0, "confirmed_ser": 0.0, "confirmed_pdet": 0.007568359375, "passed": true}, "0.05": {"index": 0, "sweep_ber": 0.0, "sweep_pdet": 0.0546875, "confirmed_ber": 0.0, "confirmed_ser": 0.0, "confirmed_pdet": 0.051025390625, "passed": true}}, "kurtosis": {"0.01": {"index": 31, "sweep_ber": 0.000457763671875, "sweep_pdet": 0.015625, "confirmed_ber": 0.0006017684936523438, "confirmed_ser": 0.0011997222900390625, "confirmed_pdet": 0.02392578125, "passed": false}, "0.05": {"index": 27, "sweep_ber": 7.62939453125e-06, "sweep_pdet": 0.05078125, "confirmed_ber": 5.7220458984375e-06, "confirmed_ser": 1.1444091796875e-05, "confirmed_pdet": 0.05859375, "passed": false}}, "spec_cnn": {"0.01": {"index": 31, "sweep_ber": 0.000457763671875, "sweep_pdet": 0.017578125, "confirmed_ber": 0.0006341934204101562, "confirmed_ser": 0.0012664794921875, "confirmed_pdet": 0.02294921875, "passed": false}, "0.05": {"index": 28, "sweep_ber": 7.62939453125e-06, "sweep_pdet": 0.068359375, "confirmed_ber": 2.956390380859375e-05, "confirmed_ser": 5.91278076171875e-05, "confirmed_pdet": 0.076171875, "passed": false}}}  (619s)
  [snr_10] generator power_one_sided_b10 (scale 0.4022)
  JSR  -50.0 dB  BER 0.00e+00  P(det)@0.05 power_one_sided 0.049 power_two_sided 0.053 kurtosis 0.057 spec_cnn 0.031  (0s)
  JSR  -49.0 dB  BER 0.00e+00  P(det)@0.05 power_one_sided 0.035 power_two_sided 0.045 kurtosis 0.043 spec_cnn 0.072  (1s)
  JSR  -48.0 dB  BER 0.00e+00  P(det)@0.05 power_one_sided 0.039 power_two_sided 0.062 kurtosis 0.043 spec_cnn 0.055  (1s)
  JSR  -47.0 dB  BER 0.00e+00  P(det)@0.05 power_one_sided 0.051 power_two_sided 0.047 kurtosis 0.041 spec_cnn 0.043  (2s)
  JSR  -46.0 dB  BER 0.00e+00  P(det)@0.05 power_one_sided 0.051 power_two_sided 0.045 kurtosis 0.051 spec_cnn 0.045  (2s)
  JSR  -45.0 dB  BER 0.00e+00  P(det)@0.05 power_one_sided 0.062 power_two_sided 0.053 kurtosis 0.049 spec_cnn 0.033  (3s)
  JSR  -44.0 dB  BER 0.00e+00  P(det)@0.05 power_one_sided 0.053 power_two_sided 0.051 kurtosis 0.055 spec_cnn 0.055  (3s)
  JSR  -43.0 dB  BER 0.00e+00  P(det)@0.05 power_one_sided 0.053 power_two_sided 0.041 kurtosis 0.055 spec_cnn 0.047  (4s)
  JSR  -42.0 dB  BER 0.00e+00  P(det)@0.05 power_one_sided 0.059 power_two_sided 0.039 kurtosis 0.051 spec_cnn 0.049  (4s)
  JSR  -41.0 dB  BER 0.00e+00  P(det)@0.05 power_one_sided 0.059 power_two_sided 0.061 kurtosis 0.047 spec_cnn 0.051  (5s)
  JSR  -40.0 dB  BER 0.00e+00  P(det)@0.05 power_one_sided 0.045 power_two_sided 0.043 kurtosis 0.045 spec_cnn 0.037  (5s)
  JSR  -39.0 dB  BER 0.00e+00  P(det)@0.05 power_one_sided 0.059 power_two_sided 0.049 kurtosis 0.045 spec_cnn 0.066  (6s)
  JSR  -38.0 dB  BER 0.00e+00  P(det)@0.05 power_one_sided 0.035 power_two_sided 0.021 kurtosis 0.043 spec_cnn 0.049  (6s)
  JSR  -37.0 dB  BER 0.00e+00  P(det)@0.05 power_one_sided 0.041 power_two_sided 0.047 kurtosis 0.041 spec_cnn 0.051  (7s)
  JSR  -36.0 dB  BER 0.00e+00  P(det)@0.05 power_one_sided 0.041 power_two_sided 0.037 kurtosis 0.059 spec_cnn 0.045  (7s)
  JSR  -35.0 dB  BER 0.00e+00  P(det)@0.05 power_one_sided 0.061 power_two_sided 0.047 kurtosis 0.062 spec_cnn 0.049  (8s)
  JSR  -34.0 dB  BER 0.00e+00  P(det)@0.05 power_one_sided 0.053 power_two_sided 0.055 kurtosis 0.049 spec_cnn 0.047  (8s)
  JSR  -33.0 dB  BER 0.00e+00  P(det)@0.05 power_one_sided 0.049 power_two_sided 0.047 kurtosis 0.059 spec_cnn 0.031  (9s)
  JSR  -32.0 dB  BER 0.00e+00  P(det)@0.05 power_one_sided 0.061 power_two_sided 0.055 kurtosis 0.064 spec_cnn 0.039  (9s)
  JSR  -31.0 dB  BER 0.00e+00  P(det)@0.05 power_one_sided 0.059 power_two_sided 0.045 kurtosis 0.053 spec_cnn 0.051  (10s)
  JSR  -30.0 dB  BER 0.00e+00  P(det)@0.05 power_one_sided 0.070 power_two_sided 0.070 kurtosis 0.059 spec_cnn 0.043  (10s)
  JSR  -29.0 dB  BER 0.00e+00  P(det)@0.05 power_one_sided 0.068 power_two_sided 0.047 kurtosis 0.061 spec_cnn 0.055  (11s)
  JSR  -28.0 dB  BER 0.00e+00  P(det)@0.05 power_one_sided 0.068 power_two_sided 0.072 kurtosis 0.061 spec_cnn 0.053  (11s)
  JSR  -27.0 dB  BER 0.00e+00  P(det)@0.05 power_one_sided 0.092 power_two_sided 0.068 kurtosis 0.062 spec_cnn 0.064  (12s)
  JSR  -26.0 dB  BER 0.00e+00  P(det)@0.05 power_one_sided 0.098 power_two_sided 0.078 kurtosis 0.055 spec_cnn 0.057  (12s)
  JSR  -25.0 dB  BER 0.00e+00  P(det)@0.05 power_one_sided 0.113 power_two_sided 0.088 kurtosis 0.043 spec_cnn 0.070  (13s)
  JSR  -24.0 dB  BER 0.00e+00  P(det)@0.05 power_one_sided 0.148 power_two_sided 0.105 kurtosis 0.047 spec_cnn 0.053  (13s)
  JSR  -23.0 dB  BER 0.00e+00  P(det)@0.05 power_one_sided 0.176 power_two_sided 0.123 kurtosis 0.039 spec_cnn 0.074  (14s)
  JSR  -22.0 dB  BER 1.53e-05  P(det)@0.05 power_one_sided 0.180 power_two_sided 0.131 kurtosis 0.057 spec_cnn 0.076  (14s)
  JSR  -21.0 dB  BER 3.05e-05  P(det)@0.05 power_one_sided 0.258 power_two_sided 0.199 kurtosis 0.090 spec_cnn 0.096  (15s)
  JSR  -20.0 dB  BER 1.14e-04  P(det)@0.05 power_one_sided 0.307 power_two_sided 0.232 kurtosis 0.066 spec_cnn 0.109  (15s)
  JSR  -19.0 dB  BER 3.13e-04  P(det)@0.05 power_one_sided 0.418 power_two_sided 0.328 kurtosis 0.098 spec_cnn 0.096  (16s)
  JSR  -18.0 dB  BER 5.19e-04  P(det)@0.05 power_one_sided 0.486 power_two_sided 0.406 kurtosis 0.094 spec_cnn 0.127  (16s)
  JSR  -17.0 dB  BER 8.32e-04  P(det)@0.05 power_one_sided 0.584 power_two_sided 0.502 kurtosis 0.105 spec_cnn 0.143  (17s)
  JSR  -16.0 dB  BER 1.24e-03  P(det)@0.05 power_one_sided 0.648 power_two_sided 0.586 kurtosis 0.160 spec_cnn 0.168  (17s)
  JSR  -15.0 dB  BER 1.58e-03  P(det)@0.05 power_one_sided 0.844 power_two_sided 0.789 kurtosis 0.217 spec_cnn 0.223  (17s)
  JSR  -14.0 dB  BER 2.10e-03  P(det)@0.05 power_one_sided 0.889 power_two_sided 0.863 kurtosis 0.318 spec_cnn 0.246  (18s)
  JSR  -13.0 dB  BER 2.20e-03  P(det)@0.05 power_one_sided 0.959 power_two_sided 0.945 kurtosis 0.439 spec_cnn 0.320  (18s)
  JSR  -12.0 dB  BER 2.81e-03  P(det)@0.05 power_one_sided 0.982 power_two_sided 0.973 kurtosis 0.607 spec_cnn 0.320  (19s)
  JSR  -11.0 dB  BER 3.39e-03  P(det)@0.05 power_one_sided 0.996 power_two_sided 0.992 kurtosis 0.744 spec_cnn 0.391  (19s)
  JSR  -10.0 dB  BER 4.01e-03  P(det)@0.05 power_one_sided 0.998 power_two_sided 0.998 kurtosis 0.855 spec_cnn 0.463  (20s)
  JSR   -9.0 dB  BER 4.83e-03  P(det)@0.05 power_one_sided 1.000 power_two_sided 1.000 kurtosis 0.938 spec_cnn 0.588  (20s)
  JSR   -8.0 dB  BER 6.01e-03  P(det)@0.05 power_one_sided 1.000 power_two_sided 1.000 kurtosis 0.982 spec_cnn 0.643  (21s)
  JSR   -7.0 dB  BER 7.63e-03  P(det)@0.05 power_one_sided 1.000 power_two_sided 1.000 kurtosis 0.992 spec_cnn 0.748  (21s)
  JSR   -6.0 dB  BER 1.17e-02  P(det)@0.05 power_one_sided 1.000 power_two_sided 1.000 kurtosis 1.000 spec_cnn 0.832  (22s)
  JSR   -5.0 dB  BER 1.63e-02  P(det)@0.05 power_one_sided 1.000 power_two_sided 1.000 kurtosis 1.000 spec_cnn 0.912  (22s)
  JSR   -4.0 dB  BER 2.67e-02  P(det)@0.05 power_one_sided 1.000 power_two_sided 1.000 kurtosis 1.000 spec_cnn 0.951  (23s)
  JSR   -3.0 dB  BER 3.76e-02  P(det)@0.05 power_one_sided 1.000 power_two_sided 1.000 kurtosis 1.000 spec_cnn 0.982  (23s)
  JSR   -2.0 dB  BER 5.56e-02  P(det)@0.05 power_one_sided 1.000 power_two_sided 1.000 kurtosis 1.000 spec_cnn 1.000  (24s)
  JSR   -1.0 dB  BER 7.34e-02  P(det)@0.05 power_one_sided 1.000 power_two_sided 1.000 kurtosis 1.000 spec_cnn 1.000  (24s)
  JSR   +0.0 dB  BER 9.57e-02  P(det)@0.05 power_one_sided 1.000 power_two_sided 1.000 kurtosis 1.000 spec_cnn 1.000  (25s)
  JSR   +1.0 dB  BER 1.21e-01  P(det)@0.05 power_one_sided 1.000 power_two_sided 1.000 kurtosis 1.000 spec_cnn 1.000  (25s)
  JSR   +2.0 dB  BER 1.47e-01  P(det)@0.05 power_one_sided 1.000 power_two_sided 1.000 kurtosis 1.000 spec_cnn 1.000  (26s)
  JSR   +3.0 dB  BER 1.72e-01  P(det)@0.05 power_one_sided 1.000 power_two_sided 1.000 kurtosis 1.000 spec_cnn 1.000  (26s)
  JSR   +4.0 dB  BER 2.01e-01  P(det)@0.05 power_one_sided 1.000 power_two_sided 1.000 kurtosis 1.000 spec_cnn 1.000  (27s)
  JSR   +5.0 dB  BER 2.25e-01  P(det)@0.05 power_one_sided 1.000 power_two_sided 1.000 kurtosis 1.000 spec_cnn 1.000  (27s)
  JSR   +6.0 dB  BER 2.51e-01  P(det)@0.05 power_one_sided 1.000 power_two_sided 1.000 kurtosis 1.000 spec_cnn 1.000  (28s)
  JSR   +7.0 dB  BER 2.74e-01  P(det)@0.05 power_one_sided 1.000 power_two_sided 1.000 kurtosis 1.000 spec_cnn 1.000  (28s)
  JSR   +8.0 dB  BER 2.96e-01  P(det)@0.05 power_one_sided 1.000 power_two_sided 1.000 kurtosis 1.000 spec_cnn 1.000  (29s)
  JSR   +9.0 dB  BER 3.14e-01  P(det)@0.05 power_one_sided 1.000 power_two_sided 1.000 kurtosis 1.000 spec_cnn 1.000  (29s)
  JSR  +10.0 dB  BER 3.33e-01  P(det)@0.05 power_one_sided 1.000 power_two_sided 1.000 kurtosis 1.000 spec_cnn 1.000  (30s)
  JSR  +11.0 dB  BER 3.49e-01  P(det)@0.05 power_one_sided 1.000 power_two_sided 1.000 kurtosis 1.000 spec_cnn 1.000  (30s)
  JSR  +12.0 dB  BER 3.67e-01  P(det)@0.05 power_one_sided 1.000 power_two_sided 1.000 kurtosis 1.000 spec_cnn 1.000  (31s)
  JSR  +13.0 dB  BER 3.80e-01  P(det)@0.05 power_one_sided 1.000 power_two_sided 1.000 kurtosis 1.000 spec_cnn 1.000  (31s)
  JSR  +14.0 dB  BER 3.92e-01  P(det)@0.05 power_one_sided 1.000 power_two_sided 1.000 kurtosis 1.000 spec_cnn 1.000  (32s)
  JSR  +15.0 dB  BER 4.06e-01  P(det)@0.05 power_one_sided 1.000 power_two_sided 1.000 kurtosis 1.000 spec_cnn 1.000  (32s)
  [snr_10] power_one_sided_b10 confirmed: {"power_one_sided": {"0.01": {"index": 0, "sweep_ber": 0.0, "sweep_pdet": 0.01171875, "confirmed_ber": 0.0, "confirmed_ser": 0.0, "confirmed_pdet": 0.009521484375, "passed": true}, "0.05": {"index": 0, "sweep_ber": 0.0, "sweep_pdet": 0.048828125, "confirmed_ber": 0.0, "confirmed_ser": 0.0, "confirmed_pdet": 0.048583984375, "passed": true}}, "power_two_sided": {"0.01": {"index": 0, "sweep_ber": 0.0, "sweep_pdet": 0.009765625, "confirmed_ber": 0.0, "confirmed_ser": 0.0, "confirmed_pdet": 0.010986328125, "passed": true}, "0.05": {"index": 0, "sweep_ber": 0.0, "sweep_pdet": 0.052734375, "confirmed_ber": 0.0, "confirmed_ser": 0.0, "confirmed_pdet": 0.045166015625, "passed": true}}, "kurtosis": {"0.01": {"index": 30, "sweep_ber": 0.00011444091796875, "sweep_pdet": 0.013671875, "confirmed_ber": 0.00015926361083984375, "confirmed_ser": 0.0003185272216796875, "confirmed_pdet": 0.016357421875, "passed": false}, "0.05": {"index": 30, "sweep_ber": 0.00011444091796875, "sweep_pdet": 0.06640625, "confirmed_ber": 0.0001506805419921875, "confirmed_ser": 0.000301361083984375, "confirmed_pdet": 0.071044921875, "passed": false}}, "spec_cnn": {"0.01": {"index": 29, "sweep_ber": 3.0517578125e-05, "sweep_pdet": 0.017578125, "confirmed_ber": 4.76837158203125e-05, "confirmed_ser": 9.5367431640625e-05, "confirmed_pdet": 0.021240234375, "passed": false}, "0.05": {"index": 0, "sweep_ber": 0.0, "sweep_pdet": 0.03125, "confirmed_ber": 0.0, "confirmed_ser": 0.0, "confirmed_pdet": 0.049560546875, "passed": true}}}  (683s)
  [snr_10] generator power_one_sided_b100 (scale 0.4022)
  JSR  -50.0 dB  BER 0.00e+00  P(det)@0.05 power_one_sided 0.045 power_two_sided 0.047 kurtosis 0.062 spec_cnn 0.027  (0s)
  JSR  -49.0 dB  BER 0.00e+00  P(det)@0.05 power_one_sided 0.037 power_two_sided 0.059 kurtosis 0.062 spec_cnn 0.049  (1s)
  JSR  -48.0 dB  BER 0.00e+00  P(det)@0.05 power_one_sided 0.057 power_two_sided 0.059 kurtosis 0.035 spec_cnn 0.041  (1s)
  JSR  -47.0 dB  BER 0.00e+00  P(det)@0.05 power_one_sided 0.053 power_two_sided 0.043 kurtosis 0.059 spec_cnn 0.059  (2s)
  JSR  -46.0 dB  BER 0.00e+00  P(det)@0.05 power_one_sided 0.049 power_two_sided 0.051 kurtosis 0.039 spec_cnn 0.053  (2s)
  JSR  -45.0 dB  BER 0.00e+00  P(det)@0.05 power_one_sided 0.031 power_two_sided 0.043 kurtosis 0.055 spec_cnn 0.045  (3s)
  JSR  -44.0 dB  BER 0.00e+00  P(det)@0.05 power_one_sided 0.045 power_two_sided 0.043 kurtosis 0.053 spec_cnn 0.051  (3s)
  JSR  -43.0 dB  BER 0.00e+00  P(det)@0.05 power_one_sided 0.049 power_two_sided 0.049 kurtosis 0.055 spec_cnn 0.047  (4s)
  JSR  -42.0 dB  BER 0.00e+00  P(det)@0.05 power_one_sided 0.043 power_two_sided 0.041 kurtosis 0.049 spec_cnn 0.055  (4s)
  JSR  -41.0 dB  BER 0.00e+00  P(det)@0.05 power_one_sided 0.047 power_two_sided 0.059 kurtosis 0.041 spec_cnn 0.051  (5s)
  JSR  -40.0 dB  BER 0.00e+00  P(det)@0.05 power_one_sided 0.055 power_two_sided 0.051 kurtosis 0.045 spec_cnn 0.051  (5s)
  JSR  -39.0 dB  BER 0.00e+00  P(det)@0.05 power_one_sided 0.043 power_two_sided 0.037 kurtosis 0.068 spec_cnn 0.033  (6s)
  JSR  -38.0 dB  BER 0.00e+00  P(det)@0.05 power_one_sided 0.049 power_two_sided 0.057 kurtosis 0.049 spec_cnn 0.059  (6s)
  JSR  -37.0 dB  BER 0.00e+00  P(det)@0.05 power_one_sided 0.049 power_two_sided 0.049 kurtosis 0.047 spec_cnn 0.043  (7s)
  JSR  -36.0 dB  BER 0.00e+00  P(det)@0.05 power_one_sided 0.053 power_two_sided 0.049 kurtosis 0.055 spec_cnn 0.047  (7s)
  JSR  -35.0 dB  BER 0.00e+00  P(det)@0.05 power_one_sided 0.057 power_two_sided 0.064 kurtosis 0.049 spec_cnn 0.045  (8s)
  JSR  -34.0 dB  BER 0.00e+00  P(det)@0.05 power_one_sided 0.055 power_two_sided 0.047 kurtosis 0.078 spec_cnn 0.061  (8s)
  JSR  -33.0 dB  BER 0.00e+00  P(det)@0.05 power_one_sided 0.074 power_two_sided 0.061 kurtosis 0.053 spec_cnn 0.041  (9s)
  JSR  -32.0 dB  BER 0.00e+00  P(det)@0.05 power_one_sided 0.068 power_two_sided 0.035 kurtosis 0.053 spec_cnn 0.037  (9s)
  JSR  -31.0 dB  BER 0.00e+00  P(det)@0.05 power_one_sided 0.068 power_two_sided 0.062 kurtosis 0.062 spec_cnn 0.049  (10s)
  JSR  -30.0 dB  BER 0.00e+00  P(det)@0.05 power_one_sided 0.074 power_two_sided 0.049 kurtosis 0.064 spec_cnn 0.061  (10s)
  JSR  -29.0 dB  BER 0.00e+00  P(det)@0.05 power_one_sided 0.072 power_two_sided 0.061 kurtosis 0.049 spec_cnn 0.049  (11s)
  JSR  -28.0 dB  BER 0.00e+00  P(det)@0.05 power_one_sided 0.092 power_two_sided 0.068 kurtosis 0.043 spec_cnn 0.041  (11s)
  JSR  -27.0 dB  BER 0.00e+00  P(det)@0.05 power_one_sided 0.084 power_two_sided 0.064 kurtosis 0.055 spec_cnn 0.051  (12s)
  JSR  -26.0 dB  BER 0.00e+00  P(det)@0.05 power_one_sided 0.100 power_two_sided 0.076 kurtosis 0.047 spec_cnn 0.053  (12s)
  JSR  -25.0 dB  BER 0.00e+00  P(det)@0.05 power_one_sided 0.109 power_two_sided 0.078 kurtosis 0.051 spec_cnn 0.066  (13s)
  JSR  -24.0 dB  BER 0.00e+00  P(det)@0.05 power_one_sided 0.131 power_two_sided 0.100 kurtosis 0.072 spec_cnn 0.059  (13s)
  JSR  -23.0 dB  BER 0.00e+00  P(det)@0.05 power_one_sided 0.186 power_two_sided 0.133 kurtosis 0.053 spec_cnn 0.070  (14s)
  JSR  -22.0 dB  BER 2.29e-05  P(det)@0.05 power_one_sided 0.189 power_two_sided 0.150 kurtosis 0.049 spec_cnn 0.082  (14s)
  JSR  -21.0 dB  BER 3.81e-05  P(det)@0.05 power_one_sided 0.270 power_two_sided 0.205 kurtosis 0.053 spec_cnn 0.111  (15s)
  JSR  -20.0 dB  BER 2.75e-04  P(det)@0.05 power_one_sided 0.324 power_two_sided 0.252 kurtosis 0.064 spec_cnn 0.098  (15s)
  JSR  -19.0 dB  BER 6.03e-04  P(det)@0.05 power_one_sided 0.412 power_two_sided 0.352 kurtosis 0.074 spec_cnn 0.094  (16s)
  JSR  -18.0 dB  BER 7.48e-04  P(det)@0.05 power_one_sided 0.555 power_two_sided 0.477 kurtosis 0.105 spec_cnn 0.129  (16s)
  JSR  -17.0 dB  BER 1.32e-03  P(det)@0.05 power_one_sided 0.605 power_two_sided 0.529 kurtosis 0.119 spec_cnn 0.105  (16s)
  JSR  -16.0 dB  BER 1.52e-03  P(det)@0.05 power_one_sided 0.717 power_two_sided 0.662 kurtosis 0.156 spec_cnn 0.168  (17s)
  JSR  -15.0 dB  BER 1.97e-03  P(det)@0.05 power_one_sided 0.820 power_two_sided 0.789 kurtosis 0.271 spec_cnn 0.170  (17s)
  JSR  -14.0 dB  BER 2.36e-03  P(det)@0.05 power_one_sided 0.900 power_two_sided 0.867 kurtosis 0.373 spec_cnn 0.229  (18s)
  JSR  -13.0 dB  BER 2.68e-03  P(det)@0.05 power_one_sided 0.951 power_two_sided 0.939 kurtosis 0.529 spec_cnn 0.281  (18s)
  JSR  -12.0 dB  BER 3.15e-03  P(det)@0.05 power_one_sided 0.977 power_two_sided 0.965 kurtosis 0.627 spec_cnn 0.295  (19s)
  JSR  -11.0 dB  BER 3.46e-03  P(det)@0.05 power_one_sided 0.998 power_two_sided 0.996 kurtosis 0.838 spec_cnn 0.340  (19s)
  JSR  -10.0 dB  BER 3.63e-03  P(det)@0.05 power_one_sided 1.000 power_two_sided 1.000 kurtosis 0.918 spec_cnn 0.406  (20s)
  JSR   -9.0 dB  BER 4.68e-03  P(det)@0.05 power_one_sided 1.000 power_two_sided 1.000 kurtosis 0.979 spec_cnn 0.535  (20s)
  JSR   -8.0 dB  BER 5.65e-03  P(det)@0.05 power_one_sided 1.000 power_two_sided 1.000 kurtosis 0.992 spec_cnn 0.633  (21s)
  JSR   -7.0 dB  BER 6.87e-03  P(det)@0.05 power_one_sided 1.000 power_two_sided 1.000 kurtosis 1.000 spec_cnn 0.713  (21s)
  JSR   -6.0 dB  BER 1.07e-02  P(det)@0.05 power_one_sided 1.000 power_two_sided 1.000 kurtosis 1.000 spec_cnn 0.814  (22s)
  JSR   -5.0 dB  BER 1.55e-02  P(det)@0.05 power_one_sided 1.000 power_two_sided 1.000 kurtosis 1.000 spec_cnn 0.891  (22s)
  JSR   -4.0 dB  BER 2.31e-02  P(det)@0.05 power_one_sided 1.000 power_two_sided 1.000 kurtosis 1.000 spec_cnn 0.951  (23s)
  JSR   -3.0 dB  BER 3.55e-02  P(det)@0.05 power_one_sided 1.000 power_two_sided 1.000 kurtosis 1.000 spec_cnn 0.975  (23s)
  JSR   -2.0 dB  BER 4.92e-02  P(det)@0.05 power_one_sided 1.000 power_two_sided 1.000 kurtosis 1.000 spec_cnn 0.996  (24s)
  JSR   -1.0 dB  BER 6.93e-02  P(det)@0.05 power_one_sided 1.000 power_two_sided 1.000 kurtosis 1.000 spec_cnn 1.000  (24s)
  JSR   +0.0 dB  BER 9.13e-02  P(det)@0.05 power_one_sided 1.000 power_two_sided 1.000 kurtosis 1.000 spec_cnn 0.998  (25s)
  JSR   +1.0 dB  BER 1.14e-01  P(det)@0.05 power_one_sided 1.000 power_two_sided 1.000 kurtosis 1.000 spec_cnn 1.000  (25s)
  JSR   +2.0 dB  BER 1.38e-01  P(det)@0.05 power_one_sided 1.000 power_two_sided 1.000 kurtosis 1.000 spec_cnn 1.000  (26s)
  JSR   +3.0 dB  BER 1.68e-01  P(det)@0.05 power_one_sided 1.000 power_two_sided 1.000 kurtosis 1.000 spec_cnn 1.000  (26s)
  JSR   +4.0 dB  BER 1.93e-01  P(det)@0.05 power_one_sided 1.000 power_two_sided 1.000 kurtosis 1.000 spec_cnn 1.000  (27s)
  JSR   +5.0 dB  BER 2.22e-01  P(det)@0.05 power_one_sided 1.000 power_two_sided 1.000 kurtosis 1.000 spec_cnn 1.000  (27s)
  JSR   +6.0 dB  BER 2.45e-01  P(det)@0.05 power_one_sided 1.000 power_two_sided 1.000 kurtosis 1.000 spec_cnn 1.000  (28s)
  JSR   +7.0 dB  BER 2.68e-01  P(det)@0.05 power_one_sided 1.000 power_two_sided 1.000 kurtosis 1.000 spec_cnn 1.000  (28s)
  JSR   +8.0 dB  BER 2.92e-01  P(det)@0.05 power_one_sided 1.000 power_two_sided 1.000 kurtosis 1.000 spec_cnn 1.000  (29s)
  JSR   +9.0 dB  BER 3.08e-01  P(det)@0.05 power_one_sided 1.000 power_two_sided 1.000 kurtosis 1.000 spec_cnn 1.000  (29s)
  JSR  +10.0 dB  BER 3.29e-01  P(det)@0.05 power_one_sided 1.000 power_two_sided 1.000 kurtosis 1.000 spec_cnn 1.000  (30s)
  JSR  +11.0 dB  BER 3.47e-01  P(det)@0.05 power_one_sided 1.000 power_two_sided 1.000 kurtosis 1.000 spec_cnn 1.000  (30s)
  JSR  +12.0 dB  BER 3.63e-01  P(det)@0.05 power_one_sided 1.000 power_two_sided 1.000 kurtosis 1.000 spec_cnn 1.000  (31s)
  JSR  +13.0 dB  BER 3.77e-01  P(det)@0.05 power_one_sided 1.000 power_two_sided 1.000 kurtosis 1.000 spec_cnn 1.000  (31s)
  JSR  +14.0 dB  BER 3.90e-01  P(det)@0.05 power_one_sided 1.000 power_two_sided 1.000 kurtosis 1.000 spec_cnn 1.000  (32s)
  JSR  +15.0 dB  BER 4.03e-01  P(det)@0.05 power_one_sided 1.000 power_two_sided 1.000 kurtosis 1.000 spec_cnn 1.000  (32s)
  [snr_10] power_one_sided_b100 confirmed: {"power_one_sided": {"0.01": {"index": 0, "sweep_ber": 0.0, "sweep_pdet": 0.005859375, "confirmed_ber": 0.0, "confirmed_ser": 0.0, "confirmed_pdet": 0.005615234375, "passed": true}, "0.05": {"index": 0, "sweep_ber": 0.0, "sweep_pdet": 0.044921875, "confirmed_ber": 0.0, "confirmed_ser": 0.0, "confirmed_pdet": 0.049560546875, "passed": true}}, "power_two_sided": {"0.01": {"index": 0, "sweep_ber": 0.0, "sweep_pdet": 0.01171875, "confirmed_ber": 0.0, "confirmed_ser": 0.0, "confirmed_pdet": 0.012939453125, "passed": true}, "0.05": {"index": 0, "sweep_ber": 0.0, "sweep_pdet": 0.046875, "confirmed_ber": 0.0, "confirmed_ser": 0.0, "confirmed_pdet": 0.048095703125, "passed": true}}, "kurtosis": {"0.01": {"index": 30, "sweep_ber": 0.000274658203125, "sweep_pdet": 0.009765625, "confirmed_ber": 0.0002498626708984375, "confirmed_ser": 0.000499725341796875, "confirmed_pdet": 0.016845703125, "passed": false}, "0.05": {"index": 30, "sweep_ber": 0.000274658203125, "sweep_pdet": 0.064453125, "confirmed_ber": 0.000217437744140625, "confirmed_ser": 0.00043487548828125, "confirmed_pdet": 0.073974609375, "passed": false}}, "spec_cnn": {"0.01": {"index": 0, "sweep_ber": 0.0, "sweep_pdet": 0.005859375, "confirmed_ber": 0.0, "confirmed_ser": 0.0, "confirmed_pdet": 0.010009765625, "passed": true}, "0.05": {"index": 0, "sweep_ber": 0.0, "sweep_pdet": 0.02734375, "confirmed_ber": 0.0, "confirmed_ser": 0.0, "confirmed_pdet": 0.04931640625, "passed": true}}}  (746s)
  [snr_10] generator power_one_sided_b1000 (scale 0.4022)
  JSR  -50.0 dB  BER 0.00e+00  P(det)@0.05 power_one_sided 0.062 power_two_sided 0.059 kurtosis 0.035 spec_cnn 0.051  (0s)
  JSR  -49.0 dB  BER 0.00e+00  P(det)@0.05 power_one_sided 0.072 power_two_sided 0.064 kurtosis 0.035 spec_cnn 0.039  (1s)
  JSR  -48.0 dB  BER 0.00e+00  P(det)@0.05 power_one_sided 0.031 power_two_sided 0.047 kurtosis 0.053 spec_cnn 0.049  (1s)
  JSR  -47.0 dB  BER 0.00e+00  P(det)@0.05 power_one_sided 0.061 power_two_sided 0.041 kurtosis 0.066 spec_cnn 0.049  (2s)
  JSR  -46.0 dB  BER 0.00e+00  P(det)@0.05 power_one_sided 0.053 power_two_sided 0.059 kurtosis 0.049 spec_cnn 0.033  (2s)
  JSR  -45.0 dB  BER 0.00e+00  P(det)@0.05 power_one_sided 0.041 power_two_sided 0.049 kurtosis 0.057 spec_cnn 0.033  (3s)
  JSR  -44.0 dB  BER 0.00e+00  P(det)@0.05 power_one_sided 0.061 power_two_sided 0.059 kurtosis 0.043 spec_cnn 0.059  (3s)
  JSR  -43.0 dB  BER 0.00e+00  P(det)@0.05 power_one_sided 0.041 power_two_sided 0.033 kurtosis 0.055 spec_cnn 0.051  (4s)
  JSR  -42.0 dB  BER 0.00e+00  P(det)@0.05 power_one_sided 0.041 power_two_sided 0.043 kurtosis 0.057 spec_cnn 0.033  (4s)
  JSR  -41.0 dB  BER 0.00e+00  P(det)@0.05 power_one_sided 0.061 power_two_sided 0.059 kurtosis 0.039 spec_cnn 0.047  (5s)
  JSR  -40.0 dB  BER 0.00e+00  P(det)@0.05 power_one_sided 0.049 power_two_sided 0.041 kurtosis 0.061 spec_cnn 0.033  (5s)
  JSR  -39.0 dB  BER 0.00e+00  P(det)@0.05 power_one_sided 0.053 power_two_sided 0.041 kurtosis 0.047 spec_cnn 0.041  (6s)
  JSR  -38.0 dB  BER 0.00e+00  P(det)@0.05 power_one_sided 0.055 power_two_sided 0.043 kurtosis 0.061 spec_cnn 0.047  (6s)
  JSR  -37.0 dB  BER 0.00e+00  P(det)@0.05 power_one_sided 0.057 power_two_sided 0.045 kurtosis 0.035 spec_cnn 0.053  (7s)
  JSR  -36.0 dB  BER 0.00e+00  P(det)@0.05 power_one_sided 0.031 power_two_sided 0.037 kurtosis 0.039 spec_cnn 0.051  (7s)
  JSR  -35.0 dB  BER 0.00e+00  P(det)@0.05 power_one_sided 0.051 power_two_sided 0.041 kurtosis 0.051 spec_cnn 0.051  (8s)
  JSR  -34.0 dB  BER 0.00e+00  P(det)@0.05 power_one_sided 0.062 power_two_sided 0.047 kurtosis 0.039 spec_cnn 0.037  (8s)
  JSR  -33.0 dB  BER 0.00e+00  P(det)@0.05 power_one_sided 0.045 power_two_sided 0.057 kurtosis 0.055 spec_cnn 0.064  (9s)
  JSR  -32.0 dB  BER 0.00e+00  P(det)@0.05 power_one_sided 0.049 power_two_sided 0.043 kurtosis 0.051 spec_cnn 0.062  (9s)
  JSR  -31.0 dB  BER 0.00e+00  P(det)@0.05 power_one_sided 0.057 power_two_sided 0.047 kurtosis 0.049 spec_cnn 0.070  (10s)
  JSR  -30.0 dB  BER 0.00e+00  P(det)@0.05 power_one_sided 0.068 power_two_sided 0.061 kurtosis 0.045 spec_cnn 0.045  (10s)
  JSR  -29.0 dB  BER 0.00e+00  P(det)@0.05 power_one_sided 0.066 power_two_sided 0.066 kurtosis 0.049 spec_cnn 0.039  (11s)
  JSR  -28.0 dB  BER 0.00e+00  P(det)@0.05 power_one_sided 0.070 power_two_sided 0.047 kurtosis 0.045 spec_cnn 0.031  (11s)
  JSR  -27.0 dB  BER 0.00e+00  P(det)@0.05 power_one_sided 0.088 power_two_sided 0.072 kurtosis 0.066 spec_cnn 0.041  (12s)
  JSR  -26.0 dB  BER 0.00e+00  P(det)@0.05 power_one_sided 0.109 power_two_sided 0.092 kurtosis 0.053 spec_cnn 0.053  (12s)
  JSR  -25.0 dB  BER 0.00e+00  P(det)@0.05 power_one_sided 0.100 power_two_sided 0.090 kurtosis 0.072 spec_cnn 0.055  (12s)
  JSR  -24.0 dB  BER 0.00e+00  P(det)@0.05 power_one_sided 0.131 power_two_sided 0.088 kurtosis 0.055 spec_cnn 0.068  (13s)
  JSR  -23.0 dB  BER 7.63e-06  P(det)@0.05 power_one_sided 0.178 power_two_sided 0.135 kurtosis 0.059 spec_cnn 0.064  (13s)
  JSR  -22.0 dB  BER 7.63e-06  P(det)@0.05 power_one_sided 0.148 power_two_sided 0.129 kurtosis 0.049 spec_cnn 0.055  (14s)
  JSR  -21.0 dB  BER 3.05e-05  P(det)@0.05 power_one_sided 0.258 power_two_sided 0.166 kurtosis 0.053 spec_cnn 0.082  (14s)
  JSR  -20.0 dB  BER 2.29e-05  P(det)@0.05 power_one_sided 0.311 power_two_sided 0.232 kurtosis 0.082 spec_cnn 0.078  (15s)
  JSR  -19.0 dB  BER 2.06e-04  P(det)@0.05 power_one_sided 0.381 power_two_sided 0.322 kurtosis 0.061 spec_cnn 0.100  (15s)
  JSR  -18.0 dB  BER 3.05e-04  P(det)@0.05 power_one_sided 0.479 power_two_sided 0.393 kurtosis 0.086 spec_cnn 0.146  (16s)
  JSR  -17.0 dB  BER 6.87e-04  P(det)@0.05 power_one_sided 0.541 power_two_sided 0.471 kurtosis 0.141 spec_cnn 0.135  (16s)
  JSR  -16.0 dB  BER 1.11e-03  P(det)@0.05 power_one_sided 0.643 power_two_sided 0.596 kurtosis 0.137 spec_cnn 0.133  (17s)
  JSR  -15.0 dB  BER 1.39e-03  P(det)@0.05 power_one_sided 0.818 power_two_sided 0.770 kurtosis 0.234 spec_cnn 0.193  (17s)
  JSR  -14.0 dB  BER 1.66e-03  P(det)@0.05 power_one_sided 0.846 power_two_sided 0.814 kurtosis 0.355 spec_cnn 0.207  (18s)
  JSR  -13.0 dB  BER 2.22e-03  P(det)@0.05 power_one_sided 0.938 power_two_sided 0.906 kurtosis 0.445 spec_cnn 0.238  (18s)
  JSR  -12.0 dB  BER 2.37e-03  P(det)@0.05 power_one_sided 0.979 power_two_sided 0.969 kurtosis 0.580 spec_cnn 0.312  (19s)
  JSR  -11.0 dB  BER 3.04e-03  P(det)@0.05 power_one_sided 0.992 power_two_sided 0.982 kurtosis 0.695 spec_cnn 0.311  (19s)
  JSR  -10.0 dB  BER 3.29e-03  P(det)@0.05 power_one_sided 0.998 power_two_sided 0.998 kurtosis 0.873 spec_cnn 0.396  (20s)
  JSR   -9.0 dB  BER 4.44e-03  P(det)@0.05 power_one_sided 1.000 power_two_sided 1.000 kurtosis 0.971 spec_cnn 0.473  (20s)
  JSR   -8.0 dB  BER 5.39e-03  P(det)@0.05 power_one_sided 1.000 power_two_sided 1.000 kurtosis 0.990 spec_cnn 0.576  (21s)
  JSR   -7.0 dB  BER 8.31e-03  P(det)@0.05 power_one_sided 1.000 power_two_sided 1.000 kurtosis 0.998 spec_cnn 0.664  (21s)
  JSR   -6.0 dB  BER 1.26e-02  P(det)@0.05 power_one_sided 1.000 power_two_sided 1.000 kurtosis 1.000 spec_cnn 0.775  (22s)
  JSR   -5.0 dB  BER 2.02e-02  P(det)@0.05 power_one_sided 1.000 power_two_sided 1.000 kurtosis 1.000 spec_cnn 0.865  (22s)
  JSR   -4.0 dB  BER 3.18e-02  P(det)@0.05 power_one_sided 1.000 power_two_sided 1.000 kurtosis 1.000 spec_cnn 0.922  (23s)
  JSR   -3.0 dB  BER 4.69e-02  P(det)@0.05 power_one_sided 1.000 power_two_sided 1.000 kurtosis 1.000 spec_cnn 0.959  (23s)
  JSR   -2.0 dB  BER 6.61e-02  P(det)@0.05 power_one_sided 1.000 power_two_sided 1.000 kurtosis 1.000 spec_cnn 0.990  (24s)
  JSR   -1.0 dB  BER 8.97e-02  P(det)@0.05 power_one_sided 1.000 power_two_sided 1.000 kurtosis 1.000 spec_cnn 0.994  (24s)
  JSR   +0.0 dB  BER 1.15e-01  P(det)@0.05 power_one_sided 1.000 power_two_sided 1.000 kurtosis 1.000 spec_cnn 1.000  (25s)
  JSR   +1.0 dB  BER 1.38e-01  P(det)@0.05 power_one_sided 1.000 power_two_sided 1.000 kurtosis 1.000 spec_cnn 1.000  (25s)
  JSR   +2.0 dB  BER 1.66e-01  P(det)@0.05 power_one_sided 1.000 power_two_sided 1.000 kurtosis 1.000 spec_cnn 1.000  (26s)
  JSR   +3.0 dB  BER 1.94e-01  P(det)@0.05 power_one_sided 1.000 power_two_sided 1.000 kurtosis 1.000 spec_cnn 1.000  (26s)
  JSR   +4.0 dB  BER 2.20e-01  P(det)@0.05 power_one_sided 1.000 power_two_sided 1.000 kurtosis 1.000 spec_cnn 1.000  (27s)
  JSR   +5.0 dB  BER 2.44e-01  P(det)@0.05 power_one_sided 1.000 power_two_sided 1.000 kurtosis 1.000 spec_cnn 1.000  (27s)
  JSR   +6.0 dB  BER 2.68e-01  P(det)@0.05 power_one_sided 1.000 power_two_sided 1.000 kurtosis 1.000 spec_cnn 1.000  (28s)
  JSR   +7.0 dB  BER 2.95e-01  P(det)@0.05 power_one_sided 1.000 power_two_sided 1.000 kurtosis 1.000 spec_cnn 1.000  (28s)
  JSR   +8.0 dB  BER 3.10e-01  P(det)@0.05 power_one_sided 1.000 power_two_sided 1.000 kurtosis 1.000 spec_cnn 1.000  (29s)
  JSR   +9.0 dB  BER 3.31e-01  P(det)@0.05 power_one_sided 1.000 power_two_sided 1.000 kurtosis 1.000 spec_cnn 1.000  (29s)
  JSR  +10.0 dB  BER 3.52e-01  P(det)@0.05 power_one_sided 1.000 power_two_sided 1.000 kurtosis 1.000 spec_cnn 1.000  (30s)
  JSR  +11.0 dB  BER 3.64e-01  P(det)@0.05 power_one_sided 1.000 power_two_sided 1.000 kurtosis 1.000 spec_cnn 1.000  (30s)
  JSR  +12.0 dB  BER 3.81e-01  P(det)@0.05 power_one_sided 1.000 power_two_sided 1.000 kurtosis 1.000 spec_cnn 1.000  (31s)
  JSR  +13.0 dB  BER 3.91e-01  P(det)@0.05 power_one_sided 1.000 power_two_sided 1.000 kurtosis 1.000 spec_cnn 1.000  (31s)
  JSR  +14.0 dB  BER 4.00e-01  P(det)@0.05 power_one_sided 1.000 power_two_sided 1.000 kurtosis 1.000 spec_cnn 1.000  (32s)
  JSR  +15.0 dB  BER 4.15e-01  P(det)@0.05 power_one_sided 1.000 power_two_sided 1.000 kurtosis 1.000 spec_cnn 1.000  (32s)
  [snr_10] power_one_sided_b1000 confirmed: {"power_one_sided": {"0.01": {"index": 0, "sweep_ber": 0.0, "sweep_pdet": 0.017578125, "confirmed_ber": 0.0, "confirmed_ser": 0.0, "confirmed_pdet": 0.008544921875, "passed": true}, "0.05": {"index": 0, "sweep_ber": 0.0, "sweep_pdet": 0.0625, "confirmed_ber": 0.0, "confirmed_ser": 0.0, "confirmed_pdet": 0.051025390625, "passed": true}}, "power_two_sided": {"0.01": {"index": 0, "sweep_ber": 0.0, "sweep_pdet": 0.015625, "confirmed_ber": 0.0, "confirmed_ser": 0.0, "confirmed_pdet": 0.01318359375, "passed": false}, "0.05": {"index": 0, "sweep_ber": 0.0, "sweep_pdet": 0.05859375, "confirmed_ber": 0.0, "confirmed_ser": 0.0, "confirmed_pdet": 0.046630859375, "passed": true}}, "kurtosis": {"0.01": {"index": 31, "sweep_ber": 0.00020599365234375, "sweep_pdet": 0.015625, "confirmed_ber": 0.00017070770263671875, "confirmed_ser": 0.0003414154052734375, "confirmed_pdet": 0.02294921875, "passed": false}, "0.05": {"index": 31, "sweep_ber": 0.00020599365234375, "sweep_pdet": 0.060546875, "confirmed_ber": 0.00016689300537109375, "confirmed_ser": 0.0003337860107421875, "confirmed_pdet": 0.074951171875, "passed": false}}, "spec_cnn": {"0.01": {"index": 27, "sweep_ber": 7.62939453125e-06, "sweep_pdet": 0.017578125, "confirmed_ber": 0.0, "confirmed_ser": 0.0, "confirmed_pdet": 0.01513671875, "passed": false}, "0.05": {"index": 27, "sweep_ber": 7.62939453125e-06, "sweep_pdet": 0.064453125, "confirmed_ber": 0.0, "confirmed_ser": 0.0, "confirmed_pdet": 0.060302734375, "passed": false}}}  (809s)
  [snr_10] generator power_two_sided_b1 (scale 0.4022)
  JSR  -50.0 dB  BER 0.00e+00  P(det)@0.05 power_one_sided 0.049 power_two_sided 0.053 kurtosis 0.053 spec_cnn 0.055  (0s)
  JSR  -49.0 dB  BER 0.00e+00  P(det)@0.05 power_one_sided 0.033 power_two_sided 0.041 kurtosis 0.039 spec_cnn 0.047  (1s)
  JSR  -48.0 dB  BER 0.00e+00  P(det)@0.05 power_one_sided 0.043 power_two_sided 0.049 kurtosis 0.053 spec_cnn 0.055  (1s)
  JSR  -47.0 dB  BER 0.00e+00  P(det)@0.05 power_one_sided 0.043 power_two_sided 0.057 kurtosis 0.031 spec_cnn 0.049  (2s)
  JSR  -46.0 dB  BER 0.00e+00  P(det)@0.05 power_one_sided 0.068 power_two_sided 0.070 kurtosis 0.064 spec_cnn 0.049  (2s)
  JSR  -45.0 dB  BER 0.00e+00  P(det)@0.05 power_one_sided 0.049 power_two_sided 0.049 kurtosis 0.053 spec_cnn 0.066  (3s)
  JSR  -44.0 dB  BER 0.00e+00  P(det)@0.05 power_one_sided 0.041 power_two_sided 0.039 kurtosis 0.041 spec_cnn 0.041  (3s)
  JSR  -43.0 dB  BER 0.00e+00  P(det)@0.05 power_one_sided 0.043 power_two_sided 0.045 kurtosis 0.055 spec_cnn 0.051  (4s)
  JSR  -42.0 dB  BER 0.00e+00  P(det)@0.05 power_one_sided 0.051 power_two_sided 0.055 kurtosis 0.059 spec_cnn 0.035  (4s)
  JSR  -41.0 dB  BER 0.00e+00  P(det)@0.05 power_one_sided 0.053 power_two_sided 0.049 kurtosis 0.053 spec_cnn 0.045  (5s)
  JSR  -40.0 dB  BER 0.00e+00  P(det)@0.05 power_one_sided 0.041 power_two_sided 0.049 kurtosis 0.041 spec_cnn 0.062  (5s)
  JSR  -39.0 dB  BER 0.00e+00  P(det)@0.05 power_one_sided 0.055 power_two_sided 0.045 kurtosis 0.068 spec_cnn 0.043  (6s)
  JSR  -38.0 dB  BER 0.00e+00  P(det)@0.05 power_one_sided 0.051 power_two_sided 0.043 kurtosis 0.045 spec_cnn 0.057  (6s)
  JSR  -37.0 dB  BER 0.00e+00  P(det)@0.05 power_one_sided 0.045 power_two_sided 0.035 kurtosis 0.062 spec_cnn 0.053  (7s)
  JSR  -36.0 dB  BER 0.00e+00  P(det)@0.05 power_one_sided 0.033 power_two_sided 0.027 kurtosis 0.043 spec_cnn 0.055  (7s)
  JSR  -35.0 dB  BER 0.00e+00  P(det)@0.05 power_one_sided 0.061 power_two_sided 0.059 kurtosis 0.039 spec_cnn 0.049  (8s)
  JSR  -34.0 dB  BER 0.00e+00  P(det)@0.05 power_one_sided 0.051 power_two_sided 0.049 kurtosis 0.041 spec_cnn 0.053  (8s)
  JSR  -33.0 dB  BER 0.00e+00  P(det)@0.05 power_one_sided 0.057 power_two_sided 0.066 kurtosis 0.059 spec_cnn 0.068  (9s)
  JSR  -32.0 dB  BER 0.00e+00  P(det)@0.05 power_one_sided 0.076 power_two_sided 0.057 kurtosis 0.049 spec_cnn 0.059  (9s)
  JSR  -31.0 dB  BER 0.00e+00  P(det)@0.05 power_one_sided 0.049 power_two_sided 0.059 kurtosis 0.043 spec_cnn 0.061  (10s)
  JSR  -30.0 dB  BER 0.00e+00  P(det)@0.05 power_one_sided 0.062 power_two_sided 0.061 kurtosis 0.043 spec_cnn 0.051  (10s)
  JSR  -29.0 dB  BER 0.00e+00  P(det)@0.05 power_one_sided 0.078 power_two_sided 0.068 kurtosis 0.070 spec_cnn 0.055  (11s)
  JSR  -28.0 dB  BER 0.00e+00  P(det)@0.05 power_one_sided 0.078 power_two_sided 0.066 kurtosis 0.061 spec_cnn 0.051  (11s)
  JSR  -27.0 dB  BER 0.00e+00  P(det)@0.05 power_one_sided 0.104 power_two_sided 0.072 kurtosis 0.043 spec_cnn 0.049  (12s)
  JSR  -26.0 dB  BER 0.00e+00  P(det)@0.05 power_one_sided 0.102 power_two_sided 0.070 kurtosis 0.059 spec_cnn 0.068  (12s)
  JSR  -25.0 dB  BER 0.00e+00  P(det)@0.05 power_one_sided 0.092 power_two_sided 0.078 kurtosis 0.070 spec_cnn 0.062  (13s)
  JSR  -24.0 dB  BER 0.00e+00  P(det)@0.05 power_one_sided 0.137 power_two_sided 0.102 kurtosis 0.068 spec_cnn 0.076  (13s)
  JSR  -23.0 dB  BER 0.00e+00  P(det)@0.05 power_one_sided 0.168 power_two_sided 0.129 kurtosis 0.053 spec_cnn 0.059  (14s)
  JSR  -22.0 dB  BER 0.00e+00  P(det)@0.05 power_one_sided 0.219 power_two_sided 0.174 kurtosis 0.059 spec_cnn 0.076  (14s)
  JSR  -21.0 dB  BER 1.53e-05  P(det)@0.05 power_one_sided 0.227 power_two_sided 0.176 kurtosis 0.066 spec_cnn 0.074  (14s)
  JSR  -20.0 dB  BER 3.81e-05  P(det)@0.05 power_one_sided 0.289 power_two_sided 0.229 kurtosis 0.082 spec_cnn 0.086  (15s)
  JSR  -19.0 dB  BER 1.68e-04  P(det)@0.05 power_one_sided 0.373 power_two_sided 0.299 kurtosis 0.072 spec_cnn 0.129  (15s)
  JSR  -18.0 dB  BER 2.90e-04  P(det)@0.05 power_one_sided 0.480 power_two_sided 0.387 kurtosis 0.104 spec_cnn 0.146  (16s)
  JSR  -17.0 dB  BER 6.56e-04  P(det)@0.05 power_one_sided 0.596 power_two_sided 0.527 kurtosis 0.107 spec_cnn 0.154  (16s)
  JSR  -16.0 dB  BER 9.31e-04  P(det)@0.05 power_one_sided 0.693 power_two_sided 0.625 kurtosis 0.145 spec_cnn 0.186  (17s)
  JSR  -15.0 dB  BER 1.34e-03  P(det)@0.05 power_one_sided 0.773 power_two_sided 0.725 kurtosis 0.164 spec_cnn 0.201  (17s)
  JSR  -14.0 dB  BER 1.67e-03  P(det)@0.05 power_one_sided 0.904 power_two_sided 0.879 kurtosis 0.273 spec_cnn 0.262  (18s)
  JSR  -13.0 dB  BER 1.85e-03  P(det)@0.05 power_one_sided 0.959 power_two_sided 0.939 kurtosis 0.391 spec_cnn 0.311  (18s)
  JSR  -12.0 dB  BER 2.60e-03  P(det)@0.05 power_one_sided 0.971 power_two_sided 0.969 kurtosis 0.564 spec_cnn 0.322  (19s)
  JSR  -11.0 dB  BER 3.14e-03  P(det)@0.05 power_one_sided 0.992 power_two_sided 0.990 kurtosis 0.668 spec_cnn 0.396  (19s)
  JSR  -10.0 dB  BER 3.64e-03  P(det)@0.05 power_one_sided 1.000 power_two_sided 0.998 kurtosis 0.844 spec_cnn 0.480  (20s)
  JSR   -9.0 dB  BER 4.70e-03  P(det)@0.05 power_one_sided 1.000 power_two_sided 1.000 kurtosis 0.902 spec_cnn 0.586  (20s)
  JSR   -8.0 dB  BER 5.79e-03  P(det)@0.05 power_one_sided 1.000 power_two_sided 1.000 kurtosis 0.982 spec_cnn 0.639  (21s)
  JSR   -7.0 dB  BER 9.10e-03  P(det)@0.05 power_one_sided 1.000 power_two_sided 1.000 kurtosis 0.990 spec_cnn 0.748  (21s)
  JSR   -6.0 dB  BER 1.35e-02  P(det)@0.05 power_one_sided 1.000 power_two_sided 1.000 kurtosis 0.996 spec_cnn 0.820  (22s)
  JSR   -5.0 dB  BER 2.05e-02  P(det)@0.05 power_one_sided 1.000 power_two_sided 1.000 kurtosis 1.000 spec_cnn 0.918  (22s)
  JSR   -4.0 dB  BER 3.04e-02  P(det)@0.05 power_one_sided 1.000 power_two_sided 1.000 kurtosis 1.000 spec_cnn 0.967  (23s)
  JSR   -3.0 dB  BER 4.54e-02  P(det)@0.05 power_one_sided 1.000 power_two_sided 1.000 kurtosis 1.000 spec_cnn 0.990  (23s)
  JSR   -2.0 dB  BER 6.08e-02  P(det)@0.05 power_one_sided 1.000 power_two_sided 1.000 kurtosis 1.000 spec_cnn 1.000  (24s)
  JSR   -1.0 dB  BER 8.23e-02  P(det)@0.05 power_one_sided 1.000 power_two_sided 1.000 kurtosis 1.000 spec_cnn 0.998  (24s)
  JSR   +0.0 dB  BER 1.05e-01  P(det)@0.05 power_one_sided 1.000 power_two_sided 1.000 kurtosis 1.000 spec_cnn 1.000  (25s)
  JSR   +1.0 dB  BER 1.34e-01  P(det)@0.05 power_one_sided 1.000 power_two_sided 1.000 kurtosis 1.000 spec_cnn 1.000  (25s)
  JSR   +2.0 dB  BER 1.60e-01  P(det)@0.05 power_one_sided 1.000 power_two_sided 1.000 kurtosis 1.000 spec_cnn 1.000  (26s)
  JSR   +3.0 dB  BER 1.86e-01  P(det)@0.05 power_one_sided 1.000 power_two_sided 1.000 kurtosis 1.000 spec_cnn 1.000  (26s)
  JSR   +4.0 dB  BER 2.15e-01  P(det)@0.05 power_one_sided 1.000 power_two_sided 1.000 kurtosis 1.000 spec_cnn 1.000  (27s)
  JSR   +5.0 dB  BER 2.35e-01  P(det)@0.05 power_one_sided 1.000 power_two_sided 1.000 kurtosis 1.000 spec_cnn 1.000  (27s)
  JSR   +6.0 dB  BER 2.62e-01  P(det)@0.05 power_one_sided 1.000 power_two_sided 1.000 kurtosis 1.000 spec_cnn 1.000  (28s)
  JSR   +7.0 dB  BER 2.84e-01  P(det)@0.05 power_one_sided 1.000 power_two_sided 1.000 kurtosis 1.000 spec_cnn 1.000  (28s)
  JSR   +8.0 dB  BER 3.05e-01  P(det)@0.05 power_one_sided 1.000 power_two_sided 1.000 kurtosis 1.000 spec_cnn 1.000  (29s)
  JSR   +9.0 dB  BER 3.27e-01  P(det)@0.05 power_one_sided 1.000 power_two_sided 1.000 kurtosis 1.000 spec_cnn 1.000  (29s)
  JSR  +10.0 dB  BER 3.41e-01  P(det)@0.05 power_one_sided 1.000 power_two_sided 1.000 kurtosis 1.000 spec_cnn 1.000  (30s)
  JSR  +11.0 dB  BER 3.59e-01  P(det)@0.05 power_one_sided 1.000 power_two_sided 1.000 kurtosis 1.000 spec_cnn 1.000  (30s)
  JSR  +12.0 dB  BER 3.76e-01  P(det)@0.05 power_one_sided 1.000 power_two_sided 1.000 kurtosis 1.000 spec_cnn 1.000  (31s)
  JSR  +13.0 dB  BER 3.85e-01  P(det)@0.05 power_one_sided 1.000 power_two_sided 1.000 kurtosis 1.000 spec_cnn 1.000  (31s)
  JSR  +14.0 dB  BER 3.99e-01  P(det)@0.05 power_one_sided 1.000 power_two_sided 1.000 kurtosis 1.000 spec_cnn 1.000  (32s)
  JSR  +15.0 dB  BER 4.08e-01  P(det)@0.05 power_one_sided 1.000 power_two_sided 1.000 kurtosis 1.000 spec_cnn 1.000  (32s)
  [snr_10] power_two_sided_b1 confirmed: {"power_one_sided": {"0.01": {"index": 0, "sweep_ber": 0.0, "sweep_pdet": 0.005859375, "confirmed_ber": 0.0, "confirmed_ser": 0.0, "confirmed_pdet": 0.012451171875, "passed": true}, "0.05": {"index": 0, "sweep_ber": 0.0, "sweep_pdet": 0.048828125, "confirmed_ber": 0.0, "confirmed_ser": 0.0, "confirmed_pdet": 0.053955078125, "passed": true}}, "power_two_sided": {"0.01": {"index": 0, "sweep_ber": 0.0, "sweep_pdet": 0.0078125, "confirmed_ber": 0.0, "confirmed_ser": 0.0, "confirmed_pdet": 0.00927734375, "passed": true}, "0.05": {"index": 0, "sweep_ber": 0.0, "sweep_pdet": 0.052734375, "confirmed_ber": 0.0, "confirmed_ser": 0.0, "confirmed_pdet": 0.052490234375, "passed": true}}, "kurtosis": {"0.01": {"index": 29, "sweep_ber": 1.52587890625e-05, "sweep_pdet": 0.017578125, "confirmed_ber": 1.9073486328125e-05, "confirmed_ser": 3.814697265625e-05, "confirmed_pdet": 0.013427734375, "passed": false}, "0.05": {"index": 29, "sweep_ber": 1.52587890625e-05, "sweep_pdet": 0.06640625, "confirmed_ber": 1.71661376953125e-05, "confirmed_ser": 3.4332275390625e-05, "confirmed_pdet": 0.0537109375, "passed": true}}, "spec_cnn": {"0.01": {"index": 0, "sweep_ber": 0.0, "sweep_pdet": 0.0078125, "confirmed_ber": 0.0, "confirmed_ser": 0.0, "confirmed_pdet": 0.01025390625, "passed": true}, "0.05": {"index": 0, "sweep_ber": 0.0, "sweep_pdet": 0.0546875, "confirmed_ber": 0.0, "confirmed_ser": 0.0, "confirmed_pdet": 0.05419921875, "passed": true}}}  (873s)
  [snr_10] generator power_two_sided_b10 (scale 0.4022)
  JSR  -50.0 dB  BER 0.00e+00  P(det)@0.05 power_one_sided 0.061 power_two_sided 0.043 kurtosis 0.037 spec_cnn 0.057  (0s)
  JSR  -49.0 dB  BER 0.00e+00  P(det)@0.05 power_one_sided 0.064 power_two_sided 0.059 kurtosis 0.059 spec_cnn 0.047  (1s)
  JSR  -48.0 dB  BER 0.00e+00  P(det)@0.05 power_one_sided 0.057 power_two_sided 0.053 kurtosis 0.045 spec_cnn 0.045  (1s)
  JSR  -47.0 dB  BER 0.00e+00  P(det)@0.05 power_one_sided 0.057 power_two_sided 0.051 kurtosis 0.059 spec_cnn 0.051  (2s)
  JSR  -46.0 dB  BER 0.00e+00  P(det)@0.05 power_one_sided 0.049 power_two_sided 0.045 kurtosis 0.039 spec_cnn 0.049  (2s)
  JSR  -45.0 dB  BER 0.00e+00  P(det)@0.05 power_one_sided 0.043 power_two_sided 0.057 kurtosis 0.051 spec_cnn 0.059  (3s)
  JSR  -44.0 dB  BER 0.00e+00  P(det)@0.05 power_one_sided 0.053 power_two_sided 0.041 kurtosis 0.041 spec_cnn 0.049  (3s)
  JSR  -43.0 dB  BER 0.00e+00  P(det)@0.05 power_one_sided 0.049 power_two_sided 0.041 kurtosis 0.045 spec_cnn 0.053  (4s)
  JSR  -42.0 dB  BER 0.00e+00  P(det)@0.05 power_one_sided 0.049 power_two_sided 0.043 kurtosis 0.043 spec_cnn 0.064  (4s)
  JSR  -41.0 dB  BER 0.00e+00  P(det)@0.05 power_one_sided 0.045 power_two_sided 0.055 kurtosis 0.062 spec_cnn 0.047  (5s)
  JSR  -40.0 dB  BER 0.00e+00  P(det)@0.05 power_one_sided 0.045 power_two_sided 0.053 kurtosis 0.061 spec_cnn 0.045  (5s)
  JSR  -39.0 dB  BER 0.00e+00  P(det)@0.05 power_one_sided 0.078 power_two_sided 0.057 kurtosis 0.062 spec_cnn 0.051  (6s)
  JSR  -38.0 dB  BER 0.00e+00  P(det)@0.05 power_one_sided 0.061 power_two_sided 0.055 kurtosis 0.061 spec_cnn 0.059  (6s)
  JSR  -37.0 dB  BER 0.00e+00  P(det)@0.05 power_one_sided 0.049 power_two_sided 0.035 kurtosis 0.045 spec_cnn 0.029  (7s)
  JSR  -36.0 dB  BER 0.00e+00  P(det)@0.05 power_one_sided 0.045 power_two_sided 0.045 kurtosis 0.057 spec_cnn 0.057  (7s)
  JSR  -35.0 dB  BER 0.00e+00  P(det)@0.05 power_one_sided 0.047 power_two_sided 0.061 kurtosis 0.047 spec_cnn 0.057  (8s)
  JSR  -34.0 dB  BER 0.00e+00  P(det)@0.05 power_one_sided 0.051 power_two_sided 0.055 kurtosis 0.035 spec_cnn 0.059  (8s)
  JSR  -33.0 dB  BER 0.00e+00  P(det)@0.05 power_one_sided 0.057 power_two_sided 0.045 kurtosis 0.035 spec_cnn 0.049  (9s)
  JSR  -32.0 dB  BER 0.00e+00  P(det)@0.05 power_one_sided 0.068 power_two_sided 0.051 kurtosis 0.037 spec_cnn 0.051  (9s)
  JSR  -31.0 dB  BER 0.00e+00  P(det)@0.05 power_one_sided 0.062 power_two_sided 0.059 kurtosis 0.047 spec_cnn 0.045  (10s)
  JSR  -30.0 dB  BER 0.00e+00  P(det)@0.05 power_one_sided 0.082 power_two_sided 0.062 kurtosis 0.059 spec_cnn 0.070  (10s)
  JSR  -29.0 dB  BER 0.00e+00  P(det)@0.05 power_one_sided 0.068 power_two_sided 0.059 kurtosis 0.041 spec_cnn 0.064  (11s)
  JSR  -28.0 dB  BER 0.00e+00  P(det)@0.05 power_one_sided 0.057 power_two_sided 0.045 kurtosis 0.068 spec_cnn 0.049  (11s)
  JSR  -27.0 dB  BER 0.00e+00  P(det)@0.05 power_one_sided 0.100 power_two_sided 0.082 kurtosis 0.076 spec_cnn 0.049  (12s)
  JSR  -26.0 dB  BER 0.00e+00  P(det)@0.05 power_one_sided 0.084 power_two_sided 0.084 kurtosis 0.055 spec_cnn 0.064  (12s)
  JSR  -25.0 dB  BER 0.00e+00  P(det)@0.05 power_one_sided 0.123 power_two_sided 0.100 kurtosis 0.051 spec_cnn 0.051  (13s)
  JSR  -24.0 dB  BER 0.00e+00  P(det)@0.05 power_one_sided 0.127 power_two_sided 0.096 kurtosis 0.061 spec_cnn 0.074  (13s)
  JSR  -23.0 dB  BER 7.63e-06  P(det)@0.05 power_one_sided 0.188 power_two_sided 0.135 kurtosis 0.061 spec_cnn 0.057  (14s)
  JSR  -22.0 dB  BER 2.29e-05  P(det)@0.05 power_one_sided 0.197 power_two_sided 0.148 kurtosis 0.045 spec_cnn 0.070  (14s)
  JSR  -21.0 dB  BER 5.34e-05  P(det)@0.05 power_one_sided 0.264 power_two_sided 0.184 kurtosis 0.043 spec_cnn 0.070  (15s)
  JSR  -20.0 dB  BER 2.21e-04  P(det)@0.05 power_one_sided 0.309 power_two_sided 0.234 kurtosis 0.066 spec_cnn 0.080  (15s)
  JSR  -19.0 dB  BER 3.43e-04  P(det)@0.05 power_one_sided 0.371 power_two_sided 0.312 kurtosis 0.088 spec_cnn 0.094  (16s)
  JSR  -18.0 dB  BER 7.32e-04  P(det)@0.05 power_one_sided 0.498 power_two_sided 0.418 kurtosis 0.078 spec_cnn 0.115  (16s)
  JSR  -17.0 dB  BER 1.08e-03  P(det)@0.05 power_one_sided 0.621 power_two_sided 0.553 kurtosis 0.078 spec_cnn 0.109  (17s)
  JSR  -16.0 dB  BER 1.35e-03  P(det)@0.05 power_one_sided 0.709 power_two_sided 0.662 kurtosis 0.158 spec_cnn 0.152  (17s)
  JSR  -15.0 dB  BER 2.04e-03  P(det)@0.05 power_one_sided 0.807 power_two_sided 0.754 kurtosis 0.262 spec_cnn 0.172  (18s)
  JSR  -14.0 dB  BER 2.32e-03  P(det)@0.05 power_one_sided 0.910 power_two_sided 0.867 kurtosis 0.336 spec_cnn 0.229  (18s)
  JSR  -13.0 dB  BER 2.59e-03  P(det)@0.05 power_one_sided 0.953 power_two_sided 0.934 kurtosis 0.412 spec_cnn 0.238  (19s)
  JSR  -12.0 dB  BER 2.97e-03  P(det)@0.05 power_one_sided 0.975 power_two_sided 0.963 kurtosis 0.666 spec_cnn 0.336  (19s)
  JSR  -11.0 dB  BER 3.03e-03  P(det)@0.05 power_one_sided 0.994 power_two_sided 0.990 kurtosis 0.795 spec_cnn 0.369  (19s)
  JSR  -10.0 dB  BER 3.60e-03  P(det)@0.05 power_one_sided 0.998 power_two_sided 0.998 kurtosis 0.900 spec_cnn 0.477  (20s)
  JSR   -9.0 dB  BER 4.26e-03  P(det)@0.05 power_one_sided 1.000 power_two_sided 1.000 kurtosis 0.965 spec_cnn 0.516  (20s)
  JSR   -8.0 dB  BER 5.12e-03  P(det)@0.05 power_one_sided 1.000 power_two_sided 1.000 kurtosis 0.994 spec_cnn 0.600  (21s)
  JSR   -7.0 dB  BER 6.62e-03  P(det)@0.05 power_one_sided 1.000 power_two_sided 1.000 kurtosis 1.000 spec_cnn 0.689  (21s)
  JSR   -6.0 dB  BER 1.06e-02  P(det)@0.05 power_one_sided 1.000 power_two_sided 1.000 kurtosis 1.000 spec_cnn 0.807  (22s)
  JSR   -5.0 dB  BER 1.62e-02  P(det)@0.05 power_one_sided 1.000 power_two_sided 1.000 kurtosis 1.000 spec_cnn 0.863  (22s)
  JSR   -4.0 dB  BER 2.45e-02  P(det)@0.05 power_one_sided 1.000 power_two_sided 1.000 kurtosis 1.000 spec_cnn 0.934  (23s)
  JSR   -3.0 dB  BER 3.64e-02  P(det)@0.05 power_one_sided 1.000 power_two_sided 1.000 kurtosis 1.000 spec_cnn 0.979  (23s)
  JSR   -2.0 dB  BER 5.33e-02  P(det)@0.05 power_one_sided 1.000 power_two_sided 1.000 kurtosis 1.000 spec_cnn 0.994  (24s)
  JSR   -1.0 dB  BER 7.26e-02  P(det)@0.05 power_one_sided 1.000 power_two_sided 1.000 kurtosis 1.000 spec_cnn 1.000  (24s)
  JSR   +0.0 dB  BER 9.67e-02  P(det)@0.05 power_one_sided 1.000 power_two_sided 1.000 kurtosis 1.000 spec_cnn 1.000  (25s)
  JSR   +1.0 dB  BER 1.22e-01  P(det)@0.05 power_one_sided 1.000 power_two_sided 1.000 kurtosis 1.000 spec_cnn 1.000  (25s)
  JSR   +2.0 dB  BER 1.48e-01  P(det)@0.05 power_one_sided 1.000 power_two_sided 1.000 kurtosis 1.000 spec_cnn 1.000  (26s)
  JSR   +3.0 dB  BER 1.77e-01  P(det)@0.05 power_one_sided 1.000 power_two_sided 1.000 kurtosis 1.000 spec_cnn 1.000  (26s)
  JSR   +4.0 dB  BER 2.03e-01  P(det)@0.05 power_one_sided 1.000 power_two_sided 1.000 kurtosis 1.000 spec_cnn 1.000  (27s)
  JSR   +5.0 dB  BER 2.29e-01  P(det)@0.05 power_one_sided 1.000 power_two_sided 1.000 kurtosis 1.000 spec_cnn 1.000  (27s)
  JSR   +6.0 dB  BER 2.53e-01  P(det)@0.05 power_one_sided 1.000 power_two_sided 1.000 kurtosis 1.000 spec_cnn 1.000  (28s)
  JSR   +7.0 dB  BER 2.78e-01  P(det)@0.05 power_one_sided 1.000 power_two_sided 1.000 kurtosis 1.000 spec_cnn 1.000  (28s)
  JSR   +8.0 dB  BER 3.00e-01  P(det)@0.05 power_one_sided 1.000 power_two_sided 1.000 kurtosis 1.000 spec_cnn 1.000  (29s)
  JSR   +9.0 dB  BER 3.19e-01  P(det)@0.05 power_one_sided 1.000 power_two_sided 1.000 kurtosis 1.000 spec_cnn 1.000  (29s)
  JSR  +10.0 dB  BER 3.38e-01  P(det)@0.05 power_one_sided 1.000 power_two_sided 1.000 kurtosis 1.000 spec_cnn 1.000  (30s)
  JSR  +11.0 dB  BER 3.53e-01  P(det)@0.05 power_one_sided 1.000 power_two_sided 1.000 kurtosis 1.000 spec_cnn 1.000  (30s)
  JSR  +12.0 dB  BER 3.68e-01  P(det)@0.05 power_one_sided 1.000 power_two_sided 1.000 kurtosis 1.000 spec_cnn 1.000  (31s)
  JSR  +13.0 dB  BER 3.80e-01  P(det)@0.05 power_one_sided 1.000 power_two_sided 1.000 kurtosis 1.000 spec_cnn 1.000  (31s)
  JSR  +14.0 dB  BER 3.97e-01  P(det)@0.05 power_one_sided 1.000 power_two_sided 1.000 kurtosis 1.000 spec_cnn 1.000  (32s)
  JSR  +15.0 dB  BER 4.06e-01  P(det)@0.05 power_one_sided 1.000 power_two_sided 1.000 kurtosis 1.000 spec_cnn 1.000  (32s)
  [snr_10] power_two_sided_b10 confirmed: {"power_one_sided": {"0.01": {"index": 0, "sweep_ber": 0.0, "sweep_pdet": 0.013671875, "confirmed_ber": 0.0, "confirmed_ser": 0.0, "confirmed_pdet": 0.010498046875, "passed": true}, "0.05": {"index": 0, "sweep_ber": 0.0, "sweep_pdet": 0.060546875, "confirmed_ber": 0.0, "confirmed_ser": 0.0, "confirmed_pdet": 0.048095703125, "passed": true}}, "power_two_sided": {"0.01": {"index": 0, "sweep_ber": 0.0, "sweep_pdet": 0.015625, "confirmed_ber": 0.0, "confirmed_ser": 0.0, "confirmed_pdet": 0.0107421875, "passed": true}, "0.05": {"index": 0, "sweep_ber": 0.0, "sweep_pdet": 0.04296875, "confirmed_ber": 0.0, "confirmed_ser": 0.0, "confirmed_pdet": 0.048583984375, "passed": true}}, "kurtosis": {"0.01": {"index": 29, "sweep_ber": 5.340576171875e-05, "sweep_pdet": 0.009765625, "confirmed_ber": 6.771087646484375e-05, "confirmed_ser": 0.0001354217529296875, "confirmed_pdet": 0.01318359375, "passed": false}, "0.05": {"index": 30, "sweep_ber": 0.00022125244140625, "sweep_pdet": 0.06640625, "confirmed_ber": 0.00017261505126953125, "confirmed_ser": 0.0003452301025390625, "confirmed_pdet": 0.069091796875, "passed": false}}, "spec_cnn": {"0.01": {"index": 30, "sweep_ber": 0.00022125244140625, "sweep_pdet": 0.017578125, "confirmed_ber": 0.0001735687255859375, "confirmed_ser": 0.000347137451171875, "confirmed_pdet": 0.020751953125, "passed": false}, "0.05": {"index": 27, "sweep_ber": 7.62939453125e-06, "sweep_pdet": 0.056640625, "confirmed_ber": 2.86102294921875e-06, "confirmed_ser": 5.7220458984375e-06, "confirmed_pdet": 0.066162109375, "passed": false}}}  (936s)
  [snr_10] generator power_two_sided_b100 (scale 0.4022)
  JSR  -50.0 dB  BER 0.00e+00  P(det)@0.05 power_one_sided 0.035 power_two_sided 0.049 kurtosis 0.049 spec_cnn 0.055  (0s)
  JSR  -49.0 dB  BER 0.00e+00  P(det)@0.05 power_one_sided 0.055 power_two_sided 0.049 kurtosis 0.045 spec_cnn 0.045  (1s)
  JSR  -48.0 dB  BER 0.00e+00  P(det)@0.05 power_one_sided 0.049 power_two_sided 0.043 kurtosis 0.066 spec_cnn 0.041  (1s)
  JSR  -47.0 dB  BER 0.00e+00  P(det)@0.05 power_one_sided 0.068 power_two_sided 0.057 kurtosis 0.051 spec_cnn 0.037  (2s)
  JSR  -46.0 dB  BER 0.00e+00  P(det)@0.05 power_one_sided 0.045 power_two_sided 0.043 kurtosis 0.057 spec_cnn 0.068  (2s)
  JSR  -45.0 dB  BER 0.00e+00  P(det)@0.05 power_one_sided 0.055 power_two_sided 0.066 kurtosis 0.045 spec_cnn 0.064  (3s)
  JSR  -44.0 dB  BER 0.00e+00  P(det)@0.05 power_one_sided 0.035 power_two_sided 0.045 kurtosis 0.053 spec_cnn 0.061  (3s)
  JSR  -43.0 dB  BER 0.00e+00  P(det)@0.05 power_one_sided 0.055 power_two_sided 0.057 kurtosis 0.047 spec_cnn 0.062  (4s)
  JSR  -42.0 dB  BER 0.00e+00  P(det)@0.05 power_one_sided 0.062 power_two_sided 0.053 kurtosis 0.041 spec_cnn 0.066  (4s)
  JSR  -41.0 dB  BER 0.00e+00  P(det)@0.05 power_one_sided 0.064 power_two_sided 0.062 kurtosis 0.051 spec_cnn 0.055  (5s)
  JSR  -40.0 dB  BER 0.00e+00  P(det)@0.05 power_one_sided 0.045 power_two_sided 0.059 kurtosis 0.072 spec_cnn 0.066  (5s)
  JSR  -39.0 dB  BER 0.00e+00  P(det)@0.05 power_one_sided 0.051 power_two_sided 0.053 kurtosis 0.057 spec_cnn 0.051  (6s)
  JSR  -38.0 dB  BER 0.00e+00  P(det)@0.05 power_one_sided 0.031 power_two_sided 0.033 kurtosis 0.072 spec_cnn 0.059  (6s)
  JSR  -37.0 dB  BER 0.00e+00  P(det)@0.05 power_one_sided 0.041 power_two_sided 0.049 kurtosis 0.049 spec_cnn 0.068  (7s)
  JSR  -36.0 dB  BER 0.00e+00  P(det)@0.05 power_one_sided 0.068 power_two_sided 0.072 kurtosis 0.066 spec_cnn 0.033  (7s)
  JSR  -35.0 dB  BER 0.00e+00  P(det)@0.05 power_one_sided 0.061 power_two_sided 0.059 kurtosis 0.045 spec_cnn 0.068  (8s)
  JSR  -34.0 dB  BER 0.00e+00  P(det)@0.05 power_one_sided 0.064 power_two_sided 0.066 kurtosis 0.059 spec_cnn 0.045  (8s)
  JSR  -33.0 dB  BER 0.00e+00  P(det)@0.05 power_one_sided 0.070 power_two_sided 0.070 kurtosis 0.037 spec_cnn 0.045  (9s)
  JSR  -32.0 dB  BER 0.00e+00  P(det)@0.05 power_one_sided 0.072 power_two_sided 0.049 kurtosis 0.061 spec_cnn 0.051  (9s)
  JSR  -31.0 dB  BER 0.00e+00  P(det)@0.05 power_one_sided 0.055 power_two_sided 0.051 kurtosis 0.049 spec_cnn 0.049  (10s)
  JSR  -30.0 dB  BER 0.00e+00  P(det)@0.05 power_one_sided 0.068 power_two_sided 0.064 kurtosis 0.037 spec_cnn 0.039  (10s)
  JSR  -29.0 dB  BER 0.00e+00  P(det)@0.05 power_one_sided 0.059 power_two_sided 0.064 kurtosis 0.041 spec_cnn 0.049  (11s)
  JSR  -28.0 dB  BER 0.00e+00  P(det)@0.05 power_one_sided 0.068 power_two_sided 0.055 kurtosis 0.057 spec_cnn 0.053  (11s)
  JSR  -27.0 dB  BER 0.00e+00  P(det)@0.05 power_one_sided 0.094 power_two_sided 0.076 kurtosis 0.047 spec_cnn 0.064  (12s)
  JSR  -26.0 dB  BER 0.00e+00  P(det)@0.05 power_one_sided 0.088 power_two_sided 0.074 kurtosis 0.051 spec_cnn 0.062  (12s)
  JSR  -25.0 dB  BER 0.00e+00  P(det)@0.05 power_one_sided 0.115 power_two_sided 0.082 kurtosis 0.070 spec_cnn 0.062  (13s)
  JSR  -24.0 dB  BER 0.00e+00  P(det)@0.05 power_one_sided 0.135 power_two_sided 0.096 kurtosis 0.047 spec_cnn 0.072  (13s)
  JSR  -23.0 dB  BER 7.63e-06  P(det)@0.05 power_one_sided 0.152 power_two_sided 0.107 kurtosis 0.043 spec_cnn 0.080  (14s)
  JSR  -22.0 dB  BER 2.29e-05  P(det)@0.05 power_one_sided 0.174 power_two_sided 0.135 kurtosis 0.053 spec_cnn 0.072  (14s)
  JSR  -21.0 dB  BER 4.58e-05  P(det)@0.05 power_one_sided 0.234 power_two_sided 0.172 kurtosis 0.059 spec_cnn 0.086  (14s)
  JSR  -20.0 dB  BER 1.91e-04  P(det)@0.05 power_one_sided 0.303 power_two_sided 0.248 kurtosis 0.059 spec_cnn 0.094  (15s)
  JSR  -19.0 dB  BER 3.81e-04  P(det)@0.05 power_one_sided 0.408 power_two_sided 0.324 kurtosis 0.072 spec_cnn 0.094  (15s)
  JSR  -18.0 dB  BER 6.33e-04  P(det)@0.05 power_one_sided 0.516 power_two_sided 0.438 kurtosis 0.080 spec_cnn 0.105  (16s)
  JSR  -17.0 dB  BER 1.08e-03  P(det)@0.05 power_one_sided 0.629 power_two_sided 0.559 kurtosis 0.141 spec_cnn 0.119  (16s)
  JSR  -16.0 dB  BER 1.53e-03  P(det)@0.05 power_one_sided 0.711 power_two_sided 0.635 kurtosis 0.166 spec_cnn 0.154  (17s)
  JSR  -15.0 dB  BER 1.80e-03  P(det)@0.05 power_one_sided 0.809 power_two_sided 0.752 kurtosis 0.242 spec_cnn 0.174  (17s)
  JSR  -14.0 dB  BER 2.28e-03  P(det)@0.05 power_one_sided 0.914 power_two_sided 0.881 kurtosis 0.354 spec_cnn 0.238  (18s)
  JSR  -13.0 dB  BER 2.53e-03  P(det)@0.05 power_one_sided 0.963 power_two_sided 0.945 kurtosis 0.510 spec_cnn 0.256  (18s)
  JSR  -12.0 dB  BER 2.99e-03  P(det)@0.05 power_one_sided 0.984 power_two_sided 0.980 kurtosis 0.598 spec_cnn 0.340  (19s)
  JSR  -11.0 dB  BER 3.43e-03  P(det)@0.05 power_one_sided 0.994 power_two_sided 0.992 kurtosis 0.770 spec_cnn 0.375  (19s)
  JSR  -10.0 dB  BER 3.75e-03  P(det)@0.05 power_one_sided 1.000 power_two_sided 1.000 kurtosis 0.881 spec_cnn 0.416  (20s)
  JSR   -9.0 dB  BER 4.43e-03  P(det)@0.05 power_one_sided 1.000 power_two_sided 1.000 kurtosis 0.961 spec_cnn 0.535  (20s)
  JSR   -8.0 dB  BER 5.07e-03  P(det)@0.05 power_one_sided 1.000 power_two_sided 1.000 kurtosis 0.986 spec_cnn 0.629  (21s)
  JSR   -7.0 dB  BER 6.74e-03  P(det)@0.05 power_one_sided 1.000 power_two_sided 1.000 kurtosis 0.998 spec_cnn 0.723  (21s)
  JSR   -6.0 dB  BER 1.05e-02  P(det)@0.05 power_one_sided 1.000 power_two_sided 1.000 kurtosis 1.000 spec_cnn 0.832  (22s)
  JSR   -5.0 dB  BER 1.46e-02  P(det)@0.05 power_one_sided 1.000 power_two_sided 1.000 kurtosis 1.000 spec_cnn 0.891  (22s)
  JSR   -4.0 dB  BER 2.27e-02  P(det)@0.05 power_one_sided 1.000 power_two_sided 1.000 kurtosis 1.000 spec_cnn 0.965  (23s)
  JSR   -3.0 dB  BER 3.47e-02  P(det)@0.05 power_one_sided 1.000 power_two_sided 1.000 kurtosis 1.000 spec_cnn 0.986  (23s)
  JSR   -2.0 dB  BER 5.18e-02  P(det)@0.05 power_one_sided 1.000 power_two_sided 1.000 kurtosis 1.000 spec_cnn 0.996  (24s)
  JSR   -1.0 dB  BER 7.05e-02  P(det)@0.05 power_one_sided 1.000 power_two_sided 1.000 kurtosis 1.000 spec_cnn 1.000  (24s)
  JSR   +0.0 dB  BER 9.30e-02  P(det)@0.05 power_one_sided 1.000 power_two_sided 1.000 kurtosis 1.000 spec_cnn 1.000  (25s)
  JSR   +1.0 dB  BER 1.20e-01  P(det)@0.05 power_one_sided 1.000 power_two_sided 1.000 kurtosis 1.000 spec_cnn 1.000  (25s)
  JSR   +2.0 dB  BER 1.46e-01  P(det)@0.05 power_one_sided 1.000 power_two_sided 1.000 kurtosis 1.000 spec_cnn 1.000  (26s)
  JSR   +3.0 dB  BER 1.72e-01  P(det)@0.05 power_one_sided 1.000 power_two_sided 1.000 kurtosis 1.000 spec_cnn 1.000  (26s)
  JSR   +4.0 dB  BER 1.95e-01  P(det)@0.05 power_one_sided 1.000 power_two_sided 1.000 kurtosis 1.000 spec_cnn 1.000  (27s)
  JSR   +5.0 dB  BER 2.24e-01  P(det)@0.05 power_one_sided 1.000 power_two_sided 1.000 kurtosis 1.000 spec_cnn 1.000  (27s)
  JSR   +6.0 dB  BER 2.50e-01  P(det)@0.05 power_one_sided 1.000 power_two_sided 1.000 kurtosis 1.000 spec_cnn 1.000  (28s)
  JSR   +7.0 dB  BER 2.69e-01  P(det)@0.05 power_one_sided 1.000 power_two_sided 1.000 kurtosis 1.000 spec_cnn 1.000  (28s)
  JSR   +8.0 dB  BER 2.95e-01  P(det)@0.05 power_one_sided 1.000 power_two_sided 1.000 kurtosis 1.000 spec_cnn 1.000  (29s)
  JSR   +9.0 dB  BER 3.13e-01  P(det)@0.05 power_one_sided 1.000 power_two_sided 1.000 kurtosis 1.000 spec_cnn 1.000  (29s)
  JSR  +10.0 dB  BER 3.32e-01  P(det)@0.05 power_one_sided 1.000 power_two_sided 1.000 kurtosis 1.000 spec_cnn 1.000  (30s)
  JSR  +11.0 dB  BER 3.50e-01  P(det)@0.05 power_one_sided 1.000 power_two_sided 1.000 kurtosis 1.000 spec_cnn 1.000  (30s)
  JSR  +12.0 dB  BER 3.67e-01  P(det)@0.05 power_one_sided 1.000 power_two_sided 1.000 kurtosis 1.000 spec_cnn 1.000  (30s)
  JSR  +13.0 dB  BER 3.82e-01  P(det)@0.05 power_one_sided 1.000 power_two_sided 1.000 kurtosis 1.000 spec_cnn 1.000  (31s)
  JSR  +14.0 dB  BER 3.92e-01  P(det)@0.05 power_one_sided 1.000 power_two_sided 1.000 kurtosis 1.000 spec_cnn 1.000  (31s)
  JSR  +15.0 dB  BER 4.04e-01  P(det)@0.05 power_one_sided 1.000 power_two_sided 1.000 kurtosis 1.000 spec_cnn 1.000  (32s)
  [snr_10] power_two_sided_b100 confirmed: {"power_one_sided": {"0.01": {"index": 0, "sweep_ber": 0.0, "sweep_pdet": 0.0078125, "confirmed_ber": 0.0, "confirmed_ser": 0.0, "confirmed_pdet": 0.009521484375, "passed": true}, "0.05": {"index": 0, "sweep_ber": 0.0, "sweep_pdet": 0.03515625, "confirmed_ber": 0.0, "confirmed_ser": 0.0, "confirmed_pdet": 0.049560546875, "passed": true}}, "power_two_sided": {"0.01": {"index": 0, "sweep_ber": 0.0, "sweep_pdet": 0.009765625, "confirmed_ber": 0.0, "confirmed_ser": 0.0, "confirmed_pdet": 0.013427734375, "passed": false}, "0.05": {"index": 0, "sweep_ber": 0.0, "sweep_pdet": 0.048828125, "confirmed_ber": 0.0, "confirmed_ser": 0.0, "confirmed_pdet": 0.05224609375, "passed": true}}, "kurtosis": {"0.01": {"index": 30, "sweep_ber": 0.00019073486328125, "sweep_pdet": 0.01171875, "confirmed_ber": 0.0001888275146484375, "confirmed_ser": 0.000377655029296875, "confirmed_pdet": 0.011962890625, "passed": true}, "0.05": {"index": 30, "sweep_ber": 0.00019073486328125, "sweep_pdet": 0.05859375, "confirmed_ber": 0.00019168853759765625, "confirmed_ser": 0.0003833770751953125, "confirmed_pdet": 0.06982421875, "passed": false}}, "spec_cnn": {"0.01": {"index": 30, "sweep_ber": 0.00019073486328125, "sweep_pdet": 0.017578125, "confirmed_ber": 0.0001888275146484375, "confirmed_ser": 0.000377655029296875, "confirmed_pdet": 0.01806640625, "passed": false}, "0.05": {"index": 0, "sweep_ber": 0.0, "sweep_pdet": 0.0546875, "confirmed_ber": 0.0, "confirmed_ser": 0.0, "confirmed_pdet": 0.052734375, "passed": true}}}  (999s)
  [snr_10] generator power_two_sided_b1000 (scale 0.4022)
  JSR  -50.0 dB  BER 0.00e+00  P(det)@0.05 power_one_sided 0.039 power_two_sided 0.047 kurtosis 0.055 spec_cnn 0.055  (0s)
  JSR  -49.0 dB  BER 0.00e+00  P(det)@0.05 power_one_sided 0.061 power_two_sided 0.055 kurtosis 0.047 spec_cnn 0.043  (1s)
  JSR  -48.0 dB  BER 0.00e+00  P(det)@0.05 power_one_sided 0.057 power_two_sided 0.045 kurtosis 0.064 spec_cnn 0.047  (1s)
  JSR  -47.0 dB  BER 0.00e+00  P(det)@0.05 power_one_sided 0.033 power_two_sided 0.039 kurtosis 0.041 spec_cnn 0.029  (2s)
  JSR  -46.0 dB  BER 0.00e+00  P(det)@0.05 power_one_sided 0.064 power_two_sided 0.047 kurtosis 0.059 spec_cnn 0.033  (2s)
  JSR  -45.0 dB  BER 0.00e+00  P(det)@0.05 power_one_sided 0.045 power_two_sided 0.049 kurtosis 0.049 spec_cnn 0.047  (3s)
  JSR  -44.0 dB  BER 0.00e+00  P(det)@0.05 power_one_sided 0.037 power_two_sided 0.043 kurtosis 0.039 spec_cnn 0.045  (3s)
  JSR  -43.0 dB  BER 0.00e+00  P(det)@0.05 power_one_sided 0.059 power_two_sided 0.055 kurtosis 0.061 spec_cnn 0.051  (4s)
  JSR  -42.0 dB  BER 0.00e+00  P(det)@0.05 power_one_sided 0.035 power_two_sided 0.047 kurtosis 0.064 spec_cnn 0.068  (4s)
  JSR  -41.0 dB  BER 0.00e+00  P(det)@0.05 power_one_sided 0.051 power_two_sided 0.061 kurtosis 0.045 spec_cnn 0.047  (5s)
  JSR  -40.0 dB  BER 0.00e+00  P(det)@0.05 power_one_sided 0.061 power_two_sided 0.066 kurtosis 0.049 spec_cnn 0.076  (5s)
  JSR  -39.0 dB  BER 0.00e+00  P(det)@0.05 power_one_sided 0.074 power_two_sided 0.072 kurtosis 0.047 spec_cnn 0.061  (6s)
  JSR  -38.0 dB  BER 0.00e+00  P(det)@0.05 power_one_sided 0.053 power_two_sided 0.055 kurtosis 0.053 spec_cnn 0.055  (6s)
  JSR  -37.0 dB  BER 0.00e+00  P(det)@0.05 power_one_sided 0.047 power_two_sided 0.047 kurtosis 0.055 spec_cnn 0.055  (7s)
  JSR  -36.0 dB  BER 0.00e+00  P(det)@0.05 power_one_sided 0.061 power_two_sided 0.055 kurtosis 0.055 spec_cnn 0.059  (7s)
  JSR  -35.0 dB  BER 0.00e+00  P(det)@0.05 power_one_sided 0.053 power_two_sided 0.053 kurtosis 0.057 spec_cnn 0.045  (8s)
  JSR  -34.0 dB  BER 0.00e+00  P(det)@0.05 power_one_sided 0.061 power_two_sided 0.045 kurtosis 0.047 spec_cnn 0.064  (8s)
  JSR  -33.0 dB  BER 0.00e+00  P(det)@0.05 power_one_sided 0.068 power_two_sided 0.051 kurtosis 0.061 spec_cnn 0.053  (9s)
  JSR  -32.0 dB  BER 0.00e+00  P(det)@0.05 power_one_sided 0.039 power_two_sided 0.039 kurtosis 0.059 spec_cnn 0.049  (9s)
  JSR  -31.0 dB  BER 0.00e+00  P(det)@0.05 power_one_sided 0.055 power_two_sided 0.066 kurtosis 0.045 spec_cnn 0.068  (10s)
  JSR  -30.0 dB  BER 0.00e+00  P(det)@0.05 power_one_sided 0.072 power_two_sided 0.051 kurtosis 0.057 spec_cnn 0.051  (10s)
  JSR  -29.0 dB  BER 0.00e+00  P(det)@0.05 power_one_sided 0.076 power_two_sided 0.068 kurtosis 0.045 spec_cnn 0.070  (11s)
  JSR  -28.0 dB  BER 0.00e+00  P(det)@0.05 power_one_sided 0.078 power_two_sided 0.057 kurtosis 0.082 spec_cnn 0.055  (11s)
  JSR  -27.0 dB  BER 0.00e+00  P(det)@0.05 power_one_sided 0.074 power_two_sided 0.068 kurtosis 0.047 spec_cnn 0.039  (12s)
  JSR  -26.0 dB  BER 0.00e+00  P(det)@0.05 power_one_sided 0.090 power_two_sided 0.068 kurtosis 0.051 spec_cnn 0.064  (12s)
  JSR  -25.0 dB  BER 0.00e+00  P(det)@0.05 power_one_sided 0.086 power_two_sided 0.064 kurtosis 0.059 spec_cnn 0.051  (13s)
  JSR  -24.0 dB  BER 0.00e+00  P(det)@0.05 power_one_sided 0.139 power_two_sided 0.098 kurtosis 0.055 spec_cnn 0.049  (13s)
  JSR  -23.0 dB  BER 0.00e+00  P(det)@0.05 power_one_sided 0.137 power_two_sided 0.104 kurtosis 0.045 spec_cnn 0.070  (14s)
  JSR  -22.0 dB  BER 0.00e+00  P(det)@0.05 power_one_sided 0.205 power_two_sided 0.148 kurtosis 0.057 spec_cnn 0.061  (14s)
  JSR  -21.0 dB  BER 0.00e+00  P(det)@0.05 power_one_sided 0.227 power_two_sided 0.174 kurtosis 0.045 spec_cnn 0.080  (14s)
  JSR  -20.0 dB  BER 3.05e-05  P(det)@0.05 power_one_sided 0.311 power_two_sided 0.242 kurtosis 0.055 spec_cnn 0.100  (15s)
  JSR  -19.0 dB  BER 9.16e-05  P(det)@0.05 power_one_sided 0.357 power_two_sided 0.273 kurtosis 0.072 spec_cnn 0.090  (15s)
  JSR  -18.0 dB  BER 2.06e-04  P(det)@0.05 power_one_sided 0.492 power_two_sided 0.410 kurtosis 0.070 spec_cnn 0.111  (16s)
  JSR  -17.0 dB  BER 4.65e-04  P(det)@0.05 power_one_sided 0.508 power_two_sided 0.436 kurtosis 0.092 spec_cnn 0.145  (16s)
  JSR  -16.0 dB  BER 4.65e-04  P(det)@0.05 power_one_sided 0.650 power_two_sided 0.580 kurtosis 0.125 spec_cnn 0.148  (17s)
  JSR  -15.0 dB  BER 7.48e-04  P(det)@0.05 power_one_sided 0.795 power_two_sided 0.736 kurtosis 0.182 spec_cnn 0.180  (17s)
  JSR  -14.0 dB  BER 1.08e-03  P(det)@0.05 power_one_sided 0.871 power_two_sided 0.838 kurtosis 0.258 spec_cnn 0.229  (18s)
  JSR  -13.0 dB  BER 1.32e-03  P(det)@0.05 power_one_sided 0.951 power_two_sided 0.932 kurtosis 0.361 spec_cnn 0.244  (18s)
  JSR  -12.0 dB  BER 1.83e-03  P(det)@0.05 power_one_sided 0.984 power_two_sided 0.980 kurtosis 0.463 spec_cnn 0.312  (19s)
  JSR  -11.0 dB  BER 2.33e-03  P(det)@0.05 power_one_sided 0.990 power_two_sided 0.990 kurtosis 0.680 spec_cnn 0.369  (19s)
  JSR  -10.0 dB  BER 2.75e-03  P(det)@0.05 power_one_sided 1.000 power_two_sided 1.000 kurtosis 0.797 spec_cnn 0.500  (20s)
  JSR   -9.0 dB  BER 3.65e-03  P(det)@0.05 power_one_sided 1.000 power_two_sided 1.000 kurtosis 0.881 spec_cnn 0.549  (20s)
  JSR   -8.0 dB  BER 5.52e-03  P(det)@0.05 power_one_sided 1.000 power_two_sided 1.000 kurtosis 0.955 spec_cnn 0.648  (21s)
  JSR   -7.0 dB  BER 7.93e-03  P(det)@0.05 power_one_sided 1.000 power_two_sided 1.000 kurtosis 0.988 spec_cnn 0.723  (21s)
  JSR   -6.0 dB  BER 1.34e-02  P(det)@0.05 power_one_sided 1.000 power_two_sided 1.000 kurtosis 1.000 spec_cnn 0.816  (22s)
  JSR   -5.0 dB  BER 2.08e-02  P(det)@0.05 power_one_sided 1.000 power_two_sided 1.000 kurtosis 1.000 spec_cnn 0.896  (22s)
  JSR   -4.0 dB  BER 3.31e-02  P(det)@0.05 power_one_sided 1.000 power_two_sided 1.000 kurtosis 1.000 spec_cnn 0.926  (23s)
  JSR   -3.0 dB  BER 5.03e-02  P(det)@0.05 power_one_sided 1.000 power_two_sided 1.000 kurtosis 1.000 spec_cnn 0.965  (23s)
  JSR   -2.0 dB  BER 7.02e-02  P(det)@0.05 power_one_sided 1.000 power_two_sided 1.000 kurtosis 1.000 spec_cnn 0.994  (24s)
  JSR   -1.0 dB  BER 9.24e-02  P(det)@0.05 power_one_sided 1.000 power_two_sided 1.000 kurtosis 1.000 spec_cnn 0.996  (24s)
  JSR   +0.0 dB  BER 1.18e-01  P(det)@0.05 power_one_sided 1.000 power_two_sided 1.000 kurtosis 1.000 spec_cnn 1.000  (25s)
  JSR   +1.0 dB  BER 1.46e-01  P(det)@0.05 power_one_sided 1.000 power_two_sided 1.000 kurtosis 1.000 spec_cnn 1.000  (25s)
  JSR   +2.0 dB  BER 1.72e-01  P(det)@0.05 power_one_sided 1.000 power_two_sided 1.000 kurtosis 1.000 spec_cnn 1.000  (26s)
  JSR   +3.0 dB  BER 1.98e-01  P(det)@0.05 power_one_sided 1.000 power_two_sided 1.000 kurtosis 1.000 spec_cnn 1.000  (26s)
  JSR   +4.0 dB  BER 2.23e-01  P(det)@0.05 power_one_sided 1.000 power_two_sided 1.000 kurtosis 1.000 spec_cnn 1.000  (27s)
  JSR   +5.0 dB  BER 2.51e-01  P(det)@0.05 power_one_sided 1.000 power_two_sided 1.000 kurtosis 1.000 spec_cnn 1.000  (27s)
  JSR   +6.0 dB  BER 2.75e-01  P(det)@0.05 power_one_sided 1.000 power_two_sided 1.000 kurtosis 1.000 spec_cnn 1.000  (28s)
  JSR   +7.0 dB  BER 2.96e-01  P(det)@0.05 power_one_sided 1.000 power_two_sided 1.000 kurtosis 1.000 spec_cnn 1.000  (28s)
  JSR   +8.0 dB  BER 3.15e-01  P(det)@0.05 power_one_sided 1.000 power_two_sided 1.000 kurtosis 1.000 spec_cnn 1.000  (29s)
  JSR   +9.0 dB  BER 3.35e-01  P(det)@0.05 power_one_sided 1.000 power_two_sided 1.000 kurtosis 1.000 spec_cnn 1.000  (29s)
  JSR  +10.0 dB  BER 3.51e-01  P(det)@0.05 power_one_sided 1.000 power_two_sided 1.000 kurtosis 1.000 spec_cnn 1.000  (30s)
  JSR  +11.0 dB  BER 3.68e-01  P(det)@0.05 power_one_sided 1.000 power_two_sided 1.000 kurtosis 1.000 spec_cnn 1.000  (30s)
  JSR  +12.0 dB  BER 3.80e-01  P(det)@0.05 power_one_sided 1.000 power_two_sided 1.000 kurtosis 1.000 spec_cnn 1.000  (31s)
  JSR  +13.0 dB  BER 3.93e-01  P(det)@0.05 power_one_sided 1.000 power_two_sided 1.000 kurtosis 1.000 spec_cnn 1.000  (31s)
  JSR  +14.0 dB  BER 4.04e-01  P(det)@0.05 power_one_sided 1.000 power_two_sided 1.000 kurtosis 1.000 spec_cnn 1.000  (32s)
  JSR  +15.0 dB  BER 4.14e-01  P(det)@0.05 power_one_sided 1.000 power_two_sided 1.000 kurtosis 1.000 spec_cnn 1.000  (32s)
  [snr_10] power_two_sided_b1000 confirmed: {"power_one_sided": {"0.01": {"index": 0, "sweep_ber": 0.0, "sweep_pdet": 0.009765625, "confirmed_ber": 0.0, "confirmed_ser": 0.0, "confirmed_pdet": 0.011474609375, "passed": true}, "0.05": {"index": 0, "sweep_ber": 0.0, "sweep_pdet": 0.0390625, "confirmed_ber": 0.0, "confirmed_ser": 0.0, "confirmed_pdet": 0.04833984375, "passed": true}}, "power_two_sided": {"0.01": {"index": 0, "sweep_ber": 0.0, "sweep_pdet": 0.009765625, "confirmed_ber": 0.0, "confirmed_ser": 0.0, "confirmed_pdet": 0.009765625, "passed": true}, "0.05": {"index": 0, "sweep_ber": 0.0, "sweep_pdet": 0.046875, "confirmed_ber": 0.0, "confirmed_ser": 0.0, "confirmed_pdet": 0.05322265625, "passed": true}}, "kurtosis": {"0.01": {"index": 32, "sweep_ber": 0.00020599365234375, "sweep_pdet": 0.017578125, "confirmed_ber": 0.000156402587890625, "confirmed_ser": 0.0003108978271484375, "confirmed_pdet": 0.021728515625, "passed": false}, "0.05": {"index": 30, "sweep_ber": 3.0517578125e-05, "sweep_pdet": 0.0546875, "confirmed_ber": 2.574920654296875e-05, "confirmed_ser": 5.14984130859375e-05, "confirmed_pdet": 0.064208984375, "passed": false}}, "spec_cnn": {"0.01": {"index": 0, "sweep_ber": 0.0, "sweep_pdet": 0.009765625, "confirmed_ber": 0.0, "confirmed_ser": 0.0, "confirmed_pdet": 0.00830078125, "passed": true}, "0.05": {"index": 0, "sweep_ber": 0.0, "sweep_pdet": 0.0546875, "confirmed_ber": 0.0, "confirmed_ser": 0.0, "confirmed_pdet": 0.053466796875, "passed": true}}}  (1063s)
  [snr_10] generator kurtosis_b1 (scale 0.4022)
  JSR  -50.0 dB  BER 0.00e+00  P(det)@0.05 power_one_sided 0.047 power_two_sided 0.055 kurtosis 0.059 spec_cnn 0.023  (0s)
  JSR  -49.0 dB  BER 0.00e+00  P(det)@0.05 power_one_sided 0.043 power_two_sided 0.053 kurtosis 0.053 spec_cnn 0.045  (1s)
  JSR  -48.0 dB  BER 0.00e+00  P(det)@0.05 power_one_sided 0.047 power_two_sided 0.039 kurtosis 0.053 spec_cnn 0.057  (1s)
  JSR  -47.0 dB  BER 0.00e+00  P(det)@0.05 power_one_sided 0.047 power_two_sided 0.049 kurtosis 0.041 spec_cnn 0.062  (2s)
  JSR  -46.0 dB  BER 0.00e+00  P(det)@0.05 power_one_sided 0.059 power_two_sided 0.061 kurtosis 0.047 spec_cnn 0.047  (2s)
  JSR  -45.0 dB  BER 0.00e+00  P(det)@0.05 power_one_sided 0.043 power_two_sided 0.047 kurtosis 0.053 spec_cnn 0.057  (3s)
  JSR  -44.0 dB  BER 0.00e+00  P(det)@0.05 power_one_sided 0.055 power_two_sided 0.057 kurtosis 0.057 spec_cnn 0.049  (3s)
  JSR  -43.0 dB  BER 0.00e+00  P(det)@0.05 power_one_sided 0.043 power_two_sided 0.045 kurtosis 0.053 spec_cnn 0.049  (4s)
  JSR  -42.0 dB  BER 0.00e+00  P(det)@0.05 power_one_sided 0.043 power_two_sided 0.043 kurtosis 0.062 spec_cnn 0.039  (4s)
  JSR  -41.0 dB  BER 0.00e+00  P(det)@0.05 power_one_sided 0.053 power_two_sided 0.049 kurtosis 0.039 spec_cnn 0.051  (5s)
  JSR  -40.0 dB  BER 0.00e+00  P(det)@0.05 power_one_sided 0.049 power_two_sided 0.057 kurtosis 0.068 spec_cnn 0.057  (5s)
  JSR  -39.0 dB  BER 0.00e+00  P(det)@0.05 power_one_sided 0.059 power_two_sided 0.043 kurtosis 0.035 spec_cnn 0.051  (6s)
  JSR  -38.0 dB  BER 0.00e+00  P(det)@0.05 power_one_sided 0.055 power_two_sided 0.057 kurtosis 0.047 spec_cnn 0.061  (6s)
  JSR  -37.0 dB  BER 0.00e+00  P(det)@0.05 power_one_sided 0.068 power_two_sided 0.084 kurtosis 0.039 spec_cnn 0.041  (7s)
  JSR  -36.0 dB  BER 0.00e+00  P(det)@0.05 power_one_sided 0.068 power_two_sided 0.064 kurtosis 0.057 spec_cnn 0.043  (7s)
  JSR  -35.0 dB  BER 0.00e+00  P(det)@0.05 power_one_sided 0.055 power_two_sided 0.047 kurtosis 0.061 spec_cnn 0.057  (8s)
  JSR  -34.0 dB  BER 0.00e+00  P(det)@0.05 power_one_sided 0.066 power_two_sided 0.039 kurtosis 0.055 spec_cnn 0.049  (8s)
  JSR  -33.0 dB  BER 0.00e+00  P(det)@0.05 power_one_sided 0.059 power_two_sided 0.057 kurtosis 0.057 spec_cnn 0.041  (9s)
  JSR  -32.0 dB  BER 0.00e+00  P(det)@0.05 power_one_sided 0.055 power_two_sided 0.062 kurtosis 0.047 spec_cnn 0.074  (9s)
  JSR  -31.0 dB  BER 0.00e+00  P(det)@0.05 power_one_sided 0.078 power_two_sided 0.064 kurtosis 0.059 spec_cnn 0.041  (10s)
  JSR  -30.0 dB  BER 0.00e+00  P(det)@0.05 power_one_sided 0.074 power_two_sided 0.062 kurtosis 0.057 spec_cnn 0.047  (10s)
  JSR  -29.0 dB  BER 0.00e+00  P(det)@0.05 power_one_sided 0.066 power_two_sided 0.057 kurtosis 0.080 spec_cnn 0.039  (11s)
  JSR  -28.0 dB  BER 0.00e+00  P(det)@0.05 power_one_sided 0.084 power_two_sided 0.076 kurtosis 0.061 spec_cnn 0.047  (11s)
  JSR  -27.0 dB  BER 0.00e+00  P(det)@0.05 power_one_sided 0.092 power_two_sided 0.070 kurtosis 0.057 spec_cnn 0.057  (12s)
  JSR  -26.0 dB  BER 0.00e+00  P(det)@0.05 power_one_sided 0.084 power_two_sided 0.059 kurtosis 0.061 spec_cnn 0.053  (12s)
  JSR  -25.0 dB  BER 0.00e+00  P(det)@0.05 power_one_sided 0.111 power_two_sided 0.084 kurtosis 0.053 spec_cnn 0.053  (13s)
  JSR  -24.0 dB  BER 0.00e+00  P(det)@0.05 power_one_sided 0.133 power_two_sided 0.100 kurtosis 0.066 spec_cnn 0.070  (13s)
  JSR  -23.0 dB  BER 0.00e+00  P(det)@0.05 power_one_sided 0.158 power_two_sided 0.113 kurtosis 0.066 spec_cnn 0.045  (14s)
  JSR  -22.0 dB  BER 1.53e-05  P(det)@0.05 power_one_sided 0.221 power_two_sided 0.166 kurtosis 0.059 spec_cnn 0.076  (14s)
  JSR  -21.0 dB  BER 5.34e-05  P(det)@0.05 power_one_sided 0.260 power_two_sided 0.213 kurtosis 0.072 spec_cnn 0.072  (15s)
  JSR  -20.0 dB  BER 1.30e-04  P(det)@0.05 power_one_sided 0.316 power_two_sided 0.262 kurtosis 0.072 spec_cnn 0.104  (15s)
  JSR  -19.0 dB  BER 3.36e-04  P(det)@0.05 power_one_sided 0.393 power_two_sided 0.314 kurtosis 0.068 spec_cnn 0.113  (16s)
  JSR  -18.0 dB  BER 5.72e-04  P(det)@0.05 power_one_sided 0.475 power_two_sided 0.402 kurtosis 0.107 spec_cnn 0.131  (16s)
  JSR  -17.0 dB  BER 8.54e-04  P(det)@0.05 power_one_sided 0.592 power_two_sided 0.541 kurtosis 0.115 spec_cnn 0.135  (16s)
  JSR  -16.0 dB  BER 1.16e-03  P(det)@0.05 power_one_sided 0.732 power_two_sided 0.660 kurtosis 0.160 spec_cnn 0.162  (17s)
  JSR  -15.0 dB  BER 1.72e-03  P(det)@0.05 power_one_sided 0.793 power_two_sided 0.750 kurtosis 0.232 spec_cnn 0.238  (17s)
  JSR  -14.0 dB  BER 2.17e-03  P(det)@0.05 power_one_sided 0.902 power_two_sided 0.867 kurtosis 0.289 spec_cnn 0.258  (18s)
  JSR  -13.0 dB  BER 2.30e-03  P(det)@0.05 power_one_sided 0.939 power_two_sided 0.914 kurtosis 0.422 spec_cnn 0.299  (18s)
  JSR  -12.0 dB  BER 2.78e-03  P(det)@0.05 power_one_sided 0.975 power_two_sided 0.967 kurtosis 0.627 spec_cnn 0.355  (19s)
  JSR  -11.0 dB  BER 2.90e-03  P(det)@0.05 power_one_sided 0.998 power_two_sided 0.998 kurtosis 0.777 spec_cnn 0.410  (19s)
  JSR  -10.0 dB  BER 3.71e-03  P(det)@0.05 power_one_sided 1.000 power_two_sided 1.000 kurtosis 0.832 spec_cnn 0.465  (20s)
  JSR   -9.0 dB  BER 4.68e-03  P(det)@0.05 power_one_sided 1.000 power_two_sided 1.000 kurtosis 0.932 spec_cnn 0.594  (20s)
  JSR   -8.0 dB  BER 5.78e-03  P(det)@0.05 power_one_sided 1.000 power_two_sided 1.000 kurtosis 0.973 spec_cnn 0.660  (21s)
  JSR   -7.0 dB  BER 8.60e-03  P(det)@0.05 power_one_sided 1.000 power_two_sided 1.000 kurtosis 0.998 spec_cnn 0.785  (21s)
  JSR   -6.0 dB  BER 1.25e-02  P(det)@0.05 power_one_sided 1.000 power_two_sided 1.000 kurtosis 1.000 spec_cnn 0.840  (22s)
  JSR   -5.0 dB  BER 1.80e-02  P(det)@0.05 power_one_sided 1.000 power_two_sided 1.000 kurtosis 1.000 spec_cnn 0.945  (22s)
  JSR   -4.0 dB  BER 2.71e-02  P(det)@0.05 power_one_sided 1.000 power_two_sided 1.000 kurtosis 1.000 spec_cnn 0.965  (23s)
  JSR   -3.0 dB  BER 4.01e-02  P(det)@0.05 power_one_sided 1.000 power_two_sided 1.000 kurtosis 1.000 spec_cnn 0.986  (23s)
  JSR   -2.0 dB  BER 5.49e-02  P(det)@0.05 power_one_sided 1.000 power_two_sided 1.000 kurtosis 1.000 spec_cnn 1.000  (24s)
  JSR   -1.0 dB  BER 7.43e-02  P(det)@0.05 power_one_sided 1.000 power_two_sided 1.000 kurtosis 1.000 spec_cnn 1.000  (24s)
  JSR   +0.0 dB  BER 9.68e-02  P(det)@0.05 power_one_sided 1.000 power_two_sided 1.000 kurtosis 1.000 spec_cnn 1.000  (25s)
  JSR   +1.0 dB  BER 1.21e-01  P(det)@0.05 power_one_sided 1.000 power_two_sided 1.000 kurtosis 1.000 spec_cnn 1.000  (25s)
  JSR   +2.0 dB  BER 1.49e-01  P(det)@0.05 power_one_sided 1.000 power_two_sided 1.000 kurtosis 1.000 spec_cnn 1.000  (26s)
  JSR   +3.0 dB  BER 1.73e-01  P(det)@0.05 power_one_sided 1.000 power_two_sided 1.000 kurtosis 1.000 spec_cnn 1.000  (26s)
  JSR   +4.0 dB  BER 2.04e-01  P(det)@0.05 power_one_sided 1.000 power_two_sided 1.000 kurtosis 1.000 spec_cnn 1.000  (27s)
  JSR   +5.0 dB  BER 2.30e-01  P(det)@0.05 power_one_sided 1.000 power_two_sided 1.000 kurtosis 1.000 spec_cnn 1.000  (27s)
  JSR   +6.0 dB  BER 2.51e-01  P(det)@0.05 power_one_sided 1.000 power_two_sided 1.000 kurtosis 1.000 spec_cnn 1.000  (28s)
  JSR   +7.0 dB  BER 2.78e-01  P(det)@0.05 power_one_sided 1.000 power_two_sided 1.000 kurtosis 1.000 spec_cnn 1.000  (28s)
  JSR   +8.0 dB  BER 2.92e-01  P(det)@0.05 power_one_sided 1.000 power_two_sided 1.000 kurtosis 1.000 spec_cnn 1.000  (29s)
  JSR   +9.0 dB  BER 3.16e-01  P(det)@0.05 power_one_sided 1.000 power_two_sided 1.000 kurtosis 1.000 spec_cnn 1.000  (29s)
  JSR  +10.0 dB  BER 3.37e-01  P(det)@0.05 power_one_sided 1.000 power_two_sided 1.000 kurtosis 1.000 spec_cnn 1.000  (30s)
  JSR  +11.0 dB  BER 3.50e-01  P(det)@0.05 power_one_sided 1.000 power_two_sided 1.000 kurtosis 1.000 spec_cnn 1.000  (30s)
  JSR  +12.0 dB  BER 3.67e-01  P(det)@0.05 power_one_sided 1.000 power_two_sided 1.000 kurtosis 1.000 spec_cnn 1.000  (31s)
  JSR  +13.0 dB  BER 3.83e-01  P(det)@0.05 power_one_sided 1.000 power_two_sided 1.000 kurtosis 1.000 spec_cnn 1.000  (31s)
  JSR  +14.0 dB  BER 3.93e-01  P(det)@0.05 power_one_sided 1.000 power_two_sided 1.000 kurtosis 1.000 spec_cnn 1.000  (32s)
  JSR  +15.0 dB  BER 4.04e-01  P(det)@0.05 power_one_sided 1.000 power_two_sided 1.000 kurtosis 1.000 spec_cnn 1.000  (32s)
  [snr_10] kurtosis_b1 confirmed: {"power_one_sided": {"0.01": {"index": 0, "sweep_ber": 0.0, "sweep_pdet": 0.009765625, "confirmed_ber": 0.0, "confirmed_ser": 0.0, "confirmed_pdet": 0.010498046875, "passed": true}, "0.05": {"index": 0, "sweep_ber": 0.0, "sweep_pdet": 0.046875, "confirmed_ber": 0.0, "confirmed_ser": 0.0, "confirmed_pdet": 0.056396484375, "passed": true}}, "power_two_sided": {"0.01": {"index": 0, "sweep_ber": 0.0, "sweep_pdet": 0.009765625, "confirmed_ber": 0.0, "confirmed_ser": 0.0, "confirmed_pdet": 0.013427734375, "passed": false}, "0.05": {"index": 0, "sweep_ber": 0.0, "sweep_pdet": 0.0546875, "confirmed_ber": 0.0, "confirmed_ser": 0.0, "confirmed_pdet": 0.05078125, "passed": true}}, "kurtosis": {"0.01": {"index": 29, "sweep_ber": 5.340576171875e-05, "sweep_pdet": 0.017578125, "confirmed_ber": 4.863739013671875e-05, "confirmed_ser": 9.72747802734375e-05, "confirmed_pdet": 0.0126953125, "passed": true}, "0.05": {"index": 31, "sweep_ber": 0.000335693359375, "sweep_pdet": 0.068359375, "confirmed_ber": 0.00030994415283203125, "confirmed_ser": 0.0006198883056640625, "confirmed_pdet": 0.069580078125, "passed": false}}, "spec_cnn": {"0.01": {"index": 28, "sweep_ber": 1.52587890625e-05, "sweep_pdet": 0.015625, "confirmed_ber": 1.1444091796875e-05, "confirmed_ser": 2.288818359375e-05, "confirmed_pdet": 0.0185546875, "passed": false}, "0.05": {"index": 0, "sweep_ber": 0.0, "sweep_pdet": 0.0234375, "confirmed_ber": 0.0, "confirmed_ser": 0.0, "confirmed_pdet": 0.04931640625, "passed": true}}}  (1126s)
  [snr_10] generator kurtosis_b10 (scale 0.4022)
  JSR  -50.0 dB  BER 0.00e+00  P(det)@0.05 power_one_sided 0.037 power_two_sided 0.051 kurtosis 0.055 spec_cnn 0.047  (0s)
  JSR  -49.0 dB  BER 0.00e+00  P(det)@0.05 power_one_sided 0.041 power_two_sided 0.049 kurtosis 0.041 spec_cnn 0.057  (1s)
  JSR  -48.0 dB  BER 0.00e+00  P(det)@0.05 power_one_sided 0.039 power_two_sided 0.055 kurtosis 0.066 spec_cnn 0.047  (1s)
  JSR  -47.0 dB  BER 0.00e+00  P(det)@0.05 power_one_sided 0.055 power_two_sided 0.043 kurtosis 0.047 spec_cnn 0.043  (2s)
  JSR  -46.0 dB  BER 0.00e+00  P(det)@0.05 power_one_sided 0.057 power_two_sided 0.051 kurtosis 0.039 spec_cnn 0.045  (2s)
  JSR  -45.0 dB  BER 0.00e+00  P(det)@0.05 power_one_sided 0.066 power_two_sided 0.066 kurtosis 0.076 spec_cnn 0.043  (3s)
  JSR  -44.0 dB  BER 0.00e+00  P(det)@0.05 power_one_sided 0.045 power_two_sided 0.051 kurtosis 0.037 spec_cnn 0.055  (3s)
  JSR  -43.0 dB  BER 0.00e+00  P(det)@0.05 power_one_sided 0.051 power_two_sided 0.061 kurtosis 0.047 spec_cnn 0.053  (4s)
  JSR  -42.0 dB  BER 0.00e+00  P(det)@0.05 power_one_sided 0.061 power_two_sided 0.049 kurtosis 0.049 spec_cnn 0.051  (4s)
  JSR  -41.0 dB  BER 0.00e+00  P(det)@0.05 power_one_sided 0.049 power_two_sided 0.041 kurtosis 0.051 spec_cnn 0.041  (5s)
  JSR  -40.0 dB  BER 0.00e+00  P(det)@0.05 power_one_sided 0.055 power_two_sided 0.041 kurtosis 0.045 spec_cnn 0.066  (5s)
  JSR  -39.0 dB  BER 0.00e+00  P(det)@0.05 power_one_sided 0.049 power_two_sided 0.049 kurtosis 0.047 spec_cnn 0.039  (6s)
  JSR  -38.0 dB  BER 0.00e+00  P(det)@0.05 power_one_sided 0.041 power_two_sided 0.045 kurtosis 0.066 spec_cnn 0.049  (6s)
  JSR  -37.0 dB  BER 0.00e+00  P(det)@0.05 power_one_sided 0.062 power_two_sided 0.057 kurtosis 0.045 spec_cnn 0.057  (7s)
  JSR  -36.0 dB  BER 0.00e+00  P(det)@0.05 power_one_sided 0.068 power_two_sided 0.074 kurtosis 0.059 spec_cnn 0.033  (7s)
  JSR  -35.0 dB  BER 0.00e+00  P(det)@0.05 power_one_sided 0.062 power_two_sided 0.043 kurtosis 0.053 spec_cnn 0.039  (8s)
  JSR  -34.0 dB  BER 0.00e+00  P(det)@0.05 power_one_sided 0.066 power_two_sided 0.053 kurtosis 0.045 spec_cnn 0.053  (8s)
  JSR  -33.0 dB  BER 0.00e+00  P(det)@0.05 power_one_sided 0.047 power_two_sided 0.045 kurtosis 0.057 spec_cnn 0.066  (9s)
  JSR  -32.0 dB  BER 0.00e+00  P(det)@0.05 power_one_sided 0.080 power_two_sided 0.059 kurtosis 0.049 spec_cnn 0.053  (9s)
  JSR  -31.0 dB  BER 0.00e+00  P(det)@0.05 power_one_sided 0.057 power_two_sided 0.049 kurtosis 0.074 spec_cnn 0.057  (10s)
  JSR  -30.0 dB  BER 0.00e+00  P(det)@0.05 power_one_sided 0.074 power_two_sided 0.064 kurtosis 0.066 spec_cnn 0.049  (10s)
  JSR  -29.0 dB  BER 0.00e+00  P(det)@0.05 power_one_sided 0.068 power_two_sided 0.055 kurtosis 0.082 spec_cnn 0.053  (11s)
  JSR  -28.0 dB  BER 0.00e+00  P(det)@0.05 power_one_sided 0.064 power_two_sided 0.055 kurtosis 0.057 spec_cnn 0.051  (11s)
  JSR  -27.0 dB  BER 0.00e+00  P(det)@0.05 power_one_sided 0.078 power_two_sided 0.059 kurtosis 0.047 spec_cnn 0.049  (12s)
  JSR  -26.0 dB  BER 0.00e+00  P(det)@0.05 power_one_sided 0.098 power_two_sided 0.080 kurtosis 0.049 spec_cnn 0.072  (12s)
  JSR  -25.0 dB  BER 0.00e+00  P(det)@0.05 power_one_sided 0.107 power_two_sided 0.070 kurtosis 0.070 spec_cnn 0.059  (13s)
  JSR  -24.0 dB  BER 0.00e+00  P(det)@0.05 power_one_sided 0.121 power_two_sided 0.107 kurtosis 0.074 spec_cnn 0.076  (13s)
  JSR  -23.0 dB  BER 0.00e+00  P(det)@0.05 power_one_sided 0.164 power_two_sided 0.111 kurtosis 0.039 spec_cnn 0.072  (14s)
  JSR  -22.0 dB  BER 1.53e-05  P(det)@0.05 power_one_sided 0.221 power_two_sided 0.162 kurtosis 0.070 spec_cnn 0.072  (14s)
  JSR  -21.0 dB  BER 7.63e-05  P(det)@0.05 power_one_sided 0.227 power_two_sided 0.174 kurtosis 0.051 spec_cnn 0.072  (15s)
  JSR  -20.0 dB  BER 1.75e-04  P(det)@0.05 power_one_sided 0.293 power_two_sided 0.229 kurtosis 0.078 spec_cnn 0.076  (15s)
  JSR  -19.0 dB  BER 3.89e-04  P(det)@0.05 power_one_sided 0.363 power_two_sided 0.330 kurtosis 0.092 spec_cnn 0.082  (16s)
  JSR  -18.0 dB  BER 7.93e-04  P(det)@0.05 power_one_sided 0.484 power_two_sided 0.404 kurtosis 0.100 spec_cnn 0.104  (16s)
  JSR  -17.0 dB  BER 8.85e-04  P(det)@0.05 power_one_sided 0.619 power_two_sided 0.539 kurtosis 0.121 spec_cnn 0.154  (17s)
  JSR  -16.0 dB  BER 1.62e-03  P(det)@0.05 power_one_sided 0.711 power_two_sided 0.641 kurtosis 0.193 spec_cnn 0.172  (17s)
  JSR  -15.0 dB  BER 2.04e-03  P(det)@0.05 power_one_sided 0.801 power_two_sided 0.725 kurtosis 0.230 spec_cnn 0.188  (18s)
  JSR  -14.0 dB  BER 2.14e-03  P(det)@0.05 power_one_sided 0.916 power_two_sided 0.891 kurtosis 0.400 spec_cnn 0.238  (18s)
  JSR  -13.0 dB  BER 2.71e-03  P(det)@0.05 power_one_sided 0.953 power_two_sided 0.939 kurtosis 0.457 spec_cnn 0.283  (19s)
  JSR  -12.0 dB  BER 2.99e-03  P(det)@0.05 power_one_sided 0.982 power_two_sided 0.979 kurtosis 0.623 spec_cnn 0.338  (19s)
  JSR  -11.0 dB  BER 3.42e-03  P(det)@0.05 power_one_sided 0.990 power_two_sided 0.988 kurtosis 0.775 spec_cnn 0.373  (20s)
  JSR  -10.0 dB  BER 4.10e-03  P(det)@0.05 power_one_sided 1.000 power_two_sided 1.000 kurtosis 0.889 spec_cnn 0.482  (20s)
  JSR   -9.0 dB  BER 4.43e-03  P(det)@0.05 power_one_sided 1.000 power_two_sided 1.000 kurtosis 0.953 spec_cnn 0.533  (21s)
  JSR   -8.0 dB  BER 5.37e-03  P(det)@0.05 power_one_sided 1.000 power_two_sided 1.000 kurtosis 0.990 spec_cnn 0.598  (21s)
  JSR   -7.0 dB  BER 7.16e-03  P(det)@0.05 power_one_sided 1.000 power_two_sided 1.000 kurtosis 1.000 spec_cnn 0.744  (22s)
  JSR   -6.0 dB  BER 1.03e-02  P(det)@0.05 power_one_sided 1.000 power_two_sided 1.000 kurtosis 1.000 spec_cnn 0.807  (22s)
  JSR   -5.0 dB  BER 1.64e-02  P(det)@0.05 power_one_sided 1.000 power_two_sided 1.000 kurtosis 1.000 spec_cnn 0.885  (23s)
  JSR   -4.0 dB  BER 2.49e-02  P(det)@0.05 power_one_sided 1.000 power_two_sided 1.000 kurtosis 1.000 spec_cnn 0.957  (23s)
  JSR   -3.0 dB  BER 3.79e-02  P(det)@0.05 power_one_sided 1.000 power_two_sided 1.000 kurtosis 1.000 spec_cnn 0.980  (24s)
  JSR   -2.0 dB  BER 5.18e-02  P(det)@0.05 power_one_sided 1.000 power_two_sided 1.000 kurtosis 1.000 spec_cnn 0.998  (24s)
  JSR   -1.0 dB  BER 7.19e-02  P(det)@0.05 power_one_sided 1.000 power_two_sided 1.000 kurtosis 1.000 spec_cnn 0.998  (25s)
  JSR   +0.0 dB  BER 9.52e-02  P(det)@0.05 power_one_sided 1.000 power_two_sided 1.000 kurtosis 1.000 spec_cnn 1.000  (25s)
  JSR   +1.0 dB  BER 1.20e-01  P(det)@0.05 power_one_sided 1.000 power_two_sided 1.000 kurtosis 1.000 spec_cnn 1.000  (26s)
  JSR   +2.0 dB  BER 1.47e-01  P(det)@0.05 power_one_sided 1.000 power_two_sided 1.000 kurtosis 1.000 spec_cnn 1.000  (26s)
  JSR   +3.0 dB  BER 1.76e-01  P(det)@0.05 power_one_sided 1.000 power_two_sided 1.000 kurtosis 1.000 spec_cnn 1.000  (27s)
  JSR   +4.0 dB  BER 2.02e-01  P(det)@0.05 power_one_sided 1.000 power_two_sided 1.000 kurtosis 1.000 spec_cnn 1.000  (27s)
  JSR   +5.0 dB  BER 2.27e-01  P(det)@0.05 power_one_sided 1.000 power_two_sided 1.000 kurtosis 1.000 spec_cnn 1.000  (28s)
  JSR   +6.0 dB  BER 2.48e-01  P(det)@0.05 power_one_sided 1.000 power_two_sided 1.000 kurtosis 1.000 spec_cnn 1.000  (28s)
  JSR   +7.0 dB  BER 2.74e-01  P(det)@0.05 power_one_sided 1.000 power_two_sided 1.000 kurtosis 1.000 spec_cnn 1.000  (29s)
  JSR   +8.0 dB  BER 2.94e-01  P(det)@0.05 power_one_sided 1.000 power_two_sided 1.000 kurtosis 1.000 spec_cnn 1.000  (29s)
  JSR   +9.0 dB  BER 3.14e-01  P(det)@0.05 power_one_sided 1.000 power_two_sided 1.000 kurtosis 1.000 spec_cnn 1.000  (30s)
  JSR  +10.0 dB  BER 3.35e-01  P(det)@0.05 power_one_sided 1.000 power_two_sided 1.000 kurtosis 1.000 spec_cnn 1.000  (30s)
  JSR  +11.0 dB  BER 3.52e-01  P(det)@0.05 power_one_sided 1.000 power_two_sided 1.000 kurtosis 1.000 spec_cnn 1.000  (31s)
  JSR  +12.0 dB  BER 3.65e-01  P(det)@0.05 power_one_sided 1.000 power_two_sided 1.000 kurtosis 1.000 spec_cnn 1.000  (31s)
  JSR  +13.0 dB  BER 3.79e-01  P(det)@0.05 power_one_sided 1.000 power_two_sided 1.000 kurtosis 1.000 spec_cnn 1.000  (32s)
  JSR  +14.0 dB  BER 3.93e-01  P(det)@0.05 power_one_sided 1.000 power_two_sided 1.000 kurtosis 1.000 spec_cnn 1.000  (32s)
  JSR  +15.0 dB  BER 4.04e-01  P(det)@0.05 power_one_sided 1.000 power_two_sided 1.000 kurtosis 1.000 spec_cnn 1.000  (33s)
  [snr_10] kurtosis_b10 confirmed: {"power_one_sided": {"0.01": {"index": 0, "sweep_ber": 0.0, "sweep_pdet": 0.0078125, "confirmed_ber": 0.0, "confirmed_ser": 0.0, "confirmed_pdet": 0.009033203125, "passed": true}, "0.05": {"index": 0, "sweep_ber": 0.0, "sweep_pdet": 0.037109375, "confirmed_ber": 0.0, "confirmed_ser": 0.0, "confirmed_pdet": 0.05078125, "passed": true}}, "power_two_sided": {"0.01": {"index": 0, "sweep_ber": 0.0, "sweep_pdet": 0.0078125, "confirmed_ber": 0.0, "confirmed_ser": 0.0, "confirmed_pdet": 0.01171875, "passed": true}, "0.05": {"index": 0, "sweep_ber": 0.0, "sweep_pdet": 0.05078125, "confirmed_ber": 0.0, "confirmed_ser": 0.0, "confirmed_pdet": 0.04638671875, "passed": true}}, "kurtosis": {"0.01": {"index": 30, "sweep_ber": 0.00017547607421875, "sweep_pdet": 0.01171875, "confirmed_ber": 0.00019741058349609375, "confirmed_ser": 0.0003948211669921875, "confirmed_pdet": 0.020751953125, "passed": false}, "0.05": {"index": 29, "sweep_ber": 7.62939453125e-05, "sweep_pdet": 0.05078125, "confirmed_ber": 8.7738037109375e-05, "confirmed_ser": 0.00017547607421875, "confirmed_pdet": 0.055908203125, "passed": true}}, "spec_cnn": {"0.01": {"index": 28, "sweep_ber": 1.52587890625e-05, "sweep_pdet": 0.013671875, "confirmed_ber": 1.33514404296875e-05, "confirmed_ser": 2.6702880859375e-05, "confirmed_pdet": 0.012939453125, "passed": true}, "0.05": {"index": 0, "sweep_ber": 0.0, "sweep_pdet": 0.046875, "confirmed_ber": 0.0, "confirmed_ser": 0.0, "confirmed_pdet": 0.048095703125, "passed": true}}}  (1191s)
  [snr_10] generator kurtosis_b100 (scale 0.4022)
  JSR  -50.0 dB  BER 0.00e+00  P(det)@0.05 power_one_sided 0.039 power_two_sided 0.037 kurtosis 0.055 spec_cnn 0.039  (0s)
  JSR  -49.0 dB  BER 0.00e+00  P(det)@0.05 power_one_sided 0.051 power_two_sided 0.053 kurtosis 0.045 spec_cnn 0.047  (1s)
  JSR  -48.0 dB  BER 0.00e+00  P(det)@0.05 power_one_sided 0.039 power_two_sided 0.043 kurtosis 0.037 spec_cnn 0.051  (1s)
  JSR  -47.0 dB  BER 0.00e+00  P(det)@0.05 power_one_sided 0.055 power_two_sided 0.057 kurtosis 0.043 spec_cnn 0.043  (2s)
  JSR  -46.0 dB  BER 0.00e+00  P(det)@0.05 power_one_sided 0.055 power_two_sided 0.062 kurtosis 0.055 spec_cnn 0.057  (2s)
  JSR  -45.0 dB  BER 0.00e+00  P(det)@0.05 power_one_sided 0.068 power_two_sided 0.053 kurtosis 0.053 spec_cnn 0.041  (3s)
  JSR  -44.0 dB  BER 0.00e+00  P(det)@0.05 power_one_sided 0.049 power_two_sided 0.043 kurtosis 0.057 spec_cnn 0.045  (3s)
  JSR  -43.0 dB  BER 0.00e+00  P(det)@0.05 power_one_sided 0.053 power_two_sided 0.057 kurtosis 0.045 spec_cnn 0.057  (4s)
  JSR  -42.0 dB  BER 0.00e+00  P(det)@0.05 power_one_sided 0.055 power_two_sided 0.053 kurtosis 0.043 spec_cnn 0.051  (4s)
  JSR  -41.0 dB  BER 0.00e+00  P(det)@0.05 power_one_sided 0.061 power_two_sided 0.072 kurtosis 0.059 spec_cnn 0.066  (5s)
  JSR  -40.0 dB  BER 0.00e+00  P(det)@0.05 power_one_sided 0.045 power_two_sided 0.043 kurtosis 0.037 spec_cnn 0.045  (5s)
  JSR  -39.0 dB  BER 0.00e+00  P(det)@0.05 power_one_sided 0.045 power_two_sided 0.051 kurtosis 0.041 spec_cnn 0.045  (6s)
  JSR  -38.0 dB  BER 0.00e+00  P(det)@0.05 power_one_sided 0.055 power_two_sided 0.055 kurtosis 0.037 spec_cnn 0.061  (6s)
  JSR  -37.0 dB  BER 0.00e+00  P(det)@0.05 power_one_sided 0.066 power_two_sided 0.053 kurtosis 0.045 spec_cnn 0.070  (7s)
  JSR  -36.0 dB  BER 0.00e+00  P(det)@0.05 power_one_sided 0.062 power_two_sided 0.066 kurtosis 0.041 spec_cnn 0.037  (7s)
  JSR  -35.0 dB  BER 0.00e+00  P(det)@0.05 power_one_sided 0.064 power_two_sided 0.061 kurtosis 0.043 spec_cnn 0.061  (8s)
  JSR  -34.0 dB  BER 0.00e+00  P(det)@0.05 power_one_sided 0.047 power_two_sided 0.062 kurtosis 0.055 spec_cnn 0.062  (8s)
  JSR  -33.0 dB  BER 0.00e+00  P(det)@0.05 power_one_sided 0.062 power_two_sided 0.055 kurtosis 0.047 spec_cnn 0.047  (9s)
  JSR  -32.0 dB  BER 0.00e+00  P(det)@0.05 power_one_sided 0.064 power_two_sided 0.055 kurtosis 0.047 spec_cnn 0.047  (9s)
  JSR  -31.0 dB  BER 0.00e+00  P(det)@0.05 power_one_sided 0.068 power_two_sided 0.062 kurtosis 0.053 spec_cnn 0.037  (10s)
  JSR  -30.0 dB  BER 0.00e+00  P(det)@0.05 power_one_sided 0.070 power_two_sided 0.053 kurtosis 0.055 spec_cnn 0.062  (10s)
  JSR  -29.0 dB  BER 0.00e+00  P(det)@0.05 power_one_sided 0.064 power_two_sided 0.055 kurtosis 0.062 spec_cnn 0.059  (11s)
  JSR  -28.0 dB  BER 0.00e+00  P(det)@0.05 power_one_sided 0.082 power_two_sided 0.074 kurtosis 0.033 spec_cnn 0.043  (11s)
  JSR  -27.0 dB  BER 0.00e+00  P(det)@0.05 power_one_sided 0.076 power_two_sided 0.049 kurtosis 0.061 spec_cnn 0.049  (12s)
  JSR  -26.0 dB  BER 0.00e+00  P(det)@0.05 power_one_sided 0.102 power_two_sided 0.080 kurtosis 0.059 spec_cnn 0.057  (12s)
  JSR  -25.0 dB  BER 0.00e+00  P(det)@0.05 power_one_sided 0.121 power_two_sided 0.074 kurtosis 0.064 spec_cnn 0.057  (13s)
  JSR  -24.0 dB  BER 0.00e+00  P(det)@0.05 power_one_sided 0.125 power_two_sided 0.094 kurtosis 0.064 spec_cnn 0.061  (13s)
  JSR  -23.0 dB  BER 7.63e-06  P(det)@0.05 power_one_sided 0.166 power_two_sided 0.119 kurtosis 0.064 spec_cnn 0.055  (14s)
  JSR  -22.0 dB  BER 3.05e-05  P(det)@0.05 power_one_sided 0.170 power_two_sided 0.137 kurtosis 0.051 spec_cnn 0.080  (14s)
  JSR  -21.0 dB  BER 1.22e-04  P(det)@0.05 power_one_sided 0.262 power_two_sided 0.197 kurtosis 0.062 spec_cnn 0.072  (15s)
  JSR  -20.0 dB  BER 2.98e-04  P(det)@0.05 power_one_sided 0.328 power_two_sided 0.268 kurtosis 0.072 spec_cnn 0.100  (15s)
  JSR  -19.0 dB  BER 5.87e-04  P(det)@0.05 power_one_sided 0.416 power_two_sided 0.312 kurtosis 0.088 spec_cnn 0.082  (16s)
  JSR  -18.0 dB  BER 8.62e-04  P(det)@0.05 power_one_sided 0.541 power_two_sided 0.443 kurtosis 0.113 spec_cnn 0.115  (16s)
  JSR  -17.0 dB  BER 1.43e-03  P(det)@0.05 power_one_sided 0.648 power_two_sided 0.580 kurtosis 0.160 spec_cnn 0.121  (17s)
  JSR  -16.0 dB  BER 1.63e-03  P(det)@0.05 power_one_sided 0.732 power_two_sided 0.680 kurtosis 0.203 spec_cnn 0.137  (17s)
  JSR  -15.0 dB  BER 2.17e-03  P(det)@0.05 power_one_sided 0.848 power_two_sided 0.793 kurtosis 0.285 spec_cnn 0.160  (18s)
  JSR  -14.0 dB  BER 2.63e-03  P(det)@0.05 power_one_sided 0.930 power_two_sided 0.889 kurtosis 0.432 spec_cnn 0.232  (18s)
  JSR  -13.0 dB  BER 3.10e-03  P(det)@0.05 power_one_sided 0.959 power_two_sided 0.943 kurtosis 0.547 spec_cnn 0.266  (19s)
  JSR  -12.0 dB  BER 3.20e-03  P(det)@0.05 power_one_sided 0.982 power_two_sided 0.971 kurtosis 0.727 spec_cnn 0.307  (19s)
  JSR  -11.0 dB  BER 3.70e-03  P(det)@0.05 power_one_sided 0.994 power_two_sided 0.992 kurtosis 0.852 spec_cnn 0.400  (20s)
  JSR  -10.0 dB  BER 4.17e-03  P(det)@0.05 power_one_sided 1.000 power_two_sided 1.000 kurtosis 0.928 spec_cnn 0.436  (20s)
  JSR   -9.0 dB  BER 4.49e-03  P(det)@0.05 power_one_sided 1.000 power_two_sided 1.000 kurtosis 0.990 spec_cnn 0.504  (21s)
  JSR   -8.0 dB  BER 5.20e-03  P(det)@0.05 power_one_sided 1.000 power_two_sided 1.000 kurtosis 1.000 spec_cnn 0.617  (21s)
  JSR   -7.0 dB  BER 6.61e-03  P(det)@0.05 power_one_sided 1.000 power_two_sided 1.000 kurtosis 0.998 spec_cnn 0.740  (22s)
  JSR   -6.0 dB  BER 9.26e-03  P(det)@0.05 power_one_sided 1.000 power_two_sided 1.000 kurtosis 1.000 spec_cnn 0.838  (22s)
  JSR   -5.0 dB  BER 1.28e-02  P(det)@0.05 power_one_sided 1.000 power_two_sided 1.000 kurtosis 1.000 spec_cnn 0.873  (23s)
  JSR   -4.0 dB  BER 2.02e-02  P(det)@0.05 power_one_sided 1.000 power_two_sided 1.000 kurtosis 1.000 spec_cnn 0.951  (23s)
  JSR   -3.0 dB  BER 2.90e-02  P(det)@0.05 power_one_sided 1.000 power_two_sided 1.000 kurtosis 1.000 spec_cnn 0.963  (24s)
  JSR   -2.0 dB  BER 4.17e-02  P(det)@0.05 power_one_sided 1.000 power_two_sided 1.000 kurtosis 1.000 spec_cnn 0.990  (24s)
  JSR   -1.0 dB  BER 6.04e-02  P(det)@0.05 power_one_sided 1.000 power_two_sided 1.000 kurtosis 1.000 spec_cnn 1.000  (25s)
  JSR   +0.0 dB  BER 7.87e-02  P(det)@0.05 power_one_sided 1.000 power_two_sided 1.000 kurtosis 1.000 spec_cnn 1.000  (25s)
  JSR   +1.0 dB  BER 1.04e-01  P(det)@0.05 power_one_sided 1.000 power_two_sided 1.000 kurtosis 1.000 spec_cnn 1.000  (26s)
  JSR   +2.0 dB  BER 1.28e-01  P(det)@0.05 power_one_sided 1.000 power_two_sided 1.000 kurtosis 1.000 spec_cnn 1.000  (26s)
  JSR   +3.0 dB  BER 1.54e-01  P(det)@0.05 power_one_sided 1.000 power_two_sided 1.000 kurtosis 1.000 spec_cnn 1.000  (27s)
  JSR   +4.0 dB  BER 1.81e-01  P(det)@0.05 power_one_sided 1.000 power_two_sided 1.000 kurtosis 1.000 spec_cnn 1.000  (27s)
  JSR   +5.0 dB  BER 2.08e-01  P(det)@0.05 power_one_sided 1.000 power_two_sided 1.000 kurtosis 1.000 spec_cnn 1.000  (28s)
  JSR   +6.0 dB  BER 2.33e-01  P(det)@0.05 power_one_sided 1.000 power_two_sided 1.000 kurtosis 1.000 spec_cnn 1.000  (28s)
  JSR   +7.0 dB  BER 2.57e-01  P(det)@0.05 power_one_sided 1.000 power_two_sided 1.000 kurtosis 1.000 spec_cnn 1.000  (29s)
  JSR   +8.0 dB  BER 2.76e-01  P(det)@0.05 power_one_sided 1.000 power_two_sided 1.000 kurtosis 1.000 spec_cnn 1.000  (29s)
  JSR   +9.0 dB  BER 3.03e-01  P(det)@0.05 power_one_sided 1.000 power_two_sided 1.000 kurtosis 1.000 spec_cnn 1.000  (30s)
  JSR  +10.0 dB  BER 3.23e-01  P(det)@0.05 power_one_sided 1.000 power_two_sided 1.000 kurtosis 1.000 spec_cnn 1.000  (30s)
  JSR  +11.0 dB  BER 3.41e-01  P(det)@0.05 power_one_sided 1.000 power_two_sided 1.000 kurtosis 1.000 spec_cnn 1.000  (31s)
  JSR  +12.0 dB  BER 3.57e-01  P(det)@0.05 power_one_sided 1.000 power_two_sided 1.000 kurtosis 1.000 spec_cnn 1.000  (31s)
  JSR  +13.0 dB  BER 3.71e-01  P(det)@0.05 power_one_sided 1.000 power_two_sided 1.000 kurtosis 1.000 spec_cnn 1.000  (32s)
  JSR  +14.0 dB  BER 3.88e-01  P(det)@0.05 power_one_sided 1.000 power_two_sided 1.000 kurtosis 1.000 spec_cnn 1.000  (32s)
  JSR  +15.0 dB  BER 3.97e-01  P(det)@0.05 power_one_sided 1.000 power_two_sided 1.000 kurtosis 1.000 spec_cnn 1.000  (33s)
  [snr_10] kurtosis_b100 confirmed: {"power_one_sided": {"0.01": {"index": 0, "sweep_ber": 0.0, "sweep_pdet": 0.013671875, "confirmed_ber": 0.0, "confirmed_ser": 0.0, "confirmed_pdet": 0.0087890625, "passed": true}, "0.05": {"index": 0, "sweep_ber": 0.0, "sweep_pdet": 0.0390625, "confirmed_ber": 0.0, "confirmed_ser": 0.0, "confirmed_pdet": 0.054443359375, "passed": true}}, "power_two_sided": {"0.01": {"index": 1, "sweep_ber": 0.0, "sweep_pdet": 0.00390625, "confirmed_ber": 0.0, "confirmed_ser": 0.0, "confirmed_pdet": 0.010498046875, "passed": true}, "0.05": {"index": 0, "sweep_ber": 0.0, "sweep_pdet": 0.037109375, "confirmed_ber": 0.0, "confirmed_ser": 0.0, "confirmed_pdet": 0.056640625, "passed": true}}, "kurtosis": {"0.01": {"index": 30, "sweep_ber": 0.00029754638671875, "sweep_pdet": 0.017578125, "confirmed_ber": 0.0003337860107421875, "confirmed_ser": 0.000667572021484375, "confirmed_pdet": 0.020263671875, "passed": false}, "0.05": {"index": 29, "sweep_ber": 0.0001220703125, "sweep_pdet": 0.0625, "confirmed_ber": 0.00016307830810546875, "confirmed_ser": 0.0003261566162109375, "confirmed_pdet": 0.05859375, "passed": false}}, "spec_cnn": {"0.01": {"index": 30, "sweep_ber": 0.00029754638671875, "sweep_pdet": 0.01171875, "confirmed_ber": 0.00037288665771484375, "confirmed_ser": 0.000743865966796875, "confirmed_pdet": 0.02880859375, "passed": false}, "0.05": {"index": 27, "sweep_ber": 7.62939453125e-06, "sweep_pdet": 0.0546875, "confirmed_ber": 1.1444091796875e-05, "confirmed_ser": 2.288818359375e-05, "confirmed_pdet": 0.069091796875, "passed": false}}}  (1256s)
  [snr_10] generator kurtosis_b1000 (scale 0.4022)
  JSR  -50.0 dB  BER 0.00e+00  P(det)@0.05 power_one_sided 0.055 power_two_sided 0.035 kurtosis 0.037 spec_cnn 0.039  (0s)
  JSR  -49.0 dB  BER 0.00e+00  P(det)@0.05 power_one_sided 0.049 power_two_sided 0.055 kurtosis 0.070 spec_cnn 0.055  (1s)
  JSR  -48.0 dB  BER 0.00e+00  P(det)@0.05 power_one_sided 0.051 power_two_sided 0.047 kurtosis 0.055 spec_cnn 0.064  (1s)
  JSR  -47.0 dB  BER 0.00e+00  P(det)@0.05 power_one_sided 0.041 power_two_sided 0.041 kurtosis 0.051 spec_cnn 0.064  (2s)
  JSR  -46.0 dB  BER 0.00e+00  P(det)@0.05 power_one_sided 0.068 power_two_sided 0.059 kurtosis 0.047 spec_cnn 0.049  (2s)
  JSR  -45.0 dB  BER 0.00e+00  P(det)@0.05 power_one_sided 0.057 power_two_sided 0.059 kurtosis 0.066 spec_cnn 0.045  (3s)
  JSR  -44.0 dB  BER 0.00e+00  P(det)@0.05 power_one_sided 0.061 power_two_sided 0.051 kurtosis 0.045 spec_cnn 0.047  (3s)
  JSR  -43.0 dB  BER 0.00e+00  P(det)@0.05 power_one_sided 0.051 power_two_sided 0.047 kurtosis 0.051 spec_cnn 0.041  (4s)
  JSR  -42.0 dB  BER 0.00e+00  P(det)@0.05 power_one_sided 0.049 power_two_sided 0.047 kurtosis 0.043 spec_cnn 0.055  (4s)
  JSR  -41.0 dB  BER 0.00e+00  P(det)@0.05 power_one_sided 0.047 power_two_sided 0.059 kurtosis 0.055 spec_cnn 0.064  (5s)
  JSR  -40.0 dB  BER 0.00e+00  P(det)@0.05 power_one_sided 0.047 power_two_sided 0.055 kurtosis 0.035 spec_cnn 0.041  (5s)
  JSR  -39.0 dB  BER 0.00e+00  P(det)@0.05 power_one_sided 0.045 power_two_sided 0.043 kurtosis 0.068 spec_cnn 0.039  (6s)
  JSR  -38.0 dB  BER 0.00e+00  P(det)@0.05 power_one_sided 0.051 power_two_sided 0.053 kurtosis 0.047 spec_cnn 0.051  (6s)
  JSR  -37.0 dB  BER 0.00e+00  P(det)@0.05 power_one_sided 0.057 power_two_sided 0.061 kurtosis 0.072 spec_cnn 0.047  (7s)
  JSR  -36.0 dB  BER 0.00e+00  P(det)@0.05 power_one_sided 0.049 power_two_sided 0.031 kurtosis 0.047 spec_cnn 0.045  (7s)
  JSR  -35.0 dB  BER 0.00e+00  P(det)@0.05 power_one_sided 0.049 power_two_sided 0.051 kurtosis 0.047 spec_cnn 0.057  (8s)
  JSR  -34.0 dB  BER 0.00e+00  P(det)@0.05 power_one_sided 0.049 power_two_sided 0.066 kurtosis 0.043 spec_cnn 0.062  (8s)
  JSR  -33.0 dB  BER 0.00e+00  P(det)@0.05 power_one_sided 0.061 power_two_sided 0.062 kurtosis 0.055 spec_cnn 0.049  (9s)
  JSR  -32.0 dB  BER 0.00e+00  P(det)@0.05 power_one_sided 0.062 power_two_sided 0.045 kurtosis 0.061 spec_cnn 0.047  (9s)
  JSR  -31.0 dB  BER 0.00e+00  P(det)@0.05 power_one_sided 0.061 power_two_sided 0.066 kurtosis 0.047 spec_cnn 0.049  (10s)
  JSR  -30.0 dB  BER 0.00e+00  P(det)@0.05 power_one_sided 0.084 power_two_sided 0.084 kurtosis 0.059 spec_cnn 0.059  (10s)
  JSR  -29.0 dB  BER 0.00e+00  P(det)@0.05 power_one_sided 0.078 power_two_sided 0.068 kurtosis 0.051 spec_cnn 0.053  (11s)
  JSR  -28.0 dB  BER 0.00e+00  P(det)@0.05 power_one_sided 0.076 power_two_sided 0.057 kurtosis 0.061 spec_cnn 0.051  (11s)
  JSR  -27.0 dB  BER 0.00e+00  P(det)@0.05 power_one_sided 0.064 power_two_sided 0.045 kurtosis 0.051 spec_cnn 0.068  (12s)
  JSR  -26.0 dB  BER 0.00e+00  P(det)@0.05 power_one_sided 0.070 power_two_sided 0.053 kurtosis 0.059 spec_cnn 0.080  (12s)
  JSR  -25.0 dB  BER 0.00e+00  P(det)@0.05 power_one_sided 0.143 power_two_sided 0.107 kurtosis 0.043 spec_cnn 0.070  (13s)
  JSR  -24.0 dB  BER 0.00e+00  P(det)@0.05 power_one_sided 0.160 power_two_sided 0.125 kurtosis 0.055 spec_cnn 0.068  (13s)
  JSR  -23.0 dB  BER 7.63e-06  P(det)@0.05 power_one_sided 0.162 power_two_sided 0.127 kurtosis 0.092 spec_cnn 0.066  (14s)
  JSR  -22.0 dB  BER 1.53e-05  P(det)@0.05 power_one_sided 0.197 power_two_sided 0.156 kurtosis 0.035 spec_cnn 0.078  (14s)
  JSR  -21.0 dB  BER 1.53e-05  P(det)@0.05 power_one_sided 0.256 power_two_sided 0.207 kurtosis 0.082 spec_cnn 0.107  (15s)
  JSR  -20.0 dB  BER 1.07e-04  P(det)@0.05 power_one_sided 0.299 power_two_sided 0.242 kurtosis 0.066 spec_cnn 0.092  (15s)
  JSR  -19.0 dB  BER 2.44e-04  P(det)@0.05 power_one_sided 0.445 power_two_sided 0.350 kurtosis 0.088 spec_cnn 0.139  (16s)
  JSR  -18.0 dB  BER 4.73e-04  P(det)@0.05 power_one_sided 0.508 power_two_sided 0.443 kurtosis 0.070 spec_cnn 0.143  (16s)
  JSR  -17.0 dB  BER 8.32e-04  P(det)@0.05 power_one_sided 0.635 power_two_sided 0.572 kurtosis 0.123 spec_cnn 0.174  (17s)
  JSR  -16.0 dB  BER 1.11e-03  P(det)@0.05 power_one_sided 0.719 power_two_sided 0.660 kurtosis 0.148 spec_cnn 0.207  (17s)
  JSR  -15.0 dB  BER 1.24e-03  P(det)@0.05 power_one_sided 0.838 power_two_sided 0.793 kurtosis 0.219 spec_cnn 0.262  (18s)
  JSR  -14.0 dB  BER 1.76e-03  P(det)@0.05 power_one_sided 0.926 power_two_sided 0.904 kurtosis 0.258 spec_cnn 0.309  (18s)
  JSR  -13.0 dB  BER 2.05e-03  P(det)@0.05 power_one_sided 0.973 power_two_sided 0.959 kurtosis 0.326 spec_cnn 0.355  (19s)
  JSR  -12.0 dB  BER 2.53e-03  P(det)@0.05 power_one_sided 0.990 power_two_sided 0.986 kurtosis 0.459 spec_cnn 0.451  (19s)
  JSR  -11.0 dB  BER 3.17e-03  P(det)@0.05 power_one_sided 0.994 power_two_sided 0.992 kurtosis 0.604 spec_cnn 0.451  (20s)
  JSR  -10.0 dB  BER 3.61e-03  P(det)@0.05 power_one_sided 1.000 power_two_sided 1.000 kurtosis 0.740 spec_cnn 0.520  (20s)
  JSR   -9.0 dB  BER 4.89e-03  P(det)@0.05 power_one_sided 1.000 power_two_sided 1.000 kurtosis 0.842 spec_cnn 0.678  (21s)
  JSR   -8.0 dB  BER 6.89e-03  P(det)@0.05 power_one_sided 1.000 power_two_sided 1.000 kurtosis 0.914 spec_cnn 0.754  (21s)
  JSR   -7.0 dB  BER 9.50e-03  P(det)@0.05 power_one_sided 1.000 power_two_sided 1.000 kurtosis 0.969 spec_cnn 0.816  (22s)
  JSR   -6.0 dB  BER 1.37e-02  P(det)@0.05 power_one_sided 1.000 power_two_sided 1.000 kurtosis 0.982 spec_cnn 0.891  (22s)
  JSR   -5.0 dB  BER 1.99e-02  P(det)@0.05 power_one_sided 1.000 power_two_sided 1.000 kurtosis 0.992 spec_cnn 0.934  (23s)
  JSR   -4.0 dB  BER 2.96e-02  P(det)@0.05 power_one_sided 1.000 power_two_sided 1.000 kurtosis 0.996 spec_cnn 0.969  (23s)
  JSR   -3.0 dB  BER 3.97e-02  P(det)@0.05 power_one_sided 1.000 power_two_sided 1.000 kurtosis 1.000 spec_cnn 0.994  (24s)
  JSR   -2.0 dB  BER 5.48e-02  P(det)@0.05 power_one_sided 1.000 power_two_sided 1.000 kurtosis 1.000 spec_cnn 0.998  (24s)
  JSR   -1.0 dB  BER 7.17e-02  P(det)@0.05 power_one_sided 1.000 power_two_sided 1.000 kurtosis 1.000 spec_cnn 1.000  (25s)
  JSR   +0.0 dB  BER 9.22e-02  P(det)@0.05 power_one_sided 1.000 power_two_sided 1.000 kurtosis 1.000 spec_cnn 1.000  (25s)
  JSR   +1.0 dB  BER 1.17e-01  P(det)@0.05 power_one_sided 1.000 power_two_sided 1.000 kurtosis 1.000 spec_cnn 1.000  (26s)
  JSR   +2.0 dB  BER 1.41e-01  P(det)@0.05 power_one_sided 1.000 power_two_sided 1.000 kurtosis 1.000 spec_cnn 1.000  (26s)
  JSR   +3.0 dB  BER 1.66e-01  P(det)@0.05 power_one_sided 1.000 power_two_sided 1.000 kurtosis 1.000 spec_cnn 1.000  (27s)
  JSR   +4.0 dB  BER 1.92e-01  P(det)@0.05 power_one_sided 1.000 power_two_sided 1.000 kurtosis 1.000 spec_cnn 1.000  (27s)
  JSR   +5.0 dB  BER 2.16e-01  P(det)@0.05 power_one_sided 1.000 power_two_sided 1.000 kurtosis 1.000 spec_cnn 1.000  (28s)
  JSR   +6.0 dB  BER 2.46e-01  P(det)@0.05 power_one_sided 1.000 power_two_sided 1.000 kurtosis 1.000 spec_cnn 1.000  (28s)
  JSR   +7.0 dB  BER 2.71e-01  P(det)@0.05 power_one_sided 1.000 power_two_sided 1.000 kurtosis 1.000 spec_cnn 1.000  (29s)
  JSR   +8.0 dB  BER 2.90e-01  P(det)@0.05 power_one_sided 1.000 power_two_sided 1.000 kurtosis 1.000 spec_cnn 1.000  (29s)
  JSR   +9.0 dB  BER 3.11e-01  P(det)@0.05 power_one_sided 1.000 power_two_sided 1.000 kurtosis 1.000 spec_cnn 1.000  (30s)
  JSR  +10.0 dB  BER 3.30e-01  P(det)@0.05 power_one_sided 1.000 power_two_sided 1.000 kurtosis 1.000 spec_cnn 1.000  (30s)
  JSR  +11.0 dB  BER 3.47e-01  P(det)@0.05 power_one_sided 1.000 power_two_sided 1.000 kurtosis 1.000 spec_cnn 1.000  (31s)
  JSR  +12.0 dB  BER 3.61e-01  P(det)@0.05 power_one_sided 1.000 power_two_sided 1.000 kurtosis 1.000 spec_cnn 1.000  (31s)
  JSR  +13.0 dB  BER 3.76e-01  P(det)@0.05 power_one_sided 1.000 power_two_sided 1.000 kurtosis 1.000 spec_cnn 1.000  (32s)
  JSR  +14.0 dB  BER 3.90e-01  P(det)@0.05 power_one_sided 1.000 power_two_sided 1.000 kurtosis 1.000 spec_cnn 1.000  (32s)
  JSR  +15.0 dB  BER 4.00e-01  P(det)@0.05 power_one_sided 1.000 power_two_sided 1.000 kurtosis 1.000 spec_cnn 1.000  (33s)
  [snr_10] kurtosis_b1000 confirmed: {"power_one_sided": {"0.01": {"index": 0, "sweep_ber": 0.0, "sweep_pdet": 0.005859375, "confirmed_ber": 0.0, "confirmed_ser": 0.0, "confirmed_pdet": 0.0078125, "passed": true}, "0.05": {"index": 0, "sweep_ber": 0.0, "sweep_pdet": 0.0546875, "confirmed_ber": 0.0, "confirmed_ser": 0.0, "confirmed_pdet": 0.046875, "passed": true}}, "power_two_sided": {"0.01": {"index": 0, "sweep_ber": 0.0, "sweep_pdet": 0.005859375, "confirmed_ber": 0.0, "confirmed_ser": 0.0, "confirmed_pdet": 0.011962890625, "passed": true}, "0.05": {"index": 0, "sweep_ber": 0.0, "sweep_pdet": 0.03515625, "confirmed_ber": 0.0, "confirmed_ser": 0.0, "confirmed_pdet": 0.046630859375, "passed": true}}, "kurtosis": {"0.01": {"index": 31, "sweep_ber": 0.000244140625, "sweep_pdet": 0.017578125, "confirmed_ber": 0.0002613067626953125, "confirmed_ser": 0.000522613525390625, "confirmed_pdet": 0.021240234375, "passed": false}, "0.05": {"index": 30, "sweep_ber": 0.0001068115234375, "sweep_pdet": 0.06640625, "confirmed_ber": 9.632110595703125e-05, "confirmed_ser": 0.0001926422119140625, "confirmed_pdet": 0.066162109375, "passed": false}}, "spec_cnn": {"0.01": {"index": 27, "sweep_ber": 7.62939453125e-06, "sweep_pdet": 0.015625, "confirmed_ber": 0.0, "confirmed_ser": 0.0, "confirmed_pdet": 0.0205078125, "passed": false}, "0.05": {"index": 27, "sweep_ber": 7.62939453125e-06, "sweep_pdet": 0.06640625, "confirmed_ber": 9.5367431640625e-07, "confirmed_ser": 1.9073486328125e-06, "confirmed_pdet": 0.07958984375, "passed": false}}}  (1321s)
  [snr_10] generator spec_cnn_b1 (scale 0.4022)
  JSR  -50.0 dB  BER 0.00e+00  P(det)@0.05 power_one_sided 0.061 power_two_sided 0.041 kurtosis 0.025 spec_cnn 0.039  (0s)
  JSR  -49.0 dB  BER 0.00e+00  P(det)@0.05 power_one_sided 0.051 power_two_sided 0.066 kurtosis 0.043 spec_cnn 0.039  (1s)
  JSR  -48.0 dB  BER 0.00e+00  P(det)@0.05 power_one_sided 0.047 power_two_sided 0.053 kurtosis 0.061 spec_cnn 0.049  (1s)
  JSR  -47.0 dB  BER 0.00e+00  P(det)@0.05 power_one_sided 0.049 power_two_sided 0.049 kurtosis 0.061 spec_cnn 0.064  (2s)
  JSR  -46.0 dB  BER 0.00e+00  P(det)@0.05 power_one_sided 0.029 power_two_sided 0.043 kurtosis 0.066 spec_cnn 0.035  (2s)
  JSR  -45.0 dB  BER 0.00e+00  P(det)@0.05 power_one_sided 0.061 power_two_sided 0.059 kurtosis 0.049 spec_cnn 0.043  (3s)
  JSR  -44.0 dB  BER 0.00e+00  P(det)@0.05 power_one_sided 0.035 power_two_sided 0.027 kurtosis 0.061 spec_cnn 0.039  (3s)
  JSR  -43.0 dB  BER 0.00e+00  P(det)@0.05 power_one_sided 0.053 power_two_sided 0.057 kurtosis 0.045 spec_cnn 0.070  (4s)
  JSR  -42.0 dB  BER 0.00e+00  P(det)@0.05 power_one_sided 0.047 power_two_sided 0.049 kurtosis 0.025 spec_cnn 0.047  (4s)
  JSR  -41.0 dB  BER 0.00e+00  P(det)@0.05 power_one_sided 0.066 power_two_sided 0.057 kurtosis 0.051 spec_cnn 0.043  (5s)
  JSR  -40.0 dB  BER 0.00e+00  P(det)@0.05 power_one_sided 0.049 power_two_sided 0.053 kurtosis 0.053 spec_cnn 0.051  (5s)
  JSR  -39.0 dB  BER 0.00e+00  P(det)@0.05 power_one_sided 0.045 power_two_sided 0.043 kurtosis 0.059 spec_cnn 0.053  (6s)
  JSR  -38.0 dB  BER 0.00e+00  P(det)@0.05 power_one_sided 0.053 power_two_sided 0.057 kurtosis 0.047 spec_cnn 0.049  (6s)
  JSR  -37.0 dB  BER 0.00e+00  P(det)@0.05 power_one_sided 0.068 power_two_sided 0.043 kurtosis 0.051 spec_cnn 0.031  (7s)
  JSR  -36.0 dB  BER 0.00e+00  P(det)@0.05 power_one_sided 0.047 power_two_sided 0.037 kurtosis 0.047 spec_cnn 0.031  (7s)
  JSR  -35.0 dB  BER 0.00e+00  P(det)@0.05 power_one_sided 0.064 power_two_sided 0.053 kurtosis 0.057 spec_cnn 0.059  (8s)
  JSR  -34.0 dB  BER 0.00e+00  P(det)@0.05 power_one_sided 0.072 power_two_sided 0.047 kurtosis 0.055 spec_cnn 0.064  (8s)
  JSR  -33.0 dB  BER 0.00e+00  P(det)@0.05 power_one_sided 0.039 power_two_sided 0.057 kurtosis 0.043 spec_cnn 0.047  (9s)
  JSR  -32.0 dB  BER 0.00e+00  P(det)@0.05 power_one_sided 0.051 power_two_sided 0.043 kurtosis 0.055 spec_cnn 0.033  (9s)
  JSR  -31.0 dB  BER 0.00e+00  P(det)@0.05 power_one_sided 0.068 power_two_sided 0.070 kurtosis 0.059 spec_cnn 0.049  (10s)
  JSR  -30.0 dB  BER 0.00e+00  P(det)@0.05 power_one_sided 0.059 power_two_sided 0.045 kurtosis 0.059 spec_cnn 0.049  (10s)
  JSR  -29.0 dB  BER 0.00e+00  P(det)@0.05 power_one_sided 0.062 power_two_sided 0.055 kurtosis 0.041 spec_cnn 0.051  (11s)
  JSR  -28.0 dB  BER 0.00e+00  P(det)@0.05 power_one_sided 0.059 power_two_sided 0.055 kurtosis 0.059 spec_cnn 0.078  (11s)
  JSR  -27.0 dB  BER 0.00e+00  P(det)@0.05 power_one_sided 0.094 power_two_sided 0.072 kurtosis 0.051 spec_cnn 0.055  (12s)
  JSR  -26.0 dB  BER 0.00e+00  P(det)@0.05 power_one_sided 0.119 power_two_sided 0.102 kurtosis 0.055 spec_cnn 0.062  (12s)
  JSR  -25.0 dB  BER 0.00e+00  P(det)@0.05 power_one_sided 0.125 power_two_sided 0.100 kurtosis 0.057 spec_cnn 0.062  (13s)
  JSR  -24.0 dB  BER 7.63e-06  P(det)@0.05 power_one_sided 0.162 power_two_sided 0.115 kurtosis 0.053 spec_cnn 0.059  (13s)
  JSR  -23.0 dB  BER 4.58e-05  P(det)@0.05 power_one_sided 0.168 power_two_sided 0.113 kurtosis 0.059 spec_cnn 0.061  (14s)
  JSR  -22.0 dB  BER 1.60e-04  P(det)@0.05 power_one_sided 0.248 power_two_sided 0.189 kurtosis 0.057 spec_cnn 0.064  (14s)
  JSR  -21.0 dB  BER 2.90e-04  P(det)@0.05 power_one_sided 0.266 power_two_sided 0.188 kurtosis 0.053 spec_cnn 0.066  (15s)
  JSR  -20.0 dB  BER 6.26e-04  P(det)@0.05 power_one_sided 0.387 power_two_sided 0.318 kurtosis 0.068 spec_cnn 0.047  (15s)
  JSR  -19.0 dB  BER 1.12e-03  P(det)@0.05 power_one_sided 0.400 power_two_sided 0.334 kurtosis 0.090 spec_cnn 0.084  (16s)
  JSR  -18.0 dB  BER 1.58e-03  P(det)@0.05 power_one_sided 0.568 power_two_sided 0.502 kurtosis 0.143 spec_cnn 0.094  (16s)
  JSR  -17.0 dB  BER 1.92e-03  P(det)@0.05 power_one_sided 0.664 power_two_sided 0.584 kurtosis 0.172 spec_cnn 0.082  (17s)
  JSR  -16.0 dB  BER 2.49e-03  P(det)@0.05 power_one_sided 0.775 power_two_sided 0.699 kurtosis 0.309 spec_cnn 0.121  (17s)
  JSR  -15.0 dB  BER 2.77e-03  P(det)@0.05 power_one_sided 0.871 power_two_sided 0.830 kurtosis 0.408 spec_cnn 0.135  (18s)
  JSR  -14.0 dB  BER 3.16e-03  P(det)@0.05 power_one_sided 0.930 power_two_sided 0.916 kurtosis 0.574 spec_cnn 0.150  (18s)
  JSR  -13.0 dB  BER 3.34e-03  P(det)@0.05 power_one_sided 0.973 power_two_sided 0.961 kurtosis 0.754 spec_cnn 0.180  (19s)
  JSR  -12.0 dB  BER 3.66e-03  P(det)@0.05 power_one_sided 0.992 power_two_sided 0.988 kurtosis 0.855 spec_cnn 0.189  (19s)
  JSR  -11.0 dB  BER 4.25e-03  P(det)@0.05 power_one_sided 0.998 power_two_sided 0.998 kurtosis 0.932 spec_cnn 0.275  (20s)
  JSR  -10.0 dB  BER 4.56e-03  P(det)@0.05 power_one_sided 1.000 power_two_sided 1.000 kurtosis 0.990 spec_cnn 0.318  (20s)
  JSR   -9.0 dB  BER 5.00e-03  P(det)@0.05 power_one_sided 1.000 power_two_sided 1.000 kurtosis 1.000 spec_cnn 0.420  (21s)
  JSR   -8.0 dB  BER 5.69e-03  P(det)@0.05 power_one_sided 1.000 power_two_sided 1.000 kurtosis 1.000 spec_cnn 0.502  (21s)
  JSR   -7.0 dB  BER 6.82e-03  P(det)@0.05 power_one_sided 1.000 power_two_sided 1.000 kurtosis 1.000 spec_cnn 0.617  (22s)
  JSR   -6.0 dB  BER 8.79e-03  P(det)@0.05 power_one_sided 1.000 power_two_sided 1.000 kurtosis 1.000 spec_cnn 0.738  (22s)
  JSR   -5.0 dB  BER 1.12e-02  P(det)@0.05 power_one_sided 1.000 power_two_sided 1.000 kurtosis 1.000 spec_cnn 0.828  (23s)
  JSR   -4.0 dB  BER 1.53e-02  P(det)@0.05 power_one_sided 1.000 power_two_sided 1.000 kurtosis 1.000 spec_cnn 0.934  (23s)
  JSR   -3.0 dB  BER 2.07e-02  P(det)@0.05 power_one_sided 1.000 power_two_sided 1.000 kurtosis 1.000 spec_cnn 0.973  (24s)
  JSR   -2.0 dB  BER 2.89e-02  P(det)@0.05 power_one_sided 1.000 power_two_sided 1.000 kurtosis 1.000 spec_cnn 0.994  (24s)
  JSR   -1.0 dB  BER 4.17e-02  P(det)@0.05 power_one_sided 1.000 power_two_sided 1.000 kurtosis 1.000 spec_cnn 1.000  (25s)
  JSR   +0.0 dB  BER 5.36e-02  P(det)@0.05 power_one_sided 1.000 power_two_sided 1.000 kurtosis 1.000 spec_cnn 1.000  (25s)
  JSR   +1.0 dB  BER 7.42e-02  P(det)@0.05 power_one_sided 1.000 power_two_sided 1.000 kurtosis 1.000 spec_cnn 1.000  (26s)
  JSR   +2.0 dB  BER 9.89e-02  P(det)@0.05 power_one_sided 1.000 power_two_sided 1.000 kurtosis 1.000 spec_cnn 1.000  (26s)
  JSR   +3.0 dB  BER 1.18e-01  P(det)@0.05 power_one_sided 1.000 power_two_sided 1.000 kurtosis 1.000 spec_cnn 1.000  (27s)
  JSR   +4.0 dB  BER 1.46e-01  P(det)@0.05 power_one_sided 1.000 power_two_sided 1.000 kurtosis 1.000 spec_cnn 1.000  (27s)
  JSR   +5.0 dB  BER 1.72e-01  P(det)@0.05 power_one_sided 1.000 power_two_sided 1.000 kurtosis 1.000 spec_cnn 1.000  (28s)
  JSR   +6.0 dB  BER 1.96e-01  P(det)@0.05 power_one_sided 1.000 power_two_sided 1.000 kurtosis 1.000 spec_cnn 1.000  (28s)
  JSR   +7.0 dB  BER 2.22e-01  P(det)@0.05 power_one_sided 1.000 power_two_sided 1.000 kurtosis 1.000 spec_cnn 1.000  (29s)
  JSR   +8.0 dB  BER 2.49e-01  P(det)@0.05 power_one_sided 1.000 power_two_sided 1.000 kurtosis 1.000 spec_cnn 1.000  (29s)
  JSR   +9.0 dB  BER 2.67e-01  P(det)@0.05 power_one_sided 1.000 power_two_sided 1.000 kurtosis 1.000 spec_cnn 1.000  (30s)
  JSR  +10.0 dB  BER 2.92e-01  P(det)@0.05 power_one_sided 1.000 power_two_sided 1.000 kurtosis 1.000 spec_cnn 1.000  (30s)
  JSR  +11.0 dB  BER 3.13e-01  P(det)@0.05 power_one_sided 1.000 power_two_sided 1.000 kurtosis 1.000 spec_cnn 1.000  (31s)
  JSR  +12.0 dB  BER 3.32e-01  P(det)@0.05 power_one_sided 1.000 power_two_sided 1.000 kurtosis 1.000 spec_cnn 1.000  (31s)
  JSR  +13.0 dB  BER 3.48e-01  P(det)@0.05 power_one_sided 1.000 power_two_sided 1.000 kurtosis 1.000 spec_cnn 1.000  (32s)
  JSR  +14.0 dB  BER 3.66e-01  P(det)@0.05 power_one_sided 1.000 power_two_sided 1.000 kurtosis 1.000 spec_cnn 1.000  (32s)
  JSR  +15.0 dB  BER 3.77e-01  P(det)@0.05 power_one_sided 1.000 power_two_sided 1.000 kurtosis 1.000 spec_cnn 1.000  (33s)
  [snr_10] spec_cnn_b1 confirmed: {"power_one_sided": {"0.01": {"index": 0, "sweep_ber": 0.0, "sweep_pdet": 0.009765625, "confirmed_ber": 0.0, "confirmed_ser": 0.0, "confirmed_pdet": 0.009765625, "passed": true}, "0.05": {"index": 0, "sweep_ber": 0.0, "sweep_pdet": 0.060546875, "confirmed_ber": 0.0, "confirmed_ser": 0.0, "confirmed_pdet": 0.052978515625, "passed": true}}, "power_two_sided": {"0.01": {"index": 0, "sweep_ber": 0.0, "sweep_pdet": 0.009765625, "confirmed_ber": 0.0, "confirmed_ser": 0.0, "confirmed_pdet": 0.0107421875, "passed": true}, "0.05": {"index": 0, "sweep_ber": 0.0, "sweep_pdet": 0.041015625, "confirmed_ber": 0.0, "confirmed_ser": 0.0, "confirmed_pdet": 0.049560546875, "passed": true}}, "kurtosis": {"0.01": {"index": 30, "sweep_ber": 0.0006256103515625, "sweep_pdet": 0.01171875, "confirmed_ber": 0.0006952285766601562, "confirmed_ser": 0.0013904571533203125, "confirmed_pdet": 0.01708984375, "passed": false}, "0.05": {"index": 30, "sweep_ber": 0.0006256103515625, "sweep_pdet": 0.068359375, "confirmed_ber": 0.0007181167602539062, "confirmed_ser": 0.0014324188232421875, "confirmed_pdet": 0.0634765625, "passed": false}}, "spec_cnn": {"0.01": {"index": 30, "sweep_ber": 0.0006256103515625, "sweep_pdet": 0.013671875, "confirmed_ber": 0.0007343292236328125, "confirmed_ser": 0.0014629364013671875, "confirmed_pdet": 0.017578125, "passed": false}, "0.05": {"index": 30, "sweep_ber": 0.0006256103515625, "sweep_pdet": 0.046875, "confirmed_ber": 0.0006656646728515625, "confirmed_ser": 0.001331329345703125, "confirmed_pdet": 0.071044921875, "passed": false}}}  (1385s)
  [snr_10] generator spec_cnn_b10 (scale 0.4022)
    JSR  -50.0 dB  BER 0.00e+00  P(det)@0.05 power_one_sided 0.061 power_two_sided 0.059 kurtosis 0.031 spec_cnn 0.062  (0s)
    JSR  -49.0 dB  BER 0.00e+00  P(det)@0.05 power_one_sided 0.041 power_two_sided 0.041 kurtosis 0.055 spec_cnn 0.053  (1s)
    JSR  -48.0 dB  BER 0.00e+00  P(det)@0.05 power_one_sided 0.043 power_two_sided 0.027 kurtosis 0.049 spec_cnn 0.051  (1s)
    JSR  -47.0 dB  BER 0.00e+00  P(det)@0.05 power_one_sided 0.045 power_two_sided 0.049 kurtosis 0.057 spec_cnn 0.061  (2s)
    JSR  -46.0 dB  BER 0.00e+00  P(det)@0.05 power_one_sided 0.057 power_two_sided 0.049 kurtosis 0.064 spec_cnn 0.047  (2s)
    JSR  -45.0 dB  BER 0.00e+00  P(det)@0.05 power_one_sided 0.053 power_two_sided 0.061 kurtosis 0.049 spec_cnn 0.039  (3s)
    JSR  -44.0 dB  BER 0.00e+00  P(det)@0.05 power_one_sided 0.066 power_two_sided 0.053 kurtosis 0.061 spec_cnn 0.061  (3s)
    JSR  -43.0 dB  BER 0.00e+00  P(det)@0.05 power_one_sided 0.047 power_two_sided 0.064 kurtosis 0.047 spec_cnn 0.041  (4s)
    JSR  -42.0 dB  BER 0.00e+00  P(det)@0.05 power_one_sided 0.059 power_two_sided 0.043 kurtosis 0.051 spec_cnn 0.059  (4s)
    JSR  -41.0 dB  BER 0.00e+00  P(det)@0.05 power_one_sided 0.055 power_two_sided 0.049 kurtosis 0.059 spec_cnn 0.049  (5s)
    JSR  -40.0 dB  BER 0.00e+00  P(det)@0.05 power_one_sided 0.055 power_two_sided 0.049 kurtosis 0.049 spec_cnn 0.043  (5s)
    JSR  -39.0 dB  BER 0.00e+00  P(det)@0.05 power_one_sided 0.049 power_two_sided 0.041 kurtosis 0.061 spec_cnn 0.062  (6s)
    JSR  -38.0 dB  BER 0.00e+00  P(det)@0.05 power_one_sided 0.051 power_two_sided 0.055 kurtosis 0.072 spec_cnn 0.035  (6s)
    JSR  -37.0 dB  BER 0.00e+00  P(det)@0.05 power_one_sided 0.049 power_two_sided 0.049 kurtosis 0.049 spec_cnn 0.045  (7s)
    JSR  -36.0 dB  BER 0.00e+00  P(det)@0.05 power_one_sided 0.057 power_two_sided 0.051 kurtosis 0.047 spec_cnn 0.041  (7s)
    JSR  -35.0 dB  BER 0.00e+00  P(det)@0.05 power_one_sided 0.070 power_two_sided 0.059 kurtosis 0.053 spec_cnn 0.049  (8s)
    JSR  -34.0 dB  BER 0.00e+00  P(det)@0.05 power_one_sided 0.072 power_two_sided 0.068 kurtosis 0.047 spec_cnn 0.043  (8s)
    JSR  -33.0 dB  BER 0.00e+00  P(det)@0.05 power_one_sided 0.064 power_two_sided 0.061 kurtosis 0.055 spec_cnn 0.053  (9s)
    JSR  -32.0 dB  BER 0.00e+00  P(det)@0.05 power_one_sided 0.057 power_two_sided 0.047 kurtosis 0.061 spec_cnn 0.055  (9s)
    JSR  -31.0 dB  BER 0.00e+00  P(det)@0.05 power_one_sided 0.049 power_two_sided 0.059 kurtosis 0.070 spec_cnn 0.047  (10s)
    JSR  -30.0 dB  BER 0.00e+00  P(det)@0.05 power_one_sided 0.080 power_two_sided 0.062 kurtosis 0.041 spec_cnn 0.049  (10s)
    JSR  -29.0 dB  BER 0.00e+00  P(det)@0.05 power_one_sided 0.070 power_two_sided 0.062 kurtosis 0.059 spec_cnn 0.049  (11s)
    JSR  -28.0 dB  BER 0.00e+00  P(det)@0.05 power_one_sided 0.088 power_two_sided 0.068 kurtosis 0.043 spec_cnn 0.053  (11s)
    JSR  -27.0 dB  BER 0.00e+00  P(det)@0.05 power_one_sided 0.084 power_two_sided 0.064 kurtosis 0.045 spec_cnn 0.072  (12s)
    JSR  -26.0 dB  BER 0.00e+00  P(det)@0.05 power_one_sided 0.094 power_two_sided 0.074 kurtosis 0.053 spec_cnn 0.053  (12s)
    JSR  -25.0 dB  BER 0.00e+00  P(det)@0.05 power_one_sided 0.092 power_two_sided 0.055 kurtosis 0.043 spec_cnn 0.062  (13s)
    JSR  -24.0 dB  BER 0.00e+00  P(det)@0.05 power_one_sided 0.139 power_two_sided 0.104 kurtosis 0.068 spec_cnn 0.059  (13s)
    JSR  -23.0 dB  BER 2.29e-05  P(det)@0.05 power_one_sided 0.129 power_two_sided 0.090 kurtosis 0.051 spec_cnn 0.057  (14s)
    JSR  -22.0 dB  BER 1.98e-04  P(det)@0.05 power_one_sided 0.139 power_two_sided 0.115 kurtosis 0.043 spec_cnn 0.059  (14s)
    JSR  -21.0 dB  BER 4.20e-04  P(det)@0.05 power_one_sided 0.205 power_two_sided 0.182 kurtosis 0.104 spec_cnn 0.053  (15s)
    JSR  -20.0 dB  BER 9.23e-04  P(det)@0.05 power_one_sided 0.248 power_two_sided 0.197 kurtosis 0.137 spec_cnn 0.086  (15s)
    JSR  -19.0 dB  BER 1.24e-03  P(det)@0.05 power_one_sided 0.328 power_two_sided 0.240 kurtosis 0.152 spec_cnn 0.096  (16s)
    JSR  -18.0 dB  BER 1.64e-03  P(det)@0.05 power_one_sided 0.387 power_two_sided 0.340 kurtosis 0.193 spec_cnn 0.082  (16s)
    JSR  -17.0 dB  BER 2.10e-03  P(det)@0.05 power_one_sided 0.424 power_two_sided 0.346 kurtosis 0.318 spec_cnn 0.078  (17s)
    JSR  -16.0 dB  BER 2.69e-03  P(det)@0.05 power_one_sided 0.523 power_two_sided 0.445 kurtosis 0.385 spec_cnn 0.113  (17s)
    JSR  -15.0 dB  BER 2.93e-03  P(det)@0.05 power_one_sided 0.625 power_two_sided 0.566 kurtosis 0.543 spec_cnn 0.121  (18s)
    JSR  -14.0 dB  BER 3.26e-03  P(det)@0.05 power_one_sided 0.758 power_two_sided 0.693 kurtosis 0.635 spec_cnn 0.141  (18s)
    JSR  -13.0 dB  BER 3.68e-03  P(det)@0.05 power_one_sided 0.861 power_two_sided 0.822 kurtosis 0.705 spec_cnn 0.178  (19s)
    JSR  -12.0 dB  BER 3.98e-03  P(det)@0.05 power_one_sided 0.920 power_two_sided 0.895 kurtosis 0.750 spec_cnn 0.213  (19s)
    JSR  -11.0 dB  BER 4.28e-03  P(det)@0.05 power_one_sided 0.955 power_two_sided 0.943 kurtosis 0.883 spec_cnn 0.266  (20s)
    JSR  -10.0 dB  BER 4.59e-03  P(det)@0.05 power_one_sided 0.988 power_two_sided 0.982 kurtosis 0.951 spec_cnn 0.301  (20s)
    JSR   -9.0 dB  BER 5.22e-03  P(det)@0.05 power_one_sided 0.996 power_two_sided 0.992 kurtosis 0.988 spec_cnn 0.402  (21s)
    JSR   -8.0 dB  BER 5.99e-03  P(det)@0.05 power_one_sided 0.998 power_two_sided 0.998 kurtosis 1.000 spec_cnn 0.508  (21s)
    JSR   -7.0 dB  BER 6.57e-03  P(det)@0.05 power_one_sided 1.000 power_two_sided 1.000 kurtosis 1.000 spec_cnn 0.629  (22s)
    JSR   -6.0 dB  BER 8.15e-03  P(det)@0.05 power_one_sided 1.000 power_two_sided 1.000 kurtosis 1.000 spec_cnn 0.777  (22s)
    JSR   -5.0 dB  BER 9.88e-03  P(det)@0.05 power_one_sided 1.000 power_two_sided 1.000 kurtosis 1.000 spec_cnn 0.887  (23s)
    JSR   -4.0 dB  BER 1.37e-02  P(det)@0.05 power_one_sided 1.000 power_two_sided 1.000 kurtosis 1.000 spec_cnn 0.959  (23s)
    JSR   -3.0 dB  BER 1.76e-02  P(det)@0.05 power_one_sided 1.000 power_two_sided 1.000 kurtosis 1.000 spec_cnn 0.984  (24s)
    JSR   -2.0 dB  BER 2.49e-02  P(det)@0.05 power_one_sided 1.000 power_two_sided 1.000 kurtosis 1.000 spec_cnn 0.996  (24s)
    JSR   -1.0 dB  BER 3.47e-02  P(det)@0.05 power_one_sided 1.000 power_two_sided 1.000 kurtosis 1.000 spec_cnn 1.000  (25s)
    JSR   +0.0 dB  BER 4.97e-02  P(det)@0.05 power_one_sided 1.000 power_two_sided 1.000 kurtosis 1.000 spec_cnn 1.000  (25s)
    JSR   +1.0 dB  BER 6.70e-02  P(det)@0.05 power_one_sided 1.000 power_two_sided 1.000 kurtosis 1.000 spec_cnn 1.000  (26s)
    JSR   +2.0 dB  BER 8.88e-02  P(det)@0.05 power_one_sided 1.000 power_two_sided 1.000 kurtosis 1.000 spec_cnn 1.000  (26s)
    JSR   +3.0 dB  BER 1.09e-01  P(det)@0.05 power_one_sided 1.000 power_two_sided 1.000 kurtosis 1.000 spec_cnn 1.000  (27s)
    JSR   +4.0 dB  BER 1.36e-01  P(det)@0.05 power_one_sided 1.000 power_two_sided 1.000 kurtosis 1.000 spec_cnn 1.000  (27s)
    JSR   +5.0 dB  BER 1.59e-01  P(det)@0.05 power_one_sided 1.000 power_two_sided 1.000 kurtosis 1.000 spec_cnn 1.000  (28s)
    JSR   +6.0 dB  BER 1.89e-01  P(det)@0.05 power_one_sided 1.000 power_two_sided 1.000 kurtosis 1.000 spec_cnn 1.000  (28s)
    JSR   +7.0 dB  BER 2.16e-01  P(det)@0.05 power_one_sided 1.000 power_two_sided 1.000 kurtosis 1.000 spec_cnn 1.000  (29s)
    JSR   +8.0 dB  BER 2.40e-01  P(det)@0.05 power_one_sided 1.000 power_two_sided 1.000 kurtosis 1.000 spec_cnn 1.000  (29s)
    JSR   +9.0 dB  BER 2.63e-01  P(det)@0.05 power_one_sided 1.000 power_two_sided 1.000 kurtosis 1.000 spec_cnn 1.000  (30s)
    JSR  +10.0 dB  BER 2.85e-01  P(det)@0.05 power_one_sided 1.000 power_two_sided 1.000 kurtosis 1.000 spec_cnn 1.000  (30s)
    JSR  +11.0 dB  BER 3.08e-01  P(det)@0.05 power_one_sided 1.000 power_two_sided 1.000 kurtosis 1.000 spec_cnn 1.000  (31s)
    JSR  +12.0 dB  BER 3.26e-01  P(det)@0.05 power_one_sided 1.000 power_two_sided 1.000 kurtosis 1.000 spec_cnn 1.000  (31s)
    JSR  +13.0 dB  BER 3.46e-01  P(det)@0.05 power_one_sided 1.000 power_two_sided 1.000 kurtosis 1.000 spec_cnn 1.000  (32s)
    JSR  +14.0 dB  BER 3.62e-01  P(det)@0.05 power_one_sided 1.000 power_two_sided 1.000 kurtosis 1.000 spec_cnn 1.000  (32s)
    JSR  +15.0 dB  BER 3.71e-01  P(det)@0.05 power_one_sided 1.000 power_two_sided 1.000 kurtosis 1.000 spec_cnn 1.000  (33s)
  [snr_10] spec_cnn_b10 confirmed: {"power_one_sided": {"0.01": {"index": 0, "sweep_ber": 0.0, "sweep_pdet": 0.0078125, "confirmed_ber": 0.0, "confirmed_ser": 0.0, "confirmed_pdet": 0.01025390625, "passed": true}, "0.05": {"index": 0, "sweep_ber": 0.0, "sweep_pdet": 0.060546875, "confirmed_ber": 0.0, "confirmed_ser": 0.0, "confirmed_pdet": 0.04931640625, "passed": true}}, "power_two_sided": {"0.01": {"index": 0, "sweep_ber": 0.0, "sweep_pdet": 0.01171875, "confirmed_ber": 0.0, "confirmed_ser": 0.0, "confirmed_pdet": 0.0126953125, "passed": true}, "0.05": {"index": 0, "sweep_ber": 0.0, "sweep_pdet": 0.05859375, "confirmed_ber": 0.0, "confirmed_ser": 0.0, "confirmed_pdet": 0.05224609375, "passed": true}}, "kurtosis": {"0.01": {"index": 28, "sweep_ber": 0.0001983642578125, "sweep_pdet": 0.001953125, "confirmed_ber": 0.0001506805419921875, "confirmed_ser": 0.000301361083984375, "confirmed_pdet": 0.0224609375, "passed": false}, "0.05": {"index": 28, "sweep_ber": 0.0001983642578125, "sweep_pdet": 0.04296875, "confirmed_ber": 0.0001773834228515625, "confirmed_ser": 0.000354766845703125, "confirmed_pdet": 0.072998046875, "passed": false}}, "spec_cnn": {"0.01": {"index": 31, "sweep_ber": 0.0012359619140625, "sweep_pdet": 0.013671875, "confirmed_ber": 0.0012502670288085938, "confirmed_ser": 0.002471923828125, "confirmed_pdet": 0.019287109375, "passed": false}, "0.05": {"index": 29, "sweep_ber": 0.00041961669921875, "sweep_pdet": 0.052734375, "confirmed_ber": 0.00043487548828125, "confirmed_ser": 0.0008697509765625, "confirmed_pdet": 0.0625, "passed": false}}}  (1450s)
  [snr_10] generator spec_cnn_b100 (scale 0.4022)
  JSR  -50.0 dB  BER 0.00e+00  P(det)@0.05 power_one_sided 0.053 power_two_sided 0.055 kurtosis 0.045 spec_cnn 0.029  (0s)
  JSR  -49.0 dB  BER 0.00e+00  P(det)@0.05 power_one_sided 0.045 power_two_sided 0.051 kurtosis 0.062 spec_cnn 0.055  (1s)
  JSR  -48.0 dB  BER 0.00e+00  P(det)@0.05 power_one_sided 0.043 power_two_sided 0.064 kurtosis 0.057 spec_cnn 0.031  (1s)
  JSR  -47.0 dB  BER 0.00e+00  P(det)@0.05 power_one_sided 0.041 power_two_sided 0.053 kurtosis 0.066 spec_cnn 0.041  (2s)
  JSR  -46.0 dB  BER 0.00e+00  P(det)@0.05 power_one_sided 0.051 power_two_sided 0.041 kurtosis 0.051 spec_cnn 0.061  (2s)
  JSR  -45.0 dB  BER 0.00e+00  P(det)@0.05 power_one_sided 0.041 power_two_sided 0.055 kurtosis 0.039 spec_cnn 0.041  (3s)
  JSR  -44.0 dB  BER 0.00e+00  P(det)@0.05 power_one_sided 0.043 power_two_sided 0.053 kurtosis 0.029 spec_cnn 0.053  (3s)
  JSR  -43.0 dB  BER 0.00e+00  P(det)@0.05 power_one_sided 0.059 power_two_sided 0.051 kurtosis 0.047 spec_cnn 0.039  (4s)
  JSR  -42.0 dB  BER 0.00e+00  P(det)@0.05 power_one_sided 0.055 power_two_sided 0.051 kurtosis 0.064 spec_cnn 0.051  (4s)
  JSR  -41.0 dB  BER 0.00e+00  P(det)@0.05 power_one_sided 0.059 power_two_sided 0.043 kurtosis 0.051 spec_cnn 0.035  (5s)
  JSR  -40.0 dB  BER 0.00e+00  P(det)@0.05 power_one_sided 0.053 power_two_sided 0.057 kurtosis 0.053 spec_cnn 0.055  (5s)
  JSR  -39.0 dB  BER 0.00e+00  P(det)@0.05 power_one_sided 0.055 power_two_sided 0.043 kurtosis 0.055 spec_cnn 0.055  (6s)
  JSR  -38.0 dB  BER 0.00e+00  P(det)@0.05 power_one_sided 0.043 power_two_sided 0.055 kurtosis 0.041 spec_cnn 0.047  (6s)
  JSR  -37.0 dB  BER 0.00e+00  P(det)@0.05 power_one_sided 0.062 power_two_sided 0.062 kurtosis 0.051 spec_cnn 0.045  (7s)
  JSR  -36.0 dB  BER 0.00e+00  P(det)@0.05 power_one_sided 0.045 power_two_sided 0.047 kurtosis 0.045 spec_cnn 0.049  (7s)
  JSR  -35.0 dB  BER 0.00e+00  P(det)@0.05 power_one_sided 0.062 power_two_sided 0.055 kurtosis 0.057 spec_cnn 0.049  (8s)
  JSR  -34.0 dB  BER 0.00e+00  P(det)@0.05 power_one_sided 0.049 power_two_sided 0.051 kurtosis 0.051 spec_cnn 0.053  (8s)
  JSR  -33.0 dB  BER 0.00e+00  P(det)@0.05 power_one_sided 0.064 power_two_sided 0.057 kurtosis 0.059 spec_cnn 0.068  (9s)
  JSR  -32.0 dB  BER 0.00e+00  P(det)@0.05 power_one_sided 0.076 power_two_sided 0.070 kurtosis 0.045 spec_cnn 0.043  (9s)
  JSR  -31.0 dB  BER 0.00e+00  P(det)@0.05 power_one_sided 0.061 power_two_sided 0.055 kurtosis 0.041 spec_cnn 0.047  (10s)
  JSR  -30.0 dB  BER 0.00e+00  P(det)@0.05 power_one_sided 0.068 power_two_sided 0.057 kurtosis 0.039 spec_cnn 0.074  (10s)
  JSR  -29.0 dB  BER 0.00e+00  P(det)@0.05 power_one_sided 0.070 power_two_sided 0.061 kurtosis 0.045 spec_cnn 0.062  (11s)
  JSR  -28.0 dB  BER 0.00e+00  P(det)@0.05 power_one_sided 0.064 power_two_sided 0.053 kurtosis 0.049 spec_cnn 0.061  (11s)
  JSR  -27.0 dB  BER 0.00e+00  P(det)@0.05 power_one_sided 0.061 power_two_sided 0.062 kurtosis 0.049 spec_cnn 0.055  (12s)
  JSR  -26.0 dB  BER 0.00e+00  P(det)@0.05 power_one_sided 0.102 power_two_sided 0.080 kurtosis 0.061 spec_cnn 0.068  (12s)
  JSR  -25.0 dB  BER 0.00e+00  P(det)@0.05 power_one_sided 0.104 power_two_sided 0.066 kurtosis 0.055 spec_cnn 0.078  (13s)
  JSR  -24.0 dB  BER 0.00e+00  P(det)@0.05 power_one_sided 0.154 power_two_sided 0.107 kurtosis 0.066 spec_cnn 0.061  (13s)
  JSR  -23.0 dB  BER 0.00e+00  P(det)@0.05 power_one_sided 0.164 power_two_sided 0.125 kurtosis 0.064 spec_cnn 0.078  (14s)
  JSR  -22.0 dB  BER 3.05e-05  P(det)@0.05 power_one_sided 0.197 power_two_sided 0.139 kurtosis 0.057 spec_cnn 0.057  (14s)
  JSR  -21.0 dB  BER 1.53e-04  P(det)@0.05 power_one_sided 0.252 power_two_sided 0.217 kurtosis 0.053 spec_cnn 0.072  (15s)
  JSR  -20.0 dB  BER 3.43e-04  P(det)@0.05 power_one_sided 0.299 power_two_sided 0.234 kurtosis 0.066 spec_cnn 0.082  (15s)
  JSR  -19.0 dB  BER 7.86e-04  P(det)@0.05 power_one_sided 0.412 power_two_sided 0.342 kurtosis 0.072 spec_cnn 0.068  (16s)
  JSR  -18.0 dB  BER 1.11e-03  P(det)@0.05 power_one_sided 0.533 power_two_sided 0.451 kurtosis 0.104 spec_cnn 0.096  (16s)
  JSR  -17.0 dB  BER 1.69e-03  P(det)@0.05 power_one_sided 0.691 power_two_sided 0.596 kurtosis 0.162 spec_cnn 0.092  (17s)
  JSR  -16.0 dB  BER 1.98e-03  P(det)@0.05 power_one_sided 0.748 power_two_sided 0.680 kurtosis 0.211 spec_cnn 0.135  (17s)
  JSR  -15.0 dB  BER 2.46e-03  P(det)@0.05 power_one_sided 0.824 power_two_sided 0.783 kurtosis 0.258 spec_cnn 0.133  (18s)
  JSR  -14.0 dB  BER 2.91e-03  P(det)@0.05 power_one_sided 0.930 power_two_sided 0.898 kurtosis 0.383 spec_cnn 0.217  (18s)
  JSR  -13.0 dB  BER 3.26e-03  P(det)@0.05 power_one_sided 0.979 power_two_sided 0.963 kurtosis 0.551 spec_cnn 0.197  (19s)
  JSR  -12.0 dB  BER 3.76e-03  P(det)@0.05 power_one_sided 0.996 power_two_sided 0.992 kurtosis 0.705 spec_cnn 0.279  (19s)
  JSR  -11.0 dB  BER 3.85e-03  P(det)@0.05 power_one_sided 0.998 power_two_sided 0.996 kurtosis 0.859 spec_cnn 0.373  (20s)
  JSR  -10.0 dB  BER 4.27e-03  P(det)@0.05 power_one_sided 1.000 power_two_sided 0.998 kurtosis 0.967 spec_cnn 0.451  (20s)
  JSR   -9.0 dB  BER 4.40e-03  P(det)@0.05 power_one_sided 1.000 power_two_sided 1.000 kurtosis 0.994 spec_cnn 0.613  (21s)
  JSR   -8.0 dB  BER 4.98e-03  P(det)@0.05 power_one_sided 1.000 power_two_sided 1.000 kurtosis 0.998 spec_cnn 0.721  (21s)
  JSR   -7.0 dB  BER 5.97e-03  P(det)@0.05 power_one_sided 1.000 power_two_sided 1.000 kurtosis 1.000 spec_cnn 0.834  (22s)
  JSR   -6.0 dB  BER 7.38e-03  P(det)@0.05 power_one_sided 1.000 power_two_sided 1.000 kurtosis 1.000 spec_cnn 0.900  (22s)
  JSR   -5.0 dB  BER 9.45e-03  P(det)@0.05 power_one_sided 1.000 power_two_sided 1.000 kurtosis 1.000 spec_cnn 0.963  (23s)
  JSR   -4.0 dB  BER 1.38e-02  P(det)@0.05 power_one_sided 1.000 power_two_sided 1.000 kurtosis 1.000 spec_cnn 0.988  (23s)
  JSR   -3.0 dB  BER 1.93e-02  P(det)@0.05 power_one_sided 1.000 power_two_sided 1.000 kurtosis 1.000 spec_cnn 1.000  (24s)
  JSR   -2.0 dB  BER 2.95e-02  P(det)@0.05 power_one_sided 1.000 power_two_sided 1.000 kurtosis 1.000 spec_cnn 1.000  (24s)
  JSR   -1.0 dB  BER 4.34e-02  P(det)@0.05 power_one_sided 1.000 power_two_sided 1.000 kurtosis 1.000 spec_cnn 1.000  (25s)
  JSR   +0.0 dB  BER 5.91e-02  P(det)@0.05 power_one_sided 1.000 power_two_sided 1.000 kurtosis 1.000 spec_cnn 1.000  (25s)
  JSR   +1.0 dB  BER 8.07e-02  P(det)@0.05 power_one_sided 1.000 power_two_sided 1.000 kurtosis 1.000 spec_cnn 1.000  (26s)
  JSR   +2.0 dB  BER 1.09e-01  P(det)@0.05 power_one_sided 1.000 power_two_sided 1.000 kurtosis 1.000 spec_cnn 1.000  (26s)
  JSR   +3.0 dB  BER 1.29e-01  P(det)@0.05 power_one_sided 1.000 power_two_sided 1.000 kurtosis 1.000 spec_cnn 1.000  (27s)
  JSR   +4.0 dB  BER 1.57e-01  P(det)@0.05 power_one_sided 1.000 power_two_sided 1.000 kurtosis 1.000 spec_cnn 1.000  (27s)
  JSR   +5.0 dB  BER 1.82e-01  P(det)@0.05 power_one_sided 1.000 power_two_sided 1.000 kurtosis 1.000 spec_cnn 1.000  (28s)
  JSR   +6.0 dB  BER 2.06e-01  P(det)@0.05 power_one_sided 1.000 power_two_sided 1.000 kurtosis 1.000 spec_cnn 1.000  (28s)
  JSR   +7.0 dB  BER 2.37e-01  P(det)@0.05 power_one_sided 1.000 power_two_sided 1.000 kurtosis 1.000 spec_cnn 1.000  (29s)
  JSR   +8.0 dB  BER 2.59e-01  P(det)@0.05 power_one_sided 1.000 power_two_sided 1.000 kurtosis 1.000 spec_cnn 1.000  (29s)
  JSR   +9.0 dB  BER 2.80e-01  P(det)@0.05 power_one_sided 1.000 power_two_sided 1.000 kurtosis 1.000 spec_cnn 1.000  (30s)
  JSR  +10.0 dB  BER 2.99e-01  P(det)@0.05 power_one_sided 1.000 power_two_sided 1.000 kurtosis 1.000 spec_cnn 1.000  (30s)
  JSR  +11.0 dB  BER 3.21e-01  P(det)@0.05 power_one_sided 1.000 power_two_sided 1.000 kurtosis 1.000 spec_cnn 1.000  (31s)
  JSR  +12.0 dB  BER 3.41e-01  P(det)@0.05 power_one_sided 1.000 power_two_sided 1.000 kurtosis 1.000 spec_cnn 1.000  (31s)
  JSR  +13.0 dB  BER 3.59e-01  P(det)@0.05 power_one_sided 1.000 power_two_sided 1.000 kurtosis 1.000 spec_cnn 1.000  (32s)
  JSR  +14.0 dB  BER 3.69e-01  P(det)@0.05 power_one_sided 1.000 power_two_sided 1.000 kurtosis 1.000 spec_cnn 1.000  (32s)
  JSR  +15.0 dB  BER 3.82e-01  P(det)@0.05 power_one_sided 1.000 power_two_sided 1.000 kurtosis 1.000 spec_cnn 1.000  (33s)
  [snr_10] spec_cnn_b100 confirmed: {"power_one_sided": {"0.01": {"index": 0, "sweep_ber": 0.0, "sweep_pdet": 0.005859375, "confirmed_ber": 0.0, "confirmed_ser": 0.0, "confirmed_pdet": 0.00830078125, "passed": true}, "0.05": {"index": 0, "sweep_ber": 0.0, "sweep_pdet": 0.052734375, "confirmed_ber": 0.0, "confirmed_ser": 0.0, "confirmed_pdet": 0.048828125, "passed": true}}, "power_two_sided": {"0.01": {"index": 0, "sweep_ber": 0.0, "sweep_pdet": 0.0078125, "confirmed_ber": 0.0, "confirmed_ser": 0.0, "confirmed_pdet": 0.0126953125, "passed": true}, "0.05": {"index": 0, "sweep_ber": 0.0, "sweep_pdet": 0.0546875, "confirmed_ber": 0.0, "confirmed_ser": 0.0, "confirmed_pdet": 0.048828125, "passed": true}}, "kurtosis": {"0.01": {"index": 29, "sweep_ber": 0.000152587890625, "sweep_pdet": 0.0078125, "confirmed_ber": 0.000171661376953125, "confirmed_ser": 0.00034332275390625, "confirmed_pdet": 0.012451171875, "passed": true}, "0.05": {"index": 30, "sweep_ber": 0.00034332275390625, "sweep_pdet": 0.06640625, "confirmed_ber": 0.000408172607421875, "confirmed_ser": 0.00081634521484375, "confirmed_pdet": 0.06494140625, "passed": false}}, "spec_cnn": {"0.01": {"index": 33, "sweep_ber": 0.0016937255859375, "sweep_pdet": 0.013671875, "confirmed_ber": 0.0016155242919921875, "confirmed_ser": 0.0031585693359375, "confirmed_pdet": 0.0283203125, "passed": false}, "0.05": {"index": 31, "sweep_ber": 0.00078582763671875, "sweep_pdet": 0.068359375, "confirmed_ber": 0.0007572174072265625, "confirmed_ser": 0.001514434814453125, "confirmed_pdet": 0.08154296875, "passed": false}}}  (1515s)
  [snr_10] generator spec_cnn_b1000 (scale 0.4022)
  JSR  -50.0 dB  BER 0.00e+00  P(det)@0.05 power_one_sided 0.053 power_two_sided 0.053 kurtosis 0.035 spec_cnn 0.055  (0s)
  JSR  -49.0 dB  BER 0.00e+00  P(det)@0.05 power_one_sided 0.041 power_two_sided 0.051 kurtosis 0.068 spec_cnn 0.039  (1s)
  JSR  -48.0 dB  BER 0.00e+00  P(det)@0.05 power_one_sided 0.039 power_two_sided 0.053 kurtosis 0.057 spec_cnn 0.043  (1s)
  JSR  -47.0 dB  BER 0.00e+00  P(det)@0.05 power_one_sided 0.059 power_two_sided 0.064 kurtosis 0.049 spec_cnn 0.055  (2s)
  JSR  -46.0 dB  BER 0.00e+00  P(det)@0.05 power_one_sided 0.047 power_two_sided 0.045 kurtosis 0.057 spec_cnn 0.061  (2s)
  JSR  -45.0 dB  BER 0.00e+00  P(det)@0.05 power_one_sided 0.037 power_two_sided 0.041 kurtosis 0.041 spec_cnn 0.047  (3s)
  JSR  -44.0 dB  BER 0.00e+00  P(det)@0.05 power_one_sided 0.043 power_two_sided 0.047 kurtosis 0.055 spec_cnn 0.051  (3s)
  JSR  -43.0 dB  BER 0.00e+00  P(det)@0.05 power_one_sided 0.045 power_two_sided 0.053 kurtosis 0.029 spec_cnn 0.043  (4s)
  JSR  -42.0 dB  BER 0.00e+00  P(det)@0.05 power_one_sided 0.031 power_two_sided 0.041 kurtosis 0.045 spec_cnn 0.043  (4s)
  JSR  -41.0 dB  BER 0.00e+00  P(det)@0.05 power_one_sided 0.062 power_two_sided 0.049 kurtosis 0.043 spec_cnn 0.037  (5s)
  JSR  -40.0 dB  BER 0.00e+00  P(det)@0.05 power_one_sided 0.062 power_two_sided 0.059 kurtosis 0.047 spec_cnn 0.059  (5s)
  JSR  -39.0 dB  BER 0.00e+00  P(det)@0.05 power_one_sided 0.062 power_two_sided 0.061 kurtosis 0.049 spec_cnn 0.053  (6s)
  JSR  -38.0 dB  BER 0.00e+00  P(det)@0.05 power_one_sided 0.049 power_two_sided 0.041 kurtosis 0.059 spec_cnn 0.051  (6s)
  JSR  -37.0 dB  BER 0.00e+00  P(det)@0.05 power_one_sided 0.062 power_two_sided 0.055 kurtosis 0.061 spec_cnn 0.049  (7s)
  JSR  -36.0 dB  BER 0.00e+00  P(det)@0.05 power_one_sided 0.055 power_two_sided 0.047 kurtosis 0.035 spec_cnn 0.047  (7s)
  JSR  -35.0 dB  BER 0.00e+00  P(det)@0.05 power_one_sided 0.047 power_two_sided 0.049 kurtosis 0.051 spec_cnn 0.029  (8s)
  JSR  -34.0 dB  BER 0.00e+00  P(det)@0.05 power_one_sided 0.057 power_two_sided 0.066 kurtosis 0.045 spec_cnn 0.059  (8s)
  JSR  -33.0 dB  BER 0.00e+00  P(det)@0.05 power_one_sided 0.062 power_two_sided 0.053 kurtosis 0.045 spec_cnn 0.043  (9s)
  JSR  -32.0 dB  BER 0.00e+00  P(det)@0.05 power_one_sided 0.047 power_two_sided 0.064 kurtosis 0.043 spec_cnn 0.051  (9s)
  JSR  -31.0 dB  BER 0.00e+00  P(det)@0.05 power_one_sided 0.064 power_two_sided 0.057 kurtosis 0.057 spec_cnn 0.045  (10s)
  JSR  -30.0 dB  BER 0.00e+00  P(det)@0.05 power_one_sided 0.059 power_two_sided 0.061 kurtosis 0.037 spec_cnn 0.068  (10s)
  JSR  -29.0 dB  BER 0.00e+00  P(det)@0.05 power_one_sided 0.094 power_two_sided 0.070 kurtosis 0.045 spec_cnn 0.059  (11s)
  JSR  -28.0 dB  BER 0.00e+00  P(det)@0.05 power_one_sided 0.061 power_two_sided 0.062 kurtosis 0.041 spec_cnn 0.049  (11s)
  JSR  -27.0 dB  BER 0.00e+00  P(det)@0.05 power_one_sided 0.096 power_two_sided 0.076 kurtosis 0.070 spec_cnn 0.053  (12s)
  JSR  -26.0 dB  BER 0.00e+00  P(det)@0.05 power_one_sided 0.076 power_two_sided 0.068 kurtosis 0.055 spec_cnn 0.080  (12s)
  JSR  -25.0 dB  BER 0.00e+00  P(det)@0.05 power_one_sided 0.100 power_two_sided 0.072 kurtosis 0.047 spec_cnn 0.049  (13s)
  JSR  -24.0 dB  BER 0.00e+00  P(det)@0.05 power_one_sided 0.105 power_two_sided 0.076 kurtosis 0.057 spec_cnn 0.070  (13s)
  JSR  -23.0 dB  BER 0.00e+00  P(det)@0.05 power_one_sided 0.152 power_two_sided 0.104 kurtosis 0.053 spec_cnn 0.062  (14s)
  JSR  -22.0 dB  BER 0.00e+00  P(det)@0.05 power_one_sided 0.174 power_two_sided 0.125 kurtosis 0.070 spec_cnn 0.076  (14s)
  JSR  -21.0 dB  BER 1.53e-05  P(det)@0.05 power_one_sided 0.174 power_two_sided 0.127 kurtosis 0.057 spec_cnn 0.066  (15s)
  JSR  -20.0 dB  BER 2.29e-05  P(det)@0.05 power_one_sided 0.266 power_two_sided 0.201 kurtosis 0.107 spec_cnn 0.105  (15s)
  JSR  -19.0 dB  BER 1.14e-04  P(det)@0.05 power_one_sided 0.312 power_two_sided 0.244 kurtosis 0.105 spec_cnn 0.121  (16s)
  JSR  -18.0 dB  BER 3.43e-04  P(det)@0.05 power_one_sided 0.422 power_two_sided 0.326 kurtosis 0.143 spec_cnn 0.105  (16s)
  JSR  -17.0 dB  BER 6.41e-04  P(det)@0.05 power_one_sided 0.482 power_two_sided 0.404 kurtosis 0.150 spec_cnn 0.143  (17s)
  JSR  -16.0 dB  BER 9.69e-04  P(det)@0.05 power_one_sided 0.646 power_two_sided 0.574 kurtosis 0.219 spec_cnn 0.170  (17s)
  JSR  -15.0 dB  BER 1.37e-03  P(det)@0.05 power_one_sided 0.734 power_two_sided 0.668 kurtosis 0.322 spec_cnn 0.219  (18s)
  JSR  -14.0 dB  BER 1.77e-03  P(det)@0.05 power_one_sided 0.797 power_two_sided 0.732 kurtosis 0.412 spec_cnn 0.258  (18s)
  JSR  -13.0 dB  BER 2.20e-03  P(det)@0.05 power_one_sided 0.910 power_two_sided 0.879 kurtosis 0.504 spec_cnn 0.371  (19s)
  JSR  -12.0 dB  BER 2.39e-03  P(det)@0.05 power_one_sided 0.947 power_two_sided 0.934 kurtosis 0.674 spec_cnn 0.432  (19s)
  JSR  -11.0 dB  BER 2.95e-03  P(det)@0.05 power_one_sided 0.994 power_two_sided 0.990 kurtosis 0.748 spec_cnn 0.541  (20s)
  JSR  -10.0 dB  BER 3.16e-03  P(det)@0.05 power_one_sided 0.996 power_two_sided 0.996 kurtosis 0.875 spec_cnn 0.711  (20s)
  JSR   -9.0 dB  BER 3.66e-03  P(det)@0.05 power_one_sided 1.000 power_two_sided 1.000 kurtosis 0.924 spec_cnn 0.812  (21s)
  JSR   -8.0 dB  BER 4.35e-03  P(det)@0.05 power_one_sided 1.000 power_two_sided 1.000 kurtosis 0.979 spec_cnn 0.881  (21s)
  JSR   -7.0 dB  BER 5.97e-03  P(det)@0.05 power_one_sided 1.000 power_two_sided 1.000 kurtosis 0.988 spec_cnn 0.947  (22s)
  JSR   -6.0 dB  BER 7.96e-03  P(det)@0.05 power_one_sided 1.000 power_two_sided 1.000 kurtosis 1.000 spec_cnn 0.986  (22s)
  JSR   -5.0 dB  BER 1.25e-02  P(det)@0.05 power_one_sided 1.000 power_two_sided 1.000 kurtosis 1.000 spec_cnn 0.996  (23s)
  JSR   -4.0 dB  BER 1.94e-02  P(det)@0.05 power_one_sided 1.000 power_two_sided 1.000 kurtosis 1.000 spec_cnn 1.000  (23s)
  JSR   -3.0 dB  BER 2.85e-02  P(det)@0.05 power_one_sided 1.000 power_two_sided 1.000 kurtosis 1.000 spec_cnn 1.000  (24s)
  JSR   -2.0 dB  BER 4.10e-02  P(det)@0.05 power_one_sided 1.000 power_two_sided 1.000 kurtosis 1.000 spec_cnn 1.000  (24s)
  JSR   -1.0 dB  BER 5.47e-02  P(det)@0.05 power_one_sided 1.000 power_two_sided 1.000 kurtosis 1.000 spec_cnn 1.000  (25s)
  JSR   +0.0 dB  BER 7.70e-02  P(det)@0.05 power_one_sided 1.000 power_two_sided 1.000 kurtosis 1.000 spec_cnn 1.000  (25s)
  JSR   +1.0 dB  BER 9.63e-02  P(det)@0.05 power_one_sided 1.000 power_two_sided 1.000 kurtosis 1.000 spec_cnn 1.000  (26s)
  JSR   +2.0 dB  BER 1.22e-01  P(det)@0.05 power_one_sided 1.000 power_two_sided 1.000 kurtosis 1.000 spec_cnn 1.000  (26s)
  JSR   +3.0 dB  BER 1.47e-01  P(det)@0.05 power_one_sided 1.000 power_two_sided 1.000 kurtosis 1.000 spec_cnn 1.000  (27s)
  JSR   +4.0 dB  BER 1.75e-01  P(det)@0.05 power_one_sided 1.000 power_two_sided 1.000 kurtosis 1.000 spec_cnn 1.000  (27s)
  JSR   +5.0 dB  BER 1.98e-01  P(det)@0.05 power_one_sided 1.000 power_two_sided 1.000 kurtosis 1.000 spec_cnn 1.000  (28s)
  JSR   +6.0 dB  BER 2.24e-01  P(det)@0.05 power_one_sided 1.000 power_two_sided 1.000 kurtosis 1.000 spec_cnn 1.000  (28s)
  JSR   +7.0 dB  BER 2.45e-01  P(det)@0.05 power_one_sided 1.000 power_two_sided 1.000 kurtosis 1.000 spec_cnn 1.000  (29s)
  JSR   +8.0 dB  BER 2.70e-01  P(det)@0.05 power_one_sided 1.000 power_two_sided 1.000 kurtosis 1.000 spec_cnn 1.000  (29s)
  JSR   +9.0 dB  BER 2.94e-01  P(det)@0.05 power_one_sided 1.000 power_two_sided 1.000 kurtosis 1.000 spec_cnn 1.000  (30s)
  JSR  +10.0 dB  BER 3.11e-01  P(det)@0.05 power_one_sided 1.000 power_two_sided 1.000 kurtosis 1.000 spec_cnn 1.000  (30s)
  JSR  +11.0 dB  BER 3.34e-01  P(det)@0.05 power_one_sided 1.000 power_two_sided 1.000 kurtosis 1.000 spec_cnn 1.000  (31s)
  JSR  +12.0 dB  BER 3.51e-01  P(det)@0.05 power_one_sided 1.000 power_two_sided 1.000 kurtosis 1.000 spec_cnn 1.000  (31s)
  JSR  +13.0 dB  BER 3.63e-01  P(det)@0.05 power_one_sided 1.000 power_two_sided 1.000 kurtosis 1.000 spec_cnn 1.000  (32s)
  JSR  +14.0 dB  BER 3.80e-01  P(det)@0.05 power_one_sided 1.000 power_two_sided 1.000 kurtosis 1.000 spec_cnn 1.000  (32s)
  JSR  +15.0 dB  BER 3.95e-01  P(det)@0.05 power_one_sided 1.000 power_two_sided 1.000 kurtosis 1.000 spec_cnn 1.000  (33s)
  [snr_10] spec_cnn_b1000 confirmed: {"power_one_sided": {"0.01": {"index": 0, "sweep_ber": 0.0, "sweep_pdet": 0.00390625, "confirmed_ber": 0.0, "confirmed_ser": 0.0, "confirmed_pdet": 0.00830078125, "passed": true}, "0.05": {"index": 0, "sweep_ber": 0.0, "sweep_pdet": 0.052734375, "confirmed_ber": 0.0, "confirmed_ser": 0.0, "confirmed_pdet": 0.04736328125, "passed": true}}, "power_two_sided": {"0.01": {"index": 0, "sweep_ber": 0.0, "sweep_pdet": 0.0, "confirmed_ber": 0.0, "confirmed_ser": 0.0, "confirmed_pdet": 0.00927734375, "passed": true}, "0.05": {"index": 0, "sweep_ber": 0.0, "sweep_pdet": 0.052734375, "confirmed_ber": 0.0, "confirmed_ser": 0.0, "confirmed_pdet": 0.0498046875, "passed": true}}, "kurtosis": {"0.01": {"index": 29, "sweep_ber": 1.52587890625e-05, "sweep_pdet": 0.01171875, "confirmed_ber": 8.58306884765625e-06, "confirmed_ser": 1.71661376953125e-05, "confirmed_pdet": 0.015625, "passed": false}, "0.05": {"index": 29, "sweep_ber": 1.52587890625e-05, "sweep_pdet": 0.056640625, "confirmed_ber": 8.58306884765625e-06, "confirmed_ser": 1.71661376953125e-05, "confirmed_pdet": 0.0712890625, "passed": false}}, "spec_cnn": {"0.01": {"index": 0, "sweep_ber": 0.0, "sweep_pdet": 0.0078125, "confirmed_ber": 0.0, "confirmed_ser": 0.0, "confirmed_pdet": 0.01171875, "passed": true}, "0.05": {"index": 29, "sweep_ber": 1.52587890625e-05, "sweep_pdet": 0.06640625, "confirmed_ber": 7.62939453125e-06, "confirmed_ser": 1.52587890625e-05, "confirmed_pdet": 0.080322265625, "passed": false}}}  (1580s)
  [snr_10] generator spec_cnn_b10000 (scale 0.4022)
  JSR  -50.0 dB  BER 0.00e+00  P(det)@0.05 power_one_sided 0.053 power_two_sided 0.047 kurtosis 0.051 spec_cnn 0.041  (0s)
  JSR  -49.0 dB  BER 0.00e+00  P(det)@0.05 power_one_sided 0.055 power_two_sided 0.055 kurtosis 0.047 spec_cnn 0.033  (1s)
  JSR  -48.0 dB  BER 0.00e+00  P(det)@0.05 power_one_sided 0.049 power_two_sided 0.051 kurtosis 0.049 spec_cnn 0.053  (1s)
  JSR  -47.0 dB  BER 0.00e+00  P(det)@0.05 power_one_sided 0.066 power_two_sided 0.055 kurtosis 0.041 spec_cnn 0.055  (2s)
  JSR  -46.0 dB  BER 0.00e+00  P(det)@0.05 power_one_sided 0.043 power_two_sided 0.051 kurtosis 0.059 spec_cnn 0.047  (2s)
  JSR  -45.0 dB  BER 0.00e+00  P(det)@0.05 power_one_sided 0.055 power_two_sided 0.066 kurtosis 0.062 spec_cnn 0.055  (3s)
  JSR  -44.0 dB  BER 0.00e+00  P(det)@0.05 power_one_sided 0.039 power_two_sided 0.061 kurtosis 0.055 spec_cnn 0.037  (3s)
  JSR  -43.0 dB  BER 0.00e+00  P(det)@0.05 power_one_sided 0.043 power_two_sided 0.039 kurtosis 0.053 spec_cnn 0.045  (4s)
  JSR  -42.0 dB  BER 0.00e+00  P(det)@0.05 power_one_sided 0.033 power_two_sided 0.035 kurtosis 0.066 spec_cnn 0.043  (4s)
  JSR  -41.0 dB  BER 0.00e+00  P(det)@0.05 power_one_sided 0.039 power_two_sided 0.037 kurtosis 0.051 spec_cnn 0.045  (5s)
  JSR  -40.0 dB  BER 0.00e+00  P(det)@0.05 power_one_sided 0.045 power_two_sided 0.037 kurtosis 0.055 spec_cnn 0.047  (5s)
  JSR  -39.0 dB  BER 0.00e+00  P(det)@0.05 power_one_sided 0.070 power_two_sided 0.059 kurtosis 0.057 spec_cnn 0.051  (6s)
  JSR  -38.0 dB  BER 0.00e+00  P(det)@0.05 power_one_sided 0.057 power_two_sided 0.059 kurtosis 0.045 spec_cnn 0.045  (6s)
  JSR  -37.0 dB  BER 0.00e+00  P(det)@0.05 power_one_sided 0.045 power_two_sided 0.027 kurtosis 0.051 spec_cnn 0.051  (7s)
  JSR  -36.0 dB  BER 0.00e+00  P(det)@0.05 power_one_sided 0.033 power_two_sided 0.047 kurtosis 0.053 spec_cnn 0.061  (7s)
  JSR  -35.0 dB  BER 0.00e+00  P(det)@0.05 power_one_sided 0.035 power_two_sided 0.035 kurtosis 0.043 spec_cnn 0.059  (8s)
  JSR  -34.0 dB  BER 0.00e+00  P(det)@0.05 power_one_sided 0.043 power_two_sided 0.043 kurtosis 0.074 spec_cnn 0.039  (8s)
  JSR  -33.0 dB  BER 0.00e+00  P(det)@0.05 power_one_sided 0.059 power_two_sided 0.055 kurtosis 0.045 spec_cnn 0.062  (9s)
  JSR  -32.0 dB  BER 0.00e+00  P(det)@0.05 power_one_sided 0.072 power_two_sided 0.059 kurtosis 0.066 spec_cnn 0.037  (9s)
  JSR  -31.0 dB  BER 0.00e+00  P(det)@0.05 power_one_sided 0.059 power_two_sided 0.057 kurtosis 0.051 spec_cnn 0.043  (10s)
  JSR  -30.0 dB  BER 0.00e+00  P(det)@0.05 power_one_sided 0.047 power_two_sided 0.047 kurtosis 0.059 spec_cnn 0.039  (10s)
  JSR  -29.0 dB  BER 0.00e+00  P(det)@0.05 power_one_sided 0.084 power_two_sided 0.066 kurtosis 0.051 spec_cnn 0.059  (11s)
  JSR  -28.0 dB  BER 0.00e+00  P(det)@0.05 power_one_sided 0.080 power_two_sided 0.064 kurtosis 0.043 spec_cnn 0.051  (11s)
  JSR  -27.0 dB  BER 0.00e+00  P(det)@0.05 power_one_sided 0.100 power_two_sided 0.080 kurtosis 0.053 spec_cnn 0.047  (12s)
  JSR  -26.0 dB  BER 0.00e+00  P(det)@0.05 power_one_sided 0.094 power_two_sided 0.072 kurtosis 0.057 spec_cnn 0.062  (12s)
  JSR  -25.0 dB  BER 0.00e+00  P(det)@0.05 power_one_sided 0.082 power_two_sided 0.062 kurtosis 0.061 spec_cnn 0.061  (13s)
  JSR  -24.0 dB  BER 0.00e+00  P(det)@0.05 power_one_sided 0.111 power_two_sided 0.080 kurtosis 0.076 spec_cnn 0.053  (13s)
  JSR  -23.0 dB  BER 0.00e+00  P(det)@0.05 power_one_sided 0.148 power_two_sided 0.102 kurtosis 0.059 spec_cnn 0.070  (14s)
  JSR  -22.0 dB  BER 0.00e+00  P(det)@0.05 power_one_sided 0.211 power_two_sided 0.146 kurtosis 0.068 spec_cnn 0.074  (14s)
  JSR  -21.0 dB  BER 0.00e+00  P(det)@0.05 power_one_sided 0.201 power_two_sided 0.150 kurtosis 0.066 spec_cnn 0.059  (15s)
  JSR  -20.0 dB  BER 0.00e+00  P(det)@0.05 power_one_sided 0.271 power_two_sided 0.215 kurtosis 0.064 spec_cnn 0.084  (15s)
  JSR  -19.0 dB  BER 0.00e+00  P(det)@0.05 power_one_sided 0.309 power_two_sided 0.240 kurtosis 0.086 spec_cnn 0.064  (16s)
  JSR  -18.0 dB  BER 0.00e+00  P(det)@0.05 power_one_sided 0.393 power_two_sided 0.336 kurtosis 0.088 spec_cnn 0.094  (16s)
  JSR  -17.0 dB  BER 0.00e+00  P(det)@0.05 power_one_sided 0.496 power_two_sided 0.414 kurtosis 0.139 spec_cnn 0.102  (17s)
  JSR  -16.0 dB  BER 0.00e+00  P(det)@0.05 power_one_sided 0.631 power_two_sided 0.570 kurtosis 0.143 spec_cnn 0.117  (17s)
  JSR  -15.0 dB  BER 0.00e+00  P(det)@0.05 power_one_sided 0.723 power_two_sided 0.666 kurtosis 0.188 spec_cnn 0.125  (18s)
  JSR  -14.0 dB  BER 2.29e-05  P(det)@0.05 power_one_sided 0.803 power_two_sided 0.742 kurtosis 0.279 spec_cnn 0.145  (18s)
  JSR  -13.0 dB  BER 7.63e-05  P(det)@0.05 power_one_sided 0.914 power_two_sided 0.887 kurtosis 0.395 spec_cnn 0.223  (19s)
  JSR  -12.0 dB  BER 1.83e-04  P(det)@0.05 power_one_sided 0.951 power_two_sided 0.943 kurtosis 0.535 spec_cnn 0.250  (19s)
  JSR  -11.0 dB  BER 4.73e-04  P(det)@0.05 power_one_sided 0.975 power_two_sided 0.963 kurtosis 0.709 spec_cnn 0.287  (20s)
  JSR  -10.0 dB  BER 8.54e-04  P(det)@0.05 power_one_sided 0.996 power_two_sided 0.996 kurtosis 0.840 spec_cnn 0.395  (20s)
  JSR   -9.0 dB  BER 1.94e-03  P(det)@0.05 power_one_sided 0.996 power_two_sided 0.994 kurtosis 0.912 spec_cnn 0.451  (21s)
  JSR   -8.0 dB  BER 3.26e-03  P(det)@0.05 power_one_sided 1.000 power_two_sided 1.000 kurtosis 0.971 spec_cnn 0.541  (21s)
  JSR   -7.0 dB  BER 6.10e-03  P(det)@0.05 power_one_sided 1.000 power_two_sided 1.000 kurtosis 0.984 spec_cnn 0.670  (22s)
  JSR   -6.0 dB  BER 1.10e-02  P(det)@0.05 power_one_sided 1.000 power_two_sided 1.000 kurtosis 0.998 spec_cnn 0.801  (22s)
  JSR   -5.0 dB  BER 1.94e-02  P(det)@0.05 power_one_sided 1.000 power_two_sided 1.000 kurtosis 0.998 spec_cnn 0.885  (23s)
  JSR   -4.0 dB  BER 3.22e-02  P(det)@0.05 power_one_sided 1.000 power_two_sided 1.000 kurtosis 0.998 spec_cnn 0.953  (23s)
  JSR   -3.0 dB  BER 5.15e-02  P(det)@0.05 power_one_sided 1.000 power_two_sided 1.000 kurtosis 1.000 spec_cnn 0.990  (24s)
  JSR   -2.0 dB  BER 7.60e-02  P(det)@0.05 power_one_sided 1.000 power_two_sided 1.000 kurtosis 1.000 spec_cnn 0.996  (24s)
  JSR   -1.0 dB  BER 1.03e-01  P(det)@0.05 power_one_sided 1.000 power_two_sided 1.000 kurtosis 1.000 spec_cnn 1.000  (25s)
  JSR   +0.0 dB  BER 1.33e-01  P(det)@0.05 power_one_sided 1.000 power_two_sided 1.000 kurtosis 1.000 spec_cnn 1.000  (25s)
  JSR   +1.0 dB  BER 1.60e-01  P(det)@0.05 power_one_sided 1.000 power_two_sided 1.000 kurtosis 0.998 spec_cnn 1.000  (26s)
  JSR   +2.0 dB  BER 1.92e-01  P(det)@0.05 power_one_sided 1.000 power_two_sided 1.000 kurtosis 0.998 spec_cnn 1.000  (26s)
  JSR   +3.0 dB  BER 2.20e-01  P(det)@0.05 power_one_sided 1.000 power_two_sided 1.000 kurtosis 0.998 spec_cnn 1.000  (27s)
  JSR   +4.0 dB  BER 2.43e-01  P(det)@0.05 power_one_sided 1.000 power_two_sided 1.000 kurtosis 1.000 spec_cnn 1.000  (27s)
  JSR   +5.0 dB  BER 2.73e-01  P(det)@0.05 power_one_sided 1.000 power_two_sided 1.000 kurtosis 0.992 spec_cnn 1.000  (28s)
  JSR   +6.0 dB  BER 2.91e-01  P(det)@0.05 power_one_sided 1.000 power_two_sided 1.000 kurtosis 0.988 spec_cnn 1.000  (28s)
  JSR   +7.0 dB  BER 3.12e-01  P(det)@0.05 power_one_sided 1.000 power_two_sided 1.000 kurtosis 0.990 spec_cnn 1.000  (28s)
  JSR   +8.0 dB  BER 3.29e-01  P(det)@0.05 power_one_sided 1.000 power_two_sided 1.000 kurtosis 0.984 spec_cnn 1.000  (29s)
  JSR   +9.0 dB  BER 3.48e-01  P(det)@0.05 power_one_sided 1.000 power_two_sided 1.000 kurtosis 0.973 spec_cnn 1.000  (30s)
  JSR  +10.0 dB  BER 3.64e-01  P(det)@0.05 power_one_sided 1.000 power_two_sided 1.000 kurtosis 0.961 spec_cnn 1.000  (30s)
  JSR  +11.0 dB  BER 3.76e-01  P(det)@0.05 power_one_sided 1.000 power_two_sided 1.000 kurtosis 0.961 spec_cnn 1.000  (30s)
  JSR  +12.0 dB  BER 3.94e-01  P(det)@0.05 power_one_sided 1.000 power_two_sided 1.000 kurtosis 0.939 spec_cnn 1.000  (31s)
  JSR  +13.0 dB  BER 4.01e-01  P(det)@0.05 power_one_sided 1.000 power_two_sided 1.000 kurtosis 0.930 spec_cnn 1.000  (31s)
  JSR  +14.0 dB  BER 4.14e-01  P(det)@0.05 power_one_sided 1.000 power_two_sided 1.000 kurtosis 0.932 spec_cnn 1.000  (32s)
  JSR  +15.0 dB  BER 4.19e-01  P(det)@0.05 power_one_sided 1.000 power_two_sided 1.000 kurtosis 0.928 spec_cnn 1.000  (32s)
  [snr_10] spec_cnn_b10000 confirmed: {"power_one_sided": {"0.01": {"index": 0, "sweep_ber": 0.0, "sweep_pdet": 0.01171875, "confirmed_ber": 0.0, "confirmed_ser": 0.0, "confirmed_pdet": 0.01171875, "passed": true}, "0.05": {"index": 0, "sweep_ber": 0.0, "sweep_pdet": 0.052734375, "confirmed_ber": 0.0, "confirmed_ser": 0.0, "confirmed_pdet": 0.048828125, "passed": true}}, "power_two_sided": {"0.01": {"index": 0, "sweep_ber": 0.0, "sweep_pdet": 0.013671875, "confirmed_ber": 0.0, "confirmed_ser": 0.0, "confirmed_pdet": 0.00830078125, "passed": true}, "0.05": {"index": 0, "sweep_ber": 0.0, "sweep_pdet": 0.046875, "confirmed_ber": 0.0, "confirmed_ser": 0.0, "confirmed_pdet": 0.048583984375, "passed": true}}, "kurtosis": {"0.01": {"index": 0, "sweep_ber": 0.0, "sweep_pdet": 0.005859375, "confirmed_ber": 0.0, "confirmed_ser": 0.0, "confirmed_pdet": 0.007568359375, "passed": true}, "0.05": {"index": 0, "sweep_ber": 0.0, "sweep_pdet": 0.05078125, "confirmed_ber": 0.0, "confirmed_ser": 0.0, "confirmed_pdet": 0.048583984375, "passed": true}}, "spec_cnn": {"0.01": {"index": 0, "sweep_ber": 0.0, "sweep_pdet": 0.0078125, "confirmed_ber": 0.0, "confirmed_ser": 0.0, "confirmed_pdet": 0.00732421875, "passed": true}, "0.05": {"index": 0, "sweep_ber": 0.0, "sweep_pdet": 0.041015625, "confirmed_ber": 0.0, "confirmed_ser": 0.0, "confirmed_pdet": 0.053466796875, "passed": true}}}  (1645s)
  [snr_10] generator spec_cnn_b100000 (scale 0.4022)
  JSR  -50.0 dB  BER 0.00e+00  P(det)@0.05 power_one_sided 0.055 power_two_sided 0.061 kurtosis 0.055 spec_cnn 0.033  (0s)
  JSR  -49.0 dB  BER 0.00e+00  P(det)@0.05 power_one_sided 0.062 power_two_sided 0.043 kurtosis 0.057 spec_cnn 0.068  (1s)
  JSR  -48.0 dB  BER 0.00e+00  P(det)@0.05 power_one_sided 0.041 power_two_sided 0.037 kurtosis 0.053 spec_cnn 0.049  (1s)
  JSR  -47.0 dB  BER 0.00e+00  P(det)@0.05 power_one_sided 0.051 power_two_sided 0.066 kurtosis 0.055 spec_cnn 0.049  (2s)
  JSR  -46.0 dB  BER 0.00e+00  P(det)@0.05 power_one_sided 0.037 power_two_sided 0.033 kurtosis 0.051 spec_cnn 0.055  (2s)
  JSR  -45.0 dB  BER 0.00e+00  P(det)@0.05 power_one_sided 0.062 power_two_sided 0.035 kurtosis 0.047 spec_cnn 0.066  (3s)
  JSR  -44.0 dB  BER 0.00e+00  P(det)@0.05 power_one_sided 0.043 power_two_sided 0.047 kurtosis 0.043 spec_cnn 0.049  (3s)
  JSR  -43.0 dB  BER 0.00e+00  P(det)@0.05 power_one_sided 0.045 power_two_sided 0.043 kurtosis 0.057 spec_cnn 0.049  (4s)
  JSR  -42.0 dB  BER 0.00e+00  P(det)@0.05 power_one_sided 0.055 power_two_sided 0.061 kurtosis 0.062 spec_cnn 0.059  (4s)
  JSR  -41.0 dB  BER 0.00e+00  P(det)@0.05 power_one_sided 0.035 power_two_sided 0.021 kurtosis 0.055 spec_cnn 0.051  (5s)
  JSR  -40.0 dB  BER 0.00e+00  P(det)@0.05 power_one_sided 0.053 power_two_sided 0.055 kurtosis 0.047 spec_cnn 0.051  (5s)
  JSR  -39.0 dB  BER 0.00e+00  P(det)@0.05 power_one_sided 0.033 power_two_sided 0.033 kurtosis 0.043 spec_cnn 0.062  (6s)
  JSR  -38.0 dB  BER 0.00e+00  P(det)@0.05 power_one_sided 0.059 power_two_sided 0.072 kurtosis 0.049 spec_cnn 0.035  (6s)
  JSR  -37.0 dB  BER 0.00e+00  P(det)@0.05 power_one_sided 0.043 power_two_sided 0.027 kurtosis 0.047 spec_cnn 0.041  (7s)
  JSR  -36.0 dB  BER 0.00e+00  P(det)@0.05 power_one_sided 0.062 power_two_sided 0.059 kurtosis 0.051 spec_cnn 0.039  (7s)
  JSR  -35.0 dB  BER 0.00e+00  P(det)@0.05 power_one_sided 0.061 power_two_sided 0.027 kurtosis 0.041 spec_cnn 0.047  (8s)
  JSR  -34.0 dB  BER 0.00e+00  P(det)@0.05 power_one_sided 0.047 power_two_sided 0.045 kurtosis 0.047 spec_cnn 0.051  (8s)
  JSR  -33.0 dB  BER 0.00e+00  P(det)@0.05 power_one_sided 0.059 power_two_sided 0.051 kurtosis 0.041 spec_cnn 0.070  (9s)
  JSR  -32.0 dB  BER 0.00e+00  P(det)@0.05 power_one_sided 0.059 power_two_sided 0.072 kurtosis 0.045 spec_cnn 0.051  (9s)
  JSR  -31.0 dB  BER 0.00e+00  P(det)@0.05 power_one_sided 0.062 power_two_sided 0.059 kurtosis 0.055 spec_cnn 0.055  (10s)
  JSR  -30.0 dB  BER 0.00e+00  P(det)@0.05 power_one_sided 0.070 power_two_sided 0.051 kurtosis 0.057 spec_cnn 0.057  (10s)
  JSR  -29.0 dB  BER 0.00e+00  P(det)@0.05 power_one_sided 0.062 power_two_sided 0.037 kurtosis 0.049 spec_cnn 0.053  (11s)
  JSR  -28.0 dB  BER 0.00e+00  P(det)@0.05 power_one_sided 0.070 power_two_sided 0.059 kurtosis 0.037 spec_cnn 0.064  (11s)
  JSR  -27.0 dB  BER 0.00e+00  P(det)@0.05 power_one_sided 0.066 power_two_sided 0.059 kurtosis 0.055 spec_cnn 0.055  (12s)
  JSR  -26.0 dB  BER 0.00e+00  P(det)@0.05 power_one_sided 0.088 power_two_sided 0.072 kurtosis 0.055 spec_cnn 0.049  (12s)
  JSR  -25.0 dB  BER 0.00e+00  P(det)@0.05 power_one_sided 0.098 power_two_sided 0.066 kurtosis 0.043 spec_cnn 0.072  (13s)
  JSR  -24.0 dB  BER 0.00e+00  P(det)@0.05 power_one_sided 0.113 power_two_sided 0.092 kurtosis 0.066 spec_cnn 0.061  (13s)
  JSR  -23.0 dB  BER 0.00e+00  P(det)@0.05 power_one_sided 0.139 power_two_sided 0.100 kurtosis 0.053 spec_cnn 0.066  (14s)
  JSR  -22.0 dB  BER 0.00e+00  P(det)@0.05 power_one_sided 0.164 power_two_sided 0.113 kurtosis 0.070 spec_cnn 0.061  (14s)
  JSR  -21.0 dB  BER 0.00e+00  P(det)@0.05 power_one_sided 0.211 power_two_sided 0.160 kurtosis 0.076 spec_cnn 0.057  (15s)
  JSR  -20.0 dB  BER 0.00e+00  P(det)@0.05 power_one_sided 0.246 power_two_sided 0.178 kurtosis 0.066 spec_cnn 0.074  (15s)
  JSR  -19.0 dB  BER 0.00e+00  P(det)@0.05 power_one_sided 0.301 power_two_sided 0.232 kurtosis 0.092 spec_cnn 0.062  (16s)
  JSR  -18.0 dB  BER 0.00e+00  P(det)@0.05 power_one_sided 0.404 power_two_sided 0.332 kurtosis 0.111 spec_cnn 0.092  (16s)
  JSR  -17.0 dB  BER 0.00e+00  P(det)@0.05 power_one_sided 0.506 power_two_sided 0.424 kurtosis 0.121 spec_cnn 0.098  (17s)
  JSR  -16.0 dB  BER 0.00e+00  P(det)@0.05 power_one_sided 0.654 power_two_sided 0.584 kurtosis 0.152 spec_cnn 0.158  (17s)
  JSR  -15.0 dB  BER 0.00e+00  P(det)@0.05 power_one_sided 0.705 power_two_sided 0.645 kurtosis 0.197 spec_cnn 0.139  (18s)
  JSR  -14.0 dB  BER 0.00e+00  P(det)@0.05 power_one_sided 0.828 power_two_sided 0.783 kurtosis 0.281 spec_cnn 0.148  (18s)
  JSR  -13.0 dB  BER 0.00e+00  P(det)@0.05 power_one_sided 0.883 power_two_sided 0.859 kurtosis 0.369 spec_cnn 0.172  (19s)
  JSR  -12.0 dB  BER 1.53e-05  P(det)@0.05 power_one_sided 0.945 power_two_sided 0.938 kurtosis 0.529 spec_cnn 0.207  (19s)
  JSR  -11.0 dB  BER 3.05e-05  P(det)@0.05 power_one_sided 0.984 power_two_sided 0.977 kurtosis 0.693 spec_cnn 0.232  (20s)
  JSR  -10.0 dB  BER 1.22e-04  P(det)@0.05 power_one_sided 0.994 power_two_sided 0.988 kurtosis 0.777 spec_cnn 0.281  (20s)
  JSR   -9.0 dB  BER 6.10e-04  P(det)@0.05 power_one_sided 1.000 power_two_sided 1.000 kurtosis 0.900 spec_cnn 0.373  (21s)
  JSR   -8.0 dB  BER 1.40e-03  P(det)@0.05 power_one_sided 1.000 power_two_sided 1.000 kurtosis 0.947 spec_cnn 0.436  (21s)
  JSR   -7.0 dB  BER 3.31e-03  P(det)@0.05 power_one_sided 1.000 power_two_sided 1.000 kurtosis 0.979 spec_cnn 0.533  (22s)
  JSR   -6.0 dB  BER 8.86e-03  P(det)@0.05 power_one_sided 1.000 power_two_sided 1.000 kurtosis 0.992 spec_cnn 0.676  (22s)
  JSR   -5.0 dB  BER 1.83e-02  P(det)@0.05 power_one_sided 1.000 power_two_sided 1.000 kurtosis 0.996 spec_cnn 0.760  (23s)
  JSR   -4.0 dB  BER 3.33e-02  P(det)@0.05 power_one_sided 1.000 power_two_sided 1.000 kurtosis 0.996 spec_cnn 0.871  (23s)
  JSR   -3.0 dB  BER 5.70e-02  P(det)@0.05 power_one_sided 1.000 power_two_sided 1.000 kurtosis 0.994 spec_cnn 0.947  (24s)
  JSR   -2.0 dB  BER 8.27e-02  P(det)@0.05 power_one_sided 1.000 power_two_sided 1.000 kurtosis 0.998 spec_cnn 0.977  (24s)
  JSR   -1.0 dB  BER 1.14e-01  P(det)@0.05 power_one_sided 1.000 power_two_sided 1.000 kurtosis 0.994 spec_cnn 0.996  (25s)
  JSR   +0.0 dB  BER 1.46e-01  P(det)@0.05 power_one_sided 1.000 power_two_sided 1.000 kurtosis 1.000 spec_cnn 0.998  (25s)
  JSR   +1.0 dB  BER 1.77e-01  P(det)@0.05 power_one_sided 1.000 power_two_sided 1.000 kurtosis 0.998 spec_cnn 1.000  (26s)
  JSR   +2.0 dB  BER 2.07e-01  P(det)@0.05 power_one_sided 1.000 power_two_sided 1.000 kurtosis 1.000 spec_cnn 1.000  (26s)
  JSR   +3.0 dB  BER 2.34e-01  P(det)@0.05 power_one_sided 1.000 power_two_sided 1.000 kurtosis 0.986 spec_cnn 1.000  (27s)
  JSR   +4.0 dB  BER 2.63e-01  P(det)@0.05 power_one_sided 1.000 power_two_sided 1.000 kurtosis 0.977 spec_cnn 1.000  (27s)
  JSR   +5.0 dB  BER 2.86e-01  P(det)@0.05 power_one_sided 1.000 power_two_sided 1.000 kurtosis 0.918 spec_cnn 1.000  (28s)
  JSR   +6.0 dB  BER 3.05e-01  P(det)@0.05 power_one_sided 1.000 power_two_sided 1.000 kurtosis 0.881 spec_cnn 1.000  (28s)
  JSR   +7.0 dB  BER 3.26e-01  P(det)@0.05 power_one_sided 1.000 power_two_sided 1.000 kurtosis 0.789 spec_cnn 1.000  (29s)
  JSR   +8.0 dB  BER 3.45e-01  P(det)@0.05 power_one_sided 1.000 power_two_sided 1.000 kurtosis 0.678 spec_cnn 1.000  (29s)
  JSR   +9.0 dB  BER 3.60e-01  P(det)@0.05 power_one_sided 1.000 power_two_sided 1.000 kurtosis 0.625 spec_cnn 1.000  (30s)
  JSR  +10.0 dB  BER 3.75e-01  P(det)@0.05 power_one_sided 1.000 power_two_sided 1.000 kurtosis 0.584 spec_cnn 1.000  (30s)
  JSR  +11.0 dB  BER 3.91e-01  P(det)@0.05 power_one_sided 1.000 power_two_sided 1.000 kurtosis 0.609 spec_cnn 1.000  (31s)
  JSR  +12.0 dB  BER 3.98e-01  P(det)@0.05 power_one_sided 1.000 power_two_sided 1.000 kurtosis 0.648 spec_cnn 1.000  (31s)
  JSR  +13.0 dB  BER 4.12e-01  P(det)@0.05 power_one_sided 1.000 power_two_sided 1.000 kurtosis 0.654 spec_cnn 1.000  (32s)
  JSR  +14.0 dB  BER 4.22e-01  P(det)@0.05 power_one_sided 1.000 power_two_sided 1.000 kurtosis 0.625 spec_cnn 1.000  (32s)
  JSR  +15.0 dB  BER 4.29e-01  P(det)@0.05 power_one_sided 1.000 power_two_sided 1.000 kurtosis 0.645 spec_cnn 1.000  (33s)
  [snr_10] spec_cnn_b100000 confirmed: {"power_one_sided": {"0.01": {"index": 0, "sweep_ber": 0.0, "sweep_pdet": 0.017578125, "confirmed_ber": 0.0, "confirmed_ser": 0.0, "confirmed_pdet": 0.007568359375, "passed": true}, "0.05": {"index": 0, "sweep_ber": 0.0, "sweep_pdet": 0.0546875, "confirmed_ber": 0.0, "confirmed_ser": 0.0, "confirmed_pdet": 0.049560546875, "passed": true}}, "power_two_sided": {"0.01": {"index": 0, "sweep_ber": 0.0, "sweep_pdet": 0.015625, "confirmed_ber": 0.0, "confirmed_ser": 0.0, "confirmed_pdet": 0.0107421875, "passed": true}, "0.05": {"index": 0, "sweep_ber": 0.0, "sweep_pdet": 0.060546875, "confirmed_ber": 0.0, "confirmed_ser": 0.0, "confirmed_pdet": 0.050537109375, "passed": true}}, "kurtosis": {"0.01": {"index": 0, "sweep_ber": 0.0, "sweep_pdet": 0.00390625, "confirmed_ber": 0.0, "confirmed_ser": 0.0, "confirmed_pdet": 0.00927734375, "passed": true}, "0.05": {"index": 0, "sweep_ber": 0.0, "sweep_pdet": 0.0546875, "confirmed_ber": 0.0, "confirmed_ser": 0.0, "confirmed_pdet": 0.052490234375, "passed": true}}, "spec_cnn": {"0.01": {"index": 0, "sweep_ber": 0.0, "sweep_pdet": 0.00390625, "confirmed_ber": 0.0, "confirmed_ser": 0.0, "confirmed_pdet": 0.00927734375, "passed": true}, "0.05": {"index": 0, "sweep_ber": 0.0, "sweep_pdet": 0.033203125, "confirmed_ber": 0.0, "confirmed_ser": 0.0, "confirmed_pdet": 0.04638671875, "passed": true}}}  (1710s)
  [snr_10] generator spec_cnn_b1e+06 (scale 0.4022)
  JSR  -50.0 dB  BER 0.00e+00  P(det)@0.05 power_one_sided 0.045 power_two_sided 0.041 kurtosis 0.047 spec_cnn 0.027  (0s)
  JSR  -49.0 dB  BER 0.00e+00  P(det)@0.05 power_one_sided 0.051 power_two_sided 0.070 kurtosis 0.059 spec_cnn 0.039  (1s)
  JSR  -48.0 dB  BER 0.00e+00  P(det)@0.05 power_one_sided 0.039 power_two_sided 0.039 kurtosis 0.055 spec_cnn 0.041  (1s)
  JSR  -47.0 dB  BER 0.00e+00  P(det)@0.05 power_one_sided 0.049 power_two_sided 0.039 kurtosis 0.068 spec_cnn 0.049  (2s)
  JSR  -46.0 dB  BER 0.00e+00  P(det)@0.05 power_one_sided 0.049 power_two_sided 0.051 kurtosis 0.059 spec_cnn 0.045  (2s)
  JSR  -45.0 dB  BER 0.00e+00  P(det)@0.05 power_one_sided 0.029 power_two_sided 0.039 kurtosis 0.080 spec_cnn 0.070  (3s)
  JSR  -44.0 dB  BER 0.00e+00  P(det)@0.05 power_one_sided 0.041 power_two_sided 0.033 kurtosis 0.059 spec_cnn 0.051  (3s)
  JSR  -43.0 dB  BER 0.00e+00  P(det)@0.05 power_one_sided 0.047 power_two_sided 0.031 kurtosis 0.043 spec_cnn 0.037  (4s)
  JSR  -42.0 dB  BER 0.00e+00  P(det)@0.05 power_one_sided 0.059 power_two_sided 0.062 kurtosis 0.041 spec_cnn 0.027  (4s)
  JSR  -41.0 dB  BER 0.00e+00  P(det)@0.05 power_one_sided 0.049 power_two_sided 0.037 kurtosis 0.037 spec_cnn 0.031  (5s)
  JSR  -40.0 dB  BER 0.00e+00  P(det)@0.05 power_one_sided 0.047 power_two_sided 0.059 kurtosis 0.064 spec_cnn 0.061  (5s)
  JSR  -39.0 dB  BER 0.00e+00  P(det)@0.05 power_one_sided 0.059 power_two_sided 0.066 kurtosis 0.057 spec_cnn 0.062  (6s)
  JSR  -38.0 dB  BER 0.00e+00  P(det)@0.05 power_one_sided 0.049 power_two_sided 0.059 kurtosis 0.049 spec_cnn 0.043  (6s)
  JSR  -37.0 dB  BER 0.00e+00  P(det)@0.05 power_one_sided 0.061 power_two_sided 0.057 kurtosis 0.049 spec_cnn 0.035  (7s)
  JSR  -36.0 dB  BER 0.00e+00  P(det)@0.05 power_one_sided 0.053 power_two_sided 0.049 kurtosis 0.049 spec_cnn 0.047  (7s)
  JSR  -35.0 dB  BER 0.00e+00  P(det)@0.05 power_one_sided 0.039 power_two_sided 0.041 kurtosis 0.055 spec_cnn 0.059  (8s)
  JSR  -34.0 dB  BER 0.00e+00  P(det)@0.05 power_one_sided 0.070 power_two_sided 0.055 kurtosis 0.062 spec_cnn 0.033  (8s)
  JSR  -33.0 dB  BER 0.00e+00  P(det)@0.05 power_one_sided 0.055 power_two_sided 0.037 kurtosis 0.053 spec_cnn 0.053  (9s)
  JSR  -32.0 dB  BER 0.00e+00  P(det)@0.05 power_one_sided 0.055 power_two_sided 0.049 kurtosis 0.062 spec_cnn 0.045  (9s)
  JSR  -31.0 dB  BER 0.00e+00  P(det)@0.05 power_one_sided 0.057 power_two_sided 0.066 kurtosis 0.047 spec_cnn 0.057  (10s)
  JSR  -30.0 dB  BER 0.00e+00  P(det)@0.05 power_one_sided 0.047 power_two_sided 0.066 kurtosis 0.043 spec_cnn 0.041  (10s)
  JSR  -29.0 dB  BER 0.00e+00  P(det)@0.05 power_one_sided 0.076 power_two_sided 0.088 kurtosis 0.039 spec_cnn 0.053  (11s)
  JSR  -28.0 dB  BER 0.00e+00  P(det)@0.05 power_one_sided 0.084 power_two_sided 0.062 kurtosis 0.051 spec_cnn 0.051  (11s)
  JSR  -27.0 dB  BER 0.00e+00  P(det)@0.05 power_one_sided 0.082 power_two_sided 0.059 kurtosis 0.049 spec_cnn 0.061  (12s)
  JSR  -26.0 dB  BER 0.00e+00  P(det)@0.05 power_one_sided 0.078 power_two_sided 0.076 kurtosis 0.047 spec_cnn 0.055  (12s)
  JSR  -25.0 dB  BER 0.00e+00  P(det)@0.05 power_one_sided 0.111 power_two_sided 0.088 kurtosis 0.049 spec_cnn 0.064  (13s)
  JSR  -24.0 dB  BER 0.00e+00  P(det)@0.05 power_one_sided 0.133 power_two_sided 0.117 kurtosis 0.053 spec_cnn 0.074  (13s)
  JSR  -23.0 dB  BER 0.00e+00  P(det)@0.05 power_one_sided 0.121 power_two_sided 0.086 kurtosis 0.059 spec_cnn 0.072  (14s)
  JSR  -22.0 dB  BER 0.00e+00  P(det)@0.05 power_one_sided 0.172 power_two_sided 0.119 kurtosis 0.082 spec_cnn 0.059  (14s)
  JSR  -21.0 dB  BER 0.00e+00  P(det)@0.05 power_one_sided 0.219 power_two_sided 0.172 kurtosis 0.061 spec_cnn 0.049  (15s)
  JSR  -20.0 dB  BER 0.00e+00  P(det)@0.05 power_one_sided 0.248 power_two_sided 0.189 kurtosis 0.059 spec_cnn 0.076  (15s)
  JSR  -19.0 dB  BER 0.00e+00  P(det)@0.05 power_one_sided 0.312 power_two_sided 0.252 kurtosis 0.078 spec_cnn 0.070  (16s)
  JSR  -18.0 dB  BER 0.00e+00  P(det)@0.05 power_one_sided 0.441 power_two_sided 0.359 kurtosis 0.096 spec_cnn 0.078  (16s)
  JSR  -17.0 dB  BER 0.00e+00  P(det)@0.05 power_one_sided 0.488 power_two_sided 0.402 kurtosis 0.164 spec_cnn 0.092  (17s)
  JSR  -16.0 dB  BER 0.00e+00  P(det)@0.05 power_one_sided 0.594 power_two_sided 0.551 kurtosis 0.193 spec_cnn 0.094  (17s)
  JSR  -15.0 dB  BER 0.00e+00  P(det)@0.05 power_one_sided 0.721 power_two_sided 0.662 kurtosis 0.246 spec_cnn 0.098  (18s)
  JSR  -14.0 dB  BER 0.00e+00  P(det)@0.05 power_one_sided 0.766 power_two_sided 0.717 kurtosis 0.295 spec_cnn 0.148  (18s)
  JSR  -13.0 dB  BER 7.63e-06  P(det)@0.05 power_one_sided 0.893 power_two_sided 0.869 kurtosis 0.391 spec_cnn 0.158  (19s)
  JSR  -12.0 dB  BER 7.63e-06  P(det)@0.05 power_one_sided 0.967 power_two_sided 0.945 kurtosis 0.545 spec_cnn 0.201  (19s)
  JSR  -11.0 dB  BER 0.00e+00  P(det)@0.05 power_one_sided 0.979 power_two_sided 0.973 kurtosis 0.695 spec_cnn 0.275  (20s)
  JSR  -10.0 dB  BER 3.81e-05  P(det)@0.05 power_one_sided 0.984 power_two_sided 0.982 kurtosis 0.830 spec_cnn 0.270  (20s)
  JSR   -9.0 dB  BER 2.59e-04  P(det)@0.05 power_one_sided 1.000 power_two_sided 1.000 kurtosis 0.900 spec_cnn 0.389  (21s)
  JSR   -8.0 dB  BER 7.78e-04  P(det)@0.05 power_one_sided 1.000 power_two_sided 1.000 kurtosis 0.957 spec_cnn 0.457  (21s)
  JSR   -7.0 dB  BER 2.56e-03  P(det)@0.05 power_one_sided 1.000 power_two_sided 1.000 kurtosis 0.982 spec_cnn 0.609  (22s)
  JSR   -6.0 dB  BER 7.19e-03  P(det)@0.05 power_one_sided 1.000 power_two_sided 1.000 kurtosis 0.992 spec_cnn 0.656  (22s)
  JSR   -5.0 dB  BER 1.54e-02  P(det)@0.05 power_one_sided 1.000 power_two_sided 1.000 kurtosis 1.000 spec_cnn 0.773  (23s)
  JSR   -4.0 dB  BER 3.23e-02  P(det)@0.05 power_one_sided 1.000 power_two_sided 1.000 kurtosis 1.000 spec_cnn 0.891  (23s)
  JSR   -3.0 dB  BER 5.43e-02  P(det)@0.05 power_one_sided 1.000 power_two_sided 1.000 kurtosis 0.998 spec_cnn 0.969  (24s)
  JSR   -2.0 dB  BER 8.26e-02  P(det)@0.05 power_one_sided 1.000 power_two_sided 1.000 kurtosis 1.000 spec_cnn 0.990  (24s)
  JSR   -1.0 dB  BER 1.11e-01  P(det)@0.05 power_one_sided 1.000 power_two_sided 1.000 kurtosis 1.000 spec_cnn 0.998  (25s)
  JSR   +0.0 dB  BER 1.42e-01  P(det)@0.05 power_one_sided 1.000 power_two_sided 1.000 kurtosis 0.998 spec_cnn 1.000  (25s)
  JSR   +1.0 dB  BER 1.75e-01  P(det)@0.05 power_one_sided 1.000 power_two_sided 1.000 kurtosis 1.000 spec_cnn 1.000  (26s)
  JSR   +2.0 dB  BER 2.01e-01  P(det)@0.05 power_one_sided 1.000 power_two_sided 1.000 kurtosis 0.998 spec_cnn 1.000  (26s)
  JSR   +3.0 dB  BER 2.29e-01  P(det)@0.05 power_one_sided 1.000 power_two_sided 1.000 kurtosis 0.990 spec_cnn 1.000  (27s)
  JSR   +4.0 dB  BER 2.61e-01  P(det)@0.05 power_one_sided 1.000 power_two_sided 1.000 kurtosis 0.953 spec_cnn 1.000  (27s)
  JSR   +5.0 dB  BER 2.82e-01  P(det)@0.05 power_one_sided 1.000 power_two_sided 1.000 kurtosis 0.900 spec_cnn 1.000  (28s)
  JSR   +6.0 dB  BER 3.06e-01  P(det)@0.05 power_one_sided 1.000 power_two_sided 1.000 kurtosis 0.793 spec_cnn 1.000  (28s)
  JSR   +7.0 dB  BER 3.23e-01  P(det)@0.05 power_one_sided 1.000 power_two_sided 1.000 kurtosis 0.742 spec_cnn 1.000  (29s)
  JSR   +8.0 dB  BER 3.44e-01  P(det)@0.05 power_one_sided 1.000 power_two_sided 1.000 kurtosis 0.641 spec_cnn 1.000  (29s)
  JSR   +9.0 dB  BER 3.59e-01  P(det)@0.05 power_one_sided 1.000 power_two_sided 1.000 kurtosis 0.607 spec_cnn 1.000  (30s)
  JSR  +10.0 dB  BER 3.72e-01  P(det)@0.05 power_one_sided 1.000 power_two_sided 1.000 kurtosis 0.602 spec_cnn 1.000  (30s)
  JSR  +11.0 dB  BER 3.87e-01  P(det)@0.05 power_one_sided 1.000 power_two_sided 1.000 kurtosis 0.590 spec_cnn 1.000  (31s)
  JSR  +12.0 dB  BER 4.02e-01  P(det)@0.05 power_one_sided 1.000 power_two_sided 1.000 kurtosis 0.588 spec_cnn 1.000  (31s)
  JSR  +13.0 dB  BER 4.09e-01  P(det)@0.05 power_one_sided 1.000 power_two_sided 1.000 kurtosis 0.637 spec_cnn 1.000  (32s)
  JSR  +14.0 dB  BER 4.19e-01  P(det)@0.05 power_one_sided 1.000 power_two_sided 1.000 kurtosis 0.672 spec_cnn 1.000  (32s)
  JSR  +15.0 dB  BER 4.30e-01  P(det)@0.05 power_one_sided 1.000 power_two_sided 1.000 kurtosis 0.646 spec_cnn 1.000  (33s)
  [snr_10] spec_cnn_b1e+06 confirmed: {"power_one_sided": {"0.01": {"index": 0, "sweep_ber": 0.0, "sweep_pdet": 0.0078125, "confirmed_ber": 0.0, "confirmed_ser": 0.0, "confirmed_pdet": 0.009033203125, "passed": true}, "0.05": {"index": 0, "sweep_ber": 0.0, "sweep_pdet": 0.044921875, "confirmed_ber": 0.0, "confirmed_ser": 0.0, "confirmed_pdet": 0.05078125, "passed": true}}, "power_two_sided": {"0.01": {"index": 0, "sweep_ber": 0.0, "sweep_pdet": 0.009765625, "confirmed_ber": 0.0, "confirmed_ser": 0.0, "confirmed_pdet": 0.009521484375, "passed": true}, "0.05": {"index": 0, "sweep_ber": 0.0, "sweep_pdet": 0.041015625, "confirmed_ber": 0.0, "confirmed_ser": 0.0, "confirmed_pdet": 0.05126953125, "passed": true}}, "kurtosis": {"0.01": {"index": 0, "sweep_ber": 0.0, "sweep_pdet": 0.0078125, "confirmed_ber": 0.0, "confirmed_ser": 0.0, "confirmed_pdet": 0.011474609375, "passed": true}, "0.05": {"index": 0, "sweep_ber": 0.0, "sweep_pdet": 0.046875, "confirmed_ber": 0.0, "confirmed_ser": 0.0, "confirmed_pdet": 0.0419921875, "passed": true}}, "spec_cnn": {"0.01": {"index": 0, "sweep_ber": 0.0, "sweep_pdet": 0.0078125, "confirmed_ber": 0.0, "confirmed_ser": 0.0, "confirmed_pdet": 0.009765625, "passed": true}, "0.05": {"index": 0, "sweep_ber": 0.0, "sweep_pdet": 0.02734375, "confirmed_ber": 0.0, "confirmed_ser": 0.0, "confirmed_pdet": 0.049072265625, "passed": true}}}  (1775s)
wrote ../artifacts/cgan/snr_ablation/run001/snr_snr_10.json in 1775s
