node: tikgpu05.ee.ethz.ch | gpu: Tesla V100-PCIE-32GB
task 8 | snr_40 | SNR 40 dB | device cuda:0
detectors: power_one_sided, power_two_sided, kurtosis, spec_cnn, lrt_noise  (thresholds re-calibrated at this level)
clean: BER 0.000e+00 (closed form 0.000e+00), FAR {"power_one_sided": 0.046875, "power_two_sided": 0.04638671875, "kurtosis": 0.05029296875, "spec_cnn": 0.04443359375}
  [snr_40] classical noise
    JSR  -50.0 dB  BER 0.00e+00  P(det)@0.05 power_one_sided 0.062 power_two_sided 0.064 kurtosis 0.053 spec_cnn 0.062 lrt_noise 0.045  (0s)
    JSR  -49.0 dB  BER 0.00e+00  P(det)@0.05 power_one_sided 0.053 power_two_sided 0.074 kurtosis 0.055 spec_cnn 0.062 lrt_noise 0.076  (0s)
    JSR  -48.0 dB  BER 0.00e+00  P(det)@0.05 power_one_sided 0.061 power_two_sided 0.070 kurtosis 0.055 spec_cnn 0.041 lrt_noise 0.072  (1s)
    JSR  -47.0 dB  BER 0.00e+00  P(det)@0.05 power_one_sided 0.080 power_two_sided 0.074 kurtosis 0.055 spec_cnn 0.070 lrt_noise 0.084  (1s)
    JSR  -46.0 dB  BER 0.00e+00  P(det)@0.05 power_one_sided 0.088 power_two_sided 0.066 kurtosis 0.057 spec_cnn 0.064 lrt_noise 0.098  (1s)
    JSR  -45.0 dB  BER 0.00e+00  P(det)@0.05 power_one_sided 0.092 power_two_sided 0.105 kurtosis 0.051 spec_cnn 0.086 lrt_noise 0.098  (1s)
    JSR  -44.0 dB  BER 0.00e+00  P(det)@0.05 power_one_sided 0.080 power_two_sided 0.100 kurtosis 0.061 spec_cnn 0.086 lrt_noise 0.141  (2s)
    JSR  -43.0 dB  BER 0.00e+00  P(det)@0.05 power_one_sided 0.107 power_two_sided 0.096 kurtosis 0.047 spec_cnn 0.084 lrt_noise 0.193  (2s)
    JSR  -42.0 dB  BER 0.00e+00  P(det)@0.05 power_one_sided 0.104 power_two_sided 0.092 kurtosis 0.043 spec_cnn 0.160 lrt_noise 0.254  (2s)
    JSR  -41.0 dB  BER 0.00e+00  P(det)@0.05 power_one_sided 0.158 power_two_sided 0.160 kurtosis 0.051 spec_cnn 0.182 lrt_noise 0.295  (2s)
    JSR  -40.0 dB  BER 0.00e+00  P(det)@0.05 power_one_sided 0.162 power_two_sided 0.180 kurtosis 0.061 spec_cnn 0.213 lrt_noise 0.393  (3s)
    JSR  -39.0 dB  BER 0.00e+00  P(det)@0.05 power_one_sided 0.186 power_two_sided 0.221 kurtosis 0.055 spec_cnn 0.217 lrt_noise 0.559  (3s)
    JSR  -38.0 dB  BER 0.00e+00  P(det)@0.05 power_one_sided 0.238 power_two_sided 0.244 kurtosis 0.043 spec_cnn 0.270 lrt_noise 0.707  (3s)
    JSR  -37.0 dB  BER 0.00e+00  P(det)@0.05 power_one_sided 0.293 power_two_sided 0.324 kurtosis 0.055 spec_cnn 0.340 lrt_noise 0.865  (3s)
    JSR  -36.0 dB  BER 0.00e+00  P(det)@0.05 power_one_sided 0.281 power_two_sided 0.316 kurtosis 0.055 spec_cnn 0.396 lrt_noise 0.947  (4s)
    JSR  -35.0 dB  BER 0.00e+00  P(det)@0.05 power_one_sided 0.363 power_two_sided 0.373 kurtosis 0.066 spec_cnn 0.496 lrt_noise 0.998  (4s)
    JSR  -34.0 dB  BER 0.00e+00  P(det)@0.05 power_one_sided 0.428 power_two_sided 0.455 kurtosis 0.053 spec_cnn 0.619 lrt_noise 1.000  (4s)
    JSR  -33.0 dB  BER 0.00e+00  P(det)@0.05 power_one_sided 0.488 power_two_sided 0.494 kurtosis 0.076 spec_cnn 0.713 lrt_noise 1.000  (4s)
    JSR  -32.0 dB  BER 0.00e+00  P(det)@0.05 power_one_sided 0.504 power_two_sided 0.545 kurtosis 0.057 spec_cnn 0.809 lrt_noise 1.000  (4s)
    JSR  -31.0 dB  BER 0.00e+00  P(det)@0.05 power_one_sided 0.541 power_two_sided 0.598 kurtosis 0.057 spec_cnn 0.900 lrt_noise 1.000  (5s)
    JSR  -30.0 dB  BER 0.00e+00  P(det)@0.05 power_one_sided 0.646 power_two_sided 0.695 kurtosis 0.061 spec_cnn 0.965 lrt_noise 1.000  (5s)
    JSR  -29.0 dB  BER 0.00e+00  P(det)@0.05 power_one_sided 0.693 power_two_sided 0.721 kurtosis 0.055 spec_cnn 0.988 lrt_noise 1.000  (5s)
    JSR  -28.0 dB  BER 0.00e+00  P(det)@0.05 power_one_sided 0.734 power_two_sided 0.768 kurtosis 0.061 spec_cnn 1.000 lrt_noise 1.000  (5s)
    JSR  -27.0 dB  BER 0.00e+00  P(det)@0.05 power_one_sided 0.814 power_two_sided 0.830 kurtosis 0.061 spec_cnn 1.000 lrt_noise 1.000  (6s)
    JSR  -26.0 dB  BER 0.00e+00  P(det)@0.05 power_one_sided 0.871 power_two_sided 0.889 kurtosis 0.064 spec_cnn 1.000 lrt_noise 1.000  (6s)
    JSR  -25.0 dB  BER 0.00e+00  P(det)@0.05 power_one_sided 0.914 power_two_sided 0.936 kurtosis 0.059 spec_cnn 1.000 lrt_noise 1.000  (6s)
    JSR  -24.0 dB  BER 0.00e+00  P(det)@0.05 power_one_sided 0.934 power_two_sided 0.947 kurtosis 0.047 spec_cnn 1.000 lrt_noise 1.000  (6s)
    JSR  -23.0 dB  BER 0.00e+00  P(det)@0.05 power_one_sided 0.965 power_two_sided 0.965 kurtosis 0.064 spec_cnn 1.000 lrt_noise 1.000  (7s)
    JSR  -22.0 dB  BER 0.00e+00  P(det)@0.05 power_one_sided 0.977 power_two_sided 0.971 kurtosis 0.047 spec_cnn 1.000 lrt_noise 1.000  (7s)
    JSR  -21.0 dB  BER 0.00e+00  P(det)@0.05 power_one_sided 0.986 power_two_sided 0.990 kurtosis 0.072 spec_cnn 1.000 lrt_noise 1.000  (7s)
    JSR  -20.0 dB  BER 0.00e+00  P(det)@0.05 power_one_sided 0.998 power_two_sided 1.000 kurtosis 0.074 spec_cnn 1.000 lrt_noise 1.000  (7s)
    JSR  -19.0 dB  BER 0.00e+00  P(det)@0.05 power_one_sided 0.996 power_two_sided 0.996 kurtosis 0.094 spec_cnn 1.000 lrt_noise 1.000  (7s)
    JSR  -18.0 dB  BER 0.00e+00  P(det)@0.05 power_one_sided 0.998 power_two_sided 0.998 kurtosis 0.121 spec_cnn 1.000 lrt_noise 1.000  (8s)
    JSR  -17.0 dB  BER 0.00e+00  P(det)@0.05 power_one_sided 1.000 power_two_sided 1.000 kurtosis 0.170 spec_cnn 1.000 lrt_noise 1.000  (8s)
    JSR  -16.0 dB  BER 0.00e+00  P(det)@0.05 power_one_sided 1.000 power_two_sided 1.000 kurtosis 0.230 spec_cnn 1.000 lrt_noise 1.000  (8s)
    JSR  -15.0 dB  BER 0.00e+00  P(det)@0.05 power_one_sided 1.000 power_two_sided 1.000 kurtosis 0.285 spec_cnn 1.000 lrt_noise 1.000  (8s)
    JSR  -14.0 dB  BER 0.00e+00  P(det)@0.05 power_one_sided 1.000 power_two_sided 1.000 kurtosis 0.420 spec_cnn 1.000 lrt_noise 1.000  (9s)
    JSR  -13.0 dB  BER 0.00e+00  P(det)@0.05 power_one_sided 1.000 power_two_sided 1.000 kurtosis 0.605 spec_cnn 1.000 lrt_noise 1.000  (9s)
    JSR  -12.0 dB  BER 0.00e+00  P(det)@0.05 power_one_sided 1.000 power_two_sided 1.000 kurtosis 0.805 spec_cnn 1.000 lrt_noise 1.000  (9s)
    JSR  -11.0 dB  BER 0.00e+00  P(det)@0.05 power_one_sided 1.000 power_two_sided 1.000 kurtosis 0.936 spec_cnn 1.000 lrt_noise 1.000  (9s)
    JSR  -10.0 dB  BER 0.00e+00  P(det)@0.05 power_one_sided 1.000 power_two_sided 1.000 kurtosis 0.994 spec_cnn 1.000 lrt_noise 1.000  (10s)
    JSR   -9.0 dB  BER 0.00e+00  P(det)@0.05 power_one_sided 1.000 power_two_sided 1.000 kurtosis 1.000 spec_cnn 1.000 lrt_noise 1.000  (10s)
    JSR   -8.0 dB  BER 0.00e+00  P(det)@0.05 power_one_sided 1.000 power_two_sided 1.000 kurtosis 1.000 spec_cnn 1.000 lrt_noise 1.000  (10s)
    JSR   -7.0 dB  BER 0.00e+00  P(det)@0.05 power_one_sided 1.000 power_two_sided 1.000 kurtosis 1.000 spec_cnn 1.000 lrt_noise 1.000  (10s)
    JSR   -6.0 dB  BER 0.00e+00  P(det)@0.05 power_one_sided 1.000 power_two_sided 1.000 kurtosis 1.000 spec_cnn 1.000 lrt_noise 1.000  (11s)
    JSR   -5.0 dB  BER 0.00e+00  P(det)@0.05 power_one_sided 1.000 power_two_sided 1.000 kurtosis 1.000 spec_cnn 1.000 lrt_noise 1.000  (11s)
    JSR   -4.0 dB  BER 0.00e+00  P(det)@0.05 power_one_sided 1.000 power_two_sided 1.000 kurtosis 1.000 spec_cnn 1.000 lrt_noise 1.000  (11s)
    JSR   -3.0 dB  BER 5.34e-05  P(det)@0.05 power_one_sided 1.000 power_two_sided 1.000 kurtosis 1.000 spec_cnn 1.000 lrt_noise 1.000  (11s)
    JSR   -2.0 dB  BER 1.53e-04  P(det)@0.05 power_one_sided 1.000 power_two_sided 1.000 kurtosis 1.000 spec_cnn 1.000 lrt_noise 1.000  (11s)
    JSR   -1.0 dB  BER 7.78e-04  P(det)@0.05 power_one_sided 1.000 power_two_sided 1.000 kurtosis 1.000 spec_cnn 1.000 lrt_noise 1.000  (12s)
    JSR   +0.0 dB  BER 2.34e-03  P(det)@0.05 power_one_sided 1.000 power_two_sided 1.000 kurtosis 1.000 spec_cnn 1.000 lrt_noise 1.000  (12s)
    JSR   +1.0 dB  BER 5.87e-03  P(det)@0.05 power_one_sided 1.000 power_two_sided 1.000 kurtosis 1.000 spec_cnn 1.000 lrt_noise 1.000  (12s)
    JSR   +2.0 dB  BER 1.23e-02  P(det)@0.05 power_one_sided 1.000 power_two_sided 1.000 kurtosis 1.000 spec_cnn 1.000 lrt_noise 1.000  (12s)
    JSR   +3.0 dB  BER 2.29e-02  P(det)@0.05 power_one_sided 1.000 power_two_sided 1.000 kurtosis 1.000 spec_cnn 1.000 lrt_noise 1.000  (13s)
    JSR   +4.0 dB  BER 3.70e-02  P(det)@0.05 power_one_sided 1.000 power_two_sided 1.000 kurtosis 1.000 spec_cnn 1.000 lrt_noise 1.000  (13s)
    JSR   +5.0 dB  BER 5.57e-02  P(det)@0.05 power_one_sided 1.000 power_two_sided 1.000 kurtosis 1.000 spec_cnn 1.000 lrt_noise 1.000  (13s)
    JSR   +6.0 dB  BER 7.72e-02  P(det)@0.05 power_one_sided 1.000 power_two_sided 1.000 kurtosis 1.000 spec_cnn 1.000 lrt_noise 1.000  (13s)
    JSR   +7.0 dB  BER 1.03e-01  P(det)@0.05 power_one_sided 1.000 power_two_sided 1.000 kurtosis 1.000 spec_cnn 1.000 lrt_noise 1.000  (14s)
    JSR   +8.0 dB  BER 1.30e-01  P(det)@0.05 power_one_sided 1.000 power_two_sided 1.000 kurtosis 1.000 spec_cnn 1.000 lrt_noise 1.000  (14s)
    JSR   +9.0 dB  BER 1.59e-01  P(det)@0.05 power_one_sided 1.000 power_two_sided 1.000 kurtosis 1.000 spec_cnn 1.000 lrt_noise 1.000  (14s)
    JSR  +10.0 dB  BER 1.85e-01  P(det)@0.05 power_one_sided 1.000 power_two_sided 1.000 kurtosis 1.000 spec_cnn 1.000 lrt_noise 1.000  (14s)
    JSR  +11.0 dB  BER 2.11e-01  P(det)@0.05 power_one_sided 1.000 power_two_sided 1.000 kurtosis 1.000 spec_cnn 1.000 lrt_noise 1.000  (14s)
    JSR  +12.0 dB  BER 2.37e-01  P(det)@0.05 power_one_sided 1.000 power_two_sided 1.000 kurtosis 1.000 spec_cnn 0.998 lrt_noise 1.000  (15s)
    JSR  +13.0 dB  BER 2.64e-01  P(det)@0.05 power_one_sided 1.000 power_two_sided 1.000 kurtosis 1.000 spec_cnn 0.955 lrt_noise 1.000  (15s)
    JSR  +14.0 dB  BER 2.88e-01  P(det)@0.05 power_one_sided 1.000 power_two_sided 1.000 kurtosis 1.000 spec_cnn 0.648 lrt_noise 1.000  (15s)
    JSR  +15.0 dB  BER 3.07e-01  P(det)@0.05 power_one_sided 1.000 power_two_sided 1.000 kurtosis 1.000 spec_cnn 0.311 lrt_noise 1.000  (15s)
  [snr_40] noise confirmed: {"power_one_sided": {"0.01": {"index": 0, "sweep_ber": 0.0, "sweep_pdet": 0.009765625, "confirmed_ber": 0.0, "confirmed_ser": 0.0, "confirmed_pdet": 0.01611328125, "passed": false}, "0.05": {"index": 0, "sweep_ber": 0.0, "sweep_pdet": 0.0625, "confirmed_ber": 0.0, "confirmed_ser": 0.0, "confirmed_pdet": 0.058837890625, "passed": false}}, "power_two_sided": {"0.01": {"index": 0, "sweep_ber": 0.0, "sweep_pdet": 0.013671875, "confirmed_ber": 0.0, "confirmed_ser": 0.0, "confirmed_pdet": 0.012451171875, "passed": true}, "0.05": {"index": 0, "sweep_ber": 0.0, "sweep_pdet": 0.064453125, "confirmed_ber": 0.0, "confirmed_ser": 0.0, "confirmed_pdet": 0.065185546875, "passed": false}}, "kurtosis": {"0.01": {"index": 0, "sweep_ber": 0.0, "sweep_pdet": 0.009765625, "confirmed_ber": 0.0, "confirmed_ser": 0.0, "confirmed_pdet": 0.009033203125, "passed": true}, "0.05": {"index": 0, "sweep_ber": 0.0, "sweep_pdet": 0.052734375, "confirmed_ber": 0.0, "confirmed_ser": 0.0, "confirmed_pdet": 0.054443359375, "passed": true}}, "spec_cnn": {"0.01": {"index": 65, "sweep_ber": 0.3067474365234375, "sweep_pdet": 0.0, "confirmed_ber": 0.3073453903198242, "confirmed_ser": 0.5197486877441406, "confirmed_pdet": 0.0, "passed": true}, "0.05": {"index": 0, "sweep_ber": 0.0, "sweep_pdet": 0.0625, "confirmed_ber": 0.0, "confirmed_ser": 0.0, "confirmed_pdet": 0.054931640625, "passed": true}}, "lrt_noise": {"0.01": {"index": 0, "sweep_ber": 0.0, "sweep_pdet": 0.005859375, "confirmed_ber": 0.0, "confirmed_ser": 0.0, "confirmed_pdet": 0.01318359375, "passed": false}, "0.05": {"index": 0, "sweep_ber": 0.0, "sweep_pdet": 0.044921875, "confirmed_ber": 0.0, "confirmed_ser": 0.0, "confirmed_pdet": 0.06494140625, "passed": false}}}  (39s)
  [snr_40] classical pulsed_p1
    JSR  -50.0 dB  BER 0.00e+00  P(det)@0.05 power_one_sided 0.117 power_two_sided 0.145 kurtosis 0.055 spec_cnn 0.045  (0s)
    JSR  -49.0 dB  BER 0.00e+00  P(det)@0.05 power_one_sided 0.135 power_two_sided 0.143 kurtosis 0.045 spec_cnn 0.066  (0s)
    JSR  -48.0 dB  BER 0.00e+00  P(det)@0.05 power_one_sided 0.129 power_two_sided 0.182 kurtosis 0.035 spec_cnn 0.059  (1s)
    JSR  -47.0 dB  BER 0.00e+00  P(det)@0.05 power_one_sided 0.139 power_two_sided 0.193 kurtosis 0.035 spec_cnn 0.074  (1s)
    JSR  -46.0 dB  BER 0.00e+00  P(det)@0.05 power_one_sided 0.172 power_two_sided 0.246 kurtosis 0.068 spec_cnn 0.068  (1s)
    JSR  -45.0 dB  BER 0.00e+00  P(det)@0.05 power_one_sided 0.184 power_two_sided 0.279 kurtosis 0.031 spec_cnn 0.070  (1s)
    JSR  -44.0 dB  BER 0.00e+00  P(det)@0.05 power_one_sided 0.230 power_two_sided 0.318 kurtosis 0.053 spec_cnn 0.086  (2s)
    JSR  -43.0 dB  BER 0.00e+00  P(det)@0.05 power_one_sided 0.258 power_two_sided 0.385 kurtosis 0.037 spec_cnn 0.117  (2s)
    JSR  -42.0 dB  BER 0.00e+00  P(det)@0.05 power_one_sided 0.266 power_two_sided 0.408 kurtosis 0.064 spec_cnn 0.141  (2s)
    JSR  -41.0 dB  BER 0.00e+00  P(det)@0.05 power_one_sided 0.285 power_two_sided 0.426 kurtosis 0.045 spec_cnn 0.156  (2s)
    JSR  -40.0 dB  BER 0.00e+00  P(det)@0.05 power_one_sided 0.320 power_two_sided 0.502 kurtosis 0.053 spec_cnn 0.197  (2s)
    JSR  -39.0 dB  BER 0.00e+00  P(det)@0.05 power_one_sided 0.332 power_two_sided 0.533 kurtosis 0.051 spec_cnn 0.195  (3s)
    JSR  -38.0 dB  BER 0.00e+00  P(det)@0.05 power_one_sided 0.355 power_two_sided 0.596 kurtosis 0.059 spec_cnn 0.270  (3s)
    JSR  -37.0 dB  BER 0.00e+00  P(det)@0.05 power_one_sided 0.367 power_two_sided 0.580 kurtosis 0.055 spec_cnn 0.314  (3s)
    JSR  -36.0 dB  BER 0.00e+00  P(det)@0.05 power_one_sided 0.379 power_two_sided 0.623 kurtosis 0.053 spec_cnn 0.396  (3s)
    JSR  -35.0 dB  BER 0.00e+00  P(det)@0.05 power_one_sided 0.430 power_two_sided 0.682 kurtosis 0.041 spec_cnn 0.441  (4s)
    JSR  -34.0 dB  BER 0.00e+00  P(det)@0.05 power_one_sided 0.449 power_two_sided 0.730 kurtosis 0.045 spec_cnn 0.521  (4s)
    JSR  -33.0 dB  BER 0.00e+00  P(det)@0.05 power_one_sided 0.465 power_two_sided 0.771 kurtosis 0.061 spec_cnn 0.588  (4s)
    JSR  -32.0 dB  BER 0.00e+00  P(det)@0.05 power_one_sided 0.475 power_two_sided 0.758 kurtosis 0.047 spec_cnn 0.660  (4s)
    JSR  -31.0 dB  BER 0.00e+00  P(det)@0.05 power_one_sided 0.502 power_two_sided 0.797 kurtosis 0.062 spec_cnn 0.658  (4s)
    JSR  -30.0 dB  BER 0.00e+00  P(det)@0.05 power_one_sided 0.541 power_two_sided 0.834 kurtosis 0.061 spec_cnn 0.750  (5s)
    JSR  -29.0 dB  BER 0.00e+00  P(det)@0.05 power_one_sided 0.566 power_two_sided 0.834 kurtosis 0.066 spec_cnn 0.775  (5s)
    JSR  -28.0 dB  BER 0.00e+00  P(det)@0.05 power_one_sided 0.549 power_two_sided 0.834 kurtosis 0.057 spec_cnn 0.809  (5s)
    JSR  -27.0 dB  BER 0.00e+00  P(det)@0.05 power_one_sided 0.604 power_two_sided 0.854 kurtosis 0.057 spec_cnn 0.865  (5s)
    JSR  -26.0 dB  BER 0.00e+00  P(det)@0.05 power_one_sided 0.623 power_two_sided 0.861 kurtosis 0.051 spec_cnn 0.885  (6s)
    JSR  -25.0 dB  BER 0.00e+00  P(det)@0.05 power_one_sided 0.668 power_two_sided 0.924 kurtosis 0.057 spec_cnn 0.865  (6s)
    JSR  -24.0 dB  BER 0.00e+00  P(det)@0.05 power_one_sided 0.699 power_two_sided 0.916 kurtosis 0.055 spec_cnn 0.889  (6s)
    JSR  -23.0 dB  BER 0.00e+00  P(det)@0.05 power_one_sided 0.723 power_two_sided 0.941 kurtosis 0.074 spec_cnn 0.887  (6s)
    JSR  -22.0 dB  BER 0.00e+00  P(det)@0.05 power_one_sided 0.727 power_two_sided 0.918 kurtosis 0.074 spec_cnn 0.910  (7s)
    JSR  -21.0 dB  BER 0.00e+00  P(det)@0.05 power_one_sided 0.779 power_two_sided 0.961 kurtosis 0.086 spec_cnn 0.924  (7s)
    JSR  -20.0 dB  BER 0.00e+00  P(det)@0.05 power_one_sided 0.803 power_two_sided 0.953 kurtosis 0.088 spec_cnn 0.934  (7s)
    JSR  -19.0 dB  BER 0.00e+00  P(det)@0.05 power_one_sided 0.799 power_two_sided 0.973 kurtosis 0.123 spec_cnn 0.922  (7s)
    JSR  -18.0 dB  BER 0.00e+00  P(det)@0.05 power_one_sided 0.871 power_two_sided 0.975 kurtosis 0.191 spec_cnn 0.930  (7s)
    JSR  -17.0 dB  BER 0.00e+00  P(det)@0.05 power_one_sided 0.908 power_two_sided 0.984 kurtosis 0.236 spec_cnn 0.951  (8s)
    JSR  -16.0 dB  BER 0.00e+00  P(det)@0.05 power_one_sided 0.914 power_two_sided 0.982 kurtosis 0.328 spec_cnn 0.949  (8s)
    JSR  -15.0 dB  BER 0.00e+00  P(det)@0.05 power_one_sided 0.947 power_two_sided 0.992 kurtosis 0.449 spec_cnn 0.955  (8s)
    JSR  -14.0 dB  BER 0.00e+00  P(det)@0.05 power_one_sided 0.953 power_two_sided 0.994 kurtosis 0.635 spec_cnn 0.971  (8s)
    JSR  -13.0 dB  BER 0.00e+00  P(det)@0.05 power_one_sided 0.973 power_two_sided 0.996 kurtosis 0.811 spec_cnn 0.961  (9s)
    JSR  -12.0 dB  BER 0.00e+00  P(det)@0.05 power_one_sided 0.990 power_two_sided 1.000 kurtosis 0.898 spec_cnn 0.982  (9s)
    JSR  -11.0 dB  BER 0.00e+00  P(det)@0.05 power_one_sided 0.994 power_two_sided 0.998 kurtosis 0.967 spec_cnn 0.986  (9s)
    JSR  -10.0 dB  BER 0.00e+00  P(det)@0.05 power_one_sided 1.000 power_two_sided 1.000 kurtosis 0.998 spec_cnn 0.988  (9s)
    JSR   -9.0 dB  BER 0.00e+00  P(det)@0.05 power_one_sided 1.000 power_two_sided 1.000 kurtosis 1.000 spec_cnn 0.998  (9s)
    JSR   -8.0 dB  BER 0.00e+00  P(det)@0.05 power_one_sided 1.000 power_two_sided 1.000 kurtosis 1.000 spec_cnn 0.994  (10s)
    JSR   -7.0 dB  BER 3.81e-05  P(det)@0.05 power_one_sided 1.000 power_two_sided 1.000 kurtosis 1.000 spec_cnn 1.000  (10s)
    JSR   -6.0 dB  BER 1.59e-03  P(det)@0.05 power_one_sided 1.000 power_two_sided 1.000 kurtosis 1.000 spec_cnn 1.000  (10s)
    JSR   -5.0 dB  BER 7.57e-03  P(det)@0.05 power_one_sided 1.000 power_two_sided 1.000 kurtosis 1.000 spec_cnn 0.998  (10s)
    JSR   -4.0 dB  BER 2.28e-02  P(det)@0.05 power_one_sided 1.000 power_two_sided 1.000 kurtosis 1.000 spec_cnn 1.000  (11s)
    JSR   -3.0 dB  BER 5.33e-02  P(det)@0.05 power_one_sided 1.000 power_two_sided 1.000 kurtosis 1.000 spec_cnn 1.000  (11s)
    JSR   -2.0 dB  BER 1.09e-01  P(det)@0.05 power_one_sided 1.000 power_two_sided 1.000 kurtosis 1.000 spec_cnn 1.000  (11s)
    JSR   -1.0 dB  BER 1.63e-01  P(det)@0.05 power_one_sided 1.000 power_two_sided 1.000 kurtosis 1.000 spec_cnn 1.000  (11s)
    JSR   +0.0 dB  BER 1.99e-01  P(det)@0.05 power_one_sided 1.000 power_two_sided 1.000 kurtosis 1.000 spec_cnn 1.000  (12s)
    JSR   +1.0 dB  BER 2.35e-01  P(det)@0.05 power_one_sided 1.000 power_two_sided 1.000 kurtosis 1.000 spec_cnn 1.000  (12s)
    JSR   +2.0 dB  BER 2.61e-01  P(det)@0.05 power_one_sided 1.000 power_two_sided 1.000 kurtosis 1.000 spec_cnn 1.000  (12s)
    JSR   +3.0 dB  BER 2.90e-01  P(det)@0.05 power_one_sided 1.000 power_two_sided 1.000 kurtosis 1.000 spec_cnn 1.000  (12s)
    JSR   +4.0 dB  BER 3.03e-01  P(det)@0.05 power_one_sided 1.000 power_two_sided 1.000 kurtosis 1.000 spec_cnn 1.000  (12s)
    JSR   +5.0 dB  BER 3.34e-01  P(det)@0.05 power_one_sided 1.000 power_two_sided 1.000 kurtosis 0.996 spec_cnn 1.000  (13s)
    JSR   +6.0 dB  BER 3.50e-01  P(det)@0.05 power_one_sided 1.000 power_two_sided 1.000 kurtosis 0.977 spec_cnn 1.000  (13s)
    JSR   +7.0 dB  BER 3.69e-01  P(det)@0.05 power_one_sided 1.000 power_two_sided 1.000 kurtosis 0.863 spec_cnn 1.000  (13s)
    JSR   +8.0 dB  BER 3.75e-01  P(det)@0.05 power_one_sided 1.000 power_two_sided 1.000 kurtosis 0.508 spec_cnn 1.000  (13s)
    JSR   +9.0 dB  BER 3.92e-01  P(det)@0.05 power_one_sided 1.000 power_two_sided 1.000 kurtosis 0.166 spec_cnn 1.000  (14s)
    JSR  +10.0 dB  BER 4.07e-01  P(det)@0.05 power_one_sided 1.000 power_two_sided 1.000 kurtosis 0.084 spec_cnn 1.000  (14s)
    JSR  +11.0 dB  BER 4.11e-01  P(det)@0.05 power_one_sided 1.000 power_two_sided 1.000 kurtosis 0.275 spec_cnn 1.000  (14s)
    JSR  +12.0 dB  BER 4.21e-01  P(det)@0.05 power_one_sided 1.000 power_two_sided 1.000 kurtosis 0.562 spec_cnn 1.000  (14s)
    JSR  +13.0 dB  BER 4.32e-01  P(det)@0.05 power_one_sided 1.000 power_two_sided 1.000 kurtosis 0.805 spec_cnn 1.000  (14s)
    JSR  +14.0 dB  BER 4.36e-01  P(det)@0.05 power_one_sided 1.000 power_two_sided 1.000 kurtosis 0.928 spec_cnn 1.000  (15s)
    JSR  +15.0 dB  BER 4.45e-01  P(det)@0.05 power_one_sided 1.000 power_two_sided 1.000 kurtosis 0.988 spec_cnn 1.000  (15s)
  [snr_40] pulsed_p1 confirmed: {"power_one_sided": {"0.01": null, "0.05": null}, "power_two_sided": {"0.01": null, "0.05": null}, "kurtosis": {"0.01": {"index": 60, "sweep_ber": 0.4073333740234375, "sweep_pdet": 0.017578125, "confirmed_ber": 0.4023714065551758, "confirmed_ser": 0.6438694000244141, "confirmed_pdet": 0.017822265625, "passed": false}, "0.05": {"index": 0, "sweep_ber": 0.0, "sweep_pdet": 0.0546875, "confirmed_ber": 0.0, "confirmed_ser": 0.0, "confirmed_pdet": 0.061279296875, "passed": false}}, "spec_cnn": {"0.01": {"index": 0, "sweep_ber": 0.0, "sweep_pdet": 0.013671875, "confirmed_ber": 0.0, "confirmed_ser": 0.0, "confirmed_pdet": 0.010986328125, "passed": true}, "0.05": {"index": 0, "sweep_ber": 0.0, "sweep_pdet": 0.044921875, "confirmed_ber": 0.0, "confirmed_ser": 0.0, "confirmed_pdet": 0.06005859375, "passed": false}}}  (61s)
  [snr_40] classical pulsed_p0.5
    JSR  -50.0 dB  BER 0.00e+00  P(det)@0.05 power_one_sided 0.092 power_two_sided 0.115 kurtosis 0.053 spec_cnn 0.070  (0s)
    JSR  -49.0 dB  BER 0.00e+00  P(det)@0.05 power_one_sided 0.137 power_two_sided 0.162 kurtosis 0.043 spec_cnn 0.051  (0s)
    JSR  -48.0 dB  BER 0.00e+00  P(det)@0.05 power_one_sided 0.139 power_two_sided 0.191 kurtosis 0.053 spec_cnn 0.072  (1s)
    JSR  -47.0 dB  BER 0.00e+00  P(det)@0.05 power_one_sided 0.178 power_two_sided 0.227 kurtosis 0.047 spec_cnn 0.074  (1s)
    JSR  -46.0 dB  BER 0.00e+00  P(det)@0.05 power_one_sided 0.174 power_two_sided 0.273 kurtosis 0.076 spec_cnn 0.066  (1s)
    JSR  -45.0 dB  BER 0.00e+00  P(det)@0.05 power_one_sided 0.201 power_two_sided 0.283 kurtosis 0.057 spec_cnn 0.066  (1s)
    JSR  -44.0 dB  BER 0.00e+00  P(det)@0.05 power_one_sided 0.203 power_two_sided 0.311 kurtosis 0.051 spec_cnn 0.096  (2s)
    JSR  -43.0 dB  BER 0.00e+00  P(det)@0.05 power_one_sided 0.275 power_two_sided 0.377 kurtosis 0.047 spec_cnn 0.109  (2s)
    JSR  -42.0 dB  BER 0.00e+00  P(det)@0.05 power_one_sided 0.254 power_two_sided 0.404 kurtosis 0.066 spec_cnn 0.127  (2s)
    JSR  -41.0 dB  BER 0.00e+00  P(det)@0.05 power_one_sided 0.309 power_two_sided 0.467 kurtosis 0.045 spec_cnn 0.139  (2s)
    JSR  -40.0 dB  BER 0.00e+00  P(det)@0.05 power_one_sided 0.342 power_two_sided 0.514 kurtosis 0.057 spec_cnn 0.166  (2s)
    JSR  -39.0 dB  BER 0.00e+00  P(det)@0.05 power_one_sided 0.307 power_two_sided 0.514 kurtosis 0.057 spec_cnn 0.209  (3s)
    JSR  -38.0 dB  BER 0.00e+00  P(det)@0.05 power_one_sided 0.340 power_two_sided 0.568 kurtosis 0.064 spec_cnn 0.273  (3s)
    JSR  -37.0 dB  BER 0.00e+00  P(det)@0.05 power_one_sided 0.398 power_two_sided 0.592 kurtosis 0.051 spec_cnn 0.328  (3s)
    JSR  -36.0 dB  BER 0.00e+00  P(det)@0.05 power_one_sided 0.377 power_two_sided 0.658 kurtosis 0.049 spec_cnn 0.385  (3s)
    JSR  -35.0 dB  BER 0.00e+00  P(det)@0.05 power_one_sided 0.420 power_two_sided 0.662 kurtosis 0.059 spec_cnn 0.453  (4s)
    JSR  -34.0 dB  BER 0.00e+00  P(det)@0.05 power_one_sided 0.410 power_two_sided 0.711 kurtosis 0.061 spec_cnn 0.482  (4s)
    JSR  -33.0 dB  BER 0.00e+00  P(det)@0.05 power_one_sided 0.469 power_two_sided 0.752 kurtosis 0.053 spec_cnn 0.535  (4s)
    JSR  -32.0 dB  BER 0.00e+00  P(det)@0.05 power_one_sided 0.506 power_two_sided 0.797 kurtosis 0.066 spec_cnn 0.549  (4s)
    JSR  -31.0 dB  BER 0.00e+00  P(det)@0.05 power_one_sided 0.543 power_two_sided 0.805 kurtosis 0.061 spec_cnn 0.645  (5s)
    JSR  -30.0 dB  BER 0.00e+00  P(det)@0.05 power_one_sided 0.533 power_two_sided 0.828 kurtosis 0.045 spec_cnn 0.709  (5s)
    JSR  -29.0 dB  BER 0.00e+00  P(det)@0.05 power_one_sided 0.613 power_two_sided 0.871 kurtosis 0.061 spec_cnn 0.729  (5s)
    JSR  -28.0 dB  BER 0.00e+00  P(det)@0.05 power_one_sided 0.586 power_two_sided 0.867 kurtosis 0.037 spec_cnn 0.750  (5s)
    JSR  -27.0 dB  BER 0.00e+00  P(det)@0.05 power_one_sided 0.592 power_two_sided 0.852 kurtosis 0.057 spec_cnn 0.787  (5s)
    JSR  -26.0 dB  BER 0.00e+00  P(det)@0.05 power_one_sided 0.617 power_two_sided 0.875 kurtosis 0.047 spec_cnn 0.803  (6s)
    JSR  -25.0 dB  BER 0.00e+00  P(det)@0.05 power_one_sided 0.672 power_two_sided 0.914 kurtosis 0.053 spec_cnn 0.811  (6s)
    JSR  -24.0 dB  BER 0.00e+00  P(det)@0.05 power_one_sided 0.709 power_two_sided 0.941 kurtosis 0.062 spec_cnn 0.840  (6s)
    JSR  -23.0 dB  BER 0.00e+00  P(det)@0.05 power_one_sided 0.705 power_two_sided 0.939 kurtosis 0.082 spec_cnn 0.820  (6s)
    JSR  -22.0 dB  BER 0.00e+00  P(det)@0.05 power_one_sided 0.797 power_two_sided 0.971 kurtosis 0.082 spec_cnn 0.814  (7s)
    JSR  -21.0 dB  BER 0.00e+00  P(det)@0.05 power_one_sided 0.783 power_two_sided 0.957 kurtosis 0.088 spec_cnn 0.859  (7s)
    JSR  -20.0 dB  BER 0.00e+00  P(det)@0.05 power_one_sided 0.795 power_two_sided 0.941 kurtosis 0.137 spec_cnn 0.859  (7s)
    JSR  -19.0 dB  BER 0.00e+00  P(det)@0.05 power_one_sided 0.836 power_two_sided 0.973 kurtosis 0.137 spec_cnn 0.848  (7s)
    JSR  -18.0 dB  BER 0.00e+00  P(det)@0.05 power_one_sided 0.863 power_two_sided 0.980 kurtosis 0.172 spec_cnn 0.869  (8s)
    JSR  -17.0 dB  BER 0.00e+00  P(det)@0.05 power_one_sided 0.910 power_two_sided 0.973 kurtosis 0.223 spec_cnn 0.904  (8s)
    JSR  -16.0 dB  BER 0.00e+00  P(det)@0.05 power_one_sided 0.932 power_two_sided 0.980 kurtosis 0.379 spec_cnn 0.896  (8s)
    JSR  -15.0 dB  BER 0.00e+00  P(det)@0.05 power_one_sided 0.930 power_two_sided 0.986 kurtosis 0.502 spec_cnn 0.910  (8s)
    JSR  -14.0 dB  BER 0.00e+00  P(det)@0.05 power_one_sided 0.961 power_two_sided 0.994 kurtosis 0.652 spec_cnn 0.920  (8s)
    JSR  -13.0 dB  BER 0.00e+00  P(det)@0.05 power_one_sided 0.982 power_two_sided 0.998 kurtosis 0.852 spec_cnn 0.924  (9s)
    JSR  -12.0 dB  BER 0.00e+00  P(det)@0.05 power_one_sided 0.996 power_two_sided 0.998 kurtosis 0.939 spec_cnn 0.957  (9s)
    JSR  -11.0 dB  BER 0.00e+00  P(det)@0.05 power_one_sided 0.992 power_two_sided 0.998 kurtosis 0.980 spec_cnn 0.973  (9s)
    JSR  -10.0 dB  BER 7.63e-06  P(det)@0.05 power_one_sided 0.996 power_two_sided 0.998 kurtosis 0.996 spec_cnn 0.980  (9s)
    JSR   -9.0 dB  BER 1.37e-04  P(det)@0.05 power_one_sided 1.000 power_two_sided 1.000 kurtosis 1.000 spec_cnn 0.982  (10s)
    JSR   -8.0 dB  BER 1.11e-03  P(det)@0.05 power_one_sided 1.000 power_two_sided 1.000 kurtosis 1.000 spec_cnn 0.998  (10s)
    JSR   -7.0 dB  BER 5.05e-03  P(det)@0.05 power_one_sided 1.000 power_two_sided 1.000 kurtosis 1.000 spec_cnn 0.994  (10s)
    JSR   -6.0 dB  BER 1.85e-02  P(det)@0.05 power_one_sided 1.000 power_two_sided 1.000 kurtosis 1.000 spec_cnn 1.000  (10s)
    JSR   -5.0 dB  BER 4.43e-02  P(det)@0.05 power_one_sided 1.000 power_two_sided 1.000 kurtosis 1.000 spec_cnn 1.000  (10s)
    JSR   -4.0 dB  BER 7.35e-02  P(det)@0.05 power_one_sided 1.000 power_two_sided 1.000 kurtosis 1.000 spec_cnn 0.998  (11s)
    JSR   -3.0 dB  BER 9.50e-02  P(det)@0.05 power_one_sided 1.000 power_two_sided 1.000 kurtosis 1.000 spec_cnn 1.000  (11s)
    JSR   -2.0 dB  BER 1.17e-01  P(det)@0.05 power_one_sided 1.000 power_two_sided 1.000 kurtosis 1.000 spec_cnn 1.000  (11s)
    JSR   -1.0 dB  BER 1.36e-01  P(det)@0.05 power_one_sided 1.000 power_two_sided 1.000 kurtosis 1.000 spec_cnn 1.000  (11s)
    JSR   +0.0 dB  BER 1.54e-01  P(det)@0.05 power_one_sided 1.000 power_two_sided 1.000 kurtosis 1.000 spec_cnn 1.000  (12s)
    JSR   +1.0 dB  BER 1.72e-01  P(det)@0.05 power_one_sided 1.000 power_two_sided 1.000 kurtosis 1.000 spec_cnn 1.000  (12s)
    JSR   +2.0 dB  BER 1.84e-01  P(det)@0.05 power_one_sided 1.000 power_two_sided 1.000 kurtosis 1.000 spec_cnn 1.000  (12s)
    JSR   +3.0 dB  BER 2.01e-01  P(det)@0.05 power_one_sided 1.000 power_two_sided 1.000 kurtosis 1.000 spec_cnn 1.000  (12s)
    JSR   +4.0 dB  BER 2.12e-01  P(det)@0.05 power_one_sided 1.000 power_two_sided 1.000 kurtosis 1.000 spec_cnn 1.000  (13s)
    JSR   +5.0 dB  BER 2.27e-01  P(det)@0.05 power_one_sided 1.000 power_two_sided 1.000 kurtosis 1.000 spec_cnn 1.000  (13s)
    JSR   +6.0 dB  BER 2.35e-01  P(det)@0.05 power_one_sided 1.000 power_two_sided 1.000 kurtosis 1.000 spec_cnn 1.000  (13s)
    JSR   +7.0 dB  BER 2.51e-01  P(det)@0.05 power_one_sided 1.000 power_two_sided 1.000 kurtosis 1.000 spec_cnn 1.000  (13s)
    JSR   +8.0 dB  BER 2.63e-01  P(det)@0.05 power_one_sided 1.000 power_two_sided 1.000 kurtosis 1.000 spec_cnn 1.000  (13s)
    JSR   +9.0 dB  BER 2.82e-01  P(det)@0.05 power_one_sided 1.000 power_two_sided 1.000 kurtosis 1.000 spec_cnn 1.000  (14s)
    JSR  +10.0 dB  BER 2.84e-01  P(det)@0.05 power_one_sided 1.000 power_two_sided 1.000 kurtosis 1.000 spec_cnn 1.000  (14s)
    JSR  +11.0 dB  BER 3.01e-01  P(det)@0.05 power_one_sided 1.000 power_two_sided 1.000 kurtosis 1.000 spec_cnn 1.000  (14s)
    JSR  +12.0 dB  BER 3.15e-01  P(det)@0.05 power_one_sided 1.000 power_two_sided 1.000 kurtosis 1.000 spec_cnn 1.000  (14s)
    JSR  +13.0 dB  BER 3.26e-01  P(det)@0.05 power_one_sided 1.000 power_two_sided 1.000 kurtosis 1.000 spec_cnn 1.000  (15s)
    JSR  +14.0 dB  BER 3.36e-01  P(det)@0.05 power_one_sided 1.000 power_two_sided 1.000 kurtosis 1.000 spec_cnn 1.000  (15s)
    JSR  +15.0 dB  BER 3.44e-01  P(det)@0.05 power_one_sided 1.000 power_two_sided 1.000 kurtosis 1.000 spec_cnn 1.000  (15s)
  [snr_40] pulsed_p0.5 confirmed: {"power_one_sided": {"0.01": null, "0.05": null}, "power_two_sided": {"0.01": null, "0.05": null}, "kurtosis": {"0.01": {"index": 0, "sweep_ber": 0.0, "sweep_pdet": 0.015625, "confirmed_ber": 0.0, "confirmed_ser": 0.0, "confirmed_pdet": 0.01123046875, "passed": true}, "0.05": {"index": 0, "sweep_ber": 0.0, "sweep_pdet": 0.052734375, "confirmed_ber": 0.0, "confirmed_ser": 0.0, "confirmed_pdet": 0.052978515625, "passed": true}}, "spec_cnn": {"0.01": {"index": 0, "sweep_ber": 0.0, "sweep_pdet": 0.009765625, "confirmed_ber": 0.0, "confirmed_ser": 0.0, "confirmed_pdet": 0.007568359375, "passed": true}, "0.05": {"index": 1, "sweep_ber": 0.0, "sweep_pdet": 0.05078125, "confirmed_ber": 0.0, "confirmed_ser": 0.0, "confirmed_pdet": 0.0576171875, "passed": false}}}  (83s)
  [snr_40] classical pulsed_p0.25
    JSR  -50.0 dB  BER 0.00e+00  P(det)@0.05 power_one_sided 0.082 power_two_sided 0.123 kurtosis 0.059 spec_cnn 0.053  (0s)
    JSR  -49.0 dB  BER 0.00e+00  P(det)@0.05 power_one_sided 0.129 power_two_sided 0.162 kurtosis 0.055 spec_cnn 0.082  (0s)
    JSR  -48.0 dB  BER 0.00e+00  P(det)@0.05 power_one_sided 0.105 power_two_sided 0.164 kurtosis 0.076 spec_cnn 0.082  (1s)
    JSR  -47.0 dB  BER 0.00e+00  P(det)@0.05 power_one_sided 0.160 power_two_sided 0.188 kurtosis 0.072 spec_cnn 0.035  (1s)
    JSR  -46.0 dB  BER 0.00e+00  P(det)@0.05 power_one_sided 0.201 power_two_sided 0.250 kurtosis 0.053 spec_cnn 0.080  (1s)
    JSR  -45.0 dB  BER 0.00e+00  P(det)@0.05 power_one_sided 0.170 power_two_sided 0.293 kurtosis 0.043 spec_cnn 0.074  (1s)
    JSR  -44.0 dB  BER 0.00e+00  P(det)@0.05 power_one_sided 0.201 power_two_sided 0.314 kurtosis 0.059 spec_cnn 0.084  (2s)
    JSR  -43.0 dB  BER 0.00e+00  P(det)@0.05 power_one_sided 0.207 power_two_sided 0.316 kurtosis 0.033 spec_cnn 0.125  (2s)
    JSR  -42.0 dB  BER 0.00e+00  P(det)@0.05 power_one_sided 0.291 power_two_sided 0.422 kurtosis 0.043 spec_cnn 0.119  (2s)
    JSR  -41.0 dB  BER 0.00e+00  P(det)@0.05 power_one_sided 0.312 power_two_sided 0.488 kurtosis 0.053 spec_cnn 0.178  (2s)
    JSR  -40.0 dB  BER 0.00e+00  P(det)@0.05 power_one_sided 0.256 power_two_sided 0.504 kurtosis 0.053 spec_cnn 0.145  (2s)
    JSR  -39.0 dB  BER 0.00e+00  P(det)@0.05 power_one_sided 0.344 power_two_sided 0.551 kurtosis 0.049 spec_cnn 0.201  (3s)
    JSR  -38.0 dB  BER 0.00e+00  P(det)@0.05 power_one_sided 0.326 power_two_sided 0.602 kurtosis 0.066 spec_cnn 0.229  (3s)
    JSR  -37.0 dB  BER 0.00e+00  P(det)@0.05 power_one_sided 0.373 power_two_sided 0.596 kurtosis 0.051 spec_cnn 0.262  (3s)
    JSR  -36.0 dB  BER 0.00e+00  P(det)@0.05 power_one_sided 0.445 power_two_sided 0.684 kurtosis 0.049 spec_cnn 0.312  (3s)
    JSR  -35.0 dB  BER 0.00e+00  P(det)@0.05 power_one_sided 0.410 power_two_sided 0.666 kurtosis 0.070 spec_cnn 0.391  (4s)
    JSR  -34.0 dB  BER 0.00e+00  P(det)@0.05 power_one_sided 0.428 power_two_sided 0.727 kurtosis 0.035 spec_cnn 0.428  (4s)
    JSR  -33.0 dB  BER 0.00e+00  P(det)@0.05 power_one_sided 0.486 power_two_sided 0.750 kurtosis 0.059 spec_cnn 0.430  (4s)
    JSR  -32.0 dB  BER 0.00e+00  P(det)@0.05 power_one_sided 0.480 power_two_sided 0.781 kurtosis 0.051 spec_cnn 0.471  (4s)
    JSR  -31.0 dB  BER 0.00e+00  P(det)@0.05 power_one_sided 0.516 power_two_sided 0.818 kurtosis 0.053 spec_cnn 0.514  (5s)
    JSR  -30.0 dB  BER 0.00e+00  P(det)@0.05 power_one_sided 0.518 power_two_sided 0.840 kurtosis 0.064 spec_cnn 0.516  (5s)
    JSR  -29.0 dB  BER 0.00e+00  P(det)@0.05 power_one_sided 0.582 power_two_sided 0.844 kurtosis 0.051 spec_cnn 0.574  (5s)
    JSR  -28.0 dB  BER 0.00e+00  P(det)@0.05 power_one_sided 0.555 power_two_sided 0.846 kurtosis 0.057 spec_cnn 0.578  (5s)
    JSR  -27.0 dB  BER 0.00e+00  P(det)@0.05 power_one_sided 0.572 power_two_sided 0.867 kurtosis 0.043 spec_cnn 0.559  (5s)
    JSR  -26.0 dB  BER 0.00e+00  P(det)@0.05 power_one_sided 0.662 power_two_sided 0.887 kurtosis 0.047 spec_cnn 0.602  (6s)
    JSR  -25.0 dB  BER 0.00e+00  P(det)@0.05 power_one_sided 0.688 power_two_sided 0.920 kurtosis 0.074 spec_cnn 0.668  (6s)
    JSR  -24.0 dB  BER 0.00e+00  P(det)@0.05 power_one_sided 0.678 power_two_sided 0.924 kurtosis 0.078 spec_cnn 0.613  (6s)
    JSR  -23.0 dB  BER 0.00e+00  P(det)@0.05 power_one_sided 0.693 power_two_sided 0.941 kurtosis 0.092 spec_cnn 0.639  (6s)
    JSR  -22.0 dB  BER 0.00e+00  P(det)@0.05 power_one_sided 0.746 power_two_sided 0.932 kurtosis 0.072 spec_cnn 0.658  (7s)
    JSR  -21.0 dB  BER 0.00e+00  P(det)@0.05 power_one_sided 0.764 power_two_sided 0.939 kurtosis 0.102 spec_cnn 0.662  (7s)
    JSR  -20.0 dB  BER 0.00e+00  P(det)@0.05 power_one_sided 0.824 power_two_sided 0.971 kurtosis 0.119 spec_cnn 0.646  (7s)
    JSR  -19.0 dB  BER 0.00e+00  P(det)@0.05 power_one_sided 0.848 power_two_sided 0.975 kurtosis 0.168 spec_cnn 0.674  (7s)
    JSR  -18.0 dB  BER 0.00e+00  P(det)@0.05 power_one_sided 0.887 power_two_sided 0.979 kurtosis 0.180 spec_cnn 0.709  (7s)
    JSR  -17.0 dB  BER 0.00e+00  P(det)@0.05 power_one_sided 0.924 power_two_sided 0.986 kurtosis 0.256 spec_cnn 0.727  (8s)
    JSR  -16.0 dB  BER 0.00e+00  P(det)@0.05 power_one_sided 0.939 power_two_sided 0.986 kurtosis 0.373 spec_cnn 0.775  (8s)
    JSR  -15.0 dB  BER 0.00e+00  P(det)@0.05 power_one_sided 0.951 power_two_sided 0.984 kurtosis 0.510 spec_cnn 0.748  (8s)
    JSR  -14.0 dB  BER 0.00e+00  P(det)@0.05 power_one_sided 0.947 power_two_sided 0.990 kurtosis 0.715 spec_cnn 0.756  (8s)
    JSR  -13.0 dB  BER 0.00e+00  P(det)@0.05 power_one_sided 0.984 power_two_sided 1.000 kurtosis 0.824 spec_cnn 0.830  (9s)
    JSR  -12.0 dB  BER 3.81e-05  P(det)@0.05 power_one_sided 0.996 power_two_sided 0.998 kurtosis 0.961 spec_cnn 0.805  (9s)
    JSR  -11.0 dB  BER 3.13e-04  P(det)@0.05 power_one_sided 0.994 power_two_sided 0.996 kurtosis 0.984 spec_cnn 0.873  (9s)
    JSR  -10.0 dB  BER 1.19e-03  P(det)@0.05 power_one_sided 0.996 power_two_sided 1.000 kurtosis 0.998 spec_cnn 0.875  (9s)
    JSR   -9.0 dB  BER 6.66e-03  P(det)@0.05 power_one_sided 0.998 power_two_sided 1.000 kurtosis 1.000 spec_cnn 0.912  (10s)
    JSR   -8.0 dB  BER 1.96e-02  P(det)@0.05 power_one_sided 0.998 power_two_sided 1.000 kurtosis 1.000 spec_cnn 0.947  (10s)
    JSR   -7.0 dB  BER 3.05e-02  P(det)@0.05 power_one_sided 1.000 power_two_sided 1.000 kurtosis 1.000 spec_cnn 0.961  (10s)
    JSR   -6.0 dB  BER 4.54e-02  P(det)@0.05 power_one_sided 1.000 power_two_sided 1.000 kurtosis 1.000 spec_cnn 0.979  (10s)
    JSR   -5.0 dB  BER 5.74e-02  P(det)@0.05 power_one_sided 1.000 power_two_sided 1.000 kurtosis 1.000 spec_cnn 0.982  (10s)
    JSR   -4.0 dB  BER 6.91e-02  P(det)@0.05 power_one_sided 1.000 power_two_sided 1.000 kurtosis 1.000 spec_cnn 0.996  (11s)
    JSR   -3.0 dB  BER 7.85e-02  P(det)@0.05 power_one_sided 1.000 power_two_sided 1.000 kurtosis 1.000 spec_cnn 0.998  (11s)
    JSR   -2.0 dB  BER 8.83e-02  P(det)@0.05 power_one_sided 1.000 power_two_sided 1.000 kurtosis 1.000 spec_cnn 1.000  (11s)
    JSR   -1.0 dB  BER 9.69e-02  P(det)@0.05 power_one_sided 1.000 power_two_sided 1.000 kurtosis 1.000 spec_cnn 1.000  (11s)
    JSR   +0.0 dB  BER 1.06e-01  P(det)@0.05 power_one_sided 1.000 power_two_sided 1.000 kurtosis 1.000 spec_cnn 1.000  (12s)
    JSR   +1.0 dB  BER 1.13e-01  P(det)@0.05 power_one_sided 1.000 power_two_sided 1.000 kurtosis 1.000 spec_cnn 1.000  (12s)
    JSR   +2.0 dB  BER 1.26e-01  P(det)@0.05 power_one_sided 1.000 power_two_sided 1.000 kurtosis 1.000 spec_cnn 1.000  (12s)
    JSR   +3.0 dB  BER 1.31e-01  P(det)@0.05 power_one_sided 1.000 power_two_sided 1.000 kurtosis 1.000 spec_cnn 1.000  (12s)
    JSR   +4.0 dB  BER 1.39e-01  P(det)@0.05 power_one_sided 1.000 power_two_sided 1.000 kurtosis 1.000 spec_cnn 1.000  (12s)
    JSR   +5.0 dB  BER 1.45e-01  P(det)@0.05 power_one_sided 1.000 power_two_sided 1.000 kurtosis 1.000 spec_cnn 1.000  (13s)
    JSR   +6.0 dB  BER 1.56e-01  P(det)@0.05 power_one_sided 1.000 power_two_sided 1.000 kurtosis 1.000 spec_cnn 1.000  (13s)
    JSR   +7.0 dB  BER 1.63e-01  P(det)@0.05 power_one_sided 1.000 power_two_sided 1.000 kurtosis 1.000 spec_cnn 1.000  (13s)
    JSR   +8.0 dB  BER 1.80e-01  P(det)@0.05 power_one_sided 1.000 power_two_sided 1.000 kurtosis 1.000 spec_cnn 1.000  (13s)
    JSR   +9.0 dB  BER 1.88e-01  P(det)@0.05 power_one_sided 1.000 power_two_sided 1.000 kurtosis 1.000 spec_cnn 1.000  (14s)
    JSR  +10.0 dB  BER 1.98e-01  P(det)@0.05 power_one_sided 1.000 power_two_sided 1.000 kurtosis 1.000 spec_cnn 1.000  (14s)
    JSR  +11.0 dB  BER 2.12e-01  P(det)@0.05 power_one_sided 1.000 power_two_sided 1.000 kurtosis 1.000 spec_cnn 1.000  (14s)
    JSR  +12.0 dB  BER 2.20e-01  P(det)@0.05 power_one_sided 1.000 power_two_sided 1.000 kurtosis 1.000 spec_cnn 1.000  (14s)
    JSR  +13.0 dB  BER 2.26e-01  P(det)@0.05 power_one_sided 1.000 power_two_sided 1.000 kurtosis 1.000 spec_cnn 0.998  (15s)
    JSR  +14.0 dB  BER 2.37e-01  P(det)@0.05 power_one_sided 1.000 power_two_sided 1.000 kurtosis 1.000 spec_cnn 0.998  (15s)
    JSR  +15.0 dB  BER 2.49e-01  P(det)@0.05 power_one_sided 1.000 power_two_sided 1.000 kurtosis 1.000 spec_cnn 1.000  (15s)
  [snr_40] pulsed_p0.25 confirmed: {"power_one_sided": {"0.01": null, "0.05": null}, "power_two_sided": {"0.01": null, "0.05": null}, "kurtosis": {"0.01": {"index": 0, "sweep_ber": 0.0, "sweep_pdet": 0.01171875, "confirmed_ber": 0.0, "confirmed_ser": 0.0, "confirmed_pdet": 0.0146484375, "passed": false}, "0.05": {"index": 0, "sweep_ber": 0.0, "sweep_pdet": 0.05859375, "confirmed_ber": 0.0, "confirmed_ser": 0.0, "confirmed_pdet": 0.060546875, "passed": false}}, "spec_cnn": {"0.01": {"index": 0, "sweep_ber": 0.0, "sweep_pdet": 0.0078125, "confirmed_ber": 0.0, "confirmed_ser": 0.0, "confirmed_pdet": 0.010009765625, "passed": true}, "0.05": {"index": 0, "sweep_ber": 0.0, "sweep_pdet": 0.052734375, "confirmed_ber": 0.0, "confirmed_ser": 0.0, "confirmed_pdet": 0.066162109375, "passed": false}}}  (105s)
  [snr_40] classical pulsed_p0.1
    JSR  -50.0 dB  BER 0.00e+00  P(det)@0.05 power_one_sided 0.115 power_two_sided 0.125 kurtosis 0.057 spec_cnn 0.062  (0s)
    JSR  -49.0 dB  BER 0.00e+00  P(det)@0.05 power_one_sided 0.129 power_two_sided 0.158 kurtosis 0.062 spec_cnn 0.066  (0s)
    JSR  -48.0 dB  BER 0.00e+00  P(det)@0.05 power_one_sided 0.094 power_two_sided 0.188 kurtosis 0.066 spec_cnn 0.070  (1s)
    JSR  -47.0 dB  BER 0.00e+00  P(det)@0.05 power_one_sided 0.186 power_two_sided 0.219 kurtosis 0.045 spec_cnn 0.086  (1s)
    JSR  -46.0 dB  BER 0.00e+00  P(det)@0.05 power_one_sided 0.172 power_two_sided 0.248 kurtosis 0.064 spec_cnn 0.092  (1s)
    JSR  -45.0 dB  BER 0.00e+00  P(det)@0.05 power_one_sided 0.182 power_two_sided 0.295 kurtosis 0.059 spec_cnn 0.078  (1s)
    JSR  -44.0 dB  BER 0.00e+00  P(det)@0.05 power_one_sided 0.193 power_two_sided 0.350 kurtosis 0.061 spec_cnn 0.068  (2s)
    JSR  -43.0 dB  BER 0.00e+00  P(det)@0.05 power_one_sided 0.225 power_two_sided 0.361 kurtosis 0.057 spec_cnn 0.098  (2s)
    JSR  -42.0 dB  BER 0.00e+00  P(det)@0.05 power_one_sided 0.270 power_two_sided 0.418 kurtosis 0.045 spec_cnn 0.127  (2s)
    JSR  -41.0 dB  BER 0.00e+00  P(det)@0.05 power_one_sided 0.299 power_two_sided 0.439 kurtosis 0.047 spec_cnn 0.146  (2s)
    JSR  -40.0 dB  BER 0.00e+00  P(det)@0.05 power_one_sided 0.354 power_two_sided 0.506 kurtosis 0.066 spec_cnn 0.160  (3s)
    JSR  -39.0 dB  BER 0.00e+00  P(det)@0.05 power_one_sided 0.338 power_two_sided 0.537 kurtosis 0.053 spec_cnn 0.164  (3s)
    JSR  -38.0 dB  BER 0.00e+00  P(det)@0.05 power_one_sided 0.348 power_two_sided 0.553 kurtosis 0.059 spec_cnn 0.188  (3s)
    JSR  -37.0 dB  BER 0.00e+00  P(det)@0.05 power_one_sided 0.414 power_two_sided 0.613 kurtosis 0.061 spec_cnn 0.184  (3s)
    JSR  -36.0 dB  BER 0.00e+00  P(det)@0.05 power_one_sided 0.396 power_two_sided 0.646 kurtosis 0.055 spec_cnn 0.201  (3s)
    JSR  -35.0 dB  BER 0.00e+00  P(det)@0.05 power_one_sided 0.420 power_two_sided 0.648 kurtosis 0.055 spec_cnn 0.215  (4s)
    JSR  -34.0 dB  BER 0.00e+00  P(det)@0.05 power_one_sided 0.428 power_two_sided 0.678 kurtosis 0.045 spec_cnn 0.240  (4s)
    JSR  -33.0 dB  BER 0.00e+00  P(det)@0.05 power_one_sided 0.467 power_two_sided 0.740 kurtosis 0.045 spec_cnn 0.246  (4s)
    JSR  -32.0 dB  BER 0.00e+00  P(det)@0.05 power_one_sided 0.482 power_two_sided 0.762 kurtosis 0.072 spec_cnn 0.297  (4s)
    JSR  -31.0 dB  BER 0.00e+00  P(det)@0.05 power_one_sided 0.555 power_two_sided 0.836 kurtosis 0.062 spec_cnn 0.281  (5s)
    JSR  -30.0 dB  BER 0.00e+00  P(det)@0.05 power_one_sided 0.559 power_two_sided 0.822 kurtosis 0.057 spec_cnn 0.285  (5s)
    JSR  -29.0 dB  BER 0.00e+00  P(det)@0.05 power_one_sided 0.562 power_two_sided 0.852 kurtosis 0.051 spec_cnn 0.293  (5s)
    JSR  -28.0 dB  BER 0.00e+00  P(det)@0.05 power_one_sided 0.537 power_two_sided 0.842 kurtosis 0.041 spec_cnn 0.348  (5s)
    JSR  -27.0 dB  BER 0.00e+00  P(det)@0.05 power_one_sided 0.637 power_two_sided 0.891 kurtosis 0.051 spec_cnn 0.299  (6s)
    JSR  -26.0 dB  BER 0.00e+00  P(det)@0.05 power_one_sided 0.625 power_two_sided 0.887 kurtosis 0.053 spec_cnn 0.299  (6s)
    JSR  -25.0 dB  BER 0.00e+00  P(det)@0.05 power_one_sided 0.656 power_two_sided 0.924 kurtosis 0.078 spec_cnn 0.314  (6s)
    JSR  -24.0 dB  BER 0.00e+00  P(det)@0.05 power_one_sided 0.721 power_two_sided 0.945 kurtosis 0.064 spec_cnn 0.355  (6s)
    JSR  -23.0 dB  BER 0.00e+00  P(det)@0.05 power_one_sided 0.730 power_two_sided 0.928 kurtosis 0.066 spec_cnn 0.344  (6s)
    JSR  -22.0 dB  BER 0.00e+00  P(det)@0.05 power_one_sided 0.742 power_two_sided 0.945 kurtosis 0.070 spec_cnn 0.348  (7s)
    JSR  -21.0 dB  BER 0.00e+00  P(det)@0.05 power_one_sided 0.785 power_two_sided 0.949 kurtosis 0.107 spec_cnn 0.348  (7s)
    JSR  -20.0 dB  BER 0.00e+00  P(det)@0.05 power_one_sided 0.791 power_two_sided 0.965 kurtosis 0.100 spec_cnn 0.355  (7s)
    JSR  -19.0 dB  BER 0.00e+00  P(det)@0.05 power_one_sided 0.852 power_two_sided 0.973 kurtosis 0.145 spec_cnn 0.365  (7s)
    JSR  -18.0 dB  BER 2.29e-05  P(det)@0.05 power_one_sided 0.854 power_two_sided 0.973 kurtosis 0.230 spec_cnn 0.373  (8s)
    JSR  -17.0 dB  BER 0.00e+00  P(det)@0.05 power_one_sided 0.887 power_two_sided 0.971 kurtosis 0.283 spec_cnn 0.396  (8s)
    JSR  -16.0 dB  BER 9.16e-05  P(det)@0.05 power_one_sided 0.934 power_two_sided 0.990 kurtosis 0.453 spec_cnn 0.402  (8s)
    JSR  -15.0 dB  BER 1.22e-04  P(det)@0.05 power_one_sided 0.926 power_two_sided 0.996 kurtosis 0.576 spec_cnn 0.480  (8s)
    JSR  -14.0 dB  BER 7.48e-04  P(det)@0.05 power_one_sided 0.969 power_two_sided 0.998 kurtosis 0.779 spec_cnn 0.436  (8s)
    JSR  -13.0 dB  BER 2.24e-03  P(det)@0.05 power_one_sided 0.977 power_two_sided 0.996 kurtosis 0.873 spec_cnn 0.531  (9s)
    JSR  -12.0 dB  BER 6.51e-03  P(det)@0.05 power_one_sided 0.980 power_two_sided 1.000 kurtosis 0.967 spec_cnn 0.531  (9s)
    JSR  -11.0 dB  BER 1.16e-02  P(det)@0.05 power_one_sided 0.994 power_two_sided 0.998 kurtosis 0.979 spec_cnn 0.570  (9s)
    JSR  -10.0 dB  BER 1.74e-02  P(det)@0.05 power_one_sided 0.998 power_two_sided 1.000 kurtosis 0.994 spec_cnn 0.629  (9s)
    JSR   -9.0 dB  BER 2.24e-02  P(det)@0.05 power_one_sided 1.000 power_two_sided 1.000 kurtosis 1.000 spec_cnn 0.717  (10s)
    JSR   -8.0 dB  BER 2.70e-02  P(det)@0.05 power_one_sided 1.000 power_two_sided 1.000 kurtosis 1.000 spec_cnn 0.742  (10s)
    JSR   -7.0 dB  BER 3.09e-02  P(det)@0.05 power_one_sided 1.000 power_two_sided 1.000 kurtosis 1.000 spec_cnn 0.826  (10s)
    JSR   -6.0 dB  BER 3.39e-02  P(det)@0.05 power_one_sided 1.000 power_two_sided 1.000 kurtosis 1.000 spec_cnn 0.852  (10s)
    JSR   -5.0 dB  BER 4.04e-02  P(det)@0.05 power_one_sided 1.000 power_two_sided 1.000 kurtosis 1.000 spec_cnn 0.900  (11s)
    JSR   -4.0 dB  BER 4.37e-02  P(det)@0.05 power_one_sided 1.000 power_two_sided 1.000 kurtosis 1.000 spec_cnn 0.949  (11s)
    JSR   -3.0 dB  BER 4.73e-02  P(det)@0.05 power_one_sided 1.000 power_two_sided 1.000 kurtosis 1.000 spec_cnn 0.977  (11s)
    JSR   -2.0 dB  BER 5.03e-02  P(det)@0.05 power_one_sided 1.000 power_two_sided 1.000 kurtosis 1.000 spec_cnn 0.979  (11s)
    JSR   -1.0 dB  BER 5.22e-02  P(det)@0.05 power_one_sided 1.000 power_two_sided 1.000 kurtosis 1.000 spec_cnn 0.990  (11s)
    JSR   +0.0 dB  BER 5.51e-02  P(det)@0.05 power_one_sided 1.000 power_two_sided 1.000 kurtosis 1.000 spec_cnn 1.000  (12s)
    JSR   +1.0 dB  BER 5.93e-02  P(det)@0.05 power_one_sided 1.000 power_two_sided 1.000 kurtosis 1.000 spec_cnn 1.000  (12s)
    JSR   +2.0 dB  BER 6.55e-02  P(det)@0.05 power_one_sided 1.000 power_two_sided 1.000 kurtosis 1.000 spec_cnn 0.998  (12s)
    JSR   +3.0 dB  BER 6.72e-02  P(det)@0.05 power_one_sided 1.000 power_two_sided 1.000 kurtosis 1.000 spec_cnn 0.998  (12s)
    JSR   +4.0 dB  BER 7.54e-02  P(det)@0.05 power_one_sided 1.000 power_two_sided 1.000 kurtosis 1.000 spec_cnn 1.000  (13s)
    JSR   +5.0 dB  BER 8.36e-02  P(det)@0.05 power_one_sided 1.000 power_two_sided 1.000 kurtosis 1.000 spec_cnn 0.998  (13s)
    JSR   +6.0 dB  BER 9.00e-02  P(det)@0.05 power_one_sided 1.000 power_two_sided 1.000 kurtosis 1.000 spec_cnn 0.998  (13s)
    JSR   +7.0 dB  BER 9.40e-02  P(det)@0.05 power_one_sided 1.000 power_two_sided 1.000 kurtosis 1.000 spec_cnn 0.998  (13s)
    JSR   +8.0 dB  BER 1.01e-01  P(det)@0.05 power_one_sided 1.000 power_two_sided 1.000 kurtosis 1.000 spec_cnn 1.000  (14s)
    JSR   +9.0 dB  BER 1.08e-01  P(det)@0.05 power_one_sided 1.000 power_two_sided 1.000 kurtosis 1.000 spec_cnn 0.996  (14s)
    JSR  +10.0 dB  BER 1.13e-01  P(det)@0.05 power_one_sided 1.000 power_two_sided 1.000 kurtosis 1.000 spec_cnn 1.000  (14s)
    JSR  +11.0 dB  BER 1.19e-01  P(det)@0.05 power_one_sided 1.000 power_two_sided 1.000 kurtosis 1.000 spec_cnn 0.998  (14s)
    JSR  +12.0 dB  BER 1.19e-01  P(det)@0.05 power_one_sided 1.000 power_two_sided 1.000 kurtosis 1.000 spec_cnn 0.980  (14s)
    JSR  +13.0 dB  BER 1.32e-01  P(det)@0.05 power_one_sided 1.000 power_two_sided 1.000 kurtosis 1.000 spec_cnn 0.982  (15s)
    JSR  +14.0 dB  BER 1.42e-01  P(det)@0.05 power_one_sided 1.000 power_two_sided 1.000 kurtosis 1.000 spec_cnn 0.988  (15s)
    JSR  +15.0 dB  BER 1.47e-01  P(det)@0.05 power_one_sided 1.000 power_two_sided 1.000 kurtosis 1.000 spec_cnn 0.988  (15s)
  [snr_40] pulsed_p0.1 confirmed: {"power_one_sided": {"0.01": null, "0.05": null}, "power_two_sided": {"0.01": null, "0.05": null}, "kurtosis": {"0.01": {"index": 1, "sweep_ber": 0.0, "sweep_pdet": 0.0078125, "confirmed_ber": 0.0, "confirmed_ser": 0.0, "confirmed_pdet": 0.008056640625, "passed": true}, "0.05": {"index": 0, "sweep_ber": 0.0, "sweep_pdet": 0.056640625, "confirmed_ber": 0.0, "confirmed_ser": 0.0, "confirmed_pdet": 0.0556640625, "passed": true}}, "spec_cnn": {"0.01": {"index": 0, "sweep_ber": 0.0, "sweep_pdet": 0.01171875, "confirmed_ber": 0.0, "confirmed_ser": 0.0, "confirmed_pdet": 0.010986328125, "passed": true}, "0.05": {"index": 0, "sweep_ber": 0.0, "sweep_pdet": 0.0625, "confirmed_ber": 0.0, "confirmed_ser": 0.0, "confirmed_pdet": 0.05810546875, "passed": false}}}  (128s)
  [snr_40] classical omniscient_e0.1
    JSR  -50.0 dB  BER 0.00e+00  P(det)@0.05 power_one_sided 0.062 power_two_sided 0.055 kurtosis 0.053 spec_cnn 0.053  (0s)
    JSR  -49.0 dB  BER 0.00e+00  P(det)@0.05 power_one_sided 0.047 power_two_sided 0.047 kurtosis 0.078 spec_cnn 0.033  (0s)
    JSR  -48.0 dB  BER 0.00e+00  P(det)@0.05 power_one_sided 0.055 power_two_sided 0.047 kurtosis 0.064 spec_cnn 0.043  (1s)
    JSR  -47.0 dB  BER 0.00e+00  P(det)@0.05 power_one_sided 0.082 power_two_sided 0.080 kurtosis 0.053 spec_cnn 0.051  (1s)
    JSR  -46.0 dB  BER 0.00e+00  P(det)@0.05 power_one_sided 0.037 power_two_sided 0.043 kurtosis 0.057 spec_cnn 0.037  (1s)
    JSR  -45.0 dB  BER 0.00e+00  P(det)@0.05 power_one_sided 0.041 power_two_sided 0.057 kurtosis 0.035 spec_cnn 0.029  (1s)
    JSR  -44.0 dB  BER 0.00e+00  P(det)@0.05 power_one_sided 0.062 power_two_sided 0.061 kurtosis 0.055 spec_cnn 0.037  (2s)
    JSR  -43.0 dB  BER 0.00e+00  P(det)@0.05 power_one_sided 0.064 power_two_sided 0.059 kurtosis 0.047 spec_cnn 0.061  (2s)
    JSR  -42.0 dB  BER 0.00e+00  P(det)@0.05 power_one_sided 0.057 power_two_sided 0.051 kurtosis 0.047 spec_cnn 0.051  (2s)
    JSR  -41.0 dB  BER 0.00e+00  P(det)@0.05 power_one_sided 0.066 power_two_sided 0.062 kurtosis 0.061 spec_cnn 0.045  (2s)
    JSR  -40.0 dB  BER 0.00e+00  P(det)@0.05 power_one_sided 0.053 power_two_sided 0.053 kurtosis 0.068 spec_cnn 0.041  (2s)
    JSR  -39.0 dB  BER 0.00e+00  P(det)@0.05 power_one_sided 0.049 power_two_sided 0.043 kurtosis 0.057 spec_cnn 0.051  (3s)
    JSR  -38.0 dB  BER 0.00e+00  P(det)@0.05 power_one_sided 0.045 power_two_sided 0.053 kurtosis 0.053 spec_cnn 0.041  (3s)
    JSR  -37.0 dB  BER 0.00e+00  P(det)@0.05 power_one_sided 0.057 power_two_sided 0.051 kurtosis 0.057 spec_cnn 0.057  (3s)
    JSR  -36.0 dB  BER 0.00e+00  P(det)@0.05 power_one_sided 0.049 power_two_sided 0.047 kurtosis 0.061 spec_cnn 0.064  (3s)
    JSR  -35.0 dB  BER 0.00e+00  P(det)@0.05 power_one_sided 0.039 power_two_sided 0.053 kurtosis 0.076 spec_cnn 0.049  (4s)
    JSR  -34.0 dB  BER 0.00e+00  P(det)@0.05 power_one_sided 0.055 power_two_sided 0.037 kurtosis 0.055 spec_cnn 0.068  (4s)
    JSR  -33.0 dB  BER 0.00e+00  P(det)@0.05 power_one_sided 0.047 power_two_sided 0.047 kurtosis 0.047 spec_cnn 0.049  (4s)
    JSR  -32.0 dB  BER 0.00e+00  P(det)@0.05 power_one_sided 0.041 power_two_sided 0.049 kurtosis 0.035 spec_cnn 0.053  (4s)
    JSR  -31.0 dB  BER 0.00e+00  P(det)@0.05 power_one_sided 0.041 power_two_sided 0.066 kurtosis 0.045 spec_cnn 0.031  (5s)
    JSR  -30.0 dB  BER 0.00e+00  P(det)@0.05 power_one_sided 0.074 power_two_sided 0.062 kurtosis 0.072 spec_cnn 0.068  (5s)
    JSR  -29.0 dB  BER 0.00e+00  P(det)@0.05 power_one_sided 0.059 power_two_sided 0.059 kurtosis 0.061 spec_cnn 0.035  (5s)
    JSR  -28.0 dB  BER 0.00e+00  P(det)@0.05 power_one_sided 0.070 power_two_sided 0.057 kurtosis 0.055 spec_cnn 0.037  (5s)
    JSR  -27.0 dB  BER 0.00e+00  P(det)@0.05 power_one_sided 0.072 power_two_sided 0.066 kurtosis 0.053 spec_cnn 0.072  (5s)
    JSR  -26.0 dB  BER 0.00e+00  P(det)@0.05 power_one_sided 0.055 power_two_sided 0.051 kurtosis 0.057 spec_cnn 0.051  (6s)
    JSR  -25.0 dB  BER 0.00e+00  P(det)@0.05 power_one_sided 0.055 power_two_sided 0.061 kurtosis 0.053 spec_cnn 0.047  (6s)
    JSR  -24.0 dB  BER 0.00e+00  P(det)@0.05 power_one_sided 0.035 power_two_sided 0.043 kurtosis 0.051 spec_cnn 0.047  (6s)
    JSR  -23.0 dB  BER 0.00e+00  P(det)@0.05 power_one_sided 0.031 power_two_sided 0.035 kurtosis 0.064 spec_cnn 0.055  (6s)
    JSR  -22.0 dB  BER 0.00e+00  P(det)@0.05 power_one_sided 0.031 power_two_sided 0.039 kurtosis 0.057 spec_cnn 0.053  (7s)
    JSR  -21.0 dB  BER 0.00e+00  P(det)@0.05 power_one_sided 0.059 power_two_sided 0.053 kurtosis 0.057 spec_cnn 0.045  (7s)
    JSR  -20.0 dB  BER 7.81e-03  P(det)@0.05 power_one_sided 0.000 power_two_sided 1.000 kurtosis 0.070 spec_cnn 0.055  (7s)
    JSR  -19.0 dB  BER 7.81e-03  P(det)@0.05 power_one_sided 0.000 power_two_sided 1.000 kurtosis 0.045 spec_cnn 0.039  (7s)
    JSR  -18.0 dB  BER 7.81e-03  P(det)@0.05 power_one_sided 0.000 power_two_sided 1.000 kurtosis 0.088 spec_cnn 0.020  (7s)
    JSR  -17.0 dB  BER 1.56e-02  P(det)@0.05 power_one_sided 0.000 power_two_sided 1.000 kurtosis 0.131 spec_cnn 0.059  (8s)
    JSR  -16.0 dB  BER 1.56e-02  P(det)@0.05 power_one_sided 0.000 power_two_sided 1.000 kurtosis 0.102 spec_cnn 0.059  (8s)
    JSR  -15.0 dB  BER 2.34e-02  P(det)@0.05 power_one_sided 0.000 power_two_sided 1.000 kurtosis 0.182 spec_cnn 0.053  (8s)
    JSR  -14.0 dB  BER 3.12e-02  P(det)@0.05 power_one_sided 0.000 power_two_sided 1.000 kurtosis 0.268 spec_cnn 0.055  (8s)
    JSR  -13.0 dB  BER 3.91e-02  P(det)@0.05 power_one_sided 0.000 power_two_sided 1.000 kurtosis 0.398 spec_cnn 0.061  (9s)
    JSR  -12.0 dB  BER 4.69e-02  P(det)@0.05 power_one_sided 0.000 power_two_sided 1.000 kurtosis 0.520 spec_cnn 0.043  (9s)
    JSR  -11.0 dB  BER 6.25e-02  P(det)@0.05 power_one_sided 0.000 power_two_sided 1.000 kurtosis 0.701 spec_cnn 0.049  (9s)
    JSR  -10.0 dB  BER 7.81e-02  P(det)@0.05 power_one_sided 0.000 power_two_sided 1.000 kurtosis 0.908 spec_cnn 0.061  (9s)
    JSR   -9.0 dB  BER 1.02e-01  P(det)@0.05 power_one_sided 0.000 power_two_sided 1.000 kurtosis 0.994 spec_cnn 0.045  (9s)
    JSR   -8.0 dB  BER 1.25e-01  P(det)@0.05 power_one_sided 0.000 power_two_sided 1.000 kurtosis 1.000 spec_cnn 0.037  (10s)
    JSR   -7.0 dB  BER 1.64e-01  P(det)@0.05 power_one_sided 0.000 power_two_sided 1.000 kurtosis 1.000 spec_cnn 0.023  (10s)
    JSR   -6.0 dB  BER 2.03e-01  P(det)@0.05 power_one_sided 0.000 power_two_sided 1.000 kurtosis 1.000 spec_cnn 0.027  (10s)
    JSR   -5.0 dB  BER 2.58e-01  P(det)@0.05 power_one_sided 0.000 power_two_sided 1.000 kurtosis 1.000 spec_cnn 0.021  (10s)
    JSR   -4.0 dB  BER 3.28e-01  P(det)@0.05 power_one_sided 0.000 power_two_sided 1.000 kurtosis 1.000 spec_cnn 0.016  (11s)
    JSR   -3.0 dB  BER 4.14e-01  P(det)@0.05 power_one_sided 0.000 power_two_sided 1.000 kurtosis 1.000 spec_cnn 0.000  (11s)
    JSR   -2.0 dB  BER 5.16e-01  P(det)@0.05 power_one_sided 0.000 power_two_sided 1.000 kurtosis 1.000 spec_cnn 0.000  (11s)
    JSR   -1.0 dB  BER 6.56e-01  P(det)@0.05 power_one_sided 0.000 power_two_sided 1.000 kurtosis 1.000 spec_cnn 0.000  (11s)
    JSR   +0.0 dB  BER 8.20e-01  P(det)@0.05 power_one_sided 0.000 power_two_sided 1.000 kurtosis 1.000 spec_cnn 0.000  (11s)
    JSR   +1.0 dB  BER 1.00e+00  P(det)@0.05 power_one_sided 0.000 power_two_sided 1.000 kurtosis 0.086 spec_cnn 0.000  (12s)
    JSR   +2.0 dB  BER 1.00e+00  P(det)@0.05 power_one_sided 0.000 power_two_sided 1.000 kurtosis 0.070 spec_cnn 0.000  (12s)
    JSR   +3.0 dB  BER 1.00e+00  P(det)@0.05 power_one_sided 0.000 power_two_sided 1.000 kurtosis 0.061 spec_cnn 0.000  (12s)
    JSR   +4.0 dB  BER 1.00e+00  P(det)@0.05 power_one_sided 0.000 power_two_sided 1.000 kurtosis 0.076 spec_cnn 0.000  (12s)
    JSR   +5.0 dB  BER 1.00e+00  P(det)@0.05 power_one_sided 0.000 power_two_sided 1.000 kurtosis 0.066 spec_cnn 0.000  (13s)
    JSR   +6.0 dB  BER 1.00e+00  P(det)@0.05 power_one_sided 0.000 power_two_sided 1.000 kurtosis 0.082 spec_cnn 0.000  (13s)
    JSR   +7.0 dB  BER 1.00e+00  P(det)@0.05 power_one_sided 0.000 power_two_sided 1.000 kurtosis 0.078 spec_cnn 0.000  (13s)
    JSR   +8.0 dB  BER 1.00e+00  P(det)@0.05 power_one_sided 0.000 power_two_sided 1.000 kurtosis 0.090 spec_cnn 0.000  (13s)
    JSR   +9.0 dB  BER 1.00e+00  P(det)@0.05 power_one_sided 0.000 power_two_sided 1.000 kurtosis 0.078 spec_cnn 0.000  (14s)
    JSR  +10.0 dB  BER 1.00e+00  P(det)@0.05 power_one_sided 0.000 power_two_sided 1.000 kurtosis 0.088 spec_cnn 0.000  (14s)
    JSR  +11.0 dB  BER 1.00e+00  P(det)@0.05 power_one_sided 0.000 power_two_sided 1.000 kurtosis 0.061 spec_cnn 0.000  (14s)
    JSR  +12.0 dB  BER 1.00e+00  P(det)@0.05 power_one_sided 0.000 power_two_sided 1.000 kurtosis 0.066 spec_cnn 0.000  (14s)
    JSR  +13.0 dB  BER 1.00e+00  P(det)@0.05 power_one_sided 0.000 power_two_sided 1.000 kurtosis 0.105 spec_cnn 0.000  (14s)
    JSR  +14.0 dB  BER 1.00e+00  P(det)@0.05 power_one_sided 0.000 power_two_sided 1.000 kurtosis 0.076 spec_cnn 0.000  (15s)
    JSR  +15.0 dB  BER 1.00e+00  P(det)@0.05 power_one_sided 0.000 power_two_sided 1.000 kurtosis 0.074 spec_cnn 0.000  (15s)
  [snr_40] omniscient_e0.1 confirmed: {"power_one_sided": {"0.01": {"index": 51, "sweep_ber": 1.0, "sweep_pdet": 0.0, "confirmed_ber": 1.0, "confirmed_ser": 1.0, "confirmed_pdet": 0.0, "passed": true}, "0.05": {"index": 51, "sweep_ber": 1.0, "sweep_pdet": 0.0, "confirmed_ber": 1.0, "confirmed_ser": 1.0, "confirmed_pdet": 0.0, "passed": true}}, "power_two_sided": {"0.01": {"index": 0, "sweep_ber": 0.0, "sweep_pdet": 0.01171875, "confirmed_ber": 0.0, "confirmed_ser": 0.0, "confirmed_pdet": 0.01171875, "passed": true}, "0.05": {"index": 0, "sweep_ber": 0.0, "sweep_pdet": 0.0546875, "confirmed_ber": 0.0, "confirmed_ser": 0.0, "confirmed_pdet": 0.049560546875, "passed": true}}, "kurtosis": {"0.01": {"index": 52, "sweep_ber": 1.0, "sweep_pdet": 0.017578125, "confirmed_ber": 1.0, "confirmed_ser": 1.0, "confirmed_pdet": 0.021240234375, "passed": false}, "0.05": {"index": 53, "sweep_ber": 1.0, "sweep_pdet": 0.060546875, "confirmed_ber": 1.0, "confirmed_ser": 1.0, "confirmed_pdet": 0.08203125, "passed": false}}, "spec_cnn": {"0.01": {"index": 51, "sweep_ber": 1.0, "sweep_pdet": 0.0, "confirmed_ber": 1.0, "confirmed_ser": 1.0, "confirmed_pdet": 0.0, "passed": true}, "0.05": {"index": 51, "sweep_ber": 1.0, "sweep_pdet": 0.0, "confirmed_ber": 1.0, "confirmed_ser": 1.0, "confirmed_pdet": 0.0, "passed": true}}}  (157s)
  [snr_40] classical omniscient_e1
    JSR  -50.0 dB  BER 0.00e+00  P(det)@0.05 power_one_sided 0.059 power_two_sided 0.049 kurtosis 0.043 spec_cnn 0.033  (0s)
    JSR  -49.0 dB  BER 0.00e+00  P(det)@0.05 power_one_sided 0.072 power_two_sided 0.068 kurtosis 0.057 spec_cnn 0.035  (0s)
    JSR  -48.0 dB  BER 0.00e+00  P(det)@0.05 power_one_sided 0.049 power_two_sided 0.061 kurtosis 0.043 spec_cnn 0.041  (1s)
    JSR  -47.0 dB  BER 0.00e+00  P(det)@0.05 power_one_sided 0.062 power_two_sided 0.053 kurtosis 0.035 spec_cnn 0.041  (1s)
    JSR  -46.0 dB  BER 0.00e+00  P(det)@0.05 power_one_sided 0.053 power_two_sided 0.051 kurtosis 0.045 spec_cnn 0.053  (1s)
    JSR  -45.0 dB  BER 0.00e+00  P(det)@0.05 power_one_sided 0.061 power_two_sided 0.064 kurtosis 0.043 spec_cnn 0.059  (1s)
    JSR  -44.0 dB  BER 0.00e+00  P(det)@0.05 power_one_sided 0.043 power_two_sided 0.031 kurtosis 0.055 spec_cnn 0.064  (2s)
    JSR  -43.0 dB  BER 0.00e+00  P(det)@0.05 power_one_sided 0.055 power_two_sided 0.061 kurtosis 0.057 spec_cnn 0.037  (2s)
    JSR  -42.0 dB  BER 0.00e+00  P(det)@0.05 power_one_sided 0.066 power_two_sided 0.035 kurtosis 0.072 spec_cnn 0.045  (2s)
    JSR  -41.0 dB  BER 0.00e+00  P(det)@0.05 power_one_sided 0.051 power_two_sided 0.041 kurtosis 0.061 spec_cnn 0.049  (2s)
    JSR  -40.0 dB  BER 0.00e+00  P(det)@0.05 power_one_sided 0.053 power_two_sided 0.062 kurtosis 0.053 spec_cnn 0.045  (2s)
    JSR  -39.0 dB  BER 0.00e+00  P(det)@0.05 power_one_sided 0.061 power_two_sided 0.053 kurtosis 0.068 spec_cnn 0.031  (3s)
    JSR  -38.0 dB  BER 0.00e+00  P(det)@0.05 power_one_sided 0.051 power_two_sided 0.049 kurtosis 0.062 spec_cnn 0.037  (3s)
    JSR  -37.0 dB  BER 0.00e+00  P(det)@0.05 power_one_sided 0.041 power_two_sided 0.047 kurtosis 0.064 spec_cnn 0.055  (3s)
    JSR  -36.0 dB  BER 0.00e+00  P(det)@0.05 power_one_sided 0.059 power_two_sided 0.049 kurtosis 0.064 spec_cnn 0.047  (3s)
    JSR  -35.0 dB  BER 0.00e+00  P(det)@0.05 power_one_sided 0.045 power_two_sided 0.049 kurtosis 0.062 spec_cnn 0.047  (4s)
    JSR  -34.0 dB  BER 0.00e+00  P(det)@0.05 power_one_sided 0.041 power_two_sided 0.045 kurtosis 0.025 spec_cnn 0.043  (4s)
    JSR  -33.0 dB  BER 0.00e+00  P(det)@0.05 power_one_sided 0.059 power_two_sided 0.055 kurtosis 0.045 spec_cnn 0.025  (4s)
    JSR  -32.0 dB  BER 0.00e+00  P(det)@0.05 power_one_sided 0.059 power_two_sided 0.051 kurtosis 0.041 spec_cnn 0.055  (4s)
    JSR  -31.0 dB  BER 0.00e+00  P(det)@0.05 power_one_sided 0.043 power_two_sided 0.041 kurtosis 0.051 spec_cnn 0.055  (4s)
    JSR  -30.0 dB  BER 0.00e+00  P(det)@0.05 power_one_sided 0.055 power_two_sided 0.051 kurtosis 0.068 spec_cnn 0.057  (5s)
    JSR  -29.0 dB  BER 0.00e+00  P(det)@0.05 power_one_sided 0.055 power_two_sided 0.049 kurtosis 0.078 spec_cnn 0.047  (5s)
    JSR  -28.0 dB  BER 0.00e+00  P(det)@0.05 power_one_sided 0.062 power_two_sided 0.055 kurtosis 0.039 spec_cnn 0.045  (5s)
    JSR  -27.0 dB  BER 0.00e+00  P(det)@0.05 power_one_sided 0.037 power_two_sided 0.047 kurtosis 0.055 spec_cnn 0.035  (5s)
    JSR  -26.0 dB  BER 0.00e+00  P(det)@0.05 power_one_sided 0.066 power_two_sided 0.047 kurtosis 0.059 spec_cnn 0.047  (6s)
    JSR  -25.0 dB  BER 0.00e+00  P(det)@0.05 power_one_sided 0.055 power_two_sided 0.053 kurtosis 0.041 spec_cnn 0.047  (6s)
    JSR  -24.0 dB  BER 0.00e+00  P(det)@0.05 power_one_sided 0.043 power_two_sided 0.039 kurtosis 0.037 spec_cnn 0.049  (6s)
    JSR  -23.0 dB  BER 0.00e+00  P(det)@0.05 power_one_sided 0.049 power_two_sided 0.035 kurtosis 0.051 spec_cnn 0.053  (6s)
    JSR  -22.0 dB  BER 0.00e+00  P(det)@0.05 power_one_sided 0.061 power_two_sided 0.047 kurtosis 0.059 spec_cnn 0.057  (6s)
    JSR  -21.0 dB  BER 0.00e+00  P(det)@0.05 power_one_sided 0.062 power_two_sided 0.057 kurtosis 0.041 spec_cnn 0.049  (7s)
    JSR  -20.0 dB  BER 0.00e+00  P(det)@0.05 power_one_sided 0.049 power_two_sided 0.055 kurtosis 0.049 spec_cnn 0.041  (7s)
    JSR  -19.0 dB  BER 0.00e+00  P(det)@0.05 power_one_sided 0.031 power_two_sided 0.021 kurtosis 0.037 spec_cnn 0.049  (7s)
    JSR  -18.0 dB  BER 0.00e+00  P(det)@0.05 power_one_sided 0.051 power_two_sided 0.049 kurtosis 0.049 spec_cnn 0.045  (7s)
    JSR  -17.0 dB  BER 0.00e+00  P(det)@0.05 power_one_sided 0.041 power_two_sided 0.047 kurtosis 0.068 spec_cnn 0.033  (8s)
    JSR  -16.0 dB  BER 0.00e+00  P(det)@0.05 power_one_sided 0.055 power_two_sided 0.064 kurtosis 0.049 spec_cnn 0.035  (8s)
    JSR  -15.0 dB  BER 7.81e-03  P(det)@0.05 power_one_sided 0.055 power_two_sided 0.053 kurtosis 0.061 spec_cnn 0.059  (8s)
    JSR  -14.0 dB  BER 7.81e-03  P(det)@0.05 power_one_sided 0.049 power_two_sided 0.053 kurtosis 0.047 spec_cnn 0.047  (8s)
    JSR  -13.0 dB  BER 7.81e-03  P(det)@0.05 power_one_sided 0.041 power_two_sided 0.053 kurtosis 0.061 spec_cnn 0.061  (9s)
    JSR  -12.0 dB  BER 1.56e-02  P(det)@0.05 power_one_sided 0.057 power_two_sided 0.043 kurtosis 0.061 spec_cnn 0.053  (9s)
    JSR  -11.0 dB  BER 1.56e-02  P(det)@0.05 power_one_sided 0.041 power_two_sided 0.043 kurtosis 0.041 spec_cnn 0.059  (9s)
    JSR  -10.0 dB  BER 2.34e-02  P(det)@0.05 power_one_sided 0.051 power_two_sided 0.053 kurtosis 0.072 spec_cnn 0.035  (9s)
    JSR   -9.0 dB  BER 3.12e-02  P(det)@0.05 power_one_sided 0.039 power_two_sided 0.051 kurtosis 0.070 spec_cnn 0.049  (10s)
    JSR   -8.0 dB  BER 3.91e-02  P(det)@0.05 power_one_sided 0.045 power_two_sided 0.047 kurtosis 0.055 spec_cnn 0.037  (10s)
    JSR   -7.0 dB  BER 4.69e-02  P(det)@0.05 power_one_sided 0.053 power_two_sided 0.043 kurtosis 0.055 spec_cnn 0.049  (10s)
    JSR   -6.0 dB  BER 6.25e-02  P(det)@0.05 power_one_sided 0.039 power_two_sided 0.027 kurtosis 0.059 spec_cnn 0.027  (10s)
    JSR   -5.0 dB  BER 7.81e-02  P(det)@0.05 power_one_sided 0.053 power_two_sided 0.049 kurtosis 0.049 spec_cnn 0.053  (10s)
    JSR   -4.0 dB  BER 9.38e-02  P(det)@0.05 power_one_sided 0.070 power_two_sided 0.068 kurtosis 0.064 spec_cnn 0.061  (11s)
    JSR   -3.0 dB  BER 1.25e-01  P(det)@0.05 power_one_sided 0.051 power_two_sided 0.035 kurtosis 0.045 spec_cnn 0.041  (11s)
    JSR   -2.0 dB  BER 1.56e-01  P(det)@0.05 power_one_sided 0.062 power_two_sided 0.061 kurtosis 0.047 spec_cnn 0.045  (11s)
    JSR   -1.0 dB  BER 1.95e-01  P(det)@0.05 power_one_sided 0.049 power_two_sided 0.051 kurtosis 0.053 spec_cnn 0.041  (11s)
    JSR   +0.0 dB  BER 2.50e-01  P(det)@0.05 power_one_sided 0.070 power_two_sided 0.049 kurtosis 0.064 spec_cnn 0.043  (12s)
    JSR   +1.0 dB  BER 3.12e-01  P(det)@0.05 power_one_sided 0.043 power_two_sided 0.041 kurtosis 0.051 spec_cnn 0.049  (12s)
    JSR   +2.0 dB  BER 3.91e-01  P(det)@0.05 power_one_sided 0.061 power_two_sided 0.062 kurtosis 0.055 spec_cnn 0.027  (12s)
    JSR   +3.0 dB  BER 4.92e-01  P(det)@0.05 power_one_sided 0.061 power_two_sided 0.047 kurtosis 0.057 spec_cnn 0.059  (12s)
    JSR   +4.0 dB  BER 6.25e-01  P(det)@0.05 power_one_sided 0.057 power_two_sided 0.041 kurtosis 0.059 spec_cnn 0.045  (12s)
    JSR   +5.0 dB  BER 7.89e-01  P(det)@0.05 power_one_sided 0.043 power_two_sided 0.053 kurtosis 0.053 spec_cnn 0.029  (13s)
    JSR   +6.0 dB  BER 9.92e-01  P(det)@0.05 power_one_sided 0.035 power_two_sided 0.025 kurtosis 0.061 spec_cnn 0.045  (13s)
    JSR   +7.0 dB  BER 1.00e+00  P(det)@0.05 power_one_sided 0.074 power_two_sided 0.057 kurtosis 0.078 spec_cnn 0.068  (13s)
    JSR   +8.0 dB  BER 1.00e+00  P(det)@0.05 power_one_sided 0.049 power_two_sided 0.045 kurtosis 0.061 spec_cnn 0.049  (13s)
    JSR   +9.0 dB  BER 1.00e+00  P(det)@0.05 power_one_sided 0.055 power_two_sided 0.053 kurtosis 0.039 spec_cnn 0.059  (14s)
    JSR  +10.0 dB  BER 1.00e+00  P(det)@0.05 power_one_sided 0.053 power_two_sided 0.037 kurtosis 0.061 spec_cnn 0.062  (14s)
    JSR  +11.0 dB  BER 1.00e+00  P(det)@0.05 power_one_sided 0.045 power_two_sided 0.031 kurtosis 0.072 spec_cnn 0.055  (14s)
    JSR  +12.0 dB  BER 1.00e+00  P(det)@0.05 power_one_sided 0.037 power_two_sided 0.037 kurtosis 0.053 spec_cnn 0.053  (14s)
    JSR  +13.0 dB  BER 1.00e+00  P(det)@0.05 power_one_sided 0.033 power_two_sided 0.035 kurtosis 0.049 spec_cnn 0.033  (14s)
    JSR  +14.0 dB  BER 1.00e+00  P(det)@0.05 power_one_sided 0.049 power_two_sided 0.051 kurtosis 0.076 spec_cnn 0.051  (15s)
    JSR  +15.0 dB  BER 1.00e+00  P(det)@0.05 power_one_sided 0.074 power_two_sided 0.053 kurtosis 0.041 spec_cnn 0.049  (15s)
  [snr_40] omniscient_e1 confirmed: {"power_one_sided": {"0.01": {"index": 57, "sweep_ber": 1.0, "sweep_pdet": 0.015625, "confirmed_ber": 1.0, "confirmed_ser": 1.0, "confirmed_pdet": 0.010986328125, "passed": true}, "0.05": {"index": 58, "sweep_ber": 1.0, "sweep_pdet": 0.048828125, "confirmed_ber": 1.0, "confirmed_ser": 1.0, "confirmed_pdet": 0.053955078125, "passed": true}}, "power_two_sided": {"0.01": {"index": 58, "sweep_ber": 1.0, "sweep_pdet": 0.0078125, "confirmed_ber": 1.0, "confirmed_ser": 1.0, "confirmed_pdet": 0.00927734375, "passed": true}, "0.05": {"index": 57, "sweep_ber": 1.0, "sweep_pdet": 0.056640625, "confirmed_ber": 1.0, "confirmed_ser": 1.0, "confirmed_pdet": 0.0498046875, "passed": true}}, "kurtosis": {"0.01": {"index": 57, "sweep_ber": 1.0, "sweep_pdet": 0.01171875, "confirmed_ber": 1.0, "confirmed_ser": 1.0, "confirmed_pdet": 0.010498046875, "passed": true}, "0.05": {"index": 58, "sweep_ber": 1.0, "sweep_pdet": 0.060546875, "confirmed_ber": 1.0, "confirmed_ser": 1.0, "confirmed_pdet": 0.06103515625, "passed": false}}, "spec_cnn": {"0.01": {"index": 57, "sweep_ber": 1.0, "sweep_pdet": 0.01171875, "confirmed_ber": 1.0, "confirmed_ser": 1.0, "confirmed_pdet": 0.009521484375, "passed": true}, "0.05": {"index": 57, "sweep_ber": 1.0, "sweep_pdet": 0.068359375, "confirmed_ber": 1.0, "confirmed_ser": 1.0, "confirmed_pdet": 0.045166015625, "passed": true}}}  (187s)
  [snr_40] generator plain_run001 (scale 0.4022)
    JSR  -50.0 dB  BER 0.00e+00  P(det)@0.05 power_one_sided 0.102 power_two_sided 0.123 kurtosis 0.062 spec_cnn 0.055  (0s)
    JSR  -49.0 dB  BER 0.00e+00  P(det)@0.05 power_one_sided 0.109 power_two_sided 0.137 kurtosis 0.047 spec_cnn 0.049  (0s)
    JSR  -48.0 dB  BER 0.00e+00  P(det)@0.05 power_one_sided 0.148 power_two_sided 0.172 kurtosis 0.074 spec_cnn 0.066  (1s)
    JSR  -47.0 dB  BER 0.00e+00  P(det)@0.05 power_one_sided 0.146 power_two_sided 0.184 kurtosis 0.051 spec_cnn 0.068  (1s)
    JSR  -46.0 dB  BER 0.00e+00  P(det)@0.05 power_one_sided 0.168 power_two_sided 0.188 kurtosis 0.055 spec_cnn 0.068  (1s)
    JSR  -45.0 dB  BER 0.00e+00  P(det)@0.05 power_one_sided 0.143 power_two_sided 0.238 kurtosis 0.066 spec_cnn 0.072  (1s)
    JSR  -44.0 dB  BER 0.00e+00  P(det)@0.05 power_one_sided 0.217 power_two_sided 0.307 kurtosis 0.059 spec_cnn 0.102  (2s)
    JSR  -43.0 dB  BER 0.00e+00  P(det)@0.05 power_one_sided 0.236 power_two_sided 0.352 kurtosis 0.061 spec_cnn 0.086  (2s)
    JSR  -42.0 dB  BER 0.00e+00  P(det)@0.05 power_one_sided 0.232 power_two_sided 0.369 kurtosis 0.049 spec_cnn 0.139  (2s)
    JSR  -41.0 dB  BER 0.00e+00  P(det)@0.05 power_one_sided 0.279 power_two_sided 0.439 kurtosis 0.055 spec_cnn 0.184  (2s)
    JSR  -40.0 dB  BER 0.00e+00  P(det)@0.05 power_one_sided 0.342 power_two_sided 0.508 kurtosis 0.059 spec_cnn 0.217  (3s)
    JSR  -39.0 dB  BER 0.00e+00  P(det)@0.05 power_one_sided 0.361 power_two_sided 0.535 kurtosis 0.061 spec_cnn 0.262  (3s)
    JSR  -38.0 dB  BER 0.00e+00  P(det)@0.05 power_one_sided 0.336 power_two_sided 0.598 kurtosis 0.045 spec_cnn 0.365  (3s)
    JSR  -37.0 dB  BER 0.00e+00  P(det)@0.05 power_one_sided 0.391 power_two_sided 0.676 kurtosis 0.059 spec_cnn 0.426  (3s)
    JSR  -36.0 dB  BER 0.00e+00  P(det)@0.05 power_one_sided 0.402 power_two_sided 0.648 kurtosis 0.055 spec_cnn 0.525  (3s)
    JSR  -35.0 dB  BER 0.00e+00  P(det)@0.05 power_one_sided 0.480 power_two_sided 0.709 kurtosis 0.057 spec_cnn 0.578  (4s)
    JSR  -34.0 dB  BER 0.00e+00  P(det)@0.05 power_one_sided 0.453 power_two_sided 0.744 kurtosis 0.049 spec_cnn 0.693  (4s)
    JSR  -33.0 dB  BER 0.00e+00  P(det)@0.05 power_one_sided 0.510 power_two_sided 0.779 kurtosis 0.039 spec_cnn 0.766  (4s)
    JSR  -32.0 dB  BER 0.00e+00  P(det)@0.05 power_one_sided 0.541 power_two_sided 0.785 kurtosis 0.057 spec_cnn 0.826  (4s)
    JSR  -31.0 dB  BER 0.00e+00  P(det)@0.05 power_one_sided 0.498 power_two_sided 0.783 kurtosis 0.043 spec_cnn 0.898  (5s)
    JSR  -30.0 dB  BER 0.00e+00  P(det)@0.05 power_one_sided 0.539 power_two_sided 0.807 kurtosis 0.039 spec_cnn 0.920  (5s)
    JSR  -29.0 dB  BER 0.00e+00  P(det)@0.05 power_one_sided 0.590 power_two_sided 0.822 kurtosis 0.043 spec_cnn 0.947  (5s)
    JSR  -28.0 dB  BER 0.00e+00  P(det)@0.05 power_one_sided 0.598 power_two_sided 0.855 kurtosis 0.070 spec_cnn 0.959  (5s)
    JSR  -27.0 dB  BER 0.00e+00  P(det)@0.05 power_one_sided 0.607 power_two_sided 0.859 kurtosis 0.051 spec_cnn 0.984  (6s)
    JSR  -26.0 dB  BER 0.00e+00  P(det)@0.05 power_one_sided 0.695 power_two_sided 0.904 kurtosis 0.055 spec_cnn 0.990  (6s)
    JSR  -25.0 dB  BER 0.00e+00  P(det)@0.05 power_one_sided 0.660 power_two_sided 0.885 kurtosis 0.066 spec_cnn 0.990  (6s)
    JSR  -24.0 dB  BER 0.00e+00  P(det)@0.05 power_one_sided 0.689 power_two_sided 0.928 kurtosis 0.055 spec_cnn 0.998  (6s)
    JSR  -23.0 dB  BER 0.00e+00  P(det)@0.05 power_one_sided 0.803 power_two_sided 0.959 kurtosis 0.051 spec_cnn 1.000  (7s)
    JSR  -22.0 dB  BER 0.00e+00  P(det)@0.05 power_one_sided 0.779 power_two_sided 0.945 kurtosis 0.057 spec_cnn 1.000  (7s)
    JSR  -21.0 dB  BER 0.00e+00  P(det)@0.05 power_one_sided 0.816 power_two_sided 0.965 kurtosis 0.078 spec_cnn 1.000  (7s)
    JSR  -20.0 dB  BER 0.00e+00  P(det)@0.05 power_one_sided 0.869 power_two_sided 0.975 kurtosis 0.092 spec_cnn 1.000  (7s)
    JSR  -19.0 dB  BER 0.00e+00  P(det)@0.05 power_one_sided 0.889 power_two_sided 0.982 kurtosis 0.100 spec_cnn 1.000  (8s)
    JSR  -18.0 dB  BER 0.00e+00  P(det)@0.05 power_one_sided 0.891 power_two_sided 0.975 kurtosis 0.127 spec_cnn 1.000  (8s)
    JSR  -17.0 dB  BER 0.00e+00  P(det)@0.05 power_one_sided 0.932 power_two_sided 0.982 kurtosis 0.172 spec_cnn 1.000  (8s)
    JSR  -16.0 dB  BER 0.00e+00  P(det)@0.05 power_one_sided 0.945 power_two_sided 0.992 kurtosis 0.197 spec_cnn 1.000  (8s)
    JSR  -15.0 dB  BER 0.00e+00  P(det)@0.05 power_one_sided 0.973 power_two_sided 0.994 kurtosis 0.281 spec_cnn 1.000  (8s)
    JSR  -14.0 dB  BER 0.00e+00  P(det)@0.05 power_one_sided 0.990 power_two_sided 0.996 kurtosis 0.443 spec_cnn 1.000  (9s)
    JSR  -13.0 dB  BER 0.00e+00  P(det)@0.05 power_one_sided 0.990 power_two_sided 1.000 kurtosis 0.541 spec_cnn 1.000  (9s)
    JSR  -12.0 dB  BER 0.00e+00  P(det)@0.05 power_one_sided 1.000 power_two_sided 1.000 kurtosis 0.732 spec_cnn 1.000  (9s)
    JSR  -11.0 dB  BER 7.63e-06  P(det)@0.05 power_one_sided 0.998 power_two_sided 1.000 kurtosis 0.857 spec_cnn 1.000  (9s)
    JSR  -10.0 dB  BER 0.00e+00  P(det)@0.05 power_one_sided 1.000 power_two_sided 1.000 kurtosis 0.930 spec_cnn 1.000  (10s)
    JSR   -9.0 dB  BER 6.10e-05  P(det)@0.05 power_one_sided 1.000 power_two_sided 1.000 kurtosis 0.977 spec_cnn 1.000  (10s)
    JSR   -8.0 dB  BER 4.35e-04  P(det)@0.05 power_one_sided 1.000 power_two_sided 1.000 kurtosis 0.986 spec_cnn 1.000  (10s)
    JSR   -7.0 dB  BER 1.52e-03  P(det)@0.05 power_one_sided 1.000 power_two_sided 1.000 kurtosis 0.998 spec_cnn 1.000  (10s)
    JSR   -6.0 dB  BER 5.23e-03  P(det)@0.05 power_one_sided 1.000 power_two_sided 1.000 kurtosis 1.000 spec_cnn 1.000  (11s)
    JSR   -5.0 dB  BER 1.45e-02  P(det)@0.05 power_one_sided 1.000 power_two_sided 1.000 kurtosis 1.000 spec_cnn 1.000  (11s)
    JSR   -4.0 dB  BER 3.15e-02  P(det)@0.05 power_one_sided 1.000 power_two_sided 1.000 kurtosis 1.000 spec_cnn 1.000  (11s)
    JSR   -3.0 dB  BER 5.84e-02  P(det)@0.05 power_one_sided 1.000 power_two_sided 1.000 kurtosis 1.000 spec_cnn 1.000  (11s)
    JSR   -2.0 dB  BER 8.98e-02  P(det)@0.05 power_one_sided 1.000 power_two_sided 1.000 kurtosis 1.000 spec_cnn 1.000  (12s)
    JSR   -1.0 dB  BER 1.24e-01  P(det)@0.05 power_one_sided 1.000 power_two_sided 1.000 kurtosis 1.000 spec_cnn 1.000  (12s)
    JSR   +0.0 dB  BER 1.61e-01  P(det)@0.05 power_one_sided 1.000 power_two_sided 1.000 kurtosis 1.000 spec_cnn 1.000  (12s)
    JSR   +1.0 dB  BER 1.87e-01  P(det)@0.05 power_one_sided 1.000 power_two_sided 1.000 kurtosis 1.000 spec_cnn 1.000  (12s)
    JSR   +2.0 dB  BER 2.23e-01  P(det)@0.05 power_one_sided 1.000 power_two_sided 1.000 kurtosis 1.000 spec_cnn 1.000  (12s)
    JSR   +3.0 dB  BER 2.49e-01  P(det)@0.05 power_one_sided 1.000 power_two_sided 1.000 kurtosis 1.000 spec_cnn 1.000  (13s)
    JSR   +4.0 dB  BER 2.74e-01  P(det)@0.05 power_one_sided 1.000 power_two_sided 1.000 kurtosis 1.000 spec_cnn 1.000  (13s)
    JSR   +5.0 dB  BER 2.96e-01  P(det)@0.05 power_one_sided 1.000 power_two_sided 1.000 kurtosis 0.990 spec_cnn 1.000  (13s)
    JSR   +6.0 dB  BER 3.16e-01  P(det)@0.05 power_one_sided 1.000 power_two_sided 1.000 kurtosis 0.979 spec_cnn 1.000  (13s)
    JSR   +7.0 dB  BER 3.35e-01  P(det)@0.05 power_one_sided 1.000 power_two_sided 1.000 kurtosis 0.949 spec_cnn 1.000  (14s)
    JSR   +8.0 dB  BER 3.53e-01  P(det)@0.05 power_one_sided 1.000 power_two_sided 1.000 kurtosis 0.881 spec_cnn 1.000  (14s)
    JSR   +9.0 dB  BER 3.70e-01  P(det)@0.05 power_one_sided 1.000 power_two_sided 1.000 kurtosis 0.822 spec_cnn 1.000  (14s)
    JSR  +10.0 dB  BER 3.80e-01  P(det)@0.05 power_one_sided 1.000 power_two_sided 1.000 kurtosis 0.771 spec_cnn 1.000  (14s)
    JSR  +11.0 dB  BER 3.95e-01  P(det)@0.05 power_one_sided 1.000 power_two_sided 1.000 kurtosis 0.725 spec_cnn 1.000  (15s)
    JSR  +12.0 dB  BER 4.06e-01  P(det)@0.05 power_one_sided 1.000 power_two_sided 1.000 kurtosis 0.678 spec_cnn 1.000  (15s)
    JSR  +13.0 dB  BER 4.17e-01  P(det)@0.05 power_one_sided 1.000 power_two_sided 1.000 kurtosis 0.648 spec_cnn 1.000  (15s)
    JSR  +14.0 dB  BER 4.27e-01  P(det)@0.05 power_one_sided 1.000 power_two_sided 1.000 kurtosis 0.613 spec_cnn 1.000  (15s)
    JSR  +15.0 dB  BER 4.32e-01  P(det)@0.05 power_one_sided 1.000 power_two_sided 1.000 kurtosis 0.611 spec_cnn 1.000  (16s)
  [snr_40] plain_run001 confirmed: {"power_one_sided": {"0.01": null, "0.05": null}, "power_two_sided": {"0.01": null, "0.05": null}, "kurtosis": {"0.01": {"index": 0, "sweep_ber": 0.0, "sweep_pdet": 0.01171875, "confirmed_ber": 0.0, "confirmed_ser": 0.0, "confirmed_pdet": 0.0078125, "passed": true}, "0.05": {"index": 0, "sweep_ber": 0.0, "sweep_pdet": 0.0625, "confirmed_ber": 0.0, "confirmed_ser": 0.0, "confirmed_pdet": 0.0498046875, "passed": true}}, "spec_cnn": {"0.01": {"index": 0, "sweep_ber": 0.0, "sweep_pdet": 0.00390625, "confirmed_ber": 0.0, "confirmed_ser": 0.0, "confirmed_pdet": 0.007568359375, "passed": true}, "0.05": {"index": 0, "sweep_ber": 0.0, "sweep_pdet": 0.0546875, "confirmed_ber": 0.0, "confirmed_ser": 0.0, "confirmed_pdet": 0.051025390625, "passed": true}}}  (210s)
  [snr_40] generator eff (scale 1.0000)
  JSR  -50.0 dB  BER 0.00e+00  P(det)@0.05 power_one_sided 0.062 power_two_sided 0.076 kurtosis 0.043 spec_cnn 0.074  (0s)
  JSR  -49.0 dB  BER 0.00e+00  P(det)@0.05 power_one_sided 0.113 power_two_sided 0.119 kurtosis 0.043 spec_cnn 0.076  (0s)
  JSR  -48.0 dB  BER 0.00e+00  P(det)@0.05 power_one_sided 0.137 power_two_sided 0.164 kurtosis 0.059 spec_cnn 0.086  (1s)
  JSR  -47.0 dB  BER 0.00e+00  P(det)@0.05 power_one_sided 0.172 power_two_sided 0.178 kurtosis 0.059 spec_cnn 0.086  (1s)
  JSR  -46.0 dB  BER 0.00e+00  P(det)@0.05 power_one_sided 0.127 power_two_sided 0.168 kurtosis 0.045 spec_cnn 0.076  (1s)
  JSR  -45.0 dB  BER 0.00e+00  P(det)@0.05 power_one_sided 0.172 power_two_sided 0.221 kurtosis 0.041 spec_cnn 0.092  (1s)
  JSR  -44.0 dB  BER 0.00e+00  P(det)@0.05 power_one_sided 0.184 power_two_sided 0.260 kurtosis 0.057 spec_cnn 0.119  (2s)
  JSR  -43.0 dB  BER 0.00e+00  P(det)@0.05 power_one_sided 0.223 power_two_sided 0.273 kurtosis 0.045 spec_cnn 0.080  (2s)
  JSR  -42.0 dB  BER 0.00e+00  P(det)@0.05 power_one_sided 0.252 power_two_sided 0.320 kurtosis 0.061 spec_cnn 0.111  (2s)
  JSR  -41.0 dB  BER 0.00e+00  P(det)@0.05 power_one_sided 0.297 power_two_sided 0.387 kurtosis 0.061 spec_cnn 0.131  (2s)
  JSR  -40.0 dB  BER 0.00e+00  P(det)@0.05 power_one_sided 0.324 power_two_sided 0.459 kurtosis 0.043 spec_cnn 0.127  (3s)
  JSR  -39.0 dB  BER 0.00e+00  P(det)@0.05 power_one_sided 0.369 power_two_sided 0.475 kurtosis 0.059 spec_cnn 0.160  (3s)
  JSR  -38.0 dB  BER 0.00e+00  P(det)@0.05 power_one_sided 0.383 power_two_sided 0.541 kurtosis 0.051 spec_cnn 0.172  (3s)
  JSR  -37.0 dB  BER 0.00e+00  P(det)@0.05 power_one_sided 0.422 power_two_sided 0.596 kurtosis 0.045 spec_cnn 0.205  (3s)
  JSR  -36.0 dB  BER 0.00e+00  P(det)@0.05 power_one_sided 0.422 power_two_sided 0.604 kurtosis 0.049 spec_cnn 0.264  (3s)
  JSR  -35.0 dB  BER 0.00e+00  P(det)@0.05 power_one_sided 0.422 power_two_sided 0.621 kurtosis 0.055 spec_cnn 0.270  (4s)
  JSR  -34.0 dB  BER 0.00e+00  P(det)@0.05 power_one_sided 0.492 power_two_sided 0.688 kurtosis 0.057 spec_cnn 0.320  (4s)
  JSR  -33.0 dB  BER 0.00e+00  P(det)@0.05 power_one_sided 0.518 power_two_sided 0.732 kurtosis 0.055 spec_cnn 0.439  (4s)
  JSR  -32.0 dB  BER 0.00e+00  P(det)@0.05 power_one_sided 0.541 power_two_sided 0.758 kurtosis 0.053 spec_cnn 0.502  (4s)
  JSR  -31.0 dB  BER 0.00e+00  P(det)@0.05 power_one_sided 0.568 power_two_sided 0.791 kurtosis 0.049 spec_cnn 0.537  (5s)
  JSR  -30.0 dB  BER 0.00e+00  P(det)@0.05 power_one_sided 0.613 power_two_sided 0.797 kurtosis 0.035 spec_cnn 0.650  (5s)
  JSR  -29.0 dB  BER 0.00e+00  P(det)@0.05 power_one_sided 0.654 power_two_sided 0.840 kurtosis 0.045 spec_cnn 0.744  (5s)
  JSR  -28.0 dB  BER 0.00e+00  P(det)@0.05 power_one_sided 0.676 power_two_sided 0.848 kurtosis 0.035 spec_cnn 0.816  (5s)
  JSR  -27.0 dB  BER 0.00e+00  P(det)@0.05 power_one_sided 0.705 power_two_sided 0.861 kurtosis 0.053 spec_cnn 0.910  (6s)
  JSR  -26.0 dB  BER 0.00e+00  P(det)@0.05 power_one_sided 0.760 power_two_sided 0.900 kurtosis 0.041 spec_cnn 0.975  (6s)
  JSR  -25.0 dB  BER 0.00e+00  P(det)@0.05 power_one_sided 0.807 power_two_sided 0.914 kurtosis 0.037 spec_cnn 0.988  (6s)
  JSR  -24.0 dB  BER 0.00e+00  P(det)@0.05 power_one_sided 0.846 power_two_sided 0.918 kurtosis 0.066 spec_cnn 1.000  (6s)
  JSR  -23.0 dB  BER 0.00e+00  P(det)@0.05 power_one_sided 0.875 power_two_sided 0.928 kurtosis 0.068 spec_cnn 1.000  (7s)
  JSR  -22.0 dB  BER 0.00e+00  P(det)@0.05 power_one_sided 0.918 power_two_sided 0.955 kurtosis 0.061 spec_cnn 1.000  (7s)
  JSR  -21.0 dB  BER 6.87e-05  P(det)@0.05 power_one_sided 0.961 power_two_sided 0.975 kurtosis 0.076 spec_cnn 1.000  (7s)
  JSR  -20.0 dB  BER 5.80e-04  P(det)@0.05 power_one_sided 0.988 power_two_sided 0.990 kurtosis 0.066 spec_cnn 1.000  (7s)
  JSR  -19.0 dB  BER 9.46e-04  P(det)@0.05 power_one_sided 0.984 power_two_sided 0.984 kurtosis 0.104 spec_cnn 1.000  (7s)
  JSR  -18.0 dB  BER 1.40e-03  P(det)@0.05 power_one_sided 1.000 power_two_sided 1.000 kurtosis 0.166 spec_cnn 1.000  (8s)
  JSR  -17.0 dB  BER 1.85e-03  P(det)@0.05 power_one_sided 0.998 power_two_sided 0.998 kurtosis 0.211 spec_cnn 1.000  (8s)
  JSR  -16.0 dB  BER 2.28e-03  P(det)@0.05 power_one_sided 1.000 power_two_sided 1.000 kurtosis 0.289 spec_cnn 1.000  (8s)
  JSR  -15.0 dB  BER 2.55e-03  P(det)@0.05 power_one_sided 1.000 power_two_sided 1.000 kurtosis 0.424 spec_cnn 1.000  (8s)
  JSR  -14.0 dB  BER 2.70e-03  P(det)@0.05 power_one_sided 1.000 power_two_sided 1.000 kurtosis 0.545 spec_cnn 1.000  (9s)
  JSR  -13.0 dB  BER 3.35e-03  P(det)@0.05 power_one_sided 1.000 power_two_sided 1.000 kurtosis 0.652 spec_cnn 1.000  (9s)
  JSR  -12.0 dB  BER 3.57e-03  P(det)@0.05 power_one_sided 1.000 power_two_sided 1.000 kurtosis 0.824 spec_cnn 1.000  (9s)
  JSR  -11.0 dB  BER 4.04e-03  P(det)@0.05 power_one_sided 1.000 power_two_sided 1.000 kurtosis 0.980 spec_cnn 1.000  (9s)
  JSR  -10.0 dB  BER 4.23e-03  P(det)@0.05 power_one_sided 1.000 power_two_sided 1.000 kurtosis 0.998 spec_cnn 1.000  (10s)
  JSR   -9.0 dB  BER 4.44e-03  P(det)@0.05 power_one_sided 1.000 power_two_sided 1.000 kurtosis 1.000 spec_cnn 1.000  (10s)
  JSR   -8.0 dB  BER 4.66e-03  P(det)@0.05 power_one_sided 1.000 power_two_sided 1.000 kurtosis 1.000 spec_cnn 1.000  (10s)
  JSR   -7.0 dB  BER 4.93e-03  P(det)@0.05 power_one_sided 1.000 power_two_sided 1.000 kurtosis 1.000 spec_cnn 1.000  (10s)
  JSR   -6.0 dB  BER 5.65e-03  P(det)@0.05 power_one_sided 1.000 power_two_sided 1.000 kurtosis 1.000 spec_cnn 1.000  (11s)
  JSR   -5.0 dB  BER 6.07e-03  P(det)@0.05 power_one_sided 1.000 power_two_sided 1.000 kurtosis 1.000 spec_cnn 1.000  (11s)
  JSR   -4.0 dB  BER 7.31e-03  P(det)@0.05 power_one_sided 1.000 power_two_sided 1.000 kurtosis 1.000 spec_cnn 1.000  (11s)
  JSR   -3.0 dB  BER 7.32e-03  P(det)@0.05 power_one_sided 1.000 power_two_sided 1.000 kurtosis 1.000 spec_cnn 1.000  (11s)
  JSR   -2.0 dB  BER 7.99e-03  P(det)@0.05 power_one_sided 1.000 power_two_sided 1.000 kurtosis 1.000 spec_cnn 1.000  (12s)
  JSR   -1.0 dB  BER 8.93e-03  P(det)@0.05 power_one_sided 1.000 power_two_sided 1.000 kurtosis 1.000 spec_cnn 1.000  (12s)
  JSR   +0.0 dB  BER 9.40e-03  P(det)@0.05 power_one_sided 1.000 power_two_sided 1.000 kurtosis 1.000 spec_cnn 1.000  (12s)
  JSR   +1.0 dB  BER 1.04e-02  P(det)@0.05 power_one_sided 1.000 power_two_sided 1.000 kurtosis 1.000 spec_cnn 1.000  (12s)
  JSR   +2.0 dB  BER 1.13e-02  P(det)@0.05 power_one_sided 1.000 power_two_sided 1.000 kurtosis 1.000 spec_cnn 1.000  (12s)
  JSR   +3.0 dB  BER 1.33e-02  P(det)@0.05 power_one_sided 1.000 power_two_sided 1.000 kurtosis 1.000 spec_cnn 1.000  (13s)
  JSR   +4.0 dB  BER 1.66e-02  P(det)@0.05 power_one_sided 1.000 power_two_sided 1.000 kurtosis 1.000 spec_cnn 1.000  (13s)
  JSR   +5.0 dB  BER 2.00e-02  P(det)@0.05 power_one_sided 1.000 power_two_sided 1.000 kurtosis 1.000 spec_cnn 1.000  (13s)
  JSR   +6.0 dB  BER 2.89e-02  P(det)@0.05 power_one_sided 1.000 power_two_sided 1.000 kurtosis 1.000 spec_cnn 1.000  (13s)
  JSR   +7.0 dB  BER 3.96e-02  P(det)@0.05 power_one_sided 1.000 power_two_sided 1.000 kurtosis 1.000 spec_cnn 1.000  (14s)
  JSR   +8.0 dB  BER 5.28e-02  P(det)@0.05 power_one_sided 1.000 power_two_sided 1.000 kurtosis 1.000 spec_cnn 1.000  (14s)
  JSR   +9.0 dB  BER 6.98e-02  P(det)@0.05 power_one_sided 1.000 power_two_sided 1.000 kurtosis 1.000 spec_cnn 1.000  (14s)
  JSR  +10.0 dB  BER 8.98e-02  P(det)@0.05 power_one_sided 1.000 power_two_sided 1.000 kurtosis 1.000 spec_cnn 1.000  (14s)
  JSR  +11.0 dB  BER 1.12e-01  P(det)@0.05 power_one_sided 1.000 power_two_sided 1.000 kurtosis 1.000 spec_cnn 1.000  (15s)
  JSR  +12.0 dB  BER 1.37e-01  P(det)@0.05 power_one_sided 1.000 power_two_sided 1.000 kurtosis 1.000 spec_cnn 1.000  (15s)
  JSR  +13.0 dB  BER 1.67e-01  P(det)@0.05 power_one_sided 1.000 power_two_sided 1.000 kurtosis 1.000 spec_cnn 1.000  (15s)
  JSR  +14.0 dB  BER 1.91e-01  P(det)@0.05 power_one_sided 1.000 power_two_sided 1.000 kurtosis 1.000 spec_cnn 0.984  (15s)
  JSR  +15.0 dB  BER 2.19e-01  P(det)@0.05 power_one_sided 1.000 power_two_sided 1.000 kurtosis 1.000 spec_cnn 0.900  (16s)
  [snr_40] eff confirmed: {"power_one_sided": {"0.01": {"index": 0, "sweep_ber": 0.0, "sweep_pdet": 0.015625, "confirmed_ber": 0.0, "confirmed_ser": 0.0, "confirmed_pdet": 0.0322265625, "passed": false}, "0.05": {"index": 0, "sweep_ber": 0.0, "sweep_pdet": 0.0625, "confirmed_ber": 0.0, "confirmed_ser": 0.0, "confirmed_pdet": 0.09619140625, "passed": false}}, "power_two_sided": {"0.01": {"index": 0, "sweep_ber": 0.0, "sweep_pdet": 0.013671875, "confirmed_ber": 0.0, "confirmed_ser": 0.0, "confirmed_pdet": 0.025390625, "passed": false}, "0.05": null}, "kurtosis": {"0.01": {"index": 29, "sweep_ber": 6.866455078125e-05, "sweep_pdet": 0.015625, "confirmed_ber": 0.0001163482666015625, "confirmed_ser": 0.000232696533203125, "confirmed_pdet": 0.014892578125, "passed": false}, "0.05": {"index": 30, "sweep_ber": 0.000579833984375, "sweep_pdet": 0.06640625, "confirmed_ber": 0.0005464553833007812, "confirmed_ser": 0.0010929107666015625, "confirmed_pdet": 0.08349609375, "passed": false}}, "spec_cnn": {"0.01": {"index": 65, "sweep_ber": 0.21893310546875, "sweep_pdet": 0.0, "confirmed_ber": 0.21855640411376953, "confirmed_ser": 0.38658714294433594, "confirmed_pdet": 0.0, "passed": true}, "0.05": null}}  (237s)
  [snr_40] generator power_one_sided_b1 (scale 1.0000)
  JSR  -50.0 dB  BER 0.00e+00  P(det)@0.05 power_one_sided 0.051 power_two_sided 0.076 kurtosis 0.059 spec_cnn 0.061  (0s)
  JSR  -49.0 dB  BER 0.00e+00  P(det)@0.05 power_one_sided 0.076 power_two_sided 0.090 kurtosis 0.039 spec_cnn 0.059  (0s)
  JSR  -48.0 dB  BER 0.00e+00  P(det)@0.05 power_one_sided 0.129 power_two_sided 0.111 kurtosis 0.051 spec_cnn 0.062  (1s)
  JSR  -47.0 dB  BER 0.00e+00  P(det)@0.05 power_one_sided 0.102 power_two_sided 0.139 kurtosis 0.049 spec_cnn 0.047  (1s)
  JSR  -46.0 dB  BER 0.00e+00  P(det)@0.05 power_one_sided 0.105 power_two_sided 0.158 kurtosis 0.039 spec_cnn 0.053  (1s)
  JSR  -45.0 dB  BER 0.00e+00  P(det)@0.05 power_one_sided 0.127 power_two_sided 0.178 kurtosis 0.055 spec_cnn 0.088  (1s)
  JSR  -44.0 dB  BER 0.00e+00  P(det)@0.05 power_one_sided 0.146 power_two_sided 0.217 kurtosis 0.055 spec_cnn 0.086  (2s)
  JSR  -43.0 dB  BER 0.00e+00  P(det)@0.05 power_one_sided 0.172 power_two_sided 0.217 kurtosis 0.055 spec_cnn 0.082  (2s)
  JSR  -42.0 dB  BER 0.00e+00  P(det)@0.05 power_one_sided 0.232 power_two_sided 0.285 kurtosis 0.055 spec_cnn 0.092  (2s)
  JSR  -41.0 dB  BER 0.00e+00  P(det)@0.05 power_one_sided 0.238 power_two_sided 0.324 kurtosis 0.053 spec_cnn 0.115  (2s)
  JSR  -40.0 dB  BER 0.00e+00  P(det)@0.05 power_one_sided 0.271 power_two_sided 0.340 kurtosis 0.051 spec_cnn 0.098  (3s)
  JSR  -39.0 dB  BER 0.00e+00  P(det)@0.05 power_one_sided 0.322 power_two_sided 0.422 kurtosis 0.043 spec_cnn 0.115  (3s)
  JSR  -38.0 dB  BER 0.00e+00  P(det)@0.05 power_one_sided 0.332 power_two_sided 0.443 kurtosis 0.055 spec_cnn 0.160  (3s)
  JSR  -37.0 dB  BER 0.00e+00  P(det)@0.05 power_one_sided 0.363 power_two_sided 0.510 kurtosis 0.061 spec_cnn 0.193  (3s)
  JSR  -36.0 dB  BER 0.00e+00  P(det)@0.05 power_one_sided 0.377 power_two_sided 0.557 kurtosis 0.047 spec_cnn 0.195  (3s)
  JSR  -35.0 dB  BER 0.00e+00  P(det)@0.05 power_one_sided 0.400 power_two_sided 0.609 kurtosis 0.051 spec_cnn 0.305  (4s)
  JSR  -34.0 dB  BER 0.00e+00  P(det)@0.05 power_one_sided 0.473 power_two_sided 0.678 kurtosis 0.062 spec_cnn 0.340  (4s)
  JSR  -33.0 dB  BER 0.00e+00  P(det)@0.05 power_one_sided 0.461 power_two_sided 0.703 kurtosis 0.047 spec_cnn 0.373  (4s)
  JSR  -32.0 dB  BER 0.00e+00  P(det)@0.05 power_one_sided 0.496 power_two_sided 0.713 kurtosis 0.055 spec_cnn 0.494  (4s)
  JSR  -31.0 dB  BER 0.00e+00  P(det)@0.05 power_one_sided 0.547 power_two_sided 0.746 kurtosis 0.057 spec_cnn 0.572  (5s)
  JSR  -30.0 dB  BER 0.00e+00  P(det)@0.05 power_one_sided 0.582 power_two_sided 0.812 kurtosis 0.068 spec_cnn 0.650  (5s)
  JSR  -29.0 dB  BER 0.00e+00  P(det)@0.05 power_one_sided 0.629 power_two_sided 0.816 kurtosis 0.045 spec_cnn 0.803  (5s)
  JSR  -28.0 dB  BER 0.00e+00  P(det)@0.05 power_one_sided 0.627 power_two_sided 0.824 kurtosis 0.064 spec_cnn 0.869  (5s)
  JSR  -27.0 dB  BER 0.00e+00  P(det)@0.05 power_one_sided 0.666 power_two_sided 0.824 kurtosis 0.059 spec_cnn 0.947  (6s)
  JSR  -26.0 dB  BER 0.00e+00  P(det)@0.05 power_one_sided 0.734 power_two_sided 0.898 kurtosis 0.057 spec_cnn 0.977  (6s)
  JSR  -25.0 dB  BER 0.00e+00  P(det)@0.05 power_one_sided 0.732 power_two_sided 0.889 kurtosis 0.074 spec_cnn 0.992  (6s)
  JSR  -24.0 dB  BER 0.00e+00  P(det)@0.05 power_one_sided 0.742 power_two_sided 0.873 kurtosis 0.059 spec_cnn 0.998  (6s)
  JSR  -23.0 dB  BER 0.00e+00  P(det)@0.05 power_one_sided 0.799 power_two_sided 0.916 kurtosis 0.064 spec_cnn 1.000  (7s)
  JSR  -22.0 dB  BER 0.00e+00  P(det)@0.05 power_one_sided 0.865 power_two_sided 0.949 kurtosis 0.088 spec_cnn 1.000  (7s)
  JSR  -21.0 dB  BER 7.63e-06  P(det)@0.05 power_one_sided 0.863 power_two_sided 0.953 kurtosis 0.080 spec_cnn 1.000  (7s)
  JSR  -20.0 dB  BER 3.05e-05  P(det)@0.05 power_one_sided 0.932 power_two_sided 0.971 kurtosis 0.105 spec_cnn 1.000  (7s)
  JSR  -19.0 dB  BER 1.91e-04  P(det)@0.05 power_one_sided 0.955 power_two_sided 0.982 kurtosis 0.154 spec_cnn 1.000  (8s)
  JSR  -18.0 dB  BER 4.73e-04  P(det)@0.05 power_one_sided 0.979 power_two_sided 0.996 kurtosis 0.170 spec_cnn 1.000  (8s)
  JSR  -17.0 dB  BER 9.54e-04  P(det)@0.05 power_one_sided 0.986 power_two_sided 0.988 kurtosis 0.273 spec_cnn 1.000  (8s)
  JSR  -16.0 dB  BER 1.36e-03  P(det)@0.05 power_one_sided 0.996 power_two_sided 0.996 kurtosis 0.336 spec_cnn 1.000  (8s)
  JSR  -15.0 dB  BER 1.73e-03  P(det)@0.05 power_one_sided 0.996 power_two_sided 0.996 kurtosis 0.455 spec_cnn 1.000  (8s)
  JSR  -14.0 dB  BER 2.12e-03  P(det)@0.05 power_one_sided 1.000 power_two_sided 1.000 kurtosis 0.607 spec_cnn 1.000  (9s)
  JSR  -13.0 dB  BER 2.57e-03  P(det)@0.05 power_one_sided 1.000 power_two_sided 1.000 kurtosis 0.730 spec_cnn 1.000  (9s)
  JSR  -12.0 dB  BER 3.11e-03  P(det)@0.05 power_one_sided 1.000 power_two_sided 1.000 kurtosis 0.797 spec_cnn 1.000  (9s)
  JSR  -11.0 dB  BER 3.49e-03  P(det)@0.05 power_one_sided 1.000 power_two_sided 1.000 kurtosis 0.889 spec_cnn 1.000  (9s)
  JSR  -10.0 dB  BER 4.03e-03  P(det)@0.05 power_one_sided 1.000 power_two_sided 1.000 kurtosis 0.947 spec_cnn 1.000  (10s)
  JSR   -9.0 dB  BER 4.49e-03  P(det)@0.05 power_one_sided 1.000 power_two_sided 1.000 kurtosis 0.988 spec_cnn 1.000  (10s)
  JSR   -8.0 dB  BER 5.23e-03  P(det)@0.05 power_one_sided 1.000 power_two_sided 1.000 kurtosis 0.996 spec_cnn 1.000  (10s)
  JSR   -7.0 dB  BER 5.42e-03  P(det)@0.05 power_one_sided 1.000 power_two_sided 1.000 kurtosis 1.000 spec_cnn 1.000  (10s)
  JSR   -6.0 dB  BER 6.26e-03  P(det)@0.05 power_one_sided 1.000 power_two_sided 1.000 kurtosis 1.000 spec_cnn 1.000  (11s)
  JSR   -5.0 dB  BER 6.84e-03  P(det)@0.05 power_one_sided 1.000 power_two_sided 1.000 kurtosis 1.000 spec_cnn 1.000  (11s)
  JSR   -4.0 dB  BER 7.48e-03  P(det)@0.05 power_one_sided 1.000 power_two_sided 1.000 kurtosis 1.000 spec_cnn 1.000  (11s)
  JSR   -3.0 dB  BER 8.14e-03  P(det)@0.05 power_one_sided 1.000 power_two_sided 1.000 kurtosis 1.000 spec_cnn 1.000  (11s)
  JSR   -2.0 dB  BER 8.98e-03  P(det)@0.05 power_one_sided 1.000 power_two_sided 1.000 kurtosis 1.000 spec_cnn 1.000  (11s)
  JSR   -1.0 dB  BER 9.94e-03  P(det)@0.05 power_one_sided 1.000 power_two_sided 1.000 kurtosis 1.000 spec_cnn 1.000  (12s)
  JSR   +0.0 dB  BER 1.15e-02  P(det)@0.05 power_one_sided 1.000 power_two_sided 1.000 kurtosis 1.000 spec_cnn 1.000  (12s)
  JSR   +1.0 dB  BER 1.30e-02  P(det)@0.05 power_one_sided 1.000 power_two_sided 1.000 kurtosis 1.000 spec_cnn 1.000  (12s)
  JSR   +2.0 dB  BER 1.61e-02  P(det)@0.05 power_one_sided 1.000 power_two_sided 1.000 kurtosis 1.000 spec_cnn 1.000  (12s)
  JSR   +3.0 dB  BER 2.02e-02  P(det)@0.05 power_one_sided 1.000 power_two_sided 1.000 kurtosis 1.000 spec_cnn 1.000  (13s)
  JSR   +4.0 dB  BER 2.49e-02  P(det)@0.05 power_one_sided 1.000 power_two_sided 1.000 kurtosis 1.000 spec_cnn 1.000  (13s)
  JSR   +5.0 dB  BER 3.48e-02  P(det)@0.05 power_one_sided 1.000 power_two_sided 1.000 kurtosis 1.000 spec_cnn 1.000  (13s)
  JSR   +6.0 dB  BER 4.55e-02  P(det)@0.05 power_one_sided 1.000 power_two_sided 1.000 kurtosis 1.000 spec_cnn 1.000  (13s)
  JSR   +7.0 dB  BER 6.06e-02  P(det)@0.05 power_one_sided 1.000 power_two_sided 1.000 kurtosis 1.000 spec_cnn 1.000  (14s)
  JSR   +8.0 dB  BER 7.99e-02  P(det)@0.05 power_one_sided 1.000 power_two_sided 1.000 kurtosis 1.000 spec_cnn 1.000  (14s)
  JSR   +9.0 dB  BER 1.02e-01  P(det)@0.05 power_one_sided 1.000 power_two_sided 1.000 kurtosis 1.000 spec_cnn 1.000  (14s)
  JSR  +10.0 dB  BER 1.29e-01  P(det)@0.05 power_one_sided 1.000 power_two_sided 1.000 kurtosis 1.000 spec_cnn 1.000  (14s)
  JSR  +11.0 dB  BER 1.52e-01  P(det)@0.05 power_one_sided 1.000 power_two_sided 1.000 kurtosis 1.000 spec_cnn 1.000  (15s)
  JSR  +12.0 dB  BER 1.80e-01  P(det)@0.05 power_one_sided 1.000 power_two_sided 1.000 kurtosis 1.000 spec_cnn 0.998  (15s)
  JSR  +13.0 dB  BER 2.07e-01  P(det)@0.05 power_one_sided 1.000 power_two_sided 1.000 kurtosis 1.000 spec_cnn 0.988  (15s)
  JSR  +14.0 dB  BER 2.33e-01  P(det)@0.05 power_one_sided 1.000 power_two_sided 1.000 kurtosis 1.000 spec_cnn 0.963  (15s)
  JSR  +15.0 dB  BER 2.57e-01  P(det)@0.05 power_one_sided 1.000 power_two_sided 1.000 kurtosis 1.000 spec_cnn 0.834  (16s)
  [snr_40] power_one_sided_b1 confirmed: {"power_one_sided": {"0.01": null, "0.05": {"index": 0, "sweep_ber": 0.0, "sweep_pdet": 0.05078125, "confirmed_ber": 0.0, "confirmed_ser": 0.0, "confirmed_pdet": 0.078369140625, "passed": false}}, "power_two_sided": {"0.01": {"index": 0, "sweep_ber": 0.0, "sweep_pdet": 0.013671875, "confirmed_ber": 0.0, "confirmed_ser": 0.0, "confirmed_pdet": 0.018798828125, "passed": false}, "0.05": null}, "kurtosis": {"0.01": {"index": 0, "sweep_ber": 0.0, "sweep_pdet": 0.01171875, "confirmed_ber": 0.0, "confirmed_ser": 0.0, "confirmed_pdet": 0.009765625, "passed": true}, "0.05": {"index": 0, "sweep_ber": 0.0, "sweep_pdet": 0.05859375, "confirmed_ber": 0.0, "confirmed_ser": 0.0, "confirmed_pdet": 0.053466796875, "passed": true}}, "spec_cnn": {"0.01": {"index": 65, "sweep_ber": 0.2568817138671875, "sweep_pdet": 0.0, "confirmed_ber": 0.25783443450927734, "confirmed_ser": 0.44739341735839844, "confirmed_pdet": 0.000244140625, "passed": true}, "0.05": {"index": 0, "sweep_ber": 0.0, "sweep_pdet": 0.060546875, "confirmed_ber": 0.0, "confirmed_ser": 0.0, "confirmed_pdet": 0.051513671875, "passed": true}}}  (264s)
  [snr_40] generator power_one_sided_b10 (scale 1.0000)
  JSR  -50.0 dB  BER 0.00e+00  P(det)@0.05 power_one_sided 0.098 power_two_sided 0.109 kurtosis 0.051 spec_cnn 0.061  (0s)
  JSR  -49.0 dB  BER 0.00e+00  P(det)@0.05 power_one_sided 0.094 power_two_sided 0.082 kurtosis 0.057 spec_cnn 0.066  (0s)
  JSR  -48.0 dB  BER 0.00e+00  P(det)@0.05 power_one_sided 0.094 power_two_sided 0.121 kurtosis 0.045 spec_cnn 0.055  (1s)
  JSR  -47.0 dB  BER 0.00e+00  P(det)@0.05 power_one_sided 0.113 power_two_sided 0.141 kurtosis 0.055 spec_cnn 0.068  (1s)
  JSR  -46.0 dB  BER 0.00e+00  P(det)@0.05 power_one_sided 0.123 power_two_sided 0.162 kurtosis 0.047 spec_cnn 0.064  (1s)
  JSR  -45.0 dB  BER 0.00e+00  P(det)@0.05 power_one_sided 0.137 power_two_sided 0.182 kurtosis 0.035 spec_cnn 0.070  (1s)
  JSR  -44.0 dB  BER 0.00e+00  P(det)@0.05 power_one_sided 0.168 power_two_sided 0.238 kurtosis 0.039 spec_cnn 0.074  (2s)
  JSR  -43.0 dB  BER 0.00e+00  P(det)@0.05 power_one_sided 0.213 power_two_sided 0.277 kurtosis 0.061 spec_cnn 0.064  (2s)
  JSR  -42.0 dB  BER 0.00e+00  P(det)@0.05 power_one_sided 0.199 power_two_sided 0.311 kurtosis 0.051 spec_cnn 0.102  (2s)
  JSR  -41.0 dB  BER 0.00e+00  P(det)@0.05 power_one_sided 0.266 power_two_sided 0.377 kurtosis 0.039 spec_cnn 0.096  (2s)
  JSR  -40.0 dB  BER 0.00e+00  P(det)@0.05 power_one_sided 0.291 power_two_sided 0.436 kurtosis 0.061 spec_cnn 0.117  (3s)
  JSR  -39.0 dB  BER 0.00e+00  P(det)@0.05 power_one_sided 0.316 power_two_sided 0.467 kurtosis 0.053 spec_cnn 0.129  (3s)
  JSR  -38.0 dB  BER 0.00e+00  P(det)@0.05 power_one_sided 0.297 power_two_sided 0.516 kurtosis 0.049 spec_cnn 0.184  (3s)
  JSR  -37.0 dB  BER 0.00e+00  P(det)@0.05 power_one_sided 0.400 power_two_sided 0.582 kurtosis 0.045 spec_cnn 0.213  (3s)
  JSR  -36.0 dB  BER 0.00e+00  P(det)@0.05 power_one_sided 0.402 power_two_sided 0.645 kurtosis 0.062 spec_cnn 0.248  (4s)
  JSR  -35.0 dB  BER 0.00e+00  P(det)@0.05 power_one_sided 0.408 power_two_sided 0.646 kurtosis 0.051 spec_cnn 0.336  (4s)
  JSR  -34.0 dB  BER 0.00e+00  P(det)@0.05 power_one_sided 0.398 power_two_sided 0.689 kurtosis 0.051 spec_cnn 0.393  (4s)
  JSR  -33.0 dB  BER 0.00e+00  P(det)@0.05 power_one_sided 0.484 power_two_sided 0.742 kurtosis 0.055 spec_cnn 0.496  (4s)
  JSR  -32.0 dB  BER 0.00e+00  P(det)@0.05 power_one_sided 0.508 power_two_sided 0.740 kurtosis 0.061 spec_cnn 0.555  (4s)
  JSR  -31.0 dB  BER 0.00e+00  P(det)@0.05 power_one_sided 0.545 power_two_sided 0.814 kurtosis 0.051 spec_cnn 0.629  (5s)
  JSR  -30.0 dB  BER 0.00e+00  P(det)@0.05 power_one_sided 0.559 power_two_sided 0.791 kurtosis 0.049 spec_cnn 0.725  (5s)
  JSR  -29.0 dB  BER 0.00e+00  P(det)@0.05 power_one_sided 0.605 power_two_sided 0.838 kurtosis 0.072 spec_cnn 0.877  (5s)
  JSR  -28.0 dB  BER 0.00e+00  P(det)@0.05 power_one_sided 0.605 power_two_sided 0.822 kurtosis 0.051 spec_cnn 0.930  (5s)
  JSR  -27.0 dB  BER 0.00e+00  P(det)@0.05 power_one_sided 0.660 power_two_sided 0.850 kurtosis 0.049 spec_cnn 0.971  (6s)
  JSR  -26.0 dB  BER 0.00e+00  P(det)@0.05 power_one_sided 0.635 power_two_sided 0.859 kurtosis 0.057 spec_cnn 0.980  (6s)
  JSR  -25.0 dB  BER 0.00e+00  P(det)@0.05 power_one_sided 0.672 power_two_sided 0.859 kurtosis 0.055 spec_cnn 0.994  (6s)
  JSR  -24.0 dB  BER 0.00e+00  P(det)@0.05 power_one_sided 0.699 power_two_sided 0.885 kurtosis 0.062 spec_cnn 0.998  (6s)
  JSR  -23.0 dB  BER 0.00e+00  P(det)@0.05 power_one_sided 0.717 power_two_sided 0.912 kurtosis 0.086 spec_cnn 1.000  (7s)
  JSR  -22.0 dB  BER 0.00e+00  P(det)@0.05 power_one_sided 0.779 power_two_sided 0.910 kurtosis 0.094 spec_cnn 1.000  (7s)
  JSR  -21.0 dB  BER 6.87e-05  P(det)@0.05 power_one_sided 0.846 power_two_sided 0.949 kurtosis 0.098 spec_cnn 1.000  (7s)
  JSR  -20.0 dB  BER 4.04e-04  P(det)@0.05 power_one_sided 0.877 power_two_sided 0.945 kurtosis 0.146 spec_cnn 1.000  (7s)
  JSR  -19.0 dB  BER 7.55e-04  P(det)@0.05 power_one_sided 0.887 power_two_sided 0.959 kurtosis 0.215 spec_cnn 1.000  (8s)
  JSR  -18.0 dB  BER 1.17e-03  P(det)@0.05 power_one_sided 0.936 power_two_sided 0.973 kurtosis 0.250 spec_cnn 1.000  (8s)
  JSR  -17.0 dB  BER 1.60e-03  P(det)@0.05 power_one_sided 0.977 power_two_sided 0.982 kurtosis 0.377 spec_cnn 1.000  (8s)
  JSR  -16.0 dB  BER 1.88e-03  P(det)@0.05 power_one_sided 0.988 power_two_sided 0.994 kurtosis 0.471 spec_cnn 1.000  (8s)
  JSR  -15.0 dB  BER 2.26e-03  P(det)@0.05 power_one_sided 0.998 power_two_sided 1.000 kurtosis 0.582 spec_cnn 1.000  (8s)
  JSR  -14.0 dB  BER 2.50e-03  P(det)@0.05 power_one_sided 1.000 power_two_sided 1.000 kurtosis 0.662 spec_cnn 1.000  (9s)
  JSR  -13.0 dB  BER 3.05e-03  P(det)@0.05 power_one_sided 1.000 power_two_sided 1.000 kurtosis 0.758 spec_cnn 1.000  (9s)
  JSR  -12.0 dB  BER 3.30e-03  P(det)@0.05 power_one_sided 1.000 power_two_sided 1.000 kurtosis 0.850 spec_cnn 1.000  (9s)
  JSR  -11.0 dB  BER 3.43e-03  P(det)@0.05 power_one_sided 1.000 power_two_sided 1.000 kurtosis 0.922 spec_cnn 1.000  (9s)
  JSR  -10.0 dB  BER 3.68e-03  P(det)@0.05 power_one_sided 1.000 power_two_sided 1.000 kurtosis 0.967 spec_cnn 1.000  (10s)
  JSR   -9.0 dB  BER 4.16e-03  P(det)@0.05 power_one_sided 1.000 power_two_sided 1.000 kurtosis 1.000 spec_cnn 1.000  (10s)
  JSR   -8.0 dB  BER 4.97e-03  P(det)@0.05 power_one_sided 1.000 power_two_sided 1.000 kurtosis 1.000 spec_cnn 1.000  (10s)
  JSR   -7.0 dB  BER 5.50e-03  P(det)@0.05 power_one_sided 1.000 power_two_sided 1.000 kurtosis 1.000 spec_cnn 1.000  (10s)
  JSR   -6.0 dB  BER 6.10e-03  P(det)@0.05 power_one_sided 1.000 power_two_sided 1.000 kurtosis 1.000 spec_cnn 1.000  (11s)
  JSR   -5.0 dB  BER 7.16e-03  P(det)@0.05 power_one_sided 1.000 power_two_sided 1.000 kurtosis 1.000 spec_cnn 1.000  (11s)
  JSR   -4.0 dB  BER 7.48e-03  P(det)@0.05 power_one_sided 1.000 power_two_sided 1.000 kurtosis 1.000 spec_cnn 1.000  (11s)
  JSR   -3.0 dB  BER 7.82e-03  P(det)@0.05 power_one_sided 1.000 power_two_sided 1.000 kurtosis 1.000 spec_cnn 1.000  (11s)
  JSR   -2.0 dB  BER 9.21e-03  P(det)@0.05 power_one_sided 1.000 power_two_sided 1.000 kurtosis 1.000 spec_cnn 1.000  (12s)
  JSR   -1.0 dB  BER 9.67e-03  P(det)@0.05 power_one_sided 1.000 power_two_sided 1.000 kurtosis 1.000 spec_cnn 1.000  (12s)
  JSR   +0.0 dB  BER 1.03e-02  P(det)@0.05 power_one_sided 1.000 power_two_sided 1.000 kurtosis 1.000 spec_cnn 1.000  (12s)
  JSR   +1.0 dB  BER 1.23e-02  P(det)@0.05 power_one_sided 1.000 power_two_sided 1.000 kurtosis 1.000 spec_cnn 1.000  (12s)
  JSR   +2.0 dB  BER 1.46e-02  P(det)@0.05 power_one_sided 1.000 power_two_sided 1.000 kurtosis 1.000 spec_cnn 1.000  (12s)
  JSR   +3.0 dB  BER 1.78e-02  P(det)@0.05 power_one_sided 1.000 power_two_sided 1.000 kurtosis 1.000 spec_cnn 1.000  (13s)
  JSR   +4.0 dB  BER 2.14e-02  P(det)@0.05 power_one_sided 1.000 power_two_sided 1.000 kurtosis 1.000 spec_cnn 1.000  (13s)
  JSR   +5.0 dB  BER 2.83e-02  P(det)@0.05 power_one_sided 1.000 power_two_sided 1.000 kurtosis 1.000 spec_cnn 1.000  (13s)
  JSR   +6.0 dB  BER 3.62e-02  P(det)@0.05 power_one_sided 1.000 power_two_sided 1.000 kurtosis 1.000 spec_cnn 1.000  (13s)
  JSR   +7.0 dB  BER 4.97e-02  P(det)@0.05 power_one_sided 1.000 power_two_sided 1.000 kurtosis 1.000 spec_cnn 1.000  (14s)
  JSR   +8.0 dB  BER 6.35e-02  P(det)@0.05 power_one_sided 1.000 power_two_sided 1.000 kurtosis 1.000 spec_cnn 1.000  (14s)
  JSR   +9.0 dB  BER 8.40e-02  P(det)@0.05 power_one_sided 1.000 power_two_sided 1.000 kurtosis 1.000 spec_cnn 1.000  (14s)
  JSR  +10.0 dB  BER 1.05e-01  P(det)@0.05 power_one_sided 1.000 power_two_sided 1.000 kurtosis 1.000 spec_cnn 1.000  (14s)
  JSR  +11.0 dB  BER 1.31e-01  P(det)@0.05 power_one_sided 1.000 power_two_sided 1.000 kurtosis 1.000 spec_cnn 1.000  (15s)
  JSR  +12.0 dB  BER 1.54e-01  P(det)@0.05 power_one_sided 1.000 power_two_sided 1.000 kurtosis 1.000 spec_cnn 1.000  (15s)
  JSR  +13.0 dB  BER 1.81e-01  P(det)@0.05 power_one_sided 1.000 power_two_sided 1.000 kurtosis 1.000 spec_cnn 1.000  (15s)
  JSR  +14.0 dB  BER 2.05e-01  P(det)@0.05 power_one_sided 1.000 power_two_sided 1.000 kurtosis 1.000 spec_cnn 0.994  (15s)
  JSR  +15.0 dB  BER 2.30e-01  P(det)@0.05 power_one_sided 1.000 power_two_sided 1.000 kurtosis 1.000 spec_cnn 0.957  (16s)
  [snr_40] power_one_sided_b10 confirmed: {"power_one_sided": {"0.01": {"index": 1, "sweep_ber": 0.0, "sweep_pdet": 0.017578125, "confirmed_ber": 0.0, "confirmed_ser": 0.0, "confirmed_pdet": 0.030029296875, "passed": false}, "0.05": null}, "power_two_sided": {"0.01": null, "0.05": null}, "kurtosis": {"0.01": {"index": 0, "sweep_ber": 0.0, "sweep_pdet": 0.005859375, "confirmed_ber": 0.0, "confirmed_ser": 0.0, "confirmed_pdet": 0.010498046875, "passed": true}, "0.05": {"index": 0, "sweep_ber": 0.0, "sweep_pdet": 0.05078125, "confirmed_ber": 0.0, "confirmed_ser": 0.0, "confirmed_pdet": 0.044189453125, "passed": true}}, "spec_cnn": {"0.01": {"index": 65, "sweep_ber": 0.22997283935546875, "sweep_pdet": 0.0, "confirmed_ber": 0.2312602996826172, "confirmed_ser": 0.40484046936035156, "confirmed_pdet": 0.000244140625, "passed": true}, "0.05": {"index": 0, "sweep_ber": 0.0, "sweep_pdet": 0.060546875, "confirmed_ber": 0.0, "confirmed_ser": 0.0, "confirmed_pdet": 0.05615234375, "passed": true}}}  (289s)
  [snr_40] generator power_one_sided_b100 (scale 1.0000)
  JSR  -50.0 dB  BER 0.00e+00  P(det)@0.05 power_one_sided 0.094 power_two_sided 0.115 kurtosis 0.057 spec_cnn 0.057  (0s)
  JSR  -49.0 dB  BER 0.00e+00  P(det)@0.05 power_one_sided 0.100 power_two_sided 0.127 kurtosis 0.059 spec_cnn 0.041  (0s)
  JSR  -48.0 dB  BER 0.00e+00  P(det)@0.05 power_one_sided 0.104 power_two_sided 0.127 kurtosis 0.051 spec_cnn 0.061  (1s)
  JSR  -47.0 dB  BER 0.00e+00  P(det)@0.05 power_one_sided 0.162 power_two_sided 0.174 kurtosis 0.051 spec_cnn 0.053  (1s)
  JSR  -46.0 dB  BER 0.00e+00  P(det)@0.05 power_one_sided 0.137 power_two_sided 0.180 kurtosis 0.057 spec_cnn 0.064  (1s)
  JSR  -45.0 dB  BER 0.00e+00  P(det)@0.05 power_one_sided 0.152 power_two_sided 0.229 kurtosis 0.055 spec_cnn 0.059  (1s)
  JSR  -44.0 dB  BER 0.00e+00  P(det)@0.05 power_one_sided 0.199 power_two_sided 0.277 kurtosis 0.051 spec_cnn 0.043  (2s)
  JSR  -43.0 dB  BER 0.00e+00  P(det)@0.05 power_one_sided 0.229 power_two_sided 0.307 kurtosis 0.051 spec_cnn 0.070  (2s)
  JSR  -42.0 dB  BER 0.00e+00  P(det)@0.05 power_one_sided 0.287 power_two_sided 0.389 kurtosis 0.037 spec_cnn 0.062  (2s)
  JSR  -41.0 dB  BER 0.00e+00  P(det)@0.05 power_one_sided 0.275 power_two_sided 0.404 kurtosis 0.043 spec_cnn 0.062  (2s)
  JSR  -40.0 dB  BER 0.00e+00  P(det)@0.05 power_one_sided 0.303 power_two_sided 0.463 kurtosis 0.051 spec_cnn 0.070  (3s)
  JSR  -39.0 dB  BER 0.00e+00  P(det)@0.05 power_one_sided 0.303 power_two_sided 0.441 kurtosis 0.074 spec_cnn 0.109  (3s)
  JSR  -38.0 dB  BER 0.00e+00  P(det)@0.05 power_one_sided 0.371 power_two_sided 0.559 kurtosis 0.066 spec_cnn 0.148  (3s)
  JSR  -37.0 dB  BER 0.00e+00  P(det)@0.05 power_one_sided 0.359 power_two_sided 0.588 kurtosis 0.070 spec_cnn 0.123  (3s)
  JSR  -36.0 dB  BER 0.00e+00  P(det)@0.05 power_one_sided 0.379 power_two_sided 0.613 kurtosis 0.061 spec_cnn 0.166  (4s)
  JSR  -35.0 dB  BER 0.00e+00  P(det)@0.05 power_one_sided 0.428 power_two_sided 0.666 kurtosis 0.043 spec_cnn 0.209  (4s)
  JSR  -34.0 dB  BER 0.00e+00  P(det)@0.05 power_one_sided 0.449 power_two_sided 0.693 kurtosis 0.049 spec_cnn 0.270  (4s)
  JSR  -33.0 dB  BER 0.00e+00  P(det)@0.05 power_one_sided 0.469 power_two_sided 0.766 kurtosis 0.068 spec_cnn 0.336  (4s)
  JSR  -32.0 dB  BER 0.00e+00  P(det)@0.05 power_one_sided 0.496 power_two_sided 0.779 kurtosis 0.064 spec_cnn 0.381  (4s)
  JSR  -31.0 dB  BER 0.00e+00  P(det)@0.05 power_one_sided 0.535 power_two_sided 0.789 kurtosis 0.045 spec_cnn 0.469  (5s)
  JSR  -30.0 dB  BER 0.00e+00  P(det)@0.05 power_one_sided 0.562 power_two_sided 0.811 kurtosis 0.068 spec_cnn 0.514  (5s)
  JSR  -29.0 dB  BER 0.00e+00  P(det)@0.05 power_one_sided 0.557 power_two_sided 0.826 kurtosis 0.062 spec_cnn 0.652  (5s)
  JSR  -28.0 dB  BER 0.00e+00  P(det)@0.05 power_one_sided 0.621 power_two_sided 0.852 kurtosis 0.053 spec_cnn 0.785  (5s)
  JSR  -27.0 dB  BER 0.00e+00  P(det)@0.05 power_one_sided 0.643 power_two_sided 0.867 kurtosis 0.047 spec_cnn 0.873  (6s)
  JSR  -26.0 dB  BER 0.00e+00  P(det)@0.05 power_one_sided 0.668 power_two_sided 0.895 kurtosis 0.047 spec_cnn 0.953  (6s)
  JSR  -25.0 dB  BER 0.00e+00  P(det)@0.05 power_one_sided 0.693 power_two_sided 0.889 kurtosis 0.057 spec_cnn 0.975  (6s)
  JSR  -24.0 dB  BER 0.00e+00  P(det)@0.05 power_one_sided 0.729 power_two_sided 0.908 kurtosis 0.055 spec_cnn 0.998  (6s)
  JSR  -23.0 dB  BER 0.00e+00  P(det)@0.05 power_one_sided 0.738 power_two_sided 0.930 kurtosis 0.062 spec_cnn 0.998  (7s)
  JSR  -22.0 dB  BER 0.00e+00  P(det)@0.05 power_one_sided 0.799 power_two_sided 0.951 kurtosis 0.066 spec_cnn 0.996  (7s)
  JSR  -21.0 dB  BER 1.98e-04  P(det)@0.05 power_one_sided 0.842 power_two_sided 0.955 kurtosis 0.090 spec_cnn 1.000  (7s)
  JSR  -20.0 dB  BER 5.42e-04  P(det)@0.05 power_one_sided 0.883 power_two_sided 0.955 kurtosis 0.152 spec_cnn 1.000  (7s)
  JSR  -19.0 dB  BER 9.84e-04  P(det)@0.05 power_one_sided 0.912 power_two_sided 0.961 kurtosis 0.160 spec_cnn 1.000  (8s)
  JSR  -18.0 dB  BER 1.56e-03  P(det)@0.05 power_one_sided 0.943 power_two_sided 0.990 kurtosis 0.225 spec_cnn 1.000  (8s)
  JSR  -17.0 dB  BER 2.03e-03  P(det)@0.05 power_one_sided 0.963 power_two_sided 0.984 kurtosis 0.309 spec_cnn 1.000  (8s)
  JSR  -16.0 dB  BER 2.34e-03  P(det)@0.05 power_one_sided 0.984 power_two_sided 0.996 kurtosis 0.434 spec_cnn 1.000  (8s)
  JSR  -15.0 dB  BER 2.69e-03  P(det)@0.05 power_one_sided 0.990 power_two_sided 0.996 kurtosis 0.541 spec_cnn 1.000  (9s)
  JSR  -14.0 dB  BER 2.91e-03  P(det)@0.05 power_one_sided 1.000 power_two_sided 1.000 kurtosis 0.693 spec_cnn 1.000  (9s)
  JSR  -13.0 dB  BER 3.42e-03  P(det)@0.05 power_one_sided 1.000 power_two_sided 1.000 kurtosis 0.777 spec_cnn 1.000  (9s)
  JSR  -12.0 dB  BER 3.68e-03  P(det)@0.05 power_one_sided 1.000 power_two_sided 1.000 kurtosis 0.865 spec_cnn 1.000  (9s)
  JSR  -11.0 dB  BER 4.23e-03  P(det)@0.05 power_one_sided 1.000 power_two_sided 1.000 kurtosis 0.939 spec_cnn 1.000  (9s)
  JSR  -10.0 dB  BER 4.35e-03  P(det)@0.05 power_one_sided 1.000 power_two_sided 1.000 kurtosis 0.977 spec_cnn 1.000  (10s)
  JSR   -9.0 dB  BER 4.75e-03  P(det)@0.05 power_one_sided 1.000 power_two_sided 1.000 kurtosis 1.000 spec_cnn 1.000  (10s)
  JSR   -8.0 dB  BER 5.26e-03  P(det)@0.05 power_one_sided 1.000 power_two_sided 1.000 kurtosis 1.000 spec_cnn 1.000  (10s)
  JSR   -7.0 dB  BER 6.55e-03  P(det)@0.05 power_one_sided 1.000 power_two_sided 1.000 kurtosis 1.000 spec_cnn 1.000  (10s)
  JSR   -6.0 dB  BER 6.38e-03  P(det)@0.05 power_one_sided 1.000 power_two_sided 1.000 kurtosis 1.000 spec_cnn 1.000  (11s)
  JSR   -5.0 dB  BER 7.47e-03  P(det)@0.05 power_one_sided 1.000 power_two_sided 1.000 kurtosis 1.000 spec_cnn 1.000  (11s)
  JSR   -4.0 dB  BER 7.99e-03  P(det)@0.05 power_one_sided 1.000 power_two_sided 1.000 kurtosis 1.000 spec_cnn 1.000  (11s)
  JSR   -3.0 dB  BER 8.74e-03  P(det)@0.05 power_one_sided 1.000 power_two_sided 1.000 kurtosis 1.000 spec_cnn 1.000  (11s)
  JSR   -2.0 dB  BER 9.71e-03  P(det)@0.05 power_one_sided 1.000 power_two_sided 1.000 kurtosis 1.000 spec_cnn 1.000  (12s)
  JSR   -1.0 dB  BER 1.05e-02  P(det)@0.05 power_one_sided 1.000 power_two_sided 1.000 kurtosis 1.000 spec_cnn 1.000  (12s)
  JSR   +0.0 dB  BER 1.20e-02  P(det)@0.05 power_one_sided 1.000 power_two_sided 1.000 kurtosis 1.000 spec_cnn 1.000  (12s)
  JSR   +1.0 dB  BER 1.36e-02  P(det)@0.05 power_one_sided 1.000 power_two_sided 1.000 kurtosis 1.000 spec_cnn 1.000  (12s)
  JSR   +2.0 dB  BER 1.67e-02  P(det)@0.05 power_one_sided 1.000 power_two_sided 1.000 kurtosis 1.000 spec_cnn 1.000  (13s)
  JSR   +3.0 dB  BER 2.11e-02  P(det)@0.05 power_one_sided 1.000 power_two_sided 1.000 kurtosis 1.000 spec_cnn 1.000  (13s)
  JSR   +4.0 dB  BER 2.86e-02  P(det)@0.05 power_one_sided 1.000 power_two_sided 1.000 kurtosis 1.000 spec_cnn 1.000  (13s)
  JSR   +5.0 dB  BER 3.94e-02  P(det)@0.05 power_one_sided 1.000 power_two_sided 1.000 kurtosis 1.000 spec_cnn 1.000  (13s)
  JSR   +6.0 dB  BER 5.50e-02  P(det)@0.05 power_one_sided 1.000 power_two_sided 1.000 kurtosis 1.000 spec_cnn 1.000  (13s)
  JSR   +7.0 dB  BER 7.45e-02  P(det)@0.05 power_one_sided 1.000 power_two_sided 1.000 kurtosis 1.000 spec_cnn 1.000  (14s)
  JSR   +8.0 dB  BER 9.61e-02  P(det)@0.05 power_one_sided 1.000 power_two_sided 1.000 kurtosis 1.000 spec_cnn 1.000  (14s)
  JSR   +9.0 dB  BER 1.18e-01  P(det)@0.05 power_one_sided 1.000 power_two_sided 1.000 kurtosis 1.000 spec_cnn 1.000  (14s)
  JSR  +10.0 dB  BER 1.45e-01  P(det)@0.05 power_one_sided 1.000 power_two_sided 1.000 kurtosis 1.000 spec_cnn 1.000  (14s)
  JSR  +11.0 dB  BER 1.68e-01  P(det)@0.05 power_one_sided 1.000 power_two_sided 1.000 kurtosis 1.000 spec_cnn 1.000  (15s)
  JSR  +12.0 dB  BER 1.97e-01  P(det)@0.05 power_one_sided 1.000 power_two_sided 1.000 kurtosis 1.000 spec_cnn 1.000  (15s)
  JSR  +13.0 dB  BER 2.22e-01  P(det)@0.05 power_one_sided 1.000 power_two_sided 1.000 kurtosis 1.000 spec_cnn 1.000  (15s)
  JSR  +14.0 dB  BER 2.48e-01  P(det)@0.05 power_one_sided 1.000 power_two_sided 1.000 kurtosis 1.000 spec_cnn 1.000  (15s)
  JSR  +15.0 dB  BER 2.69e-01  P(det)@0.05 power_one_sided 1.000 power_two_sided 1.000 kurtosis 1.000 spec_cnn 0.996  (16s)
  [snr_40] power_one_sided_b100 confirmed: {"power_one_sided": {"0.01": null, "0.05": null}, "power_two_sided": {"0.01": null, "0.05": null}, "kurtosis": {"0.01": {"index": 0, "sweep_ber": 0.0, "sweep_pdet": 0.015625, "confirmed_ber": 0.0, "confirmed_ser": 0.0, "confirmed_pdet": 0.010986328125, "passed": true}, "0.05": {"index": 0, "sweep_ber": 0.0, "sweep_pdet": 0.056640625, "confirmed_ber": 0.0, "confirmed_ser": 0.0, "confirmed_pdet": 0.05224609375, "passed": true}}, "spec_cnn": {"0.01": {"index": 0, "sweep_ber": 0.0, "sweep_pdet": 0.017578125, "confirmed_ber": 0.0, "confirmed_ser": 0.0, "confirmed_pdet": 0.009033203125, "passed": true}, "0.05": {"index": 0, "sweep_ber": 0.0, "sweep_pdet": 0.056640625, "confirmed_ber": 0.0, "confirmed_ser": 0.0, "confirmed_pdet": 0.048583984375, "passed": true}}}  (312s)
  [snr_40] generator power_one_sided_b1000 (scale 1.0000)
  JSR  -50.0 dB  BER 0.00e+00  P(det)@0.05 power_one_sided 0.119 power_two_sided 0.146 kurtosis 0.051 spec_cnn 0.027  (0s)
  JSR  -49.0 dB  BER 0.00e+00  P(det)@0.05 power_one_sided 0.117 power_two_sided 0.141 kurtosis 0.045 spec_cnn 0.055  (0s)
  JSR  -48.0 dB  BER 0.00e+00  P(det)@0.05 power_one_sided 0.143 power_two_sided 0.180 kurtosis 0.043 spec_cnn 0.057  (1s)
  JSR  -47.0 dB  BER 0.00e+00  P(det)@0.05 power_one_sided 0.146 power_two_sided 0.225 kurtosis 0.051 spec_cnn 0.051  (1s)
  JSR  -46.0 dB  BER 0.00e+00  P(det)@0.05 power_one_sided 0.164 power_two_sided 0.223 kurtosis 0.061 spec_cnn 0.051  (1s)
  JSR  -45.0 dB  BER 0.00e+00  P(det)@0.05 power_one_sided 0.193 power_two_sided 0.270 kurtosis 0.051 spec_cnn 0.059  (1s)
  JSR  -44.0 dB  BER 0.00e+00  P(det)@0.05 power_one_sided 0.209 power_two_sided 0.301 kurtosis 0.062 spec_cnn 0.074  (2s)
  JSR  -43.0 dB  BER 0.00e+00  P(det)@0.05 power_one_sided 0.232 power_two_sided 0.373 kurtosis 0.074 spec_cnn 0.064  (2s)
  JSR  -42.0 dB  BER 0.00e+00  P(det)@0.05 power_one_sided 0.277 power_two_sided 0.422 kurtosis 0.047 spec_cnn 0.068  (2s)
  JSR  -41.0 dB  BER 0.00e+00  P(det)@0.05 power_one_sided 0.285 power_two_sided 0.434 kurtosis 0.041 spec_cnn 0.084  (2s)
  JSR  -40.0 dB  BER 0.00e+00  P(det)@0.05 power_one_sided 0.330 power_two_sided 0.518 kurtosis 0.053 spec_cnn 0.105  (3s)
  JSR  -39.0 dB  BER 0.00e+00  P(det)@0.05 power_one_sided 0.344 power_two_sided 0.541 kurtosis 0.045 spec_cnn 0.104  (3s)
  JSR  -38.0 dB  BER 0.00e+00  P(det)@0.05 power_one_sided 0.363 power_two_sided 0.604 kurtosis 0.051 spec_cnn 0.104  (3s)
  JSR  -37.0 dB  BER 0.00e+00  P(det)@0.05 power_one_sided 0.414 power_two_sided 0.641 kurtosis 0.053 spec_cnn 0.131  (3s)
  JSR  -36.0 dB  BER 0.00e+00  P(det)@0.05 power_one_sided 0.443 power_two_sided 0.676 kurtosis 0.062 spec_cnn 0.160  (3s)
  JSR  -35.0 dB  BER 0.00e+00  P(det)@0.05 power_one_sided 0.449 power_two_sided 0.672 kurtosis 0.035 spec_cnn 0.244  (4s)
  JSR  -34.0 dB  BER 0.00e+00  P(det)@0.05 power_one_sided 0.451 power_two_sided 0.727 kurtosis 0.047 spec_cnn 0.287  (4s)
  JSR  -33.0 dB  BER 0.00e+00  P(det)@0.05 power_one_sided 0.465 power_two_sided 0.727 kurtosis 0.057 spec_cnn 0.348  (4s)
  JSR  -32.0 dB  BER 0.00e+00  P(det)@0.05 power_one_sided 0.467 power_two_sided 0.742 kurtosis 0.057 spec_cnn 0.404  (4s)
  JSR  -31.0 dB  BER 0.00e+00  P(det)@0.05 power_one_sided 0.559 power_two_sided 0.812 kurtosis 0.057 spec_cnn 0.461  (5s)
  JSR  -30.0 dB  BER 0.00e+00  P(det)@0.05 power_one_sided 0.533 power_two_sided 0.830 kurtosis 0.043 spec_cnn 0.580  (5s)
  JSR  -29.0 dB  BER 0.00e+00  P(det)@0.05 power_one_sided 0.568 power_two_sided 0.850 kurtosis 0.059 spec_cnn 0.693  (5s)
  JSR  -28.0 dB  BER 0.00e+00  P(det)@0.05 power_one_sided 0.592 power_two_sided 0.840 kurtosis 0.029 spec_cnn 0.812  (5s)
  JSR  -27.0 dB  BER 0.00e+00  P(det)@0.05 power_one_sided 0.602 power_two_sided 0.891 kurtosis 0.055 spec_cnn 0.844  (6s)
  JSR  -26.0 dB  BER 0.00e+00  P(det)@0.05 power_one_sided 0.668 power_two_sided 0.898 kurtosis 0.057 spec_cnn 0.891  (6s)
  JSR  -25.0 dB  BER 0.00e+00  P(det)@0.05 power_one_sided 0.633 power_two_sided 0.896 kurtosis 0.072 spec_cnn 0.916  (6s)
  JSR  -24.0 dB  BER 0.00e+00  P(det)@0.05 power_one_sided 0.678 power_two_sided 0.920 kurtosis 0.070 spec_cnn 0.961  (6s)
  JSR  -23.0 dB  BER 0.00e+00  P(det)@0.05 power_one_sided 0.713 power_two_sided 0.939 kurtosis 0.070 spec_cnn 0.963  (7s)
  JSR  -22.0 dB  BER 0.00e+00  P(det)@0.05 power_one_sided 0.771 power_two_sided 0.959 kurtosis 0.062 spec_cnn 0.990  (7s)
  JSR  -21.0 dB  BER 0.00e+00  P(det)@0.05 power_one_sided 0.754 power_two_sided 0.955 kurtosis 0.102 spec_cnn 0.996  (7s)
  JSR  -20.0 dB  BER 0.00e+00  P(det)@0.05 power_one_sided 0.791 power_two_sided 0.957 kurtosis 0.105 spec_cnn 0.998  (7s)
  JSR  -19.0 dB  BER 0.00e+00  P(det)@0.05 power_one_sided 0.846 power_two_sided 0.967 kurtosis 0.158 spec_cnn 0.996  (7s)
  JSR  -18.0 dB  BER 7.63e-06  P(det)@0.05 power_one_sided 0.900 power_two_sided 0.982 kurtosis 0.215 spec_cnn 0.998  (8s)
  JSR  -17.0 dB  BER 9.92e-05  P(det)@0.05 power_one_sided 0.895 power_two_sided 0.980 kurtosis 0.332 spec_cnn 1.000  (8s)
  JSR  -16.0 dB  BER 3.51e-04  P(det)@0.05 power_one_sided 0.895 power_two_sided 0.984 kurtosis 0.428 spec_cnn 1.000  (8s)
  JSR  -15.0 dB  BER 9.08e-04  P(det)@0.05 power_one_sided 0.947 power_two_sided 0.992 kurtosis 0.527 spec_cnn 1.000  (8s)
  JSR  -14.0 dB  BER 1.43e-03  P(det)@0.05 power_one_sided 0.971 power_two_sided 0.994 kurtosis 0.697 spec_cnn 1.000  (9s)
  JSR  -13.0 dB  BER 1.82e-03  P(det)@0.05 power_one_sided 0.980 power_two_sided 0.998 kurtosis 0.844 spec_cnn 1.000  (9s)
  JSR  -12.0 dB  BER 2.24e-03  P(det)@0.05 power_one_sided 0.994 power_two_sided 0.996 kurtosis 0.961 spec_cnn 1.000  (9s)
  JSR  -11.0 dB  BER 2.49e-03  P(det)@0.05 power_one_sided 0.998 power_two_sided 1.000 kurtosis 0.988 spec_cnn 1.000  (9s)
  JSR  -10.0 dB  BER 2.78e-03  P(det)@0.05 power_one_sided 0.996 power_two_sided 1.000 kurtosis 1.000 spec_cnn 1.000  (10s)
  JSR   -9.0 dB  BER 3.46e-03  P(det)@0.05 power_one_sided 1.000 power_two_sided 1.000 kurtosis 1.000 spec_cnn 1.000  (10s)
  JSR   -8.0 dB  BER 4.51e-03  P(det)@0.05 power_one_sided 1.000 power_two_sided 1.000 kurtosis 1.000 spec_cnn 1.000  (10s)
  JSR   -7.0 dB  BER 7.37e-03  P(det)@0.05 power_one_sided 1.000 power_two_sided 1.000 kurtosis 1.000 spec_cnn 1.000  (10s)
  JSR   -6.0 dB  BER 1.29e-02  P(det)@0.05 power_one_sided 1.000 power_two_sided 1.000 kurtosis 1.000 spec_cnn 1.000  (11s)
  JSR   -5.0 dB  BER 2.35e-02  P(det)@0.05 power_one_sided 1.000 power_two_sided 1.000 kurtosis 1.000 spec_cnn 1.000  (11s)
  JSR   -4.0 dB  BER 3.50e-02  P(det)@0.05 power_one_sided 1.000 power_two_sided 1.000 kurtosis 1.000 spec_cnn 1.000  (11s)
  JSR   -3.0 dB  BER 5.21e-02  P(det)@0.05 power_one_sided 1.000 power_two_sided 1.000 kurtosis 1.000 spec_cnn 1.000  (11s)
  JSR   -2.0 dB  BER 7.14e-02  P(det)@0.05 power_one_sided 1.000 power_two_sided 1.000 kurtosis 1.000 spec_cnn 1.000  (11s)
  JSR   -1.0 dB  BER 9.29e-02  P(det)@0.05 power_one_sided 1.000 power_two_sided 1.000 kurtosis 1.000 spec_cnn 1.000  (12s)
  JSR   +0.0 dB  BER 1.17e-01  P(det)@0.05 power_one_sided 1.000 power_two_sided 1.000 kurtosis 1.000 spec_cnn 1.000  (12s)
  JSR   +1.0 dB  BER 1.43e-01  P(det)@0.05 power_one_sided 1.000 power_two_sided 1.000 kurtosis 1.000 spec_cnn 1.000  (12s)
  JSR   +2.0 dB  BER 1.68e-01  P(det)@0.05 power_one_sided 1.000 power_two_sided 1.000 kurtosis 1.000 spec_cnn 1.000  (12s)
  JSR   +3.0 dB  BER 1.97e-01  P(det)@0.05 power_one_sided 1.000 power_two_sided 1.000 kurtosis 1.000 spec_cnn 1.000  (13s)
  JSR   +4.0 dB  BER 2.23e-01  P(det)@0.05 power_one_sided 1.000 power_two_sided 1.000 kurtosis 1.000 spec_cnn 1.000  (13s)
  JSR   +5.0 dB  BER 2.46e-01  P(det)@0.05 power_one_sided 1.000 power_two_sided 1.000 kurtosis 1.000 spec_cnn 1.000  (13s)
  JSR   +6.0 dB  BER 2.71e-01  P(det)@0.05 power_one_sided 1.000 power_two_sided 1.000 kurtosis 1.000 spec_cnn 1.000  (13s)
  JSR   +7.0 dB  BER 2.94e-01  P(det)@0.05 power_one_sided 1.000 power_two_sided 1.000 kurtosis 1.000 spec_cnn 1.000  (14s)
  JSR   +8.0 dB  BER 3.15e-01  P(det)@0.05 power_one_sided 1.000 power_two_sided 1.000 kurtosis 1.000 spec_cnn 1.000  (14s)
  JSR   +9.0 dB  BER 3.33e-01  P(det)@0.05 power_one_sided 1.000 power_two_sided 1.000 kurtosis 1.000 spec_cnn 1.000  (14s)
  JSR  +10.0 dB  BER 3.49e-01  P(det)@0.05 power_one_sided 1.000 power_two_sided 1.000 kurtosis 1.000 spec_cnn 1.000  (14s)
  JSR  +11.0 dB  BER 3.68e-01  P(det)@0.05 power_one_sided 1.000 power_two_sided 1.000 kurtosis 1.000 spec_cnn 1.000  (15s)
  JSR  +12.0 dB  BER 3.80e-01  P(det)@0.05 power_one_sided 1.000 power_two_sided 1.000 kurtosis 1.000 spec_cnn 1.000  (15s)
  JSR  +13.0 dB  BER 3.93e-01  P(det)@0.05 power_one_sided 1.000 power_two_sided 1.000 kurtosis 1.000 spec_cnn 1.000  (15s)
  JSR  +14.0 dB  BER 4.04e-01  P(det)@0.05 power_one_sided 1.000 power_two_sided 1.000 kurtosis 1.000 spec_cnn 1.000  (15s)
  JSR  +15.0 dB  BER 4.14e-01  P(det)@0.05 power_one_sided 1.000 power_two_sided 1.000 kurtosis 1.000 spec_cnn 1.000  (15s)
  [snr_40] power_one_sided_b1000 confirmed: {"power_one_sided": {"0.01": null, "0.05": null}, "power_two_sided": {"0.01": null, "0.05": null}, "kurtosis": {"0.01": {"index": 0, "sweep_ber": 0.0, "sweep_pdet": 0.013671875, "confirmed_ber": 0.0, "confirmed_ser": 0.0, "confirmed_pdet": 0.009765625, "passed": true}, "0.05": {"index": 0, "sweep_ber": 0.0, "sweep_pdet": 0.05078125, "confirmed_ber": 0.0, "confirmed_ser": 0.0, "confirmed_pdet": 0.054931640625, "passed": true}}, "spec_cnn": {"0.01": {"index": 0, "sweep_ber": 0.0, "sweep_pdet": 0.005859375, "confirmed_ber": 0.0, "confirmed_ser": 0.0, "confirmed_pdet": 0.009033203125, "passed": true}, "0.05": {"index": 0, "sweep_ber": 0.0, "sweep_pdet": 0.02734375, "confirmed_ber": 0.0, "confirmed_ser": 0.0, "confirmed_pdet": 0.053955078125, "passed": true}}}  (336s)
  [snr_40] generator power_two_sided_b1 (scale 1.0000)
  JSR  -50.0 dB  BER 0.00e+00  P(det)@0.05 power_one_sided 0.082 power_two_sided 0.104 kurtosis 0.059 spec_cnn 0.049  (0s)
  JSR  -49.0 dB  BER 0.00e+00  P(det)@0.05 power_one_sided 0.098 power_two_sided 0.135 kurtosis 0.053 spec_cnn 0.049  (0s)
  JSR  -48.0 dB  BER 0.00e+00  P(det)@0.05 power_one_sided 0.102 power_two_sided 0.115 kurtosis 0.072 spec_cnn 0.047  (1s)
  JSR  -47.0 dB  BER 0.00e+00  P(det)@0.05 power_one_sided 0.145 power_two_sided 0.178 kurtosis 0.055 spec_cnn 0.055  (1s)
  JSR  -46.0 dB  BER 0.00e+00  P(det)@0.05 power_one_sided 0.154 power_two_sided 0.209 kurtosis 0.051 spec_cnn 0.070  (1s)
  JSR  -45.0 dB  BER 0.00e+00  P(det)@0.05 power_one_sided 0.154 power_two_sided 0.230 kurtosis 0.055 spec_cnn 0.059  (1s)
  JSR  -44.0 dB  BER 0.00e+00  P(det)@0.05 power_one_sided 0.191 power_two_sided 0.291 kurtosis 0.043 spec_cnn 0.066  (2s)
  JSR  -43.0 dB  BER 0.00e+00  P(det)@0.05 power_one_sided 0.225 power_two_sided 0.314 kurtosis 0.053 spec_cnn 0.074  (2s)
  JSR  -42.0 dB  BER 0.00e+00  P(det)@0.05 power_one_sided 0.229 power_two_sided 0.363 kurtosis 0.049 spec_cnn 0.092  (2s)
  JSR  -41.0 dB  BER 0.00e+00  P(det)@0.05 power_one_sided 0.305 power_two_sided 0.459 kurtosis 0.041 spec_cnn 0.074  (2s)
  JSR  -40.0 dB  BER 0.00e+00  P(det)@0.05 power_one_sided 0.344 power_two_sided 0.512 kurtosis 0.031 spec_cnn 0.086  (3s)
  JSR  -39.0 dB  BER 0.00e+00  P(det)@0.05 power_one_sided 0.299 power_two_sided 0.479 kurtosis 0.057 spec_cnn 0.100  (3s)
  JSR  -38.0 dB  BER 0.00e+00  P(det)@0.05 power_one_sided 0.354 power_two_sided 0.557 kurtosis 0.055 spec_cnn 0.137  (3s)
  JSR  -37.0 dB  BER 0.00e+00  P(det)@0.05 power_one_sided 0.404 power_two_sided 0.666 kurtosis 0.051 spec_cnn 0.166  (3s)
  JSR  -36.0 dB  BER 0.00e+00  P(det)@0.05 power_one_sided 0.424 power_two_sided 0.646 kurtosis 0.070 spec_cnn 0.178  (4s)
  JSR  -35.0 dB  BER 0.00e+00  P(det)@0.05 power_one_sided 0.426 power_two_sided 0.668 kurtosis 0.039 spec_cnn 0.189  (4s)
  JSR  -34.0 dB  BER 0.00e+00  P(det)@0.05 power_one_sided 0.453 power_two_sided 0.744 kurtosis 0.033 spec_cnn 0.268  (4s)
  JSR  -33.0 dB  BER 0.00e+00  P(det)@0.05 power_one_sided 0.471 power_two_sided 0.754 kurtosis 0.059 spec_cnn 0.285  (4s)
  JSR  -32.0 dB  BER 0.00e+00  P(det)@0.05 power_one_sided 0.520 power_two_sided 0.807 kurtosis 0.061 spec_cnn 0.344  (4s)
  JSR  -31.0 dB  BER 0.00e+00  P(det)@0.05 power_one_sided 0.520 power_two_sided 0.818 kurtosis 0.061 spec_cnn 0.402  (5s)
  JSR  -30.0 dB  BER 0.00e+00  P(det)@0.05 power_one_sided 0.545 power_two_sided 0.828 kurtosis 0.057 spec_cnn 0.457  (5s)
  JSR  -29.0 dB  BER 0.00e+00  P(det)@0.05 power_one_sided 0.547 power_two_sided 0.840 kurtosis 0.062 spec_cnn 0.566  (5s)
  JSR  -28.0 dB  BER 0.00e+00  P(det)@0.05 power_one_sided 0.562 power_two_sided 0.867 kurtosis 0.039 spec_cnn 0.656  (5s)
  JSR  -27.0 dB  BER 0.00e+00  P(det)@0.05 power_one_sided 0.600 power_two_sided 0.863 kurtosis 0.059 spec_cnn 0.781  (6s)
  JSR  -26.0 dB  BER 0.00e+00  P(det)@0.05 power_one_sided 0.645 power_two_sided 0.910 kurtosis 0.062 spec_cnn 0.889  (6s)
  JSR  -25.0 dB  BER 0.00e+00  P(det)@0.05 power_one_sided 0.682 power_two_sided 0.904 kurtosis 0.057 spec_cnn 0.941  (6s)
  JSR  -24.0 dB  BER 0.00e+00  P(det)@0.05 power_one_sided 0.668 power_two_sided 0.936 kurtosis 0.074 spec_cnn 0.977  (6s)
  JSR  -23.0 dB  BER 0.00e+00  P(det)@0.05 power_one_sided 0.715 power_two_sided 0.926 kurtosis 0.074 spec_cnn 0.992  (7s)
  JSR  -22.0 dB  BER 1.14e-04  P(det)@0.05 power_one_sided 0.730 power_two_sided 0.936 kurtosis 0.105 spec_cnn 0.998  (7s)
  JSR  -21.0 dB  BER 7.10e-04  P(det)@0.05 power_one_sided 0.740 power_two_sided 0.949 kurtosis 0.131 spec_cnn 1.000  (7s)
  JSR  -20.0 dB  BER 8.93e-04  P(det)@0.05 power_one_sided 0.787 power_two_sided 0.953 kurtosis 0.189 spec_cnn 1.000  (7s)
  JSR  -19.0 dB  BER 1.40e-03  P(det)@0.05 power_one_sided 0.824 power_two_sided 0.941 kurtosis 0.277 spec_cnn 1.000  (8s)
  JSR  -18.0 dB  BER 1.82e-03  P(det)@0.05 power_one_sided 0.898 power_two_sided 0.955 kurtosis 0.359 spec_cnn 1.000  (8s)
  JSR  -17.0 dB  BER 2.32e-03  P(det)@0.05 power_one_sided 0.926 power_two_sided 0.971 kurtosis 0.418 spec_cnn 1.000  (8s)
  JSR  -16.0 dB  BER 2.61e-03  P(det)@0.05 power_one_sided 0.963 power_two_sided 0.990 kurtosis 0.561 spec_cnn 1.000  (8s)
  JSR  -15.0 dB  BER 2.99e-03  P(det)@0.05 power_one_sided 0.986 power_two_sided 0.990 kurtosis 0.623 spec_cnn 1.000  (8s)
  JSR  -14.0 dB  BER 3.21e-03  P(det)@0.05 power_one_sided 0.992 power_two_sided 0.996 kurtosis 0.725 spec_cnn 1.000  (9s)
  JSR  -13.0 dB  BER 3.48e-03  P(det)@0.05 power_one_sided 1.000 power_two_sided 1.000 kurtosis 0.836 spec_cnn 1.000  (9s)
  JSR  -12.0 dB  BER 4.08e-03  P(det)@0.05 power_one_sided 1.000 power_two_sided 1.000 kurtosis 0.873 spec_cnn 1.000  (9s)
  JSR  -11.0 dB  BER 4.52e-03  P(det)@0.05 power_one_sided 1.000 power_two_sided 1.000 kurtosis 0.949 spec_cnn 1.000  (9s)
  JSR  -10.0 dB  BER 4.61e-03  P(det)@0.05 power_one_sided 1.000 power_two_sided 1.000 kurtosis 0.998 spec_cnn 1.000  (10s)
  JSR   -9.0 dB  BER 5.13e-03  P(det)@0.05 power_one_sided 1.000 power_two_sided 1.000 kurtosis 0.998 spec_cnn 1.000  (10s)
  JSR   -8.0 dB  BER 4.83e-03  P(det)@0.05 power_one_sided 1.000 power_two_sided 1.000 kurtosis 1.000 spec_cnn 1.000  (10s)
  JSR   -7.0 dB  BER 5.33e-03  P(det)@0.05 power_one_sided 1.000 power_two_sided 1.000 kurtosis 1.000 spec_cnn 1.000  (10s)
  JSR   -6.0 dB  BER 5.76e-03  P(det)@0.05 power_one_sided 1.000 power_two_sided 1.000 kurtosis 1.000 spec_cnn 1.000  (11s)
  JSR   -5.0 dB  BER 6.07e-03  P(det)@0.05 power_one_sided 1.000 power_two_sided 1.000 kurtosis 1.000 spec_cnn 1.000  (11s)
  JSR   -4.0 dB  BER 6.78e-03  P(det)@0.05 power_one_sided 1.000 power_two_sided 1.000 kurtosis 1.000 spec_cnn 1.000  (11s)
  JSR   -3.0 dB  BER 7.47e-03  P(det)@0.05 power_one_sided 1.000 power_two_sided 1.000 kurtosis 1.000 spec_cnn 1.000  (11s)
  JSR   -2.0 dB  BER 8.17e-03  P(det)@0.05 power_one_sided 1.000 power_two_sided 1.000 kurtosis 1.000 spec_cnn 1.000  (12s)
  JSR   -1.0 dB  BER 8.80e-03  P(det)@0.05 power_one_sided 1.000 power_two_sided 1.000 kurtosis 1.000 spec_cnn 1.000  (12s)
  JSR   +0.0 dB  BER 9.04e-03  P(det)@0.05 power_one_sided 1.000 power_two_sided 1.000 kurtosis 1.000 spec_cnn 1.000  (12s)
  JSR   +1.0 dB  BER 9.73e-03  P(det)@0.05 power_one_sided 1.000 power_two_sided 1.000 kurtosis 1.000 spec_cnn 1.000  (12s)
  JSR   +2.0 dB  BER 1.00e-02  P(det)@0.05 power_one_sided 1.000 power_two_sided 1.000 kurtosis 1.000 spec_cnn 1.000  (12s)
  JSR   +3.0 dB  BER 1.13e-02  P(det)@0.05 power_one_sided 1.000 power_two_sided 1.000 kurtosis 1.000 spec_cnn 1.000  (13s)
  JSR   +4.0 dB  BER 1.28e-02  P(det)@0.05 power_one_sided 1.000 power_two_sided 1.000 kurtosis 1.000 spec_cnn 1.000  (13s)
  JSR   +5.0 dB  BER 1.45e-02  P(det)@0.05 power_one_sided 1.000 power_two_sided 1.000 kurtosis 1.000 spec_cnn 1.000  (13s)
  JSR   +6.0 dB  BER 1.81e-02  P(det)@0.05 power_one_sided 1.000 power_two_sided 1.000 kurtosis 1.000 spec_cnn 1.000  (13s)
  JSR   +7.0 dB  BER 2.21e-02  P(det)@0.05 power_one_sided 1.000 power_two_sided 1.000 kurtosis 1.000 spec_cnn 1.000  (14s)
  JSR   +8.0 dB  BER 3.05e-02  P(det)@0.05 power_one_sided 1.000 power_two_sided 1.000 kurtosis 1.000 spec_cnn 1.000  (14s)
  JSR   +9.0 dB  BER 4.06e-02  P(det)@0.05 power_one_sided 1.000 power_two_sided 1.000 kurtosis 1.000 spec_cnn 1.000  (14s)
  JSR  +10.0 dB  BER 5.50e-02  P(det)@0.05 power_one_sided 1.000 power_two_sided 1.000 kurtosis 1.000 spec_cnn 1.000  (14s)
  JSR  +11.0 dB  BER 7.50e-02  P(det)@0.05 power_one_sided 1.000 power_two_sided 1.000 kurtosis 1.000 spec_cnn 1.000  (15s)
  JSR  +12.0 dB  BER 9.60e-02  P(det)@0.05 power_one_sided 1.000 power_two_sided 1.000 kurtosis 1.000 spec_cnn 1.000  (15s)
  JSR  +13.0 dB  BER 1.20e-01  P(det)@0.05 power_one_sided 1.000 power_two_sided 1.000 kurtosis 1.000 spec_cnn 1.000  (15s)
  JSR  +14.0 dB  BER 1.46e-01  P(det)@0.05 power_one_sided 1.000 power_two_sided 1.000 kurtosis 1.000 spec_cnn 1.000  (15s)
  JSR  +15.0 dB  BER 1.72e-01  P(det)@0.05 power_one_sided 1.000 power_two_sided 1.000 kurtosis 1.000 spec_cnn 0.992  (16s)
  [snr_40] power_two_sided_b1 confirmed: {"power_one_sided": {"0.01": null, "0.05": null}, "power_two_sided": {"0.01": null, "0.05": null}, "kurtosis": {"0.01": {"index": 0, "sweep_ber": 0.0, "sweep_pdet": 0.01171875, "confirmed_ber": 0.0, "confirmed_ser": 0.0, "confirmed_pdet": 0.01025390625, "passed": true}, "0.05": {"index": 0, "sweep_ber": 0.0, "sweep_pdet": 0.05859375, "confirmed_ber": 0.0, "confirmed_ser": 0.0, "confirmed_pdet": 0.0498046875, "passed": true}}, "spec_cnn": {"0.01": {"index": 0, "sweep_ber": 0.0, "sweep_pdet": 0.00390625, "confirmed_ber": 0.0, "confirmed_ser": 0.0, "confirmed_pdet": 0.008544921875, "passed": true}, "0.05": {"index": 0, "sweep_ber": 0.0, "sweep_pdet": 0.048828125, "confirmed_ber": 0.0, "confirmed_ser": 0.0, "confirmed_pdet": 0.05224609375, "passed": true}}}  (359s)
  [snr_40] generator power_two_sided_b10 (scale 1.0000)
  JSR  -50.0 dB  BER 0.00e+00  P(det)@0.05 power_one_sided 0.072 power_two_sided 0.107 kurtosis 0.047 spec_cnn 0.074  (0s)
  JSR  -49.0 dB  BER 0.00e+00  P(det)@0.05 power_one_sided 0.119 power_two_sided 0.121 kurtosis 0.045 spec_cnn 0.070  (0s)
  JSR  -48.0 dB  BER 0.00e+00  P(det)@0.05 power_one_sided 0.125 power_two_sided 0.139 kurtosis 0.053 spec_cnn 0.105  (1s)
  JSR  -47.0 dB  BER 0.00e+00  P(det)@0.05 power_one_sided 0.121 power_two_sided 0.156 kurtosis 0.045 spec_cnn 0.115  (1s)
  JSR  -46.0 dB  BER 0.00e+00  P(det)@0.05 power_one_sided 0.176 power_two_sided 0.201 kurtosis 0.051 spec_cnn 0.117  (1s)
  JSR  -45.0 dB  BER 0.00e+00  P(det)@0.05 power_one_sided 0.188 power_two_sided 0.240 kurtosis 0.037 spec_cnn 0.139  (1s)
  JSR  -44.0 dB  BER 0.00e+00  P(det)@0.05 power_one_sided 0.201 power_two_sided 0.242 kurtosis 0.072 spec_cnn 0.152  (2s)
  JSR  -43.0 dB  BER 0.00e+00  P(det)@0.05 power_one_sided 0.213 power_two_sided 0.268 kurtosis 0.068 spec_cnn 0.188  (2s)
  JSR  -42.0 dB  BER 0.00e+00  P(det)@0.05 power_one_sided 0.238 power_two_sided 0.316 kurtosis 0.045 spec_cnn 0.217  (2s)
  JSR  -41.0 dB  BER 0.00e+00  P(det)@0.05 power_one_sided 0.279 power_two_sided 0.385 kurtosis 0.055 spec_cnn 0.250  (2s)
  JSR  -40.0 dB  BER 0.00e+00  P(det)@0.05 power_one_sided 0.342 power_two_sided 0.441 kurtosis 0.055 spec_cnn 0.305  (3s)
  JSR  -39.0 dB  BER 0.00e+00  P(det)@0.05 power_one_sided 0.367 power_two_sided 0.496 kurtosis 0.057 spec_cnn 0.352  (3s)
  JSR  -38.0 dB  BER 0.00e+00  P(det)@0.05 power_one_sided 0.387 power_two_sided 0.551 kurtosis 0.057 spec_cnn 0.377  (3s)
  JSR  -37.0 dB  BER 0.00e+00  P(det)@0.05 power_one_sided 0.391 power_two_sided 0.574 kurtosis 0.039 spec_cnn 0.432  (3s)
  JSR  -36.0 dB  BER 0.00e+00  P(det)@0.05 power_one_sided 0.424 power_two_sided 0.643 kurtosis 0.057 spec_cnn 0.494  (3s)
  JSR  -35.0 dB  BER 0.00e+00  P(det)@0.05 power_one_sided 0.492 power_two_sided 0.684 kurtosis 0.055 spec_cnn 0.543  (4s)
  JSR  -34.0 dB  BER 0.00e+00  P(det)@0.05 power_one_sided 0.494 power_two_sided 0.717 kurtosis 0.059 spec_cnn 0.639  (4s)
  JSR  -33.0 dB  BER 0.00e+00  P(det)@0.05 power_one_sided 0.553 power_two_sided 0.793 kurtosis 0.059 spec_cnn 0.682  (4s)
  JSR  -32.0 dB  BER 0.00e+00  P(det)@0.05 power_one_sided 0.531 power_two_sided 0.764 kurtosis 0.051 spec_cnn 0.746  (4s)
  JSR  -31.0 dB  BER 0.00e+00  P(det)@0.05 power_one_sided 0.609 power_two_sided 0.807 kurtosis 0.053 spec_cnn 0.801  (5s)
  JSR  -30.0 dB  BER 0.00e+00  P(det)@0.05 power_one_sided 0.576 power_two_sided 0.816 kurtosis 0.066 spec_cnn 0.793  (5s)
  JSR  -29.0 dB  BER 0.00e+00  P(det)@0.05 power_one_sided 0.619 power_two_sided 0.816 kurtosis 0.035 spec_cnn 0.887  (5s)
  JSR  -28.0 dB  BER 0.00e+00  P(det)@0.05 power_one_sided 0.643 power_two_sided 0.855 kurtosis 0.049 spec_cnn 0.928  (5s)
  JSR  -27.0 dB  BER 0.00e+00  P(det)@0.05 power_one_sided 0.697 power_two_sided 0.898 kurtosis 0.047 spec_cnn 0.982  (6s)
  JSR  -26.0 dB  BER 0.00e+00  P(det)@0.05 power_one_sided 0.750 power_two_sided 0.879 kurtosis 0.059 spec_cnn 0.992  (6s)
  JSR  -25.0 dB  BER 0.00e+00  P(det)@0.05 power_one_sided 0.812 power_two_sided 0.916 kurtosis 0.039 spec_cnn 0.992  (6s)
  JSR  -24.0 dB  BER 0.00e+00  P(det)@0.05 power_one_sided 0.814 power_two_sided 0.916 kurtosis 0.057 spec_cnn 1.000  (6s)
  JSR  -23.0 dB  BER 0.00e+00  P(det)@0.05 power_one_sided 0.869 power_two_sided 0.939 kurtosis 0.049 spec_cnn 1.000  (7s)
  JSR  -22.0 dB  BER 4.58e-05  P(det)@0.05 power_one_sided 0.891 power_two_sided 0.959 kurtosis 0.066 spec_cnn 1.000  (7s)
  JSR  -21.0 dB  BER 3.51e-04  P(det)@0.05 power_one_sided 0.953 power_two_sided 0.973 kurtosis 0.088 spec_cnn 1.000  (7s)
  JSR  -20.0 dB  BER 6.79e-04  P(det)@0.05 power_one_sided 0.979 power_two_sided 0.992 kurtosis 0.090 spec_cnn 1.000  (7s)
  JSR  -19.0 dB  BER 1.01e-03  P(det)@0.05 power_one_sided 0.994 power_two_sided 0.994 kurtosis 0.102 spec_cnn 1.000  (7s)
  JSR  -18.0 dB  BER 1.35e-03  P(det)@0.05 power_one_sided 0.996 power_two_sided 0.996 kurtosis 0.145 spec_cnn 1.000  (8s)
  JSR  -17.0 dB  BER 1.86e-03  P(det)@0.05 power_one_sided 1.000 power_two_sided 1.000 kurtosis 0.293 spec_cnn 1.000  (8s)
  JSR  -16.0 dB  BER 2.20e-03  P(det)@0.05 power_one_sided 1.000 power_two_sided 1.000 kurtosis 0.373 spec_cnn 1.000  (8s)
  JSR  -15.0 dB  BER 2.64e-03  P(det)@0.05 power_one_sided 1.000 power_two_sided 1.000 kurtosis 0.453 spec_cnn 1.000  (8s)
  JSR  -14.0 dB  BER 2.96e-03  P(det)@0.05 power_one_sided 1.000 power_two_sided 1.000 kurtosis 0.619 spec_cnn 1.000  (9s)
  JSR  -13.0 dB  BER 3.36e-03  P(det)@0.05 power_one_sided 1.000 power_two_sided 1.000 kurtosis 0.758 spec_cnn 1.000  (9s)
  JSR  -12.0 dB  BER 3.57e-03  P(det)@0.05 power_one_sided 1.000 power_two_sided 1.000 kurtosis 0.916 spec_cnn 1.000  (9s)
  JSR  -11.0 dB  BER 4.07e-03  P(det)@0.05 power_one_sided 1.000 power_two_sided 1.000 kurtosis 0.988 spec_cnn 1.000  (9s)
  JSR  -10.0 dB  BER 4.29e-03  P(det)@0.05 power_one_sided 1.000 power_two_sided 1.000 kurtosis 1.000 spec_cnn 1.000  (10s)
  JSR   -9.0 dB  BER 4.60e-03  P(det)@0.05 power_one_sided 1.000 power_two_sided 1.000 kurtosis 1.000 spec_cnn 1.000  (10s)
  JSR   -8.0 dB  BER 5.08e-03  P(det)@0.05 power_one_sided 1.000 power_two_sided 1.000 kurtosis 1.000 spec_cnn 1.000  (10s)
  JSR   -7.0 dB  BER 5.82e-03  P(det)@0.05 power_one_sided 1.000 power_two_sided 1.000 kurtosis 1.000 spec_cnn 1.000  (10s)
  JSR   -6.0 dB  BER 6.51e-03  P(det)@0.05 power_one_sided 1.000 power_two_sided 1.000 kurtosis 1.000 spec_cnn 1.000  (11s)
  JSR   -5.0 dB  BER 7.13e-03  P(det)@0.05 power_one_sided 1.000 power_two_sided 1.000 kurtosis 1.000 spec_cnn 1.000  (11s)
  JSR   -4.0 dB  BER 7.90e-03  P(det)@0.05 power_one_sided 1.000 power_two_sided 1.000 kurtosis 1.000 spec_cnn 1.000  (11s)
  JSR   -3.0 dB  BER 8.25e-03  P(det)@0.05 power_one_sided 1.000 power_two_sided 1.000 kurtosis 1.000 spec_cnn 1.000  (11s)
  JSR   -2.0 dB  BER 9.06e-03  P(det)@0.05 power_one_sided 1.000 power_two_sided 1.000 kurtosis 1.000 spec_cnn 1.000  (11s)
  JSR   -1.0 dB  BER 9.83e-03  P(det)@0.05 power_one_sided 1.000 power_two_sided 1.000 kurtosis 1.000 spec_cnn 1.000  (12s)
  JSR   +0.0 dB  BER 1.03e-02  P(det)@0.05 power_one_sided 1.000 power_two_sided 1.000 kurtosis 1.000 spec_cnn 1.000  (12s)
  JSR   +1.0 dB  BER 1.19e-02  P(det)@0.05 power_one_sided 1.000 power_two_sided 1.000 kurtosis 1.000 spec_cnn 1.000  (12s)
  JSR   +2.0 dB  BER 1.27e-02  P(det)@0.05 power_one_sided 1.000 power_two_sided 1.000 kurtosis 1.000 spec_cnn 1.000  (12s)
  JSR   +3.0 dB  BER 1.46e-02  P(det)@0.05 power_one_sided 1.000 power_two_sided 1.000 kurtosis 1.000 spec_cnn 1.000  (13s)
  JSR   +4.0 dB  BER 1.61e-02  P(det)@0.05 power_one_sided 1.000 power_two_sided 1.000 kurtosis 1.000 spec_cnn 1.000  (13s)
  JSR   +5.0 dB  BER 1.96e-02  P(det)@0.05 power_one_sided 1.000 power_two_sided 1.000 kurtosis 1.000 spec_cnn 1.000  (13s)
  JSR   +6.0 dB  BER 2.58e-02  P(det)@0.05 power_one_sided 1.000 power_two_sided 1.000 kurtosis 1.000 spec_cnn 1.000  (13s)
  JSR   +7.0 dB  BER 3.33e-02  P(det)@0.05 power_one_sided 1.000 power_two_sided 1.000 kurtosis 1.000 spec_cnn 1.000  (14s)
  JSR   +8.0 dB  BER 4.52e-02  P(det)@0.05 power_one_sided 1.000 power_two_sided 1.000 kurtosis 1.000 spec_cnn 1.000  (14s)
  JSR   +9.0 dB  BER 5.97e-02  P(det)@0.05 power_one_sided 1.000 power_two_sided 1.000 kurtosis 1.000 spec_cnn 1.000  (14s)
  JSR  +10.0 dB  BER 7.88e-02  P(det)@0.05 power_one_sided 1.000 power_two_sided 1.000 kurtosis 1.000 spec_cnn 1.000  (14s)
  JSR  +11.0 dB  BER 9.73e-02  P(det)@0.05 power_one_sided 1.000 power_two_sided 1.000 kurtosis 1.000 spec_cnn 0.998  (15s)
  JSR  +12.0 dB  BER 1.19e-01  P(det)@0.05 power_one_sided 1.000 power_two_sided 1.000 kurtosis 1.000 spec_cnn 0.992  (15s)
  JSR  +13.0 dB  BER 1.46e-01  P(det)@0.05 power_one_sided 1.000 power_two_sided 1.000 kurtosis 1.000 spec_cnn 0.975  (15s)
  JSR  +14.0 dB  BER 1.75e-01  P(det)@0.05 power_one_sided 1.000 power_two_sided 1.000 kurtosis 1.000 spec_cnn 0.863  (15s)
  JSR  +15.0 dB  BER 1.97e-01  P(det)@0.05 power_one_sided 1.000 power_two_sided 1.000 kurtosis 1.000 spec_cnn 0.680  (15s)
  [snr_40] power_two_sided_b10 confirmed: {"power_one_sided": {"0.01": {"index": 0, "sweep_ber": 0.0, "sweep_pdet": 0.015625, "confirmed_ber": 0.0, "confirmed_ser": 0.0, "confirmed_pdet": 0.031494140625, "passed": false}, "0.05": null}, "power_two_sided": {"0.01": null, "0.05": null}, "kurtosis": {"0.01": {"index": 28, "sweep_ber": 4.57763671875e-05, "sweep_pdet": 0.017578125, "confirmed_ber": 2.765655517578125e-05, "confirmed_ser": 5.53131103515625e-05, "confirmed_pdet": 0.012939453125, "passed": true}, "0.05": {"index": 28, "sweep_ber": 4.57763671875e-05, "sweep_pdet": 0.06640625, "confirmed_ber": 3.719329833984375e-05, "confirmed_ser": 7.43865966796875e-05, "confirmed_pdet": 0.062744140625, "passed": false}}, "spec_cnn": {"0.01": {"index": 65, "sweep_ber": 0.1966705322265625, "sweep_pdet": 0.0, "confirmed_ber": 0.19943809509277344, "confirmed_ser": 0.35512542724609375, "confirmed_pdet": 0.00048828125, "passed": true}, "0.05": null}}  (382s)
  [snr_40] generator power_two_sided_b100 (scale 1.0000)
  JSR  -50.0 dB  BER 0.00e+00  P(det)@0.05 power_one_sided 0.088 power_two_sided 0.086 kurtosis 0.051 spec_cnn 0.043  (0s)
  JSR  -49.0 dB  BER 0.00e+00  P(det)@0.05 power_one_sided 0.098 power_two_sided 0.125 kurtosis 0.041 spec_cnn 0.039  (0s)
  JSR  -48.0 dB  BER 0.00e+00  P(det)@0.05 power_one_sided 0.111 power_two_sided 0.117 kurtosis 0.064 spec_cnn 0.043  (1s)
  JSR  -47.0 dB  BER 0.00e+00  P(det)@0.05 power_one_sided 0.123 power_two_sided 0.156 kurtosis 0.070 spec_cnn 0.041  (1s)
  JSR  -46.0 dB  BER 0.00e+00  P(det)@0.05 power_one_sided 0.162 power_two_sided 0.166 kurtosis 0.062 spec_cnn 0.039  (1s)
  JSR  -45.0 dB  BER 0.00e+00  P(det)@0.05 power_one_sided 0.123 power_two_sided 0.172 kurtosis 0.051 spec_cnn 0.066  (1s)
  JSR  -44.0 dB  BER 0.00e+00  P(det)@0.05 power_one_sided 0.182 power_two_sided 0.238 kurtosis 0.049 spec_cnn 0.092  (2s)
  JSR  -43.0 dB  BER 0.00e+00  P(det)@0.05 power_one_sided 0.211 power_two_sided 0.252 kurtosis 0.041 spec_cnn 0.074  (2s)
  JSR  -42.0 dB  BER 0.00e+00  P(det)@0.05 power_one_sided 0.238 power_two_sided 0.336 kurtosis 0.045 spec_cnn 0.084  (2s)
  JSR  -41.0 dB  BER 0.00e+00  P(det)@0.05 power_one_sided 0.244 power_two_sided 0.340 kurtosis 0.066 spec_cnn 0.088  (2s)
  JSR  -40.0 dB  BER 0.00e+00  P(det)@0.05 power_one_sided 0.344 power_two_sided 0.438 kurtosis 0.059 spec_cnn 0.143  (3s)
  JSR  -39.0 dB  BER 0.00e+00  P(det)@0.05 power_one_sided 0.295 power_two_sided 0.443 kurtosis 0.053 spec_cnn 0.146  (3s)
  JSR  -38.0 dB  BER 0.00e+00  P(det)@0.05 power_one_sided 0.379 power_two_sided 0.500 kurtosis 0.045 spec_cnn 0.215  (3s)
  JSR  -37.0 dB  BER 0.00e+00  P(det)@0.05 power_one_sided 0.406 power_two_sided 0.586 kurtosis 0.051 spec_cnn 0.242  (3s)
  JSR  -36.0 dB  BER 0.00e+00  P(det)@0.05 power_one_sided 0.398 power_two_sided 0.566 kurtosis 0.082 spec_cnn 0.311  (4s)
  JSR  -35.0 dB  BER 0.00e+00  P(det)@0.05 power_one_sided 0.426 power_two_sided 0.621 kurtosis 0.053 spec_cnn 0.365  (4s)
  JSR  -34.0 dB  BER 0.00e+00  P(det)@0.05 power_one_sided 0.482 power_two_sided 0.686 kurtosis 0.041 spec_cnn 0.377  (4s)
  JSR  -33.0 dB  BER 0.00e+00  P(det)@0.05 power_one_sided 0.488 power_two_sided 0.703 kurtosis 0.064 spec_cnn 0.434  (4s)
  JSR  -32.0 dB  BER 0.00e+00  P(det)@0.05 power_one_sided 0.555 power_two_sided 0.752 kurtosis 0.062 spec_cnn 0.557  (4s)
  JSR  -31.0 dB  BER 0.00e+00  P(det)@0.05 power_one_sided 0.566 power_two_sided 0.756 kurtosis 0.047 spec_cnn 0.615  (5s)
  JSR  -30.0 dB  BER 0.00e+00  P(det)@0.05 power_one_sided 0.594 power_two_sided 0.789 kurtosis 0.066 spec_cnn 0.701  (5s)
  JSR  -29.0 dB  BER 0.00e+00  P(det)@0.05 power_one_sided 0.611 power_two_sided 0.816 kurtosis 0.061 spec_cnn 0.775  (5s)
  JSR  -28.0 dB  BER 0.00e+00  P(det)@0.05 power_one_sided 0.658 power_two_sided 0.861 kurtosis 0.055 spec_cnn 0.854  (5s)
  JSR  -27.0 dB  BER 0.00e+00  P(det)@0.05 power_one_sided 0.703 power_two_sided 0.863 kurtosis 0.051 spec_cnn 0.936  (6s)
  JSR  -26.0 dB  BER 0.00e+00  P(det)@0.05 power_one_sided 0.760 power_two_sided 0.896 kurtosis 0.059 spec_cnn 0.971  (6s)
  JSR  -25.0 dB  BER 0.00e+00  P(det)@0.05 power_one_sided 0.799 power_two_sided 0.918 kurtosis 0.072 spec_cnn 0.988  (6s)
  JSR  -24.0 dB  BER 0.00e+00  P(det)@0.05 power_one_sided 0.795 power_two_sided 0.926 kurtosis 0.055 spec_cnn 1.000  (6s)
  JSR  -23.0 dB  BER 0.00e+00  P(det)@0.05 power_one_sided 0.850 power_two_sided 0.936 kurtosis 0.047 spec_cnn 1.000  (7s)
  JSR  -22.0 dB  BER 0.00e+00  P(det)@0.05 power_one_sided 0.887 power_two_sided 0.934 kurtosis 0.059 spec_cnn 1.000  (7s)
  JSR  -21.0 dB  BER 3.05e-05  P(det)@0.05 power_one_sided 0.939 power_two_sided 0.977 kurtosis 0.080 spec_cnn 1.000  (7s)
  JSR  -20.0 dB  BER 2.44e-04  P(det)@0.05 power_one_sided 0.951 power_two_sided 0.980 kurtosis 0.086 spec_cnn 1.000  (7s)
  JSR  -19.0 dB  BER 5.72e-04  P(det)@0.05 power_one_sided 0.979 power_two_sided 0.988 kurtosis 0.088 spec_cnn 1.000  (8s)
  JSR  -18.0 dB  BER 9.31e-04  P(det)@0.05 power_one_sided 0.982 power_two_sided 0.988 kurtosis 0.109 spec_cnn 1.000  (8s)
  JSR  -17.0 dB  BER 1.50e-03  P(det)@0.05 power_one_sided 0.998 power_two_sided 0.998 kurtosis 0.154 spec_cnn 1.000  (8s)
  JSR  -16.0 dB  BER 1.69e-03  P(det)@0.05 power_one_sided 1.000 power_two_sided 1.000 kurtosis 0.291 spec_cnn 1.000  (8s)
  JSR  -15.0 dB  BER 2.27e-03  P(det)@0.05 power_one_sided 0.998 power_two_sided 0.998 kurtosis 0.326 spec_cnn 1.000  (8s)
  JSR  -14.0 dB  BER 2.59e-03  P(det)@0.05 power_one_sided 1.000 power_two_sided 1.000 kurtosis 0.479 spec_cnn 1.000  (9s)
  JSR  -13.0 dB  BER 2.75e-03  P(det)@0.05 power_one_sided 1.000 power_two_sided 1.000 kurtosis 0.664 spec_cnn 1.000  (9s)
  JSR  -12.0 dB  BER 3.06e-03  P(det)@0.05 power_one_sided 1.000 power_two_sided 1.000 kurtosis 0.793 spec_cnn 1.000  (9s)
  JSR  -11.0 dB  BER 3.65e-03  P(det)@0.05 power_one_sided 1.000 power_two_sided 1.000 kurtosis 0.934 spec_cnn 1.000  (9s)
  JSR  -10.0 dB  BER 4.09e-03  P(det)@0.05 power_one_sided 1.000 power_two_sided 1.000 kurtosis 0.996 spec_cnn 1.000  (10s)
  JSR   -9.0 dB  BER 4.15e-03  P(det)@0.05 power_one_sided 1.000 power_two_sided 1.000 kurtosis 1.000 spec_cnn 1.000  (10s)
  JSR   -8.0 dB  BER 4.51e-03  P(det)@0.05 power_one_sided 1.000 power_two_sided 1.000 kurtosis 1.000 spec_cnn 1.000  (10s)
  JSR   -7.0 dB  BER 5.44e-03  P(det)@0.05 power_one_sided 1.000 power_two_sided 1.000 kurtosis 1.000 spec_cnn 1.000  (10s)
  JSR   -6.0 dB  BER 5.46e-03  P(det)@0.05 power_one_sided 1.000 power_two_sided 1.000 kurtosis 1.000 spec_cnn 1.000  (11s)
  JSR   -5.0 dB  BER 6.29e-03  P(det)@0.05 power_one_sided 1.000 power_two_sided 1.000 kurtosis 1.000 spec_cnn 1.000  (11s)
  JSR   -4.0 dB  BER 6.52e-03  P(det)@0.05 power_one_sided 1.000 power_two_sided 1.000 kurtosis 1.000 spec_cnn 1.000  (11s)
  JSR   -3.0 dB  BER 7.68e-03  P(det)@0.05 power_one_sided 1.000 power_two_sided 1.000 kurtosis 1.000 spec_cnn 1.000  (11s)
  JSR   -2.0 dB  BER 8.58e-03  P(det)@0.05 power_one_sided 1.000 power_two_sided 1.000 kurtosis 1.000 spec_cnn 1.000  (12s)
  JSR   -1.0 dB  BER 1.09e-02  P(det)@0.05 power_one_sided 1.000 power_two_sided 1.000 kurtosis 1.000 spec_cnn 1.000  (12s)
  JSR   +0.0 dB  BER 1.46e-02  P(det)@0.05 power_one_sided 1.000 power_two_sided 1.000 kurtosis 1.000 spec_cnn 1.000  (12s)
  JSR   +1.0 dB  BER 2.19e-02  P(det)@0.05 power_one_sided 1.000 power_two_sided 1.000 kurtosis 1.000 spec_cnn 1.000  (12s)
  JSR   +2.0 dB  BER 3.38e-02  P(det)@0.05 power_one_sided 1.000 power_two_sided 1.000 kurtosis 1.000 spec_cnn 1.000  (12s)
  JSR   +3.0 dB  BER 4.75e-02  P(det)@0.05 power_one_sided 1.000 power_two_sided 1.000 kurtosis 1.000 spec_cnn 1.000  (13s)
  JSR   +4.0 dB  BER 6.76e-02  P(det)@0.05 power_one_sided 1.000 power_two_sided 1.000 kurtosis 1.000 spec_cnn 1.000  (13s)
  JSR   +5.0 dB  BER 8.59e-02  P(det)@0.05 power_one_sided 1.000 power_two_sided 1.000 kurtosis 1.000 spec_cnn 1.000  (13s)
  JSR   +6.0 dB  BER 1.12e-01  P(det)@0.05 power_one_sided 1.000 power_two_sided 1.000 kurtosis 1.000 spec_cnn 1.000  (13s)
  JSR   +7.0 dB  BER 1.40e-01  P(det)@0.05 power_one_sided 1.000 power_two_sided 1.000 kurtosis 1.000 spec_cnn 1.000  (14s)
  JSR   +8.0 dB  BER 1.64e-01  P(det)@0.05 power_one_sided 1.000 power_two_sided 1.000 kurtosis 1.000 spec_cnn 1.000  (14s)
  JSR   +9.0 dB  BER 1.92e-01  P(det)@0.05 power_one_sided 1.000 power_two_sided 1.000 kurtosis 1.000 spec_cnn 1.000  (14s)
  JSR  +10.0 dB  BER 2.19e-01  P(det)@0.05 power_one_sided 1.000 power_two_sided 1.000 kurtosis 1.000 spec_cnn 1.000  (14s)
  JSR  +11.0 dB  BER 2.44e-01  P(det)@0.05 power_one_sided 1.000 power_two_sided 1.000 kurtosis 1.000 spec_cnn 1.000  (15s)
  JSR  +12.0 dB  BER 2.65e-01  P(det)@0.05 power_one_sided 1.000 power_two_sided 1.000 kurtosis 1.000 spec_cnn 0.998  (15s)
  JSR  +13.0 dB  BER 2.90e-01  P(det)@0.05 power_one_sided 1.000 power_two_sided 1.000 kurtosis 1.000 spec_cnn 0.996  (15s)
  JSR  +14.0 dB  BER 3.09e-01  P(det)@0.05 power_one_sided 1.000 power_two_sided 1.000 kurtosis 1.000 spec_cnn 0.992  (15s)
  JSR  +15.0 dB  BER 3.28e-01  P(det)@0.05 power_one_sided 1.000 power_two_sided 1.000 kurtosis 1.000 spec_cnn 0.939  (16s)
  [snr_40] power_two_sided_b100 confirmed: {"power_one_sided": {"0.01": {"index": 0, "sweep_ber": 0.0, "sweep_pdet": 0.015625, "confirmed_ber": 0.0, "confirmed_ser": 0.0, "confirmed_pdet": 0.02783203125, "passed": false}, "0.05": null}, "power_two_sided": {"0.01": null, "0.05": null}, "kurtosis": {"0.01": {"index": 0, "sweep_ber": 0.0, "sweep_pdet": 0.009765625, "confirmed_ber": 0.0, "confirmed_ser": 0.0, "confirmed_pdet": 0.007568359375, "passed": true}, "0.05": {"index": 0, "sweep_ber": 0.0, "sweep_pdet": 0.05078125, "confirmed_ber": 0.0, "confirmed_ser": 0.0, "confirmed_pdet": 0.05322265625, "passed": true}}, "spec_cnn": {"0.01": {"index": 65, "sweep_ber": 0.327728271484375, "sweep_pdet": 0.001953125, "confirmed_ber": 0.32684898376464844, "confirmed_ser": 0.5451488494873047, "confirmed_pdet": 0.000244140625, "passed": true}, "0.05": {"index": 0, "sweep_ber": 0.0, "sweep_pdet": 0.04296875, "confirmed_ber": 0.0, "confirmed_ser": 0.0, "confirmed_pdet": 0.046142578125, "passed": true}}}  (407s)
  [snr_40] generator power_two_sided_b1000 (scale 1.0000)
  JSR  -50.0 dB  BER 0.00e+00  P(det)@0.05 power_one_sided 0.102 power_two_sided 0.139 kurtosis 0.068 spec_cnn 0.072  (0s)
  JSR  -49.0 dB  BER 0.00e+00  P(det)@0.05 power_one_sided 0.100 power_two_sided 0.133 kurtosis 0.051 spec_cnn 0.066  (0s)
  JSR  -48.0 dB  BER 0.00e+00  P(det)@0.05 power_one_sided 0.121 power_two_sided 0.154 kurtosis 0.062 spec_cnn 0.055  (1s)
  JSR  -47.0 dB  BER 0.00e+00  P(det)@0.05 power_one_sided 0.148 power_two_sided 0.211 kurtosis 0.055 spec_cnn 0.053  (1s)
  JSR  -46.0 dB  BER 0.00e+00  P(det)@0.05 power_one_sided 0.146 power_two_sided 0.211 kurtosis 0.047 spec_cnn 0.072  (1s)
  JSR  -45.0 dB  BER 0.00e+00  P(det)@0.05 power_one_sided 0.166 power_two_sided 0.260 kurtosis 0.053 spec_cnn 0.082  (1s)
  JSR  -44.0 dB  BER 0.00e+00  P(det)@0.05 power_one_sided 0.217 power_two_sided 0.293 kurtosis 0.047 spec_cnn 0.074  (2s)
  JSR  -43.0 dB  BER 0.00e+00  P(det)@0.05 power_one_sided 0.225 power_two_sided 0.334 kurtosis 0.043 spec_cnn 0.094  (2s)
  JSR  -42.0 dB  BER 0.00e+00  P(det)@0.05 power_one_sided 0.266 power_two_sided 0.383 kurtosis 0.055 spec_cnn 0.102  (2s)
  JSR  -41.0 dB  BER 0.00e+00  P(det)@0.05 power_one_sided 0.268 power_two_sided 0.396 kurtosis 0.051 spec_cnn 0.121  (2s)
  JSR  -40.0 dB  BER 0.00e+00  P(det)@0.05 power_one_sided 0.305 power_two_sided 0.480 kurtosis 0.047 spec_cnn 0.143  (3s)
  JSR  -39.0 dB  BER 0.00e+00  P(det)@0.05 power_one_sided 0.348 power_two_sided 0.518 kurtosis 0.051 spec_cnn 0.162  (3s)
  JSR  -38.0 dB  BER 0.00e+00  P(det)@0.05 power_one_sided 0.363 power_two_sided 0.561 kurtosis 0.047 spec_cnn 0.197  (3s)
  JSR  -37.0 dB  BER 0.00e+00  P(det)@0.05 power_one_sided 0.375 power_two_sided 0.604 kurtosis 0.061 spec_cnn 0.230  (3s)
  JSR  -36.0 dB  BER 0.00e+00  P(det)@0.05 power_one_sided 0.418 power_two_sided 0.623 kurtosis 0.031 spec_cnn 0.275  (3s)
  JSR  -35.0 dB  BER 0.00e+00  P(det)@0.05 power_one_sided 0.443 power_two_sided 0.664 kurtosis 0.061 spec_cnn 0.355  (4s)
  JSR  -34.0 dB  BER 0.00e+00  P(det)@0.05 power_one_sided 0.465 power_two_sided 0.689 kurtosis 0.047 spec_cnn 0.453  (4s)
  JSR  -33.0 dB  BER 0.00e+00  P(det)@0.05 power_one_sided 0.510 power_two_sided 0.723 kurtosis 0.049 spec_cnn 0.537  (4s)
  JSR  -32.0 dB  BER 0.00e+00  P(det)@0.05 power_one_sided 0.514 power_two_sided 0.752 kurtosis 0.043 spec_cnn 0.641  (4s)
  JSR  -31.0 dB  BER 0.00e+00  P(det)@0.05 power_one_sided 0.504 power_two_sided 0.768 kurtosis 0.051 spec_cnn 0.682  (5s)
  JSR  -30.0 dB  BER 0.00e+00  P(det)@0.05 power_one_sided 0.604 power_two_sided 0.836 kurtosis 0.037 spec_cnn 0.766  (5s)
  JSR  -29.0 dB  BER 0.00e+00  P(det)@0.05 power_one_sided 0.580 power_two_sided 0.820 kurtosis 0.068 spec_cnn 0.834  (5s)
  JSR  -28.0 dB  BER 0.00e+00  P(det)@0.05 power_one_sided 0.572 power_two_sided 0.826 kurtosis 0.062 spec_cnn 0.891  (5s)
  JSR  -27.0 dB  BER 0.00e+00  P(det)@0.05 power_one_sided 0.629 power_two_sided 0.869 kurtosis 0.045 spec_cnn 0.891  (6s)
  JSR  -26.0 dB  BER 0.00e+00  P(det)@0.05 power_one_sided 0.631 power_two_sided 0.883 kurtosis 0.057 spec_cnn 0.941  (6s)
  JSR  -25.0 dB  BER 0.00e+00  P(det)@0.05 power_one_sided 0.689 power_two_sided 0.916 kurtosis 0.068 spec_cnn 0.959  (6s)
  JSR  -24.0 dB  BER 0.00e+00  P(det)@0.05 power_one_sided 0.697 power_two_sided 0.922 kurtosis 0.045 spec_cnn 0.965  (6s)
  JSR  -23.0 dB  BER 0.00e+00  P(det)@0.05 power_one_sided 0.797 power_two_sided 0.947 kurtosis 0.062 spec_cnn 0.977  (7s)
  JSR  -22.0 dB  BER 0.00e+00  P(det)@0.05 power_one_sided 0.771 power_two_sided 0.934 kurtosis 0.043 spec_cnn 0.980  (7s)
  JSR  -21.0 dB  BER 0.00e+00  P(det)@0.05 power_one_sided 0.793 power_two_sided 0.949 kurtosis 0.078 spec_cnn 0.992  (7s)
  JSR  -20.0 dB  BER 0.00e+00  P(det)@0.05 power_one_sided 0.838 power_two_sided 0.967 kurtosis 0.098 spec_cnn 0.996  (7s)
  JSR  -19.0 dB  BER 0.00e+00  P(det)@0.05 power_one_sided 0.881 power_two_sided 0.967 kurtosis 0.127 spec_cnn 0.998  (8s)
  JSR  -18.0 dB  BER 6.87e-05  P(det)@0.05 power_one_sided 0.898 power_two_sided 0.982 kurtosis 0.172 spec_cnn 1.000  (8s)
  JSR  -17.0 dB  BER 3.51e-04  P(det)@0.05 power_one_sided 0.918 power_two_sided 0.982 kurtosis 0.234 spec_cnn 1.000  (8s)
  JSR  -16.0 dB  BER 6.87e-04  P(det)@0.05 power_one_sided 0.967 power_two_sided 0.994 kurtosis 0.307 spec_cnn 1.000  (8s)
  JSR  -15.0 dB  BER 1.23e-03  P(det)@0.05 power_one_sided 0.959 power_two_sided 0.996 kurtosis 0.449 spec_cnn 1.000  (8s)
  JSR  -14.0 dB  BER 1.58e-03  P(det)@0.05 power_one_sided 0.986 power_two_sided 0.998 kurtosis 0.621 spec_cnn 1.000  (9s)
  JSR  -13.0 dB  BER 1.79e-03  P(det)@0.05 power_one_sided 0.994 power_two_sided 1.000 kurtosis 0.779 spec_cnn 1.000  (9s)
  JSR  -12.0 dB  BER 2.37e-03  P(det)@0.05 power_one_sided 0.998 power_two_sided 1.000 kurtosis 0.895 spec_cnn 1.000  (9s)
  JSR  -11.0 dB  BER 2.59e-03  P(det)@0.05 power_one_sided 0.998 power_two_sided 0.998 kurtosis 0.953 spec_cnn 1.000  (9s)
  JSR  -10.0 dB  BER 3.22e-03  P(det)@0.05 power_one_sided 1.000 power_two_sided 1.000 kurtosis 0.980 spec_cnn 1.000  (10s)
  JSR   -9.0 dB  BER 3.54e-03  P(det)@0.05 power_one_sided 1.000 power_two_sided 1.000 kurtosis 0.998 spec_cnn 1.000  (10s)
  JSR   -8.0 dB  BER 4.08e-03  P(det)@0.05 power_one_sided 1.000 power_two_sided 1.000 kurtosis 1.000 spec_cnn 1.000  (10s)
  JSR   -7.0 dB  BER 5.47e-03  P(det)@0.05 power_one_sided 1.000 power_two_sided 1.000 kurtosis 0.998 spec_cnn 1.000  (10s)
  JSR   -6.0 dB  BER 7.90e-03  P(det)@0.05 power_one_sided 1.000 power_two_sided 1.000 kurtosis 1.000 spec_cnn 1.000  (11s)
  JSR   -5.0 dB  BER 1.43e-02  P(det)@0.05 power_one_sided 1.000 power_two_sided 1.000 kurtosis 1.000 spec_cnn 1.000  (11s)
  JSR   -4.0 dB  BER 2.28e-02  P(det)@0.05 power_one_sided 1.000 power_two_sided 1.000 kurtosis 1.000 spec_cnn 1.000  (11s)
  JSR   -3.0 dB  BER 3.64e-02  P(det)@0.05 power_one_sided 1.000 power_two_sided 1.000 kurtosis 1.000 spec_cnn 1.000  (11s)
  JSR   -2.0 dB  BER 5.39e-02  P(det)@0.05 power_one_sided 1.000 power_two_sided 1.000 kurtosis 1.000 spec_cnn 1.000  (11s)
  JSR   -1.0 dB  BER 7.60e-02  P(det)@0.05 power_one_sided 1.000 power_two_sided 1.000 kurtosis 1.000 spec_cnn 1.000  (12s)
  JSR   +0.0 dB  BER 9.97e-02  P(det)@0.05 power_one_sided 1.000 power_two_sided 1.000 kurtosis 1.000 spec_cnn 1.000  (12s)
  JSR   +1.0 dB  BER 1.26e-01  P(det)@0.05 power_one_sided 1.000 power_two_sided 1.000 kurtosis 1.000 spec_cnn 1.000  (12s)
  JSR   +2.0 dB  BER 1.51e-01  P(det)@0.05 power_one_sided 1.000 power_two_sided 1.000 kurtosis 1.000 spec_cnn 1.000  (12s)
  JSR   +3.0 dB  BER 1.81e-01  P(det)@0.05 power_one_sided 1.000 power_two_sided 1.000 kurtosis 1.000 spec_cnn 1.000  (13s)
  JSR   +4.0 dB  BER 2.07e-01  P(det)@0.05 power_one_sided 1.000 power_two_sided 1.000 kurtosis 1.000 spec_cnn 1.000  (13s)
  JSR   +5.0 dB  BER 2.32e-01  P(det)@0.05 power_one_sided 1.000 power_two_sided 1.000 kurtosis 1.000 spec_cnn 1.000  (13s)
  JSR   +6.0 dB  BER 2.60e-01  P(det)@0.05 power_one_sided 1.000 power_two_sided 1.000 kurtosis 1.000 spec_cnn 1.000  (13s)
  JSR   +7.0 dB  BER 2.81e-01  P(det)@0.05 power_one_sided 1.000 power_two_sided 1.000 kurtosis 1.000 spec_cnn 1.000  (14s)
  JSR   +8.0 dB  BER 3.03e-01  P(det)@0.05 power_one_sided 1.000 power_two_sided 1.000 kurtosis 1.000 spec_cnn 1.000  (14s)
  JSR   +9.0 dB  BER 3.22e-01  P(det)@0.05 power_one_sided 1.000 power_two_sided 1.000 kurtosis 1.000 spec_cnn 1.000  (14s)
  JSR  +10.0 dB  BER 3.40e-01  P(det)@0.05 power_one_sided 1.000 power_two_sided 1.000 kurtosis 1.000 spec_cnn 1.000  (14s)
  JSR  +11.0 dB  BER 3.58e-01  P(det)@0.05 power_one_sided 1.000 power_two_sided 1.000 kurtosis 1.000 spec_cnn 1.000  (15s)
  JSR  +12.0 dB  BER 3.74e-01  P(det)@0.05 power_one_sided 1.000 power_two_sided 1.000 kurtosis 1.000 spec_cnn 1.000  (15s)
  JSR  +13.0 dB  BER 3.84e-01  P(det)@0.05 power_one_sided 1.000 power_two_sided 1.000 kurtosis 1.000 spec_cnn 1.000  (15s)
  JSR  +14.0 dB  BER 3.99e-01  P(det)@0.05 power_one_sided 1.000 power_two_sided 1.000 kurtosis 1.000 spec_cnn 1.000  (15s)
  JSR  +15.0 dB  BER 4.08e-01  P(det)@0.05 power_one_sided 1.000 power_two_sided 1.000 kurtosis 1.000 spec_cnn 1.000  (15s)
  [snr_40] power_two_sided_b1000 confirmed: {"power_one_sided": {"0.01": null, "0.05": null}, "power_two_sided": {"0.01": null, "0.05": null}, "kurtosis": {"0.01": {"index": 0, "sweep_ber": 0.0, "sweep_pdet": 0.013671875, "confirmed_ber": 0.0, "confirmed_ser": 0.0, "confirmed_pdet": 0.008056640625, "passed": true}, "0.05": {"index": 0, "sweep_ber": 0.0, "sweep_pdet": 0.068359375, "confirmed_ber": 0.0, "confirmed_ser": 0.0, "confirmed_pdet": 0.052001953125, "passed": true}}, "spec_cnn": {"0.01": {"index": 1, "sweep_ber": 0.0, "sweep_pdet": 0.0078125, "confirmed_ber": 0.0, "confirmed_ser": 0.0, "confirmed_pdet": 0.0107421875, "passed": true}, "0.05": {"index": 1, "sweep_ber": 0.0, "sweep_pdet": 0.06640625, "confirmed_ber": 0.0, "confirmed_ser": 0.0, "confirmed_pdet": 0.048095703125, "passed": true}}}  (431s)
  [snr_40] generator kurtosis_b1 (scale 1.0000)
  JSR  -50.0 dB  BER 0.00e+00  P(det)@0.05 power_one_sided 0.090 power_two_sided 0.088 kurtosis 0.047 spec_cnn 0.064  (0s)
  JSR  -49.0 dB  BER 0.00e+00  P(det)@0.05 power_one_sided 0.082 power_two_sided 0.092 kurtosis 0.033 spec_cnn 0.047  (0s)
  JSR  -48.0 dB  BER 0.00e+00  P(det)@0.05 power_one_sided 0.105 power_two_sided 0.098 kurtosis 0.041 spec_cnn 0.051  (1s)
  JSR  -47.0 dB  BER 0.00e+00  P(det)@0.05 power_one_sided 0.109 power_two_sided 0.135 kurtosis 0.072 spec_cnn 0.082  (1s)
  JSR  -46.0 dB  BER 0.00e+00  P(det)@0.05 power_one_sided 0.109 power_two_sided 0.121 kurtosis 0.068 spec_cnn 0.068  (1s)
  JSR  -45.0 dB  BER 0.00e+00  P(det)@0.05 power_one_sided 0.096 power_two_sided 0.133 kurtosis 0.062 spec_cnn 0.080  (1s)
  JSR  -44.0 dB  BER 0.00e+00  P(det)@0.05 power_one_sided 0.158 power_two_sided 0.186 kurtosis 0.074 spec_cnn 0.080  (2s)
  JSR  -43.0 dB  BER 0.00e+00  P(det)@0.05 power_one_sided 0.164 power_two_sided 0.242 kurtosis 0.039 spec_cnn 0.078  (2s)
  JSR  -42.0 dB  BER 0.00e+00  P(det)@0.05 power_one_sided 0.195 power_two_sided 0.213 kurtosis 0.053 spec_cnn 0.105  (2s)
  JSR  -41.0 dB  BER 0.00e+00  P(det)@0.05 power_one_sided 0.223 power_two_sided 0.293 kurtosis 0.064 spec_cnn 0.129  (2s)
  JSR  -40.0 dB  BER 0.00e+00  P(det)@0.05 power_one_sided 0.281 power_two_sided 0.365 kurtosis 0.064 spec_cnn 0.141  (3s)
  JSR  -39.0 dB  BER 0.00e+00  P(det)@0.05 power_one_sided 0.289 power_two_sided 0.369 kurtosis 0.057 spec_cnn 0.141  (3s)
  JSR  -38.0 dB  BER 0.00e+00  P(det)@0.05 power_one_sided 0.301 power_two_sided 0.418 kurtosis 0.072 spec_cnn 0.211  (3s)
  JSR  -37.0 dB  BER 0.00e+00  P(det)@0.05 power_one_sided 0.346 power_two_sided 0.498 kurtosis 0.055 spec_cnn 0.256  (3s)
  JSR  -36.0 dB  BER 0.00e+00  P(det)@0.05 power_one_sided 0.365 power_two_sided 0.523 kurtosis 0.043 spec_cnn 0.324  (4s)
  JSR  -35.0 dB  BER 0.00e+00  P(det)@0.05 power_one_sided 0.436 power_two_sided 0.576 kurtosis 0.037 spec_cnn 0.369  (4s)
  JSR  -34.0 dB  BER 0.00e+00  P(det)@0.05 power_one_sided 0.443 power_two_sided 0.650 kurtosis 0.045 spec_cnn 0.471  (4s)
  JSR  -33.0 dB  BER 0.00e+00  P(det)@0.05 power_one_sided 0.473 power_two_sided 0.674 kurtosis 0.057 spec_cnn 0.549  (4s)
  JSR  -32.0 dB  BER 0.00e+00  P(det)@0.05 power_one_sided 0.492 power_two_sided 0.674 kurtosis 0.057 spec_cnn 0.658  (4s)
  JSR  -31.0 dB  BER 0.00e+00  P(det)@0.05 power_one_sided 0.547 power_two_sided 0.701 kurtosis 0.047 spec_cnn 0.773  (5s)
  JSR  -30.0 dB  BER 0.00e+00  P(det)@0.05 power_one_sided 0.602 power_two_sided 0.797 kurtosis 0.062 spec_cnn 0.863  (5s)
  JSR  -29.0 dB  BER 0.00e+00  P(det)@0.05 power_one_sided 0.562 power_two_sided 0.781 kurtosis 0.057 spec_cnn 0.934  (5s)
  JSR  -28.0 dB  BER 0.00e+00  P(det)@0.05 power_one_sided 0.645 power_two_sided 0.838 kurtosis 0.051 spec_cnn 0.965  (5s)
  JSR  -27.0 dB  BER 0.00e+00  P(det)@0.05 power_one_sided 0.670 power_two_sided 0.834 kurtosis 0.051 spec_cnn 0.992  (6s)
  JSR  -26.0 dB  BER 0.00e+00  P(det)@0.05 power_one_sided 0.758 power_two_sided 0.887 kurtosis 0.059 spec_cnn 0.996  (6s)
  JSR  -25.0 dB  BER 0.00e+00  P(det)@0.05 power_one_sided 0.754 power_two_sided 0.893 kurtosis 0.039 spec_cnn 1.000  (6s)
  JSR  -24.0 dB  BER 0.00e+00  P(det)@0.05 power_one_sided 0.779 power_two_sided 0.887 kurtosis 0.059 spec_cnn 1.000  (6s)
  JSR  -23.0 dB  BER 0.00e+00  P(det)@0.05 power_one_sided 0.836 power_two_sided 0.914 kurtosis 0.057 spec_cnn 1.000  (7s)
  JSR  -22.0 dB  BER 0.00e+00  P(det)@0.05 power_one_sided 0.867 power_two_sided 0.936 kurtosis 0.057 spec_cnn 1.000  (7s)
  JSR  -21.0 dB  BER 0.00e+00  P(det)@0.05 power_one_sided 0.893 power_two_sided 0.934 kurtosis 0.074 spec_cnn 1.000  (7s)
  JSR  -20.0 dB  BER 0.00e+00  P(det)@0.05 power_one_sided 0.949 power_two_sided 0.965 kurtosis 0.117 spec_cnn 1.000  (7s)
  JSR  -19.0 dB  BER 1.60e-04  P(det)@0.05 power_one_sided 0.941 power_two_sided 0.977 kurtosis 0.160 spec_cnn 1.000  (8s)
  JSR  -18.0 dB  BER 2.82e-04  P(det)@0.05 power_one_sided 0.977 power_two_sided 0.986 kurtosis 0.205 spec_cnn 1.000  (8s)
  JSR  -17.0 dB  BER 6.26e-04  P(det)@0.05 power_one_sided 0.977 power_two_sided 0.990 kurtosis 0.266 spec_cnn 1.000  (8s)
  JSR  -16.0 dB  BER 1.04e-03  P(det)@0.05 power_one_sided 0.992 power_two_sided 1.000 kurtosis 0.418 spec_cnn 1.000  (8s)
  JSR  -15.0 dB  BER 1.39e-03  P(det)@0.05 power_one_sided 0.998 power_two_sided 1.000 kurtosis 0.504 spec_cnn 1.000  (8s)
  JSR  -14.0 dB  BER 1.76e-03  P(det)@0.05 power_one_sided 1.000 power_two_sided 1.000 kurtosis 0.654 spec_cnn 1.000  (9s)
  JSR  -13.0 dB  BER 2.20e-03  P(det)@0.05 power_one_sided 1.000 power_two_sided 1.000 kurtosis 0.758 spec_cnn 1.000  (9s)
  JSR  -12.0 dB  BER 3.01e-03  P(det)@0.05 power_one_sided 1.000 power_two_sided 1.000 kurtosis 0.867 spec_cnn 1.000  (9s)
  JSR  -11.0 dB  BER 3.27e-03  P(det)@0.05 power_one_sided 1.000 power_two_sided 1.000 kurtosis 0.943 spec_cnn 1.000  (9s)
  JSR  -10.0 dB  BER 3.86e-03  P(det)@0.05 power_one_sided 1.000 power_two_sided 1.000 kurtosis 0.984 spec_cnn 1.000  (10s)
  JSR   -9.0 dB  BER 4.55e-03  P(det)@0.05 power_one_sided 1.000 power_two_sided 1.000 kurtosis 0.996 spec_cnn 1.000  (10s)
  JSR   -8.0 dB  BER 4.96e-03  P(det)@0.05 power_one_sided 1.000 power_two_sided 1.000 kurtosis 1.000 spec_cnn 1.000  (10s)
  JSR   -7.0 dB  BER 5.51e-03  P(det)@0.05 power_one_sided 1.000 power_two_sided 1.000 kurtosis 1.000 spec_cnn 1.000  (10s)
  JSR   -6.0 dB  BER 6.40e-03  P(det)@0.05 power_one_sided 1.000 power_two_sided 1.000 kurtosis 1.000 spec_cnn 1.000  (11s)
  JSR   -5.0 dB  BER 7.06e-03  P(det)@0.05 power_one_sided 1.000 power_two_sided 1.000 kurtosis 1.000 spec_cnn 1.000  (11s)
  JSR   -4.0 dB  BER 7.18e-03  P(det)@0.05 power_one_sided 1.000 power_two_sided 1.000 kurtosis 1.000 spec_cnn 1.000  (11s)
  JSR   -3.0 dB  BER 8.11e-03  P(det)@0.05 power_one_sided 1.000 power_two_sided 1.000 kurtosis 1.000 spec_cnn 1.000  (11s)
  JSR   -2.0 dB  BER 8.67e-03  P(det)@0.05 power_one_sided 1.000 power_two_sided 1.000 kurtosis 1.000 spec_cnn 1.000  (12s)
  JSR   -1.0 dB  BER 9.54e-03  P(det)@0.05 power_one_sided 1.000 power_two_sided 1.000 kurtosis 1.000 spec_cnn 1.000  (12s)
  JSR   +0.0 dB  BER 1.01e-02  P(det)@0.05 power_one_sided 1.000 power_two_sided 1.000 kurtosis 1.000 spec_cnn 1.000  (12s)
  JSR   +1.0 dB  BER 1.16e-02  P(det)@0.05 power_one_sided 1.000 power_two_sided 1.000 kurtosis 1.000 spec_cnn 1.000  (12s)
  JSR   +2.0 dB  BER 1.41e-02  P(det)@0.05 power_one_sided 1.000 power_two_sided 1.000 kurtosis 1.000 spec_cnn 1.000  (12s)
  JSR   +3.0 dB  BER 1.69e-02  P(det)@0.05 power_one_sided 1.000 power_two_sided 1.000 kurtosis 1.000 spec_cnn 1.000  (13s)
  JSR   +4.0 dB  BER 2.27e-02  P(det)@0.05 power_one_sided 1.000 power_two_sided 1.000 kurtosis 1.000 spec_cnn 1.000  (13s)
  JSR   +5.0 dB  BER 3.35e-02  P(det)@0.05 power_one_sided 1.000 power_two_sided 1.000 kurtosis 1.000 spec_cnn 1.000  (13s)
  JSR   +6.0 dB  BER 4.67e-02  P(det)@0.05 power_one_sided 1.000 power_two_sided 1.000 kurtosis 1.000 spec_cnn 1.000  (13s)
  JSR   +7.0 dB  BER 6.52e-02  P(det)@0.05 power_one_sided 1.000 power_two_sided 1.000 kurtosis 1.000 spec_cnn 1.000  (14s)
  JSR   +8.0 dB  BER 8.65e-02  P(det)@0.05 power_one_sided 1.000 power_two_sided 1.000 kurtosis 1.000 spec_cnn 1.000  (14s)
  JSR   +9.0 dB  BER 1.13e-01  P(det)@0.05 power_one_sided 1.000 power_two_sided 1.000 kurtosis 1.000 spec_cnn 1.000  (14s)
  JSR  +10.0 dB  BER 1.35e-01  P(det)@0.05 power_one_sided 1.000 power_two_sided 1.000 kurtosis 1.000 spec_cnn 1.000  (14s)
  JSR  +11.0 dB  BER 1.62e-01  P(det)@0.05 power_one_sided 1.000 power_two_sided 1.000 kurtosis 1.000 spec_cnn 1.000  (15s)
  JSR  +12.0 dB  BER 1.88e-01  P(det)@0.05 power_one_sided 1.000 power_two_sided 1.000 kurtosis 1.000 spec_cnn 1.000  (15s)
  JSR  +13.0 dB  BER 2.15e-01  P(det)@0.05 power_one_sided 1.000 power_two_sided 1.000 kurtosis 1.000 spec_cnn 0.994  (15s)
  JSR  +14.0 dB  BER 2.40e-01  P(det)@0.05 power_one_sided 1.000 power_two_sided 1.000 kurtosis 1.000 spec_cnn 0.982  (15s)
  JSR  +15.0 dB  BER 2.62e-01  P(det)@0.05 power_one_sided 1.000 power_two_sided 1.000 kurtosis 1.000 spec_cnn 0.850  (16s)
  [snr_40] kurtosis_b1 confirmed: {"power_one_sided": {"0.01": {"index": 2, "sweep_ber": 0.0, "sweep_pdet": 0.017578125, "confirmed_ber": 0.0, "confirmed_ser": 0.0, "confirmed_pdet": 0.0341796875, "passed": false}, "0.05": null}, "power_two_sided": {"0.01": {"index": 0, "sweep_ber": 0.0, "sweep_pdet": 0.017578125, "confirmed_ber": 0.0, "confirmed_ser": 0.0, "confirmed_pdet": 0.021484375, "passed": false}, "0.05": null}, "kurtosis": {"0.01": {"index": 0, "sweep_ber": 0.0, "sweep_pdet": 0.01171875, "confirmed_ber": 0.0, "confirmed_ser": 0.0, "confirmed_pdet": 0.008056640625, "passed": true}, "0.05": {"index": 0, "sweep_ber": 0.0, "sweep_pdet": 0.046875, "confirmed_ber": 0.0, "confirmed_ser": 0.0, "confirmed_pdet": 0.051513671875, "passed": true}}, "spec_cnn": {"0.01": {"index": 65, "sweep_ber": 0.26201629638671875, "sweep_pdet": 0.0, "confirmed_ber": 0.26354026794433594, "confirmed_ser": 0.455413818359375, "confirmed_pdet": 0.0, "passed": true}, "0.05": {"index": 0, "sweep_ber": 0.0, "sweep_pdet": 0.064453125, "confirmed_ber": 0.0, "confirmed_ser": 0.0, "confirmed_pdet": 0.049072265625, "passed": true}}}  (458s)
  [snr_40] generator kurtosis_b10 (scale 1.0000)
  JSR  -50.0 dB  BER 0.00e+00  P(det)@0.05 power_one_sided 0.096 power_two_sided 0.086 kurtosis 0.059 spec_cnn 0.043  (0s)
  JSR  -49.0 dB  BER 0.00e+00  P(det)@0.05 power_one_sided 0.088 power_two_sided 0.104 kurtosis 0.074 spec_cnn 0.055  (0s)
  JSR  -48.0 dB  BER 0.00e+00  P(det)@0.05 power_one_sided 0.109 power_two_sided 0.115 kurtosis 0.039 spec_cnn 0.035  (1s)
  JSR  -47.0 dB  BER 0.00e+00  P(det)@0.05 power_one_sided 0.111 power_two_sided 0.148 kurtosis 0.059 spec_cnn 0.039  (1s)
  JSR  -46.0 dB  BER 0.00e+00  P(det)@0.05 power_one_sided 0.119 power_two_sided 0.133 kurtosis 0.049 spec_cnn 0.057  (1s)
  JSR  -45.0 dB  BER 0.00e+00  P(det)@0.05 power_one_sided 0.166 power_two_sided 0.176 kurtosis 0.051 spec_cnn 0.064  (1s)
  JSR  -44.0 dB  BER 0.00e+00  P(det)@0.05 power_one_sided 0.172 power_two_sided 0.219 kurtosis 0.049 spec_cnn 0.061  (2s)
  JSR  -43.0 dB  BER 0.00e+00  P(det)@0.05 power_one_sided 0.170 power_two_sided 0.219 kurtosis 0.055 spec_cnn 0.074  (2s)
  JSR  -42.0 dB  BER 0.00e+00  P(det)@0.05 power_one_sided 0.238 power_two_sided 0.311 kurtosis 0.045 spec_cnn 0.074  (2s)
  JSR  -41.0 dB  BER 0.00e+00  P(det)@0.05 power_one_sided 0.232 power_two_sided 0.338 kurtosis 0.043 spec_cnn 0.094  (2s)
  JSR  -40.0 dB  BER 0.00e+00  P(det)@0.05 power_one_sided 0.273 power_two_sided 0.359 kurtosis 0.047 spec_cnn 0.100  (3s)
  JSR  -39.0 dB  BER 0.00e+00  P(det)@0.05 power_one_sided 0.287 power_two_sided 0.422 kurtosis 0.035 spec_cnn 0.119  (3s)
  JSR  -38.0 dB  BER 0.00e+00  P(det)@0.05 power_one_sided 0.342 power_two_sided 0.459 kurtosis 0.039 spec_cnn 0.172  (3s)
  JSR  -37.0 dB  BER 0.00e+00  P(det)@0.05 power_one_sided 0.389 power_two_sided 0.482 kurtosis 0.037 spec_cnn 0.162  (3s)
  JSR  -36.0 dB  BER 0.00e+00  P(det)@0.05 power_one_sided 0.441 power_two_sided 0.572 kurtosis 0.072 spec_cnn 0.230  (3s)
  JSR  -35.0 dB  BER 0.00e+00  P(det)@0.05 power_one_sided 0.465 power_two_sided 0.604 kurtosis 0.059 spec_cnn 0.299  (4s)
  JSR  -34.0 dB  BER 0.00e+00  P(det)@0.05 power_one_sided 0.518 power_two_sided 0.672 kurtosis 0.051 spec_cnn 0.307  (4s)
  JSR  -33.0 dB  BER 0.00e+00  P(det)@0.05 power_one_sided 0.514 power_two_sided 0.686 kurtosis 0.045 spec_cnn 0.383  (4s)
  JSR  -32.0 dB  BER 0.00e+00  P(det)@0.05 power_one_sided 0.545 power_two_sided 0.725 kurtosis 0.043 spec_cnn 0.402  (4s)
  JSR  -31.0 dB  BER 0.00e+00  P(det)@0.05 power_one_sided 0.617 power_two_sided 0.744 kurtosis 0.055 spec_cnn 0.500  (5s)
  JSR  -30.0 dB  BER 0.00e+00  P(det)@0.05 power_one_sided 0.676 power_two_sided 0.787 kurtosis 0.051 spec_cnn 0.568  (5s)
  JSR  -29.0 dB  BER 0.00e+00  P(det)@0.05 power_one_sided 0.709 power_two_sided 0.832 kurtosis 0.033 spec_cnn 0.674  (5s)
  JSR  -28.0 dB  BER 0.00e+00  P(det)@0.05 power_one_sided 0.693 power_two_sided 0.857 kurtosis 0.039 spec_cnn 0.752  (5s)
  JSR  -27.0 dB  BER 0.00e+00  P(det)@0.05 power_one_sided 0.760 power_two_sided 0.877 kurtosis 0.053 spec_cnn 0.832  (6s)
  JSR  -26.0 dB  BER 0.00e+00  P(det)@0.05 power_one_sided 0.785 power_two_sided 0.869 kurtosis 0.047 spec_cnn 0.910  (6s)
  JSR  -25.0 dB  BER 0.00e+00  P(det)@0.05 power_one_sided 0.871 power_two_sided 0.928 kurtosis 0.066 spec_cnn 0.957  (6s)
  JSR  -24.0 dB  BER 0.00e+00  P(det)@0.05 power_one_sided 0.898 power_two_sided 0.949 kurtosis 0.059 spec_cnn 0.984  (6s)
  JSR  -23.0 dB  BER 0.00e+00  P(det)@0.05 power_one_sided 0.922 power_two_sided 0.959 kurtosis 0.055 spec_cnn 0.996  (7s)
  JSR  -22.0 dB  BER 0.00e+00  P(det)@0.05 power_one_sided 0.934 power_two_sided 0.961 kurtosis 0.076 spec_cnn 0.998  (7s)
  JSR  -21.0 dB  BER 0.00e+00  P(det)@0.05 power_one_sided 0.979 power_two_sided 0.982 kurtosis 0.049 spec_cnn 1.000  (7s)
  JSR  -20.0 dB  BER 1.30e-04  P(det)@0.05 power_one_sided 0.994 power_two_sided 0.996 kurtosis 0.068 spec_cnn 1.000  (7s)
  JSR  -19.0 dB  BER 4.04e-04  P(det)@0.05 power_one_sided 0.996 power_two_sided 0.996 kurtosis 0.059 spec_cnn 1.000  (7s)
  JSR  -18.0 dB  BER 5.42e-04  P(det)@0.05 power_one_sided 0.998 power_two_sided 0.998 kurtosis 0.080 spec_cnn 1.000  (8s)
  JSR  -17.0 dB  BER 1.08e-03  P(det)@0.05 power_one_sided 1.000 power_two_sided 1.000 kurtosis 0.105 spec_cnn 1.000  (8s)
  JSR  -16.0 dB  BER 1.27e-03  P(det)@0.05 power_one_sided 1.000 power_two_sided 1.000 kurtosis 0.182 spec_cnn 1.000  (8s)
  JSR  -15.0 dB  BER 1.72e-03  P(det)@0.05 power_one_sided 1.000 power_two_sided 1.000 kurtosis 0.297 spec_cnn 1.000  (8s)
  JSR  -14.0 dB  BER 2.26e-03  P(det)@0.05 power_one_sided 1.000 power_two_sided 1.000 kurtosis 0.443 spec_cnn 1.000  (9s)
  JSR  -13.0 dB  BER 2.78e-03  P(det)@0.05 power_one_sided 1.000 power_two_sided 1.000 kurtosis 0.604 spec_cnn 1.000  (9s)
  JSR  -12.0 dB  BER 3.62e-03  P(det)@0.05 power_one_sided 1.000 power_two_sided 1.000 kurtosis 0.773 spec_cnn 1.000  (9s)
  JSR  -11.0 dB  BER 4.04e-03  P(det)@0.05 power_one_sided 1.000 power_two_sided 1.000 kurtosis 0.910 spec_cnn 1.000  (9s)
  JSR  -10.0 dB  BER 4.53e-03  P(det)@0.05 power_one_sided 1.000 power_two_sided 1.000 kurtosis 0.992 spec_cnn 1.000  (10s)
  JSR   -9.0 dB  BER 5.12e-03  P(det)@0.05 power_one_sided 1.000 power_two_sided 1.000 kurtosis 1.000 spec_cnn 1.000  (10s)
  JSR   -8.0 dB  BER 6.10e-03  P(det)@0.05 power_one_sided 1.000 power_two_sided 1.000 kurtosis 1.000 spec_cnn 1.000  (10s)
  JSR   -7.0 dB  BER 7.03e-03  P(det)@0.05 power_one_sided 1.000 power_two_sided 1.000 kurtosis 1.000 spec_cnn 1.000  (10s)
  JSR   -6.0 dB  BER 7.82e-03  P(det)@0.05 power_one_sided 1.000 power_two_sided 1.000 kurtosis 1.000 spec_cnn 1.000  (11s)
  JSR   -5.0 dB  BER 8.15e-03  P(det)@0.05 power_one_sided 1.000 power_two_sided 1.000 kurtosis 1.000 spec_cnn 1.000  (11s)
  JSR   -4.0 dB  BER 8.64e-03  P(det)@0.05 power_one_sided 1.000 power_two_sided 1.000 kurtosis 1.000 spec_cnn 1.000  (11s)
  JSR   -3.0 dB  BER 9.64e-03  P(det)@0.05 power_one_sided 1.000 power_two_sided 1.000 kurtosis 1.000 spec_cnn 1.000  (11s)
  JSR   -2.0 dB  BER 1.02e-02  P(det)@0.05 power_one_sided 1.000 power_two_sided 1.000 kurtosis 1.000 spec_cnn 1.000  (11s)
  JSR   -1.0 dB  BER 1.10e-02  P(det)@0.05 power_one_sided 1.000 power_two_sided 1.000 kurtosis 1.000 spec_cnn 1.000  (12s)
  JSR   +0.0 dB  BER 1.15e-02  P(det)@0.05 power_one_sided 1.000 power_two_sided 1.000 kurtosis 1.000 spec_cnn 1.000  (12s)
  JSR   +1.0 dB  BER 1.26e-02  P(det)@0.05 power_one_sided 1.000 power_two_sided 1.000 kurtosis 1.000 spec_cnn 1.000  (12s)
  JSR   +2.0 dB  BER 1.38e-02  P(det)@0.05 power_one_sided 1.000 power_two_sided 1.000 kurtosis 1.000 spec_cnn 1.000  (12s)
  JSR   +3.0 dB  BER 1.48e-02  P(det)@0.05 power_one_sided 1.000 power_two_sided 1.000 kurtosis 1.000 spec_cnn 1.000  (13s)
  JSR   +4.0 dB  BER 1.68e-02  P(det)@0.05 power_one_sided 1.000 power_two_sided 1.000 kurtosis 1.000 spec_cnn 1.000  (13s)
  JSR   +5.0 dB  BER 1.99e-02  P(det)@0.05 power_one_sided 1.000 power_two_sided 1.000 kurtosis 1.000 spec_cnn 1.000  (13s)
  JSR   +6.0 dB  BER 2.44e-02  P(det)@0.05 power_one_sided 1.000 power_two_sided 1.000 kurtosis 1.000 spec_cnn 1.000  (13s)
  JSR   +7.0 dB  BER 3.11e-02  P(det)@0.05 power_one_sided 1.000 power_two_sided 1.000 kurtosis 1.000 spec_cnn 1.000  (14s)
  JSR   +8.0 dB  BER 3.86e-02  P(det)@0.05 power_one_sided 1.000 power_two_sided 1.000 kurtosis 1.000 spec_cnn 1.000  (14s)
  JSR   +9.0 dB  BER 5.33e-02  P(det)@0.05 power_one_sided 1.000 power_two_sided 1.000 kurtosis 1.000 spec_cnn 1.000  (14s)
  JSR  +10.0 dB  BER 6.93e-02  P(det)@0.05 power_one_sided 1.000 power_two_sided 1.000 kurtosis 1.000 spec_cnn 1.000  (14s)
  JSR  +11.0 dB  BER 8.64e-02  P(det)@0.05 power_one_sided 1.000 power_two_sided 1.000 kurtosis 1.000 spec_cnn 1.000  (15s)
  JSR  +12.0 dB  BER 1.13e-01  P(det)@0.05 power_one_sided 1.000 power_two_sided 1.000 kurtosis 1.000 spec_cnn 0.998  (15s)
  JSR  +13.0 dB  BER 1.37e-01  P(det)@0.05 power_one_sided 1.000 power_two_sided 1.000 kurtosis 1.000 spec_cnn 0.994  (15s)
  JSR  +14.0 dB  BER 1.58e-01  P(det)@0.05 power_one_sided 1.000 power_two_sided 1.000 kurtosis 1.000 spec_cnn 0.988  (15s)
  JSR  +15.0 dB  BER 1.86e-01  P(det)@0.05 power_one_sided 1.000 power_two_sided 1.000 kurtosis 1.000 spec_cnn 0.961  (15s)
  [snr_40] kurtosis_b10 confirmed: {"power_one_sided": {"0.01": null, "0.05": null}, "power_two_sided": {"0.01": null, "0.05": null}, "kurtosis": {"0.01": {"index": 31, "sweep_ber": 0.00040435791015625, "sweep_pdet": 0.013671875, "confirmed_ber": 0.0003681182861328125, "confirmed_ser": 0.000736236572265625, "confirmed_pdet": 0.013916015625, "passed": false}, "0.05": {"index": 31, "sweep_ber": 0.00040435791015625, "sweep_pdet": 0.05859375, "confirmed_ber": 0.00034332275390625, "confirmed_ser": 0.0006866455078125, "confirmed_pdet": 0.082275390625, "passed": false}}, "spec_cnn": {"0.01": {"index": 65, "sweep_ber": 0.18643951416015625, "sweep_pdet": 0.0, "confirmed_ber": 0.1861581802368164, "confirmed_ser": 0.33296775817871094, "confirmed_pdet": 0.000732421875, "passed": true}, "0.05": {"index": 0, "sweep_ber": 0.0, "sweep_pdet": 0.04296875, "confirmed_ber": 0.0, "confirmed_ser": 0.0, "confirmed_pdet": 0.056640625, "passed": true}}}  (481s)
  [snr_40] generator kurtosis_b100 (scale 1.0000)
  JSR  -50.0 dB  BER 0.00e+00  P(det)@0.05 power_one_sided 0.070 power_two_sided 0.094 kurtosis 0.051 spec_cnn 0.053  (0s)
  JSR  -49.0 dB  BER 0.00e+00  P(det)@0.05 power_one_sided 0.088 power_two_sided 0.086 kurtosis 0.051 spec_cnn 0.055  (0s)
  JSR  -48.0 dB  BER 0.00e+00  P(det)@0.05 power_one_sided 0.080 power_two_sided 0.125 kurtosis 0.031 spec_cnn 0.037  (1s)
  JSR  -47.0 dB  BER 0.00e+00  P(det)@0.05 power_one_sided 0.094 power_two_sided 0.127 kurtosis 0.061 spec_cnn 0.057  (1s)
  JSR  -46.0 dB  BER 0.00e+00  P(det)@0.05 power_one_sided 0.133 power_two_sided 0.150 kurtosis 0.057 spec_cnn 0.080  (1s)
  JSR  -45.0 dB  BER 0.00e+00  P(det)@0.05 power_one_sided 0.164 power_two_sided 0.203 kurtosis 0.053 spec_cnn 0.084  (1s)
  JSR  -44.0 dB  BER 0.00e+00  P(det)@0.05 power_one_sided 0.174 power_two_sided 0.236 kurtosis 0.076 spec_cnn 0.070  (2s)
  JSR  -43.0 dB  BER 0.00e+00  P(det)@0.05 power_one_sided 0.191 power_two_sided 0.258 kurtosis 0.047 spec_cnn 0.084  (2s)
  JSR  -42.0 dB  BER 0.00e+00  P(det)@0.05 power_one_sided 0.199 power_two_sided 0.273 kurtosis 0.070 spec_cnn 0.104  (2s)
  JSR  -41.0 dB  BER 0.00e+00  P(det)@0.05 power_one_sided 0.234 power_two_sided 0.338 kurtosis 0.049 spec_cnn 0.107  (2s)
  JSR  -40.0 dB  BER 0.00e+00  P(det)@0.05 power_one_sided 0.297 power_two_sided 0.406 kurtosis 0.055 spec_cnn 0.137  (3s)
  JSR  -39.0 dB  BER 0.00e+00  P(det)@0.05 power_one_sided 0.285 power_two_sided 0.414 kurtosis 0.045 spec_cnn 0.199  (3s)
  JSR  -38.0 dB  BER 0.00e+00  P(det)@0.05 power_one_sided 0.354 power_two_sided 0.510 kurtosis 0.045 spec_cnn 0.197  (3s)
  JSR  -37.0 dB  BER 0.00e+00  P(det)@0.05 power_one_sided 0.352 power_two_sided 0.537 kurtosis 0.059 spec_cnn 0.252  (3s)
  JSR  -36.0 dB  BER 0.00e+00  P(det)@0.05 power_one_sided 0.367 power_two_sided 0.580 kurtosis 0.045 spec_cnn 0.262  (3s)
  JSR  -35.0 dB  BER 0.00e+00  P(det)@0.05 power_one_sided 0.436 power_two_sided 0.625 kurtosis 0.059 spec_cnn 0.338  (4s)
  JSR  -34.0 dB  BER 0.00e+00  P(det)@0.05 power_one_sided 0.459 power_two_sided 0.693 kurtosis 0.051 spec_cnn 0.400  (4s)
  JSR  -33.0 dB  BER 0.00e+00  P(det)@0.05 power_one_sided 0.475 power_two_sided 0.686 kurtosis 0.080 spec_cnn 0.459  (4s)
  JSR  -32.0 dB  BER 0.00e+00  P(det)@0.05 power_one_sided 0.514 power_two_sided 0.727 kurtosis 0.061 spec_cnn 0.539  (4s)
  JSR  -31.0 dB  BER 0.00e+00  P(det)@0.05 power_one_sided 0.514 power_two_sided 0.758 kurtosis 0.051 spec_cnn 0.693  (5s)
  JSR  -30.0 dB  BER 0.00e+00  P(det)@0.05 power_one_sided 0.541 power_two_sided 0.789 kurtosis 0.045 spec_cnn 0.756  (5s)
  JSR  -29.0 dB  BER 0.00e+00  P(det)@0.05 power_one_sided 0.568 power_two_sided 0.822 kurtosis 0.062 spec_cnn 0.830  (5s)
  JSR  -28.0 dB  BER 0.00e+00  P(det)@0.05 power_one_sided 0.621 power_two_sided 0.834 kurtosis 0.053 spec_cnn 0.924  (5s)
  JSR  -27.0 dB  BER 0.00e+00  P(det)@0.05 power_one_sided 0.641 power_two_sided 0.861 kurtosis 0.053 spec_cnn 0.941  (6s)
  JSR  -26.0 dB  BER 0.00e+00  P(det)@0.05 power_one_sided 0.668 power_two_sided 0.854 kurtosis 0.049 spec_cnn 0.977  (6s)
  JSR  -25.0 dB  BER 0.00e+00  P(det)@0.05 power_one_sided 0.730 power_two_sided 0.895 kurtosis 0.062 spec_cnn 0.996  (6s)
  JSR  -24.0 dB  BER 0.00e+00  P(det)@0.05 power_one_sided 0.791 power_two_sided 0.920 kurtosis 0.066 spec_cnn 1.000  (6s)
  JSR  -23.0 dB  BER 0.00e+00  P(det)@0.05 power_one_sided 0.801 power_two_sided 0.910 kurtosis 0.070 spec_cnn 1.000  (7s)
  JSR  -22.0 dB  BER 0.00e+00  P(det)@0.05 power_one_sided 0.840 power_two_sided 0.945 kurtosis 0.078 spec_cnn 1.000  (7s)
  JSR  -21.0 dB  BER 0.00e+00  P(det)@0.05 power_one_sided 0.895 power_two_sided 0.947 kurtosis 0.066 spec_cnn 1.000  (7s)
  JSR  -20.0 dB  BER 1.37e-04  P(det)@0.05 power_one_sided 0.924 power_two_sided 0.971 kurtosis 0.098 spec_cnn 1.000  (7s)
  JSR  -19.0 dB  BER 6.71e-04  P(det)@0.05 power_one_sided 0.936 power_two_sided 0.973 kurtosis 0.133 spec_cnn 1.000  (7s)
  JSR  -18.0 dB  BER 9.61e-04  P(det)@0.05 power_one_sided 0.967 power_two_sided 0.992 kurtosis 0.213 spec_cnn 1.000  (8s)
  JSR  -17.0 dB  BER 1.18e-03  P(det)@0.05 power_one_sided 0.990 power_two_sided 0.998 kurtosis 0.250 spec_cnn 1.000  (8s)
  JSR  -16.0 dB  BER 1.60e-03  P(det)@0.05 power_one_sided 0.998 power_two_sided 0.998 kurtosis 0.402 spec_cnn 1.000  (8s)
  JSR  -15.0 dB  BER 2.06e-03  P(det)@0.05 power_one_sided 0.998 power_two_sided 0.998 kurtosis 0.484 spec_cnn 1.000  (8s)
  JSR  -14.0 dB  BER 2.30e-03  P(det)@0.05 power_one_sided 1.000 power_two_sided 1.000 kurtosis 0.611 spec_cnn 1.000  (9s)
  JSR  -13.0 dB  BER 2.96e-03  P(det)@0.05 power_one_sided 1.000 power_two_sided 1.000 kurtosis 0.654 spec_cnn 1.000  (9s)
  JSR  -12.0 dB  BER 3.29e-03  P(det)@0.05 power_one_sided 1.000 power_two_sided 1.000 kurtosis 0.811 spec_cnn 1.000  (9s)
  JSR  -11.0 dB  BER 3.93e-03  P(det)@0.05 power_one_sided 1.000 power_two_sided 1.000 kurtosis 0.863 spec_cnn 1.000  (9s)
  JSR  -10.0 dB  BER 4.75e-03  P(det)@0.05 power_one_sided 1.000 power_two_sided 1.000 kurtosis 0.936 spec_cnn 1.000  (10s)
  JSR   -9.0 dB  BER 5.05e-03  P(det)@0.05 power_one_sided 1.000 power_two_sided 1.000 kurtosis 0.977 spec_cnn 1.000  (10s)
  JSR   -8.0 dB  BER 5.47e-03  P(det)@0.05 power_one_sided 1.000 power_two_sided 1.000 kurtosis 0.994 spec_cnn 1.000  (10s)
  JSR   -7.0 dB  BER 5.81e-03  P(det)@0.05 power_one_sided 1.000 power_two_sided 1.000 kurtosis 1.000 spec_cnn 1.000  (10s)
  JSR   -6.0 dB  BER 6.42e-03  P(det)@0.05 power_one_sided 1.000 power_two_sided 1.000 kurtosis 1.000 spec_cnn 1.000  (11s)
  JSR   -5.0 dB  BER 7.12e-03  P(det)@0.05 power_one_sided 1.000 power_two_sided 1.000 kurtosis 1.000 spec_cnn 1.000  (11s)
  JSR   -4.0 dB  BER 7.64e-03  P(det)@0.05 power_one_sided 1.000 power_two_sided 1.000 kurtosis 1.000 spec_cnn 1.000  (11s)
  JSR   -3.0 dB  BER 9.13e-03  P(det)@0.05 power_one_sided 1.000 power_two_sided 1.000 kurtosis 1.000 spec_cnn 1.000  (11s)
  JSR   -2.0 dB  BER 1.03e-02  P(det)@0.05 power_one_sided 1.000 power_two_sided 1.000 kurtosis 1.000 spec_cnn 1.000  (12s)
  JSR   -1.0 dB  BER 1.20e-02  P(det)@0.05 power_one_sided 1.000 power_two_sided 1.000 kurtosis 1.000 spec_cnn 1.000  (12s)
  JSR   +0.0 dB  BER 1.38e-02  P(det)@0.05 power_one_sided 1.000 power_two_sided 1.000 kurtosis 1.000 spec_cnn 1.000  (12s)
  JSR   +1.0 dB  BER 1.66e-02  P(det)@0.05 power_one_sided 1.000 power_two_sided 1.000 kurtosis 1.000 spec_cnn 1.000  (12s)
  JSR   +2.0 dB  BER 1.92e-02  P(det)@0.05 power_one_sided 1.000 power_two_sided 1.000 kurtosis 1.000 spec_cnn 1.000  (12s)
  JSR   +3.0 dB  BER 2.36e-02  P(det)@0.05 power_one_sided 1.000 power_two_sided 1.000 kurtosis 1.000 spec_cnn 1.000  (13s)
  JSR   +4.0 dB  BER 2.96e-02  P(det)@0.05 power_one_sided 1.000 power_two_sided 1.000 kurtosis 1.000 spec_cnn 1.000  (13s)
  JSR   +5.0 dB  BER 3.60e-02  P(det)@0.05 power_one_sided 1.000 power_two_sided 1.000 kurtosis 1.000 spec_cnn 1.000  (13s)
  JSR   +6.0 dB  BER 4.39e-02  P(det)@0.05 power_one_sided 1.000 power_two_sided 1.000 kurtosis 1.000 spec_cnn 1.000  (13s)
  JSR   +7.0 dB  BER 5.27e-02  P(det)@0.05 power_one_sided 1.000 power_two_sided 1.000 kurtosis 1.000 spec_cnn 1.000  (14s)
  JSR   +8.0 dB  BER 6.57e-02  P(det)@0.05 power_one_sided 1.000 power_two_sided 1.000 kurtosis 1.000 spec_cnn 1.000  (14s)
  JSR   +9.0 dB  BER 7.94e-02  P(det)@0.05 power_one_sided 1.000 power_two_sided 1.000 kurtosis 1.000 spec_cnn 1.000  (14s)
  JSR  +10.0 dB  BER 9.61e-02  P(det)@0.05 power_one_sided 1.000 power_two_sided 1.000 kurtosis 1.000 spec_cnn 0.998  (14s)
  JSR  +11.0 dB  BER 1.15e-01  P(det)@0.05 power_one_sided 1.000 power_two_sided 1.000 kurtosis 1.000 spec_cnn 0.998  (15s)
  JSR  +12.0 dB  BER 1.35e-01  P(det)@0.05 power_one_sided 1.000 power_two_sided 1.000 kurtosis 1.000 spec_cnn 0.992  (15s)
  JSR  +13.0 dB  BER 1.56e-01  P(det)@0.05 power_one_sided 1.000 power_two_sided 1.000 kurtosis 1.000 spec_cnn 0.969  (15s)
  JSR  +14.0 dB  BER 1.81e-01  P(det)@0.05 power_one_sided 1.000 power_two_sided 1.000 kurtosis 1.000 spec_cnn 0.703  (15s)
  JSR  +15.0 dB  BER 2.03e-01  P(det)@0.05 power_one_sided 1.000 power_two_sided 1.000 kurtosis 1.000 spec_cnn 0.281  (15s)
  [snr_40] kurtosis_b100 confirmed: {"power_one_sided": {"0.01": null, "0.05": null}, "power_two_sided": {"0.01": null, "0.05": null}, "kurtosis": {"0.01": {"index": 0, "sweep_ber": 0.0, "sweep_pdet": 0.005859375, "confirmed_ber": 0.0, "confirmed_ser": 0.0, "confirmed_pdet": 0.0107421875, "passed": true}, "0.05": {"index": 0, "sweep_ber": 0.0, "sweep_pdet": 0.05078125, "confirmed_ber": 0.0, "confirmed_ser": 0.0, "confirmed_pdet": 0.05224609375, "passed": true}}, "spec_cnn": {"0.01": {"index": 65, "sweep_ber": 0.20272064208984375, "sweep_pdet": 0.0, "confirmed_ber": 0.20387744903564453, "confirmed_ser": 0.35599327087402344, "confirmed_pdet": 0.0, "passed": true}, "0.05": {"index": 0, "sweep_ber": 0.0, "sweep_pdet": 0.052734375, "confirmed_ber": 0.0, "confirmed_ser": 0.0, "confirmed_pdet": 0.054931640625, "passed": true}}}  (504s)
  [snr_40] generator kurtosis_b1000 (scale 1.0000)
  JSR  -50.0 dB  BER 0.00e+00  P(det)@0.05 power_one_sided 0.059 power_two_sided 0.066 kurtosis 0.051 spec_cnn 0.086  (0s)
  JSR  -49.0 dB  BER 0.00e+00  P(det)@0.05 power_one_sided 0.059 power_two_sided 0.068 kurtosis 0.057 spec_cnn 0.098  (0s)
  JSR  -48.0 dB  BER 0.00e+00  P(det)@0.05 power_one_sided 0.068 power_two_sided 0.086 kurtosis 0.070 spec_cnn 0.121  (1s)
  JSR  -47.0 dB  BER 0.00e+00  P(det)@0.05 power_one_sided 0.059 power_two_sided 0.047 kurtosis 0.055 spec_cnn 0.107  (1s)
  JSR  -46.0 dB  BER 0.00e+00  P(det)@0.05 power_one_sided 0.059 power_two_sided 0.047 kurtosis 0.053 spec_cnn 0.113  (1s)
  JSR  -45.0 dB  BER 0.00e+00  P(det)@0.05 power_one_sided 0.076 power_two_sided 0.074 kurtosis 0.055 spec_cnn 0.125  (1s)
  JSR  -44.0 dB  BER 0.00e+00  P(det)@0.05 power_one_sided 0.076 power_two_sided 0.072 kurtosis 0.057 spec_cnn 0.109  (2s)
  JSR  -43.0 dB  BER 0.00e+00  P(det)@0.05 power_one_sided 0.096 power_two_sided 0.092 kurtosis 0.049 spec_cnn 0.111  (2s)
  JSR  -42.0 dB  BER 0.00e+00  P(det)@0.05 power_one_sided 0.084 power_two_sided 0.072 kurtosis 0.062 spec_cnn 0.076  (2s)
  JSR  -41.0 dB  BER 0.00e+00  P(det)@0.05 power_one_sided 0.082 power_two_sided 0.094 kurtosis 0.068 spec_cnn 0.062  (2s)
  JSR  -40.0 dB  BER 0.00e+00  P(det)@0.05 power_one_sided 0.133 power_two_sided 0.109 kurtosis 0.047 spec_cnn 0.059  (3s)
  JSR  -39.0 dB  BER 0.00e+00  P(det)@0.05 power_one_sided 0.170 power_two_sided 0.150 kurtosis 0.043 spec_cnn 0.051  (3s)
  JSR  -38.0 dB  BER 0.00e+00  P(det)@0.05 power_one_sided 0.168 power_two_sided 0.158 kurtosis 0.076 spec_cnn 0.037  (3s)
  JSR  -37.0 dB  BER 0.00e+00  P(det)@0.05 power_one_sided 0.221 power_two_sided 0.189 kurtosis 0.045 spec_cnn 0.035  (3s)
  JSR  -36.0 dB  BER 0.00e+00  P(det)@0.05 power_one_sided 0.256 power_two_sided 0.219 kurtosis 0.047 spec_cnn 0.033  (3s)
  JSR  -35.0 dB  BER 0.00e+00  P(det)@0.05 power_one_sided 0.273 power_two_sided 0.246 kurtosis 0.061 spec_cnn 0.035  (4s)
  JSR  -34.0 dB  BER 0.00e+00  P(det)@0.05 power_one_sided 0.363 power_two_sided 0.316 kurtosis 0.041 spec_cnn 0.029  (4s)
  JSR  -33.0 dB  BER 0.00e+00  P(det)@0.05 power_one_sided 0.443 power_two_sided 0.410 kurtosis 0.045 spec_cnn 0.025  (4s)
  JSR  -32.0 dB  BER 0.00e+00  P(det)@0.05 power_one_sided 0.520 power_two_sided 0.475 kurtosis 0.061 spec_cnn 0.020  (4s)
  JSR  -31.0 dB  BER 0.00e+00  P(det)@0.05 power_one_sided 0.637 power_two_sided 0.602 kurtosis 0.051 spec_cnn 0.029  (5s)
  JSR  -30.0 dB  BER 0.00e+00  P(det)@0.05 power_one_sided 0.695 power_two_sided 0.693 kurtosis 0.037 spec_cnn 0.027  (5s)
  JSR  -29.0 dB  BER 0.00e+00  P(det)@0.05 power_one_sided 0.812 power_two_sided 0.777 kurtosis 0.051 spec_cnn 0.027  (5s)
  JSR  -28.0 dB  BER 0.00e+00  P(det)@0.05 power_one_sided 0.875 power_two_sided 0.873 kurtosis 0.045 spec_cnn 0.029  (5s)
  JSR  -27.0 dB  BER 0.00e+00  P(det)@0.05 power_one_sided 0.914 power_two_sided 0.928 kurtosis 0.062 spec_cnn 0.020  (6s)
  JSR  -26.0 dB  BER 0.00e+00  P(det)@0.05 power_one_sided 0.967 power_two_sided 0.969 kurtosis 0.051 spec_cnn 0.021  (6s)
  JSR  -25.0 dB  BER 0.00e+00  P(det)@0.05 power_one_sided 0.965 power_two_sided 0.973 kurtosis 0.041 spec_cnn 0.033  (6s)
  JSR  -24.0 dB  BER 0.00e+00  P(det)@0.05 power_one_sided 0.982 power_two_sided 0.980 kurtosis 0.053 spec_cnn 0.020  (6s)
  JSR  -23.0 dB  BER 0.00e+00  P(det)@0.05 power_one_sided 0.988 power_two_sided 0.996 kurtosis 0.062 spec_cnn 0.016  (7s)
  JSR  -22.0 dB  BER 0.00e+00  P(det)@0.05 power_one_sided 0.996 power_two_sided 0.996 kurtosis 0.051 spec_cnn 0.029  (7s)
  JSR  -21.0 dB  BER 0.00e+00  P(det)@0.05 power_one_sided 0.996 power_two_sided 0.996 kurtosis 0.070 spec_cnn 0.020  (7s)
  JSR  -20.0 dB  BER 0.00e+00  P(det)@0.05 power_one_sided 0.998 power_two_sided 1.000 kurtosis 0.068 spec_cnn 0.033  (7s)
  JSR  -19.0 dB  BER 1.53e-05  P(det)@0.05 power_one_sided 1.000 power_two_sided 1.000 kurtosis 0.104 spec_cnn 0.020  (8s)
  JSR  -18.0 dB  BER 6.87e-05  P(det)@0.05 power_one_sided 1.000 power_two_sided 1.000 kurtosis 0.094 spec_cnn 0.027  (8s)
  JSR  -17.0 dB  BER 1.07e-04  P(det)@0.05 power_one_sided 1.000 power_two_sided 1.000 kurtosis 0.129 spec_cnn 0.029  (8s)
  JSR  -16.0 dB  BER 2.44e-04  P(det)@0.05 power_one_sided 1.000 power_two_sided 1.000 kurtosis 0.221 spec_cnn 0.025  (8s)
  JSR  -15.0 dB  BER 2.29e-04  P(det)@0.05 power_one_sided 1.000 power_two_sided 1.000 kurtosis 0.281 spec_cnn 0.029  (8s)
  JSR  -14.0 dB  BER 2.90e-04  P(det)@0.05 power_one_sided 1.000 power_two_sided 1.000 kurtosis 0.404 spec_cnn 0.047  (9s)
  JSR  -13.0 dB  BER 4.81e-04  P(det)@0.05 power_one_sided 1.000 power_two_sided 1.000 kurtosis 0.580 spec_cnn 0.072  (9s)
  JSR  -12.0 dB  BER 5.19e-04  P(det)@0.05 power_one_sided 1.000 power_two_sided 1.000 kurtosis 0.711 spec_cnn 0.070  (9s)
  JSR  -11.0 dB  BER 7.40e-04  P(det)@0.05 power_one_sided 1.000 power_two_sided 1.000 kurtosis 0.877 spec_cnn 0.135  (9s)
  JSR  -10.0 dB  BER 8.62e-04  P(det)@0.05 power_one_sided 1.000 power_two_sided 1.000 kurtosis 0.967 spec_cnn 0.201  (10s)
  JSR   -9.0 dB  BER 1.01e-03  P(det)@0.05 power_one_sided 1.000 power_two_sided 1.000 kurtosis 0.988 spec_cnn 0.211  (10s)
  JSR   -8.0 dB  BER 1.11e-03  P(det)@0.05 power_one_sided 1.000 power_two_sided 1.000 kurtosis 0.998 spec_cnn 0.271  (10s)
  JSR   -7.0 dB  BER 1.47e-03  P(det)@0.05 power_one_sided 1.000 power_two_sided 1.000 kurtosis 1.000 spec_cnn 0.377  (10s)
  JSR   -6.0 dB  BER 1.66e-03  P(det)@0.05 power_one_sided 1.000 power_two_sided 1.000 kurtosis 1.000 spec_cnn 0.412  (11s)
  JSR   -5.0 dB  BER 2.06e-03  P(det)@0.05 power_one_sided 1.000 power_two_sided 1.000 kurtosis 1.000 spec_cnn 0.486  (11s)
  JSR   -4.0 dB  BER 2.34e-03  P(det)@0.05 power_one_sided 1.000 power_two_sided 1.000 kurtosis 1.000 spec_cnn 0.539  (11s)
  JSR   -3.0 dB  BER 2.80e-03  P(det)@0.05 power_one_sided 1.000 power_two_sided 1.000 kurtosis 1.000 spec_cnn 0.496  (11s)
  JSR   -2.0 dB  BER 3.29e-03  P(det)@0.05 power_one_sided 1.000 power_two_sided 1.000 kurtosis 0.990 spec_cnn 0.539  (11s)
  JSR   -1.0 dB  BER 4.05e-03  P(det)@0.05 power_one_sided 1.000 power_two_sided 1.000 kurtosis 0.994 spec_cnn 0.570  (12s)
  JSR   +0.0 dB  BER 4.39e-03  P(det)@0.05 power_one_sided 1.000 power_two_sided 1.000 kurtosis 0.967 spec_cnn 0.617  (12s)
  JSR   +1.0 dB  BER 5.28e-03  P(det)@0.05 power_one_sided 1.000 power_two_sided 1.000 kurtosis 0.752 spec_cnn 0.688  (12s)
  JSR   +2.0 dB  BER 5.42e-03  P(det)@0.05 power_one_sided 1.000 power_two_sided 1.000 kurtosis 0.504 spec_cnn 0.746  (12s)
  JSR   +3.0 dB  BER 5.91e-03  P(det)@0.05 power_one_sided 1.000 power_two_sided 1.000 kurtosis 0.611 spec_cnn 0.848  (13s)
  JSR   +4.0 dB  BER 6.36e-03  P(det)@0.05 power_one_sided 1.000 power_two_sided 1.000 kurtosis 0.895 spec_cnn 0.879  (13s)
  JSR   +5.0 dB  BER 6.53e-03  P(det)@0.05 power_one_sided 1.000 power_two_sided 1.000 kurtosis 0.941 spec_cnn 0.891  (13s)
  JSR   +6.0 dB  BER 7.85e-03  P(det)@0.05 power_one_sided 1.000 power_two_sided 1.000 kurtosis 0.963 spec_cnn 0.922  (13s)
  JSR   +7.0 dB  BER 7.74e-03  P(det)@0.05 power_one_sided 1.000 power_two_sided 1.000 kurtosis 0.959 spec_cnn 0.938  (14s)
  JSR   +8.0 dB  BER 7.71e-03  P(det)@0.05 power_one_sided 1.000 power_two_sided 1.000 kurtosis 0.959 spec_cnn 0.936  (14s)
  JSR   +9.0 dB  BER 8.63e-03  P(det)@0.05 power_one_sided 1.000 power_two_sided 1.000 kurtosis 0.969 spec_cnn 0.959  (14s)
  JSR  +10.0 dB  BER 9.12e-03  P(det)@0.05 power_one_sided 1.000 power_two_sided 1.000 kurtosis 0.979 spec_cnn 0.959  (14s)
  JSR  +11.0 dB  BER 9.90e-03  P(det)@0.05 power_one_sided 1.000 power_two_sided 1.000 kurtosis 0.977 spec_cnn 0.963  (15s)
  JSR  +12.0 dB  BER 1.02e-02  P(det)@0.05 power_one_sided 1.000 power_two_sided 1.000 kurtosis 0.975 spec_cnn 0.938  (15s)
  JSR  +13.0 dB  BER 1.10e-02  P(det)@0.05 power_one_sided 1.000 power_two_sided 1.000 kurtosis 0.990 spec_cnn 0.949  (15s)
  JSR  +14.0 dB  BER 1.13e-02  P(det)@0.05 power_one_sided 1.000 power_two_sided 1.000 kurtosis 0.984 spec_cnn 0.934  (15s)
  JSR  +15.0 dB  BER 1.16e-02  P(det)@0.05 power_one_sided 1.000 power_two_sided 1.000 kurtosis 0.971 spec_cnn 0.910  (15s)
  [snr_40] kurtosis_b1000 confirmed: {"power_one_sided": {"0.01": {"index": 0, "sweep_ber": 0.0, "sweep_pdet": 0.01171875, "confirmed_ber": 0.0, "confirmed_ser": 0.0, "confirmed_pdet": 0.0107421875, "passed": true}, "0.05": {"index": 0, "sweep_ber": 0.0, "sweep_pdet": 0.05859375, "confirmed_ber": 0.0, "confirmed_ser": 0.0, "confirmed_pdet": 0.058349609375, "passed": false}}, "power_two_sided": {"0.01": {"index": 0, "sweep_ber": 0.0, "sweep_pdet": 0.013671875, "confirmed_ber": 0.0, "confirmed_ser": 0.0, "confirmed_pdet": 0.01318359375, "passed": false}, "0.05": {"index": 0, "sweep_ber": 0.0, "sweep_pdet": 0.06640625, "confirmed_ber": 0.0, "confirmed_ser": 0.0, "confirmed_pdet": 0.0615234375, "passed": false}}, "kurtosis": {"0.01": {"index": 0, "sweep_ber": 0.0, "sweep_pdet": 0.001953125, "confirmed_ber": 0.0, "confirmed_ser": 0.0, "confirmed_pdet": 0.010986328125, "passed": true}, "0.05": {"index": 0, "sweep_ber": 0.0, "sweep_pdet": 0.05078125, "confirmed_ber": 0.0, "confirmed_ser": 0.0, "confirmed_pdet": 0.0556640625, "passed": true}}, "spec_cnn": {"0.01": {"index": 39, "sweep_ber": 0.00074005126953125, "sweep_pdet": 0.015625, "confirmed_ber": 0.00067901611328125, "confirmed_ser": 0.0012302398681640625, "confirmed_pdet": 0.02294921875, "passed": false}, "0.05": {"index": 36, "sweep_ber": 0.0002899169921875, "sweep_pdet": 0.046875, "confirmed_ber": 0.00033092498779296875, "confirmed_ser": 0.0006465911865234375, "confirmed_pdet": 0.049560546875, "passed": true}}}  (535s)
  [snr_40] generator spec_cnn_b1 (scale 1.0000)
  JSR  -50.0 dB  BER 0.00e+00  P(det)@0.05 power_one_sided 0.115 power_two_sided 0.145 kurtosis 0.064 spec_cnn 0.062  (0s)
  JSR  -49.0 dB  BER 0.00e+00  P(det)@0.05 power_one_sided 0.092 power_two_sided 0.152 kurtosis 0.062 spec_cnn 0.039  (0s)
  JSR  -48.0 dB  BER 0.00e+00  P(det)@0.05 power_one_sided 0.156 power_two_sided 0.188 kurtosis 0.043 spec_cnn 0.043  (1s)
  JSR  -47.0 dB  BER 0.00e+00  P(det)@0.05 power_one_sided 0.158 power_two_sided 0.184 kurtosis 0.053 spec_cnn 0.039  (1s)
  JSR  -46.0 dB  BER 0.00e+00  P(det)@0.05 power_one_sided 0.188 power_two_sided 0.264 kurtosis 0.059 spec_cnn 0.068  (1s)
  JSR  -45.0 dB  BER 0.00e+00  P(det)@0.05 power_one_sided 0.195 power_two_sided 0.295 kurtosis 0.047 spec_cnn 0.053  (1s)
  JSR  -44.0 dB  BER 0.00e+00  P(det)@0.05 power_one_sided 0.225 power_two_sided 0.322 kurtosis 0.049 spec_cnn 0.055  (2s)
  JSR  -43.0 dB  BER 0.00e+00  P(det)@0.05 power_one_sided 0.254 power_two_sided 0.355 kurtosis 0.043 spec_cnn 0.039  (2s)
  JSR  -42.0 dB  BER 0.00e+00  P(det)@0.05 power_one_sided 0.326 power_two_sided 0.494 kurtosis 0.041 spec_cnn 0.053  (2s)
  JSR  -41.0 dB  BER 0.00e+00  P(det)@0.05 power_one_sided 0.311 power_two_sided 0.510 kurtosis 0.066 spec_cnn 0.037  (2s)
  JSR  -40.0 dB  BER 0.00e+00  P(det)@0.05 power_one_sided 0.361 power_two_sided 0.559 kurtosis 0.047 spec_cnn 0.068  (3s)
  JSR  -39.0 dB  BER 0.00e+00  P(det)@0.05 power_one_sided 0.359 power_two_sided 0.631 kurtosis 0.074 spec_cnn 0.053  (3s)
  JSR  -38.0 dB  BER 0.00e+00  P(det)@0.05 power_one_sided 0.412 power_two_sided 0.662 kurtosis 0.049 spec_cnn 0.061  (3s)
  JSR  -37.0 dB  BER 0.00e+00  P(det)@0.05 power_one_sided 0.398 power_two_sided 0.678 kurtosis 0.061 spec_cnn 0.053  (3s)
  JSR  -36.0 dB  BER 0.00e+00  P(det)@0.05 power_one_sided 0.406 power_two_sided 0.723 kurtosis 0.051 spec_cnn 0.082  (4s)
  JSR  -35.0 dB  BER 0.00e+00  P(det)@0.05 power_one_sided 0.434 power_two_sided 0.736 kurtosis 0.070 spec_cnn 0.072  (4s)
  JSR  -34.0 dB  BER 0.00e+00  P(det)@0.05 power_one_sided 0.475 power_two_sided 0.799 kurtosis 0.049 spec_cnn 0.064  (4s)
  JSR  -33.0 dB  BER 0.00e+00  P(det)@0.05 power_one_sided 0.428 power_two_sided 0.801 kurtosis 0.055 spec_cnn 0.064  (4s)
  JSR  -32.0 dB  BER 0.00e+00  P(det)@0.05 power_one_sided 0.518 power_two_sided 0.822 kurtosis 0.043 spec_cnn 0.064  (4s)
  JSR  -31.0 dB  BER 0.00e+00  P(det)@0.05 power_one_sided 0.506 power_two_sided 0.857 kurtosis 0.061 spec_cnn 0.072  (5s)
  JSR  -30.0 dB  BER 0.00e+00  P(det)@0.05 power_one_sided 0.514 power_two_sided 0.855 kurtosis 0.066 spec_cnn 0.115  (5s)
  JSR  -29.0 dB  BER 0.00e+00  P(det)@0.05 power_one_sided 0.533 power_two_sided 0.885 kurtosis 0.057 spec_cnn 0.115  (5s)
  JSR  -28.0 dB  BER 0.00e+00  P(det)@0.05 power_one_sided 0.566 power_two_sided 0.893 kurtosis 0.045 spec_cnn 0.143  (5s)
  JSR  -27.0 dB  BER 0.00e+00  P(det)@0.05 power_one_sided 0.584 power_two_sided 0.922 kurtosis 0.061 spec_cnn 0.166  (6s)
  JSR  -26.0 dB  BER 0.00e+00  P(det)@0.05 power_one_sided 0.613 power_two_sided 0.916 kurtosis 0.066 spec_cnn 0.193  (6s)
  JSR  -25.0 dB  BER 0.00e+00  P(det)@0.05 power_one_sided 0.586 power_two_sided 0.916 kurtosis 0.070 spec_cnn 0.264  (6s)
  JSR  -24.0 dB  BER 0.00e+00  P(det)@0.05 power_one_sided 0.635 power_two_sided 0.959 kurtosis 0.080 spec_cnn 0.266  (6s)
  JSR  -23.0 dB  BER 2.75e-04  P(det)@0.05 power_one_sided 0.648 power_two_sided 0.953 kurtosis 0.123 spec_cnn 0.346  (7s)
  JSR  -22.0 dB  BER 7.63e-04  P(det)@0.05 power_one_sided 0.676 power_two_sided 0.959 kurtosis 0.131 spec_cnn 0.449  (7s)
  JSR  -21.0 dB  BER 1.21e-03  P(det)@0.05 power_one_sided 0.707 power_two_sided 0.967 kurtosis 0.193 spec_cnn 0.502  (7s)
  JSR  -20.0 dB  BER 1.76e-03  P(det)@0.05 power_one_sided 0.732 power_two_sided 0.975 kurtosis 0.215 spec_cnn 0.662  (7s)
  JSR  -19.0 dB  BER 2.13e-03  P(det)@0.05 power_one_sided 0.744 power_two_sided 0.955 kurtosis 0.357 spec_cnn 0.697  (8s)
  JSR  -18.0 dB  BER 2.38e-03  P(det)@0.05 power_one_sided 0.797 power_two_sided 0.963 kurtosis 0.461 spec_cnn 0.822  (8s)
  JSR  -17.0 dB  BER 2.77e-03  P(det)@0.05 power_one_sided 0.842 power_two_sided 0.949 kurtosis 0.539 spec_cnn 0.908  (8s)
  JSR  -16.0 dB  BER 3.18e-03  P(det)@0.05 power_one_sided 0.904 power_two_sided 0.971 kurtosis 0.602 spec_cnn 0.959  (8s)
  JSR  -15.0 dB  BER 3.40e-03  P(det)@0.05 power_one_sided 0.953 power_two_sided 0.977 kurtosis 0.711 spec_cnn 0.988  (8s)
  JSR  -14.0 dB  BER 3.62e-03  P(det)@0.05 power_one_sided 0.984 power_two_sided 0.986 kurtosis 0.779 spec_cnn 0.998  (9s)
  JSR  -13.0 dB  BER 4.16e-03  P(det)@0.05 power_one_sided 0.994 power_two_sided 1.000 kurtosis 0.826 spec_cnn 1.000  (9s)
  JSR  -12.0 dB  BER 4.60e-03  P(det)@0.05 power_one_sided 1.000 power_two_sided 1.000 kurtosis 0.904 spec_cnn 1.000  (9s)
  JSR  -11.0 dB  BER 4.65e-03  P(det)@0.05 power_one_sided 1.000 power_two_sided 1.000 kurtosis 0.973 spec_cnn 1.000  (9s)
  JSR  -10.0 dB  BER 4.77e-03  P(det)@0.05 power_one_sided 1.000 power_two_sided 1.000 kurtosis 1.000 spec_cnn 1.000  (10s)
  JSR   -9.0 dB  BER 5.31e-03  P(det)@0.05 power_one_sided 1.000 power_two_sided 1.000 kurtosis 1.000 spec_cnn 1.000  (10s)
  JSR   -8.0 dB  BER 5.74e-03  P(det)@0.05 power_one_sided 1.000 power_two_sided 1.000 kurtosis 1.000 spec_cnn 1.000  (10s)
  JSR   -7.0 dB  BER 6.77e-03  P(det)@0.05 power_one_sided 1.000 power_two_sided 1.000 kurtosis 1.000 spec_cnn 1.000  (10s)
  JSR   -6.0 dB  BER 7.34e-03  P(det)@0.05 power_one_sided 1.000 power_two_sided 1.000 kurtosis 1.000 spec_cnn 1.000  (11s)
  JSR   -5.0 dB  BER 7.86e-03  P(det)@0.05 power_one_sided 1.000 power_two_sided 1.000 kurtosis 1.000 spec_cnn 1.000  (11s)
  JSR   -4.0 dB  BER 8.48e-03  P(det)@0.05 power_one_sided 1.000 power_two_sided 1.000 kurtosis 1.000 spec_cnn 1.000  (11s)
  JSR   -3.0 dB  BER 9.17e-03  P(det)@0.05 power_one_sided 1.000 power_two_sided 1.000 kurtosis 1.000 spec_cnn 1.000  (11s)
  JSR   -2.0 dB  BER 9.95e-03  P(det)@0.05 power_one_sided 1.000 power_two_sided 1.000 kurtosis 1.000 spec_cnn 1.000  (12s)
  JSR   -1.0 dB  BER 9.90e-03  P(det)@0.05 power_one_sided 1.000 power_two_sided 1.000 kurtosis 1.000 spec_cnn 1.000  (12s)
  JSR   +0.0 dB  BER 1.07e-02  P(det)@0.05 power_one_sided 1.000 power_two_sided 1.000 kurtosis 1.000 spec_cnn 1.000  (12s)
  JSR   +1.0 dB  BER 1.18e-02  P(det)@0.05 power_one_sided 1.000 power_two_sided 1.000 kurtosis 1.000 spec_cnn 1.000  (12s)
  JSR   +2.0 dB  BER 1.27e-02  P(det)@0.05 power_one_sided 1.000 power_two_sided 1.000 kurtosis 1.000 spec_cnn 1.000  (12s)
  JSR   +3.0 dB  BER 1.38e-02  P(det)@0.05 power_one_sided 1.000 power_two_sided 1.000 kurtosis 1.000 spec_cnn 1.000  (13s)
  JSR   +4.0 dB  BER 1.46e-02  P(det)@0.05 power_one_sided 1.000 power_two_sided 1.000 kurtosis 1.000 spec_cnn 1.000  (13s)
  JSR   +5.0 dB  BER 1.53e-02  P(det)@0.05 power_one_sided 1.000 power_two_sided 1.000 kurtosis 1.000 spec_cnn 1.000  (13s)
  JSR   +6.0 dB  BER 1.56e-02  P(det)@0.05 power_one_sided 1.000 power_two_sided 1.000 kurtosis 1.000 spec_cnn 1.000  (13s)
  JSR   +7.0 dB  BER 1.64e-02  P(det)@0.05 power_one_sided 1.000 power_two_sided 1.000 kurtosis 1.000 spec_cnn 1.000  (14s)
  JSR   +8.0 dB  BER 1.67e-02  P(det)@0.05 power_one_sided 1.000 power_two_sided 1.000 kurtosis 1.000 spec_cnn 1.000  (14s)
  JSR   +9.0 dB  BER 1.72e-02  P(det)@0.05 power_one_sided 1.000 power_two_sided 1.000 kurtosis 1.000 spec_cnn 1.000  (14s)
  JSR  +10.0 dB  BER 1.78e-02  P(det)@0.05 power_one_sided 1.000 power_two_sided 1.000 kurtosis 1.000 spec_cnn 1.000  (14s)
  JSR  +11.0 dB  BER 1.91e-02  P(det)@0.05 power_one_sided 1.000 power_two_sided 1.000 kurtosis 1.000 spec_cnn 1.000  (15s)
  JSR  +12.0 dB  BER 2.09e-02  P(det)@0.05 power_one_sided 1.000 power_two_sided 1.000 kurtosis 1.000 spec_cnn 1.000  (15s)
  JSR  +13.0 dB  BER 2.28e-02  P(det)@0.05 power_one_sided 1.000 power_two_sided 1.000 kurtosis 1.000 spec_cnn 1.000  (15s)
  JSR  +14.0 dB  BER 2.42e-02  P(det)@0.05 power_one_sided 1.000 power_two_sided 1.000 kurtosis 1.000 spec_cnn 1.000  (15s)
  JSR  +15.0 dB  BER 2.81e-02  P(det)@0.05 power_one_sided 1.000 power_two_sided 1.000 kurtosis 1.000 spec_cnn 1.000  (16s)
  [snr_40] spec_cnn_b1 confirmed: {"power_one_sided": {"0.01": null, "0.05": null}, "power_two_sided": {"0.01": null, "0.05": null}, "kurtosis": {"0.01": {"index": 0, "sweep_ber": 0.0, "sweep_pdet": 0.00390625, "confirmed_ber": 0.0, "confirmed_ser": 0.0, "confirmed_pdet": 0.0107421875, "passed": true}, "0.05": {"index": 0, "sweep_ber": 0.0, "sweep_pdet": 0.064453125, "confirmed_ber": 0.0, "confirmed_ser": 0.0, "confirmed_pdet": 0.056396484375, "passed": true}}, "spec_cnn": {"0.01": {"index": 0, "sweep_ber": 0.0, "sweep_pdet": 0.01171875, "confirmed_ber": 0.0, "confirmed_ser": 0.0, "confirmed_pdet": 0.01123046875, "passed": true}, "0.05": {"index": 0, "sweep_ber": 0.0, "sweep_pdet": 0.0625, "confirmed_ber": 0.0, "confirmed_ser": 0.0, "confirmed_pdet": 0.0458984375, "passed": true}}}  (558s)
  [snr_40] generator spec_cnn_b10 (scale 1.0000)
    JSR  -50.0 dB  BER 0.00e+00  P(det)@0.05 power_one_sided 0.105 power_two_sided 0.129 kurtosis 0.057 spec_cnn 0.045  (0s)
    JSR  -49.0 dB  BER 0.00e+00  P(det)@0.05 power_one_sided 0.119 power_two_sided 0.131 kurtosis 0.051 spec_cnn 0.037  (0s)
    JSR  -48.0 dB  BER 0.00e+00  P(det)@0.05 power_one_sided 0.123 power_two_sided 0.154 kurtosis 0.055 spec_cnn 0.051  (1s)
    JSR  -47.0 dB  BER 0.00e+00  P(det)@0.05 power_one_sided 0.168 power_two_sided 0.182 kurtosis 0.039 spec_cnn 0.053  (1s)
    JSR  -46.0 dB  BER 0.00e+00  P(det)@0.05 power_one_sided 0.172 power_two_sided 0.270 kurtosis 0.062 spec_cnn 0.045  (1s)
    JSR  -45.0 dB  BER 0.00e+00  P(det)@0.05 power_one_sided 0.227 power_two_sided 0.326 kurtosis 0.043 spec_cnn 0.057  (1s)
    JSR  -44.0 dB  BER 0.00e+00  P(det)@0.05 power_one_sided 0.246 power_two_sided 0.338 kurtosis 0.041 spec_cnn 0.055  (2s)
    JSR  -43.0 dB  BER 0.00e+00  P(det)@0.05 power_one_sided 0.285 power_two_sided 0.412 kurtosis 0.057 spec_cnn 0.043  (2s)
    JSR  -42.0 dB  BER 0.00e+00  P(det)@0.05 power_one_sided 0.293 power_two_sided 0.482 kurtosis 0.061 spec_cnn 0.037  (2s)
    JSR  -41.0 dB  BER 0.00e+00  P(det)@0.05 power_one_sided 0.305 power_two_sided 0.523 kurtosis 0.057 spec_cnn 0.064  (2s)
    JSR  -40.0 dB  BER 0.00e+00  P(det)@0.05 power_one_sided 0.377 power_two_sided 0.564 kurtosis 0.064 spec_cnn 0.033  (3s)
    JSR  -39.0 dB  BER 0.00e+00  P(det)@0.05 power_one_sided 0.369 power_two_sided 0.617 kurtosis 0.049 spec_cnn 0.041  (3s)
    JSR  -38.0 dB  BER 0.00e+00  P(det)@0.05 power_one_sided 0.379 power_two_sided 0.643 kurtosis 0.062 spec_cnn 0.057  (3s)
    JSR  -37.0 dB  BER 0.00e+00  P(det)@0.05 power_one_sided 0.365 power_two_sided 0.680 kurtosis 0.064 spec_cnn 0.061  (3s)
    JSR  -36.0 dB  BER 0.00e+00  P(det)@0.05 power_one_sided 0.418 power_two_sided 0.707 kurtosis 0.055 spec_cnn 0.051  (4s)
    JSR  -35.0 dB  BER 0.00e+00  P(det)@0.05 power_one_sided 0.441 power_two_sided 0.725 kurtosis 0.068 spec_cnn 0.062  (4s)
    JSR  -34.0 dB  BER 0.00e+00  P(det)@0.05 power_one_sided 0.449 power_two_sided 0.783 kurtosis 0.049 spec_cnn 0.072  (4s)
    JSR  -33.0 dB  BER 0.00e+00  P(det)@0.05 power_one_sided 0.506 power_two_sided 0.816 kurtosis 0.047 spec_cnn 0.090  (4s)
    JSR  -32.0 dB  BER 0.00e+00  P(det)@0.05 power_one_sided 0.471 power_two_sided 0.795 kurtosis 0.043 spec_cnn 0.076  (4s)
    JSR  -31.0 dB  BER 0.00e+00  P(det)@0.05 power_one_sided 0.502 power_two_sided 0.830 kurtosis 0.051 spec_cnn 0.084  (5s)
    JSR  -30.0 dB  BER 0.00e+00  P(det)@0.05 power_one_sided 0.545 power_two_sided 0.871 kurtosis 0.049 spec_cnn 0.098  (5s)
    JSR  -29.0 dB  BER 0.00e+00  P(det)@0.05 power_one_sided 0.514 power_two_sided 0.871 kurtosis 0.062 spec_cnn 0.131  (5s)
    JSR  -28.0 dB  BER 0.00e+00  P(det)@0.05 power_one_sided 0.553 power_two_sided 0.914 kurtosis 0.055 spec_cnn 0.154  (5s)
    JSR  -27.0 dB  BER 0.00e+00  P(det)@0.05 power_one_sided 0.572 power_two_sided 0.887 kurtosis 0.051 spec_cnn 0.182  (6s)
    JSR  -26.0 dB  BER 0.00e+00  P(det)@0.05 power_one_sided 0.635 power_two_sided 0.932 kurtosis 0.053 spec_cnn 0.207  (6s)
    JSR  -25.0 dB  BER 0.00e+00  P(det)@0.05 power_one_sided 0.615 power_two_sided 0.912 kurtosis 0.066 spec_cnn 0.238  (6s)
    JSR  -24.0 dB  BER 0.00e+00  P(det)@0.05 power_one_sided 0.625 power_two_sided 0.959 kurtosis 0.096 spec_cnn 0.227  (6s)
    JSR  -23.0 dB  BER 3.51e-04  P(det)@0.05 power_one_sided 0.645 power_two_sided 0.934 kurtosis 0.100 spec_cnn 0.357  (7s)
    JSR  -22.0 dB  BER 9.38e-04  P(det)@0.05 power_one_sided 0.641 power_two_sided 0.941 kurtosis 0.154 spec_cnn 0.426  (7s)
    JSR  -21.0 dB  BER 1.36e-03  P(det)@0.05 power_one_sided 0.666 power_two_sided 0.961 kurtosis 0.170 spec_cnn 0.518  (7s)
    JSR  -20.0 dB  BER 1.84e-03  P(det)@0.05 power_one_sided 0.727 power_two_sided 0.969 kurtosis 0.238 spec_cnn 0.611  (7s)
    JSR  -19.0 dB  BER 2.22e-03  P(det)@0.05 power_one_sided 0.744 power_two_sided 0.973 kurtosis 0.352 spec_cnn 0.695  (8s)
    JSR  -18.0 dB  BER 2.36e-03  P(det)@0.05 power_one_sided 0.822 power_two_sided 0.953 kurtosis 0.455 spec_cnn 0.820  (8s)
    JSR  -17.0 dB  BER 2.88e-03  P(det)@0.05 power_one_sided 0.811 power_two_sided 0.953 kurtosis 0.533 spec_cnn 0.906  (8s)
    JSR  -16.0 dB  BER 3.25e-03  P(det)@0.05 power_one_sided 0.879 power_two_sided 0.975 kurtosis 0.615 spec_cnn 0.955  (8s)
    JSR  -15.0 dB  BER 3.73e-03  P(det)@0.05 power_one_sided 0.943 power_two_sided 0.979 kurtosis 0.662 spec_cnn 0.992  (8s)
    JSR  -14.0 dB  BER 4.07e-03  P(det)@0.05 power_one_sided 0.984 power_two_sided 0.992 kurtosis 0.748 spec_cnn 0.996  (9s)
    JSR  -13.0 dB  BER 4.35e-03  P(det)@0.05 power_one_sided 0.992 power_two_sided 0.998 kurtosis 0.859 spec_cnn 0.998  (9s)
    JSR  -12.0 dB  BER 4.46e-03  P(det)@0.05 power_one_sided 1.000 power_two_sided 1.000 kurtosis 0.891 spec_cnn 1.000  (9s)
    JSR  -11.0 dB  BER 4.49e-03  P(det)@0.05 power_one_sided 0.998 power_two_sided 0.998 kurtosis 0.971 spec_cnn 1.000  (9s)
    JSR  -10.0 dB  BER 5.00e-03  P(det)@0.05 power_one_sided 1.000 power_two_sided 1.000 kurtosis 1.000 spec_cnn 1.000  (10s)
    JSR   -9.0 dB  BER 4.89e-03  P(det)@0.05 power_one_sided 1.000 power_two_sided 1.000 kurtosis 1.000 spec_cnn 1.000  (10s)
    JSR   -8.0 dB  BER 5.75e-03  P(det)@0.05 power_one_sided 1.000 power_two_sided 1.000 kurtosis 1.000 spec_cnn 1.000  (10s)
    JSR   -7.0 dB  BER 6.08e-03  P(det)@0.05 power_one_sided 1.000 power_two_sided 1.000 kurtosis 1.000 spec_cnn 1.000  (10s)
    JSR   -6.0 dB  BER 7.09e-03  P(det)@0.05 power_one_sided 1.000 power_two_sided 1.000 kurtosis 1.000 spec_cnn 1.000  (11s)
    JSR   -5.0 dB  BER 7.74e-03  P(det)@0.05 power_one_sided 1.000 power_two_sided 1.000 kurtosis 1.000 spec_cnn 1.000  (11s)
    JSR   -4.0 dB  BER 8.35e-03  P(det)@0.05 power_one_sided 1.000 power_two_sided 1.000 kurtosis 1.000 spec_cnn 1.000  (11s)
    JSR   -3.0 dB  BER 9.22e-03  P(det)@0.05 power_one_sided 1.000 power_two_sided 1.000 kurtosis 1.000 spec_cnn 1.000  (11s)
    JSR   -2.0 dB  BER 9.09e-03  P(det)@0.05 power_one_sided 1.000 power_two_sided 1.000 kurtosis 1.000 spec_cnn 1.000  (12s)
    JSR   -1.0 dB  BER 1.04e-02  P(det)@0.05 power_one_sided 1.000 power_two_sided 1.000 kurtosis 1.000 spec_cnn 1.000  (12s)
    JSR   +0.0 dB  BER 1.06e-02  P(det)@0.05 power_one_sided 1.000 power_two_sided 1.000 kurtosis 1.000 spec_cnn 1.000  (12s)
    JSR   +1.0 dB  BER 1.13e-02  P(det)@0.05 power_one_sided 1.000 power_two_sided 1.000 kurtosis 1.000 spec_cnn 1.000  (12s)
    JSR   +2.0 dB  BER 1.25e-02  P(det)@0.05 power_one_sided 1.000 power_two_sided 1.000 kurtosis 1.000 spec_cnn 1.000  (12s)
    JSR   +3.0 dB  BER 1.27e-02  P(det)@0.05 power_one_sided 1.000 power_two_sided 1.000 kurtosis 1.000 spec_cnn 1.000  (13s)
    JSR   +4.0 dB  BER 1.38e-02  P(det)@0.05 power_one_sided 1.000 power_two_sided 1.000 kurtosis 1.000 spec_cnn 1.000  (13s)
    JSR   +5.0 dB  BER 1.42e-02  P(det)@0.05 power_one_sided 1.000 power_two_sided 1.000 kurtosis 1.000 spec_cnn 1.000  (13s)
    JSR   +6.0 dB  BER 1.57e-02  P(det)@0.05 power_one_sided 1.000 power_two_sided 1.000 kurtosis 1.000 spec_cnn 1.000  (13s)
    JSR   +7.0 dB  BER 1.63e-02  P(det)@0.05 power_one_sided 1.000 power_two_sided 1.000 kurtosis 1.000 spec_cnn 1.000  (14s)
    JSR   +8.0 dB  BER 1.67e-02  P(det)@0.05 power_one_sided 1.000 power_two_sided 1.000 kurtosis 1.000 spec_cnn 1.000  (14s)
    JSR   +9.0 dB  BER 1.70e-02  P(det)@0.05 power_one_sided 1.000 power_two_sided 1.000 kurtosis 1.000 spec_cnn 1.000  (14s)
    JSR  +10.0 dB  BER 1.76e-02  P(det)@0.05 power_one_sided 1.000 power_two_sided 1.000 kurtosis 1.000 spec_cnn 1.000  (14s)
    JSR  +11.0 dB  BER 1.80e-02  P(det)@0.05 power_one_sided 1.000 power_two_sided 1.000 kurtosis 1.000 spec_cnn 1.000  (15s)
    JSR  +12.0 dB  BER 2.00e-02  P(det)@0.05 power_one_sided 1.000 power_two_sided 1.000 kurtosis 1.000 spec_cnn 1.000  (15s)
    JSR  +13.0 dB  BER 2.09e-02  P(det)@0.05 power_one_sided 1.000 power_two_sided 1.000 kurtosis 1.000 spec_cnn 1.000  (15s)
    JSR  +14.0 dB  BER 2.22e-02  P(det)@0.05 power_one_sided 1.000 power_two_sided 1.000 kurtosis 1.000 spec_cnn 1.000  (15s)
    JSR  +15.0 dB  BER 2.46e-02  P(det)@0.05 power_one_sided 1.000 power_two_sided 1.000 kurtosis 1.000 spec_cnn 1.000  (16s)
  [snr_40] spec_cnn_b10 confirmed: {"power_one_sided": {"0.01": null, "0.05": null}, "power_two_sided": {"0.01": null, "0.05": null}, "kurtosis": {"0.01": {"index": 0, "sweep_ber": 0.0, "sweep_pdet": 0.005859375, "confirmed_ber": 0.0, "confirmed_ser": 0.0, "confirmed_pdet": 0.00927734375, "passed": true}, "0.05": {"index": 0, "sweep_ber": 0.0, "sweep_pdet": 0.056640625, "confirmed_ber": 0.0, "confirmed_ser": 0.0, "confirmed_pdet": 0.0478515625, "passed": true}}, "spec_cnn": {"0.01": {"index": 0, "sweep_ber": 0.0, "sweep_pdet": 0.005859375, "confirmed_ber": 0.0, "confirmed_ser": 0.0, "confirmed_pdet": 0.01318359375, "passed": false}, "0.05": {"index": 0, "sweep_ber": 0.0, "sweep_pdet": 0.044921875, "confirmed_ber": 0.0, "confirmed_ser": 0.0, "confirmed_pdet": 0.05126953125, "passed": true}}}  (581s)
  [snr_40] generator spec_cnn_b100 (scale 1.0000)
  JSR  -50.0 dB  BER 0.00e+00  P(det)@0.05 power_one_sided 0.107 power_two_sided 0.125 kurtosis 0.055 spec_cnn 0.062  (0s)
  JSR  -49.0 dB  BER 0.00e+00  P(det)@0.05 power_one_sided 0.109 power_two_sided 0.125 kurtosis 0.057 spec_cnn 0.047  (0s)
  JSR  -48.0 dB  BER 0.00e+00  P(det)@0.05 power_one_sided 0.156 power_two_sided 0.180 kurtosis 0.041 spec_cnn 0.043  (1s)
  JSR  -47.0 dB  BER 0.00e+00  P(det)@0.05 power_one_sided 0.131 power_two_sided 0.180 kurtosis 0.062 spec_cnn 0.053  (1s)
  JSR  -46.0 dB  BER 0.00e+00  P(det)@0.05 power_one_sided 0.176 power_two_sided 0.229 kurtosis 0.053 spec_cnn 0.059  (1s)
  JSR  -45.0 dB  BER 0.00e+00  P(det)@0.05 power_one_sided 0.178 power_two_sided 0.246 kurtosis 0.068 spec_cnn 0.045  (1s)
  JSR  -44.0 dB  BER 0.00e+00  P(det)@0.05 power_one_sided 0.188 power_two_sided 0.279 kurtosis 0.074 spec_cnn 0.041  (2s)
  JSR  -43.0 dB  BER 0.00e+00  P(det)@0.05 power_one_sided 0.238 power_two_sided 0.361 kurtosis 0.055 spec_cnn 0.061  (2s)
  JSR  -42.0 dB  BER 0.00e+00  P(det)@0.05 power_one_sided 0.312 power_two_sided 0.443 kurtosis 0.047 spec_cnn 0.068  (2s)
  JSR  -41.0 dB  BER 0.00e+00  P(det)@0.05 power_one_sided 0.309 power_two_sided 0.482 kurtosis 0.057 spec_cnn 0.062  (2s)
  JSR  -40.0 dB  BER 0.00e+00  P(det)@0.05 power_one_sided 0.316 power_two_sided 0.551 kurtosis 0.053 spec_cnn 0.084  (3s)
  JSR  -39.0 dB  BER 0.00e+00  P(det)@0.05 power_one_sided 0.352 power_two_sided 0.576 kurtosis 0.047 spec_cnn 0.074  (3s)
  JSR  -38.0 dB  BER 0.00e+00  P(det)@0.05 power_one_sided 0.408 power_two_sided 0.650 kurtosis 0.047 spec_cnn 0.076  (3s)
  JSR  -37.0 dB  BER 0.00e+00  P(det)@0.05 power_one_sided 0.422 power_two_sided 0.656 kurtosis 0.059 spec_cnn 0.086  (3s)
  JSR  -36.0 dB  BER 0.00e+00  P(det)@0.05 power_one_sided 0.451 power_two_sided 0.723 kurtosis 0.047 spec_cnn 0.104  (3s)
  JSR  -35.0 dB  BER 0.00e+00  P(det)@0.05 power_one_sided 0.449 power_two_sided 0.729 kurtosis 0.057 spec_cnn 0.117  (4s)
  JSR  -34.0 dB  BER 0.00e+00  P(det)@0.05 power_one_sided 0.457 power_two_sided 0.732 kurtosis 0.053 spec_cnn 0.135  (4s)
  JSR  -33.0 dB  BER 0.00e+00  P(det)@0.05 power_one_sided 0.447 power_two_sided 0.801 kurtosis 0.051 spec_cnn 0.152  (4s)
  JSR  -32.0 dB  BER 0.00e+00  P(det)@0.05 power_one_sided 0.512 power_two_sided 0.797 kurtosis 0.057 spec_cnn 0.178  (4s)
  JSR  -31.0 dB  BER 0.00e+00  P(det)@0.05 power_one_sided 0.461 power_two_sided 0.836 kurtosis 0.059 spec_cnn 0.240  (5s)
  JSR  -30.0 dB  BER 0.00e+00  P(det)@0.05 power_one_sided 0.527 power_two_sided 0.859 kurtosis 0.049 spec_cnn 0.316  (5s)
  JSR  -29.0 dB  BER 0.00e+00  P(det)@0.05 power_one_sided 0.521 power_two_sided 0.861 kurtosis 0.074 spec_cnn 0.342  (5s)
  JSR  -28.0 dB  BER 0.00e+00  P(det)@0.05 power_one_sided 0.590 power_two_sided 0.885 kurtosis 0.055 spec_cnn 0.410  (5s)
  JSR  -27.0 dB  BER 0.00e+00  P(det)@0.05 power_one_sided 0.566 power_two_sided 0.895 kurtosis 0.057 spec_cnn 0.553  (6s)
  JSR  -26.0 dB  BER 0.00e+00  P(det)@0.05 power_one_sided 0.574 power_two_sided 0.924 kurtosis 0.064 spec_cnn 0.631  (6s)
  JSR  -25.0 dB  BER 0.00e+00  P(det)@0.05 power_one_sided 0.633 power_two_sided 0.918 kurtosis 0.047 spec_cnn 0.777  (6s)
  JSR  -24.0 dB  BER 0.00e+00  P(det)@0.05 power_one_sided 0.670 power_two_sided 0.926 kurtosis 0.062 spec_cnn 0.857  (6s)
  JSR  -23.0 dB  BER 0.00e+00  P(det)@0.05 power_one_sided 0.701 power_two_sided 0.947 kurtosis 0.076 spec_cnn 0.924  (7s)
  JSR  -22.0 dB  BER 2.67e-04  P(det)@0.05 power_one_sided 0.732 power_two_sided 0.939 kurtosis 0.102 spec_cnn 0.973  (7s)
  JSR  -21.0 dB  BER 6.94e-04  P(det)@0.05 power_one_sided 0.738 power_two_sided 0.949 kurtosis 0.127 spec_cnn 0.992  (7s)
  JSR  -20.0 dB  BER 1.17e-03  P(det)@0.05 power_one_sided 0.773 power_two_sided 0.955 kurtosis 0.193 spec_cnn 0.994  (7s)
  JSR  -19.0 dB  BER 1.68e-03  P(det)@0.05 power_one_sided 0.799 power_two_sided 0.939 kurtosis 0.281 spec_cnn 1.000  (7s)
  JSR  -18.0 dB  BER 2.02e-03  P(det)@0.05 power_one_sided 0.834 power_two_sided 0.947 kurtosis 0.367 spec_cnn 1.000  (8s)
  JSR  -17.0 dB  BER 2.50e-03  P(det)@0.05 power_one_sided 0.920 power_two_sided 0.969 kurtosis 0.455 spec_cnn 1.000  (8s)
  JSR  -16.0 dB  BER 2.71e-03  P(det)@0.05 power_one_sided 0.955 power_two_sided 0.990 kurtosis 0.570 spec_cnn 1.000  (8s)
  JSR  -15.0 dB  BER 2.88e-03  P(det)@0.05 power_one_sided 0.980 power_two_sided 0.988 kurtosis 0.682 spec_cnn 1.000  (8s)
  JSR  -14.0 dB  BER 3.45e-03  P(det)@0.05 power_one_sided 0.988 power_two_sided 0.992 kurtosis 0.730 spec_cnn 1.000  (9s)
  JSR  -13.0 dB  BER 3.56e-03  P(det)@0.05 power_one_sided 1.000 power_two_sided 1.000 kurtosis 0.793 spec_cnn 1.000  (9s)
  JSR  -12.0 dB  BER 4.01e-03  P(det)@0.05 power_one_sided 1.000 power_two_sided 1.000 kurtosis 0.883 spec_cnn 1.000  (9s)
  JSR  -11.0 dB  BER 4.30e-03  P(det)@0.05 power_one_sided 1.000 power_two_sided 1.000 kurtosis 0.938 spec_cnn 1.000  (9s)
  JSR  -10.0 dB  BER 4.73e-03  P(det)@0.05 power_one_sided 1.000 power_two_sided 1.000 kurtosis 0.990 spec_cnn 1.000  (10s)
  JSR   -9.0 dB  BER 5.14e-03  P(det)@0.05 power_one_sided 1.000 power_two_sided 1.000 kurtosis 1.000 spec_cnn 1.000  (10s)
  JSR   -8.0 dB  BER 6.27e-03  P(det)@0.05 power_one_sided 1.000 power_two_sided 1.000 kurtosis 1.000 spec_cnn 1.000  (10s)
  JSR   -7.0 dB  BER 6.72e-03  P(det)@0.05 power_one_sided 1.000 power_two_sided 1.000 kurtosis 1.000 spec_cnn 1.000  (10s)
  JSR   -6.0 dB  BER 7.16e-03  P(det)@0.05 power_one_sided 1.000 power_two_sided 1.000 kurtosis 1.000 spec_cnn 1.000  (11s)
  JSR   -5.0 dB  BER 8.10e-03  P(det)@0.05 power_one_sided 1.000 power_two_sided 1.000 kurtosis 1.000 spec_cnn 1.000  (11s)
  JSR   -4.0 dB  BER 8.45e-03  P(det)@0.05 power_one_sided 1.000 power_two_sided 1.000 kurtosis 1.000 spec_cnn 1.000  (11s)
  JSR   -3.0 dB  BER 8.80e-03  P(det)@0.05 power_one_sided 1.000 power_two_sided 1.000 kurtosis 1.000 spec_cnn 1.000  (11s)
  JSR   -2.0 dB  BER 9.88e-03  P(det)@0.05 power_one_sided 1.000 power_two_sided 1.000 kurtosis 1.000 spec_cnn 1.000  (12s)
  JSR   -1.0 dB  BER 1.06e-02  P(det)@0.05 power_one_sided 1.000 power_two_sided 1.000 kurtosis 1.000 spec_cnn 1.000  (12s)
  JSR   +0.0 dB  BER 1.20e-02  P(det)@0.05 power_one_sided 1.000 power_two_sided 1.000 kurtosis 1.000 spec_cnn 1.000  (12s)
  JSR   +1.0 dB  BER 1.28e-02  P(det)@0.05 power_one_sided 1.000 power_two_sided 1.000 kurtosis 1.000 spec_cnn 1.000  (12s)
  JSR   +2.0 dB  BER 1.34e-02  P(det)@0.05 power_one_sided 1.000 power_two_sided 1.000 kurtosis 1.000 spec_cnn 1.000  (12s)
  JSR   +3.0 dB  BER 1.44e-02  P(det)@0.05 power_one_sided 1.000 power_two_sided 1.000 kurtosis 1.000 spec_cnn 1.000  (13s)
  JSR   +4.0 dB  BER 1.54e-02  P(det)@0.05 power_one_sided 1.000 power_two_sided 1.000 kurtosis 1.000 spec_cnn 1.000  (13s)
  JSR   +5.0 dB  BER 1.66e-02  P(det)@0.05 power_one_sided 1.000 power_two_sided 1.000 kurtosis 1.000 spec_cnn 1.000  (13s)
  JSR   +6.0 dB  BER 1.79e-02  P(det)@0.05 power_one_sided 1.000 power_two_sided 1.000 kurtosis 1.000 spec_cnn 1.000  (13s)
  JSR   +7.0 dB  BER 1.95e-02  P(det)@0.05 power_one_sided 1.000 power_two_sided 1.000 kurtosis 1.000 spec_cnn 1.000  (14s)
  JSR   +8.0 dB  BER 2.14e-02  P(det)@0.05 power_one_sided 1.000 power_two_sided 1.000 kurtosis 1.000 spec_cnn 1.000  (14s)
  JSR   +9.0 dB  BER 2.52e-02  P(det)@0.05 power_one_sided 1.000 power_two_sided 1.000 kurtosis 1.000 spec_cnn 1.000  (14s)
  JSR  +10.0 dB  BER 2.81e-02  P(det)@0.05 power_one_sided 1.000 power_two_sided 1.000 kurtosis 1.000 spec_cnn 1.000  (14s)
  JSR  +11.0 dB  BER 3.19e-02  P(det)@0.05 power_one_sided 1.000 power_two_sided 1.000 kurtosis 1.000 spec_cnn 1.000  (15s)
  JSR  +12.0 dB  BER 3.66e-02  P(det)@0.05 power_one_sided 1.000 power_two_sided 1.000 kurtosis 1.000 spec_cnn 1.000  (15s)
  JSR  +13.0 dB  BER 4.16e-02  P(det)@0.05 power_one_sided 1.000 power_two_sided 1.000 kurtosis 1.000 spec_cnn 1.000  (15s)
  JSR  +14.0 dB  BER 4.61e-02  P(det)@0.05 power_one_sided 1.000 power_two_sided 1.000 kurtosis 1.000 spec_cnn 1.000  (15s)
  JSR  +15.0 dB  BER 5.13e-02  P(det)@0.05 power_one_sided 1.000 power_two_sided 1.000 kurtosis 1.000 spec_cnn 1.000  (15s)
  [snr_40] spec_cnn_b100 confirmed: {"power_one_sided": {"0.01": null, "0.05": null}, "power_two_sided": {"0.01": null, "0.05": null}, "kurtosis": {"0.01": {"index": 0, "sweep_ber": 0.0, "sweep_pdet": 0.015625, "confirmed_ber": 0.0, "confirmed_ser": 0.0, "confirmed_pdet": 0.011474609375, "passed": true}, "0.05": {"index": 0, "sweep_ber": 0.0, "sweep_pdet": 0.0546875, "confirmed_ber": 0.0, "confirmed_ser": 0.0, "confirmed_pdet": 0.051513671875, "passed": true}}, "spec_cnn": {"0.01": {"index": 0, "sweep_ber": 0.0, "sweep_pdet": 0.01171875, "confirmed_ber": 0.0, "confirmed_ser": 0.0, "confirmed_pdet": 0.009033203125, "passed": true}, "0.05": {"index": 0, "sweep_ber": 0.0, "sweep_pdet": 0.0625, "confirmed_ber": 0.0, "confirmed_ser": 0.0, "confirmed_pdet": 0.049560546875, "passed": true}}}  (605s)
  [snr_40] generator spec_cnn_b1000 (scale 1.0000)
  JSR  -50.0 dB  BER 0.00e+00  P(det)@0.05 power_one_sided 0.061 power_two_sided 0.057 kurtosis 0.057 spec_cnn 0.062  (0s)
  JSR  -49.0 dB  BER 0.00e+00  P(det)@0.05 power_one_sided 0.062 power_two_sided 0.066 kurtosis 0.041 spec_cnn 0.055  (0s)
  JSR  -48.0 dB  BER 0.00e+00  P(det)@0.05 power_one_sided 0.082 power_two_sided 0.086 kurtosis 0.059 spec_cnn 0.055  (1s)
  JSR  -47.0 dB  BER 0.00e+00  P(det)@0.05 power_one_sided 0.080 power_two_sided 0.066 kurtosis 0.064 spec_cnn 0.047  (1s)
  JSR  -46.0 dB  BER 0.00e+00  P(det)@0.05 power_one_sided 0.092 power_two_sided 0.092 kurtosis 0.059 spec_cnn 0.053  (1s)
  JSR  -45.0 dB  BER 0.00e+00  P(det)@0.05 power_one_sided 0.084 power_two_sided 0.080 kurtosis 0.051 spec_cnn 0.051  (1s)
  JSR  -44.0 dB  BER 0.00e+00  P(det)@0.05 power_one_sided 0.100 power_two_sided 0.102 kurtosis 0.045 spec_cnn 0.059  (2s)
  JSR  -43.0 dB  BER 0.00e+00  P(det)@0.05 power_one_sided 0.125 power_two_sided 0.133 kurtosis 0.047 spec_cnn 0.051  (2s)
  JSR  -42.0 dB  BER 0.00e+00  P(det)@0.05 power_one_sided 0.148 power_two_sided 0.146 kurtosis 0.051 spec_cnn 0.049  (2s)
  JSR  -41.0 dB  BER 0.00e+00  P(det)@0.05 power_one_sided 0.168 power_two_sided 0.154 kurtosis 0.061 spec_cnn 0.066  (2s)
  JSR  -40.0 dB  BER 0.00e+00  P(det)@0.05 power_one_sided 0.168 power_two_sided 0.166 kurtosis 0.055 spec_cnn 0.059  (3s)
  JSR  -39.0 dB  BER 0.00e+00  P(det)@0.05 power_one_sided 0.195 power_two_sided 0.205 kurtosis 0.053 spec_cnn 0.076  (3s)
  JSR  -38.0 dB  BER 0.00e+00  P(det)@0.05 power_one_sided 0.221 power_two_sided 0.236 kurtosis 0.049 spec_cnn 0.078  (3s)
  JSR  -37.0 dB  BER 0.00e+00  P(det)@0.05 power_one_sided 0.262 power_two_sided 0.307 kurtosis 0.078 spec_cnn 0.072  (3s)
  JSR  -36.0 dB  BER 0.00e+00  P(det)@0.05 power_one_sided 0.359 power_two_sided 0.375 kurtosis 0.061 spec_cnn 0.082  (3s)
  JSR  -35.0 dB  BER 0.00e+00  P(det)@0.05 power_one_sided 0.336 power_two_sided 0.406 kurtosis 0.064 spec_cnn 0.068  (4s)
  JSR  -34.0 dB  BER 0.00e+00  P(det)@0.05 power_one_sided 0.434 power_two_sided 0.490 kurtosis 0.059 spec_cnn 0.100  (4s)
  JSR  -33.0 dB  BER 0.00e+00  P(det)@0.05 power_one_sided 0.475 power_two_sided 0.523 kurtosis 0.037 spec_cnn 0.119  (4s)
  JSR  -32.0 dB  BER 0.00e+00  P(det)@0.05 power_one_sided 0.520 power_two_sided 0.580 kurtosis 0.035 spec_cnn 0.158  (4s)
  JSR  -31.0 dB  BER 0.00e+00  P(det)@0.05 power_one_sided 0.559 power_two_sided 0.602 kurtosis 0.049 spec_cnn 0.170  (5s)
  JSR  -30.0 dB  BER 0.00e+00  P(det)@0.05 power_one_sided 0.654 power_two_sided 0.682 kurtosis 0.061 spec_cnn 0.270  (5s)
  JSR  -29.0 dB  BER 0.00e+00  P(det)@0.05 power_one_sided 0.680 power_two_sided 0.734 kurtosis 0.055 spec_cnn 0.373  (5s)
  JSR  -28.0 dB  BER 0.00e+00  P(det)@0.05 power_one_sided 0.734 power_two_sided 0.795 kurtosis 0.066 spec_cnn 0.527  (5s)
  JSR  -27.0 dB  BER 0.00e+00  P(det)@0.05 power_one_sided 0.770 power_two_sided 0.826 kurtosis 0.053 spec_cnn 0.684  (6s)
  JSR  -26.0 dB  BER 0.00e+00  P(det)@0.05 power_one_sided 0.848 power_two_sided 0.877 kurtosis 0.068 spec_cnn 0.852  (6s)
  JSR  -25.0 dB  BER 0.00e+00  P(det)@0.05 power_one_sided 0.904 power_two_sided 0.918 kurtosis 0.059 spec_cnn 0.922  (6s)
  JSR  -24.0 dB  BER 0.00e+00  P(det)@0.05 power_one_sided 0.916 power_two_sided 0.938 kurtosis 0.051 spec_cnn 0.963  (6s)
  JSR  -23.0 dB  BER 0.00e+00  P(det)@0.05 power_one_sided 0.963 power_two_sided 0.967 kurtosis 0.070 spec_cnn 0.988  (7s)
  JSR  -22.0 dB  BER 0.00e+00  P(det)@0.05 power_one_sided 0.967 power_two_sided 0.977 kurtosis 0.055 spec_cnn 0.994  (7s)
  JSR  -21.0 dB  BER 0.00e+00  P(det)@0.05 power_one_sided 0.986 power_two_sided 0.992 kurtosis 0.055 spec_cnn 1.000  (7s)
  JSR  -20.0 dB  BER 0.00e+00  P(det)@0.05 power_one_sided 0.998 power_two_sided 0.992 kurtosis 0.084 spec_cnn 1.000  (7s)
  JSR  -19.0 dB  BER 0.00e+00  P(det)@0.05 power_one_sided 0.998 power_two_sided 0.998 kurtosis 0.113 spec_cnn 1.000  (7s)
  JSR  -18.0 dB  BER 0.00e+00  P(det)@0.05 power_one_sided 1.000 power_two_sided 1.000 kurtosis 0.115 spec_cnn 1.000  (8s)
  JSR  -17.0 dB  BER 0.00e+00  P(det)@0.05 power_one_sided 1.000 power_two_sided 1.000 kurtosis 0.156 spec_cnn 1.000  (8s)
  JSR  -16.0 dB  BER 0.00e+00  P(det)@0.05 power_one_sided 1.000 power_two_sided 1.000 kurtosis 0.252 spec_cnn 1.000  (8s)
  JSR  -15.0 dB  BER 0.00e+00  P(det)@0.05 power_one_sided 1.000 power_two_sided 1.000 kurtosis 0.299 spec_cnn 1.000  (8s)
  JSR  -14.0 dB  BER 0.00e+00  P(det)@0.05 power_one_sided 1.000 power_two_sided 1.000 kurtosis 0.457 spec_cnn 1.000  (9s)
  JSR  -13.0 dB  BER 0.00e+00  P(det)@0.05 power_one_sided 1.000 power_two_sided 1.000 kurtosis 0.559 spec_cnn 1.000  (9s)
  JSR  -12.0 dB  BER 0.00e+00  P(det)@0.05 power_one_sided 1.000 power_two_sided 1.000 kurtosis 0.744 spec_cnn 1.000  (9s)
  JSR  -11.0 dB  BER 0.00e+00  P(det)@0.05 power_one_sided 1.000 power_two_sided 1.000 kurtosis 0.881 spec_cnn 1.000  (9s)
  JSR  -10.0 dB  BER 0.00e+00  P(det)@0.05 power_one_sided 1.000 power_two_sided 1.000 kurtosis 0.986 spec_cnn 1.000  (10s)
  JSR   -9.0 dB  BER 0.00e+00  P(det)@0.05 power_one_sided 1.000 power_two_sided 1.000 kurtosis 0.994 spec_cnn 1.000  (10s)
  JSR   -8.0 dB  BER 0.00e+00  P(det)@0.05 power_one_sided 1.000 power_two_sided 1.000 kurtosis 1.000 spec_cnn 1.000  (10s)
  JSR   -7.0 dB  BER 0.00e+00  P(det)@0.05 power_one_sided 1.000 power_two_sided 1.000 kurtosis 1.000 spec_cnn 1.000  (10s)
  JSR   -6.0 dB  BER 3.13e-04  P(det)@0.05 power_one_sided 1.000 power_two_sided 1.000 kurtosis 1.000 spec_cnn 1.000  (11s)
  JSR   -5.0 dB  BER 8.70e-04  P(det)@0.05 power_one_sided 1.000 power_two_sided 1.000 kurtosis 1.000 spec_cnn 1.000  (11s)
  JSR   -4.0 dB  BER 1.03e-03  P(det)@0.05 power_one_sided 1.000 power_two_sided 1.000 kurtosis 1.000 spec_cnn 1.000  (11s)
  JSR   -3.0 dB  BER 1.46e-03  P(det)@0.05 power_one_sided 1.000 power_two_sided 1.000 kurtosis 1.000 spec_cnn 1.000  (11s)
  JSR   -2.0 dB  BER 1.94e-03  P(det)@0.05 power_one_sided 1.000 power_two_sided 1.000 kurtosis 1.000 spec_cnn 1.000  (12s)
  JSR   -1.0 dB  BER 2.77e-03  P(det)@0.05 power_one_sided 1.000 power_two_sided 1.000 kurtosis 1.000 spec_cnn 1.000  (12s)
  JSR   +0.0 dB  BER 3.78e-03  P(det)@0.05 power_one_sided 1.000 power_two_sided 1.000 kurtosis 0.996 spec_cnn 1.000  (12s)
  JSR   +1.0 dB  BER 8.04e-03  P(det)@0.05 power_one_sided 1.000 power_two_sided 1.000 kurtosis 0.941 spec_cnn 1.000  (12s)
  JSR   +2.0 dB  BER 1.55e-02  P(det)@0.05 power_one_sided 1.000 power_two_sided 1.000 kurtosis 0.760 spec_cnn 1.000  (13s)
  JSR   +3.0 dB  BER 2.77e-02  P(det)@0.05 power_one_sided 1.000 power_two_sided 1.000 kurtosis 0.672 spec_cnn 1.000  (13s)
  JSR   +4.0 dB  BER 4.44e-02  P(det)@0.05 power_one_sided 1.000 power_two_sided 1.000 kurtosis 0.787 spec_cnn 1.000  (13s)
  JSR   +5.0 dB  BER 6.56e-02  P(det)@0.05 power_one_sided 1.000 power_two_sided 1.000 kurtosis 0.832 spec_cnn 1.000  (13s)
  JSR   +6.0 dB  BER 8.65e-02  P(det)@0.05 power_one_sided 1.000 power_two_sided 1.000 kurtosis 0.834 spec_cnn 1.000  (13s)
  JSR   +7.0 dB  BER 1.12e-01  P(det)@0.05 power_one_sided 1.000 power_two_sided 1.000 kurtosis 0.898 spec_cnn 1.000  (14s)
  JSR   +8.0 dB  BER 1.42e-01  P(det)@0.05 power_one_sided 1.000 power_two_sided 1.000 kurtosis 0.889 spec_cnn 1.000  (14s)
  JSR   +9.0 dB  BER 1.69e-01  P(det)@0.05 power_one_sided 1.000 power_two_sided 1.000 kurtosis 0.869 spec_cnn 1.000  (14s)
  JSR  +10.0 dB  BER 1.96e-01  P(det)@0.05 power_one_sided 1.000 power_two_sided 1.000 kurtosis 0.895 spec_cnn 1.000  (14s)
  JSR  +11.0 dB  BER 2.23e-01  P(det)@0.05 power_one_sided 1.000 power_two_sided 1.000 kurtosis 0.879 spec_cnn 1.000  (15s)
  JSR  +12.0 dB  BER 2.49e-01  P(det)@0.05 power_one_sided 1.000 power_two_sided 1.000 kurtosis 0.875 spec_cnn 1.000  (15s)
  JSR  +13.0 dB  BER 2.73e-01  P(det)@0.05 power_one_sided 1.000 power_two_sided 1.000 kurtosis 0.889 spec_cnn 0.998  (15s)
  JSR  +14.0 dB  BER 2.95e-01  P(det)@0.05 power_one_sided 1.000 power_two_sided 1.000 kurtosis 0.881 spec_cnn 0.980  (15s)
  JSR  +15.0 dB  BER 3.17e-01  P(det)@0.05 power_one_sided 1.000 power_two_sided 1.000 kurtosis 0.904 spec_cnn 0.832  (16s)
  [snr_40] spec_cnn_b1000 confirmed: {"power_one_sided": {"0.01": {"index": 0, "sweep_ber": 0.0, "sweep_pdet": 0.017578125, "confirmed_ber": 0.0, "confirmed_ser": 0.0, "confirmed_pdet": 0.016357421875, "passed": false}, "0.05": {"index": 0, "sweep_ber": 0.0, "sweep_pdet": 0.060546875, "confirmed_ber": 0.0, "confirmed_ser": 0.0, "confirmed_pdet": 0.0634765625, "passed": false}}, "power_two_sided": {"0.01": {"index": 1, "sweep_ber": 0.0, "sweep_pdet": 0.013671875, "confirmed_ber": 0.0, "confirmed_ser": 0.0, "confirmed_pdet": 0.0166015625, "passed": false}, "0.05": {"index": 0, "sweep_ber": 0.0, "sweep_pdet": 0.056640625, "confirmed_ber": 0.0, "confirmed_ser": 0.0, "confirmed_pdet": 0.06298828125, "passed": false}}, "kurtosis": {"0.01": {"index": 0, "sweep_ber": 0.0, "sweep_pdet": 0.009765625, "confirmed_ber": 0.0, "confirmed_ser": 0.0, "confirmed_pdet": 0.008056640625, "passed": true}, "0.05": {"index": 0, "sweep_ber": 0.0, "sweep_pdet": 0.056640625, "confirmed_ber": 0.0, "confirmed_ser": 0.0, "confirmed_pdet": 0.05419921875, "passed": true}}, "spec_cnn": {"0.01": {"index": 65, "sweep_ber": 0.31744384765625, "sweep_pdet": 0.0, "confirmed_ber": 0.31656646728515625, "confirmed_ser": 0.5336685180664062, "confirmed_pdet": 0.0, "passed": true}, "0.05": {"index": 0, "sweep_ber": 0.0, "sweep_pdet": 0.0625, "confirmed_ber": 0.0, "confirmed_ser": 0.0, "confirmed_pdet": 0.048095703125, "passed": true}}}  (636s)
  [snr_40] generator spec_cnn_b10000 (scale 1.0000)
  JSR  -50.0 dB  BER 0.00e+00  P(det)@0.05 power_one_sided 0.066 power_two_sided 0.055 kurtosis 0.061 spec_cnn 0.049  (0s)
  JSR  -49.0 dB  BER 0.00e+00  P(det)@0.05 power_one_sided 0.062 power_two_sided 0.086 kurtosis 0.061 spec_cnn 0.068  (0s)
  JSR  -48.0 dB  BER 0.00e+00  P(det)@0.05 power_one_sided 0.068 power_two_sided 0.072 kurtosis 0.061 spec_cnn 0.041  (1s)
  JSR  -47.0 dB  BER 0.00e+00  P(det)@0.05 power_one_sided 0.080 power_two_sided 0.080 kurtosis 0.055 spec_cnn 0.049  (1s)
  JSR  -46.0 dB  BER 0.00e+00  P(det)@0.05 power_one_sided 0.070 power_two_sided 0.074 kurtosis 0.064 spec_cnn 0.064  (1s)
  JSR  -45.0 dB  BER 0.00e+00  P(det)@0.05 power_one_sided 0.084 power_two_sided 0.086 kurtosis 0.059 spec_cnn 0.053  (1s)
  JSR  -44.0 dB  BER 0.00e+00  P(det)@0.05 power_one_sided 0.094 power_two_sided 0.111 kurtosis 0.051 spec_cnn 0.061  (2s)
  JSR  -43.0 dB  BER 0.00e+00  P(det)@0.05 power_one_sided 0.117 power_two_sided 0.111 kurtosis 0.053 spec_cnn 0.053  (2s)
  JSR  -42.0 dB  BER 0.00e+00  P(det)@0.05 power_one_sided 0.137 power_two_sided 0.141 kurtosis 0.039 spec_cnn 0.057  (2s)
  JSR  -41.0 dB  BER 0.00e+00  P(det)@0.05 power_one_sided 0.166 power_two_sided 0.170 kurtosis 0.051 spec_cnn 0.037  (2s)
  JSR  -40.0 dB  BER 0.00e+00  P(det)@0.05 power_one_sided 0.195 power_two_sided 0.182 kurtosis 0.062 spec_cnn 0.041  (3s)
  JSR  -39.0 dB  BER 0.00e+00  P(det)@0.05 power_one_sided 0.205 power_two_sided 0.234 kurtosis 0.055 spec_cnn 0.057  (3s)
  JSR  -38.0 dB  BER 0.00e+00  P(det)@0.05 power_one_sided 0.219 power_two_sided 0.266 kurtosis 0.059 spec_cnn 0.045  (3s)
  JSR  -37.0 dB  BER 0.00e+00  P(det)@0.05 power_one_sided 0.279 power_two_sided 0.307 kurtosis 0.064 spec_cnn 0.041  (3s)
  JSR  -36.0 dB  BER 0.00e+00  P(det)@0.05 power_one_sided 0.281 power_two_sided 0.336 kurtosis 0.047 spec_cnn 0.025  (3s)
  JSR  -35.0 dB  BER 0.00e+00  P(det)@0.05 power_one_sided 0.328 power_two_sided 0.367 kurtosis 0.039 spec_cnn 0.033  (4s)
  JSR  -34.0 dB  BER 0.00e+00  P(det)@0.05 power_one_sided 0.420 power_two_sided 0.443 kurtosis 0.053 spec_cnn 0.021  (4s)
  JSR  -33.0 dB  BER 0.00e+00  P(det)@0.05 power_one_sided 0.432 power_two_sided 0.486 kurtosis 0.066 spec_cnn 0.033  (4s)
  JSR  -32.0 dB  BER 0.00e+00  P(det)@0.05 power_one_sided 0.529 power_two_sided 0.570 kurtosis 0.064 spec_cnn 0.047  (4s)
  JSR  -31.0 dB  BER 0.00e+00  P(det)@0.05 power_one_sided 0.574 power_two_sided 0.625 kurtosis 0.057 spec_cnn 0.031  (5s)
  JSR  -30.0 dB  BER 0.00e+00  P(det)@0.05 power_one_sided 0.631 power_two_sided 0.684 kurtosis 0.059 spec_cnn 0.045  (5s)
  JSR  -29.0 dB  BER 0.00e+00  P(det)@0.05 power_one_sided 0.688 power_two_sided 0.711 kurtosis 0.057 spec_cnn 0.086  (5s)
  JSR  -28.0 dB  BER 0.00e+00  P(det)@0.05 power_one_sided 0.736 power_two_sided 0.789 kurtosis 0.041 spec_cnn 0.174  (5s)
  JSR  -27.0 dB  BER 0.00e+00  P(det)@0.05 power_one_sided 0.795 power_two_sided 0.812 kurtosis 0.045 spec_cnn 0.295  (6s)
  JSR  -26.0 dB  BER 0.00e+00  P(det)@0.05 power_one_sided 0.830 power_two_sided 0.854 kurtosis 0.053 spec_cnn 0.406  (6s)
  JSR  -25.0 dB  BER 0.00e+00  P(det)@0.05 power_one_sided 0.898 power_two_sided 0.922 kurtosis 0.051 spec_cnn 0.615  (6s)
  JSR  -24.0 dB  BER 0.00e+00  P(det)@0.05 power_one_sided 0.941 power_two_sided 0.941 kurtosis 0.057 spec_cnn 0.793  (6s)
  JSR  -23.0 dB  BER 0.00e+00  P(det)@0.05 power_one_sided 0.945 power_two_sided 0.959 kurtosis 0.041 spec_cnn 0.889  (7s)
  JSR  -22.0 dB  BER 0.00e+00  P(det)@0.05 power_one_sided 0.979 power_two_sided 0.986 kurtosis 0.066 spec_cnn 0.951  (7s)
  JSR  -21.0 dB  BER 0.00e+00  P(det)@0.05 power_one_sided 0.984 power_two_sided 0.990 kurtosis 0.090 spec_cnn 0.988  (7s)
  JSR  -20.0 dB  BER 0.00e+00  P(det)@0.05 power_one_sided 0.996 power_two_sided 0.996 kurtosis 0.086 spec_cnn 0.998  (7s)
  JSR  -19.0 dB  BER 0.00e+00  P(det)@0.05 power_one_sided 0.998 power_two_sided 0.998 kurtosis 0.100 spec_cnn 1.000  (7s)
  JSR  -18.0 dB  BER 0.00e+00  P(det)@0.05 power_one_sided 1.000 power_two_sided 1.000 kurtosis 0.082 spec_cnn 1.000  (8s)
  JSR  -17.0 dB  BER 0.00e+00  P(det)@0.05 power_one_sided 1.000 power_two_sided 1.000 kurtosis 0.166 spec_cnn 1.000  (8s)
  JSR  -16.0 dB  BER 0.00e+00  P(det)@0.05 power_one_sided 1.000 power_two_sided 1.000 kurtosis 0.203 spec_cnn 1.000  (8s)
  JSR  -15.0 dB  BER 0.00e+00  P(det)@0.05 power_one_sided 1.000 power_two_sided 1.000 kurtosis 0.320 spec_cnn 1.000  (8s)
  JSR  -14.0 dB  BER 0.00e+00  P(det)@0.05 power_one_sided 1.000 power_two_sided 1.000 kurtosis 0.402 spec_cnn 1.000  (9s)
  JSR  -13.0 dB  BER 0.00e+00  P(det)@0.05 power_one_sided 1.000 power_two_sided 1.000 kurtosis 0.559 spec_cnn 1.000  (9s)
  JSR  -12.0 dB  BER 0.00e+00  P(det)@0.05 power_one_sided 1.000 power_two_sided 1.000 kurtosis 0.775 spec_cnn 1.000  (9s)
  JSR  -11.0 dB  BER 0.00e+00  P(det)@0.05 power_one_sided 1.000 power_two_sided 1.000 kurtosis 0.902 spec_cnn 1.000  (9s)
  JSR  -10.0 dB  BER 0.00e+00  P(det)@0.05 power_one_sided 1.000 power_two_sided 1.000 kurtosis 0.982 spec_cnn 1.000  (10s)
  JSR   -9.0 dB  BER 0.00e+00  P(det)@0.05 power_one_sided 1.000 power_two_sided 1.000 kurtosis 1.000 spec_cnn 1.000  (10s)
  JSR   -8.0 dB  BER 0.00e+00  P(det)@0.05 power_one_sided 1.000 power_two_sided 1.000 kurtosis 0.998 spec_cnn 1.000  (10s)
  JSR   -7.0 dB  BER 0.00e+00  P(det)@0.05 power_one_sided 1.000 power_two_sided 1.000 kurtosis 1.000 spec_cnn 1.000  (10s)
  JSR   -6.0 dB  BER 1.07e-04  P(det)@0.05 power_one_sided 1.000 power_two_sided 1.000 kurtosis 1.000 spec_cnn 1.000  (11s)
  JSR   -5.0 dB  BER 4.96e-04  P(det)@0.05 power_one_sided 1.000 power_two_sided 1.000 kurtosis 1.000 spec_cnn 1.000  (11s)
  JSR   -4.0 dB  BER 9.08e-04  P(det)@0.05 power_one_sided 1.000 power_two_sided 1.000 kurtosis 1.000 spec_cnn 1.000  (11s)
  JSR   -3.0 dB  BER 1.33e-03  P(det)@0.05 power_one_sided 1.000 power_two_sided 1.000 kurtosis 1.000 spec_cnn 1.000  (11s)
  JSR   -2.0 dB  BER 1.70e-03  P(det)@0.05 power_one_sided 1.000 power_two_sided 1.000 kurtosis 1.000 spec_cnn 1.000  (11s)
  JSR   -1.0 dB  BER 2.49e-03  P(det)@0.05 power_one_sided 1.000 power_two_sided 1.000 kurtosis 1.000 spec_cnn 1.000  (12s)
  JSR   +0.0 dB  BER 5.11e-03  P(det)@0.05 power_one_sided 1.000 power_two_sided 1.000 kurtosis 0.998 spec_cnn 1.000  (12s)
  JSR   +1.0 dB  BER 9.48e-03  P(det)@0.05 power_one_sided 1.000 power_two_sided 1.000 kurtosis 0.920 spec_cnn 1.000  (12s)
  JSR   +2.0 dB  BER 1.68e-02  P(det)@0.05 power_one_sided 1.000 power_two_sided 1.000 kurtosis 0.754 spec_cnn 1.000  (12s)
  JSR   +3.0 dB  BER 2.72e-02  P(det)@0.05 power_one_sided 1.000 power_two_sided 1.000 kurtosis 0.678 spec_cnn 1.000  (13s)
  JSR   +4.0 dB  BER 4.31e-02  P(det)@0.05 power_one_sided 1.000 power_two_sided 1.000 kurtosis 0.789 spec_cnn 1.000  (13s)
  JSR   +5.0 dB  BER 6.02e-02  P(det)@0.05 power_one_sided 1.000 power_two_sided 1.000 kurtosis 0.812 spec_cnn 1.000  (13s)
  JSR   +6.0 dB  BER 8.40e-02  P(det)@0.05 power_one_sided 1.000 power_two_sided 1.000 kurtosis 0.842 spec_cnn 1.000  (13s)
  JSR   +7.0 dB  BER 1.07e-01  P(det)@0.05 power_one_sided 1.000 power_two_sided 1.000 kurtosis 0.873 spec_cnn 1.000  (14s)
  JSR   +8.0 dB  BER 1.34e-01  P(det)@0.05 power_one_sided 1.000 power_two_sided 1.000 kurtosis 0.895 spec_cnn 1.000  (14s)
  JSR   +9.0 dB  BER 1.62e-01  P(det)@0.05 power_one_sided 1.000 power_two_sided 1.000 kurtosis 0.861 spec_cnn 1.000  (14s)
  JSR  +10.0 dB  BER 1.87e-01  P(det)@0.05 power_one_sided 1.000 power_two_sided 1.000 kurtosis 0.873 spec_cnn 1.000  (14s)
  JSR  +11.0 dB  BER 2.11e-01  P(det)@0.05 power_one_sided 1.000 power_two_sided 1.000 kurtosis 0.855 spec_cnn 1.000  (15s)
  JSR  +12.0 dB  BER 2.36e-01  P(det)@0.05 power_one_sided 1.000 power_two_sided 1.000 kurtosis 0.881 spec_cnn 1.000  (15s)
  JSR  +13.0 dB  BER 2.61e-01  P(det)@0.05 power_one_sided 1.000 power_two_sided 1.000 kurtosis 0.863 spec_cnn 0.984  (15s)
  JSR  +14.0 dB  BER 2.83e-01  P(det)@0.05 power_one_sided 1.000 power_two_sided 1.000 kurtosis 0.895 spec_cnn 0.707  (15s)
  JSR  +15.0 dB  BER 3.07e-01  P(det)@0.05 power_one_sided 1.000 power_two_sided 1.000 kurtosis 0.896 spec_cnn 0.373  (15s)
  [snr_40] spec_cnn_b10000 confirmed: {"power_one_sided": {"0.01": {"index": 0, "sweep_ber": 0.0, "sweep_pdet": 0.009765625, "confirmed_ber": 0.0, "confirmed_ser": 0.0, "confirmed_pdet": 0.015625, "passed": false}, "0.05": {"index": 0, "sweep_ber": 0.0, "sweep_pdet": 0.06640625, "confirmed_ber": 0.0, "confirmed_ser": 0.0, "confirmed_pdet": 0.061767578125, "passed": false}}, "power_two_sided": {"0.01": {"index": 0, "sweep_ber": 0.0, "sweep_pdet": 0.005859375, "confirmed_ber": 0.0, "confirmed_ser": 0.0, "confirmed_pdet": 0.01318359375, "passed": false}, "0.05": {"index": 0, "sweep_ber": 0.0, "sweep_pdet": 0.0546875, "confirmed_ber": 0.0, "confirmed_ser": 0.0, "confirmed_pdet": 0.05908203125, "passed": false}}, "kurtosis": {"0.01": {"index": 0, "sweep_ber": 0.0, "sweep_pdet": 0.009765625, "confirmed_ber": 0.0, "confirmed_ser": 0.0, "confirmed_pdet": 0.009033203125, "passed": true}, "0.05": {"index": 0, "sweep_ber": 0.0, "sweep_pdet": 0.060546875, "confirmed_ber": 0.0, "confirmed_ser": 0.0, "confirmed_pdet": 0.052734375, "passed": true}}, "spec_cnn": {"0.01": {"index": 65, "sweep_ber": 0.3067474365234375, "sweep_pdet": 0.0, "confirmed_ber": 0.3069887161254883, "confirmed_ser": 0.5195331573486328, "confirmed_pdet": 0.0, "passed": true}, "0.05": {"index": 0, "sweep_ber": 0.0, "sweep_pdet": 0.048828125, "confirmed_ber": 0.0, "confirmed_ser": 0.0, "confirmed_pdet": 0.05224609375, "passed": true}}}  (666s)
  [snr_40] generator spec_cnn_b100000 (scale 1.0000)
  JSR  -50.0 dB  BER 0.00e+00  P(det)@0.05 power_one_sided 0.074 power_two_sided 0.061 kurtosis 0.043 spec_cnn 0.035  (0s)
  JSR  -49.0 dB  BER 0.00e+00  P(det)@0.05 power_one_sided 0.070 power_two_sided 0.092 kurtosis 0.070 spec_cnn 0.039  (0s)
  JSR  -48.0 dB  BER 0.00e+00  P(det)@0.05 power_one_sided 0.066 power_two_sided 0.076 kurtosis 0.070 spec_cnn 0.055  (1s)
  JSR  -47.0 dB  BER 0.00e+00  P(det)@0.05 power_one_sided 0.059 power_two_sided 0.062 kurtosis 0.051 spec_cnn 0.051  (1s)
  JSR  -46.0 dB  BER 0.00e+00  P(det)@0.05 power_one_sided 0.051 power_two_sided 0.070 kurtosis 0.051 spec_cnn 0.033  (1s)
  JSR  -45.0 dB  BER 0.00e+00  P(det)@0.05 power_one_sided 0.064 power_two_sided 0.080 kurtosis 0.047 spec_cnn 0.049  (1s)
  JSR  -44.0 dB  BER 0.00e+00  P(det)@0.05 power_one_sided 0.088 power_two_sided 0.090 kurtosis 0.066 spec_cnn 0.033  (2s)
  JSR  -43.0 dB  BER 0.00e+00  P(det)@0.05 power_one_sided 0.115 power_two_sided 0.113 kurtosis 0.061 spec_cnn 0.031  (2s)
  JSR  -42.0 dB  BER 0.00e+00  P(det)@0.05 power_one_sided 0.160 power_two_sided 0.148 kurtosis 0.053 spec_cnn 0.039  (2s)
  JSR  -41.0 dB  BER 0.00e+00  P(det)@0.05 power_one_sided 0.145 power_two_sided 0.154 kurtosis 0.057 spec_cnn 0.041  (2s)
  JSR  -40.0 dB  BER 0.00e+00  P(det)@0.05 power_one_sided 0.164 power_two_sided 0.170 kurtosis 0.059 spec_cnn 0.061  (3s)
  JSR  -39.0 dB  BER 0.00e+00  P(det)@0.05 power_one_sided 0.221 power_two_sided 0.219 kurtosis 0.061 spec_cnn 0.051  (3s)
  JSR  -38.0 dB  BER 0.00e+00  P(det)@0.05 power_one_sided 0.232 power_two_sided 0.260 kurtosis 0.062 spec_cnn 0.037  (3s)
  JSR  -37.0 dB  BER 0.00e+00  P(det)@0.05 power_one_sided 0.260 power_two_sided 0.283 kurtosis 0.053 spec_cnn 0.035  (3s)
  JSR  -36.0 dB  BER 0.00e+00  P(det)@0.05 power_one_sided 0.289 power_two_sided 0.320 kurtosis 0.061 spec_cnn 0.035  (3s)
  JSR  -35.0 dB  BER 0.00e+00  P(det)@0.05 power_one_sided 0.348 power_two_sided 0.385 kurtosis 0.064 spec_cnn 0.047  (4s)
  JSR  -34.0 dB  BER 0.00e+00  P(det)@0.05 power_one_sided 0.426 power_two_sided 0.488 kurtosis 0.051 spec_cnn 0.043  (4s)
  JSR  -33.0 dB  BER 0.00e+00  P(det)@0.05 power_one_sided 0.480 power_two_sided 0.490 kurtosis 0.059 spec_cnn 0.037  (4s)
  JSR  -32.0 dB  BER 0.00e+00  P(det)@0.05 power_one_sided 0.557 power_two_sided 0.561 kurtosis 0.043 spec_cnn 0.059  (4s)
  JSR  -31.0 dB  BER 0.00e+00  P(det)@0.05 power_one_sided 0.598 power_two_sided 0.633 kurtosis 0.043 spec_cnn 0.090  (5s)
  JSR  -30.0 dB  BER 0.00e+00  P(det)@0.05 power_one_sided 0.611 power_two_sided 0.666 kurtosis 0.057 spec_cnn 0.094  (5s)
  JSR  -29.0 dB  BER 0.00e+00  P(det)@0.05 power_one_sided 0.680 power_two_sided 0.719 kurtosis 0.049 spec_cnn 0.160  (5s)
  JSR  -28.0 dB  BER 0.00e+00  P(det)@0.05 power_one_sided 0.730 power_two_sided 0.777 kurtosis 0.061 spec_cnn 0.281  (5s)
  JSR  -27.0 dB  BER 0.00e+00  P(det)@0.05 power_one_sided 0.816 power_two_sided 0.830 kurtosis 0.047 spec_cnn 0.416  (6s)
  JSR  -26.0 dB  BER 0.00e+00  P(det)@0.05 power_one_sided 0.857 power_two_sided 0.900 kurtosis 0.047 spec_cnn 0.596  (6s)
  JSR  -25.0 dB  BER 0.00e+00  P(det)@0.05 power_one_sided 0.883 power_two_sided 0.896 kurtosis 0.059 spec_cnn 0.797  (6s)
  JSR  -24.0 dB  BER 0.00e+00  P(det)@0.05 power_one_sided 0.955 power_two_sided 0.957 kurtosis 0.061 spec_cnn 0.914  (6s)
  JSR  -23.0 dB  BER 0.00e+00  P(det)@0.05 power_one_sided 0.955 power_two_sided 0.969 kurtosis 0.066 spec_cnn 0.980  (7s)
  JSR  -22.0 dB  BER 0.00e+00  P(det)@0.05 power_one_sided 0.990 power_two_sided 0.986 kurtosis 0.064 spec_cnn 0.994  (7s)
  JSR  -21.0 dB  BER 0.00e+00  P(det)@0.05 power_one_sided 0.998 power_two_sided 1.000 kurtosis 0.092 spec_cnn 0.998  (7s)
  JSR  -20.0 dB  BER 0.00e+00  P(det)@0.05 power_one_sided 0.992 power_two_sided 0.992 kurtosis 0.070 spec_cnn 1.000  (7s)
  JSR  -19.0 dB  BER 0.00e+00  P(det)@0.05 power_one_sided 0.998 power_two_sided 0.998 kurtosis 0.094 spec_cnn 1.000  (7s)
  JSR  -18.0 dB  BER 0.00e+00  P(det)@0.05 power_one_sided 1.000 power_two_sided 1.000 kurtosis 0.115 spec_cnn 1.000  (8s)
  JSR  -17.0 dB  BER 0.00e+00  P(det)@0.05 power_one_sided 1.000 power_two_sided 1.000 kurtosis 0.127 spec_cnn 1.000  (8s)
  JSR  -16.0 dB  BER 0.00e+00  P(det)@0.05 power_one_sided 1.000 power_two_sided 1.000 kurtosis 0.207 spec_cnn 1.000  (8s)
  JSR  -15.0 dB  BER 0.00e+00  P(det)@0.05 power_one_sided 1.000 power_two_sided 1.000 kurtosis 0.250 spec_cnn 1.000  (8s)
  JSR  -14.0 dB  BER 0.00e+00  P(det)@0.05 power_one_sided 1.000 power_two_sided 1.000 kurtosis 0.426 spec_cnn 1.000  (9s)
  JSR  -13.0 dB  BER 0.00e+00  P(det)@0.05 power_one_sided 1.000 power_two_sided 1.000 kurtosis 0.602 spec_cnn 1.000  (9s)
  JSR  -12.0 dB  BER 0.00e+00  P(det)@0.05 power_one_sided 1.000 power_two_sided 1.000 kurtosis 0.736 spec_cnn 1.000  (9s)
  JSR  -11.0 dB  BER 0.00e+00  P(det)@0.05 power_one_sided 1.000 power_two_sided 1.000 kurtosis 0.900 spec_cnn 1.000  (9s)
  JSR  -10.0 dB  BER 0.00e+00  P(det)@0.05 power_one_sided 1.000 power_two_sided 1.000 kurtosis 0.975 spec_cnn 1.000  (10s)
  JSR   -9.0 dB  BER 0.00e+00  P(det)@0.05 power_one_sided 1.000 power_two_sided 1.000 kurtosis 1.000 spec_cnn 1.000  (10s)
  JSR   -8.0 dB  BER 0.00e+00  P(det)@0.05 power_one_sided 1.000 power_two_sided 1.000 kurtosis 1.000 spec_cnn 1.000  (10s)
  JSR   -7.0 dB  BER 0.00e+00  P(det)@0.05 power_one_sided 1.000 power_two_sided 1.000 kurtosis 1.000 spec_cnn 1.000  (10s)
  JSR   -6.0 dB  BER 0.00e+00  P(det)@0.05 power_one_sided 1.000 power_two_sided 1.000 kurtosis 1.000 spec_cnn 1.000  (11s)
  JSR   -5.0 dB  BER 0.00e+00  P(det)@0.05 power_one_sided 1.000 power_two_sided 1.000 kurtosis 1.000 spec_cnn 1.000  (11s)
  JSR   -4.0 dB  BER 0.00e+00  P(det)@0.05 power_one_sided 1.000 power_two_sided 1.000 kurtosis 1.000 spec_cnn 1.000  (11s)
  JSR   -3.0 dB  BER 0.00e+00  P(det)@0.05 power_one_sided 1.000 power_two_sided 1.000 kurtosis 1.000 spec_cnn 1.000  (11s)
  JSR   -2.0 dB  BER 3.89e-04  P(det)@0.05 power_one_sided 1.000 power_two_sided 1.000 kurtosis 1.000 spec_cnn 1.000  (11s)
  JSR   -1.0 dB  BER 1.67e-03  P(det)@0.05 power_one_sided 1.000 power_two_sided 1.000 kurtosis 1.000 spec_cnn 1.000  (12s)
  JSR   +0.0 dB  BER 4.47e-03  P(det)@0.05 power_one_sided 1.000 power_two_sided 1.000 kurtosis 0.998 spec_cnn 1.000  (12s)
  JSR   +1.0 dB  BER 8.63e-03  P(det)@0.05 power_one_sided 1.000 power_two_sided 1.000 kurtosis 0.947 spec_cnn 1.000  (12s)
  JSR   +2.0 dB  BER 1.53e-02  P(det)@0.05 power_one_sided 1.000 power_two_sided 1.000 kurtosis 0.709 spec_cnn 1.000  (12s)
  JSR   +3.0 dB  BER 2.42e-02  P(det)@0.05 power_one_sided 1.000 power_two_sided 1.000 kurtosis 0.701 spec_cnn 1.000  (13s)
  JSR   +4.0 dB  BER 3.79e-02  P(det)@0.05 power_one_sided 1.000 power_two_sided 1.000 kurtosis 0.760 spec_cnn 1.000  (13s)
  JSR   +5.0 dB  BER 5.37e-02  P(det)@0.05 power_one_sided 1.000 power_two_sided 1.000 kurtosis 0.832 spec_cnn 1.000  (13s)
  JSR   +6.0 dB  BER 7.49e-02  P(det)@0.05 power_one_sided 1.000 power_two_sided 1.000 kurtosis 0.836 spec_cnn 1.000  (13s)
  JSR   +7.0 dB  BER 9.90e-02  P(det)@0.05 power_one_sided 1.000 power_two_sided 1.000 kurtosis 0.836 spec_cnn 1.000  (14s)
  JSR   +8.0 dB  BER 1.24e-01  P(det)@0.05 power_one_sided 1.000 power_two_sided 1.000 kurtosis 0.861 spec_cnn 1.000  (14s)
  JSR   +9.0 dB  BER 1.52e-01  P(det)@0.05 power_one_sided 1.000 power_two_sided 1.000 kurtosis 0.867 spec_cnn 1.000  (14s)
  JSR  +10.0 dB  BER 1.77e-01  P(det)@0.05 power_one_sided 1.000 power_two_sided 1.000 kurtosis 0.881 spec_cnn 1.000  (14s)
  JSR  +11.0 dB  BER 2.04e-01  P(det)@0.05 power_one_sided 1.000 power_two_sided 1.000 kurtosis 0.842 spec_cnn 1.000  (15s)
  JSR  +12.0 dB  BER 2.31e-01  P(det)@0.05 power_one_sided 1.000 power_two_sided 1.000 kurtosis 0.850 spec_cnn 1.000  (15s)
  JSR  +13.0 dB  BER 2.57e-01  P(det)@0.05 power_one_sided 1.000 power_two_sided 1.000 kurtosis 0.838 spec_cnn 1.000  (15s)
  JSR  +14.0 dB  BER 2.78e-01  P(det)@0.05 power_one_sided 1.000 power_two_sided 1.000 kurtosis 0.875 spec_cnn 0.947  (15s)
  JSR  +15.0 dB  BER 3.01e-01  P(det)@0.05 power_one_sided 1.000 power_two_sided 1.000 kurtosis 0.832 spec_cnn 0.744  (15s)
  [snr_40] spec_cnn_b100000 confirmed: {"power_one_sided": {"0.01": {"index": 1, "sweep_ber": 0.0, "sweep_pdet": 0.013671875, "confirmed_ber": 0.0, "confirmed_ser": 0.0, "confirmed_pdet": 0.01708984375, "passed": false}, "0.05": {"index": 2, "sweep_ber": 0.0, "sweep_pdet": 0.06640625, "confirmed_ber": 0.0, "confirmed_ser": 0.0, "confirmed_pdet": 0.075927734375, "passed": false}}, "power_two_sided": {"0.01": {"index": 0, "sweep_ber": 0.0, "sweep_pdet": 0.01171875, "confirmed_ber": 0.0, "confirmed_ser": 0.0, "confirmed_pdet": 0.01416015625, "passed": false}, "0.05": {"index": 0, "sweep_ber": 0.0, "sweep_pdet": 0.060546875, "confirmed_ber": 0.0, "confirmed_ser": 0.0, "confirmed_pdet": 0.0673828125, "passed": false}}, "kurtosis": {"0.01": {"index": 0, "sweep_ber": 0.0, "sweep_pdet": 0.01171875, "confirmed_ber": 0.0, "confirmed_ser": 0.0, "confirmed_pdet": 0.010009765625, "passed": true}, "0.05": {"index": 0, "sweep_ber": 0.0, "sweep_pdet": 0.04296875, "confirmed_ber": 0.0, "confirmed_ser": 0.0, "confirmed_pdet": 0.05126953125, "passed": true}}, "spec_cnn": {"0.01": {"index": 65, "sweep_ber": 0.301422119140625, "sweep_pdet": 0.0, "confirmed_ber": 0.3010826110839844, "confirmed_ser": 0.5111312866210938, "confirmed_pdet": 0.0, "passed": true}, "0.05": {"index": 0, "sweep_ber": 0.0, "sweep_pdet": 0.03515625, "confirmed_ber": 0.0, "confirmed_ser": 0.0, "confirmed_pdet": 0.0537109375, "passed": true}}}  (697s)
  [snr_40] generator spec_cnn_b1e+06 (scale 1.0000)
  JSR  -50.0 dB  BER 0.00e+00  P(det)@0.05 power_one_sided 0.086 power_two_sided 0.084 kurtosis 0.057 spec_cnn 0.037  (0s)
  JSR  -49.0 dB  BER 0.00e+00  P(det)@0.05 power_one_sided 0.078 power_two_sided 0.078 kurtosis 0.043 spec_cnn 0.047  (0s)
  JSR  -48.0 dB  BER 0.00e+00  P(det)@0.05 power_one_sided 0.102 power_two_sided 0.096 kurtosis 0.045 spec_cnn 0.049  (1s)
  JSR  -47.0 dB  BER 0.00e+00  P(det)@0.05 power_one_sided 0.076 power_two_sided 0.090 kurtosis 0.049 spec_cnn 0.033  (1s)
  JSR  -46.0 dB  BER 0.00e+00  P(det)@0.05 power_one_sided 0.082 power_two_sided 0.088 kurtosis 0.061 spec_cnn 0.051  (1s)
  JSR  -45.0 dB  BER 0.00e+00  P(det)@0.05 power_one_sided 0.092 power_two_sided 0.100 kurtosis 0.051 spec_cnn 0.045  (1s)
  JSR  -44.0 dB  BER 0.00e+00  P(det)@0.05 power_one_sided 0.082 power_two_sided 0.094 kurtosis 0.047 spec_cnn 0.037  (2s)
  JSR  -43.0 dB  BER 0.00e+00  P(det)@0.05 power_one_sided 0.123 power_two_sided 0.129 kurtosis 0.035 spec_cnn 0.025  (2s)
  JSR  -42.0 dB  BER 0.00e+00  P(det)@0.05 power_one_sided 0.141 power_two_sided 0.156 kurtosis 0.047 spec_cnn 0.043  (2s)
  JSR  -41.0 dB  BER 0.00e+00  P(det)@0.05 power_one_sided 0.160 power_two_sided 0.166 kurtosis 0.070 spec_cnn 0.025  (2s)
  JSR  -40.0 dB  BER 0.00e+00  P(det)@0.05 power_one_sided 0.199 power_two_sided 0.209 kurtosis 0.053 spec_cnn 0.031  (3s)
  JSR  -39.0 dB  BER 0.00e+00  P(det)@0.05 power_one_sided 0.199 power_two_sided 0.236 kurtosis 0.064 spec_cnn 0.031  (3s)
  JSR  -38.0 dB  BER 0.00e+00  P(det)@0.05 power_one_sided 0.236 power_two_sided 0.273 kurtosis 0.049 spec_cnn 0.039  (3s)
  JSR  -37.0 dB  BER 0.00e+00  P(det)@0.05 power_one_sided 0.314 power_two_sided 0.352 kurtosis 0.051 spec_cnn 0.049  (3s)
  JSR  -36.0 dB  BER 0.00e+00  P(det)@0.05 power_one_sided 0.338 power_two_sided 0.344 kurtosis 0.053 spec_cnn 0.041  (3s)
  JSR  -35.0 dB  BER 0.00e+00  P(det)@0.05 power_one_sided 0.332 power_two_sided 0.373 kurtosis 0.051 spec_cnn 0.029  (4s)
  JSR  -34.0 dB  BER 0.00e+00  P(det)@0.05 power_one_sided 0.416 power_two_sided 0.463 kurtosis 0.051 spec_cnn 0.035  (4s)
  JSR  -33.0 dB  BER 0.00e+00  P(det)@0.05 power_one_sided 0.488 power_two_sided 0.543 kurtosis 0.049 spec_cnn 0.029  (4s)
  JSR  -32.0 dB  BER 0.00e+00  P(det)@0.05 power_one_sided 0.559 power_two_sided 0.605 kurtosis 0.070 spec_cnn 0.043  (4s)
  JSR  -31.0 dB  BER 0.00e+00  P(det)@0.05 power_one_sided 0.557 power_two_sided 0.609 kurtosis 0.051 spec_cnn 0.057  (5s)
  JSR  -30.0 dB  BER 0.00e+00  P(det)@0.05 power_one_sided 0.623 power_two_sided 0.674 kurtosis 0.064 spec_cnn 0.100  (5s)
  JSR  -29.0 dB  BER 0.00e+00  P(det)@0.05 power_one_sided 0.602 power_two_sided 0.645 kurtosis 0.049 spec_cnn 0.180  (5s)
  JSR  -28.0 dB  BER 0.00e+00  P(det)@0.05 power_one_sided 0.711 power_two_sided 0.785 kurtosis 0.051 spec_cnn 0.254  (5s)
  JSR  -27.0 dB  BER 0.00e+00  P(det)@0.05 power_one_sided 0.775 power_two_sided 0.791 kurtosis 0.053 spec_cnn 0.438  (6s)
  JSR  -26.0 dB  BER 0.00e+00  P(det)@0.05 power_one_sided 0.832 power_two_sided 0.871 kurtosis 0.047 spec_cnn 0.594  (6s)
  JSR  -25.0 dB  BER 0.00e+00  P(det)@0.05 power_one_sided 0.889 power_two_sided 0.914 kurtosis 0.057 spec_cnn 0.770  (6s)
  JSR  -24.0 dB  BER 0.00e+00  P(det)@0.05 power_one_sided 0.936 power_two_sided 0.955 kurtosis 0.061 spec_cnn 0.869  (6s)
  JSR  -23.0 dB  BER 0.00e+00  P(det)@0.05 power_one_sided 0.949 power_two_sided 0.959 kurtosis 0.061 spec_cnn 0.924  (7s)
  JSR  -22.0 dB  BER 0.00e+00  P(det)@0.05 power_one_sided 0.967 power_two_sided 0.980 kurtosis 0.062 spec_cnn 0.984  (7s)
  JSR  -21.0 dB  BER 0.00e+00  P(det)@0.05 power_one_sided 0.992 power_two_sided 0.990 kurtosis 0.072 spec_cnn 0.986  (7s)
  JSR  -20.0 dB  BER 0.00e+00  P(det)@0.05 power_one_sided 0.988 power_two_sided 0.990 kurtosis 0.111 spec_cnn 1.000  (7s)
  JSR  -19.0 dB  BER 0.00e+00  P(det)@0.05 power_one_sided 0.998 power_two_sided 0.998 kurtosis 0.094 spec_cnn 1.000  (7s)
  JSR  -18.0 dB  BER 0.00e+00  P(det)@0.05 power_one_sided 0.998 power_two_sided 1.000 kurtosis 0.113 spec_cnn 1.000  (8s)
  JSR  -17.0 dB  BER 0.00e+00  P(det)@0.05 power_one_sided 1.000 power_two_sided 1.000 kurtosis 0.131 spec_cnn 1.000  (8s)
  JSR  -16.0 dB  BER 0.00e+00  P(det)@0.05 power_one_sided 1.000 power_two_sided 1.000 kurtosis 0.178 spec_cnn 1.000  (8s)
  JSR  -15.0 dB  BER 0.00e+00  P(det)@0.05 power_one_sided 1.000 power_two_sided 1.000 kurtosis 0.309 spec_cnn 1.000  (8s)
  JSR  -14.0 dB  BER 0.00e+00  P(det)@0.05 power_one_sided 1.000 power_two_sided 1.000 kurtosis 0.406 spec_cnn 1.000  (9s)
  JSR  -13.0 dB  BER 0.00e+00  P(det)@0.05 power_one_sided 1.000 power_two_sided 1.000 kurtosis 0.531 spec_cnn 1.000  (9s)
  JSR  -12.0 dB  BER 0.00e+00  P(det)@0.05 power_one_sided 1.000 power_two_sided 1.000 kurtosis 0.721 spec_cnn 1.000  (9s)
  JSR  -11.0 dB  BER 0.00e+00  P(det)@0.05 power_one_sided 1.000 power_two_sided 1.000 kurtosis 0.893 spec_cnn 1.000  (9s)
  JSR  -10.0 dB  BER 0.00e+00  P(det)@0.05 power_one_sided 1.000 power_two_sided 1.000 kurtosis 0.977 spec_cnn 1.000  (10s)
  JSR   -9.0 dB  BER 0.00e+00  P(det)@0.05 power_one_sided 1.000 power_two_sided 1.000 kurtosis 0.998 spec_cnn 1.000  (10s)
  JSR   -8.0 dB  BER 0.00e+00  P(det)@0.05 power_one_sided 1.000 power_two_sided 1.000 kurtosis 1.000 spec_cnn 1.000  (10s)
  JSR   -7.0 dB  BER 0.00e+00  P(det)@0.05 power_one_sided 1.000 power_two_sided 1.000 kurtosis 1.000 spec_cnn 1.000  (10s)
  JSR   -6.0 dB  BER 0.00e+00  P(det)@0.05 power_one_sided 1.000 power_two_sided 1.000 kurtosis 1.000 spec_cnn 1.000  (11s)
  JSR   -5.0 dB  BER 0.00e+00  P(det)@0.05 power_one_sided 1.000 power_two_sided 1.000 kurtosis 1.000 spec_cnn 1.000  (11s)
  JSR   -4.0 dB  BER 0.00e+00  P(det)@0.05 power_one_sided 1.000 power_two_sided 1.000 kurtosis 1.000 spec_cnn 1.000  (11s)
  JSR   -3.0 dB  BER 0.00e+00  P(det)@0.05 power_one_sided 1.000 power_two_sided 1.000 kurtosis 1.000 spec_cnn 1.000  (11s)
  JSR   -2.0 dB  BER 2.21e-04  P(det)@0.05 power_one_sided 1.000 power_two_sided 1.000 kurtosis 1.000 spec_cnn 1.000  (11s)
  JSR   -1.0 dB  BER 1.04e-03  P(det)@0.05 power_one_sided 1.000 power_two_sided 1.000 kurtosis 1.000 spec_cnn 1.000  (12s)
  JSR   +0.0 dB  BER 3.15e-03  P(det)@0.05 power_one_sided 1.000 power_two_sided 1.000 kurtosis 0.988 spec_cnn 1.000  (12s)
  JSR   +1.0 dB  BER 9.20e-03  P(det)@0.05 power_one_sided 1.000 power_two_sided 1.000 kurtosis 0.941 spec_cnn 1.000  (12s)
  JSR   +2.0 dB  BER 1.80e-02  P(det)@0.05 power_one_sided 1.000 power_two_sided 1.000 kurtosis 0.736 spec_cnn 1.000  (12s)
  JSR   +3.0 dB  BER 3.05e-02  P(det)@0.05 power_one_sided 1.000 power_two_sided 1.000 kurtosis 0.686 spec_cnn 1.000  (13s)
  JSR   +4.0 dB  BER 4.78e-02  P(det)@0.05 power_one_sided 1.000 power_two_sided 1.000 kurtosis 0.799 spec_cnn 1.000  (13s)
  JSR   +5.0 dB  BER 6.93e-02  P(det)@0.05 power_one_sided 1.000 power_two_sided 1.000 kurtosis 0.828 spec_cnn 1.000  (13s)
  JSR   +6.0 dB  BER 9.39e-02  P(det)@0.05 power_one_sided 1.000 power_two_sided 1.000 kurtosis 0.809 spec_cnn 1.000  (13s)
  JSR   +7.0 dB  BER 1.19e-01  P(det)@0.05 power_one_sided 1.000 power_two_sided 1.000 kurtosis 0.846 spec_cnn 1.000  (14s)
  JSR   +8.0 dB  BER 1.49e-01  P(det)@0.05 power_one_sided 1.000 power_two_sided 1.000 kurtosis 0.861 spec_cnn 1.000  (14s)
  JSR   +9.0 dB  BER 1.79e-01  P(det)@0.05 power_one_sided 1.000 power_two_sided 1.000 kurtosis 0.840 spec_cnn 1.000  (14s)
  JSR  +10.0 dB  BER 2.08e-01  P(det)@0.05 power_one_sided 1.000 power_two_sided 1.000 kurtosis 0.854 spec_cnn 1.000  (14s)
  JSR  +11.0 dB  BER 2.35e-01  P(det)@0.05 power_one_sided 1.000 power_two_sided 1.000 kurtosis 0.871 spec_cnn 1.000  (15s)
  JSR  +12.0 dB  BER 2.61e-01  P(det)@0.05 power_one_sided 1.000 power_two_sided 1.000 kurtosis 0.873 spec_cnn 1.000  (15s)
  JSR  +13.0 dB  BER 2.86e-01  P(det)@0.05 power_one_sided 1.000 power_two_sided 1.000 kurtosis 0.873 spec_cnn 1.000  (15s)
  JSR  +14.0 dB  BER 3.08e-01  P(det)@0.05 power_one_sided 1.000 power_two_sided 1.000 kurtosis 0.869 spec_cnn 0.973  (15s)
  JSR  +15.0 dB  BER 3.28e-01  P(det)@0.05 power_one_sided 1.000 power_two_sided 1.000 kurtosis 0.848 spec_cnn 0.789  (15s)
  [snr_40] spec_cnn_b1e+06 confirmed: {"power_one_sided": {"0.01": {"index": 3, "sweep_ber": 0.0, "sweep_pdet": 0.017578125, "confirmed_ber": 0.0, "confirmed_ser": 0.0, "confirmed_pdet": 0.019775390625, "passed": false}, "0.05": null}, "power_two_sided": {"0.01": {"index": 4, "sweep_ber": 0.0, "sweep_pdet": 0.013671875, "confirmed_ber": 0.0, "confirmed_ser": 0.0, "confirmed_pdet": 0.01904296875, "passed": false}, "0.05": null}, "kurtosis": {"0.01": {"index": 0, "sweep_ber": 0.0, "sweep_pdet": 0.0078125, "confirmed_ber": 0.0, "confirmed_ser": 0.0, "confirmed_pdet": 0.00927734375, "passed": true}, "0.05": {"index": 0, "sweep_ber": 0.0, "sweep_pdet": 0.056640625, "confirmed_ber": 0.0, "confirmed_ser": 0.0, "confirmed_pdet": 0.05615234375, "passed": true}}, "spec_cnn": {"0.01": {"index": 65, "sweep_ber": 0.32799530029296875, "sweep_pdet": 0.0, "confirmed_ber": 0.3270120620727539, "confirmed_ser": 0.5489120483398438, "confirmed_pdet": 0.0, "passed": true}, "0.05": {"index": 0, "sweep_ber": 0.0, "sweep_pdet": 0.037109375, "confirmed_ber": 0.0, "confirmed_ser": 0.0, "confirmed_pdet": 0.044677734375, "passed": true}}}  (724s)
wrote ../artifacts/cgan/snr_ablation/run003/snr_snr_40.json in 724s
