node: tikgpu07.ee.ethz.ch | gpu: NVIDIA GeForce RTX 3090
task 6 | snr_30 | SNR 30 dB | device cuda:0
detectors: power_one_sided, power_two_sided, kurtosis, spec_cnn, lrt_noise  (thresholds re-calibrated at this level)
clean: BER 0.000e+00 (closed form 0.000e+00), FAR {"power_one_sided": 0.05078125, "power_two_sided": 0.04931640625, "kurtosis": 0.05224609375, "spec_cnn": 0.0517578125}
  [snr_30] classical noise
    JSR  -50.0 dB  BER 0.00e+00  P(det)@0.05 power_one_sided 0.049 power_two_sided 0.047 kurtosis 0.057 spec_cnn 0.053 lrt_noise 0.059  (0s)
    JSR  -49.0 dB  BER 0.00e+00  P(det)@0.05 power_one_sided 0.057 power_two_sided 0.051 kurtosis 0.061 spec_cnn 0.041 lrt_noise 0.070  (0s)
    JSR  -48.0 dB  BER 0.00e+00  P(det)@0.05 power_one_sided 0.062 power_two_sided 0.051 kurtosis 0.053 spec_cnn 0.045 lrt_noise 0.080  (1s)
    JSR  -47.0 dB  BER 0.00e+00  P(det)@0.05 power_one_sided 0.043 power_two_sided 0.041 kurtosis 0.045 spec_cnn 0.049 lrt_noise 0.088  (1s)
    JSR  -46.0 dB  BER 0.00e+00  P(det)@0.05 power_one_sided 0.051 power_two_sided 0.053 kurtosis 0.068 spec_cnn 0.041 lrt_noise 0.092  (1s)
    JSR  -45.0 dB  BER 0.00e+00  P(det)@0.05 power_one_sided 0.041 power_two_sided 0.049 kurtosis 0.045 spec_cnn 0.061 lrt_noise 0.109  (1s)
    JSR  -44.0 dB  BER 0.00e+00  P(det)@0.05 power_one_sided 0.053 power_two_sided 0.064 kurtosis 0.053 spec_cnn 0.045 lrt_noise 0.123  (1s)
    JSR  -43.0 dB  BER 0.00e+00  P(det)@0.05 power_one_sided 0.049 power_two_sided 0.061 kurtosis 0.049 spec_cnn 0.041 lrt_noise 0.158  (2s)
    JSR  -42.0 dB  BER 0.00e+00  P(det)@0.05 power_one_sided 0.074 power_two_sided 0.047 kurtosis 0.041 spec_cnn 0.064 lrt_noise 0.232  (2s)
    JSR  -41.0 dB  BER 0.00e+00  P(det)@0.05 power_one_sided 0.068 power_two_sided 0.068 kurtosis 0.051 spec_cnn 0.072 lrt_noise 0.264  (2s)
    JSR  -40.0 dB  BER 0.00e+00  P(det)@0.05 power_one_sided 0.072 power_two_sided 0.057 kurtosis 0.047 spec_cnn 0.070 lrt_noise 0.373  (2s)
    JSR  -39.0 dB  BER 0.00e+00  P(det)@0.05 power_one_sided 0.072 power_two_sided 0.049 kurtosis 0.055 spec_cnn 0.080 lrt_noise 0.492  (2s)
    JSR  -38.0 dB  BER 0.00e+00  P(det)@0.05 power_one_sided 0.084 power_two_sided 0.055 kurtosis 0.045 spec_cnn 0.078 lrt_noise 0.643  (3s)
    JSR  -37.0 dB  BER 0.00e+00  P(det)@0.05 power_one_sided 0.094 power_two_sided 0.072 kurtosis 0.053 spec_cnn 0.094 lrt_noise 0.842  (3s)
    JSR  -36.0 dB  BER 0.00e+00  P(det)@0.05 power_one_sided 0.072 power_two_sided 0.078 kurtosis 0.059 spec_cnn 0.096 lrt_noise 0.932  (3s)
    JSR  -35.0 dB  BER 0.00e+00  P(det)@0.05 power_one_sided 0.098 power_two_sided 0.084 kurtosis 0.066 spec_cnn 0.131 lrt_noise 0.988  (3s)
    JSR  -34.0 dB  BER 0.00e+00  P(det)@0.05 power_one_sided 0.146 power_two_sided 0.127 kurtosis 0.062 spec_cnn 0.166 lrt_noise 1.000  (3s)
    JSR  -33.0 dB  BER 0.00e+00  P(det)@0.05 power_one_sided 0.156 power_two_sided 0.111 kurtosis 0.055 spec_cnn 0.213 lrt_noise 1.000  (4s)
    JSR  -32.0 dB  BER 0.00e+00  P(det)@0.05 power_one_sided 0.215 power_two_sided 0.178 kurtosis 0.064 spec_cnn 0.270 lrt_noise 1.000  (4s)
    JSR  -31.0 dB  BER 0.00e+00  P(det)@0.05 power_one_sided 0.262 power_two_sided 0.217 kurtosis 0.049 spec_cnn 0.373 lrt_noise 1.000  (4s)
    JSR  -30.0 dB  BER 0.00e+00  P(det)@0.05 power_one_sided 0.299 power_two_sided 0.221 kurtosis 0.061 spec_cnn 0.533 lrt_noise 1.000  (4s)
    JSR  -29.0 dB  BER 0.00e+00  P(det)@0.05 power_one_sided 0.391 power_two_sided 0.324 kurtosis 0.025 spec_cnn 0.697 lrt_noise 1.000  (4s)
    JSR  -28.0 dB  BER 0.00e+00  P(det)@0.05 power_one_sided 0.443 power_two_sided 0.379 kurtosis 0.045 spec_cnn 0.889 lrt_noise 1.000  (5s)
    JSR  -27.0 dB  BER 0.00e+00  P(det)@0.05 power_one_sided 0.537 power_two_sided 0.473 kurtosis 0.033 spec_cnn 0.967 lrt_noise 1.000  (5s)
    JSR  -26.0 dB  BER 0.00e+00  P(det)@0.05 power_one_sided 0.645 power_two_sided 0.590 kurtosis 0.066 spec_cnn 0.998 lrt_noise 1.000  (5s)
    JSR  -25.0 dB  BER 0.00e+00  P(det)@0.05 power_one_sided 0.738 power_two_sided 0.678 kurtosis 0.057 spec_cnn 1.000 lrt_noise 1.000  (5s)
    JSR  -24.0 dB  BER 0.00e+00  P(det)@0.05 power_one_sided 0.807 power_two_sided 0.760 kurtosis 0.051 spec_cnn 1.000 lrt_noise 1.000  (5s)
    JSR  -23.0 dB  BER 0.00e+00  P(det)@0.05 power_one_sided 0.879 power_two_sided 0.838 kurtosis 0.057 spec_cnn 1.000 lrt_noise 1.000  (6s)
    JSR  -22.0 dB  BER 0.00e+00  P(det)@0.05 power_one_sided 0.928 power_two_sided 0.910 kurtosis 0.064 spec_cnn 1.000 lrt_noise 1.000  (6s)
    JSR  -21.0 dB  BER 0.00e+00  P(det)@0.05 power_one_sided 0.957 power_two_sided 0.949 kurtosis 0.062 spec_cnn 1.000 lrt_noise 1.000  (6s)
    JSR  -20.0 dB  BER 0.00e+00  P(det)@0.05 power_one_sided 0.982 power_two_sided 0.980 kurtosis 0.082 spec_cnn 1.000 lrt_noise 1.000  (6s)
    JSR  -19.0 dB  BER 0.00e+00  P(det)@0.05 power_one_sided 0.996 power_two_sided 0.996 kurtosis 0.092 spec_cnn 1.000 lrt_noise 1.000  (6s)
    JSR  -18.0 dB  BER 0.00e+00  P(det)@0.05 power_one_sided 0.998 power_two_sided 0.998 kurtosis 0.109 spec_cnn 1.000 lrt_noise 1.000  (7s)
    JSR  -17.0 dB  BER 0.00e+00  P(det)@0.05 power_one_sided 0.998 power_two_sided 0.998 kurtosis 0.139 spec_cnn 1.000 lrt_noise 1.000  (7s)
    JSR  -16.0 dB  BER 0.00e+00  P(det)@0.05 power_one_sided 1.000 power_two_sided 1.000 kurtosis 0.201 spec_cnn 1.000 lrt_noise 1.000  (7s)
    JSR  -15.0 dB  BER 0.00e+00  P(det)@0.05 power_one_sided 1.000 power_two_sided 1.000 kurtosis 0.268 spec_cnn 1.000 lrt_noise 1.000  (7s)
    JSR  -14.0 dB  BER 0.00e+00  P(det)@0.05 power_one_sided 1.000 power_two_sided 1.000 kurtosis 0.432 spec_cnn 1.000 lrt_noise 1.000  (7s)
    JSR  -13.0 dB  BER 0.00e+00  P(det)@0.05 power_one_sided 1.000 power_two_sided 1.000 kurtosis 0.633 spec_cnn 1.000 lrt_noise 1.000  (8s)
    JSR  -12.0 dB  BER 0.00e+00  P(det)@0.05 power_one_sided 1.000 power_two_sided 1.000 kurtosis 0.766 spec_cnn 1.000 lrt_noise 1.000  (8s)
    JSR  -11.0 dB  BER 0.00e+00  P(det)@0.05 power_one_sided 1.000 power_two_sided 1.000 kurtosis 0.922 spec_cnn 1.000 lrt_noise 1.000  (8s)
    JSR  -10.0 dB  BER 0.00e+00  P(det)@0.05 power_one_sided 1.000 power_two_sided 1.000 kurtosis 0.988 spec_cnn 1.000 lrt_noise 1.000  (8s)
    JSR   -9.0 dB  BER 0.00e+00  P(det)@0.05 power_one_sided 1.000 power_two_sided 1.000 kurtosis 1.000 spec_cnn 1.000 lrt_noise 1.000  (8s)
    JSR   -8.0 dB  BER 0.00e+00  P(det)@0.05 power_one_sided 1.000 power_two_sided 1.000 kurtosis 1.000 spec_cnn 1.000 lrt_noise 1.000  (9s)
    JSR   -7.0 dB  BER 0.00e+00  P(det)@0.05 power_one_sided 1.000 power_two_sided 1.000 kurtosis 1.000 spec_cnn 1.000 lrt_noise 1.000  (9s)
    JSR   -6.0 dB  BER 0.00e+00  P(det)@0.05 power_one_sided 1.000 power_two_sided 1.000 kurtosis 1.000 spec_cnn 1.000 lrt_noise 1.000  (9s)
    JSR   -5.0 dB  BER 0.00e+00  P(det)@0.05 power_one_sided 1.000 power_two_sided 1.000 kurtosis 1.000 spec_cnn 1.000 lrt_noise 1.000  (9s)
    JSR   -4.0 dB  BER 7.63e-06  P(det)@0.05 power_one_sided 1.000 power_two_sided 1.000 kurtosis 1.000 spec_cnn 1.000 lrt_noise 1.000  (9s)
    JSR   -3.0 dB  BER 7.63e-06  P(det)@0.05 power_one_sided 1.000 power_two_sided 1.000 kurtosis 1.000 spec_cnn 1.000 lrt_noise 1.000  (10s)
    JSR   -2.0 dB  BER 1.68e-04  P(det)@0.05 power_one_sided 1.000 power_two_sided 1.000 kurtosis 1.000 spec_cnn 1.000 lrt_noise 1.000  (10s)
    JSR   -1.0 dB  BER 7.32e-04  P(det)@0.05 power_one_sided 1.000 power_two_sided 1.000 kurtosis 1.000 spec_cnn 1.000 lrt_noise 1.000  (10s)
    JSR   +0.0 dB  BER 2.27e-03  P(det)@0.05 power_one_sided 1.000 power_two_sided 1.000 kurtosis 1.000 spec_cnn 1.000 lrt_noise 1.000  (10s)
    JSR   +1.0 dB  BER 5.91e-03  P(det)@0.05 power_one_sided 1.000 power_two_sided 1.000 kurtosis 1.000 spec_cnn 1.000 lrt_noise 1.000  (10s)
    JSR   +2.0 dB  BER 1.15e-02  P(det)@0.05 power_one_sided 1.000 power_two_sided 1.000 kurtosis 1.000 spec_cnn 1.000 lrt_noise 1.000  (11s)
    JSR   +3.0 dB  BER 2.26e-02  P(det)@0.05 power_one_sided 1.000 power_two_sided 1.000 kurtosis 1.000 spec_cnn 1.000 lrt_noise 1.000  (11s)
    JSR   +4.0 dB  BER 3.73e-02  P(det)@0.05 power_one_sided 1.000 power_two_sided 1.000 kurtosis 1.000 spec_cnn 1.000 lrt_noise 1.000  (11s)
    JSR   +5.0 dB  BER 5.60e-02  P(det)@0.05 power_one_sided 1.000 power_two_sided 1.000 kurtosis 1.000 spec_cnn 1.000 lrt_noise 1.000  (11s)
    JSR   +6.0 dB  BER 7.85e-02  P(det)@0.05 power_one_sided 1.000 power_two_sided 1.000 kurtosis 1.000 spec_cnn 1.000 lrt_noise 1.000  (12s)
    JSR   +7.0 dB  BER 1.03e-01  P(det)@0.05 power_one_sided 1.000 power_two_sided 1.000 kurtosis 1.000 spec_cnn 1.000 lrt_noise 1.000  (12s)
    JSR   +8.0 dB  BER 1.29e-01  P(det)@0.05 power_one_sided 1.000 power_two_sided 1.000 kurtosis 1.000 spec_cnn 1.000 lrt_noise 1.000  (12s)
    JSR   +9.0 dB  BER 1.57e-01  P(det)@0.05 power_one_sided 1.000 power_two_sided 1.000 kurtosis 1.000 spec_cnn 1.000 lrt_noise 1.000  (12s)
    JSR  +10.0 dB  BER 1.88e-01  P(det)@0.05 power_one_sided 1.000 power_two_sided 1.000 kurtosis 1.000 spec_cnn 1.000 lrt_noise 1.000  (12s)
    JSR  +11.0 dB  BER 2.13e-01  P(det)@0.05 power_one_sided 1.000 power_two_sided 1.000 kurtosis 1.000 spec_cnn 1.000 lrt_noise 1.000  (13s)
    JSR  +12.0 dB  BER 2.40e-01  P(det)@0.05 power_one_sided 1.000 power_two_sided 1.000 kurtosis 1.000 spec_cnn 1.000 lrt_noise 1.000  (13s)
    JSR  +13.0 dB  BER 2.64e-01  P(det)@0.05 power_one_sided 1.000 power_two_sided 1.000 kurtosis 1.000 spec_cnn 1.000 lrt_noise 1.000  (13s)
    JSR  +14.0 dB  BER 2.88e-01  P(det)@0.05 power_one_sided 1.000 power_two_sided 1.000 kurtosis 1.000 spec_cnn 1.000 lrt_noise 1.000  (13s)
    JSR  +15.0 dB  BER 3.08e-01  P(det)@0.05 power_one_sided 1.000 power_two_sided 1.000 kurtosis 1.000 spec_cnn 1.000 lrt_noise 1.000  (13s)
  [snr_30] noise confirmed: {"power_one_sided": {"0.01": {"index": 0, "sweep_ber": 0.0, "sweep_pdet": 0.009765625, "confirmed_ber": 0.0, "confirmed_ser": 0.0, "confirmed_pdet": 0.011962890625, "passed": true}, "0.05": {"index": 0, "sweep_ber": 0.0, "sweep_pdet": 0.048828125, "confirmed_ber": 0.0, "confirmed_ser": 0.0, "confirmed_pdet": 0.0576171875, "passed": false}}, "power_two_sided": {"0.01": {"index": 0, "sweep_ber": 0.0, "sweep_pdet": 0.0078125, "confirmed_ber": 0.0, "confirmed_ser": 0.0, "confirmed_pdet": 0.013427734375, "passed": false}, "0.05": {"index": 0, "sweep_ber": 0.0, "sweep_pdet": 0.046875, "confirmed_ber": 0.0, "confirmed_ser": 0.0, "confirmed_pdet": 0.04736328125, "passed": true}}, "kurtosis": {"0.01": {"index": 0, "sweep_ber": 0.0, "sweep_pdet": 0.009765625, "confirmed_ber": 0.0, "confirmed_ser": 0.0, "confirmed_pdet": 0.005126953125, "passed": true}, "0.05": {"index": 0, "sweep_ber": 0.0, "sweep_pdet": 0.056640625, "confirmed_ber": 0.0, "confirmed_ser": 0.0, "confirmed_pdet": 0.0498046875, "passed": true}}, "spec_cnn": {"0.01": {"index": 0, "sweep_ber": 0.0, "sweep_pdet": 0.013671875, "confirmed_ber": 0.0, "confirmed_ser": 0.0, "confirmed_pdet": 0.010009765625, "passed": true}, "0.05": {"index": 0, "sweep_ber": 0.0, "sweep_pdet": 0.052734375, "confirmed_ber": 0.0, "confirmed_ser": 0.0, "confirmed_pdet": 0.05908203125, "passed": false}}, "lrt_noise": {"0.01": {"index": 0, "sweep_ber": 0.0, "sweep_pdet": 0.009765625, "confirmed_ber": 0.0, "confirmed_ser": 0.0, "confirmed_pdet": 0.01611328125, "passed": false}, "0.05": {"index": 0, "sweep_ber": 0.0, "sweep_pdet": 0.05859375, "confirmed_ber": 0.0, "confirmed_ser": 0.0, "confirmed_pdet": 0.060791015625, "passed": false}}}  (35s)
  [snr_30] classical pulsed_p1
    JSR  -50.0 dB  BER 0.00e+00  P(det)@0.05 power_one_sided 0.045 power_two_sided 0.053 kurtosis 0.062 spec_cnn 0.055  (0s)
    JSR  -49.0 dB  BER 0.00e+00  P(det)@0.05 power_one_sided 0.078 power_two_sided 0.076 kurtosis 0.055 spec_cnn 0.059  (0s)
    JSR  -48.0 dB  BER 0.00e+00  P(det)@0.05 power_one_sided 0.064 power_two_sided 0.076 kurtosis 0.045 spec_cnn 0.055  (1s)
    JSR  -47.0 dB  BER 0.00e+00  P(det)@0.05 power_one_sided 0.066 power_two_sided 0.066 kurtosis 0.039 spec_cnn 0.055  (1s)
    JSR  -46.0 dB  BER 0.00e+00  P(det)@0.05 power_one_sided 0.078 power_two_sided 0.059 kurtosis 0.047 spec_cnn 0.061  (1s)
    JSR  -45.0 dB  BER 0.00e+00  P(det)@0.05 power_one_sided 0.070 power_two_sided 0.080 kurtosis 0.018 spec_cnn 0.045  (1s)
    JSR  -44.0 dB  BER 0.00e+00  P(det)@0.05 power_one_sided 0.070 power_two_sided 0.082 kurtosis 0.068 spec_cnn 0.043  (2s)
    JSR  -43.0 dB  BER 0.00e+00  P(det)@0.05 power_one_sided 0.082 power_two_sided 0.080 kurtosis 0.039 spec_cnn 0.078  (2s)
    JSR  -42.0 dB  BER 0.00e+00  P(det)@0.05 power_one_sided 0.102 power_two_sided 0.100 kurtosis 0.061 spec_cnn 0.066  (2s)
    JSR  -41.0 dB  BER 0.00e+00  P(det)@0.05 power_one_sided 0.109 power_two_sided 0.105 kurtosis 0.045 spec_cnn 0.072  (2s)
    JSR  -40.0 dB  BER 0.00e+00  P(det)@0.05 power_one_sided 0.105 power_two_sided 0.117 kurtosis 0.035 spec_cnn 0.061  (3s)
    JSR  -39.0 dB  BER 0.00e+00  P(det)@0.05 power_one_sided 0.117 power_two_sided 0.170 kurtosis 0.062 spec_cnn 0.070  (3s)
    JSR  -38.0 dB  BER 0.00e+00  P(det)@0.05 power_one_sided 0.154 power_two_sided 0.191 kurtosis 0.047 spec_cnn 0.102  (3s)
    JSR  -37.0 dB  BER 0.00e+00  P(det)@0.05 power_one_sided 0.168 power_two_sided 0.176 kurtosis 0.033 spec_cnn 0.092  (3s)
    JSR  -36.0 dB  BER 0.00e+00  P(det)@0.05 power_one_sided 0.150 power_two_sided 0.191 kurtosis 0.062 spec_cnn 0.129  (3s)
    JSR  -35.0 dB  BER 0.00e+00  P(det)@0.05 power_one_sided 0.229 power_two_sided 0.293 kurtosis 0.057 spec_cnn 0.129  (4s)
    JSR  -34.0 dB  BER 0.00e+00  P(det)@0.05 power_one_sided 0.271 power_two_sided 0.350 kurtosis 0.053 spec_cnn 0.164  (4s)
    JSR  -33.0 dB  BER 0.00e+00  P(det)@0.05 power_one_sided 0.266 power_two_sided 0.377 kurtosis 0.043 spec_cnn 0.188  (4s)
    JSR  -32.0 dB  BER 0.00e+00  P(det)@0.05 power_one_sided 0.309 power_two_sided 0.416 kurtosis 0.047 spec_cnn 0.209  (4s)
    JSR  -31.0 dB  BER 0.00e+00  P(det)@0.05 power_one_sided 0.336 power_two_sided 0.475 kurtosis 0.051 spec_cnn 0.287  (5s)
    JSR  -30.0 dB  BER 0.00e+00  P(det)@0.05 power_one_sided 0.377 power_two_sided 0.488 kurtosis 0.066 spec_cnn 0.324  (5s)
    JSR  -29.0 dB  BER 0.00e+00  P(det)@0.05 power_one_sided 0.420 power_two_sided 0.531 kurtosis 0.047 spec_cnn 0.389  (5s)
    JSR  -28.0 dB  BER 0.00e+00  P(det)@0.05 power_one_sided 0.447 power_two_sided 0.613 kurtosis 0.062 spec_cnn 0.418  (5s)
    JSR  -27.0 dB  BER 0.00e+00  P(det)@0.05 power_one_sided 0.494 power_two_sided 0.631 kurtosis 0.039 spec_cnn 0.539  (6s)
    JSR  -26.0 dB  BER 0.00e+00  P(det)@0.05 power_one_sided 0.533 power_two_sided 0.660 kurtosis 0.057 spec_cnn 0.572  (6s)
    JSR  -25.0 dB  BER 0.00e+00  P(det)@0.05 power_one_sided 0.598 power_two_sided 0.746 kurtosis 0.059 spec_cnn 0.662  (6s)
    JSR  -24.0 dB  BER 0.00e+00  P(det)@0.05 power_one_sided 0.637 power_two_sided 0.785 kurtosis 0.059 spec_cnn 0.695  (6s)
    JSR  -23.0 dB  BER 0.00e+00  P(det)@0.05 power_one_sided 0.672 power_two_sided 0.807 kurtosis 0.047 spec_cnn 0.754  (7s)
    JSR  -22.0 dB  BER 0.00e+00  P(det)@0.05 power_one_sided 0.701 power_two_sided 0.848 kurtosis 0.061 spec_cnn 0.809  (7s)
    JSR  -21.0 dB  BER 0.00e+00  P(det)@0.05 power_one_sided 0.717 power_two_sided 0.861 kurtosis 0.080 spec_cnn 0.807  (7s)
    JSR  -20.0 dB  BER 0.00e+00  P(det)@0.05 power_one_sided 0.750 power_two_sided 0.881 kurtosis 0.105 spec_cnn 0.871  (7s)
    JSR  -19.0 dB  BER 0.00e+00  P(det)@0.05 power_one_sided 0.814 power_two_sided 0.908 kurtosis 0.125 spec_cnn 0.887  (7s)
    JSR  -18.0 dB  BER 0.00e+00  P(det)@0.05 power_one_sided 0.850 power_two_sided 0.920 kurtosis 0.156 spec_cnn 0.887  (8s)
    JSR  -17.0 dB  BER 0.00e+00  P(det)@0.05 power_one_sided 0.887 power_two_sided 0.945 kurtosis 0.230 spec_cnn 0.879  (8s)
    JSR  -16.0 dB  BER 0.00e+00  P(det)@0.05 power_one_sided 0.920 power_two_sided 0.969 kurtosis 0.334 spec_cnn 0.949  (8s)
    JSR  -15.0 dB  BER 0.00e+00  P(det)@0.05 power_one_sided 0.955 power_two_sided 0.979 kurtosis 0.438 spec_cnn 0.941  (8s)
    JSR  -14.0 dB  BER 0.00e+00  P(det)@0.05 power_one_sided 0.951 power_two_sided 0.979 kurtosis 0.604 spec_cnn 0.969  (9s)
    JSR  -13.0 dB  BER 0.00e+00  P(det)@0.05 power_one_sided 0.969 power_two_sided 0.984 kurtosis 0.811 spec_cnn 0.949  (9s)
    JSR  -12.0 dB  BER 0.00e+00  P(det)@0.05 power_one_sided 0.992 power_two_sided 0.994 kurtosis 0.914 spec_cnn 0.965  (9s)
    JSR  -11.0 dB  BER 0.00e+00  P(det)@0.05 power_one_sided 0.992 power_two_sided 0.998 kurtosis 0.986 spec_cnn 0.982  (9s)
    JSR  -10.0 dB  BER 0.00e+00  P(det)@0.05 power_one_sided 1.000 power_two_sided 1.000 kurtosis 0.998 spec_cnn 0.984  (10s)
    JSR   -9.0 dB  BER 0.00e+00  P(det)@0.05 power_one_sided 1.000 power_two_sided 1.000 kurtosis 1.000 spec_cnn 0.986  (10s)
    JSR   -8.0 dB  BER 0.00e+00  P(det)@0.05 power_one_sided 1.000 power_two_sided 1.000 kurtosis 1.000 spec_cnn 0.992  (10s)
    JSR   -7.0 dB  BER 5.34e-05  P(det)@0.05 power_one_sided 1.000 power_two_sided 1.000 kurtosis 1.000 spec_cnn 0.990  (10s)
    JSR   -6.0 dB  BER 1.52e-03  P(det)@0.05 power_one_sided 1.000 power_two_sided 1.000 kurtosis 1.000 spec_cnn 0.998  (11s)
    JSR   -5.0 dB  BER 7.37e-03  P(det)@0.05 power_one_sided 1.000 power_two_sided 1.000 kurtosis 1.000 spec_cnn 1.000  (11s)
    JSR   -4.0 dB  BER 2.11e-02  P(det)@0.05 power_one_sided 1.000 power_two_sided 1.000 kurtosis 1.000 spec_cnn 1.000  (11s)
    JSR   -3.0 dB  BER 5.56e-02  P(det)@0.05 power_one_sided 1.000 power_two_sided 1.000 kurtosis 1.000 spec_cnn 1.000  (11s)
    JSR   -2.0 dB  BER 1.09e-01  P(det)@0.05 power_one_sided 1.000 power_two_sided 1.000 kurtosis 1.000 spec_cnn 1.000  (12s)
    JSR   -1.0 dB  BER 1.61e-01  P(det)@0.05 power_one_sided 1.000 power_two_sided 1.000 kurtosis 1.000 spec_cnn 1.000  (12s)
    JSR   +0.0 dB  BER 2.00e-01  P(det)@0.05 power_one_sided 1.000 power_two_sided 1.000 kurtosis 1.000 spec_cnn 1.000  (12s)
    JSR   +1.0 dB  BER 2.35e-01  P(det)@0.05 power_one_sided 1.000 power_two_sided 1.000 kurtosis 1.000 spec_cnn 1.000  (12s)
    JSR   +2.0 dB  BER 2.67e-01  P(det)@0.05 power_one_sided 1.000 power_two_sided 1.000 kurtosis 1.000 spec_cnn 1.000  (13s)
    JSR   +3.0 dB  BER 2.88e-01  P(det)@0.05 power_one_sided 1.000 power_two_sided 1.000 kurtosis 1.000 spec_cnn 1.000  (13s)
    JSR   +4.0 dB  BER 3.06e-01  P(det)@0.05 power_one_sided 1.000 power_two_sided 1.000 kurtosis 0.998 spec_cnn 1.000  (13s)
    JSR   +5.0 dB  BER 3.31e-01  P(det)@0.05 power_one_sided 1.000 power_two_sided 1.000 kurtosis 0.994 spec_cnn 1.000  (13s)
    JSR   +6.0 dB  BER 3.49e-01  P(det)@0.05 power_one_sided 1.000 power_two_sided 1.000 kurtosis 0.979 spec_cnn 1.000  (14s)
    JSR   +7.0 dB  BER 3.69e-01  P(det)@0.05 power_one_sided 1.000 power_two_sided 1.000 kurtosis 0.855 spec_cnn 1.000  (14s)
    JSR   +8.0 dB  BER 3.77e-01  P(det)@0.05 power_one_sided 1.000 power_two_sided 1.000 kurtosis 0.459 spec_cnn 1.000  (14s)
    JSR   +9.0 dB  BER 3.95e-01  P(det)@0.05 power_one_sided 1.000 power_two_sided 1.000 kurtosis 0.182 spec_cnn 1.000  (15s)
    JSR  +10.0 dB  BER 4.05e-01  P(det)@0.05 power_one_sided 1.000 power_two_sided 1.000 kurtosis 0.066 spec_cnn 1.000  (15s)
    JSR  +11.0 dB  BER 4.16e-01  P(det)@0.05 power_one_sided 1.000 power_two_sided 1.000 kurtosis 0.295 spec_cnn 1.000  (15s)
    JSR  +12.0 dB  BER 4.25e-01  P(det)@0.05 power_one_sided 1.000 power_two_sided 1.000 kurtosis 0.604 spec_cnn 1.000  (15s)
    JSR  +13.0 dB  BER 4.27e-01  P(det)@0.05 power_one_sided 1.000 power_two_sided 1.000 kurtosis 0.871 spec_cnn 1.000  (16s)
    JSR  +14.0 dB  BER 4.37e-01  P(det)@0.05 power_one_sided 1.000 power_two_sided 1.000 kurtosis 0.941 spec_cnn 1.000  (16s)
    JSR  +15.0 dB  BER 4.42e-01  P(det)@0.05 power_one_sided 1.000 power_two_sided 1.000 kurtosis 0.986 spec_cnn 1.000  (16s)
  [snr_30] pulsed_p1 confirmed: {"power_one_sided": {"0.01": {"index": 0, "sweep_ber": 0.0, "sweep_pdet": 0.005859375, "confirmed_ber": 0.0, "confirmed_ser": 0.0, "confirmed_pdet": 0.011474609375, "passed": true}, "0.05": {"index": 0, "sweep_ber": 0.0, "sweep_pdet": 0.044921875, "confirmed_ber": 0.0, "confirmed_ser": 0.0, "confirmed_pdet": 0.0537109375, "passed": true}}, "power_two_sided": {"0.01": {"index": 0, "sweep_ber": 0.0, "sweep_pdet": 0.001953125, "confirmed_ber": 0.0, "confirmed_ser": 0.0, "confirmed_pdet": 0.013671875, "passed": false}, "0.05": {"index": 0, "sweep_ber": 0.0, "sweep_pdet": 0.052734375, "confirmed_ber": 0.0, "confirmed_ser": 0.0, "confirmed_pdet": 0.06005859375, "passed": false}}, "kurtosis": {"0.01": {"index": 60, "sweep_ber": 0.40531158447265625, "sweep_pdet": 0.013671875, "confirmed_ber": 0.40065574645996094, "confirmed_ser": 0.6415233612060547, "confirmed_pdet": 0.0224609375, "passed": false}, "0.05": {"index": 60, "sweep_ber": 0.40531158447265625, "sweep_pdet": 0.06640625, "confirmed_ber": 0.40047454833984375, "confirmed_ser": 0.6415176391601562, "confirmed_pdet": 0.0849609375, "passed": false}}, "spec_cnn": {"0.01": {"index": 0, "sweep_ber": 0.0, "sweep_pdet": 0.01171875, "confirmed_ber": 0.0, "confirmed_ser": 0.0, "confirmed_pdet": 0.007080078125, "passed": true}, "0.05": {"index": 0, "sweep_ber": 0.0, "sweep_pdet": 0.0546875, "confirmed_ber": 0.0, "confirmed_ser": 0.0, "confirmed_pdet": 0.048828125, "passed": true}}}  (70s)
  [snr_30] classical pulsed_p0.5
    JSR  -50.0 dB  BER 0.00e+00  P(det)@0.05 power_one_sided 0.053 power_two_sided 0.047 kurtosis 0.041 spec_cnn 0.049  (0s)
    JSR  -49.0 dB  BER 0.00e+00  P(det)@0.05 power_one_sided 0.045 power_two_sided 0.051 kurtosis 0.062 spec_cnn 0.059  (1s)
    JSR  -48.0 dB  BER 0.00e+00  P(det)@0.05 power_one_sided 0.053 power_two_sided 0.064 kurtosis 0.037 spec_cnn 0.066  (1s)
    JSR  -47.0 dB  BER 0.00e+00  P(det)@0.05 power_one_sided 0.053 power_two_sided 0.061 kurtosis 0.049 spec_cnn 0.049  (1s)
    JSR  -46.0 dB  BER 0.00e+00  P(det)@0.05 power_one_sided 0.068 power_two_sided 0.064 kurtosis 0.047 spec_cnn 0.057  (1s)
    JSR  -45.0 dB  BER 0.00e+00  P(det)@0.05 power_one_sided 0.100 power_two_sided 0.074 kurtosis 0.061 spec_cnn 0.070  (2s)
    JSR  -44.0 dB  BER 0.00e+00  P(det)@0.05 power_one_sided 0.080 power_two_sided 0.061 kurtosis 0.051 spec_cnn 0.074  (2s)
    JSR  -43.0 dB  BER 0.00e+00  P(det)@0.05 power_one_sided 0.068 power_two_sided 0.086 kurtosis 0.057 spec_cnn 0.059  (2s)
    JSR  -42.0 dB  BER 0.00e+00  P(det)@0.05 power_one_sided 0.088 power_two_sided 0.107 kurtosis 0.051 spec_cnn 0.072  (3s)
    JSR  -41.0 dB  BER 0.00e+00  P(det)@0.05 power_one_sided 0.109 power_two_sided 0.137 kurtosis 0.041 spec_cnn 0.074  (3s)
    JSR  -40.0 dB  BER 0.00e+00  P(det)@0.05 power_one_sided 0.115 power_two_sided 0.141 kurtosis 0.059 spec_cnn 0.080  (3s)
    JSR  -39.0 dB  BER 0.00e+00  P(det)@0.05 power_one_sided 0.117 power_two_sided 0.150 kurtosis 0.055 spec_cnn 0.078  (4s)
    JSR  -38.0 dB  BER 0.00e+00  P(det)@0.05 power_one_sided 0.160 power_two_sided 0.195 kurtosis 0.045 spec_cnn 0.086  (4s)
    JSR  -37.0 dB  BER 0.00e+00  P(det)@0.05 power_one_sided 0.184 power_two_sided 0.225 kurtosis 0.041 spec_cnn 0.100  (4s)
    JSR  -36.0 dB  BER 0.00e+00  P(det)@0.05 power_one_sided 0.193 power_two_sided 0.242 kurtosis 0.047 spec_cnn 0.096  (5s)
    JSR  -35.0 dB  BER 0.00e+00  P(det)@0.05 power_one_sided 0.273 power_two_sided 0.316 kurtosis 0.039 spec_cnn 0.135  (5s)
    JSR  -34.0 dB  BER 0.00e+00  P(det)@0.05 power_one_sided 0.279 power_two_sided 0.352 kurtosis 0.068 spec_cnn 0.137  (5s)
    JSR  -33.0 dB  BER 0.00e+00  P(det)@0.05 power_one_sided 0.316 power_two_sided 0.381 kurtosis 0.059 spec_cnn 0.191  (6s)
    JSR  -32.0 dB  BER 0.00e+00  P(det)@0.05 power_one_sided 0.322 power_two_sided 0.461 kurtosis 0.057 spec_cnn 0.207  (6s)
    JSR  -31.0 dB  BER 0.00e+00  P(det)@0.05 power_one_sided 0.357 power_two_sided 0.461 kurtosis 0.051 spec_cnn 0.250  (6s)
    JSR  -30.0 dB  BER 0.00e+00  P(det)@0.05 power_one_sided 0.430 power_two_sided 0.553 kurtosis 0.053 spec_cnn 0.314  (7s)
    JSR  -29.0 dB  BER 0.00e+00  P(det)@0.05 power_one_sided 0.404 power_two_sided 0.561 kurtosis 0.043 spec_cnn 0.406  (7s)
    JSR  -28.0 dB  BER 0.00e+00  P(det)@0.05 power_one_sided 0.469 power_two_sided 0.617 kurtosis 0.066 spec_cnn 0.451  (7s)
    JSR  -27.0 dB  BER 0.00e+00  P(det)@0.05 power_one_sided 0.512 power_two_sided 0.676 kurtosis 0.039 spec_cnn 0.498  (8s)
    JSR  -26.0 dB  BER 0.00e+00  P(det)@0.05 power_one_sided 0.555 power_two_sided 0.727 kurtosis 0.043 spec_cnn 0.543  (8s)
    JSR  -25.0 dB  BER 0.00e+00  P(det)@0.05 power_one_sided 0.576 power_two_sided 0.715 kurtosis 0.049 spec_cnn 0.598  (8s)
    JSR  -24.0 dB  BER 0.00e+00  P(det)@0.05 power_one_sided 0.572 power_two_sided 0.758 kurtosis 0.027 spec_cnn 0.645  (9s)
    JSR  -23.0 dB  BER 0.00e+00  P(det)@0.05 power_one_sided 0.645 power_two_sided 0.781 kurtosis 0.061 spec_cnn 0.721  (9s)
    JSR  -22.0 dB  BER 0.00e+00  P(det)@0.05 power_one_sided 0.699 power_two_sided 0.832 kurtosis 0.057 spec_cnn 0.740  (9s)
    JSR  -21.0 dB  BER 0.00e+00  P(det)@0.05 power_one_sided 0.758 power_two_sided 0.881 kurtosis 0.096 spec_cnn 0.779  (9s)
    JSR  -20.0 dB  BER 0.00e+00  P(det)@0.05 power_one_sided 0.756 power_two_sided 0.861 kurtosis 0.105 spec_cnn 0.805  (10s)
    JSR  -19.0 dB  BER 0.00e+00  P(det)@0.05 power_one_sided 0.818 power_two_sided 0.916 kurtosis 0.119 spec_cnn 0.807  (10s)
    JSR  -18.0 dB  BER 0.00e+00  P(det)@0.05 power_one_sided 0.844 power_two_sided 0.924 kurtosis 0.158 spec_cnn 0.844  (10s)
    JSR  -17.0 dB  BER 0.00e+00  P(det)@0.05 power_one_sided 0.873 power_two_sided 0.953 kurtosis 0.225 spec_cnn 0.852  (11s)
    JSR  -16.0 dB  BER 0.00e+00  P(det)@0.05 power_one_sided 0.881 power_two_sided 0.949 kurtosis 0.287 spec_cnn 0.850  (11s)
    JSR  -15.0 dB  BER 0.00e+00  P(det)@0.05 power_one_sided 0.941 power_two_sided 0.977 kurtosis 0.471 spec_cnn 0.885  (11s)
    JSR  -14.0 dB  BER 0.00e+00  P(det)@0.05 power_one_sided 0.961 power_two_sided 0.975 kurtosis 0.617 spec_cnn 0.898  (12s)
    JSR  -13.0 dB  BER 0.00e+00  P(det)@0.05 power_one_sided 0.984 power_two_sided 0.996 kurtosis 0.795 spec_cnn 0.906  (12s)
    JSR  -12.0 dB  BER 0.00e+00  P(det)@0.05 power_one_sided 0.977 power_two_sided 0.988 kurtosis 0.924 spec_cnn 0.924  (12s)
    JSR  -11.0 dB  BER 0.00e+00  P(det)@0.05 power_one_sided 0.990 power_two_sided 0.994 kurtosis 0.988 spec_cnn 0.949  (13s)
    JSR  -10.0 dB  BER 1.53e-05  P(det)@0.05 power_one_sided 1.000 power_two_sided 1.000 kurtosis 0.998 spec_cnn 0.941  (13s)
    JSR   -9.0 dB  BER 1.91e-04  P(det)@0.05 power_one_sided 0.996 power_two_sided 0.998 kurtosis 0.998 spec_cnn 0.973  (13s)
    JSR   -8.0 dB  BER 1.20e-03  P(det)@0.05 power_one_sided 1.000 power_two_sided 1.000 kurtosis 1.000 spec_cnn 0.988  (14s)
    JSR   -7.0 dB  BER 5.14e-03  P(det)@0.05 power_one_sided 1.000 power_two_sided 1.000 kurtosis 1.000 spec_cnn 0.984  (14s)
    JSR   -6.0 dB  BER 1.76e-02  P(det)@0.05 power_one_sided 1.000 power_two_sided 1.000 kurtosis 1.000 spec_cnn 0.998  (14s)
    JSR   -5.0 dB  BER 4.30e-02  P(det)@0.05 power_one_sided 1.000 power_two_sided 1.000 kurtosis 1.000 spec_cnn 0.998  (15s)
    JSR   -4.0 dB  BER 7.36e-02  P(det)@0.05 power_one_sided 1.000 power_two_sided 1.000 kurtosis 1.000 spec_cnn 1.000  (15s)
    JSR   -3.0 dB  BER 9.46e-02  P(det)@0.05 power_one_sided 1.000 power_two_sided 1.000 kurtosis 1.000 spec_cnn 1.000  (15s)
    JSR   -2.0 dB  BER 1.16e-01  P(det)@0.05 power_one_sided 1.000 power_two_sided 1.000 kurtosis 1.000 spec_cnn 1.000  (16s)
    JSR   -1.0 dB  BER 1.36e-01  P(det)@0.05 power_one_sided 1.000 power_two_sided 1.000 kurtosis 1.000 spec_cnn 1.000  (16s)
    JSR   +0.0 dB  BER 1.51e-01  P(det)@0.05 power_one_sided 1.000 power_two_sided 1.000 kurtosis 1.000 spec_cnn 1.000  (16s)
    JSR   +1.0 dB  BER 1.67e-01  P(det)@0.05 power_one_sided 1.000 power_two_sided 1.000 kurtosis 1.000 spec_cnn 1.000  (17s)
    JSR   +2.0 dB  BER 1.87e-01  P(det)@0.05 power_one_sided 1.000 power_two_sided 1.000 kurtosis 1.000 spec_cnn 1.000  (17s)
    JSR   +3.0 dB  BER 2.01e-01  P(det)@0.05 power_one_sided 1.000 power_two_sided 1.000 kurtosis 1.000 spec_cnn 1.000  (17s)
    JSR   +4.0 dB  BER 2.14e-01  P(det)@0.05 power_one_sided 1.000 power_two_sided 1.000 kurtosis 1.000 spec_cnn 1.000  (18s)
    JSR   +5.0 dB  BER 2.26e-01  P(det)@0.05 power_one_sided 1.000 power_two_sided 1.000 kurtosis 1.000 spec_cnn 1.000  (18s)
    JSR   +6.0 dB  BER 2.39e-01  P(det)@0.05 power_one_sided 1.000 power_two_sided 1.000 kurtosis 1.000 spec_cnn 1.000  (18s)
    JSR   +7.0 dB  BER 2.53e-01  P(det)@0.05 power_one_sided 1.000 power_two_sided 1.000 kurtosis 1.000 spec_cnn 1.000  (19s)
    JSR   +8.0 dB  BER 2.62e-01  P(det)@0.05 power_one_sided 1.000 power_two_sided 1.000 kurtosis 1.000 spec_cnn 1.000  (19s)
    JSR   +9.0 dB  BER 2.80e-01  P(det)@0.05 power_one_sided 1.000 power_two_sided 1.000 kurtosis 1.000 spec_cnn 1.000  (19s)
    JSR  +10.0 dB  BER 2.87e-01  P(det)@0.05 power_one_sided 1.000 power_two_sided 1.000 kurtosis 1.000 spec_cnn 1.000  (20s)
    JSR  +11.0 dB  BER 3.02e-01  P(det)@0.05 power_one_sided 1.000 power_two_sided 1.000 kurtosis 1.000 spec_cnn 1.000  (20s)
    JSR  +12.0 dB  BER 3.09e-01  P(det)@0.05 power_one_sided 1.000 power_two_sided 1.000 kurtosis 1.000 spec_cnn 1.000  (20s)
    JSR  +13.0 dB  BER 3.26e-01  P(det)@0.05 power_one_sided 1.000 power_two_sided 1.000 kurtosis 1.000 spec_cnn 1.000  (21s)
    JSR  +14.0 dB  BER 3.41e-01  P(det)@0.05 power_one_sided 1.000 power_two_sided 1.000 kurtosis 1.000 spec_cnn 1.000  (21s)
    JSR  +15.0 dB  BER 3.43e-01  P(det)@0.05 power_one_sided 1.000 power_two_sided 1.000 kurtosis 1.000 spec_cnn 1.000  (21s)
  [snr_30] pulsed_p0.5 confirmed: {"power_one_sided": {"0.01": {"index": 0, "sweep_ber": 0.0, "sweep_pdet": 0.009765625, "confirmed_ber": 0.0, "confirmed_ser": 0.0, "confirmed_pdet": 0.01025390625, "passed": true}, "0.05": {"index": 0, "sweep_ber": 0.0, "sweep_pdet": 0.052734375, "confirmed_ber": 0.0, "confirmed_ser": 0.0, "confirmed_pdet": 0.056396484375, "passed": true}}, "power_two_sided": {"0.01": {"index": 0, "sweep_ber": 0.0, "sweep_pdet": 0.0078125, "confirmed_ber": 0.0, "confirmed_ser": 0.0, "confirmed_pdet": 0.0107421875, "passed": true}, "0.05": {"index": 0, "sweep_ber": 0.0, "sweep_pdet": 0.046875, "confirmed_ber": 0.0, "confirmed_ser": 0.0, "confirmed_pdet": 0.058837890625, "passed": false}}, "kurtosis": {"0.01": {"index": 0, "sweep_ber": 0.0, "sweep_pdet": 0.005859375, "confirmed_ber": 0.0, "confirmed_ser": 0.0, "confirmed_pdet": 0.010986328125, "passed": true}, "0.05": {"index": 0, "sweep_ber": 0.0, "sweep_pdet": 0.041015625, "confirmed_ber": 0.0, "confirmed_ser": 0.0, "confirmed_pdet": 0.04541015625, "passed": true}}, "spec_cnn": {"0.01": {"index": 0, "sweep_ber": 0.0, "sweep_pdet": 0.01171875, "confirmed_ber": 0.0, "confirmed_ser": 0.0, "confirmed_pdet": 0.01025390625, "passed": true}, "0.05": {"index": 0, "sweep_ber": 0.0, "sweep_pdet": 0.048828125, "confirmed_ber": 0.0, "confirmed_ser": 0.0, "confirmed_pdet": 0.052978515625, "passed": true}}}  (114s)
  [snr_30] classical pulsed_p0.25
    JSR  -50.0 dB  BER 0.00e+00  P(det)@0.05 power_one_sided 0.066 power_two_sided 0.061 kurtosis 0.041 spec_cnn 0.051  (0s)
    JSR  -49.0 dB  BER 0.00e+00  P(det)@0.05 power_one_sided 0.057 power_two_sided 0.066 kurtosis 0.055 spec_cnn 0.049  (1s)
    JSR  -48.0 dB  BER 0.00e+00  P(det)@0.05 power_one_sided 0.035 power_two_sided 0.051 kurtosis 0.041 spec_cnn 0.049  (1s)
    JSR  -47.0 dB  BER 0.00e+00  P(det)@0.05 power_one_sided 0.070 power_two_sided 0.078 kurtosis 0.043 spec_cnn 0.057  (1s)
    JSR  -46.0 dB  BER 0.00e+00  P(det)@0.05 power_one_sided 0.072 power_two_sided 0.078 kurtosis 0.055 spec_cnn 0.057  (2s)
    JSR  -45.0 dB  BER 0.00e+00  P(det)@0.05 power_one_sided 0.072 power_two_sided 0.068 kurtosis 0.035 spec_cnn 0.061  (2s)
    JSR  -44.0 dB  BER 0.00e+00  P(det)@0.05 power_one_sided 0.082 power_two_sided 0.090 kurtosis 0.047 spec_cnn 0.057  (2s)
    JSR  -43.0 dB  BER 0.00e+00  P(det)@0.05 power_one_sided 0.090 power_two_sided 0.096 kurtosis 0.074 spec_cnn 0.057  (3s)
    JSR  -42.0 dB  BER 0.00e+00  P(det)@0.05 power_one_sided 0.096 power_two_sided 0.119 kurtosis 0.074 spec_cnn 0.076  (3s)
    JSR  -41.0 dB  BER 0.00e+00  P(det)@0.05 power_one_sided 0.117 power_two_sided 0.139 kurtosis 0.041 spec_cnn 0.047  (4s)
    JSR  -40.0 dB  BER 0.00e+00  P(det)@0.05 power_one_sided 0.143 power_two_sided 0.158 kurtosis 0.041 spec_cnn 0.086  (4s)
    JSR  -39.0 dB  BER 0.00e+00  P(det)@0.05 power_one_sided 0.129 power_two_sided 0.166 kurtosis 0.061 spec_cnn 0.068  (4s)
    JSR  -38.0 dB  BER 0.00e+00  P(det)@0.05 power_one_sided 0.156 power_two_sided 0.195 kurtosis 0.055 spec_cnn 0.066  (5s)
    JSR  -37.0 dB  BER 0.00e+00  P(det)@0.05 power_one_sided 0.162 power_two_sided 0.219 kurtosis 0.062 spec_cnn 0.090  (5s)
    JSR  -36.0 dB  BER 0.00e+00  P(det)@0.05 power_one_sided 0.201 power_two_sided 0.248 kurtosis 0.057 spec_cnn 0.090  (6s)
    JSR  -35.0 dB  BER 0.00e+00  P(det)@0.05 power_one_sided 0.240 power_two_sided 0.316 kurtosis 0.045 spec_cnn 0.129  (6s)
    JSR  -34.0 dB  BER 0.00e+00  P(det)@0.05 power_one_sided 0.281 power_two_sided 0.365 kurtosis 0.057 spec_cnn 0.150  (6s)
    JSR  -33.0 dB  BER 0.00e+00  P(det)@0.05 power_one_sided 0.252 power_two_sided 0.338 kurtosis 0.055 spec_cnn 0.191  (7s)
    JSR  -32.0 dB  BER 0.00e+00  P(det)@0.05 power_one_sided 0.328 power_two_sided 0.396 kurtosis 0.051 spec_cnn 0.219  (7s)
    JSR  -31.0 dB  BER 0.00e+00  P(det)@0.05 power_one_sided 0.359 power_two_sided 0.465 kurtosis 0.051 spec_cnn 0.260  (7s)
    JSR  -30.0 dB  BER 0.00e+00  P(det)@0.05 power_one_sided 0.385 power_two_sided 0.525 kurtosis 0.043 spec_cnn 0.289  (8s)
    JSR  -29.0 dB  BER 0.00e+00  P(det)@0.05 power_one_sided 0.430 power_two_sided 0.539 kurtosis 0.061 spec_cnn 0.381  (8s)
    JSR  -28.0 dB  BER 0.00e+00  P(det)@0.05 power_one_sided 0.447 power_two_sided 0.598 kurtosis 0.045 spec_cnn 0.371  (8s)
    JSR  -27.0 dB  BER 0.00e+00  P(det)@0.05 power_one_sided 0.512 power_two_sided 0.645 kurtosis 0.053 spec_cnn 0.447  (9s)
    JSR  -26.0 dB  BER 0.00e+00  P(det)@0.05 power_one_sided 0.568 power_two_sided 0.703 kurtosis 0.064 spec_cnn 0.508  (9s)
    JSR  -25.0 dB  BER 0.00e+00  P(det)@0.05 power_one_sided 0.570 power_two_sided 0.729 kurtosis 0.049 spec_cnn 0.473  (10s)
    JSR  -24.0 dB  BER 0.00e+00  P(det)@0.05 power_one_sided 0.621 power_two_sided 0.768 kurtosis 0.047 spec_cnn 0.543  (10s)
    JSR  -23.0 dB  BER 0.00e+00  P(det)@0.05 power_one_sided 0.674 power_two_sided 0.791 kurtosis 0.055 spec_cnn 0.551  (10s)
    JSR  -22.0 dB  BER 0.00e+00  P(det)@0.05 power_one_sided 0.678 power_two_sided 0.814 kurtosis 0.078 spec_cnn 0.580  (11s)
    JSR  -21.0 dB  BER 0.00e+00  P(det)@0.05 power_one_sided 0.746 power_two_sided 0.861 kurtosis 0.070 spec_cnn 0.594  (11s)
    JSR  -20.0 dB  BER 0.00e+00  P(det)@0.05 power_one_sided 0.744 power_two_sided 0.881 kurtosis 0.094 spec_cnn 0.609  (12s)
    JSR  -19.0 dB  BER 0.00e+00  P(det)@0.05 power_one_sided 0.822 power_two_sided 0.914 kurtosis 0.098 spec_cnn 0.656  (12s)
    JSR  -18.0 dB  BER 0.00e+00  P(det)@0.05 power_one_sided 0.846 power_two_sided 0.912 kurtosis 0.189 spec_cnn 0.623  (12s)
    JSR  -17.0 dB  BER 0.00e+00  P(det)@0.05 power_one_sided 0.893 power_two_sided 0.963 kurtosis 0.223 spec_cnn 0.684  (13s)
    JSR  -16.0 dB  BER 0.00e+00  P(det)@0.05 power_one_sided 0.928 power_two_sided 0.959 kurtosis 0.330 spec_cnn 0.670  (13s)
    JSR  -15.0 dB  BER 0.00e+00  P(det)@0.05 power_one_sided 0.934 power_two_sided 0.965 kurtosis 0.521 spec_cnn 0.730  (13s)
    JSR  -14.0 dB  BER 0.00e+00  P(det)@0.05 power_one_sided 0.965 power_two_sided 0.992 kurtosis 0.697 spec_cnn 0.738  (14s)
    JSR  -13.0 dB  BER 0.00e+00  P(det)@0.05 power_one_sided 0.967 power_two_sided 0.982 kurtosis 0.848 spec_cnn 0.791  (14s)
    JSR  -12.0 dB  BER 3.81e-05  P(det)@0.05 power_one_sided 0.984 power_two_sided 0.990 kurtosis 0.953 spec_cnn 0.807  (15s)
    JSR  -11.0 dB  BER 2.75e-04  P(det)@0.05 power_one_sided 0.996 power_two_sided 1.000 kurtosis 0.990 spec_cnn 0.826  (15s)
    JSR  -10.0 dB  BER 1.63e-03  P(det)@0.05 power_one_sided 0.998 power_two_sided 1.000 kurtosis 1.000 spec_cnn 0.887  (15s)
    JSR   -9.0 dB  BER 6.94e-03  P(det)@0.05 power_one_sided 1.000 power_two_sided 1.000 kurtosis 1.000 spec_cnn 0.898  (16s)
    JSR   -8.0 dB  BER 1.89e-02  P(det)@0.05 power_one_sided 0.998 power_two_sided 1.000 kurtosis 1.000 spec_cnn 0.938  (16s)
    JSR   -7.0 dB  BER 3.16e-02  P(det)@0.05 power_one_sided 1.000 power_two_sided 1.000 kurtosis 1.000 spec_cnn 0.971  (16s)
    JSR   -6.0 dB  BER 4.43e-02  P(det)@0.05 power_one_sided 1.000 power_two_sided 1.000 kurtosis 1.000 spec_cnn 0.979  (17s)
    JSR   -5.0 dB  BER 5.84e-02  P(det)@0.05 power_one_sided 1.000 power_two_sided 1.000 kurtosis 1.000 spec_cnn 0.992  (17s)
    JSR   -4.0 dB  BER 6.80e-02  P(det)@0.05 power_one_sided 1.000 power_two_sided 1.000 kurtosis 1.000 spec_cnn 0.996  (18s)
    JSR   -3.0 dB  BER 7.79e-02  P(det)@0.05 power_one_sided 1.000 power_two_sided 1.000 kurtosis 1.000 spec_cnn 1.000  (18s)
    JSR   -2.0 dB  BER 8.79e-02  P(det)@0.05 power_one_sided 1.000 power_two_sided 1.000 kurtosis 1.000 spec_cnn 1.000  (18s)
    JSR   -1.0 dB  BER 9.67e-02  P(det)@0.05 power_one_sided 1.000 power_two_sided 1.000 kurtosis 1.000 spec_cnn 1.000  (19s)
    JSR   +0.0 dB  BER 1.07e-01  P(det)@0.05 power_one_sided 1.000 power_two_sided 1.000 kurtosis 1.000 spec_cnn 1.000  (19s)
    JSR   +1.0 dB  BER 1.14e-01  P(det)@0.05 power_one_sided 1.000 power_two_sided 1.000 kurtosis 1.000 spec_cnn 1.000  (19s)
    JSR   +2.0 dB  BER 1.21e-01  P(det)@0.05 power_one_sided 1.000 power_two_sided 1.000 kurtosis 1.000 spec_cnn 1.000  (20s)
    JSR   +3.0 dB  BER 1.28e-01  P(det)@0.05 power_one_sided 1.000 power_two_sided 1.000 kurtosis 1.000 spec_cnn 1.000  (20s)
    JSR   +4.0 dB  BER 1.35e-01  P(det)@0.05 power_one_sided 1.000 power_two_sided 1.000 kurtosis 1.000 spec_cnn 1.000  (21s)
    JSR   +5.0 dB  BER 1.45e-01  P(det)@0.05 power_one_sided 1.000 power_two_sided 1.000 kurtosis 1.000 spec_cnn 1.000  (21s)
    JSR   +6.0 dB  BER 1.52e-01  P(det)@0.05 power_one_sided 1.000 power_two_sided 1.000 kurtosis 1.000 spec_cnn 1.000  (21s)
    JSR   +7.0 dB  BER 1.65e-01  P(det)@0.05 power_one_sided 1.000 power_two_sided 1.000 kurtosis 1.000 spec_cnn 1.000  (22s)
    JSR   +8.0 dB  BER 1.77e-01  P(det)@0.05 power_one_sided 1.000 power_two_sided 1.000 kurtosis 1.000 spec_cnn 1.000  (22s)
    JSR   +9.0 dB  BER 1.85e-01  P(det)@0.05 power_one_sided 1.000 power_two_sided 1.000 kurtosis 1.000 spec_cnn 1.000  (22s)
    JSR  +10.0 dB  BER 2.04e-01  P(det)@0.05 power_one_sided 1.000 power_two_sided 1.000 kurtosis 1.000 spec_cnn 1.000  (23s)
    JSR  +11.0 dB  BER 2.07e-01  P(det)@0.05 power_one_sided 1.000 power_two_sided 1.000 kurtosis 1.000 spec_cnn 1.000  (23s)
    JSR  +12.0 dB  BER 2.16e-01  P(det)@0.05 power_one_sided 1.000 power_two_sided 1.000 kurtosis 1.000 spec_cnn 1.000  (23s)
    JSR  +13.0 dB  BER 2.28e-01  P(det)@0.05 power_one_sided 1.000 power_two_sided 1.000 kurtosis 1.000 spec_cnn 1.000  (24s)
    JSR  +14.0 dB  BER 2.35e-01  P(det)@0.05 power_one_sided 1.000 power_two_sided 1.000 kurtosis 1.000 spec_cnn 1.000  (24s)
    JSR  +15.0 dB  BER 2.47e-01  P(det)@0.05 power_one_sided 1.000 power_two_sided 1.000 kurtosis 1.000 spec_cnn 1.000  (25s)
  [snr_30] pulsed_p0.25 confirmed: {"power_one_sided": {"0.01": {"index": 0, "sweep_ber": 0.0, "sweep_pdet": 0.0078125, "confirmed_ber": 0.0, "confirmed_ser": 0.0, "confirmed_pdet": 0.009521484375, "passed": true}, "0.05": {"index": 0, "sweep_ber": 0.0, "sweep_pdet": 0.06640625, "confirmed_ber": 0.0, "confirmed_ser": 0.0, "confirmed_pdet": 0.055908203125, "passed": true}}, "power_two_sided": {"0.01": {"index": 0, "sweep_ber": 0.0, "sweep_pdet": 0.009765625, "confirmed_ber": 0.0, "confirmed_ser": 0.0, "confirmed_pdet": 0.01123046875, "passed": true}, "0.05": {"index": 0, "sweep_ber": 0.0, "sweep_pdet": 0.060546875, "confirmed_ber": 0.0, "confirmed_ser": 0.0, "confirmed_pdet": 0.05615234375, "passed": true}}, "kurtosis": {"0.01": {"index": 0, "sweep_ber": 0.0, "sweep_pdet": 0.01171875, "confirmed_ber": 0.0, "confirmed_ser": 0.0, "confirmed_pdet": 0.01123046875, "passed": true}, "0.05": {"index": 0, "sweep_ber": 0.0, "sweep_pdet": 0.041015625, "confirmed_ber": 0.0, "confirmed_ser": 0.0, "confirmed_pdet": 0.049072265625, "passed": true}}, "spec_cnn": {"0.01": {"index": 0, "sweep_ber": 0.0, "sweep_pdet": 0.00390625, "confirmed_ber": 0.0, "confirmed_ser": 0.0, "confirmed_pdet": 0.008544921875, "passed": true}, "0.05": {"index": 0, "sweep_ber": 0.0, "sweep_pdet": 0.05078125, "confirmed_ber": 0.0, "confirmed_ser": 0.0, "confirmed_pdet": 0.048828125, "passed": true}}}  (163s)
  [snr_30] classical pulsed_p0.1
    JSR  -50.0 dB  BER 0.00e+00  P(det)@0.05 power_one_sided 0.070 power_two_sided 0.076 kurtosis 0.049 spec_cnn 0.045  (0s)
    JSR  -49.0 dB  BER 0.00e+00  P(det)@0.05 power_one_sided 0.064 power_two_sided 0.057 kurtosis 0.039 spec_cnn 0.068  (1s)
    JSR  -48.0 dB  BER 0.00e+00  P(det)@0.05 power_one_sided 0.049 power_two_sided 0.062 kurtosis 0.039 spec_cnn 0.055  (1s)
    JSR  -47.0 dB  BER 0.00e+00  P(det)@0.05 power_one_sided 0.086 power_two_sided 0.076 kurtosis 0.053 spec_cnn 0.045  (2s)
    JSR  -46.0 dB  BER 0.00e+00  P(det)@0.05 power_one_sided 0.062 power_two_sided 0.066 kurtosis 0.059 spec_cnn 0.041  (2s)
    JSR  -45.0 dB  BER 0.00e+00  P(det)@0.05 power_one_sided 0.078 power_two_sided 0.080 kurtosis 0.039 spec_cnn 0.062  (2s)
    JSR  -44.0 dB  BER 0.00e+00  P(det)@0.05 power_one_sided 0.072 power_two_sided 0.059 kurtosis 0.055 spec_cnn 0.068  (3s)
    JSR  -43.0 dB  BER 0.00e+00  P(det)@0.05 power_one_sided 0.094 power_two_sided 0.096 kurtosis 0.043 spec_cnn 0.070  (3s)
    JSR  -42.0 dB  BER 0.00e+00  P(det)@0.05 power_one_sided 0.104 power_two_sided 0.123 kurtosis 0.041 spec_cnn 0.082  (4s)
    JSR  -41.0 dB  BER 0.00e+00  P(det)@0.05 power_one_sided 0.117 power_two_sided 0.127 kurtosis 0.043 spec_cnn 0.049  (4s)
    JSR  -40.0 dB  BER 0.00e+00  P(det)@0.05 power_one_sided 0.121 power_two_sided 0.127 kurtosis 0.059 spec_cnn 0.059  (4s)
    JSR  -39.0 dB  BER 0.00e+00  P(det)@0.05 power_one_sided 0.115 power_two_sided 0.143 kurtosis 0.043 spec_cnn 0.092  (5s)
    JSR  -38.0 dB  BER 0.00e+00  P(det)@0.05 power_one_sided 0.156 power_two_sided 0.180 kurtosis 0.053 spec_cnn 0.088  (5s)
    JSR  -37.0 dB  BER 0.00e+00  P(det)@0.05 power_one_sided 0.186 power_two_sided 0.209 kurtosis 0.033 spec_cnn 0.135  (6s)
    JSR  -36.0 dB  BER 0.00e+00  P(det)@0.05 power_one_sided 0.188 power_two_sided 0.246 kurtosis 0.037 spec_cnn 0.121  (6s)
    JSR  -35.0 dB  BER 0.00e+00  P(det)@0.05 power_one_sided 0.205 power_two_sided 0.260 kurtosis 0.055 spec_cnn 0.129  (6s)
    JSR  -34.0 dB  BER 0.00e+00  P(det)@0.05 power_one_sided 0.262 power_two_sided 0.365 kurtosis 0.061 spec_cnn 0.160  (7s)
    JSR  -33.0 dB  BER 0.00e+00  P(det)@0.05 power_one_sided 0.293 power_two_sided 0.387 kurtosis 0.057 spec_cnn 0.137  (7s)
    JSR  -32.0 dB  BER 0.00e+00  P(det)@0.05 power_one_sided 0.344 power_two_sided 0.416 kurtosis 0.059 spec_cnn 0.184  (7s)
    JSR  -31.0 dB  BER 0.00e+00  P(det)@0.05 power_one_sided 0.307 power_two_sided 0.422 kurtosis 0.051 spec_cnn 0.229  (8s)
    JSR  -30.0 dB  BER 0.00e+00  P(det)@0.05 power_one_sided 0.393 power_two_sided 0.559 kurtosis 0.059 spec_cnn 0.227  (8s)
    JSR  -29.0 dB  BER 0.00e+00  P(det)@0.05 power_one_sided 0.443 power_two_sided 0.578 kurtosis 0.035 spec_cnn 0.250  (9s)
    JSR  -28.0 dB  BER 0.00e+00  P(det)@0.05 power_one_sided 0.451 power_two_sided 0.596 kurtosis 0.062 spec_cnn 0.268  (9s)
    JSR  -27.0 dB  BER 0.00e+00  P(det)@0.05 power_one_sided 0.475 power_two_sided 0.607 kurtosis 0.049 spec_cnn 0.268  (9s)
    JSR  -26.0 dB  BER 0.00e+00  P(det)@0.05 power_one_sided 0.537 power_two_sided 0.713 kurtosis 0.072 spec_cnn 0.289  (10s)
    JSR  -25.0 dB  BER 0.00e+00  P(det)@0.05 power_one_sided 0.557 power_two_sided 0.713 kurtosis 0.082 spec_cnn 0.277  (10s)
    JSR  -24.0 dB  BER 0.00e+00  P(det)@0.05 power_one_sided 0.643 power_two_sided 0.787 kurtosis 0.055 spec_cnn 0.309  (10s)
    JSR  -23.0 dB  BER 0.00e+00  P(det)@0.05 power_one_sided 0.602 power_two_sided 0.779 kurtosis 0.070 spec_cnn 0.311  (11s)
    JSR  -22.0 dB  BER 0.00e+00  P(det)@0.05 power_one_sided 0.680 power_two_sided 0.859 kurtosis 0.074 spec_cnn 0.342  (11s)
    JSR  -21.0 dB  BER 0.00e+00  P(det)@0.05 power_one_sided 0.713 power_two_sided 0.838 kurtosis 0.088 spec_cnn 0.344  (12s)
    JSR  -20.0 dB  BER 0.00e+00  P(det)@0.05 power_one_sided 0.766 power_two_sided 0.893 kurtosis 0.107 spec_cnn 0.332  (12s)
    JSR  -19.0 dB  BER 0.00e+00  P(det)@0.05 power_one_sided 0.795 power_two_sided 0.898 kurtosis 0.150 spec_cnn 0.369  (12s)
    JSR  -18.0 dB  BER 0.00e+00  P(det)@0.05 power_one_sided 0.846 power_two_sided 0.926 kurtosis 0.211 spec_cnn 0.367  (13s)
    JSR  -17.0 dB  BER 7.63e-06  P(det)@0.05 power_one_sided 0.883 power_two_sided 0.943 kurtosis 0.314 spec_cnn 0.381  (13s)
    JSR  -16.0 dB  BER 3.05e-05  P(det)@0.05 power_one_sided 0.895 power_two_sided 0.949 kurtosis 0.418 spec_cnn 0.410  (14s)
    JSR  -15.0 dB  BER 7.63e-05  P(det)@0.05 power_one_sided 0.939 power_two_sided 0.975 kurtosis 0.559 spec_cnn 0.443  (14s)
    JSR  -14.0 dB  BER 8.09e-04  P(det)@0.05 power_one_sided 0.961 power_two_sided 0.980 kurtosis 0.721 spec_cnn 0.461  (14s)
    JSR  -13.0 dB  BER 3.27e-03  P(det)@0.05 power_one_sided 0.975 power_two_sided 0.996 kurtosis 0.885 spec_cnn 0.494  (15s)
    JSR  -12.0 dB  BER 6.55e-03  P(det)@0.05 power_one_sided 0.986 power_two_sided 0.994 kurtosis 0.936 spec_cnn 0.553  (15s)
    JSR  -11.0 dB  BER 1.28e-02  P(det)@0.05 power_one_sided 0.994 power_two_sided 0.996 kurtosis 0.980 spec_cnn 0.564  (16s)
    JSR  -10.0 dB  BER 1.78e-02  P(det)@0.05 power_one_sided 0.998 power_two_sided 0.998 kurtosis 0.998 spec_cnn 0.645  (16s)
    JSR   -9.0 dB  BER 2.12e-02  P(det)@0.05 power_one_sided 1.000 power_two_sided 1.000 kurtosis 0.990 spec_cnn 0.762  (16s)
    JSR   -8.0 dB  BER 2.63e-02  P(det)@0.05 power_one_sided 1.000 power_two_sided 1.000 kurtosis 1.000 spec_cnn 0.803  (17s)
    JSR   -7.0 dB  BER 3.07e-02  P(det)@0.05 power_one_sided 1.000 power_two_sided 1.000 kurtosis 1.000 spec_cnn 0.879  (17s)
    JSR   -6.0 dB  BER 3.61e-02  P(det)@0.05 power_one_sided 1.000 power_two_sided 1.000 kurtosis 1.000 spec_cnn 0.914  (18s)
    JSR   -5.0 dB  BER 3.98e-02  P(det)@0.05 power_one_sided 1.000 power_two_sided 1.000 kurtosis 1.000 spec_cnn 0.973  (18s)
    JSR   -4.0 dB  BER 4.37e-02  P(det)@0.05 power_one_sided 1.000 power_two_sided 1.000 kurtosis 1.000 spec_cnn 0.994  (18s)
    JSR   -3.0 dB  BER 4.75e-02  P(det)@0.05 power_one_sided 1.000 power_two_sided 1.000 kurtosis 1.000 spec_cnn 1.000  (19s)
    JSR   -2.0 dB  BER 4.90e-02  P(det)@0.05 power_one_sided 1.000 power_two_sided 1.000 kurtosis 1.000 spec_cnn 1.000  (19s)
    JSR   -1.0 dB  BER 5.45e-02  P(det)@0.05 power_one_sided 1.000 power_two_sided 1.000 kurtosis 1.000 spec_cnn 1.000  (20s)
    JSR   +0.0 dB  BER 5.81e-02  P(det)@0.05 power_one_sided 1.000 power_two_sided 1.000 kurtosis 1.000 spec_cnn 1.000  (20s)
    JSR   +1.0 dB  BER 5.91e-02  P(det)@0.05 power_one_sided 1.000 power_two_sided 1.000 kurtosis 1.000 spec_cnn 1.000  (20s)
    JSR   +2.0 dB  BER 6.53e-02  P(det)@0.05 power_one_sided 1.000 power_two_sided 1.000 kurtosis 1.000 spec_cnn 1.000  (21s)
    JSR   +3.0 dB  BER 7.18e-02  P(det)@0.05 power_one_sided 1.000 power_two_sided 1.000 kurtosis 1.000 spec_cnn 1.000  (21s)
    JSR   +4.0 dB  BER 7.66e-02  P(det)@0.05 power_one_sided 1.000 power_two_sided 1.000 kurtosis 1.000 spec_cnn 1.000  (21s)
    JSR   +5.0 dB  BER 8.22e-02  P(det)@0.05 power_one_sided 1.000 power_two_sided 1.000 kurtosis 1.000 spec_cnn 1.000  (22s)
    JSR   +6.0 dB  BER 8.66e-02  P(det)@0.05 power_one_sided 1.000 power_two_sided 1.000 kurtosis 1.000 spec_cnn 1.000  (22s)
    JSR   +7.0 dB  BER 9.88e-02  P(det)@0.05 power_one_sided 1.000 power_two_sided 1.000 kurtosis 1.000 spec_cnn 1.000  (23s)
    JSR   +8.0 dB  BER 1.02e-01  P(det)@0.05 power_one_sided 1.000 power_two_sided 1.000 kurtosis 1.000 spec_cnn 1.000  (23s)
    JSR   +9.0 dB  BER 1.07e-01  P(det)@0.05 power_one_sided 1.000 power_two_sided 1.000 kurtosis 1.000 spec_cnn 1.000  (23s)
    JSR  +10.0 dB  BER 1.12e-01  P(det)@0.05 power_one_sided 1.000 power_two_sided 1.000 kurtosis 1.000 spec_cnn 1.000  (24s)
    JSR  +11.0 dB  BER 1.16e-01  P(det)@0.05 power_one_sided 1.000 power_two_sided 1.000 kurtosis 1.000 spec_cnn 1.000  (24s)
    JSR  +12.0 dB  BER 1.22e-01  P(det)@0.05 power_one_sided 1.000 power_two_sided 1.000 kurtosis 1.000 spec_cnn 1.000  (25s)
    JSR  +13.0 dB  BER 1.33e-01  P(det)@0.05 power_one_sided 1.000 power_two_sided 1.000 kurtosis 1.000 spec_cnn 1.000  (25s)
    JSR  +14.0 dB  BER 1.36e-01  P(det)@0.05 power_one_sided 1.000 power_two_sided 1.000 kurtosis 1.000 spec_cnn 1.000  (25s)
    JSR  +15.0 dB  BER 1.43e-01  P(det)@0.05 power_one_sided 1.000 power_two_sided 1.000 kurtosis 1.000 spec_cnn 1.000  (26s)
  [snr_30] pulsed_p0.1 confirmed: {"power_one_sided": {"0.01": {"index": 0, "sweep_ber": 0.0, "sweep_pdet": 0.017578125, "confirmed_ber": 0.0, "confirmed_ser": 0.0, "confirmed_pdet": 0.01123046875, "passed": true}, "0.05": {"index": 1, "sweep_ber": 0.0, "sweep_pdet": 0.064453125, "confirmed_ber": 0.0, "confirmed_ser": 0.0, "confirmed_pdet": 0.06640625, "passed": false}}, "power_two_sided": {"0.01": {"index": 0, "sweep_ber": 0.0, "sweep_pdet": 0.013671875, "confirmed_ber": 0.0, "confirmed_ser": 0.0, "confirmed_pdet": 0.0126953125, "passed": true}, "0.05": {"index": 1, "sweep_ber": 0.0, "sweep_pdet": 0.056640625, "confirmed_ber": 0.0, "confirmed_ser": 0.0, "confirmed_pdet": 0.058837890625, "passed": false}}, "kurtosis": {"0.01": {"index": 0, "sweep_ber": 0.0, "sweep_pdet": 0.013671875, "confirmed_ber": 0.0, "confirmed_ser": 0.0, "confirmed_pdet": 0.009033203125, "passed": true}, "0.05": {"index": 0, "sweep_ber": 0.0, "sweep_pdet": 0.048828125, "confirmed_ber": 0.0, "confirmed_ser": 0.0, "confirmed_pdet": 0.056396484375, "passed": true}}, "spec_cnn": {"0.01": {"index": 0, "sweep_ber": 0.0, "sweep_pdet": 0.01171875, "confirmed_ber": 0.0, "confirmed_ser": 0.0, "confirmed_pdet": 0.009765625, "passed": true}, "0.05": {"index": 0, "sweep_ber": 0.0, "sweep_pdet": 0.044921875, "confirmed_ber": 0.0, "confirmed_ser": 0.0, "confirmed_pdet": 0.05419921875, "passed": true}}}  (214s)
  [snr_30] classical omniscient_e0.1
    JSR  -50.0 dB  BER 0.00e+00  P(det)@0.05 power_one_sided 0.049 power_two_sided 0.031 kurtosis 0.051 spec_cnn 0.033  (0s)
    JSR  -49.0 dB  BER 0.00e+00  P(det)@0.05 power_one_sided 0.033 power_two_sided 0.062 kurtosis 0.066 spec_cnn 0.041  (1s)
    JSR  -48.0 dB  BER 0.00e+00  P(det)@0.05 power_one_sided 0.053 power_two_sided 0.047 kurtosis 0.053 spec_cnn 0.033  (1s)
    JSR  -47.0 dB  BER 0.00e+00  P(det)@0.05 power_one_sided 0.059 power_two_sided 0.051 kurtosis 0.049 spec_cnn 0.031  (2s)
    JSR  -46.0 dB  BER 0.00e+00  P(det)@0.05 power_one_sided 0.080 power_two_sided 0.074 kurtosis 0.043 spec_cnn 0.053  (2s)
    JSR  -45.0 dB  BER 0.00e+00  P(det)@0.05 power_one_sided 0.068 power_two_sided 0.053 kurtosis 0.047 spec_cnn 0.043  (2s)
    JSR  -44.0 dB  BER 0.00e+00  P(det)@0.05 power_one_sided 0.047 power_two_sided 0.061 kurtosis 0.061 spec_cnn 0.057  (3s)
    JSR  -43.0 dB  BER 0.00e+00  P(det)@0.05 power_one_sided 0.041 power_two_sided 0.051 kurtosis 0.062 spec_cnn 0.039  (3s)
    JSR  -42.0 dB  BER 0.00e+00  P(det)@0.05 power_one_sided 0.051 power_two_sided 0.039 kurtosis 0.049 spec_cnn 0.043  (4s)
    JSR  -41.0 dB  BER 0.00e+00  P(det)@0.05 power_one_sided 0.045 power_two_sided 0.053 kurtosis 0.047 spec_cnn 0.051  (4s)
    JSR  -40.0 dB  BER 0.00e+00  P(det)@0.05 power_one_sided 0.041 power_two_sided 0.051 kurtosis 0.051 spec_cnn 0.039  (4s)
    JSR  -39.0 dB  BER 0.00e+00  P(det)@0.05 power_one_sided 0.033 power_two_sided 0.059 kurtosis 0.041 spec_cnn 0.059  (5s)
    JSR  -38.0 dB  BER 0.00e+00  P(det)@0.05 power_one_sided 0.043 power_two_sided 0.037 kurtosis 0.033 spec_cnn 0.037  (5s)
    JSR  -37.0 dB  BER 0.00e+00  P(det)@0.05 power_one_sided 0.051 power_two_sided 0.043 kurtosis 0.055 spec_cnn 0.066  (6s)
    JSR  -36.0 dB  BER 0.00e+00  P(det)@0.05 power_one_sided 0.051 power_two_sided 0.066 kurtosis 0.062 spec_cnn 0.049  (6s)
    JSR  -35.0 dB  BER 0.00e+00  P(det)@0.05 power_one_sided 0.053 power_two_sided 0.055 kurtosis 0.047 spec_cnn 0.059  (6s)
    JSR  -34.0 dB  BER 0.00e+00  P(det)@0.05 power_one_sided 0.051 power_two_sided 0.049 kurtosis 0.043 spec_cnn 0.039  (7s)
    JSR  -33.0 dB  BER 0.00e+00  P(det)@0.05 power_one_sided 0.062 power_two_sided 0.055 kurtosis 0.062 spec_cnn 0.070  (7s)
    JSR  -32.0 dB  BER 0.00e+00  P(det)@0.05 power_one_sided 0.057 power_two_sided 0.053 kurtosis 0.059 spec_cnn 0.035  (8s)
    JSR  -31.0 dB  BER 0.00e+00  P(det)@0.05 power_one_sided 0.047 power_two_sided 0.057 kurtosis 0.059 spec_cnn 0.041  (8s)
    JSR  -30.0 dB  BER 0.00e+00  P(det)@0.05 power_one_sided 0.057 power_two_sided 0.068 kurtosis 0.053 spec_cnn 0.043  (9s)
    JSR  -29.0 dB  BER 0.00e+00  P(det)@0.05 power_one_sided 0.059 power_two_sided 0.053 kurtosis 0.061 spec_cnn 0.047  (9s)
    JSR  -28.0 dB  BER 0.00e+00  P(det)@0.05 power_one_sided 0.041 power_two_sided 0.037 kurtosis 0.043 spec_cnn 0.049  (9s)
    JSR  -27.0 dB  BER 0.00e+00  P(det)@0.05 power_one_sided 0.064 power_two_sided 0.061 kurtosis 0.043 spec_cnn 0.055  (10s)
    JSR  -26.0 dB  BER 0.00e+00  P(det)@0.05 power_one_sided 0.045 power_two_sided 0.049 kurtosis 0.061 spec_cnn 0.045  (10s)
    JSR  -25.0 dB  BER 0.00e+00  P(det)@0.05 power_one_sided 0.062 power_two_sided 0.049 kurtosis 0.061 spec_cnn 0.041  (11s)
    JSR  -24.0 dB  BER 0.00e+00  P(det)@0.05 power_one_sided 0.053 power_two_sided 0.033 kurtosis 0.043 spec_cnn 0.037  (11s)
    JSR  -23.0 dB  BER 0.00e+00  P(det)@0.05 power_one_sided 0.051 power_two_sided 0.043 kurtosis 0.043 spec_cnn 0.062  (11s)
    JSR  -22.0 dB  BER 0.00e+00  P(det)@0.05 power_one_sided 0.053 power_two_sided 0.041 kurtosis 0.051 spec_cnn 0.045  (12s)
    JSR  -21.0 dB  BER 0.00e+00  P(det)@0.05 power_one_sided 0.064 power_two_sided 0.057 kurtosis 0.059 spec_cnn 0.059  (12s)
    JSR  -20.0 dB  BER 7.81e-03  P(det)@0.05 power_one_sided 0.000 power_two_sided 1.000 kurtosis 0.055 spec_cnn 0.051  (12s)
    JSR  -19.0 dB  BER 7.81e-03  P(det)@0.05 power_one_sided 0.000 power_two_sided 1.000 kurtosis 0.053 spec_cnn 0.043  (13s)
    JSR  -18.0 dB  BER 7.81e-03  P(det)@0.05 power_one_sided 0.000 power_two_sided 1.000 kurtosis 0.059 spec_cnn 0.039  (13s)
    JSR  -17.0 dB  BER 1.56e-02  P(det)@0.05 power_one_sided 0.000 power_two_sided 1.000 kurtosis 0.104 spec_cnn 0.051  (14s)
    JSR  -16.0 dB  BER 1.56e-02  P(det)@0.05 power_one_sided 0.000 power_two_sided 1.000 kurtosis 0.098 spec_cnn 0.053  (14s)
    JSR  -15.0 dB  BER 2.34e-02  P(det)@0.05 power_one_sided 0.000 power_two_sided 1.000 kurtosis 0.168 spec_cnn 0.047  (15s)
    JSR  -14.0 dB  BER 3.12e-02  P(det)@0.05 power_one_sided 0.000 power_two_sided 1.000 kurtosis 0.242 spec_cnn 0.059  (15s)
    JSR  -13.0 dB  BER 3.91e-02  P(det)@0.05 power_one_sided 0.000 power_two_sided 1.000 kurtosis 0.369 spec_cnn 0.043  (15s)
    JSR  -12.0 dB  BER 4.69e-02  P(det)@0.05 power_one_sided 0.000 power_two_sided 1.000 kurtosis 0.488 spec_cnn 0.055  (16s)
    JSR  -11.0 dB  BER 6.25e-02  P(det)@0.05 power_one_sided 0.000 power_two_sided 1.000 kurtosis 0.725 spec_cnn 0.062  (16s)
    JSR  -10.0 dB  BER 7.81e-02  P(det)@0.05 power_one_sided 0.000 power_two_sided 1.000 kurtosis 0.898 spec_cnn 0.055  (17s)
    JSR   -9.0 dB  BER 1.02e-01  P(det)@0.05 power_one_sided 0.000 power_two_sided 1.000 kurtosis 0.988 spec_cnn 0.066  (17s)
    JSR   -8.0 dB  BER 1.25e-01  P(det)@0.05 power_one_sided 0.000 power_two_sided 1.000 kurtosis 1.000 spec_cnn 0.059  (17s)
    JSR   -7.0 dB  BER 1.64e-01  P(det)@0.05 power_one_sided 0.000 power_two_sided 1.000 kurtosis 1.000 spec_cnn 0.061  (18s)
    JSR   -6.0 dB  BER 2.03e-01  P(det)@0.05 power_one_sided 0.000 power_two_sided 1.000 kurtosis 1.000 spec_cnn 0.070  (18s)
    JSR   -5.0 dB  BER 2.58e-01  P(det)@0.05 power_one_sided 0.000 power_two_sided 1.000 kurtosis 1.000 spec_cnn 0.049  (19s)
    JSR   -4.0 dB  BER 3.28e-01  P(det)@0.05 power_one_sided 0.000 power_two_sided 1.000 kurtosis 1.000 spec_cnn 0.047  (19s)
    JSR   -3.0 dB  BER 4.14e-01  P(det)@0.05 power_one_sided 0.000 power_two_sided 1.000 kurtosis 1.000 spec_cnn 0.053  (19s)
    JSR   -2.0 dB  BER 5.16e-01  P(det)@0.05 power_one_sided 0.000 power_two_sided 1.000 kurtosis 1.000 spec_cnn 0.047  (20s)
    JSR   -1.0 dB  BER 6.56e-01  P(det)@0.05 power_one_sided 0.000 power_two_sided 1.000 kurtosis 1.000 spec_cnn 0.041  (20s)
    JSR   +0.0 dB  BER 8.20e-01  P(det)@0.05 power_one_sided 0.000 power_two_sided 1.000 kurtosis 1.000 spec_cnn 0.002  (21s)
    JSR   +1.0 dB  BER 1.00e+00  P(det)@0.05 power_one_sided 0.000 power_two_sided 1.000 kurtosis 0.986 spec_cnn 0.000  (21s)
    JSR   +2.0 dB  BER 1.00e+00  P(det)@0.05 power_one_sided 0.000 power_two_sided 1.000 kurtosis 0.988 spec_cnn 0.000  (21s)
    JSR   +3.0 dB  BER 1.00e+00  P(det)@0.05 power_one_sided 0.000 power_two_sided 1.000 kurtosis 0.992 spec_cnn 0.000  (22s)
    JSR   +4.0 dB  BER 1.00e+00  P(det)@0.05 power_one_sided 0.000 power_two_sided 1.000 kurtosis 0.982 spec_cnn 0.000  (22s)
    JSR   +5.0 dB  BER 1.00e+00  P(det)@0.05 power_one_sided 0.000 power_two_sided 1.000 kurtosis 0.975 spec_cnn 0.000  (23s)
    JSR   +6.0 dB  BER 1.00e+00  P(det)@0.05 power_one_sided 0.000 power_two_sided 1.000 kurtosis 0.988 spec_cnn 0.000  (23s)
    JSR   +7.0 dB  BER 1.00e+00  P(det)@0.05 power_one_sided 0.000 power_two_sided 1.000 kurtosis 0.988 spec_cnn 0.000  (23s)
    JSR   +8.0 dB  BER 1.00e+00  P(det)@0.05 power_one_sided 0.000 power_two_sided 1.000 kurtosis 0.980 spec_cnn 0.000  (24s)
    JSR   +9.0 dB  BER 1.00e+00  P(det)@0.05 power_one_sided 0.000 power_two_sided 1.000 kurtosis 0.986 spec_cnn 0.000  (24s)
    JSR  +10.0 dB  BER 1.00e+00  P(det)@0.05 power_one_sided 0.000 power_two_sided 1.000 kurtosis 0.977 spec_cnn 0.000  (25s)
    JSR  +11.0 dB  BER 1.00e+00  P(det)@0.05 power_one_sided 0.000 power_two_sided 1.000 kurtosis 0.986 spec_cnn 0.000  (25s)
    JSR  +12.0 dB  BER 1.00e+00  P(det)@0.05 power_one_sided 0.000 power_two_sided 1.000 kurtosis 0.988 spec_cnn 0.000  (25s)
    JSR  +13.0 dB  BER 1.00e+00  P(det)@0.05 power_one_sided 0.000 power_two_sided 1.000 kurtosis 0.986 spec_cnn 0.000  (26s)
    JSR  +14.0 dB  BER 1.00e+00  P(det)@0.05 power_one_sided 0.000 power_two_sided 1.000 kurtosis 0.988 spec_cnn 0.000  (26s)
    JSR  +15.0 dB  BER 1.00e+00  P(det)@0.05 power_one_sided 0.000 power_two_sided 1.000 kurtosis 0.984 spec_cnn 0.000  (27s)
  [snr_30] omniscient_e0.1 confirmed: {"power_one_sided": {"0.01": {"index": 51, "sweep_ber": 1.0, "sweep_pdet": 0.0, "confirmed_ber": 1.0, "confirmed_ser": 1.0, "confirmed_pdet": 0.0, "passed": true}, "0.05": {"index": 51, "sweep_ber": 1.0, "sweep_pdet": 0.0, "confirmed_ber": 1.0, "confirmed_ser": 1.0, "confirmed_pdet": 0.0, "passed": true}}, "power_two_sided": {"0.01": {"index": 0, "sweep_ber": 0.0, "sweep_pdet": 0.0078125, "confirmed_ber": 0.0, "confirmed_ser": 0.0, "confirmed_pdet": 0.008056640625, "passed": true}, "0.05": {"index": 0, "sweep_ber": 0.0, "sweep_pdet": 0.03125, "confirmed_ber": 0.0, "confirmed_ser": 0.0, "confirmed_pdet": 0.04931640625, "passed": true}}, "kurtosis": {"0.01": {"index": 31, "sweep_ber": 0.0078125, "sweep_pdet": 0.015625, "confirmed_ber": 0.0078125, "confirmed_ser": 0.0078125, "confirmed_pdet": 0.016845703125, "passed": false}, "0.05": {"index": 30, "sweep_ber": 0.0078125, "sweep_pdet": 0.0546875, "confirmed_ber": 0.0078125, "confirmed_ser": 0.0078125, "confirmed_pdet": 0.061279296875, "passed": false}}, "spec_cnn": {"0.01": {"index": 51, "sweep_ber": 1.0, "sweep_pdet": 0.0, "confirmed_ber": 1.0, "confirmed_ser": 1.0, "confirmed_pdet": 0.0, "passed": true}, "0.05": {"index": 51, "sweep_ber": 1.0, "sweep_pdet": 0.0, "confirmed_ber": 1.0, "confirmed_ser": 1.0, "confirmed_pdet": 0.0, "passed": true}}}  (267s)
  [snr_30] classical omniscient_e1
    JSR  -50.0 dB  BER 0.00e+00  P(det)@0.05 power_one_sided 0.055 power_two_sided 0.055 kurtosis 0.047 spec_cnn 0.051  (0s)
    JSR  -49.0 dB  BER 0.00e+00  P(det)@0.05 power_one_sided 0.051 power_two_sided 0.059 kurtosis 0.037 spec_cnn 0.055  (1s)
    JSR  -48.0 dB  BER 0.00e+00  P(det)@0.05 power_one_sided 0.055 power_two_sided 0.066 kurtosis 0.051 spec_cnn 0.053  (1s)
    JSR  -47.0 dB  BER 0.00e+00  P(det)@0.05 power_one_sided 0.064 power_two_sided 0.070 kurtosis 0.055 spec_cnn 0.049  (2s)
    JSR  -46.0 dB  BER 0.00e+00  P(det)@0.05 power_one_sided 0.055 power_two_sided 0.049 kurtosis 0.057 spec_cnn 0.043  (2s)
    JSR  -45.0 dB  BER 0.00e+00  P(det)@0.05 power_one_sided 0.049 power_two_sided 0.049 kurtosis 0.059 spec_cnn 0.043  (2s)
    JSR  -44.0 dB  BER 0.00e+00  P(det)@0.05 power_one_sided 0.039 power_two_sided 0.029 kurtosis 0.039 spec_cnn 0.031  (3s)
    JSR  -43.0 dB  BER 0.00e+00  P(det)@0.05 power_one_sided 0.049 power_two_sided 0.047 kurtosis 0.045 spec_cnn 0.047  (3s)
    JSR  -42.0 dB  BER 0.00e+00  P(det)@0.05 power_one_sided 0.033 power_two_sided 0.057 kurtosis 0.055 spec_cnn 0.057  (4s)
    JSR  -41.0 dB  BER 0.00e+00  P(det)@0.05 power_one_sided 0.059 power_two_sided 0.045 kurtosis 0.045 spec_cnn 0.055  (4s)
    JSR  -40.0 dB  BER 0.00e+00  P(det)@0.05 power_one_sided 0.055 power_two_sided 0.035 kurtosis 0.061 spec_cnn 0.053  (4s)
    JSR  -39.0 dB  BER 0.00e+00  P(det)@0.05 power_one_sided 0.043 power_two_sided 0.055 kurtosis 0.053 spec_cnn 0.023  (5s)
    JSR  -38.0 dB  BER 0.00e+00  P(det)@0.05 power_one_sided 0.057 power_two_sided 0.051 kurtosis 0.055 spec_cnn 0.055  (5s)
    JSR  -37.0 dB  BER 0.00e+00  P(det)@0.05 power_one_sided 0.066 power_two_sided 0.057 kurtosis 0.053 spec_cnn 0.039  (6s)
    JSR  -36.0 dB  BER 0.00e+00  P(det)@0.05 power_one_sided 0.051 power_two_sided 0.037 kurtosis 0.053 spec_cnn 0.041  (6s)
    JSR  -35.0 dB  BER 0.00e+00  P(det)@0.05 power_one_sided 0.055 power_two_sided 0.051 kurtosis 0.051 spec_cnn 0.041  (6s)
    JSR  -34.0 dB  BER 0.00e+00  P(det)@0.05 power_one_sided 0.039 power_two_sided 0.033 kurtosis 0.045 spec_cnn 0.053  (7s)
    JSR  -33.0 dB  BER 0.00e+00  P(det)@0.05 power_one_sided 0.041 power_two_sided 0.055 kurtosis 0.049 spec_cnn 0.045  (7s)
    JSR  -32.0 dB  BER 0.00e+00  P(det)@0.05 power_one_sided 0.062 power_two_sided 0.057 kurtosis 0.045 spec_cnn 0.045  (8s)
    JSR  -31.0 dB  BER 0.00e+00  P(det)@0.05 power_one_sided 0.055 power_two_sided 0.055 kurtosis 0.062 spec_cnn 0.043  (8s)
    JSR  -30.0 dB  BER 0.00e+00  P(det)@0.05 power_one_sided 0.051 power_two_sided 0.066 kurtosis 0.047 spec_cnn 0.041  (8s)
    JSR  -29.0 dB  BER 0.00e+00  P(det)@0.05 power_one_sided 0.059 power_two_sided 0.035 kurtosis 0.062 spec_cnn 0.039  (9s)
    JSR  -28.0 dB  BER 0.00e+00  P(det)@0.05 power_one_sided 0.049 power_two_sided 0.059 kurtosis 0.045 spec_cnn 0.059  (9s)
    JSR  -27.0 dB  BER 0.00e+00  P(det)@0.05 power_one_sided 0.039 power_two_sided 0.055 kurtosis 0.045 spec_cnn 0.051  (10s)
    JSR  -26.0 dB  BER 0.00e+00  P(det)@0.05 power_one_sided 0.061 power_two_sided 0.057 kurtosis 0.055 spec_cnn 0.041  (10s)
    JSR  -25.0 dB  BER 0.00e+00  P(det)@0.05 power_one_sided 0.051 power_two_sided 0.047 kurtosis 0.041 spec_cnn 0.043  (11s)
    JSR  -24.0 dB  BER 0.00e+00  P(det)@0.05 power_one_sided 0.045 power_two_sided 0.037 kurtosis 0.041 spec_cnn 0.039  (11s)
    JSR  -23.0 dB  BER 0.00e+00  P(det)@0.05 power_one_sided 0.045 power_two_sided 0.053 kurtosis 0.045 spec_cnn 0.047  (11s)
    JSR  -22.0 dB  BER 0.00e+00  P(det)@0.05 power_one_sided 0.053 power_two_sided 0.045 kurtosis 0.055 spec_cnn 0.059  (12s)
    JSR  -21.0 dB  BER 0.00e+00  P(det)@0.05 power_one_sided 0.043 power_two_sided 0.045 kurtosis 0.043 spec_cnn 0.041  (12s)
    JSR  -20.0 dB  BER 0.00e+00  P(det)@0.05 power_one_sided 0.041 power_two_sided 0.055 kurtosis 0.047 spec_cnn 0.055  (13s)
    JSR  -19.0 dB  BER 0.00e+00  P(det)@0.05 power_one_sided 0.053 power_two_sided 0.059 kurtosis 0.062 spec_cnn 0.037  (13s)
    JSR  -18.0 dB  BER 0.00e+00  P(det)@0.05 power_one_sided 0.041 power_two_sided 0.041 kurtosis 0.043 spec_cnn 0.057  (13s)
    JSR  -17.0 dB  BER 0.00e+00  P(det)@0.05 power_one_sided 0.059 power_two_sided 0.051 kurtosis 0.039 spec_cnn 0.041  (14s)
    JSR  -16.0 dB  BER 0.00e+00  P(det)@0.05 power_one_sided 0.045 power_two_sided 0.045 kurtosis 0.068 spec_cnn 0.053  (14s)
    JSR  -15.0 dB  BER 7.81e-03  P(det)@0.05 power_one_sided 0.057 power_two_sided 0.055 kurtosis 0.047 spec_cnn 0.049  (15s)
    JSR  -14.0 dB  BER 7.81e-03  P(det)@0.05 power_one_sided 0.061 power_two_sided 0.047 kurtosis 0.037 spec_cnn 0.041  (15s)
    JSR  -13.0 dB  BER 7.81e-03  P(det)@0.05 power_one_sided 0.066 power_two_sided 0.061 kurtosis 0.043 spec_cnn 0.053  (15s)
    JSR  -12.0 dB  BER 1.56e-02  P(det)@0.05 power_one_sided 0.045 power_two_sided 0.043 kurtosis 0.043 spec_cnn 0.061  (16s)
    JSR  -11.0 dB  BER 1.56e-02  P(det)@0.05 power_one_sided 0.055 power_two_sided 0.049 kurtosis 0.037 spec_cnn 0.041  (16s)
    JSR  -10.0 dB  BER 2.34e-02  P(det)@0.05 power_one_sided 0.053 power_two_sided 0.051 kurtosis 0.066 spec_cnn 0.053  (17s)
    JSR   -9.0 dB  BER 3.12e-02  P(det)@0.05 power_one_sided 0.025 power_two_sided 0.037 kurtosis 0.043 spec_cnn 0.064  (17s)
    JSR   -8.0 dB  BER 3.91e-02  P(det)@0.05 power_one_sided 0.051 power_two_sided 0.061 kurtosis 0.053 spec_cnn 0.055  (17s)
    JSR   -7.0 dB  BER 4.69e-02  P(det)@0.05 power_one_sided 0.047 power_two_sided 0.037 kurtosis 0.041 spec_cnn 0.066  (18s)
    JSR   -6.0 dB  BER 6.25e-02  P(det)@0.05 power_one_sided 0.059 power_two_sided 0.064 kurtosis 0.088 spec_cnn 0.043  (18s)
    JSR   -5.0 dB  BER 7.81e-02  P(det)@0.05 power_one_sided 0.039 power_two_sided 0.035 kurtosis 0.039 spec_cnn 0.066  (19s)
    JSR   -4.0 dB  BER 9.38e-02  P(det)@0.05 power_one_sided 0.049 power_two_sided 0.049 kurtosis 0.055 spec_cnn 0.037  (19s)
    JSR   -3.0 dB  BER 1.25e-01  P(det)@0.05 power_one_sided 0.062 power_two_sided 0.062 kurtosis 0.043 spec_cnn 0.047  (19s)
    JSR   -2.0 dB  BER 1.56e-01  P(det)@0.05 power_one_sided 0.047 power_two_sided 0.039 kurtosis 0.045 spec_cnn 0.043  (20s)
    JSR   -1.0 dB  BER 1.95e-01  P(det)@0.05 power_one_sided 0.041 power_two_sided 0.029 kurtosis 0.039 spec_cnn 0.055  (20s)
    JSR   +0.0 dB  BER 2.50e-01  P(det)@0.05 power_one_sided 0.055 power_two_sided 0.049 kurtosis 0.057 spec_cnn 0.061  (21s)
    JSR   +1.0 dB  BER 3.12e-01  P(det)@0.05 power_one_sided 0.057 power_two_sided 0.039 kurtosis 0.051 spec_cnn 0.066  (21s)
    JSR   +2.0 dB  BER 3.91e-01  P(det)@0.05 power_one_sided 0.031 power_two_sided 0.031 kurtosis 0.041 spec_cnn 0.055  (21s)
    JSR   +3.0 dB  BER 4.92e-01  P(det)@0.05 power_one_sided 0.059 power_two_sided 0.049 kurtosis 0.037 spec_cnn 0.047  (22s)
    JSR   +4.0 dB  BER 6.25e-01  P(det)@0.05 power_one_sided 0.039 power_two_sided 0.055 kurtosis 0.043 spec_cnn 0.037  (22s)
    JSR   +5.0 dB  BER 7.89e-01  P(det)@0.05 power_one_sided 0.043 power_two_sided 0.045 kurtosis 0.047 spec_cnn 0.059  (23s)
    JSR   +6.0 dB  BER 9.92e-01  P(det)@0.05 power_one_sided 0.064 power_two_sided 0.053 kurtosis 0.059 spec_cnn 0.049  (23s)
    JSR   +7.0 dB  BER 1.00e+00  P(det)@0.05 power_one_sided 0.047 power_two_sided 0.043 kurtosis 0.045 spec_cnn 0.068  (24s)
    JSR   +8.0 dB  BER 1.00e+00  P(det)@0.05 power_one_sided 0.055 power_two_sided 0.062 kurtosis 0.057 spec_cnn 0.064  (24s)
    JSR   +9.0 dB  BER 1.00e+00  P(det)@0.05 power_one_sided 0.053 power_two_sided 0.041 kurtosis 0.055 spec_cnn 0.057  (24s)
    JSR  +10.0 dB  BER 1.00e+00  P(det)@0.05 power_one_sided 0.051 power_two_sided 0.057 kurtosis 0.045 spec_cnn 0.043  (25s)
    JSR  +11.0 dB  BER 1.00e+00  P(det)@0.05 power_one_sided 0.070 power_two_sided 0.053 kurtosis 0.043 spec_cnn 0.051  (25s)
    JSR  +12.0 dB  BER 1.00e+00  P(det)@0.05 power_one_sided 0.031 power_two_sided 0.027 kurtosis 0.045 spec_cnn 0.061  (26s)
    JSR  +13.0 dB  BER 1.00e+00  P(det)@0.05 power_one_sided 0.051 power_two_sided 0.045 kurtosis 0.055 spec_cnn 0.045  (26s)
    JSR  +14.0 dB  BER 1.00e+00  P(det)@0.05 power_one_sided 0.033 power_two_sided 0.057 kurtosis 0.043 spec_cnn 0.047  (26s)
    JSR  +15.0 dB  BER 1.00e+00  P(det)@0.05 power_one_sided 0.049 power_two_sided 0.053 kurtosis 0.047 spec_cnn 0.061  (27s)
  [snr_30] omniscient_e1 confirmed: {"power_one_sided": {"0.01": {"index": 57, "sweep_ber": 1.0, "sweep_pdet": 0.013671875, "confirmed_ber": 1.0, "confirmed_ser": 1.0, "confirmed_pdet": 0.01025390625, "passed": true}, "0.05": {"index": 57, "sweep_ber": 1.0, "sweep_pdet": 0.046875, "confirmed_ber": 1.0, "confirmed_ser": 1.0, "confirmed_pdet": 0.055908203125, "passed": true}}, "power_two_sided": {"0.01": {"index": 57, "sweep_ber": 1.0, "sweep_pdet": 0.015625, "confirmed_ber": 1.0, "confirmed_ser": 1.0, "confirmed_pdet": 0.010498046875, "passed": true}, "0.05": {"index": 57, "sweep_ber": 1.0, "sweep_pdet": 0.04296875, "confirmed_ber": 1.0, "confirmed_ser": 1.0, "confirmed_pdet": 0.04931640625, "passed": true}}, "kurtosis": {"0.01": {"index": 57, "sweep_ber": 1.0, "sweep_pdet": 0.005859375, "confirmed_ber": 1.0, "confirmed_ser": 1.0, "confirmed_pdet": 0.009033203125, "passed": true}, "0.05": {"index": 57, "sweep_ber": 1.0, "sweep_pdet": 0.044921875, "confirmed_ber": 1.0, "confirmed_ser": 1.0, "confirmed_pdet": 0.052490234375, "passed": true}}, "spec_cnn": {"0.01": {"index": 57, "sweep_ber": 1.0, "sweep_pdet": 0.00390625, "confirmed_ber": 1.0, "confirmed_ser": 1.0, "confirmed_pdet": 0.0107421875, "passed": true}, "0.05": {"index": 57, "sweep_ber": 1.0, "sweep_pdet": 0.068359375, "confirmed_ber": 1.0, "confirmed_ser": 1.0, "confirmed_pdet": 0.044921875, "passed": true}}}  (319s)
  [snr_30] generator plain_run001 (scale 0.4022)
    JSR  -50.0 dB  BER 0.00e+00  P(det)@0.05 power_one_sided 0.062 power_two_sided 0.057 kurtosis 0.051 spec_cnn 0.049  (0s)
    JSR  -49.0 dB  BER 0.00e+00  P(det)@0.05 power_one_sided 0.064 power_two_sided 0.055 kurtosis 0.043 spec_cnn 0.055  (1s)
    JSR  -48.0 dB  BER 0.00e+00  P(det)@0.05 power_one_sided 0.084 power_two_sided 0.086 kurtosis 0.045 spec_cnn 0.041  (1s)
    JSR  -47.0 dB  BER 0.00e+00  P(det)@0.05 power_one_sided 0.061 power_two_sided 0.055 kurtosis 0.049 spec_cnn 0.057  (2s)
    JSR  -46.0 dB  BER 0.00e+00  P(det)@0.05 power_one_sided 0.061 power_two_sided 0.062 kurtosis 0.059 spec_cnn 0.051  (2s)
    JSR  -45.0 dB  BER 0.00e+00  P(det)@0.05 power_one_sided 0.070 power_two_sided 0.080 kurtosis 0.064 spec_cnn 0.062  (3s)
    JSR  -44.0 dB  BER 0.00e+00  P(det)@0.05 power_one_sided 0.088 power_two_sided 0.090 kurtosis 0.049 spec_cnn 0.062  (3s)
    JSR  -43.0 dB  BER 0.00e+00  P(det)@0.05 power_one_sided 0.080 power_two_sided 0.098 kurtosis 0.051 spec_cnn 0.057  (3s)
    JSR  -42.0 dB  BER 0.00e+00  P(det)@0.05 power_one_sided 0.090 power_two_sided 0.102 kurtosis 0.049 spec_cnn 0.082  (4s)
    JSR  -41.0 dB  BER 0.00e+00  P(det)@0.05 power_one_sided 0.094 power_two_sided 0.102 kurtosis 0.062 spec_cnn 0.062  (4s)
    JSR  -40.0 dB  BER 0.00e+00  P(det)@0.05 power_one_sided 0.088 power_two_sided 0.100 kurtosis 0.051 spec_cnn 0.088  (5s)
    JSR  -39.0 dB  BER 0.00e+00  P(det)@0.05 power_one_sided 0.154 power_two_sided 0.178 kurtosis 0.033 spec_cnn 0.094  (5s)
    JSR  -38.0 dB  BER 0.00e+00  P(det)@0.05 power_one_sided 0.156 power_two_sided 0.180 kurtosis 0.057 spec_cnn 0.096  (5s)
    JSR  -37.0 dB  BER 0.00e+00  P(det)@0.05 power_one_sided 0.150 power_two_sided 0.174 kurtosis 0.057 spec_cnn 0.104  (6s)
    JSR  -36.0 dB  BER 0.00e+00  P(det)@0.05 power_one_sided 0.217 power_two_sided 0.254 kurtosis 0.068 spec_cnn 0.121  (6s)
    JSR  -35.0 dB  BER 0.00e+00  P(det)@0.05 power_one_sided 0.209 power_two_sided 0.256 kurtosis 0.061 spec_cnn 0.158  (7s)
    JSR  -34.0 dB  BER 0.00e+00  P(det)@0.05 power_one_sided 0.277 power_two_sided 0.350 kurtosis 0.049 spec_cnn 0.205  (7s)
    JSR  -33.0 dB  BER 0.00e+00  P(det)@0.05 power_one_sided 0.268 power_two_sided 0.385 kurtosis 0.051 spec_cnn 0.248  (8s)
    JSR  -32.0 dB  BER 0.00e+00  P(det)@0.05 power_one_sided 0.334 power_two_sided 0.428 kurtosis 0.045 spec_cnn 0.363  (8s)
    JSR  -31.0 dB  BER 0.00e+00  P(det)@0.05 power_one_sided 0.359 power_two_sided 0.453 kurtosis 0.045 spec_cnn 0.385  (8s)
    JSR  -30.0 dB  BER 0.00e+00  P(det)@0.05 power_one_sided 0.387 power_two_sided 0.488 kurtosis 0.039 spec_cnn 0.506  (9s)
    JSR  -29.0 dB  BER 0.00e+00  P(det)@0.05 power_one_sided 0.441 power_two_sided 0.572 kurtosis 0.047 spec_cnn 0.602  (9s)
    JSR  -28.0 dB  BER 0.00e+00  P(det)@0.05 power_one_sided 0.445 power_two_sided 0.588 kurtosis 0.059 spec_cnn 0.672  (10s)
    JSR  -27.0 dB  BER 0.00e+00  P(det)@0.05 power_one_sided 0.512 power_two_sided 0.664 kurtosis 0.045 spec_cnn 0.781  (10s)
    JSR  -26.0 dB  BER 0.00e+00  P(det)@0.05 power_one_sided 0.551 power_two_sided 0.689 kurtosis 0.057 spec_cnn 0.828  (11s)
    JSR  -25.0 dB  BER 0.00e+00  P(det)@0.05 power_one_sided 0.627 power_two_sided 0.736 kurtosis 0.072 spec_cnn 0.922  (11s)
    JSR  -24.0 dB  BER 0.00e+00  P(det)@0.05 power_one_sided 0.631 power_two_sided 0.764 kurtosis 0.043 spec_cnn 0.938  (11s)
    JSR  -23.0 dB  BER 0.00e+00  P(det)@0.05 power_one_sided 0.684 power_two_sided 0.818 kurtosis 0.053 spec_cnn 0.965  (12s)
    JSR  -22.0 dB  BER 0.00e+00  P(det)@0.05 power_one_sided 0.730 power_two_sided 0.832 kurtosis 0.053 spec_cnn 0.977  (12s)
    JSR  -21.0 dB  BER 0.00e+00  P(det)@0.05 power_one_sided 0.760 power_two_sided 0.867 kurtosis 0.066 spec_cnn 0.994  (13s)
    JSR  -20.0 dB  BER 0.00e+00  P(det)@0.05 power_one_sided 0.811 power_two_sided 0.906 kurtosis 0.084 spec_cnn 0.990  (13s)
    JSR  -19.0 dB  BER 0.00e+00  P(det)@0.05 power_one_sided 0.861 power_two_sided 0.936 kurtosis 0.098 spec_cnn 0.998  (14s)
    JSR  -18.0 dB  BER 0.00e+00  P(det)@0.05 power_one_sided 0.879 power_two_sided 0.930 kurtosis 0.131 spec_cnn 0.998  (14s)
    JSR  -17.0 dB  BER 0.00e+00  P(det)@0.05 power_one_sided 0.930 power_two_sided 0.965 kurtosis 0.170 spec_cnn 1.000  (14s)
    JSR  -16.0 dB  BER 0.00e+00  P(det)@0.05 power_one_sided 0.941 power_two_sided 0.967 kurtosis 0.252 spec_cnn 0.998  (15s)
    JSR  -15.0 dB  BER 0.00e+00  P(det)@0.05 power_one_sided 0.957 power_two_sided 0.980 kurtosis 0.268 spec_cnn 0.998  (15s)
    JSR  -14.0 dB  BER 0.00e+00  P(det)@0.05 power_one_sided 0.979 power_two_sided 0.994 kurtosis 0.381 spec_cnn 1.000  (16s)
    JSR  -13.0 dB  BER 0.00e+00  P(det)@0.05 power_one_sided 0.994 power_two_sided 0.998 kurtosis 0.521 spec_cnn 1.000  (16s)
    JSR  -12.0 dB  BER 0.00e+00  P(det)@0.05 power_one_sided 0.996 power_two_sided 0.998 kurtosis 0.689 spec_cnn 1.000  (17s)
    JSR  -11.0 dB  BER 0.00e+00  P(det)@0.05 power_one_sided 0.998 power_two_sided 1.000 kurtosis 0.850 spec_cnn 1.000  (17s)
    JSR  -10.0 dB  BER 2.29e-05  P(det)@0.05 power_one_sided 0.998 power_two_sided 0.998 kurtosis 0.924 spec_cnn 1.000  (17s)
    JSR   -9.0 dB  BER 7.63e-05  P(det)@0.05 power_one_sided 1.000 power_two_sided 1.000 kurtosis 0.977 spec_cnn 1.000  (18s)
    JSR   -8.0 dB  BER 4.81e-04  P(det)@0.05 power_one_sided 1.000 power_two_sided 1.000 kurtosis 0.992 spec_cnn 1.000  (18s)
    JSR   -7.0 dB  BER 1.87e-03  P(det)@0.05 power_one_sided 1.000 power_two_sided 1.000 kurtosis 0.994 spec_cnn 1.000  (19s)
    JSR   -6.0 dB  BER 5.29e-03  P(det)@0.05 power_one_sided 1.000 power_two_sided 1.000 kurtosis 1.000 spec_cnn 1.000  (19s)
    JSR   -5.0 dB  BER 1.45e-02  P(det)@0.05 power_one_sided 1.000 power_two_sided 1.000 kurtosis 1.000 spec_cnn 1.000  (20s)
    JSR   -4.0 dB  BER 3.15e-02  P(det)@0.05 power_one_sided 1.000 power_two_sided 1.000 kurtosis 1.000 spec_cnn 1.000  (20s)
    JSR   -3.0 dB  BER 5.78e-02  P(det)@0.05 power_one_sided 1.000 power_two_sided 1.000 kurtosis 1.000 spec_cnn 1.000  (20s)
    JSR   -2.0 dB  BER 9.11e-02  P(det)@0.05 power_one_sided 1.000 power_two_sided 1.000 kurtosis 1.000 spec_cnn 1.000  (21s)
    JSR   -1.0 dB  BER 1.26e-01  P(det)@0.05 power_one_sided 1.000 power_two_sided 1.000 kurtosis 1.000 spec_cnn 1.000  (21s)
    JSR   +0.0 dB  BER 1.60e-01  P(det)@0.05 power_one_sided 1.000 power_two_sided 1.000 kurtosis 1.000 spec_cnn 1.000  (22s)
    JSR   +1.0 dB  BER 1.95e-01  P(det)@0.05 power_one_sided 1.000 power_two_sided 1.000 kurtosis 1.000 spec_cnn 1.000  (22s)
    JSR   +2.0 dB  BER 2.22e-01  P(det)@0.05 power_one_sided 1.000 power_two_sided 1.000 kurtosis 1.000 spec_cnn 1.000  (22s)
    JSR   +3.0 dB  BER 2.52e-01  P(det)@0.05 power_one_sided 1.000 power_two_sided 1.000 kurtosis 0.998 spec_cnn 1.000  (23s)
    JSR   +4.0 dB  BER 2.73e-01  P(det)@0.05 power_one_sided 1.000 power_two_sided 1.000 kurtosis 0.994 spec_cnn 1.000  (23s)
    JSR   +5.0 dB  BER 2.98e-01  P(det)@0.05 power_one_sided 1.000 power_two_sided 1.000 kurtosis 0.992 spec_cnn 1.000  (24s)
    JSR   +6.0 dB  BER 3.20e-01  P(det)@0.05 power_one_sided 1.000 power_two_sided 1.000 kurtosis 0.977 spec_cnn 1.000  (24s)
    JSR   +7.0 dB  BER 3.39e-01  P(det)@0.05 power_one_sided 1.000 power_two_sided 1.000 kurtosis 0.932 spec_cnn 1.000  (24s)
    JSR   +8.0 dB  BER 3.50e-01  P(det)@0.05 power_one_sided 1.000 power_two_sided 1.000 kurtosis 0.910 spec_cnn 1.000  (25s)
    JSR   +9.0 dB  BER 3.68e-01  P(det)@0.05 power_one_sided 1.000 power_two_sided 1.000 kurtosis 0.807 spec_cnn 1.000  (25s)
    JSR  +10.0 dB  BER 3.79e-01  P(det)@0.05 power_one_sided 1.000 power_two_sided 1.000 kurtosis 0.730 spec_cnn 1.000  (26s)
    JSR  +11.0 dB  BER 3.96e-01  P(det)@0.05 power_one_sided 1.000 power_two_sided 1.000 kurtosis 0.740 spec_cnn 1.000  (26s)
    JSR  +12.0 dB  BER 4.05e-01  P(det)@0.05 power_one_sided 1.000 power_two_sided 1.000 kurtosis 0.676 spec_cnn 1.000  (27s)
    JSR  +13.0 dB  BER 4.16e-01  P(det)@0.05 power_one_sided 1.000 power_two_sided 1.000 kurtosis 0.619 spec_cnn 1.000  (27s)
    JSR  +14.0 dB  BER 4.27e-01  P(det)@0.05 power_one_sided 1.000 power_two_sided 1.000 kurtosis 0.635 spec_cnn 1.000  (28s)
    JSR  +15.0 dB  BER 4.28e-01  P(det)@0.05 power_one_sided 1.000 power_two_sided 1.000 kurtosis 0.627 spec_cnn 1.000  (28s)
  [snr_30] plain_run001 confirmed: {"power_one_sided": {"0.01": {"index": 0, "sweep_ber": 0.0, "sweep_pdet": 0.015625, "confirmed_ber": 0.0, "confirmed_ser": 0.0, "confirmed_pdet": 0.010986328125, "passed": true}, "0.05": {"index": 0, "sweep_ber": 0.0, "sweep_pdet": 0.0625, "confirmed_ber": 0.0, "confirmed_ser": 0.0, "confirmed_pdet": 0.05859375, "passed": false}}, "power_two_sided": {"0.01": {"index": 0, "sweep_ber": 0.0, "sweep_pdet": 0.013671875, "confirmed_ber": 0.0, "confirmed_ser": 0.0, "confirmed_pdet": 0.009521484375, "passed": true}, "0.05": {"index": 0, "sweep_ber": 0.0, "sweep_pdet": 0.056640625, "confirmed_ber": 0.0, "confirmed_ser": 0.0, "confirmed_pdet": 0.057861328125, "passed": false}}, "kurtosis": {"0.01": {"index": 0, "sweep_ber": 0.0, "sweep_pdet": 0.009765625, "confirmed_ber": 0.0, "confirmed_ser": 0.0, "confirmed_pdet": 0.010009765625, "passed": true}, "0.05": {"index": 0, "sweep_ber": 0.0, "sweep_pdet": 0.05078125, "confirmed_ber": 0.0, "confirmed_ser": 0.0, "confirmed_pdet": 0.04638671875, "passed": true}}, "spec_cnn": {"0.01": {"index": 0, "sweep_ber": 0.0, "sweep_pdet": 0.009765625, "confirmed_ber": 0.0, "confirmed_ser": 0.0, "confirmed_pdet": 0.00927734375, "passed": true}, "0.05": {"index": 0, "sweep_ber": 0.0, "sweep_pdet": 0.048828125, "confirmed_ber": 0.0, "confirmed_ser": 0.0, "confirmed_pdet": 0.057373046875, "passed": false}}}  (374s)
  [snr_30] generator eff (scale 1.0000)
  JSR  -50.0 dB  BER 0.00e+00  P(det)@0.05 power_one_sided 0.057 power_two_sided 0.053 kurtosis 0.043 spec_cnn 0.037  (0s)
  JSR  -49.0 dB  BER 0.00e+00  P(det)@0.05 power_one_sided 0.059 power_two_sided 0.068 kurtosis 0.045 spec_cnn 0.053  (1s)
  JSR  -48.0 dB  BER 0.00e+00  P(det)@0.05 power_one_sided 0.068 power_two_sided 0.076 kurtosis 0.045 spec_cnn 0.039  (1s)
  JSR  -47.0 dB  BER 0.00e+00  P(det)@0.05 power_one_sided 0.066 power_two_sided 0.062 kurtosis 0.039 spec_cnn 0.064  (2s)
  JSR  -46.0 dB  BER 0.00e+00  P(det)@0.05 power_one_sided 0.068 power_two_sided 0.066 kurtosis 0.053 spec_cnn 0.039  (2s)
  JSR  -45.0 dB  BER 0.00e+00  P(det)@0.05 power_one_sided 0.066 power_two_sided 0.080 kurtosis 0.053 spec_cnn 0.047  (3s)
  JSR  -44.0 dB  BER 0.00e+00  P(det)@0.05 power_one_sided 0.061 power_two_sided 0.068 kurtosis 0.062 spec_cnn 0.061  (3s)
  JSR  -43.0 dB  BER 0.00e+00  P(det)@0.05 power_one_sided 0.080 power_two_sided 0.078 kurtosis 0.031 spec_cnn 0.055  (3s)
  JSR  -42.0 dB  BER 0.00e+00  P(det)@0.05 power_one_sided 0.064 power_two_sided 0.066 kurtosis 0.059 spec_cnn 0.082  (4s)
  JSR  -41.0 dB  BER 0.00e+00  P(det)@0.05 power_one_sided 0.090 power_two_sided 0.100 kurtosis 0.059 spec_cnn 0.051  (4s)
  JSR  -40.0 dB  BER 0.00e+00  P(det)@0.05 power_one_sided 0.121 power_two_sided 0.109 kurtosis 0.049 spec_cnn 0.078  (5s)
  JSR  -39.0 dB  BER 0.00e+00  P(det)@0.05 power_one_sided 0.123 power_two_sided 0.127 kurtosis 0.049 spec_cnn 0.061  (5s)
  JSR  -38.0 dB  BER 0.00e+00  P(det)@0.05 power_one_sided 0.143 power_two_sided 0.125 kurtosis 0.045 spec_cnn 0.096  (5s)
  JSR  -37.0 dB  BER 0.00e+00  P(det)@0.05 power_one_sided 0.186 power_two_sided 0.154 kurtosis 0.053 spec_cnn 0.090  (6s)
  JSR  -36.0 dB  BER 0.00e+00  P(det)@0.05 power_one_sided 0.150 power_two_sided 0.143 kurtosis 0.068 spec_cnn 0.080  (6s)
  JSR  -35.0 dB  BER 0.00e+00  P(det)@0.05 power_one_sided 0.201 power_two_sided 0.219 kurtosis 0.066 spec_cnn 0.090  (7s)
  JSR  -34.0 dB  BER 0.00e+00  P(det)@0.05 power_one_sided 0.264 power_two_sided 0.244 kurtosis 0.045 spec_cnn 0.121  (7s)
  JSR  -33.0 dB  BER 0.00e+00  P(det)@0.05 power_one_sided 0.299 power_two_sided 0.318 kurtosis 0.051 spec_cnn 0.135  (7s)
  JSR  -32.0 dB  BER 0.00e+00  P(det)@0.05 power_one_sided 0.354 power_two_sided 0.365 kurtosis 0.068 spec_cnn 0.137  (8s)
  JSR  -31.0 dB  BER 0.00e+00  P(det)@0.05 power_one_sided 0.393 power_two_sided 0.432 kurtosis 0.043 spec_cnn 0.174  (8s)
  JSR  -30.0 dB  BER 0.00e+00  P(det)@0.05 power_one_sided 0.412 power_two_sided 0.465 kurtosis 0.062 spec_cnn 0.246  (9s)
  JSR  -29.0 dB  BER 0.00e+00  P(det)@0.05 power_one_sided 0.490 power_two_sided 0.521 kurtosis 0.066 spec_cnn 0.258  (9s)
  JSR  -28.0 dB  BER 0.00e+00  P(det)@0.05 power_one_sided 0.512 power_two_sided 0.559 kurtosis 0.043 spec_cnn 0.305  (10s)
  JSR  -27.0 dB  BER 0.00e+00  P(det)@0.05 power_one_sided 0.578 power_two_sided 0.619 kurtosis 0.057 spec_cnn 0.445  (10s)
  JSR  -26.0 dB  BER 0.00e+00  P(det)@0.05 power_one_sided 0.648 power_two_sided 0.695 kurtosis 0.041 spec_cnn 0.490  (10s)
  JSR  -25.0 dB  BER 0.00e+00  P(det)@0.05 power_one_sided 0.670 power_two_sided 0.693 kurtosis 0.041 spec_cnn 0.666  (11s)
  JSR  -24.0 dB  BER 0.00e+00  P(det)@0.05 power_one_sided 0.762 power_two_sided 0.783 kurtosis 0.047 spec_cnn 0.820  (11s)
  JSR  -23.0 dB  BER 0.00e+00  P(det)@0.05 power_one_sided 0.805 power_two_sided 0.811 kurtosis 0.059 spec_cnn 0.945  (12s)
  JSR  -22.0 dB  BER 7.63e-06  P(det)@0.05 power_one_sided 0.883 power_two_sided 0.887 kurtosis 0.055 spec_cnn 0.990  (12s)
  JSR  -21.0 dB  BER 1.60e-04  P(det)@0.05 power_one_sided 0.912 power_two_sided 0.912 kurtosis 0.068 spec_cnn 1.000  (12s)
  JSR  -20.0 dB  BER 5.80e-04  P(det)@0.05 power_one_sided 0.967 power_two_sided 0.965 kurtosis 0.066 spec_cnn 1.000  (13s)
  JSR  -19.0 dB  BER 9.92e-04  P(det)@0.05 power_one_sided 0.979 power_two_sided 0.980 kurtosis 0.104 spec_cnn 1.000  (13s)
  JSR  -18.0 dB  BER 1.37e-03  P(det)@0.05 power_one_sided 0.988 power_two_sided 0.994 kurtosis 0.135 spec_cnn 1.000  (14s)
  JSR  -17.0 dB  BER 1.72e-03  P(det)@0.05 power_one_sided 1.000 power_two_sided 0.998 kurtosis 0.221 spec_cnn 1.000  (14s)
  JSR  -16.0 dB  BER 2.27e-03  P(det)@0.05 power_one_sided 1.000 power_two_sided 1.000 kurtosis 0.295 spec_cnn 1.000  (14s)
  JSR  -15.0 dB  BER 2.59e-03  P(det)@0.05 power_one_sided 1.000 power_two_sided 1.000 kurtosis 0.408 spec_cnn 1.000  (15s)
  JSR  -14.0 dB  BER 2.85e-03  P(det)@0.05 power_one_sided 1.000 power_two_sided 1.000 kurtosis 0.516 spec_cnn 1.000  (15s)
  JSR  -13.0 dB  BER 3.11e-03  P(det)@0.05 power_one_sided 1.000 power_two_sided 1.000 kurtosis 0.672 spec_cnn 1.000  (16s)
  JSR  -12.0 dB  BER 3.62e-03  P(det)@0.05 power_one_sided 1.000 power_two_sided 1.000 kurtosis 0.805 spec_cnn 1.000  (16s)
  JSR  -11.0 dB  BER 3.97e-03  P(det)@0.05 power_one_sided 1.000 power_two_sided 1.000 kurtosis 0.967 spec_cnn 1.000  (16s)
  JSR  -10.0 dB  BER 4.22e-03  P(det)@0.05 power_one_sided 1.000 power_two_sided 1.000 kurtosis 0.994 spec_cnn 1.000  (17s)
  JSR   -9.0 dB  BER 4.48e-03  P(det)@0.05 power_one_sided 1.000 power_two_sided 1.000 kurtosis 1.000 spec_cnn 1.000  (17s)
  JSR   -8.0 dB  BER 4.55e-03  P(det)@0.05 power_one_sided 1.000 power_two_sided 1.000 kurtosis 1.000 spec_cnn 1.000  (18s)
  JSR   -7.0 dB  BER 5.19e-03  P(det)@0.05 power_one_sided 1.000 power_two_sided 1.000 kurtosis 1.000 spec_cnn 1.000  (18s)
  JSR   -6.0 dB  BER 5.91e-03  P(det)@0.05 power_one_sided 1.000 power_two_sided 1.000 kurtosis 1.000 spec_cnn 1.000  (19s)
  JSR   -5.0 dB  BER 6.39e-03  P(det)@0.05 power_one_sided 1.000 power_two_sided 1.000 kurtosis 1.000 spec_cnn 1.000  (19s)
  JSR   -4.0 dB  BER 6.81e-03  P(det)@0.05 power_one_sided 1.000 power_two_sided 1.000 kurtosis 1.000 spec_cnn 1.000  (19s)
  JSR   -3.0 dB  BER 7.38e-03  P(det)@0.05 power_one_sided 1.000 power_two_sided 1.000 kurtosis 1.000 spec_cnn 1.000  (20s)
  JSR   -2.0 dB  BER 8.31e-03  P(det)@0.05 power_one_sided 1.000 power_two_sided 1.000 kurtosis 1.000 spec_cnn 1.000  (20s)
  JSR   -1.0 dB  BER 8.98e-03  P(det)@0.05 power_one_sided 1.000 power_two_sided 1.000 kurtosis 1.000 spec_cnn 1.000  (21s)
  JSR   +0.0 dB  BER 9.92e-03  P(det)@0.05 power_one_sided 1.000 power_two_sided 1.000 kurtosis 1.000 spec_cnn 1.000  (21s)
  JSR   +1.0 dB  BER 1.07e-02  P(det)@0.05 power_one_sided 1.000 power_two_sided 1.000 kurtosis 1.000 spec_cnn 1.000  (21s)
  JSR   +2.0 dB  BER 1.13e-02  P(det)@0.05 power_one_sided 1.000 power_two_sided 1.000 kurtosis 1.000 spec_cnn 1.000  (22s)
  JSR   +3.0 dB  BER 1.32e-02  P(det)@0.05 power_one_sided 1.000 power_two_sided 1.000 kurtosis 1.000 spec_cnn 1.000  (22s)
  JSR   +4.0 dB  BER 1.58e-02  P(det)@0.05 power_one_sided 1.000 power_two_sided 1.000 kurtosis 1.000 spec_cnn 1.000  (23s)
  JSR   +5.0 dB  BER 2.16e-02  P(det)@0.05 power_one_sided 1.000 power_two_sided 1.000 kurtosis 1.000 spec_cnn 1.000  (23s)
  JSR   +6.0 dB  BER 2.77e-02  P(det)@0.05 power_one_sided 1.000 power_two_sided 1.000 kurtosis 1.000 spec_cnn 1.000  (23s)
  JSR   +7.0 dB  BER 3.80e-02  P(det)@0.05 power_one_sided 1.000 power_two_sided 1.000 kurtosis 1.000 spec_cnn 1.000  (24s)
  JSR   +8.0 dB  BER 5.37e-02  P(det)@0.05 power_one_sided 1.000 power_two_sided 1.000 kurtosis 1.000 spec_cnn 1.000  (24s)
  JSR   +9.0 dB  BER 6.95e-02  P(det)@0.05 power_one_sided 1.000 power_two_sided 1.000 kurtosis 1.000 spec_cnn 1.000  (25s)
  JSR  +10.0 dB  BER 8.91e-02  P(det)@0.05 power_one_sided 1.000 power_two_sided 1.000 kurtosis 1.000 spec_cnn 1.000  (25s)
  JSR  +11.0 dB  BER 1.14e-01  P(det)@0.05 power_one_sided 1.000 power_two_sided 1.000 kurtosis 1.000 spec_cnn 1.000  (26s)
  JSR  +12.0 dB  BER 1.39e-01  P(det)@0.05 power_one_sided 1.000 power_two_sided 1.000 kurtosis 1.000 spec_cnn 1.000  (26s)
  JSR  +13.0 dB  BER 1.65e-01  P(det)@0.05 power_one_sided 1.000 power_two_sided 1.000 kurtosis 1.000 spec_cnn 1.000  (26s)
  JSR  +14.0 dB  BER 1.90e-01  P(det)@0.05 power_one_sided 1.000 power_two_sided 1.000 kurtosis 1.000 spec_cnn 1.000  (27s)
  JSR  +15.0 dB  BER 2.15e-01  P(det)@0.05 power_one_sided 1.000 power_two_sided 1.000 kurtosis 1.000 spec_cnn 1.000  (27s)
  [snr_30] eff confirmed: {"power_one_sided": {"0.01": {"index": 0, "sweep_ber": 0.0, "sweep_pdet": 0.0078125, "confirmed_ber": 0.0, "confirmed_ser": 0.0, "confirmed_pdet": 0.010986328125, "passed": true}, "0.05": {"index": 0, "sweep_ber": 0.0, "sweep_pdet": 0.056640625, "confirmed_ber": 0.0, "confirmed_ser": 0.0, "confirmed_pdet": 0.0615234375, "passed": false}}, "power_two_sided": {"0.01": {"index": 0, "sweep_ber": 0.0, "sweep_pdet": 0.01171875, "confirmed_ber": 0.0, "confirmed_ser": 0.0, "confirmed_pdet": 0.010498046875, "passed": true}, "0.05": {"index": 0, "sweep_ber": 0.0, "sweep_pdet": 0.052734375, "confirmed_ber": 0.0, "confirmed_ser": 0.0, "confirmed_pdet": 0.05517578125, "passed": true}}, "kurtosis": {"0.01": {"index": 30, "sweep_ber": 0.000579833984375, "sweep_pdet": 0.015625, "confirmed_ber": 0.000545501708984375, "confirmed_ser": 0.00109100341796875, "confirmed_pdet": 0.0185546875, "passed": false}, "0.05": {"index": 30, "sweep_ber": 0.000579833984375, "sweep_pdet": 0.06640625, "confirmed_ber": 0.0005674362182617188, "confirmed_ser": 0.0011348724365234375, "confirmed_pdet": 0.073486328125, "passed": false}}, "spec_cnn": {"0.01": {"index": 0, "sweep_ber": 0.0, "sweep_pdet": 0.01171875, "confirmed_ber": 0.0, "confirmed_ser": 0.0, "confirmed_pdet": 0.010498046875, "passed": true}, "0.05": {"index": 0, "sweep_ber": 0.0, "sweep_pdet": 0.037109375, "confirmed_ber": 0.0, "confirmed_ser": 0.0, "confirmed_pdet": 0.051025390625, "passed": true}}}  (428s)
  [snr_30] generator power_one_sided_b1 (scale 1.0000)
  JSR  -50.0 dB  BER 0.00e+00  P(det)@0.05 power_one_sided 0.062 power_two_sided 0.051 kurtosis 0.055 spec_cnn 0.037  (0s)
  JSR  -49.0 dB  BER 0.00e+00  P(det)@0.05 power_one_sided 0.057 power_two_sided 0.041 kurtosis 0.062 spec_cnn 0.047  (1s)
  JSR  -48.0 dB  BER 0.00e+00  P(det)@0.05 power_one_sided 0.062 power_two_sided 0.068 kurtosis 0.064 spec_cnn 0.051  (1s)
  JSR  -47.0 dB  BER 0.00e+00  P(det)@0.05 power_one_sided 0.064 power_two_sided 0.055 kurtosis 0.031 spec_cnn 0.047  (2s)
  JSR  -46.0 dB  BER 0.00e+00  P(det)@0.05 power_one_sided 0.084 power_two_sided 0.078 kurtosis 0.064 spec_cnn 0.064  (2s)
  JSR  -45.0 dB  BER 0.00e+00  P(det)@0.05 power_one_sided 0.064 power_two_sided 0.055 kurtosis 0.049 spec_cnn 0.057  (3s)
  JSR  -44.0 dB  BER 0.00e+00  P(det)@0.05 power_one_sided 0.059 power_two_sided 0.064 kurtosis 0.051 spec_cnn 0.053  (3s)
  JSR  -43.0 dB  BER 0.00e+00  P(det)@0.05 power_one_sided 0.076 power_two_sided 0.062 kurtosis 0.047 spec_cnn 0.057  (3s)
  JSR  -42.0 dB  BER 0.00e+00  P(det)@0.05 power_one_sided 0.068 power_two_sided 0.068 kurtosis 0.043 spec_cnn 0.055  (4s)
  JSR  -41.0 dB  BER 0.00e+00  P(det)@0.05 power_one_sided 0.086 power_two_sided 0.080 kurtosis 0.047 spec_cnn 0.062  (4s)
  JSR  -40.0 dB  BER 0.00e+00  P(det)@0.05 power_one_sided 0.107 power_two_sided 0.072 kurtosis 0.062 spec_cnn 0.045  (5s)
  JSR  -39.0 dB  BER 0.00e+00  P(det)@0.05 power_one_sided 0.096 power_two_sided 0.100 kurtosis 0.051 spec_cnn 0.051  (5s)
  JSR  -38.0 dB  BER 0.00e+00  P(det)@0.05 power_one_sided 0.098 power_two_sided 0.094 kurtosis 0.049 spec_cnn 0.055  (5s)
  JSR  -37.0 dB  BER 0.00e+00  P(det)@0.05 power_one_sided 0.135 power_two_sided 0.168 kurtosis 0.051 spec_cnn 0.076  (6s)
  JSR  -36.0 dB  BER 0.00e+00  P(det)@0.05 power_one_sided 0.152 power_two_sided 0.146 kurtosis 0.039 spec_cnn 0.082  (6s)
  JSR  -35.0 dB  BER 0.00e+00  P(det)@0.05 power_one_sided 0.170 power_two_sided 0.168 kurtosis 0.039 spec_cnn 0.062  (7s)
  JSR  -34.0 dB  BER 0.00e+00  P(det)@0.05 power_one_sided 0.203 power_two_sided 0.209 kurtosis 0.043 spec_cnn 0.129  (7s)
  JSR  -33.0 dB  BER 0.00e+00  P(det)@0.05 power_one_sided 0.217 power_two_sided 0.221 kurtosis 0.061 spec_cnn 0.105  (8s)
  JSR  -32.0 dB  BER 0.00e+00  P(det)@0.05 power_one_sided 0.268 power_two_sided 0.266 kurtosis 0.047 spec_cnn 0.113  (8s)
  JSR  -31.0 dB  BER 0.00e+00  P(det)@0.05 power_one_sided 0.303 power_two_sided 0.334 kurtosis 0.043 spec_cnn 0.162  (8s)
  JSR  -30.0 dB  BER 0.00e+00  P(det)@0.05 power_one_sided 0.387 power_two_sided 0.393 kurtosis 0.031 spec_cnn 0.227  (9s)
  JSR  -29.0 dB  BER 0.00e+00  P(det)@0.05 power_one_sided 0.385 power_two_sided 0.408 kurtosis 0.055 spec_cnn 0.312  (9s)
  JSR  -28.0 dB  BER 0.00e+00  P(det)@0.05 power_one_sided 0.439 power_two_sided 0.508 kurtosis 0.061 spec_cnn 0.408  (10s)
  JSR  -27.0 dB  BER 0.00e+00  P(det)@0.05 power_one_sided 0.516 power_two_sided 0.582 kurtosis 0.057 spec_cnn 0.551  (10s)
  JSR  -26.0 dB  BER 0.00e+00  P(det)@0.05 power_one_sided 0.584 power_two_sided 0.641 kurtosis 0.039 spec_cnn 0.727  (11s)
  JSR  -25.0 dB  BER 0.00e+00  P(det)@0.05 power_one_sided 0.629 power_two_sided 0.684 kurtosis 0.051 spec_cnn 0.863  (11s)
  JSR  -24.0 dB  BER 0.00e+00  P(det)@0.05 power_one_sided 0.668 power_two_sided 0.727 kurtosis 0.062 spec_cnn 0.957  (11s)
  JSR  -23.0 dB  BER 0.00e+00  P(det)@0.05 power_one_sided 0.752 power_two_sided 0.783 kurtosis 0.043 spec_cnn 0.982  (12s)
  JSR  -22.0 dB  BER 0.00e+00  P(det)@0.05 power_one_sided 0.746 power_two_sided 0.750 kurtosis 0.068 spec_cnn 1.000  (12s)
  JSR  -21.0 dB  BER 0.00e+00  P(det)@0.05 power_one_sided 0.797 power_two_sided 0.820 kurtosis 0.088 spec_cnn 1.000  (13s)
  JSR  -20.0 dB  BER 4.58e-05  P(det)@0.05 power_one_sided 0.867 power_two_sided 0.885 kurtosis 0.080 spec_cnn 1.000  (13s)
  JSR  -19.0 dB  BER 2.75e-04  P(det)@0.05 power_one_sided 0.908 power_two_sided 0.918 kurtosis 0.107 spec_cnn 1.000  (14s)
  JSR  -18.0 dB  BER 6.41e-04  P(det)@0.05 power_one_sided 0.965 power_two_sided 0.965 kurtosis 0.176 spec_cnn 1.000  (14s)
  JSR  -17.0 dB  BER 9.84e-04  P(det)@0.05 power_one_sided 0.979 power_two_sided 0.979 kurtosis 0.281 spec_cnn 1.000  (14s)
  JSR  -16.0 dB  BER 1.25e-03  P(det)@0.05 power_one_sided 0.996 power_two_sided 0.994 kurtosis 0.357 spec_cnn 1.000  (15s)
  JSR  -15.0 dB  BER 1.60e-03  P(det)@0.05 power_one_sided 0.998 power_two_sided 0.998 kurtosis 0.484 spec_cnn 1.000  (15s)
  JSR  -14.0 dB  BER 2.08e-03  P(det)@0.05 power_one_sided 1.000 power_two_sided 0.998 kurtosis 0.572 spec_cnn 1.000  (16s)
  JSR  -13.0 dB  BER 2.75e-03  P(det)@0.05 power_one_sided 1.000 power_two_sided 1.000 kurtosis 0.664 spec_cnn 1.000  (16s)
  JSR  -12.0 dB  BER 3.08e-03  P(det)@0.05 power_one_sided 1.000 power_two_sided 1.000 kurtosis 0.797 spec_cnn 1.000  (17s)
  JSR  -11.0 dB  BER 3.41e-03  P(det)@0.05 power_one_sided 1.000 power_two_sided 1.000 kurtosis 0.891 spec_cnn 1.000  (17s)
  JSR  -10.0 dB  BER 3.89e-03  P(det)@0.05 power_one_sided 1.000 power_two_sided 1.000 kurtosis 0.955 spec_cnn 1.000  (17s)
  JSR   -9.0 dB  BER 4.46e-03  P(det)@0.05 power_one_sided 1.000 power_two_sided 1.000 kurtosis 0.977 spec_cnn 1.000  (18s)
  JSR   -8.0 dB  BER 4.88e-03  P(det)@0.05 power_one_sided 1.000 power_two_sided 1.000 kurtosis 0.998 spec_cnn 1.000  (18s)
  JSR   -7.0 dB  BER 5.66e-03  P(det)@0.05 power_one_sided 1.000 power_two_sided 1.000 kurtosis 1.000 spec_cnn 1.000  (19s)
  JSR   -6.0 dB  BER 5.95e-03  P(det)@0.05 power_one_sided 1.000 power_two_sided 1.000 kurtosis 1.000 spec_cnn 1.000  (19s)
  JSR   -5.0 dB  BER 6.97e-03  P(det)@0.05 power_one_sided 1.000 power_two_sided 1.000 kurtosis 1.000 spec_cnn 1.000  (20s)
  JSR   -4.0 dB  BER 7.21e-03  P(det)@0.05 power_one_sided 1.000 power_two_sided 1.000 kurtosis 1.000 spec_cnn 1.000  (20s)
  JSR   -3.0 dB  BER 7.97e-03  P(det)@0.05 power_one_sided 1.000 power_two_sided 1.000 kurtosis 1.000 spec_cnn 1.000  (20s)
  JSR   -2.0 dB  BER 9.03e-03  P(det)@0.05 power_one_sided 1.000 power_two_sided 1.000 kurtosis 1.000 spec_cnn 1.000  (21s)
  JSR   -1.0 dB  BER 9.80e-03  P(det)@0.05 power_one_sided 1.000 power_two_sided 1.000 kurtosis 1.000 spec_cnn 1.000  (21s)
  JSR   +0.0 dB  BER 1.12e-02  P(det)@0.05 power_one_sided 1.000 power_two_sided 1.000 kurtosis 1.000 spec_cnn 1.000  (22s)
  JSR   +1.0 dB  BER 1.31e-02  P(det)@0.05 power_one_sided 1.000 power_two_sided 1.000 kurtosis 1.000 spec_cnn 1.000  (22s)
  JSR   +2.0 dB  BER 1.57e-02  P(det)@0.05 power_one_sided 1.000 power_two_sided 1.000 kurtosis 1.000 spec_cnn 1.000  (23s)
  JSR   +3.0 dB  BER 1.90e-02  P(det)@0.05 power_one_sided 1.000 power_two_sided 1.000 kurtosis 1.000 spec_cnn 1.000  (23s)
  JSR   +4.0 dB  BER 2.49e-02  P(det)@0.05 power_one_sided 1.000 power_two_sided 1.000 kurtosis 1.000 spec_cnn 1.000  (23s)
  JSR   +5.0 dB  BER 3.33e-02  P(det)@0.05 power_one_sided 1.000 power_two_sided 1.000 kurtosis 1.000 spec_cnn 1.000  (24s)
  JSR   +6.0 dB  BER 4.54e-02  P(det)@0.05 power_one_sided 1.000 power_two_sided 1.000 kurtosis 1.000 spec_cnn 1.000  (24s)
  JSR   +7.0 dB  BER 6.06e-02  P(det)@0.05 power_one_sided 1.000 power_two_sided 1.000 kurtosis 1.000 spec_cnn 1.000  (25s)
  JSR   +8.0 dB  BER 7.90e-02  P(det)@0.05 power_one_sided 1.000 power_two_sided 1.000 kurtosis 1.000 spec_cnn 1.000  (25s)
  JSR   +9.0 dB  BER 1.01e-01  P(det)@0.05 power_one_sided 1.000 power_two_sided 1.000 kurtosis 1.000 spec_cnn 1.000  (26s)
  JSR  +10.0 dB  BER 1.26e-01  P(det)@0.05 power_one_sided 1.000 power_two_sided 1.000 kurtosis 1.000 spec_cnn 1.000  (26s)
  JSR  +11.0 dB  BER 1.53e-01  P(det)@0.05 power_one_sided 1.000 power_two_sided 1.000 kurtosis 1.000 spec_cnn 1.000  (26s)
  JSR  +12.0 dB  BER 1.82e-01  P(det)@0.05 power_one_sided 1.000 power_two_sided 1.000 kurtosis 1.000 spec_cnn 1.000  (27s)
  JSR  +13.0 dB  BER 2.08e-01  P(det)@0.05 power_one_sided 1.000 power_two_sided 1.000 kurtosis 1.000 spec_cnn 1.000  (27s)
  JSR  +14.0 dB  BER 2.36e-01  P(det)@0.05 power_one_sided 1.000 power_two_sided 1.000 kurtosis 1.000 spec_cnn 1.000  (28s)
  JSR  +15.0 dB  BER 2.60e-01  P(det)@0.05 power_one_sided 1.000 power_two_sided 1.000 kurtosis 1.000 spec_cnn 1.000  (28s)
  [snr_30] power_one_sided_b1 confirmed: {"power_one_sided": {"0.01": {"index": 0, "sweep_ber": 0.0, "sweep_pdet": 0.01171875, "confirmed_ber": 0.0, "confirmed_ser": 0.0, "confirmed_pdet": 0.009521484375, "passed": true}, "0.05": {"index": 0, "sweep_ber": 0.0, "sweep_pdet": 0.0625, "confirmed_ber": 0.0, "confirmed_ser": 0.0, "confirmed_pdet": 0.05419921875, "passed": true}}, "power_two_sided": {"0.01": {"index": 0, "sweep_ber": 0.0, "sweep_pdet": 0.0078125, "confirmed_ber": 0.0, "confirmed_ser": 0.0, "confirmed_pdet": 0.01171875, "passed": true}, "0.05": {"index": 0, "sweep_ber": 0.0, "sweep_pdet": 0.05078125, "confirmed_ber": 0.0, "confirmed_ser": 0.0, "confirmed_pdet": 0.053466796875, "passed": true}}, "kurtosis": {"0.01": {"index": 0, "sweep_ber": 0.0, "sweep_pdet": 0.0078125, "confirmed_ber": 0.0, "confirmed_ser": 0.0, "confirmed_pdet": 0.00927734375, "passed": true}, "0.05": {"index": 0, "sweep_ber": 0.0, "sweep_pdet": 0.0546875, "confirmed_ber": 0.0, "confirmed_ser": 0.0, "confirmed_pdet": 0.048583984375, "passed": true}}, "spec_cnn": {"0.01": {"index": 0, "sweep_ber": 0.0, "sweep_pdet": 0.005859375, "confirmed_ber": 0.0, "confirmed_ser": 0.0, "confirmed_pdet": 0.009765625, "passed": true}, "0.05": {"index": 0, "sweep_ber": 0.0, "sweep_pdet": 0.037109375, "confirmed_ber": 0.0, "confirmed_ser": 0.0, "confirmed_pdet": 0.04736328125, "passed": true}}}  (484s)
  [snr_30] generator power_one_sided_b10 (scale 1.0000)
  JSR  -50.0 dB  BER 0.00e+00  P(det)@0.05 power_one_sided 0.057 power_two_sided 0.049 kurtosis 0.051 spec_cnn 0.055  (0s)
  JSR  -49.0 dB  BER 0.00e+00  P(det)@0.05 power_one_sided 0.055 power_two_sided 0.068 kurtosis 0.053 spec_cnn 0.049  (1s)
  JSR  -48.0 dB  BER 0.00e+00  P(det)@0.05 power_one_sided 0.043 power_two_sided 0.064 kurtosis 0.057 spec_cnn 0.057  (1s)
  JSR  -47.0 dB  BER 0.00e+00  P(det)@0.05 power_one_sided 0.057 power_two_sided 0.037 kurtosis 0.051 spec_cnn 0.051  (1s)
  JSR  -46.0 dB  BER 0.00e+00  P(det)@0.05 power_one_sided 0.064 power_two_sided 0.064 kurtosis 0.070 spec_cnn 0.080  (2s)
  JSR  -45.0 dB  BER 0.00e+00  P(det)@0.05 power_one_sided 0.049 power_two_sided 0.049 kurtosis 0.062 spec_cnn 0.055  (2s)
  JSR  -44.0 dB  BER 0.00e+00  P(det)@0.05 power_one_sided 0.055 power_two_sided 0.055 kurtosis 0.047 spec_cnn 0.045  (3s)
  JSR  -43.0 dB  BER 0.00e+00  P(det)@0.05 power_one_sided 0.090 power_two_sided 0.066 kurtosis 0.051 spec_cnn 0.053  (3s)
  JSR  -42.0 dB  BER 0.00e+00  P(det)@0.05 power_one_sided 0.072 power_two_sided 0.064 kurtosis 0.035 spec_cnn 0.068  (4s)
  JSR  -41.0 dB  BER 0.00e+00  P(det)@0.05 power_one_sided 0.086 power_two_sided 0.096 kurtosis 0.043 spec_cnn 0.055  (4s)
  JSR  -40.0 dB  BER 0.00e+00  P(det)@0.05 power_one_sided 0.109 power_two_sided 0.115 kurtosis 0.049 spec_cnn 0.066  (5s)
  JSR  -39.0 dB  BER 0.00e+00  P(det)@0.05 power_one_sided 0.115 power_two_sided 0.121 kurtosis 0.045 spec_cnn 0.061  (5s)
  JSR  -38.0 dB  BER 0.00e+00  P(det)@0.05 power_one_sided 0.121 power_two_sided 0.123 kurtosis 0.049 spec_cnn 0.066  (5s)
  JSR  -37.0 dB  BER 0.00e+00  P(det)@0.05 power_one_sided 0.131 power_two_sided 0.162 kurtosis 0.031 spec_cnn 0.084  (6s)
  JSR  -36.0 dB  BER 0.00e+00  P(det)@0.05 power_one_sided 0.154 power_two_sided 0.168 kurtosis 0.061 spec_cnn 0.066  (6s)
  JSR  -35.0 dB  BER 0.00e+00  P(det)@0.05 power_one_sided 0.205 power_two_sided 0.225 kurtosis 0.059 spec_cnn 0.088  (7s)
  JSR  -34.0 dB  BER 0.00e+00  P(det)@0.05 power_one_sided 0.221 power_two_sided 0.256 kurtosis 0.043 spec_cnn 0.102  (7s)
  JSR  -33.0 dB  BER 0.00e+00  P(det)@0.05 power_one_sided 0.244 power_two_sided 0.287 kurtosis 0.051 spec_cnn 0.141  (7s)
  JSR  -32.0 dB  BER 0.00e+00  P(det)@0.05 power_one_sided 0.291 power_two_sided 0.314 kurtosis 0.059 spec_cnn 0.180  (8s)
  JSR  -31.0 dB  BER 0.00e+00  P(det)@0.05 power_one_sided 0.330 power_two_sided 0.352 kurtosis 0.041 spec_cnn 0.182  (8s)
  JSR  -30.0 dB  BER 0.00e+00  P(det)@0.05 power_one_sided 0.361 power_two_sided 0.434 kurtosis 0.045 spec_cnn 0.199  (9s)
  JSR  -29.0 dB  BER 0.00e+00  P(det)@0.05 power_one_sided 0.412 power_two_sided 0.484 kurtosis 0.061 spec_cnn 0.283  (9s)
  JSR  -28.0 dB  BER 0.00e+00  P(det)@0.05 power_one_sided 0.463 power_two_sided 0.557 kurtosis 0.053 spec_cnn 0.396  (10s)
  JSR  -27.0 dB  BER 0.00e+00  P(det)@0.05 power_one_sided 0.506 power_two_sided 0.592 kurtosis 0.061 spec_cnn 0.580  (10s)
  JSR  -26.0 dB  BER 0.00e+00  P(det)@0.05 power_one_sided 0.557 power_two_sided 0.643 kurtosis 0.045 spec_cnn 0.688  (10s)
  JSR  -25.0 dB  BER 0.00e+00  P(det)@0.05 power_one_sided 0.613 power_two_sided 0.688 kurtosis 0.047 spec_cnn 0.852  (11s)
  JSR  -24.0 dB  BER 0.00e+00  P(det)@0.05 power_one_sided 0.582 power_two_sided 0.691 kurtosis 0.061 spec_cnn 0.971  (11s)
  JSR  -23.0 dB  BER 0.00e+00  P(det)@0.05 power_one_sided 0.682 power_two_sided 0.785 kurtosis 0.061 spec_cnn 0.982  (12s)
  JSR  -22.0 dB  BER 0.00e+00  P(det)@0.05 power_one_sided 0.703 power_two_sided 0.775 kurtosis 0.061 spec_cnn 0.998  (12s)
  JSR  -21.0 dB  BER 1.45e-04  P(det)@0.05 power_one_sided 0.785 power_two_sided 0.836 kurtosis 0.115 spec_cnn 1.000  (13s)
  JSR  -20.0 dB  BER 4.35e-04  P(det)@0.05 power_one_sided 0.793 power_two_sided 0.840 kurtosis 0.117 spec_cnn 1.000  (13s)
  JSR  -19.0 dB  BER 7.86e-04  P(det)@0.05 power_one_sided 0.902 power_two_sided 0.918 kurtosis 0.184 spec_cnn 1.000  (13s)
  JSR  -18.0 dB  BER 1.17e-03  P(det)@0.05 power_one_sided 0.928 power_two_sided 0.920 kurtosis 0.248 spec_cnn 1.000  (14s)
  JSR  -17.0 dB  BER 1.35e-03  P(det)@0.05 power_one_sided 0.963 power_two_sided 0.965 kurtosis 0.354 spec_cnn 1.000  (14s)
  JSR  -16.0 dB  BER 1.98e-03  P(det)@0.05 power_one_sided 0.975 power_two_sided 0.979 kurtosis 0.434 spec_cnn 1.000  (15s)
  JSR  -15.0 dB  BER 2.40e-03  P(det)@0.05 power_one_sided 0.994 power_two_sided 0.996 kurtosis 0.541 spec_cnn 1.000  (15s)
  JSR  -14.0 dB  BER 2.77e-03  P(det)@0.05 power_one_sided 0.998 power_two_sided 0.998 kurtosis 0.623 spec_cnn 1.000  (16s)
  JSR  -13.0 dB  BER 2.71e-03  P(det)@0.05 power_one_sided 1.000 power_two_sided 1.000 kurtosis 0.797 spec_cnn 1.000  (16s)
  JSR  -12.0 dB  BER 3.17e-03  P(det)@0.05 power_one_sided 1.000 power_two_sided 1.000 kurtosis 0.863 spec_cnn 1.000  (16s)
  JSR  -11.0 dB  BER 3.60e-03  P(det)@0.05 power_one_sided 1.000 power_two_sided 1.000 kurtosis 0.902 spec_cnn 1.000  (17s)
  JSR  -10.0 dB  BER 3.78e-03  P(det)@0.05 power_one_sided 1.000 power_two_sided 1.000 kurtosis 0.973 spec_cnn 1.000  (17s)
  JSR   -9.0 dB  BER 4.28e-03  P(det)@0.05 power_one_sided 1.000 power_two_sided 1.000 kurtosis 0.992 spec_cnn 1.000  (18s)
  JSR   -8.0 dB  BER 4.64e-03  P(det)@0.05 power_one_sided 1.000 power_two_sided 1.000 kurtosis 1.000 spec_cnn 1.000  (18s)
  JSR   -7.0 dB  BER 5.71e-03  P(det)@0.05 power_one_sided 1.000 power_two_sided 1.000 kurtosis 1.000 spec_cnn 1.000  (18s)
  JSR   -6.0 dB  BER 6.20e-03  P(det)@0.05 power_one_sided 1.000 power_two_sided 1.000 kurtosis 1.000 spec_cnn 1.000  (19s)
  JSR   -5.0 dB  BER 7.19e-03  P(det)@0.05 power_one_sided 1.000 power_two_sided 1.000 kurtosis 1.000 spec_cnn 1.000  (19s)
  JSR   -4.0 dB  BER 7.14e-03  P(det)@0.05 power_one_sided 1.000 power_two_sided 1.000 kurtosis 1.000 spec_cnn 1.000  (20s)
  JSR   -3.0 dB  BER 7.93e-03  P(det)@0.05 power_one_sided 1.000 power_two_sided 1.000 kurtosis 1.000 spec_cnn 1.000  (20s)
  JSR   -2.0 dB  BER 9.24e-03  P(det)@0.05 power_one_sided 1.000 power_two_sided 1.000 kurtosis 1.000 spec_cnn 1.000  (21s)
  JSR   -1.0 dB  BER 9.83e-03  P(det)@0.05 power_one_sided 1.000 power_two_sided 1.000 kurtosis 1.000 spec_cnn 1.000  (21s)
  JSR   +0.0 dB  BER 1.08e-02  P(det)@0.05 power_one_sided 1.000 power_two_sided 1.000 kurtosis 1.000 spec_cnn 1.000  (21s)
  JSR   +1.0 dB  BER 1.25e-02  P(det)@0.05 power_one_sided 1.000 power_two_sided 1.000 kurtosis 1.000 spec_cnn 1.000  (22s)
  JSR   +2.0 dB  BER 1.46e-02  P(det)@0.05 power_one_sided 1.000 power_two_sided 1.000 kurtosis 1.000 spec_cnn 1.000  (22s)
  JSR   +3.0 dB  BER 1.70e-02  P(det)@0.05 power_one_sided 1.000 power_two_sided 1.000 kurtosis 1.000 spec_cnn 1.000  (23s)
  JSR   +4.0 dB  BER 2.22e-02  P(det)@0.05 power_one_sided 1.000 power_two_sided 1.000 kurtosis 1.000 spec_cnn 1.000  (23s)
  JSR   +5.0 dB  BER 2.88e-02  P(det)@0.05 power_one_sided 1.000 power_two_sided 1.000 kurtosis 1.000 spec_cnn 1.000  (24s)
  JSR   +6.0 dB  BER 3.69e-02  P(det)@0.05 power_one_sided 1.000 power_two_sided 1.000 kurtosis 1.000 spec_cnn 1.000  (24s)
  JSR   +7.0 dB  BER 4.95e-02  P(det)@0.05 power_one_sided 1.000 power_two_sided 1.000 kurtosis 1.000 spec_cnn 1.000  (24s)
  JSR   +8.0 dB  BER 6.61e-02  P(det)@0.05 power_one_sided 1.000 power_two_sided 1.000 kurtosis 1.000 spec_cnn 1.000  (25s)
  JSR   +9.0 dB  BER 8.25e-02  P(det)@0.05 power_one_sided 1.000 power_two_sided 1.000 kurtosis 1.000 spec_cnn 1.000  (25s)
  JSR  +10.0 dB  BER 1.03e-01  P(det)@0.05 power_one_sided 1.000 power_two_sided 1.000 kurtosis 1.000 spec_cnn 1.000  (26s)
  JSR  +11.0 dB  BER 1.30e-01  P(det)@0.05 power_one_sided 1.000 power_two_sided 1.000 kurtosis 1.000 spec_cnn 1.000  (26s)
  JSR  +12.0 dB  BER 1.53e-01  P(det)@0.05 power_one_sided 1.000 power_two_sided 1.000 kurtosis 1.000 spec_cnn 1.000  (27s)
  JSR  +13.0 dB  BER 1.81e-01  P(det)@0.05 power_one_sided 1.000 power_two_sided 1.000 kurtosis 1.000 spec_cnn 1.000  (27s)
  JSR  +14.0 dB  BER 2.06e-01  P(det)@0.05 power_one_sided 1.000 power_two_sided 1.000 kurtosis 1.000 spec_cnn 1.000  (27s)
  JSR  +15.0 dB  BER 2.33e-01  P(det)@0.05 power_one_sided 1.000 power_two_sided 1.000 kurtosis 1.000 spec_cnn 1.000  (28s)
  [snr_30] power_one_sided_b10 confirmed: {"power_one_sided": {"0.01": {"index": 0, "sweep_ber": 0.0, "sweep_pdet": 0.009765625, "confirmed_ber": 0.0, "confirmed_ser": 0.0, "confirmed_pdet": 0.01171875, "passed": true}, "0.05": {"index": 0, "sweep_ber": 0.0, "sweep_pdet": 0.056640625, "confirmed_ber": 0.0, "confirmed_ser": 0.0, "confirmed_pdet": 0.05712890625, "passed": false}}, "power_two_sided": {"0.01": {"index": 0, "sweep_ber": 0.0, "sweep_pdet": 0.009765625, "confirmed_ber": 0.0, "confirmed_ser": 0.0, "confirmed_pdet": 0.008544921875, "passed": true}, "0.05": {"index": 0, "sweep_ber": 0.0, "sweep_pdet": 0.048828125, "confirmed_ber": 0.0, "confirmed_ser": 0.0, "confirmed_pdet": 0.05029296875, "passed": true}}, "kurtosis": {"0.01": {"index": 0, "sweep_ber": 0.0, "sweep_pdet": 0.01171875, "confirmed_ber": 0.0, "confirmed_ser": 0.0, "confirmed_pdet": 0.01025390625, "passed": true}, "0.05": {"index": 0, "sweep_ber": 0.0, "sweep_pdet": 0.05078125, "confirmed_ber": 0.0, "confirmed_ser": 0.0, "confirmed_pdet": 0.052734375, "passed": true}}, "spec_cnn": {"0.01": {"index": 0, "sweep_ber": 0.0, "sweep_pdet": 0.0078125, "confirmed_ber": 0.0, "confirmed_ser": 0.0, "confirmed_pdet": 0.007568359375, "passed": true}, "0.05": {"index": 0, "sweep_ber": 0.0, "sweep_pdet": 0.0546875, "confirmed_ber": 0.0, "confirmed_ser": 0.0, "confirmed_pdet": 0.046875, "passed": true}}}  (539s)
  [snr_30] generator power_one_sided_b100 (scale 1.0000)
  JSR  -50.0 dB  BER 0.00e+00  P(det)@0.05 power_one_sided 0.053 power_two_sided 0.047 kurtosis 0.059 spec_cnn 0.045  (0s)
  JSR  -49.0 dB  BER 0.00e+00  P(det)@0.05 power_one_sided 0.041 power_two_sided 0.031 kurtosis 0.029 spec_cnn 0.053  (1s)
  JSR  -48.0 dB  BER 0.00e+00  P(det)@0.05 power_one_sided 0.055 power_two_sided 0.062 kurtosis 0.059 spec_cnn 0.059  (1s)
  JSR  -47.0 dB  BER 0.00e+00  P(det)@0.05 power_one_sided 0.061 power_two_sided 0.062 kurtosis 0.049 spec_cnn 0.053  (2s)
  JSR  -46.0 dB  BER 0.00e+00  P(det)@0.05 power_one_sided 0.076 power_two_sided 0.066 kurtosis 0.045 spec_cnn 0.068  (2s)
  JSR  -45.0 dB  BER 0.00e+00  P(det)@0.05 power_one_sided 0.062 power_two_sided 0.072 kurtosis 0.035 spec_cnn 0.055  (2s)
  JSR  -44.0 dB  BER 0.00e+00  P(det)@0.05 power_one_sided 0.072 power_two_sided 0.074 kurtosis 0.061 spec_cnn 0.045  (3s)
  JSR  -43.0 dB  BER 0.00e+00  P(det)@0.05 power_one_sided 0.049 power_two_sided 0.062 kurtosis 0.049 spec_cnn 0.061  (3s)
  JSR  -42.0 dB  BER 0.00e+00  P(det)@0.05 power_one_sided 0.094 power_two_sided 0.082 kurtosis 0.035 spec_cnn 0.068  (4s)
  JSR  -41.0 dB  BER 0.00e+00  P(det)@0.05 power_one_sided 0.068 power_two_sided 0.078 kurtosis 0.053 spec_cnn 0.064  (4s)
  JSR  -40.0 dB  BER 0.00e+00  P(det)@0.05 power_one_sided 0.100 power_two_sided 0.100 kurtosis 0.037 spec_cnn 0.070  (5s)
  JSR  -39.0 dB  BER 0.00e+00  P(det)@0.05 power_one_sided 0.119 power_two_sided 0.125 kurtosis 0.055 spec_cnn 0.061  (5s)
  JSR  -38.0 dB  BER 0.00e+00  P(det)@0.05 power_one_sided 0.146 power_two_sided 0.156 kurtosis 0.037 spec_cnn 0.057  (6s)
  JSR  -37.0 dB  BER 0.00e+00  P(det)@0.05 power_one_sided 0.137 power_two_sided 0.145 kurtosis 0.037 spec_cnn 0.070  (6s)
  JSR  -36.0 dB  BER 0.00e+00  P(det)@0.05 power_one_sided 0.184 power_two_sided 0.195 kurtosis 0.043 spec_cnn 0.055  (6s)
  JSR  -35.0 dB  BER 0.00e+00  P(det)@0.05 power_one_sided 0.227 power_two_sided 0.230 kurtosis 0.043 spec_cnn 0.098  (7s)
  JSR  -34.0 dB  BER 0.00e+00  P(det)@0.05 power_one_sided 0.238 power_two_sided 0.268 kurtosis 0.041 spec_cnn 0.070  (7s)
  JSR  -33.0 dB  BER 0.00e+00  P(det)@0.05 power_one_sided 0.266 power_two_sided 0.320 kurtosis 0.061 spec_cnn 0.102  (8s)
  JSR  -32.0 dB  BER 0.00e+00  P(det)@0.05 power_one_sided 0.338 power_two_sided 0.393 kurtosis 0.057 spec_cnn 0.105  (8s)
  JSR  -31.0 dB  BER 0.00e+00  P(det)@0.05 power_one_sided 0.375 power_two_sided 0.467 kurtosis 0.043 spec_cnn 0.145  (8s)
  JSR  -30.0 dB  BER 0.00e+00  P(det)@0.05 power_one_sided 0.369 power_two_sided 0.451 kurtosis 0.068 spec_cnn 0.176  (9s)
  JSR  -29.0 dB  BER 0.00e+00  P(det)@0.05 power_one_sided 0.451 power_two_sided 0.541 kurtosis 0.043 spec_cnn 0.195  (9s)
  JSR  -28.0 dB  BER 0.00e+00  P(det)@0.05 power_one_sided 0.479 power_two_sided 0.572 kurtosis 0.045 spec_cnn 0.246  (10s)
  JSR  -27.0 dB  BER 0.00e+00  P(det)@0.05 power_one_sided 0.506 power_two_sided 0.645 kurtosis 0.049 spec_cnn 0.295  (10s)
  JSR  -26.0 dB  BER 0.00e+00  P(det)@0.05 power_one_sided 0.488 power_two_sided 0.641 kurtosis 0.061 spec_cnn 0.447  (11s)
  JSR  -25.0 dB  BER 0.00e+00  P(det)@0.05 power_one_sided 0.580 power_two_sided 0.676 kurtosis 0.053 spec_cnn 0.566  (11s)
  JSR  -24.0 dB  BER 0.00e+00  P(det)@0.05 power_one_sided 0.627 power_two_sided 0.740 kurtosis 0.049 spec_cnn 0.713  (11s)
  JSR  -23.0 dB  BER 0.00e+00  P(det)@0.05 power_one_sided 0.664 power_two_sided 0.752 kurtosis 0.037 spec_cnn 0.877  (12s)
  JSR  -22.0 dB  BER 0.00e+00  P(det)@0.05 power_one_sided 0.754 power_two_sided 0.824 kurtosis 0.078 spec_cnn 0.961  (12s)
  JSR  -21.0 dB  BER 1.22e-04  P(det)@0.05 power_one_sided 0.785 power_two_sided 0.836 kurtosis 0.080 spec_cnn 0.988  (13s)
  JSR  -20.0 dB  BER 5.87e-04  P(det)@0.05 power_one_sided 0.832 power_two_sided 0.875 kurtosis 0.111 spec_cnn 1.000  (13s)
  JSR  -19.0 dB  BER 9.08e-04  P(det)@0.05 power_one_sided 0.893 power_two_sided 0.918 kurtosis 0.148 spec_cnn 1.000  (13s)
  JSR  -18.0 dB  BER 1.59e-03  P(det)@0.05 power_one_sided 0.914 power_two_sided 0.928 kurtosis 0.223 spec_cnn 1.000  (14s)
  JSR  -17.0 dB  BER 1.93e-03  P(det)@0.05 power_one_sided 0.959 power_two_sided 0.961 kurtosis 0.342 spec_cnn 1.000  (14s)
  JSR  -16.0 dB  BER 2.38e-03  P(det)@0.05 power_one_sided 0.977 power_two_sided 0.988 kurtosis 0.416 spec_cnn 1.000  (15s)
  JSR  -15.0 dB  BER 2.65e-03  P(det)@0.05 power_one_sided 0.990 power_two_sided 0.992 kurtosis 0.523 spec_cnn 1.000  (15s)
  JSR  -14.0 dB  BER 3.10e-03  P(det)@0.05 power_one_sided 1.000 power_two_sided 0.998 kurtosis 0.670 spec_cnn 1.000  (16s)
  JSR  -13.0 dB  BER 3.47e-03  P(det)@0.05 power_one_sided 1.000 power_two_sided 1.000 kurtosis 0.775 spec_cnn 1.000  (16s)
  JSR  -12.0 dB  BER 3.72e-03  P(det)@0.05 power_one_sided 1.000 power_two_sided 1.000 kurtosis 0.846 spec_cnn 1.000  (16s)
  JSR  -11.0 dB  BER 4.12e-03  P(det)@0.05 power_one_sided 1.000 power_two_sided 1.000 kurtosis 0.926 spec_cnn 1.000  (17s)
  JSR  -10.0 dB  BER 4.43e-03  P(det)@0.05 power_one_sided 1.000 power_two_sided 1.000 kurtosis 0.980 spec_cnn 1.000  (17s)
  JSR   -9.0 dB  BER 5.07e-03  P(det)@0.05 power_one_sided 1.000 power_two_sided 1.000 kurtosis 0.998 spec_cnn 1.000  (18s)
  JSR   -8.0 dB  BER 5.59e-03  P(det)@0.05 power_one_sided 1.000 power_two_sided 1.000 kurtosis 0.998 spec_cnn 1.000  (18s)
  JSR   -7.0 dB  BER 6.50e-03  P(det)@0.05 power_one_sided 1.000 power_two_sided 1.000 kurtosis 1.000 spec_cnn 1.000  (18s)
  JSR   -6.0 dB  BER 6.91e-03  P(det)@0.05 power_one_sided 1.000 power_two_sided 1.000 kurtosis 1.000 spec_cnn 1.000  (19s)
  JSR   -5.0 dB  BER 7.61e-03  P(det)@0.05 power_one_sided 1.000 power_two_sided 1.000 kurtosis 1.000 spec_cnn 1.000  (19s)
  JSR   -4.0 dB  BER 8.19e-03  P(det)@0.05 power_one_sided 1.000 power_two_sided 1.000 kurtosis 1.000 spec_cnn 1.000  (20s)
  JSR   -3.0 dB  BER 9.13e-03  P(det)@0.05 power_one_sided 1.000 power_two_sided 1.000 kurtosis 1.000 spec_cnn 1.000  (20s)
  JSR   -2.0 dB  BER 9.84e-03  P(det)@0.05 power_one_sided 1.000 power_two_sided 1.000 kurtosis 1.000 spec_cnn 1.000  (21s)
  JSR   -1.0 dB  BER 1.05e-02  P(det)@0.05 power_one_sided 1.000 power_two_sided 1.000 kurtosis 1.000 spec_cnn 1.000  (21s)
  JSR   +0.0 dB  BER 1.17e-02  P(det)@0.05 power_one_sided 1.000 power_two_sided 1.000 kurtosis 1.000 spec_cnn 1.000  (21s)
  JSR   +1.0 dB  BER 1.40e-02  P(det)@0.05 power_one_sided 1.000 power_two_sided 1.000 kurtosis 1.000 spec_cnn 1.000  (22s)
  JSR   +2.0 dB  BER 1.67e-02  P(det)@0.05 power_one_sided 1.000 power_two_sided 1.000 kurtosis 1.000 spec_cnn 1.000  (22s)
  JSR   +3.0 dB  BER 2.11e-02  P(det)@0.05 power_one_sided 1.000 power_two_sided 1.000 kurtosis 1.000 spec_cnn 1.000  (23s)
  JSR   +4.0 dB  BER 3.01e-02  P(det)@0.05 power_one_sided 1.000 power_two_sided 1.000 kurtosis 1.000 spec_cnn 1.000  (23s)
  JSR   +5.0 dB  BER 4.12e-02  P(det)@0.05 power_one_sided 1.000 power_two_sided 1.000 kurtosis 1.000 spec_cnn 1.000  (23s)
  JSR   +6.0 dB  BER 5.39e-02  P(det)@0.05 power_one_sided 1.000 power_two_sided 1.000 kurtosis 1.000 spec_cnn 1.000  (24s)
  JSR   +7.0 dB  BER 7.51e-02  P(det)@0.05 power_one_sided 1.000 power_two_sided 1.000 kurtosis 1.000 spec_cnn 1.000  (24s)
  JSR   +8.0 dB  BER 9.61e-02  P(det)@0.05 power_one_sided 1.000 power_two_sided 1.000 kurtosis 1.000 spec_cnn 1.000  (25s)
  JSR   +9.0 dB  BER 1.18e-01  P(det)@0.05 power_one_sided 1.000 power_two_sided 1.000 kurtosis 1.000 spec_cnn 1.000  (25s)
  JSR  +10.0 dB  BER 1.46e-01  P(det)@0.05 power_one_sided 1.000 power_two_sided 1.000 kurtosis 1.000 spec_cnn 1.000  (26s)
  JSR  +11.0 dB  BER 1.72e-01  P(det)@0.05 power_one_sided 1.000 power_two_sided 1.000 kurtosis 1.000 spec_cnn 1.000  (26s)
  JSR  +12.0 dB  BER 1.97e-01  P(det)@0.05 power_one_sided 1.000 power_two_sided 1.000 kurtosis 1.000 spec_cnn 1.000  (26s)
  JSR  +13.0 dB  BER 2.23e-01  P(det)@0.05 power_one_sided 1.000 power_two_sided 1.000 kurtosis 1.000 spec_cnn 1.000  (27s)
  JSR  +14.0 dB  BER 2.49e-01  P(det)@0.05 power_one_sided 1.000 power_two_sided 1.000 kurtosis 1.000 spec_cnn 1.000  (27s)
  JSR  +15.0 dB  BER 2.72e-01  P(det)@0.05 power_one_sided 1.000 power_two_sided 1.000 kurtosis 1.000 spec_cnn 1.000  (28s)
  [snr_30] power_one_sided_b100 confirmed: {"power_one_sided": {"0.01": {"index": 0, "sweep_ber": 0.0, "sweep_pdet": 0.005859375, "confirmed_ber": 0.0, "confirmed_ser": 0.0, "confirmed_pdet": 0.013427734375, "passed": false}, "0.05": {"index": 0, "sweep_ber": 0.0, "sweep_pdet": 0.052734375, "confirmed_ber": 0.0, "confirmed_ser": 0.0, "confirmed_pdet": 0.054931640625, "passed": true}}, "power_two_sided": {"0.01": {"index": 0, "sweep_ber": 0.0, "sweep_pdet": 0.005859375, "confirmed_ber": 0.0, "confirmed_ser": 0.0, "confirmed_pdet": 0.01171875, "passed": true}, "0.05": {"index": 0, "sweep_ber": 0.0, "sweep_pdet": 0.046875, "confirmed_ber": 0.0, "confirmed_ser": 0.0, "confirmed_pdet": 0.060302734375, "passed": false}}, "kurtosis": {"0.01": {"index": 0, "sweep_ber": 0.0, "sweep_pdet": 0.015625, "confirmed_ber": 0.0, "confirmed_ser": 0.0, "confirmed_pdet": 0.010498046875, "passed": true}, "0.05": {"index": 0, "sweep_ber": 0.0, "sweep_pdet": 0.05859375, "confirmed_ber": 0.0, "confirmed_ser": 0.0, "confirmed_pdet": 0.047119140625, "passed": true}}, "spec_cnn": {"0.01": {"index": 0, "sweep_ber": 0.0, "sweep_pdet": 0.0078125, "confirmed_ber": 0.0, "confirmed_ser": 0.0, "confirmed_pdet": 0.010498046875, "passed": true}, "0.05": {"index": 0, "sweep_ber": 0.0, "sweep_pdet": 0.044921875, "confirmed_ber": 0.0, "confirmed_ser": 0.0, "confirmed_pdet": 0.05078125, "passed": true}}}  (594s)
  [snr_30] generator power_one_sided_b1000 (scale 1.0000)
  JSR  -50.0 dB  BER 0.00e+00  P(det)@0.05 power_one_sided 0.061 power_two_sided 0.068 kurtosis 0.070 spec_cnn 0.045  (0s)
  JSR  -49.0 dB  BER 0.00e+00  P(det)@0.05 power_one_sided 0.061 power_two_sided 0.061 kurtosis 0.037 spec_cnn 0.047  (1s)
  JSR  -48.0 dB  BER 0.00e+00  P(det)@0.05 power_one_sided 0.053 power_two_sided 0.055 kurtosis 0.041 spec_cnn 0.051  (1s)
  JSR  -47.0 dB  BER 0.00e+00  P(det)@0.05 power_one_sided 0.086 power_two_sided 0.082 kurtosis 0.051 spec_cnn 0.055  (2s)
  JSR  -46.0 dB  BER 0.00e+00  P(det)@0.05 power_one_sided 0.051 power_two_sided 0.072 kurtosis 0.047 spec_cnn 0.047  (2s)
  JSR  -45.0 dB  BER 0.00e+00  P(det)@0.05 power_one_sided 0.072 power_two_sided 0.076 kurtosis 0.066 spec_cnn 0.035  (2s)
  JSR  -44.0 dB  BER 0.00e+00  P(det)@0.05 power_one_sided 0.080 power_two_sided 0.084 kurtosis 0.037 spec_cnn 0.061  (3s)
  JSR  -43.0 dB  BER 0.00e+00  P(det)@0.05 power_one_sided 0.072 power_two_sided 0.078 kurtosis 0.037 spec_cnn 0.055  (3s)
  JSR  -42.0 dB  BER 0.00e+00  P(det)@0.05 power_one_sided 0.102 power_two_sided 0.111 kurtosis 0.043 spec_cnn 0.064  (4s)
  JSR  -41.0 dB  BER 0.00e+00  P(det)@0.05 power_one_sided 0.088 power_two_sided 0.092 kurtosis 0.051 spec_cnn 0.055  (4s)
  JSR  -40.0 dB  BER 0.00e+00  P(det)@0.05 power_one_sided 0.094 power_two_sided 0.123 kurtosis 0.062 spec_cnn 0.068  (5s)
  JSR  -39.0 dB  BER 0.00e+00  P(det)@0.05 power_one_sided 0.135 power_two_sided 0.152 kurtosis 0.031 spec_cnn 0.053  (5s)
  JSR  -38.0 dB  BER 0.00e+00  P(det)@0.05 power_one_sided 0.164 power_two_sided 0.191 kurtosis 0.057 spec_cnn 0.064  (5s)
  JSR  -37.0 dB  BER 0.00e+00  P(det)@0.05 power_one_sided 0.158 power_two_sided 0.166 kurtosis 0.061 spec_cnn 0.076  (6s)
  JSR  -36.0 dB  BER 0.00e+00  P(det)@0.05 power_one_sided 0.201 power_two_sided 0.236 kurtosis 0.061 spec_cnn 0.070  (6s)
  JSR  -35.0 dB  BER 0.00e+00  P(det)@0.05 power_one_sided 0.227 power_two_sided 0.307 kurtosis 0.078 spec_cnn 0.088  (7s)
  JSR  -34.0 dB  BER 0.00e+00  P(det)@0.05 power_one_sided 0.248 power_two_sided 0.281 kurtosis 0.053 spec_cnn 0.068  (7s)
  JSR  -33.0 dB  BER 0.00e+00  P(det)@0.05 power_one_sided 0.283 power_two_sided 0.363 kurtosis 0.061 spec_cnn 0.090  (7s)
  JSR  -32.0 dB  BER 0.00e+00  P(det)@0.05 power_one_sided 0.330 power_two_sided 0.410 kurtosis 0.051 spec_cnn 0.150  (8s)
  JSR  -31.0 dB  BER 0.00e+00  P(det)@0.05 power_one_sided 0.322 power_two_sided 0.420 kurtosis 0.055 spec_cnn 0.137  (8s)
  JSR  -30.0 dB  BER 0.00e+00  P(det)@0.05 power_one_sided 0.387 power_two_sided 0.504 kurtosis 0.051 spec_cnn 0.139  (9s)
  JSR  -29.0 dB  BER 0.00e+00  P(det)@0.05 power_one_sided 0.373 power_two_sided 0.537 kurtosis 0.055 spec_cnn 0.156  (9s)
  JSR  -28.0 dB  BER 0.00e+00  P(det)@0.05 power_one_sided 0.473 power_two_sided 0.615 kurtosis 0.057 spec_cnn 0.213  (9s)
  JSR  -27.0 dB  BER 0.00e+00  P(det)@0.05 power_one_sided 0.496 power_two_sided 0.648 kurtosis 0.033 spec_cnn 0.303  (10s)
  JSR  -26.0 dB  BER 0.00e+00  P(det)@0.05 power_one_sided 0.541 power_two_sided 0.721 kurtosis 0.055 spec_cnn 0.342  (10s)
  JSR  -25.0 dB  BER 0.00e+00  P(det)@0.05 power_one_sided 0.520 power_two_sided 0.699 kurtosis 0.059 spec_cnn 0.496  (11s)
  JSR  -24.0 dB  BER 0.00e+00  P(det)@0.05 power_one_sided 0.619 power_two_sided 0.744 kurtosis 0.062 spec_cnn 0.523  (11s)
  JSR  -23.0 dB  BER 0.00e+00  P(det)@0.05 power_one_sided 0.615 power_two_sided 0.764 kurtosis 0.062 spec_cnn 0.654  (12s)
  JSR  -22.0 dB  BER 0.00e+00  P(det)@0.05 power_one_sided 0.676 power_two_sided 0.811 kurtosis 0.062 spec_cnn 0.697  (12s)
  JSR  -21.0 dB  BER 0.00e+00  P(det)@0.05 power_one_sided 0.746 power_two_sided 0.820 kurtosis 0.084 spec_cnn 0.822  (12s)
  JSR  -20.0 dB  BER 0.00e+00  P(det)@0.05 power_one_sided 0.783 power_two_sided 0.900 kurtosis 0.098 spec_cnn 0.873  (13s)
  JSR  -19.0 dB  BER 0.00e+00  P(det)@0.05 power_one_sided 0.791 power_two_sided 0.902 kurtosis 0.152 spec_cnn 0.920  (13s)
  JSR  -18.0 dB  BER 1.53e-05  P(det)@0.05 power_one_sided 0.834 power_two_sided 0.908 kurtosis 0.209 spec_cnn 0.977  (14s)
  JSR  -17.0 dB  BER 1.37e-04  P(det)@0.05 power_one_sided 0.863 power_two_sided 0.943 kurtosis 0.268 spec_cnn 0.986  (14s)
  JSR  -16.0 dB  BER 3.89e-04  P(det)@0.05 power_one_sided 0.930 power_two_sided 0.955 kurtosis 0.371 spec_cnn 0.994  (14s)
  JSR  -15.0 dB  BER 9.69e-04  P(det)@0.05 power_one_sided 0.943 power_two_sided 0.977 kurtosis 0.562 spec_cnn 1.000  (15s)
  JSR  -14.0 dB  BER 1.31e-03  P(det)@0.05 power_one_sided 0.955 power_two_sided 0.980 kurtosis 0.703 spec_cnn 1.000  (15s)
  JSR  -13.0 dB  BER 1.66e-03  P(det)@0.05 power_one_sided 0.965 power_two_sided 0.988 kurtosis 0.877 spec_cnn 1.000  (16s)
  JSR  -12.0 dB  BER 1.97e-03  P(det)@0.05 power_one_sided 0.986 power_two_sided 0.994 kurtosis 0.965 spec_cnn 1.000  (16s)
  JSR  -11.0 dB  BER 2.66e-03  P(det)@0.05 power_one_sided 0.992 power_two_sided 0.996 kurtosis 0.990 spec_cnn 1.000  (17s)
  JSR  -10.0 dB  BER 3.04e-03  P(det)@0.05 power_one_sided 1.000 power_two_sided 1.000 kurtosis 0.994 spec_cnn 1.000  (17s)
  JSR   -9.0 dB  BER 3.53e-03  P(det)@0.05 power_one_sided 1.000 power_two_sided 1.000 kurtosis 1.000 spec_cnn 1.000  (17s)
  JSR   -8.0 dB  BER 4.54e-03  P(det)@0.05 power_one_sided 1.000 power_two_sided 1.000 kurtosis 1.000 spec_cnn 1.000  (18s)
  JSR   -7.0 dB  BER 7.11e-03  P(det)@0.05 power_one_sided 1.000 power_two_sided 1.000 kurtosis 1.000 spec_cnn 1.000  (18s)
  JSR   -6.0 dB  BER 1.32e-02  P(det)@0.05 power_one_sided 1.000 power_two_sided 1.000 kurtosis 1.000 spec_cnn 1.000  (19s)
  JSR   -5.0 dB  BER 2.31e-02  P(det)@0.05 power_one_sided 1.000 power_two_sided 1.000 kurtosis 1.000 spec_cnn 1.000  (19s)
  JSR   -4.0 dB  BER 3.50e-02  P(det)@0.05 power_one_sided 1.000 power_two_sided 1.000 kurtosis 1.000 spec_cnn 1.000  (19s)
  JSR   -3.0 dB  BER 5.20e-02  P(det)@0.05 power_one_sided 1.000 power_two_sided 1.000 kurtosis 1.000 spec_cnn 1.000  (20s)
  JSR   -2.0 dB  BER 7.13e-02  P(det)@0.05 power_one_sided 1.000 power_two_sided 1.000 kurtosis 1.000 spec_cnn 1.000  (20s)
  JSR   -1.0 dB  BER 9.31e-02  P(det)@0.05 power_one_sided 1.000 power_two_sided 1.000 kurtosis 1.000 spec_cnn 1.000  (21s)
  JSR   +0.0 dB  BER 1.17e-01  P(det)@0.05 power_one_sided 1.000 power_two_sided 1.000 kurtosis 1.000 spec_cnn 1.000  (21s)
  JSR   +1.0 dB  BER 1.43e-01  P(det)@0.05 power_one_sided 1.000 power_two_sided 1.000 kurtosis 1.000 spec_cnn 1.000  (22s)
  JSR   +2.0 dB  BER 1.70e-01  P(det)@0.05 power_one_sided 1.000 power_two_sided 1.000 kurtosis 1.000 spec_cnn 1.000  (22s)
  JSR   +3.0 dB  BER 1.96e-01  P(det)@0.05 power_one_sided 1.000 power_two_sided 1.000 kurtosis 1.000 spec_cnn 1.000  (22s)
  JSR   +4.0 dB  BER 2.22e-01  P(det)@0.05 power_one_sided 1.000 power_two_sided 1.000 kurtosis 1.000 spec_cnn 1.000  (23s)
  JSR   +5.0 dB  BER 2.45e-01  P(det)@0.05 power_one_sided 1.000 power_two_sided 1.000 kurtosis 1.000 spec_cnn 1.000  (23s)
  JSR   +6.0 dB  BER 2.70e-01  P(det)@0.05 power_one_sided 1.000 power_two_sided 1.000 kurtosis 1.000 spec_cnn 1.000  (24s)
  JSR   +7.0 dB  BER 2.94e-01  P(det)@0.05 power_one_sided 1.000 power_two_sided 1.000 kurtosis 1.000 spec_cnn 1.000  (24s)
  JSR   +8.0 dB  BER 3.11e-01  P(det)@0.05 power_one_sided 1.000 power_two_sided 1.000 kurtosis 1.000 spec_cnn 1.000  (24s)
  JSR   +9.0 dB  BER 3.33e-01  P(det)@0.05 power_one_sided 1.000 power_two_sided 1.000 kurtosis 1.000 spec_cnn 1.000  (25s)
  JSR  +10.0 dB  BER 3.50e-01  P(det)@0.05 power_one_sided 1.000 power_two_sided 1.000 kurtosis 1.000 spec_cnn 1.000  (25s)
  JSR  +11.0 dB  BER 3.66e-01  P(det)@0.05 power_one_sided 1.000 power_two_sided 1.000 kurtosis 1.000 spec_cnn 1.000  (26s)
  JSR  +12.0 dB  BER 3.81e-01  P(det)@0.05 power_one_sided 1.000 power_two_sided 1.000 kurtosis 1.000 spec_cnn 1.000  (26s)
  JSR  +13.0 dB  BER 3.93e-01  P(det)@0.05 power_one_sided 1.000 power_two_sided 1.000 kurtosis 1.000 spec_cnn 1.000  (26s)
  JSR  +14.0 dB  BER 4.03e-01  P(det)@0.05 power_one_sided 1.000 power_two_sided 1.000 kurtosis 1.000 spec_cnn 1.000  (27s)
  JSR  +15.0 dB  BER 4.14e-01  P(det)@0.05 power_one_sided 1.000 power_two_sided 1.000 kurtosis 1.000 spec_cnn 1.000  (27s)
  [snr_30] power_one_sided_b1000 confirmed: {"power_one_sided": {"0.01": {"index": 0, "sweep_ber": 0.0, "sweep_pdet": 0.015625, "confirmed_ber": 0.0, "confirmed_ser": 0.0, "confirmed_pdet": 0.009521484375, "passed": true}, "0.05": {"index": 0, "sweep_ber": 0.0, "sweep_pdet": 0.060546875, "confirmed_ber": 0.0, "confirmed_ser": 0.0, "confirmed_pdet": 0.06591796875, "passed": false}}, "power_two_sided": {"0.01": {"index": 0, "sweep_ber": 0.0, "sweep_pdet": 0.013671875, "confirmed_ber": 0.0, "confirmed_ser": 0.0, "confirmed_pdet": 0.015625, "passed": false}, "0.05": {"index": 0, "sweep_ber": 0.0, "sweep_pdet": 0.068359375, "confirmed_ber": 0.0, "confirmed_ser": 0.0, "confirmed_pdet": 0.05419921875, "passed": true}}, "kurtosis": {"0.01": {"index": 0, "sweep_ber": 0.0, "sweep_pdet": 0.017578125, "confirmed_ber": 0.0, "confirmed_ser": 0.0, "confirmed_pdet": 0.0078125, "passed": true}, "0.05": {"index": 1, "sweep_ber": 0.0, "sweep_pdet": 0.037109375, "confirmed_ber": 0.0, "confirmed_ser": 0.0, "confirmed_pdet": 0.05224609375, "passed": true}}, "spec_cnn": {"0.01": {"index": 0, "sweep_ber": 0.0, "sweep_pdet": 0.009765625, "confirmed_ber": 0.0, "confirmed_ser": 0.0, "confirmed_pdet": 0.009765625, "passed": true}, "0.05": {"index": 0, "sweep_ber": 0.0, "sweep_pdet": 0.044921875, "confirmed_ber": 0.0, "confirmed_ser": 0.0, "confirmed_pdet": 0.043701171875, "passed": true}}}  (648s)
  [snr_30] generator power_two_sided_b1 (scale 1.0000)
  JSR  -50.0 dB  BER 0.00e+00  P(det)@0.05 power_one_sided 0.043 power_two_sided 0.041 kurtosis 0.064 spec_cnn 0.033  (0s)
  JSR  -49.0 dB  BER 0.00e+00  P(det)@0.05 power_one_sided 0.061 power_two_sided 0.072 kurtosis 0.051 spec_cnn 0.031  (1s)
  JSR  -48.0 dB  BER 0.00e+00  P(det)@0.05 power_one_sided 0.062 power_two_sided 0.059 kurtosis 0.041 spec_cnn 0.059  (1s)
  JSR  -47.0 dB  BER 0.00e+00  P(det)@0.05 power_one_sided 0.055 power_two_sided 0.076 kurtosis 0.045 spec_cnn 0.047  (2s)
  JSR  -46.0 dB  BER 0.00e+00  P(det)@0.05 power_one_sided 0.045 power_two_sided 0.070 kurtosis 0.051 spec_cnn 0.041  (2s)
  JSR  -45.0 dB  BER 0.00e+00  P(det)@0.05 power_one_sided 0.053 power_two_sided 0.061 kurtosis 0.051 spec_cnn 0.061  (3s)
  JSR  -44.0 dB  BER 0.00e+00  P(det)@0.05 power_one_sided 0.055 power_two_sided 0.066 kurtosis 0.043 spec_cnn 0.064  (3s)
  JSR  -43.0 dB  BER 0.00e+00  P(det)@0.05 power_one_sided 0.080 power_two_sided 0.068 kurtosis 0.057 spec_cnn 0.041  (3s)
  JSR  -42.0 dB  BER 0.00e+00  P(det)@0.05 power_one_sided 0.084 power_two_sided 0.100 kurtosis 0.039 spec_cnn 0.043  (4s)
  JSR  -41.0 dB  BER 0.00e+00  P(det)@0.05 power_one_sided 0.072 power_two_sided 0.068 kurtosis 0.049 spec_cnn 0.033  (4s)
  JSR  -40.0 dB  BER 0.00e+00  P(det)@0.05 power_one_sided 0.109 power_two_sided 0.115 kurtosis 0.031 spec_cnn 0.070  (5s)
  JSR  -39.0 dB  BER 0.00e+00  P(det)@0.05 power_one_sided 0.115 power_two_sided 0.139 kurtosis 0.047 spec_cnn 0.066  (5s)
  JSR  -38.0 dB  BER 0.00e+00  P(det)@0.05 power_one_sided 0.133 power_two_sided 0.170 kurtosis 0.049 spec_cnn 0.068  (5s)
  JSR  -37.0 dB  BER 0.00e+00  P(det)@0.05 power_one_sided 0.152 power_two_sided 0.170 kurtosis 0.041 spec_cnn 0.057  (6s)
  JSR  -36.0 dB  BER 0.00e+00  P(det)@0.05 power_one_sided 0.207 power_two_sided 0.229 kurtosis 0.061 spec_cnn 0.070  (6s)
  JSR  -35.0 dB  BER 0.00e+00  P(det)@0.05 power_one_sided 0.188 power_two_sided 0.229 kurtosis 0.053 spec_cnn 0.066  (7s)
  JSR  -34.0 dB  BER 0.00e+00  P(det)@0.05 power_one_sided 0.238 power_two_sided 0.279 kurtosis 0.059 spec_cnn 0.082  (7s)
  JSR  -33.0 dB  BER 0.00e+00  P(det)@0.05 power_one_sided 0.268 power_two_sided 0.336 kurtosis 0.061 spec_cnn 0.098  (8s)
  JSR  -32.0 dB  BER 0.00e+00  P(det)@0.05 power_one_sided 0.324 power_two_sided 0.396 kurtosis 0.041 spec_cnn 0.107  (8s)
  JSR  -31.0 dB  BER 0.00e+00  P(det)@0.05 power_one_sided 0.340 power_two_sided 0.434 kurtosis 0.047 spec_cnn 0.145  (8s)
  JSR  -30.0 dB  BER 0.00e+00  P(det)@0.05 power_one_sided 0.371 power_two_sided 0.494 kurtosis 0.061 spec_cnn 0.156  (9s)
  JSR  -29.0 dB  BER 0.00e+00  P(det)@0.05 power_one_sided 0.434 power_two_sided 0.555 kurtosis 0.053 spec_cnn 0.170  (9s)
  JSR  -28.0 dB  BER 0.00e+00  P(det)@0.05 power_one_sided 0.443 power_two_sided 0.555 kurtosis 0.043 spec_cnn 0.223  (10s)
  JSR  -27.0 dB  BER 0.00e+00  P(det)@0.05 power_one_sided 0.488 power_two_sided 0.604 kurtosis 0.045 spec_cnn 0.285  (10s)
  JSR  -26.0 dB  BER 0.00e+00  P(det)@0.05 power_one_sided 0.531 power_two_sided 0.678 kurtosis 0.062 spec_cnn 0.393  (11s)
  JSR  -25.0 dB  BER 0.00e+00  P(det)@0.05 power_one_sided 0.553 power_two_sided 0.699 kurtosis 0.057 spec_cnn 0.506  (11s)
  JSR  -24.0 dB  BER 0.00e+00  P(det)@0.05 power_one_sided 0.574 power_two_sided 0.746 kurtosis 0.049 spec_cnn 0.672  (11s)
  JSR  -23.0 dB  BER 0.00e+00  P(det)@0.05 power_one_sided 0.611 power_two_sided 0.771 kurtosis 0.086 spec_cnn 0.801  (12s)
  JSR  -22.0 dB  BER 1.30e-04  P(det)@0.05 power_one_sided 0.689 power_two_sided 0.793 kurtosis 0.131 spec_cnn 0.945  (12s)
  JSR  -21.0 dB  BER 6.87e-04  P(det)@0.05 power_one_sided 0.680 power_two_sided 0.787 kurtosis 0.137 spec_cnn 0.996  (13s)
  JSR  -20.0 dB  BER 9.54e-04  P(det)@0.05 power_one_sided 0.766 power_two_sided 0.840 kurtosis 0.207 spec_cnn 1.000  (13s)
  JSR  -19.0 dB  BER 1.45e-03  P(det)@0.05 power_one_sided 0.799 power_two_sided 0.873 kurtosis 0.291 spec_cnn 1.000  (13s)
  JSR  -18.0 dB  BER 1.73e-03  P(det)@0.05 power_one_sided 0.854 power_two_sided 0.885 kurtosis 0.359 spec_cnn 1.000  (14s)
  JSR  -17.0 dB  BER 2.14e-03  P(det)@0.05 power_one_sided 0.928 power_two_sided 0.938 kurtosis 0.490 spec_cnn 1.000  (14s)
  JSR  -16.0 dB  BER 2.72e-03  P(det)@0.05 power_one_sided 0.932 power_two_sided 0.945 kurtosis 0.535 spec_cnn 1.000  (15s)
  JSR  -15.0 dB  BER 2.87e-03  P(det)@0.05 power_one_sided 0.977 power_two_sided 0.980 kurtosis 0.631 spec_cnn 1.000  (15s)
  JSR  -14.0 dB  BER 3.33e-03  P(det)@0.05 power_one_sided 1.000 power_two_sided 1.000 kurtosis 0.713 spec_cnn 1.000  (16s)
  JSR  -13.0 dB  BER 3.67e-03  P(det)@0.05 power_one_sided 1.000 power_two_sided 1.000 kurtosis 0.803 spec_cnn 1.000  (16s)
  JSR  -12.0 dB  BER 4.04e-03  P(det)@0.05 power_one_sided 1.000 power_two_sided 1.000 kurtosis 0.859 spec_cnn 1.000  (17s)
  JSR  -11.0 dB  BER 4.14e-03  P(det)@0.05 power_one_sided 1.000 power_two_sided 1.000 kurtosis 0.930 spec_cnn 1.000  (17s)
  JSR  -10.0 dB  BER 4.41e-03  P(det)@0.05 power_one_sided 1.000 power_two_sided 1.000 kurtosis 0.990 spec_cnn 1.000  (17s)
  JSR   -9.0 dB  BER 4.59e-03  P(det)@0.05 power_one_sided 1.000 power_two_sided 1.000 kurtosis 1.000 spec_cnn 1.000  (18s)
  JSR   -8.0 dB  BER 4.83e-03  P(det)@0.05 power_one_sided 1.000 power_two_sided 1.000 kurtosis 1.000 spec_cnn 1.000  (18s)
  JSR   -7.0 dB  BER 5.53e-03  P(det)@0.05 power_one_sided 1.000 power_two_sided 1.000 kurtosis 1.000 spec_cnn 1.000  (19s)
  JSR   -6.0 dB  BER 5.36e-03  P(det)@0.05 power_one_sided 1.000 power_two_sided 1.000 kurtosis 1.000 spec_cnn 1.000  (19s)
  JSR   -5.0 dB  BER 5.86e-03  P(det)@0.05 power_one_sided 1.000 power_two_sided 1.000 kurtosis 1.000 spec_cnn 1.000  (20s)
  JSR   -4.0 dB  BER 6.90e-03  P(det)@0.05 power_one_sided 1.000 power_two_sided 1.000 kurtosis 1.000 spec_cnn 1.000  (20s)
  JSR   -3.0 dB  BER 7.36e-03  P(det)@0.05 power_one_sided 1.000 power_two_sided 1.000 kurtosis 1.000 spec_cnn 1.000  (20s)
  JSR   -2.0 dB  BER 8.16e-03  P(det)@0.05 power_one_sided 1.000 power_two_sided 1.000 kurtosis 1.000 spec_cnn 1.000  (21s)
  JSR   -1.0 dB  BER 8.62e-03  P(det)@0.05 power_one_sided 1.000 power_two_sided 1.000 kurtosis 1.000 spec_cnn 1.000  (21s)
  JSR   +0.0 dB  BER 9.19e-03  P(det)@0.05 power_one_sided 1.000 power_two_sided 1.000 kurtosis 1.000 spec_cnn 1.000  (22s)
  JSR   +1.0 dB  BER 9.48e-03  P(det)@0.05 power_one_sided 1.000 power_two_sided 1.000 kurtosis 1.000 spec_cnn 1.000  (22s)
  JSR   +2.0 dB  BER 1.04e-02  P(det)@0.05 power_one_sided 1.000 power_two_sided 1.000 kurtosis 1.000 spec_cnn 1.000  (23s)
  JSR   +3.0 dB  BER 1.10e-02  P(det)@0.05 power_one_sided 1.000 power_two_sided 1.000 kurtosis 1.000 spec_cnn 1.000  (23s)
  JSR   +4.0 dB  BER 1.23e-02  P(det)@0.05 power_one_sided 1.000 power_two_sided 1.000 kurtosis 1.000 spec_cnn 1.000  (23s)
  JSR   +5.0 dB  BER 1.49e-02  P(det)@0.05 power_one_sided 1.000 power_two_sided 1.000 kurtosis 1.000 spec_cnn 1.000  (24s)
  JSR   +6.0 dB  BER 1.81e-02  P(det)@0.05 power_one_sided 1.000 power_two_sided 1.000 kurtosis 1.000 spec_cnn 1.000  (24s)
  JSR   +7.0 dB  BER 2.25e-02  P(det)@0.05 power_one_sided 1.000 power_two_sided 1.000 kurtosis 1.000 spec_cnn 1.000  (25s)
  JSR   +8.0 dB  BER 2.96e-02  P(det)@0.05 power_one_sided 1.000 power_two_sided 1.000 kurtosis 1.000 spec_cnn 1.000  (25s)
  JSR   +9.0 dB  BER 3.94e-02  P(det)@0.05 power_one_sided 1.000 power_two_sided 1.000 kurtosis 1.000 spec_cnn 1.000  (26s)
  JSR  +10.0 dB  BER 5.75e-02  P(det)@0.05 power_one_sided 1.000 power_two_sided 1.000 kurtosis 1.000 spec_cnn 1.000  (26s)
  JSR  +11.0 dB  BER 7.48e-02  P(det)@0.05 power_one_sided 1.000 power_two_sided 1.000 kurtosis 1.000 spec_cnn 1.000  (26s)
  JSR  +12.0 dB  BER 9.39e-02  P(det)@0.05 power_one_sided 1.000 power_two_sided 1.000 kurtosis 1.000 spec_cnn 1.000  (27s)
  JSR  +13.0 dB  BER 1.19e-01  P(det)@0.05 power_one_sided 1.000 power_two_sided 1.000 kurtosis 1.000 spec_cnn 1.000  (27s)
  JSR  +14.0 dB  BER 1.44e-01  P(det)@0.05 power_one_sided 1.000 power_two_sided 1.000 kurtosis 1.000 spec_cnn 1.000  (28s)
  JSR  +15.0 dB  BER 1.72e-01  P(det)@0.05 power_one_sided 1.000 power_two_sided 1.000 kurtosis 1.000 spec_cnn 1.000  (28s)
  [snr_30] power_two_sided_b1 confirmed: {"power_one_sided": {"0.01": {"index": 0, "sweep_ber": 0.0, "sweep_pdet": 0.009765625, "confirmed_ber": 0.0, "confirmed_ser": 0.0, "confirmed_pdet": 0.010498046875, "passed": true}, "0.05": {"index": 0, "sweep_ber": 0.0, "sweep_pdet": 0.04296875, "confirmed_ber": 0.0, "confirmed_ser": 0.0, "confirmed_pdet": 0.052978515625, "passed": true}}, "power_two_sided": {"0.01": {"index": 0, "sweep_ber": 0.0, "sweep_pdet": 0.009765625, "confirmed_ber": 0.0, "confirmed_ser": 0.0, "confirmed_pdet": 0.01220703125, "passed": true}, "0.05": {"index": 0, "sweep_ber": 0.0, "sweep_pdet": 0.041015625, "confirmed_ber": 0.0, "confirmed_ser": 0.0, "confirmed_pdet": 0.05615234375, "passed": true}}, "kurtosis": {"0.01": {"index": 0, "sweep_ber": 0.0, "sweep_pdet": 0.009765625, "confirmed_ber": 0.0, "confirmed_ser": 0.0, "confirmed_pdet": 0.009765625, "passed": true}, "0.05": {"index": 0, "sweep_ber": 0.0, "sweep_pdet": 0.064453125, "confirmed_ber": 0.0, "confirmed_ser": 0.0, "confirmed_pdet": 0.0439453125, "passed": true}}, "spec_cnn": {"0.01": {"index": 0, "sweep_ber": 0.0, "sweep_pdet": 0.005859375, "confirmed_ber": 0.0, "confirmed_ser": 0.0, "confirmed_pdet": 0.011474609375, "passed": true}, "0.05": {"index": 0, "sweep_ber": 0.0, "sweep_pdet": 0.033203125, "confirmed_ber": 0.0, "confirmed_ser": 0.0, "confirmed_pdet": 0.0458984375, "passed": true}}}  (704s)
  [snr_30] generator power_two_sided_b10 (scale 1.0000)
  JSR  -50.0 dB  BER 0.00e+00  P(det)@0.05 power_one_sided 0.041 power_two_sided 0.049 kurtosis 0.043 spec_cnn 0.059  (0s)
  JSR  -49.0 dB  BER 0.00e+00  P(det)@0.05 power_one_sided 0.039 power_two_sided 0.049 kurtosis 0.041 spec_cnn 0.057  (1s)
  JSR  -48.0 dB  BER 0.00e+00  P(det)@0.05 power_one_sided 0.057 power_two_sided 0.062 kurtosis 0.068 spec_cnn 0.061  (1s)
  JSR  -47.0 dB  BER 0.00e+00  P(det)@0.05 power_one_sided 0.072 power_two_sided 0.059 kurtosis 0.053 spec_cnn 0.049  (2s)
  JSR  -46.0 dB  BER 0.00e+00  P(det)@0.05 power_one_sided 0.055 power_two_sided 0.047 kurtosis 0.055 spec_cnn 0.049  (2s)
  JSR  -45.0 dB  BER 0.00e+00  P(det)@0.05 power_one_sided 0.072 power_two_sided 0.064 kurtosis 0.047 spec_cnn 0.064  (2s)
  JSR  -44.0 dB  BER 0.00e+00  P(det)@0.05 power_one_sided 0.049 power_two_sided 0.070 kurtosis 0.033 spec_cnn 0.049  (3s)
  JSR  -43.0 dB  BER 0.00e+00  P(det)@0.05 power_one_sided 0.070 power_two_sided 0.088 kurtosis 0.041 spec_cnn 0.070  (3s)
  JSR  -42.0 dB  BER 0.00e+00  P(det)@0.05 power_one_sided 0.102 power_two_sided 0.107 kurtosis 0.055 spec_cnn 0.090  (4s)
  JSR  -41.0 dB  BER 0.00e+00  P(det)@0.05 power_one_sided 0.094 power_two_sided 0.084 kurtosis 0.043 spec_cnn 0.076  (4s)
  JSR  -40.0 dB  BER 0.00e+00  P(det)@0.05 power_one_sided 0.102 power_two_sided 0.105 kurtosis 0.035 spec_cnn 0.076  (5s)
  JSR  -39.0 dB  BER 0.00e+00  P(det)@0.05 power_one_sided 0.113 power_two_sided 0.117 kurtosis 0.049 spec_cnn 0.096  (5s)
  JSR  -38.0 dB  BER 0.00e+00  P(det)@0.05 power_one_sided 0.115 power_two_sided 0.131 kurtosis 0.064 spec_cnn 0.123  (5s)
  JSR  -37.0 dB  BER 0.00e+00  P(det)@0.05 power_one_sided 0.178 power_two_sided 0.176 kurtosis 0.055 spec_cnn 0.154  (6s)
  JSR  -36.0 dB  BER 0.00e+00  P(det)@0.05 power_one_sided 0.203 power_two_sided 0.191 kurtosis 0.059 spec_cnn 0.148  (6s)
  JSR  -35.0 dB  BER 0.00e+00  P(det)@0.05 power_one_sided 0.227 power_two_sided 0.225 kurtosis 0.049 spec_cnn 0.178  (7s)
  JSR  -34.0 dB  BER 0.00e+00  P(det)@0.05 power_one_sided 0.277 power_two_sided 0.291 kurtosis 0.051 spec_cnn 0.213  (7s)
  JSR  -33.0 dB  BER 0.00e+00  P(det)@0.05 power_one_sided 0.299 power_two_sided 0.316 kurtosis 0.055 spec_cnn 0.268  (7s)
  JSR  -32.0 dB  BER 0.00e+00  P(det)@0.05 power_one_sided 0.354 power_two_sided 0.377 kurtosis 0.049 spec_cnn 0.311  (8s)
  JSR  -31.0 dB  BER 0.00e+00  P(det)@0.05 power_one_sided 0.432 power_two_sided 0.463 kurtosis 0.049 spec_cnn 0.336  (8s)
  JSR  -30.0 dB  BER 0.00e+00  P(det)@0.05 power_one_sided 0.402 power_two_sided 0.430 kurtosis 0.033 spec_cnn 0.416  (9s)
  JSR  -29.0 dB  BER 0.00e+00  P(det)@0.05 power_one_sided 0.502 power_two_sided 0.539 kurtosis 0.066 spec_cnn 0.475  (9s)
  JSR  -28.0 dB  BER 0.00e+00  P(det)@0.05 power_one_sided 0.521 power_two_sided 0.568 kurtosis 0.057 spec_cnn 0.615  (10s)
  JSR  -27.0 dB  BER 0.00e+00  P(det)@0.05 power_one_sided 0.605 power_two_sided 0.639 kurtosis 0.039 spec_cnn 0.678  (10s)
  JSR  -26.0 dB  BER 0.00e+00  P(det)@0.05 power_one_sided 0.621 power_two_sided 0.656 kurtosis 0.037 spec_cnn 0.791  (10s)
  JSR  -25.0 dB  BER 0.00e+00  P(det)@0.05 power_one_sided 0.697 power_two_sided 0.732 kurtosis 0.062 spec_cnn 0.891  (11s)
  JSR  -24.0 dB  BER 0.00e+00  P(det)@0.05 power_one_sided 0.717 power_two_sided 0.750 kurtosis 0.062 spec_cnn 0.922  (11s)
  JSR  -23.0 dB  BER 0.00e+00  P(det)@0.05 power_one_sided 0.807 power_two_sided 0.816 kurtosis 0.049 spec_cnn 0.980  (12s)
  JSR  -22.0 dB  BER 2.29e-05  P(det)@0.05 power_one_sided 0.844 power_two_sided 0.859 kurtosis 0.059 spec_cnn 0.998  (12s)
  JSR  -21.0 dB  BER 2.90e-04  P(det)@0.05 power_one_sided 0.912 power_two_sided 0.916 kurtosis 0.057 spec_cnn 0.998  (12s)
  JSR  -20.0 dB  BER 6.71e-04  P(det)@0.05 power_one_sided 0.951 power_two_sided 0.959 kurtosis 0.076 spec_cnn 1.000  (13s)
  JSR  -19.0 dB  BER 1.16e-03  P(det)@0.05 power_one_sided 0.980 power_two_sided 0.973 kurtosis 0.094 spec_cnn 1.000  (13s)
  JSR  -18.0 dB  BER 1.34e-03  P(det)@0.05 power_one_sided 0.984 power_two_sided 0.984 kurtosis 0.193 spec_cnn 1.000  (14s)
  JSR  -17.0 dB  BER 1.93e-03  P(det)@0.05 power_one_sided 1.000 power_two_sided 1.000 kurtosis 0.248 spec_cnn 1.000  (14s)
  JSR  -16.0 dB  BER 2.10e-03  P(det)@0.05 power_one_sided 1.000 power_two_sided 1.000 kurtosis 0.336 spec_cnn 1.000  (15s)
  JSR  -15.0 dB  BER 2.58e-03  P(det)@0.05 power_one_sided 1.000 power_two_sided 1.000 kurtosis 0.430 spec_cnn 1.000  (15s)
  JSR  -14.0 dB  BER 2.95e-03  P(det)@0.05 power_one_sided 1.000 power_two_sided 1.000 kurtosis 0.574 spec_cnn 1.000  (15s)
  JSR  -13.0 dB  BER 3.27e-03  P(det)@0.05 power_one_sided 1.000 power_two_sided 1.000 kurtosis 0.795 spec_cnn 1.000  (16s)
  JSR  -12.0 dB  BER 3.74e-03  P(det)@0.05 power_one_sided 1.000 power_two_sided 1.000 kurtosis 0.898 spec_cnn 1.000  (16s)
  JSR  -11.0 dB  BER 3.84e-03  P(det)@0.05 power_one_sided 1.000 power_two_sided 1.000 kurtosis 0.975 spec_cnn 1.000  (17s)
  JSR  -10.0 dB  BER 4.64e-03  P(det)@0.05 power_one_sided 1.000 power_two_sided 1.000 kurtosis 0.998 spec_cnn 1.000  (17s)
  JSR   -9.0 dB  BER 4.84e-03  P(det)@0.05 power_one_sided 1.000 power_two_sided 1.000 kurtosis 1.000 spec_cnn 1.000  (17s)
  JSR   -8.0 dB  BER 5.62e-03  P(det)@0.05 power_one_sided 1.000 power_two_sided 1.000 kurtosis 1.000 spec_cnn 1.000  (18s)
  JSR   -7.0 dB  BER 5.75e-03  P(det)@0.05 power_one_sided 1.000 power_two_sided 1.000 kurtosis 1.000 spec_cnn 1.000  (18s)
  JSR   -6.0 dB  BER 6.13e-03  P(det)@0.05 power_one_sided 1.000 power_two_sided 1.000 kurtosis 1.000 spec_cnn 1.000  (19s)
  JSR   -5.0 dB  BER 6.72e-03  P(det)@0.05 power_one_sided 1.000 power_two_sided 1.000 kurtosis 1.000 spec_cnn 1.000  (19s)
  JSR   -4.0 dB  BER 7.97e-03  P(det)@0.05 power_one_sided 1.000 power_two_sided 1.000 kurtosis 1.000 spec_cnn 1.000  (20s)
  JSR   -3.0 dB  BER 8.77e-03  P(det)@0.05 power_one_sided 1.000 power_two_sided 1.000 kurtosis 1.000 spec_cnn 1.000  (20s)
  JSR   -2.0 dB  BER 9.04e-03  P(det)@0.05 power_one_sided 1.000 power_two_sided 1.000 kurtosis 1.000 spec_cnn 1.000  (20s)
  JSR   -1.0 dB  BER 1.03e-02  P(det)@0.05 power_one_sided 1.000 power_two_sided 1.000 kurtosis 1.000 spec_cnn 1.000  (21s)
  JSR   +0.0 dB  BER 1.09e-02  P(det)@0.05 power_one_sided 1.000 power_two_sided 1.000 kurtosis 1.000 spec_cnn 1.000  (21s)
  JSR   +1.0 dB  BER 1.15e-02  P(det)@0.05 power_one_sided 1.000 power_two_sided 1.000 kurtosis 1.000 spec_cnn 1.000  (22s)
  JSR   +2.0 dB  BER 1.27e-02  P(det)@0.05 power_one_sided 1.000 power_two_sided 1.000 kurtosis 1.000 spec_cnn 1.000  (22s)
  JSR   +3.0 dB  BER 1.33e-02  P(det)@0.05 power_one_sided 1.000 power_two_sided 1.000 kurtosis 1.000 spec_cnn 1.000  (22s)
  JSR   +4.0 dB  BER 1.63e-02  P(det)@0.05 power_one_sided 1.000 power_two_sided 1.000 kurtosis 1.000 spec_cnn 1.000  (23s)
  JSR   +5.0 dB  BER 1.95e-02  P(det)@0.05 power_one_sided 1.000 power_two_sided 1.000 kurtosis 1.000 spec_cnn 1.000  (23s)
  JSR   +6.0 dB  BER 2.53e-02  P(det)@0.05 power_one_sided 1.000 power_two_sided 1.000 kurtosis 1.000 spec_cnn 1.000  (24s)
  JSR   +7.0 dB  BER 3.21e-02  P(det)@0.05 power_one_sided 1.000 power_two_sided 1.000 kurtosis 1.000 spec_cnn 1.000  (24s)
  JSR   +8.0 dB  BER 4.30e-02  P(det)@0.05 power_one_sided 1.000 power_two_sided 1.000 kurtosis 1.000 spec_cnn 1.000  (25s)
  JSR   +9.0 dB  BER 5.97e-02  P(det)@0.05 power_one_sided 1.000 power_two_sided 1.000 kurtosis 1.000 spec_cnn 1.000  (25s)
  JSR  +10.0 dB  BER 7.63e-02  P(det)@0.05 power_one_sided 1.000 power_two_sided 1.000 kurtosis 1.000 spec_cnn 1.000  (25s)
  JSR  +11.0 dB  BER 9.81e-02  P(det)@0.05 power_one_sided 1.000 power_two_sided 1.000 kurtosis 1.000 spec_cnn 1.000  (26s)
  JSR  +12.0 dB  BER 1.21e-01  P(det)@0.05 power_one_sided 1.000 power_two_sided 1.000 kurtosis 1.000 spec_cnn 1.000  (26s)
  JSR  +13.0 dB  BER 1.51e-01  P(det)@0.05 power_one_sided 1.000 power_two_sided 1.000 kurtosis 1.000 spec_cnn 1.000  (27s)
  JSR  +14.0 dB  BER 1.69e-01  P(det)@0.05 power_one_sided 1.000 power_two_sided 1.000 kurtosis 1.000 spec_cnn 1.000  (27s)
  JSR  +15.0 dB  BER 1.97e-01  P(det)@0.05 power_one_sided 1.000 power_two_sided 1.000 kurtosis 1.000 spec_cnn 1.000  (28s)
  [snr_30] power_two_sided_b10 confirmed: {"power_one_sided": {"0.01": {"index": 0, "sweep_ber": 0.0, "sweep_pdet": 0.00390625, "confirmed_ber": 0.0, "confirmed_ser": 0.0, "confirmed_pdet": 0.0107421875, "passed": true}, "0.05": {"index": 0, "sweep_ber": 0.0, "sweep_pdet": 0.041015625, "confirmed_ber": 0.0, "confirmed_ser": 0.0, "confirmed_pdet": 0.057861328125, "passed": false}}, "power_two_sided": {"0.01": {"index": 0, "sweep_ber": 0.0, "sweep_pdet": 0.013671875, "confirmed_ber": 0.0, "confirmed_ser": 0.0, "confirmed_pdet": 0.0107421875, "passed": true}, "0.05": {"index": 0, "sweep_ber": 0.0, "sweep_pdet": 0.048828125, "confirmed_ber": 0.0, "confirmed_ser": 0.0, "confirmed_pdet": 0.051513671875, "passed": true}}, "kurtosis": {"0.01": {"index": 29, "sweep_ber": 0.0002899169921875, "sweep_pdet": 0.017578125, "confirmed_ber": 0.00029754638671875, "confirmed_ser": 0.0005950927734375, "confirmed_pdet": 0.016357421875, "passed": false}, "0.05": {"index": 29, "sweep_ber": 0.0002899169921875, "sweep_pdet": 0.056640625, "confirmed_ber": 0.0003185272216796875, "confirmed_ser": 0.000637054443359375, "confirmed_pdet": 0.067626953125, "passed": false}}, "spec_cnn": {"0.01": {"index": 0, "sweep_ber": 0.0, "sweep_pdet": 0.005859375, "confirmed_ber": 0.0, "confirmed_ser": 0.0, "confirmed_pdet": 0.008544921875, "passed": true}, "0.05": {"index": 0, "sweep_ber": 0.0, "sweep_pdet": 0.05859375, "confirmed_ber": 0.0, "confirmed_ser": 0.0, "confirmed_pdet": 0.052001953125, "passed": true}}}  (758s)
  [snr_30] generator power_two_sided_b100 (scale 1.0000)
  JSR  -50.0 dB  BER 0.00e+00  P(det)@0.05 power_one_sided 0.059 power_two_sided 0.047 kurtosis 0.041 spec_cnn 0.041  (0s)
  JSR  -49.0 dB  BER 0.00e+00  P(det)@0.05 power_one_sided 0.066 power_two_sided 0.059 kurtosis 0.047 spec_cnn 0.057  (1s)
  JSR  -48.0 dB  BER 0.00e+00  P(det)@0.05 power_one_sided 0.051 power_two_sided 0.062 kurtosis 0.045 spec_cnn 0.049  (1s)
  JSR  -47.0 dB  BER 0.00e+00  P(det)@0.05 power_one_sided 0.066 power_two_sided 0.066 kurtosis 0.053 spec_cnn 0.039  (2s)
  JSR  -46.0 dB  BER 0.00e+00  P(det)@0.05 power_one_sided 0.064 power_two_sided 0.043 kurtosis 0.053 spec_cnn 0.049  (2s)
  JSR  -45.0 dB  BER 0.00e+00  P(det)@0.05 power_one_sided 0.076 power_two_sided 0.059 kurtosis 0.043 spec_cnn 0.057  (2s)
  JSR  -44.0 dB  BER 0.00e+00  P(det)@0.05 power_one_sided 0.074 power_two_sided 0.049 kurtosis 0.047 spec_cnn 0.072  (3s)
  JSR  -43.0 dB  BER 0.00e+00  P(det)@0.05 power_one_sided 0.076 power_two_sided 0.064 kurtosis 0.064 spec_cnn 0.061  (3s)
  JSR  -42.0 dB  BER 0.00e+00  P(det)@0.05 power_one_sided 0.111 power_two_sided 0.102 kurtosis 0.070 spec_cnn 0.059  (4s)
  JSR  -41.0 dB  BER 0.00e+00  P(det)@0.05 power_one_sided 0.113 power_two_sided 0.111 kurtosis 0.059 spec_cnn 0.035  (4s)
  JSR  -40.0 dB  BER 0.00e+00  P(det)@0.05 power_one_sided 0.104 power_two_sided 0.100 kurtosis 0.047 spec_cnn 0.055  (5s)
  JSR  -39.0 dB  BER 0.00e+00  P(det)@0.05 power_one_sided 0.117 power_two_sided 0.121 kurtosis 0.078 spec_cnn 0.045  (5s)
  JSR  -38.0 dB  BER 0.00e+00  P(det)@0.05 power_one_sided 0.115 power_two_sided 0.129 kurtosis 0.045 spec_cnn 0.082  (5s)
  JSR  -37.0 dB  BER 0.00e+00  P(det)@0.05 power_one_sided 0.166 power_two_sided 0.186 kurtosis 0.055 spec_cnn 0.084  (6s)
  JSR  -36.0 dB  BER 0.00e+00  P(det)@0.05 power_one_sided 0.215 power_two_sided 0.201 kurtosis 0.035 spec_cnn 0.092  (6s)
  JSR  -35.0 dB  BER 0.00e+00  P(det)@0.05 power_one_sided 0.184 power_two_sided 0.217 kurtosis 0.043 spec_cnn 0.094  (7s)
  JSR  -34.0 dB  BER 0.00e+00  P(det)@0.05 power_one_sided 0.271 power_two_sided 0.258 kurtosis 0.057 spec_cnn 0.121  (7s)
  JSR  -33.0 dB  BER 0.00e+00  P(det)@0.05 power_one_sided 0.271 power_two_sided 0.293 kurtosis 0.057 spec_cnn 0.143  (7s)
  JSR  -32.0 dB  BER 0.00e+00  P(det)@0.05 power_one_sided 0.340 power_two_sided 0.355 kurtosis 0.043 spec_cnn 0.170  (8s)
  JSR  -31.0 dB  BER 0.00e+00  P(det)@0.05 power_one_sided 0.363 power_two_sided 0.381 kurtosis 0.051 spec_cnn 0.189  (8s)
  JSR  -30.0 dB  BER 0.00e+00  P(det)@0.05 power_one_sided 0.455 power_two_sided 0.498 kurtosis 0.055 spec_cnn 0.248  (9s)
  JSR  -29.0 dB  BER 0.00e+00  P(det)@0.05 power_one_sided 0.494 power_two_sided 0.543 kurtosis 0.055 spec_cnn 0.338  (9s)
  JSR  -28.0 dB  BER 0.00e+00  P(det)@0.05 power_one_sided 0.559 power_two_sided 0.607 kurtosis 0.047 spec_cnn 0.439  (10s)
  JSR  -27.0 dB  BER 0.00e+00  P(det)@0.05 power_one_sided 0.555 power_two_sided 0.607 kurtosis 0.059 spec_cnn 0.533  (10s)
  JSR  -26.0 dB  BER 0.00e+00  P(det)@0.05 power_one_sided 0.637 power_two_sided 0.684 kurtosis 0.047 spec_cnn 0.693  (10s)
  JSR  -25.0 dB  BER 0.00e+00  P(det)@0.05 power_one_sided 0.705 power_two_sided 0.730 kurtosis 0.057 spec_cnn 0.803  (11s)
  JSR  -24.0 dB  BER 0.00e+00  P(det)@0.05 power_one_sided 0.771 power_two_sided 0.777 kurtosis 0.037 spec_cnn 0.908  (11s)
  JSR  -23.0 dB  BER 0.00e+00  P(det)@0.05 power_one_sided 0.807 power_two_sided 0.834 kurtosis 0.055 spec_cnn 0.986  (12s)
  JSR  -22.0 dB  BER 0.00e+00  P(det)@0.05 power_one_sided 0.832 power_two_sided 0.842 kurtosis 0.059 spec_cnn 0.988  (12s)
  JSR  -21.0 dB  BER 1.53e-05  P(det)@0.05 power_one_sided 0.895 power_two_sided 0.900 kurtosis 0.045 spec_cnn 1.000  (12s)
  JSR  -20.0 dB  BER 2.14e-04  P(det)@0.05 power_one_sided 0.939 power_two_sided 0.941 kurtosis 0.057 spec_cnn 1.000  (13s)
  JSR  -19.0 dB  BER 5.72e-04  P(det)@0.05 power_one_sided 0.957 power_two_sided 0.965 kurtosis 0.090 spec_cnn 1.000  (13s)
  JSR  -18.0 dB  BER 1.08e-03  P(det)@0.05 power_one_sided 0.969 power_two_sided 0.975 kurtosis 0.100 spec_cnn 1.000  (14s)
  JSR  -17.0 dB  BER 1.27e-03  P(det)@0.05 power_one_sided 0.988 power_two_sided 0.986 kurtosis 0.174 spec_cnn 1.000  (14s)
  JSR  -16.0 dB  BER 1.66e-03  P(det)@0.05 power_one_sided 0.998 power_two_sided 0.998 kurtosis 0.244 spec_cnn 1.000  (15s)
  JSR  -15.0 dB  BER 2.09e-03  P(det)@0.05 power_one_sided 0.998 power_two_sided 0.998 kurtosis 0.348 spec_cnn 1.000  (15s)
  JSR  -14.0 dB  BER 2.56e-03  P(det)@0.05 power_one_sided 1.000 power_two_sided 1.000 kurtosis 0.520 spec_cnn 1.000  (15s)
  JSR  -13.0 dB  BER 2.71e-03  P(det)@0.05 power_one_sided 1.000 power_two_sided 1.000 kurtosis 0.664 spec_cnn 1.000  (16s)
  JSR  -12.0 dB  BER 3.35e-03  P(det)@0.05 power_one_sided 1.000 power_two_sided 1.000 kurtosis 0.783 spec_cnn 1.000  (16s)
  JSR  -11.0 dB  BER 3.53e-03  P(det)@0.05 power_one_sided 1.000 power_two_sided 1.000 kurtosis 0.912 spec_cnn 1.000  (17s)
  JSR  -10.0 dB  BER 3.88e-03  P(det)@0.05 power_one_sided 1.000 power_two_sided 1.000 kurtosis 0.988 spec_cnn 1.000  (17s)
  JSR   -9.0 dB  BER 4.21e-03  P(det)@0.05 power_one_sided 1.000 power_two_sided 1.000 kurtosis 0.998 spec_cnn 1.000  (18s)
  JSR   -8.0 dB  BER 4.61e-03  P(det)@0.05 power_one_sided 1.000 power_two_sided 1.000 kurtosis 1.000 spec_cnn 1.000  (18s)
  JSR   -7.0 dB  BER 5.09e-03  P(det)@0.05 power_one_sided 1.000 power_two_sided 1.000 kurtosis 1.000 spec_cnn 1.000  (18s)
  JSR   -6.0 dB  BER 5.60e-03  P(det)@0.05 power_one_sided 1.000 power_two_sided 1.000 kurtosis 1.000 spec_cnn 1.000  (19s)
  JSR   -5.0 dB  BER 6.13e-03  P(det)@0.05 power_one_sided 1.000 power_two_sided 1.000 kurtosis 1.000 spec_cnn 1.000  (19s)
  JSR   -4.0 dB  BER 6.93e-03  P(det)@0.05 power_one_sided 1.000 power_two_sided 1.000 kurtosis 1.000 spec_cnn 1.000  (20s)
  JSR   -3.0 dB  BER 7.30e-03  P(det)@0.05 power_one_sided 1.000 power_two_sided 1.000 kurtosis 1.000 spec_cnn 1.000  (20s)
  JSR   -2.0 dB  BER 8.56e-03  P(det)@0.05 power_one_sided 1.000 power_two_sided 1.000 kurtosis 1.000 spec_cnn 1.000  (20s)
  JSR   -1.0 dB  BER 1.08e-02  P(det)@0.05 power_one_sided 1.000 power_two_sided 1.000 kurtosis 1.000 spec_cnn 1.000  (21s)
  JSR   +0.0 dB  BER 1.50e-02  P(det)@0.05 power_one_sided 1.000 power_two_sided 1.000 kurtosis 1.000 spec_cnn 1.000  (21s)
  JSR   +1.0 dB  BER 2.22e-02  P(det)@0.05 power_one_sided 1.000 power_two_sided 1.000 kurtosis 1.000 spec_cnn 1.000  (22s)
  JSR   +2.0 dB  BER 3.23e-02  P(det)@0.05 power_one_sided 1.000 power_two_sided 1.000 kurtosis 1.000 spec_cnn 1.000  (22s)
  JSR   +3.0 dB  BER 4.86e-02  P(det)@0.05 power_one_sided 1.000 power_two_sided 1.000 kurtosis 1.000 spec_cnn 1.000  (23s)
  JSR   +4.0 dB  BER 6.59e-02  P(det)@0.05 power_one_sided 1.000 power_two_sided 1.000 kurtosis 1.000 spec_cnn 1.000  (23s)
  JSR   +5.0 dB  BER 8.76e-02  P(det)@0.05 power_one_sided 1.000 power_two_sided 1.000 kurtosis 1.000 spec_cnn 1.000  (23s)
  JSR   +6.0 dB  BER 1.13e-01  P(det)@0.05 power_one_sided 1.000 power_two_sided 1.000 kurtosis 1.000 spec_cnn 1.000  (24s)
  JSR   +7.0 dB  BER 1.36e-01  P(det)@0.05 power_one_sided 1.000 power_two_sided 1.000 kurtosis 1.000 spec_cnn 1.000  (24s)
  JSR   +8.0 dB  BER 1.66e-01  P(det)@0.05 power_one_sided 1.000 power_two_sided 1.000 kurtosis 1.000 spec_cnn 1.000  (25s)
  JSR   +9.0 dB  BER 1.90e-01  P(det)@0.05 power_one_sided 1.000 power_two_sided 1.000 kurtosis 1.000 spec_cnn 1.000  (25s)
  JSR  +10.0 dB  BER 2.18e-01  P(det)@0.05 power_one_sided 1.000 power_two_sided 1.000 kurtosis 1.000 spec_cnn 1.000  (26s)
  JSR  +11.0 dB  BER 2.41e-01  P(det)@0.05 power_one_sided 1.000 power_two_sided 1.000 kurtosis 1.000 spec_cnn 1.000  (26s)
  JSR  +12.0 dB  BER 2.66e-01  P(det)@0.05 power_one_sided 1.000 power_two_sided 1.000 kurtosis 1.000 spec_cnn 1.000  (26s)
  JSR  +13.0 dB  BER 2.89e-01  P(det)@0.05 power_one_sided 1.000 power_two_sided 1.000 kurtosis 1.000 spec_cnn 1.000  (27s)
  JSR  +14.0 dB  BER 3.07e-01  P(det)@0.05 power_one_sided 1.000 power_two_sided 1.000 kurtosis 1.000 spec_cnn 1.000  (27s)
  JSR  +15.0 dB  BER 3.27e-01  P(det)@0.05 power_one_sided 1.000 power_two_sided 1.000 kurtosis 1.000 spec_cnn 1.000  (28s)
  [snr_30] power_two_sided_b100 confirmed: {"power_one_sided": {"0.01": {"index": 0, "sweep_ber": 0.0, "sweep_pdet": 0.0078125, "confirmed_ber": 0.0, "confirmed_ser": 0.0, "confirmed_pdet": 0.009521484375, "passed": true}, "0.05": {"index": 0, "sweep_ber": 0.0, "sweep_pdet": 0.05859375, "confirmed_ber": 0.0, "confirmed_ser": 0.0, "confirmed_pdet": 0.05322265625, "passed": true}}, "power_two_sided": {"0.01": {"index": 0, "sweep_ber": 0.0, "sweep_pdet": 0.00390625, "confirmed_ber": 0.0, "confirmed_ser": 0.0, "confirmed_pdet": 0.012451171875, "passed": true}, "0.05": {"index": 0, "sweep_ber": 0.0, "sweep_pdet": 0.046875, "confirmed_ber": 0.0, "confirmed_ser": 0.0, "confirmed_pdet": 0.062744140625, "passed": false}}, "kurtosis": {"0.01": {"index": 30, "sweep_ber": 0.000213623046875, "sweep_pdet": 0.009765625, "confirmed_ber": 0.0001926422119140625, "confirmed_ser": 0.000385284423828125, "confirmed_pdet": 0.016357421875, "passed": false}, "0.05": {"index": 30, "sweep_ber": 0.000213623046875, "sweep_pdet": 0.056640625, "confirmed_ber": 0.00019931793212890625, "confirmed_ser": 0.0003986358642578125, "confirmed_pdet": 0.06396484375, "passed": false}}, "spec_cnn": {"0.01": {"index": 0, "sweep_ber": 0.0, "sweep_pdet": 0.00390625, "confirmed_ber": 0.0, "confirmed_ser": 0.0, "confirmed_pdet": 0.009521484375, "passed": true}, "0.05": {"index": 0, "sweep_ber": 0.0, "sweep_pdet": 0.041015625, "confirmed_ber": 0.0, "confirmed_ser": 0.0, "confirmed_pdet": 0.05126953125, "passed": true}}}  (813s)
  [snr_30] generator power_two_sided_b1000 (scale 1.0000)
  JSR  -50.0 dB  BER 0.00e+00  P(det)@0.05 power_one_sided 0.059 power_two_sided 0.061 kurtosis 0.059 spec_cnn 0.051  (0s)
  JSR  -49.0 dB  BER 0.00e+00  P(det)@0.05 power_one_sided 0.064 power_two_sided 0.047 kurtosis 0.049 spec_cnn 0.045  (1s)
  JSR  -48.0 dB  BER 0.00e+00  P(det)@0.05 power_one_sided 0.053 power_two_sided 0.053 kurtosis 0.045 spec_cnn 0.053  (1s)
  JSR  -47.0 dB  BER 0.00e+00  P(det)@0.05 power_one_sided 0.051 power_two_sided 0.049 kurtosis 0.049 spec_cnn 0.051  (2s)
  JSR  -46.0 dB  BER 0.00e+00  P(det)@0.05 power_one_sided 0.051 power_two_sided 0.059 kurtosis 0.053 spec_cnn 0.047  (2s)
  JSR  -45.0 dB  BER 0.00e+00  P(det)@0.05 power_one_sided 0.062 power_two_sided 0.080 kurtosis 0.057 spec_cnn 0.047  (2s)
  JSR  -44.0 dB  BER 0.00e+00  P(det)@0.05 power_one_sided 0.066 power_two_sided 0.066 kurtosis 0.049 spec_cnn 0.053  (3s)
  JSR  -43.0 dB  BER 0.00e+00  P(det)@0.05 power_one_sided 0.086 power_two_sided 0.086 kurtosis 0.039 spec_cnn 0.057  (3s)
  JSR  -42.0 dB  BER 0.00e+00  P(det)@0.05 power_one_sided 0.068 power_two_sided 0.092 kurtosis 0.047 spec_cnn 0.049  (4s)
  JSR  -41.0 dB  BER 0.00e+00  P(det)@0.05 power_one_sided 0.074 power_two_sided 0.105 kurtosis 0.051 spec_cnn 0.059  (4s)
  JSR  -40.0 dB  BER 0.00e+00  P(det)@0.05 power_one_sided 0.119 power_two_sided 0.133 kurtosis 0.043 spec_cnn 0.062  (4s)
  JSR  -39.0 dB  BER 0.00e+00  P(det)@0.05 power_one_sided 0.137 power_two_sided 0.145 kurtosis 0.051 spec_cnn 0.053  (5s)
  JSR  -38.0 dB  BER 0.00e+00  P(det)@0.05 power_one_sided 0.150 power_two_sided 0.168 kurtosis 0.049 spec_cnn 0.062  (5s)
  JSR  -37.0 dB  BER 0.00e+00  P(det)@0.05 power_one_sided 0.180 power_two_sided 0.217 kurtosis 0.072 spec_cnn 0.080  (6s)
  JSR  -36.0 dB  BER 0.00e+00  P(det)@0.05 power_one_sided 0.184 power_two_sided 0.201 kurtosis 0.049 spec_cnn 0.084  (6s)
  JSR  -35.0 dB  BER 0.00e+00  P(det)@0.05 power_one_sided 0.207 power_two_sided 0.264 kurtosis 0.059 spec_cnn 0.080  (6s)
  JSR  -34.0 dB  BER 0.00e+00  P(det)@0.05 power_one_sided 0.260 power_two_sided 0.332 kurtosis 0.041 spec_cnn 0.084  (7s)
  JSR  -33.0 dB  BER 0.00e+00  P(det)@0.05 power_one_sided 0.256 power_two_sided 0.340 kurtosis 0.043 spec_cnn 0.125  (7s)
  JSR  -32.0 dB  BER 0.00e+00  P(det)@0.05 power_one_sided 0.312 power_two_sided 0.371 kurtosis 0.064 spec_cnn 0.174  (8s)
  JSR  -31.0 dB  BER 0.00e+00  P(det)@0.05 power_one_sided 0.373 power_two_sided 0.480 kurtosis 0.045 spec_cnn 0.182  (8s)
  JSR  -30.0 dB  BER 0.00e+00  P(det)@0.05 power_one_sided 0.363 power_two_sided 0.463 kurtosis 0.051 spec_cnn 0.217  (8s)
  JSR  -29.0 dB  BER 0.00e+00  P(det)@0.05 power_one_sided 0.473 power_two_sided 0.566 kurtosis 0.043 spec_cnn 0.258  (9s)
  JSR  -28.0 dB  BER 0.00e+00  P(det)@0.05 power_one_sided 0.422 power_two_sided 0.547 kurtosis 0.059 spec_cnn 0.330  (9s)
  JSR  -27.0 dB  BER 0.00e+00  P(det)@0.05 power_one_sided 0.525 power_two_sided 0.662 kurtosis 0.035 spec_cnn 0.398  (10s)
  JSR  -26.0 dB  BER 0.00e+00  P(det)@0.05 power_one_sided 0.504 power_two_sided 0.641 kurtosis 0.051 spec_cnn 0.520  (10s)
  JSR  -25.0 dB  BER 0.00e+00  P(det)@0.05 power_one_sided 0.568 power_two_sided 0.691 kurtosis 0.064 spec_cnn 0.600  (10s)
  JSR  -24.0 dB  BER 0.00e+00  P(det)@0.05 power_one_sided 0.617 power_two_sided 0.738 kurtosis 0.088 spec_cnn 0.654  (11s)
  JSR  -23.0 dB  BER 0.00e+00  P(det)@0.05 power_one_sided 0.658 power_two_sided 0.770 kurtosis 0.059 spec_cnn 0.773  (11s)
  JSR  -22.0 dB  BER 0.00e+00  P(det)@0.05 power_one_sided 0.713 power_two_sided 0.834 kurtosis 0.055 spec_cnn 0.830  (12s)
  JSR  -21.0 dB  BER 0.00e+00  P(det)@0.05 power_one_sided 0.734 power_two_sided 0.852 kurtosis 0.084 spec_cnn 0.873  (12s)
  JSR  -20.0 dB  BER 0.00e+00  P(det)@0.05 power_one_sided 0.801 power_two_sided 0.898 kurtosis 0.092 spec_cnn 0.936  (12s)
  JSR  -19.0 dB  BER 0.00e+00  P(det)@0.05 power_one_sided 0.850 power_two_sided 0.912 kurtosis 0.111 spec_cnn 0.947  (13s)
  JSR  -18.0 dB  BER 3.05e-05  P(det)@0.05 power_one_sided 0.877 power_two_sided 0.924 kurtosis 0.162 spec_cnn 0.980  (13s)
  JSR  -17.0 dB  BER 2.75e-04  P(det)@0.05 power_one_sided 0.928 power_two_sided 0.971 kurtosis 0.203 spec_cnn 0.994  (13s)
  JSR  -16.0 dB  BER 7.55e-04  P(det)@0.05 power_one_sided 0.947 power_two_sided 0.975 kurtosis 0.322 spec_cnn 0.998  (14s)
  JSR  -15.0 dB  BER 1.21e-03  P(det)@0.05 power_one_sided 0.967 power_two_sided 0.986 kurtosis 0.463 spec_cnn 1.000  (14s)
  JSR  -14.0 dB  BER 1.55e-03  P(det)@0.05 power_one_sided 0.973 power_two_sided 0.982 kurtosis 0.627 spec_cnn 1.000  (15s)
  JSR  -13.0 dB  BER 1.81e-03  P(det)@0.05 power_one_sided 0.992 power_two_sided 0.998 kurtosis 0.754 spec_cnn 1.000  (15s)
  JSR  -12.0 dB  BER 2.23e-03  P(det)@0.05 power_one_sided 0.994 power_two_sided 1.000 kurtosis 0.881 spec_cnn 1.000  (15s)
  JSR  -11.0 dB  BER 2.66e-03  P(det)@0.05 power_one_sided 1.000 power_two_sided 1.000 kurtosis 0.955 spec_cnn 1.000  (16s)
  JSR  -10.0 dB  BER 2.92e-03  P(det)@0.05 power_one_sided 1.000 power_two_sided 1.000 kurtosis 0.980 spec_cnn 1.000  (16s)
  JSR   -9.0 dB  BER 3.67e-03  P(det)@0.05 power_one_sided 1.000 power_two_sided 1.000 kurtosis 0.996 spec_cnn 1.000  (17s)
  JSR   -8.0 dB  BER 4.50e-03  P(det)@0.05 power_one_sided 1.000 power_two_sided 1.000 kurtosis 0.996 spec_cnn 1.000  (17s)
  JSR   -7.0 dB  BER 5.37e-03  P(det)@0.05 power_one_sided 1.000 power_two_sided 1.000 kurtosis 1.000 spec_cnn 1.000  (17s)
  JSR   -6.0 dB  BER 8.16e-03  P(det)@0.05 power_one_sided 1.000 power_two_sided 1.000 kurtosis 1.000 spec_cnn 1.000  (18s)
  JSR   -5.0 dB  BER 1.38e-02  P(det)@0.05 power_one_sided 1.000 power_two_sided 1.000 kurtosis 0.998 spec_cnn 1.000  (18s)
  JSR   -4.0 dB  BER 2.27e-02  P(det)@0.05 power_one_sided 1.000 power_two_sided 1.000 kurtosis 1.000 spec_cnn 1.000  (19s)
  JSR   -3.0 dB  BER 3.52e-02  P(det)@0.05 power_one_sided 1.000 power_two_sided 1.000 kurtosis 1.000 spec_cnn 1.000  (19s)
  JSR   -2.0 dB  BER 5.52e-02  P(det)@0.05 power_one_sided 1.000 power_two_sided 1.000 kurtosis 1.000 spec_cnn 1.000  (20s)
  JSR   -1.0 dB  BER 7.59e-02  P(det)@0.05 power_one_sided 1.000 power_two_sided 1.000 kurtosis 1.000 spec_cnn 1.000  (20s)
  JSR   +0.0 dB  BER 1.02e-01  P(det)@0.05 power_one_sided 1.000 power_two_sided 1.000 kurtosis 1.000 spec_cnn 1.000  (20s)
  JSR   +1.0 dB  BER 1.25e-01  P(det)@0.05 power_one_sided 1.000 power_two_sided 1.000 kurtosis 1.000 spec_cnn 1.000  (21s)
  JSR   +2.0 dB  BER 1.52e-01  P(det)@0.05 power_one_sided 1.000 power_two_sided 1.000 kurtosis 1.000 spec_cnn 1.000  (21s)
  JSR   +3.0 dB  BER 1.81e-01  P(det)@0.05 power_one_sided 1.000 power_two_sided 1.000 kurtosis 1.000 spec_cnn 1.000  (22s)
  JSR   +4.0 dB  BER 2.07e-01  P(det)@0.05 power_one_sided 1.000 power_two_sided 1.000 kurtosis 1.000 spec_cnn 1.000  (22s)
  JSR   +5.0 dB  BER 2.31e-01  P(det)@0.05 power_one_sided 1.000 power_two_sided 1.000 kurtosis 1.000 spec_cnn 1.000  (22s)
  JSR   +6.0 dB  BER 2.59e-01  P(det)@0.05 power_one_sided 1.000 power_two_sided 1.000 kurtosis 1.000 spec_cnn 1.000  (23s)
  JSR   +7.0 dB  BER 2.82e-01  P(det)@0.05 power_one_sided 1.000 power_two_sided 1.000 kurtosis 1.000 spec_cnn 1.000  (23s)
  JSR   +8.0 dB  BER 3.03e-01  P(det)@0.05 power_one_sided 1.000 power_two_sided 1.000 kurtosis 1.000 spec_cnn 1.000  (24s)
  JSR   +9.0 dB  BER 3.22e-01  P(det)@0.05 power_one_sided 1.000 power_two_sided 1.000 kurtosis 1.000 spec_cnn 1.000  (24s)
  JSR  +10.0 dB  BER 3.41e-01  P(det)@0.05 power_one_sided 1.000 power_two_sided 1.000 kurtosis 1.000 spec_cnn 1.000  (25s)
  JSR  +11.0 dB  BER 3.54e-01  P(det)@0.05 power_one_sided 1.000 power_two_sided 1.000 kurtosis 1.000 spec_cnn 1.000  (25s)
  JSR  +12.0 dB  BER 3.69e-01  P(det)@0.05 power_one_sided 1.000 power_two_sided 1.000 kurtosis 1.000 spec_cnn 1.000  (25s)
  JSR  +13.0 dB  BER 3.86e-01  P(det)@0.05 power_one_sided 1.000 power_two_sided 1.000 kurtosis 1.000 spec_cnn 1.000  (26s)
  JSR  +14.0 dB  BER 3.99e-01  P(det)@0.05 power_one_sided 1.000 power_two_sided 1.000 kurtosis 1.000 spec_cnn 1.000  (26s)
  JSR  +15.0 dB  BER 4.07e-01  P(det)@0.05 power_one_sided 1.000 power_two_sided 1.000 kurtosis 1.000 spec_cnn 1.000  (26s)
  [snr_30] power_two_sided_b1000 confirmed: {"power_one_sided": {"0.01": {"index": 0, "sweep_ber": 0.0, "sweep_pdet": 0.01171875, "confirmed_ber": 0.0, "confirmed_ser": 0.0, "confirmed_pdet": 0.011962890625, "passed": true}, "0.05": {"index": 0, "sweep_ber": 0.0, "sweep_pdet": 0.05859375, "confirmed_ber": 0.0, "confirmed_ser": 0.0, "confirmed_pdet": 0.058349609375, "passed": false}}, "power_two_sided": {"0.01": {"index": 0, "sweep_ber": 0.0, "sweep_pdet": 0.01171875, "confirmed_ber": 0.0, "confirmed_ser": 0.0, "confirmed_pdet": 0.007568359375, "passed": true}, "0.05": {"index": 0, "sweep_ber": 0.0, "sweep_pdet": 0.060546875, "confirmed_ber": 0.0, "confirmed_ser": 0.0, "confirmed_pdet": 0.064453125, "passed": false}}, "kurtosis": {"0.01": {"index": 0, "sweep_ber": 0.0, "sweep_pdet": 0.009765625, "confirmed_ber": 0.0, "confirmed_ser": 0.0, "confirmed_pdet": 0.01220703125, "passed": true}, "0.05": {"index": 0, "sweep_ber": 0.0, "sweep_pdet": 0.05859375, "confirmed_ber": 0.0, "confirmed_ser": 0.0, "confirmed_pdet": 0.05078125, "passed": true}}, "spec_cnn": {"0.01": {"index": 0, "sweep_ber": 0.0, "sweep_pdet": 0.01171875, "confirmed_ber": 0.0, "confirmed_ser": 0.0, "confirmed_pdet": 0.00927734375, "passed": true}, "0.05": {"index": 0, "sweep_ber": 0.0, "sweep_pdet": 0.05078125, "confirmed_ber": 0.0, "confirmed_ser": 0.0, "confirmed_pdet": 0.049072265625, "passed": true}}}  (865s)
  [snr_30] generator kurtosis_b1 (scale 1.0000)
  JSR  -50.0 dB  BER 0.00e+00  P(det)@0.05 power_one_sided 0.053 power_two_sided 0.057 kurtosis 0.062 spec_cnn 0.057  (0s)
  JSR  -49.0 dB  BER 0.00e+00  P(det)@0.05 power_one_sided 0.068 power_two_sided 0.074 kurtosis 0.055 spec_cnn 0.057  (1s)
  JSR  -48.0 dB  BER 0.00e+00  P(det)@0.05 power_one_sided 0.053 power_two_sided 0.064 kurtosis 0.057 spec_cnn 0.062  (1s)
  JSR  -47.0 dB  BER 0.00e+00  P(det)@0.05 power_one_sided 0.051 power_two_sided 0.062 kurtosis 0.055 spec_cnn 0.033  (1s)
  JSR  -46.0 dB  BER 0.00e+00  P(det)@0.05 power_one_sided 0.062 power_two_sided 0.076 kurtosis 0.041 spec_cnn 0.062  (2s)
  JSR  -45.0 dB  BER 0.00e+00  P(det)@0.05 power_one_sided 0.070 power_two_sided 0.053 kurtosis 0.047 spec_cnn 0.051  (2s)
  JSR  -44.0 dB  BER 0.00e+00  P(det)@0.05 power_one_sided 0.061 power_two_sided 0.064 kurtosis 0.068 spec_cnn 0.047  (3s)
  JSR  -43.0 dB  BER 0.00e+00  P(det)@0.05 power_one_sided 0.053 power_two_sided 0.064 kurtosis 0.057 spec_cnn 0.049  (3s)
  JSR  -42.0 dB  BER 0.00e+00  P(det)@0.05 power_one_sided 0.078 power_two_sided 0.078 kurtosis 0.047 spec_cnn 0.049  (3s)
  JSR  -41.0 dB  BER 0.00e+00  P(det)@0.05 power_one_sided 0.078 power_two_sided 0.078 kurtosis 0.059 spec_cnn 0.066  (4s)
  JSR  -40.0 dB  BER 0.00e+00  P(det)@0.05 power_one_sided 0.090 power_two_sided 0.088 kurtosis 0.039 spec_cnn 0.059  (4s)
  JSR  -39.0 dB  BER 0.00e+00  P(det)@0.05 power_one_sided 0.100 power_two_sided 0.084 kurtosis 0.053 spec_cnn 0.068  (5s)
  JSR  -38.0 dB  BER 0.00e+00  P(det)@0.05 power_one_sided 0.107 power_two_sided 0.115 kurtosis 0.051 spec_cnn 0.072  (5s)
  JSR  -37.0 dB  BER 0.00e+00  P(det)@0.05 power_one_sided 0.117 power_two_sided 0.121 kurtosis 0.066 spec_cnn 0.068  (5s)
  JSR  -36.0 dB  BER 0.00e+00  P(det)@0.05 power_one_sided 0.143 power_two_sided 0.127 kurtosis 0.062 spec_cnn 0.068  (6s)
  JSR  -35.0 dB  BER 0.00e+00  P(det)@0.05 power_one_sided 0.160 power_two_sided 0.176 kurtosis 0.039 spec_cnn 0.115  (6s)
  JSR  -34.0 dB  BER 0.00e+00  P(det)@0.05 power_one_sided 0.164 power_two_sided 0.184 kurtosis 0.057 spec_cnn 0.123  (6s)
  JSR  -33.0 dB  BER 0.00e+00  P(det)@0.05 power_one_sided 0.223 power_two_sided 0.230 kurtosis 0.074 spec_cnn 0.150  (7s)
  JSR  -32.0 dB  BER 0.00e+00  P(det)@0.05 power_one_sided 0.279 power_two_sided 0.279 kurtosis 0.049 spec_cnn 0.176  (7s)
  JSR  -31.0 dB  BER 0.00e+00  P(det)@0.05 power_one_sided 0.295 power_two_sided 0.305 kurtosis 0.047 spec_cnn 0.250  (8s)
  JSR  -30.0 dB  BER 0.00e+00  P(det)@0.05 power_one_sided 0.354 power_two_sided 0.385 kurtosis 0.047 spec_cnn 0.285  (8s)
  JSR  -29.0 dB  BER 0.00e+00  P(det)@0.05 power_one_sided 0.385 power_two_sided 0.430 kurtosis 0.033 spec_cnn 0.363  (8s)
  JSR  -28.0 dB  BER 0.00e+00  P(det)@0.05 power_one_sided 0.441 power_two_sided 0.482 kurtosis 0.053 spec_cnn 0.490  (9s)
  JSR  -27.0 dB  BER 0.00e+00  P(det)@0.05 power_one_sided 0.520 power_two_sided 0.561 kurtosis 0.076 spec_cnn 0.736  (9s)
  JSR  -26.0 dB  BER 0.00e+00  P(det)@0.05 power_one_sided 0.590 power_two_sided 0.623 kurtosis 0.045 spec_cnn 0.852  (10s)
  JSR  -25.0 dB  BER 0.00e+00  P(det)@0.05 power_one_sided 0.658 power_two_sided 0.684 kurtosis 0.047 spec_cnn 0.949  (10s)
  JSR  -24.0 dB  BER 0.00e+00  P(det)@0.05 power_one_sided 0.611 power_two_sided 0.670 kurtosis 0.064 spec_cnn 0.988  (10s)
  JSR  -23.0 dB  BER 0.00e+00  P(det)@0.05 power_one_sided 0.746 power_two_sided 0.750 kurtosis 0.080 spec_cnn 1.000  (11s)
  JSR  -22.0 dB  BER 0.00e+00  P(det)@0.05 power_one_sided 0.797 power_two_sided 0.809 kurtosis 0.064 spec_cnn 1.000  (11s)
  JSR  -21.0 dB  BER 0.00e+00  P(det)@0.05 power_one_sided 0.885 power_two_sided 0.896 kurtosis 0.070 spec_cnn 1.000  (12s)
  JSR  -20.0 dB  BER 2.29e-05  P(det)@0.05 power_one_sided 0.924 power_two_sided 0.918 kurtosis 0.086 spec_cnn 1.000  (12s)
  JSR  -19.0 dB  BER 1.14e-04  P(det)@0.05 power_one_sided 0.938 power_two_sided 0.951 kurtosis 0.148 spec_cnn 1.000  (12s)
  JSR  -18.0 dB  BER 3.43e-04  P(det)@0.05 power_one_sided 0.957 power_two_sided 0.961 kurtosis 0.166 spec_cnn 1.000  (13s)
  JSR  -17.0 dB  BER 7.40e-04  P(det)@0.05 power_one_sided 0.975 power_two_sided 0.975 kurtosis 0.287 spec_cnn 1.000  (13s)
  JSR  -16.0 dB  BER 1.02e-03  P(det)@0.05 power_one_sided 0.990 power_two_sided 0.990 kurtosis 0.363 spec_cnn 1.000  (14s)
  JSR  -15.0 dB  BER 1.23e-03  P(det)@0.05 power_one_sided 0.998 power_two_sided 0.998 kurtosis 0.566 spec_cnn 1.000  (14s)
  JSR  -14.0 dB  BER 2.01e-03  P(det)@0.05 power_one_sided 1.000 power_two_sided 1.000 kurtosis 0.598 spec_cnn 1.000  (14s)
  JSR  -13.0 dB  BER 2.37e-03  P(det)@0.05 power_one_sided 1.000 power_two_sided 1.000 kurtosis 0.775 spec_cnn 1.000  (15s)
  JSR  -12.0 dB  BER 3.36e-03  P(det)@0.05 power_one_sided 1.000 power_two_sided 1.000 kurtosis 0.814 spec_cnn 1.000  (15s)
  JSR  -11.0 dB  BER 3.36e-03  P(det)@0.05 power_one_sided 1.000 power_two_sided 1.000 kurtosis 0.939 spec_cnn 1.000  (15s)
  JSR  -10.0 dB  BER 3.63e-03  P(det)@0.05 power_one_sided 1.000 power_two_sided 1.000 kurtosis 0.980 spec_cnn 1.000  (16s)
  JSR   -9.0 dB  BER 4.64e-03  P(det)@0.05 power_one_sided 1.000 power_two_sided 1.000 kurtosis 0.996 spec_cnn 1.000  (16s)
  JSR   -8.0 dB  BER 4.99e-03  P(det)@0.05 power_one_sided 1.000 power_two_sided 1.000 kurtosis 1.000 spec_cnn 1.000  (17s)
  JSR   -7.0 dB  BER 5.78e-03  P(det)@0.05 power_one_sided 1.000 power_two_sided 1.000 kurtosis 1.000 spec_cnn 1.000  (17s)
  JSR   -6.0 dB  BER 6.17e-03  P(det)@0.05 power_one_sided 1.000 power_two_sided 1.000 kurtosis 1.000 spec_cnn 1.000  (17s)
  JSR   -5.0 dB  BER 6.71e-03  P(det)@0.05 power_one_sided 1.000 power_two_sided 1.000 kurtosis 1.000 spec_cnn 1.000  (18s)
  JSR   -4.0 dB  BER 6.85e-03  P(det)@0.05 power_one_sided 1.000 power_two_sided 1.000 kurtosis 1.000 spec_cnn 1.000  (18s)
  JSR   -3.0 dB  BER 8.19e-03  P(det)@0.05 power_one_sided 1.000 power_two_sided 1.000 kurtosis 1.000 spec_cnn 1.000  (18s)
  JSR   -2.0 dB  BER 8.68e-03  P(det)@0.05 power_one_sided 1.000 power_two_sided 1.000 kurtosis 1.000 spec_cnn 1.000  (19s)
  JSR   -1.0 dB  BER 9.19e-03  P(det)@0.05 power_one_sided 1.000 power_two_sided 1.000 kurtosis 1.000 spec_cnn 1.000  (19s)
  JSR   +0.0 dB  BER 1.05e-02  P(det)@0.05 power_one_sided 1.000 power_two_sided 1.000 kurtosis 1.000 spec_cnn 1.000  (20s)
  JSR   +1.0 dB  BER 1.16e-02  P(det)@0.05 power_one_sided 1.000 power_two_sided 1.000 kurtosis 1.000 spec_cnn 1.000  (20s)
  JSR   +2.0 dB  BER 1.38e-02  P(det)@0.05 power_one_sided 1.000 power_two_sided 1.000 kurtosis 1.000 spec_cnn 1.000  (20s)
  JSR   +3.0 dB  BER 1.72e-02  P(det)@0.05 power_one_sided 1.000 power_two_sided 1.000 kurtosis 1.000 spec_cnn 1.000  (21s)
  JSR   +4.0 dB  BER 2.33e-02  P(det)@0.05 power_one_sided 1.000 power_two_sided 1.000 kurtosis 1.000 spec_cnn 1.000  (21s)
  JSR   +5.0 dB  BER 3.20e-02  P(det)@0.05 power_one_sided 1.000 power_two_sided 1.000 kurtosis 1.000 spec_cnn 1.000  (22s)
  JSR   +6.0 dB  BER 4.70e-02  P(det)@0.05 power_one_sided 1.000 power_two_sided 1.000 kurtosis 1.000 spec_cnn 1.000  (22s)
  JSR   +7.0 dB  BER 6.37e-02  P(det)@0.05 power_one_sided 1.000 power_two_sided 1.000 kurtosis 1.000 spec_cnn 1.000  (22s)
  JSR   +8.0 dB  BER 8.53e-02  P(det)@0.05 power_one_sided 1.000 power_two_sided 1.000 kurtosis 1.000 spec_cnn 1.000  (23s)
  JSR   +9.0 dB  BER 1.10e-01  P(det)@0.05 power_one_sided 1.000 power_two_sided 1.000 kurtosis 1.000 spec_cnn 1.000  (23s)
  JSR  +10.0 dB  BER 1.35e-01  P(det)@0.05 power_one_sided 1.000 power_two_sided 1.000 kurtosis 1.000 spec_cnn 1.000  (23s)
  JSR  +11.0 dB  BER 1.61e-01  P(det)@0.05 power_one_sided 1.000 power_two_sided 1.000 kurtosis 1.000 spec_cnn 1.000  (24s)
  JSR  +12.0 dB  BER 1.89e-01  P(det)@0.05 power_one_sided 1.000 power_two_sided 1.000 kurtosis 1.000 spec_cnn 1.000  (24s)
  JSR  +13.0 dB  BER 2.16e-01  P(det)@0.05 power_one_sided 1.000 power_two_sided 1.000 kurtosis 1.000 spec_cnn 1.000  (25s)
  JSR  +14.0 dB  BER 2.40e-01  P(det)@0.05 power_one_sided 1.000 power_two_sided 1.000 kurtosis 1.000 spec_cnn 1.000  (25s)
  JSR  +15.0 dB  BER 2.63e-01  P(det)@0.05 power_one_sided 1.000 power_two_sided 1.000 kurtosis 1.000 spec_cnn 1.000  (25s)
  [snr_30] kurtosis_b1 confirmed: {"power_one_sided": {"0.01": {"index": 0, "sweep_ber": 0.0, "sweep_pdet": 0.005859375, "confirmed_ber": 0.0, "confirmed_ser": 0.0, "confirmed_pdet": 0.011474609375, "passed": true}, "0.05": {"index": 0, "sweep_ber": 0.0, "sweep_pdet": 0.052734375, "confirmed_ber": 0.0, "confirmed_ser": 0.0, "confirmed_pdet": 0.060302734375, "passed": false}}, "power_two_sided": {"0.01": {"index": 0, "sweep_ber": 0.0, "sweep_pdet": 0.009765625, "confirmed_ber": 0.0, "confirmed_ser": 0.0, "confirmed_pdet": 0.01220703125, "passed": true}, "0.05": {"index": 0, "sweep_ber": 0.0, "sweep_pdet": 0.056640625, "confirmed_ber": 0.0, "confirmed_ser": 0.0, "confirmed_pdet": 0.052001953125, "passed": true}}, "kurtosis": {"0.01": {"index": 0, "sweep_ber": 0.0, "sweep_pdet": 0.013671875, "confirmed_ber": 0.0, "confirmed_ser": 0.0, "confirmed_pdet": 0.007080078125, "passed": true}, "0.05": {"index": 0, "sweep_ber": 0.0, "sweep_pdet": 0.0625, "confirmed_ber": 0.0, "confirmed_ser": 0.0, "confirmed_pdet": 0.04833984375, "passed": true}}, "spec_cnn": {"0.01": {"index": 0, "sweep_ber": 0.0, "sweep_pdet": 0.015625, "confirmed_ber": 0.0, "confirmed_ser": 0.0, "confirmed_pdet": 0.010498046875, "passed": true}, "0.05": {"index": 0, "sweep_ber": 0.0, "sweep_pdet": 0.056640625, "confirmed_ber": 0.0, "confirmed_ser": 0.0, "confirmed_pdet": 0.050048828125, "passed": true}}}  (915s)
  [snr_30] generator kurtosis_b10 (scale 1.0000)
  JSR  -50.0 dB  BER 0.00e+00  P(det)@0.05 power_one_sided 0.043 power_two_sided 0.049 kurtosis 0.033 spec_cnn 0.062  (0s)
  JSR  -49.0 dB  BER 0.00e+00  P(det)@0.05 power_one_sided 0.055 power_two_sided 0.068 kurtosis 0.049 spec_cnn 0.039  (1s)
  JSR  -48.0 dB  BER 0.00e+00  P(det)@0.05 power_one_sided 0.055 power_two_sided 0.043 kurtosis 0.049 spec_cnn 0.053  (1s)
  JSR  -47.0 dB  BER 0.00e+00  P(det)@0.05 power_one_sided 0.066 power_two_sided 0.064 kurtosis 0.043 spec_cnn 0.037  (1s)
  JSR  -46.0 dB  BER 0.00e+00  P(det)@0.05 power_one_sided 0.059 power_two_sided 0.070 kurtosis 0.043 spec_cnn 0.045  (2s)
  JSR  -45.0 dB  BER 0.00e+00  P(det)@0.05 power_one_sided 0.059 power_two_sided 0.059 kurtosis 0.029 spec_cnn 0.051  (2s)
  JSR  -44.0 dB  BER 0.00e+00  P(det)@0.05 power_one_sided 0.047 power_two_sided 0.047 kurtosis 0.053 spec_cnn 0.041  (3s)
  JSR  -43.0 dB  BER 0.00e+00  P(det)@0.05 power_one_sided 0.061 power_two_sided 0.059 kurtosis 0.055 spec_cnn 0.057  (3s)
  JSR  -42.0 dB  BER 0.00e+00  P(det)@0.05 power_one_sided 0.082 power_two_sided 0.064 kurtosis 0.029 spec_cnn 0.059  (3s)
  JSR  -41.0 dB  BER 0.00e+00  P(det)@0.05 power_one_sided 0.082 power_two_sided 0.088 kurtosis 0.061 spec_cnn 0.053  (4s)
  JSR  -40.0 dB  BER 0.00e+00  P(det)@0.05 power_one_sided 0.111 power_two_sided 0.096 kurtosis 0.066 spec_cnn 0.055  (4s)
  JSR  -39.0 dB  BER 0.00e+00  P(det)@0.05 power_one_sided 0.104 power_two_sided 0.090 kurtosis 0.084 spec_cnn 0.064  (5s)
  JSR  -38.0 dB  BER 0.00e+00  P(det)@0.05 power_one_sided 0.113 power_two_sided 0.123 kurtosis 0.057 spec_cnn 0.062  (5s)
  JSR  -37.0 dB  BER 0.00e+00  P(det)@0.05 power_one_sided 0.160 power_two_sided 0.145 kurtosis 0.057 spec_cnn 0.057  (5s)
  JSR  -36.0 dB  BER 0.00e+00  P(det)@0.05 power_one_sided 0.188 power_two_sided 0.180 kurtosis 0.047 spec_cnn 0.059  (6s)
  JSR  -35.0 dB  BER 0.00e+00  P(det)@0.05 power_one_sided 0.193 power_two_sided 0.186 kurtosis 0.057 spec_cnn 0.090  (6s)
  JSR  -34.0 dB  BER 0.00e+00  P(det)@0.05 power_one_sided 0.219 power_two_sided 0.199 kurtosis 0.051 spec_cnn 0.104  (7s)
  JSR  -33.0 dB  BER 0.00e+00  P(det)@0.05 power_one_sided 0.258 power_two_sided 0.268 kurtosis 0.047 spec_cnn 0.125  (7s)
  JSR  -32.0 dB  BER 0.00e+00  P(det)@0.05 power_one_sided 0.324 power_two_sided 0.330 kurtosis 0.041 spec_cnn 0.148  (7s)
  JSR  -31.0 dB  BER 0.00e+00  P(det)@0.05 power_one_sided 0.395 power_two_sided 0.363 kurtosis 0.059 spec_cnn 0.186  (8s)
  JSR  -30.0 dB  BER 0.00e+00  P(det)@0.05 power_one_sided 0.418 power_two_sided 0.418 kurtosis 0.043 spec_cnn 0.227  (8s)
  JSR  -29.0 dB  BER 0.00e+00  P(det)@0.05 power_one_sided 0.461 power_two_sided 0.506 kurtosis 0.039 spec_cnn 0.246  (8s)
  JSR  -28.0 dB  BER 0.00e+00  P(det)@0.05 power_one_sided 0.578 power_two_sided 0.588 kurtosis 0.066 spec_cnn 0.289  (9s)
  JSR  -27.0 dB  BER 0.00e+00  P(det)@0.05 power_one_sided 0.580 power_two_sided 0.582 kurtosis 0.045 spec_cnn 0.506  (9s)
  JSR  -26.0 dB  BER 0.00e+00  P(det)@0.05 power_one_sided 0.676 power_two_sided 0.678 kurtosis 0.037 spec_cnn 0.547  (10s)
  JSR  -25.0 dB  BER 0.00e+00  P(det)@0.05 power_one_sided 0.732 power_two_sided 0.742 kurtosis 0.070 spec_cnn 0.605  (10s)
  JSR  -24.0 dB  BER 0.00e+00  P(det)@0.05 power_one_sided 0.814 power_two_sided 0.814 kurtosis 0.039 spec_cnn 0.758  (10s)
  JSR  -23.0 dB  BER 0.00e+00  P(det)@0.05 power_one_sided 0.865 power_two_sided 0.869 kurtosis 0.047 spec_cnn 0.883  (11s)
  JSR  -22.0 dB  BER 0.00e+00  P(det)@0.05 power_one_sided 0.926 power_two_sided 0.914 kurtosis 0.070 spec_cnn 0.951  (11s)
  JSR  -21.0 dB  BER 7.63e-06  P(det)@0.05 power_one_sided 0.955 power_two_sided 0.959 kurtosis 0.066 spec_cnn 0.984  (11s)
  JSR  -20.0 dB  BER 8.39e-05  P(det)@0.05 power_one_sided 0.973 power_two_sided 0.973 kurtosis 0.061 spec_cnn 1.000  (12s)
  JSR  -19.0 dB  BER 3.51e-04  P(det)@0.05 power_one_sided 0.990 power_two_sided 0.992 kurtosis 0.090 spec_cnn 1.000  (12s)
  JSR  -18.0 dB  BER 6.87e-04  P(det)@0.05 power_one_sided 0.994 power_two_sided 0.994 kurtosis 0.082 spec_cnn 1.000  (13s)
  JSR  -17.0 dB  BER 9.46e-04  P(det)@0.05 power_one_sided 0.998 power_two_sided 0.998 kurtosis 0.117 spec_cnn 1.000  (13s)
  JSR  -16.0 dB  BER 1.35e-03  P(det)@0.05 power_one_sided 1.000 power_two_sided 1.000 kurtosis 0.156 spec_cnn 1.000  (13s)
  JSR  -15.0 dB  BER 1.66e-03  P(det)@0.05 power_one_sided 1.000 power_two_sided 1.000 kurtosis 0.268 spec_cnn 1.000  (14s)
  JSR  -14.0 dB  BER 2.31e-03  P(det)@0.05 power_one_sided 1.000 power_two_sided 1.000 kurtosis 0.438 spec_cnn 1.000  (14s)
  JSR  -13.0 dB  BER 2.77e-03  P(det)@0.05 power_one_sided 1.000 power_two_sided 1.000 kurtosis 0.594 spec_cnn 1.000  (15s)
  JSR  -12.0 dB  BER 3.30e-03  P(det)@0.05 power_one_sided 1.000 power_two_sided 1.000 kurtosis 0.787 spec_cnn 1.000  (15s)
  JSR  -11.0 dB  BER 4.00e-03  P(det)@0.05 power_one_sided 1.000 power_two_sided 1.000 kurtosis 0.910 spec_cnn 1.000  (15s)
  JSR  -10.0 dB  BER 4.81e-03  P(det)@0.05 power_one_sided 1.000 power_two_sided 1.000 kurtosis 0.977 spec_cnn 1.000  (16s)
  JSR   -9.0 dB  BER 5.34e-03  P(det)@0.05 power_one_sided 1.000 power_two_sided 1.000 kurtosis 0.996 spec_cnn 1.000  (16s)
  JSR   -8.0 dB  BER 6.27e-03  P(det)@0.05 power_one_sided 1.000 power_two_sided 1.000 kurtosis 1.000 spec_cnn 1.000  (16s)
  JSR   -7.0 dB  BER 6.93e-03  P(det)@0.05 power_one_sided 1.000 power_two_sided 1.000 kurtosis 1.000 spec_cnn 1.000  (17s)
  JSR   -6.0 dB  BER 7.65e-03  P(det)@0.05 power_one_sided 1.000 power_two_sided 1.000 kurtosis 1.000 spec_cnn 1.000  (17s)
  JSR   -5.0 dB  BER 8.31e-03  P(det)@0.05 power_one_sided 1.000 power_two_sided 1.000 kurtosis 1.000 spec_cnn 1.000  (18s)
  JSR   -4.0 dB  BER 9.00e-03  P(det)@0.05 power_one_sided 1.000 power_two_sided 1.000 kurtosis 1.000 spec_cnn 1.000  (18s)
  JSR   -3.0 dB  BER 9.38e-03  P(det)@0.05 power_one_sided 1.000 power_two_sided 1.000 kurtosis 1.000 spec_cnn 1.000  (18s)
  JSR   -2.0 dB  BER 1.00e-02  P(det)@0.05 power_one_sided 1.000 power_two_sided 1.000 kurtosis 1.000 spec_cnn 1.000  (19s)
  JSR   -1.0 dB  BER 1.06e-02  P(det)@0.05 power_one_sided 1.000 power_two_sided 1.000 kurtosis 1.000 spec_cnn 1.000  (19s)
  JSR   +0.0 dB  BER 1.12e-02  P(det)@0.05 power_one_sided 1.000 power_two_sided 1.000 kurtosis 1.000 spec_cnn 1.000  (20s)
  JSR   +1.0 dB  BER 1.26e-02  P(det)@0.05 power_one_sided 1.000 power_two_sided 1.000 kurtosis 1.000 spec_cnn 1.000  (20s)
  JSR   +2.0 dB  BER 1.36e-02  P(det)@0.05 power_one_sided 1.000 power_two_sided 1.000 kurtosis 1.000 spec_cnn 1.000  (20s)
  JSR   +3.0 dB  BER 1.52e-02  P(det)@0.05 power_one_sided 1.000 power_two_sided 1.000 kurtosis 1.000 spec_cnn 1.000  (21s)
  JSR   +4.0 dB  BER 1.72e-02  P(det)@0.05 power_one_sided 1.000 power_two_sided 1.000 kurtosis 1.000 spec_cnn 1.000  (21s)
  JSR   +5.0 dB  BER 1.98e-02  P(det)@0.05 power_one_sided 1.000 power_two_sided 1.000 kurtosis 1.000 spec_cnn 1.000  (22s)
  JSR   +6.0 dB  BER 2.37e-02  P(det)@0.05 power_one_sided 1.000 power_two_sided 1.000 kurtosis 1.000 spec_cnn 1.000  (22s)
  JSR   +7.0 dB  BER 3.19e-02  P(det)@0.05 power_one_sided 1.000 power_two_sided 1.000 kurtosis 1.000 spec_cnn 1.000  (22s)
  JSR   +8.0 dB  BER 3.92e-02  P(det)@0.05 power_one_sided 1.000 power_two_sided 1.000 kurtosis 1.000 spec_cnn 1.000  (23s)
  JSR   +9.0 dB  BER 5.35e-02  P(det)@0.05 power_one_sided 1.000 power_two_sided 1.000 kurtosis 1.000 spec_cnn 1.000  (23s)
  JSR  +10.0 dB  BER 6.85e-02  P(det)@0.05 power_one_sided 1.000 power_two_sided 1.000 kurtosis 1.000 spec_cnn 1.000  (24s)
  JSR  +11.0 dB  BER 9.03e-02  P(det)@0.05 power_one_sided 1.000 power_two_sided 1.000 kurtosis 1.000 spec_cnn 1.000  (24s)
  JSR  +12.0 dB  BER 1.14e-01  P(det)@0.05 power_one_sided 1.000 power_two_sided 1.000 kurtosis 1.000 spec_cnn 1.000  (24s)
  JSR  +13.0 dB  BER 1.35e-01  P(det)@0.05 power_one_sided 1.000 power_two_sided 1.000 kurtosis 1.000 spec_cnn 1.000  (25s)
  JSR  +14.0 dB  BER 1.62e-01  P(det)@0.05 power_one_sided 1.000 power_two_sided 1.000 kurtosis 1.000 spec_cnn 1.000  (25s)
  JSR  +15.0 dB  BER 1.85e-01  P(det)@0.05 power_one_sided 1.000 power_two_sided 1.000 kurtosis 1.000 spec_cnn 1.000  (25s)
  [snr_30] kurtosis_b10 confirmed: {"power_one_sided": {"0.01": {"index": 0, "sweep_ber": 0.0, "sweep_pdet": 0.015625, "confirmed_ber": 0.0, "confirmed_ser": 0.0, "confirmed_pdet": 0.010009765625, "passed": true}, "0.05": {"index": 0, "sweep_ber": 0.0, "sweep_pdet": 0.04296875, "confirmed_ber": 0.0, "confirmed_ser": 0.0, "confirmed_pdet": 0.056884765625, "passed": false}}, "power_two_sided": {"0.01": {"index": 0, "sweep_ber": 0.0, "sweep_pdet": 0.017578125, "confirmed_ber": 0.0, "confirmed_ser": 0.0, "confirmed_pdet": 0.00927734375, "passed": true}, "0.05": {"index": 0, "sweep_ber": 0.0, "sweep_pdet": 0.048828125, "confirmed_ber": 0.0, "confirmed_ser": 0.0, "confirmed_pdet": 0.052734375, "passed": true}}, "kurtosis": {"0.01": {"index": 29, "sweep_ber": 7.62939453125e-06, "sweep_pdet": 0.009765625, "confirmed_ber": 1.430511474609375e-05, "confirmed_ser": 2.86102294921875e-05, "confirmed_pdet": 0.011962890625, "passed": true}, "0.05": {"index": 30, "sweep_ber": 8.392333984375e-05, "sweep_pdet": 0.060546875, "confirmed_ber": 0.0001125335693359375, "confirmed_ser": 0.000225067138671875, "confirmed_pdet": 0.0625, "passed": false}}, "spec_cnn": {"0.01": {"index": 0, "sweep_ber": 0.0, "sweep_pdet": 0.01171875, "confirmed_ber": 0.0, "confirmed_ser": 0.0, "confirmed_pdet": 0.009033203125, "passed": true}, "0.05": {"index": 0, "sweep_ber": 0.0, "sweep_pdet": 0.0625, "confirmed_ber": 0.0, "confirmed_ser": 0.0, "confirmed_pdet": 0.04345703125, "passed": true}}}  (965s)
  [snr_30] generator kurtosis_b100 (scale 1.0000)
  JSR  -50.0 dB  BER 0.00e+00  P(det)@0.05 power_one_sided 0.049 power_two_sided 0.061 kurtosis 0.049 spec_cnn 0.055  (0s)
  JSR  -49.0 dB  BER 0.00e+00  P(det)@0.05 power_one_sided 0.070 power_two_sided 0.076 kurtosis 0.061 spec_cnn 0.049  (1s)
  JSR  -48.0 dB  BER 0.00e+00  P(det)@0.05 power_one_sided 0.053 power_two_sided 0.045 kurtosis 0.051 spec_cnn 0.055  (1s)
  JSR  -47.0 dB  BER 0.00e+00  P(det)@0.05 power_one_sided 0.066 power_two_sided 0.066 kurtosis 0.051 spec_cnn 0.068  (2s)
  JSR  -46.0 dB  BER 0.00e+00  P(det)@0.05 power_one_sided 0.068 power_two_sided 0.068 kurtosis 0.055 spec_cnn 0.076  (2s)
  JSR  -45.0 dB  BER 0.00e+00  P(det)@0.05 power_one_sided 0.061 power_two_sided 0.049 kurtosis 0.055 spec_cnn 0.059  (2s)
  JSR  -44.0 dB  BER 0.00e+00  P(det)@0.05 power_one_sided 0.064 power_two_sided 0.074 kurtosis 0.066 spec_cnn 0.035  (3s)
  JSR  -43.0 dB  BER 0.00e+00  P(det)@0.05 power_one_sided 0.076 power_two_sided 0.078 kurtosis 0.053 spec_cnn 0.037  (3s)
  JSR  -42.0 dB  BER 0.00e+00  P(det)@0.05 power_one_sided 0.074 power_two_sided 0.070 kurtosis 0.035 spec_cnn 0.049  (3s)
  JSR  -41.0 dB  BER 0.00e+00  P(det)@0.05 power_one_sided 0.088 power_two_sided 0.078 kurtosis 0.033 spec_cnn 0.088  (4s)
  JSR  -40.0 dB  BER 0.00e+00  P(det)@0.05 power_one_sided 0.082 power_two_sided 0.105 kurtosis 0.041 spec_cnn 0.049  (4s)
  JSR  -39.0 dB  BER 0.00e+00  P(det)@0.05 power_one_sided 0.119 power_two_sided 0.135 kurtosis 0.072 spec_cnn 0.102  (5s)
  JSR  -38.0 dB  BER 0.00e+00  P(det)@0.05 power_one_sided 0.113 power_two_sided 0.131 kurtosis 0.061 spec_cnn 0.076  (5s)
  JSR  -37.0 dB  BER 0.00e+00  P(det)@0.05 power_one_sided 0.141 power_two_sided 0.131 kurtosis 0.051 spec_cnn 0.082  (5s)
  JSR  -36.0 dB  BER 0.00e+00  P(det)@0.05 power_one_sided 0.146 power_two_sided 0.152 kurtosis 0.061 spec_cnn 0.086  (6s)
  JSR  -35.0 dB  BER 0.00e+00  P(det)@0.05 power_one_sided 0.189 power_two_sided 0.201 kurtosis 0.043 spec_cnn 0.113  (6s)
  JSR  -34.0 dB  BER 0.00e+00  P(det)@0.05 power_one_sided 0.215 power_two_sided 0.227 kurtosis 0.053 spec_cnn 0.109  (6s)
  JSR  -33.0 dB  BER 0.00e+00  P(det)@0.05 power_one_sided 0.201 power_two_sided 0.240 kurtosis 0.051 spec_cnn 0.117  (7s)
  JSR  -32.0 dB  BER 0.00e+00  P(det)@0.05 power_one_sided 0.326 power_two_sided 0.326 kurtosis 0.047 spec_cnn 0.141  (7s)
  JSR  -31.0 dB  BER 0.00e+00  P(det)@0.05 power_one_sided 0.342 power_two_sided 0.381 kurtosis 0.041 spec_cnn 0.207  (8s)
  JSR  -30.0 dB  BER 0.00e+00  P(det)@0.05 power_one_sided 0.348 power_two_sided 0.373 kurtosis 0.053 spec_cnn 0.225  (8s)
  JSR  -29.0 dB  BER 0.00e+00  P(det)@0.05 power_one_sided 0.434 power_two_sided 0.475 kurtosis 0.043 spec_cnn 0.312  (8s)
  JSR  -28.0 dB  BER 0.00e+00  P(det)@0.05 power_one_sided 0.424 power_two_sided 0.494 kurtosis 0.059 spec_cnn 0.416  (9s)
  JSR  -27.0 dB  BER 0.00e+00  P(det)@0.05 power_one_sided 0.525 power_two_sided 0.592 kurtosis 0.055 spec_cnn 0.514  (9s)
  JSR  -26.0 dB  BER 0.00e+00  P(det)@0.05 power_one_sided 0.549 power_two_sided 0.611 kurtosis 0.064 spec_cnn 0.648  (9s)
  JSR  -25.0 dB  BER 0.00e+00  P(det)@0.05 power_one_sided 0.590 power_two_sided 0.643 kurtosis 0.045 spec_cnn 0.789  (10s)
  JSR  -24.0 dB  BER 0.00e+00  P(det)@0.05 power_one_sided 0.646 power_two_sided 0.709 kurtosis 0.057 spec_cnn 0.885  (10s)
  JSR  -23.0 dB  BER 0.00e+00  P(det)@0.05 power_one_sided 0.715 power_two_sided 0.770 kurtosis 0.084 spec_cnn 0.955  (11s)
  JSR  -22.0 dB  BER 0.00e+00  P(det)@0.05 power_one_sided 0.744 power_two_sided 0.793 kurtosis 0.061 spec_cnn 0.994  (11s)
  JSR  -21.0 dB  BER 0.00e+00  P(det)@0.05 power_one_sided 0.816 power_two_sided 0.832 kurtosis 0.074 spec_cnn 0.998  (11s)
  JSR  -20.0 dB  BER 1.30e-04  P(det)@0.05 power_one_sided 0.873 power_two_sided 0.906 kurtosis 0.082 spec_cnn 1.000  (12s)
  JSR  -19.0 dB  BER 6.71e-04  P(det)@0.05 power_one_sided 0.926 power_two_sided 0.924 kurtosis 0.146 spec_cnn 1.000  (12s)
  JSR  -18.0 dB  BER 9.00e-04  P(det)@0.05 power_one_sided 0.955 power_two_sided 0.959 kurtosis 0.170 spec_cnn 1.000  (12s)
  JSR  -17.0 dB  BER 1.36e-03  P(det)@0.05 power_one_sided 0.982 power_two_sided 0.986 kurtosis 0.266 spec_cnn 1.000  (13s)
  JSR  -16.0 dB  BER 1.74e-03  P(det)@0.05 power_one_sided 0.994 power_two_sided 0.996 kurtosis 0.324 spec_cnn 1.000  (13s)
  JSR  -15.0 dB  BER 2.20e-03  P(det)@0.05 power_one_sided 0.998 power_two_sided 1.000 kurtosis 0.434 spec_cnn 1.000  (14s)
  JSR  -14.0 dB  BER 2.34e-03  P(det)@0.05 power_one_sided 1.000 power_two_sided 1.000 kurtosis 0.580 spec_cnn 1.000  (14s)
  JSR  -13.0 dB  BER 2.86e-03  P(det)@0.05 power_one_sided 1.000 power_two_sided 1.000 kurtosis 0.660 spec_cnn 1.000  (14s)
  JSR  -12.0 dB  BER 3.24e-03  P(det)@0.05 power_one_sided 1.000 power_two_sided 1.000 kurtosis 0.805 spec_cnn 1.000  (15s)
  JSR  -11.0 dB  BER 3.88e-03  P(det)@0.05 power_one_sided 1.000 power_two_sided 1.000 kurtosis 0.883 spec_cnn 1.000  (15s)
  JSR  -10.0 dB  BER 4.49e-03  P(det)@0.05 power_one_sided 1.000 power_two_sided 1.000 kurtosis 0.924 spec_cnn 1.000  (15s)
  JSR   -9.0 dB  BER 5.04e-03  P(det)@0.05 power_one_sided 1.000 power_two_sided 1.000 kurtosis 0.975 spec_cnn 1.000  (16s)
  JSR   -8.0 dB  BER 5.53e-03  P(det)@0.05 power_one_sided 1.000 power_two_sided 1.000 kurtosis 0.994 spec_cnn 1.000  (16s)
  JSR   -7.0 dB  BER 6.01e-03  P(det)@0.05 power_one_sided 1.000 power_two_sided 1.000 kurtosis 1.000 spec_cnn 1.000  (17s)
  JSR   -6.0 dB  BER 6.47e-03  P(det)@0.05 power_one_sided 1.000 power_two_sided 1.000 kurtosis 1.000 spec_cnn 1.000  (17s)
  JSR   -5.0 dB  BER 6.86e-03  P(det)@0.05 power_one_sided 1.000 power_two_sided 1.000 kurtosis 1.000 spec_cnn 1.000  (17s)
  JSR   -4.0 dB  BER 7.44e-03  P(det)@0.05 power_one_sided 1.000 power_two_sided 1.000 kurtosis 1.000 spec_cnn 1.000  (18s)
  JSR   -3.0 dB  BER 9.10e-03  P(det)@0.05 power_one_sided 1.000 power_two_sided 1.000 kurtosis 1.000 spec_cnn 1.000  (18s)
  JSR   -2.0 dB  BER 1.02e-02  P(det)@0.05 power_one_sided 1.000 power_two_sided 1.000 kurtosis 1.000 spec_cnn 1.000  (18s)
  JSR   -1.0 dB  BER 1.17e-02  P(det)@0.05 power_one_sided 1.000 power_two_sided 1.000 kurtosis 1.000 spec_cnn 1.000  (19s)
  JSR   +0.0 dB  BER 1.42e-02  P(det)@0.05 power_one_sided 1.000 power_two_sided 1.000 kurtosis 1.000 spec_cnn 1.000  (19s)
  JSR   +1.0 dB  BER 1.65e-02  P(det)@0.05 power_one_sided 1.000 power_two_sided 1.000 kurtosis 1.000 spec_cnn 1.000  (20s)
  JSR   +2.0 dB  BER 1.95e-02  P(det)@0.05 power_one_sided 1.000 power_two_sided 1.000 kurtosis 1.000 spec_cnn 1.000  (20s)
  JSR   +3.0 dB  BER 2.31e-02  P(det)@0.05 power_one_sided 1.000 power_two_sided 1.000 kurtosis 1.000 spec_cnn 1.000  (20s)
  JSR   +4.0 dB  BER 2.93e-02  P(det)@0.05 power_one_sided 1.000 power_two_sided 1.000 kurtosis 1.000 spec_cnn 1.000  (21s)
  JSR   +5.0 dB  BER 3.57e-02  P(det)@0.05 power_one_sided 1.000 power_two_sided 1.000 kurtosis 1.000 spec_cnn 1.000  (21s)
  JSR   +6.0 dB  BER 4.47e-02  P(det)@0.05 power_one_sided 1.000 power_two_sided 1.000 kurtosis 1.000 spec_cnn 1.000  (21s)
  JSR   +7.0 dB  BER 5.36e-02  P(det)@0.05 power_one_sided 1.000 power_two_sided 1.000 kurtosis 1.000 spec_cnn 1.000  (22s)
  JSR   +8.0 dB  BER 6.61e-02  P(det)@0.05 power_one_sided 1.000 power_two_sided 1.000 kurtosis 1.000 spec_cnn 1.000  (22s)
  JSR   +9.0 dB  BER 8.04e-02  P(det)@0.05 power_one_sided 1.000 power_two_sided 1.000 kurtosis 1.000 spec_cnn 1.000  (23s)
  JSR  +10.0 dB  BER 9.53e-02  P(det)@0.05 power_one_sided 1.000 power_two_sided 1.000 kurtosis 1.000 spec_cnn 1.000  (23s)
  JSR  +11.0 dB  BER 1.14e-01  P(det)@0.05 power_one_sided 1.000 power_two_sided 1.000 kurtosis 1.000 spec_cnn 1.000  (23s)
  JSR  +12.0 dB  BER 1.33e-01  P(det)@0.05 power_one_sided 1.000 power_two_sided 1.000 kurtosis 1.000 spec_cnn 1.000  (24s)
  JSR  +13.0 dB  BER 1.57e-01  P(det)@0.05 power_one_sided 1.000 power_two_sided 1.000 kurtosis 1.000 spec_cnn 1.000  (24s)
  JSR  +14.0 dB  BER 1.79e-01  P(det)@0.05 power_one_sided 1.000 power_two_sided 1.000 kurtosis 1.000 spec_cnn 1.000  (25s)
  JSR  +15.0 dB  BER 2.02e-01  P(det)@0.05 power_one_sided 1.000 power_two_sided 1.000 kurtosis 1.000 spec_cnn 1.000  (25s)
  [snr_30] kurtosis_b100 confirmed: {"power_one_sided": {"0.01": {"index": 0, "sweep_ber": 0.0, "sweep_pdet": 0.005859375, "confirmed_ber": 0.0, "confirmed_ser": 0.0, "confirmed_pdet": 0.010498046875, "passed": true}, "0.05": {"index": 0, "sweep_ber": 0.0, "sweep_pdet": 0.048828125, "confirmed_ber": 0.0, "confirmed_ser": 0.0, "confirmed_pdet": 0.0537109375, "passed": true}}, "power_two_sided": {"0.01": {"index": 0, "sweep_ber": 0.0, "sweep_pdet": 0.009765625, "confirmed_ber": 0.0, "confirmed_ser": 0.0, "confirmed_pdet": 0.010986328125, "passed": true}, "0.05": {"index": 0, "sweep_ber": 0.0, "sweep_pdet": 0.060546875, "confirmed_ber": 0.0, "confirmed_ser": 0.0, "confirmed_pdet": 0.05078125, "passed": true}}, "kurtosis": {"0.01": {"index": 0, "sweep_ber": 0.0, "sweep_pdet": 0.013671875, "confirmed_ber": 0.0, "confirmed_ser": 0.0, "confirmed_pdet": 0.00830078125, "passed": true}, "0.05": {"index": 0, "sweep_ber": 0.0, "sweep_pdet": 0.048828125, "confirmed_ber": 0.0, "confirmed_ser": 0.0, "confirmed_pdet": 0.051025390625, "passed": true}}, "spec_cnn": {"0.01": {"index": 0, "sweep_ber": 0.0, "sweep_pdet": 0.0078125, "confirmed_ber": 0.0, "confirmed_ser": 0.0, "confirmed_pdet": 0.0107421875, "passed": true}, "0.05": {"index": 0, "sweep_ber": 0.0, "sweep_pdet": 0.0546875, "confirmed_ber": 0.0, "confirmed_ser": 0.0, "confirmed_pdet": 0.052978515625, "passed": true}}}  (1014s)
  [snr_30] generator kurtosis_b1000 (scale 1.0000)
  JSR  -50.0 dB  BER 0.00e+00  P(det)@0.05 power_one_sided 0.051 power_two_sided 0.045 kurtosis 0.041 spec_cnn 0.059  (0s)
  JSR  -49.0 dB  BER 0.00e+00  P(det)@0.05 power_one_sided 0.059 power_two_sided 0.053 kurtosis 0.051 spec_cnn 0.051  (1s)
  JSR  -48.0 dB  BER 0.00e+00  P(det)@0.05 power_one_sided 0.059 power_two_sided 0.049 kurtosis 0.041 spec_cnn 0.080  (1s)
  JSR  -47.0 dB  BER 0.00e+00  P(det)@0.05 power_one_sided 0.057 power_two_sided 0.061 kurtosis 0.064 spec_cnn 0.070  (1s)
  JSR  -46.0 dB  BER 0.00e+00  P(det)@0.05 power_one_sided 0.055 power_two_sided 0.059 kurtosis 0.045 spec_cnn 0.062  (2s)
  JSR  -45.0 dB  BER 0.00e+00  P(det)@0.05 power_one_sided 0.049 power_two_sided 0.057 kurtosis 0.059 spec_cnn 0.080  (2s)
  JSR  -44.0 dB  BER 0.00e+00  P(det)@0.05 power_one_sided 0.055 power_two_sided 0.051 kurtosis 0.051 spec_cnn 0.084  (3s)
  JSR  -43.0 dB  BER 0.00e+00  P(det)@0.05 power_one_sided 0.055 power_two_sided 0.047 kurtosis 0.061 spec_cnn 0.121  (3s)
  JSR  -42.0 dB  BER 0.00e+00  P(det)@0.05 power_one_sided 0.049 power_two_sided 0.033 kurtosis 0.076 spec_cnn 0.096  (3s)
  JSR  -41.0 dB  BER 0.00e+00  P(det)@0.05 power_one_sided 0.074 power_two_sided 0.041 kurtosis 0.047 spec_cnn 0.105  (4s)
  JSR  -40.0 dB  BER 0.00e+00  P(det)@0.05 power_one_sided 0.078 power_two_sided 0.062 kurtosis 0.043 spec_cnn 0.098  (4s)
  JSR  -39.0 dB  BER 0.00e+00  P(det)@0.05 power_one_sided 0.078 power_two_sided 0.064 kurtosis 0.064 spec_cnn 0.096  (4s)
  JSR  -38.0 dB  BER 0.00e+00  P(det)@0.05 power_one_sided 0.074 power_two_sided 0.051 kurtosis 0.045 spec_cnn 0.152  (5s)
  JSR  -37.0 dB  BER 0.00e+00  P(det)@0.05 power_one_sided 0.096 power_two_sided 0.066 kurtosis 0.062 spec_cnn 0.143  (5s)
  JSR  -36.0 dB  BER 0.00e+00  P(det)@0.05 power_one_sided 0.096 power_two_sided 0.082 kurtosis 0.035 spec_cnn 0.164  (6s)
  JSR  -35.0 dB  BER 0.00e+00  P(det)@0.05 power_one_sided 0.096 power_two_sided 0.072 kurtosis 0.031 spec_cnn 0.129  (6s)
  JSR  -34.0 dB  BER 0.00e+00  P(det)@0.05 power_one_sided 0.123 power_two_sided 0.105 kurtosis 0.057 spec_cnn 0.158  (6s)
  JSR  -33.0 dB  BER 0.00e+00  P(det)@0.05 power_one_sided 0.178 power_two_sided 0.152 kurtosis 0.049 spec_cnn 0.139  (7s)
  JSR  -32.0 dB  BER 0.00e+00  P(det)@0.05 power_one_sided 0.188 power_two_sided 0.143 kurtosis 0.059 spec_cnn 0.160  (7s)
  JSR  -31.0 dB  BER 0.00e+00  P(det)@0.05 power_one_sided 0.221 power_two_sided 0.176 kurtosis 0.035 spec_cnn 0.168  (8s)
  JSR  -30.0 dB  BER 0.00e+00  P(det)@0.05 power_one_sided 0.281 power_two_sided 0.195 kurtosis 0.035 spec_cnn 0.168  (8s)
  JSR  -29.0 dB  BER 0.00e+00  P(det)@0.05 power_one_sided 0.330 power_two_sided 0.262 kurtosis 0.051 spec_cnn 0.201  (8s)
  JSR  -28.0 dB  BER 0.00e+00  P(det)@0.05 power_one_sided 0.469 power_two_sided 0.348 kurtosis 0.045 spec_cnn 0.211  (9s)
  JSR  -27.0 dB  BER 0.00e+00  P(det)@0.05 power_one_sided 0.570 power_two_sided 0.471 kurtosis 0.043 spec_cnn 0.217  (9s)
  JSR  -26.0 dB  BER 0.00e+00  P(det)@0.05 power_one_sided 0.697 power_two_sided 0.615 kurtosis 0.068 spec_cnn 0.230  (9s)
  JSR  -25.0 dB  BER 0.00e+00  P(det)@0.05 power_one_sided 0.844 power_two_sided 0.795 kurtosis 0.059 spec_cnn 0.279  (10s)
  JSR  -24.0 dB  BER 0.00e+00  P(det)@0.05 power_one_sided 0.891 power_two_sided 0.863 kurtosis 0.033 spec_cnn 0.318  (10s)
  JSR  -23.0 dB  BER 0.00e+00  P(det)@0.05 power_one_sided 0.959 power_two_sided 0.932 kurtosis 0.051 spec_cnn 0.357  (11s)
  JSR  -22.0 dB  BER 0.00e+00  P(det)@0.05 power_one_sided 0.980 power_two_sided 0.971 kurtosis 0.055 spec_cnn 0.320  (11s)
  JSR  -21.0 dB  BER 0.00e+00  P(det)@0.05 power_one_sided 0.992 power_two_sided 0.992 kurtosis 0.055 spec_cnn 0.367  (11s)
  JSR  -20.0 dB  BER 0.00e+00  P(det)@0.05 power_one_sided 0.998 power_two_sided 0.998 kurtosis 0.059 spec_cnn 0.408  (12s)
  JSR  -19.0 dB  BER 2.29e-05  P(det)@0.05 power_one_sided 1.000 power_two_sided 1.000 kurtosis 0.094 spec_cnn 0.373  (12s)
  JSR  -18.0 dB  BER 1.53e-05  P(det)@0.05 power_one_sided 1.000 power_two_sided 1.000 kurtosis 0.084 spec_cnn 0.381  (13s)
  JSR  -17.0 dB  BER 1.22e-04  P(det)@0.05 power_one_sided 1.000 power_two_sided 1.000 kurtosis 0.127 spec_cnn 0.393  (13s)
  JSR  -16.0 dB  BER 1.91e-04  P(det)@0.05 power_one_sided 1.000 power_two_sided 1.000 kurtosis 0.205 spec_cnn 0.367  (13s)
  JSR  -15.0 dB  BER 1.75e-04  P(det)@0.05 power_one_sided 1.000 power_two_sided 1.000 kurtosis 0.264 spec_cnn 0.352  (14s)
  JSR  -14.0 dB  BER 2.75e-04  P(det)@0.05 power_one_sided 1.000 power_two_sided 1.000 kurtosis 0.408 spec_cnn 0.389  (14s)
  JSR  -13.0 dB  BER 4.20e-04  P(det)@0.05 power_one_sided 1.000 power_two_sided 1.000 kurtosis 0.549 spec_cnn 0.398  (14s)
  JSR  -12.0 dB  BER 5.80e-04  P(det)@0.05 power_one_sided 1.000 power_two_sided 1.000 kurtosis 0.723 spec_cnn 0.414  (15s)
  JSR  -11.0 dB  BER 6.87e-04  P(det)@0.05 power_one_sided 1.000 power_two_sided 1.000 kurtosis 0.832 spec_cnn 0.443  (15s)
  JSR  -10.0 dB  BER 8.85e-04  P(det)@0.05 power_one_sided 1.000 power_two_sided 1.000 kurtosis 0.943 spec_cnn 0.420  (15s)
  JSR   -9.0 dB  BER 9.31e-04  P(det)@0.05 power_one_sided 1.000 power_two_sided 1.000 kurtosis 0.990 spec_cnn 0.508  (16s)
  JSR   -8.0 dB  BER 1.50e-03  P(det)@0.05 power_one_sided 1.000 power_two_sided 1.000 kurtosis 0.998 spec_cnn 0.553  (16s)
  JSR   -7.0 dB  BER 1.43e-03  P(det)@0.05 power_one_sided 1.000 power_two_sided 1.000 kurtosis 1.000 spec_cnn 0.588  (17s)
  JSR   -6.0 dB  BER 1.53e-03  P(det)@0.05 power_one_sided 1.000 power_two_sided 1.000 kurtosis 1.000 spec_cnn 0.635  (17s)
  JSR   -5.0 dB  BER 1.88e-03  P(det)@0.05 power_one_sided 1.000 power_two_sided 1.000 kurtosis 1.000 spec_cnn 0.691  (17s)
  JSR   -4.0 dB  BER 2.64e-03  P(det)@0.05 power_one_sided 1.000 power_two_sided 1.000 kurtosis 1.000 spec_cnn 0.748  (18s)
  JSR   -3.0 dB  BER 2.95e-03  P(det)@0.05 power_one_sided 1.000 power_two_sided 1.000 kurtosis 1.000 spec_cnn 0.703  (18s)
  JSR   -2.0 dB  BER 3.34e-03  P(det)@0.05 power_one_sided 1.000 power_two_sided 1.000 kurtosis 0.994 spec_cnn 0.723  (18s)
  JSR   -1.0 dB  BER 4.22e-03  P(det)@0.05 power_one_sided 1.000 power_two_sided 1.000 kurtosis 0.982 spec_cnn 0.793  (19s)
  JSR   +0.0 dB  BER 4.65e-03  P(det)@0.05 power_one_sided 1.000 power_two_sided 1.000 kurtosis 0.943 spec_cnn 0.801  (19s)
  JSR   +1.0 dB  BER 5.17e-03  P(det)@0.05 power_one_sided 1.000 power_two_sided 1.000 kurtosis 0.748 spec_cnn 0.861  (20s)
  JSR   +2.0 dB  BER 5.59e-03  P(det)@0.05 power_one_sided 1.000 power_two_sided 1.000 kurtosis 0.480 spec_cnn 0.887  (20s)
  JSR   +3.0 dB  BER 5.89e-03  P(det)@0.05 power_one_sided 1.000 power_two_sided 1.000 kurtosis 0.652 spec_cnn 0.941  (20s)
  JSR   +4.0 dB  BER 6.35e-03  P(det)@0.05 power_one_sided 1.000 power_two_sided 1.000 kurtosis 0.883 spec_cnn 0.994  (21s)
  JSR   +5.0 dB  BER 6.72e-03  P(det)@0.05 power_one_sided 1.000 power_two_sided 1.000 kurtosis 0.924 spec_cnn 0.996  (21s)
  JSR   +6.0 dB  BER 7.10e-03  P(det)@0.05 power_one_sided 1.000 power_two_sided 1.000 kurtosis 0.938 spec_cnn 0.998  (21s)
  JSR   +7.0 dB  BER 7.48e-03  P(det)@0.05 power_one_sided 1.000 power_two_sided 1.000 kurtosis 0.971 spec_cnn 1.000  (22s)
  JSR   +8.0 dB  BER 8.67e-03  P(det)@0.05 power_one_sided 1.000 power_two_sided 1.000 kurtosis 0.963 spec_cnn 1.000  (22s)
  JSR   +9.0 dB  BER 8.35e-03  P(det)@0.05 power_one_sided 1.000 power_two_sided 1.000 kurtosis 0.977 spec_cnn 1.000  (22s)
  JSR  +10.0 dB  BER 8.93e-03  P(det)@0.05 power_one_sided 1.000 power_two_sided 1.000 kurtosis 0.980 spec_cnn 1.000  (23s)
  JSR  +11.0 dB  BER 9.97e-03  P(det)@0.05 power_one_sided 1.000 power_two_sided 1.000 kurtosis 0.984 spec_cnn 1.000  (23s)
  JSR  +12.0 dB  BER 1.03e-02  P(det)@0.05 power_one_sided 1.000 power_two_sided 1.000 kurtosis 0.988 spec_cnn 1.000  (24s)
  JSR  +13.0 dB  BER 1.07e-02  P(det)@0.05 power_one_sided 1.000 power_two_sided 1.000 kurtosis 0.988 spec_cnn 1.000  (24s)
  JSR  +14.0 dB  BER 1.11e-02  P(det)@0.05 power_one_sided 1.000 power_two_sided 1.000 kurtosis 0.975 spec_cnn 1.000  (24s)
  JSR  +15.0 dB  BER 1.12e-02  P(det)@0.05 power_one_sided 1.000 power_two_sided 1.000 kurtosis 0.980 spec_cnn 1.000  (25s)
  [snr_30] kurtosis_b1000 confirmed: {"power_one_sided": {"0.01": {"index": 0, "sweep_ber": 0.0, "sweep_pdet": 0.015625, "confirmed_ber": 0.0, "confirmed_ser": 0.0, "confirmed_pdet": 0.01025390625, "passed": true}, "0.05": {"index": 0, "sweep_ber": 0.0, "sweep_pdet": 0.05078125, "confirmed_ber": 0.0, "confirmed_ser": 0.0, "confirmed_pdet": 0.052734375, "passed": true}}, "power_two_sided": {"0.01": {"index": 0, "sweep_ber": 0.0, "sweep_pdet": 0.013671875, "confirmed_ber": 0.0, "confirmed_ser": 0.0, "confirmed_pdet": 0.00634765625, "passed": true}, "0.05": {"index": 0, "sweep_ber": 0.0, "sweep_pdet": 0.044921875, "confirmed_ber": 0.0, "confirmed_ser": 0.0, "confirmed_pdet": 0.0556640625, "passed": true}}, "kurtosis": {"0.01": {"index": 0, "sweep_ber": 0.0, "sweep_pdet": 0.00390625, "confirmed_ber": 0.0, "confirmed_ser": 0.0, "confirmed_pdet": 0.01123046875, "passed": true}, "0.05": {"index": 0, "sweep_ber": 0.0, "sweep_pdet": 0.041015625, "confirmed_ber": 0.0, "confirmed_ser": 0.0, "confirmed_pdet": 0.0498046875, "passed": true}}, "spec_cnn": {"0.01": {"index": 0, "sweep_ber": 0.0, "sweep_pdet": 0.009765625, "confirmed_ber": 0.0, "confirmed_ser": 0.0, "confirmed_pdet": 0.01025390625, "passed": true}, "0.05": {"index": 0, "sweep_ber": 0.0, "sweep_pdet": 0.05859375, "confirmed_ber": 0.0, "confirmed_ser": 0.0, "confirmed_pdet": 0.0615234375, "passed": false}}}  (1063s)
  [snr_30] generator spec_cnn_b1 (scale 1.0000)
  JSR  -50.0 dB  BER 0.00e+00  P(det)@0.05 power_one_sided 0.074 power_two_sided 0.051 kurtosis 0.062 spec_cnn 0.041  (0s)
  JSR  -49.0 dB  BER 0.00e+00  P(det)@0.05 power_one_sided 0.062 power_two_sided 0.068 kurtosis 0.043 spec_cnn 0.062  (1s)
  JSR  -48.0 dB  BER 0.00e+00  P(det)@0.05 power_one_sided 0.061 power_two_sided 0.053 kurtosis 0.023 spec_cnn 0.043  (1s)
  JSR  -47.0 dB  BER 0.00e+00  P(det)@0.05 power_one_sided 0.051 power_two_sided 0.055 kurtosis 0.037 spec_cnn 0.027  (1s)
  JSR  -46.0 dB  BER 0.00e+00  P(det)@0.05 power_one_sided 0.080 power_two_sided 0.066 kurtosis 0.049 spec_cnn 0.049  (2s)
  JSR  -45.0 dB  BER 0.00e+00  P(det)@0.05 power_one_sided 0.082 power_two_sided 0.078 kurtosis 0.057 spec_cnn 0.047  (2s)
  JSR  -44.0 dB  BER 0.00e+00  P(det)@0.05 power_one_sided 0.066 power_two_sided 0.072 kurtosis 0.047 spec_cnn 0.047  (3s)
  JSR  -43.0 dB  BER 0.00e+00  P(det)@0.05 power_one_sided 0.062 power_two_sided 0.064 kurtosis 0.045 spec_cnn 0.033  (3s)
  JSR  -42.0 dB  BER 0.00e+00  P(det)@0.05 power_one_sided 0.092 power_two_sided 0.092 kurtosis 0.055 spec_cnn 0.041  (3s)
  JSR  -41.0 dB  BER 0.00e+00  P(det)@0.05 power_one_sided 0.107 power_two_sided 0.119 kurtosis 0.066 spec_cnn 0.035  (4s)
  JSR  -40.0 dB  BER 0.00e+00  P(det)@0.05 power_one_sided 0.125 power_two_sided 0.121 kurtosis 0.033 spec_cnn 0.068  (4s)
  JSR  -39.0 dB  BER 0.00e+00  P(det)@0.05 power_one_sided 0.125 power_two_sided 0.148 kurtosis 0.051 spec_cnn 0.049  (4s)
  JSR  -38.0 dB  BER 0.00e+00  P(det)@0.05 power_one_sided 0.166 power_two_sided 0.178 kurtosis 0.047 spec_cnn 0.057  (5s)
  JSR  -37.0 dB  BER 0.00e+00  P(det)@0.05 power_one_sided 0.178 power_two_sided 0.219 kurtosis 0.047 spec_cnn 0.053  (5s)
  JSR  -36.0 dB  BER 0.00e+00  P(det)@0.05 power_one_sided 0.199 power_two_sided 0.248 kurtosis 0.059 spec_cnn 0.035  (5s)
  JSR  -35.0 dB  BER 0.00e+00  P(det)@0.05 power_one_sided 0.273 power_two_sided 0.314 kurtosis 0.045 spec_cnn 0.061  (6s)
  JSR  -34.0 dB  BER 0.00e+00  P(det)@0.05 power_one_sided 0.295 power_two_sided 0.398 kurtosis 0.061 spec_cnn 0.055  (6s)
  JSR  -33.0 dB  BER 0.00e+00  P(det)@0.05 power_one_sided 0.295 power_two_sided 0.395 kurtosis 0.049 spec_cnn 0.049  (6s)
  JSR  -32.0 dB  BER 0.00e+00  P(det)@0.05 power_one_sided 0.344 power_two_sided 0.461 kurtosis 0.037 spec_cnn 0.047  (7s)
  JSR  -31.0 dB  BER 0.00e+00  P(det)@0.05 power_one_sided 0.344 power_two_sided 0.498 kurtosis 0.057 spec_cnn 0.045  (7s)
  JSR  -30.0 dB  BER 0.00e+00  P(det)@0.05 power_one_sided 0.418 power_two_sided 0.588 kurtosis 0.051 spec_cnn 0.049  (8s)
  JSR  -29.0 dB  BER 0.00e+00  P(det)@0.05 power_one_sided 0.412 power_two_sided 0.658 kurtosis 0.045 spec_cnn 0.066  (8s)
  JSR  -28.0 dB  BER 0.00e+00  P(det)@0.05 power_one_sided 0.422 power_two_sided 0.641 kurtosis 0.045 spec_cnn 0.064  (8s)
  JSR  -27.0 dB  BER 0.00e+00  P(det)@0.05 power_one_sided 0.482 power_two_sided 0.693 kurtosis 0.059 spec_cnn 0.082  (9s)
  JSR  -26.0 dB  BER 0.00e+00  P(det)@0.05 power_one_sided 0.475 power_two_sided 0.703 kurtosis 0.053 spec_cnn 0.078  (9s)
  JSR  -25.0 dB  BER 0.00e+00  P(det)@0.05 power_one_sided 0.518 power_two_sided 0.773 kurtosis 0.047 spec_cnn 0.111  (10s)
  JSR  -24.0 dB  BER 0.00e+00  P(det)@0.05 power_one_sided 0.562 power_two_sided 0.789 kurtosis 0.078 spec_cnn 0.082  (10s)
  JSR  -23.0 dB  BER 2.59e-04  P(det)@0.05 power_one_sided 0.607 power_two_sided 0.805 kurtosis 0.100 spec_cnn 0.096  (10s)
  JSR  -22.0 dB  BER 6.33e-04  P(det)@0.05 power_one_sided 0.654 power_two_sided 0.852 kurtosis 0.158 spec_cnn 0.119  (11s)
  JSR  -21.0 dB  BER 1.34e-03  P(det)@0.05 power_one_sided 0.654 power_two_sided 0.854 kurtosis 0.164 spec_cnn 0.164  (11s)
  JSR  -20.0 dB  BER 1.71e-03  P(det)@0.05 power_one_sided 0.670 power_two_sided 0.830 kurtosis 0.256 spec_cnn 0.215  (11s)
  JSR  -19.0 dB  BER 2.19e-03  P(det)@0.05 power_one_sided 0.730 power_two_sided 0.902 kurtosis 0.309 spec_cnn 0.273  (12s)
  JSR  -18.0 dB  BER 2.49e-03  P(det)@0.05 power_one_sided 0.771 power_two_sided 0.895 kurtosis 0.430 spec_cnn 0.363  (12s)
  JSR  -17.0 dB  BER 2.78e-03  P(det)@0.05 power_one_sided 0.811 power_two_sided 0.887 kurtosis 0.516 spec_cnn 0.498  (13s)
  JSR  -16.0 dB  BER 2.95e-03  P(det)@0.05 power_one_sided 0.898 power_two_sided 0.934 kurtosis 0.635 spec_cnn 0.564  (13s)
  JSR  -15.0 dB  BER 3.47e-03  P(det)@0.05 power_one_sided 0.930 power_two_sided 0.943 kurtosis 0.635 spec_cnn 0.805  (13s)
  JSR  -14.0 dB  BER 3.87e-03  P(det)@0.05 power_one_sided 0.979 power_two_sided 0.977 kurtosis 0.764 spec_cnn 0.902  (14s)
  JSR  -13.0 dB  BER 4.22e-03  P(det)@0.05 power_one_sided 0.984 power_two_sided 0.988 kurtosis 0.809 spec_cnn 0.982  (14s)
  JSR  -12.0 dB  BER 4.36e-03  P(det)@0.05 power_one_sided 0.996 power_two_sided 0.994 kurtosis 0.902 spec_cnn 0.994  (14s)
  JSR  -11.0 dB  BER 4.58e-03  P(det)@0.05 power_one_sided 1.000 power_two_sided 1.000 kurtosis 0.971 spec_cnn 1.000  (15s)
  JSR  -10.0 dB  BER 4.71e-03  P(det)@0.05 power_one_sided 1.000 power_two_sided 1.000 kurtosis 0.998 spec_cnn 1.000  (15s)
  JSR   -9.0 dB  BER 5.26e-03  P(det)@0.05 power_one_sided 1.000 power_two_sided 1.000 kurtosis 1.000 spec_cnn 1.000  (16s)
  JSR   -8.0 dB  BER 5.81e-03  P(det)@0.05 power_one_sided 1.000 power_two_sided 1.000 kurtosis 1.000 spec_cnn 1.000  (16s)
  JSR   -7.0 dB  BER 6.68e-03  P(det)@0.05 power_one_sided 1.000 power_two_sided 1.000 kurtosis 1.000 spec_cnn 1.000  (16s)
  JSR   -6.0 dB  BER 6.91e-03  P(det)@0.05 power_one_sided 1.000 power_two_sided 1.000 kurtosis 1.000 spec_cnn 1.000  (17s)
  JSR   -5.0 dB  BER 7.60e-03  P(det)@0.05 power_one_sided 1.000 power_two_sided 1.000 kurtosis 1.000 spec_cnn 1.000  (17s)
  JSR   -4.0 dB  BER 8.43e-03  P(det)@0.05 power_one_sided 1.000 power_two_sided 1.000 kurtosis 1.000 spec_cnn 1.000  (17s)
  JSR   -3.0 dB  BER 9.19e-03  P(det)@0.05 power_one_sided 1.000 power_two_sided 1.000 kurtosis 1.000 spec_cnn 1.000  (18s)
  JSR   -2.0 dB  BER 9.48e-03  P(det)@0.05 power_one_sided 1.000 power_two_sided 1.000 kurtosis 1.000 spec_cnn 1.000  (18s)
  JSR   -1.0 dB  BER 9.89e-03  P(det)@0.05 power_one_sided 1.000 power_two_sided 1.000 kurtosis 1.000 spec_cnn 1.000  (18s)
  JSR   +0.0 dB  BER 1.13e-02  P(det)@0.05 power_one_sided 1.000 power_two_sided 1.000 kurtosis 1.000 spec_cnn 1.000  (19s)
  JSR   +1.0 dB  BER 1.14e-02  P(det)@0.05 power_one_sided 1.000 power_two_sided 1.000 kurtosis 1.000 spec_cnn 1.000  (19s)
  JSR   +2.0 dB  BER 1.25e-02  P(det)@0.05 power_one_sided 1.000 power_two_sided 1.000 kurtosis 1.000 spec_cnn 1.000  (20s)
  JSR   +3.0 dB  BER 1.34e-02  P(det)@0.05 power_one_sided 1.000 power_two_sided 1.000 kurtosis 1.000 spec_cnn 1.000  (20s)
  JSR   +4.0 dB  BER 1.39e-02  P(det)@0.05 power_one_sided 1.000 power_two_sided 1.000 kurtosis 1.000 spec_cnn 1.000  (20s)
  JSR   +5.0 dB  BER 1.49e-02  P(det)@0.05 power_one_sided 1.000 power_two_sided 1.000 kurtosis 1.000 spec_cnn 1.000  (21s)
  JSR   +6.0 dB  BER 1.58e-02  P(det)@0.05 power_one_sided 1.000 power_two_sided 1.000 kurtosis 1.000 spec_cnn 1.000  (21s)
  JSR   +7.0 dB  BER 1.62e-02  P(det)@0.05 power_one_sided 1.000 power_two_sided 1.000 kurtosis 1.000 spec_cnn 1.000  (21s)
  JSR   +8.0 dB  BER 1.64e-02  P(det)@0.05 power_one_sided 1.000 power_two_sided 1.000 kurtosis 1.000 spec_cnn 1.000  (22s)
  JSR   +9.0 dB  BER 1.76e-02  P(det)@0.05 power_one_sided 1.000 power_two_sided 1.000 kurtosis 1.000 spec_cnn 1.000  (22s)
  JSR  +10.0 dB  BER 1.78e-02  P(det)@0.05 power_one_sided 1.000 power_two_sided 1.000 kurtosis 1.000 spec_cnn 1.000  (23s)
  JSR  +11.0 dB  BER 1.89e-02  P(det)@0.05 power_one_sided 1.000 power_two_sided 1.000 kurtosis 1.000 spec_cnn 1.000  (23s)
  JSR  +12.0 dB  BER 2.05e-02  P(det)@0.05 power_one_sided 1.000 power_two_sided 1.000 kurtosis 1.000 spec_cnn 1.000  (23s)
  JSR  +13.0 dB  BER 2.21e-02  P(det)@0.05 power_one_sided 1.000 power_two_sided 1.000 kurtosis 1.000 spec_cnn 1.000  (24s)
  JSR  +14.0 dB  BER 2.40e-02  P(det)@0.05 power_one_sided 1.000 power_two_sided 1.000 kurtosis 1.000 spec_cnn 1.000  (24s)
  JSR  +15.0 dB  BER 2.78e-02  P(det)@0.05 power_one_sided 1.000 power_two_sided 1.000 kurtosis 1.000 spec_cnn 1.000  (24s)
  [snr_30] spec_cnn_b1 confirmed: {"power_one_sided": {"0.01": {"index": 0, "sweep_ber": 0.0, "sweep_pdet": 0.009765625, "confirmed_ber": 0.0, "confirmed_ser": 0.0, "confirmed_pdet": 0.0087890625, "passed": true}, "0.05": {"index": 1, "sweep_ber": 0.0, "sweep_pdet": 0.0625, "confirmed_ber": 0.0, "confirmed_ser": 0.0, "confirmed_pdet": 0.053955078125, "passed": true}}, "power_two_sided": {"0.01": {"index": 0, "sweep_ber": 0.0, "sweep_pdet": 0.013671875, "confirmed_ber": 0.0, "confirmed_ser": 0.0, "confirmed_pdet": 0.013671875, "passed": false}, "0.05": {"index": 0, "sweep_ber": 0.0, "sweep_pdet": 0.05078125, "confirmed_ber": 0.0, "confirmed_ser": 0.0, "confirmed_pdet": 0.0537109375, "passed": true}}, "kurtosis": {"0.01": {"index": 0, "sweep_ber": 0.0, "sweep_pdet": 0.015625, "confirmed_ber": 0.0, "confirmed_ser": 0.0, "confirmed_pdet": 0.00830078125, "passed": true}, "0.05": {"index": 0, "sweep_ber": 0.0, "sweep_pdet": 0.0625, "confirmed_ber": 0.0, "confirmed_ser": 0.0, "confirmed_pdet": 0.0537109375, "passed": true}}, "spec_cnn": {"0.01": {"index": 0, "sweep_ber": 0.0, "sweep_pdet": 0.009765625, "confirmed_ber": 0.0, "confirmed_ser": 0.0, "confirmed_pdet": 0.0107421875, "passed": true}, "0.05": {"index": 0, "sweep_ber": 0.0, "sweep_pdet": 0.041015625, "confirmed_ber": 0.0, "confirmed_ser": 0.0, "confirmed_pdet": 0.046630859375, "passed": true}}}  (1111s)
  [snr_30] generator spec_cnn_b10 (scale 1.0000)
    JSR  -50.0 dB  BER 0.00e+00  P(det)@0.05 power_one_sided 0.043 power_two_sided 0.062 kurtosis 0.061 spec_cnn 0.033  (0s)
    JSR  -49.0 dB  BER 0.00e+00  P(det)@0.05 power_one_sided 0.064 power_two_sided 0.068 kurtosis 0.053 spec_cnn 0.070  (1s)
    JSR  -48.0 dB  BER 0.00e+00  P(det)@0.05 power_one_sided 0.074 power_two_sided 0.057 kurtosis 0.033 spec_cnn 0.027  (1s)
    JSR  -47.0 dB  BER 0.00e+00  P(det)@0.05 power_one_sided 0.076 power_two_sided 0.066 kurtosis 0.037 spec_cnn 0.043  (1s)
    JSR  -46.0 dB  BER 0.00e+00  P(det)@0.05 power_one_sided 0.057 power_two_sided 0.061 kurtosis 0.055 spec_cnn 0.039  (2s)
    JSR  -45.0 dB  BER 0.00e+00  P(det)@0.05 power_one_sided 0.070 power_two_sided 0.066 kurtosis 0.053 spec_cnn 0.041  (2s)
    JSR  -44.0 dB  BER 0.00e+00  P(det)@0.05 power_one_sided 0.082 power_two_sided 0.080 kurtosis 0.049 spec_cnn 0.037  (3s)
    JSR  -43.0 dB  BER 0.00e+00  P(det)@0.05 power_one_sided 0.088 power_two_sided 0.074 kurtosis 0.045 spec_cnn 0.055  (3s)
    JSR  -42.0 dB  BER 0.00e+00  P(det)@0.05 power_one_sided 0.104 power_two_sided 0.105 kurtosis 0.059 spec_cnn 0.047  (3s)
    JSR  -41.0 dB  BER 0.00e+00  P(det)@0.05 power_one_sided 0.086 power_two_sided 0.098 kurtosis 0.061 spec_cnn 0.039  (4s)
    JSR  -40.0 dB  BER 0.00e+00  P(det)@0.05 power_one_sided 0.137 power_two_sided 0.150 kurtosis 0.047 spec_cnn 0.049  (4s)
    JSR  -39.0 dB  BER 0.00e+00  P(det)@0.05 power_one_sided 0.160 power_two_sided 0.172 kurtosis 0.043 spec_cnn 0.035  (4s)
    JSR  -38.0 dB  BER 0.00e+00  P(det)@0.05 power_one_sided 0.166 power_two_sided 0.176 kurtosis 0.045 spec_cnn 0.049  (5s)
    JSR  -37.0 dB  BER 0.00e+00  P(det)@0.05 power_one_sided 0.184 power_two_sided 0.219 kurtosis 0.047 spec_cnn 0.043  (5s)
    JSR  -36.0 dB  BER 0.00e+00  P(det)@0.05 power_one_sided 0.217 power_two_sided 0.287 kurtosis 0.045 spec_cnn 0.068  (6s)
    JSR  -35.0 dB  BER 0.00e+00  P(det)@0.05 power_one_sided 0.225 power_two_sided 0.299 kurtosis 0.037 spec_cnn 0.041  (6s)
    JSR  -34.0 dB  BER 0.00e+00  P(det)@0.05 power_one_sided 0.295 power_two_sided 0.365 kurtosis 0.051 spec_cnn 0.064  (6s)
    JSR  -33.0 dB  BER 0.00e+00  P(det)@0.05 power_one_sided 0.336 power_two_sided 0.416 kurtosis 0.064 spec_cnn 0.055  (7s)
    JSR  -32.0 dB  BER 0.00e+00  P(det)@0.05 power_one_sided 0.334 power_two_sided 0.467 kurtosis 0.051 spec_cnn 0.061  (7s)
    JSR  -31.0 dB  BER 0.00e+00  P(det)@0.05 power_one_sided 0.369 power_two_sided 0.543 kurtosis 0.047 spec_cnn 0.068  (7s)
    JSR  -30.0 dB  BER 0.00e+00  P(det)@0.05 power_one_sided 0.420 power_two_sided 0.596 kurtosis 0.043 spec_cnn 0.053  (8s)
    JSR  -29.0 dB  BER 0.00e+00  P(det)@0.05 power_one_sided 0.383 power_two_sided 0.592 kurtosis 0.072 spec_cnn 0.076  (8s)
    JSR  -28.0 dB  BER 0.00e+00  P(det)@0.05 power_one_sided 0.480 power_two_sided 0.662 kurtosis 0.066 spec_cnn 0.076  (8s)
    JSR  -27.0 dB  BER 0.00e+00  P(det)@0.05 power_one_sided 0.469 power_two_sided 0.711 kurtosis 0.062 spec_cnn 0.053  (9s)
    JSR  -26.0 dB  BER 0.00e+00  P(det)@0.05 power_one_sided 0.469 power_two_sided 0.707 kurtosis 0.055 spec_cnn 0.090  (9s)
    JSR  -25.0 dB  BER 0.00e+00  P(det)@0.05 power_one_sided 0.533 power_two_sided 0.768 kurtosis 0.059 spec_cnn 0.061  (10s)
    JSR  -24.0 dB  BER 0.00e+00  P(det)@0.05 power_one_sided 0.549 power_two_sided 0.771 kurtosis 0.051 spec_cnn 0.096  (10s)
    JSR  -23.0 dB  BER 4.12e-04  P(det)@0.05 power_one_sided 0.609 power_two_sided 0.799 kurtosis 0.092 spec_cnn 0.113  (10s)
    JSR  -22.0 dB  BER 8.39e-04  P(det)@0.05 power_one_sided 0.656 power_two_sided 0.842 kurtosis 0.127 spec_cnn 0.121  (11s)
    JSR  -21.0 dB  BER 1.43e-03  P(det)@0.05 power_one_sided 0.639 power_two_sided 0.836 kurtosis 0.205 spec_cnn 0.152  (11s)
    JSR  -20.0 dB  BER 1.83e-03  P(det)@0.05 power_one_sided 0.674 power_two_sided 0.859 kurtosis 0.229 spec_cnn 0.203  (11s)
    JSR  -19.0 dB  BER 2.12e-03  P(det)@0.05 power_one_sided 0.721 power_two_sided 0.893 kurtosis 0.354 spec_cnn 0.230  (12s)
    JSR  -18.0 dB  BER 2.68e-03  P(det)@0.05 power_one_sided 0.746 power_two_sided 0.855 kurtosis 0.428 spec_cnn 0.305  (12s)
    JSR  -17.0 dB  BER 2.88e-03  P(det)@0.05 power_one_sided 0.812 power_two_sided 0.879 kurtosis 0.494 spec_cnn 0.424  (13s)
    JSR  -16.0 dB  BER 3.18e-03  P(det)@0.05 power_one_sided 0.848 power_two_sided 0.891 kurtosis 0.596 spec_cnn 0.564  (13s)
    JSR  -15.0 dB  BER 3.47e-03  P(det)@0.05 power_one_sided 0.932 power_two_sided 0.932 kurtosis 0.695 spec_cnn 0.697  (13s)
    JSR  -14.0 dB  BER 3.76e-03  P(det)@0.05 power_one_sided 0.963 power_two_sided 0.969 kurtosis 0.773 spec_cnn 0.896  (14s)
    JSR  -13.0 dB  BER 4.01e-03  P(det)@0.05 power_one_sided 0.994 power_two_sided 0.998 kurtosis 0.838 spec_cnn 0.969  (14s)
    JSR  -12.0 dB  BER 4.33e-03  P(det)@0.05 power_one_sided 1.000 power_two_sided 1.000 kurtosis 0.881 spec_cnn 0.988  (14s)
    JSR  -11.0 dB  BER 4.55e-03  P(det)@0.05 power_one_sided 1.000 power_two_sided 1.000 kurtosis 0.984 spec_cnn 1.000  (15s)
    JSR  -10.0 dB  BER 5.04e-03  P(det)@0.05 power_one_sided 1.000 power_two_sided 1.000 kurtosis 0.996 spec_cnn 0.998  (15s)
    JSR   -9.0 dB  BER 5.22e-03  P(det)@0.05 power_one_sided 1.000 power_two_sided 1.000 kurtosis 1.000 spec_cnn 1.000  (16s)
    JSR   -8.0 dB  BER 5.62e-03  P(det)@0.05 power_one_sided 1.000 power_two_sided 1.000 kurtosis 1.000 spec_cnn 1.000  (16s)
    JSR   -7.0 dB  BER 6.19e-03  P(det)@0.05 power_one_sided 1.000 power_two_sided 1.000 kurtosis 1.000 spec_cnn 1.000  (16s)
    JSR   -6.0 dB  BER 7.05e-03  P(det)@0.05 power_one_sided 1.000 power_two_sided 1.000 kurtosis 1.000 spec_cnn 1.000  (17s)
    JSR   -5.0 dB  BER 7.60e-03  P(det)@0.05 power_one_sided 1.000 power_two_sided 1.000 kurtosis 1.000 spec_cnn 1.000  (17s)
    JSR   -4.0 dB  BER 8.35e-03  P(det)@0.05 power_one_sided 1.000 power_two_sided 1.000 kurtosis 1.000 spec_cnn 1.000  (17s)
    JSR   -3.0 dB  BER 8.58e-03  P(det)@0.05 power_one_sided 1.000 power_two_sided 1.000 kurtosis 1.000 spec_cnn 1.000  (18s)
    JSR   -2.0 dB  BER 9.37e-03  P(det)@0.05 power_one_sided 1.000 power_two_sided 1.000 kurtosis 1.000 spec_cnn 1.000  (18s)
    JSR   -1.0 dB  BER 9.94e-03  P(det)@0.05 power_one_sided 1.000 power_two_sided 1.000 kurtosis 1.000 spec_cnn 1.000  (19s)
    JSR   +0.0 dB  BER 1.14e-02  P(det)@0.05 power_one_sided 1.000 power_two_sided 1.000 kurtosis 1.000 spec_cnn 1.000  (19s)
    JSR   +1.0 dB  BER 1.08e-02  P(det)@0.05 power_one_sided 1.000 power_two_sided 1.000 kurtosis 1.000 spec_cnn 1.000  (19s)
    JSR   +2.0 dB  BER 1.23e-02  P(det)@0.05 power_one_sided 1.000 power_two_sided 1.000 kurtosis 1.000 spec_cnn 1.000  (20s)
    JSR   +3.0 dB  BER 1.37e-02  P(det)@0.05 power_one_sided 1.000 power_two_sided 1.000 kurtosis 1.000 spec_cnn 1.000  (20s)
    JSR   +4.0 dB  BER 1.37e-02  P(det)@0.05 power_one_sided 1.000 power_two_sided 1.000 kurtosis 1.000 spec_cnn 1.000  (20s)
    JSR   +5.0 dB  BER 1.46e-02  P(det)@0.05 power_one_sided 1.000 power_two_sided 1.000 kurtosis 1.000 spec_cnn 1.000  (21s)
    JSR   +6.0 dB  BER 1.51e-02  P(det)@0.05 power_one_sided 1.000 power_two_sided 1.000 kurtosis 1.000 spec_cnn 1.000  (21s)
    JSR   +7.0 dB  BER 1.55e-02  P(det)@0.05 power_one_sided 1.000 power_two_sided 1.000 kurtosis 1.000 spec_cnn 1.000  (22s)
    JSR   +8.0 dB  BER 1.73e-02  P(det)@0.05 power_one_sided 1.000 power_two_sided 1.000 kurtosis 1.000 spec_cnn 1.000  (22s)
    JSR   +9.0 dB  BER 1.72e-02  P(det)@0.05 power_one_sided 1.000 power_two_sided 1.000 kurtosis 1.000 spec_cnn 1.000  (22s)
    JSR  +10.0 dB  BER 1.83e-02  P(det)@0.05 power_one_sided 1.000 power_two_sided 1.000 kurtosis 1.000 spec_cnn 1.000  (23s)
    JSR  +11.0 dB  BER 1.89e-02  P(det)@0.05 power_one_sided 1.000 power_two_sided 1.000 kurtosis 1.000 spec_cnn 1.000  (23s)
    JSR  +12.0 dB  BER 2.00e-02  P(det)@0.05 power_one_sided 1.000 power_two_sided 1.000 kurtosis 1.000 spec_cnn 1.000  (23s)
    JSR  +13.0 dB  BER 2.13e-02  P(det)@0.05 power_one_sided 1.000 power_two_sided 1.000 kurtosis 1.000 spec_cnn 1.000  (24s)
    JSR  +14.0 dB  BER 2.20e-02  P(det)@0.05 power_one_sided 1.000 power_two_sided 1.000 kurtosis 1.000 spec_cnn 1.000  (24s)
    JSR  +15.0 dB  BER 2.34e-02  P(det)@0.05 power_one_sided 1.000 power_two_sided 1.000 kurtosis 1.000 spec_cnn 1.000  (25s)
  [snr_30] spec_cnn_b10 confirmed: {"power_one_sided": {"0.01": {"index": 0, "sweep_ber": 0.0, "sweep_pdet": 0.005859375, "confirmed_ber": 0.0, "confirmed_ser": 0.0, "confirmed_pdet": 0.00830078125, "passed": true}, "0.05": {"index": 0, "sweep_ber": 0.0, "sweep_pdet": 0.04296875, "confirmed_ber": 0.0, "confirmed_ser": 0.0, "confirmed_pdet": 0.058349609375, "passed": false}}, "power_two_sided": {"0.01": {"index": 0, "sweep_ber": 0.0, "sweep_pdet": 0.015625, "confirmed_ber": 0.0, "confirmed_ser": 0.0, "confirmed_pdet": 0.0126953125, "passed": true}, "0.05": {"index": 0, "sweep_ber": 0.0, "sweep_pdet": 0.0625, "confirmed_ber": 0.0, "confirmed_ser": 0.0, "confirmed_pdet": 0.06103515625, "passed": false}}, "kurtosis": {"0.01": {"index": 0, "sweep_ber": 0.0, "sweep_pdet": 0.005859375, "confirmed_ber": 0.0, "confirmed_ser": 0.0, "confirmed_pdet": 0.010009765625, "passed": true}, "0.05": {"index": 0, "sweep_ber": 0.0, "sweep_pdet": 0.060546875, "confirmed_ber": 0.0, "confirmed_ser": 0.0, "confirmed_pdet": 0.058837890625, "passed": false}}, "spec_cnn": {"0.01": {"index": 0, "sweep_ber": 0.0, "sweep_pdet": 0.005859375, "confirmed_ber": 0.0, "confirmed_ser": 0.0, "confirmed_pdet": 0.00927734375, "passed": true}, "0.05": {"index": 0, "sweep_ber": 0.0, "sweep_pdet": 0.033203125, "confirmed_ber": 0.0, "confirmed_ser": 0.0, "confirmed_pdet": 0.0458984375, "passed": true}}}  (1160s)
  [snr_30] generator spec_cnn_b100 (scale 1.0000)
  JSR  -50.0 dB  BER 0.00e+00  P(det)@0.05 power_one_sided 0.059 power_two_sided 0.061 kurtosis 0.057 spec_cnn 0.061  (0s)
  JSR  -49.0 dB  BER 0.00e+00  P(det)@0.05 power_one_sided 0.078 power_two_sided 0.057 kurtosis 0.053 spec_cnn 0.031  (1s)
  JSR  -48.0 dB  BER 0.00e+00  P(det)@0.05 power_one_sided 0.045 power_two_sided 0.051 kurtosis 0.051 spec_cnn 0.033  (1s)
  JSR  -47.0 dB  BER 0.00e+00  P(det)@0.05 power_one_sided 0.055 power_two_sided 0.068 kurtosis 0.051 spec_cnn 0.049  (1s)
  JSR  -46.0 dB  BER 0.00e+00  P(det)@0.05 power_one_sided 0.074 power_two_sided 0.072 kurtosis 0.051 spec_cnn 0.053  (2s)
  JSR  -45.0 dB  BER 0.00e+00  P(det)@0.05 power_one_sided 0.072 power_two_sided 0.068 kurtosis 0.074 spec_cnn 0.051  (2s)
  JSR  -44.0 dB  BER 0.00e+00  P(det)@0.05 power_one_sided 0.062 power_two_sided 0.078 kurtosis 0.045 spec_cnn 0.033  (3s)
  JSR  -43.0 dB  BER 0.00e+00  P(det)@0.05 power_one_sided 0.107 power_two_sided 0.107 kurtosis 0.066 spec_cnn 0.043  (3s)
  JSR  -42.0 dB  BER 0.00e+00  P(det)@0.05 power_one_sided 0.092 power_two_sided 0.102 kurtosis 0.037 spec_cnn 0.057  (3s)
  JSR  -41.0 dB  BER 0.00e+00  P(det)@0.05 power_one_sided 0.096 power_two_sided 0.117 kurtosis 0.045 spec_cnn 0.062  (4s)
  JSR  -40.0 dB  BER 0.00e+00  P(det)@0.05 power_one_sided 0.137 power_two_sided 0.121 kurtosis 0.029 spec_cnn 0.062  (4s)
  JSR  -39.0 dB  BER 0.00e+00  P(det)@0.05 power_one_sided 0.119 power_two_sided 0.131 kurtosis 0.049 spec_cnn 0.045  (4s)
  JSR  -38.0 dB  BER 0.00e+00  P(det)@0.05 power_one_sided 0.133 power_two_sided 0.164 kurtosis 0.055 spec_cnn 0.061  (5s)
  JSR  -37.0 dB  BER 0.00e+00  P(det)@0.05 power_one_sided 0.178 power_two_sided 0.195 kurtosis 0.049 spec_cnn 0.057  (5s)
  JSR  -36.0 dB  BER 0.00e+00  P(det)@0.05 power_one_sided 0.186 power_two_sided 0.217 kurtosis 0.068 spec_cnn 0.049  (6s)
  JSR  -35.0 dB  BER 0.00e+00  P(det)@0.05 power_one_sided 0.242 power_two_sided 0.254 kurtosis 0.047 spec_cnn 0.059  (6s)
  JSR  -34.0 dB  BER 0.00e+00  P(det)@0.05 power_one_sided 0.275 power_two_sided 0.305 kurtosis 0.049 spec_cnn 0.035  (6s)
  JSR  -33.0 dB  BER 0.00e+00  P(det)@0.05 power_one_sided 0.236 power_two_sided 0.334 kurtosis 0.053 spec_cnn 0.076  (7s)
  JSR  -32.0 dB  BER 0.00e+00  P(det)@0.05 power_one_sided 0.324 power_two_sided 0.436 kurtosis 0.049 spec_cnn 0.072  (7s)
  JSR  -31.0 dB  BER 0.00e+00  P(det)@0.05 power_one_sided 0.346 power_two_sided 0.436 kurtosis 0.053 spec_cnn 0.070  (7s)
  JSR  -30.0 dB  BER 0.00e+00  P(det)@0.05 power_one_sided 0.359 power_two_sided 0.480 kurtosis 0.059 spec_cnn 0.068  (8s)
  JSR  -29.0 dB  BER 0.00e+00  P(det)@0.05 power_one_sided 0.406 power_two_sided 0.553 kurtosis 0.049 spec_cnn 0.094  (8s)
  JSR  -28.0 dB  BER 0.00e+00  P(det)@0.05 power_one_sided 0.443 power_two_sided 0.590 kurtosis 0.061 spec_cnn 0.133  (8s)
  JSR  -27.0 dB  BER 0.00e+00  P(det)@0.05 power_one_sided 0.463 power_two_sided 0.662 kurtosis 0.049 spec_cnn 0.141  (9s)
  JSR  -26.0 dB  BER 0.00e+00  P(det)@0.05 power_one_sided 0.500 power_two_sided 0.666 kurtosis 0.062 spec_cnn 0.186  (9s)
  JSR  -25.0 dB  BER 0.00e+00  P(det)@0.05 power_one_sided 0.543 power_two_sided 0.736 kurtosis 0.062 spec_cnn 0.254  (10s)
  JSR  -24.0 dB  BER 0.00e+00  P(det)@0.05 power_one_sided 0.572 power_two_sided 0.742 kurtosis 0.066 spec_cnn 0.355  (10s)
  JSR  -23.0 dB  BER 0.00e+00  P(det)@0.05 power_one_sided 0.643 power_two_sided 0.814 kurtosis 0.080 spec_cnn 0.488  (10s)
  JSR  -22.0 dB  BER 3.05e-04  P(det)@0.05 power_one_sided 0.641 power_two_sided 0.803 kurtosis 0.078 spec_cnn 0.703  (11s)
  JSR  -21.0 dB  BER 7.17e-04  P(det)@0.05 power_one_sided 0.678 power_two_sided 0.822 kurtosis 0.139 spec_cnn 0.877  (11s)
  JSR  -20.0 dB  BER 1.07e-03  P(det)@0.05 power_one_sided 0.748 power_two_sided 0.869 kurtosis 0.178 spec_cnn 0.973  (12s)
  JSR  -19.0 dB  BER 1.80e-03  P(det)@0.05 power_one_sided 0.752 power_two_sided 0.830 kurtosis 0.275 spec_cnn 0.994  (12s)
  JSR  -18.0 dB  BER 2.17e-03  P(det)@0.05 power_one_sided 0.803 power_two_sided 0.850 kurtosis 0.332 spec_cnn 0.998  (12s)
  JSR  -17.0 dB  BER 2.46e-03  P(det)@0.05 power_one_sided 0.881 power_two_sided 0.898 kurtosis 0.461 spec_cnn 1.000  (13s)
  JSR  -16.0 dB  BER 2.91e-03  P(det)@0.05 power_one_sided 0.926 power_two_sided 0.934 kurtosis 0.527 spec_cnn 1.000  (13s)
  JSR  -15.0 dB  BER 2.97e-03  P(det)@0.05 power_one_sided 0.971 power_two_sided 0.973 kurtosis 0.680 spec_cnn 1.000  (13s)
  JSR  -14.0 dB  BER 3.43e-03  P(det)@0.05 power_one_sided 0.990 power_two_sided 0.994 kurtosis 0.727 spec_cnn 1.000  (14s)
  JSR  -13.0 dB  BER 3.84e-03  P(det)@0.05 power_one_sided 1.000 power_two_sided 0.998 kurtosis 0.822 spec_cnn 1.000  (14s)
  JSR  -12.0 dB  BER 4.33e-03  P(det)@0.05 power_one_sided 1.000 power_two_sided 1.000 kurtosis 0.859 spec_cnn 1.000  (15s)
  JSR  -11.0 dB  BER 4.41e-03  P(det)@0.05 power_one_sided 1.000 power_two_sided 1.000 kurtosis 0.938 spec_cnn 1.000  (15s)
  JSR  -10.0 dB  BER 4.74e-03  P(det)@0.05 power_one_sided 1.000 power_two_sided 1.000 kurtosis 0.988 spec_cnn 1.000  (15s)
  JSR   -9.0 dB  BER 5.46e-03  P(det)@0.05 power_one_sided 1.000 power_two_sided 1.000 kurtosis 0.996 spec_cnn 1.000  (16s)
  JSR   -8.0 dB  BER 6.02e-03  P(det)@0.05 power_one_sided 1.000 power_two_sided 1.000 kurtosis 1.000 spec_cnn 1.000  (16s)
  JSR   -7.0 dB  BER 6.76e-03  P(det)@0.05 power_one_sided 1.000 power_two_sided 1.000 kurtosis 1.000 spec_cnn 1.000  (16s)
  JSR   -6.0 dB  BER 7.19e-03  P(det)@0.05 power_one_sided 1.000 power_two_sided 1.000 kurtosis 1.000 spec_cnn 1.000  (17s)
  JSR   -5.0 dB  BER 8.30e-03  P(det)@0.05 power_one_sided 1.000 power_two_sided 1.000 kurtosis 1.000 spec_cnn 1.000  (17s)
  JSR   -4.0 dB  BER 8.58e-03  P(det)@0.05 power_one_sided 1.000 power_two_sided 1.000 kurtosis 1.000 spec_cnn 1.000  (18s)
  JSR   -3.0 dB  BER 8.80e-03  P(det)@0.05 power_one_sided 1.000 power_two_sided 1.000 kurtosis 1.000 spec_cnn 1.000  (18s)
  JSR   -2.0 dB  BER 9.40e-03  P(det)@0.05 power_one_sided 1.000 power_two_sided 1.000 kurtosis 1.000 spec_cnn 1.000  (18s)
  JSR   -1.0 dB  BER 1.05e-02  P(det)@0.05 power_one_sided 1.000 power_two_sided 1.000 kurtosis 1.000 spec_cnn 1.000  (19s)
  JSR   +0.0 dB  BER 1.14e-02  P(det)@0.05 power_one_sided 1.000 power_two_sided 1.000 kurtosis 1.000 spec_cnn 1.000  (19s)
  JSR   +1.0 dB  BER 1.29e-02  P(det)@0.05 power_one_sided 1.000 power_two_sided 1.000 kurtosis 1.000 spec_cnn 1.000  (19s)
  JSR   +2.0 dB  BER 1.37e-02  P(det)@0.05 power_one_sided 1.000 power_two_sided 1.000 kurtosis 1.000 spec_cnn 1.000  (20s)
  JSR   +3.0 dB  BER 1.43e-02  P(det)@0.05 power_one_sided 1.000 power_two_sided 1.000 kurtosis 1.000 spec_cnn 1.000  (20s)
  JSR   +4.0 dB  BER 1.60e-02  P(det)@0.05 power_one_sided 1.000 power_two_sided 1.000 kurtosis 1.000 spec_cnn 1.000  (20s)
  JSR   +5.0 dB  BER 1.72e-02  P(det)@0.05 power_one_sided 1.000 power_two_sided 1.000 kurtosis 1.000 spec_cnn 1.000  (21s)
  JSR   +6.0 dB  BER 1.80e-02  P(det)@0.05 power_one_sided 1.000 power_two_sided 1.000 kurtosis 1.000 spec_cnn 1.000  (21s)
  JSR   +7.0 dB  BER 1.97e-02  P(det)@0.05 power_one_sided 1.000 power_two_sided 1.000 kurtosis 1.000 spec_cnn 1.000  (22s)
  JSR   +8.0 dB  BER 2.17e-02  P(det)@0.05 power_one_sided 1.000 power_two_sided 1.000 kurtosis 1.000 spec_cnn 1.000  (22s)
  JSR   +9.0 dB  BER 2.46e-02  P(det)@0.05 power_one_sided 1.000 power_two_sided 1.000 kurtosis 1.000 spec_cnn 1.000  (22s)
  JSR  +10.0 dB  BER 2.79e-02  P(det)@0.05 power_one_sided 1.000 power_two_sided 1.000 kurtosis 1.000 spec_cnn 1.000  (23s)
  JSR  +11.0 dB  BER 3.30e-02  P(det)@0.05 power_one_sided 1.000 power_two_sided 1.000 kurtosis 1.000 spec_cnn 1.000  (23s)
  JSR  +12.0 dB  BER 3.52e-02  P(det)@0.05 power_one_sided 1.000 power_two_sided 1.000 kurtosis 1.000 spec_cnn 1.000  (23s)
  JSR  +13.0 dB  BER 4.08e-02  P(det)@0.05 power_one_sided 1.000 power_two_sided 1.000 kurtosis 1.000 spec_cnn 1.000  (24s)
  JSR  +14.0 dB  BER 4.51e-02  P(det)@0.05 power_one_sided 1.000 power_two_sided 1.000 kurtosis 1.000 spec_cnn 1.000  (24s)
  JSR  +15.0 dB  BER 5.00e-02  P(det)@0.05 power_one_sided 1.000 power_two_sided 1.000 kurtosis 1.000 spec_cnn 1.000  (25s)
  [snr_30] spec_cnn_b100 confirmed: {"power_one_sided": {"0.01": {"index": 0, "sweep_ber": 0.0, "sweep_pdet": 0.009765625, "confirmed_ber": 0.0, "confirmed_ser": 0.0, "confirmed_pdet": 0.012939453125, "passed": true}, "0.05": {"index": 0, "sweep_ber": 0.0, "sweep_pdet": 0.05859375, "confirmed_ber": 0.0, "confirmed_ser": 0.0, "confirmed_pdet": 0.055419921875, "passed": true}}, "power_two_sided": {"0.01": {"index": 1, "sweep_ber": 0.0, "sweep_pdet": 0.013671875, "confirmed_ber": 0.0, "confirmed_ser": 0.0, "confirmed_pdet": 0.013427734375, "passed": false}, "0.05": {"index": 0, "sweep_ber": 0.0, "sweep_pdet": 0.060546875, "confirmed_ber": 0.0, "confirmed_ser": 0.0, "confirmed_pdet": 0.059326171875, "passed": false}}, "kurtosis": {"0.01": {"index": 28, "sweep_ber": 0.00030517578125, "sweep_pdet": 0.015625, "confirmed_ber": 0.00028514862060546875, "confirmed_ser": 0.0005702972412109375, "confirmed_pdet": 0.033935546875, "passed": false}, "0.05": {"index": 0, "sweep_ber": 0.0, "sweep_pdet": 0.056640625, "confirmed_ber": 0.0, "confirmed_ser": 0.0, "confirmed_pdet": 0.05029296875, "passed": true}}, "spec_cnn": {"0.01": {"index": 0, "sweep_ber": 0.0, "sweep_pdet": 0.015625, "confirmed_ber": 0.0, "confirmed_ser": 0.0, "confirmed_pdet": 0.0087890625, "passed": true}, "0.05": {"index": 0, "sweep_ber": 0.0, "sweep_pdet": 0.060546875, "confirmed_ber": 0.0, "confirmed_ser": 0.0, "confirmed_pdet": 0.047119140625, "passed": true}}}  (1209s)
  [snr_30] generator spec_cnn_b1000 (scale 1.0000)
  JSR  -50.0 dB  BER 0.00e+00  P(det)@0.05 power_one_sided 0.025 power_two_sided 0.037 kurtosis 0.064 spec_cnn 0.045  (0s)
  JSR  -49.0 dB  BER 0.00e+00  P(det)@0.05 power_one_sided 0.053 power_two_sided 0.047 kurtosis 0.047 spec_cnn 0.055  (1s)
  JSR  -48.0 dB  BER 0.00e+00  P(det)@0.05 power_one_sided 0.051 power_two_sided 0.051 kurtosis 0.035 spec_cnn 0.047  (1s)
  JSR  -47.0 dB  BER 0.00e+00  P(det)@0.05 power_one_sided 0.062 power_two_sided 0.039 kurtosis 0.043 spec_cnn 0.049  (2s)
  JSR  -46.0 dB  BER 0.00e+00  P(det)@0.05 power_one_sided 0.051 power_two_sided 0.059 kurtosis 0.064 spec_cnn 0.047  (2s)
  JSR  -45.0 dB  BER 0.00e+00  P(det)@0.05 power_one_sided 0.049 power_two_sided 0.059 kurtosis 0.043 spec_cnn 0.053  (2s)
  JSR  -44.0 dB  BER 0.00e+00  P(det)@0.05 power_one_sided 0.041 power_two_sided 0.043 kurtosis 0.045 spec_cnn 0.059  (3s)
  JSR  -43.0 dB  BER 0.00e+00  P(det)@0.05 power_one_sided 0.074 power_two_sided 0.064 kurtosis 0.051 spec_cnn 0.039  (3s)
  JSR  -42.0 dB  BER 0.00e+00  P(det)@0.05 power_one_sided 0.080 power_two_sided 0.066 kurtosis 0.053 spec_cnn 0.053  (3s)
  JSR  -41.0 dB  BER 0.00e+00  P(det)@0.05 power_one_sided 0.064 power_two_sided 0.064 kurtosis 0.039 spec_cnn 0.047  (4s)
  JSR  -40.0 dB  BER 0.00e+00  P(det)@0.05 power_one_sided 0.082 power_two_sided 0.068 kurtosis 0.047 spec_cnn 0.055  (4s)
  JSR  -39.0 dB  BER 0.00e+00  P(det)@0.05 power_one_sided 0.102 power_two_sided 0.088 kurtosis 0.055 spec_cnn 0.061  (4s)
  JSR  -38.0 dB  BER 0.00e+00  P(det)@0.05 power_one_sided 0.100 power_two_sided 0.088 kurtosis 0.055 spec_cnn 0.051  (5s)
  JSR  -37.0 dB  BER 0.00e+00  P(det)@0.05 power_one_sided 0.072 power_two_sided 0.057 kurtosis 0.051 spec_cnn 0.055  (5s)
  JSR  -36.0 dB  BER 0.00e+00  P(det)@0.05 power_one_sided 0.094 power_two_sided 0.100 kurtosis 0.055 spec_cnn 0.057  (6s)
  JSR  -35.0 dB  BER 0.00e+00  P(det)@0.05 power_one_sided 0.121 power_two_sided 0.096 kurtosis 0.051 spec_cnn 0.090  (6s)
  JSR  -34.0 dB  BER 0.00e+00  P(det)@0.05 power_one_sided 0.139 power_two_sided 0.121 kurtosis 0.047 spec_cnn 0.072  (6s)
  JSR  -33.0 dB  BER 0.00e+00  P(det)@0.05 power_one_sided 0.182 power_two_sided 0.131 kurtosis 0.055 spec_cnn 0.102  (7s)
  JSR  -32.0 dB  BER 0.00e+00  P(det)@0.05 power_one_sided 0.209 power_two_sided 0.170 kurtosis 0.057 spec_cnn 0.092  (7s)
  JSR  -31.0 dB  BER 0.00e+00  P(det)@0.05 power_one_sided 0.287 power_two_sided 0.246 kurtosis 0.057 spec_cnn 0.146  (7s)
  JSR  -30.0 dB  BER 0.00e+00  P(det)@0.05 power_one_sided 0.289 power_two_sided 0.250 kurtosis 0.047 spec_cnn 0.146  (8s)
  JSR  -29.0 dB  BER 0.00e+00  P(det)@0.05 power_one_sided 0.322 power_two_sided 0.260 kurtosis 0.049 spec_cnn 0.201  (8s)
  JSR  -28.0 dB  BER 0.00e+00  P(det)@0.05 power_one_sided 0.453 power_two_sided 0.398 kurtosis 0.057 spec_cnn 0.238  (8s)
  JSR  -27.0 dB  BER 0.00e+00  P(det)@0.05 power_one_sided 0.504 power_two_sided 0.449 kurtosis 0.059 spec_cnn 0.434  (9s)
  JSR  -26.0 dB  BER 0.00e+00  P(det)@0.05 power_one_sided 0.600 power_two_sided 0.557 kurtosis 0.039 spec_cnn 0.670  (9s)
  JSR  -25.0 dB  BER 0.00e+00  P(det)@0.05 power_one_sided 0.713 power_two_sided 0.666 kurtosis 0.062 spec_cnn 0.855  (10s)
  JSR  -24.0 dB  BER 0.00e+00  P(det)@0.05 power_one_sided 0.795 power_two_sided 0.787 kurtosis 0.057 spec_cnn 0.982  (10s)
  JSR  -23.0 dB  BER 0.00e+00  P(det)@0.05 power_one_sided 0.865 power_two_sided 0.838 kurtosis 0.057 spec_cnn 0.994  (10s)
  JSR  -22.0 dB  BER 0.00e+00  P(det)@0.05 power_one_sided 0.914 power_two_sided 0.904 kurtosis 0.064 spec_cnn 1.000  (11s)
  JSR  -21.0 dB  BER 0.00e+00  P(det)@0.05 power_one_sided 0.947 power_two_sided 0.936 kurtosis 0.070 spec_cnn 1.000  (11s)
  JSR  -20.0 dB  BER 0.00e+00  P(det)@0.05 power_one_sided 0.990 power_two_sided 0.990 kurtosis 0.066 spec_cnn 1.000  (11s)
  JSR  -19.0 dB  BER 0.00e+00  P(det)@0.05 power_one_sided 0.988 power_two_sided 0.988 kurtosis 0.113 spec_cnn 1.000  (12s)
  JSR  -18.0 dB  BER 0.00e+00  P(det)@0.05 power_one_sided 0.998 power_two_sided 0.998 kurtosis 0.096 spec_cnn 1.000  (12s)
  JSR  -17.0 dB  BER 0.00e+00  P(det)@0.05 power_one_sided 1.000 power_two_sided 1.000 kurtosis 0.152 spec_cnn 1.000  (12s)
  JSR  -16.0 dB  BER 0.00e+00  P(det)@0.05 power_one_sided 1.000 power_two_sided 1.000 kurtosis 0.180 spec_cnn 1.000  (13s)
  JSR  -15.0 dB  BER 0.00e+00  P(det)@0.05 power_one_sided 1.000 power_two_sided 1.000 kurtosis 0.271 spec_cnn 1.000  (13s)
  JSR  -14.0 dB  BER 0.00e+00  P(det)@0.05 power_one_sided 1.000 power_two_sided 1.000 kurtosis 0.443 spec_cnn 1.000  (14s)
  JSR  -13.0 dB  BER 0.00e+00  P(det)@0.05 power_one_sided 1.000 power_two_sided 1.000 kurtosis 0.547 spec_cnn 1.000  (14s)
  JSR  -12.0 dB  BER 0.00e+00  P(det)@0.05 power_one_sided 1.000 power_two_sided 1.000 kurtosis 0.725 spec_cnn 1.000  (14s)
  JSR  -11.0 dB  BER 0.00e+00  P(det)@0.05 power_one_sided 1.000 power_two_sided 1.000 kurtosis 0.885 spec_cnn 1.000  (15s)
  JSR  -10.0 dB  BER 0.00e+00  P(det)@0.05 power_one_sided 1.000 power_two_sided 1.000 kurtosis 0.959 spec_cnn 1.000  (15s)
  JSR   -9.0 dB  BER 0.00e+00  P(det)@0.05 power_one_sided 1.000 power_two_sided 1.000 kurtosis 1.000 spec_cnn 1.000  (15s)
  JSR   -8.0 dB  BER 0.00e+00  P(det)@0.05 power_one_sided 1.000 power_two_sided 1.000 kurtosis 1.000 spec_cnn 1.000  (16s)
  JSR   -7.0 dB  BER 0.00e+00  P(det)@0.05 power_one_sided 1.000 power_two_sided 1.000 kurtosis 1.000 spec_cnn 1.000  (16s)
  JSR   -6.0 dB  BER 3.89e-04  P(det)@0.05 power_one_sided 1.000 power_two_sided 1.000 kurtosis 1.000 spec_cnn 1.000  (16s)
  JSR   -5.0 dB  BER 7.17e-04  P(det)@0.05 power_one_sided 1.000 power_two_sided 1.000 kurtosis 1.000 spec_cnn 1.000  (17s)
  JSR   -4.0 dB  BER 1.18e-03  P(det)@0.05 power_one_sided 1.000 power_two_sided 1.000 kurtosis 1.000 spec_cnn 1.000  (17s)
  JSR   -3.0 dB  BER 1.40e-03  P(det)@0.05 power_one_sided 1.000 power_two_sided 1.000 kurtosis 1.000 spec_cnn 1.000  (17s)
  JSR   -2.0 dB  BER 1.80e-03  P(det)@0.05 power_one_sided 1.000 power_two_sided 1.000 kurtosis 1.000 spec_cnn 1.000  (18s)
  JSR   -1.0 dB  BER 2.75e-03  P(det)@0.05 power_one_sided 1.000 power_two_sided 1.000 kurtosis 1.000 spec_cnn 1.000  (18s)
  JSR   +0.0 dB  BER 4.36e-03  P(det)@0.05 power_one_sided 1.000 power_two_sided 1.000 kurtosis 1.000 spec_cnn 1.000  (19s)
  JSR   +1.0 dB  BER 8.07e-03  P(det)@0.05 power_one_sided 1.000 power_two_sided 1.000 kurtosis 0.953 spec_cnn 1.000  (19s)
  JSR   +2.0 dB  BER 1.52e-02  P(det)@0.05 power_one_sided 1.000 power_two_sided 1.000 kurtosis 0.738 spec_cnn 1.000  (19s)
  JSR   +3.0 dB  BER 2.74e-02  P(det)@0.05 power_one_sided 1.000 power_two_sided 1.000 kurtosis 0.682 spec_cnn 1.000  (20s)
  JSR   +4.0 dB  BER 4.36e-02  P(det)@0.05 power_one_sided 1.000 power_two_sided 1.000 kurtosis 0.781 spec_cnn 1.000  (20s)
  JSR   +5.0 dB  BER 6.57e-02  P(det)@0.05 power_one_sided 1.000 power_two_sided 1.000 kurtosis 0.824 spec_cnn 1.000  (20s)
  JSR   +6.0 dB  BER 8.69e-02  P(det)@0.05 power_one_sided 1.000 power_two_sided 1.000 kurtosis 0.818 spec_cnn 1.000  (21s)
  JSR   +7.0 dB  BER 1.12e-01  P(det)@0.05 power_one_sided 1.000 power_two_sided 1.000 kurtosis 0.889 spec_cnn 1.000  (21s)
  JSR   +8.0 dB  BER 1.40e-01  P(det)@0.05 power_one_sided 1.000 power_two_sided 1.000 kurtosis 0.865 spec_cnn 1.000  (21s)
  JSR   +9.0 dB  BER 1.69e-01  P(det)@0.05 power_one_sided 1.000 power_two_sided 1.000 kurtosis 0.854 spec_cnn 1.000  (22s)
  JSR  +10.0 dB  BER 1.95e-01  P(det)@0.05 power_one_sided 1.000 power_two_sided 1.000 kurtosis 0.873 spec_cnn 1.000  (22s)
  JSR  +11.0 dB  BER 2.24e-01  P(det)@0.05 power_one_sided 1.000 power_two_sided 1.000 kurtosis 0.881 spec_cnn 1.000  (23s)
  JSR  +12.0 dB  BER 2.52e-01  P(det)@0.05 power_one_sided 1.000 power_two_sided 1.000 kurtosis 0.879 spec_cnn 1.000  (23s)
  JSR  +13.0 dB  BER 2.75e-01  P(det)@0.05 power_one_sided 1.000 power_two_sided 1.000 kurtosis 0.891 spec_cnn 1.000  (23s)
  JSR  +14.0 dB  BER 2.95e-01  P(det)@0.05 power_one_sided 1.000 power_two_sided 1.000 kurtosis 0.865 spec_cnn 1.000  (24s)
  JSR  +15.0 dB  BER 3.19e-01  P(det)@0.05 power_one_sided 1.000 power_two_sided 1.000 kurtosis 0.877 spec_cnn 1.000  (24s)
  [snr_30] spec_cnn_b1000 confirmed: {"power_one_sided": {"0.01": {"index": 0, "sweep_ber": 0.0, "sweep_pdet": 0.0078125, "confirmed_ber": 0.0, "confirmed_ser": 0.0, "confirmed_pdet": 0.011474609375, "passed": true}, "0.05": {"index": 0, "sweep_ber": 0.0, "sweep_pdet": 0.025390625, "confirmed_ber": 0.0, "confirmed_ser": 0.0, "confirmed_pdet": 0.056640625, "passed": true}}, "power_two_sided": {"0.01": {"index": 0, "sweep_ber": 0.0, "sweep_pdet": 0.009765625, "confirmed_ber": 0.0, "confirmed_ser": 0.0, "confirmed_pdet": 0.01025390625, "passed": true}, "0.05": {"index": 0, "sweep_ber": 0.0, "sweep_pdet": 0.037109375, "confirmed_ber": 0.0, "confirmed_ser": 0.0, "confirmed_pdet": 0.047119140625, "passed": true}}, "kurtosis": {"0.01": {"index": 0, "sweep_ber": 0.0, "sweep_pdet": 0.009765625, "confirmed_ber": 0.0, "confirmed_ser": 0.0, "confirmed_pdet": 0.0087890625, "passed": true}, "0.05": {"index": 0, "sweep_ber": 0.0, "sweep_pdet": 0.064453125, "confirmed_ber": 0.0, "confirmed_ser": 0.0, "confirmed_pdet": 0.046630859375, "passed": true}}, "spec_cnn": {"0.01": {"index": 0, "sweep_ber": 0.0, "sweep_pdet": 0.005859375, "confirmed_ber": 0.0, "confirmed_ser": 0.0, "confirmed_pdet": 0.00732421875, "passed": true}, "0.05": {"index": 0, "sweep_ber": 0.0, "sweep_pdet": 0.044921875, "confirmed_ber": 0.0, "confirmed_ser": 0.0, "confirmed_pdet": 0.049560546875, "passed": true}}}  (1256s)
  [snr_30] generator spec_cnn_b10000 (scale 1.0000)
  JSR  -50.0 dB  BER 0.00e+00  P(det)@0.05 power_one_sided 0.057 power_two_sided 0.045 kurtosis 0.059 spec_cnn 0.053  (0s)
  JSR  -49.0 dB  BER 0.00e+00  P(det)@0.05 power_one_sided 0.074 power_two_sided 0.064 kurtosis 0.068 spec_cnn 0.053  (1s)
  JSR  -48.0 dB  BER 0.00e+00  P(det)@0.05 power_one_sided 0.039 power_two_sided 0.025 kurtosis 0.057 spec_cnn 0.066  (1s)
  JSR  -47.0 dB  BER 0.00e+00  P(det)@0.05 power_one_sided 0.057 power_two_sided 0.061 kurtosis 0.041 spec_cnn 0.045  (1s)
  JSR  -46.0 dB  BER 0.00e+00  P(det)@0.05 power_one_sided 0.059 power_two_sided 0.055 kurtosis 0.045 spec_cnn 0.039  (2s)
  JSR  -45.0 dB  BER 0.00e+00  P(det)@0.05 power_one_sided 0.064 power_two_sided 0.064 kurtosis 0.045 spec_cnn 0.059  (2s)
  JSR  -44.0 dB  BER 0.00e+00  P(det)@0.05 power_one_sided 0.076 power_two_sided 0.037 kurtosis 0.041 spec_cnn 0.066  (3s)
  JSR  -43.0 dB  BER 0.00e+00  P(det)@0.05 power_one_sided 0.062 power_two_sided 0.057 kurtosis 0.041 spec_cnn 0.051  (3s)
  JSR  -42.0 dB  BER 0.00e+00  P(det)@0.05 power_one_sided 0.074 power_two_sided 0.072 kurtosis 0.043 spec_cnn 0.049  (3s)
  JSR  -41.0 dB  BER 0.00e+00  P(det)@0.05 power_one_sided 0.072 power_two_sided 0.074 kurtosis 0.057 spec_cnn 0.049  (4s)
  JSR  -40.0 dB  BER 0.00e+00  P(det)@0.05 power_one_sided 0.066 power_two_sided 0.053 kurtosis 0.049 spec_cnn 0.062  (4s)
  JSR  -39.0 dB  BER 0.00e+00  P(det)@0.05 power_one_sided 0.070 power_two_sided 0.062 kurtosis 0.051 spec_cnn 0.053  (4s)
  JSR  -38.0 dB  BER 0.00e+00  P(det)@0.05 power_one_sided 0.088 power_two_sided 0.072 kurtosis 0.055 spec_cnn 0.070  (5s)
  JSR  -37.0 dB  BER 0.00e+00  P(det)@0.05 power_one_sided 0.094 power_two_sided 0.074 kurtosis 0.035 spec_cnn 0.057  (5s)
  JSR  -36.0 dB  BER 0.00e+00  P(det)@0.05 power_one_sided 0.113 power_two_sided 0.105 kurtosis 0.055 spec_cnn 0.035  (5s)
  JSR  -35.0 dB  BER 0.00e+00  P(det)@0.05 power_one_sided 0.139 power_two_sided 0.104 kurtosis 0.031 spec_cnn 0.074  (6s)
  JSR  -34.0 dB  BER 0.00e+00  P(det)@0.05 power_one_sided 0.131 power_two_sided 0.125 kurtosis 0.055 spec_cnn 0.051  (6s)
  JSR  -33.0 dB  BER 0.00e+00  P(det)@0.05 power_one_sided 0.156 power_two_sided 0.127 kurtosis 0.064 spec_cnn 0.072  (7s)
  JSR  -32.0 dB  BER 0.00e+00  P(det)@0.05 power_one_sided 0.184 power_two_sided 0.152 kurtosis 0.031 spec_cnn 0.066  (7s)
  JSR  -31.0 dB  BER 0.00e+00  P(det)@0.05 power_one_sided 0.242 power_two_sided 0.209 kurtosis 0.051 spec_cnn 0.074  (7s)
  JSR  -30.0 dB  BER 0.00e+00  P(det)@0.05 power_one_sided 0.318 power_two_sided 0.266 kurtosis 0.037 spec_cnn 0.088  (8s)
  JSR  -29.0 dB  BER 0.00e+00  P(det)@0.05 power_one_sided 0.377 power_two_sided 0.312 kurtosis 0.051 spec_cnn 0.115  (8s)
  JSR  -28.0 dB  BER 0.00e+00  P(det)@0.05 power_one_sided 0.473 power_two_sided 0.432 kurtosis 0.041 spec_cnn 0.145  (8s)
  JSR  -27.0 dB  BER 0.00e+00  P(det)@0.05 power_one_sided 0.537 power_two_sided 0.490 kurtosis 0.059 spec_cnn 0.211  (9s)
  JSR  -26.0 dB  BER 0.00e+00  P(det)@0.05 power_one_sided 0.648 power_two_sided 0.600 kurtosis 0.062 spec_cnn 0.373  (9s)
  JSR  -25.0 dB  BER 0.00e+00  P(det)@0.05 power_one_sided 0.703 power_two_sided 0.656 kurtosis 0.043 spec_cnn 0.578  (9s)
  JSR  -24.0 dB  BER 0.00e+00  P(det)@0.05 power_one_sided 0.816 power_two_sided 0.771 kurtosis 0.051 spec_cnn 0.840  (10s)
  JSR  -23.0 dB  BER 0.00e+00  P(det)@0.05 power_one_sided 0.857 power_two_sided 0.832 kurtosis 0.045 spec_cnn 0.955  (10s)
  JSR  -22.0 dB  BER 0.00e+00  P(det)@0.05 power_one_sided 0.936 power_two_sided 0.922 kurtosis 0.055 spec_cnn 0.990  (11s)
  JSR  -21.0 dB  BER 0.00e+00  P(det)@0.05 power_one_sided 0.957 power_two_sided 0.949 kurtosis 0.068 spec_cnn 0.996  (11s)
  JSR  -20.0 dB  BER 0.00e+00  P(det)@0.05 power_one_sided 0.986 power_two_sided 0.977 kurtosis 0.061 spec_cnn 1.000  (11s)
  JSR  -19.0 dB  BER 0.00e+00  P(det)@0.05 power_one_sided 0.990 power_two_sided 0.986 kurtosis 0.090 spec_cnn 1.000  (12s)
  JSR  -18.0 dB  BER 0.00e+00  P(det)@0.05 power_one_sided 0.994 power_two_sided 0.994 kurtosis 0.109 spec_cnn 1.000  (12s)
  JSR  -17.0 dB  BER 0.00e+00  P(det)@0.05 power_one_sided 0.998 power_two_sided 0.998 kurtosis 0.129 spec_cnn 1.000  (12s)
  JSR  -16.0 dB  BER 0.00e+00  P(det)@0.05 power_one_sided 1.000 power_two_sided 1.000 kurtosis 0.197 spec_cnn 1.000  (13s)
  JSR  -15.0 dB  BER 0.00e+00  P(det)@0.05 power_one_sided 1.000 power_two_sided 1.000 kurtosis 0.266 spec_cnn 1.000  (13s)
  JSR  -14.0 dB  BER 0.00e+00  P(det)@0.05 power_one_sided 1.000 power_two_sided 1.000 kurtosis 0.428 spec_cnn 1.000  (14s)
  JSR  -13.0 dB  BER 0.00e+00  P(det)@0.05 power_one_sided 1.000 power_two_sided 1.000 kurtosis 0.561 spec_cnn 1.000  (14s)
  JSR  -12.0 dB  BER 0.00e+00  P(det)@0.05 power_one_sided 1.000 power_two_sided 1.000 kurtosis 0.758 spec_cnn 1.000  (14s)
  JSR  -11.0 dB  BER 0.00e+00  P(det)@0.05 power_one_sided 1.000 power_two_sided 1.000 kurtosis 0.889 spec_cnn 1.000  (15s)
  JSR  -10.0 dB  BER 0.00e+00  P(det)@0.05 power_one_sided 1.000 power_two_sided 1.000 kurtosis 0.975 spec_cnn 1.000  (15s)
  JSR   -9.0 dB  BER 0.00e+00  P(det)@0.05 power_one_sided 1.000 power_two_sided 1.000 kurtosis 1.000 spec_cnn 1.000  (15s)
  JSR   -8.0 dB  BER 0.00e+00  P(det)@0.05 power_one_sided 1.000 power_two_sided 1.000 kurtosis 1.000 spec_cnn 1.000  (16s)
  JSR   -7.0 dB  BER 0.00e+00  P(det)@0.05 power_one_sided 1.000 power_two_sided 1.000 kurtosis 1.000 spec_cnn 1.000  (16s)
  JSR   -6.0 dB  BER 1.07e-04  P(det)@0.05 power_one_sided 1.000 power_two_sided 1.000 kurtosis 1.000 spec_cnn 1.000  (17s)
  JSR   -5.0 dB  BER 4.50e-04  P(det)@0.05 power_one_sided 1.000 power_two_sided 1.000 kurtosis 1.000 spec_cnn 1.000  (17s)
  JSR   -4.0 dB  BER 8.32e-04  P(det)@0.05 power_one_sided 1.000 power_two_sided 1.000 kurtosis 1.000 spec_cnn 1.000  (17s)
  JSR   -3.0 dB  BER 1.18e-03  P(det)@0.05 power_one_sided 1.000 power_two_sided 1.000 kurtosis 1.000 spec_cnn 1.000  (18s)
  JSR   -2.0 dB  BER 1.75e-03  P(det)@0.05 power_one_sided 1.000 power_two_sided 1.000 kurtosis 1.000 spec_cnn 1.000  (18s)
  JSR   -1.0 dB  BER 2.84e-03  P(det)@0.05 power_one_sided 1.000 power_two_sided 1.000 kurtosis 1.000 spec_cnn 1.000  (18s)
  JSR   +0.0 dB  BER 4.91e-03  P(det)@0.05 power_one_sided 1.000 power_two_sided 1.000 kurtosis 0.998 spec_cnn 1.000  (19s)
  JSR   +1.0 dB  BER 9.81e-03  P(det)@0.05 power_one_sided 1.000 power_two_sided 1.000 kurtosis 0.934 spec_cnn 1.000  (19s)
  JSR   +2.0 dB  BER 1.76e-02  P(det)@0.05 power_one_sided 1.000 power_two_sided 1.000 kurtosis 0.719 spec_cnn 1.000  (19s)
  JSR   +3.0 dB  BER 2.78e-02  P(det)@0.05 power_one_sided 1.000 power_two_sided 1.000 kurtosis 0.664 spec_cnn 1.000  (20s)
  JSR   +4.0 dB  BER 4.15e-02  P(det)@0.05 power_one_sided 1.000 power_two_sided 1.000 kurtosis 0.771 spec_cnn 1.000  (20s)
  JSR   +5.0 dB  BER 5.99e-02  P(det)@0.05 power_one_sided 1.000 power_two_sided 1.000 kurtosis 0.842 spec_cnn 1.000  (21s)
  JSR   +6.0 dB  BER 8.16e-02  P(det)@0.05 power_one_sided 1.000 power_two_sided 1.000 kurtosis 0.820 spec_cnn 1.000  (21s)
  JSR   +7.0 dB  BER 1.07e-01  P(det)@0.05 power_one_sided 1.000 power_two_sided 1.000 kurtosis 0.861 spec_cnn 1.000  (21s)
  JSR   +8.0 dB  BER 1.33e-01  P(det)@0.05 power_one_sided 1.000 power_two_sided 1.000 kurtosis 0.873 spec_cnn 1.000  (22s)
  JSR   +9.0 dB  BER 1.61e-01  P(det)@0.05 power_one_sided 1.000 power_two_sided 1.000 kurtosis 0.889 spec_cnn 1.000  (22s)
  JSR  +10.0 dB  BER 1.86e-01  P(det)@0.05 power_one_sided 1.000 power_two_sided 1.000 kurtosis 0.848 spec_cnn 1.000  (22s)
  JSR  +11.0 dB  BER 2.12e-01  P(det)@0.05 power_one_sided 1.000 power_two_sided 1.000 kurtosis 0.871 spec_cnn 1.000  (23s)
  JSR  +12.0 dB  BER 2.37e-01  P(det)@0.05 power_one_sided 1.000 power_two_sided 1.000 kurtosis 0.875 spec_cnn 1.000  (23s)
  JSR  +13.0 dB  BER 2.62e-01  P(det)@0.05 power_one_sided 1.000 power_two_sided 1.000 kurtosis 0.877 spec_cnn 1.000  (23s)
  JSR  +14.0 dB  BER 2.83e-01  P(det)@0.05 power_one_sided 1.000 power_two_sided 1.000 kurtosis 0.871 spec_cnn 1.000  (24s)
  JSR  +15.0 dB  BER 3.06e-01  P(det)@0.05 power_one_sided 1.000 power_two_sided 1.000 kurtosis 0.883 spec_cnn 1.000  (24s)
  [snr_30] spec_cnn_b10000 confirmed: {"power_one_sided": {"0.01": {"index": 0, "sweep_ber": 0.0, "sweep_pdet": 0.01171875, "confirmed_ber": 0.0, "confirmed_ser": 0.0, "confirmed_pdet": 0.010498046875, "passed": true}, "0.05": {"index": 0, "sweep_ber": 0.0, "sweep_pdet": 0.056640625, "confirmed_ber": 0.0, "confirmed_ser": 0.0, "confirmed_pdet": 0.05029296875, "passed": true}}, "power_two_sided": {"0.01": {"index": 0, "sweep_ber": 0.0, "sweep_pdet": 0.001953125, "confirmed_ber": 0.0, "confirmed_ser": 0.0, "confirmed_pdet": 0.009033203125, "passed": true}, "0.05": {"index": 0, "sweep_ber": 0.0, "sweep_pdet": 0.044921875, "confirmed_ber": 0.0, "confirmed_ser": 0.0, "confirmed_pdet": 0.0498046875, "passed": true}}, "kurtosis": {"0.01": {"index": 0, "sweep_ber": 0.0, "sweep_pdet": 0.0078125, "confirmed_ber": 0.0, "confirmed_ser": 0.0, "confirmed_pdet": 0.011474609375, "passed": true}, "0.05": {"index": 0, "sweep_ber": 0.0, "sweep_pdet": 0.05859375, "confirmed_ber": 0.0, "confirmed_ser": 0.0, "confirmed_pdet": 0.05517578125, "passed": true}}, "spec_cnn": {"0.01": {"index": 0, "sweep_ber": 0.0, "sweep_pdet": 0.0078125, "confirmed_ber": 0.0, "confirmed_ser": 0.0, "confirmed_pdet": 0.009765625, "passed": true}, "0.05": {"index": 0, "sweep_ber": 0.0, "sweep_pdet": 0.052734375, "confirmed_ber": 0.0, "confirmed_ser": 0.0, "confirmed_pdet": 0.050537109375, "passed": true}}}  (1304s)
  [snr_30] generator spec_cnn_b100000 (scale 1.0000)
  JSR  -50.0 dB  BER 0.00e+00  P(det)@0.05 power_one_sided 0.062 power_two_sided 0.055 kurtosis 0.033 spec_cnn 0.047  (0s)
  JSR  -49.0 dB  BER 0.00e+00  P(det)@0.05 power_one_sided 0.055 power_two_sided 0.043 kurtosis 0.041 spec_cnn 0.059  (1s)
  JSR  -48.0 dB  BER 0.00e+00  P(det)@0.05 power_one_sided 0.041 power_two_sided 0.041 kurtosis 0.062 spec_cnn 0.055  (1s)
  JSR  -47.0 dB  BER 0.00e+00  P(det)@0.05 power_one_sided 0.055 power_two_sided 0.059 kurtosis 0.061 spec_cnn 0.061  (1s)
  JSR  -46.0 dB  BER 0.00e+00  P(det)@0.05 power_one_sided 0.064 power_two_sided 0.039 kurtosis 0.066 spec_cnn 0.047  (2s)
  JSR  -45.0 dB  BER 0.00e+00  P(det)@0.05 power_one_sided 0.053 power_two_sided 0.076 kurtosis 0.045 spec_cnn 0.070  (2s)
  JSR  -44.0 dB  BER 0.00e+00  P(det)@0.05 power_one_sided 0.076 power_two_sided 0.068 kurtosis 0.043 spec_cnn 0.037  (2s)
  JSR  -43.0 dB  BER 0.00e+00  P(det)@0.05 power_one_sided 0.062 power_two_sided 0.037 kurtosis 0.053 spec_cnn 0.043  (3s)
  JSR  -42.0 dB  BER 0.00e+00  P(det)@0.05 power_one_sided 0.066 power_two_sided 0.057 kurtosis 0.049 spec_cnn 0.055  (3s)
  JSR  -41.0 dB  BER 0.00e+00  P(det)@0.05 power_one_sided 0.086 power_two_sided 0.066 kurtosis 0.055 spec_cnn 0.045  (3s)
  JSR  -40.0 dB  BER 0.00e+00  P(det)@0.05 power_one_sided 0.061 power_two_sided 0.053 kurtosis 0.049 spec_cnn 0.070  (4s)
  JSR  -39.0 dB  BER 0.00e+00  P(det)@0.05 power_one_sided 0.104 power_two_sided 0.076 kurtosis 0.057 spec_cnn 0.055  (4s)
  JSR  -38.0 dB  BER 0.00e+00  P(det)@0.05 power_one_sided 0.092 power_two_sided 0.070 kurtosis 0.047 spec_cnn 0.061  (5s)
  JSR  -37.0 dB  BER 0.00e+00  P(det)@0.05 power_one_sided 0.088 power_two_sided 0.059 kurtosis 0.043 spec_cnn 0.066  (5s)
  JSR  -36.0 dB  BER 0.00e+00  P(det)@0.05 power_one_sided 0.121 power_two_sided 0.115 kurtosis 0.039 spec_cnn 0.068  (5s)
  JSR  -35.0 dB  BER 0.00e+00  P(det)@0.05 power_one_sided 0.117 power_two_sided 0.094 kurtosis 0.061 spec_cnn 0.062  (6s)
  JSR  -34.0 dB  BER 0.00e+00  P(det)@0.05 power_one_sided 0.164 power_two_sided 0.137 kurtosis 0.051 spec_cnn 0.057  (6s)
  JSR  -33.0 dB  BER 0.00e+00  P(det)@0.05 power_one_sided 0.148 power_two_sided 0.123 kurtosis 0.053 spec_cnn 0.068  (6s)
  JSR  -32.0 dB  BER 0.00e+00  P(det)@0.05 power_one_sided 0.199 power_two_sided 0.145 kurtosis 0.039 spec_cnn 0.059  (7s)
  JSR  -31.0 dB  BER 0.00e+00  P(det)@0.05 power_one_sided 0.285 power_two_sided 0.232 kurtosis 0.035 spec_cnn 0.072  (7s)
  JSR  -30.0 dB  BER 0.00e+00  P(det)@0.05 power_one_sided 0.289 power_two_sided 0.213 kurtosis 0.045 spec_cnn 0.092  (8s)
  JSR  -29.0 dB  BER 0.00e+00  P(det)@0.05 power_one_sided 0.377 power_two_sided 0.312 kurtosis 0.057 spec_cnn 0.109  (8s)
  JSR  -28.0 dB  BER 0.00e+00  P(det)@0.05 power_one_sided 0.434 power_two_sided 0.375 kurtosis 0.059 spec_cnn 0.119  (8s)
  JSR  -27.0 dB  BER 0.00e+00  P(det)@0.05 power_one_sided 0.551 power_two_sided 0.494 kurtosis 0.053 spec_cnn 0.188  (9s)
  JSR  -26.0 dB  BER 0.00e+00  P(det)@0.05 power_one_sided 0.613 power_two_sided 0.543 kurtosis 0.045 spec_cnn 0.328  (9s)
  JSR  -25.0 dB  BER 0.00e+00  P(det)@0.05 power_one_sided 0.701 power_two_sided 0.646 kurtosis 0.053 spec_cnn 0.578  (9s)
  JSR  -24.0 dB  BER 0.00e+00  P(det)@0.05 power_one_sided 0.818 power_two_sided 0.779 kurtosis 0.049 spec_cnn 0.842  (10s)
  JSR  -23.0 dB  BER 0.00e+00  P(det)@0.05 power_one_sided 0.885 power_two_sided 0.865 kurtosis 0.053 spec_cnn 0.955  (10s)
  JSR  -22.0 dB  BER 0.00e+00  P(det)@0.05 power_one_sided 0.922 power_two_sided 0.910 kurtosis 0.064 spec_cnn 0.992  (10s)
  JSR  -21.0 dB  BER 0.00e+00  P(det)@0.05 power_one_sided 0.980 power_two_sided 0.977 kurtosis 0.064 spec_cnn 1.000  (11s)
  JSR  -20.0 dB  BER 0.00e+00  P(det)@0.05 power_one_sided 0.984 power_two_sided 0.977 kurtosis 0.094 spec_cnn 1.000  (11s)
  JSR  -19.0 dB  BER 0.00e+00  P(det)@0.05 power_one_sided 0.998 power_two_sided 0.996 kurtosis 0.105 spec_cnn 1.000  (12s)
  JSR  -18.0 dB  BER 0.00e+00  P(det)@0.05 power_one_sided 1.000 power_two_sided 1.000 kurtosis 0.104 spec_cnn 1.000  (12s)
  JSR  -17.0 dB  BER 0.00e+00  P(det)@0.05 power_one_sided 1.000 power_two_sided 1.000 kurtosis 0.164 spec_cnn 1.000  (12s)
  JSR  -16.0 dB  BER 0.00e+00  P(det)@0.05 power_one_sided 1.000 power_two_sided 1.000 kurtosis 0.193 spec_cnn 1.000  (13s)
  JSR  -15.0 dB  BER 0.00e+00  P(det)@0.05 power_one_sided 1.000 power_two_sided 1.000 kurtosis 0.320 spec_cnn 1.000  (13s)
  JSR  -14.0 dB  BER 0.00e+00  P(det)@0.05 power_one_sided 1.000 power_two_sided 1.000 kurtosis 0.420 spec_cnn 1.000  (13s)
  JSR  -13.0 dB  BER 0.00e+00  P(det)@0.05 power_one_sided 1.000 power_two_sided 1.000 kurtosis 0.557 spec_cnn 1.000  (14s)
  JSR  -12.0 dB  BER 0.00e+00  P(det)@0.05 power_one_sided 1.000 power_two_sided 1.000 kurtosis 0.719 spec_cnn 1.000  (14s)
  JSR  -11.0 dB  BER 0.00e+00  P(det)@0.05 power_one_sided 1.000 power_two_sided 1.000 kurtosis 0.896 spec_cnn 1.000  (14s)
  JSR  -10.0 dB  BER 0.00e+00  P(det)@0.05 power_one_sided 1.000 power_two_sided 1.000 kurtosis 0.963 spec_cnn 1.000  (15s)
  JSR   -9.0 dB  BER 0.00e+00  P(det)@0.05 power_one_sided 1.000 power_two_sided 1.000 kurtosis 0.996 spec_cnn 1.000  (15s)
  JSR   -8.0 dB  BER 0.00e+00  P(det)@0.05 power_one_sided 1.000 power_two_sided 1.000 kurtosis 0.998 spec_cnn 1.000  (15s)
  JSR   -7.0 dB  BER 0.00e+00  P(det)@0.05 power_one_sided 1.000 power_two_sided 1.000 kurtosis 1.000 spec_cnn 1.000  (16s)
  JSR   -6.0 dB  BER 0.00e+00  P(det)@0.05 power_one_sided 1.000 power_two_sided 1.000 kurtosis 1.000 spec_cnn 1.000  (16s)
  JSR   -5.0 dB  BER 0.00e+00  P(det)@0.05 power_one_sided 1.000 power_two_sided 1.000 kurtosis 1.000 spec_cnn 1.000  (17s)
  JSR   -4.0 dB  BER 0.00e+00  P(det)@0.05 power_one_sided 1.000 power_two_sided 1.000 kurtosis 1.000 spec_cnn 1.000  (17s)
  JSR   -3.0 dB  BER 0.00e+00  P(det)@0.05 power_one_sided 1.000 power_two_sided 1.000 kurtosis 1.000 spec_cnn 1.000  (17s)
  JSR   -2.0 dB  BER 5.04e-04  P(det)@0.05 power_one_sided 1.000 power_two_sided 1.000 kurtosis 1.000 spec_cnn 1.000  (18s)
  JSR   -1.0 dB  BER 1.50e-03  P(det)@0.05 power_one_sided 1.000 power_two_sided 1.000 kurtosis 1.000 spec_cnn 1.000  (18s)
  JSR   +0.0 dB  BER 4.51e-03  P(det)@0.05 power_one_sided 1.000 power_two_sided 1.000 kurtosis 1.000 spec_cnn 1.000  (18s)
  JSR   +1.0 dB  BER 8.93e-03  P(det)@0.05 power_one_sided 1.000 power_two_sided 1.000 kurtosis 0.934 spec_cnn 1.000  (19s)
  JSR   +2.0 dB  BER 1.51e-02  P(det)@0.05 power_one_sided 1.000 power_two_sided 1.000 kurtosis 0.697 spec_cnn 1.000  (19s)
  JSR   +3.0 dB  BER 2.40e-02  P(det)@0.05 power_one_sided 1.000 power_two_sided 1.000 kurtosis 0.637 spec_cnn 1.000  (19s)
  JSR   +4.0 dB  BER 3.75e-02  P(det)@0.05 power_one_sided 1.000 power_two_sided 1.000 kurtosis 0.799 spec_cnn 1.000  (20s)
  JSR   +5.0 dB  BER 5.45e-02  P(det)@0.05 power_one_sided 1.000 power_two_sided 1.000 kurtosis 0.828 spec_cnn 1.000  (20s)
  JSR   +6.0 dB  BER 7.47e-02  P(det)@0.05 power_one_sided 1.000 power_two_sided 1.000 kurtosis 0.811 spec_cnn 1.000  (21s)
  JSR   +7.0 dB  BER 9.87e-02  P(det)@0.05 power_one_sided 1.000 power_two_sided 1.000 kurtosis 0.877 spec_cnn 1.000  (21s)
  JSR   +8.0 dB  BER 1.24e-01  P(det)@0.05 power_one_sided 1.000 power_two_sided 1.000 kurtosis 0.875 spec_cnn 1.000  (21s)
  JSR   +9.0 dB  BER 1.51e-01  P(det)@0.05 power_one_sided 1.000 power_two_sided 1.000 kurtosis 0.855 spec_cnn 1.000  (22s)
  JSR  +10.0 dB  BER 1.78e-01  P(det)@0.05 power_one_sided 1.000 power_two_sided 1.000 kurtosis 0.848 spec_cnn 1.000  (22s)
  JSR  +11.0 dB  BER 2.04e-01  P(det)@0.05 power_one_sided 1.000 power_two_sided 1.000 kurtosis 0.844 spec_cnn 1.000  (22s)
  JSR  +12.0 dB  BER 2.29e-01  P(det)@0.05 power_one_sided 1.000 power_two_sided 1.000 kurtosis 0.852 spec_cnn 1.000  (23s)
  JSR  +13.0 dB  BER 2.54e-01  P(det)@0.05 power_one_sided 1.000 power_two_sided 1.000 kurtosis 0.859 spec_cnn 1.000  (23s)
  JSR  +14.0 dB  BER 2.81e-01  P(det)@0.05 power_one_sided 1.000 power_two_sided 1.000 kurtosis 0.830 spec_cnn 1.000  (24s)
  JSR  +15.0 dB  BER 3.02e-01  P(det)@0.05 power_one_sided 1.000 power_two_sided 1.000 kurtosis 0.844 spec_cnn 1.000  (24s)
  [snr_30] spec_cnn_b100000 confirmed: {"power_one_sided": {"0.01": {"index": 0, "sweep_ber": 0.0, "sweep_pdet": 0.00390625, "confirmed_ber": 0.0, "confirmed_ser": 0.0, "confirmed_pdet": 0.010009765625, "passed": true}, "0.05": {"index": 0, "sweep_ber": 0.0, "sweep_pdet": 0.0625, "confirmed_ber": 0.0, "confirmed_ser": 0.0, "confirmed_pdet": 0.050048828125, "passed": true}}, "power_two_sided": {"0.01": {"index": 0, "sweep_ber": 0.0, "sweep_pdet": 0.009765625, "confirmed_ber": 0.0, "confirmed_ser": 0.0, "confirmed_pdet": 0.008544921875, "passed": true}, "0.05": {"index": 0, "sweep_ber": 0.0, "sweep_pdet": 0.0546875, "confirmed_ber": 0.0, "confirmed_ser": 0.0, "confirmed_pdet": 0.054443359375, "passed": true}}, "kurtosis": {"0.01": {"index": 0, "sweep_ber": 0.0, "sweep_pdet": 0.00390625, "confirmed_ber": 0.0, "confirmed_ser": 0.0, "confirmed_pdet": 0.010498046875, "passed": true}, "0.05": {"index": 0, "sweep_ber": 0.0, "sweep_pdet": 0.033203125, "confirmed_ber": 0.0, "confirmed_ser": 0.0, "confirmed_pdet": 0.05126953125, "passed": true}}, "spec_cnn": {"0.01": {"index": 0, "sweep_ber": 0.0, "sweep_pdet": 0.001953125, "confirmed_ber": 0.0, "confirmed_ser": 0.0, "confirmed_pdet": 0.01025390625, "passed": true}, "0.05": {"index": 0, "sweep_ber": 0.0, "sweep_pdet": 0.046875, "confirmed_ber": 0.0, "confirmed_ser": 0.0, "confirmed_pdet": 0.051513671875, "passed": true}}}  (1352s)
  [snr_30] generator spec_cnn_b1e+06 (scale 1.0000)
  JSR  -50.0 dB  BER 0.00e+00  P(det)@0.05 power_one_sided 0.051 power_two_sided 0.039 kurtosis 0.047 spec_cnn 0.059  (0s)
  JSR  -49.0 dB  BER 0.00e+00  P(det)@0.05 power_one_sided 0.057 power_two_sided 0.053 kurtosis 0.055 spec_cnn 0.051  (1s)
  JSR  -48.0 dB  BER 0.00e+00  P(det)@0.05 power_one_sided 0.041 power_two_sided 0.039 kurtosis 0.047 spec_cnn 0.041  (1s)
  JSR  -47.0 dB  BER 0.00e+00  P(det)@0.05 power_one_sided 0.045 power_two_sided 0.043 kurtosis 0.072 spec_cnn 0.051  (1s)
  JSR  -46.0 dB  BER 0.00e+00  P(det)@0.05 power_one_sided 0.049 power_two_sided 0.047 kurtosis 0.053 spec_cnn 0.033  (2s)
  JSR  -45.0 dB  BER 0.00e+00  P(det)@0.05 power_one_sided 0.053 power_two_sided 0.045 kurtosis 0.041 spec_cnn 0.049  (2s)
  JSR  -44.0 dB  BER 0.00e+00  P(det)@0.05 power_one_sided 0.061 power_two_sided 0.057 kurtosis 0.049 spec_cnn 0.055  (2s)
  JSR  -43.0 dB  BER 0.00e+00  P(det)@0.05 power_one_sided 0.070 power_two_sided 0.055 kurtosis 0.033 spec_cnn 0.027  (3s)
  JSR  -42.0 dB  BER 0.00e+00  P(det)@0.05 power_one_sided 0.059 power_two_sided 0.053 kurtosis 0.059 spec_cnn 0.051  (3s)
  JSR  -41.0 dB  BER 0.00e+00  P(det)@0.05 power_one_sided 0.064 power_two_sided 0.066 kurtosis 0.061 spec_cnn 0.045  (3s)
  JSR  -40.0 dB  BER 0.00e+00  P(det)@0.05 power_one_sided 0.078 power_two_sided 0.076 kurtosis 0.045 spec_cnn 0.059  (4s)
  JSR  -39.0 dB  BER 0.00e+00  P(det)@0.05 power_one_sided 0.092 power_two_sided 0.066 kurtosis 0.055 spec_cnn 0.041  (4s)
  JSR  -38.0 dB  BER 0.00e+00  P(det)@0.05 power_one_sided 0.092 power_two_sided 0.096 kurtosis 0.039 spec_cnn 0.045  (5s)
  JSR  -37.0 dB  BER 0.00e+00  P(det)@0.05 power_one_sided 0.109 power_two_sided 0.084 kurtosis 0.062 spec_cnn 0.053  (5s)
  JSR  -36.0 dB  BER 0.00e+00  P(det)@0.05 power_one_sided 0.086 power_two_sided 0.072 kurtosis 0.051 spec_cnn 0.025  (5s)
  JSR  -35.0 dB  BER 0.00e+00  P(det)@0.05 power_one_sided 0.125 power_two_sided 0.094 kurtosis 0.041 spec_cnn 0.041  (6s)
  JSR  -34.0 dB  BER 0.00e+00  P(det)@0.05 power_one_sided 0.180 power_two_sided 0.141 kurtosis 0.086 spec_cnn 0.039  (6s)
  JSR  -33.0 dB  BER 0.00e+00  P(det)@0.05 power_one_sided 0.168 power_two_sided 0.152 kurtosis 0.053 spec_cnn 0.062  (6s)
  JSR  -32.0 dB  BER 0.00e+00  P(det)@0.05 power_one_sided 0.213 power_two_sided 0.172 kurtosis 0.053 spec_cnn 0.047  (7s)
  JSR  -31.0 dB  BER 0.00e+00  P(det)@0.05 power_one_sided 0.223 power_two_sided 0.189 kurtosis 0.080 spec_cnn 0.045  (7s)
  JSR  -30.0 dB  BER 0.00e+00  P(det)@0.05 power_one_sided 0.326 power_two_sided 0.275 kurtosis 0.043 spec_cnn 0.055  (7s)
  JSR  -29.0 dB  BER 0.00e+00  P(det)@0.05 power_one_sided 0.365 power_two_sided 0.309 kurtosis 0.051 spec_cnn 0.072  (8s)
  JSR  -28.0 dB  BER 0.00e+00  P(det)@0.05 power_one_sided 0.463 power_two_sided 0.381 kurtosis 0.053 spec_cnn 0.107  (8s)
  JSR  -27.0 dB  BER 0.00e+00  P(det)@0.05 power_one_sided 0.514 power_two_sided 0.459 kurtosis 0.039 spec_cnn 0.150  (9s)
  JSR  -26.0 dB  BER 0.00e+00  P(det)@0.05 power_one_sided 0.580 power_two_sided 0.527 kurtosis 0.064 spec_cnn 0.293  (9s)
  JSR  -25.0 dB  BER 0.00e+00  P(det)@0.05 power_one_sided 0.678 power_two_sided 0.623 kurtosis 0.051 spec_cnn 0.523  (9s)
  JSR  -24.0 dB  BER 0.00e+00  P(det)@0.05 power_one_sided 0.789 power_two_sided 0.764 kurtosis 0.033 spec_cnn 0.775  (10s)
  JSR  -23.0 dB  BER 0.00e+00  P(det)@0.05 power_one_sided 0.855 power_two_sided 0.830 kurtosis 0.059 spec_cnn 0.941  (10s)
  JSR  -22.0 dB  BER 0.00e+00  P(det)@0.05 power_one_sided 0.918 power_two_sided 0.900 kurtosis 0.057 spec_cnn 0.990  (10s)
  JSR  -21.0 dB  BER 0.00e+00  P(det)@0.05 power_one_sided 0.945 power_two_sided 0.945 kurtosis 0.059 spec_cnn 0.998  (11s)
  JSR  -20.0 dB  BER 0.00e+00  P(det)@0.05 power_one_sided 0.986 power_two_sided 0.979 kurtosis 0.074 spec_cnn 1.000  (11s)
  JSR  -19.0 dB  BER 0.00e+00  P(det)@0.05 power_one_sided 0.994 power_two_sided 0.994 kurtosis 0.100 spec_cnn 1.000  (11s)
  JSR  -18.0 dB  BER 0.00e+00  P(det)@0.05 power_one_sided 1.000 power_two_sided 1.000 kurtosis 0.102 spec_cnn 1.000  (12s)
  JSR  -17.0 dB  BER 0.00e+00  P(det)@0.05 power_one_sided 0.998 power_two_sided 0.998 kurtosis 0.139 spec_cnn 1.000  (12s)
  JSR  -16.0 dB  BER 0.00e+00  P(det)@0.05 power_one_sided 1.000 power_two_sided 1.000 kurtosis 0.211 spec_cnn 1.000  (13s)
  JSR  -15.0 dB  BER 0.00e+00  P(det)@0.05 power_one_sided 1.000 power_two_sided 1.000 kurtosis 0.271 spec_cnn 1.000  (13s)
  JSR  -14.0 dB  BER 0.00e+00  P(det)@0.05 power_one_sided 1.000 power_two_sided 1.000 kurtosis 0.434 spec_cnn 1.000  (13s)
  JSR  -13.0 dB  BER 0.00e+00  P(det)@0.05 power_one_sided 1.000 power_two_sided 1.000 kurtosis 0.562 spec_cnn 1.000  (14s)
  JSR  -12.0 dB  BER 0.00e+00  P(det)@0.05 power_one_sided 1.000 power_two_sided 1.000 kurtosis 0.729 spec_cnn 1.000  (14s)
  JSR  -11.0 dB  BER 0.00e+00  P(det)@0.05 power_one_sided 1.000 power_two_sided 1.000 kurtosis 0.885 spec_cnn 1.000  (14s)
  JSR  -10.0 dB  BER 0.00e+00  P(det)@0.05 power_one_sided 1.000 power_two_sided 1.000 kurtosis 0.969 spec_cnn 1.000  (15s)
  JSR   -9.0 dB  BER 0.00e+00  P(det)@0.05 power_one_sided 1.000 power_two_sided 1.000 kurtosis 0.996 spec_cnn 1.000  (15s)
  JSR   -8.0 dB  BER 0.00e+00  P(det)@0.05 power_one_sided 1.000 power_two_sided 1.000 kurtosis 1.000 spec_cnn 1.000  (15s)
  JSR   -7.0 dB  BER 0.00e+00  P(det)@0.05 power_one_sided 1.000 power_two_sided 1.000 kurtosis 1.000 spec_cnn 1.000  (16s)
  JSR   -6.0 dB  BER 0.00e+00  P(det)@0.05 power_one_sided 1.000 power_two_sided 1.000 kurtosis 1.000 spec_cnn 1.000  (16s)
  JSR   -5.0 dB  BER 0.00e+00  P(det)@0.05 power_one_sided 1.000 power_two_sided 1.000 kurtosis 1.000 spec_cnn 1.000  (17s)
  JSR   -4.0 dB  BER 0.00e+00  P(det)@0.05 power_one_sided 1.000 power_two_sided 1.000 kurtosis 1.000 spec_cnn 1.000  (17s)
  JSR   -3.0 dB  BER 0.00e+00  P(det)@0.05 power_one_sided 1.000 power_two_sided 1.000 kurtosis 1.000 spec_cnn 1.000  (17s)
  JSR   -2.0 dB  BER 1.68e-04  P(det)@0.05 power_one_sided 1.000 power_two_sided 1.000 kurtosis 1.000 spec_cnn 1.000  (18s)
  JSR   -1.0 dB  BER 1.11e-03  P(det)@0.05 power_one_sided 1.000 power_two_sided 1.000 kurtosis 1.000 spec_cnn 1.000  (18s)
  JSR   +0.0 dB  BER 3.01e-03  P(det)@0.05 power_one_sided 1.000 power_two_sided 1.000 kurtosis 0.994 spec_cnn 1.000  (18s)
  JSR   +1.0 dB  BER 8.71e-03  P(det)@0.05 power_one_sided 1.000 power_two_sided 1.000 kurtosis 0.930 spec_cnn 1.000  (19s)
  JSR   +2.0 dB  BER 1.83e-02  P(det)@0.05 power_one_sided 1.000 power_two_sided 1.000 kurtosis 0.729 spec_cnn 1.000  (19s)
  JSR   +3.0 dB  BER 3.07e-02  P(det)@0.05 power_one_sided 1.000 power_two_sided 1.000 kurtosis 0.686 spec_cnn 1.000  (19s)
  JSR   +4.0 dB  BER 4.73e-02  P(det)@0.05 power_one_sided 1.000 power_two_sided 1.000 kurtosis 0.766 spec_cnn 1.000  (20s)
  JSR   +5.0 dB  BER 6.83e-02  P(det)@0.05 power_one_sided 1.000 power_two_sided 1.000 kurtosis 0.822 spec_cnn 1.000  (20s)
  JSR   +6.0 dB  BER 9.30e-02  P(det)@0.05 power_one_sided 1.000 power_two_sided 1.000 kurtosis 0.842 spec_cnn 1.000  (21s)
  JSR   +7.0 dB  BER 1.20e-01  P(det)@0.05 power_one_sided 1.000 power_two_sided 1.000 kurtosis 0.891 spec_cnn 1.000  (21s)
  JSR   +8.0 dB  BER 1.47e-01  P(det)@0.05 power_one_sided 1.000 power_two_sided 1.000 kurtosis 0.848 spec_cnn 1.000  (21s)
  JSR   +9.0 dB  BER 1.79e-01  P(det)@0.05 power_one_sided 1.000 power_two_sided 1.000 kurtosis 0.855 spec_cnn 1.000  (22s)
  JSR  +10.0 dB  BER 2.08e-01  P(det)@0.05 power_one_sided 1.000 power_two_sided 1.000 kurtosis 0.854 spec_cnn 1.000  (22s)
  JSR  +11.0 dB  BER 2.38e-01  P(det)@0.05 power_one_sided 1.000 power_two_sided 1.000 kurtosis 0.875 spec_cnn 1.000  (22s)
  JSR  +12.0 dB  BER 2.63e-01  P(det)@0.05 power_one_sided 1.000 power_two_sided 1.000 kurtosis 0.852 spec_cnn 1.000  (23s)
  JSR  +13.0 dB  BER 2.87e-01  P(det)@0.05 power_one_sided 1.000 power_two_sided 1.000 kurtosis 0.861 spec_cnn 1.000  (23s)
  JSR  +14.0 dB  BER 3.09e-01  P(det)@0.05 power_one_sided 1.000 power_two_sided 1.000 kurtosis 0.877 spec_cnn 1.000  (23s)
  JSR  +15.0 dB  BER 3.28e-01  P(det)@0.05 power_one_sided 1.000 power_two_sided 1.000 kurtosis 0.859 spec_cnn 1.000  (24s)
  [snr_30] spec_cnn_b1e+06 confirmed: {"power_one_sided": {"0.01": {"index": 0, "sweep_ber": 0.0, "sweep_pdet": 0.005859375, "confirmed_ber": 0.0, "confirmed_ser": 0.0, "confirmed_pdet": 0.009521484375, "passed": true}, "0.05": {"index": 0, "sweep_ber": 0.0, "sweep_pdet": 0.05078125, "confirmed_ber": 0.0, "confirmed_ser": 0.0, "confirmed_pdet": 0.052978515625, "passed": true}}, "power_two_sided": {"0.01": {"index": 0, "sweep_ber": 0.0, "sweep_pdet": 0.00390625, "confirmed_ber": 0.0, "confirmed_ser": 0.0, "confirmed_pdet": 0.01123046875, "passed": true}, "0.05": {"index": 0, "sweep_ber": 0.0, "sweep_pdet": 0.0390625, "confirmed_ber": 0.0, "confirmed_ser": 0.0, "confirmed_pdet": 0.051025390625, "passed": true}}, "kurtosis": {"0.01": {"index": 0, "sweep_ber": 0.0, "sweep_pdet": 0.01171875, "confirmed_ber": 0.0, "confirmed_ser": 0.0, "confirmed_pdet": 0.007080078125, "passed": true}, "0.05": {"index": 0, "sweep_ber": 0.0, "sweep_pdet": 0.046875, "confirmed_ber": 0.0, "confirmed_ser": 0.0, "confirmed_pdet": 0.045654296875, "passed": true}}, "spec_cnn": {"0.01": {"index": 0, "sweep_ber": 0.0, "sweep_pdet": 0.013671875, "confirmed_ber": 0.0, "confirmed_ser": 0.0, "confirmed_pdet": 0.009033203125, "passed": true}, "0.05": {"index": 0, "sweep_ber": 0.0, "sweep_pdet": 0.05859375, "confirmed_ber": 0.0, "confirmed_ser": 0.0, "confirmed_pdet": 0.049072265625, "passed": true}}}  (1399s)
wrote ../artifacts/cgan/snr_ablation/run003/snr_snr_30.json in 1399s
