node: tikgpu04.ee.ethz.ch | gpu: NVIDIA TITAN RTX
task 0 | snr_30_unc_0 | SNR 30 dB | noise uncertainty 0 dB | device cuda:0
detectors: power_one_sided, power_two_sided, kurtosis, spec_cnn, lrt_noise | naive = calibrated at the nominal noise, cfar = re-calibrated on uncertain clean frames (0s)
clean: BER 0.000e+00, realised FAR naive {"power_one_sided": 0.05859375, "power_two_sided": 0.05712890625, "kurtosis": 0.04833984375, "spec_cnn": 0.03662109375}, cfar {"power_one_sided": 0.05859375, "power_two_sided": 0.05712890625, "kurtosis": 0.04833984375, "spec_cnn": 0.03662109375}
  [snr_30_unc_0] classical noise
    JSR  -50.0 dB  BER 0.00e+00  PER 0.000  P(det)@0.05 naive/cfar power_one_sided 0.049/0.049 power_two_sided 0.057/0.057 kurtosis 0.031/0.031 spec_cnn 0.035/0.035 lrt_noise 0.064/0.064  (0s)
    JSR  -49.0 dB  BER 0.00e+00  PER 0.000  P(det)@0.05 naive/cfar power_one_sided 0.076/0.076 power_two_sided 0.061/0.061 kurtosis 0.031/0.031 spec_cnn 0.061/0.061 lrt_noise 0.074/0.074  (1s)
    JSR  -48.0 dB  BER 0.00e+00  PER 0.000  P(det)@0.05 naive/cfar power_one_sided 0.045/0.045 power_two_sided 0.055/0.055 kurtosis 0.051/0.051 spec_cnn 0.047/0.047 lrt_noise 0.068/0.068  (1s)
    JSR  -47.0 dB  BER 0.00e+00  PER 0.000  P(det)@0.05 naive/cfar power_one_sided 0.039/0.039 power_two_sided 0.053/0.053 kurtosis 0.027/0.027 spec_cnn 0.027/0.027 lrt_noise 0.088/0.088  (1s)
    JSR  -46.0 dB  BER 0.00e+00  PER 0.000  P(det)@0.05 naive/cfar power_one_sided 0.047/0.047 power_two_sided 0.045/0.045 kurtosis 0.074/0.074 spec_cnn 0.066/0.066 lrt_noise 0.113/0.113  (1s)
    JSR  -45.0 dB  BER 0.00e+00  PER 0.000  P(det)@0.05 naive/cfar power_one_sided 0.061/0.061 power_two_sided 0.061/0.061 kurtosis 0.035/0.035 spec_cnn 0.049/0.049 lrt_noise 0.115/0.115  (2s)
    JSR  -44.0 dB  BER 0.00e+00  PER 0.000  P(det)@0.05 naive/cfar power_one_sided 0.041/0.041 power_two_sided 0.057/0.057 kurtosis 0.053/0.053 spec_cnn 0.053/0.053 lrt_noise 0.129/0.129  (2s)
    JSR  -43.0 dB  BER 0.00e+00  PER 0.000  P(det)@0.05 naive/cfar power_one_sided 0.070/0.070 power_two_sided 0.057/0.057 kurtosis 0.059/0.059 spec_cnn 0.055/0.055 lrt_noise 0.166/0.166  (2s)
    JSR  -42.0 dB  BER 0.00e+00  PER 0.000  P(det)@0.05 naive/cfar power_one_sided 0.051/0.051 power_two_sided 0.051/0.051 kurtosis 0.025/0.025 spec_cnn 0.064/0.064 lrt_noise 0.213/0.213  (3s)
    JSR  -41.0 dB  BER 0.00e+00  PER 0.000  P(det)@0.05 naive/cfar power_one_sided 0.090/0.090 power_two_sided 0.070/0.070 kurtosis 0.037/0.037 spec_cnn 0.066/0.066 lrt_noise 0.262/0.262  (3s)
    JSR  -40.0 dB  BER 0.00e+00  PER 0.000  P(det)@0.05 naive/cfar power_one_sided 0.045/0.045 power_two_sided 0.051/0.051 kurtosis 0.049/0.049 spec_cnn 0.057/0.057 lrt_noise 0.387/0.387  (3s)
    JSR  -39.0 dB  BER 0.00e+00  PER 0.000  P(det)@0.05 naive/cfar power_one_sided 0.082/0.082 power_two_sided 0.068/0.068 kurtosis 0.045/0.045 spec_cnn 0.076/0.076 lrt_noise 0.508/0.508  (3s)
    JSR  -38.0 dB  BER 0.00e+00  PER 0.000  P(det)@0.05 naive/cfar power_one_sided 0.090/0.090 power_two_sided 0.074/0.074 kurtosis 0.051/0.051 spec_cnn 0.100/0.100 lrt_noise 0.674/0.674  (4s)
    JSR  -37.0 dB  BER 0.00e+00  PER 0.000  P(det)@0.05 naive/cfar power_one_sided 0.088/0.088 power_two_sided 0.076/0.076 kurtosis 0.037/0.037 spec_cnn 0.098/0.098 lrt_noise 0.801/0.801  (4s)
    JSR  -36.0 dB  BER 0.00e+00  PER 0.000  P(det)@0.05 naive/cfar power_one_sided 0.105/0.105 power_two_sided 0.078/0.078 kurtosis 0.061/0.061 spec_cnn 0.115/0.115 lrt_noise 0.906/0.906  (4s)
    JSR  -35.0 dB  BER 0.00e+00  PER 0.000  P(det)@0.05 naive/cfar power_one_sided 0.105/0.105 power_two_sided 0.072/0.072 kurtosis 0.051/0.051 spec_cnn 0.137/0.137 lrt_noise 0.994/0.994  (5s)
    JSR  -34.0 dB  BER 0.00e+00  PER 0.000  P(det)@0.05 naive/cfar power_one_sided 0.145/0.145 power_two_sided 0.104/0.104 kurtosis 0.049/0.049 spec_cnn 0.174/0.174 lrt_noise 1.000/1.000  (5s)
    JSR  -33.0 dB  BER 0.00e+00  PER 0.000  P(det)@0.05 naive/cfar power_one_sided 0.180/0.180 power_two_sided 0.129/0.129 kurtosis 0.045/0.045 spec_cnn 0.205/0.205 lrt_noise 1.000/1.000  (5s)
    JSR  -32.0 dB  BER 0.00e+00  PER 0.000  P(det)@0.05 naive/cfar power_one_sided 0.203/0.203 power_two_sided 0.170/0.170 kurtosis 0.035/0.035 spec_cnn 0.285/0.285 lrt_noise 1.000/1.000  (5s)
    JSR  -31.0 dB  BER 0.00e+00  PER 0.000  P(det)@0.05 naive/cfar power_one_sided 0.244/0.244 power_two_sided 0.184/0.184 kurtosis 0.049/0.049 spec_cnn 0.373/0.373 lrt_noise 1.000/1.000  (6s)
    JSR  -30.0 dB  BER 0.00e+00  PER 0.000  P(det)@0.05 naive/cfar power_one_sided 0.303/0.303 power_two_sided 0.229/0.229 kurtosis 0.027/0.027 spec_cnn 0.568/0.568 lrt_noise 1.000/1.000  (6s)
    JSR  -29.0 dB  BER 0.00e+00  PER 0.000  P(det)@0.05 naive/cfar power_one_sided 0.365/0.365 power_two_sided 0.303/0.303 kurtosis 0.051/0.051 spec_cnn 0.676/0.676 lrt_noise 1.000/1.000  (6s)
    JSR  -28.0 dB  BER 0.00e+00  PER 0.000  P(det)@0.05 naive/cfar power_one_sided 0.486/0.486 power_two_sided 0.424/0.424 kurtosis 0.061/0.061 spec_cnn 0.855/0.855 lrt_noise 1.000/1.000  (7s)
    JSR  -27.0 dB  BER 0.00e+00  PER 0.000  P(det)@0.05 naive/cfar power_one_sided 0.523/0.523 power_two_sided 0.471/0.471 kurtosis 0.041/0.041 spec_cnn 0.959/0.959 lrt_noise 1.000/1.000  (7s)
    JSR  -26.0 dB  BER 0.00e+00  PER 0.000  P(det)@0.05 naive/cfar power_one_sided 0.604/0.604 power_two_sided 0.562/0.562 kurtosis 0.053/0.053 spec_cnn 0.998/0.998 lrt_noise 1.000/1.000  (7s)
    JSR  -25.0 dB  BER 0.00e+00  PER 0.000  P(det)@0.05 naive/cfar power_one_sided 0.674/0.674 power_two_sided 0.619/0.619 kurtosis 0.051/0.051 spec_cnn 1.000/1.000 lrt_noise 1.000/1.000  (7s)
    JSR  -24.0 dB  BER 0.00e+00  PER 0.000  P(det)@0.05 naive/cfar power_one_sided 0.807/0.807 power_two_sided 0.779/0.779 kurtosis 0.059/0.059 spec_cnn 1.000/1.000 lrt_noise 1.000/1.000  (8s)
    JSR  -23.0 dB  BER 0.00e+00  PER 0.000  P(det)@0.05 naive/cfar power_one_sided 0.861/0.861 power_two_sided 0.838/0.838 kurtosis 0.043/0.043 spec_cnn 1.000/1.000 lrt_noise 1.000/1.000  (8s)
    JSR  -22.0 dB  BER 0.00e+00  PER 0.000  P(det)@0.05 naive/cfar power_one_sided 0.922/0.922 power_two_sided 0.906/0.906 kurtosis 0.074/0.074 spec_cnn 1.000/1.000 lrt_noise 1.000/1.000  (8s)
    JSR  -21.0 dB  BER 0.00e+00  PER 0.000  P(det)@0.05 naive/cfar power_one_sided 0.973/0.973 power_two_sided 0.963/0.963 kurtosis 0.062/0.062 spec_cnn 1.000/1.000 lrt_noise 1.000/1.000  (9s)
    JSR  -20.0 dB  BER 0.00e+00  PER 0.000  P(det)@0.05 naive/cfar power_one_sided 0.982/0.982 power_two_sided 0.982/0.982 kurtosis 0.088/0.088 spec_cnn 1.000/1.000 lrt_noise 1.000/1.000  (9s)
    JSR  -19.0 dB  BER 0.00e+00  PER 0.000  P(det)@0.05 naive/cfar power_one_sided 0.996/0.996 power_two_sided 0.994/0.994 kurtosis 0.090/0.090 spec_cnn 1.000/1.000 lrt_noise 1.000/1.000  (9s)
    JSR  -18.0 dB  BER 0.00e+00  PER 0.000  P(det)@0.05 naive/cfar power_one_sided 1.000/1.000 power_two_sided 1.000/1.000 kurtosis 0.129/0.129 spec_cnn 1.000/1.000 lrt_noise 1.000/1.000  (9s)
    JSR  -17.0 dB  BER 0.00e+00  PER 0.000  P(det)@0.05 naive/cfar power_one_sided 1.000/1.000 power_two_sided 1.000/1.000 kurtosis 0.160/0.160 spec_cnn 1.000/1.000 lrt_noise 1.000/1.000  (10s)
    JSR  -16.0 dB  BER 0.00e+00  PER 0.000  P(det)@0.05 naive/cfar power_one_sided 1.000/1.000 power_two_sided 1.000/1.000 kurtosis 0.184/0.184 spec_cnn 1.000/1.000 lrt_noise 1.000/1.000  (10s)
    JSR  -15.0 dB  BER 0.00e+00  PER 0.000  P(det)@0.05 naive/cfar power_one_sided 1.000/1.000 power_two_sided 1.000/1.000 kurtosis 0.270/0.270 spec_cnn 1.000/1.000 lrt_noise 1.000/1.000  (10s)
    JSR  -14.0 dB  BER 0.00e+00  PER 0.000  P(det)@0.05 naive/cfar power_one_sided 1.000/1.000 power_two_sided 1.000/1.000 kurtosis 0.422/0.422 spec_cnn 1.000/1.000 lrt_noise 1.000/1.000  (11s)
    JSR  -13.0 dB  BER 0.00e+00  PER 0.000  P(det)@0.05 naive/cfar power_one_sided 1.000/1.000 power_two_sided 1.000/1.000 kurtosis 0.586/0.586 spec_cnn 1.000/1.000 lrt_noise 1.000/1.000  (11s)
    JSR  -12.0 dB  BER 0.00e+00  PER 0.000  P(det)@0.05 naive/cfar power_one_sided 1.000/1.000 power_two_sided 1.000/1.000 kurtosis 0.791/0.791 spec_cnn 1.000/1.000 lrt_noise 1.000/1.000  (11s)
    JSR  -11.0 dB  BER 0.00e+00  PER 0.000  P(det)@0.05 naive/cfar power_one_sided 1.000/1.000 power_two_sided 1.000/1.000 kurtosis 0.910/0.910 spec_cnn 1.000/1.000 lrt_noise 1.000/1.000  (11s)
    JSR  -10.0 dB  BER 0.00e+00  PER 0.000  P(det)@0.05 naive/cfar power_one_sided 1.000/1.000 power_two_sided 1.000/1.000 kurtosis 0.994/0.994 spec_cnn 1.000/1.000 lrt_noise 1.000/1.000  (12s)
    JSR   -9.0 dB  BER 0.00e+00  PER 0.000  P(det)@0.05 naive/cfar power_one_sided 1.000/1.000 power_two_sided 1.000/1.000 kurtosis 1.000/1.000 spec_cnn 1.000/1.000 lrt_noise 1.000/1.000  (12s)
    JSR   -8.0 dB  BER 0.00e+00  PER 0.000  P(det)@0.05 naive/cfar power_one_sided 1.000/1.000 power_two_sided 1.000/1.000 kurtosis 1.000/1.000 spec_cnn 1.000/1.000 lrt_noise 1.000/1.000  (12s)
    JSR   -7.0 dB  BER 0.00e+00  PER 0.000  P(det)@0.05 naive/cfar power_one_sided 1.000/1.000 power_two_sided 1.000/1.000 kurtosis 1.000/1.000 spec_cnn 1.000/1.000 lrt_noise 1.000/1.000  (13s)
    JSR   -6.0 dB  BER 0.00e+00  PER 0.000  P(det)@0.05 naive/cfar power_one_sided 1.000/1.000 power_two_sided 1.000/1.000 kurtosis 1.000/1.000 spec_cnn 1.000/1.000 lrt_noise 1.000/1.000  (13s)
    JSR   -5.0 dB  BER 0.00e+00  PER 0.000  P(det)@0.05 naive/cfar power_one_sided 1.000/1.000 power_two_sided 1.000/1.000 kurtosis 1.000/1.000 spec_cnn 1.000/1.000 lrt_noise 1.000/1.000  (13s)
    JSR   -4.0 dB  BER 0.00e+00  PER 0.000  P(det)@0.05 naive/cfar power_one_sided 1.000/1.000 power_two_sided 1.000/1.000 kurtosis 1.000/1.000 spec_cnn 1.000/1.000 lrt_noise 1.000/1.000  (14s)
    JSR   -3.0 dB  BER 1.53e-05  PER 0.004  P(det)@0.05 naive/cfar power_one_sided 1.000/1.000 power_two_sided 1.000/1.000 kurtosis 1.000/1.000 spec_cnn 1.000/1.000 lrt_noise 1.000/1.000  (14s)
    JSR   -2.0 dB  BER 1.22e-04  PER 0.029  P(det)@0.05 naive/cfar power_one_sided 1.000/1.000 power_two_sided 1.000/1.000 kurtosis 1.000/1.000 spec_cnn 1.000/1.000 lrt_noise 1.000/1.000  (14s)
    JSR   -1.0 dB  BER 6.48e-04  PER 0.158  P(det)@0.05 naive/cfar power_one_sided 1.000/1.000 power_two_sided 1.000/1.000 kurtosis 1.000/1.000 spec_cnn 1.000/1.000 lrt_noise 1.000/1.000  (14s)
    JSR   +0.0 dB  BER 2.50e-03  PER 0.457  P(det)@0.05 naive/cfar power_one_sided 1.000/1.000 power_two_sided 1.000/1.000 kurtosis 1.000/1.000 spec_cnn 1.000/1.000 lrt_noise 1.000/1.000  (15s)
    JSR   +1.0 dB  BER 5.94e-03  PER 0.766  P(det)@0.05 naive/cfar power_one_sided 1.000/1.000 power_two_sided 1.000/1.000 kurtosis 1.000/1.000 spec_cnn 1.000/1.000 lrt_noise 1.000/1.000  (15s)
    JSR   +2.0 dB  BER 1.25e-02  PER 0.957  P(det)@0.05 naive/cfar power_one_sided 1.000/1.000 power_two_sided 1.000/1.000 kurtosis 1.000/1.000 spec_cnn 1.000/1.000 lrt_noise 1.000/1.000  (15s)
    JSR   +3.0 dB  BER 2.29e-02  PER 0.996  P(det)@0.05 naive/cfar power_one_sided 1.000/1.000 power_two_sided 1.000/1.000 kurtosis 1.000/1.000 spec_cnn 1.000/1.000 lrt_noise 1.000/1.000  (16s)
    JSR   +4.0 dB  BER 3.85e-02  PER 1.000  P(det)@0.05 naive/cfar power_one_sided 1.000/1.000 power_two_sided 1.000/1.000 kurtosis 1.000/1.000 spec_cnn 1.000/1.000 lrt_noise 1.000/1.000  (16s)
    JSR   +5.0 dB  BER 5.62e-02  PER 1.000  P(det)@0.05 naive/cfar power_one_sided 1.000/1.000 power_two_sided 1.000/1.000 kurtosis 1.000/1.000 spec_cnn 1.000/1.000 lrt_noise 1.000/1.000  (16s)
    JSR   +6.0 dB  BER 7.79e-02  PER 1.000  P(det)@0.05 naive/cfar power_one_sided 1.000/1.000 power_two_sided 1.000/1.000 kurtosis 1.000/1.000 spec_cnn 1.000/1.000 lrt_noise 1.000/1.000  (16s)
    JSR   +7.0 dB  BER 1.03e-01  PER 1.000  P(det)@0.05 naive/cfar power_one_sided 1.000/1.000 power_two_sided 1.000/1.000 kurtosis 1.000/1.000 spec_cnn 1.000/1.000 lrt_noise 1.000/1.000  (17s)
    JSR   +8.0 dB  BER 1.30e-01  PER 1.000  P(det)@0.05 naive/cfar power_one_sided 1.000/1.000 power_two_sided 1.000/1.000 kurtosis 1.000/1.000 spec_cnn 1.000/1.000 lrt_noise 1.000/1.000  (17s)
    JSR   +9.0 dB  BER 1.56e-01  PER 1.000  P(det)@0.05 naive/cfar power_one_sided 1.000/1.000 power_two_sided 1.000/1.000 kurtosis 1.000/1.000 spec_cnn 1.000/1.000 lrt_noise 1.000/1.000  (17s)
    JSR  +10.0 dB  BER 1.84e-01  PER 1.000  P(det)@0.05 naive/cfar power_one_sided 1.000/1.000 power_two_sided 1.000/1.000 kurtosis 1.000/1.000 spec_cnn 1.000/1.000 lrt_noise 1.000/1.000  (18s)
    JSR  +11.0 dB  BER 2.12e-01  PER 1.000  P(det)@0.05 naive/cfar power_one_sided 1.000/1.000 power_two_sided 1.000/1.000 kurtosis 1.000/1.000 spec_cnn 1.000/1.000 lrt_noise 1.000/1.000  (18s)
    JSR  +12.0 dB  BER 2.36e-01  PER 1.000  P(det)@0.05 naive/cfar power_one_sided 1.000/1.000 power_two_sided 1.000/1.000 kurtosis 1.000/1.000 spec_cnn 1.000/1.000 lrt_noise 1.000/1.000  (18s)
    JSR  +13.0 dB  BER 2.64e-01  PER 1.000  P(det)@0.05 naive/cfar power_one_sided 1.000/1.000 power_two_sided 1.000/1.000 kurtosis 1.000/1.000 spec_cnn 1.000/1.000 lrt_noise 1.000/1.000  (18s)
    JSR  +14.0 dB  BER 2.88e-01  PER 1.000  P(det)@0.05 naive/cfar power_one_sided 1.000/1.000 power_two_sided 1.000/1.000 kurtosis 1.000/1.000 spec_cnn 1.000/1.000 lrt_noise 1.000/1.000  (19s)
    JSR  +15.0 dB  BER 3.09e-01  PER 1.000  P(det)@0.05 naive/cfar power_one_sided 1.000/1.000 power_two_sided 1.000/1.000 kurtosis 1.000/1.000 spec_cnn 1.000/1.000 lrt_noise 1.000/1.000  (19s)
  [snr_30_unc_0] classical pulsed_p1
    JSR  -50.0 dB  BER 0.00e+00  PER 0.000  P(det)@0.05 naive/cfar power_one_sided 0.059/0.059 power_two_sided 0.059/0.059 kurtosis 0.053/0.053 spec_cnn 0.059/0.059  (0s)
    JSR  -49.0 dB  BER 0.00e+00  PER 0.000  P(det)@0.05 naive/cfar power_one_sided 0.068/0.068 power_two_sided 0.057/0.057 kurtosis 0.047/0.047 spec_cnn 0.033/0.033  (1s)
    JSR  -48.0 dB  BER 0.00e+00  PER 0.000  P(det)@0.05 naive/cfar power_one_sided 0.072/0.072 power_two_sided 0.064/0.064 kurtosis 0.041/0.041 spec_cnn 0.053/0.053  (1s)
    JSR  -47.0 dB  BER 0.00e+00  PER 0.000  P(det)@0.05 naive/cfar power_one_sided 0.080/0.080 power_two_sided 0.066/0.066 kurtosis 0.072/0.072 spec_cnn 0.061/0.061  (1s)
    JSR  -46.0 dB  BER 0.00e+00  PER 0.000  P(det)@0.05 naive/cfar power_one_sided 0.072/0.072 power_two_sided 0.080/0.080 kurtosis 0.061/0.061 spec_cnn 0.047/0.047  (2s)
    JSR  -45.0 dB  BER 0.00e+00  PER 0.000  P(det)@0.05 naive/cfar power_one_sided 0.098/0.098 power_two_sided 0.098/0.098 kurtosis 0.043/0.043 spec_cnn 0.057/0.057  (2s)
    JSR  -44.0 dB  BER 0.00e+00  PER 0.000  P(det)@0.05 naive/cfar power_one_sided 0.076/0.076 power_two_sided 0.078/0.078 kurtosis 0.045/0.045 spec_cnn 0.059/0.059  (2s)
    JSR  -43.0 dB  BER 0.00e+00  PER 0.000  P(det)@0.05 naive/cfar power_one_sided 0.084/0.084 power_two_sided 0.094/0.094 kurtosis 0.045/0.045 spec_cnn 0.064/0.064  (2s)
    JSR  -42.0 dB  BER 0.00e+00  PER 0.000  P(det)@0.05 naive/cfar power_one_sided 0.082/0.082 power_two_sided 0.090/0.090 kurtosis 0.059/0.059 spec_cnn 0.062/0.062  (3s)
    JSR  -41.0 dB  BER 0.00e+00  PER 0.000  P(det)@0.05 naive/cfar power_one_sided 0.084/0.084 power_two_sided 0.104/0.104 kurtosis 0.049/0.049 spec_cnn 0.068/0.068  (3s)
    JSR  -40.0 dB  BER 0.00e+00  PER 0.000  P(det)@0.05 naive/cfar power_one_sided 0.111/0.111 power_two_sided 0.146/0.146 kurtosis 0.037/0.037 spec_cnn 0.057/0.057  (3s)
    JSR  -39.0 dB  BER 0.00e+00  PER 0.000  P(det)@0.05 naive/cfar power_one_sided 0.125/0.125 power_two_sided 0.158/0.158 kurtosis 0.033/0.033 spec_cnn 0.062/0.062  (3s)
    JSR  -38.0 dB  BER 0.00e+00  PER 0.000  P(det)@0.05 naive/cfar power_one_sided 0.131/0.131 power_two_sided 0.188/0.188 kurtosis 0.037/0.037 spec_cnn 0.111/0.111  (4s)
    JSR  -37.0 dB  BER 0.00e+00  PER 0.000  P(det)@0.05 naive/cfar power_one_sided 0.182/0.182 power_two_sided 0.227/0.227 kurtosis 0.037/0.037 spec_cnn 0.113/0.113  (4s)
    JSR  -36.0 dB  BER 0.00e+00  PER 0.000  P(det)@0.05 naive/cfar power_one_sided 0.182/0.182 power_two_sided 0.229/0.229 kurtosis 0.039/0.039 spec_cnn 0.131/0.131  (4s)
    JSR  -35.0 dB  BER 0.00e+00  PER 0.000  P(det)@0.05 naive/cfar power_one_sided 0.232/0.232 power_two_sided 0.312/0.312 kurtosis 0.051/0.051 spec_cnn 0.121/0.121  (5s)
    JSR  -34.0 dB  BER 0.00e+00  PER 0.000  P(det)@0.05 naive/cfar power_one_sided 0.236/0.236 power_two_sided 0.318/0.318 kurtosis 0.031/0.031 spec_cnn 0.152/0.152  (5s)
    JSR  -33.0 dB  BER 0.00e+00  PER 0.000  P(det)@0.05 naive/cfar power_one_sided 0.291/0.291 power_two_sided 0.354/0.354 kurtosis 0.049/0.049 spec_cnn 0.197/0.197  (5s)
    JSR  -32.0 dB  BER 0.00e+00  PER 0.000  P(det)@0.05 naive/cfar power_one_sided 0.303/0.303 power_two_sided 0.395/0.395 kurtosis 0.045/0.045 spec_cnn 0.229/0.229  (5s)
    JSR  -31.0 dB  BER 0.00e+00  PER 0.000  P(det)@0.05 naive/cfar power_one_sided 0.332/0.332 power_two_sided 0.438/0.438 kurtosis 0.037/0.037 spec_cnn 0.301/0.301  (6s)
    JSR  -30.0 dB  BER 0.00e+00  PER 0.000  P(det)@0.05 naive/cfar power_one_sided 0.336/0.336 power_two_sided 0.461/0.461 kurtosis 0.045/0.045 spec_cnn 0.262/0.262  (6s)
    JSR  -29.0 dB  BER 0.00e+00  PER 0.000  P(det)@0.05 naive/cfar power_one_sided 0.455/0.455 power_two_sided 0.580/0.580 kurtosis 0.047/0.047 spec_cnn 0.393/0.393  (6s)
    JSR  -28.0 dB  BER 0.00e+00  PER 0.000  P(det)@0.05 naive/cfar power_one_sided 0.473/0.473 power_two_sided 0.619/0.619 kurtosis 0.061/0.061 spec_cnn 0.445/0.445  (6s)
    JSR  -27.0 dB  BER 0.00e+00  PER 0.000  P(det)@0.05 naive/cfar power_one_sided 0.471/0.471 power_two_sided 0.631/0.631 kurtosis 0.055/0.055 spec_cnn 0.506/0.506  (7s)
    JSR  -26.0 dB  BER 0.00e+00  PER 0.000  P(det)@0.05 naive/cfar power_one_sided 0.535/0.535 power_two_sided 0.697/0.697 kurtosis 0.064/0.064 spec_cnn 0.598/0.598  (7s)
    JSR  -25.0 dB  BER 0.00e+00  PER 0.000  P(det)@0.05 naive/cfar power_one_sided 0.498/0.498 power_two_sided 0.666/0.666 kurtosis 0.070/0.070 spec_cnn 0.654/0.654  (7s)
    JSR  -24.0 dB  BER 0.00e+00  PER 0.000  P(det)@0.05 naive/cfar power_one_sided 0.639/0.639 power_two_sided 0.770/0.770 kurtosis 0.070/0.070 spec_cnn 0.701/0.701  (7s)
    JSR  -23.0 dB  BER 0.00e+00  PER 0.000  P(det)@0.05 naive/cfar power_one_sided 0.666/0.666 power_two_sided 0.805/0.805 kurtosis 0.059/0.059 spec_cnn 0.732/0.732  (8s)
    JSR  -22.0 dB  BER 0.00e+00  PER 0.000  P(det)@0.05 naive/cfar power_one_sided 0.680/0.680 power_two_sided 0.820/0.820 kurtosis 0.072/0.072 spec_cnn 0.820/0.820  (8s)
    JSR  -21.0 dB  BER 0.00e+00  PER 0.000  P(det)@0.05 naive/cfar power_one_sided 0.738/0.738 power_two_sided 0.854/0.854 kurtosis 0.070/0.070 spec_cnn 0.809/0.809  (8s)
    JSR  -20.0 dB  BER 0.00e+00  PER 0.000  P(det)@0.05 naive/cfar power_one_sided 0.771/0.771 power_two_sided 0.887/0.887 kurtosis 0.092/0.092 spec_cnn 0.857/0.857  (9s)
    JSR  -19.0 dB  BER 0.00e+00  PER 0.000  P(det)@0.05 naive/cfar power_one_sided 0.795/0.795 power_two_sided 0.904/0.904 kurtosis 0.133/0.133 spec_cnn 0.883/0.883  (9s)
    JSR  -18.0 dB  BER 0.00e+00  PER 0.000  P(det)@0.05 naive/cfar power_one_sided 0.871/0.871 power_two_sided 0.939/0.939 kurtosis 0.164/0.164 spec_cnn 0.916/0.916  (9s)
    JSR  -17.0 dB  BER 0.00e+00  PER 0.000  P(det)@0.05 naive/cfar power_one_sided 0.895/0.895 power_two_sided 0.963/0.963 kurtosis 0.246/0.246 spec_cnn 0.926/0.926  (9s)
    JSR  -16.0 dB  BER 0.00e+00  PER 0.000  P(det)@0.05 naive/cfar power_one_sided 0.926/0.926 power_two_sided 0.963/0.963 kurtosis 0.338/0.338 spec_cnn 0.926/0.926  (10s)
    JSR  -15.0 dB  BER 0.00e+00  PER 0.000  P(det)@0.05 naive/cfar power_one_sided 0.924/0.924 power_two_sided 0.967/0.967 kurtosis 0.465/0.465 spec_cnn 0.943/0.943  (10s)
    JSR  -14.0 dB  BER 0.00e+00  PER 0.000  P(det)@0.05 naive/cfar power_one_sided 0.959/0.959 power_two_sided 0.979/0.979 kurtosis 0.629/0.629 spec_cnn 0.951/0.951  (10s)
    JSR  -13.0 dB  BER 0.00e+00  PER 0.000  P(det)@0.05 naive/cfar power_one_sided 0.979/0.979 power_two_sided 0.984/0.984 kurtosis 0.791/0.791 spec_cnn 0.953/0.953  (10s)
    JSR  -12.0 dB  BER 0.00e+00  PER 0.000  P(det)@0.05 naive/cfar power_one_sided 0.982/0.982 power_two_sided 0.986/0.986 kurtosis 0.916/0.916 spec_cnn 0.951/0.951  (11s)
    JSR  -11.0 dB  BER 0.00e+00  PER 0.000  P(det)@0.05 naive/cfar power_one_sided 0.998/0.998 power_two_sided 1.000/1.000 kurtosis 0.975/0.975 spec_cnn 0.975/0.975  (11s)
    JSR  -10.0 dB  BER 0.00e+00  PER 0.000  P(det)@0.05 naive/cfar power_one_sided 0.998/0.998 power_two_sided 1.000/1.000 kurtosis 0.992/0.992 spec_cnn 0.982/0.982  (11s)
    JSR   -9.0 dB  BER 0.00e+00  PER 0.000  P(det)@0.05 naive/cfar power_one_sided 1.000/1.000 power_two_sided 1.000/1.000 kurtosis 1.000/1.000 spec_cnn 0.998/0.998  (11s)
    JSR   -8.0 dB  BER 0.00e+00  PER 0.000  P(det)@0.05 naive/cfar power_one_sided 1.000/1.000 power_two_sided 1.000/1.000 kurtosis 1.000/1.000 spec_cnn 0.998/0.998  (12s)
    JSR   -7.0 dB  BER 6.10e-05  PER 0.016  P(det)@0.05 naive/cfar power_one_sided 1.000/1.000 power_two_sided 1.000/1.000 kurtosis 1.000/1.000 spec_cnn 0.998/0.998  (12s)
    JSR   -6.0 dB  BER 1.62e-03  PER 0.209  P(det)@0.05 naive/cfar power_one_sided 1.000/1.000 power_two_sided 1.000/1.000 kurtosis 1.000/1.000 spec_cnn 0.998/0.998  (12s)
    JSR   -5.0 dB  BER 7.26e-03  PER 0.453  P(det)@0.05 naive/cfar power_one_sided 1.000/1.000 power_two_sided 1.000/1.000 kurtosis 1.000/1.000 spec_cnn 1.000/1.000  (13s)
    JSR   -4.0 dB  BER 2.22e-02  PER 0.721  P(det)@0.05 naive/cfar power_one_sided 1.000/1.000 power_two_sided 1.000/1.000 kurtosis 1.000/1.000 spec_cnn 1.000/1.000  (13s)
    JSR   -3.0 dB  BER 5.35e-02  PER 0.863  P(det)@0.05 naive/cfar power_one_sided 1.000/1.000 power_two_sided 1.000/1.000 kurtosis 1.000/1.000 spec_cnn 1.000/1.000  (13s)
    JSR   -2.0 dB  BER 1.14e-01  PER 0.969  P(det)@0.05 naive/cfar power_one_sided 1.000/1.000 power_two_sided 1.000/1.000 kurtosis 1.000/1.000 spec_cnn 1.000/1.000  (13s)
    JSR   -1.0 dB  BER 1.59e-01  PER 0.990  P(det)@0.05 naive/cfar power_one_sided 1.000/1.000 power_two_sided 1.000/1.000 kurtosis 1.000/1.000 spec_cnn 1.000/1.000  (14s)
    JSR   +0.0 dB  BER 1.99e-01  PER 1.000  P(det)@0.05 naive/cfar power_one_sided 1.000/1.000 power_two_sided 1.000/1.000 kurtosis 1.000/1.000 spec_cnn 1.000/1.000  (14s)
    JSR   +1.0 dB  BER 2.36e-01  PER 1.000  P(det)@0.05 naive/cfar power_one_sided 1.000/1.000 power_two_sided 1.000/1.000 kurtosis 1.000/1.000 spec_cnn 1.000/1.000  (14s)
    JSR   +2.0 dB  BER 2.63e-01  PER 1.000  P(det)@0.05 naive/cfar power_one_sided 1.000/1.000 power_two_sided 1.000/1.000 kurtosis 1.000/1.000 spec_cnn 1.000/1.000  (14s)
    JSR   +3.0 dB  BER 2.89e-01  PER 1.000  P(det)@0.05 naive/cfar power_one_sided 1.000/1.000 power_two_sided 1.000/1.000 kurtosis 1.000/1.000 spec_cnn 1.000/1.000  (15s)
    JSR   +4.0 dB  BER 3.10e-01  PER 1.000  P(det)@0.05 naive/cfar power_one_sided 1.000/1.000 power_two_sided 1.000/1.000 kurtosis 1.000/1.000 spec_cnn 1.000/1.000  (15s)
    JSR   +5.0 dB  BER 3.28e-01  PER 1.000  P(det)@0.05 naive/cfar power_one_sided 1.000/1.000 power_two_sided 1.000/1.000 kurtosis 1.000/1.000 spec_cnn 1.000/1.000  (15s)
    JSR   +6.0 dB  BER 3.51e-01  PER 1.000  P(det)@0.05 naive/cfar power_one_sided 1.000/1.000 power_two_sided 1.000/1.000 kurtosis 0.977/0.977 spec_cnn 1.000/1.000  (16s)
    JSR   +7.0 dB  BER 3.61e-01  PER 1.000  P(det)@0.05 naive/cfar power_one_sided 1.000/1.000 power_two_sided 1.000/1.000 kurtosis 0.838/0.838 spec_cnn 1.000/1.000  (16s)
    JSR   +8.0 dB  BER 3.75e-01  PER 1.000  P(det)@0.05 naive/cfar power_one_sided 1.000/1.000 power_two_sided 1.000/1.000 kurtosis 0.480/0.480 spec_cnn 1.000/1.000  (16s)
    JSR   +9.0 dB  BER 3.98e-01  PER 1.000  P(det)@0.05 naive/cfar power_one_sided 1.000/1.000 power_two_sided 1.000/1.000 kurtosis 0.133/0.133 spec_cnn 1.000/1.000  (16s)
    JSR  +10.0 dB  BER 4.02e-01  PER 1.000  P(det)@0.05 naive/cfar power_one_sided 1.000/1.000 power_two_sided 1.000/1.000 kurtosis 0.096/0.096 spec_cnn 1.000/1.000  (17s)
    JSR  +11.0 dB  BER 4.15e-01  PER 1.000  P(det)@0.05 naive/cfar power_one_sided 1.000/1.000 power_two_sided 1.000/1.000 kurtosis 0.307/0.307 spec_cnn 1.000/1.000  (17s)
    JSR  +12.0 dB  BER 4.27e-01  PER 1.000  P(det)@0.05 naive/cfar power_one_sided 1.000/1.000 power_two_sided 1.000/1.000 kurtosis 0.574/0.574 spec_cnn 1.000/1.000  (17s)
    JSR  +13.0 dB  BER 4.31e-01  PER 1.000  P(det)@0.05 naive/cfar power_one_sided 1.000/1.000 power_two_sided 1.000/1.000 kurtosis 0.812/0.812 spec_cnn 1.000/1.000  (17s)
    JSR  +14.0 dB  BER 4.40e-01  PER 1.000  P(det)@0.05 naive/cfar power_one_sided 1.000/1.000 power_two_sided 1.000/1.000 kurtosis 0.934/0.934 spec_cnn 1.000/1.000  (18s)
    JSR  +15.0 dB  BER 4.42e-01  PER 1.000  P(det)@0.05 naive/cfar power_one_sided 1.000/1.000 power_two_sided 1.000/1.000 kurtosis 0.982/0.982 spec_cnn 1.000/1.000  (18s)
  [snr_30_unc_0] classical pulsed_p0.5
    JSR  -50.0 dB  BER 0.00e+00  PER 0.000  P(det)@0.05 naive/cfar power_one_sided 0.043/0.043 power_two_sided 0.059/0.059 kurtosis 0.051/0.051 spec_cnn 0.045/0.045  (0s)
    JSR  -49.0 dB  BER 0.00e+00  PER 0.000  P(det)@0.05 naive/cfar power_one_sided 0.057/0.057 power_two_sided 0.076/0.076 kurtosis 0.068/0.068 spec_cnn 0.051/0.051  (1s)
    JSR  -48.0 dB  BER 0.00e+00  PER 0.000  P(det)@0.05 naive/cfar power_one_sided 0.057/0.057 power_two_sided 0.064/0.064 kurtosis 0.043/0.043 spec_cnn 0.062/0.062  (1s)
    JSR  -47.0 dB  BER 0.00e+00  PER 0.000  P(det)@0.05 naive/cfar power_one_sided 0.051/0.051 power_two_sided 0.059/0.059 kurtosis 0.031/0.031 spec_cnn 0.037/0.037  (1s)
    JSR  -46.0 dB  BER 0.00e+00  PER 0.000  P(det)@0.05 naive/cfar power_one_sided 0.053/0.053 power_two_sided 0.072/0.072 kurtosis 0.029/0.029 spec_cnn 0.053/0.053  (1s)
    JSR  -45.0 dB  BER 0.00e+00  PER 0.000  P(det)@0.05 naive/cfar power_one_sided 0.090/0.090 power_two_sided 0.080/0.080 kurtosis 0.045/0.045 spec_cnn 0.053/0.053  (2s)
    JSR  -44.0 dB  BER 0.00e+00  PER 0.000  P(det)@0.05 naive/cfar power_one_sided 0.068/0.068 power_two_sided 0.084/0.084 kurtosis 0.051/0.051 spec_cnn 0.059/0.059  (2s)
    JSR  -43.0 dB  BER 0.00e+00  PER 0.000  P(det)@0.05 naive/cfar power_one_sided 0.059/0.059 power_two_sided 0.059/0.059 kurtosis 0.053/0.053 spec_cnn 0.057/0.057  (2s)
    JSR  -42.0 dB  BER 0.00e+00  PER 0.000  P(det)@0.05 naive/cfar power_one_sided 0.094/0.094 power_two_sided 0.102/0.102 kurtosis 0.064/0.064 spec_cnn 0.074/0.074  (2s)
    JSR  -41.0 dB  BER 0.00e+00  PER 0.000  P(det)@0.05 naive/cfar power_one_sided 0.094/0.094 power_two_sided 0.090/0.090 kurtosis 0.051/0.051 spec_cnn 0.072/0.072  (3s)
    JSR  -40.0 dB  BER 0.00e+00  PER 0.000  P(det)@0.05 naive/cfar power_one_sided 0.123/0.123 power_two_sided 0.156/0.156 kurtosis 0.061/0.061 spec_cnn 0.068/0.068  (3s)
    JSR  -39.0 dB  BER 0.00e+00  PER 0.000  P(det)@0.05 naive/cfar power_one_sided 0.135/0.135 power_two_sided 0.158/0.158 kurtosis 0.041/0.041 spec_cnn 0.074/0.074  (3s)
    JSR  -38.0 dB  BER 0.00e+00  PER 0.000  P(det)@0.05 naive/cfar power_one_sided 0.160/0.160 power_two_sided 0.188/0.188 kurtosis 0.049/0.049 spec_cnn 0.076/0.076  (4s)
    JSR  -37.0 dB  BER 0.00e+00  PER 0.000  P(det)@0.05 naive/cfar power_one_sided 0.174/0.174 power_two_sided 0.203/0.203 kurtosis 0.057/0.057 spec_cnn 0.119/0.119  (4s)
    JSR  -36.0 dB  BER 0.00e+00  PER 0.000  P(det)@0.05 naive/cfar power_one_sided 0.189/0.189 power_two_sided 0.238/0.238 kurtosis 0.072/0.072 spec_cnn 0.115/0.115  (4s)
    JSR  -35.0 dB  BER 0.00e+00  PER 0.000  P(det)@0.05 naive/cfar power_one_sided 0.238/0.238 power_two_sided 0.285/0.285 kurtosis 0.041/0.041 spec_cnn 0.141/0.141  (4s)
    JSR  -34.0 dB  BER 0.00e+00  PER 0.000  P(det)@0.05 naive/cfar power_one_sided 0.277/0.277 power_two_sided 0.363/0.363 kurtosis 0.057/0.057 spec_cnn 0.127/0.127  (5s)
    JSR  -33.0 dB  BER 0.00e+00  PER 0.000  P(det)@0.05 naive/cfar power_one_sided 0.262/0.262 power_two_sided 0.373/0.373 kurtosis 0.055/0.055 spec_cnn 0.178/0.178  (5s)
    JSR  -32.0 dB  BER 0.00e+00  PER 0.000  P(det)@0.05 naive/cfar power_one_sided 0.291/0.291 power_two_sided 0.418/0.418 kurtosis 0.059/0.059 spec_cnn 0.209/0.209  (5s)
    JSR  -31.0 dB  BER 0.00e+00  PER 0.000  P(det)@0.05 naive/cfar power_one_sided 0.369/0.369 power_two_sided 0.482/0.482 kurtosis 0.053/0.053 spec_cnn 0.279/0.279  (5s)
    JSR  -30.0 dB  BER 0.00e+00  PER 0.000  P(det)@0.05 naive/cfar power_one_sided 0.373/0.373 power_two_sided 0.525/0.525 kurtosis 0.047/0.047 spec_cnn 0.307/0.307  (6s)
    JSR  -29.0 dB  BER 0.00e+00  PER 0.000  P(det)@0.05 naive/cfar power_one_sided 0.432/0.432 power_two_sided 0.539/0.539 kurtosis 0.037/0.037 spec_cnn 0.393/0.393  (6s)
    JSR  -28.0 dB  BER 0.00e+00  PER 0.000  P(det)@0.05 naive/cfar power_one_sided 0.443/0.443 power_two_sided 0.613/0.613 kurtosis 0.039/0.039 spec_cnn 0.471/0.471  (6s)
    JSR  -27.0 dB  BER 0.00e+00  PER 0.000  P(det)@0.05 naive/cfar power_one_sided 0.502/0.502 power_two_sided 0.668/0.668 kurtosis 0.043/0.043 spec_cnn 0.500/0.500  (7s)
    JSR  -26.0 dB  BER 0.00e+00  PER 0.000  P(det)@0.05 naive/cfar power_one_sided 0.529/0.529 power_two_sided 0.666/0.666 kurtosis 0.041/0.041 spec_cnn 0.580/0.580  (7s)
    JSR  -25.0 dB  BER 0.00e+00  PER 0.000  P(det)@0.05 naive/cfar power_one_sided 0.588/0.588 power_two_sided 0.727/0.727 kurtosis 0.070/0.070 spec_cnn 0.623/0.623  (7s)
    JSR  -24.0 dB  BER 0.00e+00  PER 0.000  P(det)@0.05 naive/cfar power_one_sided 0.631/0.631 power_two_sided 0.746/0.746 kurtosis 0.049/0.049 spec_cnn 0.686/0.686  (7s)
    JSR  -23.0 dB  BER 0.00e+00  PER 0.000  P(det)@0.05 naive/cfar power_one_sided 0.635/0.635 power_two_sided 0.783/0.783 kurtosis 0.061/0.061 spec_cnn 0.709/0.709  (8s)
    JSR  -22.0 dB  BER 0.00e+00  PER 0.000  P(det)@0.05 naive/cfar power_one_sided 0.684/0.684 power_two_sided 0.844/0.844 kurtosis 0.080/0.080 spec_cnn 0.746/0.746  (8s)
    JSR  -21.0 dB  BER 0.00e+00  PER 0.000  P(det)@0.05 naive/cfar power_one_sided 0.721/0.721 power_two_sided 0.863/0.863 kurtosis 0.098/0.098 spec_cnn 0.762/0.762  (8s)
    JSR  -20.0 dB  BER 0.00e+00  PER 0.000  P(det)@0.05 naive/cfar power_one_sided 0.738/0.738 power_two_sided 0.867/0.867 kurtosis 0.094/0.094 spec_cnn 0.797/0.797  (8s)
    JSR  -19.0 dB  BER 0.00e+00  PER 0.000  P(det)@0.05 naive/cfar power_one_sided 0.768/0.768 power_two_sided 0.889/0.889 kurtosis 0.143/0.143 spec_cnn 0.791/0.791  (9s)
    JSR  -18.0 dB  BER 0.00e+00  PER 0.000  P(det)@0.05 naive/cfar power_one_sided 0.871/0.871 power_two_sided 0.941/0.941 kurtosis 0.160/0.160 spec_cnn 0.803/0.803  (9s)
    JSR  -17.0 dB  BER 0.00e+00  PER 0.000  P(det)@0.05 naive/cfar power_one_sided 0.904/0.904 power_two_sided 0.953/0.953 kurtosis 0.240/0.240 spec_cnn 0.836/0.836  (9s)
    JSR  -16.0 dB  BER 0.00e+00  PER 0.000  P(det)@0.05 naive/cfar power_one_sided 0.928/0.928 power_two_sided 0.963/0.963 kurtosis 0.318/0.318 spec_cnn 0.881/0.881  (10s)
    JSR  -15.0 dB  BER 0.00e+00  PER 0.000  P(det)@0.05 naive/cfar power_one_sided 0.932/0.932 power_two_sided 0.980/0.980 kurtosis 0.449/0.449 spec_cnn 0.887/0.887  (10s)
    JSR  -14.0 dB  BER 0.00e+00  PER 0.000  P(det)@0.05 naive/cfar power_one_sided 0.939/0.939 power_two_sided 0.975/0.975 kurtosis 0.621/0.621 spec_cnn 0.881/0.881  (10s)
    JSR  -13.0 dB  BER 0.00e+00  PER 0.000  P(det)@0.05 naive/cfar power_one_sided 0.984/0.984 power_two_sided 0.990/0.990 kurtosis 0.779/0.779 spec_cnn 0.930/0.930  (10s)
    JSR  -12.0 dB  BER 0.00e+00  PER 0.000  P(det)@0.05 naive/cfar power_one_sided 0.994/0.994 power_two_sided 1.000/1.000 kurtosis 0.930/0.930 spec_cnn 0.941/0.941  (11s)
    JSR  -11.0 dB  BER 0.00e+00  PER 0.000  P(det)@0.05 naive/cfar power_one_sided 0.994/0.994 power_two_sided 0.996/0.996 kurtosis 0.984/0.984 spec_cnn 0.930/0.930  (11s)
    JSR  -10.0 dB  BER 2.29e-05  PER 0.006  P(det)@0.05 naive/cfar power_one_sided 1.000/1.000 power_two_sided 1.000/1.000 kurtosis 0.998/0.998 spec_cnn 0.961/0.961  (11s)
    JSR   -9.0 dB  BER 1.91e-04  PER 0.043  P(det)@0.05 naive/cfar power_one_sided 0.998/0.998 power_two_sided 0.998/0.998 kurtosis 0.998/0.998 spec_cnn 0.977/0.977  (11s)
    JSR   -8.0 dB  BER 1.21e-03  PER 0.195  P(det)@0.05 naive/cfar power_one_sided 1.000/1.000 power_two_sided 1.000/1.000 kurtosis 1.000/1.000 spec_cnn 0.984/0.984  (12s)
    JSR   -7.0 dB  BER 4.95e-03  PER 0.508  P(det)@0.05 naive/cfar power_one_sided 1.000/1.000 power_two_sided 1.000/1.000 kurtosis 1.000/1.000 spec_cnn 0.988/0.988  (12s)
    JSR   -6.0 dB  BER 1.87e-02  PER 0.818  P(det)@0.05 naive/cfar power_one_sided 1.000/1.000 power_two_sided 1.000/1.000 kurtosis 1.000/1.000 spec_cnn 0.994/0.994  (12s)
    JSR   -5.0 dB  BER 4.28e-02  PER 0.938  P(det)@0.05 naive/cfar power_one_sided 1.000/1.000 power_two_sided 1.000/1.000 kurtosis 1.000/1.000 spec_cnn 1.000/1.000  (13s)
    JSR   -4.0 dB  BER 7.07e-02  PER 0.982  P(det)@0.05 naive/cfar power_one_sided 1.000/1.000 power_two_sided 1.000/1.000 kurtosis 1.000/1.000 spec_cnn 1.000/1.000  (13s)
    JSR   -3.0 dB  BER 9.65e-02  PER 0.998  P(det)@0.05 naive/cfar power_one_sided 1.000/1.000 power_two_sided 1.000/1.000 kurtosis 1.000/1.000 spec_cnn 1.000/1.000  (13s)
    JSR   -2.0 dB  BER 1.17e-01  PER 1.000  P(det)@0.05 naive/cfar power_one_sided 1.000/1.000 power_two_sided 1.000/1.000 kurtosis 1.000/1.000 spec_cnn 1.000/1.000  (13s)
    JSR   -1.0 dB  BER 1.34e-01  PER 1.000  P(det)@0.05 naive/cfar power_one_sided 1.000/1.000 power_two_sided 1.000/1.000 kurtosis 1.000/1.000 spec_cnn 1.000/1.000  (14s)
    JSR   +0.0 dB  BER 1.54e-01  PER 1.000  P(det)@0.05 naive/cfar power_one_sided 1.000/1.000 power_two_sided 1.000/1.000 kurtosis 1.000/1.000 spec_cnn 1.000/1.000  (14s)
    JSR   +1.0 dB  BER 1.72e-01  PER 1.000  P(det)@0.05 naive/cfar power_one_sided 1.000/1.000 power_two_sided 1.000/1.000 kurtosis 1.000/1.000 spec_cnn 1.000/1.000  (14s)
    JSR   +2.0 dB  BER 1.86e-01  PER 1.000  P(det)@0.05 naive/cfar power_one_sided 1.000/1.000 power_two_sided 1.000/1.000 kurtosis 1.000/1.000 spec_cnn 1.000/1.000  (14s)
    JSR   +3.0 dB  BER 1.98e-01  PER 1.000  P(det)@0.05 naive/cfar power_one_sided 1.000/1.000 power_two_sided 1.000/1.000 kurtosis 1.000/1.000 spec_cnn 1.000/1.000  (15s)
    JSR   +4.0 dB  BER 2.12e-01  PER 1.000  P(det)@0.05 naive/cfar power_one_sided 1.000/1.000 power_two_sided 1.000/1.000 kurtosis 1.000/1.000 spec_cnn 1.000/1.000  (15s)
    JSR   +5.0 dB  BER 2.30e-01  PER 1.000  P(det)@0.05 naive/cfar power_one_sided 1.000/1.000 power_two_sided 1.000/1.000 kurtosis 1.000/1.000 spec_cnn 1.000/1.000  (15s)
    JSR   +6.0 dB  BER 2.41e-01  PER 1.000  P(det)@0.05 naive/cfar power_one_sided 1.000/1.000 power_two_sided 1.000/1.000 kurtosis 1.000/1.000 spec_cnn 1.000/1.000  (16s)
    JSR   +7.0 dB  BER 2.52e-01  PER 1.000  P(det)@0.05 naive/cfar power_one_sided 1.000/1.000 power_two_sided 1.000/1.000 kurtosis 1.000/1.000 spec_cnn 1.000/1.000  (16s)
    JSR   +8.0 dB  BER 2.62e-01  PER 1.000  P(det)@0.05 naive/cfar power_one_sided 1.000/1.000 power_two_sided 1.000/1.000 kurtosis 1.000/1.000 spec_cnn 1.000/1.000  (16s)
    JSR   +9.0 dB  BER 2.79e-01  PER 1.000  P(det)@0.05 naive/cfar power_one_sided 1.000/1.000 power_two_sided 1.000/1.000 kurtosis 1.000/1.000 spec_cnn 1.000/1.000  (16s)
    JSR  +10.0 dB  BER 2.91e-01  PER 1.000  P(det)@0.05 naive/cfar power_one_sided 1.000/1.000 power_two_sided 1.000/1.000 kurtosis 1.000/1.000 spec_cnn 1.000/1.000  (17s)
    JSR  +11.0 dB  BER 2.94e-01  PER 1.000  P(det)@0.05 naive/cfar power_one_sided 1.000/1.000 power_two_sided 1.000/1.000 kurtosis 1.000/1.000 spec_cnn 1.000/1.000  (17s)
    JSR  +12.0 dB  BER 3.10e-01  PER 1.000  P(det)@0.05 naive/cfar power_one_sided 1.000/1.000 power_two_sided 1.000/1.000 kurtosis 1.000/1.000 spec_cnn 1.000/1.000  (17s)
    JSR  +13.0 dB  BER 3.18e-01  PER 1.000  P(det)@0.05 naive/cfar power_one_sided 1.000/1.000 power_two_sided 1.000/1.000 kurtosis 1.000/1.000 spec_cnn 1.000/1.000  (17s)
    JSR  +14.0 dB  BER 3.29e-01  PER 1.000  P(det)@0.05 naive/cfar power_one_sided 1.000/1.000 power_two_sided 1.000/1.000 kurtosis 1.000/1.000 spec_cnn 1.000/1.000  (18s)
    JSR  +15.0 dB  BER 3.42e-01  PER 1.000  P(det)@0.05 naive/cfar power_one_sided 1.000/1.000 power_two_sided 1.000/1.000 kurtosis 1.000/1.000 spec_cnn 1.000/1.000  (18s)
  [snr_30_unc_0] classical pulsed_p0.25
    JSR  -50.0 dB  BER 0.00e+00  PER 0.000  P(det)@0.05 naive/cfar power_one_sided 0.064/0.064 power_two_sided 0.062/0.062 kurtosis 0.047/0.047 spec_cnn 0.049/0.049  (0s)
    JSR  -49.0 dB  BER 0.00e+00  PER 0.000  P(det)@0.05 naive/cfar power_one_sided 0.055/0.055 power_two_sided 0.064/0.064 kurtosis 0.057/0.057 spec_cnn 0.039/0.039  (1s)
    JSR  -48.0 dB  BER 0.00e+00  PER 0.000  P(det)@0.05 naive/cfar power_one_sided 0.053/0.053 power_two_sided 0.066/0.066 kurtosis 0.029/0.029 spec_cnn 0.059/0.059  (1s)
    JSR  -47.0 dB  BER 0.00e+00  PER 0.000  P(det)@0.05 naive/cfar power_one_sided 0.066/0.066 power_two_sided 0.062/0.062 kurtosis 0.039/0.039 spec_cnn 0.062/0.062  (1s)
    JSR  -46.0 dB  BER 0.00e+00  PER 0.000  P(det)@0.05 naive/cfar power_one_sided 0.068/0.068 power_two_sided 0.074/0.074 kurtosis 0.057/0.057 spec_cnn 0.039/0.039  (1s)
    JSR  -45.0 dB  BER 0.00e+00  PER 0.000  P(det)@0.05 naive/cfar power_one_sided 0.062/0.062 power_two_sided 0.074/0.074 kurtosis 0.053/0.053 spec_cnn 0.049/0.049  (2s)
    JSR  -44.0 dB  BER 0.00e+00  PER 0.000  P(det)@0.05 naive/cfar power_one_sided 0.061/0.061 power_two_sided 0.080/0.080 kurtosis 0.039/0.039 spec_cnn 0.039/0.039  (2s)
    JSR  -43.0 dB  BER 0.00e+00  PER 0.000  P(det)@0.05 naive/cfar power_one_sided 0.080/0.080 power_two_sided 0.084/0.084 kurtosis 0.076/0.076 spec_cnn 0.055/0.055  (2s)
    JSR  -42.0 dB  BER 0.00e+00  PER 0.000  P(det)@0.05 naive/cfar power_one_sided 0.092/0.092 power_two_sided 0.133/0.133 kurtosis 0.057/0.057 spec_cnn 0.031/0.031  (2s)
    JSR  -41.0 dB  BER 0.00e+00  PER 0.000  P(det)@0.05 naive/cfar power_one_sided 0.105/0.105 power_two_sided 0.123/0.123 kurtosis 0.041/0.041 spec_cnn 0.066/0.066  (3s)
    JSR  -40.0 dB  BER 0.00e+00  PER 0.000  P(det)@0.05 naive/cfar power_one_sided 0.090/0.090 power_two_sided 0.139/0.139 kurtosis 0.055/0.055 spec_cnn 0.051/0.051  (3s)
    JSR  -39.0 dB  BER 0.00e+00  PER 0.000  P(det)@0.05 naive/cfar power_one_sided 0.133/0.133 power_two_sided 0.162/0.162 kurtosis 0.059/0.059 spec_cnn 0.086/0.086  (3s)
    JSR  -38.0 dB  BER 0.00e+00  PER 0.000  P(det)@0.05 naive/cfar power_one_sided 0.172/0.172 power_two_sided 0.197/0.197 kurtosis 0.037/0.037 spec_cnn 0.094/0.094  (4s)
    JSR  -37.0 dB  BER 0.00e+00  PER 0.000  P(det)@0.05 naive/cfar power_one_sided 0.191/0.191 power_two_sided 0.223/0.223 kurtosis 0.066/0.066 spec_cnn 0.107/0.107  (4s)
    JSR  -36.0 dB  BER 0.00e+00  PER 0.000  P(det)@0.05 naive/cfar power_one_sided 0.221/0.221 power_two_sided 0.260/0.260 kurtosis 0.062/0.062 spec_cnn 0.123/0.123  (4s)
    JSR  -35.0 dB  BER 0.00e+00  PER 0.000  P(det)@0.05 naive/cfar power_one_sided 0.221/0.221 power_two_sided 0.258/0.258 kurtosis 0.039/0.039 spec_cnn 0.156/0.156  (4s)
    JSR  -34.0 dB  BER 0.00e+00  PER 0.000  P(det)@0.05 naive/cfar power_one_sided 0.229/0.229 power_two_sided 0.301/0.301 kurtosis 0.041/0.041 spec_cnn 0.170/0.170  (5s)
    JSR  -33.0 dB  BER 0.00e+00  PER 0.000  P(det)@0.05 naive/cfar power_one_sided 0.270/0.270 power_two_sided 0.363/0.363 kurtosis 0.057/0.057 spec_cnn 0.178/0.178  (5s)
    JSR  -32.0 dB  BER 0.00e+00  PER 0.000  P(det)@0.05 naive/cfar power_one_sided 0.328/0.328 power_two_sided 0.438/0.438 kurtosis 0.055/0.055 spec_cnn 0.240/0.240  (5s)
    JSR  -31.0 dB  BER 0.00e+00  PER 0.000  P(det)@0.05 naive/cfar power_one_sided 0.350/0.350 power_two_sided 0.426/0.426 kurtosis 0.033/0.033 spec_cnn 0.227/0.227  (5s)
    JSR  -30.0 dB  BER 0.00e+00  PER 0.000  P(det)@0.05 naive/cfar power_one_sided 0.389/0.389 power_two_sided 0.545/0.545 kurtosis 0.037/0.037 spec_cnn 0.281/0.281  (6s)
    JSR  -29.0 dB  BER 0.00e+00  PER 0.000  P(det)@0.05 naive/cfar power_one_sided 0.432/0.432 power_two_sided 0.553/0.553 kurtosis 0.057/0.057 spec_cnn 0.373/0.373  (6s)
    JSR  -28.0 dB  BER 0.00e+00  PER 0.000  P(det)@0.05 naive/cfar power_one_sided 0.453/0.453 power_two_sided 0.611/0.611 kurtosis 0.059/0.059 spec_cnn 0.387/0.387  (6s)
    JSR  -27.0 dB  BER 0.00e+00  PER 0.000  P(det)@0.05 naive/cfar power_one_sided 0.527/0.527 power_two_sided 0.674/0.674 kurtosis 0.055/0.055 spec_cnn 0.449/0.449  (7s)
    JSR  -26.0 dB  BER 0.00e+00  PER 0.000  P(det)@0.05 naive/cfar power_one_sided 0.479/0.479 power_two_sided 0.648/0.648 kurtosis 0.047/0.047 spec_cnn 0.479/0.479  (7s)
    JSR  -25.0 dB  BER 0.00e+00  PER 0.000  P(det)@0.05 naive/cfar power_one_sided 0.588/0.588 power_two_sided 0.742/0.742 kurtosis 0.074/0.074 spec_cnn 0.492/0.492  (7s)
    JSR  -24.0 dB  BER 0.00e+00  PER 0.000  P(det)@0.05 naive/cfar power_one_sided 0.633/0.633 power_two_sided 0.768/0.768 kurtosis 0.049/0.049 spec_cnn 0.531/0.531  (7s)
    JSR  -23.0 dB  BER 0.00e+00  PER 0.000  P(det)@0.05 naive/cfar power_one_sided 0.639/0.639 power_two_sided 0.809/0.809 kurtosis 0.068/0.068 spec_cnn 0.547/0.547  (8s)
    JSR  -22.0 dB  BER 0.00e+00  PER 0.000  P(det)@0.05 naive/cfar power_one_sided 0.707/0.707 power_two_sided 0.873/0.873 kurtosis 0.076/0.076 spec_cnn 0.549/0.549  (8s)
    JSR  -21.0 dB  BER 0.00e+00  PER 0.000  P(det)@0.05 naive/cfar power_one_sided 0.744/0.744 power_two_sided 0.867/0.867 kurtosis 0.070/0.070 spec_cnn 0.604/0.604  (8s)
    JSR  -20.0 dB  BER 0.00e+00  PER 0.000  P(det)@0.05 naive/cfar power_one_sided 0.756/0.756 power_two_sided 0.869/0.869 kurtosis 0.094/0.094 spec_cnn 0.611/0.611  (8s)
    JSR  -19.0 dB  BER 0.00e+00  PER 0.000  P(det)@0.05 naive/cfar power_one_sided 0.762/0.762 power_two_sided 0.895/0.895 kurtosis 0.143/0.143 spec_cnn 0.615/0.615  (9s)
    JSR  -18.0 dB  BER 0.00e+00  PER 0.000  P(det)@0.05 naive/cfar power_one_sided 0.869/0.869 power_two_sided 0.926/0.926 kurtosis 0.186/0.186 spec_cnn 0.656/0.656  (9s)
    JSR  -17.0 dB  BER 0.00e+00  PER 0.000  P(det)@0.05 naive/cfar power_one_sided 0.895/0.895 power_two_sided 0.951/0.951 kurtosis 0.268/0.268 spec_cnn 0.676/0.676  (9s)
    JSR  -16.0 dB  BER 0.00e+00  PER 0.000  P(det)@0.05 naive/cfar power_one_sided 0.904/0.904 power_two_sided 0.963/0.963 kurtosis 0.412/0.412 spec_cnn 0.695/0.695  (10s)
    JSR  -15.0 dB  BER 0.00e+00  PER 0.000  P(det)@0.05 naive/cfar power_one_sided 0.947/0.947 power_two_sided 0.967/0.967 kurtosis 0.523/0.523 spec_cnn 0.734/0.734  (10s)
    JSR  -14.0 dB  BER 0.00e+00  PER 0.000  P(det)@0.05 naive/cfar power_one_sided 0.965/0.965 power_two_sided 0.980/0.980 kurtosis 0.723/0.723 spec_cnn 0.715/0.715  (10s)
    JSR  -13.0 dB  BER 0.00e+00  PER 0.000  P(det)@0.05 naive/cfar power_one_sided 0.971/0.971 power_two_sided 0.988/0.988 kurtosis 0.848/0.848 spec_cnn 0.783/0.783  (10s)
    JSR  -12.0 dB  BER 3.81e-05  PER 0.010  P(det)@0.05 naive/cfar power_one_sided 0.994/0.994 power_two_sided 0.996/0.996 kurtosis 0.949/0.949 spec_cnn 0.795/0.795  (11s)
    JSR  -11.0 dB  BER 2.44e-04  PER 0.057  P(det)@0.05 naive/cfar power_one_sided 0.992/0.992 power_two_sided 0.998/0.998 kurtosis 0.982/0.982 spec_cnn 0.793/0.793  (11s)
    JSR  -10.0 dB  BER 1.53e-03  PER 0.221  P(det)@0.05 naive/cfar power_one_sided 1.000/1.000 power_two_sided 1.000/1.000 kurtosis 0.998/0.998 spec_cnn 0.877/0.877  (11s)
    JSR   -9.0 dB  BER 7.54e-03  PER 0.547  P(det)@0.05 naive/cfar power_one_sided 1.000/1.000 power_two_sided 1.000/1.000 kurtosis 1.000/1.000 spec_cnn 0.893/0.893  (11s)
    JSR   -8.0 dB  BER 1.87e-02  PER 0.818  P(det)@0.05 naive/cfar power_one_sided 1.000/1.000 power_two_sided 1.000/1.000 kurtosis 1.000/1.000 spec_cnn 0.912/0.912  (12s)
    JSR   -7.0 dB  BER 3.21e-02  PER 0.971  P(det)@0.05 naive/cfar power_one_sided 1.000/1.000 power_two_sided 1.000/1.000 kurtosis 1.000/1.000 spec_cnn 0.936/0.936  (12s)
    JSR   -6.0 dB  BER 4.53e-02  PER 0.996  P(det)@0.05 naive/cfar power_one_sided 1.000/1.000 power_two_sided 1.000/1.000 kurtosis 1.000/1.000 spec_cnn 0.982/0.982  (12s)
    JSR   -5.0 dB  BER 5.86e-02  PER 1.000  P(det)@0.05 naive/cfar power_one_sided 1.000/1.000 power_two_sided 1.000/1.000 kurtosis 1.000/1.000 spec_cnn 0.994/0.994  (13s)
    JSR   -4.0 dB  BER 6.78e-02  PER 1.000  P(det)@0.05 naive/cfar power_one_sided 1.000/1.000 power_two_sided 1.000/1.000 kurtosis 1.000/1.000 spec_cnn 0.994/0.994  (13s)
    JSR   -3.0 dB  BER 7.82e-02  PER 1.000  P(det)@0.05 naive/cfar power_one_sided 1.000/1.000 power_two_sided 1.000/1.000 kurtosis 1.000/1.000 spec_cnn 1.000/1.000  (13s)
    JSR   -2.0 dB  BER 8.85e-02  PER 1.000  P(det)@0.05 naive/cfar power_one_sided 1.000/1.000 power_two_sided 1.000/1.000 kurtosis 1.000/1.000 spec_cnn 1.000/1.000  (13s)
    JSR   -1.0 dB  BER 9.62e-02  PER 1.000  P(det)@0.05 naive/cfar power_one_sided 1.000/1.000 power_two_sided 1.000/1.000 kurtosis 1.000/1.000 spec_cnn 1.000/1.000  (14s)
    JSR   +0.0 dB  BER 1.05e-01  PER 1.000  P(det)@0.05 naive/cfar power_one_sided 1.000/1.000 power_two_sided 1.000/1.000 kurtosis 1.000/1.000 spec_cnn 1.000/1.000  (14s)
    JSR   +1.0 dB  BER 1.17e-01  PER 1.000  P(det)@0.05 naive/cfar power_one_sided 1.000/1.000 power_two_sided 1.000/1.000 kurtosis 1.000/1.000 spec_cnn 1.000/1.000  (14s)
    JSR   +2.0 dB  BER 1.20e-01  PER 1.000  P(det)@0.05 naive/cfar power_one_sided 1.000/1.000 power_two_sided 1.000/1.000 kurtosis 1.000/1.000 spec_cnn 1.000/1.000  (14s)
    JSR   +3.0 dB  BER 1.31e-01  PER 1.000  P(det)@0.05 naive/cfar power_one_sided 1.000/1.000 power_two_sided 1.000/1.000 kurtosis 1.000/1.000 spec_cnn 1.000/1.000  (15s)
    JSR   +4.0 dB  BER 1.34e-01  PER 1.000  P(det)@0.05 naive/cfar power_one_sided 1.000/1.000 power_two_sided 1.000/1.000 kurtosis 1.000/1.000 spec_cnn 1.000/1.000  (15s)
    JSR   +5.0 dB  BER 1.45e-01  PER 1.000  P(det)@0.05 naive/cfar power_one_sided 1.000/1.000 power_two_sided 1.000/1.000 kurtosis 1.000/1.000 spec_cnn 1.000/1.000  (15s)
    JSR   +6.0 dB  BER 1.55e-01  PER 1.000  P(det)@0.05 naive/cfar power_one_sided 1.000/1.000 power_two_sided 1.000/1.000 kurtosis 1.000/1.000 spec_cnn 1.000/1.000  (16s)
    JSR   +7.0 dB  BER 1.64e-01  PER 1.000  P(det)@0.05 naive/cfar power_one_sided 1.000/1.000 power_two_sided 1.000/1.000 kurtosis 1.000/1.000 spec_cnn 1.000/1.000  (16s)
    JSR   +8.0 dB  BER 1.77e-01  PER 1.000  P(det)@0.05 naive/cfar power_one_sided 1.000/1.000 power_two_sided 1.000/1.000 kurtosis 1.000/1.000 spec_cnn 1.000/1.000  (16s)
    JSR   +9.0 dB  BER 1.85e-01  PER 1.000  P(det)@0.05 naive/cfar power_one_sided 1.000/1.000 power_two_sided 1.000/1.000 kurtosis 1.000/1.000 spec_cnn 1.000/1.000  (16s)
    JSR  +10.0 dB  BER 1.97e-01  PER 1.000  P(det)@0.05 naive/cfar power_one_sided 1.000/1.000 power_two_sided 1.000/1.000 kurtosis 1.000/1.000 spec_cnn 1.000/1.000  (17s)
    JSR  +11.0 dB  BER 2.05e-01  PER 1.000  P(det)@0.05 naive/cfar power_one_sided 1.000/1.000 power_two_sided 1.000/1.000 kurtosis 1.000/1.000 spec_cnn 1.000/1.000  (17s)
    JSR  +12.0 dB  BER 2.21e-01  PER 1.000  P(det)@0.05 naive/cfar power_one_sided 1.000/1.000 power_two_sided 1.000/1.000 kurtosis 1.000/1.000 spec_cnn 1.000/1.000  (17s)
    JSR  +13.0 dB  BER 2.29e-01  PER 1.000  P(det)@0.05 naive/cfar power_one_sided 1.000/1.000 power_two_sided 1.000/1.000 kurtosis 1.000/1.000 spec_cnn 1.000/1.000  (17s)
    JSR  +14.0 dB  BER 2.43e-01  PER 1.000  P(det)@0.05 naive/cfar power_one_sided 1.000/1.000 power_two_sided 1.000/1.000 kurtosis 1.000/1.000 spec_cnn 1.000/1.000  (18s)
    JSR  +15.0 dB  BER 2.42e-01  PER 1.000  P(det)@0.05 naive/cfar power_one_sided 1.000/1.000 power_two_sided 1.000/1.000 kurtosis 1.000/1.000 spec_cnn 1.000/1.000  (18s)
  [snr_30_unc_0] classical pulsed_p0.1
    JSR  -50.0 dB  BER 0.00e+00  PER 0.000  P(det)@0.05 naive/cfar power_one_sided 0.068/0.068 power_two_sided 0.078/0.078 kurtosis 0.041/0.041 spec_cnn 0.045/0.045  (0s)
    JSR  -49.0 dB  BER 0.00e+00  PER 0.000  P(det)@0.05 naive/cfar power_one_sided 0.053/0.053 power_two_sided 0.070/0.070 kurtosis 0.031/0.031 spec_cnn 0.062/0.062  (1s)
    JSR  -48.0 dB  BER 0.00e+00  PER 0.000  P(det)@0.05 naive/cfar power_one_sided 0.074/0.074 power_two_sided 0.064/0.064 kurtosis 0.053/0.053 spec_cnn 0.049/0.049  (1s)
    JSR  -47.0 dB  BER 0.00e+00  PER 0.000  P(det)@0.05 naive/cfar power_one_sided 0.061/0.061 power_two_sided 0.066/0.066 kurtosis 0.045/0.045 spec_cnn 0.053/0.053  (1s)
    JSR  -46.0 dB  BER 0.00e+00  PER 0.000  P(det)@0.05 naive/cfar power_one_sided 0.066/0.066 power_two_sided 0.049/0.049 kurtosis 0.047/0.047 spec_cnn 0.051/0.051  (1s)
    JSR  -45.0 dB  BER 0.00e+00  PER 0.000  P(det)@0.05 naive/cfar power_one_sided 0.066/0.066 power_two_sided 0.074/0.074 kurtosis 0.057/0.057 spec_cnn 0.043/0.043  (2s)
    JSR  -44.0 dB  BER 0.00e+00  PER 0.000  P(det)@0.05 naive/cfar power_one_sided 0.080/0.080 power_two_sided 0.094/0.094 kurtosis 0.029/0.029 spec_cnn 0.061/0.061  (2s)
    JSR  -43.0 dB  BER 0.00e+00  PER 0.000  P(det)@0.05 naive/cfar power_one_sided 0.086/0.086 power_two_sided 0.098/0.098 kurtosis 0.049/0.049 spec_cnn 0.037/0.037  (2s)
    JSR  -42.0 dB  BER 0.00e+00  PER 0.000  P(det)@0.05 naive/cfar power_one_sided 0.104/0.104 power_two_sided 0.123/0.123 kurtosis 0.057/0.057 spec_cnn 0.057/0.057  (2s)
    JSR  -41.0 dB  BER 0.00e+00  PER 0.000  P(det)@0.05 naive/cfar power_one_sided 0.104/0.104 power_two_sided 0.113/0.113 kurtosis 0.039/0.039 spec_cnn 0.072/0.072  (3s)
    JSR  -40.0 dB  BER 0.00e+00  PER 0.000  P(det)@0.05 naive/cfar power_one_sided 0.104/0.104 power_two_sided 0.121/0.121 kurtosis 0.051/0.051 spec_cnn 0.078/0.078  (3s)
    JSR  -39.0 dB  BER 0.00e+00  PER 0.000  P(det)@0.05 naive/cfar power_one_sided 0.121/0.121 power_two_sided 0.162/0.162 kurtosis 0.035/0.035 spec_cnn 0.084/0.084  (3s)
    JSR  -38.0 dB  BER 0.00e+00  PER 0.000  P(det)@0.05 naive/cfar power_one_sided 0.145/0.145 power_two_sided 0.170/0.170 kurtosis 0.041/0.041 spec_cnn 0.109/0.109  (4s)
    JSR  -37.0 dB  BER 0.00e+00  PER 0.000  P(det)@0.05 naive/cfar power_one_sided 0.207/0.207 power_two_sided 0.252/0.252 kurtosis 0.059/0.059 spec_cnn 0.107/0.107  (4s)
    JSR  -36.0 dB  BER 0.00e+00  PER 0.000  P(det)@0.05 naive/cfar power_one_sided 0.193/0.193 power_two_sided 0.229/0.229 kurtosis 0.061/0.061 spec_cnn 0.125/0.125  (4s)
    JSR  -35.0 dB  BER 0.00e+00  PER 0.000  P(det)@0.05 naive/cfar power_one_sided 0.213/0.213 power_two_sided 0.275/0.275 kurtosis 0.066/0.066 spec_cnn 0.113/0.113  (4s)
    JSR  -34.0 dB  BER 0.00e+00  PER 0.000  P(det)@0.05 naive/cfar power_one_sided 0.303/0.303 power_two_sided 0.348/0.348 kurtosis 0.057/0.057 spec_cnn 0.154/0.154  (5s)
    JSR  -33.0 dB  BER 0.00e+00  PER 0.000  P(det)@0.05 naive/cfar power_one_sided 0.299/0.299 power_two_sided 0.381/0.381 kurtosis 0.053/0.053 spec_cnn 0.154/0.154  (5s)
    JSR  -32.0 dB  BER 0.00e+00  PER 0.000  P(det)@0.05 naive/cfar power_one_sided 0.299/0.299 power_two_sided 0.420/0.420 kurtosis 0.047/0.047 spec_cnn 0.227/0.227  (5s)
    JSR  -31.0 dB  BER 0.00e+00  PER 0.000  P(det)@0.05 naive/cfar power_one_sided 0.359/0.359 power_two_sided 0.477/0.477 kurtosis 0.055/0.055 spec_cnn 0.195/0.195  (5s)
    JSR  -30.0 dB  BER 0.00e+00  PER 0.000  P(det)@0.05 naive/cfar power_one_sided 0.396/0.396 power_two_sided 0.477/0.477 kurtosis 0.062/0.062 spec_cnn 0.203/0.203  (6s)
    JSR  -29.0 dB  BER 0.00e+00  PER 0.000  P(det)@0.05 naive/cfar power_one_sided 0.453/0.453 power_two_sided 0.541/0.541 kurtosis 0.053/0.053 spec_cnn 0.219/0.219  (6s)
    JSR  -28.0 dB  BER 0.00e+00  PER 0.000  P(det)@0.05 naive/cfar power_one_sided 0.465/0.465 power_two_sided 0.609/0.609 kurtosis 0.057/0.057 spec_cnn 0.244/0.244  (6s)
    JSR  -27.0 dB  BER 0.00e+00  PER 0.000  P(det)@0.05 naive/cfar power_one_sided 0.496/0.496 power_two_sided 0.646/0.646 kurtosis 0.051/0.051 spec_cnn 0.270/0.270  (7s)
    JSR  -26.0 dB  BER 0.00e+00  PER 0.000  P(det)@0.05 naive/cfar power_one_sided 0.547/0.547 power_two_sided 0.713/0.713 kurtosis 0.035/0.035 spec_cnn 0.277/0.277  (7s)
    JSR  -25.0 dB  BER 0.00e+00  PER 0.000  P(det)@0.05 naive/cfar power_one_sided 0.592/0.592 power_two_sided 0.738/0.738 kurtosis 0.043/0.043 spec_cnn 0.312/0.312  (7s)
    JSR  -24.0 dB  BER 0.00e+00  PER 0.000  P(det)@0.05 naive/cfar power_one_sided 0.600/0.600 power_two_sided 0.787/0.787 kurtosis 0.064/0.064 spec_cnn 0.318/0.318  (7s)
    JSR  -23.0 dB  BER 0.00e+00  PER 0.000  P(det)@0.05 naive/cfar power_one_sided 0.637/0.637 power_two_sided 0.809/0.809 kurtosis 0.059/0.059 spec_cnn 0.316/0.316  (8s)
    JSR  -22.0 dB  BER 0.00e+00  PER 0.000  P(det)@0.05 naive/cfar power_one_sided 0.693/0.693 power_two_sided 0.809/0.809 kurtosis 0.080/0.080 spec_cnn 0.340/0.340  (8s)
    JSR  -21.0 dB  BER 0.00e+00  PER 0.000  P(det)@0.05 naive/cfar power_one_sided 0.686/0.686 power_two_sided 0.855/0.855 kurtosis 0.090/0.090 spec_cnn 0.355/0.355  (8s)
    JSR  -20.0 dB  BER 0.00e+00  PER 0.000  P(det)@0.05 naive/cfar power_one_sided 0.766/0.766 power_two_sided 0.889/0.889 kurtosis 0.096/0.096 spec_cnn 0.371/0.371  (8s)
    JSR  -19.0 dB  BER 0.00e+00  PER 0.000  P(det)@0.05 naive/cfar power_one_sided 0.824/0.824 power_two_sided 0.904/0.904 kurtosis 0.162/0.162 spec_cnn 0.342/0.342  (9s)
    JSR  -18.0 dB  BER 0.00e+00  PER 0.000  P(det)@0.05 naive/cfar power_one_sided 0.840/0.840 power_two_sided 0.930/0.930 kurtosis 0.197/0.197 spec_cnn 0.336/0.336  (9s)
    JSR  -17.0 dB  BER 7.63e-06  PER 0.002  P(det)@0.05 naive/cfar power_one_sided 0.883/0.883 power_two_sided 0.947/0.947 kurtosis 0.281/0.281 spec_cnn 0.408/0.408  (9s)
    JSR  -16.0 dB  BER 1.53e-05  PER 0.002  P(det)@0.05 naive/cfar power_one_sided 0.920/0.920 power_two_sided 0.975/0.975 kurtosis 0.428/0.428 spec_cnn 0.385/0.385  (10s)
    JSR  -15.0 dB  BER 1.07e-04  PER 0.023  P(det)@0.05 naive/cfar power_one_sided 0.932/0.932 power_two_sided 0.957/0.957 kurtosis 0.584/0.584 spec_cnn 0.422/0.422  (10s)
    JSR  -14.0 dB  BER 9.84e-04  PER 0.098  P(det)@0.05 naive/cfar power_one_sided 0.955/0.955 power_two_sided 0.990/0.990 kurtosis 0.736/0.736 spec_cnn 0.426/0.426  (10s)
    JSR  -13.0 dB  BER 2.59e-03  PER 0.236  P(det)@0.05 naive/cfar power_one_sided 0.979/0.979 power_two_sided 0.990/0.990 kurtosis 0.867/0.867 spec_cnn 0.494/0.494  (10s)
    JSR  -12.0 dB  BER 6.51e-03  PER 0.482  P(det)@0.05 naive/cfar power_one_sided 0.996/0.996 power_two_sided 0.996/0.996 kurtosis 0.939/0.939 spec_cnn 0.543/0.543  (11s)
    JSR  -11.0 dB  BER 1.09e-02  PER 0.658  P(det)@0.05 naive/cfar power_one_sided 0.990/0.990 power_two_sided 0.998/0.998 kurtosis 0.990/0.990 spec_cnn 0.625/0.625  (11s)
    JSR  -10.0 dB  BER 1.71e-02  PER 0.857  P(det)@0.05 naive/cfar power_one_sided 1.000/1.000 power_two_sided 1.000/1.000 kurtosis 0.990/0.990 spec_cnn 0.666/0.666  (11s)
    JSR   -9.0 dB  BER 2.14e-02  PER 0.955  P(det)@0.05 naive/cfar power_one_sided 1.000/1.000 power_two_sided 1.000/1.000 kurtosis 1.000/1.000 spec_cnn 0.742/0.742  (11s)
    JSR   -8.0 dB  BER 2.66e-02  PER 0.986  P(det)@0.05 naive/cfar power_one_sided 1.000/1.000 power_two_sided 1.000/1.000 kurtosis 1.000/1.000 spec_cnn 0.799/0.799  (12s)
    JSR   -7.0 dB  BER 3.11e-02  PER 0.998  P(det)@0.05 naive/cfar power_one_sided 1.000/1.000 power_two_sided 1.000/1.000 kurtosis 1.000/1.000 spec_cnn 0.867/0.867  (12s)
    JSR   -6.0 dB  BER 3.59e-02  PER 1.000  P(det)@0.05 naive/cfar power_one_sided 1.000/1.000 power_two_sided 1.000/1.000 kurtosis 1.000/1.000 spec_cnn 0.924/0.924  (12s)
    JSR   -5.0 dB  BER 3.94e-02  PER 1.000  P(det)@0.05 naive/cfar power_one_sided 1.000/1.000 power_two_sided 1.000/1.000 kurtosis 1.000/1.000 spec_cnn 0.971/0.971  (13s)
    JSR   -4.0 dB  BER 4.44e-02  PER 1.000  P(det)@0.05 naive/cfar power_one_sided 1.000/1.000 power_two_sided 1.000/1.000 kurtosis 1.000/1.000 spec_cnn 0.988/0.988  (13s)
    JSR   -3.0 dB  BER 4.66e-02  PER 1.000  P(det)@0.05 naive/cfar power_one_sided 1.000/1.000 power_two_sided 1.000/1.000 kurtosis 1.000/1.000 spec_cnn 1.000/1.000  (13s)
    JSR   -2.0 dB  BER 5.19e-02  PER 1.000  P(det)@0.05 naive/cfar power_one_sided 1.000/1.000 power_two_sided 1.000/1.000 kurtosis 1.000/1.000 spec_cnn 1.000/1.000  (13s)
    JSR   -1.0 dB  BER 5.21e-02  PER 0.998  P(det)@0.05 naive/cfar power_one_sided 1.000/1.000 power_two_sided 1.000/1.000 kurtosis 1.000/1.000 spec_cnn 1.000/1.000  (14s)
    JSR   +0.0 dB  BER 5.74e-02  PER 1.000  P(det)@0.05 naive/cfar power_one_sided 1.000/1.000 power_two_sided 1.000/1.000 kurtosis 1.000/1.000 spec_cnn 1.000/1.000  (14s)
    JSR   +1.0 dB  BER 5.92e-02  PER 1.000  P(det)@0.05 naive/cfar power_one_sided 1.000/1.000 power_two_sided 1.000/1.000 kurtosis 1.000/1.000 spec_cnn 1.000/1.000  (14s)
    JSR   +2.0 dB  BER 6.69e-02  PER 1.000  P(det)@0.05 naive/cfar power_one_sided 1.000/1.000 power_two_sided 1.000/1.000 kurtosis 1.000/1.000 spec_cnn 1.000/1.000  (14s)
    JSR   +3.0 dB  BER 7.06e-02  PER 0.998  P(det)@0.05 naive/cfar power_one_sided 1.000/1.000 power_two_sided 1.000/1.000 kurtosis 1.000/1.000 spec_cnn 1.000/1.000  (15s)
    JSR   +4.0 dB  BER 7.76e-02  PER 1.000  P(det)@0.05 naive/cfar power_one_sided 1.000/1.000 power_two_sided 1.000/1.000 kurtosis 1.000/1.000 spec_cnn 1.000/1.000  (15s)
    JSR   +5.0 dB  BER 8.35e-02  PER 1.000  P(det)@0.05 naive/cfar power_one_sided 1.000/1.000 power_two_sided 1.000/1.000 kurtosis 1.000/1.000 spec_cnn 1.000/1.000  (15s)
    JSR   +6.0 dB  BER 8.47e-02  PER 1.000  P(det)@0.05 naive/cfar power_one_sided 1.000/1.000 power_two_sided 1.000/1.000 kurtosis 1.000/1.000 spec_cnn 1.000/1.000  (16s)
    JSR   +7.0 dB  BER 9.64e-02  PER 1.000  P(det)@0.05 naive/cfar power_one_sided 1.000/1.000 power_two_sided 1.000/1.000 kurtosis 1.000/1.000 spec_cnn 1.000/1.000  (16s)
    JSR   +8.0 dB  BER 1.03e-01  PER 1.000  P(det)@0.05 naive/cfar power_one_sided 1.000/1.000 power_two_sided 1.000/1.000 kurtosis 1.000/1.000 spec_cnn 1.000/1.000  (16s)
    JSR   +9.0 dB  BER 1.06e-01  PER 1.000  P(det)@0.05 naive/cfar power_one_sided 1.000/1.000 power_two_sided 1.000/1.000 kurtosis 1.000/1.000 spec_cnn 1.000/1.000  (16s)
    JSR  +10.0 dB  BER 1.15e-01  PER 1.000  P(det)@0.05 naive/cfar power_one_sided 1.000/1.000 power_two_sided 1.000/1.000 kurtosis 1.000/1.000 spec_cnn 1.000/1.000  (17s)
    JSR  +11.0 dB  BER 1.19e-01  PER 1.000  P(det)@0.05 naive/cfar power_one_sided 1.000/1.000 power_two_sided 1.000/1.000 kurtosis 1.000/1.000 spec_cnn 1.000/1.000  (17s)
    JSR  +12.0 dB  BER 1.28e-01  PER 1.000  P(det)@0.05 naive/cfar power_one_sided 1.000/1.000 power_two_sided 1.000/1.000 kurtosis 1.000/1.000 spec_cnn 1.000/1.000  (17s)
    JSR  +13.0 dB  BER 1.33e-01  PER 1.000  P(det)@0.05 naive/cfar power_one_sided 1.000/1.000 power_two_sided 1.000/1.000 kurtosis 1.000/1.000 spec_cnn 1.000/1.000  (17s)
    JSR  +14.0 dB  BER 1.37e-01  PER 1.000  P(det)@0.05 naive/cfar power_one_sided 1.000/1.000 power_two_sided 1.000/1.000 kurtosis 1.000/1.000 spec_cnn 1.000/1.000  (18s)
    JSR  +15.0 dB  BER 1.44e-01  PER 1.000  P(det)@0.05 naive/cfar power_one_sided 1.000/1.000 power_two_sided 1.000/1.000 kurtosis 1.000/1.000 spec_cnn 1.000/1.000  (18s)
  [snr_30_unc_0] classical omniscient_e0.1
    JSR  -50.0 dB  BER 0.00e+00  PER 0.000  P(det)@0.05 naive/cfar power_one_sided 0.051/0.051 power_two_sided 0.033/0.033 kurtosis 0.055/0.055 spec_cnn 0.074/0.074  (0s)
    JSR  -49.0 dB  BER 0.00e+00  PER 0.000  P(det)@0.05 naive/cfar power_one_sided 0.064/0.064 power_two_sided 0.051/0.051 kurtosis 0.047/0.047 spec_cnn 0.055/0.055  (1s)
    JSR  -48.0 dB  BER 0.00e+00  PER 0.000  P(det)@0.05 naive/cfar power_one_sided 0.039/0.039 power_two_sided 0.039/0.039 kurtosis 0.041/0.041 spec_cnn 0.043/0.043  (1s)
    JSR  -47.0 dB  BER 0.00e+00  PER 0.000  P(det)@0.05 naive/cfar power_one_sided 0.049/0.049 power_two_sided 0.037/0.037 kurtosis 0.037/0.037 spec_cnn 0.029/0.029  (1s)
    JSR  -46.0 dB  BER 0.00e+00  PER 0.000  P(det)@0.05 naive/cfar power_one_sided 0.041/0.041 power_two_sided 0.037/0.037 kurtosis 0.045/0.045 spec_cnn 0.037/0.037  (1s)
    JSR  -45.0 dB  BER 0.00e+00  PER 0.000  P(det)@0.05 naive/cfar power_one_sided 0.062/0.062 power_two_sided 0.049/0.049 kurtosis 0.057/0.057 spec_cnn 0.049/0.049  (2s)
    JSR  -44.0 dB  BER 0.00e+00  PER 0.000  P(det)@0.05 naive/cfar power_one_sided 0.055/0.055 power_two_sided 0.053/0.053 kurtosis 0.045/0.045 spec_cnn 0.064/0.064  (2s)
    JSR  -43.0 dB  BER 0.00e+00  PER 0.000  P(det)@0.05 naive/cfar power_one_sided 0.062/0.062 power_two_sided 0.047/0.047 kurtosis 0.049/0.049 spec_cnn 0.041/0.041  (2s)
    JSR  -42.0 dB  BER 0.00e+00  PER 0.000  P(det)@0.05 naive/cfar power_one_sided 0.066/0.066 power_two_sided 0.062/0.062 kurtosis 0.053/0.053 spec_cnn 0.053/0.053  (2s)
    JSR  -41.0 dB  BER 0.00e+00  PER 0.000  P(det)@0.05 naive/cfar power_one_sided 0.064/0.064 power_two_sided 0.053/0.053 kurtosis 0.047/0.047 spec_cnn 0.031/0.031  (3s)
    JSR  -40.0 dB  BER 0.00e+00  PER 0.000  P(det)@0.05 naive/cfar power_one_sided 0.062/0.062 power_two_sided 0.053/0.053 kurtosis 0.051/0.051 spec_cnn 0.033/0.033  (3s)
    JSR  -39.0 dB  BER 0.00e+00  PER 0.000  P(det)@0.05 naive/cfar power_one_sided 0.043/0.043 power_two_sided 0.043/0.043 kurtosis 0.047/0.047 spec_cnn 0.047/0.047  (3s)
    JSR  -38.0 dB  BER 0.00e+00  PER 0.000  P(det)@0.05 naive/cfar power_one_sided 0.062/0.062 power_two_sided 0.066/0.066 kurtosis 0.041/0.041 spec_cnn 0.061/0.061  (4s)
    JSR  -37.0 dB  BER 0.00e+00  PER 0.000  P(det)@0.05 naive/cfar power_one_sided 0.062/0.062 power_two_sided 0.053/0.053 kurtosis 0.059/0.059 spec_cnn 0.047/0.047  (4s)
    JSR  -36.0 dB  BER 0.00e+00  PER 0.000  P(det)@0.05 naive/cfar power_one_sided 0.039/0.039 power_two_sided 0.045/0.045 kurtosis 0.055/0.055 spec_cnn 0.051/0.051  (4s)
    JSR  -35.0 dB  BER 0.00e+00  PER 0.000  P(det)@0.05 naive/cfar power_one_sided 0.061/0.061 power_two_sided 0.072/0.072 kurtosis 0.045/0.045 spec_cnn 0.055/0.055  (4s)
    JSR  -34.0 dB  BER 0.00e+00  PER 0.000  P(det)@0.05 naive/cfar power_one_sided 0.045/0.045 power_two_sided 0.039/0.039 kurtosis 0.066/0.066 spec_cnn 0.049/0.049  (5s)
    JSR  -33.0 dB  BER 0.00e+00  PER 0.000  P(det)@0.05 naive/cfar power_one_sided 0.055/0.055 power_two_sided 0.061/0.061 kurtosis 0.037/0.037 spec_cnn 0.047/0.047  (5s)
    JSR  -32.0 dB  BER 0.00e+00  PER 0.000  P(det)@0.05 naive/cfar power_one_sided 0.062/0.062 power_two_sided 0.043/0.043 kurtosis 0.055/0.055 spec_cnn 0.043/0.043  (5s)
    JSR  -31.0 dB  BER 0.00e+00  PER 0.000  P(det)@0.05 naive/cfar power_one_sided 0.057/0.057 power_two_sided 0.041/0.041 kurtosis 0.043/0.043 spec_cnn 0.057/0.057  (5s)
    JSR  -30.0 dB  BER 0.00e+00  PER 0.000  P(det)@0.05 naive/cfar power_one_sided 0.068/0.068 power_two_sided 0.070/0.070 kurtosis 0.053/0.053 spec_cnn 0.059/0.059  (6s)
    JSR  -29.0 dB  BER 0.00e+00  PER 0.000  P(det)@0.05 naive/cfar power_one_sided 0.041/0.041 power_two_sided 0.053/0.053 kurtosis 0.041/0.041 spec_cnn 0.053/0.053  (6s)
    JSR  -28.0 dB  BER 0.00e+00  PER 0.000  P(det)@0.05 naive/cfar power_one_sided 0.039/0.039 power_two_sided 0.033/0.033 kurtosis 0.045/0.045 spec_cnn 0.057/0.057  (6s)
    JSR  -27.0 dB  BER 0.00e+00  PER 0.000  P(det)@0.05 naive/cfar power_one_sided 0.039/0.039 power_two_sided 0.045/0.045 kurtosis 0.074/0.074 spec_cnn 0.051/0.051  (6s)
    JSR  -26.0 dB  BER 0.00e+00  PER 0.000  P(det)@0.05 naive/cfar power_one_sided 0.049/0.049 power_two_sided 0.041/0.041 kurtosis 0.041/0.041 spec_cnn 0.045/0.045  (7s)
    JSR  -25.0 dB  BER 0.00e+00  PER 0.000  P(det)@0.05 naive/cfar power_one_sided 0.072/0.072 power_two_sided 0.057/0.057 kurtosis 0.053/0.053 spec_cnn 0.049/0.049  (7s)
    JSR  -24.0 dB  BER 0.00e+00  PER 0.000  P(det)@0.05 naive/cfar power_one_sided 0.064/0.064 power_two_sided 0.059/0.059 kurtosis 0.037/0.037 spec_cnn 0.045/0.045  (7s)
    JSR  -23.0 dB  BER 0.00e+00  PER 0.000  P(det)@0.05 naive/cfar power_one_sided 0.043/0.043 power_two_sided 0.043/0.043 kurtosis 0.066/0.066 spec_cnn 0.053/0.053  (8s)
    JSR  -22.0 dB  BER 0.00e+00  PER 0.000  P(det)@0.05 naive/cfar power_one_sided 0.033/0.033 power_two_sided 0.037/0.037 kurtosis 0.057/0.057 spec_cnn 0.049/0.049  (8s)
    JSR  -21.0 dB  BER 0.00e+00  PER 0.000  P(det)@0.05 naive/cfar power_one_sided 0.053/0.053 power_two_sided 0.053/0.053 kurtosis 0.041/0.041 spec_cnn 0.049/0.049  (8s)
    JSR  -20.0 dB  BER 7.81e-03  PER 1.000  P(det)@0.05 naive/cfar power_one_sided 0.000/0.000 power_two_sided 1.000/1.000 kurtosis 0.066/0.066 spec_cnn 0.055/0.055  (8s)
    JSR  -19.0 dB  BER 7.81e-03  PER 1.000  P(det)@0.05 naive/cfar power_one_sided 0.000/0.000 power_two_sided 1.000/1.000 kurtosis 0.059/0.059 spec_cnn 0.047/0.047  (9s)
    JSR  -18.0 dB  BER 7.81e-03  PER 1.000  P(det)@0.05 naive/cfar power_one_sided 0.000/0.000 power_two_sided 1.000/1.000 kurtosis 0.064/0.064 spec_cnn 0.066/0.066  (9s)
    JSR  -17.0 dB  BER 1.56e-02  PER 1.000  P(det)@0.05 naive/cfar power_one_sided 0.000/0.000 power_two_sided 1.000/1.000 kurtosis 0.078/0.078 spec_cnn 0.053/0.053  (9s)
    JSR  -16.0 dB  BER 1.56e-02  PER 1.000  P(det)@0.05 naive/cfar power_one_sided 0.000/0.000 power_two_sided 1.000/1.000 kurtosis 0.098/0.098 spec_cnn 0.078/0.078  (9s)
    JSR  -15.0 dB  BER 2.34e-02  PER 1.000  P(det)@0.05 naive/cfar power_one_sided 0.000/0.000 power_two_sided 1.000/1.000 kurtosis 0.178/0.178 spec_cnn 0.043/0.043  (10s)
    JSR  -14.0 dB  BER 3.12e-02  PER 1.000  P(det)@0.05 naive/cfar power_one_sided 0.000/0.000 power_two_sided 1.000/1.000 kurtosis 0.232/0.232 spec_cnn 0.057/0.057  (10s)
    JSR  -13.0 dB  BER 3.91e-02  PER 1.000  P(det)@0.05 naive/cfar power_one_sided 0.000/0.000 power_two_sided 1.000/1.000 kurtosis 0.402/0.402 spec_cnn 0.061/0.061  (10s)
    JSR  -12.0 dB  BER 4.69e-02  PER 1.000  P(det)@0.05 naive/cfar power_one_sided 0.000/0.000 power_two_sided 1.000/1.000 kurtosis 0.479/0.479 spec_cnn 0.062/0.062  (11s)
    JSR  -11.0 dB  BER 6.25e-02  PER 1.000  P(det)@0.05 naive/cfar power_one_sided 0.000/0.000 power_two_sided 1.000/1.000 kurtosis 0.779/0.779 spec_cnn 0.057/0.057  (11s)
    JSR  -10.0 dB  BER 7.81e-02  PER 1.000  P(det)@0.05 naive/cfar power_one_sided 0.000/0.000 power_two_sided 1.000/1.000 kurtosis 0.895/0.895 spec_cnn 0.061/0.061  (11s)
    JSR   -9.0 dB  BER 1.02e-01  PER 1.000  P(det)@0.05 naive/cfar power_one_sided 0.000/0.000 power_two_sided 1.000/1.000 kurtosis 0.988/0.988 spec_cnn 0.061/0.061  (11s)
    JSR   -8.0 dB  BER 1.25e-01  PER 1.000  P(det)@0.05 naive/cfar power_one_sided 0.000/0.000 power_two_sided 1.000/1.000 kurtosis 1.000/1.000 spec_cnn 0.064/0.064  (12s)
    JSR   -7.0 dB  BER 1.64e-01  PER 1.000  P(det)@0.05 naive/cfar power_one_sided 0.000/0.000 power_two_sided 1.000/1.000 kurtosis 1.000/1.000 spec_cnn 0.062/0.062  (12s)
    JSR   -6.0 dB  BER 2.03e-01  PER 1.000  P(det)@0.05 naive/cfar power_one_sided 0.000/0.000 power_two_sided 1.000/1.000 kurtosis 1.000/1.000 spec_cnn 0.078/0.078  (12s)
    JSR   -5.0 dB  BER 2.58e-01  PER 1.000  P(det)@0.05 naive/cfar power_one_sided 0.000/0.000 power_two_sided 1.000/1.000 kurtosis 1.000/1.000 spec_cnn 0.049/0.049  (12s)
    JSR   -4.0 dB  BER 3.28e-01  PER 1.000  P(det)@0.05 naive/cfar power_one_sided 0.000/0.000 power_two_sided 1.000/1.000 kurtosis 1.000/1.000 spec_cnn 0.059/0.059  (13s)
    JSR   -3.0 dB  BER 4.14e-01  PER 1.000  P(det)@0.05 naive/cfar power_one_sided 0.000/0.000 power_two_sided 1.000/1.000 kurtosis 1.000/1.000 spec_cnn 0.049/0.049  (13s)
    JSR   -2.0 dB  BER 5.16e-01  PER 1.000  P(det)@0.05 naive/cfar power_one_sided 0.000/0.000 power_two_sided 1.000/1.000 kurtosis 1.000/1.000 spec_cnn 0.061/0.061  (13s)
    JSR   -1.0 dB  BER 6.56e-01  PER 1.000  P(det)@0.05 naive/cfar power_one_sided 0.000/0.000 power_two_sided 1.000/1.000 kurtosis 1.000/1.000 spec_cnn 0.023/0.023  (13s)
    JSR   +0.0 dB  BER 8.20e-01  PER 1.000  P(det)@0.05 naive/cfar power_one_sided 0.000/0.000 power_two_sided 1.000/1.000 kurtosis 1.000/1.000 spec_cnn 0.002/0.002  (14s)
    JSR   +1.0 dB  BER 1.00e+00  PER 1.000  P(det)@0.05 naive/cfar power_one_sided 0.000/0.000 power_two_sided 1.000/1.000 kurtosis 0.982/0.982 spec_cnn 0.000/0.000  (14s)
    JSR   +2.0 dB  BER 1.00e+00  PER 1.000  P(det)@0.05 naive/cfar power_one_sided 0.000/0.000 power_two_sided 1.000/1.000 kurtosis 0.986/0.986 spec_cnn 0.000/0.000  (14s)
    JSR   +3.0 dB  BER 1.00e+00  PER 1.000  P(det)@0.05 naive/cfar power_one_sided 0.000/0.000 power_two_sided 1.000/1.000 kurtosis 0.984/0.984 spec_cnn 0.000/0.000  (15s)
    JSR   +4.0 dB  BER 1.00e+00  PER 1.000  P(det)@0.05 naive/cfar power_one_sided 0.000/0.000 power_two_sided 1.000/1.000 kurtosis 0.975/0.975 spec_cnn 0.000/0.000  (15s)
    JSR   +5.0 dB  BER 1.00e+00  PER 1.000  P(det)@0.05 naive/cfar power_one_sided 0.000/0.000 power_two_sided 1.000/1.000 kurtosis 0.988/0.988 spec_cnn 0.000/0.000  (15s)
    JSR   +6.0 dB  BER 1.00e+00  PER 1.000  P(det)@0.05 naive/cfar power_one_sided 0.000/0.000 power_two_sided 1.000/1.000 kurtosis 0.990/0.990 spec_cnn 0.000/0.000  (15s)
    JSR   +7.0 dB  BER 1.00e+00  PER 1.000  P(det)@0.05 naive/cfar power_one_sided 0.000/0.000 power_two_sided 1.000/1.000 kurtosis 0.980/0.980 spec_cnn 0.000/0.000  (16s)
    JSR   +8.0 dB  BER 1.00e+00  PER 1.000  P(det)@0.05 naive/cfar power_one_sided 0.000/0.000 power_two_sided 1.000/1.000 kurtosis 0.980/0.980 spec_cnn 0.000/0.000  (16s)
    JSR   +9.0 dB  BER 1.00e+00  PER 1.000  P(det)@0.05 naive/cfar power_one_sided 0.000/0.000 power_two_sided 1.000/1.000 kurtosis 0.982/0.982 spec_cnn 0.000/0.000  (16s)
    JSR  +10.0 dB  BER 1.00e+00  PER 1.000  P(det)@0.05 naive/cfar power_one_sided 0.000/0.000 power_two_sided 1.000/1.000 kurtosis 0.982/0.982 spec_cnn 0.000/0.000  (16s)
    JSR  +11.0 dB  BER 1.00e+00  PER 1.000  P(det)@0.05 naive/cfar power_one_sided 0.000/0.000 power_two_sided 1.000/1.000 kurtosis 0.982/0.982 spec_cnn 0.000/0.000  (17s)
    JSR  +12.0 dB  BER 1.00e+00  PER 1.000  P(det)@0.05 naive/cfar power_one_sided 0.000/0.000 power_two_sided 1.000/1.000 kurtosis 0.984/0.984 spec_cnn 0.000/0.000  (17s)
    JSR  +13.0 dB  BER 1.00e+00  PER 1.000  P(det)@0.05 naive/cfar power_one_sided 0.000/0.000 power_two_sided 1.000/1.000 kurtosis 0.982/0.982 spec_cnn 0.000/0.000  (17s)
    JSR  +14.0 dB  BER 1.00e+00  PER 1.000  P(det)@0.05 naive/cfar power_one_sided 0.000/0.000 power_two_sided 1.000/1.000 kurtosis 0.992/0.992 spec_cnn 0.000/0.000  (18s)
    JSR  +15.0 dB  BER 1.00e+00  PER 1.000  P(det)@0.05 naive/cfar power_one_sided 0.000/0.000 power_two_sided 1.000/1.000 kurtosis 0.980/0.980 spec_cnn 0.000/0.000  (18s)
  [snr_30_unc_0] classical omniscient_e1
    JSR  -50.0 dB  BER 0.00e+00  PER 0.000  P(det)@0.05 naive/cfar power_one_sided 0.037/0.037 power_two_sided 0.035/0.035 kurtosis 0.045/0.045 spec_cnn 0.062/0.062  (0s)
    JSR  -49.0 dB  BER 0.00e+00  PER 0.000  P(det)@0.05 naive/cfar power_one_sided 0.045/0.045 power_two_sided 0.041/0.041 kurtosis 0.051/0.051 spec_cnn 0.037/0.037  (1s)
    JSR  -48.0 dB  BER 0.00e+00  PER 0.000  P(det)@0.05 naive/cfar power_one_sided 0.047/0.047 power_two_sided 0.045/0.045 kurtosis 0.061/0.061 spec_cnn 0.051/0.051  (1s)
    JSR  -47.0 dB  BER 0.00e+00  PER 0.000  P(det)@0.05 naive/cfar power_one_sided 0.039/0.039 power_two_sided 0.061/0.061 kurtosis 0.053/0.053 spec_cnn 0.053/0.053  (1s)
    JSR  -46.0 dB  BER 0.00e+00  PER 0.000  P(det)@0.05 naive/cfar power_one_sided 0.043/0.043 power_two_sided 0.049/0.049 kurtosis 0.057/0.057 spec_cnn 0.045/0.045  (1s)
    JSR  -45.0 dB  BER 0.00e+00  PER 0.000  P(det)@0.05 naive/cfar power_one_sided 0.043/0.043 power_two_sided 0.051/0.051 kurtosis 0.047/0.047 spec_cnn 0.059/0.059  (2s)
    JSR  -44.0 dB  BER 0.00e+00  PER 0.000  P(det)@0.05 naive/cfar power_one_sided 0.059/0.059 power_two_sided 0.059/0.059 kurtosis 0.047/0.047 spec_cnn 0.051/0.051  (2s)
    JSR  -43.0 dB  BER 0.00e+00  PER 0.000  P(det)@0.05 naive/cfar power_one_sided 0.043/0.043 power_two_sided 0.061/0.061 kurtosis 0.064/0.064 spec_cnn 0.039/0.039  (2s)
    JSR  -42.0 dB  BER 0.00e+00  PER 0.000  P(det)@0.05 naive/cfar power_one_sided 0.070/0.070 power_two_sided 0.064/0.064 kurtosis 0.053/0.053 spec_cnn 0.068/0.068  (2s)
    JSR  -41.0 dB  BER 0.00e+00  PER 0.000  P(det)@0.05 naive/cfar power_one_sided 0.062/0.062 power_two_sided 0.043/0.043 kurtosis 0.051/0.051 spec_cnn 0.053/0.053  (3s)
    JSR  -40.0 dB  BER 0.00e+00  PER 0.000  P(det)@0.05 naive/cfar power_one_sided 0.072/0.072 power_two_sided 0.045/0.045 kurtosis 0.053/0.053 spec_cnn 0.055/0.055  (3s)
    JSR  -39.0 dB  BER 0.00e+00  PER 0.000  P(det)@0.05 naive/cfar power_one_sided 0.045/0.045 power_two_sided 0.053/0.053 kurtosis 0.047/0.047 spec_cnn 0.047/0.047  (3s)
    JSR  -38.0 dB  BER 0.00e+00  PER 0.000  P(det)@0.05 naive/cfar power_one_sided 0.041/0.041 power_two_sided 0.031/0.031 kurtosis 0.039/0.039 spec_cnn 0.039/0.039  (4s)
    JSR  -37.0 dB  BER 0.00e+00  PER 0.000  P(det)@0.05 naive/cfar power_one_sided 0.055/0.055 power_two_sided 0.041/0.041 kurtosis 0.049/0.049 spec_cnn 0.057/0.057  (4s)
    JSR  -36.0 dB  BER 0.00e+00  PER 0.000  P(det)@0.05 naive/cfar power_one_sided 0.043/0.043 power_two_sided 0.057/0.057 kurtosis 0.043/0.043 spec_cnn 0.039/0.039  (4s)
    JSR  -35.0 dB  BER 0.00e+00  PER 0.000  P(det)@0.05 naive/cfar power_one_sided 0.049/0.049 power_two_sided 0.062/0.062 kurtosis 0.049/0.049 spec_cnn 0.049/0.049  (4s)
    JSR  -34.0 dB  BER 0.00e+00  PER 0.000  P(det)@0.05 naive/cfar power_one_sided 0.053/0.053 power_two_sided 0.047/0.047 kurtosis 0.035/0.035 spec_cnn 0.053/0.053  (5s)
    JSR  -33.0 dB  BER 0.00e+00  PER 0.000  P(det)@0.05 naive/cfar power_one_sided 0.049/0.049 power_two_sided 0.064/0.064 kurtosis 0.059/0.059 spec_cnn 0.055/0.055  (5s)
    JSR  -32.0 dB  BER 0.00e+00  PER 0.000  P(det)@0.05 naive/cfar power_one_sided 0.039/0.039 power_two_sided 0.045/0.045 kurtosis 0.045/0.045 spec_cnn 0.047/0.047  (5s)
    JSR  -31.0 dB  BER 0.00e+00  PER 0.000  P(det)@0.05 naive/cfar power_one_sided 0.057/0.057 power_two_sided 0.043/0.043 kurtosis 0.037/0.037 spec_cnn 0.051/0.051  (5s)
    JSR  -30.0 dB  BER 0.00e+00  PER 0.000  P(det)@0.05 naive/cfar power_one_sided 0.051/0.051 power_two_sided 0.047/0.047 kurtosis 0.039/0.039 spec_cnn 0.037/0.037  (6s)
    JSR  -29.0 dB  BER 0.00e+00  PER 0.000  P(det)@0.05 naive/cfar power_one_sided 0.086/0.086 power_two_sided 0.074/0.074 kurtosis 0.051/0.051 spec_cnn 0.039/0.039  (6s)
    JSR  -28.0 dB  BER 0.00e+00  PER 0.000  P(det)@0.05 naive/cfar power_one_sided 0.051/0.051 power_two_sided 0.055/0.055 kurtosis 0.041/0.041 spec_cnn 0.031/0.031  (6s)
    JSR  -27.0 dB  BER 0.00e+00  PER 0.000  P(det)@0.05 naive/cfar power_one_sided 0.045/0.045 power_two_sided 0.043/0.043 kurtosis 0.047/0.047 spec_cnn 0.053/0.053  (6s)
    JSR  -26.0 dB  BER 0.00e+00  PER 0.000  P(det)@0.05 naive/cfar power_one_sided 0.080/0.080 power_two_sided 0.061/0.061 kurtosis 0.049/0.049 spec_cnn 0.057/0.057  (7s)
    JSR  -25.0 dB  BER 0.00e+00  PER 0.000  P(det)@0.05 naive/cfar power_one_sided 0.062/0.062 power_two_sided 0.041/0.041 kurtosis 0.051/0.051 spec_cnn 0.059/0.059  (7s)
    JSR  -24.0 dB  BER 0.00e+00  PER 0.000  P(det)@0.05 naive/cfar power_one_sided 0.043/0.043 power_two_sided 0.043/0.043 kurtosis 0.047/0.047 spec_cnn 0.049/0.049  (7s)
    JSR  -23.0 dB  BER 0.00e+00  PER 0.000  P(det)@0.05 naive/cfar power_one_sided 0.043/0.043 power_two_sided 0.043/0.043 kurtosis 0.043/0.043 spec_cnn 0.051/0.051  (8s)
    JSR  -22.0 dB  BER 0.00e+00  PER 0.000  P(det)@0.05 naive/cfar power_one_sided 0.047/0.047 power_two_sided 0.049/0.049 kurtosis 0.049/0.049 spec_cnn 0.031/0.031  (8s)
    JSR  -21.0 dB  BER 0.00e+00  PER 0.000  P(det)@0.05 naive/cfar power_one_sided 0.055/0.055 power_two_sided 0.045/0.045 kurtosis 0.047/0.047 spec_cnn 0.053/0.053  (8s)
    JSR  -20.0 dB  BER 0.00e+00  PER 0.000  P(det)@0.05 naive/cfar power_one_sided 0.043/0.043 power_two_sided 0.043/0.043 kurtosis 0.053/0.053 spec_cnn 0.053/0.053  (8s)
    JSR  -19.0 dB  BER 0.00e+00  PER 0.000  P(det)@0.05 naive/cfar power_one_sided 0.049/0.049 power_two_sided 0.055/0.055 kurtosis 0.047/0.047 spec_cnn 0.049/0.049  (9s)
    JSR  -18.0 dB  BER 0.00e+00  PER 0.000  P(det)@0.05 naive/cfar power_one_sided 0.053/0.053 power_two_sided 0.055/0.055 kurtosis 0.049/0.049 spec_cnn 0.041/0.041  (9s)
    JSR  -17.0 dB  BER 0.00e+00  PER 0.000  P(det)@0.05 naive/cfar power_one_sided 0.053/0.053 power_two_sided 0.051/0.051 kurtosis 0.053/0.053 spec_cnn 0.057/0.057  (9s)
    JSR  -16.0 dB  BER 0.00e+00  PER 0.000  P(det)@0.05 naive/cfar power_one_sided 0.053/0.053 power_two_sided 0.053/0.053 kurtosis 0.066/0.066 spec_cnn 0.045/0.045  (9s)
    JSR  -15.0 dB  BER 7.81e-03  PER 1.000  P(det)@0.05 naive/cfar power_one_sided 0.057/0.057 power_two_sided 0.064/0.064 kurtosis 0.057/0.057 spec_cnn 0.051/0.051  (10s)
    JSR  -14.0 dB  BER 7.81e-03  PER 1.000  P(det)@0.05 naive/cfar power_one_sided 0.035/0.035 power_two_sided 0.049/0.049 kurtosis 0.041/0.041 spec_cnn 0.049/0.049  (10s)
    JSR  -13.0 dB  BER 7.81e-03  PER 1.000  P(det)@0.05 naive/cfar power_one_sided 0.051/0.051 power_two_sided 0.053/0.053 kurtosis 0.043/0.043 spec_cnn 0.045/0.045  (10s)
    JSR  -12.0 dB  BER 1.56e-02  PER 1.000  P(det)@0.05 naive/cfar power_one_sided 0.035/0.035 power_two_sided 0.037/0.037 kurtosis 0.055/0.055 spec_cnn 0.049/0.049  (11s)
    JSR  -11.0 dB  BER 1.56e-02  PER 1.000  P(det)@0.05 naive/cfar power_one_sided 0.039/0.039 power_two_sided 0.055/0.055 kurtosis 0.035/0.035 spec_cnn 0.068/0.068  (11s)
    JSR  -10.0 dB  BER 2.34e-02  PER 1.000  P(det)@0.05 naive/cfar power_one_sided 0.043/0.043 power_two_sided 0.041/0.041 kurtosis 0.041/0.041 spec_cnn 0.049/0.049  (11s)
    JSR   -9.0 dB  BER 3.12e-02  PER 1.000  P(det)@0.05 naive/cfar power_one_sided 0.066/0.066 power_two_sided 0.057/0.057 kurtosis 0.055/0.055 spec_cnn 0.051/0.051  (11s)
    JSR   -8.0 dB  BER 3.91e-02  PER 1.000  P(det)@0.05 naive/cfar power_one_sided 0.055/0.055 power_two_sided 0.051/0.051 kurtosis 0.043/0.043 spec_cnn 0.045/0.045  (12s)
    JSR   -7.0 dB  BER 4.69e-02  PER 1.000  P(det)@0.05 naive/cfar power_one_sided 0.037/0.037 power_two_sided 0.035/0.035 kurtosis 0.049/0.049 spec_cnn 0.062/0.062  (12s)
    JSR   -6.0 dB  BER 6.25e-02  PER 1.000  P(det)@0.05 naive/cfar power_one_sided 0.031/0.031 power_two_sided 0.051/0.051 kurtosis 0.027/0.027 spec_cnn 0.043/0.043  (12s)
    JSR   -5.0 dB  BER 7.81e-02  PER 1.000  P(det)@0.05 naive/cfar power_one_sided 0.061/0.061 power_two_sided 0.051/0.051 kurtosis 0.043/0.043 spec_cnn 0.045/0.045  (12s)
    JSR   -4.0 dB  BER 9.38e-02  PER 1.000  P(det)@0.05 naive/cfar power_one_sided 0.057/0.057 power_two_sided 0.059/0.059 kurtosis 0.055/0.055 spec_cnn 0.051/0.051  (13s)
    JSR   -3.0 dB  BER 1.25e-01  PER 1.000  P(det)@0.05 naive/cfar power_one_sided 0.061/0.061 power_two_sided 0.051/0.051 kurtosis 0.047/0.047 spec_cnn 0.041/0.041  (13s)
    JSR   -2.0 dB  BER 1.56e-01  PER 1.000  P(det)@0.05 naive/cfar power_one_sided 0.041/0.041 power_two_sided 0.051/0.051 kurtosis 0.039/0.039 spec_cnn 0.041/0.041  (13s)
    JSR   -1.0 dB  BER 1.95e-01  PER 1.000  P(det)@0.05 naive/cfar power_one_sided 0.066/0.066 power_two_sided 0.055/0.055 kurtosis 0.035/0.035 spec_cnn 0.049/0.049  (13s)
    JSR   +0.0 dB  BER 2.50e-01  PER 1.000  P(det)@0.05 naive/cfar power_one_sided 0.057/0.057 power_two_sided 0.051/0.051 kurtosis 0.061/0.061 spec_cnn 0.041/0.041  (14s)
    JSR   +1.0 dB  BER 3.12e-01  PER 1.000  P(det)@0.05 naive/cfar power_one_sided 0.053/0.053 power_two_sided 0.051/0.051 kurtosis 0.047/0.047 spec_cnn 0.025/0.025  (14s)
    JSR   +2.0 dB  BER 3.91e-01  PER 1.000  P(det)@0.05 naive/cfar power_one_sided 0.061/0.061 power_two_sided 0.045/0.045 kurtosis 0.047/0.047 spec_cnn 0.057/0.057  (14s)
    JSR   +3.0 dB  BER 4.92e-01  PER 1.000  P(det)@0.05 naive/cfar power_one_sided 0.039/0.039 power_two_sided 0.045/0.045 kurtosis 0.061/0.061 spec_cnn 0.035/0.035  (15s)
    JSR   +4.0 dB  BER 6.25e-01  PER 1.000  P(det)@0.05 naive/cfar power_one_sided 0.061/0.061 power_two_sided 0.072/0.072 kurtosis 0.053/0.053 spec_cnn 0.033/0.033  (15s)
    JSR   +5.0 dB  BER 7.89e-01  PER 1.000  P(det)@0.05 naive/cfar power_one_sided 0.047/0.047 power_two_sided 0.041/0.041 kurtosis 0.057/0.057 spec_cnn 0.045/0.045  (15s)
    JSR   +6.0 dB  BER 9.92e-01  PER 1.000  P(det)@0.05 naive/cfar power_one_sided 0.049/0.049 power_two_sided 0.055/0.055 kurtosis 0.031/0.031 spec_cnn 0.039/0.039  (15s)
    JSR   +7.0 dB  BER 1.00e+00  PER 1.000  P(det)@0.05 naive/cfar power_one_sided 0.043/0.043 power_two_sided 0.037/0.037 kurtosis 0.072/0.072 spec_cnn 0.049/0.049  (16s)
    JSR   +8.0 dB  BER 1.00e+00  PER 1.000  P(det)@0.05 naive/cfar power_one_sided 0.041/0.041 power_two_sided 0.041/0.041 kurtosis 0.037/0.037 spec_cnn 0.064/0.064  (16s)
    JSR   +9.0 dB  BER 1.00e+00  PER 1.000  P(det)@0.05 naive/cfar power_one_sided 0.057/0.057 power_two_sided 0.047/0.047 kurtosis 0.037/0.037 spec_cnn 0.047/0.047  (16s)
    JSR  +10.0 dB  BER 1.00e+00  PER 1.000  P(det)@0.05 naive/cfar power_one_sided 0.049/0.049 power_two_sided 0.039/0.039 kurtosis 0.047/0.047 spec_cnn 0.049/0.049  (16s)
    JSR  +11.0 dB  BER 1.00e+00  PER 1.000  P(det)@0.05 naive/cfar power_one_sided 0.051/0.051 power_two_sided 0.053/0.053 kurtosis 0.053/0.053 spec_cnn 0.049/0.049  (17s)
    JSR  +12.0 dB  BER 1.00e+00  PER 1.000  P(det)@0.05 naive/cfar power_one_sided 0.062/0.062 power_two_sided 0.059/0.059 kurtosis 0.037/0.037 spec_cnn 0.047/0.047  (17s)
    JSR  +13.0 dB  BER 1.00e+00  PER 1.000  P(det)@0.05 naive/cfar power_one_sided 0.053/0.053 power_two_sided 0.041/0.041 kurtosis 0.039/0.039 spec_cnn 0.039/0.039  (17s)
    JSR  +14.0 dB  BER 1.00e+00  PER 1.000  P(det)@0.05 naive/cfar power_one_sided 0.055/0.055 power_two_sided 0.059/0.059 kurtosis 0.059/0.059 spec_cnn 0.055/0.055  (18s)
    JSR  +15.0 dB  BER 1.00e+00  PER 1.000  P(det)@0.05 naive/cfar power_one_sided 0.049/0.049 power_two_sided 0.051/0.051 kurtosis 0.037/0.037 spec_cnn 0.037/0.037  (18s)
  [snr_30_unc_0] generator plain_run001 (scale 0.4022)
    JSR  -50.0 dB  BER 0.00e+00  PER 0.000  P(det)@0.05 naive/cfar power_one_sided 0.078/0.078 power_two_sided 0.068/0.068 kurtosis 0.053/0.053 spec_cnn 0.055/0.055  (0s)
    JSR  -49.0 dB  BER 0.00e+00  PER 0.000  P(det)@0.05 naive/cfar power_one_sided 0.053/0.053 power_two_sided 0.061/0.061 kurtosis 0.043/0.043 spec_cnn 0.051/0.051  (1s)
    JSR  -48.0 dB  BER 0.00e+00  PER 0.000  P(det)@0.05 naive/cfar power_one_sided 0.066/0.066 power_two_sided 0.074/0.074 kurtosis 0.045/0.045 spec_cnn 0.061/0.061  (1s)
    JSR  -47.0 dB  BER 0.00e+00  PER 0.000  P(det)@0.05 naive/cfar power_one_sided 0.082/0.082 power_two_sided 0.064/0.064 kurtosis 0.045/0.045 spec_cnn 0.047/0.047  (1s)
    JSR  -46.0 dB  BER 0.00e+00  PER 0.000  P(det)@0.05 naive/cfar power_one_sided 0.055/0.055 power_two_sided 0.072/0.072 kurtosis 0.055/0.055 spec_cnn 0.051/0.051  (1s)
    JSR  -45.0 dB  BER 0.00e+00  PER 0.000  P(det)@0.05 naive/cfar power_one_sided 0.084/0.084 power_two_sided 0.096/0.096 kurtosis 0.049/0.049 spec_cnn 0.053/0.053  (2s)
    JSR  -44.0 dB  BER 0.00e+00  PER 0.000  P(det)@0.05 naive/cfar power_one_sided 0.072/0.072 power_two_sided 0.080/0.080 kurtosis 0.053/0.053 spec_cnn 0.057/0.057  (2s)
    JSR  -43.0 dB  BER 0.00e+00  PER 0.000  P(det)@0.05 naive/cfar power_one_sided 0.088/0.088 power_two_sided 0.105/0.105 kurtosis 0.053/0.053 spec_cnn 0.049/0.049  (2s)
    JSR  -42.0 dB  BER 0.00e+00  PER 0.000  P(det)@0.05 naive/cfar power_one_sided 0.092/0.092 power_two_sided 0.115/0.115 kurtosis 0.051/0.051 spec_cnn 0.082/0.082  (3s)
    JSR  -41.0 dB  BER 0.00e+00  PER 0.000  P(det)@0.05 naive/cfar power_one_sided 0.082/0.082 power_two_sided 0.121/0.121 kurtosis 0.053/0.053 spec_cnn 0.066/0.066  (3s)
    JSR  -40.0 dB  BER 0.00e+00  PER 0.000  P(det)@0.05 naive/cfar power_one_sided 0.131/0.131 power_two_sided 0.143/0.143 kurtosis 0.061/0.061 spec_cnn 0.104/0.104  (3s)
    JSR  -39.0 dB  BER 0.00e+00  PER 0.000  P(det)@0.05 naive/cfar power_one_sided 0.102/0.102 power_two_sided 0.143/0.143 kurtosis 0.055/0.055 spec_cnn 0.070/0.070  (3s)
    JSR  -38.0 dB  BER 0.00e+00  PER 0.000  P(det)@0.05 naive/cfar power_one_sided 0.137/0.137 power_two_sided 0.162/0.162 kurtosis 0.047/0.047 spec_cnn 0.068/0.068  (4s)
    JSR  -37.0 dB  BER 0.00e+00  PER 0.000  P(det)@0.05 naive/cfar power_one_sided 0.152/0.152 power_two_sided 0.180/0.180 kurtosis 0.047/0.047 spec_cnn 0.113/0.113  (4s)
    JSR  -36.0 dB  BER 0.00e+00  PER 0.000  P(det)@0.05 naive/cfar power_one_sided 0.213/0.213 power_two_sided 0.221/0.221 kurtosis 0.039/0.039 spec_cnn 0.141/0.141  (4s)
    JSR  -35.0 dB  BER 0.00e+00  PER 0.000  P(det)@0.05 naive/cfar power_one_sided 0.191/0.191 power_two_sided 0.236/0.236 kurtosis 0.061/0.061 spec_cnn 0.135/0.135  (5s)
    JSR  -34.0 dB  BER 0.00e+00  PER 0.000  P(det)@0.05 naive/cfar power_one_sided 0.262/0.262 power_two_sided 0.311/0.311 kurtosis 0.057/0.057 spec_cnn 0.197/0.197  (5s)
    JSR  -33.0 dB  BER 0.00e+00  PER 0.000  P(det)@0.05 naive/cfar power_one_sided 0.275/0.275 power_two_sided 0.336/0.336 kurtosis 0.043/0.043 spec_cnn 0.250/0.250  (5s)
    JSR  -32.0 dB  BER 0.00e+00  PER 0.000  P(det)@0.05 naive/cfar power_one_sided 0.344/0.344 power_two_sided 0.428/0.428 kurtosis 0.053/0.053 spec_cnn 0.338/0.338  (5s)
    JSR  -31.0 dB  BER 0.00e+00  PER 0.000  P(det)@0.05 naive/cfar power_one_sided 0.328/0.328 power_two_sided 0.438/0.438 kurtosis 0.072/0.072 spec_cnn 0.406/0.406  (6s)
    JSR  -30.0 dB  BER 0.00e+00  PER 0.000  P(det)@0.05 naive/cfar power_one_sided 0.404/0.404 power_two_sided 0.482/0.482 kurtosis 0.049/0.049 spec_cnn 0.475/0.475  (6s)
    JSR  -29.0 dB  BER 0.00e+00  PER 0.000  P(det)@0.05 naive/cfar power_one_sided 0.426/0.426 power_two_sided 0.553/0.553 kurtosis 0.049/0.049 spec_cnn 0.564/0.564  (6s)
    JSR  -28.0 dB  BER 0.00e+00  PER 0.000  P(det)@0.05 naive/cfar power_one_sided 0.469/0.469 power_two_sided 0.619/0.619 kurtosis 0.057/0.057 spec_cnn 0.711/0.711  (7s)
    JSR  -27.0 dB  BER 0.00e+00  PER 0.000  P(det)@0.05 naive/cfar power_one_sided 0.533/0.533 power_two_sided 0.660/0.660 kurtosis 0.049/0.049 spec_cnn 0.787/0.787  (7s)
    JSR  -26.0 dB  BER 0.00e+00  PER 0.000  P(det)@0.05 naive/cfar power_one_sided 0.514/0.514 power_two_sided 0.664/0.664 kurtosis 0.051/0.051 spec_cnn 0.859/0.859  (7s)
    JSR  -25.0 dB  BER 0.00e+00  PER 0.000  P(det)@0.05 naive/cfar power_one_sided 0.578/0.578 power_two_sided 0.730/0.730 kurtosis 0.051/0.051 spec_cnn 0.922/0.922  (7s)
    JSR  -24.0 dB  BER 0.00e+00  PER 0.000  P(det)@0.05 naive/cfar power_one_sided 0.639/0.639 power_two_sided 0.758/0.758 kurtosis 0.049/0.049 spec_cnn 0.949/0.949  (8s)
    JSR  -23.0 dB  BER 0.00e+00  PER 0.000  P(det)@0.05 naive/cfar power_one_sided 0.693/0.693 power_two_sided 0.818/0.818 kurtosis 0.055/0.055 spec_cnn 0.959/0.959  (8s)
    JSR  -22.0 dB  BER 0.00e+00  PER 0.000  P(det)@0.05 naive/cfar power_one_sided 0.717/0.717 power_two_sided 0.834/0.834 kurtosis 0.064/0.064 spec_cnn 0.977/0.977  (8s)
    JSR  -21.0 dB  BER 0.00e+00  PER 0.000  P(det)@0.05 naive/cfar power_one_sided 0.746/0.746 power_two_sided 0.859/0.859 kurtosis 0.059/0.059 spec_cnn 0.982/0.982  (9s)
    JSR  -20.0 dB  BER 0.00e+00  PER 0.000  P(det)@0.05 naive/cfar power_one_sided 0.828/0.828 power_two_sided 0.893/0.893 kurtosis 0.076/0.076 spec_cnn 0.988/0.988  (9s)
    JSR  -19.0 dB  BER 0.00e+00  PER 0.000  P(det)@0.05 naive/cfar power_one_sided 0.850/0.850 power_two_sided 0.914/0.914 kurtosis 0.100/0.100 spec_cnn 0.996/0.996  (9s)
    JSR  -18.0 dB  BER 0.00e+00  PER 0.000  P(det)@0.05 naive/cfar power_one_sided 0.875/0.875 power_two_sided 0.945/0.945 kurtosis 0.119/0.119 spec_cnn 0.996/0.996  (9s)
    JSR  -17.0 dB  BER 0.00e+00  PER 0.000  P(det)@0.05 naive/cfar power_one_sided 0.934/0.934 power_two_sided 0.977/0.977 kurtosis 0.154/0.154 spec_cnn 0.998/0.998  (10s)
    JSR  -16.0 dB  BER 0.00e+00  PER 0.000  P(det)@0.05 naive/cfar power_one_sided 0.939/0.939 power_two_sided 0.963/0.963 kurtosis 0.180/0.180 spec_cnn 1.000/1.000  (10s)
    JSR  -15.0 dB  BER 0.00e+00  PER 0.000  P(det)@0.05 naive/cfar power_one_sided 0.963/0.963 power_two_sided 0.992/0.992 kurtosis 0.299/0.299 spec_cnn 1.000/1.000  (10s)
    JSR  -14.0 dB  BER 0.00e+00  PER 0.000  P(det)@0.05 naive/cfar power_one_sided 0.971/0.971 power_two_sided 0.992/0.992 kurtosis 0.389/0.389 spec_cnn 1.000/1.000  (11s)
    JSR  -13.0 dB  BER 0.00e+00  PER 0.000  P(det)@0.05 naive/cfar power_one_sided 0.986/0.986 power_two_sided 0.992/0.992 kurtosis 0.506/0.506 spec_cnn 1.000/1.000  (11s)
    JSR  -12.0 dB  BER 0.00e+00  PER 0.000  P(det)@0.05 naive/cfar power_one_sided 0.990/0.990 power_two_sided 0.994/0.994 kurtosis 0.701/0.701 spec_cnn 1.000/1.000  (11s)
    JSR  -11.0 dB  BER 0.00e+00  PER 0.000  P(det)@0.05 naive/cfar power_one_sided 1.000/1.000 power_two_sided 1.000/1.000 kurtosis 0.834/0.834 spec_cnn 1.000/1.000  (11s)
    JSR  -10.0 dB  BER 3.05e-05  PER 0.006  P(det)@0.05 naive/cfar power_one_sided 1.000/1.000 power_two_sided 1.000/1.000 kurtosis 0.949/0.949 spec_cnn 1.000/1.000  (12s)
    JSR   -9.0 dB  BER 6.87e-05  PER 0.016  P(det)@0.05 naive/cfar power_one_sided 1.000/1.000 power_two_sided 1.000/1.000 kurtosis 0.957/0.957 spec_cnn 1.000/1.000  (12s)
    JSR   -8.0 dB  BER 4.96e-04  PER 0.082  P(det)@0.05 naive/cfar power_one_sided 1.000/1.000 power_two_sided 1.000/1.000 kurtosis 0.992/0.992 spec_cnn 1.000/1.000  (12s)
    JSR   -7.0 dB  BER 1.70e-03  PER 0.301  P(det)@0.05 naive/cfar power_one_sided 1.000/1.000 power_two_sided 1.000/1.000 kurtosis 1.000/1.000 spec_cnn 1.000/1.000  (13s)
    JSR   -6.0 dB  BER 5.24e-03  PER 0.674  P(det)@0.05 naive/cfar power_one_sided 1.000/1.000 power_two_sided 1.000/1.000 kurtosis 0.998/0.998 spec_cnn 1.000/1.000  (13s)
    JSR   -5.0 dB  BER 1.46e-02  PER 0.895  P(det)@0.05 naive/cfar power_one_sided 1.000/1.000 power_two_sided 1.000/1.000 kurtosis 1.000/1.000 spec_cnn 1.000/1.000  (13s)
    JSR   -4.0 dB  BER 3.17e-02  PER 0.992  P(det)@0.05 naive/cfar power_one_sided 1.000/1.000 power_two_sided 1.000/1.000 kurtosis 1.000/1.000 spec_cnn 1.000/1.000  (13s)
    JSR   -3.0 dB  BER 5.92e-02  PER 1.000  P(det)@0.05 naive/cfar power_one_sided 1.000/1.000 power_two_sided 1.000/1.000 kurtosis 1.000/1.000 spec_cnn 1.000/1.000  (14s)
    JSR   -2.0 dB  BER 9.00e-02  PER 1.000  P(det)@0.05 naive/cfar power_one_sided 1.000/1.000 power_two_sided 1.000/1.000 kurtosis 1.000/1.000 spec_cnn 1.000/1.000  (14s)
    JSR   -1.0 dB  BER 1.26e-01  PER 1.000  P(det)@0.05 naive/cfar power_one_sided 1.000/1.000 power_two_sided 1.000/1.000 kurtosis 1.000/1.000 spec_cnn 1.000/1.000  (14s)
    JSR   +0.0 dB  BER 1.62e-01  PER 1.000  P(det)@0.05 naive/cfar power_one_sided 1.000/1.000 power_two_sided 1.000/1.000 kurtosis 0.998/0.998 spec_cnn 1.000/1.000  (15s)
    JSR   +1.0 dB  BER 1.91e-01  PER 1.000  P(det)@0.05 naive/cfar power_one_sided 1.000/1.000 power_two_sided 1.000/1.000 kurtosis 1.000/1.000 spec_cnn 1.000/1.000  (15s)
    JSR   +2.0 dB  BER 2.20e-01  PER 1.000  P(det)@0.05 naive/cfar power_one_sided 1.000/1.000 power_two_sided 1.000/1.000 kurtosis 1.000/1.000 spec_cnn 1.000/1.000  (15s)
    JSR   +3.0 dB  BER 2.47e-01  PER 1.000  P(det)@0.05 naive/cfar power_one_sided 1.000/1.000 power_two_sided 1.000/1.000 kurtosis 0.998/0.998 spec_cnn 1.000/1.000  (15s)
    JSR   +4.0 dB  BER 2.77e-01  PER 1.000  P(det)@0.05 naive/cfar power_one_sided 1.000/1.000 power_two_sided 1.000/1.000 kurtosis 0.998/0.998 spec_cnn 1.000/1.000  (16s)
    JSR   +5.0 dB  BER 2.99e-01  PER 1.000  P(det)@0.05 naive/cfar power_one_sided 1.000/1.000 power_two_sided 1.000/1.000 kurtosis 1.000/1.000 spec_cnn 1.000/1.000  (16s)
    JSR   +6.0 dB  BER 3.15e-01  PER 1.000  P(det)@0.05 naive/cfar power_one_sided 1.000/1.000 power_two_sided 1.000/1.000 kurtosis 0.984/0.984 spec_cnn 1.000/1.000  (16s)
    JSR   +7.0 dB  BER 3.33e-01  PER 1.000  P(det)@0.05 naive/cfar power_one_sided 1.000/1.000 power_two_sided 1.000/1.000 kurtosis 0.949/0.949 spec_cnn 1.000/1.000  (16s)
    JSR   +8.0 dB  BER 3.57e-01  PER 1.000  P(det)@0.05 naive/cfar power_one_sided 1.000/1.000 power_two_sided 1.000/1.000 kurtosis 0.896/0.896 spec_cnn 1.000/1.000  (17s)
    JSR   +9.0 dB  BER 3.72e-01  PER 1.000  P(det)@0.05 naive/cfar power_one_sided 1.000/1.000 power_two_sided 1.000/1.000 kurtosis 0.820/0.820 spec_cnn 1.000/1.000  (17s)
    JSR  +10.0 dB  BER 3.82e-01  PER 1.000  P(det)@0.05 naive/cfar power_one_sided 1.000/1.000 power_two_sided 1.000/1.000 kurtosis 0.711/0.711 spec_cnn 1.000/1.000  (17s)
    JSR  +11.0 dB  BER 3.97e-01  PER 1.000  P(det)@0.05 naive/cfar power_one_sided 1.000/1.000 power_two_sided 1.000/1.000 kurtosis 0.734/0.734 spec_cnn 1.000/1.000  (18s)
    JSR  +12.0 dB  BER 4.03e-01  PER 1.000  P(det)@0.05 naive/cfar power_one_sided 1.000/1.000 power_two_sided 1.000/1.000 kurtosis 0.656/0.656 spec_cnn 1.000/1.000  (18s)
    JSR  +13.0 dB  BER 4.16e-01  PER 1.000  P(det)@0.05 naive/cfar power_one_sided 1.000/1.000 power_two_sided 1.000/1.000 kurtosis 0.639/0.639 spec_cnn 1.000/1.000  (18s)
    JSR  +14.0 dB  BER 4.26e-01  PER 1.000  P(det)@0.05 naive/cfar power_one_sided 1.000/1.000 power_two_sided 1.000/1.000 kurtosis 0.613/0.613 spec_cnn 1.000/1.000  (18s)
    JSR  +15.0 dB  BER 4.33e-01  PER 1.000  P(det)@0.05 naive/cfar power_one_sided 1.000/1.000 power_two_sided 1.000/1.000 kurtosis 0.625/0.625 spec_cnn 1.000/1.000  (19s)
  [snr_30_unc_0] plain_run001 done (438s)
  [snr_30_unc_0] generator eff (scale 1.0000)
    JSR  -50.0 dB  BER 0.00e+00  PER 0.000  P(det)@0.05 naive/cfar power_one_sided 0.049/0.049 power_two_sided 0.047/0.047 kurtosis 0.047/0.047 spec_cnn 0.064/0.064  (0s)
    JSR  -49.0 dB  BER 0.00e+00  PER 0.000  P(det)@0.05 naive/cfar power_one_sided 0.057/0.057 power_two_sided 0.059/0.059 kurtosis 0.062/0.062 spec_cnn 0.059/0.059  (1s)
    JSR  -48.0 dB  BER 0.00e+00  PER 0.000  P(det)@0.05 naive/cfar power_one_sided 0.059/0.059 power_two_sided 0.059/0.059 kurtosis 0.049/0.049 spec_cnn 0.043/0.043  (1s)
    JSR  -47.0 dB  BER 0.00e+00  PER 0.000  P(det)@0.05 naive/cfar power_one_sided 0.047/0.047 power_two_sided 0.041/0.041 kurtosis 0.045/0.045 spec_cnn 0.051/0.051  (1s)
    JSR  -46.0 dB  BER 0.00e+00  PER 0.000  P(det)@0.05 naive/cfar power_one_sided 0.072/0.072 power_two_sided 0.059/0.059 kurtosis 0.045/0.045 spec_cnn 0.061/0.061  (1s)
    JSR  -45.0 dB  BER 0.00e+00  PER 0.000  P(det)@0.05 naive/cfar power_one_sided 0.057/0.057 power_two_sided 0.059/0.059 kurtosis 0.051/0.051 spec_cnn 0.053/0.053  (2s)
    JSR  -44.0 dB  BER 0.00e+00  PER 0.000  P(det)@0.05 naive/cfar power_one_sided 0.072/0.072 power_two_sided 0.057/0.057 kurtosis 0.041/0.041 spec_cnn 0.055/0.055  (2s)
    JSR  -43.0 dB  BER 0.00e+00  PER 0.000  P(det)@0.05 naive/cfar power_one_sided 0.084/0.084 power_two_sided 0.100/0.100 kurtosis 0.062/0.062 spec_cnn 0.037/0.037  (2s)
    JSR  -42.0 dB  BER 0.00e+00  PER 0.000  P(det)@0.05 naive/cfar power_one_sided 0.072/0.072 power_two_sided 0.072/0.072 kurtosis 0.049/0.049 spec_cnn 0.049/0.049  (3s)
    JSR  -41.0 dB  BER 0.00e+00  PER 0.000  P(det)@0.05 naive/cfar power_one_sided 0.104/0.104 power_two_sided 0.072/0.072 kurtosis 0.047/0.047 spec_cnn 0.059/0.059  (3s)
    JSR  -40.0 dB  BER 0.00e+00  PER 0.000  P(det)@0.05 naive/cfar power_one_sided 0.096/0.096 power_two_sided 0.107/0.107 kurtosis 0.057/0.057 spec_cnn 0.062/0.062  (3s)
    JSR  -39.0 dB  BER 0.00e+00  PER 0.000  P(det)@0.05 naive/cfar power_one_sided 0.129/0.129 power_two_sided 0.102/0.102 kurtosis 0.059/0.059 spec_cnn 0.082/0.082  (3s)
    JSR  -38.0 dB  BER 0.00e+00  PER 0.000  P(det)@0.05 naive/cfar power_one_sided 0.109/0.109 power_two_sided 0.123/0.123 kurtosis 0.045/0.045 spec_cnn 0.068/0.068  (4s)
    JSR  -37.0 dB  BER 0.00e+00  PER 0.000  P(det)@0.05 naive/cfar power_one_sided 0.158/0.158 power_two_sided 0.164/0.164 kurtosis 0.045/0.045 spec_cnn 0.062/0.062  (4s)
    JSR  -36.0 dB  BER 0.00e+00  PER 0.000  P(det)@0.05 naive/cfar power_one_sided 0.184/0.184 power_two_sided 0.201/0.201 kurtosis 0.037/0.037 spec_cnn 0.078/0.078  (4s)
    JSR  -35.0 dB  BER 0.00e+00  PER 0.000  P(det)@0.05 naive/cfar power_one_sided 0.209/0.209 power_two_sided 0.215/0.215 kurtosis 0.041/0.041 spec_cnn 0.111/0.111  (5s)
    JSR  -34.0 dB  BER 0.00e+00  PER 0.000  P(det)@0.05 naive/cfar power_one_sided 0.260/0.260 power_two_sided 0.271/0.271 kurtosis 0.035/0.035 spec_cnn 0.115/0.115  (5s)
    JSR  -33.0 dB  BER 0.00e+00  PER 0.000  P(det)@0.05 naive/cfar power_one_sided 0.289/0.289 power_two_sided 0.303/0.303 kurtosis 0.062/0.062 spec_cnn 0.133/0.133  (5s)
    JSR  -32.0 dB  BER 0.00e+00  PER 0.000  P(det)@0.05 naive/cfar power_one_sided 0.355/0.355 power_two_sided 0.365/0.365 kurtosis 0.061/0.061 spec_cnn 0.137/0.137  (5s)
    JSR  -31.0 dB  BER 0.00e+00  PER 0.000  P(det)@0.05 naive/cfar power_one_sided 0.365/0.365 power_two_sided 0.420/0.420 kurtosis 0.049/0.049 spec_cnn 0.170/0.170  (6s)
    JSR  -30.0 dB  BER 0.00e+00  PER 0.000  P(det)@0.05 naive/cfar power_one_sided 0.451/0.451 power_two_sided 0.480/0.480 kurtosis 0.039/0.039 spec_cnn 0.221/0.221  (6s)
    JSR  -29.0 dB  BER 0.00e+00  PER 0.000  P(det)@0.05 naive/cfar power_one_sided 0.490/0.490 power_two_sided 0.529/0.529 kurtosis 0.068/0.068 spec_cnn 0.230/0.230  (6s)
    JSR  -28.0 dB  BER 0.00e+00  PER 0.000  P(det)@0.05 naive/cfar power_one_sided 0.508/0.508 power_two_sided 0.555/0.555 kurtosis 0.043/0.043 spec_cnn 0.344/0.344  (7s)
    JSR  -27.0 dB  BER 0.00e+00  PER 0.000  P(det)@0.05 naive/cfar power_one_sided 0.568/0.568 power_two_sided 0.584/0.584 kurtosis 0.059/0.059 spec_cnn 0.395/0.395  (7s)
    JSR  -26.0 dB  BER 0.00e+00  PER 0.000  P(det)@0.05 naive/cfar power_one_sided 0.629/0.629 power_two_sided 0.639/0.639 kurtosis 0.043/0.043 spec_cnn 0.570/0.570  (7s)
    JSR  -25.0 dB  BER 0.00e+00  PER 0.000  P(det)@0.05 naive/cfar power_one_sided 0.697/0.697 power_two_sided 0.740/0.740 kurtosis 0.049/0.049 spec_cnn 0.703/0.703  (7s)
    JSR  -24.0 dB  BER 0.00e+00  PER 0.000  P(det)@0.05 naive/cfar power_one_sided 0.760/0.760 power_two_sided 0.773/0.773 kurtosis 0.039/0.039 spec_cnn 0.857/0.857  (8s)
    JSR  -23.0 dB  BER 0.00e+00  PER 0.000  P(det)@0.05 naive/cfar power_one_sided 0.840/0.840 power_two_sided 0.842/0.842 kurtosis 0.035/0.035 spec_cnn 0.947/0.947  (8s)
    JSR  -22.0 dB  BER 0.00e+00  PER 0.000  P(det)@0.05 naive/cfar power_one_sided 0.867/0.867 power_two_sided 0.877/0.877 kurtosis 0.055/0.055 spec_cnn 0.990/0.990  (8s)
    JSR  -21.0 dB  BER 1.30e-04  PER 0.033  P(det)@0.05 naive/cfar power_one_sided 0.914/0.914 power_two_sided 0.914/0.914 kurtosis 0.062/0.062 spec_cnn 1.000/1.000  (8s)
    JSR  -20.0 dB  BER 4.58e-04  PER 0.117  P(det)@0.05 naive/cfar power_one_sided 0.961/0.961 power_two_sided 0.953/0.953 kurtosis 0.068/0.068 spec_cnn 1.000/1.000  (9s)
    JSR  -19.0 dB  BER 1.10e-03  PER 0.281  P(det)@0.05 naive/cfar power_one_sided 0.969/0.969 power_two_sided 0.965/0.965 kurtosis 0.086/0.086 spec_cnn 1.000/1.000  (9s)
    JSR  -18.0 dB  BER 1.50e-03  PER 0.383  P(det)@0.05 naive/cfar power_one_sided 1.000/1.000 power_two_sided 1.000/1.000 kurtosis 0.133/0.133 spec_cnn 1.000/1.000  (9s)
    JSR  -17.0 dB  BER 1.89e-03  PER 0.465  P(det)@0.05 naive/cfar power_one_sided 1.000/1.000 power_two_sided 1.000/1.000 kurtosis 0.191/0.191 spec_cnn 1.000/1.000  (10s)
    JSR  -16.0 dB  BER 2.19e-03  PER 0.514  P(det)@0.05 naive/cfar power_one_sided 0.998/0.998 power_two_sided 0.998/0.998 kurtosis 0.311/0.311 spec_cnn 1.000/1.000  (10s)
    JSR  -15.0 dB  BER 2.69e-03  PER 0.607  P(det)@0.05 naive/cfar power_one_sided 1.000/1.000 power_two_sided 1.000/1.000 kurtosis 0.373/0.373 spec_cnn 1.000/1.000  (10s)
    JSR  -14.0 dB  BER 2.98e-03  PER 0.654  P(det)@0.05 naive/cfar power_one_sided 1.000/1.000 power_two_sided 1.000/1.000 kurtosis 0.496/0.496 spec_cnn 1.000/1.000  (10s)
    JSR  -13.0 dB  BER 3.25e-03  PER 0.654  P(det)@0.05 naive/cfar power_one_sided 1.000/1.000 power_two_sided 1.000/1.000 kurtosis 0.654/0.654 spec_cnn 1.000/1.000  (11s)
    JSR  -12.0 dB  BER 3.59e-03  PER 0.676  P(det)@0.05 naive/cfar power_one_sided 1.000/1.000 power_two_sided 1.000/1.000 kurtosis 0.832/0.832 spec_cnn 1.000/1.000  (11s)
    JSR  -11.0 dB  BER 3.99e-03  PER 0.742  P(det)@0.05 naive/cfar power_one_sided 1.000/1.000 power_two_sided 1.000/1.000 kurtosis 0.979/0.979 spec_cnn 1.000/1.000  (11s)
    JSR  -10.0 dB  BER 4.39e-03  PER 0.744  P(det)@0.05 naive/cfar power_one_sided 1.000/1.000 power_two_sided 1.000/1.000 kurtosis 1.000/1.000 spec_cnn 1.000/1.000  (12s)
    JSR   -9.0 dB  BER 4.36e-03  PER 0.754  P(det)@0.05 naive/cfar power_one_sided 1.000/1.000 power_two_sided 1.000/1.000 kurtosis 1.000/1.000 spec_cnn 1.000/1.000  (12s)
    JSR   -8.0 dB  BER 4.82e-03  PER 0.781  P(det)@0.05 naive/cfar power_one_sided 1.000/1.000 power_two_sided 1.000/1.000 kurtosis 1.000/1.000 spec_cnn 1.000/1.000  (12s)
    JSR   -7.0 dB  BER 5.12e-03  PER 0.811  P(det)@0.05 naive/cfar power_one_sided 1.000/1.000 power_two_sided 1.000/1.000 kurtosis 1.000/1.000 spec_cnn 1.000/1.000  (12s)
    JSR   -6.0 dB  BER 5.46e-03  PER 0.814  P(det)@0.05 naive/cfar power_one_sided 1.000/1.000 power_two_sided 1.000/1.000 kurtosis 1.000/1.000 spec_cnn 1.000/1.000  (13s)
    JSR   -5.0 dB  BER 6.42e-03  PER 0.854  P(det)@0.05 naive/cfar power_one_sided 1.000/1.000 power_two_sided 1.000/1.000 kurtosis 1.000/1.000 spec_cnn 1.000/1.000  (13s)
    JSR   -4.0 dB  BER 7.00e-03  PER 0.867  P(det)@0.05 naive/cfar power_one_sided 1.000/1.000 power_two_sided 1.000/1.000 kurtosis 1.000/1.000 spec_cnn 1.000/1.000  (13s)
    JSR   -3.0 dB  BER 7.51e-03  PER 0.875  P(det)@0.05 naive/cfar power_one_sided 1.000/1.000 power_two_sided 1.000/1.000 kurtosis 1.000/1.000 spec_cnn 1.000/1.000  (14s)
    JSR   -2.0 dB  BER 8.51e-03  PER 0.906  P(det)@0.05 naive/cfar power_one_sided 1.000/1.000 power_two_sided 1.000/1.000 kurtosis 1.000/1.000 spec_cnn 1.000/1.000  (14s)
    JSR   -1.0 dB  BER 8.94e-03  PER 0.922  P(det)@0.05 naive/cfar power_one_sided 1.000/1.000 power_two_sided 1.000/1.000 kurtosis 1.000/1.000 spec_cnn 1.000/1.000  (14s)
    JSR   +0.0 dB  BER 9.72e-03  PER 0.916  P(det)@0.05 naive/cfar power_one_sided 1.000/1.000 power_two_sided 1.000/1.000 kurtosis 1.000/1.000 spec_cnn 1.000/1.000  (14s)
    JSR   +1.0 dB  BER 1.06e-02  PER 0.941  P(det)@0.05 naive/cfar power_one_sided 1.000/1.000 power_two_sided 1.000/1.000 kurtosis 1.000/1.000 spec_cnn 1.000/1.000  (15s)
    JSR   +2.0 dB  BER 1.14e-02  PER 0.947  P(det)@0.05 naive/cfar power_one_sided 1.000/1.000 power_two_sided 1.000/1.000 kurtosis 1.000/1.000 spec_cnn 1.000/1.000  (15s)
    JSR   +3.0 dB  BER 1.30e-02  PER 0.967  P(det)@0.05 naive/cfar power_one_sided 1.000/1.000 power_two_sided 1.000/1.000 kurtosis 1.000/1.000 spec_cnn 1.000/1.000  (15s)
    JSR   +4.0 dB  BER 1.57e-02  PER 0.979  P(det)@0.05 naive/cfar power_one_sided 1.000/1.000 power_two_sided 1.000/1.000 kurtosis 1.000/1.000 spec_cnn 1.000/1.000  (16s)
    JSR   +5.0 dB  BER 2.11e-02  PER 0.988  P(det)@0.05 naive/cfar power_one_sided 1.000/1.000 power_two_sided 1.000/1.000 kurtosis 1.000/1.000 spec_cnn 1.000/1.000  (16s)
    JSR   +6.0 dB  BER 2.82e-02  PER 1.000  P(det)@0.05 naive/cfar power_one_sided 1.000/1.000 power_two_sided 1.000/1.000 kurtosis 1.000/1.000 spec_cnn 1.000/1.000  (16s)
    JSR   +7.0 dB  BER 3.89e-02  PER 1.000  P(det)@0.05 naive/cfar power_one_sided 1.000/1.000 power_two_sided 1.000/1.000 kurtosis 1.000/1.000 spec_cnn 1.000/1.000  (16s)
    JSR   +8.0 dB  BER 5.19e-02  PER 1.000  P(det)@0.05 naive/cfar power_one_sided 1.000/1.000 power_two_sided 1.000/1.000 kurtosis 1.000/1.000 spec_cnn 1.000/1.000  (17s)
    JSR   +9.0 dB  BER 7.07e-02  PER 1.000  P(det)@0.05 naive/cfar power_one_sided 1.000/1.000 power_two_sided 1.000/1.000 kurtosis 1.000/1.000 spec_cnn 1.000/1.000  (17s)
    JSR  +10.0 dB  BER 9.00e-02  PER 1.000  P(det)@0.05 naive/cfar power_one_sided 1.000/1.000 power_two_sided 1.000/1.000 kurtosis 1.000/1.000 spec_cnn 1.000/1.000  (17s)
    JSR  +11.0 dB  BER 1.12e-01  PER 1.000  P(det)@0.05 naive/cfar power_one_sided 1.000/1.000 power_two_sided 1.000/1.000 kurtosis 1.000/1.000 spec_cnn 1.000/1.000  (18s)
    JSR  +12.0 dB  BER 1.38e-01  PER 1.000  P(det)@0.05 naive/cfar power_one_sided 1.000/1.000 power_two_sided 1.000/1.000 kurtosis 1.000/1.000 spec_cnn 1.000/1.000  (18s)
    JSR  +13.0 dB  BER 1.63e-01  PER 1.000  P(det)@0.05 naive/cfar power_one_sided 1.000/1.000 power_two_sided 1.000/1.000 kurtosis 1.000/1.000 spec_cnn 1.000/1.000  (18s)
    JSR  +14.0 dB  BER 1.91e-01  PER 1.000  P(det)@0.05 naive/cfar power_one_sided 1.000/1.000 power_two_sided 1.000/1.000 kurtosis 1.000/1.000 spec_cnn 1.000/1.000  (18s)
    JSR  +15.0 dB  BER 2.16e-01  PER 1.000  P(det)@0.05 naive/cfar power_one_sided 1.000/1.000 power_two_sided 1.000/1.000 kurtosis 1.000/1.000 spec_cnn 1.000/1.000  (19s)
  [snr_30_unc_0] eff done (493s)
  [snr_30_unc_0] generator power_one_sided_b1 (scale 1.0000)
    JSR  -50.0 dB  BER 0.00e+00  PER 0.000  P(det)@0.05 naive/cfar power_one_sided 0.047/0.047 power_two_sided 0.035/0.035 kurtosis 0.066/0.066 spec_cnn 0.037/0.037  (0s)
    JSR  -49.0 dB  BER 0.00e+00  PER 0.000  P(det)@0.05 naive/cfar power_one_sided 0.041/0.041 power_two_sided 0.062/0.062 kurtosis 0.049/0.049 spec_cnn 0.051/0.051  (1s)
    JSR  -48.0 dB  BER 0.00e+00  PER 0.000  P(det)@0.05 naive/cfar power_one_sided 0.055/0.055 power_two_sided 0.059/0.059 kurtosis 0.043/0.043 spec_cnn 0.057/0.057  (1s)
    JSR  -47.0 dB  BER 0.00e+00  PER 0.000  P(det)@0.05 naive/cfar power_one_sided 0.068/0.068 power_two_sided 0.062/0.062 kurtosis 0.057/0.057 spec_cnn 0.053/0.053  (1s)
    JSR  -46.0 dB  BER 0.00e+00  PER 0.000  P(det)@0.05 naive/cfar power_one_sided 0.070/0.070 power_two_sided 0.064/0.064 kurtosis 0.045/0.045 spec_cnn 0.084/0.084  (1s)
    JSR  -45.0 dB  BER 0.00e+00  PER 0.000  P(det)@0.05 naive/cfar power_one_sided 0.053/0.053 power_two_sided 0.068/0.068 kurtosis 0.051/0.051 spec_cnn 0.043/0.043  (2s)
    JSR  -44.0 dB  BER 0.00e+00  PER 0.000  P(det)@0.05 naive/cfar power_one_sided 0.055/0.055 power_two_sided 0.061/0.061 kurtosis 0.049/0.049 spec_cnn 0.062/0.062  (2s)
    JSR  -43.0 dB  BER 0.00e+00  PER 0.000  P(det)@0.05 naive/cfar power_one_sided 0.074/0.074 power_two_sided 0.043/0.043 kurtosis 0.031/0.031 spec_cnn 0.059/0.059  (2s)
    JSR  -42.0 dB  BER 0.00e+00  PER 0.000  P(det)@0.05 naive/cfar power_one_sided 0.090/0.090 power_two_sided 0.096/0.096 kurtosis 0.053/0.053 spec_cnn 0.059/0.059  (3s)
    JSR  -41.0 dB  BER 0.00e+00  PER 0.000  P(det)@0.05 naive/cfar power_one_sided 0.080/0.080 power_two_sided 0.102/0.102 kurtosis 0.055/0.055 spec_cnn 0.062/0.062  (3s)
    JSR  -40.0 dB  BER 0.00e+00  PER 0.000  P(det)@0.05 naive/cfar power_one_sided 0.078/0.078 power_two_sided 0.098/0.098 kurtosis 0.043/0.043 spec_cnn 0.049/0.049  (3s)
    JSR  -39.0 dB  BER 0.00e+00  PER 0.000  P(det)@0.05 naive/cfar power_one_sided 0.096/0.096 power_two_sided 0.096/0.096 kurtosis 0.062/0.062 spec_cnn 0.074/0.074  (3s)
    JSR  -38.0 dB  BER 0.00e+00  PER 0.000  P(det)@0.05 naive/cfar power_one_sided 0.117/0.117 power_two_sided 0.131/0.131 kurtosis 0.031/0.031 spec_cnn 0.045/0.045  (4s)
    JSR  -37.0 dB  BER 0.00e+00  PER 0.000  P(det)@0.05 naive/cfar power_one_sided 0.162/0.162 power_two_sided 0.156/0.156 kurtosis 0.047/0.047 spec_cnn 0.082/0.082  (4s)
    JSR  -36.0 dB  BER 0.00e+00  PER 0.000  P(det)@0.05 naive/cfar power_one_sided 0.139/0.139 power_two_sided 0.158/0.158 kurtosis 0.061/0.061 spec_cnn 0.092/0.092  (4s)
    JSR  -35.0 dB  BER 0.00e+00  PER 0.000  P(det)@0.05 naive/cfar power_one_sided 0.178/0.178 power_two_sided 0.164/0.164 kurtosis 0.062/0.062 spec_cnn 0.092/0.092  (5s)
    JSR  -34.0 dB  BER 0.00e+00  PER 0.000  P(det)@0.05 naive/cfar power_one_sided 0.242/0.242 power_two_sided 0.244/0.244 kurtosis 0.051/0.051 spec_cnn 0.094/0.094  (5s)
    JSR  -33.0 dB  BER 0.00e+00  PER 0.000  P(det)@0.05 naive/cfar power_one_sided 0.229/0.229 power_two_sided 0.250/0.250 kurtosis 0.053/0.053 spec_cnn 0.137/0.137  (5s)
    JSR  -32.0 dB  BER 0.00e+00  PER 0.000  P(det)@0.05 naive/cfar power_one_sided 0.270/0.270 power_two_sided 0.266/0.266 kurtosis 0.055/0.055 spec_cnn 0.146/0.146  (5s)
    JSR  -31.0 dB  BER 0.00e+00  PER 0.000  P(det)@0.05 naive/cfar power_one_sided 0.291/0.291 power_two_sided 0.334/0.334 kurtosis 0.053/0.053 spec_cnn 0.188/0.188  (6s)
    JSR  -30.0 dB  BER 0.00e+00  PER 0.000  P(det)@0.05 naive/cfar power_one_sided 0.355/0.355 power_two_sided 0.398/0.398 kurtosis 0.049/0.049 spec_cnn 0.252/0.252  (6s)
    JSR  -29.0 dB  BER 0.00e+00  PER 0.000  P(det)@0.05 naive/cfar power_one_sided 0.426/0.426 power_two_sided 0.434/0.434 kurtosis 0.057/0.057 spec_cnn 0.303/0.303  (6s)
    JSR  -28.0 dB  BER 0.00e+00  PER 0.000  P(det)@0.05 naive/cfar power_one_sided 0.492/0.492 power_two_sided 0.541/0.541 kurtosis 0.059/0.059 spec_cnn 0.396/0.396  (7s)
    JSR  -27.0 dB  BER 0.00e+00  PER 0.000  P(det)@0.05 naive/cfar power_one_sided 0.486/0.486 power_two_sided 0.520/0.520 kurtosis 0.041/0.041 spec_cnn 0.527/0.527  (7s)
    JSR  -26.0 dB  BER 0.00e+00  PER 0.000  P(det)@0.05 naive/cfar power_one_sided 0.561/0.561 power_two_sided 0.598/0.598 kurtosis 0.064/0.064 spec_cnn 0.738/0.738  (7s)
    JSR  -25.0 dB  BER 0.00e+00  PER 0.000  P(det)@0.05 naive/cfar power_one_sided 0.637/0.637 power_two_sided 0.680/0.680 kurtosis 0.057/0.057 spec_cnn 0.861/0.861  (7s)
    JSR  -24.0 dB  BER 0.00e+00  PER 0.000  P(det)@0.05 naive/cfar power_one_sided 0.676/0.676 power_two_sided 0.721/0.721 kurtosis 0.064/0.064 spec_cnn 0.951/0.951  (8s)
    JSR  -23.0 dB  BER 0.00e+00  PER 0.000  P(det)@0.05 naive/cfar power_one_sided 0.729/0.729 power_two_sided 0.760/0.760 kurtosis 0.064/0.064 spec_cnn 0.992/0.992  (8s)
    JSR  -22.0 dB  BER 0.00e+00  PER 0.000  P(det)@0.05 naive/cfar power_one_sided 0.777/0.777 power_two_sided 0.797/0.797 kurtosis 0.061/0.061 spec_cnn 0.998/0.998  (8s)
    JSR  -21.0 dB  BER 0.00e+00  PER 0.000  P(det)@0.05 naive/cfar power_one_sided 0.836/0.836 power_two_sided 0.854/0.854 kurtosis 0.096/0.096 spec_cnn 0.998/0.998  (8s)
    JSR  -20.0 dB  BER 6.10e-05  PER 0.016  P(det)@0.05 naive/cfar power_one_sided 0.863/0.863 power_two_sided 0.889/0.889 kurtosis 0.098/0.098 spec_cnn 1.000/1.000  (9s)
    JSR  -19.0 dB  BER 3.28e-04  PER 0.084  P(det)@0.05 naive/cfar power_one_sided 0.904/0.904 power_two_sided 0.916/0.916 kurtosis 0.154/0.154 spec_cnn 1.000/1.000  (9s)
    JSR  -18.0 dB  BER 5.72e-04  PER 0.146  P(det)@0.05 naive/cfar power_one_sided 0.965/0.965 power_two_sided 0.969/0.969 kurtosis 0.154/0.154 spec_cnn 1.000/1.000  (9s)
    JSR  -17.0 dB  BER 9.00e-04  PER 0.230  P(det)@0.05 naive/cfar power_one_sided 0.977/0.977 power_two_sided 0.977/0.977 kurtosis 0.254/0.254 spec_cnn 1.000/1.000  (10s)
    JSR  -16.0 dB  BER 1.40e-03  PER 0.352  P(det)@0.05 naive/cfar power_one_sided 0.992/0.992 power_two_sided 0.988/0.988 kurtosis 0.355/0.355 spec_cnn 1.000/1.000  (10s)
    JSR  -15.0 dB  BER 1.66e-03  PER 0.393  P(det)@0.05 naive/cfar power_one_sided 0.998/0.998 power_two_sided 0.998/0.998 kurtosis 0.527/0.527 spec_cnn 1.000/1.000  (10s)
    JSR  -14.0 dB  BER 1.99e-03  PER 0.451  P(det)@0.05 naive/cfar power_one_sided 1.000/1.000 power_two_sided 0.998/0.998 kurtosis 0.602/0.602 spec_cnn 1.000/1.000  (10s)
    JSR  -13.0 dB  BER 2.74e-03  PER 0.582  P(det)@0.05 naive/cfar power_one_sided 1.000/1.000 power_two_sided 1.000/1.000 kurtosis 0.672/0.672 spec_cnn 1.000/1.000  (11s)
    JSR  -12.0 dB  BER 2.98e-03  PER 0.623  P(det)@0.05 naive/cfar power_one_sided 1.000/1.000 power_two_sided 1.000/1.000 kurtosis 0.840/0.840 spec_cnn 1.000/1.000  (11s)
    JSR  -11.0 dB  BER 3.64e-03  PER 0.699  P(det)@0.05 naive/cfar power_one_sided 1.000/1.000 power_two_sided 1.000/1.000 kurtosis 0.902/0.902 spec_cnn 1.000/1.000  (11s)
    JSR  -10.0 dB  BER 4.13e-03  PER 0.734  P(det)@0.05 naive/cfar power_one_sided 1.000/1.000 power_two_sided 1.000/1.000 kurtosis 0.941/0.941 spec_cnn 1.000/1.000  (12s)
    JSR   -9.0 dB  BER 4.36e-03  PER 0.734  P(det)@0.05 naive/cfar power_one_sided 1.000/1.000 power_two_sided 1.000/1.000 kurtosis 0.990/0.990 spec_cnn 1.000/1.000  (12s)
    JSR   -8.0 dB  BER 4.65e-03  PER 0.746  P(det)@0.05 naive/cfar power_one_sided 1.000/1.000 power_two_sided 1.000/1.000 kurtosis 0.998/0.998 spec_cnn 1.000/1.000  (12s)
    JSR   -7.0 dB  BER 5.71e-03  PER 0.820  P(det)@0.05 naive/cfar power_one_sided 1.000/1.000 power_two_sided 1.000/1.000 kurtosis 1.000/1.000 spec_cnn 1.000/1.000  (12s)
    JSR   -6.0 dB  BER 6.23e-03  PER 0.840  P(det)@0.05 naive/cfar power_one_sided 1.000/1.000 power_two_sided 1.000/1.000 kurtosis 1.000/1.000 spec_cnn 1.000/1.000  (13s)
    JSR   -5.0 dB  BER 6.65e-03  PER 0.865  P(det)@0.05 naive/cfar power_one_sided 1.000/1.000 power_two_sided 1.000/1.000 kurtosis 1.000/1.000 spec_cnn 1.000/1.000  (13s)
    JSR   -4.0 dB  BER 7.35e-03  PER 0.916  P(det)@0.05 naive/cfar power_one_sided 1.000/1.000 power_two_sided 1.000/1.000 kurtosis 1.000/1.000 spec_cnn 1.000/1.000  (13s)
    JSR   -3.0 dB  BER 8.50e-03  PER 0.945  P(det)@0.05 naive/cfar power_one_sided 1.000/1.000 power_two_sided 1.000/1.000 kurtosis 1.000/1.000 spec_cnn 1.000/1.000  (14s)
    JSR   -2.0 dB  BER 8.83e-03  PER 0.916  P(det)@0.05 naive/cfar power_one_sided 1.000/1.000 power_two_sided 1.000/1.000 kurtosis 1.000/1.000 spec_cnn 1.000/1.000  (14s)
    JSR   -1.0 dB  BER 9.77e-03  PER 0.947  P(det)@0.05 naive/cfar power_one_sided 1.000/1.000 power_two_sided 1.000/1.000 kurtosis 1.000/1.000 spec_cnn 1.000/1.000  (14s)
    JSR   +0.0 dB  BER 1.11e-02  PER 0.963  P(det)@0.05 naive/cfar power_one_sided 1.000/1.000 power_two_sided 1.000/1.000 kurtosis 1.000/1.000 spec_cnn 1.000/1.000  (14s)
    JSR   +1.0 dB  BER 1.31e-02  PER 0.961  P(det)@0.05 naive/cfar power_one_sided 1.000/1.000 power_two_sided 1.000/1.000 kurtosis 1.000/1.000 spec_cnn 1.000/1.000  (15s)
    JSR   +2.0 dB  BER 1.54e-02  PER 0.988  P(det)@0.05 naive/cfar power_one_sided 1.000/1.000 power_two_sided 1.000/1.000 kurtosis 1.000/1.000 spec_cnn 1.000/1.000  (15s)
    JSR   +3.0 dB  BER 1.91e-02  PER 0.994  P(det)@0.05 naive/cfar power_one_sided 1.000/1.000 power_two_sided 1.000/1.000 kurtosis 1.000/1.000 spec_cnn 1.000/1.000  (15s)
    JSR   +4.0 dB  BER 2.61e-02  PER 1.000  P(det)@0.05 naive/cfar power_one_sided 1.000/1.000 power_two_sided 1.000/1.000 kurtosis 1.000/1.000 spec_cnn 1.000/1.000  (16s)
    JSR   +5.0 dB  BER 3.43e-02  PER 0.998  P(det)@0.05 naive/cfar power_one_sided 1.000/1.000 power_two_sided 1.000/1.000 kurtosis 1.000/1.000 spec_cnn 1.000/1.000  (16s)
    JSR   +6.0 dB  BER 4.58e-02  PER 1.000  P(det)@0.05 naive/cfar power_one_sided 1.000/1.000 power_two_sided 1.000/1.000 kurtosis 1.000/1.000 spec_cnn 1.000/1.000  (16s)
    JSR   +7.0 dB  BER 6.14e-02  PER 1.000  P(det)@0.05 naive/cfar power_one_sided 1.000/1.000 power_two_sided 1.000/1.000 kurtosis 1.000/1.000 spec_cnn 1.000/1.000  (16s)
    JSR   +8.0 dB  BER 7.96e-02  PER 1.000  P(det)@0.05 naive/cfar power_one_sided 1.000/1.000 power_two_sided 1.000/1.000 kurtosis 1.000/1.000 spec_cnn 1.000/1.000  (17s)
    JSR   +9.0 dB  BER 1.03e-01  PER 1.000  P(det)@0.05 naive/cfar power_one_sided 1.000/1.000 power_two_sided 1.000/1.000 kurtosis 1.000/1.000 spec_cnn 1.000/1.000  (17s)
    JSR  +10.0 dB  BER 1.26e-01  PER 1.000  P(det)@0.05 naive/cfar power_one_sided 1.000/1.000 power_two_sided 1.000/1.000 kurtosis 1.000/1.000 spec_cnn 1.000/1.000  (17s)
    JSR  +11.0 dB  BER 1.53e-01  PER 1.000  P(det)@0.05 naive/cfar power_one_sided 1.000/1.000 power_two_sided 1.000/1.000 kurtosis 1.000/1.000 spec_cnn 1.000/1.000  (18s)
    JSR  +12.0 dB  BER 1.77e-01  PER 1.000  P(det)@0.05 naive/cfar power_one_sided 1.000/1.000 power_two_sided 1.000/1.000 kurtosis 1.000/1.000 spec_cnn 1.000/1.000  (18s)
    JSR  +13.0 dB  BER 2.07e-01  PER 1.000  P(det)@0.05 naive/cfar power_one_sided 1.000/1.000 power_two_sided 1.000/1.000 kurtosis 1.000/1.000 spec_cnn 1.000/1.000  (18s)
    JSR  +14.0 dB  BER 2.37e-01  PER 1.000  P(det)@0.05 naive/cfar power_one_sided 1.000/1.000 power_two_sided 1.000/1.000 kurtosis 1.000/1.000 spec_cnn 1.000/1.000  (18s)
    JSR  +15.0 dB  BER 2.57e-01  PER 1.000  P(det)@0.05 naive/cfar power_one_sided 1.000/1.000 power_two_sided 1.000/1.000 kurtosis 1.000/1.000 spec_cnn 1.000/1.000  (19s)
  [snr_30_unc_0] power_one_sided_b1 done (548s)
  [snr_30_unc_0] generator power_one_sided_b10 (scale 1.0000)
    JSR  -50.0 dB  BER 0.00e+00  PER 0.000  P(det)@0.05 naive/cfar power_one_sided 0.066/0.066 power_two_sided 0.082/0.082 kurtosis 0.053/0.053 spec_cnn 0.066/0.066  (0s)
    JSR  -49.0 dB  BER 0.00e+00  PER 0.000  P(det)@0.05 naive/cfar power_one_sided 0.053/0.053 power_two_sided 0.051/0.051 kurtosis 0.057/0.057 spec_cnn 0.043/0.043  (1s)
    JSR  -48.0 dB  BER 0.00e+00  PER 0.000  P(det)@0.05 naive/cfar power_one_sided 0.041/0.041 power_two_sided 0.041/0.041 kurtosis 0.051/0.051 spec_cnn 0.041/0.041  (1s)
    JSR  -47.0 dB  BER 0.00e+00  PER 0.000  P(det)@0.05 naive/cfar power_one_sided 0.061/0.061 power_two_sided 0.062/0.062 kurtosis 0.045/0.045 spec_cnn 0.059/0.059  (1s)
    JSR  -46.0 dB  BER 0.00e+00  PER 0.000  P(det)@0.05 naive/cfar power_one_sided 0.066/0.066 power_two_sided 0.080/0.080 kurtosis 0.057/0.057 spec_cnn 0.055/0.055  (1s)
    JSR  -45.0 dB  BER 0.00e+00  PER 0.000  P(det)@0.05 naive/cfar power_one_sided 0.074/0.074 power_two_sided 0.072/0.072 kurtosis 0.061/0.061 spec_cnn 0.051/0.051  (2s)
    JSR  -44.0 dB  BER 0.00e+00  PER 0.000  P(det)@0.05 naive/cfar power_one_sided 0.072/0.072 power_two_sided 0.061/0.061 kurtosis 0.043/0.043 spec_cnn 0.051/0.051  (2s)
    JSR  -43.0 dB  BER 0.00e+00  PER 0.000  P(det)@0.05 naive/cfar power_one_sided 0.078/0.078 power_two_sided 0.078/0.078 kurtosis 0.043/0.043 spec_cnn 0.053/0.053  (2s)
    JSR  -42.0 dB  BER 0.00e+00  PER 0.000  P(det)@0.05 naive/cfar power_one_sided 0.096/0.096 power_two_sided 0.074/0.074 kurtosis 0.045/0.045 spec_cnn 0.043/0.043  (3s)
    JSR  -41.0 dB  BER 0.00e+00  PER 0.000  P(det)@0.05 naive/cfar power_one_sided 0.076/0.076 power_two_sided 0.086/0.086 kurtosis 0.047/0.047 spec_cnn 0.061/0.061  (3s)
    JSR  -40.0 dB  BER 0.00e+00  PER 0.000  P(det)@0.05 naive/cfar power_one_sided 0.109/0.109 power_two_sided 0.096/0.096 kurtosis 0.041/0.041 spec_cnn 0.055/0.055  (3s)
    JSR  -39.0 dB  BER 0.00e+00  PER 0.000  P(det)@0.05 naive/cfar power_one_sided 0.107/0.107 power_two_sided 0.121/0.121 kurtosis 0.059/0.059 spec_cnn 0.051/0.051  (3s)
    JSR  -38.0 dB  BER 0.00e+00  PER 0.000  P(det)@0.05 naive/cfar power_one_sided 0.105/0.105 power_two_sided 0.123/0.123 kurtosis 0.059/0.059 spec_cnn 0.072/0.072  (4s)
    JSR  -37.0 dB  BER 0.00e+00  PER 0.000  P(det)@0.05 naive/cfar power_one_sided 0.156/0.156 power_two_sided 0.154/0.154 kurtosis 0.045/0.045 spec_cnn 0.072/0.072  (4s)
    JSR  -36.0 dB  BER 0.00e+00  PER 0.000  P(det)@0.05 naive/cfar power_one_sided 0.164/0.164 power_two_sided 0.164/0.164 kurtosis 0.047/0.047 spec_cnn 0.094/0.094  (4s)
    JSR  -35.0 dB  BER 0.00e+00  PER 0.000  P(det)@0.05 naive/cfar power_one_sided 0.162/0.162 power_two_sided 0.201/0.201 kurtosis 0.037/0.037 spec_cnn 0.086/0.086  (5s)
    JSR  -34.0 dB  BER 0.00e+00  PER 0.000  P(det)@0.05 naive/cfar power_one_sided 0.207/0.207 power_two_sided 0.229/0.229 kurtosis 0.047/0.047 spec_cnn 0.113/0.113  (5s)
    JSR  -33.0 dB  BER 0.00e+00  PER 0.000  P(det)@0.05 naive/cfar power_one_sided 0.246/0.246 power_two_sided 0.293/0.293 kurtosis 0.053/0.053 spec_cnn 0.117/0.117  (5s)
    JSR  -32.0 dB  BER 0.00e+00  PER 0.000  P(det)@0.05 naive/cfar power_one_sided 0.277/0.277 power_two_sided 0.318/0.318 kurtosis 0.047/0.047 spec_cnn 0.172/0.172  (5s)
    JSR  -31.0 dB  BER 0.00e+00  PER 0.000  P(det)@0.05 naive/cfar power_one_sided 0.330/0.330 power_two_sided 0.383/0.383 kurtosis 0.059/0.059 spec_cnn 0.193/0.193  (6s)
    JSR  -30.0 dB  BER 0.00e+00  PER 0.000  P(det)@0.05 naive/cfar power_one_sided 0.391/0.391 power_two_sided 0.451/0.451 kurtosis 0.053/0.053 spec_cnn 0.230/0.230  (6s)
    JSR  -29.0 dB  BER 0.00e+00  PER 0.000  P(det)@0.05 naive/cfar power_one_sided 0.461/0.461 power_two_sided 0.535/0.535 kurtosis 0.051/0.051 spec_cnn 0.262/0.262  (6s)
    JSR  -28.0 dB  BER 0.00e+00  PER 0.000  P(det)@0.05 naive/cfar power_one_sided 0.469/0.469 power_two_sided 0.547/0.547 kurtosis 0.068/0.068 spec_cnn 0.383/0.383  (7s)
    JSR  -27.0 dB  BER 0.00e+00  PER 0.000  P(det)@0.05 naive/cfar power_one_sided 0.512/0.512 power_two_sided 0.584/0.584 kurtosis 0.037/0.037 spec_cnn 0.564/0.564  (7s)
    JSR  -26.0 dB  BER 0.00e+00  PER 0.000  P(det)@0.05 naive/cfar power_one_sided 0.545/0.545 power_two_sided 0.629/0.629 kurtosis 0.055/0.055 spec_cnn 0.738/0.738  (7s)
    JSR  -25.0 dB  BER 0.00e+00  PER 0.000  P(det)@0.05 naive/cfar power_one_sided 0.549/0.549 power_two_sided 0.633/0.633 kurtosis 0.062/0.062 spec_cnn 0.836/0.836  (7s)
    JSR  -24.0 dB  BER 0.00e+00  PER 0.000  P(det)@0.05 naive/cfar power_one_sided 0.631/0.631 power_two_sided 0.713/0.713 kurtosis 0.074/0.074 spec_cnn 0.951/0.951  (8s)
    JSR  -23.0 dB  BER 0.00e+00  PER 0.000  P(det)@0.05 naive/cfar power_one_sided 0.668/0.668 power_two_sided 0.748/0.748 kurtosis 0.068/0.068 spec_cnn 0.990/0.990  (8s)
    JSR  -22.0 dB  BER 0.00e+00  PER 0.000  P(det)@0.05 naive/cfar power_one_sided 0.713/0.713 power_two_sided 0.781/0.781 kurtosis 0.072/0.072 spec_cnn 1.000/1.000  (8s)
    JSR  -21.0 dB  BER 6.10e-05  PER 0.016  P(det)@0.05 naive/cfar power_one_sided 0.771/0.771 power_two_sided 0.814/0.814 kurtosis 0.082/0.082 spec_cnn 1.000/1.000  (8s)
    JSR  -20.0 dB  BER 3.28e-04  PER 0.084  P(det)@0.05 naive/cfar power_one_sided 0.836/0.836 power_two_sided 0.861/0.861 kurtosis 0.139/0.139 spec_cnn 1.000/1.000  (9s)
    JSR  -19.0 dB  BER 7.55e-04  PER 0.193  P(det)@0.05 naive/cfar power_one_sided 0.869/0.869 power_two_sided 0.906/0.906 kurtosis 0.160/0.160 spec_cnn 1.000/1.000  (9s)
    JSR  -18.0 dB  BER 1.19e-03  PER 0.305  P(det)@0.05 naive/cfar power_one_sided 0.920/0.920 power_two_sided 0.928/0.928 kurtosis 0.250/0.250 spec_cnn 1.000/1.000  (9s)
    JSR  -17.0 dB  BER 1.57e-03  PER 0.395  P(det)@0.05 naive/cfar power_one_sided 0.953/0.953 power_two_sided 0.953/0.953 kurtosis 0.334/0.334 spec_cnn 1.000/1.000  (10s)
    JSR  -16.0 dB  BER 1.90e-03  PER 0.449  P(det)@0.05 naive/cfar power_one_sided 0.979/0.979 power_two_sided 0.977/0.977 kurtosis 0.465/0.465 spec_cnn 1.000/1.000  (10s)
    JSR  -15.0 dB  BER 2.28e-03  PER 0.521  P(det)@0.05 naive/cfar power_one_sided 0.996/0.996 power_two_sided 0.996/0.996 kurtosis 0.584/0.584 spec_cnn 1.000/1.000  (10s)
    JSR  -14.0 dB  BER 2.73e-03  PER 0.598  P(det)@0.05 naive/cfar power_one_sided 1.000/1.000 power_two_sided 1.000/1.000 kurtosis 0.664/0.664 spec_cnn 1.000/1.000  (10s)
    JSR  -13.0 dB  BER 2.88e-03  PER 0.617  P(det)@0.05 naive/cfar power_one_sided 1.000/1.000 power_two_sided 1.000/1.000 kurtosis 0.740/0.740 spec_cnn 1.000/1.000  (11s)
    JSR  -12.0 dB  BER 3.07e-03  PER 0.619  P(det)@0.05 naive/cfar power_one_sided 1.000/1.000 power_two_sided 1.000/1.000 kurtosis 0.830/0.830 spec_cnn 1.000/1.000  (11s)
    JSR  -11.0 dB  BER 3.83e-03  PER 0.715  P(det)@0.05 naive/cfar power_one_sided 1.000/1.000 power_two_sided 1.000/1.000 kurtosis 0.939/0.939 spec_cnn 1.000/1.000  (11s)
    JSR  -10.0 dB  BER 3.85e-03  PER 0.705  P(det)@0.05 naive/cfar power_one_sided 1.000/1.000 power_two_sided 1.000/1.000 kurtosis 0.973/0.973 spec_cnn 1.000/1.000  (12s)
    JSR   -9.0 dB  BER 4.37e-03  PER 0.756  P(det)@0.05 naive/cfar power_one_sided 1.000/1.000 power_two_sided 1.000/1.000 kurtosis 0.996/0.996 spec_cnn 1.000/1.000  (12s)
    JSR   -8.0 dB  BER 4.91e-03  PER 0.805  P(det)@0.05 naive/cfar power_one_sided 1.000/1.000 power_two_sided 1.000/1.000 kurtosis 1.000/1.000 spec_cnn 1.000/1.000  (12s)
    JSR   -7.0 dB  BER 5.69e-03  PER 0.838  P(det)@0.05 naive/cfar power_one_sided 1.000/1.000 power_two_sided 1.000/1.000 kurtosis 1.000/1.000 spec_cnn 1.000/1.000  (12s)
    JSR   -6.0 dB  BER 6.36e-03  PER 0.879  P(det)@0.05 naive/cfar power_one_sided 1.000/1.000 power_two_sided 1.000/1.000 kurtosis 1.000/1.000 spec_cnn 1.000/1.000  (13s)
    JSR   -5.0 dB  BER 6.92e-03  PER 0.863  P(det)@0.05 naive/cfar power_one_sided 1.000/1.000 power_two_sided 1.000/1.000 kurtosis 1.000/1.000 spec_cnn 1.000/1.000  (13s)
    JSR   -4.0 dB  BER 7.57e-03  PER 0.900  P(det)@0.05 naive/cfar power_one_sided 1.000/1.000 power_two_sided 1.000/1.000 kurtosis 1.000/1.000 spec_cnn 1.000/1.000  (13s)
    JSR   -3.0 dB  BER 8.26e-03  PER 0.895  P(det)@0.05 naive/cfar power_one_sided 1.000/1.000 power_two_sided 1.000/1.000 kurtosis 1.000/1.000 spec_cnn 1.000/1.000  (14s)
    JSR   -2.0 dB  BER 8.59e-03  PER 0.926  P(det)@0.05 naive/cfar power_one_sided 1.000/1.000 power_two_sided 1.000/1.000 kurtosis 1.000/1.000 spec_cnn 1.000/1.000  (14s)
    JSR   -1.0 dB  BER 9.86e-03  PER 0.936  P(det)@0.05 naive/cfar power_one_sided 1.000/1.000 power_two_sided 1.000/1.000 kurtosis 1.000/1.000 spec_cnn 1.000/1.000  (14s)
    JSR   +0.0 dB  BER 1.08e-02  PER 0.957  P(det)@0.05 naive/cfar power_one_sided 1.000/1.000 power_two_sided 1.000/1.000 kurtosis 1.000/1.000 spec_cnn 1.000/1.000  (14s)
    JSR   +1.0 dB  BER 1.28e-02  PER 0.973  P(det)@0.05 naive/cfar power_one_sided 1.000/1.000 power_two_sided 1.000/1.000 kurtosis 1.000/1.000 spec_cnn 1.000/1.000  (15s)
    JSR   +2.0 dB  BER 1.49e-02  PER 0.980  P(det)@0.05 naive/cfar power_one_sided 1.000/1.000 power_two_sided 1.000/1.000 kurtosis 1.000/1.000 spec_cnn 1.000/1.000  (15s)
    JSR   +3.0 dB  BER 1.78e-02  PER 0.984  P(det)@0.05 naive/cfar power_one_sided 1.000/1.000 power_two_sided 1.000/1.000 kurtosis 1.000/1.000 spec_cnn 1.000/1.000  (15s)
    JSR   +4.0 dB  BER 2.12e-02  PER 0.996  P(det)@0.05 naive/cfar power_one_sided 1.000/1.000 power_two_sided 1.000/1.000 kurtosis 1.000/1.000 spec_cnn 1.000/1.000  (16s)
    JSR   +5.0 dB  BER 2.79e-02  PER 0.996  P(det)@0.05 naive/cfar power_one_sided 1.000/1.000 power_two_sided 1.000/1.000 kurtosis 1.000/1.000 spec_cnn 1.000/1.000  (16s)
    JSR   +6.0 dB  BER 3.79e-02  PER 1.000  P(det)@0.05 naive/cfar power_one_sided 1.000/1.000 power_two_sided 1.000/1.000 kurtosis 1.000/1.000 spec_cnn 1.000/1.000  (16s)
    JSR   +7.0 dB  BER 4.99e-02  PER 1.000  P(det)@0.05 naive/cfar power_one_sided 1.000/1.000 power_two_sided 1.000/1.000 kurtosis 1.000/1.000 spec_cnn 1.000/1.000  (16s)
    JSR   +8.0 dB  BER 6.52e-02  PER 1.000  P(det)@0.05 naive/cfar power_one_sided 1.000/1.000 power_two_sided 1.000/1.000 kurtosis 1.000/1.000 spec_cnn 1.000/1.000  (17s)
    JSR   +9.0 dB  BER 8.50e-02  PER 1.000  P(det)@0.05 naive/cfar power_one_sided 1.000/1.000 power_two_sided 1.000/1.000 kurtosis 1.000/1.000 spec_cnn 1.000/1.000  (17s)
    JSR  +10.0 dB  BER 1.04e-01  PER 1.000  P(det)@0.05 naive/cfar power_one_sided 1.000/1.000 power_two_sided 1.000/1.000 kurtosis 1.000/1.000 spec_cnn 1.000/1.000  (17s)
    JSR  +11.0 dB  BER 1.29e-01  PER 1.000  P(det)@0.05 naive/cfar power_one_sided 1.000/1.000 power_two_sided 1.000/1.000 kurtosis 1.000/1.000 spec_cnn 1.000/1.000  (18s)
    JSR  +12.0 dB  BER 1.54e-01  PER 1.000  P(det)@0.05 naive/cfar power_one_sided 1.000/1.000 power_two_sided 1.000/1.000 kurtosis 1.000/1.000 spec_cnn 1.000/1.000  (18s)
    JSR  +13.0 dB  BER 1.81e-01  PER 1.000  P(det)@0.05 naive/cfar power_one_sided 1.000/1.000 power_two_sided 1.000/1.000 kurtosis 1.000/1.000 spec_cnn 1.000/1.000  (18s)
    JSR  +14.0 dB  BER 2.05e-01  PER 1.000  P(det)@0.05 naive/cfar power_one_sided 1.000/1.000 power_two_sided 1.000/1.000 kurtosis 1.000/1.000 spec_cnn 1.000/1.000  (18s)
    JSR  +15.0 dB  BER 2.31e-01  PER 1.000  P(det)@0.05 naive/cfar power_one_sided 1.000/1.000 power_two_sided 1.000/1.000 kurtosis 1.000/1.000 spec_cnn 1.000/1.000  (19s)
  [snr_30_unc_0] power_one_sided_b10 done (603s)
  [snr_30_unc_0] generator power_one_sided_b100 (scale 1.0000)
    JSR  -50.0 dB  BER 0.00e+00  PER 0.000  P(det)@0.05 naive/cfar power_one_sided 0.039/0.039 power_two_sided 0.053/0.053 kurtosis 0.055/0.055 spec_cnn 0.057/0.057  (0s)
    JSR  -49.0 dB  BER 0.00e+00  PER 0.000  P(det)@0.05 naive/cfar power_one_sided 0.068/0.068 power_two_sided 0.072/0.072 kurtosis 0.057/0.057 spec_cnn 0.049/0.049  (1s)
    JSR  -48.0 dB  BER 0.00e+00  PER 0.000  P(det)@0.05 naive/cfar power_one_sided 0.053/0.053 power_two_sided 0.059/0.059 kurtosis 0.053/0.053 spec_cnn 0.049/0.049  (1s)
    JSR  -47.0 dB  BER 0.00e+00  PER 0.000  P(det)@0.05 naive/cfar power_one_sided 0.062/0.062 power_two_sided 0.074/0.074 kurtosis 0.041/0.041 spec_cnn 0.070/0.070  (1s)
    JSR  -46.0 dB  BER 0.00e+00  PER 0.000  P(det)@0.05 naive/cfar power_one_sided 0.062/0.062 power_two_sided 0.072/0.072 kurtosis 0.043/0.043 spec_cnn 0.059/0.059  (1s)
    JSR  -45.0 dB  BER 0.00e+00  PER 0.000  P(det)@0.05 naive/cfar power_one_sided 0.088/0.088 power_two_sided 0.076/0.076 kurtosis 0.047/0.047 spec_cnn 0.049/0.049  (2s)
    JSR  -44.0 dB  BER 0.00e+00  PER 0.000  P(det)@0.05 naive/cfar power_one_sided 0.062/0.062 power_two_sided 0.068/0.068 kurtosis 0.051/0.051 spec_cnn 0.043/0.043  (2s)
    JSR  -43.0 dB  BER 0.00e+00  PER 0.000  P(det)@0.05 naive/cfar power_one_sided 0.076/0.076 power_two_sided 0.059/0.059 kurtosis 0.035/0.035 spec_cnn 0.029/0.029  (2s)
    JSR  -42.0 dB  BER 0.00e+00  PER 0.000  P(det)@0.05 naive/cfar power_one_sided 0.078/0.078 power_two_sided 0.080/0.080 kurtosis 0.045/0.045 spec_cnn 0.053/0.053  (3s)
    JSR  -41.0 dB  BER 0.00e+00  PER 0.000  P(det)@0.05 naive/cfar power_one_sided 0.082/0.082 power_two_sided 0.086/0.086 kurtosis 0.043/0.043 spec_cnn 0.061/0.061  (3s)
    JSR  -40.0 dB  BER 0.00e+00  PER 0.000  P(det)@0.05 naive/cfar power_one_sided 0.111/0.111 power_two_sided 0.096/0.096 kurtosis 0.053/0.053 spec_cnn 0.051/0.051  (3s)
    JSR  -39.0 dB  BER 0.00e+00  PER 0.000  P(det)@0.05 naive/cfar power_one_sided 0.123/0.123 power_two_sided 0.137/0.137 kurtosis 0.045/0.045 spec_cnn 0.070/0.070  (3s)
    JSR  -38.0 dB  BER 0.00e+00  PER 0.000  P(det)@0.05 naive/cfar power_one_sided 0.137/0.137 power_two_sided 0.166/0.166 kurtosis 0.047/0.047 spec_cnn 0.062/0.062  (4s)
    JSR  -37.0 dB  BER 0.00e+00  PER 0.000  P(det)@0.05 naive/cfar power_one_sided 0.166/0.166 power_two_sided 0.182/0.182 kurtosis 0.059/0.059 spec_cnn 0.055/0.055  (4s)
    JSR  -36.0 dB  BER 0.00e+00  PER 0.000  P(det)@0.05 naive/cfar power_one_sided 0.189/0.189 power_two_sided 0.221/0.221 kurtosis 0.053/0.053 spec_cnn 0.051/0.051  (4s)
    JSR  -35.0 dB  BER 0.00e+00  PER 0.000  P(det)@0.05 naive/cfar power_one_sided 0.197/0.197 power_two_sided 0.225/0.225 kurtosis 0.066/0.066 spec_cnn 0.072/0.072  (5s)
    JSR  -34.0 dB  BER 0.00e+00  PER 0.000  P(det)@0.05 naive/cfar power_one_sided 0.234/0.234 power_two_sided 0.254/0.254 kurtosis 0.057/0.057 spec_cnn 0.084/0.084  (5s)
    JSR  -33.0 dB  BER 0.00e+00  PER 0.000  P(det)@0.05 naive/cfar power_one_sided 0.266/0.266 power_two_sided 0.316/0.316 kurtosis 0.031/0.031 spec_cnn 0.084/0.084  (5s)
    JSR  -32.0 dB  BER 0.00e+00  PER 0.000  P(det)@0.05 naive/cfar power_one_sided 0.338/0.338 power_two_sided 0.410/0.410 kurtosis 0.047/0.047 spec_cnn 0.088/0.088  (5s)
    JSR  -31.0 dB  BER 0.00e+00  PER 0.000  P(det)@0.05 naive/cfar power_one_sided 0.338/0.338 power_two_sided 0.383/0.383 kurtosis 0.055/0.055 spec_cnn 0.143/0.143  (6s)
    JSR  -30.0 dB  BER 0.00e+00  PER 0.000  P(det)@0.05 naive/cfar power_one_sided 0.373/0.373 power_two_sided 0.445/0.445 kurtosis 0.043/0.043 spec_cnn 0.156/0.156  (6s)
    JSR  -29.0 dB  BER 0.00e+00  PER 0.000  P(det)@0.05 naive/cfar power_one_sided 0.461/0.461 power_two_sided 0.533/0.533 kurtosis 0.043/0.043 spec_cnn 0.182/0.182  (6s)
    JSR  -28.0 dB  BER 0.00e+00  PER 0.000  P(det)@0.05 naive/cfar power_one_sided 0.457/0.457 power_two_sided 0.584/0.584 kurtosis 0.037/0.037 spec_cnn 0.273/0.273  (6s)
    JSR  -27.0 dB  BER 0.00e+00  PER 0.000  P(det)@0.05 naive/cfar power_one_sided 0.504/0.504 power_two_sided 0.586/0.586 kurtosis 0.051/0.051 spec_cnn 0.344/0.344  (7s)
    JSR  -26.0 dB  BER 0.00e+00  PER 0.000  P(det)@0.05 naive/cfar power_one_sided 0.566/0.566 power_two_sided 0.682/0.682 kurtosis 0.061/0.061 spec_cnn 0.441/0.441  (7s)
    JSR  -25.0 dB  BER 0.00e+00  PER 0.000  P(det)@0.05 naive/cfar power_one_sided 0.646/0.646 power_two_sided 0.713/0.713 kurtosis 0.051/0.051 spec_cnn 0.568/0.568  (7s)
    JSR  -24.0 dB  BER 0.00e+00  PER 0.000  P(det)@0.05 naive/cfar power_one_sided 0.602/0.602 power_two_sided 0.705/0.705 kurtosis 0.064/0.064 spec_cnn 0.719/0.719  (8s)
    JSR  -23.0 dB  BER 0.00e+00  PER 0.000  P(det)@0.05 naive/cfar power_one_sided 0.711/0.711 power_two_sided 0.807/0.807 kurtosis 0.059/0.059 spec_cnn 0.859/0.859  (8s)
    JSR  -22.0 dB  BER 0.00e+00  PER 0.000  P(det)@0.05 naive/cfar power_one_sided 0.729/0.729 power_two_sided 0.809/0.809 kurtosis 0.064/0.064 spec_cnn 0.971/0.971  (8s)
    JSR  -21.0 dB  BER 2.21e-04  PER 0.057  P(det)@0.05 naive/cfar power_one_sided 0.775/0.775 power_two_sided 0.832/0.832 kurtosis 0.090/0.090 spec_cnn 0.996/0.996  (8s)
    JSR  -20.0 dB  BER 4.96e-04  PER 0.127  P(det)@0.05 naive/cfar power_one_sided 0.859/0.859 power_two_sided 0.885/0.885 kurtosis 0.119/0.119 spec_cnn 0.996/0.996  (9s)
    JSR  -19.0 dB  BER 1.15e-03  PER 0.295  P(det)@0.05 naive/cfar power_one_sided 0.877/0.877 power_two_sided 0.910/0.910 kurtosis 0.148/0.148 spec_cnn 1.000/1.000  (9s)
    JSR  -18.0 dB  BER 1.46e-03  PER 0.373  P(det)@0.05 naive/cfar power_one_sided 0.922/0.922 power_two_sided 0.934/0.934 kurtosis 0.232/0.232 spec_cnn 1.000/1.000  (9s)
    JSR  -17.0 dB  BER 1.86e-03  PER 0.453  P(det)@0.05 naive/cfar power_one_sided 0.945/0.945 power_two_sided 0.959/0.959 kurtosis 0.318/0.318 spec_cnn 1.000/1.000  (10s)
    JSR  -16.0 dB  BER 2.42e-03  PER 0.535  P(det)@0.05 naive/cfar power_one_sided 0.982/0.982 power_two_sided 0.982/0.982 kurtosis 0.430/0.430 spec_cnn 1.000/1.000  (10s)
    JSR  -15.0 dB  BER 2.80e-03  PER 0.596  P(det)@0.05 naive/cfar power_one_sided 0.996/0.996 power_two_sided 0.998/0.998 kurtosis 0.584/0.584 spec_cnn 1.000/1.000  (10s)
    JSR  -14.0 dB  BER 3.06e-03  PER 0.631  P(det)@0.05 naive/cfar power_one_sided 0.998/0.998 power_two_sided 0.998/0.998 kurtosis 0.666/0.666 spec_cnn 1.000/1.000  (10s)
    JSR  -13.0 dB  BER 3.44e-03  PER 0.672  P(det)@0.05 naive/cfar power_one_sided 1.000/1.000 power_two_sided 1.000/1.000 kurtosis 0.740/0.740 spec_cnn 1.000/1.000  (11s)
    JSR  -12.0 dB  BER 3.62e-03  PER 0.686  P(det)@0.05 naive/cfar power_one_sided 1.000/1.000 power_two_sided 1.000/1.000 kurtosis 0.854/0.854 spec_cnn 1.000/1.000  (11s)
    JSR  -11.0 dB  BER 4.06e-03  PER 0.732  P(det)@0.05 naive/cfar power_one_sided 1.000/1.000 power_two_sided 1.000/1.000 kurtosis 0.936/0.936 spec_cnn 1.000/1.000  (11s)
    JSR  -10.0 dB  BER 4.62e-03  PER 0.766  P(det)@0.05 naive/cfar power_one_sided 1.000/1.000 power_two_sided 1.000/1.000 kurtosis 0.982/0.982 spec_cnn 1.000/1.000  (12s)
    JSR   -9.0 dB  BER 4.88e-03  PER 0.799  P(det)@0.05 naive/cfar power_one_sided 1.000/1.000 power_two_sided 1.000/1.000 kurtosis 1.000/1.000 spec_cnn 1.000/1.000  (12s)
    JSR   -8.0 dB  BER 5.44e-03  PER 0.816  P(det)@0.05 naive/cfar power_one_sided 1.000/1.000 power_two_sided 1.000/1.000 kurtosis 1.000/1.000 spec_cnn 1.000/1.000  (12s)
    JSR   -7.0 dB  BER 6.27e-03  PER 0.857  P(det)@0.05 naive/cfar power_one_sided 1.000/1.000 power_two_sided 1.000/1.000 kurtosis 1.000/1.000 spec_cnn 1.000/1.000  (12s)
    JSR   -6.0 dB  BER 6.58e-03  PER 0.865  P(det)@0.05 naive/cfar power_one_sided 1.000/1.000 power_two_sided 1.000/1.000 kurtosis 1.000/1.000 spec_cnn 1.000/1.000  (13s)
    JSR   -5.0 dB  BER 7.55e-03  PER 0.881  P(det)@0.05 naive/cfar power_one_sided 1.000/1.000 power_two_sided 1.000/1.000 kurtosis 1.000/1.000 spec_cnn 1.000/1.000  (13s)
    JSR   -4.0 dB  BER 8.32e-03  PER 0.889  P(det)@0.05 naive/cfar power_one_sided 1.000/1.000 power_two_sided 1.000/1.000 kurtosis 1.000/1.000 spec_cnn 1.000/1.000  (13s)
    JSR   -3.0 dB  BER 8.72e-03  PER 0.920  P(det)@0.05 naive/cfar power_one_sided 1.000/1.000 power_two_sided 1.000/1.000 kurtosis 1.000/1.000 spec_cnn 1.000/1.000  (14s)
    JSR   -2.0 dB  BER 9.90e-03  PER 0.920  P(det)@0.05 naive/cfar power_one_sided 1.000/1.000 power_two_sided 1.000/1.000 kurtosis 1.000/1.000 spec_cnn 1.000/1.000  (14s)
    JSR   -1.0 dB  BER 1.07e-02  PER 0.957  P(det)@0.05 naive/cfar power_one_sided 1.000/1.000 power_two_sided 1.000/1.000 kurtosis 1.000/1.000 spec_cnn 1.000/1.000  (14s)
    JSR   +0.0 dB  BER 1.19e-02  PER 0.967  P(det)@0.05 naive/cfar power_one_sided 1.000/1.000 power_two_sided 1.000/1.000 kurtosis 1.000/1.000 spec_cnn 1.000/1.000  (14s)
    JSR   +1.0 dB  BER 1.32e-02  PER 0.969  P(det)@0.05 naive/cfar power_one_sided 1.000/1.000 power_two_sided 1.000/1.000 kurtosis 1.000/1.000 spec_cnn 1.000/1.000  (15s)
    JSR   +2.0 dB  BER 1.63e-02  PER 0.992  P(det)@0.05 naive/cfar power_one_sided 1.000/1.000 power_two_sided 1.000/1.000 kurtosis 1.000/1.000 spec_cnn 1.000/1.000  (15s)
    JSR   +3.0 dB  BER 2.12e-02  PER 0.988  P(det)@0.05 naive/cfar power_one_sided 1.000/1.000 power_two_sided 1.000/1.000 kurtosis 1.000/1.000 spec_cnn 1.000/1.000  (15s)
    JSR   +4.0 dB  BER 3.00e-02  PER 0.998  P(det)@0.05 naive/cfar power_one_sided 1.000/1.000 power_two_sided 1.000/1.000 kurtosis 1.000/1.000 spec_cnn 1.000/1.000  (16s)
    JSR   +5.0 dB  BER 4.03e-02  PER 1.000  P(det)@0.05 naive/cfar power_one_sided 1.000/1.000 power_two_sided 1.000/1.000 kurtosis 1.000/1.000 spec_cnn 1.000/1.000  (16s)
    JSR   +6.0 dB  BER 5.63e-02  PER 1.000  P(det)@0.05 naive/cfar power_one_sided 1.000/1.000 power_two_sided 1.000/1.000 kurtosis 1.000/1.000 spec_cnn 1.000/1.000  (16s)
    JSR   +7.0 dB  BER 7.37e-02  PER 1.000  P(det)@0.05 naive/cfar power_one_sided 1.000/1.000 power_two_sided 1.000/1.000 kurtosis 1.000/1.000 spec_cnn 1.000/1.000  (16s)
    JSR   +8.0 dB  BER 9.77e-02  PER 1.000  P(det)@0.05 naive/cfar power_one_sided 1.000/1.000 power_two_sided 1.000/1.000 kurtosis 1.000/1.000 spec_cnn 1.000/1.000  (17s)
    JSR   +9.0 dB  BER 1.20e-01  PER 1.000  P(det)@0.05 naive/cfar power_one_sided 1.000/1.000 power_two_sided 1.000/1.000 kurtosis 1.000/1.000 spec_cnn 1.000/1.000  (17s)
    JSR  +10.0 dB  BER 1.45e-01  PER 1.000  P(det)@0.05 naive/cfar power_one_sided 1.000/1.000 power_two_sided 1.000/1.000 kurtosis 1.000/1.000 spec_cnn 1.000/1.000  (17s)
    JSR  +11.0 dB  BER 1.70e-01  PER 1.000  P(det)@0.05 naive/cfar power_one_sided 1.000/1.000 power_two_sided 1.000/1.000 kurtosis 1.000/1.000 spec_cnn 1.000/1.000  (18s)
    JSR  +12.0 dB  BER 1.98e-01  PER 1.000  P(det)@0.05 naive/cfar power_one_sided 1.000/1.000 power_two_sided 1.000/1.000 kurtosis 1.000/1.000 spec_cnn 1.000/1.000  (18s)
    JSR  +13.0 dB  BER 2.27e-01  PER 1.000  P(det)@0.05 naive/cfar power_one_sided 1.000/1.000 power_two_sided 1.000/1.000 kurtosis 1.000/1.000 spec_cnn 1.000/1.000  (18s)
    JSR  +14.0 dB  BER 2.45e-01  PER 1.000  P(det)@0.05 naive/cfar power_one_sided 1.000/1.000 power_two_sided 1.000/1.000 kurtosis 1.000/1.000 spec_cnn 1.000/1.000  (18s)
    JSR  +15.0 dB  BER 2.74e-01  PER 1.000  P(det)@0.05 naive/cfar power_one_sided 1.000/1.000 power_two_sided 1.000/1.000 kurtosis 1.000/1.000 spec_cnn 1.000/1.000  (19s)
  [snr_30_unc_0] power_one_sided_b100 done (658s)
  [snr_30_unc_0] generator power_one_sided_b1000 (scale 1.0000)
    JSR  -50.0 dB  BER 0.00e+00  PER 0.000  P(det)@0.05 naive/cfar power_one_sided 0.055/0.055 power_two_sided 0.053/0.053 kurtosis 0.059/0.059 spec_cnn 0.051/0.051  (0s)
    JSR  -49.0 dB  BER 0.00e+00  PER 0.000  P(det)@0.05 naive/cfar power_one_sided 0.055/0.055 power_two_sided 0.047/0.047 kurtosis 0.049/0.049 spec_cnn 0.076/0.076  (1s)
    JSR  -48.0 dB  BER 0.00e+00  PER 0.000  P(det)@0.05 naive/cfar power_one_sided 0.047/0.047 power_two_sided 0.053/0.053 kurtosis 0.074/0.074 spec_cnn 0.043/0.043  (1s)
    JSR  -47.0 dB  BER 0.00e+00  PER 0.000  P(det)@0.05 naive/cfar power_one_sided 0.076/0.076 power_two_sided 0.072/0.072 kurtosis 0.055/0.055 spec_cnn 0.064/0.064  (1s)
    JSR  -46.0 dB  BER 0.00e+00  PER 0.000  P(det)@0.05 naive/cfar power_one_sided 0.061/0.061 power_two_sided 0.082/0.082 kurtosis 0.047/0.047 spec_cnn 0.049/0.049  (1s)
    JSR  -45.0 dB  BER 0.00e+00  PER 0.000  P(det)@0.05 naive/cfar power_one_sided 0.074/0.074 power_two_sided 0.072/0.072 kurtosis 0.057/0.057 spec_cnn 0.057/0.057  (2s)
    JSR  -44.0 dB  BER 0.00e+00  PER 0.000  P(det)@0.05 naive/cfar power_one_sided 0.086/0.086 power_two_sided 0.092/0.092 kurtosis 0.053/0.053 spec_cnn 0.086/0.086  (2s)
    JSR  -43.0 dB  BER 0.00e+00  PER 0.000  P(det)@0.05 naive/cfar power_one_sided 0.074/0.074 power_two_sided 0.102/0.102 kurtosis 0.055/0.055 spec_cnn 0.064/0.064  (2s)
    JSR  -42.0 dB  BER 0.00e+00  PER 0.000  P(det)@0.05 naive/cfar power_one_sided 0.105/0.105 power_two_sided 0.094/0.094 kurtosis 0.072/0.072 spec_cnn 0.029/0.029  (3s)
    JSR  -41.0 dB  BER 0.00e+00  PER 0.000  P(det)@0.05 naive/cfar power_one_sided 0.102/0.102 power_two_sided 0.105/0.105 kurtosis 0.047/0.047 spec_cnn 0.047/0.047  (3s)
    JSR  -40.0 dB  BER 0.00e+00  PER 0.000  P(det)@0.05 naive/cfar power_one_sided 0.137/0.137 power_two_sided 0.170/0.170 kurtosis 0.041/0.041 spec_cnn 0.057/0.057  (3s)
    JSR  -39.0 dB  BER 0.00e+00  PER 0.000  P(det)@0.05 naive/cfar power_one_sided 0.121/0.121 power_two_sided 0.129/0.129 kurtosis 0.039/0.039 spec_cnn 0.062/0.062  (3s)
    JSR  -38.0 dB  BER 0.00e+00  PER 0.000  P(det)@0.05 naive/cfar power_one_sided 0.127/0.127 power_two_sided 0.152/0.152 kurtosis 0.051/0.051 spec_cnn 0.072/0.072  (4s)
    JSR  -37.0 dB  BER 0.00e+00  PER 0.000  P(det)@0.05 naive/cfar power_one_sided 0.168/0.168 power_two_sided 0.176/0.176 kurtosis 0.035/0.035 spec_cnn 0.082/0.082  (4s)
    JSR  -36.0 dB  BER 0.00e+00  PER 0.000  P(det)@0.05 naive/cfar power_one_sided 0.197/0.197 power_two_sided 0.262/0.262 kurtosis 0.051/0.051 spec_cnn 0.072/0.072  (4s)
    JSR  -35.0 dB  BER 0.00e+00  PER 0.000  P(det)@0.05 naive/cfar power_one_sided 0.244/0.244 power_two_sided 0.270/0.270 kurtosis 0.061/0.061 spec_cnn 0.104/0.104  (5s)
    JSR  -34.0 dB  BER 0.00e+00  PER 0.000  P(det)@0.05 naive/cfar power_one_sided 0.229/0.229 power_two_sided 0.295/0.295 kurtosis 0.045/0.045 spec_cnn 0.084/0.084  (5s)
    JSR  -33.0 dB  BER 0.00e+00  PER 0.000  P(det)@0.05 naive/cfar power_one_sided 0.273/0.273 power_two_sided 0.348/0.348 kurtosis 0.029/0.029 spec_cnn 0.092/0.092  (5s)
    JSR  -32.0 dB  BER 0.00e+00  PER 0.000  P(det)@0.05 naive/cfar power_one_sided 0.299/0.299 power_two_sided 0.414/0.414 kurtosis 0.039/0.039 spec_cnn 0.113/0.113  (5s)
    JSR  -31.0 dB  BER 0.00e+00  PER 0.000  P(det)@0.05 naive/cfar power_one_sided 0.354/0.354 power_two_sided 0.455/0.455 kurtosis 0.045/0.045 spec_cnn 0.145/0.145  (6s)
    JSR  -30.0 dB  BER 0.00e+00  PER 0.000  P(det)@0.05 naive/cfar power_one_sided 0.389/0.389 power_two_sided 0.498/0.498 kurtosis 0.062/0.062 spec_cnn 0.154/0.154  (6s)
    JSR  -29.0 dB  BER 0.00e+00  PER 0.000  P(det)@0.05 naive/cfar power_one_sided 0.402/0.402 power_two_sided 0.561/0.561 kurtosis 0.055/0.055 spec_cnn 0.197/0.197  (6s)
    JSR  -28.0 dB  BER 0.00e+00  PER 0.000  P(det)@0.05 naive/cfar power_one_sided 0.457/0.457 power_two_sided 0.580/0.580 kurtosis 0.049/0.049 spec_cnn 0.275/0.275  (7s)
    JSR  -27.0 dB  BER 0.00e+00  PER 0.000  P(det)@0.05 naive/cfar power_one_sided 0.498/0.498 power_two_sided 0.639/0.639 kurtosis 0.037/0.037 spec_cnn 0.318/0.318  (7s)
    JSR  -26.0 dB  BER 0.00e+00  PER 0.000  P(det)@0.05 naive/cfar power_one_sided 0.537/0.537 power_two_sided 0.688/0.688 kurtosis 0.045/0.045 spec_cnn 0.385/0.385  (7s)
    JSR  -25.0 dB  BER 0.00e+00  PER 0.000  P(det)@0.05 naive/cfar power_one_sided 0.590/0.590 power_two_sided 0.732/0.732 kurtosis 0.064/0.064 spec_cnn 0.438/0.438  (7s)
    JSR  -24.0 dB  BER 0.00e+00  PER 0.000  P(det)@0.05 naive/cfar power_one_sided 0.586/0.586 power_two_sided 0.727/0.727 kurtosis 0.066/0.066 spec_cnn 0.510/0.510  (8s)
    JSR  -23.0 dB  BER 0.00e+00  PER 0.000  P(det)@0.05 naive/cfar power_one_sided 0.635/0.635 power_two_sided 0.768/0.768 kurtosis 0.057/0.057 spec_cnn 0.615/0.615  (8s)
    JSR  -22.0 dB  BER 0.00e+00  PER 0.000  P(det)@0.05 naive/cfar power_one_sided 0.699/0.699 power_two_sided 0.832/0.832 kurtosis 0.092/0.092 spec_cnn 0.740/0.740  (8s)
    JSR  -21.0 dB  BER 0.00e+00  PER 0.000  P(det)@0.05 naive/cfar power_one_sided 0.713/0.713 power_two_sided 0.836/0.836 kurtosis 0.084/0.084 spec_cnn 0.854/0.854  (8s)
    JSR  -20.0 dB  BER 0.00e+00  PER 0.000  P(det)@0.05 naive/cfar power_one_sided 0.781/0.781 power_two_sided 0.861/0.861 kurtosis 0.100/0.100 spec_cnn 0.869/0.869  (9s)
    JSR  -19.0 dB  BER 0.00e+00  PER 0.000  P(det)@0.05 naive/cfar power_one_sided 0.777/0.777 power_two_sided 0.891/0.891 kurtosis 0.137/0.137 spec_cnn 0.941/0.941  (9s)
    JSR  -18.0 dB  BER 1.53e-05  PER 0.004  P(det)@0.05 naive/cfar power_one_sided 0.838/0.838 power_two_sided 0.912/0.912 kurtosis 0.219/0.219 spec_cnn 0.973/0.973  (9s)
    JSR  -17.0 dB  BER 6.87e-05  PER 0.018  P(det)@0.05 naive/cfar power_one_sided 0.861/0.861 power_two_sided 0.934/0.934 kurtosis 0.271/0.271 spec_cnn 0.975/0.975  (10s)
    JSR  -16.0 dB  BER 4.35e-04  PER 0.111  P(det)@0.05 naive/cfar power_one_sided 0.889/0.889 power_two_sided 0.926/0.926 kurtosis 0.385/0.385 spec_cnn 0.998/0.998  (10s)
    JSR  -15.0 dB  BER 8.54e-04  PER 0.219  P(det)@0.05 naive/cfar power_one_sided 0.943/0.943 power_two_sided 0.965/0.965 kurtosis 0.531/0.531 spec_cnn 1.000/1.000  (10s)
    JSR  -14.0 dB  BER 1.18e-03  PER 0.303  P(det)@0.05 naive/cfar power_one_sided 0.963/0.963 power_two_sided 0.980/0.980 kurtosis 0.705/0.705 spec_cnn 1.000/1.000  (10s)
    JSR  -13.0 dB  BER 1.80e-03  PER 0.445  P(det)@0.05 naive/cfar power_one_sided 0.984/0.984 power_two_sided 0.992/0.992 kurtosis 0.854/0.854 spec_cnn 1.000/1.000  (11s)
    JSR  -12.0 dB  BER 2.04e-03  PER 0.482  P(det)@0.05 naive/cfar power_one_sided 0.984/0.984 power_two_sided 0.996/0.996 kurtosis 0.943/0.943 spec_cnn 1.000/1.000  (11s)
    JSR  -11.0 dB  BER 2.71e-03  PER 0.600  P(det)@0.05 naive/cfar power_one_sided 0.996/0.996 power_two_sided 1.000/1.000 kurtosis 0.988/0.988 spec_cnn 1.000/1.000  (11s)
    JSR  -10.0 dB  BER 2.94e-03  PER 0.627  P(det)@0.05 naive/cfar power_one_sided 0.998/0.998 power_two_sided 0.998/0.998 kurtosis 0.998/0.998 spec_cnn 1.000/1.000  (12s)
    JSR   -9.0 dB  BER 3.24e-03  PER 0.668  P(det)@0.05 naive/cfar power_one_sided 1.000/1.000 power_two_sided 1.000/1.000 kurtosis 1.000/1.000 spec_cnn 1.000/1.000  (12s)
    JSR   -8.0 dB  BER 4.37e-03  PER 0.770  P(det)@0.05 naive/cfar power_one_sided 1.000/1.000 power_two_sided 1.000/1.000 kurtosis 1.000/1.000 spec_cnn 1.000/1.000  (12s)
    JSR   -7.0 dB  BER 7.42e-03  PER 0.881  P(det)@0.05 naive/cfar power_one_sided 1.000/1.000 power_two_sided 1.000/1.000 kurtosis 1.000/1.000 spec_cnn 1.000/1.000  (12s)
    JSR   -6.0 dB  BER 1.36e-02  PER 0.979  P(det)@0.05 naive/cfar power_one_sided 1.000/1.000 power_two_sided 1.000/1.000 kurtosis 1.000/1.000 spec_cnn 1.000/1.000  (13s)
    JSR   -5.0 dB  BER 2.29e-02  PER 1.000  P(det)@0.05 naive/cfar power_one_sided 1.000/1.000 power_two_sided 1.000/1.000 kurtosis 1.000/1.000 spec_cnn 1.000/1.000  (13s)
    JSR   -4.0 dB  BER 3.61e-02  PER 1.000  P(det)@0.05 naive/cfar power_one_sided 1.000/1.000 power_two_sided 1.000/1.000 kurtosis 1.000/1.000 spec_cnn 1.000/1.000  (13s)
    JSR   -3.0 dB  BER 5.24e-02  PER 1.000  P(det)@0.05 naive/cfar power_one_sided 1.000/1.000 power_two_sided 1.000/1.000 kurtosis 1.000/1.000 spec_cnn 1.000/1.000  (14s)
    JSR   -2.0 dB  BER 7.13e-02  PER 1.000  P(det)@0.05 naive/cfar power_one_sided 1.000/1.000 power_two_sided 1.000/1.000 kurtosis 1.000/1.000 spec_cnn 1.000/1.000  (14s)
    JSR   -1.0 dB  BER 9.30e-02  PER 1.000  P(det)@0.05 naive/cfar power_one_sided 1.000/1.000 power_two_sided 1.000/1.000 kurtosis 1.000/1.000 spec_cnn 1.000/1.000  (14s)
    JSR   +0.0 dB  BER 1.17e-01  PER 1.000  P(det)@0.05 naive/cfar power_one_sided 1.000/1.000 power_two_sided 1.000/1.000 kurtosis 1.000/1.000 spec_cnn 1.000/1.000  (14s)
    JSR   +1.0 dB  BER 1.42e-01  PER 1.000  P(det)@0.05 naive/cfar power_one_sided 1.000/1.000 power_two_sided 1.000/1.000 kurtosis 1.000/1.000 spec_cnn 1.000/1.000  (15s)
    JSR   +2.0 dB  BER 1.69e-01  PER 1.000  P(det)@0.05 naive/cfar power_one_sided 1.000/1.000 power_two_sided 1.000/1.000 kurtosis 1.000/1.000 spec_cnn 1.000/1.000  (15s)
    JSR   +3.0 dB  BER 1.95e-01  PER 1.000  P(det)@0.05 naive/cfar power_one_sided 1.000/1.000 power_two_sided 1.000/1.000 kurtosis 1.000/1.000 spec_cnn 1.000/1.000  (15s)
    JSR   +4.0 dB  BER 2.20e-01  PER 1.000  P(det)@0.05 naive/cfar power_one_sided 1.000/1.000 power_two_sided 1.000/1.000 kurtosis 1.000/1.000 spec_cnn 1.000/1.000  (16s)
    JSR   +5.0 dB  BER 2.49e-01  PER 1.000  P(det)@0.05 naive/cfar power_one_sided 1.000/1.000 power_two_sided 1.000/1.000 kurtosis 1.000/1.000 spec_cnn 1.000/1.000  (16s)
    JSR   +6.0 dB  BER 2.70e-01  PER 1.000  P(det)@0.05 naive/cfar power_one_sided 1.000/1.000 power_two_sided 1.000/1.000 kurtosis 1.000/1.000 spec_cnn 1.000/1.000  (16s)
    JSR   +7.0 dB  BER 2.94e-01  PER 1.000  P(det)@0.05 naive/cfar power_one_sided 1.000/1.000 power_two_sided 1.000/1.000 kurtosis 1.000/1.000 spec_cnn 1.000/1.000  (16s)
    JSR   +8.0 dB  BER 3.12e-01  PER 1.000  P(det)@0.05 naive/cfar power_one_sided 1.000/1.000 power_two_sided 1.000/1.000 kurtosis 1.000/1.000 spec_cnn 1.000/1.000  (17s)
    JSR   +9.0 dB  BER 3.34e-01  PER 1.000  P(det)@0.05 naive/cfar power_one_sided 1.000/1.000 power_two_sided 1.000/1.000 kurtosis 1.000/1.000 spec_cnn 1.000/1.000  (17s)
    JSR  +10.0 dB  BER 3.52e-01  PER 1.000  P(det)@0.05 naive/cfar power_one_sided 1.000/1.000 power_two_sided 1.000/1.000 kurtosis 1.000/1.000 spec_cnn 1.000/1.000  (17s)
    JSR  +11.0 dB  BER 3.64e-01  PER 1.000  P(det)@0.05 naive/cfar power_one_sided 1.000/1.000 power_two_sided 1.000/1.000 kurtosis 1.000/1.000 spec_cnn 1.000/1.000  (18s)
    JSR  +12.0 dB  BER 3.78e-01  PER 1.000  P(det)@0.05 naive/cfar power_one_sided 1.000/1.000 power_two_sided 1.000/1.000 kurtosis 1.000/1.000 spec_cnn 1.000/1.000  (18s)
    JSR  +13.0 dB  BER 3.93e-01  PER 1.000  P(det)@0.05 naive/cfar power_one_sided 1.000/1.000 power_two_sided 1.000/1.000 kurtosis 1.000/1.000 spec_cnn 1.000/1.000  (18s)
    JSR  +14.0 dB  BER 4.06e-01  PER 1.000  P(det)@0.05 naive/cfar power_one_sided 1.000/1.000 power_two_sided 1.000/1.000 kurtosis 1.000/1.000 spec_cnn 1.000/1.000  (18s)
    JSR  +15.0 dB  BER 4.14e-01  PER 1.000  P(det)@0.05 naive/cfar power_one_sided 1.000/1.000 power_two_sided 1.000/1.000 kurtosis 1.000/1.000 spec_cnn 1.000/1.000  (19s)
  [snr_30_unc_0] power_one_sided_b1000 done (713s)
  [snr_30_unc_0] generator power_two_sided_b1 (scale 1.0000)
    JSR  -50.0 dB  BER 0.00e+00  PER 0.000  P(det)@0.05 naive/cfar power_one_sided 0.047/0.047 power_two_sided 0.035/0.035 kurtosis 0.037/0.037 spec_cnn 0.049/0.049  (0s)
    JSR  -49.0 dB  BER 0.00e+00  PER 0.000  P(det)@0.05 naive/cfar power_one_sided 0.045/0.045 power_two_sided 0.045/0.045 kurtosis 0.049/0.049 spec_cnn 0.059/0.059  (1s)
    JSR  -48.0 dB  BER 0.00e+00  PER 0.000  P(det)@0.05 naive/cfar power_one_sided 0.051/0.051 power_two_sided 0.047/0.047 kurtosis 0.051/0.051 spec_cnn 0.053/0.053  (1s)
    JSR  -47.0 dB  BER 0.00e+00  PER 0.000  P(det)@0.05 naive/cfar power_one_sided 0.057/0.057 power_two_sided 0.061/0.061 kurtosis 0.039/0.039 spec_cnn 0.045/0.045  (1s)
    JSR  -46.0 dB  BER 0.00e+00  PER 0.000  P(det)@0.05 naive/cfar power_one_sided 0.086/0.086 power_two_sided 0.057/0.057 kurtosis 0.051/0.051 spec_cnn 0.055/0.055  (1s)
    JSR  -45.0 dB  BER 0.00e+00  PER 0.000  P(det)@0.05 naive/cfar power_one_sided 0.061/0.061 power_two_sided 0.062/0.062 kurtosis 0.049/0.049 spec_cnn 0.035/0.035  (2s)
    JSR  -44.0 dB  BER 0.00e+00  PER 0.000  P(det)@0.05 naive/cfar power_one_sided 0.053/0.053 power_two_sided 0.064/0.064 kurtosis 0.047/0.047 spec_cnn 0.055/0.055  (2s)
    JSR  -43.0 dB  BER 0.00e+00  PER 0.000  P(det)@0.05 naive/cfar power_one_sided 0.053/0.053 power_two_sided 0.068/0.068 kurtosis 0.072/0.072 spec_cnn 0.059/0.059  (2s)
    JSR  -42.0 dB  BER 0.00e+00  PER 0.000  P(det)@0.05 naive/cfar power_one_sided 0.105/0.105 power_two_sided 0.100/0.100 kurtosis 0.055/0.055 spec_cnn 0.059/0.059  (3s)
    JSR  -41.0 dB  BER 0.00e+00  PER 0.000  P(det)@0.05 naive/cfar power_one_sided 0.076/0.076 power_two_sided 0.105/0.105 kurtosis 0.051/0.051 spec_cnn 0.064/0.064  (3s)
    JSR  -40.0 dB  BER 0.00e+00  PER 0.000  P(det)@0.05 naive/cfar power_one_sided 0.100/0.100 power_two_sided 0.113/0.113 kurtosis 0.049/0.049 spec_cnn 0.053/0.053  (3s)
    JSR  -39.0 dB  BER 0.00e+00  PER 0.000  P(det)@0.05 naive/cfar power_one_sided 0.109/0.109 power_two_sided 0.123/0.123 kurtosis 0.061/0.061 spec_cnn 0.057/0.057  (3s)
    JSR  -38.0 dB  BER 0.00e+00  PER 0.000  P(det)@0.05 naive/cfar power_one_sided 0.133/0.133 power_two_sided 0.148/0.148 kurtosis 0.051/0.051 spec_cnn 0.055/0.055  (4s)
    JSR  -37.0 dB  BER 0.00e+00  PER 0.000  P(det)@0.05 naive/cfar power_one_sided 0.148/0.148 power_two_sided 0.160/0.160 kurtosis 0.047/0.047 spec_cnn 0.062/0.062  (4s)
    JSR  -36.0 dB  BER 0.00e+00  PER 0.000  P(det)@0.05 naive/cfar power_one_sided 0.186/0.186 power_two_sided 0.201/0.201 kurtosis 0.051/0.051 spec_cnn 0.068/0.068  (4s)
    JSR  -35.0 dB  BER 0.00e+00  PER 0.000  P(det)@0.05 naive/cfar power_one_sided 0.227/0.227 power_two_sided 0.234/0.234 kurtosis 0.057/0.057 spec_cnn 0.107/0.107  (5s)
    JSR  -34.0 dB  BER 0.00e+00  PER 0.000  P(det)@0.05 naive/cfar power_one_sided 0.242/0.242 power_two_sided 0.312/0.312 kurtosis 0.051/0.051 spec_cnn 0.059/0.059  (5s)
    JSR  -33.0 dB  BER 0.00e+00  PER 0.000  P(det)@0.05 naive/cfar power_one_sided 0.277/0.277 power_two_sided 0.336/0.336 kurtosis 0.047/0.047 spec_cnn 0.074/0.074  (5s)
    JSR  -32.0 dB  BER 0.00e+00  PER 0.000  P(det)@0.05 naive/cfar power_one_sided 0.289/0.289 power_two_sided 0.379/0.379 kurtosis 0.057/0.057 spec_cnn 0.105/0.105  (5s)
    JSR  -31.0 dB  BER 0.00e+00  PER 0.000  P(det)@0.05 naive/cfar power_one_sided 0.383/0.383 power_two_sided 0.443/0.443 kurtosis 0.068/0.068 spec_cnn 0.117/0.117  (6s)
    JSR  -30.0 dB  BER 0.00e+00  PER 0.000  P(det)@0.05 naive/cfar power_one_sided 0.408/0.408 power_two_sided 0.516/0.516 kurtosis 0.039/0.039 spec_cnn 0.141/0.141  (6s)
    JSR  -29.0 dB  BER 0.00e+00  PER 0.000  P(det)@0.05 naive/cfar power_one_sided 0.420/0.420 power_two_sided 0.510/0.510 kurtosis 0.049/0.049 spec_cnn 0.148/0.148  (6s)
    JSR  -28.0 dB  BER 0.00e+00  PER 0.000  P(det)@0.05 naive/cfar power_one_sided 0.455/0.455 power_two_sided 0.621/0.621 kurtosis 0.047/0.047 spec_cnn 0.211/0.211  (6s)
    JSR  -27.0 dB  BER 0.00e+00  PER 0.000  P(det)@0.05 naive/cfar power_one_sided 0.486/0.486 power_two_sided 0.629/0.629 kurtosis 0.043/0.043 spec_cnn 0.305/0.305  (7s)
    JSR  -26.0 dB  BER 0.00e+00  PER 0.000  P(det)@0.05 naive/cfar power_one_sided 0.514/0.514 power_two_sided 0.686/0.686 kurtosis 0.061/0.061 spec_cnn 0.367/0.367  (7s)
    JSR  -25.0 dB  BER 0.00e+00  PER 0.000  P(det)@0.05 naive/cfar power_one_sided 0.525/0.525 power_two_sided 0.680/0.680 kurtosis 0.070/0.070 spec_cnn 0.494/0.494  (7s)
    JSR  -24.0 dB  BER 0.00e+00  PER 0.000  P(det)@0.05 naive/cfar power_one_sided 0.568/0.568 power_two_sided 0.711/0.711 kurtosis 0.064/0.064 spec_cnn 0.666/0.666  (8s)
    JSR  -23.0 dB  BER 0.00e+00  PER 0.000  P(det)@0.05 naive/cfar power_one_sided 0.596/0.596 power_two_sided 0.764/0.764 kurtosis 0.059/0.059 spec_cnn 0.832/0.832  (8s)
    JSR  -22.0 dB  BER 1.30e-04  PER 0.033  P(det)@0.05 naive/cfar power_one_sided 0.684/0.684 power_two_sided 0.824/0.824 kurtosis 0.102/0.102 spec_cnn 0.932/0.932  (8s)
    JSR  -21.0 dB  BER 5.57e-04  PER 0.143  P(det)@0.05 naive/cfar power_one_sided 0.660/0.660 power_two_sided 0.814/0.814 kurtosis 0.129/0.129 spec_cnn 0.986/0.986  (8s)
    JSR  -20.0 dB  BER 1.08e-03  PER 0.275  P(det)@0.05 naive/cfar power_one_sided 0.742/0.742 power_two_sided 0.828/0.828 kurtosis 0.166/0.166 spec_cnn 1.000/1.000  (9s)
    JSR  -19.0 dB  BER 1.46e-03  PER 0.373  P(det)@0.05 naive/cfar power_one_sided 0.805/0.805 power_two_sided 0.867/0.867 kurtosis 0.244/0.244 spec_cnn 1.000/1.000  (9s)
    JSR  -18.0 dB  BER 1.82e-03  PER 0.439  P(det)@0.05 naive/cfar power_one_sided 0.848/0.848 power_two_sided 0.881/0.881 kurtosis 0.402/0.402 spec_cnn 1.000/1.000  (9s)
    JSR  -17.0 dB  BER 2.24e-03  PER 0.525  P(det)@0.05 naive/cfar power_one_sided 0.893/0.893 power_two_sided 0.926/0.926 kurtosis 0.445/0.445 spec_cnn 1.000/1.000  (10s)
    JSR  -16.0 dB  BER 2.53e-03  PER 0.553  P(det)@0.05 naive/cfar power_one_sided 0.943/0.943 power_two_sided 0.955/0.955 kurtosis 0.537/0.537 spec_cnn 1.000/1.000  (10s)
    JSR  -15.0 dB  BER 2.90e-03  PER 0.611  P(det)@0.05 naive/cfar power_one_sided 0.982/0.982 power_two_sided 0.984/0.984 kurtosis 0.654/0.654 spec_cnn 1.000/1.000  (10s)
    JSR  -14.0 dB  BER 3.21e-03  PER 0.631  P(det)@0.05 naive/cfar power_one_sided 0.992/0.992 power_two_sided 0.994/0.994 kurtosis 0.707/0.707 spec_cnn 1.000/1.000  (10s)
    JSR  -13.0 dB  BER 3.72e-03  PER 0.721  P(det)@0.05 naive/cfar power_one_sided 1.000/1.000 power_two_sided 1.000/1.000 kurtosis 0.789/0.789 spec_cnn 1.000/1.000  (11s)
    JSR  -12.0 dB  BER 3.93e-03  PER 0.717  P(det)@0.05 naive/cfar power_one_sided 1.000/1.000 power_two_sided 1.000/1.000 kurtosis 0.869/0.869 spec_cnn 1.000/1.000  (11s)
    JSR  -11.0 dB  BER 4.46e-03  PER 0.775  P(det)@0.05 naive/cfar power_one_sided 1.000/1.000 power_two_sided 1.000/1.000 kurtosis 0.959/0.959 spec_cnn 1.000/1.000  (11s)
    JSR  -10.0 dB  BER 4.94e-03  PER 0.803  P(det)@0.05 naive/cfar power_one_sided 1.000/1.000 power_two_sided 1.000/1.000 kurtosis 0.984/0.984 spec_cnn 1.000/1.000  (12s)
    JSR   -9.0 dB  BER 4.88e-03  PER 0.783  P(det)@0.05 naive/cfar power_one_sided 1.000/1.000 power_two_sided 1.000/1.000 kurtosis 1.000/1.000 spec_cnn 1.000/1.000  (12s)
    JSR   -8.0 dB  BER 5.21e-03  PER 0.795  P(det)@0.05 naive/cfar power_one_sided 1.000/1.000 power_two_sided 1.000/1.000 kurtosis 1.000/1.000 spec_cnn 1.000/1.000  (12s)
    JSR   -7.0 dB  BER 5.15e-03  PER 0.809  P(det)@0.05 naive/cfar power_one_sided 1.000/1.000 power_two_sided 1.000/1.000 kurtosis 1.000/1.000 spec_cnn 1.000/1.000  (12s)
    JSR   -6.0 dB  BER 5.55e-03  PER 0.811  P(det)@0.05 naive/cfar power_one_sided 1.000/1.000 power_two_sided 1.000/1.000 kurtosis 1.000/1.000 spec_cnn 1.000/1.000  (13s)
    JSR   -5.0 dB  BER 6.23e-03  PER 0.863  P(det)@0.05 naive/cfar power_one_sided 1.000/1.000 power_two_sided 1.000/1.000 kurtosis 1.000/1.000 spec_cnn 1.000/1.000  (13s)
    JSR   -4.0 dB  BER 6.70e-03  PER 0.854  P(det)@0.05 naive/cfar power_one_sided 1.000/1.000 power_two_sided 1.000/1.000 kurtosis 1.000/1.000 spec_cnn 1.000/1.000  (13s)
    JSR   -3.0 dB  BER 7.12e-03  PER 0.861  P(det)@0.05 naive/cfar power_one_sided 1.000/1.000 power_two_sided 1.000/1.000 kurtosis 1.000/1.000 spec_cnn 1.000/1.000  (14s)
    JSR   -2.0 dB  BER 7.86e-03  PER 0.895  P(det)@0.05 naive/cfar power_one_sided 1.000/1.000 power_two_sided 1.000/1.000 kurtosis 1.000/1.000 spec_cnn 1.000/1.000  (14s)
    JSR   -1.0 dB  BER 8.59e-03  PER 0.916  P(det)@0.05 naive/cfar power_one_sided 1.000/1.000 power_two_sided 1.000/1.000 kurtosis 1.000/1.000 spec_cnn 1.000/1.000  (14s)
    JSR   +0.0 dB  BER 9.07e-03  PER 0.920  P(det)@0.05 naive/cfar power_one_sided 1.000/1.000 power_two_sided 1.000/1.000 kurtosis 1.000/1.000 spec_cnn 1.000/1.000  (14s)
    JSR   +1.0 dB  BER 9.63e-03  PER 0.928  P(det)@0.05 naive/cfar power_one_sided 1.000/1.000 power_two_sided 1.000/1.000 kurtosis 1.000/1.000 spec_cnn 1.000/1.000  (15s)
    JSR   +2.0 dB  BER 1.08e-02  PER 0.947  P(det)@0.05 naive/cfar power_one_sided 1.000/1.000 power_two_sided 1.000/1.000 kurtosis 1.000/1.000 spec_cnn 1.000/1.000  (15s)
    JSR   +3.0 dB  BER 1.17e-02  PER 0.963  P(det)@0.05 naive/cfar power_one_sided 1.000/1.000 power_two_sided 1.000/1.000 kurtosis 1.000/1.000 spec_cnn 1.000/1.000  (15s)
    JSR   +4.0 dB  BER 1.24e-02  PER 0.961  P(det)@0.05 naive/cfar power_one_sided 1.000/1.000 power_two_sided 1.000/1.000 kurtosis 1.000/1.000 spec_cnn 1.000/1.000  (16s)
    JSR   +5.0 dB  BER 1.49e-02  PER 0.982  P(det)@0.05 naive/cfar power_one_sided 1.000/1.000 power_two_sided 1.000/1.000 kurtosis 1.000/1.000 spec_cnn 1.000/1.000  (16s)
    JSR   +6.0 dB  BER 1.80e-02  PER 0.992  P(det)@0.05 naive/cfar power_one_sided 1.000/1.000 power_two_sided 1.000/1.000 kurtosis 1.000/1.000 spec_cnn 1.000/1.000  (16s)
    JSR   +7.0 dB  BER 2.29e-02  PER 1.000  P(det)@0.05 naive/cfar power_one_sided 1.000/1.000 power_two_sided 1.000/1.000 kurtosis 1.000/1.000 spec_cnn 1.000/1.000  (16s)
    JSR   +8.0 dB  BER 3.01e-02  PER 1.000  P(det)@0.05 naive/cfar power_one_sided 1.000/1.000 power_two_sided 1.000/1.000 kurtosis 1.000/1.000 spec_cnn 1.000/1.000  (17s)
    JSR   +9.0 dB  BER 4.12e-02  PER 1.000  P(det)@0.05 naive/cfar power_one_sided 1.000/1.000 power_two_sided 1.000/1.000 kurtosis 1.000/1.000 spec_cnn 1.000/1.000  (17s)
    JSR  +10.0 dB  BER 5.51e-02  PER 1.000  P(det)@0.05 naive/cfar power_one_sided 1.000/1.000 power_two_sided 1.000/1.000 kurtosis 1.000/1.000 spec_cnn 1.000/1.000  (17s)
    JSR  +11.0 dB  BER 7.34e-02  PER 1.000  P(det)@0.05 naive/cfar power_one_sided 1.000/1.000 power_two_sided 1.000/1.000 kurtosis 1.000/1.000 spec_cnn 1.000/1.000  (18s)
    JSR  +12.0 dB  BER 9.51e-02  PER 1.000  P(det)@0.05 naive/cfar power_one_sided 1.000/1.000 power_two_sided 1.000/1.000 kurtosis 1.000/1.000 spec_cnn 1.000/1.000  (18s)
    JSR  +13.0 dB  BER 1.20e-01  PER 1.000  P(det)@0.05 naive/cfar power_one_sided 1.000/1.000 power_two_sided 1.000/1.000 kurtosis 1.000/1.000 spec_cnn 1.000/1.000  (18s)
    JSR  +14.0 dB  BER 1.47e-01  PER 1.000  P(det)@0.05 naive/cfar power_one_sided 1.000/1.000 power_two_sided 1.000/1.000 kurtosis 1.000/1.000 spec_cnn 1.000/1.000  (18s)
    JSR  +15.0 dB  BER 1.71e-01  PER 1.000  P(det)@0.05 naive/cfar power_one_sided 1.000/1.000 power_two_sided 1.000/1.000 kurtosis 1.000/1.000 spec_cnn 1.000/1.000  (19s)
  [snr_30_unc_0] power_two_sided_b1 done (768s)
  [snr_30_unc_0] generator power_two_sided_b10 (scale 1.0000)
    JSR  -50.0 dB  BER 0.00e+00  PER 0.000  P(det)@0.05 naive/cfar power_one_sided 0.049/0.049 power_two_sided 0.053/0.053 kurtosis 0.053/0.053 spec_cnn 0.055/0.055  (0s)
    JSR  -49.0 dB  BER 0.00e+00  PER 0.000  P(det)@0.05 naive/cfar power_one_sided 0.061/0.061 power_two_sided 0.055/0.055 kurtosis 0.062/0.062 spec_cnn 0.072/0.072  (1s)
    JSR  -48.0 dB  BER 0.00e+00  PER 0.000  P(det)@0.05 naive/cfar power_one_sided 0.068/0.068 power_two_sided 0.055/0.055 kurtosis 0.053/0.053 spec_cnn 0.059/0.059  (1s)
    JSR  -47.0 dB  BER 0.00e+00  PER 0.000  P(det)@0.05 naive/cfar power_one_sided 0.082/0.082 power_two_sided 0.066/0.066 kurtosis 0.062/0.062 spec_cnn 0.086/0.086  (1s)
    JSR  -46.0 dB  BER 0.00e+00  PER 0.000  P(det)@0.05 naive/cfar power_one_sided 0.055/0.055 power_two_sided 0.068/0.068 kurtosis 0.043/0.043 spec_cnn 0.053/0.053  (1s)
    JSR  -45.0 dB  BER 0.00e+00  PER 0.000  P(det)@0.05 naive/cfar power_one_sided 0.082/0.082 power_two_sided 0.066/0.066 kurtosis 0.068/0.068 spec_cnn 0.057/0.057  (2s)
    JSR  -44.0 dB  BER 0.00e+00  PER 0.000  P(det)@0.05 naive/cfar power_one_sided 0.076/0.076 power_two_sided 0.078/0.078 kurtosis 0.041/0.041 spec_cnn 0.047/0.047  (2s)
    JSR  -43.0 dB  BER 0.00e+00  PER 0.000  P(det)@0.05 naive/cfar power_one_sided 0.068/0.068 power_two_sided 0.062/0.062 kurtosis 0.055/0.055 spec_cnn 0.061/0.061  (2s)
    JSR  -42.0 dB  BER 0.00e+00  PER 0.000  P(det)@0.05 naive/cfar power_one_sided 0.090/0.090 power_two_sided 0.086/0.086 kurtosis 0.035/0.035 spec_cnn 0.061/0.061  (3s)
    JSR  -41.0 dB  BER 0.00e+00  PER 0.000  P(det)@0.05 naive/cfar power_one_sided 0.094/0.094 power_two_sided 0.080/0.080 kurtosis 0.055/0.055 spec_cnn 0.096/0.096  (3s)
    JSR  -40.0 dB  BER 0.00e+00  PER 0.000  P(det)@0.05 naive/cfar power_one_sided 0.125/0.125 power_two_sided 0.115/0.115 kurtosis 0.061/0.061 spec_cnn 0.098/0.098  (3s)
    JSR  -39.0 dB  BER 0.00e+00  PER 0.000  P(det)@0.05 naive/cfar power_one_sided 0.121/0.121 power_two_sided 0.113/0.113 kurtosis 0.045/0.045 spec_cnn 0.127/0.127  (3s)
    JSR  -38.0 dB  BER 0.00e+00  PER 0.000  P(det)@0.05 naive/cfar power_one_sided 0.150/0.150 power_two_sided 0.135/0.135 kurtosis 0.068/0.068 spec_cnn 0.121/0.121  (4s)
    JSR  -37.0 dB  BER 0.00e+00  PER 0.000  P(det)@0.05 naive/cfar power_one_sided 0.188/0.188 power_two_sided 0.174/0.174 kurtosis 0.059/0.059 spec_cnn 0.137/0.137  (4s)
    JSR  -36.0 dB  BER 0.00e+00  PER 0.000  P(det)@0.05 naive/cfar power_one_sided 0.215/0.215 power_two_sided 0.203/0.203 kurtosis 0.068/0.068 spec_cnn 0.133/0.133  (4s)
    JSR  -35.0 dB  BER 0.00e+00  PER 0.000  P(det)@0.05 naive/cfar power_one_sided 0.211/0.211 power_two_sided 0.205/0.205 kurtosis 0.045/0.045 spec_cnn 0.203/0.203  (5s)
    JSR  -34.0 dB  BER 0.00e+00  PER 0.000  P(det)@0.05 naive/cfar power_one_sided 0.240/0.240 power_two_sided 0.256/0.256 kurtosis 0.045/0.045 spec_cnn 0.188/0.188  (5s)
    JSR  -33.0 dB  BER 0.00e+00  PER 0.000  P(det)@0.05 naive/cfar power_one_sided 0.309/0.309 power_two_sided 0.340/0.340 kurtosis 0.041/0.041 spec_cnn 0.250/0.250  (5s)
    JSR  -32.0 dB  BER 0.00e+00  PER 0.000  P(det)@0.05 naive/cfar power_one_sided 0.371/0.371 power_two_sided 0.393/0.393 kurtosis 0.039/0.039 spec_cnn 0.311/0.311  (5s)
    JSR  -31.0 dB  BER 0.00e+00  PER 0.000  P(det)@0.05 naive/cfar power_one_sided 0.408/0.408 power_two_sided 0.455/0.455 kurtosis 0.035/0.035 spec_cnn 0.363/0.363  (6s)
    JSR  -30.0 dB  BER 0.00e+00  PER 0.000  P(det)@0.05 naive/cfar power_one_sided 0.467/0.467 power_two_sided 0.529/0.529 kurtosis 0.055/0.055 spec_cnn 0.385/0.385  (6s)
    JSR  -29.0 dB  BER 0.00e+00  PER 0.000  P(det)@0.05 naive/cfar power_one_sided 0.465/0.465 power_two_sided 0.516/0.516 kurtosis 0.035/0.035 spec_cnn 0.480/0.480  (6s)
    JSR  -28.0 dB  BER 0.00e+00  PER 0.000  P(det)@0.05 naive/cfar power_one_sided 0.537/0.537 power_two_sided 0.588/0.588 kurtosis 0.061/0.061 spec_cnn 0.602/0.602  (7s)
    JSR  -27.0 dB  BER 0.00e+00  PER 0.000  P(det)@0.05 naive/cfar power_one_sided 0.617/0.617 power_two_sided 0.660/0.660 kurtosis 0.072/0.072 spec_cnn 0.668/0.668  (7s)
    JSR  -26.0 dB  BER 0.00e+00  PER 0.000  P(det)@0.05 naive/cfar power_one_sided 0.607/0.607 power_two_sided 0.660/0.660 kurtosis 0.061/0.061 spec_cnn 0.768/0.768  (7s)
    JSR  -25.0 dB  BER 0.00e+00  PER 0.000  P(det)@0.05 naive/cfar power_one_sided 0.723/0.723 power_two_sided 0.742/0.742 kurtosis 0.033/0.033 spec_cnn 0.859/0.859  (7s)
    JSR  -24.0 dB  BER 0.00e+00  PER 0.000  P(det)@0.05 naive/cfar power_one_sided 0.754/0.754 power_two_sided 0.781/0.781 kurtosis 0.051/0.051 spec_cnn 0.914/0.914  (8s)
    JSR  -23.0 dB  BER 0.00e+00  PER 0.000  P(det)@0.05 naive/cfar power_one_sided 0.805/0.805 power_two_sided 0.807/0.807 kurtosis 0.062/0.062 spec_cnn 0.971/0.971  (8s)
    JSR  -22.0 dB  BER 5.34e-05  PER 0.014  P(det)@0.05 naive/cfar power_one_sided 0.811/0.811 power_two_sided 0.820/0.820 kurtosis 0.066/0.066 spec_cnn 0.996/0.996  (8s)
    JSR  -21.0 dB  BER 3.81e-04  PER 0.098  P(det)@0.05 naive/cfar power_one_sided 0.906/0.906 power_two_sided 0.910/0.910 kurtosis 0.059/0.059 spec_cnn 1.000/1.000  (8s)
    JSR  -20.0 dB  BER 5.95e-04  PER 0.152  P(det)@0.05 naive/cfar power_one_sided 0.953/0.953 power_two_sided 0.951/0.951 kurtosis 0.104/0.104 spec_cnn 1.000/1.000  (9s)
    JSR  -19.0 dB  BER 1.20e-03  PER 0.307  P(det)@0.05 naive/cfar power_one_sided 0.980/0.980 power_two_sided 0.979/0.979 kurtosis 0.107/0.107 spec_cnn 1.000/1.000  (9s)
    JSR  -18.0 dB  BER 1.62e-03  PER 0.410  P(det)@0.05 naive/cfar power_one_sided 0.990/0.990 power_two_sided 0.990/0.990 kurtosis 0.119/0.119 spec_cnn 1.000/1.000  (9s)
    JSR  -17.0 dB  BER 1.86e-03  PER 0.445  P(det)@0.05 naive/cfar power_one_sided 1.000/1.000 power_two_sided 1.000/1.000 kurtosis 0.258/0.258 spec_cnn 1.000/1.000  (10s)
    JSR  -16.0 dB  BER 2.29e-03  PER 0.535  P(det)@0.05 naive/cfar power_one_sided 0.998/0.998 power_two_sided 0.998/0.998 kurtosis 0.336/0.336 spec_cnn 1.000/1.000  (10s)
    JSR  -15.0 dB  BER 2.61e-03  PER 0.586  P(det)@0.05 naive/cfar power_one_sided 1.000/1.000 power_two_sided 1.000/1.000 kurtosis 0.465/0.465 spec_cnn 1.000/1.000  (10s)
    JSR  -14.0 dB  BER 2.91e-03  PER 0.607  P(det)@0.05 naive/cfar power_one_sided 1.000/1.000 power_two_sided 1.000/1.000 kurtosis 0.623/0.623 spec_cnn 1.000/1.000  (10s)
    JSR  -13.0 dB  BER 3.39e-03  PER 0.674  P(det)@0.05 naive/cfar power_one_sided 1.000/1.000 power_two_sided 1.000/1.000 kurtosis 0.750/0.750 spec_cnn 1.000/1.000  (11s)
    JSR  -12.0 dB  BER 3.59e-03  PER 0.682  P(det)@0.05 naive/cfar power_one_sided 1.000/1.000 power_two_sided 1.000/1.000 kurtosis 0.920/0.920 spec_cnn 1.000/1.000  (11s)
    JSR  -11.0 dB  BER 4.17e-03  PER 0.736  P(det)@0.05 naive/cfar power_one_sided 1.000/1.000 power_two_sided 1.000/1.000 kurtosis 0.980/0.980 spec_cnn 1.000/1.000  (11s)
    JSR  -10.0 dB  BER 4.27e-03  PER 0.730  P(det)@0.05 naive/cfar power_one_sided 1.000/1.000 power_two_sided 1.000/1.000 kurtosis 0.998/0.998 spec_cnn 1.000/1.000  (12s)
    JSR   -9.0 dB  BER 4.91e-03  PER 0.791  P(det)@0.05 naive/cfar power_one_sided 1.000/1.000 power_two_sided 1.000/1.000 kurtosis 1.000/1.000 spec_cnn 1.000/1.000  (12s)
    JSR   -8.0 dB  BER 5.20e-03  PER 0.789  P(det)@0.05 naive/cfar power_one_sided 1.000/1.000 power_two_sided 1.000/1.000 kurtosis 1.000/1.000 spec_cnn 1.000/1.000  (12s)
    JSR   -7.0 dB  BER 5.98e-03  PER 0.838  P(det)@0.05 naive/cfar power_one_sided 1.000/1.000 power_two_sided 1.000/1.000 kurtosis 1.000/1.000 spec_cnn 1.000/1.000  (12s)
    JSR   -6.0 dB  BER 6.47e-03  PER 0.879  P(det)@0.05 naive/cfar power_one_sided 1.000/1.000 power_two_sided 1.000/1.000 kurtosis 1.000/1.000 spec_cnn 1.000/1.000  (13s)
    JSR   -5.0 dB  BER 6.97e-03  PER 0.859  P(det)@0.05 naive/cfar power_one_sided 1.000/1.000 power_two_sided 1.000/1.000 kurtosis 1.000/1.000 spec_cnn 1.000/1.000  (13s)
    JSR   -4.0 dB  BER 7.72e-03  PER 0.867  P(det)@0.05 naive/cfar power_one_sided 1.000/1.000 power_two_sided 1.000/1.000 kurtosis 1.000/1.000 spec_cnn 1.000/1.000  (13s)
    JSR   -3.0 dB  BER 8.38e-03  PER 0.904  P(det)@0.05 naive/cfar power_one_sided 1.000/1.000 power_two_sided 1.000/1.000 kurtosis 1.000/1.000 spec_cnn 1.000/1.000  (14s)
    JSR   -2.0 dB  BER 8.90e-03  PER 0.898  P(det)@0.05 naive/cfar power_one_sided 1.000/1.000 power_two_sided 1.000/1.000 kurtosis 1.000/1.000 spec_cnn 1.000/1.000  (14s)
    JSR   -1.0 dB  BER 9.44e-03  PER 0.920  P(det)@0.05 naive/cfar power_one_sided 1.000/1.000 power_two_sided 1.000/1.000 kurtosis 1.000/1.000 spec_cnn 1.000/1.000  (14s)
    JSR   +0.0 dB  BER 1.05e-02  PER 0.961  P(det)@0.05 naive/cfar power_one_sided 1.000/1.000 power_two_sided 1.000/1.000 kurtosis 1.000/1.000 spec_cnn 1.000/1.000  (14s)
    JSR   +1.0 dB  BER 1.16e-02  PER 0.957  P(det)@0.05 naive/cfar power_one_sided 1.000/1.000 power_two_sided 1.000/1.000 kurtosis 1.000/1.000 spec_cnn 1.000/1.000  (15s)
    JSR   +2.0 dB  BER 1.24e-02  PER 0.967  P(det)@0.05 naive/cfar power_one_sided 1.000/1.000 power_two_sided 1.000/1.000 kurtosis 1.000/1.000 spec_cnn 1.000/1.000  (15s)
    JSR   +3.0 dB  BER 1.38e-02  PER 0.975  P(det)@0.05 naive/cfar power_one_sided 1.000/1.000 power_two_sided 1.000/1.000 kurtosis 1.000/1.000 spec_cnn 1.000/1.000  (15s)
    JSR   +4.0 dB  BER 1.53e-02  PER 0.979  P(det)@0.05 naive/cfar power_one_sided 1.000/1.000 power_two_sided 1.000/1.000 kurtosis 1.000/1.000 spec_cnn 1.000/1.000  (16s)
    JSR   +5.0 dB  BER 2.06e-02  PER 0.988  P(det)@0.05 naive/cfar power_one_sided 1.000/1.000 power_two_sided 1.000/1.000 kurtosis 1.000/1.000 spec_cnn 1.000/1.000  (16s)
    JSR   +6.0 dB  BER 2.66e-02  PER 0.994  P(det)@0.05 naive/cfar power_one_sided 1.000/1.000 power_two_sided 1.000/1.000 kurtosis 1.000/1.000 spec_cnn 1.000/1.000  (16s)
    JSR   +7.0 dB  BER 3.46e-02  PER 1.000  P(det)@0.05 naive/cfar power_one_sided 1.000/1.000 power_two_sided 1.000/1.000 kurtosis 1.000/1.000 spec_cnn 1.000/1.000  (16s)
    JSR   +8.0 dB  BER 4.45e-02  PER 1.000  P(det)@0.05 naive/cfar power_one_sided 1.000/1.000 power_two_sided 1.000/1.000 kurtosis 1.000/1.000 spec_cnn 1.000/1.000  (17s)
    JSR   +9.0 dB  BER 5.94e-02  PER 1.000  P(det)@0.05 naive/cfar power_one_sided 1.000/1.000 power_two_sided 1.000/1.000 kurtosis 1.000/1.000 spec_cnn 1.000/1.000  (17s)
    JSR  +10.0 dB  BER 7.59e-02  PER 1.000  P(det)@0.05 naive/cfar power_one_sided 1.000/1.000 power_two_sided 1.000/1.000 kurtosis 1.000/1.000 spec_cnn 1.000/1.000  (17s)
    JSR  +11.0 dB  BER 9.57e-02  PER 1.000  P(det)@0.05 naive/cfar power_one_sided 1.000/1.000 power_two_sided 1.000/1.000 kurtosis 1.000/1.000 spec_cnn 1.000/1.000  (18s)
    JSR  +12.0 dB  BER 1.20e-01  PER 1.000  P(det)@0.05 naive/cfar power_one_sided 1.000/1.000 power_two_sided 1.000/1.000 kurtosis 1.000/1.000 spec_cnn 1.000/1.000  (18s)
    JSR  +13.0 dB  BER 1.45e-01  PER 1.000  P(det)@0.05 naive/cfar power_one_sided 1.000/1.000 power_two_sided 1.000/1.000 kurtosis 1.000/1.000 spec_cnn 1.000/1.000  (18s)
    JSR  +14.0 dB  BER 1.69e-01  PER 1.000  P(det)@0.05 naive/cfar power_one_sided 1.000/1.000 power_two_sided 1.000/1.000 kurtosis 1.000/1.000 spec_cnn 1.000/1.000  (18s)
    JSR  +15.0 dB  BER 1.99e-01  PER 1.000  P(det)@0.05 naive/cfar power_one_sided 1.000/1.000 power_two_sided 1.000/1.000 kurtosis 1.000/1.000 spec_cnn 1.000/1.000  (19s)
  [snr_30_unc_0] power_two_sided_b10 done (823s)
  [snr_30_unc_0] generator power_two_sided_b100 (scale 1.0000)
    JSR  -50.0 dB  BER 0.00e+00  PER 0.000  P(det)@0.05 naive/cfar power_one_sided 0.062/0.062 power_two_sided 0.061/0.061 kurtosis 0.066/0.066 spec_cnn 0.039/0.039  (0s)
    JSR  -49.0 dB  BER 0.00e+00  PER 0.000  P(det)@0.05 naive/cfar power_one_sided 0.053/0.053 power_two_sided 0.068/0.068 kurtosis 0.055/0.055 spec_cnn 0.045/0.045  (1s)
    JSR  -48.0 dB  BER 0.00e+00  PER 0.000  P(det)@0.05 naive/cfar power_one_sided 0.057/0.057 power_two_sided 0.047/0.047 kurtosis 0.053/0.053 spec_cnn 0.047/0.047  (1s)
    JSR  -47.0 dB  BER 0.00e+00  PER 0.000  P(det)@0.05 naive/cfar power_one_sided 0.045/0.045 power_two_sided 0.047/0.047 kurtosis 0.055/0.055 spec_cnn 0.059/0.059  (1s)
    JSR  -46.0 dB  BER 0.00e+00  PER 0.000  P(det)@0.05 naive/cfar power_one_sided 0.057/0.057 power_two_sided 0.043/0.043 kurtosis 0.045/0.045 spec_cnn 0.047/0.047  (1s)
    JSR  -45.0 dB  BER 0.00e+00  PER 0.000  P(det)@0.05 naive/cfar power_one_sided 0.062/0.062 power_two_sided 0.066/0.066 kurtosis 0.068/0.068 spec_cnn 0.061/0.061  (2s)
    JSR  -44.0 dB  BER 0.00e+00  PER 0.000  P(det)@0.05 naive/cfar power_one_sided 0.086/0.086 power_two_sided 0.070/0.070 kurtosis 0.031/0.031 spec_cnn 0.059/0.059  (2s)
    JSR  -43.0 dB  BER 0.00e+00  PER 0.000  P(det)@0.05 naive/cfar power_one_sided 0.072/0.072 power_two_sided 0.068/0.068 kurtosis 0.061/0.061 spec_cnn 0.055/0.055  (2s)
    JSR  -42.0 dB  BER 0.00e+00  PER 0.000  P(det)@0.05 naive/cfar power_one_sided 0.094/0.094 power_two_sided 0.105/0.105 kurtosis 0.045/0.045 spec_cnn 0.047/0.047  (3s)
    JSR  -41.0 dB  BER 0.00e+00  PER 0.000  P(det)@0.05 naive/cfar power_one_sided 0.086/0.086 power_two_sided 0.086/0.086 kurtosis 0.066/0.066 spec_cnn 0.066/0.066  (3s)
    JSR  -40.0 dB  BER 0.00e+00  PER 0.000  P(det)@0.05 naive/cfar power_one_sided 0.113/0.113 power_two_sided 0.107/0.107 kurtosis 0.029/0.029 spec_cnn 0.066/0.066  (3s)
    JSR  -39.0 dB  BER 0.00e+00  PER 0.000  P(det)@0.05 naive/cfar power_one_sided 0.088/0.088 power_two_sided 0.107/0.107 kurtosis 0.037/0.037 spec_cnn 0.062/0.062  (3s)
    JSR  -38.0 dB  BER 0.00e+00  PER 0.000  P(det)@0.05 naive/cfar power_one_sided 0.148/0.148 power_two_sided 0.135/0.135 kurtosis 0.064/0.064 spec_cnn 0.066/0.066  (4s)
    JSR  -37.0 dB  BER 0.00e+00  PER 0.000  P(det)@0.05 naive/cfar power_one_sided 0.121/0.121 power_two_sided 0.156/0.156 kurtosis 0.047/0.047 spec_cnn 0.076/0.076  (4s)
    JSR  -36.0 dB  BER 0.00e+00  PER 0.000  P(det)@0.05 naive/cfar power_one_sided 0.180/0.180 power_two_sided 0.176/0.176 kurtosis 0.051/0.051 spec_cnn 0.121/0.121  (4s)
    JSR  -35.0 dB  BER 0.00e+00  PER 0.000  P(det)@0.05 naive/cfar power_one_sided 0.170/0.170 power_two_sided 0.205/0.205 kurtosis 0.045/0.045 spec_cnn 0.117/0.117  (5s)
    JSR  -34.0 dB  BER 0.00e+00  PER 0.000  P(det)@0.05 naive/cfar power_one_sided 0.221/0.221 power_two_sided 0.238/0.238 kurtosis 0.039/0.039 spec_cnn 0.123/0.123  (5s)
    JSR  -33.0 dB  BER 0.00e+00  PER 0.000  P(det)@0.05 naive/cfar power_one_sided 0.314/0.314 power_two_sided 0.332/0.332 kurtosis 0.049/0.049 spec_cnn 0.139/0.139  (5s)
    JSR  -32.0 dB  BER 0.00e+00  PER 0.000  P(det)@0.05 naive/cfar power_one_sided 0.299/0.299 power_two_sided 0.338/0.338 kurtosis 0.045/0.045 spec_cnn 0.176/0.176  (5s)
    JSR  -31.0 dB  BER 0.00e+00  PER 0.000  P(det)@0.05 naive/cfar power_one_sided 0.365/0.365 power_two_sided 0.393/0.393 kurtosis 0.035/0.035 spec_cnn 0.219/0.219  (6s)
    JSR  -30.0 dB  BER 0.00e+00  PER 0.000  P(det)@0.05 naive/cfar power_one_sided 0.430/0.430 power_two_sided 0.463/0.463 kurtosis 0.057/0.057 spec_cnn 0.283/0.283  (6s)
    JSR  -29.0 dB  BER 0.00e+00  PER 0.000  P(det)@0.05 naive/cfar power_one_sided 0.463/0.463 power_two_sided 0.518/0.518 kurtosis 0.059/0.059 spec_cnn 0.299/0.299  (6s)
    JSR  -28.0 dB  BER 0.00e+00  PER 0.000  P(det)@0.05 naive/cfar power_one_sided 0.559/0.559 power_two_sided 0.584/0.584 kurtosis 0.051/0.051 spec_cnn 0.527/0.527  (7s)
    JSR  -27.0 dB  BER 0.00e+00  PER 0.000  P(det)@0.05 naive/cfar power_one_sided 0.592/0.592 power_two_sided 0.646/0.646 kurtosis 0.055/0.055 spec_cnn 0.578/0.578  (7s)
    JSR  -26.0 dB  BER 0.00e+00  PER 0.000  P(det)@0.05 naive/cfar power_one_sided 0.627/0.627 power_two_sided 0.672/0.672 kurtosis 0.039/0.039 spec_cnn 0.658/0.658  (7s)
    JSR  -25.0 dB  BER 0.00e+00  PER 0.000  P(det)@0.05 naive/cfar power_one_sided 0.697/0.697 power_two_sided 0.736/0.736 kurtosis 0.031/0.031 spec_cnn 0.789/0.789  (7s)
    JSR  -24.0 dB  BER 0.00e+00  PER 0.000  P(det)@0.05 naive/cfar power_one_sided 0.725/0.725 power_two_sided 0.781/0.781 kurtosis 0.076/0.076 spec_cnn 0.908/0.908  (8s)
    JSR  -23.0 dB  BER 0.00e+00  PER 0.000  P(det)@0.05 naive/cfar power_one_sided 0.814/0.814 power_two_sided 0.834/0.834 kurtosis 0.061/0.061 spec_cnn 0.973/0.973  (8s)
    JSR  -22.0 dB  BER 0.00e+00  PER 0.000  P(det)@0.05 naive/cfar power_one_sided 0.857/0.857 power_two_sided 0.883/0.883 kurtosis 0.059/0.059 spec_cnn 0.994/0.994  (8s)
    JSR  -21.0 dB  BER 7.63e-06  PER 0.002  P(det)@0.05 naive/cfar power_one_sided 0.906/0.906 power_two_sided 0.920/0.920 kurtosis 0.047/0.047 spec_cnn 1.000/1.000  (8s)
    JSR  -20.0 dB  BER 2.14e-04  PER 0.055  P(det)@0.05 naive/cfar power_one_sided 0.926/0.926 power_two_sided 0.939/0.939 kurtosis 0.047/0.047 spec_cnn 1.000/1.000  (9s)
    JSR  -19.0 dB  BER 5.72e-04  PER 0.146  P(det)@0.05 naive/cfar power_one_sided 0.971/0.971 power_two_sided 0.973/0.973 kurtosis 0.074/0.074 spec_cnn 1.000/1.000  (9s)
    JSR  -18.0 dB  BER 9.99e-04  PER 0.256  P(det)@0.05 naive/cfar power_one_sided 0.977/0.977 power_two_sided 0.975/0.975 kurtosis 0.127/0.127 spec_cnn 1.000/1.000  (9s)
    JSR  -17.0 dB  BER 1.40e-03  PER 0.355  P(det)@0.05 naive/cfar power_one_sided 0.988/0.988 power_two_sided 0.992/0.992 kurtosis 0.160/0.160 spec_cnn 1.000/1.000  (10s)
    JSR  -16.0 dB  BER 1.75e-03  PER 0.422  P(det)@0.05 naive/cfar power_one_sided 1.000/1.000 power_two_sided 0.998/0.998 kurtosis 0.215/0.215 spec_cnn 1.000/1.000  (10s)
    JSR  -15.0 dB  BER 2.20e-03  PER 0.500  P(det)@0.05 naive/cfar power_one_sided 0.998/0.998 power_two_sided 0.998/0.998 kurtosis 0.352/0.352 spec_cnn 1.000/1.000  (10s)
    JSR  -14.0 dB  BER 2.51e-03  PER 0.545  P(det)@0.05 naive/cfar power_one_sided 1.000/1.000 power_two_sided 1.000/1.000 kurtosis 0.492/0.492 spec_cnn 1.000/1.000  (10s)
    JSR  -13.0 dB  BER 2.94e-03  PER 0.615  P(det)@0.05 naive/cfar power_one_sided 1.000/1.000 power_two_sided 1.000/1.000 kurtosis 0.627/0.627 spec_cnn 1.000/1.000  (11s)
    JSR  -12.0 dB  BER 3.41e-03  PER 0.672  P(det)@0.05 naive/cfar power_one_sided 1.000/1.000 power_two_sided 1.000/1.000 kurtosis 0.768/0.768 spec_cnn 1.000/1.000  (11s)
    JSR  -11.0 dB  BER 3.56e-03  PER 0.691  P(det)@0.05 naive/cfar power_one_sided 1.000/1.000 power_two_sided 1.000/1.000 kurtosis 0.916/0.916 spec_cnn 1.000/1.000  (11s)
    JSR  -10.0 dB  BER 3.97e-03  PER 0.734  P(det)@0.05 naive/cfar power_one_sided 1.000/1.000 power_two_sided 1.000/1.000 kurtosis 0.986/0.986 spec_cnn 1.000/1.000  (12s)
    JSR   -9.0 dB  BER 4.38e-03  PER 0.754  P(det)@0.05 naive/cfar power_one_sided 1.000/1.000 power_two_sided 1.000/1.000 kurtosis 0.996/0.996 spec_cnn 1.000/1.000  (12s)
    JSR   -8.0 dB  BER 4.72e-03  PER 0.783  P(det)@0.05 naive/cfar power_one_sided 1.000/1.000 power_two_sided 1.000/1.000 kurtosis 1.000/1.000 spec_cnn 1.000/1.000  (12s)
    JSR   -7.0 dB  BER 5.18e-03  PER 0.809  P(det)@0.05 naive/cfar power_one_sided 1.000/1.000 power_two_sided 1.000/1.000 kurtosis 1.000/1.000 spec_cnn 1.000/1.000  (12s)
    JSR   -6.0 dB  BER 5.58e-03  PER 0.832  P(det)@0.05 naive/cfar power_one_sided 1.000/1.000 power_two_sided 1.000/1.000 kurtosis 1.000/1.000 spec_cnn 1.000/1.000  (13s)
    JSR   -5.0 dB  BER 6.04e-03  PER 0.842  P(det)@0.05 naive/cfar power_one_sided 1.000/1.000 power_two_sided 1.000/1.000 kurtosis 1.000/1.000 spec_cnn 1.000/1.000  (13s)
    JSR   -4.0 dB  BER 7.12e-03  PER 0.883  P(det)@0.05 naive/cfar power_one_sided 1.000/1.000 power_two_sided 1.000/1.000 kurtosis 1.000/1.000 spec_cnn 1.000/1.000  (13s)
    JSR   -3.0 dB  BER 7.64e-03  PER 0.895  P(det)@0.05 naive/cfar power_one_sided 1.000/1.000 power_two_sided 1.000/1.000 kurtosis 1.000/1.000 spec_cnn 1.000/1.000  (14s)
    JSR   -2.0 dB  BER 8.85e-03  PER 0.928  P(det)@0.05 naive/cfar power_one_sided 1.000/1.000 power_two_sided 1.000/1.000 kurtosis 1.000/1.000 spec_cnn 1.000/1.000  (14s)
    JSR   -1.0 dB  BER 1.12e-02  PER 0.959  P(det)@0.05 naive/cfar power_one_sided 1.000/1.000 power_two_sided 1.000/1.000 kurtosis 1.000/1.000 spec_cnn 1.000/1.000  (14s)
    JSR   +0.0 dB  BER 1.53e-02  PER 0.992  P(det)@0.05 naive/cfar power_one_sided 1.000/1.000 power_two_sided 1.000/1.000 kurtosis 1.000/1.000 spec_cnn 1.000/1.000  (14s)
    JSR   +1.0 dB  BER 2.23e-02  PER 0.990  P(det)@0.05 naive/cfar power_one_sided 1.000/1.000 power_two_sided 1.000/1.000 kurtosis 1.000/1.000 spec_cnn 1.000/1.000  (15s)
    JSR   +2.0 dB  BER 3.31e-02  PER 1.000  P(det)@0.05 naive/cfar power_one_sided 1.000/1.000 power_two_sided 1.000/1.000 kurtosis 1.000/1.000 spec_cnn 1.000/1.000  (15s)
    JSR   +3.0 dB  BER 4.98e-02  PER 1.000  P(det)@0.05 naive/cfar power_one_sided 1.000/1.000 power_two_sided 1.000/1.000 kurtosis 1.000/1.000 spec_cnn 1.000/1.000  (15s)
    JSR   +4.0 dB  BER 6.68e-02  PER 1.000  P(det)@0.05 naive/cfar power_one_sided 1.000/1.000 power_two_sided 1.000/1.000 kurtosis 1.000/1.000 spec_cnn 1.000/1.000  (16s)
    JSR   +5.0 dB  BER 8.99e-02  PER 1.000  P(det)@0.05 naive/cfar power_one_sided 1.000/1.000 power_two_sided 1.000/1.000 kurtosis 1.000/1.000 spec_cnn 1.000/1.000  (16s)
    JSR   +6.0 dB  BER 1.12e-01  PER 1.000  P(det)@0.05 naive/cfar power_one_sided 1.000/1.000 power_two_sided 1.000/1.000 kurtosis 1.000/1.000 spec_cnn 1.000/1.000  (16s)
    JSR   +7.0 dB  BER 1.39e-01  PER 1.000  P(det)@0.05 naive/cfar power_one_sided 1.000/1.000 power_two_sided 1.000/1.000 kurtosis 1.000/1.000 spec_cnn 1.000/1.000  (16s)
    JSR   +8.0 dB  BER 1.65e-01  PER 1.000  P(det)@0.05 naive/cfar power_one_sided 1.000/1.000 power_two_sided 1.000/1.000 kurtosis 1.000/1.000 spec_cnn 1.000/1.000  (17s)
    JSR   +9.0 dB  BER 1.90e-01  PER 1.000  P(det)@0.05 naive/cfar power_one_sided 1.000/1.000 power_two_sided 1.000/1.000 kurtosis 1.000/1.000 spec_cnn 1.000/1.000  (17s)
    JSR  +10.0 dB  BER 2.18e-01  PER 1.000  P(det)@0.05 naive/cfar power_one_sided 1.000/1.000 power_two_sided 1.000/1.000 kurtosis 1.000/1.000 spec_cnn 1.000/1.000  (17s)
    JSR  +11.0 dB  BER 2.42e-01  PER 1.000  P(det)@0.05 naive/cfar power_one_sided 1.000/1.000 power_two_sided 1.000/1.000 kurtosis 1.000/1.000 spec_cnn 1.000/1.000  (18s)
    JSR  +12.0 dB  BER 2.65e-01  PER 1.000  P(det)@0.05 naive/cfar power_one_sided 1.000/1.000 power_two_sided 1.000/1.000 kurtosis 1.000/1.000 spec_cnn 1.000/1.000  (18s)
    JSR  +13.0 dB  BER 2.90e-01  PER 1.000  P(det)@0.05 naive/cfar power_one_sided 1.000/1.000 power_two_sided 1.000/1.000 kurtosis 1.000/1.000 spec_cnn 1.000/1.000  (18s)
    JSR  +14.0 dB  BER 3.09e-01  PER 1.000  P(det)@0.05 naive/cfar power_one_sided 1.000/1.000 power_two_sided 1.000/1.000 kurtosis 1.000/1.000 spec_cnn 1.000/1.000  (18s)
    JSR  +15.0 dB  BER 3.28e-01  PER 1.000  P(det)@0.05 naive/cfar power_one_sided 1.000/1.000 power_two_sided 1.000/1.000 kurtosis 1.000/1.000 spec_cnn 1.000/1.000  (19s)
  [snr_30_unc_0] power_two_sided_b100 done (878s)
  [snr_30_unc_0] generator power_two_sided_b1000 (scale 1.0000)
    JSR  -50.0 dB  BER 0.00e+00  PER 0.000  P(det)@0.05 naive/cfar power_one_sided 0.062/0.062 power_two_sided 0.059/0.059 kurtosis 0.045/0.045 spec_cnn 0.049/0.049  (0s)
    JSR  -49.0 dB  BER 0.00e+00  PER 0.000  P(det)@0.05 naive/cfar power_one_sided 0.053/0.053 power_two_sided 0.051/0.051 kurtosis 0.055/0.055 spec_cnn 0.057/0.057  (1s)
    JSR  -48.0 dB  BER 0.00e+00  PER 0.000  P(det)@0.05 naive/cfar power_one_sided 0.055/0.055 power_two_sided 0.053/0.053 kurtosis 0.039/0.039 spec_cnn 0.047/0.047  (1s)
    JSR  -47.0 dB  BER 0.00e+00  PER 0.000  P(det)@0.05 naive/cfar power_one_sided 0.061/0.061 power_two_sided 0.062/0.062 kurtosis 0.053/0.053 spec_cnn 0.049/0.049  (1s)
    JSR  -46.0 dB  BER 0.00e+00  PER 0.000  P(det)@0.05 naive/cfar power_one_sided 0.098/0.098 power_two_sided 0.080/0.080 kurtosis 0.047/0.047 spec_cnn 0.049/0.049  (1s)
    JSR  -45.0 dB  BER 0.00e+00  PER 0.000  P(det)@0.05 naive/cfar power_one_sided 0.086/0.086 power_two_sided 0.066/0.066 kurtosis 0.045/0.045 spec_cnn 0.047/0.047  (2s)
    JSR  -44.0 dB  BER 0.00e+00  PER 0.000  P(det)@0.05 naive/cfar power_one_sided 0.102/0.102 power_two_sided 0.090/0.090 kurtosis 0.051/0.051 spec_cnn 0.053/0.053  (2s)
    JSR  -43.0 dB  BER 0.00e+00  PER 0.000  P(det)@0.05 naive/cfar power_one_sided 0.098/0.098 power_two_sided 0.094/0.094 kurtosis 0.041/0.041 spec_cnn 0.061/0.061  (2s)
    JSR  -42.0 dB  BER 0.00e+00  PER 0.000  P(det)@0.05 naive/cfar power_one_sided 0.096/0.096 power_two_sided 0.088/0.088 kurtosis 0.031/0.031 spec_cnn 0.031/0.031  (3s)
    JSR  -41.0 dB  BER 0.00e+00  PER 0.000  P(det)@0.05 naive/cfar power_one_sided 0.102/0.102 power_two_sided 0.115/0.115 kurtosis 0.049/0.049 spec_cnn 0.047/0.047  (3s)
    JSR  -40.0 dB  BER 0.00e+00  PER 0.000  P(det)@0.05 naive/cfar power_one_sided 0.082/0.082 power_two_sided 0.121/0.121 kurtosis 0.043/0.043 spec_cnn 0.066/0.066  (3s)
    JSR  -39.0 dB  BER 0.00e+00  PER 0.000  P(det)@0.05 naive/cfar power_one_sided 0.135/0.135 power_two_sided 0.156/0.156 kurtosis 0.059/0.059 spec_cnn 0.066/0.066  (3s)
    JSR  -38.0 dB  BER 0.00e+00  PER 0.000  P(det)@0.05 naive/cfar power_one_sided 0.150/0.150 power_two_sided 0.160/0.160 kurtosis 0.061/0.061 spec_cnn 0.102/0.102  (4s)
    JSR  -37.0 dB  BER 0.00e+00  PER 0.000  P(det)@0.05 naive/cfar power_one_sided 0.145/0.145 power_two_sided 0.186/0.186 kurtosis 0.045/0.045 spec_cnn 0.084/0.084  (4s)
    JSR  -36.0 dB  BER 0.00e+00  PER 0.000  P(det)@0.05 naive/cfar power_one_sided 0.176/0.176 power_two_sided 0.238/0.238 kurtosis 0.045/0.045 spec_cnn 0.094/0.094  (4s)
    JSR  -35.0 dB  BER 0.00e+00  PER 0.000  P(det)@0.05 naive/cfar power_one_sided 0.201/0.201 power_two_sided 0.289/0.289 kurtosis 0.047/0.047 spec_cnn 0.100/0.100  (5s)
    JSR  -34.0 dB  BER 0.00e+00  PER 0.000  P(det)@0.05 naive/cfar power_one_sided 0.232/0.232 power_two_sided 0.301/0.301 kurtosis 0.051/0.051 spec_cnn 0.133/0.133  (5s)
    JSR  -33.0 dB  BER 0.00e+00  PER 0.000  P(det)@0.05 naive/cfar power_one_sided 0.270/0.270 power_two_sided 0.299/0.299 kurtosis 0.041/0.041 spec_cnn 0.109/0.109  (5s)
    JSR  -32.0 dB  BER 0.00e+00  PER 0.000  P(det)@0.05 naive/cfar power_one_sided 0.338/0.338 power_two_sided 0.420/0.420 kurtosis 0.049/0.049 spec_cnn 0.139/0.139  (5s)
    JSR  -31.0 dB  BER 0.00e+00  PER 0.000  P(det)@0.05 naive/cfar power_one_sided 0.373/0.373 power_two_sided 0.463/0.463 kurtosis 0.045/0.045 spec_cnn 0.189/0.189  (6s)
    JSR  -30.0 dB  BER 0.00e+00  PER 0.000  P(det)@0.05 naive/cfar power_one_sided 0.381/0.381 power_two_sided 0.484/0.484 kurtosis 0.037/0.037 spec_cnn 0.277/0.277  (6s)
    JSR  -29.0 dB  BER 0.00e+00  PER 0.000  P(det)@0.05 naive/cfar power_one_sided 0.420/0.420 power_two_sided 0.533/0.533 kurtosis 0.041/0.041 spec_cnn 0.277/0.277  (6s)
    JSR  -28.0 dB  BER 0.00e+00  PER 0.000  P(det)@0.05 naive/cfar power_one_sided 0.471/0.471 power_two_sided 0.572/0.572 kurtosis 0.045/0.045 spec_cnn 0.307/0.307  (6s)
    JSR  -27.0 dB  BER 0.00e+00  PER 0.000  P(det)@0.05 naive/cfar power_one_sided 0.498/0.498 power_two_sided 0.619/0.619 kurtosis 0.049/0.049 spec_cnn 0.439/0.439  (7s)
    JSR  -26.0 dB  BER 0.00e+00  PER 0.000  P(det)@0.05 naive/cfar power_one_sided 0.516/0.516 power_two_sided 0.650/0.650 kurtosis 0.043/0.043 spec_cnn 0.486/0.486  (7s)
    JSR  -25.0 dB  BER 0.00e+00  PER 0.000  P(det)@0.05 naive/cfar power_one_sided 0.596/0.596 power_two_sided 0.719/0.719 kurtosis 0.047/0.047 spec_cnn 0.596/0.596  (7s)
    JSR  -24.0 dB  BER 0.00e+00  PER 0.000  P(det)@0.05 naive/cfar power_one_sided 0.631/0.631 power_two_sided 0.752/0.752 kurtosis 0.061/0.061 spec_cnn 0.664/0.664  (8s)
    JSR  -23.0 dB  BER 0.00e+00  PER 0.000  P(det)@0.05 naive/cfar power_one_sided 0.664/0.664 power_two_sided 0.773/0.773 kurtosis 0.059/0.059 spec_cnn 0.752/0.752  (8s)
    JSR  -22.0 dB  BER 0.00e+00  PER 0.000  P(det)@0.05 naive/cfar power_one_sided 0.725/0.725 power_two_sided 0.842/0.842 kurtosis 0.066/0.066 spec_cnn 0.824/0.824  (8s)
    JSR  -21.0 dB  BER 0.00e+00  PER 0.000  P(det)@0.05 naive/cfar power_one_sided 0.746/0.746 power_two_sided 0.846/0.846 kurtosis 0.080/0.080 spec_cnn 0.902/0.902  (8s)
    JSR  -20.0 dB  BER 0.00e+00  PER 0.000  P(det)@0.05 naive/cfar power_one_sided 0.803/0.803 power_two_sided 0.889/0.889 kurtosis 0.090/0.090 spec_cnn 0.926/0.926  (9s)
    JSR  -19.0 dB  BER 0.00e+00  PER 0.000  P(det)@0.05 naive/cfar power_one_sided 0.863/0.863 power_two_sided 0.920/0.920 kurtosis 0.131/0.131 spec_cnn 0.939/0.939  (9s)
    JSR  -18.0 dB  BER 3.05e-05  PER 0.008  P(det)@0.05 naive/cfar power_one_sided 0.867/0.867 power_two_sided 0.930/0.930 kurtosis 0.172/0.172 spec_cnn 0.979/0.979  (9s)
    JSR  -17.0 dB  BER 3.36e-04  PER 0.086  P(det)@0.05 naive/cfar power_one_sided 0.904/0.904 power_two_sided 0.959/0.959 kurtosis 0.203/0.203 spec_cnn 0.984/0.984  (10s)
    JSR  -16.0 dB  BER 8.32e-04  PER 0.213  P(det)@0.05 naive/cfar power_one_sided 0.932/0.932 power_two_sided 0.963/0.963 kurtosis 0.344/0.344 spec_cnn 1.000/1.000  (10s)
    JSR  -15.0 dB  BER 1.05e-03  PER 0.270  P(det)@0.05 naive/cfar power_one_sided 0.963/0.963 power_two_sided 0.984/0.984 kurtosis 0.479/0.479 spec_cnn 1.000/1.000  (10s)
    JSR  -14.0 dB  BER 1.56e-03  PER 0.389  P(det)@0.05 naive/cfar power_one_sided 0.982/0.982 power_two_sided 0.992/0.992 kurtosis 0.602/0.602 spec_cnn 1.000/1.000  (10s)
    JSR  -13.0 dB  BER 1.89e-03  PER 0.459  P(det)@0.05 naive/cfar power_one_sided 0.996/0.996 power_two_sided 0.998/0.998 kurtosis 0.781/0.781 spec_cnn 1.000/1.000  (11s)
    JSR  -12.0 dB  BER 2.34e-03  PER 0.537  P(det)@0.05 naive/cfar power_one_sided 0.996/0.996 power_two_sided 0.998/0.998 kurtosis 0.875/0.875 spec_cnn 1.000/1.000  (11s)
    JSR  -11.0 dB  BER 2.64e-03  PER 0.570  P(det)@0.05 naive/cfar power_one_sided 0.998/0.998 power_two_sided 0.998/0.998 kurtosis 0.959/0.959 spec_cnn 1.000/1.000  (11s)
    JSR  -10.0 dB  BER 2.96e-03  PER 0.605  P(det)@0.05 naive/cfar power_one_sided 1.000/1.000 power_two_sided 1.000/1.000 kurtosis 0.979/0.979 spec_cnn 1.000/1.000  (12s)
    JSR   -9.0 dB  BER 3.50e-03  PER 0.686  P(det)@0.05 naive/cfar power_one_sided 1.000/1.000 power_two_sided 1.000/1.000 kurtosis 0.988/0.988 spec_cnn 1.000/1.000  (12s)
    JSR   -8.0 dB  BER 4.55e-03  PER 0.732  P(det)@0.05 naive/cfar power_one_sided 1.000/1.000 power_two_sided 1.000/1.000 kurtosis 1.000/1.000 spec_cnn 1.000/1.000  (12s)
    JSR   -7.0 dB  BER 5.44e-03  PER 0.818  P(det)@0.05 naive/cfar power_one_sided 1.000/1.000 power_two_sided 1.000/1.000 kurtosis 1.000/1.000 spec_cnn 1.000/1.000  (12s)
    JSR   -6.0 dB  BER 7.92e-03  PER 0.908  P(det)@0.05 naive/cfar power_one_sided 1.000/1.000 power_two_sided 1.000/1.000 kurtosis 1.000/1.000 spec_cnn 1.000/1.000  (13s)
    JSR   -5.0 dB  BER 1.33e-02  PER 0.973  P(det)@0.05 naive/cfar power_one_sided 1.000/1.000 power_two_sided 1.000/1.000 kurtosis 1.000/1.000 spec_cnn 1.000/1.000  (13s)
    JSR   -4.0 dB  BER 2.31e-02  PER 0.998  P(det)@0.05 naive/cfar power_one_sided 1.000/1.000 power_two_sided 1.000/1.000 kurtosis 1.000/1.000 spec_cnn 1.000/1.000  (13s)
    JSR   -3.0 dB  BER 3.57e-02  PER 1.000  P(det)@0.05 naive/cfar power_one_sided 1.000/1.000 power_two_sided 1.000/1.000 kurtosis 1.000/1.000 spec_cnn 1.000/1.000  (14s)
    JSR   -2.0 dB  BER 5.43e-02  PER 1.000  P(det)@0.05 naive/cfar power_one_sided 1.000/1.000 power_two_sided 1.000/1.000 kurtosis 1.000/1.000 spec_cnn 1.000/1.000  (14s)
    JSR   -1.0 dB  BER 7.66e-02  PER 1.000  P(det)@0.05 naive/cfar power_one_sided 1.000/1.000 power_two_sided 1.000/1.000 kurtosis 1.000/1.000 spec_cnn 1.000/1.000  (14s)
    JSR   +0.0 dB  BER 9.90e-02  PER 1.000  P(det)@0.05 naive/cfar power_one_sided 1.000/1.000 power_two_sided 1.000/1.000 kurtosis 1.000/1.000 spec_cnn 1.000/1.000  (14s)
    JSR   +1.0 dB  BER 1.25e-01  PER 1.000  P(det)@0.05 naive/cfar power_one_sided 1.000/1.000 power_two_sided 1.000/1.000 kurtosis 1.000/1.000 spec_cnn 1.000/1.000  (15s)
    JSR   +2.0 dB  BER 1.53e-01  PER 1.000  P(det)@0.05 naive/cfar power_one_sided 1.000/1.000 power_two_sided 1.000/1.000 kurtosis 1.000/1.000 spec_cnn 1.000/1.000  (15s)
    JSR   +3.0 dB  BER 1.82e-01  PER 1.000  P(det)@0.05 naive/cfar power_one_sided 1.000/1.000 power_two_sided 1.000/1.000 kurtosis 1.000/1.000 spec_cnn 1.000/1.000  (15s)
    JSR   +4.0 dB  BER 2.08e-01  PER 1.000  P(det)@0.05 naive/cfar power_one_sided 1.000/1.000 power_two_sided 1.000/1.000 kurtosis 1.000/1.000 spec_cnn 1.000/1.000  (16s)
    JSR   +5.0 dB  BER 2.35e-01  PER 1.000  P(det)@0.05 naive/cfar power_one_sided 1.000/1.000 power_two_sided 1.000/1.000 kurtosis 1.000/1.000 spec_cnn 1.000/1.000  (16s)
    JSR   +6.0 dB  BER 2.58e-01  PER 1.000  P(det)@0.05 naive/cfar power_one_sided 1.000/1.000 power_two_sided 1.000/1.000 kurtosis 1.000/1.000 spec_cnn 1.000/1.000  (16s)
    JSR   +7.0 dB  BER 2.81e-01  PER 1.000  P(det)@0.05 naive/cfar power_one_sided 1.000/1.000 power_two_sided 1.000/1.000 kurtosis 1.000/1.000 spec_cnn 1.000/1.000  (16s)
    JSR   +8.0 dB  BER 3.00e-01  PER 1.000  P(det)@0.05 naive/cfar power_one_sided 1.000/1.000 power_two_sided 1.000/1.000 kurtosis 1.000/1.000 spec_cnn 1.000/1.000  (17s)
    JSR   +9.0 dB  BER 3.21e-01  PER 1.000  P(det)@0.05 naive/cfar power_one_sided 1.000/1.000 power_two_sided 1.000/1.000 kurtosis 1.000/1.000 spec_cnn 1.000/1.000  (17s)
    JSR  +10.0 dB  BER 3.40e-01  PER 1.000  P(det)@0.05 naive/cfar power_one_sided 1.000/1.000 power_two_sided 1.000/1.000 kurtosis 1.000/1.000 spec_cnn 1.000/1.000  (17s)
    JSR  +11.0 dB  BER 3.56e-01  PER 1.000  P(det)@0.05 naive/cfar power_one_sided 1.000/1.000 power_two_sided 1.000/1.000 kurtosis 1.000/1.000 spec_cnn 1.000/1.000  (18s)
    JSR  +12.0 dB  BER 3.71e-01  PER 1.000  P(det)@0.05 naive/cfar power_one_sided 1.000/1.000 power_two_sided 1.000/1.000 kurtosis 1.000/1.000 spec_cnn 1.000/1.000  (18s)
    JSR  +13.0 dB  BER 3.85e-01  PER 1.000  P(det)@0.05 naive/cfar power_one_sided 1.000/1.000 power_two_sided 1.000/1.000 kurtosis 1.000/1.000 spec_cnn 1.000/1.000  (18s)
    JSR  +14.0 dB  BER 3.97e-01  PER 1.000  P(det)@0.05 naive/cfar power_one_sided 1.000/1.000 power_two_sided 1.000/1.000 kurtosis 1.000/1.000 spec_cnn 1.000/1.000  (18s)
    JSR  +15.0 dB  BER 4.07e-01  PER 1.000  P(det)@0.05 naive/cfar power_one_sided 1.000/1.000 power_two_sided 1.000/1.000 kurtosis 1.000/1.000 spec_cnn 1.000/1.000  (19s)
  [snr_30_unc_0] power_two_sided_b1000 done (933s)
  [snr_30_unc_0] generator kurtosis_b1 (scale 1.0000)
    JSR  -50.0 dB  BER 0.00e+00  PER 0.000  P(det)@0.05 naive/cfar power_one_sided 0.055/0.055 power_two_sided 0.045/0.045 kurtosis 0.047/0.047 spec_cnn 0.043/0.043  (0s)
    JSR  -49.0 dB  BER 0.00e+00  PER 0.000  P(det)@0.05 naive/cfar power_one_sided 0.066/0.066 power_two_sided 0.068/0.068 kurtosis 0.033/0.033 spec_cnn 0.047/0.047  (1s)
    JSR  -48.0 dB  BER 0.00e+00  PER 0.000  P(det)@0.05 naive/cfar power_one_sided 0.078/0.078 power_two_sided 0.074/0.074 kurtosis 0.037/0.037 spec_cnn 0.049/0.049  (1s)
    JSR  -47.0 dB  BER 0.00e+00  PER 0.000  P(det)@0.05 naive/cfar power_one_sided 0.072/0.072 power_two_sided 0.043/0.043 kurtosis 0.049/0.049 spec_cnn 0.057/0.057  (1s)
    JSR  -46.0 dB  BER 0.00e+00  PER 0.000  P(det)@0.05 naive/cfar power_one_sided 0.049/0.049 power_two_sided 0.066/0.066 kurtosis 0.062/0.062 spec_cnn 0.064/0.064  (1s)
    JSR  -45.0 dB  BER 0.00e+00  PER 0.000  P(det)@0.05 naive/cfar power_one_sided 0.057/0.057 power_two_sided 0.049/0.049 kurtosis 0.057/0.057 spec_cnn 0.051/0.051  (2s)
    JSR  -44.0 dB  BER 0.00e+00  PER 0.000  P(det)@0.05 naive/cfar power_one_sided 0.061/0.061 power_two_sided 0.055/0.055 kurtosis 0.035/0.035 spec_cnn 0.062/0.062  (2s)
    JSR  -43.0 dB  BER 0.00e+00  PER 0.000  P(det)@0.05 naive/cfar power_one_sided 0.088/0.088 power_two_sided 0.062/0.062 kurtosis 0.072/0.072 spec_cnn 0.055/0.055  (2s)
    JSR  -42.0 dB  BER 0.00e+00  PER 0.000  P(det)@0.05 naive/cfar power_one_sided 0.094/0.094 power_two_sided 0.070/0.070 kurtosis 0.045/0.045 spec_cnn 0.047/0.047  (3s)
    JSR  -41.0 dB  BER 0.00e+00  PER 0.000  P(det)@0.05 naive/cfar power_one_sided 0.066/0.066 power_two_sided 0.057/0.057 kurtosis 0.035/0.035 spec_cnn 0.061/0.061  (3s)
    JSR  -40.0 dB  BER 0.00e+00  PER 0.000  P(det)@0.05 naive/cfar power_one_sided 0.096/0.096 power_two_sided 0.078/0.078 kurtosis 0.047/0.047 spec_cnn 0.059/0.059  (3s)
    JSR  -39.0 dB  BER 0.00e+00  PER 0.000  P(det)@0.05 naive/cfar power_one_sided 0.098/0.098 power_two_sided 0.096/0.096 kurtosis 0.053/0.053 spec_cnn 0.082/0.082  (3s)
    JSR  -38.0 dB  BER 0.00e+00  PER 0.000  P(det)@0.05 naive/cfar power_one_sided 0.117/0.117 power_two_sided 0.109/0.109 kurtosis 0.047/0.047 spec_cnn 0.062/0.062  (4s)
    JSR  -37.0 dB  BER 0.00e+00  PER 0.000  P(det)@0.05 naive/cfar power_one_sided 0.119/0.119 power_two_sided 0.137/0.137 kurtosis 0.037/0.037 spec_cnn 0.076/0.076  (4s)
    JSR  -36.0 dB  BER 0.00e+00  PER 0.000  P(det)@0.05 naive/cfar power_one_sided 0.152/0.152 power_two_sided 0.145/0.145 kurtosis 0.031/0.031 spec_cnn 0.107/0.107  (4s)
    JSR  -35.0 dB  BER 0.00e+00  PER 0.000  P(det)@0.05 naive/cfar power_one_sided 0.158/0.158 power_two_sided 0.166/0.166 kurtosis 0.049/0.049 spec_cnn 0.100/0.100  (5s)
    JSR  -34.0 dB  BER 0.00e+00  PER 0.000  P(det)@0.05 naive/cfar power_one_sided 0.188/0.188 power_two_sided 0.182/0.182 kurtosis 0.055/0.055 spec_cnn 0.158/0.158  (5s)
    JSR  -33.0 dB  BER 0.00e+00  PER 0.000  P(det)@0.05 naive/cfar power_one_sided 0.225/0.225 power_two_sided 0.199/0.199 kurtosis 0.051/0.051 spec_cnn 0.119/0.119  (5s)
    JSR  -32.0 dB  BER 0.00e+00  PER 0.000  P(det)@0.05 naive/cfar power_one_sided 0.266/0.266 power_two_sided 0.270/0.270 kurtosis 0.053/0.053 spec_cnn 0.197/0.197  (5s)
    JSR  -31.0 dB  BER 0.00e+00  PER 0.000  P(det)@0.05 naive/cfar power_one_sided 0.268/0.268 power_two_sided 0.299/0.299 kurtosis 0.037/0.037 spec_cnn 0.215/0.215  (6s)
    JSR  -30.0 dB  BER 0.00e+00  PER 0.000  P(det)@0.05 naive/cfar power_one_sided 0.318/0.318 power_two_sided 0.318/0.318 kurtosis 0.049/0.049 spec_cnn 0.303/0.303  (6s)
    JSR  -29.0 dB  BER 0.00e+00  PER 0.000  P(det)@0.05 naive/cfar power_one_sided 0.398/0.398 power_two_sided 0.418/0.418 kurtosis 0.049/0.049 spec_cnn 0.361/0.361  (6s)
    JSR  -28.0 dB  BER 0.00e+00  PER 0.000  P(det)@0.05 naive/cfar power_one_sided 0.461/0.461 power_two_sided 0.488/0.488 kurtosis 0.045/0.045 spec_cnn 0.504/0.504  (6s)
    JSR  -27.0 dB  BER 0.00e+00  PER 0.000  P(det)@0.05 naive/cfar power_one_sided 0.514/0.514 power_two_sided 0.564/0.564 kurtosis 0.059/0.059 spec_cnn 0.697/0.697  (7s)
    JSR  -26.0 dB  BER 0.00e+00  PER 0.000  P(det)@0.05 naive/cfar power_one_sided 0.562/0.562 power_two_sided 0.590/0.590 kurtosis 0.070/0.070 spec_cnn 0.844/0.844  (7s)
    JSR  -25.0 dB  BER 0.00e+00  PER 0.000  P(det)@0.05 naive/cfar power_one_sided 0.600/0.600 power_two_sided 0.648/0.648 kurtosis 0.049/0.049 spec_cnn 0.941/0.941  (7s)
    JSR  -24.0 dB  BER 0.00e+00  PER 0.000  P(det)@0.05 naive/cfar power_one_sided 0.654/0.654 power_two_sided 0.688/0.688 kurtosis 0.072/0.072 spec_cnn 0.996/0.996  (8s)
    JSR  -23.0 dB  BER 0.00e+00  PER 0.000  P(det)@0.05 naive/cfar power_one_sided 0.693/0.693 power_two_sided 0.705/0.705 kurtosis 0.076/0.076 spec_cnn 0.998/0.998  (8s)
    JSR  -22.0 dB  BER 0.00e+00  PER 0.000  P(det)@0.05 naive/cfar power_one_sided 0.777/0.777 power_two_sided 0.814/0.814 kurtosis 0.068/0.068 spec_cnn 1.000/1.000  (8s)
    JSR  -21.0 dB  BER 0.00e+00  PER 0.000  P(det)@0.05 naive/cfar power_one_sided 0.846/0.846 power_two_sided 0.859/0.859 kurtosis 0.059/0.059 spec_cnn 1.000/1.000  (8s)
    JSR  -20.0 dB  BER 2.29e-05  PER 0.006  P(det)@0.05 naive/cfar power_one_sided 0.879/0.879 power_two_sided 0.898/0.898 kurtosis 0.100/0.100 spec_cnn 1.000/1.000  (9s)
    JSR  -19.0 dB  BER 4.58e-05  PER 0.012  P(det)@0.05 naive/cfar power_one_sided 0.936/0.936 power_two_sided 0.938/0.938 kurtosis 0.133/0.133 spec_cnn 1.000/1.000  (9s)
    JSR  -18.0 dB  BER 3.74e-04  PER 0.096  P(det)@0.05 naive/cfar power_one_sided 0.959/0.959 power_two_sided 0.959/0.959 kurtosis 0.201/0.201 spec_cnn 1.000/1.000  (9s)
    JSR  -17.0 dB  BER 7.17e-04  PER 0.184  P(det)@0.05 naive/cfar power_one_sided 0.979/0.979 power_two_sided 0.975/0.975 kurtosis 0.211/0.211 spec_cnn 1.000/1.000  (10s)
    JSR  -16.0 dB  BER 9.08e-04  PER 0.229  P(det)@0.05 naive/cfar power_one_sided 0.998/0.998 power_two_sided 0.998/0.998 kurtosis 0.389/0.389 spec_cnn 1.000/1.000  (10s)
    JSR  -15.0 dB  BER 1.35e-03  PER 0.328  P(det)@0.05 naive/cfar power_one_sided 1.000/1.000 power_two_sided 0.998/0.998 kurtosis 0.510/0.510 spec_cnn 1.000/1.000  (10s)
    JSR  -14.0 dB  BER 1.78e-03  PER 0.416  P(det)@0.05 naive/cfar power_one_sided 1.000/1.000 power_two_sided 1.000/1.000 kurtosis 0.652/0.652 spec_cnn 1.000/1.000  (10s)
    JSR  -13.0 dB  BER 2.25e-03  PER 0.502  P(det)@0.05 naive/cfar power_one_sided 1.000/1.000 power_two_sided 1.000/1.000 kurtosis 0.771/0.771 spec_cnn 1.000/1.000  (11s)
    JSR  -12.0 dB  BER 2.94e-03  PER 0.611  P(det)@0.05 naive/cfar power_one_sided 1.000/1.000 power_two_sided 1.000/1.000 kurtosis 0.869/0.869 spec_cnn 1.000/1.000  (11s)
    JSR  -11.0 dB  BER 3.52e-03  PER 0.666  P(det)@0.05 naive/cfar power_one_sided 1.000/1.000 power_two_sided 1.000/1.000 kurtosis 0.934/0.934 spec_cnn 1.000/1.000  (11s)
    JSR  -10.0 dB  BER 4.09e-03  PER 0.701  P(det)@0.05 naive/cfar power_one_sided 1.000/1.000 power_two_sided 1.000/1.000 kurtosis 0.982/0.982 spec_cnn 1.000/1.000  (12s)
    JSR   -9.0 dB  BER 4.68e-03  PER 0.748  P(det)@0.05 naive/cfar power_one_sided 1.000/1.000 power_two_sided 1.000/1.000 kurtosis 0.990/0.990 spec_cnn 1.000/1.000  (12s)
    JSR   -8.0 dB  BER 5.00e-03  PER 0.762  P(det)@0.05 naive/cfar power_one_sided 1.000/1.000 power_two_sided 1.000/1.000 kurtosis 0.998/0.998 spec_cnn 1.000/1.000  (12s)
    JSR   -7.0 dB  BER 5.68e-03  PER 0.824  P(det)@0.05 naive/cfar power_one_sided 1.000/1.000 power_two_sided 1.000/1.000 kurtosis 1.000/1.000 spec_cnn 1.000/1.000  (12s)
    JSR   -6.0 dB  BER 6.66e-03  PER 0.861  P(det)@0.05 naive/cfar power_one_sided 1.000/1.000 power_two_sided 1.000/1.000 kurtosis 1.000/1.000 spec_cnn 1.000/1.000  (13s)
    JSR   -5.0 dB  BER 6.58e-03  PER 0.869  P(det)@0.05 naive/cfar power_one_sided 1.000/1.000 power_two_sided 1.000/1.000 kurtosis 1.000/1.000 spec_cnn 1.000/1.000  (13s)
    JSR   -4.0 dB  BER 7.25e-03  PER 0.885  P(det)@0.05 naive/cfar power_one_sided 1.000/1.000 power_two_sided 1.000/1.000 kurtosis 1.000/1.000 spec_cnn 1.000/1.000  (13s)
    JSR   -3.0 dB  BER 7.73e-03  PER 0.926  P(det)@0.05 naive/cfar power_one_sided 1.000/1.000 power_two_sided 1.000/1.000 kurtosis 1.000/1.000 spec_cnn 1.000/1.000  (14s)
    JSR   -2.0 dB  BER 8.46e-03  PER 0.932  P(det)@0.05 naive/cfar power_one_sided 1.000/1.000 power_two_sided 1.000/1.000 kurtosis 1.000/1.000 spec_cnn 1.000/1.000  (14s)
    JSR   -1.0 dB  BER 9.35e-03  PER 0.945  P(det)@0.05 naive/cfar power_one_sided 1.000/1.000 power_two_sided 1.000/1.000 kurtosis 1.000/1.000 spec_cnn 1.000/1.000  (14s)
    JSR   +0.0 dB  BER 1.06e-02  PER 0.951  P(det)@0.05 naive/cfar power_one_sided 1.000/1.000 power_two_sided 1.000/1.000 kurtosis 1.000/1.000 spec_cnn 1.000/1.000  (14s)
    JSR   +1.0 dB  BER 1.15e-02  PER 0.975  P(det)@0.05 naive/cfar power_one_sided 1.000/1.000 power_two_sided 1.000/1.000 kurtosis 1.000/1.000 spec_cnn 1.000/1.000  (15s)
    JSR   +2.0 dB  BER 1.32e-02  PER 0.971  P(det)@0.05 naive/cfar power_one_sided 1.000/1.000 power_two_sided 1.000/1.000 kurtosis 1.000/1.000 spec_cnn 1.000/1.000  (15s)
    JSR   +3.0 dB  BER 1.75e-02  PER 0.984  P(det)@0.05 naive/cfar power_one_sided 1.000/1.000 power_two_sided 1.000/1.000 kurtosis 1.000/1.000 spec_cnn 1.000/1.000  (15s)
    JSR   +4.0 dB  BER 2.29e-02  PER 1.000  P(det)@0.05 naive/cfar power_one_sided 1.000/1.000 power_two_sided 1.000/1.000 kurtosis 1.000/1.000 spec_cnn 1.000/1.000  (16s)
    JSR   +5.0 dB  BER 3.30e-02  PER 1.000  P(det)@0.05 naive/cfar power_one_sided 1.000/1.000 power_two_sided 1.000/1.000 kurtosis 1.000/1.000 spec_cnn 1.000/1.000  (16s)
    JSR   +6.0 dB  BER 4.69e-02  PER 1.000  P(det)@0.05 naive/cfar power_one_sided 1.000/1.000 power_two_sided 1.000/1.000 kurtosis 1.000/1.000 spec_cnn 1.000/1.000  (16s)
    JSR   +7.0 dB  BER 6.44e-02  PER 1.000  P(det)@0.05 naive/cfar power_one_sided 1.000/1.000 power_two_sided 1.000/1.000 kurtosis 1.000/1.000 spec_cnn 1.000/1.000  (16s)
    JSR   +8.0 dB  BER 8.70e-02  PER 1.000  P(det)@0.05 naive/cfar power_one_sided 1.000/1.000 power_two_sided 1.000/1.000 kurtosis 1.000/1.000 spec_cnn 1.000/1.000  (17s)
    JSR   +9.0 dB  BER 1.09e-01  PER 1.000  P(det)@0.05 naive/cfar power_one_sided 1.000/1.000 power_two_sided 1.000/1.000 kurtosis 1.000/1.000 spec_cnn 1.000/1.000  (17s)
    JSR  +10.0 dB  BER 1.36e-01  PER 1.000  P(det)@0.05 naive/cfar power_one_sided 1.000/1.000 power_two_sided 1.000/1.000 kurtosis 1.000/1.000 spec_cnn 1.000/1.000  (17s)
    JSR  +11.0 dB  BER 1.61e-01  PER 1.000  P(det)@0.05 naive/cfar power_one_sided 1.000/1.000 power_two_sided 1.000/1.000 kurtosis 1.000/1.000 spec_cnn 1.000/1.000  (18s)
    JSR  +12.0 dB  BER 1.89e-01  PER 1.000  P(det)@0.05 naive/cfar power_one_sided 1.000/1.000 power_two_sided 1.000/1.000 kurtosis 1.000/1.000 spec_cnn 1.000/1.000  (18s)
    JSR  +13.0 dB  BER 2.12e-01  PER 1.000  P(det)@0.05 naive/cfar power_one_sided 1.000/1.000 power_two_sided 1.000/1.000 kurtosis 1.000/1.000 spec_cnn 1.000/1.000  (18s)
    JSR  +14.0 dB  BER 2.38e-01  PER 1.000  P(det)@0.05 naive/cfar power_one_sided 1.000/1.000 power_two_sided 1.000/1.000 kurtosis 1.000/1.000 spec_cnn 1.000/1.000  (18s)
    JSR  +15.0 dB  BER 2.64e-01  PER 1.000  P(det)@0.05 naive/cfar power_one_sided 1.000/1.000 power_two_sided 1.000/1.000 kurtosis 1.000/1.000 spec_cnn 1.000/1.000  (19s)
  [snr_30_unc_0] kurtosis_b1 done (988s)
  [snr_30_unc_0] generator kurtosis_b10 (scale 1.0000)
    JSR  -50.0 dB  BER 0.00e+00  PER 0.000  P(det)@0.05 naive/cfar power_one_sided 0.053/0.053 power_two_sided 0.059/0.059 kurtosis 0.051/0.051 spec_cnn 0.037/0.037  (0s)
    JSR  -49.0 dB  BER 0.00e+00  PER 0.000  P(det)@0.05 naive/cfar power_one_sided 0.066/0.066 power_two_sided 0.053/0.053 kurtosis 0.049/0.049 spec_cnn 0.055/0.055  (1s)
    JSR  -48.0 dB  BER 0.00e+00  PER 0.000  P(det)@0.05 naive/cfar power_one_sided 0.066/0.066 power_two_sided 0.062/0.062 kurtosis 0.041/0.041 spec_cnn 0.057/0.057  (1s)
    JSR  -47.0 dB  BER 0.00e+00  PER 0.000  P(det)@0.05 naive/cfar power_one_sided 0.061/0.061 power_two_sided 0.074/0.074 kurtosis 0.057/0.057 spec_cnn 0.027/0.027  (1s)
    JSR  -46.0 dB  BER 0.00e+00  PER 0.000  P(det)@0.05 naive/cfar power_one_sided 0.076/0.076 power_two_sided 0.084/0.084 kurtosis 0.043/0.043 spec_cnn 0.066/0.066  (1s)
    JSR  -45.0 dB  BER 0.00e+00  PER 0.000  P(det)@0.05 naive/cfar power_one_sided 0.064/0.064 power_two_sided 0.057/0.057 kurtosis 0.045/0.045 spec_cnn 0.041/0.041  (2s)
    JSR  -44.0 dB  BER 0.00e+00  PER 0.000  P(det)@0.05 naive/cfar power_one_sided 0.043/0.043 power_two_sided 0.064/0.064 kurtosis 0.051/0.051 spec_cnn 0.059/0.059  (2s)
    JSR  -43.0 dB  BER 0.00e+00  PER 0.000  P(det)@0.05 naive/cfar power_one_sided 0.070/0.070 power_two_sided 0.080/0.080 kurtosis 0.057/0.057 spec_cnn 0.045/0.045  (2s)
    JSR  -42.0 dB  BER 0.00e+00  PER 0.000  P(det)@0.05 naive/cfar power_one_sided 0.074/0.074 power_two_sided 0.074/0.074 kurtosis 0.053/0.053 spec_cnn 0.053/0.053  (3s)
    JSR  -41.0 dB  BER 0.00e+00  PER 0.000  P(det)@0.05 naive/cfar power_one_sided 0.080/0.080 power_two_sided 0.051/0.051 kurtosis 0.045/0.045 spec_cnn 0.043/0.043  (3s)
    JSR  -40.0 dB  BER 0.00e+00  PER 0.000  P(det)@0.05 naive/cfar power_one_sided 0.074/0.074 power_two_sided 0.092/0.092 kurtosis 0.055/0.055 spec_cnn 0.045/0.045  (3s)
    JSR  -39.0 dB  BER 0.00e+00  PER 0.000  P(det)@0.05 naive/cfar power_one_sided 0.117/0.117 power_two_sided 0.125/0.125 kurtosis 0.057/0.057 spec_cnn 0.057/0.057  (3s)
    JSR  -38.0 dB  BER 0.00e+00  PER 0.000  P(det)@0.05 naive/cfar power_one_sided 0.111/0.111 power_two_sided 0.107/0.107 kurtosis 0.061/0.061 spec_cnn 0.066/0.066  (4s)
    JSR  -37.0 dB  BER 0.00e+00  PER 0.000  P(det)@0.05 naive/cfar power_one_sided 0.150/0.150 power_two_sided 0.125/0.125 kurtosis 0.043/0.043 spec_cnn 0.080/0.080  (4s)
    JSR  -36.0 dB  BER 0.00e+00  PER 0.000  P(det)@0.05 naive/cfar power_one_sided 0.178/0.178 power_two_sided 0.150/0.150 kurtosis 0.055/0.055 spec_cnn 0.072/0.072  (4s)
    JSR  -35.0 dB  BER 0.00e+00  PER 0.000  P(det)@0.05 naive/cfar power_one_sided 0.201/0.201 power_two_sided 0.191/0.191 kurtosis 0.047/0.047 spec_cnn 0.096/0.096  (5s)
    JSR  -34.0 dB  BER 0.00e+00  PER 0.000  P(det)@0.05 naive/cfar power_one_sided 0.217/0.217 power_two_sided 0.205/0.205 kurtosis 0.055/0.055 spec_cnn 0.121/0.121  (5s)
    JSR  -33.0 dB  BER 0.00e+00  PER 0.000  P(det)@0.05 naive/cfar power_one_sided 0.283/0.283 power_two_sided 0.258/0.258 kurtosis 0.047/0.047 spec_cnn 0.113/0.113  (5s)
    JSR  -32.0 dB  BER 0.00e+00  PER 0.000  P(det)@0.05 naive/cfar power_one_sided 0.305/0.305 power_two_sided 0.328/0.328 kurtosis 0.053/0.053 spec_cnn 0.146/0.146  (5s)
    JSR  -31.0 dB  BER 0.00e+00  PER 0.000  P(det)@0.05 naive/cfar power_one_sided 0.381/0.381 power_two_sided 0.375/0.375 kurtosis 0.051/0.051 spec_cnn 0.156/0.156  (6s)
    JSR  -30.0 dB  BER 0.00e+00  PER 0.000  P(det)@0.05 naive/cfar power_one_sided 0.436/0.436 power_two_sided 0.422/0.422 kurtosis 0.053/0.053 spec_cnn 0.221/0.221  (6s)
    JSR  -29.0 dB  BER 0.00e+00  PER 0.000  P(det)@0.05 naive/cfar power_one_sided 0.518/0.518 power_two_sided 0.516/0.516 kurtosis 0.035/0.035 spec_cnn 0.260/0.260  (6s)
    JSR  -28.0 dB  BER 0.00e+00  PER 0.000  P(det)@0.05 naive/cfar power_one_sided 0.592/0.592 power_two_sided 0.588/0.588 kurtosis 0.055/0.055 spec_cnn 0.334/0.334  (6s)
    JSR  -27.0 dB  BER 0.00e+00  PER 0.000  P(det)@0.05 naive/cfar power_one_sided 0.621/0.621 power_two_sided 0.635/0.635 kurtosis 0.064/0.064 spec_cnn 0.410/0.410  (7s)
    JSR  -26.0 dB  BER 0.00e+00  PER 0.000  P(det)@0.05 naive/cfar power_one_sided 0.721/0.721 power_two_sided 0.713/0.713 kurtosis 0.035/0.035 spec_cnn 0.510/0.510  (7s)
    JSR  -25.0 dB  BER 0.00e+00  PER 0.000  P(det)@0.05 naive/cfar power_one_sided 0.783/0.783 power_two_sided 0.795/0.795 kurtosis 0.053/0.053 spec_cnn 0.627/0.627  (7s)
    JSR  -24.0 dB  BER 0.00e+00  PER 0.000  P(det)@0.05 naive/cfar power_one_sided 0.822/0.822 power_two_sided 0.830/0.830 kurtosis 0.057/0.057 spec_cnn 0.768/0.768  (8s)
    JSR  -23.0 dB  BER 0.00e+00  PER 0.000  P(det)@0.05 naive/cfar power_one_sided 0.875/0.875 power_two_sided 0.871/0.871 kurtosis 0.051/0.051 spec_cnn 0.887/0.887  (8s)
    JSR  -22.0 dB  BER 7.63e-06  PER 0.002  P(det)@0.05 naive/cfar power_one_sided 0.906/0.906 power_two_sided 0.922/0.922 kurtosis 0.062/0.062 spec_cnn 0.951/0.951  (8s)
    JSR  -21.0 dB  BER 1.53e-05  PER 0.004  P(det)@0.05 naive/cfar power_one_sided 0.936/0.936 power_two_sided 0.934/0.934 kurtosis 0.043/0.043 spec_cnn 0.982/0.982  (8s)
    JSR  -20.0 dB  BER 1.07e-04  PER 0.027  P(det)@0.05 naive/cfar power_one_sided 0.980/0.980 power_two_sided 0.980/0.980 kurtosis 0.051/0.051 spec_cnn 0.996/0.996  (9s)
    JSR  -19.0 dB  BER 2.52e-04  PER 0.064  P(det)@0.05 naive/cfar power_one_sided 0.988/0.988 power_two_sided 0.984/0.984 kurtosis 0.072/0.072 spec_cnn 1.000/1.000  (9s)
    JSR  -18.0 dB  BER 6.03e-04  PER 0.154  P(det)@0.05 naive/cfar power_one_sided 0.998/0.998 power_two_sided 0.998/0.998 kurtosis 0.080/0.080 spec_cnn 1.000/1.000  (9s)
    JSR  -17.0 dB  BER 9.84e-04  PER 0.248  P(det)@0.05 naive/cfar power_one_sided 0.998/0.998 power_two_sided 0.998/0.998 kurtosis 0.094/0.094 spec_cnn 1.000/1.000  (10s)
    JSR  -16.0 dB  BER 1.29e-03  PER 0.324  P(det)@0.05 naive/cfar power_one_sided 1.000/1.000 power_two_sided 1.000/1.000 kurtosis 0.168/0.168 spec_cnn 1.000/1.000  (10s)
    JSR  -15.0 dB  BER 1.79e-03  PER 0.422  P(det)@0.05 naive/cfar power_one_sided 1.000/1.000 power_two_sided 1.000/1.000 kurtosis 0.264/0.264 spec_cnn 1.000/1.000  (10s)
    JSR  -14.0 dB  BER 2.33e-03  PER 0.508  P(det)@0.05 naive/cfar power_one_sided 1.000/1.000 power_two_sided 1.000/1.000 kurtosis 0.439/0.439 spec_cnn 1.000/1.000  (10s)
    JSR  -13.0 dB  BER 2.69e-03  PER 0.537  P(det)@0.05 naive/cfar power_one_sided 1.000/1.000 power_two_sided 1.000/1.000 kurtosis 0.635/0.635 spec_cnn 1.000/1.000  (11s)
    JSR  -12.0 dB  BER 3.22e-03  PER 0.627  P(det)@0.05 naive/cfar power_one_sided 1.000/1.000 power_two_sided 1.000/1.000 kurtosis 0.785/0.785 spec_cnn 1.000/1.000  (11s)
    JSR  -11.0 dB  BER 4.25e-03  PER 0.693  P(det)@0.05 naive/cfar power_one_sided 1.000/1.000 power_two_sided 1.000/1.000 kurtosis 0.920/0.920 spec_cnn 1.000/1.000  (11s)
    JSR  -10.0 dB  BER 4.72e-03  PER 0.770  P(det)@0.05 naive/cfar power_one_sided 1.000/1.000 power_two_sided 1.000/1.000 kurtosis 0.984/0.984 spec_cnn 1.000/1.000  (12s)
    JSR   -9.0 dB  BER 5.23e-03  PER 0.795  P(det)@0.05 naive/cfar power_one_sided 1.000/1.000 power_two_sided 1.000/1.000 kurtosis 1.000/1.000 spec_cnn 1.000/1.000  (12s)
    JSR   -8.0 dB  BER 6.39e-03  PER 0.828  P(det)@0.05 naive/cfar power_one_sided 1.000/1.000 power_two_sided 1.000/1.000 kurtosis 1.000/1.000 spec_cnn 1.000/1.000  (12s)
    JSR   -7.0 dB  BER 6.54e-03  PER 0.850  P(det)@0.05 naive/cfar power_one_sided 1.000/1.000 power_two_sided 1.000/1.000 kurtosis 1.000/1.000 spec_cnn 1.000/1.000  (12s)
    JSR   -6.0 dB  BER 7.47e-03  PER 0.906  P(det)@0.05 naive/cfar power_one_sided 1.000/1.000 power_two_sided 1.000/1.000 kurtosis 1.000/1.000 spec_cnn 1.000/1.000  (13s)
    JSR   -5.0 dB  BER 8.23e-03  PER 0.900  P(det)@0.05 naive/cfar power_one_sided 1.000/1.000 power_two_sided 1.000/1.000 kurtosis 1.000/1.000 spec_cnn 1.000/1.000  (13s)
    JSR   -4.0 dB  BER 8.90e-03  PER 0.914  P(det)@0.05 naive/cfar power_one_sided 1.000/1.000 power_two_sided 1.000/1.000 kurtosis 1.000/1.000 spec_cnn 1.000/1.000  (13s)
    JSR   -3.0 dB  BER 9.66e-03  PER 0.928  P(det)@0.05 naive/cfar power_one_sided 1.000/1.000 power_two_sided 1.000/1.000 kurtosis 1.000/1.000 spec_cnn 1.000/1.000  (14s)
    JSR   -2.0 dB  BER 1.02e-02  PER 0.945  P(det)@0.05 naive/cfar power_one_sided 1.000/1.000 power_two_sided 1.000/1.000 kurtosis 1.000/1.000 spec_cnn 1.000/1.000  (14s)
    JSR   -1.0 dB  BER 1.08e-02  PER 0.965  P(det)@0.05 naive/cfar power_one_sided 1.000/1.000 power_two_sided 1.000/1.000 kurtosis 1.000/1.000 spec_cnn 1.000/1.000  (14s)
    JSR   +0.0 dB  BER 1.12e-02  PER 0.965  P(det)@0.05 naive/cfar power_one_sided 1.000/1.000 power_two_sided 1.000/1.000 kurtosis 1.000/1.000 spec_cnn 1.000/1.000  (14s)
    JSR   +1.0 dB  BER 1.30e-02  PER 0.984  P(det)@0.05 naive/cfar power_one_sided 1.000/1.000 power_two_sided 1.000/1.000 kurtosis 1.000/1.000 spec_cnn 1.000/1.000  (15s)
    JSR   +2.0 dB  BER 1.38e-02  PER 0.982  P(det)@0.05 naive/cfar power_one_sided 1.000/1.000 power_two_sided 1.000/1.000 kurtosis 1.000/1.000 spec_cnn 1.000/1.000  (15s)
    JSR   +3.0 dB  BER 1.53e-02  PER 0.992  P(det)@0.05 naive/cfar power_one_sided 1.000/1.000 power_two_sided 1.000/1.000 kurtosis 1.000/1.000 spec_cnn 1.000/1.000  (15s)
    JSR   +4.0 dB  BER 1.69e-02  PER 0.992  P(det)@0.05 naive/cfar power_one_sided 1.000/1.000 power_two_sided 1.000/1.000 kurtosis 1.000/1.000 spec_cnn 1.000/1.000  (16s)
    JSR   +5.0 dB  BER 2.09e-02  PER 0.996  P(det)@0.05 naive/cfar power_one_sided 1.000/1.000 power_two_sided 1.000/1.000 kurtosis 1.000/1.000 spec_cnn 1.000/1.000  (16s)
    JSR   +6.0 dB  BER 2.37e-02  PER 0.996  P(det)@0.05 naive/cfar power_one_sided 1.000/1.000 power_two_sided 1.000/1.000 kurtosis 1.000/1.000 spec_cnn 1.000/1.000  (16s)
    JSR   +7.0 dB  BER 3.20e-02  PER 0.998  P(det)@0.05 naive/cfar power_one_sided 1.000/1.000 power_two_sided 1.000/1.000 kurtosis 1.000/1.000 spec_cnn 1.000/1.000  (16s)
    JSR   +8.0 dB  BER 4.06e-02  PER 1.000  P(det)@0.05 naive/cfar power_one_sided 1.000/1.000 power_two_sided 1.000/1.000 kurtosis 1.000/1.000 spec_cnn 1.000/1.000  (17s)
    JSR   +9.0 dB  BER 5.39e-02  PER 1.000  P(det)@0.05 naive/cfar power_one_sided 1.000/1.000 power_two_sided 1.000/1.000 kurtosis 1.000/1.000 spec_cnn 1.000/1.000  (17s)
    JSR  +10.0 dB  BER 7.01e-02  PER 1.000  P(det)@0.05 naive/cfar power_one_sided 1.000/1.000 power_two_sided 1.000/1.000 kurtosis 1.000/1.000 spec_cnn 1.000/1.000  (17s)
    JSR  +11.0 dB  BER 8.91e-02  PER 1.000  P(det)@0.05 naive/cfar power_one_sided 1.000/1.000 power_two_sided 1.000/1.000 kurtosis 1.000/1.000 spec_cnn 1.000/1.000  (18s)
    JSR  +12.0 dB  BER 1.11e-01  PER 1.000  P(det)@0.05 naive/cfar power_one_sided 1.000/1.000 power_two_sided 1.000/1.000 kurtosis 1.000/1.000 spec_cnn 1.000/1.000  (18s)
    JSR  +13.0 dB  BER 1.37e-01  PER 1.000  P(det)@0.05 naive/cfar power_one_sided 1.000/1.000 power_two_sided 1.000/1.000 kurtosis 1.000/1.000 spec_cnn 1.000/1.000  (18s)
    JSR  +14.0 dB  BER 1.62e-01  PER 1.000  P(det)@0.05 naive/cfar power_one_sided 1.000/1.000 power_two_sided 1.000/1.000 kurtosis 1.000/1.000 spec_cnn 1.000/1.000  (18s)
    JSR  +15.0 dB  BER 1.90e-01  PER 1.000  P(det)@0.05 naive/cfar power_one_sided 1.000/1.000 power_two_sided 1.000/1.000 kurtosis 1.000/1.000 spec_cnn 1.000/1.000  (19s)
  [snr_30_unc_0] kurtosis_b10 done (1043s)
  [snr_30_unc_0] generator kurtosis_b100 (scale 1.0000)
    JSR  -50.0 dB  BER 0.00e+00  PER 0.000  P(det)@0.05 naive/cfar power_one_sided 0.055/0.055 power_two_sided 0.043/0.043 kurtosis 0.053/0.053 spec_cnn 0.061/0.061  (0s)
    JSR  -49.0 dB  BER 0.00e+00  PER 0.000  P(det)@0.05 naive/cfar power_one_sided 0.064/0.064 power_two_sided 0.057/0.057 kurtosis 0.057/0.057 spec_cnn 0.051/0.051  (1s)
    JSR  -48.0 dB  BER 0.00e+00  PER 0.000  P(det)@0.05 naive/cfar power_one_sided 0.066/0.066 power_two_sided 0.057/0.057 kurtosis 0.039/0.039 spec_cnn 0.047/0.047  (1s)
    JSR  -47.0 dB  BER 0.00e+00  PER 0.000  P(det)@0.05 naive/cfar power_one_sided 0.080/0.080 power_two_sided 0.059/0.059 kurtosis 0.053/0.053 spec_cnn 0.047/0.047  (1s)
    JSR  -46.0 dB  BER 0.00e+00  PER 0.000  P(det)@0.05 naive/cfar power_one_sided 0.066/0.066 power_two_sided 0.057/0.057 kurtosis 0.035/0.035 spec_cnn 0.053/0.053  (1s)
    JSR  -45.0 dB  BER 0.00e+00  PER 0.000  P(det)@0.05 naive/cfar power_one_sided 0.059/0.059 power_two_sided 0.057/0.057 kurtosis 0.045/0.045 spec_cnn 0.059/0.059  (2s)
    JSR  -44.0 dB  BER 0.00e+00  PER 0.000  P(det)@0.05 naive/cfar power_one_sided 0.090/0.090 power_two_sided 0.078/0.078 kurtosis 0.045/0.045 spec_cnn 0.053/0.053  (2s)
    JSR  -43.0 dB  BER 0.00e+00  PER 0.000  P(det)@0.05 naive/cfar power_one_sided 0.066/0.066 power_two_sided 0.064/0.064 kurtosis 0.053/0.053 spec_cnn 0.070/0.070  (2s)
    JSR  -42.0 dB  BER 0.00e+00  PER 0.000  P(det)@0.05 naive/cfar power_one_sided 0.072/0.072 power_two_sided 0.076/0.076 kurtosis 0.045/0.045 spec_cnn 0.047/0.047  (3s)
    JSR  -41.0 dB  BER 0.00e+00  PER 0.000  P(det)@0.05 naive/cfar power_one_sided 0.100/0.100 power_two_sided 0.088/0.088 kurtosis 0.059/0.059 spec_cnn 0.053/0.053  (3s)
    JSR  -40.0 dB  BER 0.00e+00  PER 0.000  P(det)@0.05 naive/cfar power_one_sided 0.094/0.094 power_two_sided 0.092/0.092 kurtosis 0.053/0.053 spec_cnn 0.055/0.055  (3s)
    JSR  -39.0 dB  BER 0.00e+00  PER 0.000  P(det)@0.05 naive/cfar power_one_sided 0.080/0.080 power_two_sided 0.090/0.090 kurtosis 0.031/0.031 spec_cnn 0.066/0.066  (3s)
    JSR  -38.0 dB  BER 0.00e+00  PER 0.000  P(det)@0.05 naive/cfar power_one_sided 0.115/0.115 power_two_sided 0.119/0.119 kurtosis 0.047/0.047 spec_cnn 0.090/0.090  (4s)
    JSR  -37.0 dB  BER 0.00e+00  PER 0.000  P(det)@0.05 naive/cfar power_one_sided 0.150/0.150 power_two_sided 0.137/0.137 kurtosis 0.049/0.049 spec_cnn 0.084/0.084  (4s)
    JSR  -36.0 dB  BER 0.00e+00  PER 0.000  P(det)@0.05 naive/cfar power_one_sided 0.170/0.170 power_two_sided 0.182/0.182 kurtosis 0.051/0.051 spec_cnn 0.064/0.064  (4s)
    JSR  -35.0 dB  BER 0.00e+00  PER 0.000  P(det)@0.05 naive/cfar power_one_sided 0.197/0.197 power_two_sided 0.197/0.197 kurtosis 0.045/0.045 spec_cnn 0.088/0.088  (5s)
    JSR  -34.0 dB  BER 0.00e+00  PER 0.000  P(det)@0.05 naive/cfar power_one_sided 0.244/0.244 power_two_sided 0.254/0.254 kurtosis 0.049/0.049 spec_cnn 0.104/0.104  (5s)
    JSR  -33.0 dB  BER 0.00e+00  PER 0.000  P(det)@0.05 naive/cfar power_one_sided 0.266/0.266 power_two_sided 0.281/0.281 kurtosis 0.049/0.049 spec_cnn 0.135/0.135  (5s)
    JSR  -32.0 dB  BER 0.00e+00  PER 0.000  P(det)@0.05 naive/cfar power_one_sided 0.275/0.275 power_two_sided 0.301/0.301 kurtosis 0.051/0.051 spec_cnn 0.152/0.152  (5s)
    JSR  -31.0 dB  BER 0.00e+00  PER 0.000  P(det)@0.05 naive/cfar power_one_sided 0.318/0.318 power_two_sided 0.357/0.357 kurtosis 0.043/0.043 spec_cnn 0.227/0.227  (6s)
    JSR  -30.0 dB  BER 0.00e+00  PER 0.000  P(det)@0.05 naive/cfar power_one_sided 0.410/0.410 power_two_sided 0.434/0.434 kurtosis 0.055/0.055 spec_cnn 0.246/0.246  (6s)
    JSR  -29.0 dB  BER 0.00e+00  PER 0.000  P(det)@0.05 naive/cfar power_one_sided 0.420/0.420 power_two_sided 0.463/0.463 kurtosis 0.064/0.064 spec_cnn 0.283/0.283  (6s)
    JSR  -28.0 dB  BER 0.00e+00  PER 0.000  P(det)@0.05 naive/cfar power_one_sided 0.467/0.467 power_two_sided 0.523/0.523 kurtosis 0.072/0.072 spec_cnn 0.396/0.396  (6s)
    JSR  -27.0 dB  BER 0.00e+00  PER 0.000  P(det)@0.05 naive/cfar power_one_sided 0.564/0.564 power_two_sided 0.625/0.625 kurtosis 0.045/0.045 spec_cnn 0.553/0.553  (7s)
    JSR  -26.0 dB  BER 0.00e+00  PER 0.000  P(det)@0.05 naive/cfar power_one_sided 0.539/0.539 power_two_sided 0.623/0.623 kurtosis 0.059/0.059 spec_cnn 0.600/0.600  (7s)
    JSR  -25.0 dB  BER 0.00e+00  PER 0.000  P(det)@0.05 naive/cfar power_one_sided 0.596/0.596 power_two_sided 0.676/0.676 kurtosis 0.061/0.061 spec_cnn 0.795/0.795  (7s)
    JSR  -24.0 dB  BER 0.00e+00  PER 0.000  P(det)@0.05 naive/cfar power_one_sided 0.688/0.688 power_two_sided 0.734/0.734 kurtosis 0.061/0.061 spec_cnn 0.893/0.893  (8s)
    JSR  -23.0 dB  BER 0.00e+00  PER 0.000  P(det)@0.05 naive/cfar power_one_sided 0.717/0.717 power_two_sided 0.764/0.764 kurtosis 0.068/0.068 spec_cnn 0.963/0.963  (8s)
    JSR  -22.0 dB  BER 0.00e+00  PER 0.000  P(det)@0.05 naive/cfar power_one_sided 0.771/0.771 power_two_sided 0.820/0.820 kurtosis 0.074/0.074 spec_cnn 0.982/0.982  (8s)
    JSR  -21.0 dB  BER 1.53e-05  PER 0.004  P(det)@0.05 naive/cfar power_one_sided 0.830/0.830 power_two_sided 0.865/0.865 kurtosis 0.080/0.080 spec_cnn 0.996/0.996  (8s)
    JSR  -20.0 dB  BER 1.37e-04  PER 0.035  P(det)@0.05 naive/cfar power_one_sided 0.895/0.895 power_two_sided 0.910/0.910 kurtosis 0.084/0.084 spec_cnn 1.000/1.000  (9s)
    JSR  -19.0 dB  BER 5.95e-04  PER 0.152  P(det)@0.05 naive/cfar power_one_sided 0.916/0.916 power_two_sided 0.926/0.926 kurtosis 0.109/0.109 spec_cnn 1.000/1.000  (9s)
    JSR  -18.0 dB  BER 9.69e-04  PER 0.248  P(det)@0.05 naive/cfar power_one_sided 0.955/0.955 power_two_sided 0.953/0.953 kurtosis 0.193/0.193 spec_cnn 1.000/1.000  (9s)
    JSR  -17.0 dB  BER 1.28e-03  PER 0.322  P(det)@0.05 naive/cfar power_one_sided 0.980/0.980 power_two_sided 0.984/0.984 kurtosis 0.256/0.256 spec_cnn 1.000/1.000  (10s)
    JSR  -16.0 dB  BER 1.87e-03  PER 0.461  P(det)@0.05 naive/cfar power_one_sided 0.990/0.990 power_two_sided 0.990/0.990 kurtosis 0.359/0.359 spec_cnn 1.000/1.000  (10s)
    JSR  -15.0 dB  BER 2.24e-03  PER 0.535  P(det)@0.05 naive/cfar power_one_sided 1.000/1.000 power_two_sided 1.000/1.000 kurtosis 0.465/0.465 spec_cnn 1.000/1.000  (10s)
    JSR  -14.0 dB  BER 2.49e-03  PER 0.586  P(det)@0.05 naive/cfar power_one_sided 0.998/0.998 power_two_sided 0.998/0.998 kurtosis 0.531/0.531 spec_cnn 1.000/1.000  (10s)
    JSR  -13.0 dB  BER 3.04e-03  PER 0.641  P(det)@0.05 naive/cfar power_one_sided 1.000/1.000 power_two_sided 1.000/1.000 kurtosis 0.668/0.668 spec_cnn 1.000/1.000  (11s)
    JSR  -12.0 dB  BER 3.42e-03  PER 0.682  P(det)@0.05 naive/cfar power_one_sided 1.000/1.000 power_two_sided 1.000/1.000 kurtosis 0.793/0.793 spec_cnn 1.000/1.000  (11s)
    JSR  -11.0 dB  BER 4.11e-03  PER 0.744  P(det)@0.05 naive/cfar power_one_sided 1.000/1.000 power_two_sided 1.000/1.000 kurtosis 0.885/0.885 spec_cnn 1.000/1.000  (11s)
    JSR  -10.0 dB  BER 4.58e-03  PER 0.770  P(det)@0.05 naive/cfar power_one_sided 1.000/1.000 power_two_sided 1.000/1.000 kurtosis 0.941/0.941 spec_cnn 1.000/1.000  (12s)
    JSR   -9.0 dB  BER 5.24e-03  PER 0.818  P(det)@0.05 naive/cfar power_one_sided 1.000/1.000 power_two_sided 1.000/1.000 kurtosis 0.982/0.982 spec_cnn 1.000/1.000  (12s)
    JSR   -8.0 dB  BER 5.49e-03  PER 0.828  P(det)@0.05 naive/cfar power_one_sided 1.000/1.000 power_two_sided 1.000/1.000 kurtosis 0.994/0.994 spec_cnn 1.000/1.000  (12s)
    JSR   -7.0 dB  BER 5.63e-03  PER 0.812  P(det)@0.05 naive/cfar power_one_sided 1.000/1.000 power_two_sided 1.000/1.000 kurtosis 1.000/1.000 spec_cnn 1.000/1.000  (12s)
    JSR   -6.0 dB  BER 6.39e-03  PER 0.840  P(det)@0.05 naive/cfar power_one_sided 1.000/1.000 power_two_sided 1.000/1.000 kurtosis 1.000/1.000 spec_cnn 1.000/1.000  (13s)
    JSR   -5.0 dB  BER 6.85e-03  PER 0.875  P(det)@0.05 naive/cfar power_one_sided 1.000/1.000 power_two_sided 1.000/1.000 kurtosis 1.000/1.000 spec_cnn 1.000/1.000  (13s)
    JSR   -4.0 dB  BER 8.09e-03  PER 0.904  P(det)@0.05 naive/cfar power_one_sided 1.000/1.000 power_two_sided 1.000/1.000 kurtosis 1.000/1.000 spec_cnn 1.000/1.000  (13s)
    JSR   -3.0 dB  BER 9.12e-03  PER 0.943  P(det)@0.05 naive/cfar power_one_sided 1.000/1.000 power_two_sided 1.000/1.000 kurtosis 1.000/1.000 spec_cnn 1.000/1.000  (14s)
    JSR   -2.0 dB  BER 1.03e-02  PER 0.951  P(det)@0.05 naive/cfar power_one_sided 1.000/1.000 power_two_sided 1.000/1.000 kurtosis 1.000/1.000 spec_cnn 1.000/1.000  (14s)
    JSR   -1.0 dB  BER 1.23e-02  PER 0.965  P(det)@0.05 naive/cfar power_one_sided 1.000/1.000 power_two_sided 1.000/1.000 kurtosis 1.000/1.000 spec_cnn 1.000/1.000  (14s)
    JSR   +0.0 dB  BER 1.45e-02  PER 0.986  P(det)@0.05 naive/cfar power_one_sided 1.000/1.000 power_two_sided 1.000/1.000 kurtosis 1.000/1.000 spec_cnn 1.000/1.000  (14s)
    JSR   +1.0 dB  BER 1.63e-02  PER 0.998  P(det)@0.05 naive/cfar power_one_sided 1.000/1.000 power_two_sided 1.000/1.000 kurtosis 1.000/1.000 spec_cnn 1.000/1.000  (15s)
    JSR   +2.0 dB  BER 1.93e-02  PER 1.000  P(det)@0.05 naive/cfar power_one_sided 1.000/1.000 power_two_sided 1.000/1.000 kurtosis 1.000/1.000 spec_cnn 1.000/1.000  (15s)
    JSR   +3.0 dB  BER 2.31e-02  PER 0.998  P(det)@0.05 naive/cfar power_one_sided 1.000/1.000 power_two_sided 1.000/1.000 kurtosis 1.000/1.000 spec_cnn 1.000/1.000  (15s)
    JSR   +4.0 dB  BER 2.89e-02  PER 1.000  P(det)@0.05 naive/cfar power_one_sided 1.000/1.000 power_two_sided 1.000/1.000 kurtosis 1.000/1.000 spec_cnn 1.000/1.000  (16s)
    JSR   +5.0 dB  BER 3.58e-02  PER 1.000  P(det)@0.05 naive/cfar power_one_sided 1.000/1.000 power_two_sided 1.000/1.000 kurtosis 1.000/1.000 spec_cnn 1.000/1.000  (16s)
    JSR   +6.0 dB  BER 4.39e-02  PER 1.000  P(det)@0.05 naive/cfar power_one_sided 1.000/1.000 power_two_sided 1.000/1.000 kurtosis 1.000/1.000 spec_cnn 1.000/1.000  (16s)
    JSR   +7.0 dB  BER 5.36e-02  PER 1.000  P(det)@0.05 naive/cfar power_one_sided 1.000/1.000 power_two_sided 1.000/1.000 kurtosis 1.000/1.000 spec_cnn 1.000/1.000  (16s)
    JSR   +8.0 dB  BER 6.55e-02  PER 1.000  P(det)@0.05 naive/cfar power_one_sided 1.000/1.000 power_two_sided 1.000/1.000 kurtosis 1.000/1.000 spec_cnn 1.000/1.000  (17s)
    JSR   +9.0 dB  BER 8.03e-02  PER 1.000  P(det)@0.05 naive/cfar power_one_sided 1.000/1.000 power_two_sided 1.000/1.000 kurtosis 1.000/1.000 spec_cnn 1.000/1.000  (17s)
    JSR  +10.0 dB  BER 9.74e-02  PER 1.000  P(det)@0.05 naive/cfar power_one_sided 1.000/1.000 power_two_sided 1.000/1.000 kurtosis 1.000/1.000 spec_cnn 1.000/1.000  (17s)
    JSR  +11.0 dB  BER 1.13e-01  PER 1.000  P(det)@0.05 naive/cfar power_one_sided 1.000/1.000 power_two_sided 1.000/1.000 kurtosis 1.000/1.000 spec_cnn 1.000/1.000  (18s)
    JSR  +12.0 dB  BER 1.36e-01  PER 1.000  P(det)@0.05 naive/cfar power_one_sided 1.000/1.000 power_two_sided 1.000/1.000 kurtosis 1.000/1.000 spec_cnn 1.000/1.000  (18s)
    JSR  +13.0 dB  BER 1.57e-01  PER 1.000  P(det)@0.05 naive/cfar power_one_sided 1.000/1.000 power_two_sided 1.000/1.000 kurtosis 1.000/1.000 spec_cnn 1.000/1.000  (18s)
    JSR  +14.0 dB  BER 1.82e-01  PER 1.000  P(det)@0.05 naive/cfar power_one_sided 1.000/1.000 power_two_sided 1.000/1.000 kurtosis 1.000/1.000 spec_cnn 1.000/1.000  (18s)
    JSR  +15.0 dB  BER 2.06e-01  PER 1.000  P(det)@0.05 naive/cfar power_one_sided 1.000/1.000 power_two_sided 1.000/1.000 kurtosis 1.000/1.000 spec_cnn 1.000/1.000  (19s)
  [snr_30_unc_0] kurtosis_b100 done (1098s)
  [snr_30_unc_0] generator kurtosis_b1000 (scale 1.0000)
    JSR  -50.0 dB  BER 0.00e+00  PER 0.000  P(det)@0.05 naive/cfar power_one_sided 0.049/0.049 power_two_sided 0.047/0.047 kurtosis 0.035/0.035 spec_cnn 0.070/0.070  (0s)
    JSR  -49.0 dB  BER 0.00e+00  PER 0.000  P(det)@0.05 naive/cfar power_one_sided 0.037/0.037 power_two_sided 0.053/0.053 kurtosis 0.039/0.039 spec_cnn 0.061/0.061  (1s)
    JSR  -48.0 dB  BER 0.00e+00  PER 0.000  P(det)@0.05 naive/cfar power_one_sided 0.033/0.033 power_two_sided 0.037/0.037 kurtosis 0.023/0.023 spec_cnn 0.090/0.090  (1s)
    JSR  -47.0 dB  BER 0.00e+00  PER 0.000  P(det)@0.05 naive/cfar power_one_sided 0.033/0.033 power_two_sided 0.041/0.041 kurtosis 0.053/0.053 spec_cnn 0.066/0.066  (1s)
    JSR  -46.0 dB  BER 0.00e+00  PER 0.000  P(det)@0.05 naive/cfar power_one_sided 0.053/0.053 power_two_sided 0.049/0.049 kurtosis 0.057/0.057 spec_cnn 0.059/0.059  (1s)
    JSR  -45.0 dB  BER 0.00e+00  PER 0.000  P(det)@0.05 naive/cfar power_one_sided 0.064/0.064 power_two_sided 0.051/0.051 kurtosis 0.059/0.059 spec_cnn 0.092/0.092  (2s)
    JSR  -44.0 dB  BER 0.00e+00  PER 0.000  P(det)@0.05 naive/cfar power_one_sided 0.055/0.055 power_two_sided 0.062/0.062 kurtosis 0.064/0.064 spec_cnn 0.061/0.061  (2s)
    JSR  -43.0 dB  BER 0.00e+00  PER 0.000  P(det)@0.05 naive/cfar power_one_sided 0.053/0.053 power_two_sided 0.055/0.055 kurtosis 0.053/0.053 spec_cnn 0.062/0.062  (2s)
    JSR  -42.0 dB  BER 0.00e+00  PER 0.000  P(det)@0.05 naive/cfar power_one_sided 0.084/0.084 power_two_sided 0.057/0.057 kurtosis 0.051/0.051 spec_cnn 0.111/0.111  (3s)
    JSR  -41.0 dB  BER 0.00e+00  PER 0.000  P(det)@0.05 naive/cfar power_one_sided 0.059/0.059 power_two_sided 0.049/0.049 kurtosis 0.043/0.043 spec_cnn 0.109/0.109  (3s)
    JSR  -40.0 dB  BER 0.00e+00  PER 0.000  P(det)@0.05 naive/cfar power_one_sided 0.070/0.070 power_two_sided 0.078/0.078 kurtosis 0.057/0.057 spec_cnn 0.123/0.123  (3s)
    JSR  -39.0 dB  BER 0.00e+00  PER 0.000  P(det)@0.05 naive/cfar power_one_sided 0.076/0.076 power_two_sided 0.061/0.061 kurtosis 0.029/0.029 spec_cnn 0.135/0.135  (3s)
    JSR  -38.0 dB  BER 0.00e+00  PER 0.000  P(det)@0.05 naive/cfar power_one_sided 0.074/0.074 power_two_sided 0.047/0.047 kurtosis 0.037/0.037 spec_cnn 0.141/0.141  (4s)
    JSR  -37.0 dB  BER 0.00e+00  PER 0.000  P(det)@0.05 naive/cfar power_one_sided 0.096/0.096 power_two_sided 0.082/0.082 kurtosis 0.035/0.035 spec_cnn 0.146/0.146  (4s)
    JSR  -36.0 dB  BER 0.00e+00  PER 0.000  P(det)@0.05 naive/cfar power_one_sided 0.082/0.082 power_two_sided 0.059/0.059 kurtosis 0.049/0.049 spec_cnn 0.154/0.154  (4s)
    JSR  -35.0 dB  BER 0.00e+00  PER 0.000  P(det)@0.05 naive/cfar power_one_sided 0.092/0.092 power_two_sided 0.072/0.072 kurtosis 0.053/0.053 spec_cnn 0.154/0.154  (5s)
    JSR  -34.0 dB  BER 0.00e+00  PER 0.000  P(det)@0.05 naive/cfar power_one_sided 0.125/0.125 power_two_sided 0.082/0.082 kurtosis 0.049/0.049 spec_cnn 0.139/0.139  (5s)
    JSR  -33.0 dB  BER 0.00e+00  PER 0.000  P(det)@0.05 naive/cfar power_one_sided 0.152/0.152 power_two_sided 0.094/0.094 kurtosis 0.043/0.043 spec_cnn 0.139/0.139  (5s)
    JSR  -32.0 dB  BER 0.00e+00  PER 0.000  P(det)@0.05 naive/cfar power_one_sided 0.174/0.174 power_two_sided 0.146/0.146 kurtosis 0.062/0.062 spec_cnn 0.164/0.164  (5s)
    JSR  -31.0 dB  BER 0.00e+00  PER 0.000  P(det)@0.05 naive/cfar power_one_sided 0.195/0.195 power_two_sided 0.158/0.158 kurtosis 0.035/0.035 spec_cnn 0.145/0.145  (6s)
    JSR  -30.0 dB  BER 0.00e+00  PER 0.000  P(det)@0.05 naive/cfar power_one_sided 0.305/0.305 power_two_sided 0.215/0.215 kurtosis 0.053/0.053 spec_cnn 0.158/0.158  (6s)
    JSR  -29.0 dB  BER 0.00e+00  PER 0.000  P(det)@0.05 naive/cfar power_one_sided 0.377/0.377 power_two_sided 0.285/0.285 kurtosis 0.059/0.059 spec_cnn 0.166/0.166  (6s)
    JSR  -28.0 dB  BER 0.00e+00  PER 0.000  P(det)@0.05 naive/cfar power_one_sided 0.463/0.463 power_two_sided 0.371/0.371 kurtosis 0.057/0.057 spec_cnn 0.188/0.188  (6s)
    JSR  -27.0 dB  BER 0.00e+00  PER 0.000  P(det)@0.05 naive/cfar power_one_sided 0.572/0.572 power_two_sided 0.477/0.477 kurtosis 0.055/0.055 spec_cnn 0.232/0.232  (7s)
    JSR  -26.0 dB  BER 0.00e+00  PER 0.000  P(det)@0.05 naive/cfar power_one_sided 0.693/0.693 power_two_sided 0.602/0.602 kurtosis 0.043/0.043 spec_cnn 0.244/0.244  (7s)
    JSR  -25.0 dB  BER 0.00e+00  PER 0.000  P(det)@0.05 naive/cfar power_one_sided 0.807/0.807 power_two_sided 0.756/0.756 kurtosis 0.051/0.051 spec_cnn 0.279/0.279  (7s)
    JSR  -24.0 dB  BER 0.00e+00  PER 0.000  P(det)@0.05 naive/cfar power_one_sided 0.910/0.910 power_two_sided 0.881/0.881 kurtosis 0.049/0.049 spec_cnn 0.324/0.324  (8s)
    JSR  -23.0 dB  BER 0.00e+00  PER 0.000  P(det)@0.05 naive/cfar power_one_sided 0.953/0.953 power_two_sided 0.938/0.938 kurtosis 0.049/0.049 spec_cnn 0.367/0.367  (8s)
    JSR  -22.0 dB  BER 0.00e+00  PER 0.000  P(det)@0.05 naive/cfar power_one_sided 0.992/0.992 power_two_sided 0.984/0.984 kurtosis 0.047/0.047 spec_cnn 0.340/0.340  (8s)
    JSR  -21.0 dB  BER 0.00e+00  PER 0.000  P(det)@0.05 naive/cfar power_one_sided 0.984/0.984 power_two_sided 0.984/0.984 kurtosis 0.055/0.055 spec_cnn 0.336/0.336  (8s)
    JSR  -20.0 dB  BER 0.00e+00  PER 0.000  P(det)@0.05 naive/cfar power_one_sided 0.994/0.994 power_two_sided 0.994/0.994 kurtosis 0.082/0.082 spec_cnn 0.367/0.367  (9s)
    JSR  -19.0 dB  BER 1.53e-05  PER 0.004  P(det)@0.05 naive/cfar power_one_sided 1.000/1.000 power_two_sided 1.000/1.000 kurtosis 0.068/0.068 spec_cnn 0.367/0.367  (9s)
    JSR  -18.0 dB  BER 8.39e-05  PER 0.021  P(det)@0.05 naive/cfar power_one_sided 1.000/1.000 power_two_sided 1.000/1.000 kurtosis 0.115/0.115 spec_cnn 0.379/0.379  (9s)
    JSR  -17.0 dB  BER 1.68e-04  PER 0.043  P(det)@0.05 naive/cfar power_one_sided 1.000/1.000 power_two_sided 1.000/1.000 kurtosis 0.146/0.146 spec_cnn 0.396/0.396  (10s)
    JSR  -16.0 dB  BER 2.29e-04  PER 0.057  P(det)@0.05 naive/cfar power_one_sided 1.000/1.000 power_two_sided 1.000/1.000 kurtosis 0.209/0.209 spec_cnn 0.410/0.410  (10s)
    JSR  -15.0 dB  BER 2.75e-04  PER 0.068  P(det)@0.05 naive/cfar power_one_sided 1.000/1.000 power_two_sided 1.000/1.000 kurtosis 0.260/0.260 spec_cnn 0.387/0.387  (10s)
    JSR  -14.0 dB  BER 3.20e-04  PER 0.074  P(det)@0.05 naive/cfar power_one_sided 1.000/1.000 power_two_sided 1.000/1.000 kurtosis 0.412/0.412 spec_cnn 0.393/0.393  (10s)
    JSR  -13.0 dB  BER 4.58e-04  PER 0.105  P(det)@0.05 naive/cfar power_one_sided 1.000/1.000 power_two_sided 1.000/1.000 kurtosis 0.529/0.529 spec_cnn 0.361/0.361  (11s)
    JSR  -12.0 dB  BER 5.34e-04  PER 0.111  P(det)@0.05 naive/cfar power_one_sided 1.000/1.000 power_two_sided 1.000/1.000 kurtosis 0.729/0.729 spec_cnn 0.439/0.439  (11s)
    JSR  -11.0 dB  BER 5.11e-04  PER 0.109  P(det)@0.05 naive/cfar power_one_sided 1.000/1.000 power_two_sided 1.000/1.000 kurtosis 0.832/0.832 spec_cnn 0.449/0.449  (11s)
    JSR  -10.0 dB  BER 7.71e-04  PER 0.150  P(det)@0.05 naive/cfar power_one_sided 1.000/1.000 power_two_sided 1.000/1.000 kurtosis 0.943/0.943 spec_cnn 0.439/0.439  (12s)
    JSR   -9.0 dB  BER 1.03e-03  PER 0.191  P(det)@0.05 naive/cfar power_one_sided 1.000/1.000 power_two_sided 1.000/1.000 kurtosis 0.986/0.986 spec_cnn 0.475/0.475  (12s)
    JSR   -8.0 dB  BER 1.15e-03  PER 0.230  P(det)@0.05 naive/cfar power_one_sided 1.000/1.000 power_two_sided 1.000/1.000 kurtosis 0.998/0.998 spec_cnn 0.531/0.531  (12s)
    JSR   -7.0 dB  BER 1.40e-03  PER 0.270  P(det)@0.05 naive/cfar power_one_sided 1.000/1.000 power_two_sided 1.000/1.000 kurtosis 1.000/1.000 spec_cnn 0.570/0.570  (12s)
    JSR   -6.0 dB  BER 1.78e-03  PER 0.326  P(det)@0.05 naive/cfar power_one_sided 1.000/1.000 power_two_sided 1.000/1.000 kurtosis 1.000/1.000 spec_cnn 0.654/0.654  (13s)
    JSR   -5.0 dB  BER 2.09e-03  PER 0.373  P(det)@0.05 naive/cfar power_one_sided 1.000/1.000 power_two_sided 1.000/1.000 kurtosis 1.000/1.000 spec_cnn 0.719/0.719  (13s)
    JSR   -4.0 dB  BER 2.29e-03  PER 0.402  P(det)@0.05 naive/cfar power_one_sided 1.000/1.000 power_two_sided 1.000/1.000 kurtosis 1.000/1.000 spec_cnn 0.703/0.703  (13s)
    JSR   -3.0 dB  BER 3.30e-03  PER 0.564  P(det)@0.05 naive/cfar power_one_sided 1.000/1.000 power_two_sided 1.000/1.000 kurtosis 0.998/0.998 spec_cnn 0.660/0.660  (14s)
    JSR   -2.0 dB  BER 3.77e-03  PER 0.629  P(det)@0.05 naive/cfar power_one_sided 1.000/1.000 power_two_sided 1.000/1.000 kurtosis 0.992/0.992 spec_cnn 0.770/0.770  (14s)
    JSR   -1.0 dB  BER 4.04e-03  PER 0.672  P(det)@0.05 naive/cfar power_one_sided 1.000/1.000 power_two_sided 1.000/1.000 kurtosis 0.992/0.992 spec_cnn 0.754/0.754  (14s)
    JSR   +0.0 dB  BER 4.36e-03  PER 0.709  P(det)@0.05 naive/cfar power_one_sided 1.000/1.000 power_two_sided 1.000/1.000 kurtosis 0.957/0.957 spec_cnn 0.789/0.789  (14s)
    JSR   +1.0 dB  BER 4.95e-03  PER 0.770  P(det)@0.05 naive/cfar power_one_sided 1.000/1.000 power_two_sided 1.000/1.000 kurtosis 0.719/0.719 spec_cnn 0.838/0.838  (15s)
    JSR   +2.0 dB  BER 5.56e-03  PER 0.805  P(det)@0.05 naive/cfar power_one_sided 1.000/1.000 power_two_sided 1.000/1.000 kurtosis 0.506/0.506 spec_cnn 0.867/0.867  (15s)
    JSR   +3.0 dB  BER 6.10e-03  PER 0.824  P(det)@0.05 naive/cfar power_one_sided 1.000/1.000 power_two_sided 1.000/1.000 kurtosis 0.637/0.637 spec_cnn 0.949/0.949  (15s)
    JSR   +4.0 dB  BER 6.48e-03  PER 0.854  P(det)@0.05 naive/cfar power_one_sided 1.000/1.000 power_two_sided 1.000/1.000 kurtosis 0.904/0.904 spec_cnn 0.984/0.984  (16s)
    JSR   +5.0 dB  BER 6.57e-03  PER 0.861  P(det)@0.05 naive/cfar power_one_sided 1.000/1.000 power_two_sided 1.000/1.000 kurtosis 0.922/0.922 spec_cnn 0.998/0.998  (16s)
    JSR   +6.0 dB  BER 7.66e-03  PER 0.912  P(det)@0.05 naive/cfar power_one_sided 1.000/1.000 power_two_sided 1.000/1.000 kurtosis 0.949/0.949 spec_cnn 0.998/0.998  (16s)
    JSR   +7.0 dB  BER 8.11e-03  PER 0.930  P(det)@0.05 naive/cfar power_one_sided 1.000/1.000 power_two_sided 1.000/1.000 kurtosis 0.971/0.971 spec_cnn 1.000/1.000  (16s)
    JSR   +8.0 dB  BER 7.94e-03  PER 0.922  P(det)@0.05 naive/cfar power_one_sided 1.000/1.000 power_two_sided 1.000/1.000 kurtosis 0.975/0.975 spec_cnn 1.000/1.000  (17s)
    JSR   +9.0 dB  BER 8.57e-03  PER 0.910  P(det)@0.05 naive/cfar power_one_sided 1.000/1.000 power_two_sided 1.000/1.000 kurtosis 0.947/0.947 spec_cnn 1.000/1.000  (17s)
    JSR  +10.0 dB  BER 9.30e-03  PER 0.943  P(det)@0.05 naive/cfar power_one_sided 1.000/1.000 power_two_sided 1.000/1.000 kurtosis 0.969/0.969 spec_cnn 1.000/1.000  (17s)
    JSR  +11.0 dB  BER 9.63e-03  PER 0.951  P(det)@0.05 naive/cfar power_one_sided 1.000/1.000 power_two_sided 1.000/1.000 kurtosis 0.977/0.977 spec_cnn 1.000/1.000  (18s)
    JSR  +12.0 dB  BER 1.03e-02  PER 0.971  P(det)@0.05 naive/cfar power_one_sided 1.000/1.000 power_two_sided 1.000/1.000 kurtosis 0.973/0.973 spec_cnn 1.000/1.000  (18s)
    JSR  +13.0 dB  BER 1.08e-02  PER 0.961  P(det)@0.05 naive/cfar power_one_sided 1.000/1.000 power_two_sided 1.000/1.000 kurtosis 0.975/0.975 spec_cnn 1.000/1.000  (18s)
    JSR  +14.0 dB  BER 1.09e-02  PER 0.967  P(det)@0.05 naive/cfar power_one_sided 1.000/1.000 power_two_sided 1.000/1.000 kurtosis 0.988/0.988 spec_cnn 1.000/1.000  (18s)
    JSR  +15.0 dB  BER 1.13e-02  PER 0.977  P(det)@0.05 naive/cfar power_one_sided 1.000/1.000 power_two_sided 1.000/1.000 kurtosis 0.982/0.982 spec_cnn 1.000/1.000  (19s)
  [snr_30_unc_0] kurtosis_b1000 done (1153s)
  [snr_30_unc_0] generator spec_cnn_b1 (scale 1.0000)
    JSR  -50.0 dB  BER 0.00e+00  PER 0.000  P(det)@0.05 naive/cfar power_one_sided 0.064/0.064 power_two_sided 0.061/0.061 kurtosis 0.061/0.061 spec_cnn 0.047/0.047  (0s)
    JSR  -49.0 dB  BER 0.00e+00  PER 0.000  P(det)@0.05 naive/cfar power_one_sided 0.066/0.066 power_two_sided 0.082/0.082 kurtosis 0.059/0.059 spec_cnn 0.055/0.055  (1s)
    JSR  -48.0 dB  BER 0.00e+00  PER 0.000  P(det)@0.05 naive/cfar power_one_sided 0.066/0.066 power_two_sided 0.068/0.068 kurtosis 0.059/0.059 spec_cnn 0.047/0.047  (1s)
    JSR  -47.0 dB  BER 0.00e+00  PER 0.000  P(det)@0.05 naive/cfar power_one_sided 0.057/0.057 power_two_sided 0.064/0.064 kurtosis 0.049/0.049 spec_cnn 0.037/0.037  (1s)
    JSR  -46.0 dB  BER 0.00e+00  PER 0.000  P(det)@0.05 naive/cfar power_one_sided 0.064/0.064 power_two_sided 0.074/0.074 kurtosis 0.062/0.062 spec_cnn 0.043/0.043  (1s)
    JSR  -45.0 dB  BER 0.00e+00  PER 0.000  P(det)@0.05 naive/cfar power_one_sided 0.078/0.078 power_two_sided 0.072/0.072 kurtosis 0.047/0.047 spec_cnn 0.066/0.066  (2s)
    JSR  -44.0 dB  BER 0.00e+00  PER 0.000  P(det)@0.05 naive/cfar power_one_sided 0.068/0.068 power_two_sided 0.064/0.064 kurtosis 0.059/0.059 spec_cnn 0.051/0.051  (2s)
    JSR  -43.0 dB  BER 0.00e+00  PER 0.000  P(det)@0.05 naive/cfar power_one_sided 0.096/0.096 power_two_sided 0.107/0.107 kurtosis 0.037/0.037 spec_cnn 0.055/0.055  (2s)
    JSR  -42.0 dB  BER 0.00e+00  PER 0.000  P(det)@0.05 naive/cfar power_one_sided 0.096/0.096 power_two_sided 0.107/0.107 kurtosis 0.045/0.045 spec_cnn 0.055/0.055  (3s)
    JSR  -41.0 dB  BER 0.00e+00  PER 0.000  P(det)@0.05 naive/cfar power_one_sided 0.078/0.078 power_two_sided 0.096/0.096 kurtosis 0.045/0.045 spec_cnn 0.047/0.047  (3s)
    JSR  -40.0 dB  BER 0.00e+00  PER 0.000  P(det)@0.05 naive/cfar power_one_sided 0.088/0.088 power_two_sided 0.117/0.117 kurtosis 0.051/0.051 spec_cnn 0.055/0.055  (3s)
    JSR  -39.0 dB  BER 0.00e+00  PER 0.000  P(det)@0.05 naive/cfar power_one_sided 0.123/0.123 power_two_sided 0.129/0.129 kurtosis 0.055/0.055 spec_cnn 0.045/0.045  (3s)
    JSR  -38.0 dB  BER 0.00e+00  PER 0.000  P(det)@0.05 naive/cfar power_one_sided 0.148/0.148 power_two_sided 0.164/0.164 kurtosis 0.041/0.041 spec_cnn 0.049/0.049  (4s)
    JSR  -37.0 dB  BER 0.00e+00  PER 0.000  P(det)@0.05 naive/cfar power_one_sided 0.158/0.158 power_two_sided 0.213/0.213 kurtosis 0.045/0.045 spec_cnn 0.049/0.049  (4s)
    JSR  -36.0 dB  BER 0.00e+00  PER 0.000  P(det)@0.05 naive/cfar power_one_sided 0.178/0.178 power_two_sided 0.238/0.238 kurtosis 0.059/0.059 spec_cnn 0.047/0.047  (4s)
    JSR  -35.0 dB  BER 0.00e+00  PER 0.000  P(det)@0.05 naive/cfar power_one_sided 0.246/0.246 power_two_sided 0.260/0.260 kurtosis 0.045/0.045 spec_cnn 0.033/0.033  (5s)
    JSR  -34.0 dB  BER 0.00e+00  PER 0.000  P(det)@0.05 naive/cfar power_one_sided 0.283/0.283 power_two_sided 0.369/0.369 kurtosis 0.037/0.037 spec_cnn 0.074/0.074  (5s)
    JSR  -33.0 dB  BER 0.00e+00  PER 0.000  P(det)@0.05 naive/cfar power_one_sided 0.299/0.299 power_two_sided 0.428/0.428 kurtosis 0.045/0.045 spec_cnn 0.055/0.055  (5s)
    JSR  -32.0 dB  BER 0.00e+00  PER 0.000  P(det)@0.05 naive/cfar power_one_sided 0.340/0.340 power_two_sided 0.471/0.471 kurtosis 0.080/0.080 spec_cnn 0.074/0.074  (5s)
    JSR  -31.0 dB  BER 0.00e+00  PER 0.000  P(det)@0.05 naive/cfar power_one_sided 0.387/0.387 power_two_sided 0.504/0.504 kurtosis 0.057/0.057 spec_cnn 0.053/0.053  (6s)
    JSR  -30.0 dB  BER 0.00e+00  PER 0.000  P(det)@0.05 naive/cfar power_one_sided 0.389/0.389 power_two_sided 0.555/0.555 kurtosis 0.057/0.057 spec_cnn 0.051/0.051  (6s)
    JSR  -29.0 dB  BER 0.00e+00  PER 0.000  P(det)@0.05 naive/cfar power_one_sided 0.412/0.412 power_two_sided 0.564/0.564 kurtosis 0.057/0.057 spec_cnn 0.066/0.066  (6s)
    JSR  -28.0 dB  BER 0.00e+00  PER 0.000  P(det)@0.05 naive/cfar power_one_sided 0.471/0.471 power_two_sided 0.664/0.664 kurtosis 0.045/0.045 spec_cnn 0.059/0.059  (6s)
    JSR  -27.0 dB  BER 0.00e+00  PER 0.000  P(det)@0.05 naive/cfar power_one_sided 0.486/0.486 power_two_sided 0.676/0.676 kurtosis 0.064/0.064 spec_cnn 0.068/0.068  (7s)
    JSR  -26.0 dB  BER 0.00e+00  PER 0.000  P(det)@0.05 naive/cfar power_one_sided 0.561/0.561 power_two_sided 0.734/0.734 kurtosis 0.045/0.045 spec_cnn 0.080/0.080  (7s)
    JSR  -25.0 dB  BER 0.00e+00  PER 0.000  P(det)@0.05 naive/cfar power_one_sided 0.510/0.510 power_two_sided 0.717/0.717 kurtosis 0.059/0.059 spec_cnn 0.080/0.080  (7s)
    JSR  -24.0 dB  BER 0.00e+00  PER 0.000  P(det)@0.05 naive/cfar power_one_sided 0.559/0.559 power_two_sided 0.754/0.754 kurtosis 0.068/0.068 spec_cnn 0.096/0.096  (8s)
    JSR  -23.0 dB  BER 3.66e-04  PER 0.094  P(det)@0.05 naive/cfar power_one_sided 0.586/0.586 power_two_sided 0.795/0.795 kurtosis 0.102/0.102 spec_cnn 0.105/0.105  (8s)
    JSR  -22.0 dB  BER 8.39e-04  PER 0.215  P(det)@0.05 naive/cfar power_one_sided 0.596/0.596 power_two_sided 0.807/0.807 kurtosis 0.146/0.146 spec_cnn 0.111/0.111  (8s)
    JSR  -21.0 dB  BER 1.27e-03  PER 0.326  P(det)@0.05 naive/cfar power_one_sided 0.652/0.652 power_two_sided 0.830/0.830 kurtosis 0.160/0.160 spec_cnn 0.143/0.143  (8s)
    JSR  -20.0 dB  BER 1.69e-03  PER 0.422  P(det)@0.05 naive/cfar power_one_sided 0.664/0.664 power_two_sided 0.857/0.857 kurtosis 0.219/0.219 spec_cnn 0.197/0.197  (9s)
    JSR  -19.0 dB  BER 2.04e-03  PER 0.504  P(det)@0.05 naive/cfar power_one_sided 0.725/0.725 power_two_sided 0.854/0.854 kurtosis 0.365/0.365 spec_cnn 0.248/0.248  (9s)
    JSR  -18.0 dB  BER 2.40e-03  PER 0.559  P(det)@0.05 naive/cfar power_one_sided 0.764/0.764 power_two_sided 0.881/0.881 kurtosis 0.441/0.441 spec_cnn 0.350/0.350  (9s)
    JSR  -17.0 dB  BER 3.12e-03  PER 0.666  P(det)@0.05 naive/cfar power_one_sided 0.807/0.807 power_two_sided 0.906/0.906 kurtosis 0.471/0.471 spec_cnn 0.432/0.432  (10s)
    JSR  -16.0 dB  BER 3.17e-03  PER 0.645  P(det)@0.05 naive/cfar power_one_sided 0.877/0.877 power_two_sided 0.922/0.922 kurtosis 0.596/0.596 spec_cnn 0.604/0.604  (10s)
    JSR  -15.0 dB  BER 3.62e-03  PER 0.695  P(det)@0.05 naive/cfar power_one_sided 0.926/0.926 power_two_sided 0.943/0.943 kurtosis 0.676/0.676 spec_cnn 0.777/0.777  (10s)
    JSR  -14.0 dB  BER 3.78e-03  PER 0.729  P(det)@0.05 naive/cfar power_one_sided 0.973/0.973 power_two_sided 0.979/0.979 kurtosis 0.744/0.744 spec_cnn 0.932/0.932  (10s)
    JSR  -13.0 dB  BER 4.10e-03  PER 0.727  P(det)@0.05 naive/cfar power_one_sided 0.982/0.982 power_two_sided 0.984/0.984 kurtosis 0.795/0.795 spec_cnn 0.979/0.979  (11s)
    JSR  -12.0 dB  BER 4.10e-03  PER 0.713  P(det)@0.05 naive/cfar power_one_sided 0.998/0.998 power_two_sided 0.998/0.998 kurtosis 0.920/0.920 spec_cnn 1.000/1.000  (11s)
    JSR  -11.0 dB  BER 4.67e-03  PER 0.785  P(det)@0.05 naive/cfar power_one_sided 0.998/0.998 power_two_sided 0.998/0.998 kurtosis 0.973/0.973 spec_cnn 1.000/1.000  (11s)
    JSR  -10.0 dB  BER 4.96e-03  PER 0.795  P(det)@0.05 naive/cfar power_one_sided 1.000/1.000 power_two_sided 1.000/1.000 kurtosis 0.998/0.998 spec_cnn 1.000/1.000  (12s)
    JSR   -9.0 dB  BER 5.04e-03  PER 0.793  P(det)@0.05 naive/cfar power_one_sided 1.000/1.000 power_two_sided 1.000/1.000 kurtosis 1.000/1.000 spec_cnn 1.000/1.000  (12s)
    JSR   -8.0 dB  BER 5.81e-03  PER 0.838  P(det)@0.05 naive/cfar power_one_sided 1.000/1.000 power_two_sided 1.000/1.000 kurtosis 1.000/1.000 spec_cnn 1.000/1.000  (12s)
    JSR   -7.0 dB  BER 6.64e-03  PER 0.842  P(det)@0.05 naive/cfar power_one_sided 1.000/1.000 power_two_sided 1.000/1.000 kurtosis 1.000/1.000 spec_cnn 1.000/1.000  (12s)
    JSR   -6.0 dB  BER 7.77e-03  PER 0.893  P(det)@0.05 naive/cfar power_one_sided 1.000/1.000 power_two_sided 1.000/1.000 kurtosis 1.000/1.000 spec_cnn 1.000/1.000  (13s)
    JSR   -5.0 dB  BER 7.73e-03  PER 0.879  P(det)@0.05 naive/cfar power_one_sided 1.000/1.000 power_two_sided 1.000/1.000 kurtosis 1.000/1.000 spec_cnn 1.000/1.000  (13s)
    JSR   -4.0 dB  BER 8.61e-03  PER 0.906  P(det)@0.05 naive/cfar power_one_sided 1.000/1.000 power_two_sided 1.000/1.000 kurtosis 1.000/1.000 spec_cnn 1.000/1.000  (13s)
    JSR   -3.0 dB  BER 9.19e-03  PER 0.922  P(det)@0.05 naive/cfar power_one_sided 1.000/1.000 power_two_sided 1.000/1.000 kurtosis 1.000/1.000 spec_cnn 1.000/1.000  (14s)
    JSR   -2.0 dB  BER 9.72e-03  PER 0.930  P(det)@0.05 naive/cfar power_one_sided 1.000/1.000 power_two_sided 1.000/1.000 kurtosis 1.000/1.000 spec_cnn 1.000/1.000  (14s)
    JSR   -1.0 dB  BER 1.02e-02  PER 0.953  P(det)@0.05 naive/cfar power_one_sided 1.000/1.000 power_two_sided 1.000/1.000 kurtosis 1.000/1.000 spec_cnn 1.000/1.000  (14s)
    JSR   +0.0 dB  BER 1.08e-02  PER 0.932  P(det)@0.05 naive/cfar power_one_sided 1.000/1.000 power_two_sided 1.000/1.000 kurtosis 1.000/1.000 spec_cnn 1.000/1.000  (14s)
    JSR   +1.0 dB  BER 1.14e-02  PER 0.941  P(det)@0.05 naive/cfar power_one_sided 1.000/1.000 power_two_sided 1.000/1.000 kurtosis 1.000/1.000 spec_cnn 1.000/1.000  (15s)
    JSR   +2.0 dB  BER 1.26e-02  PER 0.955  P(det)@0.05 naive/cfar power_one_sided 1.000/1.000 power_two_sided 1.000/1.000 kurtosis 1.000/1.000 spec_cnn 1.000/1.000  (15s)
    JSR   +3.0 dB  BER 1.39e-02  PER 0.963  P(det)@0.05 naive/cfar power_one_sided 1.000/1.000 power_two_sided 1.000/1.000 kurtosis 1.000/1.000 spec_cnn 1.000/1.000  (15s)
    JSR   +4.0 dB  BER 1.48e-02  PER 0.975  P(det)@0.05 naive/cfar power_one_sided 1.000/1.000 power_two_sided 1.000/1.000 kurtosis 1.000/1.000 spec_cnn 1.000/1.000  (16s)
    JSR   +5.0 dB  BER 1.51e-02  PER 0.971  P(det)@0.05 naive/cfar power_one_sided 1.000/1.000 power_two_sided 1.000/1.000 kurtosis 1.000/1.000 spec_cnn 1.000/1.000  (16s)
    JSR   +6.0 dB  BER 1.54e-02  PER 0.975  P(det)@0.05 naive/cfar power_one_sided 1.000/1.000 power_two_sided 1.000/1.000 kurtosis 1.000/1.000 spec_cnn 1.000/1.000  (16s)
    JSR   +7.0 dB  BER 1.65e-02  PER 0.986  P(det)@0.05 naive/cfar power_one_sided 1.000/1.000 power_two_sided 1.000/1.000 kurtosis 1.000/1.000 spec_cnn 1.000/1.000  (16s)
    JSR   +8.0 dB  BER 1.73e-02  PER 0.986  P(det)@0.05 naive/cfar power_one_sided 1.000/1.000 power_two_sided 1.000/1.000 kurtosis 1.000/1.000 spec_cnn 1.000/1.000  (17s)
    JSR   +9.0 dB  BER 1.73e-02  PER 0.994  P(det)@0.05 naive/cfar power_one_sided 1.000/1.000 power_two_sided 1.000/1.000 kurtosis 1.000/1.000 spec_cnn 1.000/1.000  (17s)
    JSR  +10.0 dB  BER 1.86e-02  PER 0.996  P(det)@0.05 naive/cfar power_one_sided 1.000/1.000 power_two_sided 1.000/1.000 kurtosis 1.000/1.000 spec_cnn 1.000/1.000  (17s)
    JSR  +11.0 dB  BER 1.94e-02  PER 0.994  P(det)@0.05 naive/cfar power_one_sided 1.000/1.000 power_two_sided 1.000/1.000 kurtosis 1.000/1.000 spec_cnn 1.000/1.000  (18s)
    JSR  +12.0 dB  BER 2.01e-02  PER 1.000  P(det)@0.05 naive/cfar power_one_sided 1.000/1.000 power_two_sided 1.000/1.000 kurtosis 1.000/1.000 spec_cnn 1.000/1.000  (18s)
    JSR  +13.0 dB  BER 2.27e-02  PER 1.000  P(det)@0.05 naive/cfar power_one_sided 1.000/1.000 power_two_sided 1.000/1.000 kurtosis 1.000/1.000 spec_cnn 1.000/1.000  (18s)
    JSR  +14.0 dB  BER 2.43e-02  PER 1.000  P(det)@0.05 naive/cfar power_one_sided 1.000/1.000 power_two_sided 1.000/1.000 kurtosis 1.000/1.000 spec_cnn 1.000/1.000  (18s)
    JSR  +15.0 dB  BER 2.83e-02  PER 1.000  P(det)@0.05 naive/cfar power_one_sided 1.000/1.000 power_two_sided 1.000/1.000 kurtosis 1.000/1.000 spec_cnn 1.000/1.000  (19s)
  [snr_30_unc_0] spec_cnn_b1 done (1208s)
  [snr_30_unc_0] generator spec_cnn_b10 (scale 1.0000)
    JSR  -50.0 dB  BER 0.00e+00  PER 0.000  P(det)@0.05 naive/cfar power_one_sided 0.066/0.066 power_two_sided 0.072/0.072 kurtosis 0.031/0.031 spec_cnn 0.053/0.053  (0s)
    JSR  -49.0 dB  BER 0.00e+00  PER 0.000  P(det)@0.05 naive/cfar power_one_sided 0.049/0.049 power_two_sided 0.049/0.049 kurtosis 0.045/0.045 spec_cnn 0.041/0.041  (1s)
    JSR  -48.0 dB  BER 0.00e+00  PER 0.000  P(det)@0.05 naive/cfar power_one_sided 0.064/0.064 power_two_sided 0.078/0.078 kurtosis 0.059/0.059 spec_cnn 0.043/0.043  (1s)
    JSR  -47.0 dB  BER 0.00e+00  PER 0.000  P(det)@0.05 naive/cfar power_one_sided 0.062/0.062 power_two_sided 0.064/0.064 kurtosis 0.051/0.051 spec_cnn 0.035/0.035  (1s)
    JSR  -46.0 dB  BER 0.00e+00  PER 0.000  P(det)@0.05 naive/cfar power_one_sided 0.066/0.066 power_two_sided 0.049/0.049 kurtosis 0.053/0.053 spec_cnn 0.057/0.057  (1s)
    JSR  -45.0 dB  BER 0.00e+00  PER 0.000  P(det)@0.05 naive/cfar power_one_sided 0.076/0.076 power_two_sided 0.074/0.074 kurtosis 0.055/0.055 spec_cnn 0.045/0.045  (2s)
    JSR  -44.0 dB  BER 0.00e+00  PER 0.000  P(det)@0.05 naive/cfar power_one_sided 0.074/0.074 power_two_sided 0.086/0.086 kurtosis 0.035/0.035 spec_cnn 0.039/0.039  (2s)
    JSR  -43.0 dB  BER 0.00e+00  PER 0.000  P(det)@0.05 naive/cfar power_one_sided 0.105/0.105 power_two_sided 0.098/0.098 kurtosis 0.045/0.045 spec_cnn 0.053/0.053  (2s)
    JSR  -42.0 dB  BER 0.00e+00  PER 0.000  P(det)@0.05 naive/cfar power_one_sided 0.092/0.092 power_two_sided 0.104/0.104 kurtosis 0.051/0.051 spec_cnn 0.051/0.051  (3s)
    JSR  -41.0 dB  BER 0.00e+00  PER 0.000  P(det)@0.05 naive/cfar power_one_sided 0.080/0.080 power_two_sided 0.098/0.098 kurtosis 0.041/0.041 spec_cnn 0.055/0.055  (3s)
    JSR  -40.0 dB  BER 0.00e+00  PER 0.000  P(det)@0.05 naive/cfar power_one_sided 0.150/0.150 power_two_sided 0.156/0.156 kurtosis 0.049/0.049 spec_cnn 0.059/0.059  (3s)
    JSR  -39.0 dB  BER 0.00e+00  PER 0.000  P(det)@0.05 naive/cfar power_one_sided 0.131/0.131 power_two_sided 0.168/0.168 kurtosis 0.059/0.059 spec_cnn 0.051/0.051  (3s)
    JSR  -38.0 dB  BER 0.00e+00  PER 0.000  P(det)@0.05 naive/cfar power_one_sided 0.145/0.145 power_two_sided 0.205/0.205 kurtosis 0.039/0.039 spec_cnn 0.043/0.043  (4s)
    JSR  -37.0 dB  BER 0.00e+00  PER 0.000  P(det)@0.05 naive/cfar power_one_sided 0.170/0.170 power_two_sided 0.209/0.209 kurtosis 0.043/0.043 spec_cnn 0.070/0.070  (4s)
    JSR  -36.0 dB  BER 0.00e+00  PER 0.000  P(det)@0.05 naive/cfar power_one_sided 0.189/0.189 power_two_sided 0.240/0.240 kurtosis 0.053/0.053 spec_cnn 0.037/0.037  (4s)
    JSR  -35.0 dB  BER 0.00e+00  PER 0.000  P(det)@0.05 naive/cfar power_one_sided 0.268/0.268 power_two_sided 0.334/0.334 kurtosis 0.057/0.057 spec_cnn 0.053/0.053  (5s)
    JSR  -34.0 dB  BER 0.00e+00  PER 0.000  P(det)@0.05 naive/cfar power_one_sided 0.260/0.260 power_two_sided 0.350/0.350 kurtosis 0.049/0.049 spec_cnn 0.041/0.041  (5s)
    JSR  -33.0 dB  BER 0.00e+00  PER 0.000  P(det)@0.05 naive/cfar power_one_sided 0.301/0.301 power_two_sided 0.416/0.416 kurtosis 0.039/0.039 spec_cnn 0.043/0.043  (5s)
    JSR  -32.0 dB  BER 0.00e+00  PER 0.000  P(det)@0.05 naive/cfar power_one_sided 0.359/0.359 power_two_sided 0.479/0.479 kurtosis 0.066/0.066 spec_cnn 0.057/0.057  (5s)
    JSR  -31.0 dB  BER 0.00e+00  PER 0.000  P(det)@0.05 naive/cfar power_one_sided 0.379/0.379 power_two_sided 0.539/0.539 kurtosis 0.053/0.053 spec_cnn 0.074/0.074  (6s)
    JSR  -30.0 dB  BER 0.00e+00  PER 0.000  P(det)@0.05 naive/cfar power_one_sided 0.406/0.406 power_two_sided 0.566/0.566 kurtosis 0.045/0.045 spec_cnn 0.074/0.074  (6s)
    JSR  -29.0 dB  BER 0.00e+00  PER 0.000  P(det)@0.05 naive/cfar power_one_sided 0.432/0.432 power_two_sided 0.590/0.590 kurtosis 0.039/0.039 spec_cnn 0.072/0.072  (6s)
    JSR  -28.0 dB  BER 0.00e+00  PER 0.000  P(det)@0.05 naive/cfar power_one_sided 0.418/0.418 power_two_sided 0.658/0.658 kurtosis 0.051/0.051 spec_cnn 0.072/0.072  (7s)
    JSR  -27.0 dB  BER 0.00e+00  PER 0.000  P(det)@0.05 naive/cfar power_one_sided 0.471/0.471 power_two_sided 0.707/0.707 kurtosis 0.057/0.057 spec_cnn 0.064/0.064  (7s)
    JSR  -26.0 dB  BER 0.00e+00  PER 0.000  P(det)@0.05 naive/cfar power_one_sided 0.518/0.518 power_two_sided 0.711/0.711 kurtosis 0.057/0.057 spec_cnn 0.070/0.070  (7s)
    JSR  -25.0 dB  BER 0.00e+00  PER 0.000  P(det)@0.05 naive/cfar power_one_sided 0.516/0.516 power_two_sided 0.740/0.740 kurtosis 0.053/0.053 spec_cnn 0.100/0.100  (7s)
    JSR  -24.0 dB  BER 0.00e+00  PER 0.000  P(det)@0.05 naive/cfar power_one_sided 0.602/0.602 power_two_sided 0.799/0.799 kurtosis 0.080/0.080 spec_cnn 0.096/0.096  (8s)
    JSR  -23.0 dB  BER 3.20e-04  PER 0.082  P(det)@0.05 naive/cfar power_one_sided 0.598/0.598 power_two_sided 0.834/0.834 kurtosis 0.100/0.100 spec_cnn 0.105/0.105  (8s)
    JSR  -22.0 dB  BER 8.54e-04  PER 0.219  P(det)@0.05 naive/cfar power_one_sided 0.654/0.654 power_two_sided 0.854/0.854 kurtosis 0.133/0.133 spec_cnn 0.131/0.131  (8s)
    JSR  -21.0 dB  BER 1.27e-03  PER 0.324  P(det)@0.05 naive/cfar power_one_sided 0.682/0.682 power_two_sided 0.869/0.869 kurtosis 0.199/0.199 spec_cnn 0.143/0.143  (9s)
    JSR  -20.0 dB  BER 1.85e-03  PER 0.465  P(det)@0.05 naive/cfar power_one_sided 0.652/0.652 power_two_sided 0.846/0.846 kurtosis 0.221/0.221 spec_cnn 0.189/0.189  (9s)
    JSR  -19.0 dB  BER 2.08e-03  PER 0.490  P(det)@0.05 naive/cfar power_one_sided 0.711/0.711 power_two_sided 0.867/0.867 kurtosis 0.355/0.355 spec_cnn 0.260/0.260  (9s)
    JSR  -18.0 dB  BER 2.62e-03  PER 0.570  P(det)@0.05 naive/cfar power_one_sided 0.748/0.748 power_two_sided 0.891/0.891 kurtosis 0.436/0.436 spec_cnn 0.297/0.297  (9s)
    JSR  -17.0 dB  BER 3.01e-03  PER 0.643  P(det)@0.05 naive/cfar power_one_sided 0.816/0.816 power_two_sided 0.908/0.908 kurtosis 0.500/0.500 spec_cnn 0.453/0.453  (10s)
    JSR  -16.0 dB  BER 3.16e-03  PER 0.621  P(det)@0.05 naive/cfar power_one_sided 0.867/0.867 power_two_sided 0.910/0.910 kurtosis 0.619/0.619 spec_cnn 0.578/0.578  (10s)
    JSR  -15.0 dB  BER 3.69e-03  PER 0.688  P(det)@0.05 naive/cfar power_one_sided 0.900/0.900 power_two_sided 0.938/0.938 kurtosis 0.672/0.672 spec_cnn 0.725/0.725  (10s)
    JSR  -14.0 dB  BER 3.97e-03  PER 0.717  P(det)@0.05 naive/cfar power_one_sided 0.963/0.963 power_two_sided 0.971/0.971 kurtosis 0.734/0.734 spec_cnn 0.842/0.842  (11s)
    JSR  -13.0 dB  BER 4.16e-03  PER 0.752  P(det)@0.05 naive/cfar power_one_sided 0.986/0.986 power_two_sided 0.994/0.994 kurtosis 0.818/0.818 spec_cnn 0.965/0.965  (11s)
    JSR  -12.0 dB  BER 4.55e-03  PER 0.752  P(det)@0.05 naive/cfar power_one_sided 0.998/0.998 power_two_sided 0.998/0.998 kurtosis 0.883/0.883 spec_cnn 0.994/0.994  (11s)
    JSR  -11.0 dB  BER 4.83e-03  PER 0.791  P(det)@0.05 naive/cfar power_one_sided 1.000/1.000 power_two_sided 1.000/1.000 kurtosis 0.959/0.959 spec_cnn 1.000/1.000  (11s)
    JSR  -10.0 dB  BER 5.23e-03  PER 0.812  P(det)@0.05 naive/cfar power_one_sided 1.000/1.000 power_two_sided 1.000/1.000 kurtosis 0.998/0.998 spec_cnn 1.000/1.000  (12s)
    JSR   -9.0 dB  BER 4.86e-03  PER 0.771  P(det)@0.05 naive/cfar power_one_sided 1.000/1.000 power_two_sided 1.000/1.000 kurtosis 1.000/1.000 spec_cnn 1.000/1.000  (12s)
    JSR   -8.0 dB  BER 5.81e-03  PER 0.863  P(det)@0.05 naive/cfar power_one_sided 1.000/1.000 power_two_sided 1.000/1.000 kurtosis 1.000/1.000 spec_cnn 1.000/1.000  (12s)
    JSR   -7.0 dB  BER 6.53e-03  PER 0.854  P(det)@0.05 naive/cfar power_one_sided 1.000/1.000 power_two_sided 1.000/1.000 kurtosis 1.000/1.000 spec_cnn 1.000/1.000  (12s)
    JSR   -6.0 dB  BER 6.98e-03  PER 0.855  P(det)@0.05 naive/cfar power_one_sided 1.000/1.000 power_two_sided 1.000/1.000 kurtosis 1.000/1.000 spec_cnn 1.000/1.000  (13s)
    JSR   -5.0 dB  BER 7.55e-03  PER 0.891  P(det)@0.05 naive/cfar power_one_sided 1.000/1.000 power_two_sided 1.000/1.000 kurtosis 1.000/1.000 spec_cnn 1.000/1.000  (13s)
    JSR   -4.0 dB  BER 8.16e-03  PER 0.900  P(det)@0.05 naive/cfar power_one_sided 1.000/1.000 power_two_sided 1.000/1.000 kurtosis 1.000/1.000 spec_cnn 1.000/1.000  (13s)
    JSR   -3.0 dB  BER 8.98e-03  PER 0.928  P(det)@0.05 naive/cfar power_one_sided 1.000/1.000 power_two_sided 1.000/1.000 kurtosis 1.000/1.000 spec_cnn 1.000/1.000  (14s)
    JSR   -2.0 dB  BER 8.88e-03  PER 0.914  P(det)@0.05 naive/cfar power_one_sided 1.000/1.000 power_two_sided 1.000/1.000 kurtosis 1.000/1.000 spec_cnn 1.000/1.000  (14s)
    JSR   -1.0 dB  BER 9.65e-03  PER 0.932  P(det)@0.05 naive/cfar power_one_sided 1.000/1.000 power_two_sided 1.000/1.000 kurtosis 1.000/1.000 spec_cnn 1.000/1.000  (14s)
    JSR   +0.0 dB  BER 1.07e-02  PER 0.961  P(det)@0.05 naive/cfar power_one_sided 1.000/1.000 power_two_sided 1.000/1.000 kurtosis 1.000/1.000 spec_cnn 1.000/1.000  (14s)
    JSR   +1.0 dB  BER 1.12e-02  PER 0.953  P(det)@0.05 naive/cfar power_one_sided 1.000/1.000 power_two_sided 1.000/1.000 kurtosis 1.000/1.000 spec_cnn 1.000/1.000  (15s)
    JSR   +2.0 dB  BER 1.23e-02  PER 0.961  P(det)@0.05 naive/cfar power_one_sided 1.000/1.000 power_two_sided 1.000/1.000 kurtosis 1.000/1.000 spec_cnn 1.000/1.000  (15s)
    JSR   +3.0 dB  BER 1.35e-02  PER 0.971  P(det)@0.05 naive/cfar power_one_sided 1.000/1.000 power_two_sided 1.000/1.000 kurtosis 1.000/1.000 spec_cnn 1.000/1.000  (15s)
    JSR   +4.0 dB  BER 1.36e-02  PER 0.963  P(det)@0.05 naive/cfar power_one_sided 1.000/1.000 power_two_sided 1.000/1.000 kurtosis 1.000/1.000 spec_cnn 1.000/1.000  (16s)
    JSR   +5.0 dB  BER 1.47e-02  PER 0.980  P(det)@0.05 naive/cfar power_one_sided 1.000/1.000 power_two_sided 1.000/1.000 kurtosis 1.000/1.000 spec_cnn 1.000/1.000  (16s)
    JSR   +6.0 dB  BER 1.52e-02  PER 0.982  P(det)@0.05 naive/cfar power_one_sided 1.000/1.000 power_two_sided 1.000/1.000 kurtosis 1.000/1.000 spec_cnn 1.000/1.000  (16s)
    JSR   +7.0 dB  BER 1.56e-02  PER 0.975  P(det)@0.05 naive/cfar power_one_sided 1.000/1.000 power_two_sided 1.000/1.000 kurtosis 1.000/1.000 spec_cnn 1.000/1.000  (16s)
    JSR   +8.0 dB  BER 1.70e-02  PER 0.988  P(det)@0.05 naive/cfar power_one_sided 1.000/1.000 power_two_sided 1.000/1.000 kurtosis 1.000/1.000 spec_cnn 1.000/1.000  (17s)
    JSR   +9.0 dB  BER 1.77e-02  PER 0.992  P(det)@0.05 naive/cfar power_one_sided 1.000/1.000 power_two_sided 1.000/1.000 kurtosis 1.000/1.000 spec_cnn 1.000/1.000  (17s)
    JSR  +10.0 dB  BER 1.77e-02  PER 0.992  P(det)@0.05 naive/cfar power_one_sided 1.000/1.000 power_two_sided 1.000/1.000 kurtosis 1.000/1.000 spec_cnn 1.000/1.000  (17s)
    JSR  +11.0 dB  BER 1.93e-02  PER 0.996  P(det)@0.05 naive/cfar power_one_sided 1.000/1.000 power_two_sided 1.000/1.000 kurtosis 1.000/1.000 spec_cnn 1.000/1.000  (18s)
    JSR  +12.0 dB  BER 1.94e-02  PER 0.996  P(det)@0.05 naive/cfar power_one_sided 1.000/1.000 power_two_sided 1.000/1.000 kurtosis 1.000/1.000 spec_cnn 1.000/1.000  (18s)
    JSR  +13.0 dB  BER 2.11e-02  PER 0.998  P(det)@0.05 naive/cfar power_one_sided 1.000/1.000 power_two_sided 1.000/1.000 kurtosis 1.000/1.000 spec_cnn 1.000/1.000  (18s)
    JSR  +14.0 dB  BER 2.20e-02  PER 1.000  P(det)@0.05 naive/cfar power_one_sided 1.000/1.000 power_two_sided 1.000/1.000 kurtosis 1.000/1.000 spec_cnn 1.000/1.000  (18s)
    JSR  +15.0 dB  BER 2.48e-02  PER 0.998  P(det)@0.05 naive/cfar power_one_sided 1.000/1.000 power_two_sided 1.000/1.000 kurtosis 1.000/1.000 spec_cnn 1.000/1.000  (19s)
  [snr_30_unc_0] spec_cnn_b10 done (1264s)
  [snr_30_unc_0] generator spec_cnn_b100 (scale 1.0000)
    JSR  -50.0 dB  BER 0.00e+00  PER 0.000  P(det)@0.05 naive/cfar power_one_sided 0.059/0.059 power_two_sided 0.055/0.055 kurtosis 0.047/0.047 spec_cnn 0.035/0.035  (0s)
    JSR  -49.0 dB  BER 0.00e+00  PER 0.000  P(det)@0.05 naive/cfar power_one_sided 0.059/0.059 power_two_sided 0.059/0.059 kurtosis 0.051/0.051 spec_cnn 0.059/0.059  (1s)
    JSR  -48.0 dB  BER 0.00e+00  PER 0.000  P(det)@0.05 naive/cfar power_one_sided 0.076/0.076 power_two_sided 0.070/0.070 kurtosis 0.055/0.055 spec_cnn 0.047/0.047  (1s)
    JSR  -47.0 dB  BER 0.00e+00  PER 0.000  P(det)@0.05 naive/cfar power_one_sided 0.070/0.070 power_two_sided 0.076/0.076 kurtosis 0.068/0.068 spec_cnn 0.031/0.031  (1s)
    JSR  -46.0 dB  BER 0.00e+00  PER 0.000  P(det)@0.05 naive/cfar power_one_sided 0.053/0.053 power_two_sided 0.066/0.066 kurtosis 0.053/0.053 spec_cnn 0.043/0.043  (1s)
    JSR  -45.0 dB  BER 0.00e+00  PER 0.000  P(det)@0.05 naive/cfar power_one_sided 0.066/0.066 power_two_sided 0.066/0.066 kurtosis 0.043/0.043 spec_cnn 0.045/0.045  (2s)
    JSR  -44.0 dB  BER 0.00e+00  PER 0.000  P(det)@0.05 naive/cfar power_one_sided 0.088/0.088 power_two_sided 0.074/0.074 kurtosis 0.061/0.061 spec_cnn 0.055/0.055  (2s)
    JSR  -43.0 dB  BER 0.00e+00  PER 0.000  P(det)@0.05 naive/cfar power_one_sided 0.082/0.082 power_two_sided 0.074/0.074 kurtosis 0.055/0.055 spec_cnn 0.055/0.055  (2s)
    JSR  -42.0 dB  BER 0.00e+00  PER 0.000  P(det)@0.05 naive/cfar power_one_sided 0.088/0.088 power_two_sided 0.072/0.072 kurtosis 0.029/0.029 spec_cnn 0.039/0.039  (3s)
    JSR  -41.0 dB  BER 0.00e+00  PER 0.000  P(det)@0.05 naive/cfar power_one_sided 0.102/0.102 power_two_sided 0.102/0.102 kurtosis 0.049/0.049 spec_cnn 0.078/0.078  (3s)
    JSR  -40.0 dB  BER 0.00e+00  PER 0.000  P(det)@0.05 naive/cfar power_one_sided 0.125/0.125 power_two_sided 0.141/0.141 kurtosis 0.041/0.041 spec_cnn 0.039/0.039  (3s)
    JSR  -39.0 dB  BER 0.00e+00  PER 0.000  P(det)@0.05 naive/cfar power_one_sided 0.129/0.129 power_two_sided 0.152/0.152 kurtosis 0.059/0.059 spec_cnn 0.053/0.053  (3s)
    JSR  -38.0 dB  BER 0.00e+00  PER 0.000  P(det)@0.05 naive/cfar power_one_sided 0.129/0.129 power_two_sided 0.139/0.139 kurtosis 0.053/0.053 spec_cnn 0.051/0.051  (4s)
    JSR  -37.0 dB  BER 0.00e+00  PER 0.000  P(det)@0.05 naive/cfar power_one_sided 0.182/0.182 power_two_sided 0.162/0.162 kurtosis 0.049/0.049 spec_cnn 0.045/0.045  (4s)
    JSR  -36.0 dB  BER 0.00e+00  PER 0.000  P(det)@0.05 naive/cfar power_one_sided 0.154/0.154 power_two_sided 0.197/0.197 kurtosis 0.057/0.057 spec_cnn 0.061/0.061  (4s)
    JSR  -35.0 dB  BER 0.00e+00  PER 0.000  P(det)@0.05 naive/cfar power_one_sided 0.219/0.219 power_two_sided 0.246/0.246 kurtosis 0.055/0.055 spec_cnn 0.055/0.055  (5s)
    JSR  -34.0 dB  BER 0.00e+00  PER 0.000  P(det)@0.05 naive/cfar power_one_sided 0.279/0.279 power_two_sided 0.311/0.311 kurtosis 0.031/0.031 spec_cnn 0.076/0.076  (5s)
    JSR  -33.0 dB  BER 0.00e+00  PER 0.000  P(det)@0.05 naive/cfar power_one_sided 0.271/0.271 power_two_sided 0.342/0.342 kurtosis 0.039/0.039 spec_cnn 0.062/0.062  (5s)
    JSR  -32.0 dB  BER 0.00e+00  PER 0.000  P(det)@0.05 naive/cfar power_one_sided 0.311/0.311 power_two_sided 0.416/0.416 kurtosis 0.053/0.053 spec_cnn 0.080/0.080  (5s)
    JSR  -31.0 dB  BER 0.00e+00  PER 0.000  P(det)@0.05 naive/cfar power_one_sided 0.357/0.357 power_two_sided 0.486/0.486 kurtosis 0.061/0.061 spec_cnn 0.070/0.070  (6s)
    JSR  -30.0 dB  BER 0.00e+00  PER 0.000  P(det)@0.05 naive/cfar power_one_sided 0.359/0.359 power_two_sided 0.518/0.518 kurtosis 0.039/0.039 spec_cnn 0.084/0.084  (6s)
    JSR  -29.0 dB  BER 0.00e+00  PER 0.000  P(det)@0.05 naive/cfar power_one_sided 0.430/0.430 power_two_sided 0.578/0.578 kurtosis 0.062/0.062 spec_cnn 0.086/0.086  (6s)
    JSR  -28.0 dB  BER 0.00e+00  PER 0.000  P(det)@0.05 naive/cfar power_one_sided 0.471/0.471 power_two_sided 0.635/0.635 kurtosis 0.043/0.043 spec_cnn 0.082/0.082  (6s)
    JSR  -27.0 dB  BER 0.00e+00  PER 0.000  P(det)@0.05 naive/cfar power_one_sided 0.498/0.498 power_two_sided 0.652/0.652 kurtosis 0.072/0.072 spec_cnn 0.152/0.152  (7s)
    JSR  -26.0 dB  BER 0.00e+00  PER 0.000  P(det)@0.05 naive/cfar power_one_sided 0.527/0.527 power_two_sided 0.721/0.721 kurtosis 0.062/0.062 spec_cnn 0.180/0.180  (7s)
    JSR  -25.0 dB  BER 0.00e+00  PER 0.000  P(det)@0.05 naive/cfar power_one_sided 0.572/0.572 power_two_sided 0.723/0.723 kurtosis 0.062/0.062 spec_cnn 0.250/0.250  (7s)
    JSR  -24.0 dB  BER 0.00e+00  PER 0.000  P(det)@0.05 naive/cfar power_one_sided 0.590/0.590 power_two_sided 0.756/0.756 kurtosis 0.066/0.066 spec_cnn 0.365/0.365  (8s)
    JSR  -23.0 dB  BER 0.00e+00  PER 0.000  P(det)@0.05 naive/cfar power_one_sided 0.621/0.621 power_two_sided 0.768/0.768 kurtosis 0.076/0.076 spec_cnn 0.537/0.537  (8s)
    JSR  -22.0 dB  BER 2.44e-04  PER 0.062  P(det)@0.05 naive/cfar power_one_sided 0.664/0.664 power_two_sided 0.785/0.785 kurtosis 0.098/0.098 spec_cnn 0.664/0.664  (8s)
    JSR  -21.0 dB  BER 7.71e-04  PER 0.197  P(det)@0.05 naive/cfar power_one_sided 0.709/0.709 power_two_sided 0.826/0.826 kurtosis 0.111/0.111 spec_cnn 0.869/0.869  (8s)
    JSR  -20.0 dB  BER 1.20e-03  PER 0.307  P(det)@0.05 naive/cfar power_one_sided 0.732/0.732 power_two_sided 0.850/0.850 kurtosis 0.166/0.166 spec_cnn 0.980/0.980  (9s)
    JSR  -19.0 dB  BER 1.63e-03  PER 0.412  P(det)@0.05 naive/cfar power_one_sided 0.779/0.779 power_two_sided 0.871/0.871 kurtosis 0.275/0.275 spec_cnn 0.998/0.998  (9s)
    JSR  -18.0 dB  BER 2.14e-03  PER 0.520  P(det)@0.05 naive/cfar power_one_sided 0.818/0.818 power_two_sided 0.867/0.867 kurtosis 0.365/0.365 spec_cnn 1.000/1.000  (9s)
    JSR  -17.0 dB  BER 2.37e-03  PER 0.531  P(det)@0.05 naive/cfar power_one_sided 0.898/0.898 power_two_sided 0.922/0.922 kurtosis 0.514/0.514 spec_cnn 1.000/1.000  (10s)
    JSR  -16.0 dB  BER 2.80e-03  PER 0.605  P(det)@0.05 naive/cfar power_one_sided 0.936/0.936 power_two_sided 0.939/0.939 kurtosis 0.535/0.535 spec_cnn 1.000/1.000  (10s)
    JSR  -15.0 dB  BER 3.27e-03  PER 0.672  P(det)@0.05 naive/cfar power_one_sided 0.965/0.965 power_two_sided 0.971/0.971 kurtosis 0.660/0.660 spec_cnn 1.000/1.000  (10s)
    JSR  -14.0 dB  BER 3.52e-03  PER 0.707  P(det)@0.05 naive/cfar power_one_sided 0.994/0.994 power_two_sided 0.992/0.992 kurtosis 0.729/0.729 spec_cnn 1.000/1.000  (10s)
    JSR  -13.0 dB  BER 3.75e-03  PER 0.709  P(det)@0.05 naive/cfar power_one_sided 0.998/0.998 power_two_sided 0.998/0.998 kurtosis 0.797/0.797 spec_cnn 1.000/1.000  (11s)
    JSR  -12.0 dB  BER 4.11e-03  PER 0.746  P(det)@0.05 naive/cfar power_one_sided 1.000/1.000 power_two_sided 1.000/1.000 kurtosis 0.873/0.873 spec_cnn 1.000/1.000  (11s)
    JSR  -11.0 dB  BER 4.46e-03  PER 0.754  P(det)@0.05 naive/cfar power_one_sided 1.000/1.000 power_two_sided 1.000/1.000 kurtosis 0.936/0.936 spec_cnn 1.000/1.000  (11s)
    JSR  -10.0 dB  BER 4.46e-03  PER 0.758  P(det)@0.05 naive/cfar power_one_sided 1.000/1.000 power_two_sided 1.000/1.000 kurtosis 0.990/0.990 spec_cnn 1.000/1.000  (12s)
    JSR   -9.0 dB  BER 5.49e-03  PER 0.861  P(det)@0.05 naive/cfar power_one_sided 1.000/1.000 power_two_sided 1.000/1.000 kurtosis 0.998/0.998 spec_cnn 1.000/1.000  (12s)
    JSR   -8.0 dB  BER 5.96e-03  PER 0.840  P(det)@0.05 naive/cfar power_one_sided 1.000/1.000 power_two_sided 1.000/1.000 kurtosis 1.000/1.000 spec_cnn 1.000/1.000  (12s)
    JSR   -7.0 dB  BER 6.73e-03  PER 0.869  P(det)@0.05 naive/cfar power_one_sided 1.000/1.000 power_two_sided 1.000/1.000 kurtosis 1.000/1.000 spec_cnn 1.000/1.000  (12s)
    JSR   -6.0 dB  BER 7.45e-03  PER 0.887  P(det)@0.05 naive/cfar power_one_sided 1.000/1.000 power_two_sided 1.000/1.000 kurtosis 1.000/1.000 spec_cnn 1.000/1.000  (13s)
    JSR   -5.0 dB  BER 7.53e-03  PER 0.854  P(det)@0.05 naive/cfar power_one_sided 1.000/1.000 power_two_sided 1.000/1.000 kurtosis 1.000/1.000 spec_cnn 1.000/1.000  (13s)
    JSR   -4.0 dB  BER 8.73e-03  PER 0.910  P(det)@0.05 naive/cfar power_one_sided 1.000/1.000 power_two_sided 1.000/1.000 kurtosis 1.000/1.000 spec_cnn 1.000/1.000  (13s)
    JSR   -3.0 dB  BER 8.99e-03  PER 0.893  P(det)@0.05 naive/cfar power_one_sided 1.000/1.000 power_two_sided 1.000/1.000 kurtosis 1.000/1.000 spec_cnn 1.000/1.000  (14s)
    JSR   -2.0 dB  BER 9.65e-03  PER 0.916  P(det)@0.05 naive/cfar power_one_sided 1.000/1.000 power_two_sided 1.000/1.000 kurtosis 1.000/1.000 spec_cnn 1.000/1.000  (14s)
    JSR   -1.0 dB  BER 1.07e-02  PER 0.932  P(det)@0.05 naive/cfar power_one_sided 1.000/1.000 power_two_sided 1.000/1.000 kurtosis 1.000/1.000 spec_cnn 1.000/1.000  (14s)
    JSR   +0.0 dB  BER 1.17e-02  PER 0.939  P(det)@0.05 naive/cfar power_one_sided 1.000/1.000 power_two_sided 1.000/1.000 kurtosis 1.000/1.000 spec_cnn 1.000/1.000  (14s)
    JSR   +1.0 dB  BER 1.23e-02  PER 0.949  P(det)@0.05 naive/cfar power_one_sided 1.000/1.000 power_two_sided 1.000/1.000 kurtosis 1.000/1.000 spec_cnn 1.000/1.000  (15s)
    JSR   +2.0 dB  BER 1.31e-02  PER 0.951  P(det)@0.05 naive/cfar power_one_sided 1.000/1.000 power_two_sided 1.000/1.000 kurtosis 1.000/1.000 spec_cnn 1.000/1.000  (15s)
    JSR   +3.0 dB  BER 1.47e-02  PER 0.963  P(det)@0.05 naive/cfar power_one_sided 1.000/1.000 power_two_sided 1.000/1.000 kurtosis 1.000/1.000 spec_cnn 1.000/1.000  (15s)
    JSR   +4.0 dB  BER 1.56e-02  PER 0.979  P(det)@0.05 naive/cfar power_one_sided 1.000/1.000 power_two_sided 1.000/1.000 kurtosis 1.000/1.000 spec_cnn 1.000/1.000  (16s)
    JSR   +5.0 dB  BER 1.74e-02  PER 0.982  P(det)@0.05 naive/cfar power_one_sided 1.000/1.000 power_two_sided 1.000/1.000 kurtosis 1.000/1.000 spec_cnn 1.000/1.000  (16s)
    JSR   +6.0 dB  BER 1.75e-02  PER 0.982  P(det)@0.05 naive/cfar power_one_sided 1.000/1.000 power_two_sided 1.000/1.000 kurtosis 1.000/1.000 spec_cnn 1.000/1.000  (16s)
    JSR   +7.0 dB  BER 1.98e-02  PER 0.986  P(det)@0.05 naive/cfar power_one_sided 1.000/1.000 power_two_sided 1.000/1.000 kurtosis 1.000/1.000 spec_cnn 1.000/1.000  (16s)
    JSR   +8.0 dB  BER 2.20e-02  PER 0.992  P(det)@0.05 naive/cfar power_one_sided 1.000/1.000 power_two_sided 1.000/1.000 kurtosis 1.000/1.000 spec_cnn 1.000/1.000  (17s)
    JSR   +9.0 dB  BER 2.40e-02  PER 1.000  P(det)@0.05 naive/cfar power_one_sided 1.000/1.000 power_two_sided 1.000/1.000 kurtosis 1.000/1.000 spec_cnn 1.000/1.000  (17s)
    JSR  +10.0 dB  BER 2.86e-02  PER 0.998  P(det)@0.05 naive/cfar power_one_sided 1.000/1.000 power_two_sided 1.000/1.000 kurtosis 1.000/1.000 spec_cnn 1.000/1.000  (17s)
    JSR  +11.0 dB  BER 3.23e-02  PER 1.000  P(det)@0.05 naive/cfar power_one_sided 1.000/1.000 power_two_sided 1.000/1.000 kurtosis 1.000/1.000 spec_cnn 1.000/1.000  (18s)
    JSR  +12.0 dB  BER 3.56e-02  PER 1.000  P(det)@0.05 naive/cfar power_one_sided 1.000/1.000 power_two_sided 1.000/1.000 kurtosis 1.000/1.000 spec_cnn 1.000/1.000  (18s)
    JSR  +13.0 dB  BER 4.11e-02  PER 1.000  P(det)@0.05 naive/cfar power_one_sided 1.000/1.000 power_two_sided 1.000/1.000 kurtosis 1.000/1.000 spec_cnn 1.000/1.000  (18s)
    JSR  +14.0 dB  BER 4.63e-02  PER 1.000  P(det)@0.05 naive/cfar power_one_sided 1.000/1.000 power_two_sided 1.000/1.000 kurtosis 1.000/1.000 spec_cnn 1.000/1.000  (18s)
    JSR  +15.0 dB  BER 5.10e-02  PER 1.000  P(det)@0.05 naive/cfar power_one_sided 1.000/1.000 power_two_sided 1.000/1.000 kurtosis 1.000/1.000 spec_cnn 1.000/1.000  (19s)
  [snr_30_unc_0] spec_cnn_b100 done (1319s)
  [snr_30_unc_0] generator spec_cnn_b1000 (scale 1.0000)
    JSR  -50.0 dB  BER 0.00e+00  PER 0.000  P(det)@0.05 naive/cfar power_one_sided 0.047/0.047 power_two_sided 0.053/0.053 kurtosis 0.053/0.053 spec_cnn 0.041/0.041  (0s)
    JSR  -49.0 dB  BER 0.00e+00  PER 0.000  P(det)@0.05 naive/cfar power_one_sided 0.062/0.062 power_two_sided 0.059/0.059 kurtosis 0.037/0.037 spec_cnn 0.049/0.049  (1s)
    JSR  -48.0 dB  BER 0.00e+00  PER 0.000  P(det)@0.05 naive/cfar power_one_sided 0.055/0.055 power_two_sided 0.062/0.062 kurtosis 0.049/0.049 spec_cnn 0.043/0.043  (1s)
    JSR  -47.0 dB  BER 0.00e+00  PER 0.000  P(det)@0.05 naive/cfar power_one_sided 0.057/0.057 power_two_sided 0.057/0.057 kurtosis 0.049/0.049 spec_cnn 0.062/0.062  (1s)
    JSR  -46.0 dB  BER 0.00e+00  PER 0.000  P(det)@0.05 naive/cfar power_one_sided 0.066/0.066 power_two_sided 0.070/0.070 kurtosis 0.066/0.066 spec_cnn 0.031/0.031  (1s)
    JSR  -45.0 dB  BER 0.00e+00  PER 0.000  P(det)@0.05 naive/cfar power_one_sided 0.041/0.041 power_two_sided 0.053/0.053 kurtosis 0.068/0.068 spec_cnn 0.055/0.055  (2s)
    JSR  -44.0 dB  BER 0.00e+00  PER 0.000  P(det)@0.05 naive/cfar power_one_sided 0.074/0.074 power_two_sided 0.055/0.055 kurtosis 0.023/0.023 spec_cnn 0.057/0.057  (2s)
    JSR  -43.0 dB  BER 0.00e+00  PER 0.000  P(det)@0.05 naive/cfar power_one_sided 0.057/0.057 power_two_sided 0.055/0.055 kurtosis 0.061/0.061 spec_cnn 0.043/0.043  (2s)
    JSR  -42.0 dB  BER 0.00e+00  PER 0.000  P(det)@0.05 naive/cfar power_one_sided 0.053/0.053 power_two_sided 0.051/0.051 kurtosis 0.031/0.031 spec_cnn 0.053/0.053  (3s)
    JSR  -41.0 dB  BER 0.00e+00  PER 0.000  P(det)@0.05 naive/cfar power_one_sided 0.066/0.066 power_two_sided 0.057/0.057 kurtosis 0.074/0.074 spec_cnn 0.070/0.070  (3s)
    JSR  -40.0 dB  BER 0.00e+00  PER 0.000  P(det)@0.05 naive/cfar power_one_sided 0.053/0.053 power_two_sided 0.082/0.082 kurtosis 0.037/0.037 spec_cnn 0.057/0.057  (3s)
    JSR  -39.0 dB  BER 0.00e+00  PER 0.000  P(det)@0.05 naive/cfar power_one_sided 0.084/0.084 power_two_sided 0.074/0.074 kurtosis 0.051/0.051 spec_cnn 0.051/0.051  (3s)
    JSR  -38.0 dB  BER 0.00e+00  PER 0.000  P(det)@0.05 naive/cfar power_one_sided 0.094/0.094 power_two_sided 0.066/0.066 kurtosis 0.055/0.055 spec_cnn 0.055/0.055  (4s)
    JSR  -37.0 dB  BER 0.00e+00  PER 0.000  P(det)@0.05 naive/cfar power_one_sided 0.090/0.090 power_two_sided 0.064/0.064 kurtosis 0.037/0.037 spec_cnn 0.059/0.059  (4s)
    JSR  -36.0 dB  BER 0.00e+00  PER 0.000  P(det)@0.05 naive/cfar power_one_sided 0.131/0.131 power_two_sided 0.098/0.098 kurtosis 0.047/0.047 spec_cnn 0.078/0.078  (4s)
    JSR  -35.0 dB  BER 0.00e+00  PER 0.000  P(det)@0.05 naive/cfar power_one_sided 0.123/0.123 power_two_sided 0.094/0.094 kurtosis 0.047/0.047 spec_cnn 0.074/0.074  (5s)
    JSR  -34.0 dB  BER 0.00e+00  PER 0.000  P(det)@0.05 naive/cfar power_one_sided 0.143/0.143 power_two_sided 0.096/0.096 kurtosis 0.039/0.039 spec_cnn 0.102/0.102  (5s)
    JSR  -33.0 dB  BER 0.00e+00  PER 0.000  P(det)@0.05 naive/cfar power_one_sided 0.166/0.166 power_two_sided 0.135/0.135 kurtosis 0.059/0.059 spec_cnn 0.070/0.070  (5s)
    JSR  -32.0 dB  BER 0.00e+00  PER 0.000  P(det)@0.05 naive/cfar power_one_sided 0.189/0.189 power_two_sided 0.143/0.143 kurtosis 0.057/0.057 spec_cnn 0.111/0.111  (5s)
    JSR  -31.0 dB  BER 0.00e+00  PER 0.000  P(det)@0.05 naive/cfar power_one_sided 0.244/0.244 power_two_sided 0.195/0.195 kurtosis 0.035/0.035 spec_cnn 0.141/0.141  (6s)
    JSR  -30.0 dB  BER 0.00e+00  PER 0.000  P(det)@0.05 naive/cfar power_one_sided 0.324/0.324 power_two_sided 0.283/0.283 kurtosis 0.062/0.062 spec_cnn 0.143/0.143  (6s)
    JSR  -29.0 dB  BER 0.00e+00  PER 0.000  P(det)@0.05 naive/cfar power_one_sided 0.396/0.396 power_two_sided 0.334/0.334 kurtosis 0.062/0.062 spec_cnn 0.180/0.180  (6s)
    JSR  -28.0 dB  BER 0.00e+00  PER 0.000  P(det)@0.05 naive/cfar power_one_sided 0.457/0.457 power_two_sided 0.393/0.393 kurtosis 0.055/0.055 spec_cnn 0.291/0.291  (6s)
    JSR  -27.0 dB  BER 0.00e+00  PER 0.000  P(det)@0.05 naive/cfar power_one_sided 0.498/0.498 power_two_sided 0.453/0.453 kurtosis 0.057/0.057 spec_cnn 0.404/0.404  (7s)
    JSR  -26.0 dB  BER 0.00e+00  PER 0.000  P(det)@0.05 naive/cfar power_one_sided 0.611/0.611 power_two_sided 0.557/0.557 kurtosis 0.047/0.047 spec_cnn 0.693/0.693  (7s)
    JSR  -25.0 dB  BER 0.00e+00  PER 0.000  P(det)@0.05 naive/cfar power_one_sided 0.707/0.707 power_two_sided 0.678/0.678 kurtosis 0.059/0.059 spec_cnn 0.842/0.842  (7s)
    JSR  -24.0 dB  BER 0.00e+00  PER 0.000  P(det)@0.05 naive/cfar power_one_sided 0.787/0.787 power_two_sided 0.758/0.758 kurtosis 0.045/0.045 spec_cnn 0.957/0.957  (8s)
    JSR  -23.0 dB  BER 0.00e+00  PER 0.000  P(det)@0.05 naive/cfar power_one_sided 0.867/0.867 power_two_sided 0.840/0.840 kurtosis 0.068/0.068 spec_cnn 0.998/0.998  (8s)
    JSR  -22.0 dB  BER 0.00e+00  PER 0.000  P(det)@0.05 naive/cfar power_one_sided 0.928/0.928 power_two_sided 0.914/0.914 kurtosis 0.061/0.061 spec_cnn 1.000/1.000  (8s)
    JSR  -21.0 dB  BER 0.00e+00  PER 0.000  P(det)@0.05 naive/cfar power_one_sided 0.984/0.984 power_two_sided 0.977/0.977 kurtosis 0.078/0.078 spec_cnn 1.000/1.000  (8s)
    JSR  -20.0 dB  BER 0.00e+00  PER 0.000  P(det)@0.05 naive/cfar power_one_sided 0.977/0.977 power_two_sided 0.973/0.973 kurtosis 0.078/0.078 spec_cnn 1.000/1.000  (9s)
    JSR  -19.0 dB  BER 0.00e+00  PER 0.000  P(det)@0.05 naive/cfar power_one_sided 0.992/0.992 power_two_sided 0.992/0.992 kurtosis 0.096/0.096 spec_cnn 1.000/1.000  (9s)
    JSR  -18.0 dB  BER 0.00e+00  PER 0.000  P(det)@0.05 naive/cfar power_one_sided 0.998/0.998 power_two_sided 0.998/0.998 kurtosis 0.098/0.098 spec_cnn 1.000/1.000  (9s)
    JSR  -17.0 dB  BER 0.00e+00  PER 0.000  P(det)@0.05 naive/cfar power_one_sided 1.000/1.000 power_two_sided 1.000/1.000 kurtosis 0.160/0.160 spec_cnn 1.000/1.000  (10s)
    JSR  -16.0 dB  BER 0.00e+00  PER 0.000  P(det)@0.05 naive/cfar power_one_sided 1.000/1.000 power_two_sided 1.000/1.000 kurtosis 0.174/0.174 spec_cnn 1.000/1.000  (10s)
    JSR  -15.0 dB  BER 0.00e+00  PER 0.000  P(det)@0.05 naive/cfar power_one_sided 1.000/1.000 power_two_sided 1.000/1.000 kurtosis 0.281/0.281 spec_cnn 1.000/1.000  (10s)
    JSR  -14.0 dB  BER 0.00e+00  PER 0.000  P(det)@0.05 naive/cfar power_one_sided 1.000/1.000 power_two_sided 1.000/1.000 kurtosis 0.393/0.393 spec_cnn 1.000/1.000  (10s)
    JSR  -13.0 dB  BER 0.00e+00  PER 0.000  P(det)@0.05 naive/cfar power_one_sided 1.000/1.000 power_two_sided 1.000/1.000 kurtosis 0.590/0.590 spec_cnn 1.000/1.000  (11s)
    JSR  -12.0 dB  BER 0.00e+00  PER 0.000  P(det)@0.05 naive/cfar power_one_sided 1.000/1.000 power_two_sided 1.000/1.000 kurtosis 0.762/0.762 spec_cnn 1.000/1.000  (11s)
    JSR  -11.0 dB  BER 0.00e+00  PER 0.000  P(det)@0.05 naive/cfar power_one_sided 1.000/1.000 power_two_sided 1.000/1.000 kurtosis 0.918/0.918 spec_cnn 1.000/1.000  (11s)
    JSR  -10.0 dB  BER 0.00e+00  PER 0.000  P(det)@0.05 naive/cfar power_one_sided 1.000/1.000 power_two_sided 1.000/1.000 kurtosis 0.979/0.979 spec_cnn 1.000/1.000  (12s)
    JSR   -9.0 dB  BER 0.00e+00  PER 0.000  P(det)@0.05 naive/cfar power_one_sided 1.000/1.000 power_two_sided 1.000/1.000 kurtosis 0.998/0.998 spec_cnn 1.000/1.000  (12s)
    JSR   -8.0 dB  BER 0.00e+00  PER 0.000  P(det)@0.05 naive/cfar power_one_sided 1.000/1.000 power_two_sided 1.000/1.000 kurtosis 1.000/1.000 spec_cnn 1.000/1.000  (12s)
    JSR   -7.0 dB  BER 0.00e+00  PER 0.000  P(det)@0.05 naive/cfar power_one_sided 1.000/1.000 power_two_sided 1.000/1.000 kurtosis 1.000/1.000 spec_cnn 1.000/1.000  (12s)
    JSR   -6.0 dB  BER 3.89e-04  PER 0.100  P(det)@0.05 naive/cfar power_one_sided 1.000/1.000 power_two_sided 1.000/1.000 kurtosis 1.000/1.000 spec_cnn 1.000/1.000  (13s)
    JSR   -5.0 dB  BER 7.63e-04  PER 0.195  P(det)@0.05 naive/cfar power_one_sided 1.000/1.000 power_two_sided 1.000/1.000 kurtosis 1.000/1.000 spec_cnn 1.000/1.000  (13s)
    JSR   -4.0 dB  BER 1.10e-03  PER 0.281  P(det)@0.05 naive/cfar power_one_sided 1.000/1.000 power_two_sided 1.000/1.000 kurtosis 1.000/1.000 spec_cnn 1.000/1.000  (13s)
    JSR   -3.0 dB  BER 1.37e-03  PER 0.352  P(det)@0.05 naive/cfar power_one_sided 1.000/1.000 power_two_sided 1.000/1.000 kurtosis 1.000/1.000 spec_cnn 1.000/1.000  (14s)
    JSR   -2.0 dB  BER 1.96e-03  PER 0.451  P(det)@0.05 naive/cfar power_one_sided 1.000/1.000 power_two_sided 1.000/1.000 kurtosis 1.000/1.000 spec_cnn 1.000/1.000  (14s)
    JSR   -1.0 dB  BER 2.88e-03  PER 0.600  P(det)@0.05 naive/cfar power_one_sided 1.000/1.000 power_two_sided 1.000/1.000 kurtosis 1.000/1.000 spec_cnn 1.000/1.000  (14s)
    JSR   +0.0 dB  BER 4.28e-03  PER 0.752  P(det)@0.05 naive/cfar power_one_sided 1.000/1.000 power_two_sided 1.000/1.000 kurtosis 0.994/0.994 spec_cnn 1.000/1.000  (14s)
    JSR   +1.0 dB  BER 7.86e-03  PER 0.896  P(det)@0.05 naive/cfar power_one_sided 1.000/1.000 power_two_sided 1.000/1.000 kurtosis 0.947/0.947 spec_cnn 1.000/1.000  (15s)
    JSR   +2.0 dB  BER 1.49e-02  PER 0.982  P(det)@0.05 naive/cfar power_one_sided 1.000/1.000 power_two_sided 1.000/1.000 kurtosis 0.791/0.791 spec_cnn 1.000/1.000  (15s)
    JSR   +3.0 dB  BER 2.74e-02  PER 0.998  P(det)@0.05 naive/cfar power_one_sided 1.000/1.000 power_two_sided 1.000/1.000 kurtosis 0.697/0.697 spec_cnn 1.000/1.000  (15s)
    JSR   +4.0 dB  BER 4.45e-02  PER 1.000  P(det)@0.05 naive/cfar power_one_sided 1.000/1.000 power_two_sided 1.000/1.000 kurtosis 0.756/0.756 spec_cnn 1.000/1.000  (16s)
    JSR   +5.0 dB  BER 6.52e-02  PER 1.000  P(det)@0.05 naive/cfar power_one_sided 1.000/1.000 power_two_sided 1.000/1.000 kurtosis 0.844/0.844 spec_cnn 1.000/1.000  (16s)
    JSR   +6.0 dB  BER 8.76e-02  PER 1.000  P(det)@0.05 naive/cfar power_one_sided 1.000/1.000 power_two_sided 1.000/1.000 kurtosis 0.828/0.828 spec_cnn 1.000/1.000  (16s)
    JSR   +7.0 dB  BER 1.11e-01  PER 1.000  P(det)@0.05 naive/cfar power_one_sided 1.000/1.000 power_two_sided 1.000/1.000 kurtosis 0.848/0.848 spec_cnn 1.000/1.000  (16s)
    JSR   +8.0 dB  BER 1.40e-01  PER 1.000  P(det)@0.05 naive/cfar power_one_sided 1.000/1.000 power_two_sided 1.000/1.000 kurtosis 0.875/0.875 spec_cnn 1.000/1.000  (17s)
    JSR   +9.0 dB  BER 1.70e-01  PER 1.000  P(det)@0.05 naive/cfar power_one_sided 1.000/1.000 power_two_sided 1.000/1.000 kurtosis 0.875/0.875 spec_cnn 1.000/1.000  (17s)
    JSR  +10.0 dB  BER 1.97e-01  PER 1.000  P(det)@0.05 naive/cfar power_one_sided 1.000/1.000 power_two_sided 1.000/1.000 kurtosis 0.881/0.881 spec_cnn 1.000/1.000  (17s)
    JSR  +11.0 dB  BER 2.23e-01  PER 1.000  P(det)@0.05 naive/cfar power_one_sided 1.000/1.000 power_two_sided 1.000/1.000 kurtosis 0.869/0.869 spec_cnn 1.000/1.000  (18s)
    JSR  +12.0 dB  BER 2.51e-01  PER 1.000  P(det)@0.05 naive/cfar power_one_sided 1.000/1.000 power_two_sided 1.000/1.000 kurtosis 0.881/0.881 spec_cnn 1.000/1.000  (18s)
    JSR  +13.0 dB  BER 2.74e-01  PER 1.000  P(det)@0.05 naive/cfar power_one_sided 1.000/1.000 power_two_sided 1.000/1.000 kurtosis 0.879/0.879 spec_cnn 1.000/1.000  (18s)
    JSR  +14.0 dB  BER 2.96e-01  PER 1.000  P(det)@0.05 naive/cfar power_one_sided 1.000/1.000 power_two_sided 1.000/1.000 kurtosis 0.877/0.877 spec_cnn 1.000/1.000  (18s)
    JSR  +15.0 dB  BER 3.17e-01  PER 1.000  P(det)@0.05 naive/cfar power_one_sided 1.000/1.000 power_two_sided 1.000/1.000 kurtosis 0.871/0.871 spec_cnn 1.000/1.000  (19s)
  [snr_30_unc_0] spec_cnn_b1000 done (1374s)
  [snr_30_unc_0] generator spec_cnn_b10000 (scale 1.0000)
    JSR  -50.0 dB  BER 0.00e+00  PER 0.000  P(det)@0.05 naive/cfar power_one_sided 0.061/0.061 power_two_sided 0.053/0.053 kurtosis 0.055/0.055 spec_cnn 0.066/0.066  (0s)
    JSR  -49.0 dB  BER 0.00e+00  PER 0.000  P(det)@0.05 naive/cfar power_one_sided 0.068/0.068 power_two_sided 0.066/0.066 kurtosis 0.039/0.039 spec_cnn 0.051/0.051  (1s)
    JSR  -48.0 dB  BER 0.00e+00  PER 0.000  P(det)@0.05 naive/cfar power_one_sided 0.072/0.072 power_two_sided 0.049/0.049 kurtosis 0.051/0.051 spec_cnn 0.051/0.051  (1s)
    JSR  -47.0 dB  BER 0.00e+00  PER 0.000  P(det)@0.05 naive/cfar power_one_sided 0.051/0.051 power_two_sided 0.045/0.045 kurtosis 0.051/0.051 spec_cnn 0.057/0.057  (1s)
    JSR  -46.0 dB  BER 0.00e+00  PER 0.000  P(det)@0.05 naive/cfar power_one_sided 0.061/0.061 power_two_sided 0.062/0.062 kurtosis 0.043/0.043 spec_cnn 0.049/0.049  (1s)
    JSR  -45.0 dB  BER 0.00e+00  PER 0.000  P(det)@0.05 naive/cfar power_one_sided 0.053/0.053 power_two_sided 0.055/0.055 kurtosis 0.057/0.057 spec_cnn 0.055/0.055  (2s)
    JSR  -44.0 dB  BER 0.00e+00  PER 0.000  P(det)@0.05 naive/cfar power_one_sided 0.078/0.078 power_two_sided 0.070/0.070 kurtosis 0.037/0.037 spec_cnn 0.041/0.041  (2s)
    JSR  -43.0 dB  BER 0.00e+00  PER 0.000  P(det)@0.05 naive/cfar power_one_sided 0.053/0.053 power_two_sided 0.068/0.068 kurtosis 0.039/0.039 spec_cnn 0.051/0.051  (2s)
    JSR  -42.0 dB  BER 0.00e+00  PER 0.000  P(det)@0.05 naive/cfar power_one_sided 0.061/0.061 power_two_sided 0.055/0.055 kurtosis 0.059/0.059 spec_cnn 0.049/0.049  (3s)
    JSR  -41.0 dB  BER 0.00e+00  PER 0.000  P(det)@0.05 naive/cfar power_one_sided 0.072/0.072 power_two_sided 0.059/0.059 kurtosis 0.061/0.061 spec_cnn 0.041/0.041  (3s)
    JSR  -40.0 dB  BER 0.00e+00  PER 0.000  P(det)@0.05 naive/cfar power_one_sided 0.066/0.066 power_two_sided 0.062/0.062 kurtosis 0.047/0.047 spec_cnn 0.066/0.066  (3s)
    JSR  -39.0 dB  BER 0.00e+00  PER 0.000  P(det)@0.05 naive/cfar power_one_sided 0.076/0.076 power_two_sided 0.059/0.059 kurtosis 0.051/0.051 spec_cnn 0.045/0.045  (3s)
    JSR  -38.0 dB  BER 0.00e+00  PER 0.000  P(det)@0.05 naive/cfar power_one_sided 0.078/0.078 power_two_sided 0.068/0.068 kurtosis 0.027/0.027 spec_cnn 0.072/0.072  (4s)
    JSR  -37.0 dB  BER 0.00e+00  PER 0.000  P(det)@0.05 naive/cfar power_one_sided 0.105/0.105 power_two_sided 0.082/0.082 kurtosis 0.045/0.045 spec_cnn 0.049/0.049  (4s)
    JSR  -36.0 dB  BER 0.00e+00  PER 0.000  P(det)@0.05 naive/cfar power_one_sided 0.098/0.098 power_two_sided 0.072/0.072 kurtosis 0.033/0.033 spec_cnn 0.064/0.064  (4s)
    JSR  -35.0 dB  BER 0.00e+00  PER 0.000  P(det)@0.05 naive/cfar power_one_sided 0.113/0.113 power_two_sided 0.092/0.092 kurtosis 0.070/0.070 spec_cnn 0.055/0.055  (5s)
    JSR  -34.0 dB  BER 0.00e+00  PER 0.000  P(det)@0.05 naive/cfar power_one_sided 0.129/0.129 power_two_sided 0.123/0.123 kurtosis 0.029/0.029 spec_cnn 0.072/0.072  (5s)
    JSR  -33.0 dB  BER 0.00e+00  PER 0.000  P(det)@0.05 naive/cfar power_one_sided 0.162/0.162 power_two_sided 0.146/0.146 kurtosis 0.049/0.049 spec_cnn 0.064/0.064  (5s)
    JSR  -32.0 dB  BER 0.00e+00  PER 0.000  P(det)@0.05 naive/cfar power_one_sided 0.219/0.219 power_two_sided 0.166/0.166 kurtosis 0.043/0.043 spec_cnn 0.074/0.074  (5s)
    JSR  -31.0 dB  BER 0.00e+00  PER 0.000  P(det)@0.05 naive/cfar power_one_sided 0.244/0.244 power_two_sided 0.191/0.191 kurtosis 0.053/0.053 spec_cnn 0.086/0.086  (6s)
    JSR  -30.0 dB  BER 0.00e+00  PER 0.000  P(det)@0.05 naive/cfar power_one_sided 0.330/0.330 power_two_sided 0.268/0.268 kurtosis 0.035/0.035 spec_cnn 0.102/0.102  (6s)
    JSR  -29.0 dB  BER 0.00e+00  PER 0.000  P(det)@0.05 naive/cfar power_one_sided 0.359/0.359 power_two_sided 0.285/0.285 kurtosis 0.041/0.041 spec_cnn 0.109/0.109  (6s)
    JSR  -28.0 dB  BER 0.00e+00  PER 0.000  P(det)@0.05 naive/cfar power_one_sided 0.465/0.465 power_two_sided 0.410/0.410 kurtosis 0.039/0.039 spec_cnn 0.131/0.131  (6s)
    JSR  -27.0 dB  BER 0.00e+00  PER 0.000  P(det)@0.05 naive/cfar power_one_sided 0.510/0.510 power_two_sided 0.469/0.469 kurtosis 0.053/0.053 spec_cnn 0.186/0.186  (7s)
    JSR  -26.0 dB  BER 0.00e+00  PER 0.000  P(det)@0.05 naive/cfar power_one_sided 0.602/0.602 power_two_sided 0.555/0.555 kurtosis 0.047/0.047 spec_cnn 0.344/0.344  (7s)
    JSR  -25.0 dB  BER 0.00e+00  PER 0.000  P(det)@0.05 naive/cfar power_one_sided 0.732/0.732 power_two_sided 0.686/0.686 kurtosis 0.066/0.066 spec_cnn 0.564/0.564  (7s)
    JSR  -24.0 dB  BER 0.00e+00  PER 0.000  P(det)@0.05 naive/cfar power_one_sided 0.770/0.770 power_two_sided 0.758/0.758 kurtosis 0.064/0.064 spec_cnn 0.789/0.789  (8s)
    JSR  -23.0 dB  BER 0.00e+00  PER 0.000  P(det)@0.05 naive/cfar power_one_sided 0.865/0.865 power_two_sided 0.842/0.842 kurtosis 0.080/0.080 spec_cnn 0.955/0.955  (8s)
    JSR  -22.0 dB  BER 0.00e+00  PER 0.000  P(det)@0.05 naive/cfar power_one_sided 0.922/0.922 power_two_sided 0.906/0.906 kurtosis 0.051/0.051 spec_cnn 0.988/0.988  (8s)
    JSR  -21.0 dB  BER 0.00e+00  PER 0.000  P(det)@0.05 naive/cfar power_one_sided 0.941/0.941 power_two_sided 0.928/0.928 kurtosis 0.068/0.068 spec_cnn 0.998/0.998  (8s)
    JSR  -20.0 dB  BER 0.00e+00  PER 0.000  P(det)@0.05 naive/cfar power_one_sided 0.982/0.982 power_two_sided 0.977/0.977 kurtosis 0.068/0.068 spec_cnn 1.000/1.000  (9s)
    JSR  -19.0 dB  BER 0.00e+00  PER 0.000  P(det)@0.05 naive/cfar power_one_sided 0.996/0.996 power_two_sided 0.996/0.996 kurtosis 0.096/0.096 spec_cnn 1.000/1.000  (9s)
    JSR  -18.0 dB  BER 0.00e+00  PER 0.000  P(det)@0.05 naive/cfar power_one_sided 0.998/0.998 power_two_sided 0.998/0.998 kurtosis 0.113/0.113 spec_cnn 1.000/1.000  (9s)
    JSR  -17.0 dB  BER 0.00e+00  PER 0.000  P(det)@0.05 naive/cfar power_one_sided 0.998/0.998 power_two_sided 0.998/0.998 kurtosis 0.137/0.137 spec_cnn 1.000/1.000  (10s)
    JSR  -16.0 dB  BER 0.00e+00  PER 0.000  P(det)@0.05 naive/cfar power_one_sided 1.000/1.000 power_two_sided 1.000/1.000 kurtosis 0.209/0.209 spec_cnn 1.000/1.000  (10s)
    JSR  -15.0 dB  BER 0.00e+00  PER 0.000  P(det)@0.05 naive/cfar power_one_sided 1.000/1.000 power_two_sided 1.000/1.000 kurtosis 0.256/0.256 spec_cnn 1.000/1.000  (10s)
    JSR  -14.0 dB  BER 0.00e+00  PER 0.000  P(det)@0.05 naive/cfar power_one_sided 1.000/1.000 power_two_sided 1.000/1.000 kurtosis 0.410/0.410 spec_cnn 1.000/1.000  (10s)
    JSR  -13.0 dB  BER 0.00e+00  PER 0.000  P(det)@0.05 naive/cfar power_one_sided 1.000/1.000 power_two_sided 1.000/1.000 kurtosis 0.574/0.574 spec_cnn 1.000/1.000  (11s)
    JSR  -12.0 dB  BER 0.00e+00  PER 0.000  P(det)@0.05 naive/cfar power_one_sided 1.000/1.000 power_two_sided 1.000/1.000 kurtosis 0.742/0.742 spec_cnn 1.000/1.000  (11s)
    JSR  -11.0 dB  BER 0.00e+00  PER 0.000  P(det)@0.05 naive/cfar power_one_sided 1.000/1.000 power_two_sided 1.000/1.000 kurtosis 0.900/0.900 spec_cnn 1.000/1.000  (11s)
    JSR  -10.0 dB  BER 0.00e+00  PER 0.000  P(det)@0.05 naive/cfar power_one_sided 1.000/1.000 power_two_sided 1.000/1.000 kurtosis 0.975/0.975 spec_cnn 1.000/1.000  (12s)
    JSR   -9.0 dB  BER 0.00e+00  PER 0.000  P(det)@0.05 naive/cfar power_one_sided 1.000/1.000 power_two_sided 1.000/1.000 kurtosis 0.996/0.996 spec_cnn 1.000/1.000  (12s)
    JSR   -8.0 dB  BER 0.00e+00  PER 0.000  P(det)@0.05 naive/cfar power_one_sided 1.000/1.000 power_two_sided 1.000/1.000 kurtosis 1.000/1.000 spec_cnn 1.000/1.000  (12s)
    JSR   -7.0 dB  BER 0.00e+00  PER 0.000  P(det)@0.05 naive/cfar power_one_sided 1.000/1.000 power_two_sided 1.000/1.000 kurtosis 1.000/1.000 spec_cnn 1.000/1.000  (12s)
    JSR   -6.0 dB  BER 5.34e-05  PER 0.014  P(det)@0.05 naive/cfar power_one_sided 1.000/1.000 power_two_sided 1.000/1.000 kurtosis 1.000/1.000 spec_cnn 1.000/1.000  (13s)
    JSR   -5.0 dB  BER 5.19e-04  PER 0.133  P(det)@0.05 naive/cfar power_one_sided 1.000/1.000 power_two_sided 1.000/1.000 kurtosis 1.000/1.000 spec_cnn 1.000/1.000  (13s)
    JSR   -4.0 dB  BER 8.39e-04  PER 0.215  P(det)@0.05 naive/cfar power_one_sided 1.000/1.000 power_two_sided 1.000/1.000 kurtosis 1.000/1.000 spec_cnn 1.000/1.000  (13s)
    JSR   -3.0 dB  BER 1.15e-03  PER 0.295  P(det)@0.05 naive/cfar power_one_sided 1.000/1.000 power_two_sided 1.000/1.000 kurtosis 1.000/1.000 spec_cnn 1.000/1.000  (14s)
    JSR   -2.0 dB  BER 1.62e-03  PER 0.402  P(det)@0.05 naive/cfar power_one_sided 1.000/1.000 power_two_sided 1.000/1.000 kurtosis 1.000/1.000 spec_cnn 1.000/1.000  (14s)
    JSR   -1.0 dB  BER 2.67e-03  PER 0.588  P(det)@0.05 naive/cfar power_one_sided 1.000/1.000 power_two_sided 1.000/1.000 kurtosis 1.000/1.000 spec_cnn 1.000/1.000  (14s)
    JSR   +0.0 dB  BER 5.23e-03  PER 0.824  P(det)@0.05 naive/cfar power_one_sided 1.000/1.000 power_two_sided 1.000/1.000 kurtosis 1.000/1.000 spec_cnn 1.000/1.000  (14s)
    JSR   +1.0 dB  BER 9.83e-03  PER 0.955  P(det)@0.05 naive/cfar power_one_sided 1.000/1.000 power_two_sided 1.000/1.000 kurtosis 0.943/0.943 spec_cnn 1.000/1.000  (15s)
    JSR   +2.0 dB  BER 1.71e-02  PER 1.000  P(det)@0.05 naive/cfar power_one_sided 1.000/1.000 power_two_sided 1.000/1.000 kurtosis 0.725/0.725 spec_cnn 1.000/1.000  (15s)
    JSR   +3.0 dB  BER 2.78e-02  PER 1.000  P(det)@0.05 naive/cfar power_one_sided 1.000/1.000 power_two_sided 1.000/1.000 kurtosis 0.645/0.645 spec_cnn 1.000/1.000  (15s)
    JSR   +4.0 dB  BER 4.15e-02  PER 1.000  P(det)@0.05 naive/cfar power_one_sided 1.000/1.000 power_two_sided 1.000/1.000 kurtosis 0.799/0.799 spec_cnn 1.000/1.000  (16s)
    JSR   +5.0 dB  BER 5.98e-02  PER 1.000  P(det)@0.05 naive/cfar power_one_sided 1.000/1.000 power_two_sided 1.000/1.000 kurtosis 0.807/0.807 spec_cnn 1.000/1.000  (16s)
    JSR   +6.0 dB  BER 8.26e-02  PER 1.000  P(det)@0.05 naive/cfar power_one_sided 1.000/1.000 power_two_sided 1.000/1.000 kurtosis 0.871/0.871 spec_cnn 1.000/1.000  (16s)
    JSR   +7.0 dB  BER 1.07e-01  PER 1.000  P(det)@0.05 naive/cfar power_one_sided 1.000/1.000 power_two_sided 1.000/1.000 kurtosis 0.869/0.869 spec_cnn 1.000/1.000  (16s)
    JSR   +8.0 dB  BER 1.34e-01  PER 1.000  P(det)@0.05 naive/cfar power_one_sided 1.000/1.000 power_two_sided 1.000/1.000 kurtosis 0.869/0.869 spec_cnn 1.000/1.000  (17s)
    JSR   +9.0 dB  BER 1.61e-01  PER 1.000  P(det)@0.05 naive/cfar power_one_sided 1.000/1.000 power_two_sided 1.000/1.000 kurtosis 0.873/0.873 spec_cnn 1.000/1.000  (17s)
    JSR  +10.0 dB  BER 1.85e-01  PER 1.000  P(det)@0.05 naive/cfar power_one_sided 1.000/1.000 power_two_sided 1.000/1.000 kurtosis 0.871/0.871 spec_cnn 1.000/1.000  (17s)
    JSR  +11.0 dB  BER 2.11e-01  PER 1.000  P(det)@0.05 naive/cfar power_one_sided 1.000/1.000 power_two_sided 1.000/1.000 kurtosis 0.861/0.861 spec_cnn 1.000/1.000  (17s)
    JSR  +12.0 dB  BER 2.35e-01  PER 1.000  P(det)@0.05 naive/cfar power_one_sided 1.000/1.000 power_two_sided 1.000/1.000 kurtosis 0.873/0.873 spec_cnn 1.000/1.000  (18s)
    JSR  +13.0 dB  BER 2.62e-01  PER 1.000  P(det)@0.05 naive/cfar power_one_sided 1.000/1.000 power_two_sided 1.000/1.000 kurtosis 0.875/0.875 spec_cnn 1.000/1.000  (18s)
    JSR  +14.0 dB  BER 2.85e-01  PER 1.000  P(det)@0.05 naive/cfar power_one_sided 1.000/1.000 power_two_sided 1.000/1.000 kurtosis 0.893/0.893 spec_cnn 1.000/1.000  (18s)
    JSR  +15.0 dB  BER 3.07e-01  PER 1.000  P(det)@0.05 naive/cfar power_one_sided 1.000/1.000 power_two_sided 1.000/1.000 kurtosis 0.889/0.889 spec_cnn 1.000/1.000  (19s)
  [snr_30_unc_0] spec_cnn_b10000 done (1429s)
  [snr_30_unc_0] generator spec_cnn_b100000 (scale 1.0000)
    JSR  -50.0 dB  BER 0.00e+00  PER 0.000  P(det)@0.05 naive/cfar power_one_sided 0.066/0.066 power_two_sided 0.068/0.068 kurtosis 0.051/0.051 spec_cnn 0.045/0.045  (0s)
    JSR  -49.0 dB  BER 0.00e+00  PER 0.000  P(det)@0.05 naive/cfar power_one_sided 0.068/0.068 power_two_sided 0.049/0.049 kurtosis 0.049/0.049 spec_cnn 0.031/0.031  (1s)
    JSR  -48.0 dB  BER 0.00e+00  PER 0.000  P(det)@0.05 naive/cfar power_one_sided 0.041/0.041 power_two_sided 0.053/0.053 kurtosis 0.066/0.066 spec_cnn 0.041/0.041  (1s)
    JSR  -47.0 dB  BER 0.00e+00  PER 0.000  P(det)@0.05 naive/cfar power_one_sided 0.061/0.061 power_two_sided 0.068/0.068 kurtosis 0.057/0.057 spec_cnn 0.049/0.049  (1s)
    JSR  -46.0 dB  BER 0.00e+00  PER 0.000  P(det)@0.05 naive/cfar power_one_sided 0.064/0.064 power_two_sided 0.061/0.061 kurtosis 0.043/0.043 spec_cnn 0.059/0.059  (1s)
    JSR  -45.0 dB  BER 0.00e+00  PER 0.000  P(det)@0.05 naive/cfar power_one_sided 0.070/0.070 power_two_sided 0.072/0.072 kurtosis 0.064/0.064 spec_cnn 0.051/0.051  (2s)
    JSR  -44.0 dB  BER 0.00e+00  PER 0.000  P(det)@0.05 naive/cfar power_one_sided 0.074/0.074 power_two_sided 0.068/0.068 kurtosis 0.053/0.053 spec_cnn 0.025/0.025  (2s)
    JSR  -43.0 dB  BER 0.00e+00  PER 0.000  P(det)@0.05 naive/cfar power_one_sided 0.074/0.074 power_two_sided 0.061/0.061 kurtosis 0.047/0.047 spec_cnn 0.043/0.043  (2s)
    JSR  -42.0 dB  BER 0.00e+00  PER 0.000  P(det)@0.05 naive/cfar power_one_sided 0.062/0.062 power_two_sided 0.057/0.057 kurtosis 0.049/0.049 spec_cnn 0.043/0.043  (3s)
    JSR  -41.0 dB  BER 0.00e+00  PER 0.000  P(det)@0.05 naive/cfar power_one_sided 0.070/0.070 power_two_sided 0.057/0.057 kurtosis 0.045/0.045 spec_cnn 0.047/0.047  (3s)
    JSR  -40.0 dB  BER 0.00e+00  PER 0.000  P(det)@0.05 naive/cfar power_one_sided 0.068/0.068 power_two_sided 0.066/0.066 kurtosis 0.051/0.051 spec_cnn 0.047/0.047  (3s)
    JSR  -39.0 dB  BER 0.00e+00  PER 0.000  P(det)@0.05 naive/cfar power_one_sided 0.059/0.059 power_two_sided 0.047/0.047 kurtosis 0.055/0.055 spec_cnn 0.035/0.035  (3s)
    JSR  -38.0 dB  BER 0.00e+00  PER 0.000  P(det)@0.05 naive/cfar power_one_sided 0.107/0.107 power_two_sided 0.076/0.076 kurtosis 0.041/0.041 spec_cnn 0.043/0.043  (4s)
    JSR  -37.0 dB  BER 0.00e+00  PER 0.000  P(det)@0.05 naive/cfar power_one_sided 0.090/0.090 power_two_sided 0.066/0.066 kurtosis 0.041/0.041 spec_cnn 0.047/0.047  (4s)
    JSR  -36.0 dB  BER 0.00e+00  PER 0.000  P(det)@0.05 naive/cfar power_one_sided 0.109/0.109 power_two_sided 0.090/0.090 kurtosis 0.045/0.045 spec_cnn 0.035/0.035  (4s)
    JSR  -35.0 dB  BER 0.00e+00  PER 0.000  P(det)@0.05 naive/cfar power_one_sided 0.082/0.082 power_two_sided 0.080/0.080 kurtosis 0.049/0.049 spec_cnn 0.066/0.066  (5s)
    JSR  -34.0 dB  BER 0.00e+00  PER 0.000  P(det)@0.05 naive/cfar power_one_sided 0.172/0.172 power_two_sided 0.145/0.145 kurtosis 0.045/0.045 spec_cnn 0.061/0.061  (5s)
    JSR  -33.0 dB  BER 0.00e+00  PER 0.000  P(det)@0.05 naive/cfar power_one_sided 0.184/0.184 power_two_sided 0.127/0.127 kurtosis 0.047/0.047 spec_cnn 0.049/0.049  (5s)
    JSR  -32.0 dB  BER 0.00e+00  PER 0.000  P(det)@0.05 naive/cfar power_one_sided 0.215/0.215 power_two_sided 0.188/0.188 kurtosis 0.045/0.045 spec_cnn 0.059/0.059  (5s)
    JSR  -31.0 dB  BER 0.00e+00  PER 0.000  P(det)@0.05 naive/cfar power_one_sided 0.234/0.234 power_two_sided 0.184/0.184 kurtosis 0.049/0.049 spec_cnn 0.068/0.068  (6s)
    JSR  -30.0 dB  BER 0.00e+00  PER 0.000  P(det)@0.05 naive/cfar power_one_sided 0.297/0.297 power_two_sided 0.264/0.264 kurtosis 0.047/0.047 spec_cnn 0.080/0.080  (6s)
    JSR  -29.0 dB  BER 0.00e+00  PER 0.000  P(det)@0.05 naive/cfar power_one_sided 0.350/0.350 power_two_sided 0.283/0.283 kurtosis 0.066/0.066 spec_cnn 0.109/0.109  (6s)
    JSR  -28.0 dB  BER 0.00e+00  PER 0.000  P(det)@0.05 naive/cfar power_one_sided 0.383/0.383 power_two_sided 0.324/0.324 kurtosis 0.051/0.051 spec_cnn 0.145/0.145  (6s)
    JSR  -27.0 dB  BER 0.00e+00  PER 0.000  P(det)@0.05 naive/cfar power_one_sided 0.498/0.498 power_two_sided 0.459/0.459 kurtosis 0.039/0.039 spec_cnn 0.211/0.211  (7s)
    JSR  -26.0 dB  BER 0.00e+00  PER 0.000  P(det)@0.05 naive/cfar power_one_sided 0.639/0.639 power_two_sided 0.607/0.607 kurtosis 0.047/0.047 spec_cnn 0.355/0.355  (7s)
    JSR  -25.0 dB  BER 0.00e+00  PER 0.000  P(det)@0.05 naive/cfar power_one_sided 0.688/0.688 power_two_sided 0.652/0.652 kurtosis 0.047/0.047 spec_cnn 0.611/0.611  (7s)
    JSR  -24.0 dB  BER 0.00e+00  PER 0.000  P(det)@0.05 naive/cfar power_one_sided 0.816/0.816 power_two_sided 0.789/0.789 kurtosis 0.066/0.066 spec_cnn 0.814/0.814  (8s)
    JSR  -23.0 dB  BER 0.00e+00  PER 0.000  P(det)@0.05 naive/cfar power_one_sided 0.896/0.896 power_two_sided 0.873/0.873 kurtosis 0.059/0.059 spec_cnn 0.951/0.951  (8s)
    JSR  -22.0 dB  BER 0.00e+00  PER 0.000  P(det)@0.05 naive/cfar power_one_sided 0.930/0.930 power_two_sided 0.904/0.904 kurtosis 0.062/0.062 spec_cnn 0.996/0.996  (8s)
    JSR  -21.0 dB  BER 0.00e+00  PER 0.000  P(det)@0.05 naive/cfar power_one_sided 0.971/0.971 power_two_sided 0.961/0.961 kurtosis 0.061/0.061 spec_cnn 1.000/1.000  (8s)
    JSR  -20.0 dB  BER 0.00e+00  PER 0.000  P(det)@0.05 naive/cfar power_one_sided 0.980/0.980 power_two_sided 0.975/0.975 kurtosis 0.070/0.070 spec_cnn 1.000/1.000  (9s)
    JSR  -19.0 dB  BER 0.00e+00  PER 0.000  P(det)@0.05 naive/cfar power_one_sided 0.998/0.998 power_two_sided 0.996/0.996 kurtosis 0.078/0.078 spec_cnn 1.000/1.000  (9s)
    JSR  -18.0 dB  BER 0.00e+00  PER 0.000  P(det)@0.05 naive/cfar power_one_sided 0.998/0.998 power_two_sided 0.998/0.998 kurtosis 0.098/0.098 spec_cnn 1.000/1.000  (9s)
    JSR  -17.0 dB  BER 0.00e+00  PER 0.000  P(det)@0.05 naive/cfar power_one_sided 0.998/0.998 power_two_sided 0.998/0.998 kurtosis 0.148/0.148 spec_cnn 1.000/1.000  (10s)
    JSR  -16.0 dB  BER 0.00e+00  PER 0.000  P(det)@0.05 naive/cfar power_one_sided 1.000/1.000 power_two_sided 1.000/1.000 kurtosis 0.160/0.160 spec_cnn 1.000/1.000  (10s)
    JSR  -15.0 dB  BER 0.00e+00  PER 0.000  P(det)@0.05 naive/cfar power_one_sided 1.000/1.000 power_two_sided 1.000/1.000 kurtosis 0.283/0.283 spec_cnn 1.000/1.000  (10s)
    JSR  -14.0 dB  BER 0.00e+00  PER 0.000  P(det)@0.05 naive/cfar power_one_sided 1.000/1.000 power_two_sided 1.000/1.000 kurtosis 0.416/0.416 spec_cnn 1.000/1.000  (10s)
    JSR  -13.0 dB  BER 0.00e+00  PER 0.000  P(det)@0.05 naive/cfar power_one_sided 1.000/1.000 power_two_sided 1.000/1.000 kurtosis 0.527/0.527 spec_cnn 1.000/1.000  (11s)
    JSR  -12.0 dB  BER 0.00e+00  PER 0.000  P(det)@0.05 naive/cfar power_one_sided 1.000/1.000 power_two_sided 1.000/1.000 kurtosis 0.750/0.750 spec_cnn 1.000/1.000  (11s)
    JSR  -11.0 dB  BER 0.00e+00  PER 0.000  P(det)@0.05 naive/cfar power_one_sided 1.000/1.000 power_two_sided 1.000/1.000 kurtosis 0.877/0.877 spec_cnn 1.000/1.000  (11s)
    JSR  -10.0 dB  BER 0.00e+00  PER 0.000  P(det)@0.05 naive/cfar power_one_sided 1.000/1.000 power_two_sided 1.000/1.000 kurtosis 0.969/0.969 spec_cnn 1.000/1.000  (12s)
    JSR   -9.0 dB  BER 0.00e+00  PER 0.000  P(det)@0.05 naive/cfar power_one_sided 1.000/1.000 power_two_sided 1.000/1.000 kurtosis 0.996/0.996 spec_cnn 1.000/1.000  (12s)
    JSR   -8.0 dB  BER 0.00e+00  PER 0.000  P(det)@0.05 naive/cfar power_one_sided 1.000/1.000 power_two_sided 1.000/1.000 kurtosis 1.000/1.000 spec_cnn 1.000/1.000  (12s)
    JSR   -7.0 dB  BER 0.00e+00  PER 0.000  P(det)@0.05 naive/cfar power_one_sided 1.000/1.000 power_two_sided 1.000/1.000 kurtosis 1.000/1.000 spec_cnn 1.000/1.000  (12s)
    JSR   -6.0 dB  BER 0.00e+00  PER 0.000  P(det)@0.05 naive/cfar power_one_sided 1.000/1.000 power_two_sided 1.000/1.000 kurtosis 1.000/1.000 spec_cnn 1.000/1.000  (13s)
    JSR   -5.0 dB  BER 0.00e+00  PER 0.000  P(det)@0.05 naive/cfar power_one_sided 1.000/1.000 power_two_sided 1.000/1.000 kurtosis 1.000/1.000 spec_cnn 1.000/1.000  (13s)
    JSR   -4.0 dB  BER 0.00e+00  PER 0.000  P(det)@0.05 naive/cfar power_one_sided 1.000/1.000 power_two_sided 1.000/1.000 kurtosis 1.000/1.000 spec_cnn 1.000/1.000  (13s)
    JSR   -3.0 dB  BER 0.00e+00  PER 0.000  P(det)@0.05 naive/cfar power_one_sided 1.000/1.000 power_two_sided 1.000/1.000 kurtosis 1.000/1.000 spec_cnn 1.000/1.000  (14s)
    JSR   -2.0 dB  BER 4.35e-04  PER 0.111  P(det)@0.05 naive/cfar power_one_sided 1.000/1.000 power_two_sided 1.000/1.000 kurtosis 1.000/1.000 spec_cnn 1.000/1.000  (14s)
    JSR   -1.0 dB  BER 1.69e-03  PER 0.340  P(det)@0.05 naive/cfar power_one_sided 1.000/1.000 power_two_sided 1.000/1.000 kurtosis 1.000/1.000 spec_cnn 1.000/1.000  (14s)
    JSR   +0.0 dB  BER 4.56e-03  PER 0.713  P(det)@0.05 naive/cfar power_one_sided 1.000/1.000 power_two_sided 1.000/1.000 kurtosis 0.998/0.998 spec_cnn 1.000/1.000  (14s)
    JSR   +1.0 dB  BER 8.80e-03  PER 0.951  P(det)@0.05 naive/cfar power_one_sided 1.000/1.000 power_two_sided 1.000/1.000 kurtosis 0.916/0.916 spec_cnn 1.000/1.000  (15s)
    JSR   +2.0 dB  BER 1.50e-02  PER 0.986  P(det)@0.05 naive/cfar power_one_sided 1.000/1.000 power_two_sided 1.000/1.000 kurtosis 0.758/0.758 spec_cnn 1.000/1.000  (15s)
    JSR   +3.0 dB  BER 2.42e-02  PER 0.996  P(det)@0.05 naive/cfar power_one_sided 1.000/1.000 power_two_sided 1.000/1.000 kurtosis 0.656/0.656 spec_cnn 1.000/1.000  (15s)
    JSR   +4.0 dB  BER 3.67e-02  PER 1.000  P(det)@0.05 naive/cfar power_one_sided 1.000/1.000 power_two_sided 1.000/1.000 kurtosis 0.797/0.797 spec_cnn 1.000/1.000  (16s)
    JSR   +5.0 dB  BER 5.48e-02  PER 1.000  P(det)@0.05 naive/cfar power_one_sided 1.000/1.000 power_two_sided 1.000/1.000 kurtosis 0.795/0.795 spec_cnn 1.000/1.000  (16s)
    JSR   +6.0 dB  BER 7.55e-02  PER 1.000  P(det)@0.05 naive/cfar power_one_sided 1.000/1.000 power_two_sided 1.000/1.000 kurtosis 0.840/0.840 spec_cnn 1.000/1.000  (16s)
    JSR   +7.0 dB  BER 9.89e-02  PER 1.000  P(det)@0.05 naive/cfar power_one_sided 1.000/1.000 power_two_sided 1.000/1.000 kurtosis 0.855/0.855 spec_cnn 1.000/1.000  (16s)
    JSR   +8.0 dB  BER 1.25e-01  PER 1.000  P(det)@0.05 naive/cfar power_one_sided 1.000/1.000 power_two_sided 1.000/1.000 kurtosis 0.873/0.873 spec_cnn 1.000/1.000  (17s)
    JSR   +9.0 dB  BER 1.52e-01  PER 1.000  P(det)@0.05 naive/cfar power_one_sided 1.000/1.000 power_two_sided 1.000/1.000 kurtosis 0.879/0.879 spec_cnn 1.000/1.000  (17s)
    JSR  +10.0 dB  BER 1.80e-01  PER 1.000  P(det)@0.05 naive/cfar power_one_sided 1.000/1.000 power_two_sided 1.000/1.000 kurtosis 0.865/0.865 spec_cnn 1.000/1.000  (17s)
    JSR  +11.0 dB  BER 2.05e-01  PER 1.000  P(det)@0.05 naive/cfar power_one_sided 1.000/1.000 power_two_sided 1.000/1.000 kurtosis 0.852/0.852 spec_cnn 1.000/1.000  (17s)
    JSR  +12.0 dB  BER 2.32e-01  PER 1.000  P(det)@0.05 naive/cfar power_one_sided 1.000/1.000 power_two_sided 1.000/1.000 kurtosis 0.859/0.859 spec_cnn 1.000/1.000  (18s)
    JSR  +13.0 dB  BER 2.54e-01  PER 1.000  P(det)@0.05 naive/cfar power_one_sided 1.000/1.000 power_two_sided 1.000/1.000 kurtosis 0.846/0.846 spec_cnn 1.000/1.000  (18s)
    JSR  +14.0 dB  BER 2.77e-01  PER 1.000  P(det)@0.05 naive/cfar power_one_sided 1.000/1.000 power_two_sided 1.000/1.000 kurtosis 0.812/0.812 spec_cnn 1.000/1.000  (18s)
    JSR  +15.0 dB  BER 3.01e-01  PER 1.000  P(det)@0.05 naive/cfar power_one_sided 1.000/1.000 power_two_sided 1.000/1.000 kurtosis 0.850/0.850 spec_cnn 1.000/1.000  (19s)
  [snr_30_unc_0] spec_cnn_b100000 done (1484s)
  [snr_30_unc_0] generator spec_cnn_b1e+06 (scale 1.0000)
    JSR  -50.0 dB  BER 0.00e+00  PER 0.000  P(det)@0.05 naive/cfar power_one_sided 0.053/0.053 power_two_sided 0.045/0.045 kurtosis 0.045/0.045 spec_cnn 0.051/0.051  (0s)
    JSR  -49.0 dB  BER 0.00e+00  PER 0.000  P(det)@0.05 naive/cfar power_one_sided 0.047/0.047 power_two_sided 0.053/0.053 kurtosis 0.062/0.062 spec_cnn 0.039/0.039  (1s)
    JSR  -48.0 dB  BER 0.00e+00  PER 0.000  P(det)@0.05 naive/cfar power_one_sided 0.051/0.051 power_two_sided 0.045/0.045 kurtosis 0.066/0.066 spec_cnn 0.041/0.041  (1s)
    JSR  -47.0 dB  BER 0.00e+00  PER 0.000  P(det)@0.05 naive/cfar power_one_sided 0.062/0.062 power_two_sided 0.066/0.066 kurtosis 0.037/0.037 spec_cnn 0.047/0.047  (1s)
    JSR  -46.0 dB  BER 0.00e+00  PER 0.000  P(det)@0.05 naive/cfar power_one_sided 0.051/0.051 power_two_sided 0.045/0.045 kurtosis 0.035/0.035 spec_cnn 0.053/0.053  (1s)
    JSR  -45.0 dB  BER 0.00e+00  PER 0.000  P(det)@0.05 naive/cfar power_one_sided 0.053/0.053 power_two_sided 0.066/0.066 kurtosis 0.055/0.055 spec_cnn 0.053/0.053  (2s)
    JSR  -44.0 dB  BER 0.00e+00  PER 0.000  P(det)@0.05 naive/cfar power_one_sided 0.072/0.072 power_two_sided 0.051/0.051 kurtosis 0.051/0.051 spec_cnn 0.047/0.047  (2s)
    JSR  -43.0 dB  BER 0.00e+00  PER 0.000  P(det)@0.05 naive/cfar power_one_sided 0.051/0.051 power_two_sided 0.055/0.055 kurtosis 0.049/0.049 spec_cnn 0.051/0.051  (2s)
    JSR  -42.0 dB  BER 0.00e+00  PER 0.000  P(det)@0.05 naive/cfar power_one_sided 0.061/0.061 power_two_sided 0.064/0.064 kurtosis 0.039/0.039 spec_cnn 0.047/0.047  (3s)
    JSR  -41.0 dB  BER 0.00e+00  PER 0.000  P(det)@0.05 naive/cfar power_one_sided 0.055/0.055 power_two_sided 0.055/0.055 kurtosis 0.037/0.037 spec_cnn 0.057/0.057  (3s)
    JSR  -40.0 dB  BER 0.00e+00  PER 0.000  P(det)@0.05 naive/cfar power_one_sided 0.084/0.084 power_two_sided 0.096/0.096 kurtosis 0.055/0.055 spec_cnn 0.039/0.039  (3s)
    JSR  -39.0 dB  BER 0.00e+00  PER 0.000  P(det)@0.05 naive/cfar power_one_sided 0.088/0.088 power_two_sided 0.086/0.086 kurtosis 0.049/0.049 spec_cnn 0.047/0.047  (3s)
    JSR  -38.0 dB  BER 0.00e+00  PER 0.000  P(det)@0.05 naive/cfar power_one_sided 0.092/0.092 power_two_sided 0.090/0.090 kurtosis 0.055/0.055 spec_cnn 0.035/0.035  (4s)
    JSR  -37.0 dB  BER 0.00e+00  PER 0.000  P(det)@0.05 naive/cfar power_one_sided 0.107/0.107 power_two_sided 0.098/0.098 kurtosis 0.035/0.035 spec_cnn 0.049/0.049  (4s)
    JSR  -36.0 dB  BER 0.00e+00  PER 0.000  P(det)@0.05 naive/cfar power_one_sided 0.115/0.115 power_two_sided 0.096/0.096 kurtosis 0.037/0.037 spec_cnn 0.051/0.051  (4s)
    JSR  -35.0 dB  BER 0.00e+00  PER 0.000  P(det)@0.05 naive/cfar power_one_sided 0.086/0.086 power_two_sided 0.072/0.072 kurtosis 0.066/0.066 spec_cnn 0.055/0.055  (5s)
    JSR  -34.0 dB  BER 0.00e+00  PER 0.000  P(det)@0.05 naive/cfar power_one_sided 0.143/0.143 power_two_sided 0.107/0.107 kurtosis 0.043/0.043 spec_cnn 0.061/0.061  (5s)
    JSR  -33.0 dB  BER 0.00e+00  PER 0.000  P(det)@0.05 naive/cfar power_one_sided 0.193/0.193 power_two_sided 0.148/0.148 kurtosis 0.047/0.047 spec_cnn 0.059/0.059  (5s)
    JSR  -32.0 dB  BER 0.00e+00  PER 0.000  P(det)@0.05 naive/cfar power_one_sided 0.203/0.203 power_two_sided 0.170/0.170 kurtosis 0.055/0.055 spec_cnn 0.049/0.049  (5s)
    JSR  -31.0 dB  BER 0.00e+00  PER 0.000  P(det)@0.05 naive/cfar power_one_sided 0.275/0.275 power_two_sided 0.219/0.219 kurtosis 0.039/0.039 spec_cnn 0.088/0.088  (6s)
    JSR  -30.0 dB  BER 0.00e+00  PER 0.000  P(det)@0.05 naive/cfar power_one_sided 0.299/0.299 power_two_sided 0.246/0.246 kurtosis 0.033/0.033 spec_cnn 0.061/0.061  (6s)
    JSR  -29.0 dB  BER 0.00e+00  PER 0.000  P(det)@0.05 naive/cfar power_one_sided 0.395/0.395 power_two_sided 0.330/0.330 kurtosis 0.057/0.057 spec_cnn 0.102/0.102  (6s)
    JSR  -28.0 dB  BER 0.00e+00  PER 0.000  P(det)@0.05 naive/cfar power_one_sided 0.436/0.436 power_two_sided 0.369/0.369 kurtosis 0.057/0.057 spec_cnn 0.121/0.121  (6s)
    JSR  -27.0 dB  BER 0.00e+00  PER 0.000  P(det)@0.05 naive/cfar power_one_sided 0.529/0.529 power_two_sided 0.484/0.484 kurtosis 0.039/0.039 spec_cnn 0.184/0.184  (7s)
    JSR  -26.0 dB  BER 0.00e+00  PER 0.000  P(det)@0.05 naive/cfar power_one_sided 0.598/0.598 power_two_sided 0.551/0.551 kurtosis 0.047/0.047 spec_cnn 0.303/0.303  (7s)
    JSR  -25.0 dB  BER 0.00e+00  PER 0.000  P(det)@0.05 naive/cfar power_one_sided 0.686/0.686 power_two_sided 0.660/0.660 kurtosis 0.061/0.061 spec_cnn 0.543/0.543  (7s)
    JSR  -24.0 dB  BER 0.00e+00  PER 0.000  P(det)@0.05 naive/cfar power_one_sided 0.799/0.799 power_two_sided 0.773/0.773 kurtosis 0.059/0.059 spec_cnn 0.785/0.785  (8s)
    JSR  -23.0 dB  BER 0.00e+00  PER 0.000  P(det)@0.05 naive/cfar power_one_sided 0.887/0.887 power_two_sided 0.857/0.857 kurtosis 0.057/0.057 spec_cnn 0.941/0.941  (8s)
    JSR  -22.0 dB  BER 0.00e+00  PER 0.000  P(det)@0.05 naive/cfar power_one_sided 0.920/0.920 power_two_sided 0.910/0.910 kurtosis 0.066/0.066 spec_cnn 0.994/0.994  (8s)
    JSR  -21.0 dB  BER 0.00e+00  PER 0.000  P(det)@0.05 naive/cfar power_one_sided 0.953/0.953 power_two_sided 0.953/0.953 kurtosis 0.059/0.059 spec_cnn 1.000/1.000  (8s)
    JSR  -20.0 dB  BER 0.00e+00  PER 0.000  P(det)@0.05 naive/cfar power_one_sided 0.984/0.984 power_two_sided 0.979/0.979 kurtosis 0.082/0.082 spec_cnn 1.000/1.000  (9s)
    JSR  -19.0 dB  BER 0.00e+00  PER 0.000  P(det)@0.05 naive/cfar power_one_sided 0.988/0.988 power_two_sided 0.988/0.988 kurtosis 0.086/0.086 spec_cnn 1.000/1.000  (9s)
    JSR  -18.0 dB  BER 0.00e+00  PER 0.000  P(det)@0.05 naive/cfar power_one_sided 0.998/0.998 power_two_sided 0.998/0.998 kurtosis 0.094/0.094 spec_cnn 1.000/1.000  (9s)
    JSR  -17.0 dB  BER 0.00e+00  PER 0.000  P(det)@0.05 naive/cfar power_one_sided 1.000/1.000 power_two_sided 1.000/1.000 kurtosis 0.156/0.156 spec_cnn 1.000/1.000  (10s)
    JSR  -16.0 dB  BER 0.00e+00  PER 0.000  P(det)@0.05 naive/cfar power_one_sided 1.000/1.000 power_two_sided 1.000/1.000 kurtosis 0.158/0.158 spec_cnn 1.000/1.000  (10s)
    JSR  -15.0 dB  BER 0.00e+00  PER 0.000  P(det)@0.05 naive/cfar power_one_sided 1.000/1.000 power_two_sided 1.000/1.000 kurtosis 0.293/0.293 spec_cnn 1.000/1.000  (10s)
    JSR  -14.0 dB  BER 0.00e+00  PER 0.000  P(det)@0.05 naive/cfar power_one_sided 1.000/1.000 power_two_sided 1.000/1.000 kurtosis 0.348/0.348 spec_cnn 1.000/1.000  (10s)
    JSR  -13.0 dB  BER 0.00e+00  PER 0.000  P(det)@0.05 naive/cfar power_one_sided 1.000/1.000 power_two_sided 1.000/1.000 kurtosis 0.586/0.586 spec_cnn 1.000/1.000  (11s)
    JSR  -12.0 dB  BER 0.00e+00  PER 0.000  P(det)@0.05 naive/cfar power_one_sided 1.000/1.000 power_two_sided 1.000/1.000 kurtosis 0.717/0.717 spec_cnn 1.000/1.000  (11s)
    JSR  -11.0 dB  BER 0.00e+00  PER 0.000  P(det)@0.05 naive/cfar power_one_sided 1.000/1.000 power_two_sided 1.000/1.000 kurtosis 0.881/0.881 spec_cnn 1.000/1.000  (11s)
    JSR  -10.0 dB  BER 0.00e+00  PER 0.000  P(det)@0.05 naive/cfar power_one_sided 1.000/1.000 power_two_sided 1.000/1.000 kurtosis 0.973/0.973 spec_cnn 1.000/1.000  (12s)
    JSR   -9.0 dB  BER 0.00e+00  PER 0.000  P(det)@0.05 naive/cfar power_one_sided 1.000/1.000 power_two_sided 1.000/1.000 kurtosis 0.998/0.998 spec_cnn 1.000/1.000  (12s)
    JSR   -8.0 dB  BER 0.00e+00  PER 0.000  P(det)@0.05 naive/cfar power_one_sided 1.000/1.000 power_two_sided 1.000/1.000 kurtosis 1.000/1.000 spec_cnn 1.000/1.000  (12s)
    JSR   -7.0 dB  BER 0.00e+00  PER 0.000  P(det)@0.05 naive/cfar power_one_sided 1.000/1.000 power_two_sided 1.000/1.000 kurtosis 1.000/1.000 spec_cnn 1.000/1.000  (12s)
    JSR   -6.0 dB  BER 0.00e+00  PER 0.000  P(det)@0.05 naive/cfar power_one_sided 1.000/1.000 power_two_sided 1.000/1.000 kurtosis 1.000/1.000 spec_cnn 1.000/1.000  (13s)
    JSR   -5.0 dB  BER 0.00e+00  PER 0.000  P(det)@0.05 naive/cfar power_one_sided 1.000/1.000 power_two_sided 1.000/1.000 kurtosis 1.000/1.000 spec_cnn 1.000/1.000  (13s)
    JSR   -4.0 dB  BER 0.00e+00  PER 0.000  P(det)@0.05 naive/cfar power_one_sided 1.000/1.000 power_two_sided 1.000/1.000 kurtosis 1.000/1.000 spec_cnn 1.000/1.000  (13s)
    JSR   -3.0 dB  BER 0.00e+00  PER 0.000  P(det)@0.05 naive/cfar power_one_sided 1.000/1.000 power_two_sided 1.000/1.000 kurtosis 1.000/1.000 spec_cnn 1.000/1.000  (14s)
    JSR   -2.0 dB  BER 2.52e-04  PER 0.062  P(det)@0.05 naive/cfar power_one_sided 1.000/1.000 power_two_sided 1.000/1.000 kurtosis 1.000/1.000 spec_cnn 1.000/1.000  (14s)
    JSR   -1.0 dB  BER 8.77e-04  PER 0.189  P(det)@0.05 naive/cfar power_one_sided 1.000/1.000 power_two_sided 1.000/1.000 kurtosis 1.000/1.000 spec_cnn 1.000/1.000  (14s)
    JSR   +0.0 dB  BER 3.21e-03  PER 0.555  P(det)@0.05 naive/cfar power_one_sided 1.000/1.000 power_two_sided 1.000/1.000 kurtosis 0.996/0.996 spec_cnn 1.000/1.000  (14s)
    JSR   +1.0 dB  BER 8.87e-03  PER 0.926  P(det)@0.05 naive/cfar power_one_sided 1.000/1.000 power_two_sided 1.000/1.000 kurtosis 0.941/0.941 spec_cnn 1.000/1.000  (15s)
    JSR   +2.0 dB  BER 1.82e-02  PER 0.998  P(det)@0.05 naive/cfar power_one_sided 1.000/1.000 power_two_sided 1.000/1.000 kurtosis 0.771/0.771 spec_cnn 1.000/1.000  (15s)
    JSR   +3.0 dB  BER 3.07e-02  PER 0.998  P(det)@0.05 naive/cfar power_one_sided 1.000/1.000 power_two_sided 1.000/1.000 kurtosis 0.662/0.662 spec_cnn 1.000/1.000  (15s)
    JSR   +4.0 dB  BER 4.70e-02  PER 1.000  P(det)@0.05 naive/cfar power_one_sided 1.000/1.000 power_two_sided 1.000/1.000 kurtosis 0.791/0.791 spec_cnn 1.000/1.000  (16s)
    JSR   +5.0 dB  BER 6.89e-02  PER 1.000  P(det)@0.05 naive/cfar power_one_sided 1.000/1.000 power_two_sided 1.000/1.000 kurtosis 0.785/0.785 spec_cnn 1.000/1.000  (16s)
    JSR   +6.0 dB  BER 9.39e-02  PER 1.000  P(det)@0.05 naive/cfar power_one_sided 1.000/1.000 power_two_sided 1.000/1.000 kurtosis 0.859/0.859 spec_cnn 1.000/1.000  (16s)
    JSR   +7.0 dB  BER 1.20e-01  PER 1.000  P(det)@0.05 naive/cfar power_one_sided 1.000/1.000 power_two_sided 1.000/1.000 kurtosis 0.861/0.861 spec_cnn 1.000/1.000  (16s)
    JSR   +8.0 dB  BER 1.47e-01  PER 1.000  P(det)@0.05 naive/cfar power_one_sided 1.000/1.000 power_two_sided 1.000/1.000 kurtosis 0.865/0.865 spec_cnn 1.000/1.000  (17s)
    JSR   +9.0 dB  BER 1.78e-01  PER 1.000  P(det)@0.05 naive/cfar power_one_sided 1.000/1.000 power_two_sided 1.000/1.000 kurtosis 0.854/0.854 spec_cnn 1.000/1.000  (17s)
    JSR  +10.0 dB  BER 2.08e-01  PER 1.000  P(det)@0.05 naive/cfar power_one_sided 1.000/1.000 power_two_sided 1.000/1.000 kurtosis 0.875/0.875 spec_cnn 1.000/1.000  (17s)
    JSR  +11.0 dB  BER 2.35e-01  PER 1.000  P(det)@0.05 naive/cfar power_one_sided 1.000/1.000 power_two_sided 1.000/1.000 kurtosis 0.875/0.875 spec_cnn 1.000/1.000  (18s)
    JSR  +12.0 dB  BER 2.63e-01  PER 1.000  P(det)@0.05 naive/cfar power_one_sided 1.000/1.000 power_two_sided 1.000/1.000 kurtosis 0.863/0.863 spec_cnn 1.000/1.000  (18s)
    JSR  +13.0 dB  BER 2.87e-01  PER 1.000  P(det)@0.05 naive/cfar power_one_sided 1.000/1.000 power_two_sided 1.000/1.000 kurtosis 0.867/0.867 spec_cnn 1.000/1.000  (18s)
    JSR  +14.0 dB  BER 3.11e-01  PER 1.000  P(det)@0.05 naive/cfar power_one_sided 1.000/1.000 power_two_sided 1.000/1.000 kurtosis 0.826/0.826 spec_cnn 1.000/1.000  (18s)
    JSR  +15.0 dB  BER 3.27e-01  PER 1.000  P(det)@0.05 naive/cfar power_one_sided 1.000/1.000 power_two_sided 1.000/1.000 kurtosis 0.881/0.881 spec_cnn 1.000/1.000  (19s)
  [snr_30_unc_0] spec_cnn_b1e+06 done (1539s)
wrote ../artifacts/cgan/snr_ablation/noise_unc_run003/snr_30_unc_0.json in 1539s
