node: tikgpu05.ee.ethz.ch | gpu: NVIDIA TITAN RTX
task 1 | snr_5 | SNR 5 dB | device cuda:0
detectors: power_one_sided, power_two_sided, kurtosis, spec_cnn, lrt_noise  (thresholds re-calibrated at this level)
clean: BER 0.000e+00 (closed form 2.456e-07), FAR {"power_one_sided": 0.04541015625, "power_two_sided": 0.03857421875, "kurtosis": 0.0458984375, "spec_cnn": 0.05224609375}
  [snr_5] classical noise
    JSR  -50.0 dB  BER 0.00e+00  P(det)@0.05 power_one_sided 0.055 power_two_sided 0.043 kurtosis 0.047 spec_cnn 0.064 lrt_noise 0.043  (0s)
    JSR  -49.0 dB  BER 0.00e+00  P(det)@0.05 power_one_sided 0.039 power_two_sided 0.043 kurtosis 0.043 spec_cnn 0.043 lrt_noise 0.047  (1s)
    JSR  -48.0 dB  BER 0.00e+00  P(det)@0.05 power_one_sided 0.043 power_two_sided 0.035 kurtosis 0.045 spec_cnn 0.041 lrt_noise 0.041  (1s)
    JSR  -47.0 dB  BER 0.00e+00  P(det)@0.05 power_one_sided 0.053 power_two_sided 0.047 kurtosis 0.062 spec_cnn 0.043 lrt_noise 0.055  (1s)
    JSR  -46.0 dB  BER 0.00e+00  P(det)@0.05 power_one_sided 0.033 power_two_sided 0.033 kurtosis 0.037 spec_cnn 0.039 lrt_noise 0.055  (1s)
    JSR  -45.0 dB  BER 0.00e+00  P(det)@0.05 power_one_sided 0.043 power_two_sided 0.047 kurtosis 0.070 spec_cnn 0.053 lrt_noise 0.033  (2s)
    JSR  -44.0 dB  BER 0.00e+00  P(det)@0.05 power_one_sided 0.029 power_two_sided 0.041 kurtosis 0.064 spec_cnn 0.047 lrt_noise 0.051  (2s)
    JSR  -43.0 dB  BER 0.00e+00  P(det)@0.05 power_one_sided 0.043 power_two_sided 0.049 kurtosis 0.053 spec_cnn 0.059 lrt_noise 0.066  (2s)
    JSR  -42.0 dB  BER 0.00e+00  P(det)@0.05 power_one_sided 0.043 power_two_sided 0.039 kurtosis 0.049 spec_cnn 0.049 lrt_noise 0.047  (3s)
    JSR  -41.0 dB  BER 0.00e+00  P(det)@0.05 power_one_sided 0.049 power_two_sided 0.039 kurtosis 0.035 spec_cnn 0.053 lrt_noise 0.045  (3s)
    JSR  -40.0 dB  BER 0.00e+00  P(det)@0.05 power_one_sided 0.047 power_two_sided 0.037 kurtosis 0.045 spec_cnn 0.059 lrt_noise 0.057  (3s)
    JSR  -39.0 dB  BER 0.00e+00  P(det)@0.05 power_one_sided 0.068 power_two_sided 0.057 kurtosis 0.053 spec_cnn 0.080 lrt_noise 0.072  (3s)
    JSR  -38.0 dB  BER 0.00e+00  P(det)@0.05 power_one_sided 0.037 power_two_sided 0.039 kurtosis 0.055 spec_cnn 0.059 lrt_noise 0.041  (4s)
    JSR  -37.0 dB  BER 0.00e+00  P(det)@0.05 power_one_sided 0.051 power_two_sided 0.043 kurtosis 0.039 spec_cnn 0.059 lrt_noise 0.064  (4s)
    JSR  -36.0 dB  BER 0.00e+00  P(det)@0.05 power_one_sided 0.047 power_two_sided 0.047 kurtosis 0.061 spec_cnn 0.055 lrt_noise 0.049  (4s)
    JSR  -35.0 dB  BER 7.63e-06  P(det)@0.05 power_one_sided 0.033 power_two_sided 0.035 kurtosis 0.061 spec_cnn 0.061 lrt_noise 0.062  (4s)
    JSR  -34.0 dB  BER 0.00e+00  P(det)@0.05 power_one_sided 0.039 power_two_sided 0.053 kurtosis 0.068 spec_cnn 0.055 lrt_noise 0.061  (5s)
    JSR  -33.0 dB  BER 0.00e+00  P(det)@0.05 power_one_sided 0.043 power_two_sided 0.041 kurtosis 0.057 spec_cnn 0.041 lrt_noise 0.055  (5s)
    JSR  -32.0 dB  BER 0.00e+00  P(det)@0.05 power_one_sided 0.047 power_two_sided 0.049 kurtosis 0.049 spec_cnn 0.062 lrt_noise 0.061  (5s)
    JSR  -31.0 dB  BER 0.00e+00  P(det)@0.05 power_one_sided 0.047 power_two_sided 0.041 kurtosis 0.066 spec_cnn 0.055 lrt_noise 0.059  (6s)
    JSR  -30.0 dB  BER 0.00e+00  P(det)@0.05 power_one_sided 0.051 power_two_sided 0.035 kurtosis 0.041 spec_cnn 0.062 lrt_noise 0.057  (6s)
    JSR  -29.0 dB  BER 0.00e+00  P(det)@0.05 power_one_sided 0.037 power_two_sided 0.041 kurtosis 0.059 spec_cnn 0.057 lrt_noise 0.066  (6s)
    JSR  -28.0 dB  BER 7.63e-06  P(det)@0.05 power_one_sided 0.047 power_two_sided 0.057 kurtosis 0.049 spec_cnn 0.049 lrt_noise 0.062  (6s)
    JSR  -27.0 dB  BER 0.00e+00  P(det)@0.05 power_one_sided 0.051 power_two_sided 0.051 kurtosis 0.041 spec_cnn 0.047 lrt_noise 0.066  (7s)
    JSR  -26.0 dB  BER 0.00e+00  P(det)@0.05 power_one_sided 0.057 power_two_sided 0.051 kurtosis 0.051 spec_cnn 0.053 lrt_noise 0.084  (7s)
    JSR  -25.0 dB  BER 0.00e+00  P(det)@0.05 power_one_sided 0.059 power_two_sided 0.041 kurtosis 0.049 spec_cnn 0.070 lrt_noise 0.113  (7s)
    JSR  -24.0 dB  BER 0.00e+00  P(det)@0.05 power_one_sided 0.062 power_two_sided 0.045 kurtosis 0.064 spec_cnn 0.057 lrt_noise 0.113  (7s)
    JSR  -23.0 dB  BER 0.00e+00  P(det)@0.05 power_one_sided 0.078 power_two_sided 0.055 kurtosis 0.051 spec_cnn 0.062 lrt_noise 0.129  (8s)
    JSR  -22.0 dB  BER 0.00e+00  P(det)@0.05 power_one_sided 0.076 power_two_sided 0.043 kurtosis 0.045 spec_cnn 0.045 lrt_noise 0.184  (8s)
    JSR  -21.0 dB  BER 0.00e+00  P(det)@0.05 power_one_sided 0.115 power_two_sided 0.078 kurtosis 0.051 spec_cnn 0.072 lrt_noise 0.227  (8s)
    JSR  -20.0 dB  BER 0.00e+00  P(det)@0.05 power_one_sided 0.146 power_two_sided 0.082 kurtosis 0.053 spec_cnn 0.062 lrt_noise 0.299  (9s)
    JSR  -19.0 dB  BER 0.00e+00  P(det)@0.05 power_one_sided 0.141 power_two_sided 0.094 kurtosis 0.062 spec_cnn 0.070 lrt_noise 0.430  (9s)
    JSR  -18.0 dB  BER 0.00e+00  P(det)@0.05 power_one_sided 0.176 power_two_sided 0.127 kurtosis 0.080 spec_cnn 0.086 lrt_noise 0.537  (9s)
    JSR  -17.0 dB  BER 0.00e+00  P(det)@0.05 power_one_sided 0.264 power_two_sided 0.168 kurtosis 0.045 spec_cnn 0.096 lrt_noise 0.703  (9s)
    JSR  -16.0 dB  BER 0.00e+00  P(det)@0.05 power_one_sided 0.348 power_two_sided 0.236 kurtosis 0.066 spec_cnn 0.125 lrt_noise 0.871  (10s)
    JSR  -15.0 dB  BER 0.00e+00  P(det)@0.05 power_one_sided 0.439 power_two_sided 0.330 kurtosis 0.088 spec_cnn 0.117 lrt_noise 0.969  (10s)
    JSR  -14.0 dB  BER 0.00e+00  P(det)@0.05 power_one_sided 0.568 power_two_sided 0.414 kurtosis 0.098 spec_cnn 0.146 lrt_noise 0.998  (10s)
    JSR  -13.0 dB  BER 0.00e+00  P(det)@0.05 power_one_sided 0.717 power_two_sided 0.609 kurtosis 0.100 spec_cnn 0.219 lrt_noise 1.000  (11s)
    JSR  -12.0 dB  BER 0.00e+00  P(det)@0.05 power_one_sided 0.854 power_two_sided 0.791 kurtosis 0.150 spec_cnn 0.277 lrt_noise 1.000  (11s)
    JSR  -11.0 dB  BER 0.00e+00  P(det)@0.05 power_one_sided 0.965 power_two_sided 0.938 kurtosis 0.211 spec_cnn 0.373 lrt_noise 1.000  (11s)
    JSR  -10.0 dB  BER 7.63e-06  P(det)@0.05 power_one_sided 0.992 power_two_sided 0.980 kurtosis 0.279 spec_cnn 0.420 lrt_noise 1.000  (11s)
    JSR   -9.0 dB  BER 0.00e+00  P(det)@0.05 power_one_sided 1.000 power_two_sided 1.000 kurtosis 0.348 spec_cnn 0.584 lrt_noise 1.000  (12s)
    JSR   -8.0 dB  BER 2.29e-05  P(det)@0.05 power_one_sided 1.000 power_two_sided 1.000 kurtosis 0.482 spec_cnn 0.697 lrt_noise 1.000  (12s)
    JSR   -7.0 dB  BER 3.05e-05  P(det)@0.05 power_one_sided 1.000 power_two_sided 1.000 kurtosis 0.609 spec_cnn 0.855 lrt_noise 1.000  (12s)
    JSR   -6.0 dB  BER 3.81e-05  P(det)@0.05 power_one_sided 1.000 power_two_sided 1.000 kurtosis 0.740 spec_cnn 0.943 lrt_noise 1.000  (12s)
    JSR   -5.0 dB  BER 1.91e-04  P(det)@0.05 power_one_sided 1.000 power_two_sided 1.000 kurtosis 0.859 spec_cnn 0.994 lrt_noise 1.000  (13s)
    JSR   -4.0 dB  BER 3.97e-04  P(det)@0.05 power_one_sided 1.000 power_two_sided 1.000 kurtosis 0.910 spec_cnn 0.994 lrt_noise 1.000  (13s)
    JSR   -3.0 dB  BER 8.54e-04  P(det)@0.05 power_one_sided 1.000 power_two_sided 1.000 kurtosis 0.961 spec_cnn 1.000 lrt_noise 1.000  (13s)
    JSR   -2.0 dB  BER 1.82e-03  P(det)@0.05 power_one_sided 1.000 power_two_sided 1.000 kurtosis 0.992 spec_cnn 1.000 lrt_noise 1.000  (14s)
    JSR   -1.0 dB  BER 3.43e-03  P(det)@0.05 power_one_sided 1.000 power_two_sided 1.000 kurtosis 0.996 spec_cnn 1.000 lrt_noise 1.000  (14s)
    JSR   +0.0 dB  BER 6.70e-03  P(det)@0.05 power_one_sided 1.000 power_two_sided 1.000 kurtosis 0.988 spec_cnn 1.000 lrt_noise 1.000  (14s)
    JSR   +1.0 dB  BER 1.24e-02  P(det)@0.05 power_one_sided 1.000 power_two_sided 1.000 kurtosis 0.998 spec_cnn 1.000 lrt_noise 1.000  (14s)
    JSR   +2.0 dB  BER 2.04e-02  P(det)@0.05 power_one_sided 1.000 power_two_sided 1.000 kurtosis 1.000 spec_cnn 1.000 lrt_noise 1.000  (15s)
    JSR   +3.0 dB  BER 3.15e-02  P(det)@0.05 power_one_sided 1.000 power_two_sided 1.000 kurtosis 1.000 spec_cnn 1.000 lrt_noise 1.000  (15s)
    JSR   +4.0 dB  BER 4.64e-02  P(det)@0.05 power_one_sided 1.000 power_two_sided 1.000 kurtosis 1.000 spec_cnn 1.000 lrt_noise 1.000  (15s)
    JSR   +5.0 dB  BER 6.43e-02  P(det)@0.05 power_one_sided 1.000 power_two_sided 1.000 kurtosis 1.000 spec_cnn 1.000 lrt_noise 1.000  (16s)
    JSR   +6.0 dB  BER 8.79e-02  P(det)@0.05 power_one_sided 1.000 power_two_sided 1.000 kurtosis 1.000 spec_cnn 1.000 lrt_noise 1.000  (16s)
    JSR   +7.0 dB  BER 1.11e-01  P(det)@0.05 power_one_sided 1.000 power_two_sided 1.000 kurtosis 1.000 spec_cnn 1.000 lrt_noise 1.000  (16s)
    JSR   +8.0 dB  BER 1.34e-01  P(det)@0.05 power_one_sided 1.000 power_two_sided 1.000 kurtosis 1.000 spec_cnn 1.000 lrt_noise 1.000  (16s)
    JSR   +9.0 dB  BER 1.63e-01  P(det)@0.05 power_one_sided 1.000 power_two_sided 1.000 kurtosis 1.000 spec_cnn 1.000 lrt_noise 1.000  (17s)
    JSR  +10.0 dB  BER 1.89e-01  P(det)@0.05 power_one_sided 1.000 power_two_sided 1.000 kurtosis 1.000 spec_cnn 1.000 lrt_noise 1.000  (17s)
    JSR  +11.0 dB  BER 2.14e-01  P(det)@0.05 power_one_sided 1.000 power_two_sided 1.000 kurtosis 1.000 spec_cnn 1.000 lrt_noise 1.000  (17s)
    JSR  +12.0 dB  BER 2.38e-01  P(det)@0.05 power_one_sided 1.000 power_two_sided 1.000 kurtosis 1.000 spec_cnn 1.000 lrt_noise 1.000  (17s)
    JSR  +13.0 dB  BER 2.66e-01  P(det)@0.05 power_one_sided 1.000 power_two_sided 1.000 kurtosis 1.000 spec_cnn 1.000 lrt_noise 1.000  (18s)
    JSR  +14.0 dB  BER 2.88e-01  P(det)@0.05 power_one_sided 1.000 power_two_sided 1.000 kurtosis 1.000 spec_cnn 1.000 lrt_noise 1.000  (18s)
    JSR  +15.0 dB  BER 3.10e-01  P(det)@0.05 power_one_sided 1.000 power_two_sided 1.000 kurtosis 1.000 spec_cnn 1.000 lrt_noise 1.000  (18s)
  [snr_5] noise confirmed: {"power_one_sided": {"0.01": {"index": 15, "sweep_ber": 7.62939453125e-06, "sweep_pdet": 0.0078125, "confirmed_ber": 0.0, "confirmed_ser": 0.0, "confirmed_pdet": 0.010498046875, "passed": true}, "0.05": {"index": 15, "sweep_ber": 7.62939453125e-06, "sweep_pdet": 0.033203125, "confirmed_ber": 0.0, "confirmed_ser": 0.0, "confirmed_pdet": 0.0546875, "passed": true}}, "power_two_sided": {"0.01": {"index": 15, "sweep_ber": 7.62939453125e-06, "sweep_pdet": 0.01171875, "confirmed_ber": 0.0, "confirmed_ser": 0.0, "confirmed_pdet": 0.01025390625, "passed": true}, "0.05": {"index": 15, "sweep_ber": 7.62939453125e-06, "sweep_pdet": 0.03515625, "confirmed_ber": 1.9073486328125e-06, "confirmed_ser": 3.814697265625e-06, "confirmed_pdet": 0.05419921875, "passed": true}}, "kurtosis": {"0.01": {"index": 15, "sweep_ber": 7.62939453125e-06, "sweep_pdet": 0.0078125, "confirmed_ber": 0.0, "confirmed_ser": 0.0, "confirmed_pdet": 0.01025390625, "passed": true}, "0.05": {"index": 15, "sweep_ber": 7.62939453125e-06, "sweep_pdet": 0.060546875, "confirmed_ber": 0.0, "confirmed_ser": 0.0, "confirmed_pdet": 0.053466796875, "passed": true}}, "spec_cnn": {"0.01": {"index": 15, "sweep_ber": 7.62939453125e-06, "sweep_pdet": 0.015625, "confirmed_ber": 0.0, "confirmed_ser": 0.0, "confirmed_pdet": 0.008056640625, "passed": true}, "0.05": {"index": 15, "sweep_ber": 7.62939453125e-06, "sweep_pdet": 0.060546875, "confirmed_ber": 9.5367431640625e-07, "confirmed_ser": 1.9073486328125e-06, "confirmed_pdet": 0.048583984375, "passed": true}}, "lrt_noise": {"0.01": {"index": 15, "sweep_ber": 7.62939453125e-06, "sweep_pdet": 0.00390625, "confirmed_ber": 0.0, "confirmed_ser": 0.0, "confirmed_pdet": 0.01220703125, "passed": true}, "0.05": {"index": 15, "sweep_ber": 7.62939453125e-06, "sweep_pdet": 0.0625, "confirmed_ber": 0.0, "confirmed_ser": 0.0, "confirmed_pdet": 0.053955078125, "passed": true}}}  (45s)
  [snr_5] classical pulsed_p1
    JSR  -50.0 dB  BER 0.00e+00  P(det)@0.05 power_one_sided 0.047 power_two_sided 0.037 kurtosis 0.072 spec_cnn 0.057  (0s)
    JSR  -49.0 dB  BER 0.00e+00  P(det)@0.05 power_one_sided 0.045 power_two_sided 0.049 kurtosis 0.039 spec_cnn 0.035  (1s)
    JSR  -48.0 dB  BER 0.00e+00  P(det)@0.05 power_one_sided 0.047 power_two_sided 0.045 kurtosis 0.047 spec_cnn 0.043  (1s)
    JSR  -47.0 dB  BER 0.00e+00  P(det)@0.05 power_one_sided 0.055 power_two_sided 0.049 kurtosis 0.061 spec_cnn 0.045  (1s)
    JSR  -46.0 dB  BER 0.00e+00  P(det)@0.05 power_one_sided 0.037 power_two_sided 0.039 kurtosis 0.059 spec_cnn 0.053  (2s)
    JSR  -45.0 dB  BER 0.00e+00  P(det)@0.05 power_one_sided 0.047 power_two_sided 0.053 kurtosis 0.037 spec_cnn 0.082  (2s)
    JSR  -44.0 dB  BER 0.00e+00  P(det)@0.05 power_one_sided 0.053 power_two_sided 0.059 kurtosis 0.066 spec_cnn 0.059  (2s)
    JSR  -43.0 dB  BER 0.00e+00  P(det)@0.05 power_one_sided 0.076 power_two_sided 0.066 kurtosis 0.059 spec_cnn 0.055  (2s)
    JSR  -42.0 dB  BER 0.00e+00  P(det)@0.05 power_one_sided 0.053 power_two_sided 0.064 kurtosis 0.066 spec_cnn 0.047  (3s)
    JSR  -41.0 dB  BER 0.00e+00  P(det)@0.05 power_one_sided 0.051 power_two_sided 0.053 kurtosis 0.055 spec_cnn 0.037  (3s)
    JSR  -40.0 dB  BER 0.00e+00  P(det)@0.05 power_one_sided 0.061 power_two_sided 0.053 kurtosis 0.045 spec_cnn 0.062  (3s)
    JSR  -39.0 dB  BER 0.00e+00  P(det)@0.05 power_one_sided 0.059 power_two_sided 0.049 kurtosis 0.055 spec_cnn 0.070  (3s)
    JSR  -38.0 dB  BER 0.00e+00  P(det)@0.05 power_one_sided 0.064 power_two_sided 0.053 kurtosis 0.033 spec_cnn 0.047  (4s)
    JSR  -37.0 dB  BER 0.00e+00  P(det)@0.05 power_one_sided 0.051 power_two_sided 0.059 kurtosis 0.047 spec_cnn 0.068  (4s)
    JSR  -36.0 dB  BER 0.00e+00  P(det)@0.05 power_one_sided 0.033 power_two_sided 0.033 kurtosis 0.049 spec_cnn 0.045  (4s)
    JSR  -35.0 dB  BER 0.00e+00  P(det)@0.05 power_one_sided 0.049 power_two_sided 0.053 kurtosis 0.045 spec_cnn 0.043  (4s)
    JSR  -34.0 dB  BER 0.00e+00  P(det)@0.05 power_one_sided 0.043 power_two_sided 0.041 kurtosis 0.043 spec_cnn 0.049  (5s)
    JSR  -33.0 dB  BER 0.00e+00  P(det)@0.05 power_one_sided 0.049 power_two_sided 0.047 kurtosis 0.031 spec_cnn 0.041  (5s)
    JSR  -32.0 dB  BER 0.00e+00  P(det)@0.05 power_one_sided 0.066 power_two_sided 0.068 kurtosis 0.047 spec_cnn 0.057  (5s)
    JSR  -31.0 dB  BER 0.00e+00  P(det)@0.05 power_one_sided 0.055 power_two_sided 0.041 kurtosis 0.066 spec_cnn 0.053  (5s)
    JSR  -30.0 dB  BER 0.00e+00  P(det)@0.05 power_one_sided 0.076 power_two_sided 0.064 kurtosis 0.053 spec_cnn 0.059  (6s)
    JSR  -29.0 dB  BER 7.63e-06  P(det)@0.05 power_one_sided 0.068 power_two_sided 0.055 kurtosis 0.066 spec_cnn 0.053  (6s)
    JSR  -28.0 dB  BER 0.00e+00  P(det)@0.05 power_one_sided 0.043 power_two_sided 0.047 kurtosis 0.061 spec_cnn 0.080  (6s)
    JSR  -27.0 dB  BER 7.63e-06  P(det)@0.05 power_one_sided 0.059 power_two_sided 0.066 kurtosis 0.066 spec_cnn 0.043  (6s)
    JSR  -26.0 dB  BER 0.00e+00  P(det)@0.05 power_one_sided 0.062 power_two_sided 0.059 kurtosis 0.057 spec_cnn 0.051  (7s)
    JSR  -25.0 dB  BER 0.00e+00  P(det)@0.05 power_one_sided 0.070 power_two_sided 0.045 kurtosis 0.061 spec_cnn 0.047  (7s)
    JSR  -24.0 dB  BER 7.63e-06  P(det)@0.05 power_one_sided 0.088 power_two_sided 0.074 kurtosis 0.049 spec_cnn 0.051  (7s)
    JSR  -23.0 dB  BER 0.00e+00  P(det)@0.05 power_one_sided 0.057 power_two_sided 0.059 kurtosis 0.061 spec_cnn 0.049  (7s)
    JSR  -22.0 dB  BER 0.00e+00  P(det)@0.05 power_one_sided 0.086 power_two_sided 0.070 kurtosis 0.059 spec_cnn 0.064  (8s)
    JSR  -21.0 dB  BER 0.00e+00  P(det)@0.05 power_one_sided 0.104 power_two_sided 0.074 kurtosis 0.045 spec_cnn 0.066  (8s)
    JSR  -20.0 dB  BER 0.00e+00  P(det)@0.05 power_one_sided 0.150 power_two_sided 0.105 kurtosis 0.080 spec_cnn 0.049  (8s)
    JSR  -19.0 dB  BER 7.63e-06  P(det)@0.05 power_one_sided 0.164 power_two_sided 0.117 kurtosis 0.061 spec_cnn 0.066  (9s)
    JSR  -18.0 dB  BER 0.00e+00  P(det)@0.05 power_one_sided 0.223 power_two_sided 0.152 kurtosis 0.057 spec_cnn 0.070  (9s)
    JSR  -17.0 dB  BER 7.63e-06  P(det)@0.05 power_one_sided 0.207 power_two_sided 0.143 kurtosis 0.082 spec_cnn 0.064  (9s)
    JSR  -16.0 dB  BER 4.58e-05  P(det)@0.05 power_one_sided 0.316 power_two_sided 0.238 kurtosis 0.109 spec_cnn 0.070  (9s)
    JSR  -15.0 dB  BER 1.53e-05  P(det)@0.05 power_one_sided 0.400 power_two_sided 0.297 kurtosis 0.102 spec_cnn 0.078  (10s)
    JSR  -14.0 dB  BER 3.81e-05  P(det)@0.05 power_one_sided 0.488 power_two_sided 0.391 kurtosis 0.119 spec_cnn 0.082  (10s)
    JSR  -13.0 dB  BER 9.92e-05  P(det)@0.05 power_one_sided 0.596 power_two_sided 0.521 kurtosis 0.184 spec_cnn 0.078  (10s)
    JSR  -12.0 dB  BER 1.45e-04  P(det)@0.05 power_one_sided 0.729 power_two_sided 0.656 kurtosis 0.246 spec_cnn 0.107  (10s)
    JSR  -11.0 dB  BER 2.44e-04  P(det)@0.05 power_one_sided 0.840 power_two_sided 0.775 kurtosis 0.336 spec_cnn 0.102  (11s)
    JSR  -10.0 dB  BER 6.33e-04  P(det)@0.05 power_one_sided 0.920 power_two_sided 0.900 kurtosis 0.416 spec_cnn 0.121  (11s)
    JSR   -9.0 dB  BER 1.33e-03  P(det)@0.05 power_one_sided 0.963 power_two_sided 0.951 kurtosis 0.566 spec_cnn 0.150  (11s)
    JSR   -8.0 dB  BER 3.11e-03  P(det)@0.05 power_one_sided 0.992 power_two_sided 0.986 kurtosis 0.750 spec_cnn 0.184  (11s)
    JSR   -7.0 dB  BER 6.74e-03  P(det)@0.05 power_one_sided 1.000 power_two_sided 1.000 kurtosis 0.797 spec_cnn 0.170  (12s)
    JSR   -6.0 dB  BER 1.39e-02  P(det)@0.05 power_one_sided 1.000 power_two_sided 1.000 kurtosis 0.852 spec_cnn 0.203  (12s)
    JSR   -5.0 dB  BER 2.74e-02  P(det)@0.05 power_one_sided 1.000 power_two_sided 1.000 kurtosis 0.916 spec_cnn 0.281  (12s)
    JSR   -4.0 dB  BER 4.81e-02  P(det)@0.05 power_one_sided 1.000 power_two_sided 1.000 kurtosis 0.951 spec_cnn 0.312  (12s)
    JSR   -3.0 dB  BER 7.81e-02  P(det)@0.05 power_one_sided 1.000 power_two_sided 1.000 kurtosis 0.971 spec_cnn 0.406  (13s)
    JSR   -2.0 dB  BER 1.17e-01  P(det)@0.05 power_one_sided 1.000 power_two_sided 1.000 kurtosis 0.961 spec_cnn 0.475  (13s)
    JSR   -1.0 dB  BER 1.58e-01  P(det)@0.05 power_one_sided 1.000 power_two_sided 1.000 kurtosis 0.934 spec_cnn 0.549  (13s)
    JSR   +0.0 dB  BER 1.98e-01  P(det)@0.05 power_one_sided 1.000 power_two_sided 1.000 kurtosis 0.928 spec_cnn 0.650  (13s)
    JSR   +1.0 dB  BER 2.29e-01  P(det)@0.05 power_one_sided 1.000 power_two_sided 1.000 kurtosis 0.869 spec_cnn 0.766  (14s)
    JSR   +2.0 dB  BER 2.59e-01  P(det)@0.05 power_one_sided 1.000 power_two_sided 1.000 kurtosis 0.693 spec_cnn 0.861  (14s)
    JSR   +3.0 dB  BER 2.89e-01  P(det)@0.05 power_one_sided 1.000 power_two_sided 1.000 kurtosis 0.510 spec_cnn 0.965  (14s)
    JSR   +4.0 dB  BER 3.12e-01  P(det)@0.05 power_one_sided 1.000 power_two_sided 1.000 kurtosis 0.268 spec_cnn 0.988  (15s)
    JSR   +5.0 dB  BER 3.29e-01  P(det)@0.05 power_one_sided 1.000 power_two_sided 1.000 kurtosis 0.203 spec_cnn 0.998  (15s)
    JSR   +6.0 dB  BER 3.50e-01  P(det)@0.05 power_one_sided 1.000 power_two_sided 1.000 kurtosis 0.518 spec_cnn 1.000  (15s)
    JSR   +7.0 dB  BER 3.62e-01  P(det)@0.05 power_one_sided 1.000 power_two_sided 1.000 kurtosis 0.885 spec_cnn 1.000  (15s)
    JSR   +8.0 dB  BER 3.78e-01  P(det)@0.05 power_one_sided 1.000 power_two_sided 1.000 kurtosis 0.988 spec_cnn 1.000  (16s)
    JSR   +9.0 dB  BER 3.92e-01  P(det)@0.05 power_one_sided 1.000 power_two_sided 1.000 kurtosis 1.000 spec_cnn 1.000  (16s)
    JSR  +10.0 dB  BER 4.00e-01  P(det)@0.05 power_one_sided 1.000 power_two_sided 1.000 kurtosis 1.000 spec_cnn 1.000  (16s)
    JSR  +11.0 dB  BER 4.15e-01  P(det)@0.05 power_one_sided 1.000 power_two_sided 1.000 kurtosis 1.000 spec_cnn 1.000  (16s)
    JSR  +12.0 dB  BER 4.23e-01  P(det)@0.05 power_one_sided 1.000 power_two_sided 1.000 kurtosis 1.000 spec_cnn 1.000  (17s)
    JSR  +13.0 dB  BER 4.30e-01  P(det)@0.05 power_one_sided 1.000 power_two_sided 1.000 kurtosis 1.000 spec_cnn 1.000  (17s)
    JSR  +14.0 dB  BER 4.36e-01  P(det)@0.05 power_one_sided 1.000 power_two_sided 1.000 kurtosis 1.000 spec_cnn 1.000  (17s)
    JSR  +15.0 dB  BER 4.41e-01  P(det)@0.05 power_one_sided 1.000 power_two_sided 1.000 kurtosis 1.000 spec_cnn 1.000  (17s)
  [snr_5] pulsed_p1 confirmed: {"power_one_sided": {"0.01": {"index": 21, "sweep_ber": 7.62939453125e-06, "sweep_pdet": 0.015625, "confirmed_ber": 0.0, "confirmed_ser": 0.0, "confirmed_pdet": 0.013427734375, "passed": false}, "0.05": {"index": 21, "sweep_ber": 7.62939453125e-06, "sweep_pdet": 0.068359375, "confirmed_ber": 0.0, "confirmed_ser": 0.0, "confirmed_pdet": 0.0498046875, "passed": true}}, "power_two_sided": {"0.01": {"index": 21, "sweep_ber": 7.62939453125e-06, "sweep_pdet": 0.013671875, "confirmed_ber": 0.0, "confirmed_ser": 0.0, "confirmed_pdet": 0.009765625, "passed": true}, "0.05": {"index": 21, "sweep_ber": 7.62939453125e-06, "sweep_pdet": 0.0546875, "confirmed_ber": 0.0, "confirmed_ser": 0.0, "confirmed_pdet": 0.0458984375, "passed": true}}, "kurtosis": {"0.01": {"index": 21, "sweep_ber": 7.62939453125e-06, "sweep_pdet": 0.015625, "confirmed_ber": 0.0, "confirmed_ser": 0.0, "confirmed_pdet": 0.010498046875, "passed": true}, "0.05": {"index": 21, "sweep_ber": 7.62939453125e-06, "sweep_pdet": 0.06640625, "confirmed_ber": 0.0, "confirmed_ser": 0.0, "confirmed_pdet": 0.050048828125, "passed": true}}, "spec_cnn": {"0.01": {"index": 38, "sweep_ber": 0.00014495849609375, "sweep_pdet": 0.015625, "confirmed_ber": 0.00014781951904296875, "confirmed_ser": 0.0002956390380859375, "confirmed_pdet": 0.0244140625, "passed": false}, "0.05": {"index": 21, "sweep_ber": 7.62939453125e-06, "sweep_pdet": 0.052734375, "confirmed_ber": 1.9073486328125e-06, "confirmed_ser": 3.814697265625e-06, "confirmed_pdet": 0.0478515625, "passed": true}}}  (79s)
  [snr_5] classical pulsed_p0.5
    JSR  -50.0 dB  BER 0.00e+00  P(det)@0.05 power_one_sided 0.061 power_two_sided 0.045 kurtosis 0.051 spec_cnn 0.047  (0s)
    JSR  -49.0 dB  BER 0.00e+00  P(det)@0.05 power_one_sided 0.031 power_two_sided 0.041 kurtosis 0.059 spec_cnn 0.043  (1s)
    JSR  -48.0 dB  BER 0.00e+00  P(det)@0.05 power_one_sided 0.055 power_two_sided 0.045 kurtosis 0.061 spec_cnn 0.047  (1s)
    JSR  -47.0 dB  BER 0.00e+00  P(det)@0.05 power_one_sided 0.037 power_two_sided 0.037 kurtosis 0.064 spec_cnn 0.037  (1s)
    JSR  -46.0 dB  BER 0.00e+00  P(det)@0.05 power_one_sided 0.033 power_two_sided 0.051 kurtosis 0.051 spec_cnn 0.053  (1s)
    JSR  -45.0 dB  BER 0.00e+00  P(det)@0.05 power_one_sided 0.053 power_two_sided 0.039 kurtosis 0.057 spec_cnn 0.053  (2s)
    JSR  -44.0 dB  BER 0.00e+00  P(det)@0.05 power_one_sided 0.055 power_two_sided 0.045 kurtosis 0.051 spec_cnn 0.039  (2s)
    JSR  -43.0 dB  BER 0.00e+00  P(det)@0.05 power_one_sided 0.039 power_two_sided 0.035 kurtosis 0.059 spec_cnn 0.033  (2s)
    JSR  -42.0 dB  BER 0.00e+00  P(det)@0.05 power_one_sided 0.062 power_two_sided 0.076 kurtosis 0.051 spec_cnn 0.055  (2s)
    JSR  -41.0 dB  BER 0.00e+00  P(det)@0.05 power_one_sided 0.053 power_two_sided 0.033 kurtosis 0.035 spec_cnn 0.059  (3s)
    JSR  -40.0 dB  BER 0.00e+00  P(det)@0.05 power_one_sided 0.059 power_two_sided 0.051 kurtosis 0.053 spec_cnn 0.043  (3s)
    JSR  -39.0 dB  BER 0.00e+00  P(det)@0.05 power_one_sided 0.051 power_two_sided 0.062 kurtosis 0.043 spec_cnn 0.041  (3s)
    JSR  -38.0 dB  BER 0.00e+00  P(det)@0.05 power_one_sided 0.057 power_two_sided 0.055 kurtosis 0.053 spec_cnn 0.053  (3s)
    JSR  -37.0 dB  BER 0.00e+00  P(det)@0.05 power_one_sided 0.049 power_two_sided 0.039 kurtosis 0.057 spec_cnn 0.051  (4s)
    JSR  -36.0 dB  BER 0.00e+00  P(det)@0.05 power_one_sided 0.039 power_two_sided 0.053 kurtosis 0.037 spec_cnn 0.055  (4s)
    JSR  -35.0 dB  BER 0.00e+00  P(det)@0.05 power_one_sided 0.055 power_two_sided 0.061 kurtosis 0.039 spec_cnn 0.049  (4s)
    JSR  -34.0 dB  BER 0.00e+00  P(det)@0.05 power_one_sided 0.064 power_two_sided 0.055 kurtosis 0.059 spec_cnn 0.059  (4s)
    JSR  -33.0 dB  BER 0.00e+00  P(det)@0.05 power_one_sided 0.051 power_two_sided 0.041 kurtosis 0.047 spec_cnn 0.057  (5s)
    JSR  -32.0 dB  BER 7.63e-06  P(det)@0.05 power_one_sided 0.055 power_two_sided 0.043 kurtosis 0.074 spec_cnn 0.059  (5s)
    JSR  -31.0 dB  BER 0.00e+00  P(det)@0.05 power_one_sided 0.053 power_two_sided 0.053 kurtosis 0.043 spec_cnn 0.043  (5s)
    JSR  -30.0 dB  BER 0.00e+00  P(det)@0.05 power_one_sided 0.047 power_two_sided 0.039 kurtosis 0.055 spec_cnn 0.039  (5s)
    JSR  -29.0 dB  BER 0.00e+00  P(det)@0.05 power_one_sided 0.053 power_two_sided 0.049 kurtosis 0.037 spec_cnn 0.070  (6s)
    JSR  -28.0 dB  BER 0.00e+00  P(det)@0.05 power_one_sided 0.045 power_two_sided 0.031 kurtosis 0.053 spec_cnn 0.049  (6s)
    JSR  -27.0 dB  BER 0.00e+00  P(det)@0.05 power_one_sided 0.055 power_two_sided 0.057 kurtosis 0.047 spec_cnn 0.049  (6s)
    JSR  -26.0 dB  BER 0.00e+00  P(det)@0.05 power_one_sided 0.064 power_two_sided 0.062 kurtosis 0.064 spec_cnn 0.039  (7s)
    JSR  -25.0 dB  BER 0.00e+00  P(det)@0.05 power_one_sided 0.076 power_two_sided 0.066 kurtosis 0.045 spec_cnn 0.051  (7s)
    JSR  -24.0 dB  BER 0.00e+00  P(det)@0.05 power_one_sided 0.096 power_two_sided 0.062 kurtosis 0.049 spec_cnn 0.080  (7s)
    JSR  -23.0 dB  BER 0.00e+00  P(det)@0.05 power_one_sided 0.072 power_two_sided 0.055 kurtosis 0.039 spec_cnn 0.045  (7s)
    JSR  -22.0 dB  BER 0.00e+00  P(det)@0.05 power_one_sided 0.111 power_two_sided 0.088 kurtosis 0.072 spec_cnn 0.023  (8s)
    JSR  -21.0 dB  BER 0.00e+00  P(det)@0.05 power_one_sided 0.084 power_two_sided 0.068 kurtosis 0.053 spec_cnn 0.068  (8s)
    JSR  -20.0 dB  BER 0.00e+00  P(det)@0.05 power_one_sided 0.098 power_two_sided 0.078 kurtosis 0.072 spec_cnn 0.053  (8s)
    JSR  -19.0 dB  BER 0.00e+00  P(det)@0.05 power_one_sided 0.164 power_two_sided 0.098 kurtosis 0.074 spec_cnn 0.059  (8s)
    JSR  -18.0 dB  BER 0.00e+00  P(det)@0.05 power_one_sided 0.189 power_two_sided 0.143 kurtosis 0.064 spec_cnn 0.062  (9s)
    JSR  -17.0 dB  BER 0.00e+00  P(det)@0.05 power_one_sided 0.260 power_two_sided 0.188 kurtosis 0.064 spec_cnn 0.066  (9s)
    JSR  -16.0 dB  BER 7.63e-06  P(det)@0.05 power_one_sided 0.291 power_two_sided 0.236 kurtosis 0.064 spec_cnn 0.066  (9s)
    JSR  -15.0 dB  BER 4.58e-05  P(det)@0.05 power_one_sided 0.404 power_two_sided 0.314 kurtosis 0.123 spec_cnn 0.070  (9s)
    JSR  -14.0 dB  BER 6.10e-05  P(det)@0.05 power_one_sided 0.504 power_two_sided 0.412 kurtosis 0.137 spec_cnn 0.078  (10s)
    JSR  -13.0 dB  BER 2.06e-04  P(det)@0.05 power_one_sided 0.596 power_two_sided 0.535 kurtosis 0.197 spec_cnn 0.084  (10s)
    JSR  -12.0 dB  BER 4.58e-04  P(det)@0.05 power_one_sided 0.748 power_two_sided 0.684 kurtosis 0.236 spec_cnn 0.084  (10s)
    JSR  -11.0 dB  BER 1.14e-03  P(det)@0.05 power_one_sided 0.822 power_two_sided 0.756 kurtosis 0.387 spec_cnn 0.100  (10s)
    JSR  -10.0 dB  BER 2.44e-03  P(det)@0.05 power_one_sided 0.918 power_two_sided 0.881 kurtosis 0.535 spec_cnn 0.113  (11s)
    JSR   -9.0 dB  BER 4.68e-03  P(det)@0.05 power_one_sided 0.975 power_two_sided 0.959 kurtosis 0.604 spec_cnn 0.141  (11s)
    JSR   -8.0 dB  BER 9.94e-03  P(det)@0.05 power_one_sided 0.988 power_two_sided 0.984 kurtosis 0.801 spec_cnn 0.148  (11s)
    JSR   -7.0 dB  BER 1.87e-02  P(det)@0.05 power_one_sided 0.998 power_two_sided 0.998 kurtosis 0.861 spec_cnn 0.203  (11s)
    JSR   -6.0 dB  BER 3.13e-02  P(det)@0.05 power_one_sided 0.998 power_two_sided 0.998 kurtosis 0.943 spec_cnn 0.234  (12s)
    JSR   -5.0 dB  BER 5.06e-02  P(det)@0.05 power_one_sided 1.000 power_two_sided 1.000 kurtosis 0.984 spec_cnn 0.266  (12s)
    JSR   -4.0 dB  BER 7.44e-02  P(det)@0.05 power_one_sided 1.000 power_two_sided 1.000 kurtosis 1.000 spec_cnn 0.299  (12s)
    JSR   -3.0 dB  BER 9.62e-02  P(det)@0.05 power_one_sided 1.000 power_two_sided 1.000 kurtosis 1.000 spec_cnn 0.387  (13s)
    JSR   -2.0 dB  BER 1.17e-01  P(det)@0.05 power_one_sided 1.000 power_two_sided 1.000 kurtosis 0.998 spec_cnn 0.467  (13s)
    JSR   -1.0 dB  BER 1.36e-01  P(det)@0.05 power_one_sided 1.000 power_two_sided 1.000 kurtosis 1.000 spec_cnn 0.553  (13s)
    JSR   +0.0 dB  BER 1.56e-01  P(det)@0.05 power_one_sided 1.000 power_two_sided 1.000 kurtosis 1.000 spec_cnn 0.664  (13s)
    JSR   +1.0 dB  BER 1.71e-01  P(det)@0.05 power_one_sided 1.000 power_two_sided 1.000 kurtosis 1.000 spec_cnn 0.793  (14s)
    JSR   +2.0 dB  BER 1.88e-01  P(det)@0.05 power_one_sided 1.000 power_two_sided 1.000 kurtosis 1.000 spec_cnn 0.893  (14s)
    JSR   +3.0 dB  BER 2.01e-01  P(det)@0.05 power_one_sided 1.000 power_two_sided 1.000 kurtosis 1.000 spec_cnn 0.957  (14s)
    JSR   +4.0 dB  BER 2.12e-01  P(det)@0.05 power_one_sided 1.000 power_two_sided 1.000 kurtosis 1.000 spec_cnn 0.996  (14s)
    JSR   +5.0 dB  BER 2.29e-01  P(det)@0.05 power_one_sided 1.000 power_two_sided 1.000 kurtosis 1.000 spec_cnn 1.000  (15s)
    JSR   +6.0 dB  BER 2.44e-01  P(det)@0.05 power_one_sided 1.000 power_two_sided 1.000 kurtosis 1.000 spec_cnn 1.000  (15s)
    JSR   +7.0 dB  BER 2.48e-01  P(det)@0.05 power_one_sided 1.000 power_two_sided 1.000 kurtosis 1.000 spec_cnn 1.000  (15s)
    JSR   +8.0 dB  BER 2.62e-01  P(det)@0.05 power_one_sided 1.000 power_two_sided 1.000 kurtosis 1.000 spec_cnn 1.000  (15s)
    JSR   +9.0 dB  BER 2.83e-01  P(det)@0.05 power_one_sided 1.000 power_two_sided 1.000 kurtosis 1.000 spec_cnn 1.000  (16s)
    JSR  +10.0 dB  BER 2.88e-01  P(det)@0.05 power_one_sided 1.000 power_two_sided 1.000 kurtosis 1.000 spec_cnn 1.000  (16s)
    JSR  +11.0 dB  BER 3.05e-01  P(det)@0.05 power_one_sided 1.000 power_two_sided 1.000 kurtosis 1.000 spec_cnn 1.000  (16s)
    JSR  +12.0 dB  BER 3.15e-01  P(det)@0.05 power_one_sided 1.000 power_two_sided 1.000 kurtosis 1.000 spec_cnn 1.000  (16s)
    JSR  +13.0 dB  BER 3.27e-01  P(det)@0.05 power_one_sided 1.000 power_two_sided 1.000 kurtosis 1.000 spec_cnn 1.000  (17s)
    JSR  +14.0 dB  BER 3.37e-01  P(det)@0.05 power_one_sided 1.000 power_two_sided 1.000 kurtosis 1.000 spec_cnn 1.000  (17s)
    JSR  +15.0 dB  BER 3.46e-01  P(det)@0.05 power_one_sided 1.000 power_two_sided 1.000 kurtosis 1.000 spec_cnn 1.000  (17s)
  [snr_5] pulsed_p0.5 confirmed: {"power_one_sided": {"0.01": {"index": 18, "sweep_ber": 7.62939453125e-06, "sweep_pdet": 0.009765625, "confirmed_ber": 0.0, "confirmed_ser": 0.0, "confirmed_pdet": 0.011474609375, "passed": true}, "0.05": {"index": 18, "sweep_ber": 7.62939453125e-06, "sweep_pdet": 0.0546875, "confirmed_ber": 0.0, "confirmed_ser": 0.0, "confirmed_pdet": 0.048828125, "passed": true}}, "power_two_sided": {"0.01": {"index": 18, "sweep_ber": 7.62939453125e-06, "sweep_pdet": 0.00390625, "confirmed_ber": 0.0, "confirmed_ser": 0.0, "confirmed_pdet": 0.008544921875, "passed": true}, "0.05": {"index": 18, "sweep_ber": 7.62939453125e-06, "sweep_pdet": 0.04296875, "confirmed_ber": 0.0, "confirmed_ser": 0.0, "confirmed_pdet": 0.050537109375, "passed": true}}, "kurtosis": {"0.01": {"index": 34, "sweep_ber": 7.62939453125e-06, "sweep_pdet": 0.015625, "confirmed_ber": 2.6702880859375e-05, "confirmed_ser": 5.340576171875e-05, "confirmed_pdet": 0.02783203125, "passed": false}, "0.05": {"index": 34, "sweep_ber": 7.62939453125e-06, "sweep_pdet": 0.064453125, "confirmed_ber": 1.9073486328125e-05, "confirmed_ser": 3.814697265625e-05, "confirmed_pdet": 0.094970703125, "passed": false}}, "spec_cnn": {"0.01": {"index": 37, "sweep_ber": 0.00020599365234375, "sweep_pdet": 0.017578125, "confirmed_ber": 0.00019168853759765625, "confirmed_ser": 0.0003833770751953125, "confirmed_pdet": 0.020263671875, "passed": false}, "0.05": {"index": 18, "sweep_ber": 7.62939453125e-06, "sweep_pdet": 0.05859375, "confirmed_ber": 0.0, "confirmed_ser": 0.0, "confirmed_pdet": 0.049072265625, "passed": true}}}  (113s)
  [snr_5] classical pulsed_p0.25
    JSR  -50.0 dB  BER 0.00e+00  P(det)@0.05 power_one_sided 0.055 power_two_sided 0.049 kurtosis 0.043 spec_cnn 0.043  (0s)
    JSR  -49.0 dB  BER 0.00e+00  P(det)@0.05 power_one_sided 0.037 power_two_sided 0.043 kurtosis 0.064 spec_cnn 0.047  (1s)
    JSR  -48.0 dB  BER 0.00e+00  P(det)@0.05 power_one_sided 0.051 power_two_sided 0.037 kurtosis 0.041 spec_cnn 0.037  (1s)
    JSR  -47.0 dB  BER 0.00e+00  P(det)@0.05 power_one_sided 0.053 power_two_sided 0.053 kurtosis 0.055 spec_cnn 0.043  (1s)
    JSR  -46.0 dB  BER 0.00e+00  P(det)@0.05 power_one_sided 0.051 power_two_sided 0.055 kurtosis 0.061 spec_cnn 0.061  (1s)
    JSR  -45.0 dB  BER 0.00e+00  P(det)@0.05 power_one_sided 0.051 power_two_sided 0.045 kurtosis 0.055 spec_cnn 0.043  (2s)
    JSR  -44.0 dB  BER 0.00e+00  P(det)@0.05 power_one_sided 0.045 power_two_sided 0.039 kurtosis 0.047 spec_cnn 0.045  (2s)
    JSR  -43.0 dB  BER 0.00e+00  P(det)@0.05 power_one_sided 0.029 power_two_sided 0.035 kurtosis 0.039 spec_cnn 0.041  (2s)
    JSR  -42.0 dB  BER 0.00e+00  P(det)@0.05 power_one_sided 0.043 power_two_sided 0.037 kurtosis 0.039 spec_cnn 0.031  (2s)
    JSR  -41.0 dB  BER 0.00e+00  P(det)@0.05 power_one_sided 0.051 power_two_sided 0.059 kurtosis 0.070 spec_cnn 0.047  (3s)
    JSR  -40.0 dB  BER 0.00e+00  P(det)@0.05 power_one_sided 0.043 power_two_sided 0.049 kurtosis 0.051 spec_cnn 0.051  (3s)
    JSR  -39.0 dB  BER 0.00e+00  P(det)@0.05 power_one_sided 0.045 power_two_sided 0.053 kurtosis 0.049 spec_cnn 0.062  (3s)
    JSR  -38.0 dB  BER 7.63e-06  P(det)@0.05 power_one_sided 0.051 power_two_sided 0.051 kurtosis 0.049 spec_cnn 0.037  (3s)
    JSR  -37.0 dB  BER 0.00e+00  P(det)@0.05 power_one_sided 0.074 power_two_sided 0.057 kurtosis 0.055 spec_cnn 0.061  (4s)
    JSR  -36.0 dB  BER 0.00e+00  P(det)@0.05 power_one_sided 0.057 power_two_sided 0.062 kurtosis 0.045 spec_cnn 0.037  (4s)
    JSR  -35.0 dB  BER 0.00e+00  P(det)@0.05 power_one_sided 0.045 power_two_sided 0.053 kurtosis 0.049 spec_cnn 0.057  (4s)
    JSR  -34.0 dB  BER 0.00e+00  P(det)@0.05 power_one_sided 0.055 power_two_sided 0.047 kurtosis 0.068 spec_cnn 0.053  (4s)
    JSR  -33.0 dB  BER 0.00e+00  P(det)@0.05 power_one_sided 0.031 power_two_sided 0.045 kurtosis 0.061 spec_cnn 0.057  (5s)
    JSR  -32.0 dB  BER 0.00e+00  P(det)@0.05 power_one_sided 0.064 power_two_sided 0.055 kurtosis 0.049 spec_cnn 0.059  (5s)
    JSR  -31.0 dB  BER 0.00e+00  P(det)@0.05 power_one_sided 0.047 power_two_sided 0.053 kurtosis 0.047 spec_cnn 0.059  (5s)
    JSR  -30.0 dB  BER 0.00e+00  P(det)@0.05 power_one_sided 0.047 power_two_sided 0.043 kurtosis 0.035 spec_cnn 0.039  (6s)
    JSR  -29.0 dB  BER 0.00e+00  P(det)@0.05 power_one_sided 0.062 power_two_sided 0.061 kurtosis 0.047 spec_cnn 0.059  (6s)
    JSR  -28.0 dB  BER 0.00e+00  P(det)@0.05 power_one_sided 0.043 power_two_sided 0.047 kurtosis 0.029 spec_cnn 0.049  (6s)
    JSR  -27.0 dB  BER 0.00e+00  P(det)@0.05 power_one_sided 0.070 power_two_sided 0.059 kurtosis 0.061 spec_cnn 0.057  (6s)
    JSR  -26.0 dB  BER 0.00e+00  P(det)@0.05 power_one_sided 0.066 power_two_sided 0.062 kurtosis 0.055 spec_cnn 0.062  (7s)
    JSR  -25.0 dB  BER 0.00e+00  P(det)@0.05 power_one_sided 0.078 power_two_sided 0.070 kurtosis 0.053 spec_cnn 0.045  (7s)
    JSR  -24.0 dB  BER 7.63e-06  P(det)@0.05 power_one_sided 0.076 power_two_sided 0.055 kurtosis 0.045 spec_cnn 0.021  (7s)
    JSR  -23.0 dB  BER 0.00e+00  P(det)@0.05 power_one_sided 0.088 power_two_sided 0.064 kurtosis 0.045 spec_cnn 0.062  (7s)
    JSR  -22.0 dB  BER 7.63e-06  P(det)@0.05 power_one_sided 0.094 power_two_sided 0.074 kurtosis 0.072 spec_cnn 0.037  (8s)
    JSR  -21.0 dB  BER 0.00e+00  P(det)@0.05 power_one_sided 0.084 power_two_sided 0.064 kurtosis 0.074 spec_cnn 0.078  (8s)
    JSR  -20.0 dB  BER 1.53e-05  P(det)@0.05 power_one_sided 0.127 power_two_sided 0.088 kurtosis 0.066 spec_cnn 0.051  (8s)
    JSR  -19.0 dB  BER 3.05e-05  P(det)@0.05 power_one_sided 0.121 power_two_sided 0.082 kurtosis 0.064 spec_cnn 0.053  (8s)
    JSR  -18.0 dB  BER 2.29e-05  P(det)@0.05 power_one_sided 0.168 power_two_sided 0.109 kurtosis 0.062 spec_cnn 0.076  (9s)
    JSR  -17.0 dB  BER 2.29e-05  P(det)@0.05 power_one_sided 0.262 power_two_sided 0.188 kurtosis 0.068 spec_cnn 0.070  (9s)
    JSR  -16.0 dB  BER 9.92e-05  P(det)@0.05 power_one_sided 0.271 power_two_sided 0.191 kurtosis 0.084 spec_cnn 0.074  (9s)
    JSR  -15.0 dB  BER 1.45e-04  P(det)@0.05 power_one_sided 0.359 power_two_sided 0.283 kurtosis 0.096 spec_cnn 0.064  (9s)
    JSR  -14.0 dB  BER 3.89e-04  P(det)@0.05 power_one_sided 0.496 power_two_sided 0.406 kurtosis 0.150 spec_cnn 0.074  (10s)
    JSR  -13.0 dB  BER 8.93e-04  P(det)@0.05 power_one_sided 0.598 power_two_sided 0.514 kurtosis 0.211 spec_cnn 0.088  (10s)
    JSR  -12.0 dB  BER 1.99e-03  P(det)@0.05 power_one_sided 0.711 power_two_sided 0.629 kurtosis 0.305 spec_cnn 0.102  (10s)
    JSR  -11.0 dB  BER 4.35e-03  P(det)@0.05 power_one_sided 0.820 power_two_sided 0.766 kurtosis 0.438 spec_cnn 0.084  (11s)
    JSR  -10.0 dB  BER 7.75e-03  P(det)@0.05 power_one_sided 0.934 power_two_sided 0.908 kurtosis 0.555 spec_cnn 0.092  (11s)
    JSR   -9.0 dB  BER 1.41e-02  P(det)@0.05 power_one_sided 0.955 power_two_sided 0.951 kurtosis 0.768 spec_cnn 0.107  (11s)
    JSR   -8.0 dB  BER 2.16e-02  P(det)@0.05 power_one_sided 0.979 power_two_sided 0.975 kurtosis 0.875 spec_cnn 0.143  (11s)
    JSR   -7.0 dB  BER 3.54e-02  P(det)@0.05 power_one_sided 0.998 power_two_sided 0.996 kurtosis 0.967 spec_cnn 0.170  (12s)
    JSR   -6.0 dB  BER 4.64e-02  P(det)@0.05 power_one_sided 1.000 power_two_sided 1.000 kurtosis 0.990 spec_cnn 0.197  (12s)
    JSR   -5.0 dB  BER 5.93e-02  P(det)@0.05 power_one_sided 1.000 power_two_sided 1.000 kurtosis 1.000 spec_cnn 0.221  (12s)
    JSR   -4.0 dB  BER 6.98e-02  P(det)@0.05 power_one_sided 1.000 power_two_sided 1.000 kurtosis 1.000 spec_cnn 0.268  (12s)
    JSR   -3.0 dB  BER 7.86e-02  P(det)@0.05 power_one_sided 1.000 power_two_sided 1.000 kurtosis 1.000 spec_cnn 0.369  (13s)
    JSR   -2.0 dB  BER 8.87e-02  P(det)@0.05 power_one_sided 1.000 power_two_sided 1.000 kurtosis 1.000 spec_cnn 0.426  (13s)
    JSR   -1.0 dB  BER 9.81e-02  P(det)@0.05 power_one_sided 1.000 power_two_sided 1.000 kurtosis 1.000 spec_cnn 0.547  (13s)
    JSR   +0.0 dB  BER 1.08e-01  P(det)@0.05 power_one_sided 1.000 power_two_sided 1.000 kurtosis 1.000 spec_cnn 0.662  (13s)
    JSR   +1.0 dB  BER 1.15e-01  P(det)@0.05 power_one_sided 1.000 power_two_sided 1.000 kurtosis 1.000 spec_cnn 0.816  (14s)
    JSR   +2.0 dB  BER 1.24e-01  P(det)@0.05 power_one_sided 1.000 power_two_sided 1.000 kurtosis 1.000 spec_cnn 0.920  (14s)
    JSR   +3.0 dB  BER 1.29e-01  P(det)@0.05 power_one_sided 1.000 power_two_sided 1.000 kurtosis 1.000 spec_cnn 0.979  (14s)
    JSR   +4.0 dB  BER 1.38e-01  P(det)@0.05 power_one_sided 1.000 power_two_sided 1.000 kurtosis 1.000 spec_cnn 0.998  (15s)
    JSR   +5.0 dB  BER 1.46e-01  P(det)@0.05 power_one_sided 1.000 power_two_sided 1.000 kurtosis 1.000 spec_cnn 1.000  (15s)
    JSR   +6.0 dB  BER 1.58e-01  P(det)@0.05 power_one_sided 1.000 power_two_sided 1.000 kurtosis 1.000 spec_cnn 1.000  (15s)
    JSR   +7.0 dB  BER 1.69e-01  P(det)@0.05 power_one_sided 1.000 power_two_sided 1.000 kurtosis 1.000 spec_cnn 1.000  (15s)
    JSR   +8.0 dB  BER 1.75e-01  P(det)@0.05 power_one_sided 1.000 power_two_sided 1.000 kurtosis 1.000 spec_cnn 1.000  (16s)
    JSR   +9.0 dB  BER 1.87e-01  P(det)@0.05 power_one_sided 1.000 power_two_sided 1.000 kurtosis 1.000 spec_cnn 1.000  (16s)
    JSR  +10.0 dB  BER 1.98e-01  P(det)@0.05 power_one_sided 1.000 power_two_sided 1.000 kurtosis 1.000 spec_cnn 1.000  (16s)
    JSR  +11.0 dB  BER 2.06e-01  P(det)@0.05 power_one_sided 1.000 power_two_sided 1.000 kurtosis 1.000 spec_cnn 1.000  (16s)
    JSR  +12.0 dB  BER 2.25e-01  P(det)@0.05 power_one_sided 1.000 power_two_sided 1.000 kurtosis 1.000 spec_cnn 1.000  (17s)
    JSR  +13.0 dB  BER 2.28e-01  P(det)@0.05 power_one_sided 1.000 power_two_sided 1.000 kurtosis 1.000 spec_cnn 1.000  (17s)
    JSR  +14.0 dB  BER 2.39e-01  P(det)@0.05 power_one_sided 1.000 power_two_sided 1.000 kurtosis 1.000 spec_cnn 1.000  (17s)
    JSR  +15.0 dB  BER 2.55e-01  P(det)@0.05 power_one_sided 1.000 power_two_sided 1.000 kurtosis 1.000 spec_cnn 1.000  (17s)
  [snr_5] pulsed_p0.25 confirmed: {"power_one_sided": {"0.01": {"index": 12, "sweep_ber": 7.62939453125e-06, "sweep_pdet": 0.0078125, "confirmed_ber": 0.0, "confirmed_ser": 0.0, "confirmed_pdet": 0.01123046875, "passed": true}, "0.05": {"index": 12, "sweep_ber": 7.62939453125e-06, "sweep_pdet": 0.05078125, "confirmed_ber": 0.0, "confirmed_ser": 0.0, "confirmed_pdet": 0.051025390625, "passed": true}}, "power_two_sided": {"0.01": {"index": 30, "sweep_ber": 1.52587890625e-05, "sweep_pdet": 0.017578125, "confirmed_ber": 6.67572021484375e-06, "confirmed_ser": 1.33514404296875e-05, "confirmed_pdet": 0.02734375, "passed": false}, "0.05": {"index": 12, "sweep_ber": 7.62939453125e-06, "sweep_pdet": 0.05078125, "confirmed_ber": 0.0, "confirmed_ser": 0.0, "confirmed_pdet": 0.052001953125, "passed": true}}, "kurtosis": {"0.01": {"index": 31, "sweep_ber": 3.0517578125e-05, "sweep_pdet": 0.017578125, "confirmed_ber": 1.1444091796875e-05, "confirmed_ser": 2.288818359375e-05, "confirmed_pdet": 0.020751953125, "passed": false}, "0.05": {"index": 31, "sweep_ber": 3.0517578125e-05, "sweep_pdet": 0.064453125, "confirmed_ber": 7.62939453125e-06, "confirmed_ser": 1.52587890625e-05, "confirmed_pdet": 0.059814453125, "passed": false}}, "spec_cnn": {"0.01": {"index": 39, "sweep_ber": 0.0043487548828125, "sweep_pdet": 0.013671875, "confirmed_ber": 0.0041046142578125, "confirmed_ser": 0.008209228515625, "confirmed_pdet": 0.02685546875, "passed": false}, "0.05": {"index": 35, "sweep_ber": 0.00014495849609375, "sweep_pdet": 0.064453125, "confirmed_ber": 0.000179290771484375, "confirmed_ser": 0.00035858154296875, "confirmed_pdet": 0.0693359375, "passed": false}}}  (148s)
  [snr_5] classical pulsed_p0.1
    JSR  -50.0 dB  BER 0.00e+00  P(det)@0.05 power_one_sided 0.047 power_two_sided 0.045 kurtosis 0.059 spec_cnn 0.041  (0s)
    JSR  -49.0 dB  BER 0.00e+00  P(det)@0.05 power_one_sided 0.066 power_two_sided 0.078 kurtosis 0.062 spec_cnn 0.061  (1s)
    JSR  -48.0 dB  BER 0.00e+00  P(det)@0.05 power_one_sided 0.047 power_two_sided 0.064 kurtosis 0.057 spec_cnn 0.051  (1s)
    JSR  -47.0 dB  BER 7.63e-06  P(det)@0.05 power_one_sided 0.043 power_two_sided 0.039 kurtosis 0.057 spec_cnn 0.037  (1s)
    JSR  -46.0 dB  BER 0.00e+00  P(det)@0.05 power_one_sided 0.035 power_two_sided 0.037 kurtosis 0.037 spec_cnn 0.051  (1s)
    JSR  -45.0 dB  BER 0.00e+00  P(det)@0.05 power_one_sided 0.043 power_two_sided 0.047 kurtosis 0.041 spec_cnn 0.053  (2s)
    JSR  -44.0 dB  BER 0.00e+00  P(det)@0.05 power_one_sided 0.045 power_two_sided 0.037 kurtosis 0.029 spec_cnn 0.049  (2s)
    JSR  -43.0 dB  BER 0.00e+00  P(det)@0.05 power_one_sided 0.051 power_two_sided 0.045 kurtosis 0.035 spec_cnn 0.055  (2s)
    JSR  -42.0 dB  BER 0.00e+00  P(det)@0.05 power_one_sided 0.062 power_two_sided 0.039 kurtosis 0.055 spec_cnn 0.051  (2s)
    JSR  -41.0 dB  BER 0.00e+00  P(det)@0.05 power_one_sided 0.043 power_two_sided 0.055 kurtosis 0.039 spec_cnn 0.041  (3s)
    JSR  -40.0 dB  BER 0.00e+00  P(det)@0.05 power_one_sided 0.041 power_two_sided 0.031 kurtosis 0.051 spec_cnn 0.051  (3s)
    JSR  -39.0 dB  BER 0.00e+00  P(det)@0.05 power_one_sided 0.061 power_two_sided 0.055 kurtosis 0.045 spec_cnn 0.041  (3s)
    JSR  -38.0 dB  BER 0.00e+00  P(det)@0.05 power_one_sided 0.035 power_two_sided 0.037 kurtosis 0.043 spec_cnn 0.041  (4s)
    JSR  -37.0 dB  BER 0.00e+00  P(det)@0.05 power_one_sided 0.039 power_two_sided 0.027 kurtosis 0.035 spec_cnn 0.051  (4s)
    JSR  -36.0 dB  BER 0.00e+00  P(det)@0.05 power_one_sided 0.055 power_two_sided 0.057 kurtosis 0.041 spec_cnn 0.062  (4s)
    JSR  -35.0 dB  BER 0.00e+00  P(det)@0.05 power_one_sided 0.051 power_two_sided 0.035 kurtosis 0.055 spec_cnn 0.041  (4s)
    JSR  -34.0 dB  BER 0.00e+00  P(det)@0.05 power_one_sided 0.049 power_two_sided 0.031 kurtosis 0.047 spec_cnn 0.061  (5s)
    JSR  -33.0 dB  BER 0.00e+00  P(det)@0.05 power_one_sided 0.031 power_two_sided 0.027 kurtosis 0.068 spec_cnn 0.049  (5s)
    JSR  -32.0 dB  BER 0.00e+00  P(det)@0.05 power_one_sided 0.064 power_two_sided 0.055 kurtosis 0.064 spec_cnn 0.035  (5s)
    JSR  -31.0 dB  BER 0.00e+00  P(det)@0.05 power_one_sided 0.049 power_two_sided 0.051 kurtosis 0.045 spec_cnn 0.053  (5s)
    JSR  -30.0 dB  BER 0.00e+00  P(det)@0.05 power_one_sided 0.053 power_two_sided 0.053 kurtosis 0.059 spec_cnn 0.037  (6s)
    JSR  -29.0 dB  BER 0.00e+00  P(det)@0.05 power_one_sided 0.068 power_two_sided 0.053 kurtosis 0.059 spec_cnn 0.051  (6s)
    JSR  -28.0 dB  BER 0.00e+00  P(det)@0.05 power_one_sided 0.051 power_two_sided 0.055 kurtosis 0.045 spec_cnn 0.049  (6s)
    JSR  -27.0 dB  BER 0.00e+00  P(det)@0.05 power_one_sided 0.059 power_two_sided 0.053 kurtosis 0.066 spec_cnn 0.066  (7s)
    JSR  -26.0 dB  BER 0.00e+00  P(det)@0.05 power_one_sided 0.090 power_two_sided 0.072 kurtosis 0.057 spec_cnn 0.047  (7s)
    JSR  -25.0 dB  BER 0.00e+00  P(det)@0.05 power_one_sided 0.076 power_two_sided 0.068 kurtosis 0.045 spec_cnn 0.068  (7s)
    JSR  -24.0 dB  BER 0.00e+00  P(det)@0.05 power_one_sided 0.068 power_two_sided 0.055 kurtosis 0.029 spec_cnn 0.041  (7s)
    JSR  -23.0 dB  BER 2.29e-05  P(det)@0.05 power_one_sided 0.078 power_two_sided 0.064 kurtosis 0.061 spec_cnn 0.062  (8s)
    JSR  -22.0 dB  BER 0.00e+00  P(det)@0.05 power_one_sided 0.098 power_two_sided 0.066 kurtosis 0.043 spec_cnn 0.070  (8s)
    JSR  -21.0 dB  BER 0.00e+00  P(det)@0.05 power_one_sided 0.092 power_two_sided 0.066 kurtosis 0.045 spec_cnn 0.068  (8s)
    JSR  -20.0 dB  BER 3.05e-05  P(det)@0.05 power_one_sided 0.152 power_two_sided 0.104 kurtosis 0.068 spec_cnn 0.059  (8s)
    JSR  -19.0 dB  BER 8.39e-05  P(det)@0.05 power_one_sided 0.158 power_two_sided 0.107 kurtosis 0.076 spec_cnn 0.057  (9s)
    JSR  -18.0 dB  BER 1.45e-04  P(det)@0.05 power_one_sided 0.189 power_two_sided 0.137 kurtosis 0.098 spec_cnn 0.068  (9s)
    JSR  -17.0 dB  BER 3.66e-04  P(det)@0.05 power_one_sided 0.223 power_two_sided 0.164 kurtosis 0.062 spec_cnn 0.078  (9s)
    JSR  -16.0 dB  BER 6.48e-04  P(det)@0.05 power_one_sided 0.291 power_two_sided 0.227 kurtosis 0.100 spec_cnn 0.082  (10s)
    JSR  -15.0 dB  BER 1.48e-03  P(det)@0.05 power_one_sided 0.385 power_two_sided 0.287 kurtosis 0.143 spec_cnn 0.059  (10s)
    JSR  -14.0 dB  BER 2.96e-03  P(det)@0.05 power_one_sided 0.506 power_two_sided 0.422 kurtosis 0.227 spec_cnn 0.088  (10s)
    JSR  -13.0 dB  BER 5.27e-03  P(det)@0.05 power_one_sided 0.633 power_two_sided 0.561 kurtosis 0.338 spec_cnn 0.070  (10s)
    JSR  -12.0 dB  BER 8.80e-03  P(det)@0.05 power_one_sided 0.721 power_two_sided 0.646 kurtosis 0.430 spec_cnn 0.098  (11s)
    JSR  -11.0 dB  BER 1.27e-02  P(det)@0.05 power_one_sided 0.822 power_two_sided 0.766 kurtosis 0.607 spec_cnn 0.102  (11s)
    JSR  -10.0 dB  BER 1.80e-02  P(det)@0.05 power_one_sided 0.906 power_two_sided 0.869 kurtosis 0.779 spec_cnn 0.109  (11s)
    JSR   -9.0 dB  BER 2.26e-02  P(det)@0.05 power_one_sided 0.949 power_two_sided 0.941 kurtosis 0.904 spec_cnn 0.115  (11s)
    JSR   -8.0 dB  BER 2.63e-02  P(det)@0.05 power_one_sided 0.980 power_two_sided 0.975 kurtosis 0.959 spec_cnn 0.115  (12s)
    JSR   -7.0 dB  BER 3.19e-02  P(det)@0.05 power_one_sided 0.994 power_two_sided 0.994 kurtosis 0.990 spec_cnn 0.129  (12s)
    JSR   -6.0 dB  BER 3.66e-02  P(det)@0.05 power_one_sided 0.998 power_two_sided 0.998 kurtosis 1.000 spec_cnn 0.180  (12s)
    JSR   -5.0 dB  BER 4.12e-02  P(det)@0.05 power_one_sided 1.000 power_two_sided 1.000 kurtosis 1.000 spec_cnn 0.176  (13s)
    JSR   -4.0 dB  BER 4.50e-02  P(det)@0.05 power_one_sided 1.000 power_two_sided 1.000 kurtosis 1.000 spec_cnn 0.271  (13s)
    JSR   -3.0 dB  BER 4.74e-02  P(det)@0.05 power_one_sided 1.000 power_two_sided 1.000 kurtosis 1.000 spec_cnn 0.309  (13s)
    JSR   -2.0 dB  BER 5.08e-02  P(det)@0.05 power_one_sided 1.000 power_two_sided 1.000 kurtosis 1.000 spec_cnn 0.418  (13s)
    JSR   -1.0 dB  BER 5.44e-02  P(det)@0.05 power_one_sided 1.000 power_two_sided 1.000 kurtosis 1.000 spec_cnn 0.533  (14s)
    JSR   +0.0 dB  BER 5.81e-02  P(det)@0.05 power_one_sided 1.000 power_two_sided 1.000 kurtosis 1.000 spec_cnn 0.691  (14s)
    JSR   +1.0 dB  BER 6.01e-02  P(det)@0.05 power_one_sided 1.000 power_two_sided 1.000 kurtosis 1.000 spec_cnn 0.877  (14s)
    JSR   +2.0 dB  BER 6.52e-02  P(det)@0.05 power_one_sided 1.000 power_two_sided 1.000 kurtosis 1.000 spec_cnn 0.965  (14s)
    JSR   +3.0 dB  BER 7.13e-02  P(det)@0.05 power_one_sided 1.000 power_two_sided 1.000 kurtosis 1.000 spec_cnn 0.988  (15s)
    JSR   +4.0 dB  BER 7.70e-02  P(det)@0.05 power_one_sided 1.000 power_two_sided 1.000 kurtosis 1.000 spec_cnn 1.000  (15s)
    JSR   +5.0 dB  BER 8.41e-02  P(det)@0.05 power_one_sided 1.000 power_two_sided 1.000 kurtosis 1.000 spec_cnn 1.000  (15s)
    JSR   +6.0 dB  BER 8.77e-02  P(det)@0.05 power_one_sided 1.000 power_two_sided 1.000 kurtosis 1.000 spec_cnn 1.000  (16s)
    JSR   +7.0 dB  BER 9.62e-02  P(det)@0.05 power_one_sided 1.000 power_two_sided 1.000 kurtosis 1.000 spec_cnn 1.000  (16s)
    JSR   +8.0 dB  BER 1.00e-01  P(det)@0.05 power_one_sided 1.000 power_two_sided 1.000 kurtosis 1.000 spec_cnn 1.000  (16s)
    JSR   +9.0 dB  BER 1.06e-01  P(det)@0.05 power_one_sided 1.000 power_two_sided 1.000 kurtosis 1.000 spec_cnn 1.000  (16s)
    JSR  +10.0 dB  BER 1.12e-01  P(det)@0.05 power_one_sided 1.000 power_two_sided 1.000 kurtosis 1.000 spec_cnn 1.000  (17s)
    JSR  +11.0 dB  BER 1.22e-01  P(det)@0.05 power_one_sided 1.000 power_two_sided 1.000 kurtosis 1.000 spec_cnn 1.000  (17s)
    JSR  +12.0 dB  BER 1.27e-01  P(det)@0.05 power_one_sided 1.000 power_two_sided 1.000 kurtosis 1.000 spec_cnn 1.000  (17s)
    JSR  +13.0 dB  BER 1.36e-01  P(det)@0.05 power_one_sided 1.000 power_two_sided 1.000 kurtosis 1.000 spec_cnn 1.000  (17s)
    JSR  +14.0 dB  BER 1.36e-01  P(det)@0.05 power_one_sided 1.000 power_two_sided 1.000 kurtosis 1.000 spec_cnn 1.000  (18s)
    JSR  +15.0 dB  BER 1.44e-01  P(det)@0.05 power_one_sided 1.000 power_two_sided 1.000 kurtosis 1.000 spec_cnn 1.000  (18s)
  [snr_5] pulsed_p0.1 confirmed: {"power_one_sided": {"0.01": {"index": 3, "sweep_ber": 7.62939453125e-06, "sweep_pdet": 0.005859375, "confirmed_ber": 0.0, "confirmed_ser": 0.0, "confirmed_pdet": 0.007568359375, "passed": true}, "0.05": {"index": 3, "sweep_ber": 7.62939453125e-06, "sweep_pdet": 0.04296875, "confirmed_ber": 9.5367431640625e-07, "confirmed_ser": 1.9073486328125e-06, "confirmed_pdet": 0.0498046875, "passed": true}}, "power_two_sided": {"0.01": {"index": 27, "sweep_ber": 2.288818359375e-05, "sweep_pdet": 0.01171875, "confirmed_ber": 5.7220458984375e-06, "confirmed_ser": 1.1444091796875e-05, "confirmed_pdet": 0.0126953125, "passed": true}, "0.05": {"index": 27, "sweep_ber": 2.288818359375e-05, "sweep_pdet": 0.064453125, "confirmed_ber": 4.76837158203125e-06, "confirmed_ser": 9.5367431640625e-06, "confirmed_pdet": 0.0654296875, "passed": false}}, "kurtosis": {"0.01": {"index": 31, "sweep_ber": 8.392333984375e-05, "sweep_pdet": 0.013671875, "confirmed_ber": 7.2479248046875e-05, "confirmed_ser": 0.00014495849609375, "confirmed_pdet": 0.017333984375, "passed": false}, "0.05": {"index": 33, "sweep_ber": 0.0003662109375, "sweep_pdet": 0.0625, "confirmed_ber": 0.00037097930908203125, "confirmed_ser": 0.0007419586181640625, "confirmed_pdet": 0.092041015625, "passed": false}}, "spec_cnn": {"0.01": {"index": 36, "sweep_ber": 0.002960205078125, "sweep_pdet": 0.013671875, "confirmed_ber": 0.0030307769775390625, "confirmed_ser": 0.006053924560546875, "confirmed_pdet": 0.01806640625, "passed": false}, "0.05": {"index": 35, "sweep_ber": 0.0014801025390625, "sweep_pdet": 0.05859375, "confirmed_ber": 0.0015211105346679688, "confirmed_ser": 0.0030384063720703125, "confirmed_pdet": 0.07275390625, "passed": false}}}  (183s)
  [snr_5] classical omniscient_e0.1
    JSR  -50.0 dB  BER 0.00e+00  P(det)@0.05 power_one_sided 0.047 power_two_sided 0.039 kurtosis 0.049 spec_cnn 0.047  (0s)
    JSR  -49.0 dB  BER 0.00e+00  P(det)@0.05 power_one_sided 0.057 power_two_sided 0.053 kurtosis 0.041 spec_cnn 0.029  (1s)
    JSR  -48.0 dB  BER 0.00e+00  P(det)@0.05 power_one_sided 0.047 power_two_sided 0.039 kurtosis 0.059 spec_cnn 0.043  (1s)
    JSR  -47.0 dB  BER 0.00e+00  P(det)@0.05 power_one_sided 0.053 power_two_sided 0.057 kurtosis 0.059 spec_cnn 0.033  (1s)
    JSR  -46.0 dB  BER 0.00e+00  P(det)@0.05 power_one_sided 0.055 power_two_sided 0.053 kurtosis 0.039 spec_cnn 0.055  (1s)
    JSR  -45.0 dB  BER 0.00e+00  P(det)@0.05 power_one_sided 0.055 power_two_sided 0.062 kurtosis 0.051 spec_cnn 0.066  (2s)
    JSR  -44.0 dB  BER 0.00e+00  P(det)@0.05 power_one_sided 0.062 power_two_sided 0.066 kurtosis 0.064 spec_cnn 0.053  (2s)
    JSR  -43.0 dB  BER 0.00e+00  P(det)@0.05 power_one_sided 0.041 power_two_sided 0.045 kurtosis 0.039 spec_cnn 0.041  (2s)
    JSR  -42.0 dB  BER 0.00e+00  P(det)@0.05 power_one_sided 0.047 power_two_sided 0.047 kurtosis 0.051 spec_cnn 0.037  (2s)
    JSR  -41.0 dB  BER 0.00e+00  P(det)@0.05 power_one_sided 0.047 power_two_sided 0.053 kurtosis 0.035 spec_cnn 0.047  (3s)
    JSR  -40.0 dB  BER 0.00e+00  P(det)@0.05 power_one_sided 0.057 power_two_sided 0.039 kurtosis 0.061 spec_cnn 0.057  (3s)
    JSR  -39.0 dB  BER 0.00e+00  P(det)@0.05 power_one_sided 0.037 power_two_sided 0.033 kurtosis 0.055 spec_cnn 0.053  (3s)
    JSR  -38.0 dB  BER 0.00e+00  P(det)@0.05 power_one_sided 0.045 power_two_sided 0.055 kurtosis 0.059 spec_cnn 0.039  (4s)
    JSR  -37.0 dB  BER 0.00e+00  P(det)@0.05 power_one_sided 0.037 power_two_sided 0.045 kurtosis 0.055 spec_cnn 0.059  (4s)
    JSR  -36.0 dB  BER 7.63e-06  P(det)@0.05 power_one_sided 0.062 power_two_sided 0.070 kurtosis 0.043 spec_cnn 0.053  (4s)
    JSR  -35.0 dB  BER 0.00e+00  P(det)@0.05 power_one_sided 0.047 power_two_sided 0.049 kurtosis 0.049 spec_cnn 0.066  (4s)
    JSR  -34.0 dB  BER 0.00e+00  P(det)@0.05 power_one_sided 0.055 power_two_sided 0.055 kurtosis 0.061 spec_cnn 0.057  (5s)
    JSR  -33.0 dB  BER 0.00e+00  P(det)@0.05 power_one_sided 0.049 power_two_sided 0.043 kurtosis 0.072 spec_cnn 0.047  (5s)
    JSR  -32.0 dB  BER 0.00e+00  P(det)@0.05 power_one_sided 0.031 power_two_sided 0.035 kurtosis 0.064 spec_cnn 0.033  (5s)
    JSR  -31.0 dB  BER 0.00e+00  P(det)@0.05 power_one_sided 0.039 power_two_sided 0.035 kurtosis 0.059 spec_cnn 0.039  (5s)
    JSR  -30.0 dB  BER 0.00e+00  P(det)@0.05 power_one_sided 0.055 power_two_sided 0.047 kurtosis 0.051 spec_cnn 0.062  (6s)
    JSR  -29.0 dB  BER 0.00e+00  P(det)@0.05 power_one_sided 0.039 power_two_sided 0.045 kurtosis 0.033 spec_cnn 0.043  (6s)
    JSR  -28.0 dB  BER 0.00e+00  P(det)@0.05 power_one_sided 0.057 power_two_sided 0.053 kurtosis 0.055 spec_cnn 0.068  (6s)
    JSR  -27.0 dB  BER 0.00e+00  P(det)@0.05 power_one_sided 0.059 power_two_sided 0.045 kurtosis 0.035 spec_cnn 0.033  (6s)
    JSR  -26.0 dB  BER 0.00e+00  P(det)@0.05 power_one_sided 0.045 power_two_sided 0.047 kurtosis 0.053 spec_cnn 0.064  (7s)
    JSR  -25.0 dB  BER 0.00e+00  P(det)@0.05 power_one_sided 0.053 power_two_sided 0.035 kurtosis 0.045 spec_cnn 0.055  (7s)
    JSR  -24.0 dB  BER 0.00e+00  P(det)@0.05 power_one_sided 0.039 power_two_sided 0.043 kurtosis 0.061 spec_cnn 0.047  (7s)
    JSR  -23.0 dB  BER 0.00e+00  P(det)@0.05 power_one_sided 0.041 power_two_sided 0.037 kurtosis 0.070 spec_cnn 0.043  (8s)
    JSR  -22.0 dB  BER 0.00e+00  P(det)@0.05 power_one_sided 0.057 power_two_sided 0.043 kurtosis 0.045 spec_cnn 0.031  (8s)
    JSR  -21.0 dB  BER 0.00e+00  P(det)@0.05 power_one_sided 0.055 power_two_sided 0.049 kurtosis 0.055 spec_cnn 0.049  (8s)
    JSR  -20.0 dB  BER 5.56e-03  P(det)@0.05 power_one_sided 0.021 power_two_sided 0.059 kurtosis 0.041 spec_cnn 0.045  (8s)
    JSR  -19.0 dB  BER 5.42e-03  P(det)@0.05 power_one_sided 0.018 power_two_sided 0.061 kurtosis 0.039 spec_cnn 0.041  (9s)
    JSR  -18.0 dB  BER 5.55e-03  P(det)@0.05 power_one_sided 0.023 power_two_sided 0.064 kurtosis 0.061 spec_cnn 0.045  (9s)
    JSR  -17.0 dB  BER 1.09e-02  P(det)@0.05 power_one_sided 0.012 power_two_sided 0.086 kurtosis 0.062 spec_cnn 0.035  (9s)
    JSR  -16.0 dB  BER 1.08e-02  P(det)@0.05 power_one_sided 0.014 power_two_sided 0.074 kurtosis 0.059 spec_cnn 0.053  (9s)
    JSR  -15.0 dB  BER 1.59e-02  P(det)@0.05 power_one_sided 0.006 power_two_sided 0.139 kurtosis 0.107 spec_cnn 0.049  (10s)
    JSR  -14.0 dB  BER 2.18e-02  P(det)@0.05 power_one_sided 0.000 power_two_sided 0.213 kurtosis 0.111 spec_cnn 0.051  (10s)
    JSR  -13.0 dB  BER 2.69e-02  P(det)@0.05 power_one_sided 0.004 power_two_sided 0.273 kurtosis 0.174 spec_cnn 0.031  (10s)
    JSR  -12.0 dB  BER 3.21e-02  P(det)@0.05 power_one_sided 0.000 power_two_sided 0.373 kurtosis 0.199 spec_cnn 0.051  (11s)
    JSR  -11.0 dB  BER 4.35e-02  P(det)@0.05 power_one_sided 0.000 power_two_sided 0.652 kurtosis 0.271 spec_cnn 0.059  (11s)
    JSR  -10.0 dB  BER 5.38e-02  P(det)@0.05 power_one_sided 0.000 power_two_sided 0.820 kurtosis 0.420 spec_cnn 0.045  (11s)
    JSR   -9.0 dB  BER 7.04e-02  P(det)@0.05 power_one_sided 0.000 power_two_sided 0.959 kurtosis 0.627 spec_cnn 0.035  (11s)
    JSR   -8.0 dB  BER 8.70e-02  P(det)@0.05 power_one_sided 0.000 power_two_sided 0.996 kurtosis 0.775 spec_cnn 0.041  (12s)
    JSR   -7.0 dB  BER 1.13e-01  P(det)@0.05 power_one_sided 0.000 power_two_sided 1.000 kurtosis 0.967 spec_cnn 0.039  (12s)
    JSR   -6.0 dB  BER 1.40e-01  P(det)@0.05 power_one_sided 0.000 power_two_sided 1.000 kurtosis 0.998 spec_cnn 0.033  (12s)
    JSR   -5.0 dB  BER 1.78e-01  P(det)@0.05 power_one_sided 0.000 power_two_sided 1.000 kurtosis 1.000 spec_cnn 0.039  (12s)
    JSR   -4.0 dB  BER 2.27e-01  P(det)@0.05 power_one_sided 0.000 power_two_sided 1.000 kurtosis 1.000 spec_cnn 0.021  (13s)
    JSR   -3.0 dB  BER 2.87e-01  P(det)@0.05 power_one_sided 0.000 power_two_sided 1.000 kurtosis 1.000 spec_cnn 0.023  (13s)
    JSR   -2.0 dB  BER 3.57e-01  P(det)@0.05 power_one_sided 0.000 power_two_sided 1.000 kurtosis 1.000 spec_cnn 0.012  (13s)
    JSR   -1.0 dB  BER 4.56e-01  P(det)@0.05 power_one_sided 0.000 power_two_sided 1.000 kurtosis 1.000 spec_cnn 0.002  (14s)
    JSR   +0.0 dB  BER 5.70e-01  P(det)@0.05 power_one_sided 0.000 power_two_sided 1.000 kurtosis 1.000 spec_cnn 0.000  (14s)
    JSR   +1.0 dB  BER 6.90e-01  P(det)@0.05 power_one_sided 0.000 power_two_sided 1.000 kurtosis 1.000 spec_cnn 0.000  (14s)
    JSR   +2.0 dB  BER 6.92e-01  P(det)@0.05 power_one_sided 0.000 power_two_sided 1.000 kurtosis 1.000 spec_cnn 0.000  (14s)
    JSR   +3.0 dB  BER 6.94e-01  P(det)@0.05 power_one_sided 0.000 power_two_sided 1.000 kurtosis 1.000 spec_cnn 0.000  (15s)
    JSR   +4.0 dB  BER 6.93e-01  P(det)@0.05 power_one_sided 0.000 power_two_sided 1.000 kurtosis 1.000 spec_cnn 0.000  (15s)
    JSR   +5.0 dB  BER 6.92e-01  P(det)@0.05 power_one_sided 0.000 power_two_sided 1.000 kurtosis 1.000 spec_cnn 0.000  (15s)
    JSR   +6.0 dB  BER 6.91e-01  P(det)@0.05 power_one_sided 0.000 power_two_sided 1.000 kurtosis 1.000 spec_cnn 0.000  (15s)
    JSR   +7.0 dB  BER 6.92e-01  P(det)@0.05 power_one_sided 0.000 power_two_sided 1.000 kurtosis 1.000 spec_cnn 0.000  (16s)
    JSR   +8.0 dB  BER 6.92e-01  P(det)@0.05 power_one_sided 0.000 power_two_sided 1.000 kurtosis 1.000 spec_cnn 0.000  (16s)
    JSR   +9.0 dB  BER 6.95e-01  P(det)@0.05 power_one_sided 0.000 power_two_sided 1.000 kurtosis 1.000 spec_cnn 0.000  (16s)
    JSR  +10.0 dB  BER 6.96e-01  P(det)@0.05 power_one_sided 0.000 power_two_sided 1.000 kurtosis 1.000 spec_cnn 0.000  (16s)
    JSR  +11.0 dB  BER 6.93e-01  P(det)@0.05 power_one_sided 0.000 power_two_sided 1.000 kurtosis 1.000 spec_cnn 0.000  (17s)
    JSR  +12.0 dB  BER 6.91e-01  P(det)@0.05 power_one_sided 0.000 power_two_sided 1.000 kurtosis 1.000 spec_cnn 0.000  (17s)
    JSR  +13.0 dB  BER 6.93e-01  P(det)@0.05 power_one_sided 0.000 power_two_sided 1.000 kurtosis 1.000 spec_cnn 0.000  (17s)
    JSR  +14.0 dB  BER 6.93e-01  P(det)@0.05 power_one_sided 0.000 power_two_sided 1.000 kurtosis 1.000 spec_cnn 0.000  (18s)
    JSR  +15.0 dB  BER 6.91e-01  P(det)@0.05 power_one_sided 0.000 power_two_sided 1.000 kurtosis 1.000 spec_cnn 0.000  (18s)
  [snr_5] omniscient_e0.1 confirmed: {"power_one_sided": {"0.01": {"index": 60, "sweep_ber": 0.6957778930664062, "sweep_pdet": 0.0, "confirmed_ber": 0.692448616027832, "confirmed_ser": 0.9057884216308594, "confirmed_pdet": 0.0, "passed": true}, "0.05": {"index": 60, "sweep_ber": 0.6957778930664062, "sweep_pdet": 0.0, "confirmed_ber": 0.6923332214355469, "confirmed_ser": 0.9055061340332031, "confirmed_pdet": 0.0, "passed": true}}, "power_two_sided": {"0.01": {"index": 33, "sweep_ber": 0.01087188720703125, "sweep_pdet": 0.0078125, "confirmed_ber": 0.010872840881347656, "confirmed_ser": 0.014148712158203125, "confirmed_pdet": 0.02001953125, "passed": false}, "0.05": {"index": 30, "sweep_ber": 0.00556182861328125, "sweep_pdet": 0.05859375, "confirmed_ber": 0.0053920745849609375, "confirmed_ser": 0.007091522216796875, "confirmed_pdet": 0.05712890625, "passed": false}}, "kurtosis": {"0.01": {"index": 33, "sweep_ber": 0.01087188720703125, "sweep_pdet": 0.015625, "confirmed_ber": 0.010868072509765625, "confirmed_ser": 0.014232635498046875, "confirmed_pdet": 0.01708984375, "passed": false}, "0.05": {"index": 33, "sweep_ber": 0.01087188720703125, "sweep_pdet": 0.0625, "confirmed_ber": 0.010785102844238281, "confirmed_ser": 0.0140838623046875, "confirmed_pdet": 0.07373046875, "passed": false}}, "spec_cnn": {"0.01": {"index": 60, "sweep_ber": 0.6957778930664062, "sweep_pdet": 0.0, "confirmed_ber": 0.6927566528320312, "confirmed_ser": 0.9055957794189453, "confirmed_pdet": 0.0, "passed": true}, "0.05": {"index": 60, "sweep_ber": 0.6957778930664062, "sweep_pdet": 0.0, "confirmed_ber": 0.6922359466552734, "confirmed_ser": 0.9052009582519531, "confirmed_pdet": 0.0, "passed": true}}}  (218s)
  [snr_5] classical omniscient_e1
    JSR  -50.0 dB  BER 0.00e+00  P(det)@0.05 power_one_sided 0.039 power_two_sided 0.043 kurtosis 0.047 spec_cnn 0.047  (0s)
    JSR  -49.0 dB  BER 0.00e+00  P(det)@0.05 power_one_sided 0.070 power_two_sided 0.061 kurtosis 0.047 spec_cnn 0.055  (1s)
    JSR  -48.0 dB  BER 0.00e+00  P(det)@0.05 power_one_sided 0.064 power_two_sided 0.059 kurtosis 0.059 spec_cnn 0.062  (1s)
    JSR  -47.0 dB  BER 0.00e+00  P(det)@0.05 power_one_sided 0.047 power_two_sided 0.055 kurtosis 0.053 spec_cnn 0.037  (1s)
    JSR  -46.0 dB  BER 0.00e+00  P(det)@0.05 power_one_sided 0.047 power_two_sided 0.041 kurtosis 0.062 spec_cnn 0.039  (1s)
    JSR  -45.0 dB  BER 0.00e+00  P(det)@0.05 power_one_sided 0.027 power_two_sided 0.033 kurtosis 0.041 spec_cnn 0.045  (2s)
    JSR  -44.0 dB  BER 0.00e+00  P(det)@0.05 power_one_sided 0.039 power_two_sided 0.057 kurtosis 0.055 spec_cnn 0.059  (2s)
    JSR  -43.0 dB  BER 0.00e+00  P(det)@0.05 power_one_sided 0.053 power_two_sided 0.041 kurtosis 0.061 spec_cnn 0.053  (2s)
    JSR  -42.0 dB  BER 0.00e+00  P(det)@0.05 power_one_sided 0.047 power_two_sided 0.043 kurtosis 0.049 spec_cnn 0.057  (2s)
    JSR  -41.0 dB  BER 0.00e+00  P(det)@0.05 power_one_sided 0.057 power_two_sided 0.057 kurtosis 0.047 spec_cnn 0.025  (3s)
    JSR  -40.0 dB  BER 0.00e+00  P(det)@0.05 power_one_sided 0.049 power_two_sided 0.057 kurtosis 0.047 spec_cnn 0.041  (3s)
    JSR  -39.0 dB  BER 0.00e+00  P(det)@0.05 power_one_sided 0.064 power_two_sided 0.068 kurtosis 0.043 spec_cnn 0.061  (3s)
    JSR  -38.0 dB  BER 0.00e+00  P(det)@0.05 power_one_sided 0.051 power_two_sided 0.045 kurtosis 0.061 spec_cnn 0.053  (4s)
    JSR  -37.0 dB  BER 0.00e+00  P(det)@0.05 power_one_sided 0.049 power_two_sided 0.051 kurtosis 0.051 spec_cnn 0.049  (4s)
    JSR  -36.0 dB  BER 0.00e+00  P(det)@0.05 power_one_sided 0.039 power_two_sided 0.041 kurtosis 0.047 spec_cnn 0.064  (4s)
    JSR  -35.0 dB  BER 0.00e+00  P(det)@0.05 power_one_sided 0.064 power_two_sided 0.051 kurtosis 0.057 spec_cnn 0.049  (4s)
    JSR  -34.0 dB  BER 0.00e+00  P(det)@0.05 power_one_sided 0.059 power_two_sided 0.041 kurtosis 0.055 spec_cnn 0.061  (5s)
    JSR  -33.0 dB  BER 0.00e+00  P(det)@0.05 power_one_sided 0.037 power_two_sided 0.043 kurtosis 0.043 spec_cnn 0.072  (5s)
    JSR  -32.0 dB  BER 0.00e+00  P(det)@0.05 power_one_sided 0.053 power_two_sided 0.051 kurtosis 0.049 spec_cnn 0.045  (5s)
    JSR  -31.0 dB  BER 0.00e+00  P(det)@0.05 power_one_sided 0.047 power_two_sided 0.041 kurtosis 0.039 spec_cnn 0.055  (5s)
    JSR  -30.0 dB  BER 0.00e+00  P(det)@0.05 power_one_sided 0.045 power_two_sided 0.039 kurtosis 0.066 spec_cnn 0.043  (6s)
    JSR  -29.0 dB  BER 0.00e+00  P(det)@0.05 power_one_sided 0.051 power_two_sided 0.051 kurtosis 0.039 spec_cnn 0.039  (6s)
    JSR  -28.0 dB  BER 0.00e+00  P(det)@0.05 power_one_sided 0.053 power_two_sided 0.035 kurtosis 0.053 spec_cnn 0.068  (6s)
    JSR  -27.0 dB  BER 0.00e+00  P(det)@0.05 power_one_sided 0.055 power_two_sided 0.068 kurtosis 0.043 spec_cnn 0.057  (7s)
    JSR  -26.0 dB  BER 0.00e+00  P(det)@0.05 power_one_sided 0.035 power_two_sided 0.039 kurtosis 0.061 spec_cnn 0.074  (7s)
    JSR  -25.0 dB  BER 0.00e+00  P(det)@0.05 power_one_sided 0.043 power_two_sided 0.059 kurtosis 0.051 spec_cnn 0.043  (7s)
    JSR  -24.0 dB  BER 0.00e+00  P(det)@0.05 power_one_sided 0.059 power_two_sided 0.061 kurtosis 0.049 spec_cnn 0.051  (7s)
    JSR  -23.0 dB  BER 0.00e+00  P(det)@0.05 power_one_sided 0.039 power_two_sided 0.045 kurtosis 0.053 spec_cnn 0.041  (8s)
    JSR  -22.0 dB  BER 0.00e+00  P(det)@0.05 power_one_sided 0.037 power_two_sided 0.045 kurtosis 0.051 spec_cnn 0.051  (8s)
    JSR  -21.0 dB  BER 0.00e+00  P(det)@0.05 power_one_sided 0.051 power_two_sided 0.043 kurtosis 0.055 spec_cnn 0.057  (8s)
    JSR  -20.0 dB  BER 0.00e+00  P(det)@0.05 power_one_sided 0.051 power_two_sided 0.047 kurtosis 0.047 spec_cnn 0.023  (8s)
    JSR  -19.0 dB  BER 0.00e+00  P(det)@0.05 power_one_sided 0.043 power_two_sided 0.039 kurtosis 0.057 spec_cnn 0.043  (9s)
    JSR  -18.0 dB  BER 0.00e+00  P(det)@0.05 power_one_sided 0.059 power_two_sided 0.059 kurtosis 0.059 spec_cnn 0.051  (9s)
    JSR  -17.0 dB  BER 0.00e+00  P(det)@0.05 power_one_sided 0.049 power_two_sided 0.031 kurtosis 0.051 spec_cnn 0.031  (9s)
    JSR  -16.0 dB  BER 0.00e+00  P(det)@0.05 power_one_sided 0.039 power_two_sided 0.047 kurtosis 0.055 spec_cnn 0.037  (10s)
    JSR  -15.0 dB  BER 7.81e-03  P(det)@0.05 power_one_sided 0.039 power_two_sided 0.039 kurtosis 0.049 spec_cnn 0.047  (10s)
    JSR  -14.0 dB  BER 7.81e-03  P(det)@0.05 power_one_sided 0.047 power_two_sided 0.047 kurtosis 0.049 spec_cnn 0.064  (10s)
    JSR  -13.0 dB  BER 7.81e-03  P(det)@0.05 power_one_sided 0.043 power_two_sided 0.039 kurtosis 0.066 spec_cnn 0.041  (10s)
    JSR  -12.0 dB  BER 1.56e-02  P(det)@0.05 power_one_sided 0.053 power_two_sided 0.055 kurtosis 0.066 spec_cnn 0.053  (11s)
    JSR  -11.0 dB  BER 1.56e-02  P(det)@0.05 power_one_sided 0.027 power_two_sided 0.027 kurtosis 0.070 spec_cnn 0.043  (11s)
    JSR  -10.0 dB  BER 2.34e-02  P(det)@0.05 power_one_sided 0.076 power_two_sided 0.057 kurtosis 0.029 spec_cnn 0.051  (11s)
    JSR   -9.0 dB  BER 3.12e-02  P(det)@0.05 power_one_sided 0.035 power_two_sided 0.057 kurtosis 0.041 spec_cnn 0.045  (11s)
    JSR   -8.0 dB  BER 3.91e-02  P(det)@0.05 power_one_sided 0.068 power_two_sided 0.047 kurtosis 0.061 spec_cnn 0.051  (12s)
    JSR   -7.0 dB  BER 4.69e-02  P(det)@0.05 power_one_sided 0.035 power_two_sided 0.043 kurtosis 0.037 spec_cnn 0.035  (12s)
    JSR   -6.0 dB  BER 6.25e-02  P(det)@0.05 power_one_sided 0.051 power_two_sided 0.049 kurtosis 0.041 spec_cnn 0.051  (12s)
    JSR   -5.0 dB  BER 7.81e-02  P(det)@0.05 power_one_sided 0.066 power_two_sided 0.057 kurtosis 0.061 spec_cnn 0.041  (13s)
    JSR   -4.0 dB  BER 9.38e-02  P(det)@0.05 power_one_sided 0.059 power_two_sided 0.057 kurtosis 0.027 spec_cnn 0.041  (13s)
    JSR   -3.0 dB  BER 1.25e-01  P(det)@0.05 power_one_sided 0.061 power_two_sided 0.062 kurtosis 0.047 spec_cnn 0.057  (13s)
    JSR   -2.0 dB  BER 1.56e-01  P(det)@0.05 power_one_sided 0.057 power_two_sided 0.057 kurtosis 0.055 spec_cnn 0.053  (13s)
    JSR   -1.0 dB  BER 1.95e-01  P(det)@0.05 power_one_sided 0.061 power_two_sided 0.070 kurtosis 0.041 spec_cnn 0.053  (14s)
    JSR   +0.0 dB  BER 2.50e-01  P(det)@0.05 power_one_sided 0.064 power_two_sided 0.057 kurtosis 0.041 spec_cnn 0.055  (14s)
    JSR   +1.0 dB  BER 3.12e-01  P(det)@0.05 power_one_sided 0.051 power_two_sided 0.062 kurtosis 0.068 spec_cnn 0.053  (14s)
    JSR   +2.0 dB  BER 3.91e-01  P(det)@0.05 power_one_sided 0.043 power_two_sided 0.043 kurtosis 0.061 spec_cnn 0.039  (14s)
    JSR   +3.0 dB  BER 4.92e-01  P(det)@0.05 power_one_sided 0.061 power_two_sided 0.059 kurtosis 0.047 spec_cnn 0.047  (15s)
    JSR   +4.0 dB  BER 6.25e-01  P(det)@0.05 power_one_sided 0.029 power_two_sided 0.051 kurtosis 0.027 spec_cnn 0.057  (15s)
    JSR   +5.0 dB  BER 7.89e-01  P(det)@0.05 power_one_sided 0.049 power_two_sided 0.051 kurtosis 0.049 spec_cnn 0.055  (15s)
    JSR   +6.0 dB  BER 9.92e-01  P(det)@0.05 power_one_sided 0.037 power_two_sided 0.039 kurtosis 0.049 spec_cnn 0.047  (16s)
    JSR   +7.0 dB  BER 1.00e+00  P(det)@0.05 power_one_sided 0.047 power_two_sided 0.047 kurtosis 0.051 spec_cnn 0.051  (16s)
    JSR   +8.0 dB  BER 1.00e+00  P(det)@0.05 power_one_sided 0.047 power_two_sided 0.045 kurtosis 0.037 spec_cnn 0.041  (16s)
    JSR   +9.0 dB  BER 1.00e+00  P(det)@0.05 power_one_sided 0.043 power_two_sided 0.059 kurtosis 0.039 spec_cnn 0.053  (16s)
    JSR  +10.0 dB  BER 1.00e+00  P(det)@0.05 power_one_sided 0.055 power_two_sided 0.051 kurtosis 0.043 spec_cnn 0.049  (17s)
    JSR  +11.0 dB  BER 1.00e+00  P(det)@0.05 power_one_sided 0.051 power_two_sided 0.055 kurtosis 0.035 spec_cnn 0.035  (17s)
    JSR  +12.0 dB  BER 1.00e+00  P(det)@0.05 power_one_sided 0.055 power_two_sided 0.045 kurtosis 0.035 spec_cnn 0.041  (17s)
    JSR  +13.0 dB  BER 1.00e+00  P(det)@0.05 power_one_sided 0.037 power_two_sided 0.027 kurtosis 0.055 spec_cnn 0.061  (17s)
    JSR  +14.0 dB  BER 1.00e+00  P(det)@0.05 power_one_sided 0.059 power_two_sided 0.055 kurtosis 0.035 spec_cnn 0.055  (18s)
    JSR  +15.0 dB  BER 1.00e+00  P(det)@0.05 power_one_sided 0.043 power_two_sided 0.051 kurtosis 0.049 spec_cnn 0.031  (18s)
  [snr_5] omniscient_e1 confirmed: {"power_one_sided": {"0.01": {"index": 57, "sweep_ber": 1.0, "sweep_pdet": 0.01171875, "confirmed_ber": 1.0, "confirmed_ser": 1.0, "confirmed_pdet": 0.00732421875, "passed": true}, "0.05": {"index": 57, "sweep_ber": 1.0, "sweep_pdet": 0.046875, "confirmed_ber": 1.0, "confirmed_ser": 1.0, "confirmed_pdet": 0.05322265625, "passed": true}}, "power_two_sided": {"0.01": {"index": 57, "sweep_ber": 1.0, "sweep_pdet": 0.005859375, "confirmed_ber": 0.9999990463256836, "confirmed_ser": 1.0, "confirmed_pdet": 0.010986328125, "passed": true}, "0.05": {"index": 57, "sweep_ber": 1.0, "sweep_pdet": 0.046875, "confirmed_ber": 1.0, "confirmed_ser": 1.0, "confirmed_pdet": 0.052734375, "passed": true}}, "kurtosis": {"0.01": {"index": 57, "sweep_ber": 1.0, "sweep_pdet": 0.015625, "confirmed_ber": 1.0, "confirmed_ser": 1.0, "confirmed_pdet": 0.01123046875, "passed": true}, "0.05": {"index": 57, "sweep_ber": 1.0, "sweep_pdet": 0.05078125, "confirmed_ber": 1.0, "confirmed_ser": 1.0, "confirmed_pdet": 0.05615234375, "passed": true}}, "spec_cnn": {"0.01": {"index": 57, "sweep_ber": 1.0, "sweep_pdet": 0.009765625, "confirmed_ber": 1.0, "confirmed_ser": 1.0, "confirmed_pdet": 0.00927734375, "passed": true}, "0.05": {"index": 57, "sweep_ber": 1.0, "sweep_pdet": 0.05078125, "confirmed_ber": 1.0, "confirmed_ser": 1.0, "confirmed_pdet": 0.04736328125, "passed": true}}}  (254s)
  [snr_5] generator plain_run001 (scale 0.4022)
    JSR  -50.0 dB  BER 0.00e+00  P(det)@0.05 power_one_sided 0.055 power_two_sided 0.051 kurtosis 0.057 spec_cnn 0.031  (0s)
    JSR  -49.0 dB  BER 0.00e+00  P(det)@0.05 power_one_sided 0.049 power_two_sided 0.057 kurtosis 0.051 spec_cnn 0.059  (1s)
    JSR  -48.0 dB  BER 0.00e+00  P(det)@0.05 power_one_sided 0.051 power_two_sided 0.070 kurtosis 0.045 spec_cnn 0.055  (1s)
    JSR  -47.0 dB  BER 0.00e+00  P(det)@0.05 power_one_sided 0.055 power_two_sided 0.049 kurtosis 0.051 spec_cnn 0.043  (1s)
    JSR  -46.0 dB  BER 0.00e+00  P(det)@0.05 power_one_sided 0.027 power_two_sided 0.037 kurtosis 0.070 spec_cnn 0.051  (1s)
    JSR  -45.0 dB  BER 0.00e+00  P(det)@0.05 power_one_sided 0.049 power_two_sided 0.043 kurtosis 0.051 spec_cnn 0.055  (2s)
    JSR  -44.0 dB  BER 0.00e+00  P(det)@0.05 power_one_sided 0.051 power_two_sided 0.045 kurtosis 0.047 spec_cnn 0.074  (2s)
    JSR  -43.0 dB  BER 7.63e-06  P(det)@0.05 power_one_sided 0.057 power_two_sided 0.066 kurtosis 0.064 spec_cnn 0.043  (2s)
    JSR  -42.0 dB  BER 0.00e+00  P(det)@0.05 power_one_sided 0.059 power_two_sided 0.047 kurtosis 0.053 spec_cnn 0.045  (3s)
    JSR  -41.0 dB  BER 0.00e+00  P(det)@0.05 power_one_sided 0.055 power_two_sided 0.055 kurtosis 0.041 spec_cnn 0.059  (3s)
    JSR  -40.0 dB  BER 0.00e+00  P(det)@0.05 power_one_sided 0.055 power_two_sided 0.041 kurtosis 0.053 spec_cnn 0.057  (3s)
    JSR  -39.0 dB  BER 0.00e+00  P(det)@0.05 power_one_sided 0.037 power_two_sided 0.041 kurtosis 0.037 spec_cnn 0.059  (3s)
    JSR  -38.0 dB  BER 0.00e+00  P(det)@0.05 power_one_sided 0.051 power_two_sided 0.057 kurtosis 0.064 spec_cnn 0.047  (4s)
    JSR  -37.0 dB  BER 7.63e-06  P(det)@0.05 power_one_sided 0.051 power_two_sided 0.037 kurtosis 0.041 spec_cnn 0.047  (4s)
    JSR  -36.0 dB  BER 0.00e+00  P(det)@0.05 power_one_sided 0.041 power_two_sided 0.039 kurtosis 0.051 spec_cnn 0.062  (4s)
    JSR  -35.0 dB  BER 0.00e+00  P(det)@0.05 power_one_sided 0.070 power_two_sided 0.064 kurtosis 0.047 spec_cnn 0.047  (5s)
    JSR  -34.0 dB  BER 0.00e+00  P(det)@0.05 power_one_sided 0.078 power_two_sided 0.072 kurtosis 0.047 spec_cnn 0.053  (5s)
    JSR  -33.0 dB  BER 0.00e+00  P(det)@0.05 power_one_sided 0.057 power_two_sided 0.047 kurtosis 0.037 spec_cnn 0.045  (5s)
    JSR  -32.0 dB  BER 0.00e+00  P(det)@0.05 power_one_sided 0.043 power_two_sided 0.041 kurtosis 0.045 spec_cnn 0.059  (5s)
    JSR  -31.0 dB  BER 0.00e+00  P(det)@0.05 power_one_sided 0.059 power_two_sided 0.047 kurtosis 0.045 spec_cnn 0.041  (6s)
    JSR  -30.0 dB  BER 0.00e+00  P(det)@0.05 power_one_sided 0.082 power_two_sided 0.059 kurtosis 0.059 spec_cnn 0.045  (6s)
    JSR  -29.0 dB  BER 0.00e+00  P(det)@0.05 power_one_sided 0.047 power_two_sided 0.047 kurtosis 0.037 spec_cnn 0.041  (6s)
    JSR  -28.0 dB  BER 0.00e+00  P(det)@0.05 power_one_sided 0.055 power_two_sided 0.047 kurtosis 0.051 spec_cnn 0.051  (7s)
    JSR  -27.0 dB  BER 0.00e+00  P(det)@0.05 power_one_sided 0.059 power_two_sided 0.041 kurtosis 0.074 spec_cnn 0.066  (7s)
    JSR  -26.0 dB  BER 0.00e+00  P(det)@0.05 power_one_sided 0.051 power_two_sided 0.061 kurtosis 0.035 spec_cnn 0.059  (7s)
    JSR  -25.0 dB  BER 0.00e+00  P(det)@0.05 power_one_sided 0.076 power_two_sided 0.066 kurtosis 0.049 spec_cnn 0.045  (7s)
    JSR  -24.0 dB  BER 0.00e+00  P(det)@0.05 power_one_sided 0.088 power_two_sided 0.072 kurtosis 0.053 spec_cnn 0.041  (8s)
    JSR  -23.0 dB  BER 0.00e+00  P(det)@0.05 power_one_sided 0.074 power_two_sided 0.047 kurtosis 0.053 spec_cnn 0.068  (8s)
    JSR  -22.0 dB  BER 0.00e+00  P(det)@0.05 power_one_sided 0.064 power_two_sided 0.047 kurtosis 0.045 spec_cnn 0.062  (8s)
    JSR  -21.0 dB  BER 0.00e+00  P(det)@0.05 power_one_sided 0.109 power_two_sided 0.064 kurtosis 0.059 spec_cnn 0.084  (9s)
    JSR  -20.0 dB  BER 0.00e+00  P(det)@0.05 power_one_sided 0.123 power_two_sided 0.098 kurtosis 0.057 spec_cnn 0.059  (9s)
    JSR  -19.0 dB  BER 0.00e+00  P(det)@0.05 power_one_sided 0.174 power_two_sided 0.115 kurtosis 0.062 spec_cnn 0.055  (9s)
    JSR  -18.0 dB  BER 0.00e+00  P(det)@0.05 power_one_sided 0.219 power_two_sided 0.145 kurtosis 0.068 spec_cnn 0.068  (9s)
    JSR  -17.0 dB  BER 7.63e-06  P(det)@0.05 power_one_sided 0.297 power_two_sided 0.203 kurtosis 0.070 spec_cnn 0.062  (10s)
    JSR  -16.0 dB  BER 7.63e-06  P(det)@0.05 power_one_sided 0.316 power_two_sided 0.234 kurtosis 0.084 spec_cnn 0.094  (10s)
    JSR  -15.0 dB  BER 1.53e-05  P(det)@0.05 power_one_sided 0.463 power_two_sided 0.371 kurtosis 0.074 spec_cnn 0.086  (10s)
    JSR  -14.0 dB  BER 8.39e-05  P(det)@0.05 power_one_sided 0.533 power_two_sided 0.445 kurtosis 0.119 spec_cnn 0.104  (11s)
    JSR  -13.0 dB  BER 9.92e-05  P(det)@0.05 power_one_sided 0.652 power_two_sided 0.584 kurtosis 0.125 spec_cnn 0.113  (11s)
    JSR  -12.0 dB  BER 2.52e-04  P(det)@0.05 power_one_sided 0.793 power_two_sided 0.725 kurtosis 0.156 spec_cnn 0.139  (11s)
    JSR  -11.0 dB  BER 4.43e-04  P(det)@0.05 power_one_sided 0.898 power_two_sided 0.855 kurtosis 0.166 spec_cnn 0.176  (11s)
    JSR  -10.0 dB  BER 9.84e-04  P(det)@0.05 power_one_sided 0.949 power_two_sided 0.930 kurtosis 0.232 spec_cnn 0.205  (12s)
    JSR   -9.0 dB  BER 1.84e-03  P(det)@0.05 power_one_sided 0.990 power_two_sided 0.982 kurtosis 0.312 spec_cnn 0.254  (12s)
    JSR   -8.0 dB  BER 4.22e-03  P(det)@0.05 power_one_sided 0.996 power_two_sided 0.994 kurtosis 0.436 spec_cnn 0.305  (12s)
    JSR   -7.0 dB  BER 8.99e-03  P(det)@0.05 power_one_sided 1.000 power_two_sided 1.000 kurtosis 0.488 spec_cnn 0.377  (13s)
    JSR   -6.0 dB  BER 1.71e-02  P(det)@0.05 power_one_sided 1.000 power_two_sided 1.000 kurtosis 0.570 spec_cnn 0.422  (13s)
    JSR   -5.0 dB  BER 2.88e-02  P(det)@0.05 power_one_sided 1.000 power_two_sided 1.000 kurtosis 0.658 spec_cnn 0.553  (13s)
    JSR   -4.0 dB  BER 4.72e-02  P(det)@0.05 power_one_sided 1.000 power_two_sided 1.000 kurtosis 0.660 spec_cnn 0.592  (14s)
    JSR   -3.0 dB  BER 7.04e-02  P(det)@0.05 power_one_sided 1.000 power_two_sided 1.000 kurtosis 0.715 spec_cnn 0.715  (14s)
    JSR   -2.0 dB  BER 1.01e-01  P(det)@0.05 power_one_sided 1.000 power_two_sided 1.000 kurtosis 0.738 spec_cnn 0.775  (14s)
    JSR   -1.0 dB  BER 1.32e-01  P(det)@0.05 power_one_sided 1.000 power_two_sided 1.000 kurtosis 0.727 spec_cnn 0.889  (14s)
    JSR   +0.0 dB  BER 1.64e-01  P(det)@0.05 power_one_sided 1.000 power_two_sided 1.000 kurtosis 0.645 spec_cnn 0.938  (15s)
    JSR   +1.0 dB  BER 1.97e-01  P(det)@0.05 power_one_sided 1.000 power_two_sided 1.000 kurtosis 0.623 spec_cnn 0.982  (15s)
    JSR   +2.0 dB  BER 2.22e-01  P(det)@0.05 power_one_sided 1.000 power_two_sided 1.000 kurtosis 0.494 spec_cnn 0.996  (15s)
    JSR   +3.0 dB  BER 2.49e-01  P(det)@0.05 power_one_sided 1.000 power_two_sided 1.000 kurtosis 0.434 spec_cnn 0.996  (16s)
    JSR   +4.0 dB  BER 2.77e-01  P(det)@0.05 power_one_sided 1.000 power_two_sided 1.000 kurtosis 0.318 spec_cnn 1.000  (16s)
    JSR   +5.0 dB  BER 2.99e-01  P(det)@0.05 power_one_sided 1.000 power_two_sided 1.000 kurtosis 0.354 spec_cnn 1.000  (16s)
    JSR   +6.0 dB  BER 3.16e-01  P(det)@0.05 power_one_sided 1.000 power_two_sided 1.000 kurtosis 0.459 spec_cnn 1.000  (16s)
    JSR   +7.0 dB  BER 3.40e-01  P(det)@0.05 power_one_sided 1.000 power_two_sided 1.000 kurtosis 0.574 spec_cnn 1.000  (17s)
    JSR   +8.0 dB  BER 3.54e-01  P(det)@0.05 power_one_sided 1.000 power_two_sided 1.000 kurtosis 0.662 spec_cnn 1.000  (17s)
    JSR   +9.0 dB  BER 3.71e-01  P(det)@0.05 power_one_sided 1.000 power_two_sided 1.000 kurtosis 0.734 spec_cnn 1.000  (17s)
    JSR  +10.0 dB  BER 3.82e-01  P(det)@0.05 power_one_sided 1.000 power_two_sided 1.000 kurtosis 0.803 spec_cnn 1.000  (18s)
    JSR  +11.0 dB  BER 3.91e-01  P(det)@0.05 power_one_sided 1.000 power_two_sided 1.000 kurtosis 0.816 spec_cnn 1.000  (18s)
    JSR  +12.0 dB  BER 4.06e-01  P(det)@0.05 power_one_sided 1.000 power_two_sided 1.000 kurtosis 0.840 spec_cnn 1.000  (18s)
    JSR  +13.0 dB  BER 4.16e-01  P(det)@0.05 power_one_sided 1.000 power_two_sided 1.000 kurtosis 0.867 spec_cnn 1.000  (18s)
    JSR  +14.0 dB  BER 4.28e-01  P(det)@0.05 power_one_sided 1.000 power_two_sided 1.000 kurtosis 0.867 spec_cnn 1.000  (19s)
    JSR  +15.0 dB  BER 4.36e-01  P(det)@0.05 power_one_sided 1.000 power_two_sided 1.000 kurtosis 0.900 spec_cnn 1.000  (19s)
  [snr_5] plain_run001 confirmed: {"power_one_sided": {"0.01": {"index": 7, "sweep_ber": 7.62939453125e-06, "sweep_pdet": 0.01171875, "confirmed_ber": 9.5367431640625e-07, "confirmed_ser": 1.9073486328125e-06, "confirmed_pdet": 0.00732421875, "passed": true}, "0.05": {"index": 7, "sweep_ber": 7.62939453125e-06, "sweep_pdet": 0.056640625, "confirmed_ber": 0.0, "confirmed_ser": 0.0, "confirmed_pdet": 0.045654296875, "passed": true}}, "power_two_sided": {"0.01": {"index": 13, "sweep_ber": 7.62939453125e-06, "sweep_pdet": 0.009765625, "confirmed_ber": 9.5367431640625e-07, "confirmed_ser": 1.9073486328125e-06, "confirmed_pdet": 0.0087890625, "passed": true}, "0.05": {"index": 7, "sweep_ber": 7.62939453125e-06, "sweep_pdet": 0.06640625, "confirmed_ber": 0.0, "confirmed_ser": 0.0, "confirmed_pdet": 0.048828125, "passed": true}}, "kurtosis": {"0.01": {"index": 7, "sweep_ber": 7.62939453125e-06, "sweep_pdet": 0.01171875, "confirmed_ber": 9.5367431640625e-07, "confirmed_ser": 1.9073486328125e-06, "confirmed_pdet": 0.010986328125, "passed": true}, "0.05": {"index": 7, "sweep_ber": 7.62939453125e-06, "sweep_pdet": 0.064453125, "confirmed_ber": 0.0, "confirmed_ser": 0.0, "confirmed_pdet": 0.056640625, "passed": true}}, "spec_cnn": {"0.01": {"index": 35, "sweep_ber": 1.52587890625e-05, "sweep_pdet": 0.017578125, "confirmed_ber": 2.193450927734375e-05, "confirmed_ser": 4.38690185546875e-05, "confirmed_pdet": 0.02294921875, "passed": false}, "0.05": {"index": 7, "sweep_ber": 7.62939453125e-06, "sweep_pdet": 0.04296875, "confirmed_ber": 0.0, "confirmed_ser": 0.0, "confirmed_pdet": 0.05615234375, "passed": true}}}  (292s)
  [snr_5] generator eff (scale 1.0000)
  JSR  -50.0 dB  BER 0.00e+00  P(det)@0.05 power_one_sided 0.055 power_two_sided 0.057 kurtosis 0.061 spec_cnn 0.025  (0s)
  JSR  -49.0 dB  BER 0.00e+00  P(det)@0.05 power_one_sided 0.053 power_two_sided 0.059 kurtosis 0.049 spec_cnn 0.039  (1s)
  JSR  -48.0 dB  BER 0.00e+00  P(det)@0.05 power_one_sided 0.037 power_two_sided 0.043 kurtosis 0.051 spec_cnn 0.053  (1s)
  JSR  -47.0 dB  BER 0.00e+00  P(det)@0.05 power_one_sided 0.039 power_two_sided 0.047 kurtosis 0.033 spec_cnn 0.059  (1s)
  JSR  -46.0 dB  BER 0.00e+00  P(det)@0.05 power_one_sided 0.039 power_two_sided 0.047 kurtosis 0.061 spec_cnn 0.055  (1s)
  JSR  -45.0 dB  BER 0.00e+00  P(det)@0.05 power_one_sided 0.049 power_two_sided 0.035 kurtosis 0.051 spec_cnn 0.053  (2s)
  JSR  -44.0 dB  BER 0.00e+00  P(det)@0.05 power_one_sided 0.035 power_two_sided 0.053 kurtosis 0.039 spec_cnn 0.025  (2s)
  JSR  -43.0 dB  BER 0.00e+00  P(det)@0.05 power_one_sided 0.049 power_two_sided 0.059 kurtosis 0.049 spec_cnn 0.055  (2s)
  JSR  -42.0 dB  BER 0.00e+00  P(det)@0.05 power_one_sided 0.035 power_two_sided 0.033 kurtosis 0.059 spec_cnn 0.037  (3s)
  JSR  -41.0 dB  BER 0.00e+00  P(det)@0.05 power_one_sided 0.037 power_two_sided 0.041 kurtosis 0.062 spec_cnn 0.057  (3s)
  JSR  -40.0 dB  BER 0.00e+00  P(det)@0.05 power_one_sided 0.045 power_two_sided 0.045 kurtosis 0.049 spec_cnn 0.041  (3s)
  JSR  -39.0 dB  BER 0.00e+00  P(det)@0.05 power_one_sided 0.035 power_two_sided 0.041 kurtosis 0.025 spec_cnn 0.041  (3s)
  JSR  -38.0 dB  BER 0.00e+00  P(det)@0.05 power_one_sided 0.064 power_two_sided 0.055 kurtosis 0.049 spec_cnn 0.064  (4s)
  JSR  -37.0 dB  BER 0.00e+00  P(det)@0.05 power_one_sided 0.039 power_two_sided 0.041 kurtosis 0.039 spec_cnn 0.053  (4s)
  JSR  -36.0 dB  BER 0.00e+00  P(det)@0.05 power_one_sided 0.057 power_two_sided 0.059 kurtosis 0.061 spec_cnn 0.035  (4s)
  JSR  -35.0 dB  BER 0.00e+00  P(det)@0.05 power_one_sided 0.055 power_two_sided 0.051 kurtosis 0.057 spec_cnn 0.059  (5s)
  JSR  -34.0 dB  BER 0.00e+00  P(det)@0.05 power_one_sided 0.045 power_two_sided 0.047 kurtosis 0.053 spec_cnn 0.068  (5s)
  JSR  -33.0 dB  BER 0.00e+00  P(det)@0.05 power_one_sided 0.057 power_two_sided 0.062 kurtosis 0.041 spec_cnn 0.061  (5s)
  JSR  -32.0 dB  BER 0.00e+00  P(det)@0.05 power_one_sided 0.055 power_two_sided 0.037 kurtosis 0.051 spec_cnn 0.041  (5s)
  JSR  -31.0 dB  BER 0.00e+00  P(det)@0.05 power_one_sided 0.047 power_two_sided 0.049 kurtosis 0.049 spec_cnn 0.049  (6s)
  JSR  -30.0 dB  BER 0.00e+00  P(det)@0.05 power_one_sided 0.043 power_two_sided 0.035 kurtosis 0.055 spec_cnn 0.076  (6s)
  JSR  -29.0 dB  BER 0.00e+00  P(det)@0.05 power_one_sided 0.055 power_two_sided 0.051 kurtosis 0.053 spec_cnn 0.055  (6s)
  JSR  -28.0 dB  BER 0.00e+00  P(det)@0.05 power_one_sided 0.057 power_two_sided 0.041 kurtosis 0.080 spec_cnn 0.053  (7s)
  JSR  -27.0 dB  BER 0.00e+00  P(det)@0.05 power_one_sided 0.068 power_two_sided 0.041 kurtosis 0.043 spec_cnn 0.047  (7s)
  JSR  -26.0 dB  BER 0.00e+00  P(det)@0.05 power_one_sided 0.066 power_two_sided 0.059 kurtosis 0.053 spec_cnn 0.039  (7s)
  JSR  -25.0 dB  BER 3.81e-05  P(det)@0.05 power_one_sided 0.092 power_two_sided 0.070 kurtosis 0.059 spec_cnn 0.055  (7s)
  JSR  -24.0 dB  BER 6.10e-05  P(det)@0.05 power_one_sided 0.062 power_two_sided 0.053 kurtosis 0.047 spec_cnn 0.074  (8s)
  JSR  -23.0 dB  BER 1.07e-04  P(det)@0.05 power_one_sided 0.084 power_two_sided 0.053 kurtosis 0.045 spec_cnn 0.053  (8s)
  JSR  -22.0 dB  BER 2.52e-04  P(det)@0.05 power_one_sided 0.113 power_two_sided 0.072 kurtosis 0.037 spec_cnn 0.047  (8s)
  JSR  -21.0 dB  BER 3.81e-04  P(det)@0.05 power_one_sided 0.146 power_two_sided 0.102 kurtosis 0.055 spec_cnn 0.062  (9s)
  JSR  -20.0 dB  BER 6.41e-04  P(det)@0.05 power_one_sided 0.176 power_two_sided 0.109 kurtosis 0.070 spec_cnn 0.076  (9s)
  JSR  -19.0 dB  BER 1.17e-03  P(det)@0.05 power_one_sided 0.184 power_two_sided 0.123 kurtosis 0.055 spec_cnn 0.086  (9s)
  JSR  -18.0 dB  BER 1.50e-03  P(det)@0.05 power_one_sided 0.250 power_two_sided 0.162 kurtosis 0.064 spec_cnn 0.098  (9s)
  JSR  -17.0 dB  BER 1.86e-03  P(det)@0.05 power_one_sided 0.326 power_two_sided 0.227 kurtosis 0.070 spec_cnn 0.072  (10s)
  JSR  -16.0 dB  BER 2.43e-03  P(det)@0.05 power_one_sided 0.438 power_two_sided 0.324 kurtosis 0.115 spec_cnn 0.090  (10s)
  JSR  -15.0 dB  BER 2.74e-03  P(det)@0.05 power_one_sided 0.607 power_two_sided 0.520 kurtosis 0.127 spec_cnn 0.074  (10s)
  JSR  -14.0 dB  BER 3.23e-03  P(det)@0.05 power_one_sided 0.740 power_two_sided 0.648 kurtosis 0.242 spec_cnn 0.121  (11s)
  JSR  -13.0 dB  BER 3.20e-03  P(det)@0.05 power_one_sided 0.895 power_two_sided 0.846 kurtosis 0.389 spec_cnn 0.162  (11s)
  JSR  -12.0 dB  BER 3.66e-03  P(det)@0.05 power_one_sided 0.963 power_two_sided 0.938 kurtosis 0.521 spec_cnn 0.131  (11s)
  JSR  -11.0 dB  BER 4.01e-03  P(det)@0.05 power_one_sided 0.992 power_two_sided 0.990 kurtosis 0.691 spec_cnn 0.174  (11s)
  JSR  -10.0 dB  BER 4.26e-03  P(det)@0.05 power_one_sided 0.998 power_two_sided 0.998 kurtosis 0.852 spec_cnn 0.201  (12s)
  JSR   -9.0 dB  BER 4.73e-03  P(det)@0.05 power_one_sided 1.000 power_two_sided 1.000 kurtosis 0.975 spec_cnn 0.299  (12s)
  JSR   -8.0 dB  BER 5.39e-03  P(det)@0.05 power_one_sided 1.000 power_two_sided 1.000 kurtosis 0.998 spec_cnn 0.348  (12s)
  JSR   -7.0 dB  BER 5.28e-03  P(det)@0.05 power_one_sided 1.000 power_two_sided 1.000 kurtosis 0.998 spec_cnn 0.469  (13s)
  JSR   -6.0 dB  BER 5.70e-03  P(det)@0.05 power_one_sided 1.000 power_two_sided 1.000 kurtosis 0.998 spec_cnn 0.566  (13s)
  JSR   -5.0 dB  BER 6.21e-03  P(det)@0.05 power_one_sided 1.000 power_two_sided 1.000 kurtosis 1.000 spec_cnn 0.713  (13s)
  JSR   -4.0 dB  BER 7.30e-03  P(det)@0.05 power_one_sided 1.000 power_two_sided 1.000 kurtosis 1.000 spec_cnn 0.848  (13s)
  JSR   -3.0 dB  BER 7.68e-03  P(det)@0.05 power_one_sided 1.000 power_two_sided 1.000 kurtosis 1.000 spec_cnn 0.938  (14s)
  JSR   -2.0 dB  BER 8.27e-03  P(det)@0.05 power_one_sided 1.000 power_two_sided 1.000 kurtosis 1.000 spec_cnn 0.986  (14s)
  JSR   -1.0 dB  BER 8.86e-03  P(det)@0.05 power_one_sided 1.000 power_two_sided 1.000 kurtosis 1.000 spec_cnn 1.000  (14s)
  JSR   +0.0 dB  BER 1.02e-02  P(det)@0.05 power_one_sided 1.000 power_two_sided 1.000 kurtosis 1.000 spec_cnn 1.000  (15s)
  JSR   +1.0 dB  BER 1.17e-02  P(det)@0.05 power_one_sided 1.000 power_two_sided 1.000 kurtosis 1.000 spec_cnn 1.000  (15s)
  JSR   +2.0 dB  BER 1.39e-02  P(det)@0.05 power_one_sided 1.000 power_two_sided 1.000 kurtosis 1.000 spec_cnn 1.000  (15s)
  JSR   +3.0 dB  BER 1.69e-02  P(det)@0.05 power_one_sided 1.000 power_two_sided 1.000 kurtosis 1.000 spec_cnn 1.000  (15s)
  JSR   +4.0 dB  BER 2.01e-02  P(det)@0.05 power_one_sided 1.000 power_two_sided 1.000 kurtosis 1.000 spec_cnn 1.000  (16s)
  JSR   +5.0 dB  BER 2.65e-02  P(det)@0.05 power_one_sided 1.000 power_two_sided 1.000 kurtosis 1.000 spec_cnn 1.000  (16s)
  JSR   +6.0 dB  BER 3.45e-02  P(det)@0.05 power_one_sided 1.000 power_two_sided 1.000 kurtosis 1.000 spec_cnn 1.000  (16s)
  JSR   +7.0 dB  BER 4.67e-02  P(det)@0.05 power_one_sided 1.000 power_two_sided 1.000 kurtosis 1.000 spec_cnn 1.000  (17s)
  JSR   +8.0 dB  BER 6.13e-02  P(det)@0.05 power_one_sided 1.000 power_two_sided 1.000 kurtosis 1.000 spec_cnn 1.000  (17s)
  JSR   +9.0 dB  BER 7.68e-02  P(det)@0.05 power_one_sided 1.000 power_two_sided 1.000 kurtosis 1.000 spec_cnn 1.000  (17s)
  JSR  +10.0 dB  BER 9.70e-02  P(det)@0.05 power_one_sided 1.000 power_two_sided 1.000 kurtosis 1.000 spec_cnn 1.000  (17s)
  JSR  +11.0 dB  BER 1.21e-01  P(det)@0.05 power_one_sided 1.000 power_two_sided 1.000 kurtosis 1.000 spec_cnn 1.000  (18s)
  JSR  +12.0 dB  BER 1.44e-01  P(det)@0.05 power_one_sided 1.000 power_two_sided 1.000 kurtosis 1.000 spec_cnn 1.000  (18s)
  JSR  +13.0 dB  BER 1.70e-01  P(det)@0.05 power_one_sided 1.000 power_two_sided 1.000 kurtosis 1.000 spec_cnn 1.000  (18s)
  JSR  +14.0 dB  BER 1.94e-01  P(det)@0.05 power_one_sided 1.000 power_two_sided 1.000 kurtosis 1.000 spec_cnn 1.000  (19s)
  JSR  +15.0 dB  BER 2.21e-01  P(det)@0.05 power_one_sided 1.000 power_two_sided 1.000 kurtosis 1.000 spec_cnn 1.000  (19s)
  [snr_5] eff confirmed: {"power_one_sided": {"0.01": {"index": 25, "sweep_ber": 3.814697265625e-05, "sweep_pdet": 0.015625, "confirmed_ber": 2.574920654296875e-05, "confirmed_ser": 5.14984130859375e-05, "confirmed_pdet": 0.018310546875, "passed": false}, "0.05": {"index": 26, "sweep_ber": 6.103515625e-05, "sweep_pdet": 0.0625, "confirmed_ber": 3.910064697265625e-05, "confirmed_ser": 7.82012939453125e-05, "confirmed_pdet": 0.0859375, "passed": false}}, "power_two_sided": {"0.01": {"index": 28, "sweep_ber": 0.00025177001953125, "sweep_pdet": 0.01171875, "confirmed_ber": 0.0002117156982421875, "confirmed_ser": 0.000423431396484375, "confirmed_pdet": 0.018310546875, "passed": false}, "0.05": {"index": 27, "sweep_ber": 0.0001068115234375, "sweep_pdet": 0.052734375, "confirmed_ber": 9.918212890625e-05, "confirmed_ser": 0.0001983642578125, "confirmed_pdet": 0.0625, "passed": false}}, "kurtosis": {"0.01": {"index": 33, "sweep_ber": 0.001861572265625, "sweep_pdet": 0.017578125, "confirmed_ber": 0.0019121170043945312, "confirmed_ser": 0.0036716461181640625, "confirmed_pdet": 0.026611328125, "passed": false}, "0.05": {"index": 32, "sweep_ber": 0.001495361328125, "sweep_pdet": 0.064453125, "confirmed_ber": 0.0014495849609375, "confirmed_ser": 0.00281524658203125, "confirmed_pdet": 0.072509765625, "passed": false}}, "spec_cnn": {"0.01": {"index": 35, "sweep_ber": 0.00273895263671875, "sweep_pdet": 0.01171875, "confirmed_ber": 0.0026197433471679688, "confirmed_ser": 0.0048198699951171875, "confirmed_pdet": 0.019775390625, "passed": false}, "0.05": {"index": 29, "sweep_ber": 0.0003814697265625, "sweep_pdet": 0.0625, "confirmed_ber": 0.0004119873046875, "confirmed_ser": 0.0008220672607421875, "confirmed_pdet": 0.0595703125, "passed": false}}}  (329s)
  [snr_5] generator power_one_sided_b1 (scale 1.0000)
  JSR  -50.0 dB  BER 0.00e+00  P(det)@0.05 power_one_sided 0.051 power_two_sided 0.062 kurtosis 0.035 spec_cnn 0.066  (0s)
  JSR  -49.0 dB  BER 0.00e+00  P(det)@0.05 power_one_sided 0.053 power_two_sided 0.057 kurtosis 0.053 spec_cnn 0.045  (1s)
  JSR  -48.0 dB  BER 0.00e+00  P(det)@0.05 power_one_sided 0.062 power_two_sided 0.047 kurtosis 0.057 spec_cnn 0.041  (1s)
  JSR  -47.0 dB  BER 0.00e+00  P(det)@0.05 power_one_sided 0.031 power_two_sided 0.029 kurtosis 0.051 spec_cnn 0.041  (1s)
  JSR  -46.0 dB  BER 0.00e+00  P(det)@0.05 power_one_sided 0.066 power_two_sided 0.062 kurtosis 0.072 spec_cnn 0.053  (1s)
  JSR  -45.0 dB  BER 0.00e+00  P(det)@0.05 power_one_sided 0.043 power_two_sided 0.047 kurtosis 0.047 spec_cnn 0.045  (2s)
  JSR  -44.0 dB  BER 7.63e-06  P(det)@0.05 power_one_sided 0.057 power_two_sided 0.047 kurtosis 0.057 spec_cnn 0.059  (2s)
  JSR  -43.0 dB  BER 0.00e+00  P(det)@0.05 power_one_sided 0.057 power_two_sided 0.051 kurtosis 0.047 spec_cnn 0.041  (2s)
  JSR  -42.0 dB  BER 0.00e+00  P(det)@0.05 power_one_sided 0.064 power_two_sided 0.051 kurtosis 0.055 spec_cnn 0.047  (3s)
  JSR  -41.0 dB  BER 0.00e+00  P(det)@0.05 power_one_sided 0.047 power_two_sided 0.053 kurtosis 0.068 spec_cnn 0.047  (3s)
  JSR  -40.0 dB  BER 0.00e+00  P(det)@0.05 power_one_sided 0.055 power_two_sided 0.059 kurtosis 0.066 spec_cnn 0.043  (3s)
  JSR  -39.0 dB  BER 0.00e+00  P(det)@0.05 power_one_sided 0.051 power_two_sided 0.055 kurtosis 0.057 spec_cnn 0.047  (3s)
  JSR  -38.0 dB  BER 0.00e+00  P(det)@0.05 power_one_sided 0.061 power_two_sided 0.045 kurtosis 0.039 spec_cnn 0.053  (4s)
  JSR  -37.0 dB  BER 0.00e+00  P(det)@0.05 power_one_sided 0.045 power_two_sided 0.047 kurtosis 0.043 spec_cnn 0.053  (4s)
  JSR  -36.0 dB  BER 0.00e+00  P(det)@0.05 power_one_sided 0.035 power_two_sided 0.051 kurtosis 0.045 spec_cnn 0.039  (4s)
  JSR  -35.0 dB  BER 0.00e+00  P(det)@0.05 power_one_sided 0.035 power_two_sided 0.037 kurtosis 0.047 spec_cnn 0.043  (5s)
  JSR  -34.0 dB  BER 7.63e-06  P(det)@0.05 power_one_sided 0.051 power_two_sided 0.068 kurtosis 0.053 spec_cnn 0.039  (5s)
  JSR  -33.0 dB  BER 0.00e+00  P(det)@0.05 power_one_sided 0.062 power_two_sided 0.051 kurtosis 0.062 spec_cnn 0.037  (5s)
  JSR  -32.0 dB  BER 0.00e+00  P(det)@0.05 power_one_sided 0.045 power_two_sided 0.051 kurtosis 0.041 spec_cnn 0.053  (5s)
  JSR  -31.0 dB  BER 0.00e+00  P(det)@0.05 power_one_sided 0.059 power_two_sided 0.059 kurtosis 0.059 spec_cnn 0.047  (6s)
  JSR  -30.0 dB  BER 0.00e+00  P(det)@0.05 power_one_sided 0.070 power_two_sided 0.070 kurtosis 0.043 spec_cnn 0.035  (6s)
  JSR  -29.0 dB  BER 0.00e+00  P(det)@0.05 power_one_sided 0.055 power_two_sided 0.049 kurtosis 0.045 spec_cnn 0.051  (6s)
  JSR  -28.0 dB  BER 7.63e-06  P(det)@0.05 power_one_sided 0.033 power_two_sided 0.031 kurtosis 0.082 spec_cnn 0.068  (7s)
  JSR  -27.0 dB  BER 0.00e+00  P(det)@0.05 power_one_sided 0.055 power_two_sided 0.059 kurtosis 0.039 spec_cnn 0.043  (7s)
  JSR  -26.0 dB  BER 0.00e+00  P(det)@0.05 power_one_sided 0.076 power_two_sided 0.049 kurtosis 0.057 spec_cnn 0.043  (7s)
  JSR  -25.0 dB  BER 0.00e+00  P(det)@0.05 power_one_sided 0.051 power_two_sided 0.041 kurtosis 0.064 spec_cnn 0.049  (7s)
  JSR  -24.0 dB  BER 0.00e+00  P(det)@0.05 power_one_sided 0.076 power_two_sided 0.064 kurtosis 0.059 spec_cnn 0.061  (8s)
  JSR  -23.0 dB  BER 3.81e-05  P(det)@0.05 power_one_sided 0.082 power_two_sided 0.064 kurtosis 0.049 spec_cnn 0.059  (8s)
  JSR  -22.0 dB  BER 6.10e-05  P(det)@0.05 power_one_sided 0.100 power_two_sided 0.047 kurtosis 0.053 spec_cnn 0.062  (8s)
  JSR  -21.0 dB  BER 1.14e-04  P(det)@0.05 power_one_sided 0.111 power_two_sided 0.068 kurtosis 0.061 spec_cnn 0.064  (9s)
  JSR  -20.0 dB  BER 2.52e-04  P(det)@0.05 power_one_sided 0.088 power_two_sided 0.070 kurtosis 0.061 spec_cnn 0.059  (9s)
  JSR  -19.0 dB  BER 4.96e-04  P(det)@0.05 power_one_sided 0.154 power_two_sided 0.109 kurtosis 0.076 spec_cnn 0.049  (9s)
  JSR  -18.0 dB  BER 8.01e-04  P(det)@0.05 power_one_sided 0.197 power_two_sided 0.133 kurtosis 0.080 spec_cnn 0.051  (9s)
  JSR  -17.0 dB  BER 1.05e-03  P(det)@0.05 power_one_sided 0.211 power_two_sided 0.139 kurtosis 0.074 spec_cnn 0.070  (10s)
  JSR  -16.0 dB  BER 1.24e-03  P(det)@0.05 power_one_sided 0.334 power_two_sided 0.254 kurtosis 0.125 spec_cnn 0.078  (10s)
  JSR  -15.0 dB  BER 1.78e-03  P(det)@0.05 power_one_sided 0.436 power_two_sided 0.346 kurtosis 0.145 spec_cnn 0.105  (10s)
  JSR  -14.0 dB  BER 2.30e-03  P(det)@0.05 power_one_sided 0.510 power_two_sided 0.404 kurtosis 0.191 spec_cnn 0.104  (11s)
  JSR  -13.0 dB  BER 2.77e-03  P(det)@0.05 power_one_sided 0.672 power_two_sided 0.564 kurtosis 0.266 spec_cnn 0.117  (11s)
  JSR  -12.0 dB  BER 3.23e-03  P(det)@0.05 power_one_sided 0.811 power_two_sided 0.742 kurtosis 0.438 spec_cnn 0.145  (11s)
  JSR  -11.0 dB  BER 3.56e-03  P(det)@0.05 power_one_sided 0.910 power_two_sided 0.877 kurtosis 0.484 spec_cnn 0.172  (11s)
  JSR  -10.0 dB  BER 3.92e-03  P(det)@0.05 power_one_sided 0.984 power_two_sided 0.971 kurtosis 0.658 spec_cnn 0.234  (12s)
  JSR   -9.0 dB  BER 4.50e-03  P(det)@0.05 power_one_sided 1.000 power_two_sided 0.998 kurtosis 0.742 spec_cnn 0.322  (12s)
  JSR   -8.0 dB  BER 5.31e-03  P(det)@0.05 power_one_sided 1.000 power_two_sided 1.000 kurtosis 0.852 spec_cnn 0.414  (12s)
  JSR   -7.0 dB  BER 5.78e-03  P(det)@0.05 power_one_sided 1.000 power_two_sided 1.000 kurtosis 0.916 spec_cnn 0.543  (13s)
  JSR   -6.0 dB  BER 6.24e-03  P(det)@0.05 power_one_sided 1.000 power_two_sided 1.000 kurtosis 0.967 spec_cnn 0.684  (13s)
  JSR   -5.0 dB  BER 7.13e-03  P(det)@0.05 power_one_sided 1.000 power_two_sided 1.000 kurtosis 0.990 spec_cnn 0.818  (13s)
  JSR   -4.0 dB  BER 7.70e-03  P(det)@0.05 power_one_sided 1.000 power_two_sided 1.000 kurtosis 0.998 spec_cnn 0.922  (13s)
  JSR   -3.0 dB  BER 8.54e-03  P(det)@0.05 power_one_sided 1.000 power_two_sided 1.000 kurtosis 1.000 spec_cnn 0.957  (14s)
  JSR   -2.0 dB  BER 9.51e-03  P(det)@0.05 power_one_sided 1.000 power_two_sided 1.000 kurtosis 1.000 spec_cnn 0.998  (14s)
  JSR   -1.0 dB  BER 1.12e-02  P(det)@0.05 power_one_sided 1.000 power_two_sided 1.000 kurtosis 1.000 spec_cnn 1.000  (14s)
  JSR   +0.0 dB  BER 1.26e-02  P(det)@0.05 power_one_sided 1.000 power_two_sided 1.000 kurtosis 1.000 spec_cnn 1.000  (15s)
  JSR   +1.0 dB  BER 1.58e-02  P(det)@0.05 power_one_sided 1.000 power_two_sided 1.000 kurtosis 1.000 spec_cnn 1.000  (15s)
  JSR   +2.0 dB  BER 1.96e-02  P(det)@0.05 power_one_sided 1.000 power_two_sided 1.000 kurtosis 1.000 spec_cnn 1.000  (15s)
  JSR   +3.0 dB  BER 2.40e-02  P(det)@0.05 power_one_sided 1.000 power_two_sided 1.000 kurtosis 1.000 spec_cnn 1.000  (15s)
  JSR   +4.0 dB  BER 3.05e-02  P(det)@0.05 power_one_sided 1.000 power_two_sided 1.000 kurtosis 1.000 spec_cnn 1.000  (16s)
  JSR   +5.0 dB  BER 4.11e-02  P(det)@0.05 power_one_sided 1.000 power_two_sided 1.000 kurtosis 1.000 spec_cnn 1.000  (16s)
  JSR   +6.0 dB  BER 5.26e-02  P(det)@0.05 power_one_sided 1.000 power_two_sided 1.000 kurtosis 1.000 spec_cnn 1.000  (16s)
  JSR   +7.0 dB  BER 6.90e-02  P(det)@0.05 power_one_sided 1.000 power_two_sided 1.000 kurtosis 1.000 spec_cnn 1.000  (17s)
  JSR   +8.0 dB  BER 8.92e-02  P(det)@0.05 power_one_sided 1.000 power_two_sided 1.000 kurtosis 1.000 spec_cnn 1.000  (17s)
  JSR   +9.0 dB  BER 1.08e-01  P(det)@0.05 power_one_sided 1.000 power_two_sided 1.000 kurtosis 1.000 spec_cnn 1.000  (17s)
  JSR  +10.0 dB  BER 1.31e-01  P(det)@0.05 power_one_sided 1.000 power_two_sided 1.000 kurtosis 1.000 spec_cnn 1.000  (17s)
  JSR  +11.0 dB  BER 1.58e-01  P(det)@0.05 power_one_sided 1.000 power_two_sided 1.000 kurtosis 1.000 spec_cnn 1.000  (18s)
  JSR  +12.0 dB  BER 1.86e-01  P(det)@0.05 power_one_sided 1.000 power_two_sided 1.000 kurtosis 1.000 spec_cnn 1.000  (18s)
  JSR  +13.0 dB  BER 2.13e-01  P(det)@0.05 power_one_sided 1.000 power_two_sided 1.000 kurtosis 1.000 spec_cnn 1.000  (18s)
  JSR  +14.0 dB  BER 2.35e-01  P(det)@0.05 power_one_sided 1.000 power_two_sided 1.000 kurtosis 1.000 spec_cnn 1.000  (19s)
  JSR  +15.0 dB  BER 2.58e-01  P(det)@0.05 power_one_sided 1.000 power_two_sided 1.000 kurtosis 1.000 spec_cnn 1.000  (19s)
  [snr_5] power_one_sided_b1 confirmed: {"power_one_sided": {"0.01": {"index": 30, "sweep_ber": 0.00025177001953125, "sweep_pdet": 0.015625, "confirmed_ber": 0.00021457672119140625, "confirmed_ser": 0.00042724609375, "confirmed_pdet": 0.03173828125, "passed": false}, "0.05": {"index": 6, "sweep_ber": 7.62939453125e-06, "sweep_pdet": 0.056640625, "confirmed_ber": 0.0, "confirmed_ser": 0.0, "confirmed_pdet": 0.05078125, "passed": true}}, "power_two_sided": {"0.01": {"index": 30, "sweep_ber": 0.00025177001953125, "sweep_pdet": 0.013671875, "confirmed_ber": 0.00024890899658203125, "confirmed_ser": 0.0004978179931640625, "confirmed_pdet": 0.025634765625, "passed": false}, "0.05": {"index": 29, "sweep_ber": 0.00011444091796875, "sweep_pdet": 0.068359375, "confirmed_ber": 0.0001316070556640625, "confirmed_ser": 0.000263214111328125, "confirmed_pdet": 0.068359375, "passed": false}}, "kurtosis": {"0.01": {"index": 29, "sweep_ber": 0.00011444091796875, "sweep_pdet": 0.013671875, "confirmed_ber": 0.00011539459228515625, "confirmed_ser": 0.0002307891845703125, "confirmed_pdet": 0.01416015625, "passed": false}, "0.05": {"index": 30, "sweep_ber": 0.00025177001953125, "sweep_pdet": 0.060546875, "confirmed_ber": 0.00022220611572265625, "confirmed_ser": 0.0004444122314453125, "confirmed_pdet": 0.060791015625, "passed": false}}, "spec_cnn": {"0.01": {"index": 34, "sweep_ber": 0.0012359619140625, "sweep_pdet": 0.0078125, "confirmed_ber": 0.0014181137084960938, "confirmed_ser": 0.00272369384765625, "confirmed_pdet": 0.015380859375, "passed": false}, "0.05": {"index": 32, "sweep_ber": 0.00080108642578125, "sweep_pdet": 0.05078125, "confirmed_ber": 0.0007104873657226562, "confirmed_ser": 0.00141143798828125, "confirmed_pdet": 0.066650390625, "passed": false}}}  (366s)
  [snr_5] generator power_one_sided_b10 (scale 1.0000)
  JSR  -50.0 dB  BER 0.00e+00  P(det)@0.05 power_one_sided 0.039 power_two_sided 0.033 kurtosis 0.047 spec_cnn 0.045  (0s)
  JSR  -49.0 dB  BER 0.00e+00  P(det)@0.05 power_one_sided 0.045 power_two_sided 0.031 kurtosis 0.059 spec_cnn 0.041  (1s)
  JSR  -48.0 dB  BER 0.00e+00  P(det)@0.05 power_one_sided 0.061 power_two_sided 0.041 kurtosis 0.051 spec_cnn 0.072  (1s)
  JSR  -47.0 dB  BER 0.00e+00  P(det)@0.05 power_one_sided 0.066 power_two_sided 0.068 kurtosis 0.051 spec_cnn 0.041  (1s)
  JSR  -46.0 dB  BER 0.00e+00  P(det)@0.05 power_one_sided 0.059 power_two_sided 0.059 kurtosis 0.053 spec_cnn 0.053  (1s)
  JSR  -45.0 dB  BER 0.00e+00  P(det)@0.05 power_one_sided 0.045 power_two_sided 0.051 kurtosis 0.041 spec_cnn 0.037  (2s)
  JSR  -44.0 dB  BER 0.00e+00  P(det)@0.05 power_one_sided 0.047 power_two_sided 0.053 kurtosis 0.057 spec_cnn 0.035  (2s)
  JSR  -43.0 dB  BER 0.00e+00  P(det)@0.05 power_one_sided 0.074 power_two_sided 0.059 kurtosis 0.059 spec_cnn 0.061  (2s)
  JSR  -42.0 dB  BER 0.00e+00  P(det)@0.05 power_one_sided 0.051 power_two_sided 0.066 kurtosis 0.053 spec_cnn 0.047  (3s)
  JSR  -41.0 dB  BER 0.00e+00  P(det)@0.05 power_one_sided 0.051 power_two_sided 0.045 kurtosis 0.041 spec_cnn 0.035  (3s)
  JSR  -40.0 dB  BER 0.00e+00  P(det)@0.05 power_one_sided 0.043 power_two_sided 0.031 kurtosis 0.062 spec_cnn 0.041  (3s)
  JSR  -39.0 dB  BER 0.00e+00  P(det)@0.05 power_one_sided 0.062 power_two_sided 0.051 kurtosis 0.053 spec_cnn 0.045  (3s)
  JSR  -38.0 dB  BER 0.00e+00  P(det)@0.05 power_one_sided 0.057 power_two_sided 0.049 kurtosis 0.057 spec_cnn 0.045  (4s)
  JSR  -37.0 dB  BER 0.00e+00  P(det)@0.05 power_one_sided 0.053 power_two_sided 0.043 kurtosis 0.068 spec_cnn 0.045  (4s)
  JSR  -36.0 dB  BER 0.00e+00  P(det)@0.05 power_one_sided 0.043 power_two_sided 0.051 kurtosis 0.055 spec_cnn 0.051  (4s)
  JSR  -35.0 dB  BER 0.00e+00  P(det)@0.05 power_one_sided 0.057 power_two_sided 0.043 kurtosis 0.053 spec_cnn 0.053  (5s)
  JSR  -34.0 dB  BER 0.00e+00  P(det)@0.05 power_one_sided 0.061 power_two_sided 0.057 kurtosis 0.057 spec_cnn 0.053  (5s)
  JSR  -33.0 dB  BER 0.00e+00  P(det)@0.05 power_one_sided 0.043 power_two_sided 0.051 kurtosis 0.059 spec_cnn 0.041  (5s)
  JSR  -32.0 dB  BER 0.00e+00  P(det)@0.05 power_one_sided 0.055 power_two_sided 0.053 kurtosis 0.033 spec_cnn 0.061  (5s)
  JSR  -31.0 dB  BER 7.63e-06  P(det)@0.05 power_one_sided 0.053 power_two_sided 0.039 kurtosis 0.035 spec_cnn 0.057  (6s)
  JSR  -30.0 dB  BER 0.00e+00  P(det)@0.05 power_one_sided 0.047 power_two_sided 0.039 kurtosis 0.053 spec_cnn 0.055  (6s)
  JSR  -29.0 dB  BER 0.00e+00  P(det)@0.05 power_one_sided 0.062 power_two_sided 0.051 kurtosis 0.068 spec_cnn 0.037  (6s)
  JSR  -28.0 dB  BER 0.00e+00  P(det)@0.05 power_one_sided 0.061 power_two_sided 0.049 kurtosis 0.064 spec_cnn 0.055  (7s)
  JSR  -27.0 dB  BER 0.00e+00  P(det)@0.05 power_one_sided 0.053 power_two_sided 0.035 kurtosis 0.049 spec_cnn 0.055  (7s)
  JSR  -26.0 dB  BER 1.53e-05  P(det)@0.05 power_one_sided 0.070 power_two_sided 0.066 kurtosis 0.059 spec_cnn 0.072  (7s)
  JSR  -25.0 dB  BER 2.29e-05  P(det)@0.05 power_one_sided 0.053 power_two_sided 0.051 kurtosis 0.039 spec_cnn 0.066  (7s)
  JSR  -24.0 dB  BER 3.05e-05  P(det)@0.05 power_one_sided 0.072 power_two_sided 0.057 kurtosis 0.057 spec_cnn 0.053  (8s)
  JSR  -23.0 dB  BER 9.92e-05  P(det)@0.05 power_one_sided 0.102 power_two_sided 0.066 kurtosis 0.041 spec_cnn 0.041  (8s)
  JSR  -22.0 dB  BER 1.60e-04  P(det)@0.05 power_one_sided 0.094 power_two_sided 0.088 kurtosis 0.061 spec_cnn 0.055  (8s)
  JSR  -21.0 dB  BER 3.36e-04  P(det)@0.05 power_one_sided 0.104 power_two_sided 0.061 kurtosis 0.053 spec_cnn 0.047  (9s)
  JSR  -20.0 dB  BER 4.96e-04  P(det)@0.05 power_one_sided 0.125 power_two_sided 0.082 kurtosis 0.055 spec_cnn 0.066  (9s)
  JSR  -19.0 dB  BER 9.00e-04  P(det)@0.05 power_one_sided 0.125 power_two_sided 0.084 kurtosis 0.076 spec_cnn 0.061  (9s)
  JSR  -18.0 dB  BER 1.06e-03  P(det)@0.05 power_one_sided 0.178 power_two_sided 0.117 kurtosis 0.084 spec_cnn 0.088  (9s)
  JSR  -17.0 dB  BER 1.54e-03  P(det)@0.05 power_one_sided 0.211 power_two_sided 0.154 kurtosis 0.115 spec_cnn 0.090  (10s)
  JSR  -16.0 dB  BER 2.04e-03  P(det)@0.05 power_one_sided 0.279 power_two_sided 0.178 kurtosis 0.133 spec_cnn 0.072  (10s)
  JSR  -15.0 dB  BER 2.34e-03  P(det)@0.05 power_one_sided 0.371 power_two_sided 0.277 kurtosis 0.209 spec_cnn 0.072  (10s)
  JSR  -14.0 dB  BER 2.80e-03  P(det)@0.05 power_one_sided 0.488 power_two_sided 0.398 kurtosis 0.305 spec_cnn 0.104  (11s)
  JSR  -13.0 dB  BER 3.04e-03  P(det)@0.05 power_one_sided 0.617 power_two_sided 0.551 kurtosis 0.416 spec_cnn 0.105  (11s)
  JSR  -12.0 dB  BER 3.47e-03  P(det)@0.05 power_one_sided 0.748 power_two_sided 0.672 kurtosis 0.520 spec_cnn 0.145  (11s)
  JSR  -11.0 dB  BER 3.84e-03  P(det)@0.05 power_one_sided 0.859 power_two_sided 0.797 kurtosis 0.621 spec_cnn 0.209  (11s)
  JSR  -10.0 dB  BER 4.27e-03  P(det)@0.05 power_one_sided 0.961 power_two_sided 0.930 kurtosis 0.695 spec_cnn 0.195  (12s)
  JSR   -9.0 dB  BER 4.40e-03  P(det)@0.05 power_one_sided 0.988 power_two_sided 0.982 kurtosis 0.865 spec_cnn 0.328  (12s)
  JSR   -8.0 dB  BER 5.07e-03  P(det)@0.05 power_one_sided 1.000 power_two_sided 0.998 kurtosis 0.939 spec_cnn 0.402  (12s)
  JSR   -7.0 dB  BER 6.00e-03  P(det)@0.05 power_one_sided 1.000 power_two_sided 1.000 kurtosis 0.980 spec_cnn 0.506  (13s)
  JSR   -6.0 dB  BER 6.40e-03  P(det)@0.05 power_one_sided 1.000 power_two_sided 1.000 kurtosis 1.000 spec_cnn 0.656  (13s)
  JSR   -5.0 dB  BER 6.76e-03  P(det)@0.05 power_one_sided 1.000 power_two_sided 1.000 kurtosis 1.000 spec_cnn 0.770  (13s)
  JSR   -4.0 dB  BER 7.99e-03  P(det)@0.05 power_one_sided 1.000 power_two_sided 1.000 kurtosis 1.000 spec_cnn 0.912  (13s)
  JSR   -3.0 dB  BER 8.59e-03  P(det)@0.05 power_one_sided 1.000 power_two_sided 1.000 kurtosis 1.000 spec_cnn 0.973  (14s)
  JSR   -2.0 dB  BER 9.45e-03  P(det)@0.05 power_one_sided 1.000 power_two_sided 1.000 kurtosis 1.000 spec_cnn 0.996  (14s)
  JSR   -1.0 dB  BER 1.05e-02  P(det)@0.05 power_one_sided 1.000 power_two_sided 1.000 kurtosis 1.000 spec_cnn 1.000  (14s)
  JSR   +0.0 dB  BER 1.26e-02  P(det)@0.05 power_one_sided 1.000 power_two_sided 1.000 kurtosis 1.000 spec_cnn 1.000  (15s)
  JSR   +1.0 dB  BER 1.48e-02  P(det)@0.05 power_one_sided 1.000 power_two_sided 1.000 kurtosis 1.000 spec_cnn 1.000  (15s)
  JSR   +2.0 dB  BER 1.70e-02  P(det)@0.05 power_one_sided 1.000 power_two_sided 1.000 kurtosis 1.000 spec_cnn 1.000  (15s)
  JSR   +3.0 dB  BER 2.11e-02  P(det)@0.05 power_one_sided 1.000 power_two_sided 1.000 kurtosis 1.000 spec_cnn 1.000  (15s)
  JSR   +4.0 dB  BER 2.66e-02  P(det)@0.05 power_one_sided 1.000 power_two_sided 1.000 kurtosis 1.000 spec_cnn 1.000  (16s)
  JSR   +5.0 dB  BER 3.43e-02  P(det)@0.05 power_one_sided 1.000 power_two_sided 1.000 kurtosis 1.000 spec_cnn 1.000  (16s)
  JSR   +6.0 dB  BER 4.45e-02  P(det)@0.05 power_one_sided 1.000 power_two_sided 1.000 kurtosis 1.000 spec_cnn 1.000  (16s)
  JSR   +7.0 dB  BER 5.66e-02  P(det)@0.05 power_one_sided 1.000 power_two_sided 1.000 kurtosis 1.000 spec_cnn 1.000  (17s)
  JSR   +8.0 dB  BER 7.41e-02  P(det)@0.05 power_one_sided 1.000 power_two_sided 1.000 kurtosis 1.000 spec_cnn 1.000  (17s)
  JSR   +9.0 dB  BER 9.12e-02  P(det)@0.05 power_one_sided 1.000 power_two_sided 1.000 kurtosis 1.000 spec_cnn 1.000  (17s)
  JSR  +10.0 dB  BER 1.12e-01  P(det)@0.05 power_one_sided 1.000 power_two_sided 1.000 kurtosis 1.000 spec_cnn 1.000  (17s)
  JSR  +11.0 dB  BER 1.34e-01  P(det)@0.05 power_one_sided 1.000 power_two_sided 1.000 kurtosis 1.000 spec_cnn 1.000  (18s)
  JSR  +12.0 dB  BER 1.60e-01  P(det)@0.05 power_one_sided 1.000 power_two_sided 1.000 kurtosis 1.000 spec_cnn 1.000  (18s)
  JSR  +13.0 dB  BER 1.85e-01  P(det)@0.05 power_one_sided 1.000 power_two_sided 1.000 kurtosis 1.000 spec_cnn 1.000  (18s)
  JSR  +14.0 dB  BER 2.08e-01  P(det)@0.05 power_one_sided 1.000 power_two_sided 1.000 kurtosis 1.000 spec_cnn 1.000  (19s)
  JSR  +15.0 dB  BER 2.34e-01  P(det)@0.05 power_one_sided 1.000 power_two_sided 1.000 kurtosis 1.000 spec_cnn 1.000  (19s)
  [snr_5] power_one_sided_b10 confirmed: {"power_one_sided": {"0.01": {"index": 26, "sweep_ber": 3.0517578125e-05, "sweep_pdet": 0.013671875, "confirmed_ber": 3.62396240234375e-05, "confirmed_ser": 7.2479248046875e-05, "confirmed_pdet": 0.015869140625, "passed": false}, "0.05": {"index": 25, "sweep_ber": 2.288818359375e-05, "sweep_pdet": 0.052734375, "confirmed_ber": 2.193450927734375e-05, "confirmed_ser": 4.38690185546875e-05, "confirmed_pdet": 0.061279296875, "passed": false}}, "power_two_sided": {"0.01": {"index": 27, "sweep_ber": 9.918212890625e-05, "sweep_pdet": 0.013671875, "confirmed_ber": 7.343292236328125e-05, "confirmed_ser": 0.0001468658447265625, "confirmed_pdet": 0.013916015625, "passed": false}, "0.05": {"index": 29, "sweep_ber": 0.000335693359375, "sweep_pdet": 0.060546875, "confirmed_ber": 0.0003452301025390625, "confirmed_ser": 0.0006885528564453125, "confirmed_pdet": 0.07763671875, "passed": false}}, "kurtosis": {"0.01": {"index": 30, "sweep_ber": 0.00049591064453125, "sweep_pdet": 0.009765625, "confirmed_ber": 0.0005235671997070312, "confirmed_ser": 0.00104522705078125, "confirmed_pdet": 0.018310546875, "passed": false}, "0.05": {"index": 30, "sweep_ber": 0.00049591064453125, "sweep_pdet": 0.0546875, "confirmed_ber": 0.0005617141723632812, "confirmed_ser": 0.00112152099609375, "confirmed_pdet": 0.06298828125, "passed": false}}, "spec_cnn": {"0.01": {"index": 35, "sweep_ber": 0.00234222412109375, "sweep_pdet": 0.009765625, "confirmed_ber": 0.002338409423828125, "confirmed_ser": 0.0043468475341796875, "confirmed_pdet": 0.0185546875, "passed": false}, "0.05": {"index": 31, "sweep_ber": 0.0009002685546875, "sweep_pdet": 0.060546875, "confirmed_ber": 0.0009021759033203125, "confirmed_ser": 0.0017910003662109375, "confirmed_pdet": 0.061279296875, "passed": false}}}  (404s)
  [snr_5] generator power_one_sided_b100 (scale 1.0000)
  JSR  -50.0 dB  BER 0.00e+00  P(det)@0.05 power_one_sided 0.053 power_two_sided 0.059 kurtosis 0.053 spec_cnn 0.033  (0s)
  JSR  -49.0 dB  BER 0.00e+00  P(det)@0.05 power_one_sided 0.039 power_two_sided 0.031 kurtosis 0.055 spec_cnn 0.037  (1s)
  JSR  -48.0 dB  BER 0.00e+00  P(det)@0.05 power_one_sided 0.053 power_two_sided 0.045 kurtosis 0.053 spec_cnn 0.057  (1s)
  JSR  -47.0 dB  BER 0.00e+00  P(det)@0.05 power_one_sided 0.037 power_two_sided 0.037 kurtosis 0.041 spec_cnn 0.043  (1s)
  JSR  -46.0 dB  BER 0.00e+00  P(det)@0.05 power_one_sided 0.047 power_two_sided 0.041 kurtosis 0.045 spec_cnn 0.055  (1s)
  JSR  -45.0 dB  BER 0.00e+00  P(det)@0.05 power_one_sided 0.041 power_two_sided 0.051 kurtosis 0.043 spec_cnn 0.045  (2s)
  JSR  -44.0 dB  BER 0.00e+00  P(det)@0.05 power_one_sided 0.055 power_two_sided 0.039 kurtosis 0.051 spec_cnn 0.049  (2s)
  JSR  -43.0 dB  BER 0.00e+00  P(det)@0.05 power_one_sided 0.051 power_two_sided 0.039 kurtosis 0.041 spec_cnn 0.061  (2s)
  JSR  -42.0 dB  BER 0.00e+00  P(det)@0.05 power_one_sided 0.053 power_two_sided 0.057 kurtosis 0.043 spec_cnn 0.051  (3s)
  JSR  -41.0 dB  BER 0.00e+00  P(det)@0.05 power_one_sided 0.049 power_two_sided 0.043 kurtosis 0.068 spec_cnn 0.059  (3s)
  JSR  -40.0 dB  BER 0.00e+00  P(det)@0.05 power_one_sided 0.045 power_two_sided 0.049 kurtosis 0.059 spec_cnn 0.049  (3s)
  JSR  -39.0 dB  BER 0.00e+00  P(det)@0.05 power_one_sided 0.027 power_two_sided 0.041 kurtosis 0.045 spec_cnn 0.047  (3s)
  JSR  -38.0 dB  BER 0.00e+00  P(det)@0.05 power_one_sided 0.049 power_two_sided 0.047 kurtosis 0.041 spec_cnn 0.059  (4s)
  JSR  -37.0 dB  BER 0.00e+00  P(det)@0.05 power_one_sided 0.049 power_two_sided 0.045 kurtosis 0.043 spec_cnn 0.037  (4s)
  JSR  -36.0 dB  BER 0.00e+00  P(det)@0.05 power_one_sided 0.055 power_two_sided 0.074 kurtosis 0.059 spec_cnn 0.047  (4s)
  JSR  -35.0 dB  BER 0.00e+00  P(det)@0.05 power_one_sided 0.059 power_two_sided 0.057 kurtosis 0.043 spec_cnn 0.037  (5s)
  JSR  -34.0 dB  BER 7.63e-06  P(det)@0.05 power_one_sided 0.037 power_two_sided 0.055 kurtosis 0.041 spec_cnn 0.043  (5s)
  JSR  -33.0 dB  BER 0.00e+00  P(det)@0.05 power_one_sided 0.064 power_two_sided 0.053 kurtosis 0.035 spec_cnn 0.049  (5s)
  JSR  -32.0 dB  BER 0.00e+00  P(det)@0.05 power_one_sided 0.053 power_two_sided 0.049 kurtosis 0.066 spec_cnn 0.041  (5s)
  JSR  -31.0 dB  BER 0.00e+00  P(det)@0.05 power_one_sided 0.072 power_two_sided 0.053 kurtosis 0.049 spec_cnn 0.041  (6s)
  JSR  -30.0 dB  BER 0.00e+00  P(det)@0.05 power_one_sided 0.041 power_two_sided 0.035 kurtosis 0.037 spec_cnn 0.045  (6s)
  JSR  -29.0 dB  BER 0.00e+00  P(det)@0.05 power_one_sided 0.059 power_two_sided 0.064 kurtosis 0.055 spec_cnn 0.045  (6s)
  JSR  -28.0 dB  BER 7.63e-06  P(det)@0.05 power_one_sided 0.041 power_two_sided 0.035 kurtosis 0.043 spec_cnn 0.045  (7s)
  JSR  -27.0 dB  BER 0.00e+00  P(det)@0.05 power_one_sided 0.047 power_two_sided 0.053 kurtosis 0.035 spec_cnn 0.049  (7s)
  JSR  -26.0 dB  BER 1.53e-05  P(det)@0.05 power_one_sided 0.078 power_two_sided 0.057 kurtosis 0.057 spec_cnn 0.043  (7s)
  JSR  -25.0 dB  BER 1.53e-05  P(det)@0.05 power_one_sided 0.078 power_two_sided 0.061 kurtosis 0.049 spec_cnn 0.053  (7s)
  JSR  -24.0 dB  BER 5.34e-05  P(det)@0.05 power_one_sided 0.074 power_two_sided 0.080 kurtosis 0.051 spec_cnn 0.045  (8s)
  JSR  -23.0 dB  BER 1.30e-04  P(det)@0.05 power_one_sided 0.102 power_two_sided 0.072 kurtosis 0.062 spec_cnn 0.049  (8s)
  JSR  -22.0 dB  BER 2.29e-04  P(det)@0.05 power_one_sided 0.098 power_two_sided 0.078 kurtosis 0.061 spec_cnn 0.047  (8s)
  JSR  -21.0 dB  BER 4.65e-04  P(det)@0.05 power_one_sided 0.094 power_two_sided 0.066 kurtosis 0.045 spec_cnn 0.062  (9s)
  JSR  -20.0 dB  BER 7.32e-04  P(det)@0.05 power_one_sided 0.137 power_two_sided 0.096 kurtosis 0.053 spec_cnn 0.049  (9s)
  JSR  -19.0 dB  BER 1.10e-03  P(det)@0.05 power_one_sided 0.150 power_two_sided 0.100 kurtosis 0.059 spec_cnn 0.080  (9s)
  JSR  -18.0 dB  BER 1.69e-03  P(det)@0.05 power_one_sided 0.184 power_two_sided 0.139 kurtosis 0.084 spec_cnn 0.059  (9s)
  JSR  -17.0 dB  BER 1.90e-03  P(det)@0.05 power_one_sided 0.279 power_two_sided 0.203 kurtosis 0.119 spec_cnn 0.072  (10s)
  JSR  -16.0 dB  BER 2.44e-03  P(det)@0.05 power_one_sided 0.312 power_two_sided 0.246 kurtosis 0.158 spec_cnn 0.070  (10s)
  JSR  -15.0 dB  BER 2.85e-03  P(det)@0.05 power_one_sided 0.424 power_two_sided 0.320 kurtosis 0.184 spec_cnn 0.066  (10s)
  JSR  -14.0 dB  BER 3.07e-03  P(det)@0.05 power_one_sided 0.588 power_two_sided 0.494 kurtosis 0.326 spec_cnn 0.098  (11s)
  JSR  -13.0 dB  BER 3.38e-03  P(det)@0.05 power_one_sided 0.684 power_two_sided 0.594 kurtosis 0.428 spec_cnn 0.092  (11s)
  JSR  -12.0 dB  BER 3.89e-03  P(det)@0.05 power_one_sided 0.807 power_two_sided 0.744 kurtosis 0.572 spec_cnn 0.105  (11s)
  JSR  -11.0 dB  BER 4.53e-03  P(det)@0.05 power_one_sided 0.918 power_two_sided 0.871 kurtosis 0.656 spec_cnn 0.160  (11s)
  JSR  -10.0 dB  BER 4.72e-03  P(det)@0.05 power_one_sided 0.967 power_two_sided 0.953 kurtosis 0.770 spec_cnn 0.186  (12s)
  JSR   -9.0 dB  BER 4.98e-03  P(det)@0.05 power_one_sided 0.990 power_two_sided 0.984 kurtosis 0.887 spec_cnn 0.195  (12s)
  JSR   -8.0 dB  BER 5.87e-03  P(det)@0.05 power_one_sided 1.000 power_two_sided 1.000 kurtosis 0.961 spec_cnn 0.252  (12s)
  JSR   -7.0 dB  BER 6.27e-03  P(det)@0.05 power_one_sided 1.000 power_two_sided 1.000 kurtosis 0.992 spec_cnn 0.336  (13s)
  JSR   -6.0 dB  BER 6.96e-03  P(det)@0.05 power_one_sided 1.000 power_two_sided 1.000 kurtosis 1.000 spec_cnn 0.461  (13s)
  JSR   -5.0 dB  BER 8.04e-03  P(det)@0.05 power_one_sided 1.000 power_two_sided 1.000 kurtosis 1.000 spec_cnn 0.641  (13s)
  JSR   -4.0 dB  BER 8.37e-03  P(det)@0.05 power_one_sided 1.000 power_two_sided 1.000 kurtosis 1.000 spec_cnn 0.758  (13s)
  JSR   -3.0 dB  BER 9.64e-03  P(det)@0.05 power_one_sided 1.000 power_two_sided 1.000 kurtosis 1.000 spec_cnn 0.857  (14s)
  JSR   -2.0 dB  BER 1.01e-02  P(det)@0.05 power_one_sided 1.000 power_two_sided 1.000 kurtosis 1.000 spec_cnn 0.947  (14s)
  JSR   -1.0 dB  BER 1.17e-02  P(det)@0.05 power_one_sided 1.000 power_two_sided 1.000 kurtosis 1.000 spec_cnn 0.994  (14s)
  JSR   +0.0 dB  BER 1.36e-02  P(det)@0.05 power_one_sided 1.000 power_two_sided 1.000 kurtosis 1.000 spec_cnn 1.000  (15s)
  JSR   +1.0 dB  BER 1.66e-02  P(det)@0.05 power_one_sided 1.000 power_two_sided 1.000 kurtosis 1.000 spec_cnn 1.000  (15s)
  JSR   +2.0 dB  BER 2.18e-02  P(det)@0.05 power_one_sided 1.000 power_two_sided 1.000 kurtosis 1.000 spec_cnn 1.000  (15s)
  JSR   +3.0 dB  BER 2.67e-02  P(det)@0.05 power_one_sided 1.000 power_two_sided 1.000 kurtosis 1.000 spec_cnn 1.000  (15s)
  JSR   +4.0 dB  BER 3.68e-02  P(det)@0.05 power_one_sided 1.000 power_two_sided 1.000 kurtosis 1.000 spec_cnn 1.000  (16s)
  JSR   +5.0 dB  BER 4.76e-02  P(det)@0.05 power_one_sided 1.000 power_two_sided 1.000 kurtosis 1.000 spec_cnn 1.000  (16s)
  JSR   +6.0 dB  BER 6.61e-02  P(det)@0.05 power_one_sided 1.000 power_two_sided 1.000 kurtosis 1.000 spec_cnn 1.000  (16s)
  JSR   +7.0 dB  BER 8.03e-02  P(det)@0.05 power_one_sided 1.000 power_two_sided 1.000 kurtosis 1.000 spec_cnn 1.000  (17s)
  JSR   +8.0 dB  BER 1.00e-01  P(det)@0.05 power_one_sided 1.000 power_two_sided 1.000 kurtosis 1.000 spec_cnn 1.000  (17s)
  JSR   +9.0 dB  BER 1.24e-01  P(det)@0.05 power_one_sided 1.000 power_two_sided 1.000 kurtosis 1.000 spec_cnn 1.000  (17s)
  JSR  +10.0 dB  BER 1.49e-01  P(det)@0.05 power_one_sided 1.000 power_two_sided 1.000 kurtosis 1.000 spec_cnn 1.000  (17s)
  JSR  +11.0 dB  BER 1.74e-01  P(det)@0.05 power_one_sided 1.000 power_two_sided 1.000 kurtosis 1.000 spec_cnn 1.000  (18s)
  JSR  +12.0 dB  BER 2.01e-01  P(det)@0.05 power_one_sided 1.000 power_two_sided 1.000 kurtosis 1.000 spec_cnn 1.000  (18s)
  JSR  +13.0 dB  BER 2.27e-01  P(det)@0.05 power_one_sided 1.000 power_two_sided 1.000 kurtosis 1.000 spec_cnn 1.000  (18s)
  JSR  +14.0 dB  BER 2.50e-01  P(det)@0.05 power_one_sided 1.000 power_two_sided 1.000 kurtosis 1.000 spec_cnn 1.000  (19s)
  JSR  +15.0 dB  BER 2.74e-01  P(det)@0.05 power_one_sided 1.000 power_two_sided 1.000 kurtosis 1.000 spec_cnn 1.000  (19s)
  [snr_5] power_one_sided_b100 confirmed: {"power_one_sided": {"0.01": {"index": 28, "sweep_ber": 0.0002288818359375, "sweep_pdet": 0.013671875, "confirmed_ber": 0.0002384185791015625, "confirmed_ser": 0.000476837158203125, "confirmed_pdet": 0.0205078125, "passed": false}, "0.05": {"index": 16, "sweep_ber": 7.62939453125e-06, "sweep_pdet": 0.037109375, "confirmed_ber": 0.0, "confirmed_ser": 0.0, "confirmed_pdet": 0.054931640625, "passed": true}}, "power_two_sided": {"0.01": {"index": 29, "sweep_ber": 0.00046539306640625, "sweep_pdet": 0.017578125, "confirmed_ber": 0.0004329681396484375, "confirmed_ser": 0.000865936279296875, "confirmed_pdet": 0.01953125, "passed": false}, "0.05": {"index": 29, "sweep_ber": 0.00046539306640625, "sweep_pdet": 0.06640625, "confirmed_ber": 0.00043201446533203125, "confirmed_ser": 0.0008602142333984375, "confirmed_pdet": 0.076171875, "passed": false}}, "kurtosis": {"0.01": {"index": 31, "sweep_ber": 0.0010986328125, "sweep_pdet": 0.01171875, "confirmed_ber": 0.0010919570922851562, "confirmed_ser": 0.002155303955078125, "confirmed_pdet": 0.01904296875, "passed": false}, "0.05": {"index": 31, "sweep_ber": 0.0010986328125, "sweep_pdet": 0.05859375, "confirmed_ber": 0.0011625289916992188, "confirmed_ser": 0.0023021697998046875, "confirmed_pdet": 0.070556640625, "passed": false}}, "spec_cnn": {"0.01": {"index": 38, "sweep_ber": 0.0038909912109375, "sweep_pdet": 0.015625, "confirmed_ber": 0.003970146179199219, "confirmed_ser": 0.0069522857666015625, "confirmed_pdet": 0.0234375, "passed": false}, "0.05": {"index": 35, "sweep_ber": 0.0028533935546875, "sweep_pdet": 0.06640625, "confirmed_ber": 0.00278472900390625, "confirmed_ser": 0.0050811767578125, "confirmed_pdet": 0.073486328125, "passed": false}}}  (441s)
  [snr_5] generator power_one_sided_b1000 (scale 1.0000)
  JSR  -50.0 dB  BER 0.00e+00  P(det)@0.05 power_one_sided 0.062 power_two_sided 0.057 kurtosis 0.045 spec_cnn 0.066  (0s)
  JSR  -49.0 dB  BER 0.00e+00  P(det)@0.05 power_one_sided 0.070 power_two_sided 0.078 kurtosis 0.049 spec_cnn 0.047  (1s)
  JSR  -48.0 dB  BER 0.00e+00  P(det)@0.05 power_one_sided 0.035 power_two_sided 0.049 kurtosis 0.043 spec_cnn 0.045  (1s)
  JSR  -47.0 dB  BER 0.00e+00  P(det)@0.05 power_one_sided 0.070 power_two_sided 0.068 kurtosis 0.057 spec_cnn 0.049  (1s)
  JSR  -46.0 dB  BER 0.00e+00  P(det)@0.05 power_one_sided 0.059 power_two_sided 0.064 kurtosis 0.041 spec_cnn 0.035  (1s)
  JSR  -45.0 dB  BER 0.00e+00  P(det)@0.05 power_one_sided 0.047 power_two_sided 0.049 kurtosis 0.043 spec_cnn 0.043  (2s)
  JSR  -44.0 dB  BER 0.00e+00  P(det)@0.05 power_one_sided 0.053 power_two_sided 0.068 kurtosis 0.051 spec_cnn 0.043  (2s)
  JSR  -43.0 dB  BER 0.00e+00  P(det)@0.05 power_one_sided 0.043 power_two_sided 0.055 kurtosis 0.064 spec_cnn 0.057  (2s)
  JSR  -42.0 dB  BER 0.00e+00  P(det)@0.05 power_one_sided 0.043 power_two_sided 0.057 kurtosis 0.055 spec_cnn 0.039  (3s)
  JSR  -41.0 dB  BER 0.00e+00  P(det)@0.05 power_one_sided 0.045 power_two_sided 0.041 kurtosis 0.078 spec_cnn 0.049  (3s)
  JSR  -40.0 dB  BER 0.00e+00  P(det)@0.05 power_one_sided 0.043 power_two_sided 0.039 kurtosis 0.053 spec_cnn 0.041  (3s)
  JSR  -39.0 dB  BER 0.00e+00  P(det)@0.05 power_one_sided 0.053 power_two_sided 0.057 kurtosis 0.051 spec_cnn 0.057  (3s)
  JSR  -38.0 dB  BER 0.00e+00  P(det)@0.05 power_one_sided 0.027 power_two_sided 0.039 kurtosis 0.045 spec_cnn 0.045  (4s)
  JSR  -37.0 dB  BER 0.00e+00  P(det)@0.05 power_one_sided 0.053 power_two_sided 0.053 kurtosis 0.061 spec_cnn 0.053  (4s)
  JSR  -36.0 dB  BER 0.00e+00  P(det)@0.05 power_one_sided 0.064 power_two_sided 0.070 kurtosis 0.039 spec_cnn 0.057  (4s)
  JSR  -35.0 dB  BER 0.00e+00  P(det)@0.05 power_one_sided 0.061 power_two_sided 0.041 kurtosis 0.068 spec_cnn 0.059  (5s)
  JSR  -34.0 dB  BER 0.00e+00  P(det)@0.05 power_one_sided 0.045 power_two_sided 0.045 kurtosis 0.057 spec_cnn 0.068  (5s)
  JSR  -33.0 dB  BER 0.00e+00  P(det)@0.05 power_one_sided 0.059 power_two_sided 0.049 kurtosis 0.053 spec_cnn 0.047  (5s)
  JSR  -32.0 dB  BER 0.00e+00  P(det)@0.05 power_one_sided 0.055 power_two_sided 0.059 kurtosis 0.053 spec_cnn 0.049  (5s)
  JSR  -31.0 dB  BER 7.63e-06  P(det)@0.05 power_one_sided 0.047 power_two_sided 0.043 kurtosis 0.043 spec_cnn 0.064  (6s)
  JSR  -30.0 dB  BER 0.00e+00  P(det)@0.05 power_one_sided 0.062 power_two_sided 0.061 kurtosis 0.051 spec_cnn 0.051  (6s)
  JSR  -29.0 dB  BER 0.00e+00  P(det)@0.05 power_one_sided 0.037 power_two_sided 0.035 kurtosis 0.035 spec_cnn 0.031  (6s)
  JSR  -28.0 dB  BER 0.00e+00  P(det)@0.05 power_one_sided 0.055 power_two_sided 0.055 kurtosis 0.055 spec_cnn 0.059  (7s)
  JSR  -27.0 dB  BER 0.00e+00  P(det)@0.05 power_one_sided 0.082 power_two_sided 0.068 kurtosis 0.057 spec_cnn 0.072  (7s)
  JSR  -26.0 dB  BER 0.00e+00  P(det)@0.05 power_one_sided 0.072 power_two_sided 0.064 kurtosis 0.061 spec_cnn 0.049  (7s)
  JSR  -25.0 dB  BER 0.00e+00  P(det)@0.05 power_one_sided 0.080 power_two_sided 0.059 kurtosis 0.059 spec_cnn 0.059  (7s)
  JSR  -24.0 dB  BER 0.00e+00  P(det)@0.05 power_one_sided 0.072 power_two_sided 0.059 kurtosis 0.068 spec_cnn 0.053  (8s)
  JSR  -23.0 dB  BER 1.53e-05  P(det)@0.05 power_one_sided 0.104 power_two_sided 0.080 kurtosis 0.045 spec_cnn 0.062  (8s)
  JSR  -22.0 dB  BER 7.63e-06  P(det)@0.05 power_one_sided 0.076 power_two_sided 0.068 kurtosis 0.051 spec_cnn 0.037  (8s)
  JSR  -21.0 dB  BER 1.53e-05  P(det)@0.05 power_one_sided 0.113 power_two_sided 0.088 kurtosis 0.072 spec_cnn 0.043  (9s)
  JSR  -20.0 dB  BER 5.34e-05  P(det)@0.05 power_one_sided 0.117 power_two_sided 0.080 kurtosis 0.061 spec_cnn 0.051  (9s)
  JSR  -19.0 dB  BER 7.63e-05  P(det)@0.05 power_one_sided 0.150 power_two_sided 0.121 kurtosis 0.080 spec_cnn 0.064  (9s)
  JSR  -18.0 dB  BER 2.37e-04  P(det)@0.05 power_one_sided 0.182 power_two_sided 0.129 kurtosis 0.100 spec_cnn 0.057  (9s)
  JSR  -17.0 dB  BER 3.97e-04  P(det)@0.05 power_one_sided 0.215 power_two_sided 0.154 kurtosis 0.078 spec_cnn 0.062  (10s)
  JSR  -16.0 dB  BER 6.03e-04  P(det)@0.05 power_one_sided 0.283 power_two_sided 0.203 kurtosis 0.107 spec_cnn 0.088  (10s)
  JSR  -15.0 dB  BER 8.54e-04  P(det)@0.05 power_one_sided 0.383 power_two_sided 0.309 kurtosis 0.137 spec_cnn 0.064  (10s)
  JSR  -14.0 dB  BER 1.62e-03  P(det)@0.05 power_one_sided 0.432 power_two_sided 0.355 kurtosis 0.172 spec_cnn 0.072  (11s)
  JSR  -13.0 dB  BER 1.81e-03  P(det)@0.05 power_one_sided 0.561 power_two_sided 0.473 kurtosis 0.283 spec_cnn 0.104  (11s)
  JSR  -12.0 dB  BER 2.61e-03  P(det)@0.05 power_one_sided 0.721 power_two_sided 0.646 kurtosis 0.346 spec_cnn 0.098  (11s)
  JSR  -11.0 dB  BER 3.16e-03  P(det)@0.05 power_one_sided 0.840 power_two_sided 0.801 kurtosis 0.467 spec_cnn 0.111  (11s)
  JSR  -10.0 dB  BER 3.88e-03  P(det)@0.05 power_one_sided 0.895 power_two_sided 0.867 kurtosis 0.631 spec_cnn 0.098  (12s)
  JSR   -9.0 dB  BER 5.89e-03  P(det)@0.05 power_one_sided 0.969 power_two_sided 0.967 kurtosis 0.777 spec_cnn 0.162  (12s)
  JSR   -8.0 dB  BER 8.71e-03  P(det)@0.05 power_one_sided 0.990 power_two_sided 0.988 kurtosis 0.857 spec_cnn 0.221  (12s)
  JSR   -7.0 dB  BER 1.27e-02  P(det)@0.05 power_one_sided 0.998 power_two_sided 0.998 kurtosis 0.955 spec_cnn 0.232  (13s)
  JSR   -6.0 dB  BER 1.96e-02  P(det)@0.05 power_one_sided 1.000 power_two_sided 1.000 kurtosis 0.992 spec_cnn 0.275  (13s)
  JSR   -5.0 dB  BER 3.06e-02  P(det)@0.05 power_one_sided 1.000 power_two_sided 1.000 kurtosis 0.988 spec_cnn 0.340  (13s)
  JSR   -4.0 dB  BER 4.48e-02  P(det)@0.05 power_one_sided 1.000 power_two_sided 1.000 kurtosis 1.000 spec_cnn 0.420  (13s)
  JSR   -3.0 dB  BER 5.96e-02  P(det)@0.05 power_one_sided 1.000 power_two_sided 1.000 kurtosis 1.000 spec_cnn 0.527  (14s)
  JSR   -2.0 dB  BER 8.04e-02  P(det)@0.05 power_one_sided 1.000 power_two_sided 1.000 kurtosis 1.000 spec_cnn 0.654  (14s)
  JSR   -1.0 dB  BER 1.01e-01  P(det)@0.05 power_one_sided 1.000 power_two_sided 1.000 kurtosis 1.000 spec_cnn 0.838  (14s)
  JSR   +0.0 dB  BER 1.24e-01  P(det)@0.05 power_one_sided 1.000 power_two_sided 1.000 kurtosis 1.000 spec_cnn 0.898  (15s)
  JSR   +1.0 dB  BER 1.48e-01  P(det)@0.05 power_one_sided 1.000 power_two_sided 1.000 kurtosis 1.000 spec_cnn 0.967  (15s)
  JSR   +2.0 dB  BER 1.73e-01  P(det)@0.05 power_one_sided 1.000 power_two_sided 1.000 kurtosis 1.000 spec_cnn 0.996  (15s)
  JSR   +3.0 dB  BER 1.98e-01  P(det)@0.05 power_one_sided 1.000 power_two_sided 1.000 kurtosis 1.000 spec_cnn 0.998  (15s)
  JSR   +4.0 dB  BER 2.24e-01  P(det)@0.05 power_one_sided 1.000 power_two_sided 1.000 kurtosis 1.000 spec_cnn 1.000  (16s)
  JSR   +5.0 dB  BER 2.50e-01  P(det)@0.05 power_one_sided 1.000 power_two_sided 1.000 kurtosis 1.000 spec_cnn 1.000  (16s)
  JSR   +6.0 dB  BER 2.72e-01  P(det)@0.05 power_one_sided 1.000 power_two_sided 1.000 kurtosis 1.000 spec_cnn 1.000  (16s)
  JSR   +7.0 dB  BER 2.95e-01  P(det)@0.05 power_one_sided 1.000 power_two_sided 1.000 kurtosis 1.000 spec_cnn 1.000  (17s)
  JSR   +8.0 dB  BER 3.16e-01  P(det)@0.05 power_one_sided 1.000 power_two_sided 1.000 kurtosis 1.000 spec_cnn 1.000  (17s)
  JSR   +9.0 dB  BER 3.33e-01  P(det)@0.05 power_one_sided 1.000 power_two_sided 1.000 kurtosis 1.000 spec_cnn 1.000  (17s)
  JSR  +10.0 dB  BER 3.51e-01  P(det)@0.05 power_one_sided 1.000 power_two_sided 1.000 kurtosis 1.000 spec_cnn 1.000  (17s)
  JSR  +11.0 dB  BER 3.66e-01  P(det)@0.05 power_one_sided 1.000 power_two_sided 1.000 kurtosis 1.000 spec_cnn 1.000  (18s)
  JSR  +12.0 dB  BER 3.80e-01  P(det)@0.05 power_one_sided 1.000 power_two_sided 1.000 kurtosis 1.000 spec_cnn 1.000  (18s)
  JSR  +13.0 dB  BER 3.92e-01  P(det)@0.05 power_one_sided 1.000 power_two_sided 1.000 kurtosis 1.000 spec_cnn 1.000  (18s)
  JSR  +14.0 dB  BER 4.06e-01  P(det)@0.05 power_one_sided 1.000 power_two_sided 1.000 kurtosis 1.000 spec_cnn 1.000  (19s)
  JSR  +15.0 dB  BER 4.18e-01  P(det)@0.05 power_one_sided 1.000 power_two_sided 1.000 kurtosis 1.000 spec_cnn 1.000  (19s)
  [snr_5] power_one_sided_b1000 confirmed: {"power_one_sided": {"0.01": {"index": 19, "sweep_ber": 7.62939453125e-06, "sweep_pdet": 0.009765625, "confirmed_ber": 0.0, "confirmed_ser": 0.0, "confirmed_pdet": 0.009521484375, "passed": true}, "0.05": {"index": 19, "sweep_ber": 7.62939453125e-06, "sweep_pdet": 0.046875, "confirmed_ber": 0.0, "confirmed_ser": 0.0, "confirmed_pdet": 0.05322265625, "passed": true}}, "power_two_sided": {"0.01": {"index": 19, "sweep_ber": 7.62939453125e-06, "sweep_pdet": 0.00390625, "confirmed_ber": 0.0, "confirmed_ser": 0.0, "confirmed_pdet": 0.007568359375, "passed": true}, "0.05": {"index": 19, "sweep_ber": 7.62939453125e-06, "sweep_pdet": 0.04296875, "confirmed_ber": 0.0, "confirmed_ser": 0.0, "confirmed_pdet": 0.05126953125, "passed": true}}, "kurtosis": {"0.01": {"index": 30, "sweep_ber": 5.340576171875e-05, "sweep_pdet": 0.01171875, "confirmed_ber": 4.00543212890625e-05, "confirmed_ser": 8.0108642578125e-05, "confirmed_pdet": 0.016845703125, "passed": false}, "0.05": {"index": 30, "sweep_ber": 5.340576171875e-05, "sweep_pdet": 0.060546875, "confirmed_ber": 4.38690185546875e-05, "confirmed_ser": 8.7738037109375e-05, "confirmed_pdet": 0.059326171875, "passed": false}}, "spec_cnn": {"0.01": {"index": 36, "sweep_ber": 0.001617431640625, "sweep_pdet": 0.017578125, "confirmed_ber": 0.0013904571533203125, "confirmed_ser": 0.0027332305908203125, "confirmed_pdet": 0.017822265625, "passed": false}, "0.05": {"index": 35, "sweep_ber": 0.0008544921875, "sweep_pdet": 0.064453125, "confirmed_ber": 0.000995635986328125, "confirmed_ser": 0.001972198486328125, "confirmed_pdet": 0.0712890625, "passed": false}}}  (478s)
  [snr_5] generator power_two_sided_b1 (scale 1.0000)
  JSR  -50.0 dB  BER 0.00e+00  P(det)@0.05 power_one_sided 0.047 power_two_sided 0.062 kurtosis 0.039 spec_cnn 0.045  (0s)
  JSR  -49.0 dB  BER 0.00e+00  P(det)@0.05 power_one_sided 0.045 power_two_sided 0.033 kurtosis 0.061 spec_cnn 0.059  (1s)
  JSR  -48.0 dB  BER 0.00e+00  P(det)@0.05 power_one_sided 0.053 power_two_sided 0.049 kurtosis 0.043 spec_cnn 0.053  (1s)
  JSR  -47.0 dB  BER 0.00e+00  P(det)@0.05 power_one_sided 0.057 power_two_sided 0.076 kurtosis 0.047 spec_cnn 0.061  (1s)
  JSR  -46.0 dB  BER 0.00e+00  P(det)@0.05 power_one_sided 0.055 power_two_sided 0.072 kurtosis 0.055 spec_cnn 0.045  (1s)
  JSR  -45.0 dB  BER 0.00e+00  P(det)@0.05 power_one_sided 0.045 power_two_sided 0.061 kurtosis 0.031 spec_cnn 0.043  (2s)
  JSR  -44.0 dB  BER 0.00e+00  P(det)@0.05 power_one_sided 0.051 power_two_sided 0.057 kurtosis 0.053 spec_cnn 0.053  (2s)
  JSR  -43.0 dB  BER 0.00e+00  P(det)@0.05 power_one_sided 0.039 power_two_sided 0.041 kurtosis 0.064 spec_cnn 0.041  (2s)
  JSR  -42.0 dB  BER 0.00e+00  P(det)@0.05 power_one_sided 0.055 power_two_sided 0.037 kurtosis 0.051 spec_cnn 0.072  (3s)
  JSR  -41.0 dB  BER 0.00e+00  P(det)@0.05 power_one_sided 0.061 power_two_sided 0.061 kurtosis 0.051 spec_cnn 0.062  (3s)
  JSR  -40.0 dB  BER 0.00e+00  P(det)@0.05 power_one_sided 0.039 power_two_sided 0.043 kurtosis 0.049 spec_cnn 0.045  (3s)
  JSR  -39.0 dB  BER 0.00e+00  P(det)@0.05 power_one_sided 0.049 power_two_sided 0.047 kurtosis 0.059 spec_cnn 0.055  (3s)
  JSR  -38.0 dB  BER 0.00e+00  P(det)@0.05 power_one_sided 0.059 power_two_sided 0.061 kurtosis 0.041 spec_cnn 0.061  (4s)
  JSR  -37.0 dB  BER 0.00e+00  P(det)@0.05 power_one_sided 0.043 power_two_sided 0.057 kurtosis 0.029 spec_cnn 0.049  (4s)
  JSR  -36.0 dB  BER 0.00e+00  P(det)@0.05 power_one_sided 0.059 power_two_sided 0.043 kurtosis 0.066 spec_cnn 0.055  (4s)
  JSR  -35.0 dB  BER 0.00e+00  P(det)@0.05 power_one_sided 0.057 power_two_sided 0.051 kurtosis 0.062 spec_cnn 0.047  (5s)
  JSR  -34.0 dB  BER 0.00e+00  P(det)@0.05 power_one_sided 0.051 power_two_sided 0.059 kurtosis 0.045 spec_cnn 0.064  (5s)
  JSR  -33.0 dB  BER 0.00e+00  P(det)@0.05 power_one_sided 0.049 power_two_sided 0.045 kurtosis 0.045 spec_cnn 0.061  (5s)
  JSR  -32.0 dB  BER 0.00e+00  P(det)@0.05 power_one_sided 0.039 power_two_sided 0.045 kurtosis 0.055 spec_cnn 0.059  (5s)
  JSR  -31.0 dB  BER 0.00e+00  P(det)@0.05 power_one_sided 0.035 power_two_sided 0.051 kurtosis 0.055 spec_cnn 0.037  (6s)
  JSR  -30.0 dB  BER 0.00e+00  P(det)@0.05 power_one_sided 0.047 power_two_sided 0.037 kurtosis 0.043 spec_cnn 0.045  (6s)
  JSR  -29.0 dB  BER 0.00e+00  P(det)@0.05 power_one_sided 0.062 power_two_sided 0.049 kurtosis 0.076 spec_cnn 0.041  (6s)
  JSR  -28.0 dB  BER 7.63e-06  P(det)@0.05 power_one_sided 0.078 power_two_sided 0.055 kurtosis 0.057 spec_cnn 0.051  (7s)
  JSR  -27.0 dB  BER 1.53e-05  P(det)@0.05 power_one_sided 0.039 power_two_sided 0.035 kurtosis 0.053 spec_cnn 0.045  (7s)
  JSR  -26.0 dB  BER 3.05e-05  P(det)@0.05 power_one_sided 0.057 power_two_sided 0.037 kurtosis 0.049 spec_cnn 0.055  (7s)
  JSR  -25.0 dB  BER 4.58e-05  P(det)@0.05 power_one_sided 0.068 power_two_sided 0.055 kurtosis 0.043 spec_cnn 0.055  (7s)
  JSR  -24.0 dB  BER 6.87e-05  P(det)@0.05 power_one_sided 0.078 power_two_sided 0.059 kurtosis 0.051 spec_cnn 0.041  (8s)
  JSR  -23.0 dB  BER 1.98e-04  P(det)@0.05 power_one_sided 0.094 power_two_sided 0.072 kurtosis 0.059 spec_cnn 0.062  (8s)
  JSR  -22.0 dB  BER 4.27e-04  P(det)@0.05 power_one_sided 0.094 power_two_sided 0.076 kurtosis 0.053 spec_cnn 0.059  (8s)
  JSR  -21.0 dB  BER 8.85e-04  P(det)@0.05 power_one_sided 0.104 power_two_sided 0.074 kurtosis 0.070 spec_cnn 0.043  (9s)
  JSR  -20.0 dB  BER 1.03e-03  P(det)@0.05 power_one_sided 0.131 power_two_sided 0.076 kurtosis 0.086 spec_cnn 0.039  (9s)
  JSR  -19.0 dB  BER 1.48e-03  P(det)@0.05 power_one_sided 0.141 power_two_sided 0.107 kurtosis 0.084 spec_cnn 0.080  (9s)
  JSR  -18.0 dB  BER 1.88e-03  P(det)@0.05 power_one_sided 0.156 power_two_sided 0.107 kurtosis 0.131 spec_cnn 0.080  (9s)
  JSR  -17.0 dB  BER 2.34e-03  P(det)@0.05 power_one_sided 0.230 power_two_sided 0.156 kurtosis 0.178 spec_cnn 0.064  (10s)
  JSR  -16.0 dB  BER 2.66e-03  P(det)@0.05 power_one_sided 0.291 power_two_sided 0.215 kurtosis 0.258 spec_cnn 0.066  (10s)
  JSR  -15.0 dB  BER 3.14e-03  P(det)@0.05 power_one_sided 0.412 power_two_sided 0.316 kurtosis 0.340 spec_cnn 0.072  (10s)
  JSR  -14.0 dB  BER 3.06e-03  P(det)@0.05 power_one_sided 0.486 power_two_sided 0.379 kurtosis 0.510 spec_cnn 0.102  (11s)
  JSR  -13.0 dB  BER 3.78e-03  P(det)@0.05 power_one_sided 0.580 power_two_sided 0.479 kurtosis 0.549 spec_cnn 0.084  (11s)
  JSR  -12.0 dB  BER 4.11e-03  P(det)@0.05 power_one_sided 0.732 power_two_sided 0.662 kurtosis 0.664 spec_cnn 0.084  (11s)
  JSR  -11.0 dB  BER 4.27e-03  P(det)@0.05 power_one_sided 0.846 power_two_sided 0.777 kurtosis 0.789 spec_cnn 0.131  (11s)
  JSR  -10.0 dB  BER 4.44e-03  P(det)@0.05 power_one_sided 0.910 power_two_sided 0.881 kurtosis 0.877 spec_cnn 0.180  (12s)
  JSR   -9.0 dB  BER 4.68e-03  P(det)@0.05 power_one_sided 0.986 power_two_sided 0.973 kurtosis 0.961 spec_cnn 0.221  (12s)
  JSR   -8.0 dB  BER 5.33e-03  P(det)@0.05 power_one_sided 1.000 power_two_sided 1.000 kurtosis 0.996 spec_cnn 0.273  (12s)
  JSR   -7.0 dB  BER 5.36e-03  P(det)@0.05 power_one_sided 1.000 power_two_sided 1.000 kurtosis 0.996 spec_cnn 0.342  (13s)
  JSR   -6.0 dB  BER 6.02e-03  P(det)@0.05 power_one_sided 1.000 power_two_sided 1.000 kurtosis 1.000 spec_cnn 0.416  (13s)
  JSR   -5.0 dB  BER 6.32e-03  P(det)@0.05 power_one_sided 1.000 power_two_sided 1.000 kurtosis 1.000 spec_cnn 0.623  (13s)
  JSR   -4.0 dB  BER 7.13e-03  P(det)@0.05 power_one_sided 1.000 power_two_sided 1.000 kurtosis 1.000 spec_cnn 0.709  (13s)
  JSR   -3.0 dB  BER 7.56e-03  P(det)@0.05 power_one_sided 1.000 power_two_sided 1.000 kurtosis 1.000 spec_cnn 0.877  (14s)
  JSR   -2.0 dB  BER 8.32e-03  P(det)@0.05 power_one_sided 1.000 power_two_sided 1.000 kurtosis 1.000 spec_cnn 0.971  (14s)
  JSR   -1.0 dB  BER 9.19e-03  P(det)@0.05 power_one_sided 1.000 power_two_sided 1.000 kurtosis 1.000 spec_cnn 0.998  (14s)
  JSR   +0.0 dB  BER 9.78e-03  P(det)@0.05 power_one_sided 1.000 power_two_sided 1.000 kurtosis 1.000 spec_cnn 0.996  (15s)
  JSR   +1.0 dB  BER 1.05e-02  P(det)@0.05 power_one_sided 1.000 power_two_sided 1.000 kurtosis 1.000 spec_cnn 1.000  (15s)
  JSR   +2.0 dB  BER 1.18e-02  P(det)@0.05 power_one_sided 1.000 power_two_sided 1.000 kurtosis 1.000 spec_cnn 1.000  (15s)
  JSR   +3.0 dB  BER 1.26e-02  P(det)@0.05 power_one_sided 1.000 power_two_sided 1.000 kurtosis 1.000 spec_cnn 1.000  (15s)
  JSR   +4.0 dB  BER 1.49e-02  P(det)@0.05 power_one_sided 1.000 power_two_sided 1.000 kurtosis 1.000 spec_cnn 1.000  (16s)
  JSR   +5.0 dB  BER 1.85e-02  P(det)@0.05 power_one_sided 1.000 power_two_sided 1.000 kurtosis 1.000 spec_cnn 1.000  (16s)
  JSR   +6.0 dB  BER 2.28e-02  P(det)@0.05 power_one_sided 1.000 power_two_sided 1.000 kurtosis 1.000 spec_cnn 1.000  (16s)
  JSR   +7.0 dB  BER 2.98e-02  P(det)@0.05 power_one_sided 1.000 power_two_sided 1.000 kurtosis 1.000 spec_cnn 1.000  (17s)
  JSR   +8.0 dB  BER 3.86e-02  P(det)@0.05 power_one_sided 1.000 power_two_sided 1.000 kurtosis 1.000 spec_cnn 1.000  (17s)
  JSR   +9.0 dB  BER 5.03e-02  P(det)@0.05 power_one_sided 1.000 power_two_sided 1.000 kurtosis 1.000 spec_cnn 1.000  (17s)
  JSR  +10.0 dB  BER 6.55e-02  P(det)@0.05 power_one_sided 1.000 power_two_sided 1.000 kurtosis 1.000 spec_cnn 1.000  (17s)
  JSR  +11.0 dB  BER 8.17e-02  P(det)@0.05 power_one_sided 1.000 power_two_sided 1.000 kurtosis 1.000 spec_cnn 1.000  (18s)
  JSR  +12.0 dB  BER 1.05e-01  P(det)@0.05 power_one_sided 1.000 power_two_sided 1.000 kurtosis 1.000 spec_cnn 1.000  (18s)
  JSR  +13.0 dB  BER 1.26e-01  P(det)@0.05 power_one_sided 1.000 power_two_sided 1.000 kurtosis 1.000 spec_cnn 1.000  (18s)
  JSR  +14.0 dB  BER 1.54e-01  P(det)@0.05 power_one_sided 1.000 power_two_sided 1.000 kurtosis 1.000 spec_cnn 1.000  (19s)
  JSR  +15.0 dB  BER 1.78e-01  P(det)@0.05 power_one_sided 1.000 power_two_sided 1.000 kurtosis 1.000 spec_cnn 1.000  (19s)
  [snr_5] power_two_sided_b1 confirmed: {"power_one_sided": {"0.01": {"index": 30, "sweep_ber": 0.00102996826171875, "sweep_pdet": 0.017578125, "confirmed_ber": 0.00113677978515625, "confirmed_ser": 0.0022602081298828125, "confirmed_pdet": 0.030029296875, "passed": false}, "0.05": {"index": 25, "sweep_ber": 4.57763671875e-05, "sweep_pdet": 0.068359375, "confirmed_ber": 4.863739013671875e-05, "confirmed_ser": 9.72747802734375e-05, "confirmed_pdet": 0.0625, "passed": false}}, "power_two_sided": {"0.01": {"index": 30, "sweep_ber": 0.00102996826171875, "sweep_pdet": 0.013671875, "confirmed_ber": 0.001117706298828125, "confirmed_ser": 0.00220489501953125, "confirmed_pdet": 0.021728515625, "passed": false}, "0.05": {"index": 26, "sweep_ber": 6.866455078125e-05, "sweep_pdet": 0.05859375, "confirmed_ber": 9.632110595703125e-05, "confirmed_ser": 0.0001926422119140625, "confirmed_pdet": 0.0625, "passed": false}}, "kurtosis": {"0.01": {"index": 31, "sweep_ber": 0.0014801025390625, "sweep_pdet": 0.015625, "confirmed_ber": 0.0015363693237304688, "confirmed_ser": 0.0030193328857421875, "confirmed_pdet": 0.03369140625, "passed": false}, "0.05": {"index": 28, "sweep_ber": 0.00042724609375, "sweep_pdet": 0.052734375, "confirmed_ber": 0.00043010711669921875, "confirmed_ser": 0.0008544921875, "confirmed_pdet": 0.06494140625, "passed": false}}, "spec_cnn": {"0.01": {"index": 34, "sweep_ber": 0.00266265869140625, "sweep_pdet": 0.017578125, "confirmed_ber": 0.0026340484619140625, "confirmed_ser": 0.0048580169677734375, "confirmed_pdet": 0.014892578125, "passed": false}, "0.05": {"index": 34, "sweep_ber": 0.00266265869140625, "sweep_pdet": 0.06640625, "confirmed_ber": 0.0026569366455078125, "confirmed_ser": 0.0048828125, "confirmed_pdet": 0.0732421875, "passed": false}}}  (516s)
  [snr_5] generator power_two_sided_b10 (scale 1.0000)
  JSR  -50.0 dB  BER 0.00e+00  P(det)@0.05 power_one_sided 0.068 power_two_sided 0.037 kurtosis 0.047 spec_cnn 0.057  (0s)
  JSR  -49.0 dB  BER 0.00e+00  P(det)@0.05 power_one_sided 0.051 power_two_sided 0.041 kurtosis 0.047 spec_cnn 0.055  (1s)
  JSR  -48.0 dB  BER 0.00e+00  P(det)@0.05 power_one_sided 0.051 power_two_sided 0.037 kurtosis 0.055 spec_cnn 0.039  (1s)
  JSR  -47.0 dB  BER 0.00e+00  P(det)@0.05 power_one_sided 0.072 power_two_sided 0.055 kurtosis 0.055 spec_cnn 0.043  (1s)
  JSR  -46.0 dB  BER 0.00e+00  P(det)@0.05 power_one_sided 0.057 power_two_sided 0.045 kurtosis 0.051 spec_cnn 0.053  (1s)
  JSR  -45.0 dB  BER 0.00e+00  P(det)@0.05 power_one_sided 0.051 power_two_sided 0.039 kurtosis 0.039 spec_cnn 0.051  (2s)
  JSR  -44.0 dB  BER 0.00e+00  P(det)@0.05 power_one_sided 0.049 power_two_sided 0.051 kurtosis 0.053 spec_cnn 0.039  (2s)
  JSR  -43.0 dB  BER 0.00e+00  P(det)@0.05 power_one_sided 0.047 power_two_sided 0.055 kurtosis 0.057 spec_cnn 0.059  (2s)
  JSR  -42.0 dB  BER 0.00e+00  P(det)@0.05 power_one_sided 0.057 power_two_sided 0.045 kurtosis 0.057 spec_cnn 0.066  (3s)
  JSR  -41.0 dB  BER 0.00e+00  P(det)@0.05 power_one_sided 0.039 power_two_sided 0.031 kurtosis 0.061 spec_cnn 0.047  (3s)
  JSR  -40.0 dB  BER 0.00e+00  P(det)@0.05 power_one_sided 0.037 power_two_sided 0.041 kurtosis 0.064 spec_cnn 0.064  (3s)
  JSR  -39.0 dB  BER 0.00e+00  P(det)@0.05 power_one_sided 0.068 power_two_sided 0.055 kurtosis 0.047 spec_cnn 0.049  (3s)
  JSR  -38.0 dB  BER 0.00e+00  P(det)@0.05 power_one_sided 0.043 power_two_sided 0.049 kurtosis 0.057 spec_cnn 0.051  (4s)
  JSR  -37.0 dB  BER 0.00e+00  P(det)@0.05 power_one_sided 0.039 power_two_sided 0.031 kurtosis 0.039 spec_cnn 0.055  (4s)
  JSR  -36.0 dB  BER 0.00e+00  P(det)@0.05 power_one_sided 0.061 power_two_sided 0.055 kurtosis 0.035 spec_cnn 0.045  (4s)
  JSR  -35.0 dB  BER 0.00e+00  P(det)@0.05 power_one_sided 0.045 power_two_sided 0.059 kurtosis 0.057 spec_cnn 0.047  (5s)
  JSR  -34.0 dB  BER 0.00e+00  P(det)@0.05 power_one_sided 0.061 power_two_sided 0.049 kurtosis 0.049 spec_cnn 0.039  (5s)
  JSR  -33.0 dB  BER 0.00e+00  P(det)@0.05 power_one_sided 0.045 power_two_sided 0.051 kurtosis 0.055 spec_cnn 0.070  (5s)
  JSR  -32.0 dB  BER 0.00e+00  P(det)@0.05 power_one_sided 0.043 power_two_sided 0.023 kurtosis 0.066 spec_cnn 0.066  (5s)
  JSR  -31.0 dB  BER 0.00e+00  P(det)@0.05 power_one_sided 0.061 power_two_sided 0.066 kurtosis 0.059 spec_cnn 0.049  (6s)
  JSR  -30.0 dB  BER 0.00e+00  P(det)@0.05 power_one_sided 0.062 power_two_sided 0.055 kurtosis 0.043 spec_cnn 0.039  (6s)
  JSR  -29.0 dB  BER 0.00e+00  P(det)@0.05 power_one_sided 0.055 power_two_sided 0.059 kurtosis 0.049 spec_cnn 0.064  (6s)
  JSR  -28.0 dB  BER 0.00e+00  P(det)@0.05 power_one_sided 0.062 power_two_sided 0.059 kurtosis 0.043 spec_cnn 0.055  (7s)
  JSR  -27.0 dB  BER 2.29e-05  P(det)@0.05 power_one_sided 0.062 power_two_sided 0.059 kurtosis 0.055 spec_cnn 0.057  (7s)
  JSR  -26.0 dB  BER 7.63e-06  P(det)@0.05 power_one_sided 0.078 power_two_sided 0.059 kurtosis 0.064 spec_cnn 0.066  (7s)
  JSR  -25.0 dB  BER 4.58e-05  P(det)@0.05 power_one_sided 0.088 power_two_sided 0.080 kurtosis 0.057 spec_cnn 0.066  (7s)
  JSR  -24.0 dB  BER 7.63e-05  P(det)@0.05 power_one_sided 0.092 power_two_sided 0.055 kurtosis 0.055 spec_cnn 0.062  (8s)
  JSR  -23.0 dB  BER 2.21e-04  P(det)@0.05 power_one_sided 0.084 power_two_sided 0.057 kurtosis 0.062 spec_cnn 0.070  (8s)
  JSR  -22.0 dB  BER 3.66e-04  P(det)@0.05 power_one_sided 0.131 power_two_sided 0.088 kurtosis 0.068 spec_cnn 0.066  (8s)
  JSR  -21.0 dB  BER 5.80e-04  P(det)@0.05 power_one_sided 0.129 power_two_sided 0.086 kurtosis 0.033 spec_cnn 0.066  (9s)
  JSR  -20.0 dB  BER 6.64e-04  P(det)@0.05 power_one_sided 0.221 power_two_sided 0.166 kurtosis 0.062 spec_cnn 0.074  (9s)
  JSR  -19.0 dB  BER 1.17e-03  P(det)@0.05 power_one_sided 0.207 power_two_sided 0.141 kurtosis 0.055 spec_cnn 0.109  (9s)
  JSR  -18.0 dB  BER 1.53e-03  P(det)@0.05 power_one_sided 0.291 power_two_sided 0.193 kurtosis 0.088 spec_cnn 0.098  (9s)
  JSR  -17.0 dB  BER 1.72e-03  P(det)@0.05 power_one_sided 0.383 power_two_sided 0.273 kurtosis 0.096 spec_cnn 0.121  (10s)
  JSR  -16.0 dB  BER 2.42e-03  P(det)@0.05 power_one_sided 0.471 power_two_sided 0.385 kurtosis 0.123 spec_cnn 0.117  (10s)
  JSR  -15.0 dB  BER 2.87e-03  P(det)@0.05 power_one_sided 0.600 power_two_sided 0.508 kurtosis 0.184 spec_cnn 0.096  (10s)
  JSR  -14.0 dB  BER 3.18e-03  P(det)@0.05 power_one_sided 0.738 power_two_sided 0.646 kurtosis 0.311 spec_cnn 0.137  (11s)
  JSR  -13.0 dB  BER 3.33e-03  P(det)@0.05 power_one_sided 0.867 power_two_sided 0.811 kurtosis 0.438 spec_cnn 0.135  (11s)
  JSR  -12.0 dB  BER 3.56e-03  P(det)@0.05 power_one_sided 0.951 power_two_sided 0.916 kurtosis 0.607 spec_cnn 0.178  (11s)
  JSR  -11.0 dB  BER 4.17e-03  P(det)@0.05 power_one_sided 0.988 power_two_sided 0.982 kurtosis 0.807 spec_cnn 0.234  (11s)
  JSR  -10.0 dB  BER 4.39e-03  P(det)@0.05 power_one_sided 1.000 power_two_sided 1.000 kurtosis 0.928 spec_cnn 0.266  (12s)
  JSR   -9.0 dB  BER 5.08e-03  P(det)@0.05 power_one_sided 1.000 power_two_sided 1.000 kurtosis 0.980 spec_cnn 0.322  (12s)
  JSR   -8.0 dB  BER 5.52e-03  P(det)@0.05 power_one_sided 1.000 power_two_sided 1.000 kurtosis 0.996 spec_cnn 0.400  (12s)
  JSR   -7.0 dB  BER 5.76e-03  P(det)@0.05 power_one_sided 1.000 power_two_sided 1.000 kurtosis 0.996 spec_cnn 0.451  (13s)
  JSR   -6.0 dB  BER 6.74e-03  P(det)@0.05 power_one_sided 1.000 power_two_sided 1.000 kurtosis 1.000 spec_cnn 0.592  (13s)
  JSR   -5.0 dB  BER 6.97e-03  P(det)@0.05 power_one_sided 1.000 power_two_sided 1.000 kurtosis 1.000 spec_cnn 0.727  (13s)
  JSR   -4.0 dB  BER 7.84e-03  P(det)@0.05 power_one_sided 1.000 power_two_sided 1.000 kurtosis 1.000 spec_cnn 0.857  (13s)
  JSR   -3.0 dB  BER 8.41e-03  P(det)@0.05 power_one_sided 1.000 power_two_sided 1.000 kurtosis 1.000 spec_cnn 0.939  (14s)
  JSR   -2.0 dB  BER 9.66e-03  P(det)@0.05 power_one_sided 1.000 power_two_sided 1.000 kurtosis 1.000 spec_cnn 0.990  (14s)
  JSR   -1.0 dB  BER 1.02e-02  P(det)@0.05 power_one_sided 1.000 power_two_sided 1.000 kurtosis 1.000 spec_cnn 0.998  (14s)
  JSR   +0.0 dB  BER 1.09e-02  P(det)@0.05 power_one_sided 1.000 power_two_sided 1.000 kurtosis 1.000 spec_cnn 1.000  (15s)
  JSR   +1.0 dB  BER 1.25e-02  P(det)@0.05 power_one_sided 1.000 power_two_sided 1.000 kurtosis 1.000 spec_cnn 1.000  (15s)
  JSR   +2.0 dB  BER 1.42e-02  P(det)@0.05 power_one_sided 1.000 power_two_sided 1.000 kurtosis 1.000 spec_cnn 1.000  (15s)
  JSR   +3.0 dB  BER 1.64e-02  P(det)@0.05 power_one_sided 1.000 power_two_sided 1.000 kurtosis 1.000 spec_cnn 1.000  (15s)
  JSR   +4.0 dB  BER 1.94e-02  P(det)@0.05 power_one_sided 1.000 power_two_sided 1.000 kurtosis 1.000 spec_cnn 1.000  (16s)
  JSR   +5.0 dB  BER 2.52e-02  P(det)@0.05 power_one_sided 1.000 power_two_sided 1.000 kurtosis 1.000 spec_cnn 1.000  (16s)
  JSR   +6.0 dB  BER 3.06e-02  P(det)@0.05 power_one_sided 1.000 power_two_sided 1.000 kurtosis 1.000 spec_cnn 1.000  (16s)
  JSR   +7.0 dB  BER 3.96e-02  P(det)@0.05 power_one_sided 1.000 power_two_sided 1.000 kurtosis 1.000 spec_cnn 1.000  (17s)
  JSR   +8.0 dB  BER 5.18e-02  P(det)@0.05 power_one_sided 1.000 power_two_sided 1.000 kurtosis 1.000 spec_cnn 1.000  (17s)
  JSR   +9.0 dB  BER 6.83e-02  P(det)@0.05 power_one_sided 1.000 power_two_sided 1.000 kurtosis 1.000 spec_cnn 1.000  (17s)
  JSR  +10.0 dB  BER 8.46e-02  P(det)@0.05 power_one_sided 1.000 power_two_sided 1.000 kurtosis 1.000 spec_cnn 1.000  (17s)
  JSR  +11.0 dB  BER 1.05e-01  P(det)@0.05 power_one_sided 1.000 power_two_sided 1.000 kurtosis 1.000 spec_cnn 1.000  (18s)
  JSR  +12.0 dB  BER 1.27e-01  P(det)@0.05 power_one_sided 1.000 power_two_sided 1.000 kurtosis 1.000 spec_cnn 1.000  (18s)
  JSR  +13.0 dB  BER 1.53e-01  P(det)@0.05 power_one_sided 1.000 power_two_sided 1.000 kurtosis 1.000 spec_cnn 1.000  (18s)
  JSR  +14.0 dB  BER 1.73e-01  P(det)@0.05 power_one_sided 1.000 power_two_sided 1.000 kurtosis 1.000 spec_cnn 1.000  (19s)
  JSR  +15.0 dB  BER 2.02e-01  P(det)@0.05 power_one_sided 1.000 power_two_sided 1.000 kurtosis 1.000 spec_cnn 1.000  (19s)
  [snr_5] power_two_sided_b10 confirmed: {"power_one_sided": {"0.01": {"index": 26, "sweep_ber": 7.62939453125e-05, "sweep_pdet": 0.013671875, "confirmed_ber": 6.389617919921875e-05, "confirmed_ser": 0.0001277923583984375, "confirmed_pdet": 0.019287109375, "passed": false}, "0.05": {"index": 23, "sweep_ber": 2.288818359375e-05, "sweep_pdet": 0.0625, "confirmed_ber": 4.76837158203125e-06, "confirmed_ser": 9.5367431640625e-06, "confirmed_pdet": 0.068115234375, "passed": false}}, "power_two_sided": {"0.01": {"index": 27, "sweep_ber": 0.00022125244140625, "sweep_pdet": 0.013671875, "confirmed_ber": 0.00013256072998046875, "confirmed_ser": 0.0002651214599609375, "confirmed_pdet": 0.020263671875, "passed": false}, "0.05": {"index": 27, "sweep_ber": 0.00022125244140625, "sweep_pdet": 0.056640625, "confirmed_ber": 0.000141143798828125, "confirmed_ser": 0.00028228759765625, "confirmed_pdet": 0.062255859375, "passed": false}}, "kurtosis": {"0.01": {"index": 32, "sweep_ber": 0.00152587890625, "sweep_pdet": 0.015625, "confirmed_ber": 0.0015401840209960938, "confirmed_ser": 0.002994537353515625, "confirmed_pdet": 0.017822265625, "passed": false}, "0.05": {"index": 31, "sweep_ber": 0.0011749267578125, "sweep_pdet": 0.0546875, "confirmed_ber": 0.0012025833129882812, "confirmed_ser": 0.002368927001953125, "confirmed_pdet": 0.060791015625, "passed": false}}, "spec_cnn": {"0.01": {"index": 30, "sweep_ber": 0.00066375732421875, "sweep_pdet": 0.015625, "confirmed_ber": 0.0008554458618164062, "confirmed_ser": 0.0016918182373046875, "confirmed_pdet": 0.016845703125, "passed": false}, "0.05": {"index": 29, "sweep_ber": 0.000579833984375, "sweep_pdet": 0.06640625, "confirmed_ber": 0.0005292892456054688, "confirmed_ser": 0.0010509490966796875, "confirmed_pdet": 0.07373046875, "passed": false}}}  (553s)
  [snr_5] generator power_two_sided_b100 (scale 1.0000)
  JSR  -50.0 dB  BER 0.00e+00  P(det)@0.05 power_one_sided 0.057 power_two_sided 0.057 kurtosis 0.043 spec_cnn 0.064  (0s)
  JSR  -49.0 dB  BER 0.00e+00  P(det)@0.05 power_one_sided 0.051 power_two_sided 0.041 kurtosis 0.027 spec_cnn 0.023  (1s)
  JSR  -48.0 dB  BER 7.63e-06  P(det)@0.05 power_one_sided 0.045 power_two_sided 0.043 kurtosis 0.049 spec_cnn 0.051  (1s)
  JSR  -47.0 dB  BER 0.00e+00  P(det)@0.05 power_one_sided 0.049 power_two_sided 0.047 kurtosis 0.055 spec_cnn 0.051  (1s)
  JSR  -46.0 dB  BER 0.00e+00  P(det)@0.05 power_one_sided 0.053 power_two_sided 0.057 kurtosis 0.057 spec_cnn 0.064  (1s)
  JSR  -45.0 dB  BER 0.00e+00  P(det)@0.05 power_one_sided 0.045 power_two_sided 0.045 kurtosis 0.045 spec_cnn 0.057  (2s)
  JSR  -44.0 dB  BER 0.00e+00  P(det)@0.05 power_one_sided 0.045 power_two_sided 0.053 kurtosis 0.059 spec_cnn 0.057  (2s)
  JSR  -43.0 dB  BER 0.00e+00  P(det)@0.05 power_one_sided 0.043 power_two_sided 0.047 kurtosis 0.039 spec_cnn 0.061  (2s)
  JSR  -42.0 dB  BER 0.00e+00  P(det)@0.05 power_one_sided 0.045 power_two_sided 0.037 kurtosis 0.055 spec_cnn 0.041  (3s)
  JSR  -41.0 dB  BER 0.00e+00  P(det)@0.05 power_one_sided 0.051 power_two_sided 0.064 kurtosis 0.051 spec_cnn 0.049  (3s)
  JSR  -40.0 dB  BER 0.00e+00  P(det)@0.05 power_one_sided 0.041 power_two_sided 0.053 kurtosis 0.057 spec_cnn 0.053  (3s)
  JSR  -39.0 dB  BER 0.00e+00  P(det)@0.05 power_one_sided 0.037 power_two_sided 0.062 kurtosis 0.049 spec_cnn 0.039  (3s)
  JSR  -38.0 dB  BER 0.00e+00  P(det)@0.05 power_one_sided 0.059 power_two_sided 0.059 kurtosis 0.051 spec_cnn 0.041  (4s)
  JSR  -37.0 dB  BER 0.00e+00  P(det)@0.05 power_one_sided 0.043 power_two_sided 0.037 kurtosis 0.055 spec_cnn 0.061  (4s)
  JSR  -36.0 dB  BER 0.00e+00  P(det)@0.05 power_one_sided 0.043 power_two_sided 0.045 kurtosis 0.029 spec_cnn 0.057  (4s)
  JSR  -35.0 dB  BER 0.00e+00  P(det)@0.05 power_one_sided 0.055 power_two_sided 0.055 kurtosis 0.047 spec_cnn 0.047  (5s)
  JSR  -34.0 dB  BER 0.00e+00  P(det)@0.05 power_one_sided 0.072 power_two_sided 0.070 kurtosis 0.057 spec_cnn 0.045  (5s)
  JSR  -33.0 dB  BER 0.00e+00  P(det)@0.05 power_one_sided 0.049 power_two_sided 0.043 kurtosis 0.045 spec_cnn 0.045  (5s)
  JSR  -32.0 dB  BER 0.00e+00  P(det)@0.05 power_one_sided 0.047 power_two_sided 0.031 kurtosis 0.041 spec_cnn 0.062  (5s)
  JSR  -31.0 dB  BER 0.00e+00  P(det)@0.05 power_one_sided 0.045 power_two_sided 0.039 kurtosis 0.068 spec_cnn 0.039  (6s)
  JSR  -30.0 dB  BER 0.00e+00  P(det)@0.05 power_one_sided 0.062 power_two_sided 0.045 kurtosis 0.051 spec_cnn 0.055  (6s)
  JSR  -29.0 dB  BER 0.00e+00  P(det)@0.05 power_one_sided 0.062 power_two_sided 0.047 kurtosis 0.064 spec_cnn 0.055  (6s)
  JSR  -28.0 dB  BER 0.00e+00  P(det)@0.05 power_one_sided 0.061 power_two_sided 0.049 kurtosis 0.072 spec_cnn 0.039  (7s)
  JSR  -27.0 dB  BER 7.63e-06  P(det)@0.05 power_one_sided 0.057 power_two_sided 0.047 kurtosis 0.041 spec_cnn 0.033  (7s)
  JSR  -26.0 dB  BER 7.63e-06  P(det)@0.05 power_one_sided 0.082 power_two_sided 0.051 kurtosis 0.059 spec_cnn 0.049  (7s)
  JSR  -25.0 dB  BER 0.00e+00  P(det)@0.05 power_one_sided 0.066 power_two_sided 0.059 kurtosis 0.041 spec_cnn 0.057  (7s)
  JSR  -24.0 dB  BER 2.29e-05  P(det)@0.05 power_one_sided 0.096 power_two_sided 0.078 kurtosis 0.055 spec_cnn 0.062  (8s)
  JSR  -23.0 dB  BER 5.34e-05  P(det)@0.05 power_one_sided 0.076 power_two_sided 0.057 kurtosis 0.053 spec_cnn 0.059  (8s)
  JSR  -22.0 dB  BER 9.92e-05  P(det)@0.05 power_one_sided 0.107 power_two_sided 0.072 kurtosis 0.045 spec_cnn 0.037  (8s)
  JSR  -21.0 dB  BER 2.75e-04  P(det)@0.05 power_one_sided 0.145 power_two_sided 0.107 kurtosis 0.033 spec_cnn 0.076  (9s)
  JSR  -20.0 dB  BER 4.50e-04  P(det)@0.05 power_one_sided 0.168 power_two_sided 0.115 kurtosis 0.045 spec_cnn 0.066  (9s)
  JSR  -19.0 dB  BER 6.87e-04  P(det)@0.05 power_one_sided 0.201 power_two_sided 0.125 kurtosis 0.066 spec_cnn 0.059  (9s)
  JSR  -18.0 dB  BER 1.16e-03  P(det)@0.05 power_one_sided 0.264 power_two_sided 0.178 kurtosis 0.078 spec_cnn 0.049  (9s)
  JSR  -17.0 dB  BER 1.44e-03  P(det)@0.05 power_one_sided 0.322 power_two_sided 0.225 kurtosis 0.049 spec_cnn 0.090  (10s)
  JSR  -16.0 dB  BER 1.68e-03  P(det)@0.05 power_one_sided 0.434 power_two_sided 0.348 kurtosis 0.094 spec_cnn 0.061  (10s)
  JSR  -15.0 dB  BER 2.17e-03  P(det)@0.05 power_one_sided 0.557 power_two_sided 0.441 kurtosis 0.115 spec_cnn 0.088  (10s)
  JSR  -14.0 dB  BER 2.66e-03  P(det)@0.05 power_one_sided 0.703 power_two_sided 0.627 kurtosis 0.188 spec_cnn 0.113  (11s)
  JSR  -13.0 dB  BER 2.82e-03  P(det)@0.05 power_one_sided 0.863 power_two_sided 0.799 kurtosis 0.303 spec_cnn 0.119  (11s)
  JSR  -12.0 dB  BER 3.47e-03  P(det)@0.05 power_one_sided 0.939 power_two_sided 0.908 kurtosis 0.393 spec_cnn 0.152  (11s)
  JSR  -11.0 dB  BER 3.85e-03  P(det)@0.05 power_one_sided 0.988 power_two_sided 0.973 kurtosis 0.621 spec_cnn 0.172  (11s)
  JSR  -10.0 dB  BER 3.97e-03  P(det)@0.05 power_one_sided 0.994 power_two_sided 0.992 kurtosis 0.758 spec_cnn 0.209  (12s)
  JSR   -9.0 dB  BER 4.72e-03  P(det)@0.05 power_one_sided 1.000 power_two_sided 1.000 kurtosis 0.910 spec_cnn 0.260  (12s)
  JSR   -8.0 dB  BER 4.64e-03  P(det)@0.05 power_one_sided 1.000 power_two_sided 1.000 kurtosis 0.986 spec_cnn 0.365  (12s)
  JSR   -7.0 dB  BER 5.35e-03  P(det)@0.05 power_one_sided 1.000 power_two_sided 1.000 kurtosis 0.996 spec_cnn 0.426  (13s)
  JSR   -6.0 dB  BER 5.83e-03  P(det)@0.05 power_one_sided 1.000 power_two_sided 1.000 kurtosis 0.998 spec_cnn 0.531  (13s)
  JSR   -5.0 dB  BER 7.13e-03  P(det)@0.05 power_one_sided 1.000 power_two_sided 1.000 kurtosis 1.000 spec_cnn 0.732  (13s)
  JSR   -4.0 dB  BER 8.06e-03  P(det)@0.05 power_one_sided 1.000 power_two_sided 1.000 kurtosis 1.000 spec_cnn 0.838  (13s)
  JSR   -3.0 dB  BER 9.46e-03  P(det)@0.05 power_one_sided 1.000 power_two_sided 1.000 kurtosis 1.000 spec_cnn 0.936  (14s)
  JSR   -2.0 dB  BER 1.19e-02  P(det)@0.05 power_one_sided 1.000 power_two_sided 1.000 kurtosis 1.000 spec_cnn 0.971  (14s)
  JSR   -1.0 dB  BER 1.59e-02  P(det)@0.05 power_one_sided 1.000 power_two_sided 1.000 kurtosis 1.000 spec_cnn 0.994  (14s)
  JSR   +0.0 dB  BER 2.17e-02  P(det)@0.05 power_one_sided 1.000 power_two_sided 1.000 kurtosis 1.000 spec_cnn 1.000  (15s)
  JSR   +1.0 dB  BER 3.07e-02  P(det)@0.05 power_one_sided 1.000 power_two_sided 1.000 kurtosis 1.000 spec_cnn 1.000  (15s)
  JSR   +2.0 dB  BER 4.28e-02  P(det)@0.05 power_one_sided 1.000 power_two_sided 1.000 kurtosis 1.000 spec_cnn 1.000  (15s)
  JSR   +3.0 dB  BER 5.77e-02  P(det)@0.05 power_one_sided 1.000 power_two_sided 1.000 kurtosis 1.000 spec_cnn 1.000  (15s)
  JSR   +4.0 dB  BER 7.56e-02  P(det)@0.05 power_one_sided 1.000 power_two_sided 1.000 kurtosis 1.000 spec_cnn 1.000  (16s)
  JSR   +5.0 dB  BER 9.79e-02  P(det)@0.05 power_one_sided 1.000 power_two_sided 1.000 kurtosis 1.000 spec_cnn 1.000  (16s)
  JSR   +6.0 dB  BER 1.20e-01  P(det)@0.05 power_one_sided 1.000 power_two_sided 1.000 kurtosis 1.000 spec_cnn 1.000  (16s)
  JSR   +7.0 dB  BER 1.41e-01  P(det)@0.05 power_one_sided 1.000 power_two_sided 1.000 kurtosis 1.000 spec_cnn 1.000  (17s)
  JSR   +8.0 dB  BER 1.70e-01  P(det)@0.05 power_one_sided 1.000 power_two_sided 1.000 kurtosis 1.000 spec_cnn 1.000  (17s)
  JSR   +9.0 dB  BER 1.94e-01  P(det)@0.05 power_one_sided 1.000 power_two_sided 1.000 kurtosis 1.000 spec_cnn 1.000  (17s)
  JSR  +10.0 dB  BER 2.21e-01  P(det)@0.05 power_one_sided 1.000 power_two_sided 1.000 kurtosis 1.000 spec_cnn 1.000  (17s)
  JSR  +11.0 dB  BER 2.41e-01  P(det)@0.05 power_one_sided 1.000 power_two_sided 1.000 kurtosis 1.000 spec_cnn 1.000  (18s)
  JSR  +12.0 dB  BER 2.69e-01  P(det)@0.05 power_one_sided 1.000 power_two_sided 1.000 kurtosis 1.000 spec_cnn 1.000  (18s)
  JSR  +13.0 dB  BER 2.89e-01  P(det)@0.05 power_one_sided 1.000 power_two_sided 1.000 kurtosis 1.000 spec_cnn 1.000  (18s)
  JSR  +14.0 dB  BER 3.07e-01  P(det)@0.05 power_one_sided 1.000 power_two_sided 1.000 kurtosis 1.000 spec_cnn 1.000  (19s)
  JSR  +15.0 dB  BER 3.25e-01  P(det)@0.05 power_one_sided 1.000 power_two_sided 1.000 kurtosis 1.000 spec_cnn 1.000  (19s)
  [snr_5] power_two_sided_b100 confirmed: {"power_one_sided": {"0.01": {"index": 27, "sweep_ber": 5.340576171875e-05, "sweep_pdet": 0.017578125, "confirmed_ber": 4.9591064453125e-05, "confirmed_ser": 9.918212890625e-05, "confirmed_pdet": 0.02099609375, "passed": false}, "0.05": {"index": 2, "sweep_ber": 7.62939453125e-06, "sweep_pdet": 0.044921875, "confirmed_ber": 9.5367431640625e-07, "confirmed_ser": 1.9073486328125e-06, "confirmed_pdet": 0.055419921875, "passed": true}}, "power_two_sided": {"0.01": {"index": 28, "sweep_ber": 9.918212890625e-05, "sweep_pdet": 0.009765625, "confirmed_ber": 0.000125885009765625, "confirmed_ser": 0.00025177001953125, "confirmed_pdet": 0.018798828125, "passed": false}, "0.05": {"index": 27, "sweep_ber": 5.340576171875e-05, "sweep_pdet": 0.056640625, "confirmed_ber": 5.7220458984375e-05, "confirmed_ser": 0.00011444091796875, "confirmed_pdet": 0.060302734375, "passed": false}}, "kurtosis": {"0.01": {"index": 31, "sweep_ber": 0.0006866455078125, "sweep_pdet": 0.009765625, "confirmed_ber": 0.0007410049438476562, "confirmed_ser": 0.0014705657958984375, "confirmed_pdet": 0.0126953125, "passed": true}, "0.05": {"index": 33, "sweep_ber": 0.00144195556640625, "sweep_pdet": 0.048828125, "confirmed_ber": 0.0014638900756835938, "confirmed_ser": 0.0028553009033203125, "confirmed_pdet": 0.068115234375, "passed": false}}, "spec_cnn": {"0.01": {"index": 34, "sweep_ber": 0.001678466796875, "sweep_pdet": 0.013671875, "confirmed_ber": 0.0017862319946289062, "confirmed_ser": 0.0034465789794921875, "confirmed_pdet": 0.0185546875, "passed": false}, "0.05": {"index": 34, "sweep_ber": 0.001678466796875, "sweep_pdet": 0.060546875, "confirmed_ber": 0.0018072128295898438, "confirmed_ser": 0.0034580230712890625, "confirmed_pdet": 0.086181640625, "passed": false}}}  (590s)
  [snr_5] generator power_two_sided_b1000 (scale 1.0000)
  JSR  -50.0 dB  BER 0.00e+00  P(det)@0.05 power_one_sided 0.055 power_two_sided 0.041 kurtosis 0.061 spec_cnn 0.061  (0s)
  JSR  -49.0 dB  BER 0.00e+00  P(det)@0.05 power_one_sided 0.066 power_two_sided 0.068 kurtosis 0.059 spec_cnn 0.061  (1s)
  JSR  -48.0 dB  BER 0.00e+00  P(det)@0.05 power_one_sided 0.061 power_two_sided 0.053 kurtosis 0.057 spec_cnn 0.053  (1s)
  JSR  -47.0 dB  BER 0.00e+00  P(det)@0.05 power_one_sided 0.062 power_two_sided 0.051 kurtosis 0.057 spec_cnn 0.066  (1s)
  JSR  -46.0 dB  BER 0.00e+00  P(det)@0.05 power_one_sided 0.051 power_two_sided 0.049 kurtosis 0.057 spec_cnn 0.039  (1s)
  JSR  -45.0 dB  BER 0.00e+00  P(det)@0.05 power_one_sided 0.047 power_two_sided 0.033 kurtosis 0.041 spec_cnn 0.049  (2s)
  JSR  -44.0 dB  BER 0.00e+00  P(det)@0.05 power_one_sided 0.033 power_two_sided 0.037 kurtosis 0.039 spec_cnn 0.033  (2s)
  JSR  -43.0 dB  BER 0.00e+00  P(det)@0.05 power_one_sided 0.035 power_two_sided 0.053 kurtosis 0.053 spec_cnn 0.053  (2s)
  JSR  -42.0 dB  BER 0.00e+00  P(det)@0.05 power_one_sided 0.059 power_two_sided 0.070 kurtosis 0.049 spec_cnn 0.076  (3s)
  JSR  -41.0 dB  BER 0.00e+00  P(det)@0.05 power_one_sided 0.066 power_two_sided 0.074 kurtosis 0.053 spec_cnn 0.039  (3s)
  JSR  -40.0 dB  BER 0.00e+00  P(det)@0.05 power_one_sided 0.055 power_two_sided 0.051 kurtosis 0.066 spec_cnn 0.051  (3s)
  JSR  -39.0 dB  BER 0.00e+00  P(det)@0.05 power_one_sided 0.059 power_two_sided 0.043 kurtosis 0.059 spec_cnn 0.059  (3s)
  JSR  -38.0 dB  BER 0.00e+00  P(det)@0.05 power_one_sided 0.061 power_two_sided 0.047 kurtosis 0.057 spec_cnn 0.047  (4s)
  JSR  -37.0 dB  BER 0.00e+00  P(det)@0.05 power_one_sided 0.043 power_two_sided 0.059 kurtosis 0.033 spec_cnn 0.037  (4s)
  JSR  -36.0 dB  BER 0.00e+00  P(det)@0.05 power_one_sided 0.043 power_two_sided 0.037 kurtosis 0.053 spec_cnn 0.059  (4s)
  JSR  -35.0 dB  BER 0.00e+00  P(det)@0.05 power_one_sided 0.057 power_two_sided 0.051 kurtosis 0.039 spec_cnn 0.055  (5s)
  JSR  -34.0 dB  BER 0.00e+00  P(det)@0.05 power_one_sided 0.061 power_two_sided 0.041 kurtosis 0.064 spec_cnn 0.035  (5s)
  JSR  -33.0 dB  BER 0.00e+00  P(det)@0.05 power_one_sided 0.047 power_two_sided 0.049 kurtosis 0.049 spec_cnn 0.047  (5s)
  JSR  -32.0 dB  BER 0.00e+00  P(det)@0.05 power_one_sided 0.055 power_two_sided 0.043 kurtosis 0.047 spec_cnn 0.045  (5s)
  JSR  -31.0 dB  BER 0.00e+00  P(det)@0.05 power_one_sided 0.033 power_two_sided 0.027 kurtosis 0.068 spec_cnn 0.059  (6s)
  JSR  -30.0 dB  BER 0.00e+00  P(det)@0.05 power_one_sided 0.049 power_two_sided 0.053 kurtosis 0.047 spec_cnn 0.062  (6s)
  JSR  -29.0 dB  BER 0.00e+00  P(det)@0.05 power_one_sided 0.051 power_two_sided 0.061 kurtosis 0.055 spec_cnn 0.053  (6s)
  JSR  -28.0 dB  BER 0.00e+00  P(det)@0.05 power_one_sided 0.055 power_two_sided 0.064 kurtosis 0.061 spec_cnn 0.051  (7s)
  JSR  -27.0 dB  BER 0.00e+00  P(det)@0.05 power_one_sided 0.047 power_two_sided 0.037 kurtosis 0.064 spec_cnn 0.057  (7s)
  JSR  -26.0 dB  BER 7.63e-06  P(det)@0.05 power_one_sided 0.053 power_two_sided 0.047 kurtosis 0.043 spec_cnn 0.037  (7s)
  JSR  -25.0 dB  BER 0.00e+00  P(det)@0.05 power_one_sided 0.090 power_two_sided 0.074 kurtosis 0.057 spec_cnn 0.057  (7s)
  JSR  -24.0 dB  BER 7.63e-06  P(det)@0.05 power_one_sided 0.068 power_two_sided 0.049 kurtosis 0.059 spec_cnn 0.049  (8s)
  JSR  -23.0 dB  BER 0.00e+00  P(det)@0.05 power_one_sided 0.086 power_two_sided 0.070 kurtosis 0.041 spec_cnn 0.057  (8s)
  JSR  -22.0 dB  BER 2.29e-05  P(det)@0.05 power_one_sided 0.100 power_two_sided 0.076 kurtosis 0.064 spec_cnn 0.062  (8s)
  JSR  -21.0 dB  BER 3.81e-05  P(det)@0.05 power_one_sided 0.115 power_two_sided 0.072 kurtosis 0.070 spec_cnn 0.053  (9s)
  JSR  -20.0 dB  BER 6.10e-05  P(det)@0.05 power_one_sided 0.160 power_two_sided 0.115 kurtosis 0.064 spec_cnn 0.049  (9s)
  JSR  -19.0 dB  BER 2.14e-04  P(det)@0.05 power_one_sided 0.137 power_two_sided 0.098 kurtosis 0.053 spec_cnn 0.068  (9s)
  JSR  -18.0 dB  BER 3.28e-04  P(det)@0.05 power_one_sided 0.178 power_two_sided 0.133 kurtosis 0.074 spec_cnn 0.064  (9s)
  JSR  -17.0 dB  BER 4.81e-04  P(det)@0.05 power_one_sided 0.260 power_two_sided 0.195 kurtosis 0.055 spec_cnn 0.070  (10s)
  JSR  -16.0 dB  BER 8.47e-04  P(det)@0.05 power_one_sided 0.340 power_two_sided 0.244 kurtosis 0.107 spec_cnn 0.072  (10s)
  JSR  -15.0 dB  BER 1.28e-03  P(det)@0.05 power_one_sided 0.398 power_two_sided 0.330 kurtosis 0.137 spec_cnn 0.078  (10s)
  JSR  -14.0 dB  BER 1.54e-03  P(det)@0.05 power_one_sided 0.502 power_two_sided 0.406 kurtosis 0.152 spec_cnn 0.068  (11s)
  JSR  -13.0 dB  BER 2.07e-03  P(det)@0.05 power_one_sided 0.598 power_two_sided 0.514 kurtosis 0.197 spec_cnn 0.072  (11s)
  JSR  -12.0 dB  BER 2.59e-03  P(det)@0.05 power_one_sided 0.779 power_two_sided 0.727 kurtosis 0.273 spec_cnn 0.119  (11s)
  JSR  -11.0 dB  BER 2.93e-03  P(det)@0.05 power_one_sided 0.900 power_two_sided 0.865 kurtosis 0.422 spec_cnn 0.148  (11s)
  JSR  -10.0 dB  BER 3.65e-03  P(det)@0.05 power_one_sided 0.955 power_two_sided 0.924 kurtosis 0.570 spec_cnn 0.135  (12s)
  JSR   -9.0 dB  BER 4.54e-03  P(det)@0.05 power_one_sided 0.973 power_two_sided 0.967 kurtosis 0.719 spec_cnn 0.172  (12s)
  JSR   -8.0 dB  BER 6.60e-03  P(det)@0.05 power_one_sided 1.000 power_two_sided 0.994 kurtosis 0.859 spec_cnn 0.186  (12s)
  JSR   -7.0 dB  BER 9.24e-03  P(det)@0.05 power_one_sided 1.000 power_two_sided 0.998 kurtosis 0.924 spec_cnn 0.229  (13s)
  JSR   -6.0 dB  BER 1.39e-02  P(det)@0.05 power_one_sided 1.000 power_two_sided 1.000 kurtosis 0.959 spec_cnn 0.258  (13s)
  JSR   -5.0 dB  BER 2.11e-02  P(det)@0.05 power_one_sided 1.000 power_two_sided 1.000 kurtosis 0.982 spec_cnn 0.379  (13s)
  JSR   -4.0 dB  BER 3.20e-02  P(det)@0.05 power_one_sided 1.000 power_two_sided 1.000 kurtosis 0.996 spec_cnn 0.430  (13s)
  JSR   -3.0 dB  BER 4.49e-02  P(det)@0.05 power_one_sided 1.000 power_two_sided 1.000 kurtosis 0.998 spec_cnn 0.582  (14s)
  JSR   -2.0 dB  BER 6.33e-02  P(det)@0.05 power_one_sided 1.000 power_two_sided 1.000 kurtosis 1.000 spec_cnn 0.688  (14s)
  JSR   -1.0 dB  BER 8.35e-02  P(det)@0.05 power_one_sided 1.000 power_two_sided 1.000 kurtosis 1.000 spec_cnn 0.785  (14s)
  JSR   +0.0 dB  BER 1.07e-01  P(det)@0.05 power_one_sided 1.000 power_two_sided 1.000 kurtosis 1.000 spec_cnn 0.898  (15s)
  JSR   +1.0 dB  BER 1.33e-01  P(det)@0.05 power_one_sided 1.000 power_two_sided 1.000 kurtosis 1.000 spec_cnn 0.967  (15s)
  JSR   +2.0 dB  BER 1.59e-01  P(det)@0.05 power_one_sided 1.000 power_two_sided 1.000 kurtosis 1.000 spec_cnn 0.988  (15s)
  JSR   +3.0 dB  BER 1.84e-01  P(det)@0.05 power_one_sided 1.000 power_two_sided 1.000 kurtosis 1.000 spec_cnn 1.000  (15s)
  JSR   +4.0 dB  BER 2.10e-01  P(det)@0.05 power_one_sided 1.000 power_two_sided 1.000 kurtosis 1.000 spec_cnn 1.000  (16s)
  JSR   +5.0 dB  BER 2.37e-01  P(det)@0.05 power_one_sided 1.000 power_two_sided 1.000 kurtosis 1.000 spec_cnn 1.000  (16s)
  JSR   +6.0 dB  BER 2.61e-01  P(det)@0.05 power_one_sided 1.000 power_two_sided 1.000 kurtosis 0.998 spec_cnn 1.000  (16s)
  JSR   +7.0 dB  BER 2.82e-01  P(det)@0.05 power_one_sided 1.000 power_two_sided 1.000 kurtosis 1.000 spec_cnn 1.000  (17s)
  JSR   +8.0 dB  BER 3.02e-01  P(det)@0.05 power_one_sided 1.000 power_two_sided 1.000 kurtosis 1.000 spec_cnn 1.000  (17s)
  JSR   +9.0 dB  BER 3.24e-01  P(det)@0.05 power_one_sided 1.000 power_two_sided 1.000 kurtosis 1.000 spec_cnn 1.000  (17s)
  JSR  +10.0 dB  BER 3.40e-01  P(det)@0.05 power_one_sided 1.000 power_two_sided 1.000 kurtosis 1.000 spec_cnn 1.000  (17s)
  JSR  +11.0 dB  BER 3.58e-01  P(det)@0.05 power_one_sided 1.000 power_two_sided 1.000 kurtosis 1.000 spec_cnn 1.000  (18s)
  JSR  +12.0 dB  BER 3.74e-01  P(det)@0.05 power_one_sided 1.000 power_two_sided 1.000 kurtosis 1.000 spec_cnn 1.000  (18s)
  JSR  +13.0 dB  BER 3.85e-01  P(det)@0.05 power_one_sided 1.000 power_two_sided 1.000 kurtosis 1.000 spec_cnn 1.000  (18s)
  JSR  +14.0 dB  BER 3.99e-01  P(det)@0.05 power_one_sided 1.000 power_two_sided 1.000 kurtosis 1.000 spec_cnn 1.000  (19s)
  JSR  +15.0 dB  BER 4.09e-01  P(det)@0.05 power_one_sided 1.000 power_two_sided 1.000 kurtosis 1.000 spec_cnn 1.000  (19s)
  [snr_5] power_two_sided_b1000 confirmed: {"power_one_sided": {"0.01": {"index": 24, "sweep_ber": 7.62939453125e-06, "sweep_pdet": 0.009765625, "confirmed_ber": 1.9073486328125e-06, "confirmed_ser": 3.814697265625e-06, "confirmed_pdet": 0.013916015625, "passed": false}, "0.05": {"index": 24, "sweep_ber": 7.62939453125e-06, "sweep_pdet": 0.052734375, "confirmed_ber": 9.5367431640625e-07, "confirmed_ser": 1.9073486328125e-06, "confirmed_pdet": 0.056884765625, "passed": false}}, "power_two_sided": {"0.01": {"index": 29, "sweep_ber": 3.814697265625e-05, "sweep_pdet": 0.017578125, "confirmed_ber": 3.62396240234375e-05, "confirmed_ser": 7.2479248046875e-05, "confirmed_pdet": 0.01806640625, "passed": false}, "0.05": {"index": 24, "sweep_ber": 7.62939453125e-06, "sweep_pdet": 0.046875, "confirmed_ber": 0.0, "confirmed_ser": 0.0, "confirmed_pdet": 0.057373046875, "passed": false}}, "kurtosis": {"0.01": {"index": 33, "sweep_ber": 0.00048065185546875, "sweep_pdet": 0.017578125, "confirmed_ber": 0.0005321502685546875, "confirmed_ser": 0.00106048583984375, "confirmed_pdet": 0.0234375, "passed": false}, "0.05": {"index": 33, "sweep_ber": 0.00048065185546875, "sweep_pdet": 0.0546875, "confirmed_ber": 0.000545501708984375, "confirmed_ser": 0.0010890960693359375, "confirmed_pdet": 0.075439453125, "passed": false}}, "spec_cnn": {"0.01": {"index": 37, "sweep_ber": 0.00206756591796875, "sweep_pdet": 0.015625, "confirmed_ber": 0.00200653076171875, "confirmed_ser": 0.00382232666015625, "confirmed_pdet": 0.0244140625, "passed": false}, "0.05": {"index": 36, "sweep_ber": 0.0015411376953125, "sweep_pdet": 0.068359375, "confirmed_ber": 0.0015783309936523438, "confirmed_ser": 0.0030765533447265625, "confirmed_pdet": 0.08447265625, "passed": false}}}  (628s)
  [snr_5] generator kurtosis_b1 (scale 1.0000)
  JSR  -50.0 dB  BER 0.00e+00  P(det)@0.05 power_one_sided 0.070 power_two_sided 0.066 kurtosis 0.064 spec_cnn 0.047  (0s)
  JSR  -49.0 dB  BER 0.00e+00  P(det)@0.05 power_one_sided 0.033 power_two_sided 0.039 kurtosis 0.057 spec_cnn 0.053  (1s)
  JSR  -48.0 dB  BER 0.00e+00  P(det)@0.05 power_one_sided 0.057 power_two_sided 0.057 kurtosis 0.041 spec_cnn 0.057  (1s)
  JSR  -47.0 dB  BER 0.00e+00  P(det)@0.05 power_one_sided 0.053 power_two_sided 0.049 kurtosis 0.051 spec_cnn 0.043  (1s)
  JSR  -46.0 dB  BER 0.00e+00  P(det)@0.05 power_one_sided 0.072 power_two_sided 0.070 kurtosis 0.059 spec_cnn 0.055  (1s)
  JSR  -45.0 dB  BER 0.00e+00  P(det)@0.05 power_one_sided 0.053 power_two_sided 0.053 kurtosis 0.074 spec_cnn 0.051  (2s)
  JSR  -44.0 dB  BER 0.00e+00  P(det)@0.05 power_one_sided 0.045 power_two_sided 0.062 kurtosis 0.035 spec_cnn 0.035  (2s)
  JSR  -43.0 dB  BER 0.00e+00  P(det)@0.05 power_one_sided 0.053 power_two_sided 0.053 kurtosis 0.062 spec_cnn 0.061  (2s)
  JSR  -42.0 dB  BER 0.00e+00  P(det)@0.05 power_one_sided 0.051 power_two_sided 0.041 kurtosis 0.045 spec_cnn 0.053  (3s)
  JSR  -41.0 dB  BER 0.00e+00  P(det)@0.05 power_one_sided 0.055 power_two_sided 0.064 kurtosis 0.047 spec_cnn 0.031  (3s)
  JSR  -40.0 dB  BER 0.00e+00  P(det)@0.05 power_one_sided 0.047 power_two_sided 0.047 kurtosis 0.057 spec_cnn 0.053  (3s)
  JSR  -39.0 dB  BER 0.00e+00  P(det)@0.05 power_one_sided 0.053 power_two_sided 0.070 kurtosis 0.047 spec_cnn 0.041  (3s)
  JSR  -38.0 dB  BER 0.00e+00  P(det)@0.05 power_one_sided 0.041 power_two_sided 0.043 kurtosis 0.045 spec_cnn 0.039  (4s)
  JSR  -37.0 dB  BER 0.00e+00  P(det)@0.05 power_one_sided 0.064 power_two_sided 0.062 kurtosis 0.053 spec_cnn 0.051  (4s)
  JSR  -36.0 dB  BER 0.00e+00  P(det)@0.05 power_one_sided 0.033 power_two_sided 0.039 kurtosis 0.057 spec_cnn 0.061  (4s)
  JSR  -35.0 dB  BER 0.00e+00  P(det)@0.05 power_one_sided 0.057 power_two_sided 0.049 kurtosis 0.041 spec_cnn 0.068  (5s)
  JSR  -34.0 dB  BER 0.00e+00  P(det)@0.05 power_one_sided 0.053 power_two_sided 0.043 kurtosis 0.043 spec_cnn 0.074  (5s)
  JSR  -33.0 dB  BER 0.00e+00  P(det)@0.05 power_one_sided 0.035 power_two_sided 0.035 kurtosis 0.066 spec_cnn 0.043  (5s)
  JSR  -32.0 dB  BER 0.00e+00  P(det)@0.05 power_one_sided 0.061 power_two_sided 0.061 kurtosis 0.061 spec_cnn 0.039  (5s)
  JSR  -31.0 dB  BER 0.00e+00  P(det)@0.05 power_one_sided 0.045 power_two_sided 0.043 kurtosis 0.045 spec_cnn 0.049  (6s)
  JSR  -30.0 dB  BER 0.00e+00  P(det)@0.05 power_one_sided 0.049 power_two_sided 0.041 kurtosis 0.055 spec_cnn 0.055  (6s)
  JSR  -29.0 dB  BER 0.00e+00  P(det)@0.05 power_one_sided 0.062 power_two_sided 0.059 kurtosis 0.037 spec_cnn 0.033  (6s)
  JSR  -28.0 dB  BER 0.00e+00  P(det)@0.05 power_one_sided 0.053 power_two_sided 0.043 kurtosis 0.049 spec_cnn 0.070  (7s)
  JSR  -27.0 dB  BER 0.00e+00  P(det)@0.05 power_one_sided 0.059 power_two_sided 0.049 kurtosis 0.045 spec_cnn 0.049  (7s)
  JSR  -26.0 dB  BER 0.00e+00  P(det)@0.05 power_one_sided 0.055 power_two_sided 0.043 kurtosis 0.039 spec_cnn 0.049  (7s)
  JSR  -25.0 dB  BER 7.63e-06  P(det)@0.05 power_one_sided 0.061 power_two_sided 0.049 kurtosis 0.043 spec_cnn 0.053  (7s)
  JSR  -24.0 dB  BER 7.63e-06  P(det)@0.05 power_one_sided 0.080 power_two_sided 0.092 kurtosis 0.070 spec_cnn 0.047  (8s)
  JSR  -23.0 dB  BER 0.00e+00  P(det)@0.05 power_one_sided 0.102 power_two_sided 0.084 kurtosis 0.055 spec_cnn 0.057  (8s)
  JSR  -22.0 dB  BER 2.29e-05  P(det)@0.05 power_one_sided 0.090 power_two_sided 0.064 kurtosis 0.062 spec_cnn 0.064  (8s)
  JSR  -21.0 dB  BER 7.63e-05  P(det)@0.05 power_one_sided 0.102 power_two_sided 0.072 kurtosis 0.043 spec_cnn 0.062  (9s)
  JSR  -20.0 dB  BER 2.29e-04  P(det)@0.05 power_one_sided 0.100 power_two_sided 0.066 kurtosis 0.057 spec_cnn 0.068  (9s)
  JSR  -19.0 dB  BER 3.36e-04  P(det)@0.05 power_one_sided 0.139 power_two_sided 0.092 kurtosis 0.031 spec_cnn 0.068  (9s)
  JSR  -18.0 dB  BER 4.96e-04  P(det)@0.05 power_one_sided 0.178 power_two_sided 0.117 kurtosis 0.080 spec_cnn 0.059  (9s)
  JSR  -17.0 dB  BER 8.01e-04  P(det)@0.05 power_one_sided 0.240 power_two_sided 0.164 kurtosis 0.092 spec_cnn 0.076  (10s)
  JSR  -16.0 dB  BER 1.23e-03  P(det)@0.05 power_one_sided 0.322 power_two_sided 0.221 kurtosis 0.135 spec_cnn 0.113  (10s)
  JSR  -15.0 dB  BER 1.47e-03  P(det)@0.05 power_one_sided 0.402 power_two_sided 0.283 kurtosis 0.148 spec_cnn 0.096  (10s)
  JSR  -14.0 dB  BER 1.89e-03  P(det)@0.05 power_one_sided 0.520 power_two_sided 0.438 kurtosis 0.246 spec_cnn 0.111  (11s)
  JSR  -13.0 dB  BER 2.56e-03  P(det)@0.05 power_one_sided 0.660 power_two_sided 0.545 kurtosis 0.311 spec_cnn 0.158  (11s)
  JSR  -12.0 dB  BER 3.14e-03  P(det)@0.05 power_one_sided 0.820 power_two_sided 0.750 kurtosis 0.383 spec_cnn 0.191  (11s)
  JSR  -11.0 dB  BER 3.71e-03  P(det)@0.05 power_one_sided 0.922 power_two_sided 0.861 kurtosis 0.562 spec_cnn 0.211  (11s)
  JSR  -10.0 dB  BER 4.17e-03  P(det)@0.05 power_one_sided 0.971 power_two_sided 0.947 kurtosis 0.678 spec_cnn 0.258  (12s)
  JSR   -9.0 dB  BER 4.53e-03  P(det)@0.05 power_one_sided 1.000 power_two_sided 0.994 kurtosis 0.809 spec_cnn 0.377  (12s)
  JSR   -8.0 dB  BER 5.29e-03  P(det)@0.05 power_one_sided 1.000 power_two_sided 1.000 kurtosis 0.900 spec_cnn 0.463  (12s)
  JSR   -7.0 dB  BER 5.76e-03  P(det)@0.05 power_one_sided 1.000 power_two_sided 1.000 kurtosis 0.965 spec_cnn 0.625  (13s)
  JSR   -6.0 dB  BER 6.34e-03  P(det)@0.05 power_one_sided 1.000 power_two_sided 1.000 kurtosis 0.986 spec_cnn 0.750  (13s)
  JSR   -5.0 dB  BER 6.57e-03  P(det)@0.05 power_one_sided 1.000 power_two_sided 1.000 kurtosis 0.998 spec_cnn 0.846  (13s)
  JSR   -4.0 dB  BER 7.61e-03  P(det)@0.05 power_one_sided 1.000 power_two_sided 1.000 kurtosis 1.000 spec_cnn 0.936  (13s)
  JSR   -3.0 dB  BER 8.51e-03  P(det)@0.05 power_one_sided 1.000 power_two_sided 1.000 kurtosis 1.000 spec_cnn 0.992  (14s)
  JSR   -2.0 dB  BER 9.46e-03  P(det)@0.05 power_one_sided 1.000 power_two_sided 1.000 kurtosis 1.000 spec_cnn 0.998  (14s)
  JSR   -1.0 dB  BER 1.06e-02  P(det)@0.05 power_one_sided 1.000 power_two_sided 1.000 kurtosis 1.000 spec_cnn 1.000  (14s)
  JSR   +0.0 dB  BER 1.18e-02  P(det)@0.05 power_one_sided 1.000 power_two_sided 1.000 kurtosis 1.000 spec_cnn 1.000  (15s)
  JSR   +1.0 dB  BER 1.41e-02  P(det)@0.05 power_one_sided 1.000 power_two_sided 1.000 kurtosis 1.000 spec_cnn 1.000  (15s)
  JSR   +2.0 dB  BER 1.77e-02  P(det)@0.05 power_one_sided 1.000 power_two_sided 1.000 kurtosis 1.000 spec_cnn 1.000  (15s)
  JSR   +3.0 dB  BER 2.32e-02  P(det)@0.05 power_one_sided 1.000 power_two_sided 1.000 kurtosis 1.000 spec_cnn 1.000  (15s)
  JSR   +4.0 dB  BER 3.17e-02  P(det)@0.05 power_one_sided 1.000 power_two_sided 1.000 kurtosis 1.000 spec_cnn 1.000  (16s)
  JSR   +5.0 dB  BER 4.05e-02  P(det)@0.05 power_one_sided 1.000 power_two_sided 1.000 kurtosis 1.000 spec_cnn 1.000  (16s)
  JSR   +6.0 dB  BER 5.45e-02  P(det)@0.05 power_one_sided 1.000 power_two_sided 1.000 kurtosis 1.000 spec_cnn 1.000  (16s)
  JSR   +7.0 dB  BER 7.18e-02  P(det)@0.05 power_one_sided 1.000 power_two_sided 1.000 kurtosis 1.000 spec_cnn 1.000  (17s)
  JSR   +8.0 dB  BER 9.28e-02  P(det)@0.05 power_one_sided 1.000 power_two_sided 1.000 kurtosis 1.000 spec_cnn 1.000  (17s)
  JSR   +9.0 dB  BER 1.16e-01  P(det)@0.05 power_one_sided 1.000 power_two_sided 1.000 kurtosis 1.000 spec_cnn 1.000  (17s)
  JSR  +10.0 dB  BER 1.39e-01  P(det)@0.05 power_one_sided 1.000 power_two_sided 1.000 kurtosis 1.000 spec_cnn 1.000  (17s)
  JSR  +11.0 dB  BER 1.66e-01  P(det)@0.05 power_one_sided 1.000 power_two_sided 1.000 kurtosis 1.000 spec_cnn 1.000  (18s)
  JSR  +12.0 dB  BER 1.91e-01  P(det)@0.05 power_one_sided 1.000 power_two_sided 1.000 kurtosis 1.000 spec_cnn 1.000  (18s)
  JSR  +13.0 dB  BER 2.17e-01  P(det)@0.05 power_one_sided 1.000 power_two_sided 1.000 kurtosis 1.000 spec_cnn 1.000  (18s)
  JSR  +14.0 dB  BER 2.41e-01  P(det)@0.05 power_one_sided 1.000 power_two_sided 1.000 kurtosis 1.000 spec_cnn 1.000  (19s)
  JSR  +15.0 dB  BER 2.65e-01  P(det)@0.05 power_one_sided 1.000 power_two_sided 1.000 kurtosis 1.000 spec_cnn 1.000  (19s)
  [snr_5] kurtosis_b1 confirmed: {"power_one_sided": {"0.01": {"index": 25, "sweep_ber": 7.62939453125e-06, "sweep_pdet": 0.009765625, "confirmed_ber": 2.86102294921875e-06, "confirmed_ser": 5.7220458984375e-06, "confirmed_pdet": 0.016357421875, "passed": false}, "0.05": {"index": 25, "sweep_ber": 7.62939453125e-06, "sweep_pdet": 0.060546875, "confirmed_ber": 2.86102294921875e-06, "confirmed_ser": 5.7220458984375e-06, "confirmed_pdet": 0.066650390625, "passed": false}}, "power_two_sided": {"0.01": {"index": 30, "sweep_ber": 0.0002288818359375, "sweep_pdet": 0.013671875, "confirmed_ber": 0.000148773193359375, "confirmed_ser": 0.00029754638671875, "confirmed_pdet": 0.019287109375, "passed": false}, "0.05": {"index": 30, "sweep_ber": 0.0002288818359375, "sweep_pdet": 0.06640625, "confirmed_ber": 0.00014495849609375, "confirmed_ser": 0.0002899169921875, "confirmed_pdet": 0.08056640625, "passed": false}}, "kurtosis": {"0.01": {"index": 31, "sweep_ber": 0.000335693359375, "sweep_pdet": 0.00390625, "confirmed_ber": 0.00029754638671875, "confirmed_ser": 0.0005950927734375, "confirmed_pdet": 0.01513671875, "passed": false}, "0.05": {"index": 31, "sweep_ber": 0.000335693359375, "sweep_pdet": 0.03125, "confirmed_ber": 0.00031280517578125, "confirmed_ser": 0.0006237030029296875, "confirmed_pdet": 0.073974609375, "passed": false}}, "spec_cnn": {"0.01": {"index": 32, "sweep_ber": 0.00049591064453125, "sweep_pdet": 0.013671875, "confirmed_ber": 0.0004892349243164062, "confirmed_ser": 0.0009746551513671875, "confirmed_pdet": 0.014892578125, "passed": false}, "0.05": {"index": 32, "sweep_ber": 0.00049591064453125, "sweep_pdet": 0.05859375, "confirmed_ber": 0.000514984130859375, "confirmed_ser": 0.0010204315185546875, "confirmed_pdet": 0.065673828125, "passed": false}}}  (665s)
  [snr_5] generator kurtosis_b10 (scale 1.0000)
  JSR  -50.0 dB  BER 0.00e+00  P(det)@0.05 power_one_sided 0.045 power_two_sided 0.045 kurtosis 0.064 spec_cnn 0.055  (0s)
  JSR  -49.0 dB  BER 0.00e+00  P(det)@0.05 power_one_sided 0.049 power_two_sided 0.035 kurtosis 0.049 spec_cnn 0.055  (1s)
  JSR  -48.0 dB  BER 0.00e+00  P(det)@0.05 power_one_sided 0.043 power_two_sided 0.043 kurtosis 0.053 spec_cnn 0.035  (1s)
  JSR  -47.0 dB  BER 0.00e+00  P(det)@0.05 power_one_sided 0.057 power_two_sided 0.059 kurtosis 0.057 spec_cnn 0.059  (1s)
  JSR  -46.0 dB  BER 0.00e+00  P(det)@0.05 power_one_sided 0.039 power_two_sided 0.045 kurtosis 0.039 spec_cnn 0.055  (1s)
  JSR  -45.0 dB  BER 0.00e+00  P(det)@0.05 power_one_sided 0.043 power_two_sided 0.049 kurtosis 0.061 spec_cnn 0.037  (2s)
  JSR  -44.0 dB  BER 0.00e+00  P(det)@0.05 power_one_sided 0.045 power_two_sided 0.043 kurtosis 0.043 spec_cnn 0.035  (2s)
  JSR  -43.0 dB  BER 0.00e+00  P(det)@0.05 power_one_sided 0.045 power_two_sided 0.045 kurtosis 0.045 spec_cnn 0.059  (2s)
  JSR  -42.0 dB  BER 0.00e+00  P(det)@0.05 power_one_sided 0.049 power_two_sided 0.049 kurtosis 0.049 spec_cnn 0.039  (3s)
  JSR  -41.0 dB  BER 0.00e+00  P(det)@0.05 power_one_sided 0.047 power_two_sided 0.051 kurtosis 0.062 spec_cnn 0.062  (3s)
  JSR  -40.0 dB  BER 0.00e+00  P(det)@0.05 power_one_sided 0.061 power_two_sided 0.045 kurtosis 0.051 spec_cnn 0.051  (3s)
  JSR  -39.0 dB  BER 0.00e+00  P(det)@0.05 power_one_sided 0.047 power_two_sided 0.041 kurtosis 0.059 spec_cnn 0.047  (3s)
  JSR  -38.0 dB  BER 7.63e-06  P(det)@0.05 power_one_sided 0.061 power_two_sided 0.051 kurtosis 0.045 spec_cnn 0.043  (4s)
  JSR  -37.0 dB  BER 0.00e+00  P(det)@0.05 power_one_sided 0.047 power_two_sided 0.055 kurtosis 0.033 spec_cnn 0.062  (4s)
  JSR  -36.0 dB  BER 0.00e+00  P(det)@0.05 power_one_sided 0.037 power_two_sided 0.043 kurtosis 0.051 spec_cnn 0.047  (4s)
  JSR  -35.0 dB  BER 0.00e+00  P(det)@0.05 power_one_sided 0.061 power_two_sided 0.049 kurtosis 0.053 spec_cnn 0.045  (5s)
  JSR  -34.0 dB  BER 0.00e+00  P(det)@0.05 power_one_sided 0.053 power_two_sided 0.057 kurtosis 0.035 spec_cnn 0.049  (5s)
  JSR  -33.0 dB  BER 0.00e+00  P(det)@0.05 power_one_sided 0.043 power_two_sided 0.047 kurtosis 0.047 spec_cnn 0.053  (5s)
  JSR  -32.0 dB  BER 0.00e+00  P(det)@0.05 power_one_sided 0.055 power_two_sided 0.074 kurtosis 0.047 spec_cnn 0.057  (5s)
  JSR  -31.0 dB  BER 0.00e+00  P(det)@0.05 power_one_sided 0.064 power_two_sided 0.051 kurtosis 0.051 spec_cnn 0.035  (6s)
  JSR  -30.0 dB  BER 0.00e+00  P(det)@0.05 power_one_sided 0.062 power_two_sided 0.068 kurtosis 0.062 spec_cnn 0.055  (6s)
  JSR  -29.0 dB  BER 0.00e+00  P(det)@0.05 power_one_sided 0.057 power_two_sided 0.041 kurtosis 0.045 spec_cnn 0.055  (6s)
  JSR  -28.0 dB  BER 0.00e+00  P(det)@0.05 power_one_sided 0.076 power_two_sided 0.053 kurtosis 0.049 spec_cnn 0.062  (7s)
  JSR  -27.0 dB  BER 0.00e+00  P(det)@0.05 power_one_sided 0.068 power_two_sided 0.057 kurtosis 0.039 spec_cnn 0.043  (7s)
  JSR  -26.0 dB  BER 1.53e-05  P(det)@0.05 power_one_sided 0.084 power_two_sided 0.064 kurtosis 0.029 spec_cnn 0.062  (7s)
  JSR  -25.0 dB  BER 7.63e-06  P(det)@0.05 power_one_sided 0.102 power_two_sided 0.062 kurtosis 0.059 spec_cnn 0.057  (7s)
  JSR  -24.0 dB  BER 1.53e-05  P(det)@0.05 power_one_sided 0.088 power_two_sided 0.053 kurtosis 0.066 spec_cnn 0.064  (8s)
  JSR  -23.0 dB  BER 1.53e-05  P(det)@0.05 power_one_sided 0.107 power_two_sided 0.064 kurtosis 0.043 spec_cnn 0.055  (8s)
  JSR  -22.0 dB  BER 3.05e-05  P(det)@0.05 power_one_sided 0.094 power_two_sided 0.059 kurtosis 0.057 spec_cnn 0.057  (8s)
  JSR  -21.0 dB  BER 1.83e-04  P(det)@0.05 power_one_sided 0.127 power_two_sided 0.088 kurtosis 0.041 spec_cnn 0.070  (9s)
  JSR  -20.0 dB  BER 3.36e-04  P(det)@0.05 power_one_sided 0.180 power_two_sided 0.113 kurtosis 0.045 spec_cnn 0.043  (9s)
  JSR  -19.0 dB  BER 4.88e-04  P(det)@0.05 power_one_sided 0.221 power_two_sided 0.158 kurtosis 0.059 spec_cnn 0.053  (9s)
  JSR  -18.0 dB  BER 8.24e-04  P(det)@0.05 power_one_sided 0.275 power_two_sided 0.195 kurtosis 0.055 spec_cnn 0.072  (9s)
  JSR  -17.0 dB  BER 9.92e-04  P(det)@0.05 power_one_sided 0.379 power_two_sided 0.268 kurtosis 0.062 spec_cnn 0.057  (10s)
  JSR  -16.0 dB  BER 1.63e-03  P(det)@0.05 power_one_sided 0.473 power_two_sided 0.373 kurtosis 0.051 spec_cnn 0.076  (10s)
  JSR  -15.0 dB  BER 1.85e-03  P(det)@0.05 power_one_sided 0.623 power_two_sided 0.535 kurtosis 0.109 spec_cnn 0.078  (10s)
  JSR  -14.0 dB  BER 2.22e-03  P(det)@0.05 power_one_sided 0.797 power_two_sided 0.725 kurtosis 0.150 spec_cnn 0.086  (11s)
  JSR  -13.0 dB  BER 3.00e-03  P(det)@0.05 power_one_sided 0.902 power_two_sided 0.854 kurtosis 0.234 spec_cnn 0.107  (11s)
  JSR  -12.0 dB  BER 3.59e-03  P(det)@0.05 power_one_sided 0.957 power_two_sided 0.934 kurtosis 0.363 spec_cnn 0.111  (11s)
  JSR  -11.0 dB  BER 3.83e-03  P(det)@0.05 power_one_sided 0.996 power_two_sided 0.988 kurtosis 0.629 spec_cnn 0.125  (11s)
  JSR  -10.0 dB  BER 4.91e-03  P(det)@0.05 power_one_sided 0.998 power_two_sided 0.996 kurtosis 0.754 spec_cnn 0.133  (12s)
  JSR   -9.0 dB  BER 5.38e-03  P(det)@0.05 power_one_sided 1.000 power_two_sided 1.000 kurtosis 0.939 spec_cnn 0.209  (12s)
  JSR   -8.0 dB  BER 6.20e-03  P(det)@0.05 power_one_sided 1.000 power_two_sided 1.000 kurtosis 0.982 spec_cnn 0.291  (12s)
  JSR   -7.0 dB  BER 6.80e-03  P(det)@0.05 power_one_sided 1.000 power_two_sided 1.000 kurtosis 1.000 spec_cnn 0.332  (13s)
  JSR   -6.0 dB  BER 7.63e-03  P(det)@0.05 power_one_sided 1.000 power_two_sided 1.000 kurtosis 0.994 spec_cnn 0.453  (13s)
  JSR   -5.0 dB  BER 8.51e-03  P(det)@0.05 power_one_sided 1.000 power_two_sided 1.000 kurtosis 1.000 spec_cnn 0.613  (13s)
  JSR   -4.0 dB  BER 8.81e-03  P(det)@0.05 power_one_sided 1.000 power_two_sided 1.000 kurtosis 1.000 spec_cnn 0.727  (13s)
  JSR   -3.0 dB  BER 1.00e-02  P(det)@0.05 power_one_sided 1.000 power_two_sided 1.000 kurtosis 1.000 spec_cnn 0.867  (14s)
  JSR   -2.0 dB  BER 1.04e-02  P(det)@0.05 power_one_sided 1.000 power_two_sided 1.000 kurtosis 1.000 spec_cnn 0.975  (14s)
  JSR   -1.0 dB  BER 1.13e-02  P(det)@0.05 power_one_sided 1.000 power_two_sided 1.000 kurtosis 1.000 spec_cnn 0.992  (14s)
  JSR   +0.0 dB  BER 1.17e-02  P(det)@0.05 power_one_sided 1.000 power_two_sided 1.000 kurtosis 1.000 spec_cnn 0.998  (15s)
  JSR   +1.0 dB  BER 1.35e-02  P(det)@0.05 power_one_sided 1.000 power_two_sided 1.000 kurtosis 1.000 spec_cnn 1.000  (15s)
  JSR   +2.0 dB  BER 1.46e-02  P(det)@0.05 power_one_sided 1.000 power_two_sided 1.000 kurtosis 1.000 spec_cnn 1.000  (15s)
  JSR   +3.0 dB  BER 1.72e-02  P(det)@0.05 power_one_sided 1.000 power_two_sided 1.000 kurtosis 1.000 spec_cnn 1.000  (15s)
  JSR   +4.0 dB  BER 1.98e-02  P(det)@0.05 power_one_sided 1.000 power_two_sided 1.000 kurtosis 1.000 spec_cnn 1.000  (16s)
  JSR   +5.0 dB  BER 2.45e-02  P(det)@0.05 power_one_sided 1.000 power_two_sided 1.000 kurtosis 1.000 spec_cnn 1.000  (16s)
  JSR   +6.0 dB  BER 2.97e-02  P(det)@0.05 power_one_sided 1.000 power_two_sided 1.000 kurtosis 1.000 spec_cnn 1.000  (16s)
  JSR   +7.0 dB  BER 3.60e-02  P(det)@0.05 power_one_sided 1.000 power_two_sided 1.000 kurtosis 1.000 spec_cnn 1.000  (17s)
  JSR   +8.0 dB  BER 4.76e-02  P(det)@0.05 power_one_sided 1.000 power_two_sided 1.000 kurtosis 1.000 spec_cnn 1.000  (17s)
  JSR   +9.0 dB  BER 6.13e-02  P(det)@0.05 power_one_sided 1.000 power_two_sided 1.000 kurtosis 1.000 spec_cnn 1.000  (17s)
  JSR  +10.0 dB  BER 8.03e-02  P(det)@0.05 power_one_sided 1.000 power_two_sided 1.000 kurtosis 1.000 spec_cnn 1.000  (17s)
  JSR  +11.0 dB  BER 9.44e-02  P(det)@0.05 power_one_sided 1.000 power_two_sided 1.000 kurtosis 1.000 spec_cnn 1.000  (18s)
  JSR  +12.0 dB  BER 1.15e-01  P(det)@0.05 power_one_sided 1.000 power_two_sided 1.000 kurtosis 1.000 spec_cnn 1.000  (18s)
  JSR  +13.0 dB  BER 1.42e-01  P(det)@0.05 power_one_sided 1.000 power_two_sided 1.000 kurtosis 1.000 spec_cnn 1.000  (18s)
  JSR  +14.0 dB  BER 1.69e-01  P(det)@0.05 power_one_sided 1.000 power_two_sided 1.000 kurtosis 1.000 spec_cnn 1.000  (19s)
  JSR  +15.0 dB  BER 1.92e-01  P(det)@0.05 power_one_sided 1.000 power_two_sided 1.000 kurtosis 1.000 spec_cnn 1.000  (19s)
  [snr_5] kurtosis_b10 confirmed: {"power_one_sided": {"0.01": {"index": 27, "sweep_ber": 1.52587890625e-05, "sweep_pdet": 0.017578125, "confirmed_ber": 2.86102294921875e-05, "confirmed_ser": 5.7220458984375e-05, "confirmed_pdet": 0.025634765625, "passed": false}, "0.05": {"index": 12, "sweep_ber": 7.62939453125e-06, "sweep_pdet": 0.060546875, "confirmed_ber": 9.5367431640625e-07, "confirmed_ser": 1.9073486328125e-06, "confirmed_pdet": 0.048583984375, "passed": true}}, "power_two_sided": {"0.01": {"index": 27, "sweep_ber": 1.52587890625e-05, "sweep_pdet": 0.01171875, "confirmed_ber": 4.482269287109375e-05, "confirmed_ser": 8.96453857421875e-05, "confirmed_pdet": 0.0185546875, "passed": false}, "0.05": {"index": 28, "sweep_ber": 3.0517578125e-05, "sweep_pdet": 0.05859375, "confirmed_ber": 6.771087646484375e-05, "confirmed_ser": 0.0001354217529296875, "confirmed_pdet": 0.073974609375, "passed": false}}, "kurtosis": {"0.01": {"index": 34, "sweep_ber": 0.00162506103515625, "sweep_pdet": 0.009765625, "confirmed_ber": 0.0015163421630859375, "confirmed_ser": 0.0029239654541015625, "confirmed_pdet": 0.024169921875, "passed": false}, "0.05": {"index": 34, "sweep_ber": 0.00162506103515625, "sweep_pdet": 0.05078125, "confirmed_ber": 0.0014963150024414062, "confirmed_ser": 0.0028820037841796875, "confirmed_pdet": 0.074462890625, "passed": false}}, "spec_cnn": {"0.01": {"index": 36, "sweep_ber": 0.00222015380859375, "sweep_pdet": 0.017578125, "confirmed_ber": 0.0024919509887695312, "confirmed_ser": 0.004680633544921875, "confirmed_pdet": 0.0146484375, "passed": false}, "0.05": {"index": 33, "sweep_ber": 0.0009918212890625, "sweep_pdet": 0.056640625, "confirmed_ber": 0.0011224746704101562, "confirmed_ser": 0.0021915435791015625, "confirmed_pdet": 0.0673828125, "passed": false}}}  (702s)
  [snr_5] generator kurtosis_b100 (scale 1.0000)
  JSR  -50.0 dB  BER 0.00e+00  P(det)@0.05 power_one_sided 0.033 power_two_sided 0.059 kurtosis 0.062 spec_cnn 0.045  (0s)
  JSR  -49.0 dB  BER 0.00e+00  P(det)@0.05 power_one_sided 0.031 power_two_sided 0.053 kurtosis 0.061 spec_cnn 0.059  (1s)
  JSR  -48.0 dB  BER 0.00e+00  P(det)@0.05 power_one_sided 0.053 power_two_sided 0.051 kurtosis 0.039 spec_cnn 0.045  (1s)
  JSR  -47.0 dB  BER 0.00e+00  P(det)@0.05 power_one_sided 0.061 power_two_sided 0.072 kurtosis 0.051 spec_cnn 0.061  (1s)
  JSR  -46.0 dB  BER 0.00e+00  P(det)@0.05 power_one_sided 0.055 power_two_sided 0.051 kurtosis 0.055 spec_cnn 0.043  (1s)
  JSR  -45.0 dB  BER 0.00e+00  P(det)@0.05 power_one_sided 0.053 power_two_sided 0.059 kurtosis 0.053 spec_cnn 0.037  (2s)
  JSR  -44.0 dB  BER 0.00e+00  P(det)@0.05 power_one_sided 0.037 power_two_sided 0.051 kurtosis 0.053 spec_cnn 0.051  (2s)
  JSR  -43.0 dB  BER 0.00e+00  P(det)@0.05 power_one_sided 0.062 power_two_sided 0.037 kurtosis 0.061 spec_cnn 0.043  (2s)
  JSR  -42.0 dB  BER 0.00e+00  P(det)@0.05 power_one_sided 0.037 power_two_sided 0.061 kurtosis 0.037 spec_cnn 0.031  (3s)
  JSR  -41.0 dB  BER 0.00e+00  P(det)@0.05 power_one_sided 0.049 power_two_sided 0.035 kurtosis 0.049 spec_cnn 0.031  (3s)
  JSR  -40.0 dB  BER 0.00e+00  P(det)@0.05 power_one_sided 0.061 power_two_sided 0.053 kurtosis 0.037 spec_cnn 0.062  (3s)
  JSR  -39.0 dB  BER 0.00e+00  P(det)@0.05 power_one_sided 0.061 power_two_sided 0.057 kurtosis 0.057 spec_cnn 0.045  (3s)
  JSR  -38.0 dB  BER 0.00e+00  P(det)@0.05 power_one_sided 0.051 power_two_sided 0.037 kurtosis 0.062 spec_cnn 0.062  (4s)
  JSR  -37.0 dB  BER 0.00e+00  P(det)@0.05 power_one_sided 0.041 power_two_sided 0.064 kurtosis 0.061 spec_cnn 0.055  (4s)
  JSR  -36.0 dB  BER 0.00e+00  P(det)@0.05 power_one_sided 0.055 power_two_sided 0.057 kurtosis 0.049 spec_cnn 0.053  (4s)
  JSR  -35.0 dB  BER 0.00e+00  P(det)@0.05 power_one_sided 0.055 power_two_sided 0.043 kurtosis 0.059 spec_cnn 0.041  (5s)
  JSR  -34.0 dB  BER 0.00e+00  P(det)@0.05 power_one_sided 0.037 power_two_sided 0.062 kurtosis 0.057 spec_cnn 0.037  (5s)
  JSR  -33.0 dB  BER 0.00e+00  P(det)@0.05 power_one_sided 0.059 power_two_sided 0.043 kurtosis 0.045 spec_cnn 0.055  (5s)
  JSR  -32.0 dB  BER 0.00e+00  P(det)@0.05 power_one_sided 0.041 power_two_sided 0.045 kurtosis 0.057 spec_cnn 0.049  (5s)
  JSR  -31.0 dB  BER 0.00e+00  P(det)@0.05 power_one_sided 0.057 power_two_sided 0.057 kurtosis 0.061 spec_cnn 0.047  (6s)
  JSR  -30.0 dB  BER 0.00e+00  P(det)@0.05 power_one_sided 0.045 power_two_sided 0.051 kurtosis 0.047 spec_cnn 0.051  (6s)
  JSR  -29.0 dB  BER 0.00e+00  P(det)@0.05 power_one_sided 0.045 power_two_sided 0.047 kurtosis 0.031 spec_cnn 0.057  (6s)
  JSR  -28.0 dB  BER 0.00e+00  P(det)@0.05 power_one_sided 0.051 power_two_sided 0.047 kurtosis 0.059 spec_cnn 0.049  (7s)
  JSR  -27.0 dB  BER 0.00e+00  P(det)@0.05 power_one_sided 0.039 power_two_sided 0.043 kurtosis 0.041 spec_cnn 0.053  (7s)
  JSR  -26.0 dB  BER 0.00e+00  P(det)@0.05 power_one_sided 0.043 power_two_sided 0.039 kurtosis 0.051 spec_cnn 0.057  (7s)
  JSR  -25.0 dB  BER 1.53e-05  P(det)@0.05 power_one_sided 0.072 power_two_sided 0.053 kurtosis 0.055 spec_cnn 0.068  (7s)
  JSR  -24.0 dB  BER 1.53e-05  P(det)@0.05 power_one_sided 0.121 power_two_sided 0.072 kurtosis 0.068 spec_cnn 0.039  (8s)
  JSR  -23.0 dB  BER 2.29e-05  P(det)@0.05 power_one_sided 0.092 power_two_sided 0.068 kurtosis 0.061 spec_cnn 0.053  (8s)
  JSR  -22.0 dB  BER 1.07e-04  P(det)@0.05 power_one_sided 0.088 power_two_sided 0.061 kurtosis 0.064 spec_cnn 0.080  (8s)
  JSR  -21.0 dB  BER 2.67e-04  P(det)@0.05 power_one_sided 0.104 power_two_sided 0.064 kurtosis 0.068 spec_cnn 0.051  (9s)
  JSR  -20.0 dB  BER 3.51e-04  P(det)@0.05 power_one_sided 0.137 power_two_sided 0.086 kurtosis 0.061 spec_cnn 0.059  (9s)
  JSR  -19.0 dB  BER 7.02e-04  P(det)@0.05 power_one_sided 0.180 power_two_sided 0.135 kurtosis 0.078 spec_cnn 0.064  (9s)
  JSR  -18.0 dB  BER 9.46e-04  P(det)@0.05 power_one_sided 0.201 power_two_sided 0.137 kurtosis 0.082 spec_cnn 0.076  (9s)
  JSR  -17.0 dB  BER 1.34e-03  P(det)@0.05 power_one_sided 0.271 power_two_sided 0.188 kurtosis 0.092 spec_cnn 0.104  (10s)
  JSR  -16.0 dB  BER 1.82e-03  P(det)@0.05 power_one_sided 0.324 power_two_sided 0.236 kurtosis 0.104 spec_cnn 0.084  (10s)
  JSR  -15.0 dB  BER 2.27e-03  P(det)@0.05 power_one_sided 0.484 power_two_sided 0.363 kurtosis 0.168 spec_cnn 0.084  (10s)
  JSR  -14.0 dB  BER 2.65e-03  P(det)@0.05 power_one_sided 0.574 power_two_sided 0.484 kurtosis 0.213 spec_cnn 0.117  (11s)
  JSR  -13.0 dB  BER 3.30e-03  P(det)@0.05 power_one_sided 0.695 power_two_sided 0.598 kurtosis 0.316 spec_cnn 0.096  (11s)
  JSR  -12.0 dB  BER 3.58e-03  P(det)@0.05 power_one_sided 0.846 power_two_sided 0.779 kurtosis 0.445 spec_cnn 0.129  (11s)
  JSR  -11.0 dB  BER 3.85e-03  P(det)@0.05 power_one_sided 0.939 power_two_sided 0.900 kurtosis 0.605 spec_cnn 0.199  (11s)
  JSR  -10.0 dB  BER 4.55e-03  P(det)@0.05 power_one_sided 0.988 power_two_sided 0.975 kurtosis 0.662 spec_cnn 0.238  (12s)
  JSR   -9.0 dB  BER 5.17e-03  P(det)@0.05 power_one_sided 0.998 power_two_sided 0.998 kurtosis 0.814 spec_cnn 0.254  (12s)
  JSR   -8.0 dB  BER 5.56e-03  P(det)@0.05 power_one_sided 1.000 power_two_sided 1.000 kurtosis 0.904 spec_cnn 0.385  (12s)
  JSR   -7.0 dB  BER 6.62e-03  P(det)@0.05 power_one_sided 1.000 power_two_sided 1.000 kurtosis 0.949 spec_cnn 0.471  (13s)
  JSR   -6.0 dB  BER 6.84e-03  P(det)@0.05 power_one_sided 1.000 power_two_sided 1.000 kurtosis 0.980 spec_cnn 0.590  (13s)
  JSR   -5.0 dB  BER 7.41e-03  P(det)@0.05 power_one_sided 1.000 power_two_sided 1.000 kurtosis 1.000 spec_cnn 0.709  (13s)
  JSR   -4.0 dB  BER 8.42e-03  P(det)@0.05 power_one_sided 1.000 power_two_sided 1.000 kurtosis 1.000 spec_cnn 0.830  (13s)
  JSR   -3.0 dB  BER 9.73e-03  P(det)@0.05 power_one_sided 1.000 power_two_sided 1.000 kurtosis 1.000 spec_cnn 0.920  (14s)
  JSR   -2.0 dB  BER 1.13e-02  P(det)@0.05 power_one_sided 1.000 power_two_sided 1.000 kurtosis 1.000 spec_cnn 0.971  (14s)
  JSR   -1.0 dB  BER 1.30e-02  P(det)@0.05 power_one_sided 1.000 power_two_sided 1.000 kurtosis 1.000 spec_cnn 0.996  (14s)
  JSR   +0.0 dB  BER 1.60e-02  P(det)@0.05 power_one_sided 1.000 power_two_sided 1.000 kurtosis 1.000 spec_cnn 0.998  (15s)
  JSR   +1.0 dB  BER 1.79e-02  P(det)@0.05 power_one_sided 1.000 power_two_sided 1.000 kurtosis 1.000 spec_cnn 1.000  (15s)
  JSR   +2.0 dB  BER 2.28e-02  P(det)@0.05 power_one_sided 1.000 power_two_sided 1.000 kurtosis 1.000 spec_cnn 1.000  (15s)
  JSR   +3.0 dB  BER 2.71e-02  P(det)@0.05 power_one_sided 1.000 power_two_sided 1.000 kurtosis 1.000 spec_cnn 1.000  (15s)
  JSR   +4.0 dB  BER 3.20e-02  P(det)@0.05 power_one_sided 1.000 power_two_sided 1.000 kurtosis 1.000 spec_cnn 1.000  (16s)
  JSR   +5.0 dB  BER 4.03e-02  P(det)@0.05 power_one_sided 1.000 power_two_sided 1.000 kurtosis 1.000 spec_cnn 1.000  (16s)
  JSR   +6.0 dB  BER 4.84e-02  P(det)@0.05 power_one_sided 1.000 power_two_sided 1.000 kurtosis 1.000 spec_cnn 1.000  (16s)
  JSR   +7.0 dB  BER 6.07e-02  P(det)@0.05 power_one_sided 1.000 power_two_sided 1.000 kurtosis 1.000 spec_cnn 1.000  (17s)
  JSR   +8.0 dB  BER 7.25e-02  P(det)@0.05 power_one_sided 1.000 power_two_sided 1.000 kurtosis 1.000 spec_cnn 1.000  (17s)
  JSR   +9.0 dB  BER 8.59e-02  P(det)@0.05 power_one_sided 1.000 power_two_sided 1.000 kurtosis 1.000 spec_cnn 1.000  (17s)
  JSR  +10.0 dB  BER 1.03e-01  P(det)@0.05 power_one_sided 1.000 power_two_sided 1.000 kurtosis 1.000 spec_cnn 1.000  (17s)
  JSR  +11.0 dB  BER 1.21e-01  P(det)@0.05 power_one_sided 1.000 power_two_sided 1.000 kurtosis 1.000 spec_cnn 1.000  (18s)
  JSR  +12.0 dB  BER 1.40e-01  P(det)@0.05 power_one_sided 1.000 power_two_sided 1.000 kurtosis 1.000 spec_cnn 1.000  (18s)
  JSR  +13.0 dB  BER 1.62e-01  P(det)@0.05 power_one_sided 1.000 power_two_sided 1.000 kurtosis 1.000 spec_cnn 1.000  (18s)
  JSR  +14.0 dB  BER 1.87e-01  P(det)@0.05 power_one_sided 1.000 power_two_sided 1.000 kurtosis 1.000 spec_cnn 1.000  (19s)
  JSR  +15.0 dB  BER 2.06e-01  P(det)@0.05 power_one_sided 1.000 power_two_sided 1.000 kurtosis 1.000 spec_cnn 1.000  (19s)
  [snr_5] kurtosis_b100 confirmed: {"power_one_sided": {"0.01": {"index": 0, "sweep_ber": 0.0, "sweep_pdet": 0.009765625, "confirmed_ber": 1.9073486328125e-06, "confirmed_ser": 3.814697265625e-06, "confirmed_pdet": 0.010986328125, "passed": true}, "0.05": {"index": 0, "sweep_ber": 0.0, "sweep_pdet": 0.033203125, "confirmed_ber": 9.5367431640625e-07, "confirmed_ser": 1.9073486328125e-06, "confirmed_pdet": 0.04150390625, "passed": true}}, "power_two_sided": {"0.01": {"index": 29, "sweep_ber": 0.00026702880859375, "sweep_pdet": 0.013671875, "confirmed_ber": 0.00020599365234375, "confirmed_ser": 0.0004119873046875, "confirmed_pdet": 0.017822265625, "passed": false}, "0.05": {"index": 29, "sweep_ber": 0.00026702880859375, "sweep_pdet": 0.064453125, "confirmed_ber": 0.00019359588623046875, "confirmed_ser": 0.0003871917724609375, "confirmed_pdet": 0.072021484375, "passed": false}}, "kurtosis": {"0.01": {"index": 31, "sweep_ber": 0.000701904296875, "sweep_pdet": 0.013671875, "confirmed_ber": 0.0007171630859375, "confirmed_ser": 0.00142669677734375, "confirmed_pdet": 0.014404296875, "passed": false}, "0.05": {"index": 30, "sweep_ber": 0.0003509521484375, "sweep_pdet": 0.060546875, "confirmed_ber": 0.0004367828369140625, "confirmed_ser": 0.0008716583251953125, "confirmed_pdet": 0.06591796875, "passed": false}}, "spec_cnn": {"0.01": {"index": 35, "sweep_ber": 0.0022735595703125, "sweep_pdet": 0.00390625, "confirmed_ber": 0.0021295547485351562, "confirmed_ser": 0.0039958953857421875, "confirmed_pdet": 0.022216796875, "passed": false}, "0.05": {"index": 31, "sweep_ber": 0.000701904296875, "sweep_pdet": 0.064453125, "confirmed_ber": 0.0007066726684570312, "confirmed_ser": 0.00140380859375, "confirmed_pdet": 0.066650390625, "passed": false}}}  (740s)
  [snr_5] generator kurtosis_b1000 (scale 1.0000)
  JSR  -50.0 dB  BER 0.00e+00  P(det)@0.05 power_one_sided 0.066 power_two_sided 0.049 kurtosis 0.059 spec_cnn 0.037  (0s)
  JSR  -49.0 dB  BER 0.00e+00  P(det)@0.05 power_one_sided 0.066 power_two_sided 0.061 kurtosis 0.051 spec_cnn 0.045  (1s)
  JSR  -48.0 dB  BER 0.00e+00  P(det)@0.05 power_one_sided 0.049 power_two_sided 0.061 kurtosis 0.045 spec_cnn 0.064  (1s)
  JSR  -47.0 dB  BER 0.00e+00  P(det)@0.05 power_one_sided 0.061 power_two_sided 0.053 kurtosis 0.068 spec_cnn 0.057  (1s)
  JSR  -46.0 dB  BER 0.00e+00  P(det)@0.05 power_one_sided 0.055 power_two_sided 0.066 kurtosis 0.053 spec_cnn 0.047  (1s)
  JSR  -45.0 dB  BER 0.00e+00  P(det)@0.05 power_one_sided 0.049 power_two_sided 0.053 kurtosis 0.061 spec_cnn 0.055  (2s)
  JSR  -44.0 dB  BER 0.00e+00  P(det)@0.05 power_one_sided 0.051 power_two_sided 0.043 kurtosis 0.043 spec_cnn 0.055  (2s)
  JSR  -43.0 dB  BER 0.00e+00  P(det)@0.05 power_one_sided 0.062 power_two_sided 0.047 kurtosis 0.055 spec_cnn 0.045  (2s)
  JSR  -42.0 dB  BER 7.63e-06  P(det)@0.05 power_one_sided 0.061 power_two_sided 0.068 kurtosis 0.061 spec_cnn 0.055  (3s)
  JSR  -41.0 dB  BER 0.00e+00  P(det)@0.05 power_one_sided 0.039 power_two_sided 0.029 kurtosis 0.055 spec_cnn 0.047  (3s)
  JSR  -40.0 dB  BER 0.00e+00  P(det)@0.05 power_one_sided 0.051 power_two_sided 0.041 kurtosis 0.047 spec_cnn 0.051  (3s)
  JSR  -39.0 dB  BER 0.00e+00  P(det)@0.05 power_one_sided 0.045 power_two_sided 0.041 kurtosis 0.055 spec_cnn 0.053  (3s)
  JSR  -38.0 dB  BER 0.00e+00  P(det)@0.05 power_one_sided 0.055 power_two_sided 0.049 kurtosis 0.045 spec_cnn 0.078  (4s)
  JSR  -37.0 dB  BER 0.00e+00  P(det)@0.05 power_one_sided 0.068 power_two_sided 0.059 kurtosis 0.041 spec_cnn 0.061  (4s)
  JSR  -36.0 dB  BER 0.00e+00  P(det)@0.05 power_one_sided 0.045 power_two_sided 0.043 kurtosis 0.061 spec_cnn 0.047  (4s)
  JSR  -35.0 dB  BER 0.00e+00  P(det)@0.05 power_one_sided 0.039 power_two_sided 0.057 kurtosis 0.055 spec_cnn 0.045  (5s)
  JSR  -34.0 dB  BER 0.00e+00  P(det)@0.05 power_one_sided 0.035 power_two_sided 0.045 kurtosis 0.041 spec_cnn 0.053  (5s)
  JSR  -33.0 dB  BER 0.00e+00  P(det)@0.05 power_one_sided 0.055 power_two_sided 0.045 kurtosis 0.066 spec_cnn 0.039  (5s)
  JSR  -32.0 dB  BER 0.00e+00  P(det)@0.05 power_one_sided 0.051 power_two_sided 0.041 kurtosis 0.057 spec_cnn 0.049  (5s)
  JSR  -31.0 dB  BER 0.00e+00  P(det)@0.05 power_one_sided 0.037 power_two_sided 0.041 kurtosis 0.061 spec_cnn 0.051  (6s)
  JSR  -30.0 dB  BER 0.00e+00  P(det)@0.05 power_one_sided 0.070 power_two_sided 0.057 kurtosis 0.047 spec_cnn 0.053  (6s)
  JSR  -29.0 dB  BER 0.00e+00  P(det)@0.05 power_one_sided 0.039 power_two_sided 0.061 kurtosis 0.074 spec_cnn 0.080  (6s)
  JSR  -28.0 dB  BER 0.00e+00  P(det)@0.05 power_one_sided 0.049 power_two_sided 0.039 kurtosis 0.043 spec_cnn 0.066  (7s)
  JSR  -27.0 dB  BER 0.00e+00  P(det)@0.05 power_one_sided 0.053 power_two_sided 0.037 kurtosis 0.057 spec_cnn 0.070  (7s)
  JSR  -26.0 dB  BER 0.00e+00  P(det)@0.05 power_one_sided 0.062 power_two_sided 0.045 kurtosis 0.059 spec_cnn 0.049  (7s)
  JSR  -25.0 dB  BER 0.00e+00  P(det)@0.05 power_one_sided 0.074 power_two_sided 0.062 kurtosis 0.062 spec_cnn 0.059  (7s)
  JSR  -24.0 dB  BER 0.00e+00  P(det)@0.05 power_one_sided 0.086 power_two_sided 0.068 kurtosis 0.072 spec_cnn 0.059  (8s)
  JSR  -23.0 dB  BER 0.00e+00  P(det)@0.05 power_one_sided 0.076 power_two_sided 0.055 kurtosis 0.047 spec_cnn 0.086  (8s)
  JSR  -22.0 dB  BER 0.00e+00  P(det)@0.05 power_one_sided 0.090 power_two_sided 0.057 kurtosis 0.055 spec_cnn 0.068  (8s)
  JSR  -21.0 dB  BER 7.63e-06  P(det)@0.05 power_one_sided 0.105 power_two_sided 0.066 kurtosis 0.055 spec_cnn 0.070  (9s)
  JSR  -20.0 dB  BER 2.29e-05  P(det)@0.05 power_one_sided 0.111 power_two_sided 0.053 kurtosis 0.045 spec_cnn 0.105  (9s)
  JSR  -19.0 dB  BER 8.39e-05  P(det)@0.05 power_one_sided 0.141 power_two_sided 0.088 kurtosis 0.062 spec_cnn 0.096  (9s)
  JSR  -18.0 dB  BER 9.92e-05  P(det)@0.05 power_one_sided 0.178 power_two_sided 0.127 kurtosis 0.053 spec_cnn 0.078  (9s)
  JSR  -17.0 dB  BER 1.37e-04  P(det)@0.05 power_one_sided 0.273 power_two_sided 0.178 kurtosis 0.053 spec_cnn 0.092  (10s)
  JSR  -16.0 dB  BER 1.98e-04  P(det)@0.05 power_one_sided 0.330 power_two_sided 0.232 kurtosis 0.064 spec_cnn 0.080  (10s)
  JSR  -15.0 dB  BER 2.67e-04  P(det)@0.05 power_one_sided 0.410 power_two_sided 0.293 kurtosis 0.100 spec_cnn 0.125  (10s)
  JSR  -14.0 dB  BER 4.58e-04  P(det)@0.05 power_one_sided 0.600 power_two_sided 0.516 kurtosis 0.096 spec_cnn 0.117  (11s)
  JSR  -13.0 dB  BER 4.65e-04  P(det)@0.05 power_one_sided 0.779 power_two_sided 0.674 kurtosis 0.139 spec_cnn 0.113  (11s)
  JSR  -12.0 dB  BER 5.04e-04  P(det)@0.05 power_one_sided 0.906 power_two_sided 0.865 kurtosis 0.182 spec_cnn 0.127  (11s)
  JSR  -11.0 dB  BER 8.77e-04  P(det)@0.05 power_one_sided 0.973 power_two_sided 0.949 kurtosis 0.225 spec_cnn 0.125  (11s)
  JSR  -10.0 dB  BER 8.93e-04  P(det)@0.05 power_one_sided 1.000 power_two_sided 0.998 kurtosis 0.268 spec_cnn 0.152  (12s)
  JSR   -9.0 dB  BER 1.30e-03  P(det)@0.05 power_one_sided 1.000 power_two_sided 1.000 kurtosis 0.375 spec_cnn 0.154  (12s)
  JSR   -8.0 dB  BER 1.28e-03  P(det)@0.05 power_one_sided 1.000 power_two_sided 1.000 kurtosis 0.410 spec_cnn 0.176  (12s)
  JSR   -7.0 dB  BER 1.81e-03  P(det)@0.05 power_one_sided 1.000 power_two_sided 1.000 kurtosis 0.508 spec_cnn 0.156  (13s)
  JSR   -6.0 dB  BER 1.97e-03  P(det)@0.05 power_one_sided 1.000 power_two_sided 1.000 kurtosis 0.496 spec_cnn 0.246  (13s)
  JSR   -5.0 dB  BER 2.45e-03  P(det)@0.05 power_one_sided 1.000 power_two_sided 1.000 kurtosis 0.562 spec_cnn 0.225  (13s)
  JSR   -4.0 dB  BER 2.64e-03  P(det)@0.05 power_one_sided 1.000 power_two_sided 1.000 kurtosis 0.535 spec_cnn 0.244  (13s)
  JSR   -3.0 dB  BER 3.00e-03  P(det)@0.05 power_one_sided 1.000 power_two_sided 1.000 kurtosis 0.504 spec_cnn 0.295  (14s)
  JSR   -2.0 dB  BER 3.66e-03  P(det)@0.05 power_one_sided 1.000 power_two_sided 1.000 kurtosis 0.439 spec_cnn 0.332  (14s)
  JSR   -1.0 dB  BER 4.38e-03  P(det)@0.05 power_one_sided 1.000 power_two_sided 1.000 kurtosis 0.406 spec_cnn 0.402  (14s)
  JSR   +0.0 dB  BER 4.97e-03  P(det)@0.05 power_one_sided 1.000 power_two_sided 1.000 kurtosis 0.465 spec_cnn 0.416  (14s)
  JSR   +1.0 dB  BER 4.90e-03  P(det)@0.05 power_one_sided 1.000 power_two_sided 1.000 kurtosis 0.730 spec_cnn 0.520  (15s)
  JSR   +2.0 dB  BER 5.55e-03  P(det)@0.05 power_one_sided 1.000 power_two_sided 1.000 kurtosis 0.891 spec_cnn 0.592  (15s)
  JSR   +3.0 dB  BER 6.02e-03  P(det)@0.05 power_one_sided 1.000 power_two_sided 1.000 kurtosis 0.945 spec_cnn 0.682  (15s)
  JSR   +4.0 dB  BER 6.23e-03  P(det)@0.05 power_one_sided 1.000 power_two_sided 1.000 kurtosis 0.945 spec_cnn 0.773  (16s)
  JSR   +5.0 dB  BER 7.15e-03  P(det)@0.05 power_one_sided 1.000 power_two_sided 1.000 kurtosis 0.951 spec_cnn 0.840  (16s)
  JSR   +6.0 dB  BER 7.19e-03  P(det)@0.05 power_one_sided 1.000 power_two_sided 1.000 kurtosis 0.975 spec_cnn 0.900  (16s)
  JSR   +7.0 dB  BER 7.74e-03  P(det)@0.05 power_one_sided 1.000 power_two_sided 1.000 kurtosis 0.980 spec_cnn 0.926  (16s)
  JSR   +8.0 dB  BER 8.09e-03  P(det)@0.05 power_one_sided 1.000 power_two_sided 1.000 kurtosis 0.979 spec_cnn 0.984  (17s)
  JSR   +9.0 dB  BER 8.51e-03  P(det)@0.05 power_one_sided 1.000 power_two_sided 1.000 kurtosis 0.979 spec_cnn 0.996  (17s)
  JSR  +10.0 dB  BER 9.47e-03  P(det)@0.05 power_one_sided 1.000 power_two_sided 1.000 kurtosis 0.980 spec_cnn 1.000  (17s)
  JSR  +11.0 dB  BER 9.84e-03  P(det)@0.05 power_one_sided 1.000 power_two_sided 1.000 kurtosis 0.986 spec_cnn 1.000  (18s)
  JSR  +12.0 dB  BER 1.00e-02  P(det)@0.05 power_one_sided 1.000 power_two_sided 1.000 kurtosis 0.979 spec_cnn 1.000  (18s)
  JSR  +13.0 dB  BER 1.07e-02  P(det)@0.05 power_one_sided 1.000 power_two_sided 1.000 kurtosis 0.988 spec_cnn 1.000  (18s)
  JSR  +14.0 dB  BER 1.13e-02  P(det)@0.05 power_one_sided 1.000 power_two_sided 1.000 kurtosis 0.980 spec_cnn 1.000  (18s)
  JSR  +15.0 dB  BER 1.18e-02  P(det)@0.05 power_one_sided 1.000 power_two_sided 1.000 kurtosis 0.980 spec_cnn 1.000  (19s)
  [snr_5] kurtosis_b1000 confirmed: {"power_one_sided": {"0.01": {"index": 8, "sweep_ber": 7.62939453125e-06, "sweep_pdet": 0.01171875, "confirmed_ber": 0.0, "confirmed_ser": 0.0, "confirmed_pdet": 0.00732421875, "passed": true}, "0.05": {"index": 8, "sweep_ber": 7.62939453125e-06, "sweep_pdet": 0.060546875, "confirmed_ber": 0.0, "confirmed_ser": 0.0, "confirmed_pdet": 0.0537109375, "passed": true}}, "power_two_sided": {"0.01": {"index": 8, "sweep_ber": 7.62939453125e-06, "sweep_pdet": 0.013671875, "confirmed_ber": 9.5367431640625e-07, "confirmed_ser": 1.9073486328125e-06, "confirmed_pdet": 0.010986328125, "passed": true}, "0.05": {"index": 30, "sweep_ber": 2.288818359375e-05, "sweep_pdet": 0.052734375, "confirmed_ber": 2.765655517578125e-05, "confirmed_ser": 5.53131103515625e-05, "confirmed_pdet": 0.07421875, "passed": false}}, "kurtosis": {"0.01": {"index": 33, "sweep_ber": 0.0001373291015625, "sweep_pdet": 0.013671875, "confirmed_ber": 0.00014209747314453125, "confirmed_ser": 0.0002803802490234375, "confirmed_pdet": 0.016845703125, "passed": false}, "0.05": {"index": 34, "sweep_ber": 0.0001983642578125, "sweep_pdet": 0.064453125, "confirmed_ber": 0.0002117156982421875, "confirmed_ser": 0.0004138946533203125, "confirmed_pdet": 0.075927734375, "passed": false}}, "spec_cnn": {"0.01": {"index": 32, "sweep_ber": 9.918212890625e-05, "sweep_pdet": 0.009765625, "confirmed_ber": 6.4849853515625e-05, "confirmed_ser": 0.00012969970703125, "confirmed_pdet": 0.022216796875, "passed": false}, "0.05": {"index": 8, "sweep_ber": 7.62939453125e-06, "sweep_pdet": 0.0546875, "confirmed_ber": 9.5367431640625e-07, "confirmed_ser": 1.9073486328125e-06, "confirmed_pdet": 0.048828125, "passed": true}}}  (777s)
  [snr_5] generator spec_cnn_b1 (scale 1.0000)
  JSR  -50.0 dB  BER 0.00e+00  P(det)@0.05 power_one_sided 0.061 power_two_sided 0.053 kurtosis 0.055 spec_cnn 0.037  (0s)
  JSR  -49.0 dB  BER 0.00e+00  P(det)@0.05 power_one_sided 0.061 power_two_sided 0.051 kurtosis 0.061 spec_cnn 0.055  (1s)
  JSR  -48.0 dB  BER 0.00e+00  P(det)@0.05 power_one_sided 0.035 power_two_sided 0.047 kurtosis 0.064 spec_cnn 0.051  (1s)
  JSR  -47.0 dB  BER 0.00e+00  P(det)@0.05 power_one_sided 0.047 power_two_sided 0.039 kurtosis 0.057 spec_cnn 0.053  (1s)
  JSR  -46.0 dB  BER 0.00e+00  P(det)@0.05 power_one_sided 0.049 power_two_sided 0.047 kurtosis 0.037 spec_cnn 0.045  (1s)
  JSR  -45.0 dB  BER 0.00e+00  P(det)@0.05 power_one_sided 0.043 power_two_sided 0.053 kurtosis 0.070 spec_cnn 0.041  (2s)
  JSR  -44.0 dB  BER 0.00e+00  P(det)@0.05 power_one_sided 0.047 power_two_sided 0.037 kurtosis 0.045 spec_cnn 0.051  (2s)
  JSR  -43.0 dB  BER 0.00e+00  P(det)@0.05 power_one_sided 0.059 power_two_sided 0.043 kurtosis 0.072 spec_cnn 0.043  (2s)
  JSR  -42.0 dB  BER 0.00e+00  P(det)@0.05 power_one_sided 0.049 power_two_sided 0.035 kurtosis 0.041 spec_cnn 0.047  (3s)
  JSR  -41.0 dB  BER 0.00e+00  P(det)@0.05 power_one_sided 0.057 power_two_sided 0.055 kurtosis 0.053 spec_cnn 0.051  (3s)
  JSR  -40.0 dB  BER 0.00e+00  P(det)@0.05 power_one_sided 0.053 power_two_sided 0.049 kurtosis 0.045 spec_cnn 0.039  (3s)
  JSR  -39.0 dB  BER 7.63e-06  P(det)@0.05 power_one_sided 0.045 power_two_sided 0.047 kurtosis 0.043 spec_cnn 0.064  (3s)
  JSR  -38.0 dB  BER 0.00e+00  P(det)@0.05 power_one_sided 0.055 power_two_sided 0.057 kurtosis 0.057 spec_cnn 0.059  (4s)
  JSR  -37.0 dB  BER 0.00e+00  P(det)@0.05 power_one_sided 0.045 power_two_sided 0.035 kurtosis 0.037 spec_cnn 0.045  (4s)
  JSR  -36.0 dB  BER 0.00e+00  P(det)@0.05 power_one_sided 0.047 power_two_sided 0.061 kurtosis 0.039 spec_cnn 0.070  (4s)
  JSR  -35.0 dB  BER 0.00e+00  P(det)@0.05 power_one_sided 0.055 power_two_sided 0.055 kurtosis 0.059 spec_cnn 0.047  (5s)
  JSR  -34.0 dB  BER 0.00e+00  P(det)@0.05 power_one_sided 0.047 power_two_sided 0.049 kurtosis 0.051 spec_cnn 0.057  (5s)
  JSR  -33.0 dB  BER 0.00e+00  P(det)@0.05 power_one_sided 0.041 power_two_sided 0.031 kurtosis 0.031 spec_cnn 0.053  (5s)
  JSR  -32.0 dB  BER 0.00e+00  P(det)@0.05 power_one_sided 0.051 power_two_sided 0.045 kurtosis 0.072 spec_cnn 0.039  (5s)
  JSR  -31.0 dB  BER 0.00e+00  P(det)@0.05 power_one_sided 0.049 power_two_sided 0.051 kurtosis 0.045 spec_cnn 0.043  (6s)
  JSR  -30.0 dB  BER 0.00e+00  P(det)@0.05 power_one_sided 0.062 power_two_sided 0.055 kurtosis 0.053 spec_cnn 0.037  (6s)
  JSR  -29.0 dB  BER 7.63e-06  P(det)@0.05 power_one_sided 0.066 power_two_sided 0.049 kurtosis 0.047 spec_cnn 0.055  (6s)
  JSR  -28.0 dB  BER 7.63e-06  P(det)@0.05 power_one_sided 0.049 power_two_sided 0.029 kurtosis 0.051 spec_cnn 0.051  (7s)
  JSR  -27.0 dB  BER 4.58e-05  P(det)@0.05 power_one_sided 0.059 power_two_sided 0.066 kurtosis 0.053 spec_cnn 0.047  (7s)
  JSR  -26.0 dB  BER 6.10e-05  P(det)@0.05 power_one_sided 0.047 power_two_sided 0.045 kurtosis 0.070 spec_cnn 0.062  (7s)
  JSR  -25.0 dB  BER 1.98e-04  P(det)@0.05 power_one_sided 0.055 power_two_sided 0.049 kurtosis 0.055 spec_cnn 0.043  (7s)
  JSR  -24.0 dB  BER 3.36e-04  P(det)@0.05 power_one_sided 0.074 power_two_sided 0.084 kurtosis 0.055 spec_cnn 0.049  (8s)
  JSR  -23.0 dB  BER 4.81e-04  P(det)@0.05 power_one_sided 0.070 power_two_sided 0.062 kurtosis 0.053 spec_cnn 0.053  (8s)
  JSR  -22.0 dB  BER 9.61e-04  P(det)@0.05 power_one_sided 0.066 power_two_sided 0.076 kurtosis 0.068 spec_cnn 0.049  (8s)
  JSR  -21.0 dB  BER 1.38e-03  P(det)@0.05 power_one_sided 0.082 power_two_sided 0.070 kurtosis 0.100 spec_cnn 0.057  (9s)
  JSR  -20.0 dB  BER 1.63e-03  P(det)@0.05 power_one_sided 0.107 power_two_sided 0.086 kurtosis 0.113 spec_cnn 0.064  (9s)
  JSR  -19.0 dB  BER 2.23e-03  P(det)@0.05 power_one_sided 0.133 power_two_sided 0.098 kurtosis 0.135 spec_cnn 0.059  (9s)
  JSR  -18.0 dB  BER 2.40e-03  P(det)@0.05 power_one_sided 0.182 power_two_sided 0.131 kurtosis 0.150 spec_cnn 0.041  (9s)
  JSR  -17.0 dB  BER 3.00e-03  P(det)@0.05 power_one_sided 0.186 power_two_sided 0.137 kurtosis 0.211 spec_cnn 0.049  (10s)
  JSR  -16.0 dB  BER 3.15e-03  P(det)@0.05 power_one_sided 0.314 power_two_sided 0.238 kurtosis 0.338 spec_cnn 0.061  (10s)
  JSR  -15.0 dB  BER 3.69e-03  P(det)@0.05 power_one_sided 0.355 power_two_sided 0.260 kurtosis 0.445 spec_cnn 0.053  (10s)
  JSR  -14.0 dB  BER 3.94e-03  P(det)@0.05 power_one_sided 0.428 power_two_sided 0.350 kurtosis 0.570 spec_cnn 0.045  (11s)
  JSR  -13.0 dB  BER 4.14e-03  P(det)@0.05 power_one_sided 0.523 power_two_sided 0.467 kurtosis 0.648 spec_cnn 0.045  (11s)
  JSR  -12.0 dB  BER 4.40e-03  P(det)@0.05 power_one_sided 0.652 power_two_sided 0.578 kurtosis 0.777 spec_cnn 0.078  (11s)
  JSR  -11.0 dB  BER 4.88e-03  P(det)@0.05 power_one_sided 0.789 power_two_sided 0.727 kurtosis 0.852 spec_cnn 0.070  (11s)
  JSR  -10.0 dB  BER 5.30e-03  P(det)@0.05 power_one_sided 0.859 power_two_sided 0.809 kurtosis 0.953 spec_cnn 0.090  (12s)
  JSR   -9.0 dB  BER 5.58e-03  P(det)@0.05 power_one_sided 0.961 power_two_sided 0.936 kurtosis 0.992 spec_cnn 0.070  (12s)
  JSR   -8.0 dB  BER 5.81e-03  P(det)@0.05 power_one_sided 0.982 power_two_sided 0.979 kurtosis 1.000 spec_cnn 0.129  (12s)
  JSR   -7.0 dB  BER 6.90e-03  P(det)@0.05 power_one_sided 1.000 power_two_sided 1.000 kurtosis 1.000 spec_cnn 0.129  (13s)
  JSR   -6.0 dB  BER 7.61e-03  P(det)@0.05 power_one_sided 1.000 power_two_sided 1.000 kurtosis 1.000 spec_cnn 0.152  (13s)
  JSR   -5.0 dB  BER 7.83e-03  P(det)@0.05 power_one_sided 1.000 power_two_sided 1.000 kurtosis 1.000 spec_cnn 0.238  (13s)
  JSR   -4.0 dB  BER 8.62e-03  P(det)@0.05 power_one_sided 1.000 power_two_sided 1.000 kurtosis 1.000 spec_cnn 0.311  (13s)
  JSR   -3.0 dB  BER 9.38e-03  P(det)@0.05 power_one_sided 1.000 power_two_sided 1.000 kurtosis 1.000 spec_cnn 0.463  (14s)
  JSR   -2.0 dB  BER 9.59e-03  P(det)@0.05 power_one_sided 1.000 power_two_sided 1.000 kurtosis 1.000 spec_cnn 0.537  (14s)
  JSR   -1.0 dB  BER 1.07e-02  P(det)@0.05 power_one_sided 1.000 power_two_sided 1.000 kurtosis 1.000 spec_cnn 0.629  (14s)
  JSR   +0.0 dB  BER 1.13e-02  P(det)@0.05 power_one_sided 1.000 power_two_sided 1.000 kurtosis 1.000 spec_cnn 0.766  (15s)
  JSR   +1.0 dB  BER 1.14e-02  P(det)@0.05 power_one_sided 1.000 power_two_sided 1.000 kurtosis 1.000 spec_cnn 0.818  (15s)
  JSR   +2.0 dB  BER 1.26e-02  P(det)@0.05 power_one_sided 1.000 power_two_sided 1.000 kurtosis 1.000 spec_cnn 0.881  (15s)
  JSR   +3.0 dB  BER 1.34e-02  P(det)@0.05 power_one_sided 1.000 power_two_sided 1.000 kurtosis 1.000 spec_cnn 0.926  (15s)
  JSR   +4.0 dB  BER 1.48e-02  P(det)@0.05 power_one_sided 1.000 power_two_sided 1.000 kurtosis 1.000 spec_cnn 0.957  (16s)
  JSR   +5.0 dB  BER 1.51e-02  P(det)@0.05 power_one_sided 1.000 power_two_sided 1.000 kurtosis 1.000 spec_cnn 0.984  (16s)
  JSR   +6.0 dB  BER 1.58e-02  P(det)@0.05 power_one_sided 1.000 power_two_sided 1.000 kurtosis 1.000 spec_cnn 0.996  (16s)
  JSR   +7.0 dB  BER 1.61e-02  P(det)@0.05 power_one_sided 1.000 power_two_sided 1.000 kurtosis 1.000 spec_cnn 1.000  (17s)
  JSR   +8.0 dB  BER 1.72e-02  P(det)@0.05 power_one_sided 1.000 power_two_sided 1.000 kurtosis 1.000 spec_cnn 1.000  (17s)
  JSR   +9.0 dB  BER 1.79e-02  P(det)@0.05 power_one_sided 1.000 power_two_sided 1.000 kurtosis 1.000 spec_cnn 1.000  (17s)
  JSR  +10.0 dB  BER 1.90e-02  P(det)@0.05 power_one_sided 1.000 power_two_sided 1.000 kurtosis 1.000 spec_cnn 1.000  (17s)
  JSR  +11.0 dB  BER 2.04e-02  P(det)@0.05 power_one_sided 1.000 power_two_sided 1.000 kurtosis 1.000 spec_cnn 1.000  (18s)
  JSR  +12.0 dB  BER 2.25e-02  P(det)@0.05 power_one_sided 1.000 power_two_sided 1.000 kurtosis 1.000 spec_cnn 1.000  (18s)
  JSR  +13.0 dB  BER 2.48e-02  P(det)@0.05 power_one_sided 1.000 power_two_sided 1.000 kurtosis 1.000 spec_cnn 1.000  (18s)
  JSR  +14.0 dB  BER 2.82e-02  P(det)@0.05 power_one_sided 1.000 power_two_sided 1.000 kurtosis 1.000 spec_cnn 1.000  (19s)
  JSR  +15.0 dB  BER 3.41e-02  P(det)@0.05 power_one_sided 1.000 power_two_sided 1.000 kurtosis 1.000 spec_cnn 1.000  (19s)
  [snr_5] spec_cnn_b1 confirmed: {"power_one_sided": {"0.01": {"index": 26, "sweep_ber": 0.000335693359375, "sweep_pdet": 0.013671875, "confirmed_ber": 0.00029087066650390625, "confirmed_ser": 0.0005817413330078125, "confirmed_pdet": 0.016845703125, "passed": false}, "0.05": {"index": 28, "sweep_ber": 0.0009613037109375, "sweep_pdet": 0.06640625, "confirmed_ber": 0.0008649826049804688, "confirmed_ser": 0.0017147064208984375, "confirmed_pdet": 0.09326171875, "passed": false}}, "power_two_sided": {"0.01": {"index": 27, "sweep_ber": 0.00048065185546875, "sweep_pdet": 0.017578125, "confirmed_ber": 0.0005626678466796875, "confirmed_ser": 0.0011234283447265625, "confirmed_pdet": 0.017333984375, "passed": false}, "0.05": {"index": 27, "sweep_ber": 0.00048065185546875, "sweep_pdet": 0.0625, "confirmed_ber": 0.0005512237548828125, "confirmed_ser": 0.0010986328125, "confirmed_pdet": 0.068115234375, "passed": false}}, "kurtosis": {"0.01": {"index": 26, "sweep_ber": 0.000335693359375, "sweep_pdet": 0.009765625, "confirmed_ber": 0.00029659271240234375, "confirmed_ser": 0.000591278076171875, "confirmed_pdet": 0.01318359375, "passed": false}, "0.05": {"index": 28, "sweep_ber": 0.0009613037109375, "sweep_pdet": 0.068359375, "confirmed_ber": 0.000904083251953125, "confirmed_ser": 0.001789093017578125, "confirmed_pdet": 0.07080078125, "passed": false}}, "spec_cnn": {"0.01": {"index": 40, "sweep_ber": 0.00530242919921875, "sweep_pdet": 0.015625, "confirmed_ber": 0.005068778991699219, "confirmed_ser": 0.008424758911132812, "confirmed_pdet": 0.021728515625, "passed": false}, "0.05": {"index": 37, "sweep_ber": 0.00414276123046875, "sweep_pdet": 0.044921875, "confirmed_ber": 0.004212379455566406, "confirmed_ser": 0.0071849822998046875, "confirmed_pdet": 0.064208984375, "passed": false}}}  (814s)
  [snr_5] generator spec_cnn_b10 (scale 1.0000)
    JSR  -50.0 dB  BER 0.00e+00  P(det)@0.05 power_one_sided 0.055 power_two_sided 0.045 kurtosis 0.043 spec_cnn 0.061  (0s)
    JSR  -49.0 dB  BER 0.00e+00  P(det)@0.05 power_one_sided 0.047 power_two_sided 0.061 kurtosis 0.045 spec_cnn 0.041  (1s)
    JSR  -48.0 dB  BER 0.00e+00  P(det)@0.05 power_one_sided 0.037 power_two_sided 0.049 kurtosis 0.043 spec_cnn 0.041  (1s)
    JSR  -47.0 dB  BER 0.00e+00  P(det)@0.05 power_one_sided 0.043 power_two_sided 0.049 kurtosis 0.045 spec_cnn 0.064  (1s)
    JSR  -46.0 dB  BER 0.00e+00  P(det)@0.05 power_one_sided 0.047 power_two_sided 0.043 kurtosis 0.053 spec_cnn 0.037  (1s)
    JSR  -45.0 dB  BER 7.63e-06  P(det)@0.05 power_one_sided 0.053 power_two_sided 0.041 kurtosis 0.064 spec_cnn 0.061  (2s)
    JSR  -44.0 dB  BER 0.00e+00  P(det)@0.05 power_one_sided 0.074 power_two_sided 0.057 kurtosis 0.059 spec_cnn 0.057  (2s)
    JSR  -43.0 dB  BER 0.00e+00  P(det)@0.05 power_one_sided 0.045 power_two_sided 0.047 kurtosis 0.049 spec_cnn 0.027  (2s)
    JSR  -42.0 dB  BER 0.00e+00  P(det)@0.05 power_one_sided 0.053 power_two_sided 0.051 kurtosis 0.045 spec_cnn 0.041  (3s)
    JSR  -41.0 dB  BER 0.00e+00  P(det)@0.05 power_one_sided 0.047 power_two_sided 0.045 kurtosis 0.047 spec_cnn 0.068  (3s)
    JSR  -40.0 dB  BER 0.00e+00  P(det)@0.05 power_one_sided 0.045 power_two_sided 0.045 kurtosis 0.047 spec_cnn 0.043  (3s)
    JSR  -39.0 dB  BER 0.00e+00  P(det)@0.05 power_one_sided 0.051 power_two_sided 0.031 kurtosis 0.072 spec_cnn 0.035  (3s)
    JSR  -38.0 dB  BER 0.00e+00  P(det)@0.05 power_one_sided 0.070 power_two_sided 0.068 kurtosis 0.033 spec_cnn 0.049  (4s)
    JSR  -37.0 dB  BER 0.00e+00  P(det)@0.05 power_one_sided 0.068 power_two_sided 0.059 kurtosis 0.037 spec_cnn 0.051  (4s)
    JSR  -36.0 dB  BER 0.00e+00  P(det)@0.05 power_one_sided 0.062 power_two_sided 0.057 kurtosis 0.055 spec_cnn 0.047  (4s)
    JSR  -35.0 dB  BER 0.00e+00  P(det)@0.05 power_one_sided 0.053 power_two_sided 0.062 kurtosis 0.059 spec_cnn 0.039  (5s)
    JSR  -34.0 dB  BER 0.00e+00  P(det)@0.05 power_one_sided 0.043 power_two_sided 0.033 kurtosis 0.039 spec_cnn 0.062  (5s)
    JSR  -33.0 dB  BER 0.00e+00  P(det)@0.05 power_one_sided 0.047 power_two_sided 0.047 kurtosis 0.051 spec_cnn 0.029  (5s)
    JSR  -32.0 dB  BER 0.00e+00  P(det)@0.05 power_one_sided 0.068 power_two_sided 0.051 kurtosis 0.045 spec_cnn 0.051  (5s)
    JSR  -31.0 dB  BER 0.00e+00  P(det)@0.05 power_one_sided 0.041 power_two_sided 0.041 kurtosis 0.047 spec_cnn 0.057  (6s)
    JSR  -30.0 dB  BER 0.00e+00  P(det)@0.05 power_one_sided 0.051 power_two_sided 0.049 kurtosis 0.057 spec_cnn 0.047  (6s)
    JSR  -29.0 dB  BER 0.00e+00  P(det)@0.05 power_one_sided 0.047 power_two_sided 0.061 kurtosis 0.059 spec_cnn 0.057  (6s)
    JSR  -28.0 dB  BER 3.05e-05  P(det)@0.05 power_one_sided 0.037 power_two_sided 0.043 kurtosis 0.051 spec_cnn 0.053  (7s)
    JSR  -27.0 dB  BER 4.58e-05  P(det)@0.05 power_one_sided 0.051 power_two_sided 0.047 kurtosis 0.059 spec_cnn 0.057  (7s)
    JSR  -26.0 dB  BER 7.63e-05  P(det)@0.05 power_one_sided 0.072 power_two_sided 0.055 kurtosis 0.043 spec_cnn 0.059  (7s)
    JSR  -25.0 dB  BER 1.07e-04  P(det)@0.05 power_one_sided 0.068 power_two_sided 0.062 kurtosis 0.059 spec_cnn 0.047  (7s)
    JSR  -24.0 dB  BER 3.05e-04  P(det)@0.05 power_one_sided 0.074 power_two_sided 0.043 kurtosis 0.053 spec_cnn 0.047  (8s)
    JSR  -23.0 dB  BER 6.94e-04  P(det)@0.05 power_one_sided 0.092 power_two_sided 0.070 kurtosis 0.053 spec_cnn 0.053  (8s)
    JSR  -22.0 dB  BER 8.39e-04  P(det)@0.05 power_one_sided 0.098 power_two_sided 0.086 kurtosis 0.100 spec_cnn 0.051  (8s)
    JSR  -21.0 dB  BER 1.24e-03  P(det)@0.05 power_one_sided 0.117 power_two_sided 0.088 kurtosis 0.098 spec_cnn 0.057  (9s)
    JSR  -20.0 dB  BER 1.87e-03  P(det)@0.05 power_one_sided 0.121 power_two_sided 0.094 kurtosis 0.088 spec_cnn 0.057  (9s)
    JSR  -19.0 dB  BER 2.07e-03  P(det)@0.05 power_one_sided 0.164 power_two_sided 0.117 kurtosis 0.135 spec_cnn 0.057  (9s)
    JSR  -18.0 dB  BER 2.43e-03  P(det)@0.05 power_one_sided 0.176 power_two_sided 0.117 kurtosis 0.221 spec_cnn 0.082  (9s)
    JSR  -17.0 dB  BER 3.04e-03  P(det)@0.05 power_one_sided 0.203 power_two_sided 0.156 kurtosis 0.229 spec_cnn 0.047  (10s)
    JSR  -16.0 dB  BER 3.24e-03  P(det)@0.05 power_one_sided 0.305 power_two_sided 0.223 kurtosis 0.377 spec_cnn 0.055  (10s)
    JSR  -15.0 dB  BER 3.68e-03  P(det)@0.05 power_one_sided 0.375 power_two_sided 0.277 kurtosis 0.459 spec_cnn 0.068  (10s)
    JSR  -14.0 dB  BER 4.09e-03  P(det)@0.05 power_one_sided 0.410 power_two_sided 0.309 kurtosis 0.568 spec_cnn 0.062  (11s)
    JSR  -13.0 dB  BER 4.48e-03  P(det)@0.05 power_one_sided 0.564 power_two_sided 0.467 kurtosis 0.645 spec_cnn 0.078  (11s)
    JSR  -12.0 dB  BER 4.58e-03  P(det)@0.05 power_one_sided 0.635 power_two_sided 0.570 kurtosis 0.781 spec_cnn 0.074  (11s)
    JSR  -11.0 dB  BER 4.75e-03  P(det)@0.05 power_one_sided 0.797 power_two_sided 0.736 kurtosis 0.873 spec_cnn 0.084  (11s)
    JSR  -10.0 dB  BER 5.20e-03  P(det)@0.05 power_one_sided 0.863 power_two_sided 0.816 kurtosis 0.943 spec_cnn 0.104  (12s)
    JSR   -9.0 dB  BER 5.20e-03  P(det)@0.05 power_one_sided 0.959 power_two_sided 0.936 kurtosis 0.994 spec_cnn 0.096  (12s)
    JSR   -8.0 dB  BER 5.91e-03  P(det)@0.05 power_one_sided 0.992 power_two_sided 0.982 kurtosis 1.000 spec_cnn 0.154  (12s)
    JSR   -7.0 dB  BER 6.43e-03  P(det)@0.05 power_one_sided 0.996 power_two_sided 0.994 kurtosis 1.000 spec_cnn 0.193  (13s)
    JSR   -6.0 dB  BER 7.01e-03  P(det)@0.05 power_one_sided 1.000 power_two_sided 1.000 kurtosis 1.000 spec_cnn 0.262  (13s)
    JSR   -5.0 dB  BER 7.90e-03  P(det)@0.05 power_one_sided 1.000 power_two_sided 1.000 kurtosis 1.000 spec_cnn 0.320  (13s)
    JSR   -4.0 dB  BER 8.17e-03  P(det)@0.05 power_one_sided 1.000 power_two_sided 1.000 kurtosis 1.000 spec_cnn 0.375  (13s)
    JSR   -3.0 dB  BER 9.09e-03  P(det)@0.05 power_one_sided 1.000 power_two_sided 1.000 kurtosis 1.000 spec_cnn 0.506  (14s)
    JSR   -2.0 dB  BER 9.24e-03  P(det)@0.05 power_one_sided 1.000 power_two_sided 1.000 kurtosis 1.000 spec_cnn 0.645  (14s)
    JSR   -1.0 dB  BER 1.04e-02  P(det)@0.05 power_one_sided 1.000 power_two_sided 1.000 kurtosis 1.000 spec_cnn 0.742  (14s)
    JSR   +0.0 dB  BER 1.07e-02  P(det)@0.05 power_one_sided 1.000 power_two_sided 1.000 kurtosis 1.000 spec_cnn 0.803  (15s)
    JSR   +1.0 dB  BER 1.16e-02  P(det)@0.05 power_one_sided 1.000 power_two_sided 1.000 kurtosis 1.000 spec_cnn 0.861  (15s)
    JSR   +2.0 dB  BER 1.28e-02  P(det)@0.05 power_one_sided 1.000 power_two_sided 1.000 kurtosis 1.000 spec_cnn 0.918  (15s)
    JSR   +3.0 dB  BER 1.36e-02  P(det)@0.05 power_one_sided 1.000 power_two_sided 1.000 kurtosis 1.000 spec_cnn 0.938  (15s)
    JSR   +4.0 dB  BER 1.35e-02  P(det)@0.05 power_one_sided 1.000 power_two_sided 1.000 kurtosis 1.000 spec_cnn 0.982  (16s)
    JSR   +5.0 dB  BER 1.41e-02  P(det)@0.05 power_one_sided 1.000 power_two_sided 1.000 kurtosis 1.000 spec_cnn 0.996  (16s)
    JSR   +6.0 dB  BER 1.54e-02  P(det)@0.05 power_one_sided 1.000 power_two_sided 1.000 kurtosis 1.000 spec_cnn 0.994  (16s)
    JSR   +7.0 dB  BER 1.59e-02  P(det)@0.05 power_one_sided 1.000 power_two_sided 1.000 kurtosis 1.000 spec_cnn 0.996  (17s)
    JSR   +8.0 dB  BER 1.69e-02  P(det)@0.05 power_one_sided 1.000 power_two_sided 1.000 kurtosis 1.000 spec_cnn 0.998  (17s)
    JSR   +9.0 dB  BER 1.74e-02  P(det)@0.05 power_one_sided 1.000 power_two_sided 1.000 kurtosis 1.000 spec_cnn 1.000  (17s)
    JSR  +10.0 dB  BER 1.84e-02  P(det)@0.05 power_one_sided 1.000 power_two_sided 1.000 kurtosis 1.000 spec_cnn 1.000  (18s)
    JSR  +11.0 dB  BER 1.91e-02  P(det)@0.05 power_one_sided 1.000 power_two_sided 1.000 kurtosis 1.000 spec_cnn 1.000  (18s)
    JSR  +12.0 dB  BER 2.10e-02  P(det)@0.05 power_one_sided 1.000 power_two_sided 1.000 kurtosis 1.000 spec_cnn 1.000  (18s)
    JSR  +13.0 dB  BER 2.20e-02  P(det)@0.05 power_one_sided 1.000 power_two_sided 1.000 kurtosis 1.000 spec_cnn 1.000  (18s)
    JSR  +14.0 dB  BER 2.30e-02  P(det)@0.05 power_one_sided 1.000 power_two_sided 1.000 kurtosis 1.000 spec_cnn 1.000  (19s)
    JSR  +15.0 dB  BER 2.64e-02  P(det)@0.05 power_one_sided 1.000 power_two_sided 1.000 kurtosis 1.000 spec_cnn 1.000  (19s)
  [snr_5] spec_cnn_b10 confirmed: {"power_one_sided": {"0.01": {"index": 26, "sweep_ber": 0.00030517578125, "sweep_pdet": 0.0078125, "confirmed_ber": 0.00032806396484375, "confirmed_ser": 0.0006561279296875, "confirmed_pdet": 0.014404296875, "passed": false}, "0.05": {"index": 25, "sweep_ber": 0.0001068115234375, "sweep_pdet": 0.068359375, "confirmed_ber": 0.00016689300537109375, "confirmed_ser": 0.0003337860107421875, "confirmed_pdet": 0.0615234375, "passed": false}}, "power_two_sided": {"0.01": {"index": 28, "sweep_ber": 0.0008392333984375, "sweep_pdet": 0.015625, "confirmed_ber": 0.0008955001831054688, "confirmed_ser": 0.001781463623046875, "confirmed_pdet": 0.016357421875, "passed": false}, "0.05": {"index": 26, "sweep_ber": 0.00030517578125, "sweep_pdet": 0.04296875, "confirmed_ber": 0.00030803680419921875, "confirmed_ser": 0.0006160736083984375, "confirmed_pdet": 0.05859375, "passed": false}}, "kurtosis": {"0.01": {"index": 27, "sweep_ber": 0.00069427490234375, "sweep_pdet": 0.013671875, "confirmed_ber": 0.0005626678466796875, "confirmed_ser": 0.0011234283447265625, "confirmed_pdet": 0.01318359375, "passed": false}, "0.05": {"index": 27, "sweep_ber": 0.00069427490234375, "sweep_pdet": 0.052734375, "confirmed_ber": 0.0006132125854492188, "confirmed_ser": 0.001220703125, "confirmed_pdet": 0.057861328125, "passed": false}}, "spec_cnn": {"0.01": {"index": 38, "sweep_ber": 0.00457763671875, "sweep_pdet": 0.013671875, "confirmed_ber": 0.004504203796386719, "confirmed_ser": 0.0075435638427734375, "confirmed_pdet": 0.01708984375, "passed": false}, "0.05": {"index": 36, "sweep_ber": 0.00408935546875, "sweep_pdet": 0.0625, "confirmed_ber": 0.003916740417480469, "confirmed_ser": 0.006763458251953125, "confirmed_pdet": 0.0751953125, "passed": false}}}  (852s)
  [snr_5] generator spec_cnn_b100 (scale 1.0000)
  JSR  -50.0 dB  BER 0.00e+00  P(det)@0.05 power_one_sided 0.055 power_two_sided 0.047 kurtosis 0.043 spec_cnn 0.041  (0s)
  JSR  -49.0 dB  BER 0.00e+00  P(det)@0.05 power_one_sided 0.041 power_two_sided 0.043 kurtosis 0.061 spec_cnn 0.041  (1s)
  JSR  -48.0 dB  BER 0.00e+00  P(det)@0.05 power_one_sided 0.041 power_two_sided 0.047 kurtosis 0.053 spec_cnn 0.041  (1s)
  JSR  -47.0 dB  BER 0.00e+00  P(det)@0.05 power_one_sided 0.057 power_two_sided 0.041 kurtosis 0.049 spec_cnn 0.059  (1s)
  JSR  -46.0 dB  BER 0.00e+00  P(det)@0.05 power_one_sided 0.047 power_two_sided 0.055 kurtosis 0.045 spec_cnn 0.047  (1s)
  JSR  -45.0 dB  BER 0.00e+00  P(det)@0.05 power_one_sided 0.039 power_two_sided 0.035 kurtosis 0.033 spec_cnn 0.029  (2s)
  JSR  -44.0 dB  BER 7.63e-06  P(det)@0.05 power_one_sided 0.045 power_two_sided 0.035 kurtosis 0.049 spec_cnn 0.055  (2s)
  JSR  -43.0 dB  BER 0.00e+00  P(det)@0.05 power_one_sided 0.061 power_two_sided 0.051 kurtosis 0.053 spec_cnn 0.059  (2s)
  JSR  -42.0 dB  BER 0.00e+00  P(det)@0.05 power_one_sided 0.074 power_two_sided 0.066 kurtosis 0.051 spec_cnn 0.066  (3s)
  JSR  -41.0 dB  BER 0.00e+00  P(det)@0.05 power_one_sided 0.045 power_two_sided 0.059 kurtosis 0.037 spec_cnn 0.033  (3s)
  JSR  -40.0 dB  BER 0.00e+00  P(det)@0.05 power_one_sided 0.037 power_two_sided 0.037 kurtosis 0.049 spec_cnn 0.043  (3s)
  JSR  -39.0 dB  BER 0.00e+00  P(det)@0.05 power_one_sided 0.045 power_two_sided 0.041 kurtosis 0.043 spec_cnn 0.053  (3s)
  JSR  -38.0 dB  BER 0.00e+00  P(det)@0.05 power_one_sided 0.045 power_two_sided 0.049 kurtosis 0.045 spec_cnn 0.045  (4s)
  JSR  -37.0 dB  BER 0.00e+00  P(det)@0.05 power_one_sided 0.055 power_two_sided 0.062 kurtosis 0.051 spec_cnn 0.061  (4s)
  JSR  -36.0 dB  BER 0.00e+00  P(det)@0.05 power_one_sided 0.045 power_two_sided 0.047 kurtosis 0.039 spec_cnn 0.039  (4s)
  JSR  -35.0 dB  BER 0.00e+00  P(det)@0.05 power_one_sided 0.041 power_two_sided 0.043 kurtosis 0.061 spec_cnn 0.070  (5s)
  JSR  -34.0 dB  BER 0.00e+00  P(det)@0.05 power_one_sided 0.035 power_two_sided 0.039 kurtosis 0.064 spec_cnn 0.027  (5s)
  JSR  -33.0 dB  BER 0.00e+00  P(det)@0.05 power_one_sided 0.057 power_two_sided 0.043 kurtosis 0.035 spec_cnn 0.045  (5s)
  JSR  -32.0 dB  BER 0.00e+00  P(det)@0.05 power_one_sided 0.045 power_two_sided 0.041 kurtosis 0.049 spec_cnn 0.047  (5s)
  JSR  -31.0 dB  BER 0.00e+00  P(det)@0.05 power_one_sided 0.068 power_two_sided 0.049 kurtosis 0.051 spec_cnn 0.049  (6s)
  JSR  -30.0 dB  BER 0.00e+00  P(det)@0.05 power_one_sided 0.057 power_two_sided 0.057 kurtosis 0.037 spec_cnn 0.045  (6s)
  JSR  -29.0 dB  BER 0.00e+00  P(det)@0.05 power_one_sided 0.049 power_two_sided 0.051 kurtosis 0.074 spec_cnn 0.049  (6s)
  JSR  -28.0 dB  BER 0.00e+00  P(det)@0.05 power_one_sided 0.057 power_two_sided 0.047 kurtosis 0.066 spec_cnn 0.062  (7s)
  JSR  -27.0 dB  BER 3.81e-05  P(det)@0.05 power_one_sided 0.059 power_two_sided 0.047 kurtosis 0.051 spec_cnn 0.047  (7s)
  JSR  -26.0 dB  BER 2.29e-05  P(det)@0.05 power_one_sided 0.066 power_two_sided 0.055 kurtosis 0.047 spec_cnn 0.053  (7s)
  JSR  -25.0 dB  BER 9.16e-05  P(det)@0.05 power_one_sided 0.068 power_two_sided 0.049 kurtosis 0.053 spec_cnn 0.055  (7s)
  JSR  -24.0 dB  BER 1.68e-04  P(det)@0.05 power_one_sided 0.072 power_two_sided 0.062 kurtosis 0.049 spec_cnn 0.062  (8s)
  JSR  -23.0 dB  BER 3.81e-04  P(det)@0.05 power_one_sided 0.098 power_two_sided 0.072 kurtosis 0.062 spec_cnn 0.047  (8s)
  JSR  -22.0 dB  BER 5.26e-04  P(det)@0.05 power_one_sided 0.086 power_two_sided 0.064 kurtosis 0.068 spec_cnn 0.055  (8s)
  JSR  -21.0 dB  BER 9.31e-04  P(det)@0.05 power_one_sided 0.105 power_two_sided 0.062 kurtosis 0.076 spec_cnn 0.053  (9s)
  JSR  -20.0 dB  BER 1.22e-03  P(det)@0.05 power_one_sided 0.094 power_two_sided 0.055 kurtosis 0.064 spec_cnn 0.061  (9s)
  JSR  -19.0 dB  BER 1.71e-03  P(det)@0.05 power_one_sided 0.164 power_two_sided 0.105 kurtosis 0.100 spec_cnn 0.047  (9s)
  JSR  -18.0 dB  BER 2.02e-03  P(det)@0.05 power_one_sided 0.176 power_two_sided 0.121 kurtosis 0.104 spec_cnn 0.061  (9s)
  JSR  -17.0 dB  BER 2.48e-03  P(det)@0.05 power_one_sided 0.213 power_two_sided 0.141 kurtosis 0.176 spec_cnn 0.051  (10s)
  JSR  -16.0 dB  BER 2.77e-03  P(det)@0.05 power_one_sided 0.281 power_two_sided 0.199 kurtosis 0.248 spec_cnn 0.088  (10s)
  JSR  -15.0 dB  BER 3.14e-03  P(det)@0.05 power_one_sided 0.367 power_two_sided 0.281 kurtosis 0.367 spec_cnn 0.070  (10s)
  JSR  -14.0 dB  BER 3.67e-03  P(det)@0.05 power_one_sided 0.426 power_two_sided 0.342 kurtosis 0.457 spec_cnn 0.064  (11s)
  JSR  -13.0 dB  BER 3.88e-03  P(det)@0.05 power_one_sided 0.576 power_two_sided 0.508 kurtosis 0.586 spec_cnn 0.086  (11s)
  JSR  -12.0 dB  BER 4.30e-03  P(det)@0.05 power_one_sided 0.695 power_two_sided 0.611 kurtosis 0.680 spec_cnn 0.105  (11s)
  JSR  -11.0 dB  BER 4.40e-03  P(det)@0.05 power_one_sided 0.822 power_two_sided 0.746 kurtosis 0.775 spec_cnn 0.117  (11s)
  JSR  -10.0 dB  BER 4.95e-03  P(det)@0.05 power_one_sided 0.910 power_two_sided 0.879 kurtosis 0.863 spec_cnn 0.156  (12s)
  JSR   -9.0 dB  BER 5.25e-03  P(det)@0.05 power_one_sided 0.986 power_two_sided 0.963 kurtosis 0.955 spec_cnn 0.176  (12s)
  JSR   -8.0 dB  BER 5.93e-03  P(det)@0.05 power_one_sided 0.998 power_two_sided 0.996 kurtosis 0.990 spec_cnn 0.264  (12s)
  JSR   -7.0 dB  BER 6.62e-03  P(det)@0.05 power_one_sided 1.000 power_two_sided 1.000 kurtosis 1.000 spec_cnn 0.316  (13s)
  JSR   -6.0 dB  BER 7.31e-03  P(det)@0.05 power_one_sided 1.000 power_two_sided 1.000 kurtosis 1.000 spec_cnn 0.424  (13s)
  JSR   -5.0 dB  BER 8.07e-03  P(det)@0.05 power_one_sided 1.000 power_two_sided 1.000 kurtosis 1.000 spec_cnn 0.543  (13s)
  JSR   -4.0 dB  BER 9.08e-03  P(det)@0.05 power_one_sided 1.000 power_two_sided 1.000 kurtosis 1.000 spec_cnn 0.689  (13s)
  JSR   -3.0 dB  BER 9.15e-03  P(det)@0.05 power_one_sided 1.000 power_two_sided 1.000 kurtosis 1.000 spec_cnn 0.828  (14s)
  JSR   -2.0 dB  BER 1.05e-02  P(det)@0.05 power_one_sided 1.000 power_two_sided 1.000 kurtosis 1.000 spec_cnn 0.928  (14s)
  JSR   -1.0 dB  BER 1.07e-02  P(det)@0.05 power_one_sided 1.000 power_two_sided 1.000 kurtosis 1.000 spec_cnn 0.965  (14s)
  JSR   +0.0 dB  BER 1.20e-02  P(det)@0.05 power_one_sided 1.000 power_two_sided 1.000 kurtosis 1.000 spec_cnn 0.990  (15s)
  JSR   +1.0 dB  BER 1.27e-02  P(det)@0.05 power_one_sided 1.000 power_two_sided 1.000 kurtosis 1.000 spec_cnn 1.000  (15s)
  JSR   +2.0 dB  BER 1.39e-02  P(det)@0.05 power_one_sided 1.000 power_two_sided 1.000 kurtosis 1.000 spec_cnn 1.000  (15s)
  JSR   +3.0 dB  BER 1.45e-02  P(det)@0.05 power_one_sided 1.000 power_two_sided 1.000 kurtosis 1.000 spec_cnn 1.000  (15s)
  JSR   +4.0 dB  BER 1.60e-02  P(det)@0.05 power_one_sided 1.000 power_two_sided 1.000 kurtosis 1.000 spec_cnn 1.000  (16s)
  JSR   +5.0 dB  BER 1.70e-02  P(det)@0.05 power_one_sided 1.000 power_two_sided 1.000 kurtosis 1.000 spec_cnn 1.000  (16s)
  JSR   +6.0 dB  BER 1.99e-02  P(det)@0.05 power_one_sided 1.000 power_two_sided 1.000 kurtosis 1.000 spec_cnn 1.000  (16s)
  JSR   +7.0 dB  BER 2.08e-02  P(det)@0.05 power_one_sided 1.000 power_two_sided 1.000 kurtosis 1.000 spec_cnn 1.000  (17s)
  JSR   +8.0 dB  BER 2.38e-02  P(det)@0.05 power_one_sided 1.000 power_two_sided 1.000 kurtosis 1.000 spec_cnn 1.000  (17s)
  JSR   +9.0 dB  BER 2.60e-02  P(det)@0.05 power_one_sided 1.000 power_two_sided 1.000 kurtosis 1.000 spec_cnn 1.000  (17s)
  JSR  +10.0 dB  BER 2.99e-02  P(det)@0.05 power_one_sided 1.000 power_two_sided 1.000 kurtosis 1.000 spec_cnn 1.000  (17s)
  JSR  +11.0 dB  BER 3.39e-02  P(det)@0.05 power_one_sided 1.000 power_two_sided 1.000 kurtosis 1.000 spec_cnn 1.000  (18s)
  JSR  +12.0 dB  BER 3.78e-02  P(det)@0.05 power_one_sided 1.000 power_two_sided 1.000 kurtosis 1.000 spec_cnn 1.000  (18s)
  JSR  +13.0 dB  BER 4.24e-02  P(det)@0.05 power_one_sided 1.000 power_two_sided 1.000 kurtosis 1.000 spec_cnn 1.000  (18s)
  JSR  +14.0 dB  BER 4.79e-02  P(det)@0.05 power_one_sided 1.000 power_two_sided 1.000 kurtosis 1.000 spec_cnn 1.000  (19s)
  JSR  +15.0 dB  BER 5.29e-02  P(det)@0.05 power_one_sided 1.000 power_two_sided 1.000 kurtosis 1.000 spec_cnn 1.000  (19s)
  [snr_5] spec_cnn_b100 confirmed: {"power_one_sided": {"0.01": {"index": 30, "sweep_ber": 0.001220703125, "sweep_pdet": 0.015625, "confirmed_ber": 0.001277923583984375, "confirmed_ser": 0.0025177001953125, "confirmed_pdet": 0.0283203125, "passed": false}, "0.05": {"index": 25, "sweep_ber": 9.1552734375e-05, "sweep_pdet": 0.068359375, "confirmed_ber": 7.724761962890625e-05, "confirmed_ser": 0.0001544952392578125, "confirmed_pdet": 0.06494140625, "passed": false}}, "power_two_sided": {"0.01": {"index": 30, "sweep_ber": 0.001220703125, "sweep_pdet": 0.01171875, "confirmed_ber": 0.0012683868408203125, "confirmed_ser": 0.002506256103515625, "confirmed_pdet": 0.018310546875, "passed": false}, "0.05": {"index": 30, "sweep_ber": 0.001220703125, "sweep_pdet": 0.0546875, "confirmed_ber": 0.0012531280517578125, "confirmed_ser": 0.002468109130859375, "confirmed_pdet": 0.086181640625, "passed": false}}, "kurtosis": {"0.01": {"index": 29, "sweep_ber": 0.0009307861328125, "sweep_pdet": 0.017578125, "confirmed_ber": 0.0008668899536132812, "confirmed_ser": 0.001720428466796875, "confirmed_pdet": 0.01708984375, "passed": false}, "0.05": {"index": 30, "sweep_ber": 0.001220703125, "sweep_pdet": 0.064453125, "confirmed_ber": 0.0012655258178710938, "confirmed_ser": 0.00247955322265625, "confirmed_pdet": 0.080078125, "passed": false}}, "spec_cnn": {"0.01": {"index": 38, "sweep_ber": 0.004302978515625, "sweep_pdet": 0.017578125, "confirmed_ber": 0.004126548767089844, "confirmed_ser": 0.0071125030517578125, "confirmed_pdet": 0.025634765625, "passed": false}, "0.05": {"index": 36, "sweep_ber": 0.00366973876953125, "sweep_pdet": 0.064453125, "confirmed_ber": 0.0034799575805664062, "confirmed_ser": 0.0060977935791015625, "confirmed_pdet": 0.074951171875, "passed": false}}}  (889s)
  [snr_5] generator spec_cnn_b1000 (scale 1.0000)
  JSR  -50.0 dB  BER 0.00e+00  P(det)@0.05 power_one_sided 0.062 power_two_sided 0.057 kurtosis 0.047 spec_cnn 0.051  (0s)
  JSR  -49.0 dB  BER 0.00e+00  P(det)@0.05 power_one_sided 0.072 power_two_sided 0.049 kurtosis 0.047 spec_cnn 0.045  (1s)
  JSR  -48.0 dB  BER 0.00e+00  P(det)@0.05 power_one_sided 0.055 power_two_sided 0.061 kurtosis 0.064 spec_cnn 0.059  (1s)
  JSR  -47.0 dB  BER 0.00e+00  P(det)@0.05 power_one_sided 0.051 power_two_sided 0.037 kurtosis 0.049 spec_cnn 0.027  (1s)
  JSR  -46.0 dB  BER 0.00e+00  P(det)@0.05 power_one_sided 0.049 power_two_sided 0.051 kurtosis 0.049 spec_cnn 0.064  (1s)
  JSR  -45.0 dB  BER 0.00e+00  P(det)@0.05 power_one_sided 0.062 power_two_sided 0.062 kurtosis 0.049 spec_cnn 0.059  (2s)
  JSR  -44.0 dB  BER 0.00e+00  P(det)@0.05 power_one_sided 0.061 power_two_sided 0.068 kurtosis 0.045 spec_cnn 0.031  (2s)
  JSR  -43.0 dB  BER 0.00e+00  P(det)@0.05 power_one_sided 0.055 power_two_sided 0.057 kurtosis 0.061 spec_cnn 0.047  (2s)
  JSR  -42.0 dB  BER 0.00e+00  P(det)@0.05 power_one_sided 0.051 power_two_sided 0.049 kurtosis 0.064 spec_cnn 0.053  (3s)
  JSR  -41.0 dB  BER 0.00e+00  P(det)@0.05 power_one_sided 0.057 power_two_sided 0.059 kurtosis 0.049 spec_cnn 0.061  (3s)
  JSR  -40.0 dB  BER 0.00e+00  P(det)@0.05 power_one_sided 0.062 power_two_sided 0.057 kurtosis 0.031 spec_cnn 0.059  (3s)
  JSR  -39.0 dB  BER 0.00e+00  P(det)@0.05 power_one_sided 0.076 power_two_sided 0.057 kurtosis 0.041 spec_cnn 0.053  (3s)
  JSR  -38.0 dB  BER 7.63e-06  P(det)@0.05 power_one_sided 0.047 power_two_sided 0.043 kurtosis 0.053 spec_cnn 0.053  (4s)
  JSR  -37.0 dB  BER 7.63e-06  P(det)@0.05 power_one_sided 0.045 power_two_sided 0.045 kurtosis 0.039 spec_cnn 0.037  (4s)
  JSR  -36.0 dB  BER 0.00e+00  P(det)@0.05 power_one_sided 0.043 power_two_sided 0.047 kurtosis 0.051 spec_cnn 0.057  (4s)
  JSR  -35.0 dB  BER 0.00e+00  P(det)@0.05 power_one_sided 0.039 power_two_sided 0.031 kurtosis 0.033 spec_cnn 0.062  (5s)
  JSR  -34.0 dB  BER 0.00e+00  P(det)@0.05 power_one_sided 0.057 power_two_sided 0.055 kurtosis 0.057 spec_cnn 0.051  (5s)
  JSR  -33.0 dB  BER 0.00e+00  P(det)@0.05 power_one_sided 0.066 power_two_sided 0.055 kurtosis 0.041 spec_cnn 0.051  (5s)
  JSR  -32.0 dB  BER 0.00e+00  P(det)@0.05 power_one_sided 0.041 power_two_sided 0.039 kurtosis 0.039 spec_cnn 0.039  (5s)
  JSR  -31.0 dB  BER 0.00e+00  P(det)@0.05 power_one_sided 0.059 power_two_sided 0.053 kurtosis 0.057 spec_cnn 0.037  (6s)
  JSR  -30.0 dB  BER 0.00e+00  P(det)@0.05 power_one_sided 0.047 power_two_sided 0.057 kurtosis 0.051 spec_cnn 0.062  (6s)
  JSR  -29.0 dB  BER 0.00e+00  P(det)@0.05 power_one_sided 0.025 power_two_sided 0.037 kurtosis 0.039 spec_cnn 0.051  (6s)
  JSR  -28.0 dB  BER 0.00e+00  P(det)@0.05 power_one_sided 0.037 power_two_sided 0.033 kurtosis 0.051 spec_cnn 0.049  (7s)
  JSR  -27.0 dB  BER 0.00e+00  P(det)@0.05 power_one_sided 0.062 power_two_sided 0.061 kurtosis 0.061 spec_cnn 0.047  (7s)
  JSR  -26.0 dB  BER 0.00e+00  P(det)@0.05 power_one_sided 0.061 power_two_sided 0.037 kurtosis 0.068 spec_cnn 0.057  (7s)
  JSR  -25.0 dB  BER 0.00e+00  P(det)@0.05 power_one_sided 0.076 power_two_sided 0.053 kurtosis 0.068 spec_cnn 0.082  (7s)
  JSR  -24.0 dB  BER 0.00e+00  P(det)@0.05 power_one_sided 0.070 power_two_sided 0.068 kurtosis 0.061 spec_cnn 0.053  (8s)
  JSR  -23.0 dB  BER 0.00e+00  P(det)@0.05 power_one_sided 0.094 power_two_sided 0.066 kurtosis 0.049 spec_cnn 0.072  (8s)
  JSR  -22.0 dB  BER 0.00e+00  P(det)@0.05 power_one_sided 0.100 power_two_sided 0.059 kurtosis 0.055 spec_cnn 0.059  (8s)
  JSR  -21.0 dB  BER 0.00e+00  P(det)@0.05 power_one_sided 0.092 power_two_sided 0.062 kurtosis 0.062 spec_cnn 0.064  (9s)
  JSR  -20.0 dB  BER 0.00e+00  P(det)@0.05 power_one_sided 0.102 power_two_sided 0.059 kurtosis 0.072 spec_cnn 0.059  (9s)
  JSR  -19.0 dB  BER 0.00e+00  P(det)@0.05 power_one_sided 0.143 power_two_sided 0.115 kurtosis 0.047 spec_cnn 0.064  (9s)
  JSR  -18.0 dB  BER 0.00e+00  P(det)@0.05 power_one_sided 0.160 power_two_sided 0.109 kurtosis 0.068 spec_cnn 0.066  (9s)
  JSR  -17.0 dB  BER 0.00e+00  P(det)@0.05 power_one_sided 0.238 power_two_sided 0.174 kurtosis 0.066 spec_cnn 0.074  (10s)
  JSR  -16.0 dB  BER 0.00e+00  P(det)@0.05 power_one_sided 0.295 power_two_sided 0.215 kurtosis 0.098 spec_cnn 0.090  (10s)
  JSR  -15.0 dB  BER 0.00e+00  P(det)@0.05 power_one_sided 0.449 power_two_sided 0.328 kurtosis 0.090 spec_cnn 0.105  (10s)
  JSR  -14.0 dB  BER 0.00e+00  P(det)@0.05 power_one_sided 0.564 power_two_sided 0.424 kurtosis 0.100 spec_cnn 0.135  (11s)
  JSR  -13.0 dB  BER 0.00e+00  P(det)@0.05 power_one_sided 0.705 power_two_sided 0.586 kurtosis 0.117 spec_cnn 0.178  (11s)
  JSR  -12.0 dB  BER 0.00e+00  P(det)@0.05 power_one_sided 0.848 power_two_sided 0.768 kurtosis 0.150 spec_cnn 0.219  (11s)
  JSR  -11.0 dB  BER 1.53e-05  P(det)@0.05 power_one_sided 0.953 power_two_sided 0.926 kurtosis 0.201 spec_cnn 0.258  (11s)
  JSR  -10.0 dB  BER 1.53e-05  P(det)@0.05 power_one_sided 0.994 power_two_sided 0.988 kurtosis 0.230 spec_cnn 0.309  (12s)
  JSR   -9.0 dB  BER 8.39e-05  P(det)@0.05 power_one_sided 1.000 power_two_sided 0.998 kurtosis 0.289 spec_cnn 0.449  (12s)
  JSR   -8.0 dB  BER 2.44e-04  P(det)@0.05 power_one_sided 1.000 power_two_sided 1.000 kurtosis 0.371 spec_cnn 0.512  (12s)
  JSR   -7.0 dB  BER 3.36e-04  P(det)@0.05 power_one_sided 1.000 power_two_sided 1.000 kurtosis 0.424 spec_cnn 0.646  (13s)
  JSR   -6.0 dB  BER 4.81e-04  P(det)@0.05 power_one_sided 1.000 power_two_sided 1.000 kurtosis 0.512 spec_cnn 0.738  (13s)
  JSR   -5.0 dB  BER 9.16e-04  P(det)@0.05 power_one_sided 1.000 power_two_sided 1.000 kurtosis 0.574 spec_cnn 0.865  (13s)
  JSR   -4.0 dB  BER 1.40e-03  P(det)@0.05 power_one_sided 1.000 power_two_sided 1.000 kurtosis 0.568 spec_cnn 0.912  (13s)
  JSR   -3.0 dB  BER 2.32e-03  P(det)@0.05 power_one_sided 1.000 power_two_sided 1.000 kurtosis 0.588 spec_cnn 0.965  (14s)
  JSR   -2.0 dB  BER 3.60e-03  P(det)@0.05 power_one_sided 1.000 power_two_sided 1.000 kurtosis 0.533 spec_cnn 0.977  (14s)
  JSR   -1.0 dB  BER 5.53e-03  P(det)@0.05 power_one_sided 1.000 power_two_sided 1.000 kurtosis 0.469 spec_cnn 0.992  (14s)
  JSR   +0.0 dB  BER 9.01e-03  P(det)@0.05 power_one_sided 1.000 power_two_sided 1.000 kurtosis 0.363 spec_cnn 0.998  (15s)
  JSR   +1.0 dB  BER 1.55e-02  P(det)@0.05 power_one_sided 1.000 power_two_sided 1.000 kurtosis 0.430 spec_cnn 1.000  (15s)
  JSR   +2.0 dB  BER 2.40e-02  P(det)@0.05 power_one_sided 1.000 power_two_sided 1.000 kurtosis 0.535 spec_cnn 1.000  (15s)
  JSR   +3.0 dB  BER 3.59e-02  P(det)@0.05 power_one_sided 1.000 power_two_sided 1.000 kurtosis 0.582 spec_cnn 1.000  (15s)
  JSR   +4.0 dB  BER 5.26e-02  P(det)@0.05 power_one_sided 1.000 power_two_sided 1.000 kurtosis 0.643 spec_cnn 1.000  (16s)
  JSR   +5.0 dB  BER 7.32e-02  P(det)@0.05 power_one_sided 1.000 power_two_sided 1.000 kurtosis 0.691 spec_cnn 1.000  (16s)
  JSR   +6.0 dB  BER 9.45e-02  P(det)@0.05 power_one_sided 1.000 power_two_sided 1.000 kurtosis 0.688 spec_cnn 1.000  (16s)
  JSR   +7.0 dB  BER 1.19e-01  P(det)@0.05 power_one_sided 1.000 power_two_sided 1.000 kurtosis 0.775 spec_cnn 1.000  (17s)
  JSR   +8.0 dB  BER 1.47e-01  P(det)@0.05 power_one_sided 1.000 power_two_sided 1.000 kurtosis 0.779 spec_cnn 1.000  (17s)
  JSR   +9.0 dB  BER 1.73e-01  P(det)@0.05 power_one_sided 1.000 power_two_sided 1.000 kurtosis 0.848 spec_cnn 1.000  (17s)
  JSR  +10.0 dB  BER 2.01e-01  P(det)@0.05 power_one_sided 1.000 power_two_sided 1.000 kurtosis 0.873 spec_cnn 1.000  (17s)
  JSR  +11.0 dB  BER 2.25e-01  P(det)@0.05 power_one_sided 1.000 power_two_sided 1.000 kurtosis 0.895 spec_cnn 1.000  (18s)
  JSR  +12.0 dB  BER 2.51e-01  P(det)@0.05 power_one_sided 1.000 power_two_sided 1.000 kurtosis 0.941 spec_cnn 1.000  (18s)
  JSR  +13.0 dB  BER 2.76e-01  P(det)@0.05 power_one_sided 1.000 power_two_sided 1.000 kurtosis 0.965 spec_cnn 1.000  (18s)
  JSR  +14.0 dB  BER 2.99e-01  P(det)@0.05 power_one_sided 1.000 power_two_sided 1.000 kurtosis 0.982 spec_cnn 1.000  (19s)
  JSR  +15.0 dB  BER 3.16e-01  P(det)@0.05 power_one_sided 1.000 power_two_sided 1.000 kurtosis 0.990 spec_cnn 1.000  (19s)
  [snr_5] spec_cnn_b1000 confirmed: {"power_one_sided": {"0.01": {"index": 12, "sweep_ber": 7.62939453125e-06, "sweep_pdet": 0.0078125, "confirmed_ber": 0.0, "confirmed_ser": 0.0, "confirmed_pdet": 0.01025390625, "passed": true}, "0.05": {"index": 12, "sweep_ber": 7.62939453125e-06, "sweep_pdet": 0.046875, "confirmed_ber": 9.5367431640625e-07, "confirmed_ser": 1.9073486328125e-06, "confirmed_pdet": 0.046875, "passed": true}}, "power_two_sided": {"0.01": {"index": 12, "sweep_ber": 7.62939453125e-06, "sweep_pdet": 0.015625, "confirmed_ber": 0.0, "confirmed_ser": 0.0, "confirmed_pdet": 0.010009765625, "passed": true}, "0.05": {"index": 12, "sweep_ber": 7.62939453125e-06, "sweep_pdet": 0.04296875, "confirmed_ber": 9.5367431640625e-07, "confirmed_ser": 1.9073486328125e-06, "confirmed_pdet": 0.048583984375, "passed": true}}, "kurtosis": {"0.01": {"index": 12, "sweep_ber": 7.62939453125e-06, "sweep_pdet": 0.0078125, "confirmed_ber": 9.5367431640625e-07, "confirmed_ser": 1.9073486328125e-06, "confirmed_pdet": 0.010986328125, "passed": true}, "0.05": {"index": 12, "sweep_ber": 7.62939453125e-06, "sweep_pdet": 0.052734375, "confirmed_ber": 0.0, "confirmed_ser": 0.0, "confirmed_pdet": 0.05322265625, "passed": true}}, "spec_cnn": {"0.01": {"index": 12, "sweep_ber": 7.62939453125e-06, "sweep_pdet": 0.015625, "confirmed_ber": 0.0, "confirmed_ser": 0.0, "confirmed_pdet": 0.011962890625, "passed": true}, "0.05": {"index": 12, "sweep_ber": 7.62939453125e-06, "sweep_pdet": 0.052734375, "confirmed_ber": 0.0, "confirmed_ser": 0.0, "confirmed_pdet": 0.050048828125, "passed": true}}}  (926s)
  [snr_5] generator spec_cnn_b10000 (scale 1.0000)
  JSR  -50.0 dB  BER 7.63e-06  P(det)@0.05 power_one_sided 0.057 power_two_sided 0.047 kurtosis 0.051 spec_cnn 0.045  (0s)
  JSR  -49.0 dB  BER 0.00e+00  P(det)@0.05 power_one_sided 0.059 power_two_sided 0.041 kurtosis 0.033 spec_cnn 0.029  (1s)
  JSR  -48.0 dB  BER 0.00e+00  P(det)@0.05 power_one_sided 0.049 power_two_sided 0.049 kurtosis 0.055 spec_cnn 0.061  (1s)
  JSR  -47.0 dB  BER 7.63e-06  P(det)@0.05 power_one_sided 0.041 power_two_sided 0.057 kurtosis 0.033 spec_cnn 0.070  (1s)
  JSR  -46.0 dB  BER 0.00e+00  P(det)@0.05 power_one_sided 0.070 power_two_sided 0.064 kurtosis 0.057 spec_cnn 0.055  (1s)
  JSR  -45.0 dB  BER 0.00e+00  P(det)@0.05 power_one_sided 0.043 power_two_sided 0.051 kurtosis 0.047 spec_cnn 0.049  (2s)
  JSR  -44.0 dB  BER 0.00e+00  P(det)@0.05 power_one_sided 0.037 power_two_sided 0.037 kurtosis 0.082 spec_cnn 0.055  (2s)
  JSR  -43.0 dB  BER 0.00e+00  P(det)@0.05 power_one_sided 0.049 power_two_sided 0.031 kurtosis 0.043 spec_cnn 0.051  (2s)
  JSR  -42.0 dB  BER 0.00e+00  P(det)@0.05 power_one_sided 0.068 power_two_sided 0.049 kurtosis 0.049 spec_cnn 0.045  (3s)
  JSR  -41.0 dB  BER 0.00e+00  P(det)@0.05 power_one_sided 0.066 power_two_sided 0.051 kurtosis 0.043 spec_cnn 0.047  (3s)
  JSR  -40.0 dB  BER 0.00e+00  P(det)@0.05 power_one_sided 0.057 power_two_sided 0.061 kurtosis 0.047 spec_cnn 0.053  (3s)
  JSR  -39.0 dB  BER 0.00e+00  P(det)@0.05 power_one_sided 0.062 power_two_sided 0.061 kurtosis 0.041 spec_cnn 0.055  (3s)
  JSR  -38.0 dB  BER 0.00e+00  P(det)@0.05 power_one_sided 0.049 power_two_sided 0.066 kurtosis 0.037 spec_cnn 0.053  (4s)
  JSR  -37.0 dB  BER 0.00e+00  P(det)@0.05 power_one_sided 0.070 power_two_sided 0.059 kurtosis 0.064 spec_cnn 0.053  (4s)
  JSR  -36.0 dB  BER 0.00e+00  P(det)@0.05 power_one_sided 0.033 power_two_sided 0.047 kurtosis 0.057 spec_cnn 0.049  (4s)
  JSR  -35.0 dB  BER 0.00e+00  P(det)@0.05 power_one_sided 0.047 power_two_sided 0.039 kurtosis 0.035 spec_cnn 0.043  (5s)
  JSR  -34.0 dB  BER 0.00e+00  P(det)@0.05 power_one_sided 0.047 power_two_sided 0.059 kurtosis 0.051 spec_cnn 0.041  (5s)
  JSR  -33.0 dB  BER 0.00e+00  P(det)@0.05 power_one_sided 0.059 power_two_sided 0.055 kurtosis 0.045 spec_cnn 0.049  (5s)
  JSR  -32.0 dB  BER 0.00e+00  P(det)@0.05 power_one_sided 0.051 power_two_sided 0.031 kurtosis 0.053 spec_cnn 0.043  (5s)
  JSR  -31.0 dB  BER 0.00e+00  P(det)@0.05 power_one_sided 0.045 power_two_sided 0.051 kurtosis 0.074 spec_cnn 0.059  (6s)
  JSR  -30.0 dB  BER 0.00e+00  P(det)@0.05 power_one_sided 0.066 power_two_sided 0.053 kurtosis 0.059 spec_cnn 0.041  (6s)
  JSR  -29.0 dB  BER 0.00e+00  P(det)@0.05 power_one_sided 0.059 power_two_sided 0.059 kurtosis 0.053 spec_cnn 0.045  (6s)
  JSR  -28.0 dB  BER 0.00e+00  P(det)@0.05 power_one_sided 0.047 power_two_sided 0.041 kurtosis 0.059 spec_cnn 0.047  (7s)
  JSR  -27.0 dB  BER 0.00e+00  P(det)@0.05 power_one_sided 0.064 power_two_sided 0.051 kurtosis 0.053 spec_cnn 0.059  (7s)
  JSR  -26.0 dB  BER 0.00e+00  P(det)@0.05 power_one_sided 0.064 power_two_sided 0.053 kurtosis 0.025 spec_cnn 0.061  (7s)
  JSR  -25.0 dB  BER 0.00e+00  P(det)@0.05 power_one_sided 0.064 power_two_sided 0.055 kurtosis 0.045 spec_cnn 0.053  (7s)
  JSR  -24.0 dB  BER 0.00e+00  P(det)@0.05 power_one_sided 0.084 power_two_sided 0.059 kurtosis 0.055 spec_cnn 0.066  (8s)
  JSR  -23.0 dB  BER 0.00e+00  P(det)@0.05 power_one_sided 0.068 power_two_sided 0.049 kurtosis 0.055 spec_cnn 0.070  (8s)
  JSR  -22.0 dB  BER 0.00e+00  P(det)@0.05 power_one_sided 0.074 power_two_sided 0.068 kurtosis 0.055 spec_cnn 0.049  (8s)
  JSR  -21.0 dB  BER 0.00e+00  P(det)@0.05 power_one_sided 0.092 power_two_sided 0.070 kurtosis 0.051 spec_cnn 0.064  (9s)
  JSR  -20.0 dB  BER 7.63e-06  P(det)@0.05 power_one_sided 0.125 power_two_sided 0.086 kurtosis 0.047 spec_cnn 0.070  (9s)
  JSR  -19.0 dB  BER 0.00e+00  P(det)@0.05 power_one_sided 0.166 power_two_sided 0.125 kurtosis 0.072 spec_cnn 0.086  (9s)
  JSR  -18.0 dB  BER 0.00e+00  P(det)@0.05 power_one_sided 0.197 power_two_sided 0.148 kurtosis 0.066 spec_cnn 0.076  (9s)
  JSR  -17.0 dB  BER 0.00e+00  P(det)@0.05 power_one_sided 0.246 power_two_sided 0.158 kurtosis 0.068 spec_cnn 0.092  (10s)
  JSR  -16.0 dB  BER 7.63e-06  P(det)@0.05 power_one_sided 0.281 power_two_sided 0.211 kurtosis 0.080 spec_cnn 0.096  (10s)
  JSR  -15.0 dB  BER 0.00e+00  P(det)@0.05 power_one_sided 0.379 power_two_sided 0.316 kurtosis 0.088 spec_cnn 0.104  (10s)
  JSR  -14.0 dB  BER 0.00e+00  P(det)@0.05 power_one_sided 0.578 power_two_sided 0.482 kurtosis 0.100 spec_cnn 0.141  (11s)
  JSR  -13.0 dB  BER 7.63e-06  P(det)@0.05 power_one_sided 0.707 power_two_sided 0.607 kurtosis 0.131 spec_cnn 0.189  (11s)
  JSR  -12.0 dB  BER 0.00e+00  P(det)@0.05 power_one_sided 0.881 power_two_sided 0.803 kurtosis 0.129 spec_cnn 0.205  (11s)
  JSR  -11.0 dB  BER 7.63e-06  P(det)@0.05 power_one_sided 0.957 power_two_sided 0.920 kurtosis 0.184 spec_cnn 0.252  (11s)
  JSR  -10.0 dB  BER 7.63e-06  P(det)@0.05 power_one_sided 0.990 power_two_sided 0.982 kurtosis 0.248 spec_cnn 0.307  (12s)
  JSR   -9.0 dB  BER 8.39e-05  P(det)@0.05 power_one_sided 1.000 power_two_sided 0.998 kurtosis 0.283 spec_cnn 0.385  (12s)
  JSR   -8.0 dB  BER 8.39e-05  P(det)@0.05 power_one_sided 1.000 power_two_sided 1.000 kurtosis 0.355 spec_cnn 0.508  (12s)
  JSR   -7.0 dB  BER 2.29e-04  P(det)@0.05 power_one_sided 1.000 power_two_sided 1.000 kurtosis 0.436 spec_cnn 0.613  (13s)
  JSR   -6.0 dB  BER 4.81e-04  P(det)@0.05 power_one_sided 1.000 power_two_sided 1.000 kurtosis 0.488 spec_cnn 0.744  (13s)
  JSR   -5.0 dB  BER 8.54e-04  P(det)@0.05 power_one_sided 1.000 power_two_sided 1.000 kurtosis 0.582 spec_cnn 0.826  (13s)
  JSR   -4.0 dB  BER 1.36e-03  P(det)@0.05 power_one_sided 1.000 power_two_sided 1.000 kurtosis 0.600 spec_cnn 0.889  (13s)
  JSR   -3.0 dB  BER 2.23e-03  P(det)@0.05 power_one_sided 1.000 power_two_sided 1.000 kurtosis 0.592 spec_cnn 0.941  (14s)
  JSR   -2.0 dB  BER 3.59e-03  P(det)@0.05 power_one_sided 1.000 power_two_sided 1.000 kurtosis 0.492 spec_cnn 0.979  (14s)
  JSR   -1.0 dB  BER 5.78e-03  P(det)@0.05 power_one_sided 1.000 power_two_sided 1.000 kurtosis 0.428 spec_cnn 0.988  (14s)
  JSR   +0.0 dB  BER 9.51e-03  P(det)@0.05 power_one_sided 1.000 power_two_sided 1.000 kurtosis 0.354 spec_cnn 0.996  (15s)
  JSR   +1.0 dB  BER 1.56e-02  P(det)@0.05 power_one_sided 1.000 power_two_sided 1.000 kurtosis 0.482 spec_cnn 0.996  (15s)
  JSR   +2.0 dB  BER 2.40e-02  P(det)@0.05 power_one_sided 1.000 power_two_sided 1.000 kurtosis 0.547 spec_cnn 0.998  (15s)
  JSR   +3.0 dB  BER 3.56e-02  P(det)@0.05 power_one_sided 1.000 power_two_sided 1.000 kurtosis 0.637 spec_cnn 1.000  (15s)
  JSR   +4.0 dB  BER 5.03e-02  P(det)@0.05 power_one_sided 1.000 power_two_sided 1.000 kurtosis 0.645 spec_cnn 0.998  (16s)
  JSR   +5.0 dB  BER 6.79e-02  P(det)@0.05 power_one_sided 1.000 power_two_sided 1.000 kurtosis 0.656 spec_cnn 1.000  (16s)
  JSR   +6.0 dB  BER 8.93e-02  P(det)@0.05 power_one_sided 1.000 power_two_sided 1.000 kurtosis 0.707 spec_cnn 1.000  (16s)
  JSR   +7.0 dB  BER 1.13e-01  P(det)@0.05 power_one_sided 1.000 power_two_sided 1.000 kurtosis 0.756 spec_cnn 1.000  (17s)
  JSR   +8.0 dB  BER 1.39e-01  P(det)@0.05 power_one_sided 1.000 power_two_sided 1.000 kurtosis 0.768 spec_cnn 1.000  (17s)
  JSR   +9.0 dB  BER 1.63e-01  P(det)@0.05 power_one_sided 1.000 power_two_sided 1.000 kurtosis 0.844 spec_cnn 1.000  (17s)
  JSR  +10.0 dB  BER 1.90e-01  P(det)@0.05 power_one_sided 1.000 power_two_sided 1.000 kurtosis 0.879 spec_cnn 1.000  (17s)
  JSR  +11.0 dB  BER 2.16e-01  P(det)@0.05 power_one_sided 1.000 power_two_sided 1.000 kurtosis 0.918 spec_cnn 1.000  (18s)
  JSR  +12.0 dB  BER 2.40e-01  P(det)@0.05 power_one_sided 1.000 power_two_sided 1.000 kurtosis 0.951 spec_cnn 1.000  (18s)
  JSR  +13.0 dB  BER 2.64e-01  P(det)@0.05 power_one_sided 1.000 power_two_sided 1.000 kurtosis 0.982 spec_cnn 1.000  (18s)
  JSR  +14.0 dB  BER 2.87e-01  P(det)@0.05 power_one_sided 1.000 power_two_sided 1.000 kurtosis 0.988 spec_cnn 1.000  (19s)
  JSR  +15.0 dB  BER 3.07e-01  P(det)@0.05 power_one_sided 1.000 power_two_sided 1.000 kurtosis 0.998 spec_cnn 1.000  (19s)
  [snr_5] spec_cnn_b10000 confirmed: {"power_one_sided": {"0.01": {"index": 0, "sweep_ber": 7.62939453125e-06, "sweep_pdet": 0.01171875, "confirmed_ber": 0.0, "confirmed_ser": 0.0, "confirmed_pdet": 0.0078125, "passed": true}, "0.05": {"index": 0, "sweep_ber": 7.62939453125e-06, "sweep_pdet": 0.056640625, "confirmed_ber": 0.0, "confirmed_ser": 0.0, "confirmed_pdet": 0.046142578125, "passed": true}}, "power_two_sided": {"0.01": {"index": 0, "sweep_ber": 7.62939453125e-06, "sweep_pdet": 0.00390625, "confirmed_ber": 0.0, "confirmed_ser": 0.0, "confirmed_pdet": 0.010009765625, "passed": true}, "0.05": {"index": 0, "sweep_ber": 7.62939453125e-06, "sweep_pdet": 0.046875, "confirmed_ber": 9.5367431640625e-07, "confirmed_ser": 1.9073486328125e-06, "confirmed_pdet": 0.04736328125, "passed": true}}, "kurtosis": {"0.01": {"index": 0, "sweep_ber": 7.62939453125e-06, "sweep_pdet": 0.009765625, "confirmed_ber": 0.0, "confirmed_ser": 0.0, "confirmed_pdet": 0.009521484375, "passed": true}, "0.05": {"index": 0, "sweep_ber": 7.62939453125e-06, "sweep_pdet": 0.05078125, "confirmed_ber": 0.0, "confirmed_ser": 0.0, "confirmed_pdet": 0.048095703125, "passed": true}}, "spec_cnn": {"0.01": {"index": 0, "sweep_ber": 7.62939453125e-06, "sweep_pdet": 0.005859375, "confirmed_ber": 0.0, "confirmed_ser": 0.0, "confirmed_pdet": 0.012451171875, "passed": true}, "0.05": {"index": 0, "sweep_ber": 7.62939453125e-06, "sweep_pdet": 0.044921875, "confirmed_ber": 9.5367431640625e-07, "confirmed_ser": 1.9073486328125e-06, "confirmed_pdet": 0.04931640625, "passed": true}}}  (964s)
  [snr_5] generator spec_cnn_b100000 (scale 1.0000)
  JSR  -50.0 dB  BER 0.00e+00  P(det)@0.05 power_one_sided 0.043 power_two_sided 0.047 kurtosis 0.027 spec_cnn 0.055  (0s)
  JSR  -49.0 dB  BER 0.00e+00  P(det)@0.05 power_one_sided 0.061 power_two_sided 0.057 kurtosis 0.041 spec_cnn 0.039  (1s)
  JSR  -48.0 dB  BER 0.00e+00  P(det)@0.05 power_one_sided 0.051 power_two_sided 0.051 kurtosis 0.053 spec_cnn 0.049  (1s)
  JSR  -47.0 dB  BER 0.00e+00  P(det)@0.05 power_one_sided 0.039 power_two_sided 0.053 kurtosis 0.064 spec_cnn 0.057  (1s)
  JSR  -46.0 dB  BER 0.00e+00  P(det)@0.05 power_one_sided 0.049 power_two_sided 0.047 kurtosis 0.051 spec_cnn 0.061  (1s)
  JSR  -45.0 dB  BER 0.00e+00  P(det)@0.05 power_one_sided 0.043 power_two_sided 0.043 kurtosis 0.070 spec_cnn 0.051  (2s)
  JSR  -44.0 dB  BER 0.00e+00  P(det)@0.05 power_one_sided 0.049 power_two_sided 0.053 kurtosis 0.053 spec_cnn 0.039  (2s)
  JSR  -43.0 dB  BER 0.00e+00  P(det)@0.05 power_one_sided 0.049 power_two_sided 0.059 kurtosis 0.031 spec_cnn 0.055  (2s)
  JSR  -42.0 dB  BER 0.00e+00  P(det)@0.05 power_one_sided 0.047 power_two_sided 0.059 kurtosis 0.055 spec_cnn 0.055  (3s)
  JSR  -41.0 dB  BER 0.00e+00  P(det)@0.05 power_one_sided 0.041 power_two_sided 0.047 kurtosis 0.057 spec_cnn 0.057  (3s)
  JSR  -40.0 dB  BER 0.00e+00  P(det)@0.05 power_one_sided 0.057 power_two_sided 0.045 kurtosis 0.047 spec_cnn 0.035  (3s)
  JSR  -39.0 dB  BER 0.00e+00  P(det)@0.05 power_one_sided 0.051 power_two_sided 0.053 kurtosis 0.043 spec_cnn 0.051  (3s)
  JSR  -38.0 dB  BER 0.00e+00  P(det)@0.05 power_one_sided 0.049 power_two_sided 0.053 kurtosis 0.051 spec_cnn 0.045  (4s)
  JSR  -37.0 dB  BER 0.00e+00  P(det)@0.05 power_one_sided 0.047 power_two_sided 0.055 kurtosis 0.057 spec_cnn 0.041  (4s)
  JSR  -36.0 dB  BER 0.00e+00  P(det)@0.05 power_one_sided 0.047 power_two_sided 0.051 kurtosis 0.053 spec_cnn 0.045  (4s)
  JSR  -35.0 dB  BER 0.00e+00  P(det)@0.05 power_one_sided 0.047 power_two_sided 0.057 kurtosis 0.051 spec_cnn 0.045  (5s)
  JSR  -34.0 dB  BER 0.00e+00  P(det)@0.05 power_one_sided 0.033 power_two_sided 0.043 kurtosis 0.039 spec_cnn 0.055  (5s)
  JSR  -33.0 dB  BER 0.00e+00  P(det)@0.05 power_one_sided 0.051 power_two_sided 0.043 kurtosis 0.053 spec_cnn 0.037  (5s)
  JSR  -32.0 dB  BER 0.00e+00  P(det)@0.05 power_one_sided 0.049 power_two_sided 0.045 kurtosis 0.062 spec_cnn 0.057  (5s)
  JSR  -31.0 dB  BER 0.00e+00  P(det)@0.05 power_one_sided 0.041 power_two_sided 0.043 kurtosis 0.039 spec_cnn 0.068  (6s)
  JSR  -30.0 dB  BER 0.00e+00  P(det)@0.05 power_one_sided 0.062 power_two_sided 0.051 kurtosis 0.061 spec_cnn 0.023  (6s)
  JSR  -29.0 dB  BER 0.00e+00  P(det)@0.05 power_one_sided 0.039 power_two_sided 0.047 kurtosis 0.070 spec_cnn 0.057  (6s)
  JSR  -28.0 dB  BER 0.00e+00  P(det)@0.05 power_one_sided 0.078 power_two_sided 0.047 kurtosis 0.053 spec_cnn 0.051  (7s)
  JSR  -27.0 dB  BER 0.00e+00  P(det)@0.05 power_one_sided 0.062 power_two_sided 0.059 kurtosis 0.029 spec_cnn 0.047  (7s)
  JSR  -26.0 dB  BER 0.00e+00  P(det)@0.05 power_one_sided 0.066 power_two_sided 0.045 kurtosis 0.037 spec_cnn 0.057  (7s)
  JSR  -25.0 dB  BER 0.00e+00  P(det)@0.05 power_one_sided 0.068 power_two_sided 0.055 kurtosis 0.047 spec_cnn 0.062  (7s)
  JSR  -24.0 dB  BER 0.00e+00  P(det)@0.05 power_one_sided 0.051 power_two_sided 0.033 kurtosis 0.047 spec_cnn 0.045  (8s)
  JSR  -23.0 dB  BER 0.00e+00  P(det)@0.05 power_one_sided 0.070 power_two_sided 0.051 kurtosis 0.033 spec_cnn 0.061  (8s)
  JSR  -22.0 dB  BER 0.00e+00  P(det)@0.05 power_one_sided 0.064 power_two_sided 0.064 kurtosis 0.059 spec_cnn 0.076  (8s)
  JSR  -21.0 dB  BER 0.00e+00  P(det)@0.05 power_one_sided 0.096 power_two_sided 0.057 kurtosis 0.037 spec_cnn 0.037  (9s)
  JSR  -20.0 dB  BER 0.00e+00  P(det)@0.05 power_one_sided 0.137 power_two_sided 0.090 kurtosis 0.055 spec_cnn 0.082  (9s)
  JSR  -19.0 dB  BER 0.00e+00  P(det)@0.05 power_one_sided 0.135 power_two_sided 0.074 kurtosis 0.045 spec_cnn 0.082  (9s)
  JSR  -18.0 dB  BER 0.00e+00  P(det)@0.05 power_one_sided 0.178 power_two_sided 0.121 kurtosis 0.070 spec_cnn 0.086  (9s)
  JSR  -17.0 dB  BER 0.00e+00  P(det)@0.05 power_one_sided 0.264 power_two_sided 0.201 kurtosis 0.055 spec_cnn 0.098  (10s)
  JSR  -16.0 dB  BER 0.00e+00  P(det)@0.05 power_one_sided 0.307 power_two_sided 0.199 kurtosis 0.059 spec_cnn 0.080  (10s)
  JSR  -15.0 dB  BER 0.00e+00  P(det)@0.05 power_one_sided 0.439 power_two_sided 0.340 kurtosis 0.074 spec_cnn 0.098  (10s)
  JSR  -14.0 dB  BER 0.00e+00  P(det)@0.05 power_one_sided 0.543 power_two_sided 0.418 kurtosis 0.104 spec_cnn 0.123  (11s)
  JSR  -13.0 dB  BER 0.00e+00  P(det)@0.05 power_one_sided 0.727 power_two_sided 0.604 kurtosis 0.117 spec_cnn 0.166  (11s)
  JSR  -12.0 dB  BER 0.00e+00  P(det)@0.05 power_one_sided 0.871 power_two_sided 0.785 kurtosis 0.141 spec_cnn 0.207  (11s)
  JSR  -11.0 dB  BER 0.00e+00  P(det)@0.05 power_one_sided 0.977 power_two_sided 0.945 kurtosis 0.164 spec_cnn 0.264  (11s)
  JSR  -10.0 dB  BER 0.00e+00  P(det)@0.05 power_one_sided 0.998 power_two_sided 0.980 kurtosis 0.211 spec_cnn 0.293  (12s)
  JSR   -9.0 dB  BER 7.63e-06  P(det)@0.05 power_one_sided 1.000 power_two_sided 1.000 kurtosis 0.309 spec_cnn 0.387  (12s)
  JSR   -8.0 dB  BER 1.53e-05  P(det)@0.05 power_one_sided 1.000 power_two_sided 1.000 kurtosis 0.361 spec_cnn 0.488  (12s)
  JSR   -7.0 dB  BER 3.81e-05  P(det)@0.05 power_one_sided 1.000 power_two_sided 1.000 kurtosis 0.418 spec_cnn 0.627  (13s)
  JSR   -6.0 dB  BER 6.87e-05  P(det)@0.05 power_one_sided 1.000 power_two_sided 1.000 kurtosis 0.459 spec_cnn 0.713  (13s)
  JSR   -5.0 dB  BER 3.05e-04  P(det)@0.05 power_one_sided 1.000 power_two_sided 1.000 kurtosis 0.557 spec_cnn 0.805  (13s)
  JSR   -4.0 dB  BER 4.81e-04  P(det)@0.05 power_one_sided 1.000 power_two_sided 1.000 kurtosis 0.576 spec_cnn 0.895  (13s)
  JSR   -3.0 dB  BER 1.05e-03  P(det)@0.05 power_one_sided 1.000 power_two_sided 1.000 kurtosis 0.574 spec_cnn 0.949  (14s)
  JSR   -2.0 dB  BER 2.58e-03  P(det)@0.05 power_one_sided 1.000 power_two_sided 1.000 kurtosis 0.494 spec_cnn 0.973  (14s)
  JSR   -1.0 dB  BER 4.68e-03  P(det)@0.05 power_one_sided 1.000 power_two_sided 1.000 kurtosis 0.355 spec_cnn 0.996  (14s)
  JSR   +0.0 dB  BER 8.13e-03  P(det)@0.05 power_one_sided 1.000 power_two_sided 1.000 kurtosis 0.301 spec_cnn 0.992  (15s)
  JSR   +1.0 dB  BER 1.37e-02  P(det)@0.05 power_one_sided 1.000 power_two_sided 1.000 kurtosis 0.418 spec_cnn 0.998  (15s)
  JSR   +2.0 dB  BER 2.13e-02  P(det)@0.05 power_one_sided 1.000 power_two_sided 1.000 kurtosis 0.555 spec_cnn 1.000  (15s)
  JSR   +3.0 dB  BER 3.20e-02  P(det)@0.05 power_one_sided 1.000 power_two_sided 1.000 kurtosis 0.598 spec_cnn 1.000  (15s)
  JSR   +4.0 dB  BER 4.59e-02  P(det)@0.05 power_one_sided 1.000 power_two_sided 1.000 kurtosis 0.619 spec_cnn 1.000  (16s)
  JSR   +5.0 dB  BER 6.28e-02  P(det)@0.05 power_one_sided 1.000 power_two_sided 1.000 kurtosis 0.729 spec_cnn 1.000  (16s)
  JSR   +6.0 dB  BER 8.33e-02  P(det)@0.05 power_one_sided 1.000 power_two_sided 1.000 kurtosis 0.762 spec_cnn 1.000  (16s)
  JSR   +7.0 dB  BER 1.08e-01  P(det)@0.05 power_one_sided 1.000 power_two_sided 1.000 kurtosis 0.830 spec_cnn 1.000  (17s)
  JSR   +8.0 dB  BER 1.30e-01  P(det)@0.05 power_one_sided 1.000 power_two_sided 1.000 kurtosis 0.898 spec_cnn 1.000  (17s)
  JSR   +9.0 dB  BER 1.55e-01  P(det)@0.05 power_one_sided 1.000 power_two_sided 1.000 kurtosis 0.936 spec_cnn 1.000  (17s)
  JSR  +10.0 dB  BER 1.82e-01  P(det)@0.05 power_one_sided 1.000 power_two_sided 1.000 kurtosis 0.984 spec_cnn 1.000  (17s)
  JSR  +11.0 dB  BER 2.09e-01  P(det)@0.05 power_one_sided 1.000 power_two_sided 1.000 kurtosis 0.996 spec_cnn 1.000  (18s)
  JSR  +12.0 dB  BER 2.33e-01  P(det)@0.05 power_one_sided 1.000 power_two_sided 1.000 kurtosis 1.000 spec_cnn 1.000  (18s)
  JSR  +13.0 dB  BER 2.56e-01  P(det)@0.05 power_one_sided 1.000 power_two_sided 1.000 kurtosis 1.000 spec_cnn 1.000  (18s)
  JSR  +14.0 dB  BER 2.82e-01  P(det)@0.05 power_one_sided 1.000 power_two_sided 1.000 kurtosis 1.000 spec_cnn 1.000  (19s)
  JSR  +15.0 dB  BER 3.00e-01  P(det)@0.05 power_one_sided 1.000 power_two_sided 1.000 kurtosis 1.000 spec_cnn 1.000  (19s)
  [snr_5] spec_cnn_b100000 confirmed: {"power_one_sided": {"0.01": {"index": 0, "sweep_ber": 0.0, "sweep_pdet": 0.005859375, "confirmed_ber": 0.0, "confirmed_ser": 0.0, "confirmed_pdet": 0.009033203125, "passed": true}, "0.05": {"index": 0, "sweep_ber": 0.0, "sweep_pdet": 0.04296875, "confirmed_ber": 0.0, "confirmed_ser": 0.0, "confirmed_pdet": 0.049072265625, "passed": true}}, "power_two_sided": {"0.01": {"index": 0, "sweep_ber": 0.0, "sweep_pdet": 0.009765625, "confirmed_ber": 0.0, "confirmed_ser": 0.0, "confirmed_pdet": 0.01025390625, "passed": true}, "0.05": {"index": 0, "sweep_ber": 0.0, "sweep_pdet": 0.046875, "confirmed_ber": 0.0, "confirmed_ser": 0.0, "confirmed_pdet": 0.040283203125, "passed": true}}, "kurtosis": {"0.01": {"index": 0, "sweep_ber": 0.0, "sweep_pdet": 0.001953125, "confirmed_ber": 9.5367431640625e-07, "confirmed_ser": 1.9073486328125e-06, "confirmed_pdet": 0.010986328125, "passed": true}, "0.05": {"index": 0, "sweep_ber": 0.0, "sweep_pdet": 0.02734375, "confirmed_ber": 0.0, "confirmed_ser": 0.0, "confirmed_pdet": 0.0546875, "passed": true}}, "spec_cnn": {"0.01": {"index": 0, "sweep_ber": 0.0, "sweep_pdet": 0.015625, "confirmed_ber": 9.5367431640625e-07, "confirmed_ser": 1.9073486328125e-06, "confirmed_pdet": 0.008544921875, "passed": true}, "0.05": {"index": 0, "sweep_ber": 0.0, "sweep_pdet": 0.0546875, "confirmed_ber": 0.0, "confirmed_ser": 0.0, "confirmed_pdet": 0.05126953125, "passed": true}}}  (1001s)
  [snr_5] generator spec_cnn_b1e+06 (scale 1.0000)
  JSR  -50.0 dB  BER 0.00e+00  P(det)@0.05 power_one_sided 0.047 power_two_sided 0.043 kurtosis 0.045 spec_cnn 0.039  (0s)
  JSR  -49.0 dB  BER 0.00e+00  P(det)@0.05 power_one_sided 0.043 power_two_sided 0.045 kurtosis 0.047 spec_cnn 0.057  (1s)
  JSR  -48.0 dB  BER 0.00e+00  P(det)@0.05 power_one_sided 0.062 power_two_sided 0.053 kurtosis 0.051 spec_cnn 0.049  (1s)
  JSR  -47.0 dB  BER 0.00e+00  P(det)@0.05 power_one_sided 0.039 power_two_sided 0.047 kurtosis 0.062 spec_cnn 0.059  (1s)
  JSR  -46.0 dB  BER 0.00e+00  P(det)@0.05 power_one_sided 0.031 power_two_sided 0.033 kurtosis 0.037 spec_cnn 0.051  (1s)
  JSR  -45.0 dB  BER 0.00e+00  P(det)@0.05 power_one_sided 0.047 power_two_sided 0.062 kurtosis 0.035 spec_cnn 0.055  (2s)
  JSR  -44.0 dB  BER 0.00e+00  P(det)@0.05 power_one_sided 0.043 power_two_sided 0.041 kurtosis 0.051 spec_cnn 0.057  (2s)
  JSR  -43.0 dB  BER 0.00e+00  P(det)@0.05 power_one_sided 0.045 power_two_sided 0.051 kurtosis 0.033 spec_cnn 0.059  (2s)
  JSR  -42.0 dB  BER 0.00e+00  P(det)@0.05 power_one_sided 0.035 power_two_sided 0.053 kurtosis 0.041 spec_cnn 0.068  (3s)
  JSR  -41.0 dB  BER 0.00e+00  P(det)@0.05 power_one_sided 0.059 power_two_sided 0.049 kurtosis 0.061 spec_cnn 0.045  (3s)
  JSR  -40.0 dB  BER 0.00e+00  P(det)@0.05 power_one_sided 0.055 power_two_sided 0.059 kurtosis 0.053 spec_cnn 0.055  (3s)
  JSR  -39.0 dB  BER 0.00e+00  P(det)@0.05 power_one_sided 0.051 power_two_sided 0.049 kurtosis 0.039 spec_cnn 0.045  (3s)
  JSR  -38.0 dB  BER 7.63e-06  P(det)@0.05 power_one_sided 0.047 power_two_sided 0.062 kurtosis 0.051 spec_cnn 0.045  (4s)
  JSR  -37.0 dB  BER 0.00e+00  P(det)@0.05 power_one_sided 0.051 power_two_sided 0.033 kurtosis 0.049 spec_cnn 0.025  (4s)
  JSR  -36.0 dB  BER 0.00e+00  P(det)@0.05 power_one_sided 0.053 power_two_sided 0.053 kurtosis 0.055 spec_cnn 0.049  (4s)
  JSR  -35.0 dB  BER 0.00e+00  P(det)@0.05 power_one_sided 0.059 power_two_sided 0.061 kurtosis 0.039 spec_cnn 0.057  (5s)
  JSR  -34.0 dB  BER 7.63e-06  P(det)@0.05 power_one_sided 0.051 power_two_sided 0.057 kurtosis 0.055 spec_cnn 0.055  (5s)
  JSR  -33.0 dB  BER 0.00e+00  P(det)@0.05 power_one_sided 0.033 power_two_sided 0.039 kurtosis 0.057 spec_cnn 0.057  (5s)
  JSR  -32.0 dB  BER 0.00e+00  P(det)@0.05 power_one_sided 0.062 power_two_sided 0.041 kurtosis 0.045 spec_cnn 0.051  (5s)
  JSR  -31.0 dB  BER 0.00e+00  P(det)@0.05 power_one_sided 0.047 power_two_sided 0.049 kurtosis 0.049 spec_cnn 0.053  (6s)
  JSR  -30.0 dB  BER 0.00e+00  P(det)@0.05 power_one_sided 0.053 power_two_sided 0.037 kurtosis 0.049 spec_cnn 0.041  (6s)
  JSR  -29.0 dB  BER 0.00e+00  P(det)@0.05 power_one_sided 0.037 power_two_sided 0.031 kurtosis 0.053 spec_cnn 0.037  (6s)
  JSR  -28.0 dB  BER 0.00e+00  P(det)@0.05 power_one_sided 0.051 power_two_sided 0.047 kurtosis 0.049 spec_cnn 0.041  (7s)
  JSR  -27.0 dB  BER 0.00e+00  P(det)@0.05 power_one_sided 0.057 power_two_sided 0.035 kurtosis 0.051 spec_cnn 0.035  (7s)
  JSR  -26.0 dB  BER 0.00e+00  P(det)@0.05 power_one_sided 0.059 power_two_sided 0.049 kurtosis 0.055 spec_cnn 0.068  (7s)
  JSR  -25.0 dB  BER 0.00e+00  P(det)@0.05 power_one_sided 0.061 power_two_sided 0.043 kurtosis 0.045 spec_cnn 0.059  (7s)
  JSR  -24.0 dB  BER 0.00e+00  P(det)@0.05 power_one_sided 0.070 power_two_sided 0.045 kurtosis 0.047 spec_cnn 0.072  (8s)
  JSR  -23.0 dB  BER 0.00e+00  P(det)@0.05 power_one_sided 0.096 power_two_sided 0.057 kurtosis 0.059 spec_cnn 0.064  (8s)
  JSR  -22.0 dB  BER 0.00e+00  P(det)@0.05 power_one_sided 0.086 power_two_sided 0.068 kurtosis 0.059 spec_cnn 0.070  (8s)
  JSR  -21.0 dB  BER 0.00e+00  P(det)@0.05 power_one_sided 0.074 power_two_sided 0.035 kurtosis 0.055 spec_cnn 0.045  (9s)
  JSR  -20.0 dB  BER 0.00e+00  P(det)@0.05 power_one_sided 0.113 power_two_sided 0.070 kurtosis 0.066 spec_cnn 0.092  (9s)
  JSR  -19.0 dB  BER 0.00e+00  P(det)@0.05 power_one_sided 0.145 power_two_sided 0.092 kurtosis 0.070 spec_cnn 0.057  (9s)
  JSR  -18.0 dB  BER 0.00e+00  P(det)@0.05 power_one_sided 0.189 power_two_sided 0.121 kurtosis 0.059 spec_cnn 0.086  (9s)
  JSR  -17.0 dB  BER 0.00e+00  P(det)@0.05 power_one_sided 0.260 power_two_sided 0.168 kurtosis 0.051 spec_cnn 0.090  (10s)
  JSR  -16.0 dB  BER 0.00e+00  P(det)@0.05 power_one_sided 0.328 power_two_sided 0.236 kurtosis 0.055 spec_cnn 0.090  (10s)
  JSR  -15.0 dB  BER 0.00e+00  P(det)@0.05 power_one_sided 0.412 power_two_sided 0.307 kurtosis 0.066 spec_cnn 0.109  (10s)
  JSR  -14.0 dB  BER 0.00e+00  P(det)@0.05 power_one_sided 0.582 power_two_sided 0.451 kurtosis 0.090 spec_cnn 0.123  (11s)
  JSR  -13.0 dB  BER 7.63e-06  P(det)@0.05 power_one_sided 0.717 power_two_sided 0.623 kurtosis 0.107 spec_cnn 0.135  (11s)
  JSR  -12.0 dB  BER 0.00e+00  P(det)@0.05 power_one_sided 0.855 power_two_sided 0.787 kurtosis 0.127 spec_cnn 0.217  (11s)
  JSR  -11.0 dB  BER 0.00e+00  P(det)@0.05 power_one_sided 0.957 power_two_sided 0.932 kurtosis 0.188 spec_cnn 0.270  (11s)
  JSR  -10.0 dB  BER 1.53e-05  P(det)@0.05 power_one_sided 0.990 power_two_sided 0.984 kurtosis 0.225 spec_cnn 0.361  (12s)
  JSR   -9.0 dB  BER 2.29e-05  P(det)@0.05 power_one_sided 1.000 power_two_sided 1.000 kurtosis 0.281 spec_cnn 0.400  (12s)
  JSR   -8.0 dB  BER 1.53e-05  P(det)@0.05 power_one_sided 1.000 power_two_sided 1.000 kurtosis 0.375 spec_cnn 0.516  (12s)
  JSR   -7.0 dB  BER 6.87e-05  P(det)@0.05 power_one_sided 1.000 power_two_sided 1.000 kurtosis 0.395 spec_cnn 0.641  (13s)
  JSR   -6.0 dB  BER 6.10e-05  P(det)@0.05 power_one_sided 1.000 power_two_sided 1.000 kurtosis 0.525 spec_cnn 0.717  (13s)
  JSR   -5.0 dB  BER 2.90e-04  P(det)@0.05 power_one_sided 1.000 power_two_sided 1.000 kurtosis 0.547 spec_cnn 0.836  (13s)
  JSR   -4.0 dB  BER 4.04e-04  P(det)@0.05 power_one_sided 1.000 power_two_sided 1.000 kurtosis 0.545 spec_cnn 0.881  (13s)
  JSR   -3.0 dB  BER 1.16e-03  P(det)@0.05 power_one_sided 1.000 power_two_sided 1.000 kurtosis 0.605 spec_cnn 0.947  (14s)
  JSR   -2.0 dB  BER 2.74e-03  P(det)@0.05 power_one_sided 1.000 power_two_sided 1.000 kurtosis 0.498 spec_cnn 0.975  (14s)
  JSR   -1.0 dB  BER 4.66e-03  P(det)@0.05 power_one_sided 1.000 power_two_sided 1.000 kurtosis 0.381 spec_cnn 0.990  (14s)
  JSR   +0.0 dB  BER 9.12e-03  P(det)@0.05 power_one_sided 1.000 power_two_sided 1.000 kurtosis 0.348 spec_cnn 0.992  (15s)
  JSR   +1.0 dB  BER 1.59e-02  P(det)@0.05 power_one_sided 1.000 power_two_sided 1.000 kurtosis 0.424 spec_cnn 0.996  (15s)
  JSR   +2.0 dB  BER 2.65e-02  P(det)@0.05 power_one_sided 1.000 power_two_sided 1.000 kurtosis 0.535 spec_cnn 1.000  (15s)
  JSR   +3.0 dB  BER 3.92e-02  P(det)@0.05 power_one_sided 1.000 power_two_sided 1.000 kurtosis 0.592 spec_cnn 1.000  (15s)
  JSR   +4.0 dB  BER 5.75e-02  P(det)@0.05 power_one_sided 1.000 power_two_sided 1.000 kurtosis 0.617 spec_cnn 1.000  (16s)
  JSR   +5.0 dB  BER 7.70e-02  P(det)@0.05 power_one_sided 1.000 power_two_sided 1.000 kurtosis 0.676 spec_cnn 1.000  (16s)
  JSR   +6.0 dB  BER 1.00e-01  P(det)@0.05 power_one_sided 1.000 power_two_sided 1.000 kurtosis 0.730 spec_cnn 1.000  (16s)
  JSR   +7.0 dB  BER 1.28e-01  P(det)@0.05 power_one_sided 1.000 power_two_sided 1.000 kurtosis 0.783 spec_cnn 1.000  (17s)
  JSR   +8.0 dB  BER 1.55e-01  P(det)@0.05 power_one_sided 1.000 power_two_sided 1.000 kurtosis 0.863 spec_cnn 1.000  (17s)
  JSR   +9.0 dB  BER 1.83e-01  P(det)@0.05 power_one_sided 1.000 power_two_sided 1.000 kurtosis 0.898 spec_cnn 1.000  (17s)
  JSR  +10.0 dB  BER 2.11e-01  P(det)@0.05 power_one_sided 1.000 power_two_sided 1.000 kurtosis 0.953 spec_cnn 1.000  (17s)
  JSR  +11.0 dB  BER 2.38e-01  P(det)@0.05 power_one_sided 1.000 power_two_sided 1.000 kurtosis 0.971 spec_cnn 1.000  (18s)
  JSR  +12.0 dB  BER 2.64e-01  P(det)@0.05 power_one_sided 1.000 power_two_sided 1.000 kurtosis 0.994 spec_cnn 1.000  (18s)
  JSR  +13.0 dB  BER 2.87e-01  P(det)@0.05 power_one_sided 1.000 power_two_sided 1.000 kurtosis 1.000 spec_cnn 1.000  (18s)
  JSR  +14.0 dB  BER 3.09e-01  P(det)@0.05 power_one_sided 1.000 power_two_sided 1.000 kurtosis 0.998 spec_cnn 1.000  (19s)
  JSR  +15.0 dB  BER 3.30e-01  P(det)@0.05 power_one_sided 1.000 power_two_sided 1.000 kurtosis 1.000 spec_cnn 1.000  (19s)
  [snr_5] spec_cnn_b1e+06 confirmed: {"power_one_sided": {"0.01": {"index": 12, "sweep_ber": 7.62939453125e-06, "sweep_pdet": 0.0078125, "confirmed_ber": 0.0, "confirmed_ser": 0.0, "confirmed_pdet": 0.010009765625, "passed": true}, "0.05": {"index": 12, "sweep_ber": 7.62939453125e-06, "sweep_pdet": 0.046875, "confirmed_ber": 0.0, "confirmed_ser": 0.0, "confirmed_pdet": 0.052001953125, "passed": true}}, "power_two_sided": {"0.01": {"index": 12, "sweep_ber": 7.62939453125e-06, "sweep_pdet": 0.009765625, "confirmed_ber": 0.0, "confirmed_ser": 0.0, "confirmed_pdet": 0.0087890625, "passed": true}, "0.05": {"index": 12, "sweep_ber": 7.62939453125e-06, "sweep_pdet": 0.0625, "confirmed_ber": 0.0, "confirmed_ser": 0.0, "confirmed_pdet": 0.052001953125, "passed": true}}, "kurtosis": {"0.01": {"index": 12, "sweep_ber": 7.62939453125e-06, "sweep_pdet": 0.0078125, "confirmed_ber": 0.0, "confirmed_ser": 0.0, "confirmed_pdet": 0.00830078125, "passed": true}, "0.05": {"index": 12, "sweep_ber": 7.62939453125e-06, "sweep_pdet": 0.05078125, "confirmed_ber": 0.0, "confirmed_ser": 0.0, "confirmed_pdet": 0.04638671875, "passed": true}}, "spec_cnn": {"0.01": {"index": 12, "sweep_ber": 7.62939453125e-06, "sweep_pdet": 0.015625, "confirmed_ber": 0.0, "confirmed_ser": 0.0, "confirmed_pdet": 0.009033203125, "passed": true}, "0.05": {"index": 12, "sweep_ber": 7.62939453125e-06, "sweep_pdet": 0.044921875, "confirmed_ber": 0.0, "confirmed_ser": 0.0, "confirmed_pdet": 0.044677734375, "passed": true}}}  (1039s)
wrote ../artifacts/cgan/snr_ablation/run003/snr_snr_5.json in 1039s
