node: artongpu05.ee.ethz.ch | gpu: NVIDIA GeForce RTX 2080 Ti
task 3 | shadow_0.1 | SNR 30 dB | device cuda:0
shadowing 0.1 dB | detectors: power_one_sided, power_csi, power_two_sided, kurtosis, spec_cnn  (CNN retrained + calibrated on shadowed frames)
clean: BER 0.000e+00 (closed form 0.000e+00), FAR {"power_one_sided": 0.052734375, "power_two_sided": 0.05224609375, "power_csi": 0.0458984375, "kurtosis": 0.04638671875, "spec_cnn": 0.0537109375}
  [shadow_0.1] classical noise
    JSR  -50.0 dB  BER 0.00e+00  P(det)@0.05 power_one_sided 0.053 power_two_sided 0.057 power_csi 0.068 kurtosis 0.047 spec_cnn 0.035  (0s)
    JSR  -49.0 dB  BER 0.00e+00  P(det)@0.05 power_one_sided 0.049 power_two_sided 0.053 power_csi 0.051 kurtosis 0.045 spec_cnn 0.051  (1s)
    JSR  -48.0 dB  BER 0.00e+00  P(det)@0.05 power_one_sided 0.061 power_two_sided 0.053 power_csi 0.049 kurtosis 0.047 spec_cnn 0.047  (1s)
    JSR  -47.0 dB  BER 0.00e+00  P(det)@0.05 power_one_sided 0.041 power_two_sided 0.061 power_csi 0.049 kurtosis 0.047 spec_cnn 0.049  (1s)
    JSR  -46.0 dB  BER 0.00e+00  P(det)@0.05 power_one_sided 0.061 power_two_sided 0.080 power_csi 0.064 kurtosis 0.070 spec_cnn 0.053  (1s)
    JSR  -45.0 dB  BER 0.00e+00  P(det)@0.05 power_one_sided 0.053 power_two_sided 0.053 power_csi 0.051 kurtosis 0.051 spec_cnn 0.057  (2s)
    JSR  -44.0 dB  BER 0.00e+00  P(det)@0.05 power_one_sided 0.051 power_two_sided 0.064 power_csi 0.068 kurtosis 0.041 spec_cnn 0.057  (2s)
    JSR  -43.0 dB  BER 0.00e+00  P(det)@0.05 power_one_sided 0.045 power_two_sided 0.047 power_csi 0.049 kurtosis 0.053 spec_cnn 0.076  (2s)
    JSR  -42.0 dB  BER 0.00e+00  P(det)@0.05 power_one_sided 0.045 power_two_sided 0.047 power_csi 0.064 kurtosis 0.053 spec_cnn 0.059  (2s)
    JSR  -41.0 dB  BER 0.00e+00  P(det)@0.05 power_one_sided 0.055 power_two_sided 0.064 power_csi 0.064 kurtosis 0.057 spec_cnn 0.072  (3s)
    JSR  -40.0 dB  BER 0.00e+00  P(det)@0.05 power_one_sided 0.055 power_two_sided 0.043 power_csi 0.082 kurtosis 0.064 spec_cnn 0.068  (3s)
    JSR  -39.0 dB  BER 0.00e+00  P(det)@0.05 power_one_sided 0.047 power_two_sided 0.053 power_csi 0.062 kurtosis 0.049 spec_cnn 0.039  (3s)
    JSR  -38.0 dB  BER 0.00e+00  P(det)@0.05 power_one_sided 0.072 power_two_sided 0.057 power_csi 0.094 kurtosis 0.053 spec_cnn 0.059  (4s)
    JSR  -37.0 dB  BER 0.00e+00  P(det)@0.05 power_one_sided 0.049 power_two_sided 0.049 power_csi 0.102 kurtosis 0.049 spec_cnn 0.049  (4s)
    JSR  -36.0 dB  BER 0.00e+00  P(det)@0.05 power_one_sided 0.049 power_two_sided 0.047 power_csi 0.109 kurtosis 0.061 spec_cnn 0.066  (4s)
    JSR  -35.0 dB  BER 0.00e+00  P(det)@0.05 power_one_sided 0.061 power_two_sided 0.045 power_csi 0.107 kurtosis 0.049 spec_cnn 0.078  (4s)
    JSR  -34.0 dB  BER 0.00e+00  P(det)@0.05 power_one_sided 0.059 power_two_sided 0.061 power_csi 0.125 kurtosis 0.053 spec_cnn 0.100  (5s)
    JSR  -33.0 dB  BER 0.00e+00  P(det)@0.05 power_one_sided 0.072 power_two_sided 0.061 power_csi 0.174 kurtosis 0.037 spec_cnn 0.111  (5s)
    JSR  -32.0 dB  BER 0.00e+00  P(det)@0.05 power_one_sided 0.057 power_two_sided 0.045 power_csi 0.197 kurtosis 0.051 spec_cnn 0.152  (5s)
    JSR  -31.0 dB  BER 0.00e+00  P(det)@0.05 power_one_sided 0.064 power_two_sided 0.061 power_csi 0.252 kurtosis 0.039 spec_cnn 0.182  (6s)
    JSR  -30.0 dB  BER 0.00e+00  P(det)@0.05 power_one_sided 0.053 power_two_sided 0.055 power_csi 0.301 kurtosis 0.035 spec_cnn 0.305  (6s)
    JSR  -29.0 dB  BER 0.00e+00  P(det)@0.05 power_one_sided 0.066 power_two_sided 0.051 power_csi 0.375 kurtosis 0.041 spec_cnn 0.410  (6s)
    JSR  -28.0 dB  BER 0.00e+00  P(det)@0.05 power_one_sided 0.064 power_two_sided 0.053 power_csi 0.402 kurtosis 0.062 spec_cnn 0.596  (6s)
    JSR  -27.0 dB  BER 0.00e+00  P(det)@0.05 power_one_sided 0.061 power_two_sided 0.043 power_csi 0.543 kurtosis 0.066 spec_cnn 0.830  (7s)
    JSR  -26.0 dB  BER 0.00e+00  P(det)@0.05 power_one_sided 0.070 power_two_sided 0.045 power_csi 0.629 kurtosis 0.045 spec_cnn 0.951  (7s)
    JSR  -25.0 dB  BER 0.00e+00  P(det)@0.05 power_one_sided 0.062 power_two_sided 0.035 power_csi 0.695 kurtosis 0.057 spec_cnn 0.992  (7s)
    JSR  -24.0 dB  BER 0.00e+00  P(det)@0.05 power_one_sided 0.092 power_two_sided 0.078 power_csi 0.816 kurtosis 0.049 spec_cnn 0.998  (7s)
    JSR  -23.0 dB  BER 0.00e+00  P(det)@0.05 power_one_sided 0.098 power_two_sided 0.076 power_csi 0.854 kurtosis 0.068 spec_cnn 1.000  (8s)
    JSR  -22.0 dB  BER 0.00e+00  P(det)@0.05 power_one_sided 0.092 power_two_sided 0.064 power_csi 0.918 kurtosis 0.076 spec_cnn 1.000  (8s)
    JSR  -21.0 dB  BER 0.00e+00  P(det)@0.05 power_one_sided 0.125 power_two_sided 0.084 power_csi 0.969 kurtosis 0.076 spec_cnn 1.000  (8s)
    JSR  -20.0 dB  BER 0.00e+00  P(det)@0.05 power_one_sided 0.133 power_two_sided 0.082 power_csi 0.988 kurtosis 0.078 spec_cnn 1.000  (9s)
    JSR  -19.0 dB  BER 0.00e+00  P(det)@0.05 power_one_sided 0.188 power_two_sided 0.115 power_csi 0.988 kurtosis 0.102 spec_cnn 1.000  (9s)
    JSR  -18.0 dB  BER 0.00e+00  P(det)@0.05 power_one_sided 0.230 power_two_sided 0.139 power_csi 1.000 kurtosis 0.098 spec_cnn 1.000  (9s)
    JSR  -17.0 dB  BER 0.00e+00  P(det)@0.05 power_one_sided 0.293 power_two_sided 0.211 power_csi 1.000 kurtosis 0.137 spec_cnn 1.000  (9s)
    JSR  -16.0 dB  BER 0.00e+00  P(det)@0.05 power_one_sided 0.414 power_two_sided 0.305 power_csi 1.000 kurtosis 0.160 spec_cnn 1.000  (10s)
    JSR  -15.0 dB  BER 0.00e+00  P(det)@0.05 power_one_sided 0.514 power_two_sided 0.414 power_csi 1.000 kurtosis 0.271 spec_cnn 1.000  (10s)
    JSR  -14.0 dB  BER 0.00e+00  P(det)@0.05 power_one_sided 0.674 power_two_sided 0.576 power_csi 1.000 kurtosis 0.441 spec_cnn 1.000  (10s)
    JSR  -13.0 dB  BER 0.00e+00  P(det)@0.05 power_one_sided 0.814 power_two_sided 0.752 power_csi 1.000 kurtosis 0.586 spec_cnn 1.000  (11s)
    JSR  -12.0 dB  BER 0.00e+00  P(det)@0.05 power_one_sided 0.949 power_two_sided 0.926 power_csi 1.000 kurtosis 0.779 spec_cnn 1.000  (11s)
    JSR  -11.0 dB  BER 0.00e+00  P(det)@0.05 power_one_sided 0.996 power_two_sided 0.984 power_csi 1.000 kurtosis 0.920 spec_cnn 1.000  (11s)
    JSR  -10.0 dB  BER 0.00e+00  P(det)@0.05 power_one_sided 1.000 power_two_sided 1.000 power_csi 1.000 kurtosis 0.982 spec_cnn 1.000  (11s)
    JSR   -9.0 dB  BER 0.00e+00  P(det)@0.05 power_one_sided 1.000 power_two_sided 1.000 power_csi 1.000 kurtosis 1.000 spec_cnn 1.000  (12s)
    JSR   -8.0 dB  BER 0.00e+00  P(det)@0.05 power_one_sided 1.000 power_two_sided 1.000 power_csi 1.000 kurtosis 1.000 spec_cnn 1.000  (12s)
    JSR   -7.0 dB  BER 0.00e+00  P(det)@0.05 power_one_sided 1.000 power_two_sided 1.000 power_csi 1.000 kurtosis 1.000 spec_cnn 1.000  (12s)
    JSR   -6.0 dB  BER 0.00e+00  P(det)@0.05 power_one_sided 1.000 power_two_sided 1.000 power_csi 1.000 kurtosis 1.000 spec_cnn 1.000  (12s)
    JSR   -5.0 dB  BER 0.00e+00  P(det)@0.05 power_one_sided 1.000 power_two_sided 1.000 power_csi 1.000 kurtosis 1.000 spec_cnn 1.000  (13s)
    JSR   -4.0 dB  BER 0.00e+00  P(det)@0.05 power_one_sided 1.000 power_two_sided 1.000 power_csi 1.000 kurtosis 1.000 spec_cnn 1.000  (13s)
    JSR   -3.0 dB  BER 5.34e-05  P(det)@0.05 power_one_sided 1.000 power_two_sided 1.000 power_csi 1.000 kurtosis 1.000 spec_cnn 1.000  (13s)
    JSR   -2.0 dB  BER 2.29e-04  P(det)@0.05 power_one_sided 1.000 power_two_sided 1.000 power_csi 1.000 kurtosis 1.000 spec_cnn 1.000  (14s)
    JSR   -1.0 dB  BER 9.23e-04  P(det)@0.05 power_one_sided 1.000 power_two_sided 1.000 power_csi 1.000 kurtosis 1.000 spec_cnn 1.000  (14s)
    JSR   +0.0 dB  BER 2.37e-03  P(det)@0.05 power_one_sided 1.000 power_two_sided 1.000 power_csi 1.000 kurtosis 1.000 spec_cnn 1.000  (14s)
    JSR   +1.0 dB  BER 5.68e-03  P(det)@0.05 power_one_sided 1.000 power_two_sided 1.000 power_csi 1.000 kurtosis 1.000 spec_cnn 1.000  (14s)
    JSR   +2.0 dB  BER 1.28e-02  P(det)@0.05 power_one_sided 1.000 power_two_sided 1.000 power_csi 1.000 kurtosis 1.000 spec_cnn 1.000  (15s)
    JSR   +3.0 dB  BER 2.23e-02  P(det)@0.05 power_one_sided 1.000 power_two_sided 1.000 power_csi 1.000 kurtosis 1.000 spec_cnn 1.000  (15s)
    JSR   +4.0 dB  BER 3.79e-02  P(det)@0.05 power_one_sided 1.000 power_two_sided 1.000 power_csi 1.000 kurtosis 1.000 spec_cnn 1.000  (15s)
    JSR   +5.0 dB  BER 5.63e-02  P(det)@0.05 power_one_sided 1.000 power_two_sided 1.000 power_csi 1.000 kurtosis 1.000 spec_cnn 1.000  (16s)
    JSR   +6.0 dB  BER 7.86e-02  P(det)@0.05 power_one_sided 1.000 power_two_sided 1.000 power_csi 1.000 kurtosis 1.000 spec_cnn 1.000  (16s)
    JSR   +7.0 dB  BER 1.02e-01  P(det)@0.05 power_one_sided 1.000 power_two_sided 1.000 power_csi 1.000 kurtosis 1.000 spec_cnn 1.000  (16s)
    JSR   +8.0 dB  BER 1.31e-01  P(det)@0.05 power_one_sided 1.000 power_two_sided 1.000 power_csi 1.000 kurtosis 1.000 spec_cnn 1.000  (16s)
    JSR   +9.0 dB  BER 1.60e-01  P(det)@0.05 power_one_sided 1.000 power_two_sided 1.000 power_csi 1.000 kurtosis 1.000 spec_cnn 1.000  (17s)
    JSR  +10.0 dB  BER 1.85e-01  P(det)@0.05 power_one_sided 1.000 power_two_sided 1.000 power_csi 1.000 kurtosis 1.000 spec_cnn 1.000  (17s)
    JSR  +11.0 dB  BER 2.13e-01  P(det)@0.05 power_one_sided 1.000 power_two_sided 1.000 power_csi 1.000 kurtosis 1.000 spec_cnn 1.000  (17s)
    JSR  +12.0 dB  BER 2.40e-01  P(det)@0.05 power_one_sided 1.000 power_two_sided 1.000 power_csi 1.000 kurtosis 1.000 spec_cnn 1.000  (18s)
    JSR  +13.0 dB  BER 2.62e-01  P(det)@0.05 power_one_sided 1.000 power_two_sided 1.000 power_csi 1.000 kurtosis 1.000 spec_cnn 1.000  (18s)
    JSR  +14.0 dB  BER 2.85e-01  P(det)@0.05 power_one_sided 1.000 power_two_sided 1.000 power_csi 1.000 kurtosis 1.000 spec_cnn 1.000  (18s)
    JSR  +15.0 dB  BER 3.09e-01  P(det)@0.05 power_one_sided 1.000 power_two_sided 1.000 power_csi 1.000 kurtosis 1.000 spec_cnn 1.000  (18s)
  [shadow_0.1] noise confirmed: {"power_one_sided": {"0.01": {"index": 0, "sweep_ber": 0.0, "sweep_pdet": 0.013671875, "confirmed_ber": 0.0, "confirmed_ser": 0.0, "confirmed_pdet": 0.013916015625, "passed": false}, "0.05": {"index": 0, "sweep_ber": 0.0, "sweep_pdet": 0.052734375, "confirmed_ber": 0.0, "confirmed_ser": 0.0, "confirmed_pdet": 0.054931640625, "passed": true}}, "power_csi": {"0.01": {"index": 0, "sweep_ber": 0.0, "sweep_pdet": 0.015625, "confirmed_ber": 0.0, "confirmed_ser": 0.0, "confirmed_pdet": 0.01025390625, "passed": true}, "0.05": {"index": 0, "sweep_ber": 0.0, "sweep_pdet": 0.068359375, "confirmed_ber": 0.0, "confirmed_ser": 0.0, "confirmed_pdet": 0.05615234375, "passed": true}}, "power_two_sided": {"0.01": {"index": 0, "sweep_ber": 0.0, "sweep_pdet": 0.015625, "confirmed_ber": 0.0, "confirmed_ser": 0.0, "confirmed_pdet": 0.01123046875, "passed": true}, "0.05": {"index": 0, "sweep_ber": 0.0, "sweep_pdet": 0.056640625, "confirmed_ber": 0.0, "confirmed_ser": 0.0, "confirmed_pdet": 0.0537109375, "passed": true}}, "kurtosis": {"0.01": {"index": 0, "sweep_ber": 0.0, "sweep_pdet": 0.005859375, "confirmed_ber": 0.0, "confirmed_ser": 0.0, "confirmed_pdet": 0.010498046875, "passed": true}, "0.05": {"index": 0, "sweep_ber": 0.0, "sweep_pdet": 0.046875, "confirmed_ber": 0.0, "confirmed_ser": 0.0, "confirmed_pdet": 0.053955078125, "passed": true}}, "spec_cnn": {"0.01": {"index": 0, "sweep_ber": 0.0, "sweep_pdet": 0.01171875, "confirmed_ber": 0.0, "confirmed_ser": 0.0, "confirmed_pdet": 0.0078125, "passed": true}, "0.05": {"index": 0, "sweep_ber": 0.0, "sweep_pdet": 0.03515625, "confirmed_ber": 0.0, "confirmed_ser": 0.0, "confirmed_pdet": 0.04833984375, "passed": true}}}  (46s)
  [shadow_0.1] classical pulsed_p1
    JSR  -50.0 dB  BER 0.00e+00  P(det)@0.05 power_one_sided 0.055 power_two_sided 0.066 power_csi 0.062 kurtosis 0.074 spec_cnn 0.059  (0s)
    JSR  -49.0 dB  BER 0.00e+00  P(det)@0.05 power_one_sided 0.041 power_two_sided 0.059 power_csi 0.047 kurtosis 0.037 spec_cnn 0.061  (1s)
    JSR  -48.0 dB  BER 0.00e+00  P(det)@0.05 power_one_sided 0.047 power_two_sided 0.051 power_csi 0.041 kurtosis 0.055 spec_cnn 0.049  (1s)
    JSR  -47.0 dB  BER 0.00e+00  P(det)@0.05 power_one_sided 0.055 power_two_sided 0.055 power_csi 0.051 kurtosis 0.047 spec_cnn 0.064  (1s)
    JSR  -46.0 dB  BER 0.00e+00  P(det)@0.05 power_one_sided 0.055 power_two_sided 0.064 power_csi 0.080 kurtosis 0.033 spec_cnn 0.035  (2s)
    JSR  -45.0 dB  BER 0.00e+00  P(det)@0.05 power_one_sided 0.057 power_two_sided 0.049 power_csi 0.074 kurtosis 0.053 spec_cnn 0.047  (2s)
    JSR  -44.0 dB  BER 0.00e+00  P(det)@0.05 power_one_sided 0.061 power_two_sided 0.074 power_csi 0.066 kurtosis 0.047 spec_cnn 0.066  (2s)
    JSR  -43.0 dB  BER 0.00e+00  P(det)@0.05 power_one_sided 0.041 power_two_sided 0.055 power_csi 0.074 kurtosis 0.061 spec_cnn 0.059  (2s)
    JSR  -42.0 dB  BER 0.00e+00  P(det)@0.05 power_one_sided 0.053 power_two_sided 0.055 power_csi 0.088 kurtosis 0.053 spec_cnn 0.043  (3s)
    JSR  -41.0 dB  BER 0.00e+00  P(det)@0.05 power_one_sided 0.057 power_two_sided 0.037 power_csi 0.109 kurtosis 0.041 spec_cnn 0.074  (3s)
    JSR  -40.0 dB  BER 0.00e+00  P(det)@0.05 power_one_sided 0.045 power_two_sided 0.049 power_csi 0.117 kurtosis 0.053 spec_cnn 0.092  (3s)
    JSR  -39.0 dB  BER 0.00e+00  P(det)@0.05 power_one_sided 0.033 power_two_sided 0.041 power_csi 0.135 kurtosis 0.041 spec_cnn 0.074  (4s)
    JSR  -38.0 dB  BER 0.00e+00  P(det)@0.05 power_one_sided 0.059 power_two_sided 0.066 power_csi 0.168 kurtosis 0.049 spec_cnn 0.076  (4s)
    JSR  -37.0 dB  BER 0.00e+00  P(det)@0.05 power_one_sided 0.051 power_two_sided 0.035 power_csi 0.180 kurtosis 0.047 spec_cnn 0.096  (4s)
    JSR  -36.0 dB  BER 0.00e+00  P(det)@0.05 power_one_sided 0.051 power_two_sided 0.049 power_csi 0.215 kurtosis 0.041 spec_cnn 0.098  (4s)
    JSR  -35.0 dB  BER 0.00e+00  P(det)@0.05 power_one_sided 0.053 power_two_sided 0.059 power_csi 0.184 kurtosis 0.035 spec_cnn 0.109  (5s)
    JSR  -34.0 dB  BER 0.00e+00  P(det)@0.05 power_one_sided 0.037 power_two_sided 0.053 power_csi 0.225 kurtosis 0.061 spec_cnn 0.162  (5s)
    JSR  -33.0 dB  BER 0.00e+00  P(det)@0.05 power_one_sided 0.049 power_two_sided 0.062 power_csi 0.283 kurtosis 0.053 spec_cnn 0.184  (5s)
    JSR  -32.0 dB  BER 0.00e+00  P(det)@0.05 power_one_sided 0.059 power_two_sided 0.074 power_csi 0.301 kurtosis 0.057 spec_cnn 0.221  (6s)
    JSR  -31.0 dB  BER 0.00e+00  P(det)@0.05 power_one_sided 0.053 power_two_sided 0.045 power_csi 0.350 kurtosis 0.072 spec_cnn 0.299  (6s)
    JSR  -30.0 dB  BER 0.00e+00  P(det)@0.05 power_one_sided 0.045 power_two_sided 0.055 power_csi 0.402 kurtosis 0.041 spec_cnn 0.301  (6s)
    JSR  -29.0 dB  BER 0.00e+00  P(det)@0.05 power_one_sided 0.082 power_two_sided 0.062 power_csi 0.441 kurtosis 0.039 spec_cnn 0.398  (6s)
    JSR  -28.0 dB  BER 0.00e+00  P(det)@0.05 power_one_sided 0.078 power_two_sided 0.055 power_csi 0.463 kurtosis 0.041 spec_cnn 0.434  (7s)
    JSR  -27.0 dB  BER 0.00e+00  P(det)@0.05 power_one_sided 0.064 power_two_sided 0.041 power_csi 0.477 kurtosis 0.037 spec_cnn 0.504  (7s)
    JSR  -26.0 dB  BER 0.00e+00  P(det)@0.05 power_one_sided 0.076 power_two_sided 0.072 power_csi 0.451 kurtosis 0.059 spec_cnn 0.594  (7s)
    JSR  -25.0 dB  BER 0.00e+00  P(det)@0.05 power_one_sided 0.082 power_two_sided 0.070 power_csi 0.590 kurtosis 0.057 spec_cnn 0.652  (8s)
    JSR  -24.0 dB  BER 0.00e+00  P(det)@0.05 power_one_sided 0.072 power_two_sided 0.068 power_csi 0.596 kurtosis 0.047 spec_cnn 0.734  (8s)
    JSR  -23.0 dB  BER 0.00e+00  P(det)@0.05 power_one_sided 0.088 power_two_sided 0.064 power_csi 0.631 kurtosis 0.047 spec_cnn 0.744  (8s)
    JSR  -22.0 dB  BER 0.00e+00  P(det)@0.05 power_one_sided 0.117 power_two_sided 0.100 power_csi 0.697 kurtosis 0.076 spec_cnn 0.781  (8s)
    JSR  -21.0 dB  BER 0.00e+00  P(det)@0.05 power_one_sided 0.129 power_two_sided 0.088 power_csi 0.762 kurtosis 0.076 spec_cnn 0.824  (9s)
    JSR  -20.0 dB  BER 0.00e+00  P(det)@0.05 power_one_sided 0.119 power_two_sided 0.104 power_csi 0.758 kurtosis 0.107 spec_cnn 0.859  (9s)
    JSR  -19.0 dB  BER 0.00e+00  P(det)@0.05 power_one_sided 0.195 power_two_sided 0.154 power_csi 0.789 kurtosis 0.119 spec_cnn 0.869  (9s)
    JSR  -18.0 dB  BER 0.00e+00  P(det)@0.05 power_one_sided 0.236 power_two_sided 0.160 power_csi 0.840 kurtosis 0.160 spec_cnn 0.916  (10s)
    JSR  -17.0 dB  BER 0.00e+00  P(det)@0.05 power_one_sided 0.309 power_two_sided 0.236 power_csi 0.867 kurtosis 0.250 spec_cnn 0.939  (10s)
    JSR  -16.0 dB  BER 0.00e+00  P(det)@0.05 power_one_sided 0.387 power_two_sided 0.312 power_csi 0.908 kurtosis 0.287 spec_cnn 0.928  (10s)
    JSR  -15.0 dB  BER 0.00e+00  P(det)@0.05 power_one_sided 0.482 power_two_sided 0.391 power_csi 0.947 kurtosis 0.482 spec_cnn 0.979  (10s)
    JSR  -14.0 dB  BER 0.00e+00  P(det)@0.05 power_one_sided 0.609 power_two_sided 0.541 power_csi 0.967 kurtosis 0.588 spec_cnn 0.980  (11s)
    JSR  -13.0 dB  BER 0.00e+00  P(det)@0.05 power_one_sided 0.705 power_two_sided 0.641 power_csi 0.980 kurtosis 0.809 spec_cnn 0.988  (11s)
    JSR  -12.0 dB  BER 0.00e+00  P(det)@0.05 power_one_sided 0.799 power_two_sided 0.740 power_csi 0.992 kurtosis 0.928 spec_cnn 0.986  (11s)
    JSR  -11.0 dB  BER 0.00e+00  P(det)@0.05 power_one_sided 0.893 power_two_sided 0.859 power_csi 0.988 kurtosis 0.979 spec_cnn 0.986  (12s)
    JSR  -10.0 dB  BER 0.00e+00  P(det)@0.05 power_one_sided 0.938 power_two_sided 0.926 power_csi 1.000 kurtosis 0.998 spec_cnn 0.992  (12s)
    JSR   -9.0 dB  BER 0.00e+00  P(det)@0.05 power_one_sided 0.979 power_two_sided 0.977 power_csi 0.996 kurtosis 0.996 spec_cnn 0.996  (12s)
    JSR   -8.0 dB  BER 0.00e+00  P(det)@0.05 power_one_sided 1.000 power_two_sided 0.998 power_csi 1.000 kurtosis 1.000 spec_cnn 0.998  (13s)
    JSR   -7.0 dB  BER 1.37e-04  P(det)@0.05 power_one_sided 1.000 power_two_sided 1.000 power_csi 1.000 kurtosis 1.000 spec_cnn 1.000  (13s)
    JSR   -6.0 dB  BER 1.65e-03  P(det)@0.05 power_one_sided 1.000 power_two_sided 1.000 power_csi 1.000 kurtosis 1.000 spec_cnn 1.000  (13s)
    JSR   -5.0 dB  BER 7.90e-03  P(det)@0.05 power_one_sided 1.000 power_two_sided 1.000 power_csi 1.000 kurtosis 1.000 spec_cnn 1.000  (13s)
    JSR   -4.0 dB  BER 2.34e-02  P(det)@0.05 power_one_sided 1.000 power_two_sided 1.000 power_csi 1.000 kurtosis 1.000 spec_cnn 1.000  (14s)
    JSR   -3.0 dB  BER 5.55e-02  P(det)@0.05 power_one_sided 1.000 power_two_sided 1.000 power_csi 1.000 kurtosis 1.000 spec_cnn 1.000  (14s)
    JSR   -2.0 dB  BER 1.12e-01  P(det)@0.05 power_one_sided 1.000 power_two_sided 1.000 power_csi 1.000 kurtosis 1.000 spec_cnn 1.000  (14s)
    JSR   -1.0 dB  BER 1.59e-01  P(det)@0.05 power_one_sided 1.000 power_two_sided 1.000 power_csi 1.000 kurtosis 1.000 spec_cnn 1.000  (15s)
    JSR   +0.0 dB  BER 1.98e-01  P(det)@0.05 power_one_sided 1.000 power_two_sided 1.000 power_csi 1.000 kurtosis 1.000 spec_cnn 1.000  (15s)
    JSR   +1.0 dB  BER 2.33e-01  P(det)@0.05 power_one_sided 1.000 power_two_sided 1.000 power_csi 1.000 kurtosis 1.000 spec_cnn 1.000  (15s)
    JSR   +2.0 dB  BER 2.60e-01  P(det)@0.05 power_one_sided 1.000 power_two_sided 1.000 power_csi 1.000 kurtosis 1.000 spec_cnn 1.000  (15s)
    JSR   +3.0 dB  BER 2.86e-01  P(det)@0.05 power_one_sided 1.000 power_two_sided 1.000 power_csi 1.000 kurtosis 1.000 spec_cnn 1.000  (16s)
    JSR   +4.0 dB  BER 3.12e-01  P(det)@0.05 power_one_sided 1.000 power_two_sided 1.000 power_csi 1.000 kurtosis 1.000 spec_cnn 1.000  (16s)
    JSR   +5.0 dB  BER 3.32e-01  P(det)@0.05 power_one_sided 1.000 power_two_sided 1.000 power_csi 1.000 kurtosis 0.998 spec_cnn 1.000  (16s)
    JSR   +6.0 dB  BER 3.49e-01  P(det)@0.05 power_one_sided 1.000 power_two_sided 1.000 power_csi 1.000 kurtosis 0.988 spec_cnn 1.000  (17s)
    JSR   +7.0 dB  BER 3.62e-01  P(det)@0.05 power_one_sided 1.000 power_two_sided 1.000 power_csi 1.000 kurtosis 0.855 spec_cnn 1.000  (17s)
    JSR   +8.0 dB  BER 3.80e-01  P(det)@0.05 power_one_sided 1.000 power_two_sided 1.000 power_csi 1.000 kurtosis 0.457 spec_cnn 1.000  (17s)
    JSR   +9.0 dB  BER 3.88e-01  P(det)@0.05 power_one_sided 1.000 power_two_sided 1.000 power_csi 1.000 kurtosis 0.131 spec_cnn 1.000  (17s)
    JSR  +10.0 dB  BER 4.00e-01  P(det)@0.05 power_one_sided 1.000 power_two_sided 1.000 power_csi 1.000 kurtosis 0.088 spec_cnn 1.000  (18s)
    JSR  +11.0 dB  BER 4.11e-01  P(det)@0.05 power_one_sided 1.000 power_two_sided 1.000 power_csi 1.000 kurtosis 0.277 spec_cnn 1.000  (18s)
    JSR  +12.0 dB  BER 4.23e-01  P(det)@0.05 power_one_sided 1.000 power_two_sided 1.000 power_csi 1.000 kurtosis 0.615 spec_cnn 1.000  (18s)
    JSR  +13.0 dB  BER 4.32e-01  P(det)@0.05 power_one_sided 1.000 power_two_sided 1.000 power_csi 1.000 kurtosis 0.846 spec_cnn 1.000  (19s)
    JSR  +14.0 dB  BER 4.39e-01  P(det)@0.05 power_one_sided 1.000 power_two_sided 1.000 power_csi 1.000 kurtosis 0.947 spec_cnn 1.000  (19s)
    JSR  +15.0 dB  BER 4.43e-01  P(det)@0.05 power_one_sided 1.000 power_two_sided 1.000 power_csi 1.000 kurtosis 0.979 spec_cnn 1.000  (19s)
  [shadow_0.1] pulsed_p1 confirmed: {"power_one_sided": {"0.01": {"index": 0, "sweep_ber": 0.0, "sweep_pdet": 0.015625, "confirmed_ber": 0.0, "confirmed_ser": 0.0, "confirmed_pdet": 0.01220703125, "passed": true}, "0.05": {"index": 0, "sweep_ber": 0.0, "sweep_pdet": 0.0546875, "confirmed_ber": 0.0, "confirmed_ser": 0.0, "confirmed_pdet": 0.04638671875, "passed": true}}, "power_csi": {"0.01": {"index": 0, "sweep_ber": 0.0, "sweep_pdet": 0.013671875, "confirmed_ber": 0.0, "confirmed_ser": 0.0, "confirmed_pdet": 0.011962890625, "passed": true}, "0.05": {"index": 0, "sweep_ber": 0.0, "sweep_pdet": 0.0625, "confirmed_ber": 0.0, "confirmed_ser": 0.0, "confirmed_pdet": 0.05419921875, "passed": true}}, "power_two_sided": {"0.01": {"index": 0, "sweep_ber": 0.0, "sweep_pdet": 0.009765625, "confirmed_ber": 0.0, "confirmed_ser": 0.0, "confirmed_pdet": 0.01025390625, "passed": true}, "0.05": {"index": 0, "sweep_ber": 0.0, "sweep_pdet": 0.06640625, "confirmed_ber": 0.0, "confirmed_ser": 0.0, "confirmed_pdet": 0.0576171875, "passed": false}}, "kurtosis": {"0.01": {"index": 60, "sweep_ber": 0.39977264404296875, "sweep_pdet": 0.015625, "confirmed_ber": 0.4006357192993164, "confirmed_ser": 0.6414642333984375, "confirmed_pdet": 0.02587890625, "passed": false}, "0.05": {"index": 1, "sweep_ber": 0.0, "sweep_pdet": 0.037109375, "confirmed_ber": 0.0, "confirmed_ser": 0.0, "confirmed_pdet": 0.056640625, "passed": true}}, "spec_cnn": {"0.01": {"index": 0, "sweep_ber": 0.0, "sweep_pdet": 0.01171875, "confirmed_ber": 0.0, "confirmed_ser": 0.0, "confirmed_pdet": 0.010009765625, "passed": true}, "0.05": {"index": 0, "sweep_ber": 0.0, "sweep_pdet": 0.05859375, "confirmed_ber": 0.0, "confirmed_ser": 0.0, "confirmed_pdet": 0.05029296875, "passed": true}}}  (89s)
  [shadow_0.1] classical pulsed_p0.5
    JSR  -50.0 dB  BER 0.00e+00  P(det)@0.05 power_one_sided 0.074 power_two_sided 0.064 power_csi 0.082 kurtosis 0.064 spec_cnn 0.045  (0s)
    JSR  -49.0 dB  BER 0.00e+00  P(det)@0.05 power_one_sided 0.031 power_two_sided 0.033 power_csi 0.057 kurtosis 0.062 spec_cnn 0.062  (1s)
    JSR  -48.0 dB  BER 0.00e+00  P(det)@0.05 power_one_sided 0.080 power_two_sided 0.064 power_csi 0.059 kurtosis 0.043 spec_cnn 0.041  (1s)
    JSR  -47.0 dB  BER 0.00e+00  P(det)@0.05 power_one_sided 0.053 power_two_sided 0.051 power_csi 0.049 kurtosis 0.033 spec_cnn 0.045  (1s)
    JSR  -46.0 dB  BER 0.00e+00  P(det)@0.05 power_one_sided 0.062 power_two_sided 0.059 power_csi 0.107 kurtosis 0.043 spec_cnn 0.070  (2s)
    JSR  -45.0 dB  BER 0.00e+00  P(det)@0.05 power_one_sided 0.053 power_two_sided 0.059 power_csi 0.076 kurtosis 0.045 spec_cnn 0.078  (2s)
    JSR  -44.0 dB  BER 0.00e+00  P(det)@0.05 power_one_sided 0.053 power_two_sided 0.045 power_csi 0.068 kurtosis 0.047 spec_cnn 0.047  (2s)
    JSR  -43.0 dB  BER 0.00e+00  P(det)@0.05 power_one_sided 0.057 power_two_sided 0.055 power_csi 0.084 kurtosis 0.041 spec_cnn 0.051  (2s)
    JSR  -42.0 dB  BER 0.00e+00  P(det)@0.05 power_one_sided 0.043 power_two_sided 0.041 power_csi 0.094 kurtosis 0.047 spec_cnn 0.078  (3s)
    JSR  -41.0 dB  BER 0.00e+00  P(det)@0.05 power_one_sided 0.062 power_two_sided 0.070 power_csi 0.102 kurtosis 0.053 spec_cnn 0.070  (3s)
    JSR  -40.0 dB  BER 0.00e+00  P(det)@0.05 power_one_sided 0.037 power_two_sided 0.039 power_csi 0.117 kurtosis 0.057 spec_cnn 0.076  (3s)
    JSR  -39.0 dB  BER 0.00e+00  P(det)@0.05 power_one_sided 0.074 power_two_sided 0.049 power_csi 0.137 kurtosis 0.061 spec_cnn 0.055  (4s)
    JSR  -38.0 dB  BER 0.00e+00  P(det)@0.05 power_one_sided 0.051 power_two_sided 0.057 power_csi 0.164 kurtosis 0.049 spec_cnn 0.082  (4s)
    JSR  -37.0 dB  BER 0.00e+00  P(det)@0.05 power_one_sided 0.047 power_two_sided 0.045 power_csi 0.184 kurtosis 0.049 spec_cnn 0.123  (4s)
    JSR  -36.0 dB  BER 0.00e+00  P(det)@0.05 power_one_sided 0.062 power_two_sided 0.062 power_csi 0.168 kurtosis 0.047 spec_cnn 0.094  (5s)
    JSR  -35.0 dB  BER 0.00e+00  P(det)@0.05 power_one_sided 0.053 power_two_sided 0.059 power_csi 0.193 kurtosis 0.061 spec_cnn 0.133  (5s)
    JSR  -34.0 dB  BER 0.00e+00  P(det)@0.05 power_one_sided 0.057 power_two_sided 0.062 power_csi 0.258 kurtosis 0.043 spec_cnn 0.162  (5s)
    JSR  -33.0 dB  BER 0.00e+00  P(det)@0.05 power_one_sided 0.053 power_two_sided 0.051 power_csi 0.299 kurtosis 0.039 spec_cnn 0.182  (5s)
    JSR  -32.0 dB  BER 0.00e+00  P(det)@0.05 power_one_sided 0.051 power_two_sided 0.059 power_csi 0.305 kurtosis 0.051 spec_cnn 0.234  (6s)
    JSR  -31.0 dB  BER 0.00e+00  P(det)@0.05 power_one_sided 0.051 power_two_sided 0.045 power_csi 0.338 kurtosis 0.037 spec_cnn 0.289  (6s)
    JSR  -30.0 dB  BER 0.00e+00  P(det)@0.05 power_one_sided 0.045 power_two_sided 0.051 power_csi 0.352 kurtosis 0.037 spec_cnn 0.311  (6s)
    JSR  -29.0 dB  BER 0.00e+00  P(det)@0.05 power_one_sided 0.066 power_two_sided 0.047 power_csi 0.414 kurtosis 0.053 spec_cnn 0.414  (7s)
    JSR  -28.0 dB  BER 0.00e+00  P(det)@0.05 power_one_sided 0.068 power_two_sided 0.064 power_csi 0.486 kurtosis 0.057 spec_cnn 0.420  (7s)
    JSR  -27.0 dB  BER 0.00e+00  P(det)@0.05 power_one_sided 0.070 power_two_sided 0.074 power_csi 0.482 kurtosis 0.043 spec_cnn 0.523  (7s)
    JSR  -26.0 dB  BER 0.00e+00  P(det)@0.05 power_one_sided 0.070 power_two_sided 0.061 power_csi 0.551 kurtosis 0.045 spec_cnn 0.605  (8s)
    JSR  -25.0 dB  BER 0.00e+00  P(det)@0.05 power_one_sided 0.062 power_two_sided 0.057 power_csi 0.572 kurtosis 0.059 spec_cnn 0.621  (8s)
    JSR  -24.0 dB  BER 0.00e+00  P(det)@0.05 power_one_sided 0.078 power_two_sided 0.082 power_csi 0.578 kurtosis 0.074 spec_cnn 0.672  (8s)
    JSR  -23.0 dB  BER 0.00e+00  P(det)@0.05 power_one_sided 0.102 power_two_sided 0.094 power_csi 0.629 kurtosis 0.062 spec_cnn 0.699  (9s)
    JSR  -22.0 dB  BER 0.00e+00  P(det)@0.05 power_one_sided 0.115 power_two_sided 0.086 power_csi 0.684 kurtosis 0.061 spec_cnn 0.711  (9s)
    JSR  -21.0 dB  BER 0.00e+00  P(det)@0.05 power_one_sided 0.119 power_two_sided 0.090 power_csi 0.668 kurtosis 0.086 spec_cnn 0.752  (9s)
    JSR  -20.0 dB  BER 0.00e+00  P(det)@0.05 power_one_sided 0.174 power_two_sided 0.113 power_csi 0.760 kurtosis 0.104 spec_cnn 0.809  (9s)
    JSR  -19.0 dB  BER 0.00e+00  P(det)@0.05 power_one_sided 0.166 power_two_sided 0.131 power_csi 0.873 kurtosis 0.125 spec_cnn 0.852  (10s)
    JSR  -18.0 dB  BER 0.00e+00  P(det)@0.05 power_one_sided 0.229 power_two_sided 0.180 power_csi 0.855 kurtosis 0.131 spec_cnn 0.869  (10s)
    JSR  -17.0 dB  BER 0.00e+00  P(det)@0.05 power_one_sided 0.281 power_two_sided 0.229 power_csi 0.881 kurtosis 0.246 spec_cnn 0.883  (10s)
    JSR  -16.0 dB  BER 0.00e+00  P(det)@0.05 power_one_sided 0.387 power_two_sided 0.301 power_csi 0.910 kurtosis 0.307 spec_cnn 0.893  (11s)
    JSR  -15.0 dB  BER 0.00e+00  P(det)@0.05 power_one_sided 0.445 power_two_sided 0.373 power_csi 0.930 kurtosis 0.451 spec_cnn 0.900  (11s)
    JSR  -14.0 dB  BER 0.00e+00  P(det)@0.05 power_one_sided 0.561 power_two_sided 0.461 power_csi 0.969 kurtosis 0.656 spec_cnn 0.936  (11s)
    JSR  -13.0 dB  BER 0.00e+00  P(det)@0.05 power_one_sided 0.691 power_two_sided 0.637 power_csi 0.984 kurtosis 0.836 spec_cnn 0.947  (12s)
    JSR  -12.0 dB  BER 0.00e+00  P(det)@0.05 power_one_sided 0.807 power_two_sided 0.742 power_csi 0.994 kurtosis 0.953 spec_cnn 0.969  (12s)
    JSR  -11.0 dB  BER 0.00e+00  P(det)@0.05 power_one_sided 0.896 power_two_sided 0.867 power_csi 0.996 kurtosis 0.986 spec_cnn 0.971  (12s)
    JSR  -10.0 dB  BER 1.53e-05  P(det)@0.05 power_one_sided 0.951 power_two_sided 0.936 power_csi 0.996 kurtosis 0.996 spec_cnn 0.965  (12s)
    JSR   -9.0 dB  BER 1.91e-04  P(det)@0.05 power_one_sided 0.988 power_two_sided 0.986 power_csi 1.000 kurtosis 1.000 spec_cnn 0.990  (13s)
    JSR   -8.0 dB  BER 1.47e-03  P(det)@0.05 power_one_sided 0.998 power_two_sided 0.996 power_csi 1.000 kurtosis 1.000 spec_cnn 0.990  (13s)
    JSR   -7.0 dB  BER 5.26e-03  P(det)@0.05 power_one_sided 1.000 power_two_sided 0.998 power_csi 1.000 kurtosis 1.000 spec_cnn 1.000  (13s)
    JSR   -6.0 dB  BER 1.73e-02  P(det)@0.05 power_one_sided 1.000 power_two_sided 1.000 power_csi 1.000 kurtosis 1.000 spec_cnn 0.998  (14s)
    JSR   -5.0 dB  BER 4.49e-02  P(det)@0.05 power_one_sided 1.000 power_two_sided 1.000 power_csi 1.000 kurtosis 1.000 spec_cnn 1.000  (14s)
    JSR   -4.0 dB  BER 7.15e-02  P(det)@0.05 power_one_sided 1.000 power_two_sided 1.000 power_csi 1.000 kurtosis 1.000 spec_cnn 1.000  (14s)
    JSR   -3.0 dB  BER 9.47e-02  P(det)@0.05 power_one_sided 1.000 power_two_sided 1.000 power_csi 1.000 kurtosis 1.000 spec_cnn 1.000  (15s)
    JSR   -2.0 dB  BER 1.18e-01  P(det)@0.05 power_one_sided 1.000 power_two_sided 1.000 power_csi 1.000 kurtosis 1.000 spec_cnn 1.000  (15s)
    JSR   -1.0 dB  BER 1.37e-01  P(det)@0.05 power_one_sided 1.000 power_two_sided 1.000 power_csi 1.000 kurtosis 1.000 spec_cnn 1.000  (15s)
    JSR   +0.0 dB  BER 1.54e-01  P(det)@0.05 power_one_sided 1.000 power_two_sided 1.000 power_csi 1.000 kurtosis 1.000 spec_cnn 1.000  (16s)
    JSR   +1.0 dB  BER 1.70e-01  P(det)@0.05 power_one_sided 1.000 power_two_sided 1.000 power_csi 1.000 kurtosis 1.000 spec_cnn 1.000  (16s)
    JSR   +2.0 dB  BER 1.87e-01  P(det)@0.05 power_one_sided 1.000 power_two_sided 1.000 power_csi 1.000 kurtosis 1.000 spec_cnn 1.000  (16s)
    JSR   +3.0 dB  BER 2.01e-01  P(det)@0.05 power_one_sided 1.000 power_two_sided 1.000 power_csi 1.000 kurtosis 1.000 spec_cnn 1.000  (16s)
    JSR   +4.0 dB  BER 2.11e-01  P(det)@0.05 power_one_sided 1.000 power_two_sided 1.000 power_csi 1.000 kurtosis 1.000 spec_cnn 1.000  (17s)
    JSR   +5.0 dB  BER 2.23e-01  P(det)@0.05 power_one_sided 1.000 power_two_sided 1.000 power_csi 1.000 kurtosis 1.000 spec_cnn 1.000  (17s)
    JSR   +6.0 dB  BER 2.37e-01  P(det)@0.05 power_one_sided 1.000 power_two_sided 1.000 power_csi 1.000 kurtosis 1.000 spec_cnn 1.000  (17s)
    JSR   +7.0 dB  BER 2.45e-01  P(det)@0.05 power_one_sided 1.000 power_two_sided 1.000 power_csi 1.000 kurtosis 1.000 spec_cnn 1.000  (18s)
    JSR   +8.0 dB  BER 2.63e-01  P(det)@0.05 power_one_sided 1.000 power_two_sided 1.000 power_csi 1.000 kurtosis 1.000 spec_cnn 1.000  (18s)
    JSR   +9.0 dB  BER 2.71e-01  P(det)@0.05 power_one_sided 1.000 power_two_sided 1.000 power_csi 1.000 kurtosis 1.000 spec_cnn 1.000  (18s)
    JSR  +10.0 dB  BER 2.88e-01  P(det)@0.05 power_one_sided 1.000 power_two_sided 1.000 power_csi 1.000 kurtosis 1.000 spec_cnn 1.000  (19s)
    JSR  +11.0 dB  BER 2.97e-01  P(det)@0.05 power_one_sided 1.000 power_two_sided 1.000 power_csi 1.000 kurtosis 1.000 spec_cnn 1.000  (19s)
    JSR  +12.0 dB  BER 3.18e-01  P(det)@0.05 power_one_sided 1.000 power_two_sided 1.000 power_csi 1.000 kurtosis 1.000 spec_cnn 1.000  (19s)
    JSR  +13.0 dB  BER 3.20e-01  P(det)@0.05 power_one_sided 1.000 power_two_sided 1.000 power_csi 1.000 kurtosis 1.000 spec_cnn 1.000  (20s)
    JSR  +14.0 dB  BER 3.32e-01  P(det)@0.05 power_one_sided 1.000 power_two_sided 1.000 power_csi 1.000 kurtosis 1.000 spec_cnn 1.000  (20s)
    JSR  +15.0 dB  BER 3.50e-01  P(det)@0.05 power_one_sided 1.000 power_two_sided 1.000 power_csi 1.000 kurtosis 1.000 spec_cnn 1.000  (20s)
  [shadow_0.1] pulsed_p0.5 confirmed: {"power_one_sided": {"0.01": {"index": 0, "sweep_ber": 0.0, "sweep_pdet": 0.013671875, "confirmed_ber": 0.0, "confirmed_ser": 0.0, "confirmed_pdet": 0.012939453125, "passed": true}, "0.05": {"index": 1, "sweep_ber": 0.0, "sweep_pdet": 0.03125, "confirmed_ber": 0.0, "confirmed_ser": 0.0, "confirmed_pdet": 0.054931640625, "passed": true}}, "power_csi": {"0.01": {"index": 0, "sweep_ber": 0.0, "sweep_pdet": 0.009765625, "confirmed_ber": 0.0, "confirmed_ser": 0.0, "confirmed_pdet": 0.012451171875, "passed": true}, "0.05": {"index": 1, "sweep_ber": 0.0, "sweep_pdet": 0.056640625, "confirmed_ber": 0.0, "confirmed_ser": 0.0, "confirmed_pdet": 0.052001953125, "passed": true}}, "power_two_sided": {"0.01": {"index": 0, "sweep_ber": 0.0, "sweep_pdet": 0.013671875, "confirmed_ber": 0.0, "confirmed_ser": 0.0, "confirmed_pdet": 0.010986328125, "passed": true}, "0.05": {"index": 0, "sweep_ber": 0.0, "sweep_pdet": 0.064453125, "confirmed_ber": 0.0, "confirmed_ser": 0.0, "confirmed_pdet": 0.05712890625, "passed": false}}, "kurtosis": {"0.01": {"index": 0, "sweep_ber": 0.0, "sweep_pdet": 0.01171875, "confirmed_ber": 0.0, "confirmed_ser": 0.0, "confirmed_pdet": 0.010498046875, "passed": true}, "0.05": {"index": 0, "sweep_ber": 0.0, "sweep_pdet": 0.064453125, "confirmed_ber": 0.0, "confirmed_ser": 0.0, "confirmed_pdet": 0.049072265625, "passed": true}}, "spec_cnn": {"0.01": {"index": 0, "sweep_ber": 0.0, "sweep_pdet": 0.01171875, "confirmed_ber": 0.0, "confirmed_ser": 0.0, "confirmed_pdet": 0.010498046875, "passed": true}, "0.05": {"index": 0, "sweep_ber": 0.0, "sweep_pdet": 0.044921875, "confirmed_ber": 0.0, "confirmed_ser": 0.0, "confirmed_pdet": 0.052978515625, "passed": true}}}  (134s)
  [shadow_0.1] classical pulsed_p0.25
    JSR  -50.0 dB  BER 0.00e+00  P(det)@0.05 power_one_sided 0.051 power_two_sided 0.051 power_csi 0.053 kurtosis 0.051 spec_cnn 0.039  (0s)
    JSR  -49.0 dB  BER 0.00e+00  P(det)@0.05 power_one_sided 0.064 power_two_sided 0.068 power_csi 0.064 kurtosis 0.061 spec_cnn 0.061  (1s)
    JSR  -48.0 dB  BER 0.00e+00  P(det)@0.05 power_one_sided 0.051 power_two_sided 0.039 power_csi 0.053 kurtosis 0.043 spec_cnn 0.045  (1s)
    JSR  -47.0 dB  BER 0.00e+00  P(det)@0.05 power_one_sided 0.047 power_two_sided 0.043 power_csi 0.062 kurtosis 0.061 spec_cnn 0.062  (1s)
    JSR  -46.0 dB  BER 0.00e+00  P(det)@0.05 power_one_sided 0.059 power_two_sided 0.053 power_csi 0.049 kurtosis 0.043 spec_cnn 0.062  (2s)
    JSR  -45.0 dB  BER 0.00e+00  P(det)@0.05 power_one_sided 0.045 power_two_sided 0.041 power_csi 0.066 kurtosis 0.041 spec_cnn 0.049  (2s)
    JSR  -44.0 dB  BER 0.00e+00  P(det)@0.05 power_one_sided 0.041 power_two_sided 0.039 power_csi 0.068 kurtosis 0.061 spec_cnn 0.043  (2s)
    JSR  -43.0 dB  BER 0.00e+00  P(det)@0.05 power_one_sided 0.059 power_two_sided 0.055 power_csi 0.070 kurtosis 0.039 spec_cnn 0.061  (2s)
    JSR  -42.0 dB  BER 0.00e+00  P(det)@0.05 power_one_sided 0.051 power_two_sided 0.045 power_csi 0.078 kurtosis 0.055 spec_cnn 0.059  (3s)
    JSR  -41.0 dB  BER 0.00e+00  P(det)@0.05 power_one_sided 0.051 power_two_sided 0.047 power_csi 0.125 kurtosis 0.055 spec_cnn 0.059  (3s)
    JSR  -40.0 dB  BER 0.00e+00  P(det)@0.05 power_one_sided 0.061 power_two_sided 0.061 power_csi 0.111 kurtosis 0.037 spec_cnn 0.061  (3s)
    JSR  -39.0 dB  BER 0.00e+00  P(det)@0.05 power_one_sided 0.053 power_two_sided 0.055 power_csi 0.119 kurtosis 0.055 spec_cnn 0.082  (4s)
    JSR  -38.0 dB  BER 0.00e+00  P(det)@0.05 power_one_sided 0.068 power_two_sided 0.061 power_csi 0.172 kurtosis 0.055 spec_cnn 0.086  (4s)
    JSR  -37.0 dB  BER 0.00e+00  P(det)@0.05 power_one_sided 0.051 power_two_sided 0.047 power_csi 0.176 kurtosis 0.045 spec_cnn 0.094  (4s)
    JSR  -36.0 dB  BER 0.00e+00  P(det)@0.05 power_one_sided 0.041 power_two_sided 0.039 power_csi 0.184 kurtosis 0.045 spec_cnn 0.121  (5s)
    JSR  -35.0 dB  BER 0.00e+00  P(det)@0.05 power_one_sided 0.045 power_two_sided 0.051 power_csi 0.250 kurtosis 0.041 spec_cnn 0.135  (5s)
    JSR  -34.0 dB  BER 0.00e+00  P(det)@0.05 power_one_sided 0.064 power_two_sided 0.066 power_csi 0.219 kurtosis 0.049 spec_cnn 0.180  (5s)
    JSR  -33.0 dB  BER 0.00e+00  P(det)@0.05 power_one_sided 0.061 power_two_sided 0.057 power_csi 0.291 kurtosis 0.031 spec_cnn 0.184  (6s)
    JSR  -32.0 dB  BER 0.00e+00  P(det)@0.05 power_one_sided 0.061 power_two_sided 0.053 power_csi 0.314 kurtosis 0.039 spec_cnn 0.240  (6s)
    JSR  -31.0 dB  BER 0.00e+00  P(det)@0.05 power_one_sided 0.059 power_two_sided 0.064 power_csi 0.355 kurtosis 0.049 spec_cnn 0.291  (6s)
    JSR  -30.0 dB  BER 0.00e+00  P(det)@0.05 power_one_sided 0.029 power_two_sided 0.027 power_csi 0.404 kurtosis 0.051 spec_cnn 0.279  (7s)
    JSR  -29.0 dB  BER 0.00e+00  P(det)@0.05 power_one_sided 0.053 power_two_sided 0.061 power_csi 0.369 kurtosis 0.053 spec_cnn 0.344  (7s)
    JSR  -28.0 dB  BER 0.00e+00  P(det)@0.05 power_one_sided 0.070 power_two_sided 0.072 power_csi 0.414 kurtosis 0.041 spec_cnn 0.379  (7s)
    JSR  -27.0 dB  BER 0.00e+00  P(det)@0.05 power_one_sided 0.082 power_two_sided 0.076 power_csi 0.520 kurtosis 0.049 spec_cnn 0.443  (7s)
    JSR  -26.0 dB  BER 0.00e+00  P(det)@0.05 power_one_sided 0.059 power_two_sided 0.055 power_csi 0.508 kurtosis 0.068 spec_cnn 0.492  (8s)
    JSR  -25.0 dB  BER 0.00e+00  P(det)@0.05 power_one_sided 0.086 power_two_sided 0.090 power_csi 0.559 kurtosis 0.061 spec_cnn 0.477  (8s)
    JSR  -24.0 dB  BER 0.00e+00  P(det)@0.05 power_one_sided 0.088 power_two_sided 0.072 power_csi 0.643 kurtosis 0.064 spec_cnn 0.527  (8s)
    JSR  -23.0 dB  BER 0.00e+00  P(det)@0.05 power_one_sided 0.113 power_two_sided 0.094 power_csi 0.658 kurtosis 0.084 spec_cnn 0.545  (9s)
    JSR  -22.0 dB  BER 0.00e+00  P(det)@0.05 power_one_sided 0.123 power_two_sided 0.090 power_csi 0.652 kurtosis 0.078 spec_cnn 0.596  (9s)
    JSR  -21.0 dB  BER 0.00e+00  P(det)@0.05 power_one_sided 0.121 power_two_sided 0.107 power_csi 0.715 kurtosis 0.094 spec_cnn 0.621  (9s)
    JSR  -20.0 dB  BER 0.00e+00  P(det)@0.05 power_one_sided 0.135 power_two_sided 0.115 power_csi 0.797 kurtosis 0.094 spec_cnn 0.627  (10s)
    JSR  -19.0 dB  BER 0.00e+00  P(det)@0.05 power_one_sided 0.217 power_two_sided 0.172 power_csi 0.801 kurtosis 0.141 spec_cnn 0.641  (10s)
    JSR  -18.0 dB  BER 0.00e+00  P(det)@0.05 power_one_sided 0.221 power_two_sided 0.180 power_csi 0.830 kurtosis 0.180 spec_cnn 0.656  (10s)
    JSR  -17.0 dB  BER 0.00e+00  P(det)@0.05 power_one_sided 0.322 power_two_sided 0.260 power_csi 0.898 kurtosis 0.242 spec_cnn 0.707  (11s)
    JSR  -16.0 dB  BER 0.00e+00  P(det)@0.05 power_one_sided 0.396 power_two_sided 0.334 power_csi 0.926 kurtosis 0.318 spec_cnn 0.758  (11s)
    JSR  -15.0 dB  BER 0.00e+00  P(det)@0.05 power_one_sided 0.463 power_two_sided 0.359 power_csi 0.949 kurtosis 0.490 spec_cnn 0.770  (11s)
    JSR  -14.0 dB  BER 0.00e+00  P(det)@0.05 power_one_sided 0.594 power_two_sided 0.502 power_csi 0.939 kurtosis 0.662 spec_cnn 0.803  (11s)
    JSR  -13.0 dB  BER 0.00e+00  P(det)@0.05 power_one_sided 0.697 power_two_sided 0.623 power_csi 0.963 kurtosis 0.830 spec_cnn 0.838  (12s)
    JSR  -12.0 dB  BER 3.81e-05  P(det)@0.05 power_one_sided 0.779 power_two_sided 0.725 power_csi 0.982 kurtosis 0.955 spec_cnn 0.834  (12s)
    JSR  -11.0 dB  BER 3.66e-04  P(det)@0.05 power_one_sided 0.867 power_two_sided 0.846 power_csi 0.994 kurtosis 0.984 spec_cnn 0.865  (12s)
    JSR  -10.0 dB  BER 1.51e-03  P(det)@0.05 power_one_sided 0.945 power_two_sided 0.932 power_csi 0.996 kurtosis 0.998 spec_cnn 0.912  (13s)
    JSR   -9.0 dB  BER 6.02e-03  P(det)@0.05 power_one_sided 0.984 power_two_sided 0.977 power_csi 0.998 kurtosis 0.998 spec_cnn 0.916  (13s)
    JSR   -8.0 dB  BER 1.97e-02  P(det)@0.05 power_one_sided 0.994 power_two_sided 0.988 power_csi 1.000 kurtosis 1.000 spec_cnn 0.955  (13s)
    JSR   -7.0 dB  BER 3.33e-02  P(det)@0.05 power_one_sided 0.996 power_two_sided 0.996 power_csi 1.000 kurtosis 1.000 spec_cnn 0.979  (14s)
    JSR   -6.0 dB  BER 4.51e-02  P(det)@0.05 power_one_sided 1.000 power_two_sided 1.000 power_csi 1.000 kurtosis 1.000 spec_cnn 0.986  (14s)
    JSR   -5.0 dB  BER 5.58e-02  P(det)@0.05 power_one_sided 1.000 power_two_sided 1.000 power_csi 1.000 kurtosis 1.000 spec_cnn 0.996  (14s)
    JSR   -4.0 dB  BER 6.97e-02  P(det)@0.05 power_one_sided 1.000 power_two_sided 1.000 power_csi 1.000 kurtosis 1.000 spec_cnn 0.998  (15s)
    JSR   -3.0 dB  BER 7.74e-02  P(det)@0.05 power_one_sided 1.000 power_two_sided 1.000 power_csi 1.000 kurtosis 1.000 spec_cnn 1.000  (15s)
    JSR   -2.0 dB  BER 8.75e-02  P(det)@0.05 power_one_sided 1.000 power_two_sided 1.000 power_csi 1.000 kurtosis 1.000 spec_cnn 1.000  (15s)
    JSR   -1.0 dB  BER 9.62e-02  P(det)@0.05 power_one_sided 1.000 power_two_sided 1.000 power_csi 1.000 kurtosis 1.000 spec_cnn 1.000  (16s)
    JSR   +0.0 dB  BER 1.07e-01  P(det)@0.05 power_one_sided 1.000 power_two_sided 1.000 power_csi 1.000 kurtosis 1.000 spec_cnn 1.000  (16s)
    JSR   +1.0 dB  BER 1.17e-01  P(det)@0.05 power_one_sided 1.000 power_two_sided 1.000 power_csi 1.000 kurtosis 1.000 spec_cnn 1.000  (16s)
    JSR   +2.0 dB  BER 1.24e-01  P(det)@0.05 power_one_sided 1.000 power_two_sided 1.000 power_csi 1.000 kurtosis 1.000 spec_cnn 1.000  (16s)
    JSR   +3.0 dB  BER 1.28e-01  P(det)@0.05 power_one_sided 1.000 power_two_sided 1.000 power_csi 1.000 kurtosis 1.000 spec_cnn 1.000  (17s)
    JSR   +4.0 dB  BER 1.37e-01  P(det)@0.05 power_one_sided 1.000 power_two_sided 1.000 power_csi 1.000 kurtosis 1.000 spec_cnn 1.000  (17s)
    JSR   +5.0 dB  BER 1.47e-01  P(det)@0.05 power_one_sided 1.000 power_two_sided 1.000 power_csi 1.000 kurtosis 1.000 spec_cnn 1.000  (17s)
    JSR   +6.0 dB  BER 1.51e-01  P(det)@0.05 power_one_sided 1.000 power_two_sided 1.000 power_csi 1.000 kurtosis 1.000 spec_cnn 1.000  (18s)
    JSR   +7.0 dB  BER 1.65e-01  P(det)@0.05 power_one_sided 1.000 power_two_sided 1.000 power_csi 1.000 kurtosis 1.000 spec_cnn 1.000  (18s)
    JSR   +8.0 dB  BER 1.78e-01  P(det)@0.05 power_one_sided 1.000 power_two_sided 1.000 power_csi 1.000 kurtosis 1.000 spec_cnn 1.000  (18s)
    JSR   +9.0 dB  BER 1.84e-01  P(det)@0.05 power_one_sided 1.000 power_two_sided 1.000 power_csi 1.000 kurtosis 1.000 spec_cnn 1.000  (19s)
    JSR  +10.0 dB  BER 1.90e-01  P(det)@0.05 power_one_sided 1.000 power_two_sided 1.000 power_csi 1.000 kurtosis 1.000 spec_cnn 1.000  (19s)
    JSR  +11.0 dB  BER 2.07e-01  P(det)@0.05 power_one_sided 1.000 power_two_sided 1.000 power_csi 1.000 kurtosis 1.000 spec_cnn 1.000  (19s)
    JSR  +12.0 dB  BER 2.17e-01  P(det)@0.05 power_one_sided 1.000 power_two_sided 1.000 power_csi 1.000 kurtosis 1.000 spec_cnn 1.000  (20s)
    JSR  +13.0 dB  BER 2.30e-01  P(det)@0.05 power_one_sided 1.000 power_two_sided 1.000 power_csi 1.000 kurtosis 1.000 spec_cnn 1.000  (20s)
    JSR  +14.0 dB  BER 2.40e-01  P(det)@0.05 power_one_sided 1.000 power_two_sided 1.000 power_csi 1.000 kurtosis 1.000 spec_cnn 1.000  (20s)
    JSR  +15.0 dB  BER 2.50e-01  P(det)@0.05 power_one_sided 1.000 power_two_sided 1.000 power_csi 1.000 kurtosis 1.000 spec_cnn 1.000  (21s)
  [shadow_0.1] pulsed_p0.25 confirmed: {"power_one_sided": {"0.01": {"index": 0, "sweep_ber": 0.0, "sweep_pdet": 0.0078125, "confirmed_ber": 0.0, "confirmed_ser": 0.0, "confirmed_pdet": 0.009521484375, "passed": true}, "0.05": {"index": 0, "sweep_ber": 0.0, "sweep_pdet": 0.05078125, "confirmed_ber": 0.0, "confirmed_ser": 0.0, "confirmed_pdet": 0.04931640625, "passed": true}}, "power_csi": {"0.01": {"index": 0, "sweep_ber": 0.0, "sweep_pdet": 0.015625, "confirmed_ber": 0.0, "confirmed_ser": 0.0, "confirmed_pdet": 0.00927734375, "passed": true}, "0.05": {"index": 0, "sweep_ber": 0.0, "sweep_pdet": 0.052734375, "confirmed_ber": 0.0, "confirmed_ser": 0.0, "confirmed_pdet": 0.0556640625, "passed": true}}, "power_two_sided": {"0.01": {"index": 0, "sweep_ber": 0.0, "sweep_pdet": 0.013671875, "confirmed_ber": 0.0, "confirmed_ser": 0.0, "confirmed_pdet": 0.01025390625, "passed": true}, "0.05": {"index": 0, "sweep_ber": 0.0, "sweep_pdet": 0.05078125, "confirmed_ber": 0.0, "confirmed_ser": 0.0, "confirmed_pdet": 0.052734375, "passed": true}}, "kurtosis": {"0.01": {"index": 0, "sweep_ber": 0.0, "sweep_pdet": 0.0078125, "confirmed_ber": 0.0, "confirmed_ser": 0.0, "confirmed_pdet": 0.010498046875, "passed": true}, "0.05": {"index": 0, "sweep_ber": 0.0, "sweep_pdet": 0.05078125, "confirmed_ber": 0.0, "confirmed_ser": 0.0, "confirmed_pdet": 0.04736328125, "passed": true}}, "spec_cnn": {"0.01": {"index": 0, "sweep_ber": 0.0, "sweep_pdet": 0.0078125, "confirmed_ber": 0.0, "confirmed_ser": 0.0, "confirmed_pdet": 0.01220703125, "passed": true}, "0.05": {"index": 0, "sweep_ber": 0.0, "sweep_pdet": 0.0390625, "confirmed_ber": 0.0, "confirmed_ser": 0.0, "confirmed_pdet": 0.051513671875, "passed": true}}}  (180s)
  [shadow_0.1] classical pulsed_p0.1
    JSR  -50.0 dB  BER 0.00e+00  P(det)@0.05 power_one_sided 0.047 power_two_sided 0.057 power_csi 0.057 kurtosis 0.049 spec_cnn 0.043  (0s)
    JSR  -49.0 dB  BER 0.00e+00  P(det)@0.05 power_one_sided 0.049 power_two_sided 0.051 power_csi 0.055 kurtosis 0.051 spec_cnn 0.072  (1s)
    JSR  -48.0 dB  BER 0.00e+00  P(det)@0.05 power_one_sided 0.057 power_two_sided 0.055 power_csi 0.055 kurtosis 0.029 spec_cnn 0.064  (1s)
    JSR  -47.0 dB  BER 0.00e+00  P(det)@0.05 power_one_sided 0.061 power_two_sided 0.051 power_csi 0.072 kurtosis 0.049 spec_cnn 0.062  (1s)
    JSR  -46.0 dB  BER 0.00e+00  P(det)@0.05 power_one_sided 0.096 power_two_sided 0.059 power_csi 0.078 kurtosis 0.062 spec_cnn 0.057  (2s)
    JSR  -45.0 dB  BER 0.00e+00  P(det)@0.05 power_one_sided 0.051 power_two_sided 0.072 power_csi 0.064 kurtosis 0.047 spec_cnn 0.064  (2s)
    JSR  -44.0 dB  BER 0.00e+00  P(det)@0.05 power_one_sided 0.039 power_two_sided 0.035 power_csi 0.070 kurtosis 0.049 spec_cnn 0.057  (2s)
    JSR  -43.0 dB  BER 0.00e+00  P(det)@0.05 power_one_sided 0.043 power_two_sided 0.055 power_csi 0.084 kurtosis 0.043 spec_cnn 0.070  (2s)
    JSR  -42.0 dB  BER 0.00e+00  P(det)@0.05 power_one_sided 0.062 power_two_sided 0.070 power_csi 0.100 kurtosis 0.066 spec_cnn 0.057  (3s)
    JSR  -41.0 dB  BER 0.00e+00  P(det)@0.05 power_one_sided 0.062 power_two_sided 0.055 power_csi 0.092 kurtosis 0.055 spec_cnn 0.070  (3s)
    JSR  -40.0 dB  BER 0.00e+00  P(det)@0.05 power_one_sided 0.053 power_two_sided 0.064 power_csi 0.100 kurtosis 0.041 spec_cnn 0.070  (3s)
    JSR  -39.0 dB  BER 0.00e+00  P(det)@0.05 power_one_sided 0.041 power_two_sided 0.043 power_csi 0.129 kurtosis 0.047 spec_cnn 0.088  (4s)
    JSR  -38.0 dB  BER 0.00e+00  P(det)@0.05 power_one_sided 0.039 power_two_sided 0.029 power_csi 0.139 kurtosis 0.055 spec_cnn 0.082  (4s)
    JSR  -37.0 dB  BER 0.00e+00  P(det)@0.05 power_one_sided 0.049 power_two_sided 0.035 power_csi 0.191 kurtosis 0.053 spec_cnn 0.094  (4s)
    JSR  -36.0 dB  BER 0.00e+00  P(det)@0.05 power_one_sided 0.043 power_two_sided 0.055 power_csi 0.182 kurtosis 0.049 spec_cnn 0.104  (5s)
    JSR  -35.0 dB  BER 0.00e+00  P(det)@0.05 power_one_sided 0.068 power_two_sided 0.070 power_csi 0.258 kurtosis 0.045 spec_cnn 0.113  (5s)
    JSR  -34.0 dB  BER 0.00e+00  P(det)@0.05 power_one_sided 0.049 power_two_sided 0.047 power_csi 0.256 kurtosis 0.037 spec_cnn 0.143  (5s)
    JSR  -33.0 dB  BER 0.00e+00  P(det)@0.05 power_one_sided 0.053 power_two_sided 0.043 power_csi 0.268 kurtosis 0.047 spec_cnn 0.176  (6s)
    JSR  -32.0 dB  BER 0.00e+00  P(det)@0.05 power_one_sided 0.061 power_two_sided 0.066 power_csi 0.324 kurtosis 0.062 spec_cnn 0.189  (6s)
    JSR  -31.0 dB  BER 0.00e+00  P(det)@0.05 power_one_sided 0.049 power_two_sided 0.064 power_csi 0.332 kurtosis 0.041 spec_cnn 0.229  (6s)
    JSR  -30.0 dB  BER 0.00e+00  P(det)@0.05 power_one_sided 0.049 power_two_sided 0.045 power_csi 0.369 kurtosis 0.055 spec_cnn 0.240  (7s)
    JSR  -29.0 dB  BER 0.00e+00  P(det)@0.05 power_one_sided 0.059 power_two_sided 0.059 power_csi 0.398 kurtosis 0.061 spec_cnn 0.277  (7s)
    JSR  -28.0 dB  BER 0.00e+00  P(det)@0.05 power_one_sided 0.080 power_two_sided 0.062 power_csi 0.439 kurtosis 0.059 spec_cnn 0.268  (7s)
    JSR  -27.0 dB  BER 0.00e+00  P(det)@0.05 power_one_sided 0.084 power_two_sided 0.070 power_csi 0.475 kurtosis 0.049 spec_cnn 0.260  (8s)
    JSR  -26.0 dB  BER 0.00e+00  P(det)@0.05 power_one_sided 0.076 power_two_sided 0.078 power_csi 0.527 kurtosis 0.045 spec_cnn 0.287  (8s)
    JSR  -25.0 dB  BER 0.00e+00  P(det)@0.05 power_one_sided 0.070 power_two_sided 0.049 power_csi 0.604 kurtosis 0.049 spec_cnn 0.309  (8s)
    JSR  -24.0 dB  BER 0.00e+00  P(det)@0.05 power_one_sided 0.070 power_two_sided 0.061 power_csi 0.604 kurtosis 0.080 spec_cnn 0.344  (8s)
    JSR  -23.0 dB  BER 0.00e+00  P(det)@0.05 power_one_sided 0.096 power_two_sided 0.078 power_csi 0.646 kurtosis 0.059 spec_cnn 0.312  (9s)
    JSR  -22.0 dB  BER 0.00e+00  P(det)@0.05 power_one_sided 0.115 power_two_sided 0.092 power_csi 0.723 kurtosis 0.072 spec_cnn 0.371  (9s)
    JSR  -21.0 dB  BER 0.00e+00  P(det)@0.05 power_one_sided 0.117 power_two_sided 0.094 power_csi 0.701 kurtosis 0.059 spec_cnn 0.387  (9s)
    JSR  -20.0 dB  BER 0.00e+00  P(det)@0.05 power_one_sided 0.178 power_two_sided 0.119 power_csi 0.721 kurtosis 0.104 spec_cnn 0.363  (10s)
    JSR  -19.0 dB  BER 0.00e+00  P(det)@0.05 power_one_sided 0.182 power_two_sided 0.156 power_csi 0.826 kurtosis 0.123 spec_cnn 0.414  (10s)
    JSR  -18.0 dB  BER 0.00e+00  P(det)@0.05 power_one_sided 0.221 power_two_sided 0.178 power_csi 0.818 kurtosis 0.178 spec_cnn 0.381  (10s)
    JSR  -17.0 dB  BER 0.00e+00  P(det)@0.05 power_one_sided 0.281 power_two_sided 0.229 power_csi 0.869 kurtosis 0.260 spec_cnn 0.410  (11s)
    JSR  -16.0 dB  BER 4.58e-05  P(det)@0.05 power_one_sided 0.373 power_two_sided 0.293 power_csi 0.895 kurtosis 0.371 spec_cnn 0.508  (11s)
    JSR  -15.0 dB  BER 1.07e-04  P(det)@0.05 power_one_sided 0.467 power_two_sided 0.406 power_csi 0.945 kurtosis 0.566 spec_cnn 0.436  (11s)
    JSR  -14.0 dB  BER 1.29e-03  P(det)@0.05 power_one_sided 0.580 power_two_sided 0.488 power_csi 0.963 kurtosis 0.740 spec_cnn 0.486  (12s)
    JSR  -13.0 dB  BER 2.45e-03  P(det)@0.05 power_one_sided 0.699 power_two_sided 0.639 power_csi 0.967 kurtosis 0.885 spec_cnn 0.568  (12s)
    JSR  -12.0 dB  BER 6.48e-03  P(det)@0.05 power_one_sided 0.830 power_two_sided 0.773 power_csi 0.979 kurtosis 0.957 spec_cnn 0.564  (12s)
    JSR  -11.0 dB  BER 1.22e-02  P(det)@0.05 power_one_sided 0.881 power_two_sided 0.861 power_csi 0.994 kurtosis 0.986 spec_cnn 0.645  (13s)
    JSR  -10.0 dB  BER 1.75e-02  P(det)@0.05 power_one_sided 0.955 power_two_sided 0.918 power_csi 0.998 kurtosis 0.988 spec_cnn 0.701  (13s)
    JSR   -9.0 dB  BER 2.22e-02  P(det)@0.05 power_one_sided 0.988 power_two_sided 0.980 power_csi 0.998 kurtosis 1.000 spec_cnn 0.789  (13s)
    JSR   -8.0 dB  BER 2.72e-02  P(det)@0.05 power_one_sided 0.998 power_two_sided 0.994 power_csi 1.000 kurtosis 0.998 spec_cnn 0.846  (13s)
    JSR   -7.0 dB  BER 3.06e-02  P(det)@0.05 power_one_sided 1.000 power_two_sided 1.000 power_csi 1.000 kurtosis 1.000 spec_cnn 0.920  (14s)
    JSR   -6.0 dB  BER 3.46e-02  P(det)@0.05 power_one_sided 1.000 power_two_sided 1.000 power_csi 1.000 kurtosis 1.000 spec_cnn 0.984  (14s)
    JSR   -5.0 dB  BER 4.08e-02  P(det)@0.05 power_one_sided 1.000 power_two_sided 1.000 power_csi 1.000 kurtosis 1.000 spec_cnn 0.984  (14s)
    JSR   -4.0 dB  BER 4.42e-02  P(det)@0.05 power_one_sided 1.000 power_two_sided 1.000 power_csi 1.000 kurtosis 1.000 spec_cnn 0.998  (15s)
    JSR   -3.0 dB  BER 4.69e-02  P(det)@0.05 power_one_sided 1.000 power_two_sided 1.000 power_csi 1.000 kurtosis 1.000 spec_cnn 0.998  (15s)
    JSR   -2.0 dB  BER 5.01e-02  P(det)@0.05 power_one_sided 1.000 power_two_sided 1.000 power_csi 1.000 kurtosis 1.000 spec_cnn 1.000  (15s)
    JSR   -1.0 dB  BER 5.33e-02  P(det)@0.05 power_one_sided 1.000 power_two_sided 1.000 power_csi 1.000 kurtosis 1.000 spec_cnn 1.000  (16s)
    JSR   +0.0 dB  BER 5.86e-02  P(det)@0.05 power_one_sided 1.000 power_two_sided 1.000 power_csi 1.000 kurtosis 1.000 spec_cnn 1.000  (16s)
    JSR   +1.0 dB  BER 5.86e-02  P(det)@0.05 power_one_sided 1.000 power_two_sided 1.000 power_csi 1.000 kurtosis 1.000 spec_cnn 1.000  (16s)
    JSR   +2.0 dB  BER 6.38e-02  P(det)@0.05 power_one_sided 1.000 power_two_sided 1.000 power_csi 1.000 kurtosis 1.000 spec_cnn 1.000  (17s)
    JSR   +3.0 dB  BER 6.95e-02  P(det)@0.05 power_one_sided 1.000 power_two_sided 1.000 power_csi 1.000 kurtosis 1.000 spec_cnn 1.000  (17s)
    JSR   +4.0 dB  BER 7.58e-02  P(det)@0.05 power_one_sided 1.000 power_two_sided 1.000 power_csi 1.000 kurtosis 1.000 spec_cnn 1.000  (17s)
    JSR   +5.0 dB  BER 8.15e-02  P(det)@0.05 power_one_sided 1.000 power_two_sided 1.000 power_csi 1.000 kurtosis 1.000 spec_cnn 1.000  (18s)
    JSR   +6.0 dB  BER 8.93e-02  P(det)@0.05 power_one_sided 1.000 power_two_sided 1.000 power_csi 1.000 kurtosis 1.000 spec_cnn 1.000  (18s)
    JSR   +7.0 dB  BER 9.36e-02  P(det)@0.05 power_one_sided 1.000 power_two_sided 1.000 power_csi 1.000 kurtosis 1.000 spec_cnn 1.000  (18s)
    JSR   +8.0 dB  BER 1.05e-01  P(det)@0.05 power_one_sided 1.000 power_two_sided 1.000 power_csi 1.000 kurtosis 1.000 spec_cnn 1.000  (18s)
    JSR   +9.0 dB  BER 1.06e-01  P(det)@0.05 power_one_sided 1.000 power_two_sided 1.000 power_csi 1.000 kurtosis 1.000 spec_cnn 1.000  (19s)
    JSR  +10.0 dB  BER 1.10e-01  P(det)@0.05 power_one_sided 1.000 power_two_sided 1.000 power_csi 1.000 kurtosis 1.000 spec_cnn 1.000  (19s)
    JSR  +11.0 dB  BER 1.20e-01  P(det)@0.05 power_one_sided 1.000 power_two_sided 1.000 power_csi 1.000 kurtosis 1.000 spec_cnn 1.000  (19s)
    JSR  +12.0 dB  BER 1.23e-01  P(det)@0.05 power_one_sided 1.000 power_two_sided 1.000 power_csi 1.000 kurtosis 1.000 spec_cnn 1.000  (20s)
    JSR  +13.0 dB  BER 1.30e-01  P(det)@0.05 power_one_sided 1.000 power_two_sided 1.000 power_csi 1.000 kurtosis 1.000 spec_cnn 1.000  (20s)
    JSR  +14.0 dB  BER 1.37e-01  P(det)@0.05 power_one_sided 1.000 power_two_sided 1.000 power_csi 1.000 kurtosis 1.000 spec_cnn 1.000  (20s)
    JSR  +15.0 dB  BER 1.47e-01  P(det)@0.05 power_one_sided 1.000 power_two_sided 1.000 power_csi 1.000 kurtosis 1.000 spec_cnn 1.000  (21s)
  [shadow_0.1] pulsed_p0.1 confirmed: {"power_one_sided": {"0.01": {"index": 0, "sweep_ber": 0.0, "sweep_pdet": 0.01171875, "confirmed_ber": 0.0, "confirmed_ser": 0.0, "confirmed_pdet": 0.01220703125, "passed": true}, "0.05": {"index": 0, "sweep_ber": 0.0, "sweep_pdet": 0.046875, "confirmed_ber": 0.0, "confirmed_ser": 0.0, "confirmed_pdet": 0.05615234375, "passed": true}}, "power_csi": {"0.01": {"index": 0, "sweep_ber": 0.0, "sweep_pdet": 0.013671875, "confirmed_ber": 0.0, "confirmed_ser": 0.0, "confirmed_pdet": 0.014404296875, "passed": false}, "0.05": {"index": 0, "sweep_ber": 0.0, "sweep_pdet": 0.056640625, "confirmed_ber": 0.0, "confirmed_ser": 0.0, "confirmed_pdet": 0.047607421875, "passed": true}}, "power_two_sided": {"0.01": {"index": 0, "sweep_ber": 0.0, "sweep_pdet": 0.009765625, "confirmed_ber": 0.0, "confirmed_ser": 0.0, "confirmed_pdet": 0.013671875, "passed": false}, "0.05": {"index": 0, "sweep_ber": 0.0, "sweep_pdet": 0.056640625, "confirmed_ber": 0.0, "confirmed_ser": 0.0, "confirmed_pdet": 0.05126953125, "passed": true}}, "kurtosis": {"0.01": {"index": 0, "sweep_ber": 0.0, "sweep_pdet": 0.0078125, "confirmed_ber": 0.0, "confirmed_ser": 0.0, "confirmed_pdet": 0.0087890625, "passed": true}, "0.05": {"index": 0, "sweep_ber": 0.0, "sweep_pdet": 0.048828125, "confirmed_ber": 0.0, "confirmed_ser": 0.0, "confirmed_pdet": 0.052001953125, "passed": true}}, "spec_cnn": {"0.01": {"index": 0, "sweep_ber": 0.0, "sweep_pdet": 0.015625, "confirmed_ber": 0.0, "confirmed_ser": 0.0, "confirmed_pdet": 0.0146484375, "passed": false}, "0.05": {"index": 0, "sweep_ber": 0.0, "sweep_pdet": 0.04296875, "confirmed_ber": 0.0, "confirmed_ser": 0.0, "confirmed_pdet": 0.048583984375, "passed": true}}}  (225s)
  [shadow_0.1] classical omniscient_e0.1
    JSR  -50.0 dB  BER 0.00e+00  P(det)@0.05 power_one_sided 0.057 power_two_sided 0.045 power_csi 0.053 kurtosis 0.062 spec_cnn 0.033  (0s)
    JSR  -49.0 dB  BER 0.00e+00  P(det)@0.05 power_one_sided 0.049 power_two_sided 0.053 power_csi 0.043 kurtosis 0.061 spec_cnn 0.055  (1s)
    JSR  -48.0 dB  BER 0.00e+00  P(det)@0.05 power_one_sided 0.037 power_two_sided 0.037 power_csi 0.051 kurtosis 0.047 spec_cnn 0.035  (1s)
    JSR  -47.0 dB  BER 0.00e+00  P(det)@0.05 power_one_sided 0.051 power_two_sided 0.043 power_csi 0.039 kurtosis 0.049 spec_cnn 0.031  (1s)
    JSR  -46.0 dB  BER 0.00e+00  P(det)@0.05 power_one_sided 0.049 power_two_sided 0.039 power_csi 0.047 kurtosis 0.061 spec_cnn 0.039  (2s)
    JSR  -45.0 dB  BER 0.00e+00  P(det)@0.05 power_one_sided 0.057 power_two_sided 0.047 power_csi 0.035 kurtosis 0.051 spec_cnn 0.039  (2s)
    JSR  -44.0 dB  BER 0.00e+00  P(det)@0.05 power_one_sided 0.057 power_two_sided 0.057 power_csi 0.045 kurtosis 0.053 spec_cnn 0.039  (2s)
    JSR  -43.0 dB  BER 0.00e+00  P(det)@0.05 power_one_sided 0.043 power_two_sided 0.059 power_csi 0.059 kurtosis 0.049 spec_cnn 0.062  (2s)
    JSR  -42.0 dB  BER 0.00e+00  P(det)@0.05 power_one_sided 0.061 power_two_sided 0.070 power_csi 0.051 kurtosis 0.061 spec_cnn 0.039  (3s)
    JSR  -41.0 dB  BER 0.00e+00  P(det)@0.05 power_one_sided 0.059 power_two_sided 0.051 power_csi 0.043 kurtosis 0.049 spec_cnn 0.049  (3s)
    JSR  -40.0 dB  BER 0.00e+00  P(det)@0.05 power_one_sided 0.057 power_two_sided 0.070 power_csi 0.047 kurtosis 0.047 spec_cnn 0.025  (3s)
    JSR  -39.0 dB  BER 0.00e+00  P(det)@0.05 power_one_sided 0.041 power_two_sided 0.055 power_csi 0.057 kurtosis 0.053 spec_cnn 0.051  (4s)
    JSR  -38.0 dB  BER 0.00e+00  P(det)@0.05 power_one_sided 0.035 power_two_sided 0.037 power_csi 0.033 kurtosis 0.062 spec_cnn 0.055  (4s)
    JSR  -37.0 dB  BER 0.00e+00  P(det)@0.05 power_one_sided 0.064 power_two_sided 0.076 power_csi 0.045 kurtosis 0.059 spec_cnn 0.059  (4s)
    JSR  -36.0 dB  BER 0.00e+00  P(det)@0.05 power_one_sided 0.059 power_two_sided 0.057 power_csi 0.066 kurtosis 0.041 spec_cnn 0.039  (5s)
    JSR  -35.0 dB  BER 0.00e+00  P(det)@0.05 power_one_sided 0.049 power_two_sided 0.053 power_csi 0.041 kurtosis 0.047 spec_cnn 0.049  (5s)
    JSR  -34.0 dB  BER 0.00e+00  P(det)@0.05 power_one_sided 0.039 power_two_sided 0.033 power_csi 0.061 kurtosis 0.035 spec_cnn 0.049  (5s)
    JSR  -33.0 dB  BER 0.00e+00  P(det)@0.05 power_one_sided 0.043 power_two_sided 0.045 power_csi 0.049 kurtosis 0.051 spec_cnn 0.051  (6s)
    JSR  -32.0 dB  BER 0.00e+00  P(det)@0.05 power_one_sided 0.053 power_two_sided 0.047 power_csi 0.053 kurtosis 0.055 spec_cnn 0.064  (6s)
    JSR  -31.0 dB  BER 0.00e+00  P(det)@0.05 power_one_sided 0.039 power_two_sided 0.051 power_csi 0.066 kurtosis 0.061 spec_cnn 0.043  (6s)
    JSR  -30.0 dB  BER 0.00e+00  P(det)@0.05 power_one_sided 0.047 power_two_sided 0.045 power_csi 0.061 kurtosis 0.051 spec_cnn 0.061  (7s)
    JSR  -29.0 dB  BER 0.00e+00  P(det)@0.05 power_one_sided 0.051 power_two_sided 0.055 power_csi 0.037 kurtosis 0.037 spec_cnn 0.053  (7s)
    JSR  -28.0 dB  BER 0.00e+00  P(det)@0.05 power_one_sided 0.037 power_two_sided 0.061 power_csi 0.045 kurtosis 0.066 spec_cnn 0.055  (7s)
    JSR  -27.0 dB  BER 0.00e+00  P(det)@0.05 power_one_sided 0.053 power_two_sided 0.051 power_csi 0.037 kurtosis 0.049 spec_cnn 0.041  (7s)
    JSR  -26.0 dB  BER 0.00e+00  P(det)@0.05 power_one_sided 0.049 power_two_sided 0.057 power_csi 0.047 kurtosis 0.031 spec_cnn 0.053  (8s)
    JSR  -25.0 dB  BER 0.00e+00  P(det)@0.05 power_one_sided 0.049 power_two_sided 0.059 power_csi 0.057 kurtosis 0.072 spec_cnn 0.035  (8s)
    JSR  -24.0 dB  BER 0.00e+00  P(det)@0.05 power_one_sided 0.041 power_two_sided 0.062 power_csi 0.051 kurtosis 0.059 spec_cnn 0.031  (8s)
    JSR  -23.0 dB  BER 0.00e+00  P(det)@0.05 power_one_sided 0.049 power_two_sided 0.064 power_csi 0.059 kurtosis 0.033 spec_cnn 0.053  (9s)
    JSR  -22.0 dB  BER 0.00e+00  P(det)@0.05 power_one_sided 0.062 power_two_sided 0.059 power_csi 0.053 kurtosis 0.053 spec_cnn 0.043  (9s)
    JSR  -21.0 dB  BER 0.00e+00  P(det)@0.05 power_one_sided 0.059 power_two_sided 0.057 power_csi 0.059 kurtosis 0.049 spec_cnn 0.062  (9s)
    JSR  -20.0 dB  BER 7.81e-03  P(det)@0.05 power_one_sided 0.025 power_two_sided 0.064 power_csi 0.000 kurtosis 0.053 spec_cnn 0.041  (10s)
    JSR  -19.0 dB  BER 7.81e-03  P(det)@0.05 power_one_sided 0.021 power_two_sided 0.055 power_csi 0.000 kurtosis 0.049 spec_cnn 0.061  (10s)
    JSR  -18.0 dB  BER 7.81e-03  P(det)@0.05 power_one_sided 0.025 power_two_sided 0.066 power_csi 0.000 kurtosis 0.070 spec_cnn 0.035  (10s)
    JSR  -17.0 dB  BER 1.56e-02  P(det)@0.05 power_one_sided 0.010 power_two_sided 0.098 power_csi 0.000 kurtosis 0.098 spec_cnn 0.057  (11s)
    JSR  -16.0 dB  BER 1.56e-02  P(det)@0.05 power_one_sided 0.010 power_two_sided 0.115 power_csi 0.000 kurtosis 0.117 spec_cnn 0.049  (11s)
    JSR  -15.0 dB  BER 2.34e-02  P(det)@0.05 power_one_sided 0.002 power_two_sided 0.168 power_csi 0.000 kurtosis 0.143 spec_cnn 0.047  (11s)
    JSR  -14.0 dB  BER 3.12e-02  P(det)@0.05 power_one_sided 0.006 power_two_sided 0.242 power_csi 0.000 kurtosis 0.258 spec_cnn 0.045  (11s)
    JSR  -13.0 dB  BER 3.91e-02  P(det)@0.05 power_one_sided 0.004 power_two_sided 0.385 power_csi 0.000 kurtosis 0.373 spec_cnn 0.057  (12s)
    JSR  -12.0 dB  BER 4.69e-02  P(det)@0.05 power_one_sided 0.000 power_two_sided 0.590 power_csi 0.000 kurtosis 0.512 spec_cnn 0.059  (12s)
    JSR  -11.0 dB  BER 6.25e-02  P(det)@0.05 power_one_sided 0.000 power_two_sided 0.820 power_csi 0.000 kurtosis 0.713 spec_cnn 0.061  (12s)
    JSR  -10.0 dB  BER 7.81e-02  P(det)@0.05 power_one_sided 0.000 power_two_sided 0.918 power_csi 0.000 kurtosis 0.896 spec_cnn 0.074  (13s)
    JSR   -9.0 dB  BER 1.02e-01  P(det)@0.05 power_one_sided 0.000 power_two_sided 1.000 power_csi 0.000 kurtosis 0.994 spec_cnn 0.049  (13s)
    JSR   -8.0 dB  BER 1.25e-01  P(det)@0.05 power_one_sided 0.000 power_two_sided 1.000 power_csi 0.000 kurtosis 1.000 spec_cnn 0.043  (13s)
    JSR   -7.0 dB  BER 1.64e-01  P(det)@0.05 power_one_sided 0.000 power_two_sided 1.000 power_csi 0.000 kurtosis 1.000 spec_cnn 0.053  (14s)
    JSR   -6.0 dB  BER 2.03e-01  P(det)@0.05 power_one_sided 0.000 power_two_sided 1.000 power_csi 0.000 kurtosis 1.000 spec_cnn 0.053  (14s)
    JSR   -5.0 dB  BER 2.58e-01  P(det)@0.05 power_one_sided 0.000 power_two_sided 1.000 power_csi 0.000 kurtosis 1.000 spec_cnn 0.033  (14s)
    JSR   -4.0 dB  BER 3.28e-01  P(det)@0.05 power_one_sided 0.000 power_two_sided 1.000 power_csi 0.000 kurtosis 1.000 spec_cnn 0.033  (15s)
    JSR   -3.0 dB  BER 4.14e-01  P(det)@0.05 power_one_sided 0.000 power_two_sided 1.000 power_csi 0.000 kurtosis 1.000 spec_cnn 0.021  (15s)
    JSR   -2.0 dB  BER 5.16e-01  P(det)@0.05 power_one_sided 0.000 power_two_sided 1.000 power_csi 0.000 kurtosis 1.000 spec_cnn 0.014  (15s)
    JSR   -1.0 dB  BER 6.56e-01  P(det)@0.05 power_one_sided 0.000 power_two_sided 1.000 power_csi 0.000 kurtosis 1.000 spec_cnn 0.002  (16s)
    JSR   +0.0 dB  BER 8.20e-01  P(det)@0.05 power_one_sided 0.000 power_two_sided 1.000 power_csi 0.000 kurtosis 1.000 spec_cnn 0.000  (16s)
    JSR   +1.0 dB  BER 1.00e+00  P(det)@0.05 power_one_sided 0.000 power_two_sided 1.000 power_csi 0.000 kurtosis 0.990 spec_cnn 0.000  (16s)
    JSR   +2.0 dB  BER 1.00e+00  P(det)@0.05 power_one_sided 0.000 power_two_sided 1.000 power_csi 0.000 kurtosis 0.986 spec_cnn 0.000  (16s)
    JSR   +3.0 dB  BER 1.00e+00  P(det)@0.05 power_one_sided 0.000 power_two_sided 1.000 power_csi 0.000 kurtosis 0.986 spec_cnn 0.000  (17s)
    JSR   +4.0 dB  BER 1.00e+00  P(det)@0.05 power_one_sided 0.000 power_two_sided 1.000 power_csi 0.000 kurtosis 0.967 spec_cnn 0.000  (17s)
    JSR   +5.0 dB  BER 1.00e+00  P(det)@0.05 power_one_sided 0.000 power_two_sided 1.000 power_csi 0.000 kurtosis 0.990 spec_cnn 0.000  (17s)
    JSR   +6.0 dB  BER 1.00e+00  P(det)@0.05 power_one_sided 0.000 power_two_sided 1.000 power_csi 0.000 kurtosis 0.982 spec_cnn 0.000  (18s)
    JSR   +7.0 dB  BER 1.00e+00  P(det)@0.05 power_one_sided 0.000 power_two_sided 1.000 power_csi 0.000 kurtosis 0.986 spec_cnn 0.000  (18s)
    JSR   +8.0 dB  BER 1.00e+00  P(det)@0.05 power_one_sided 0.000 power_two_sided 1.000 power_csi 0.000 kurtosis 0.963 spec_cnn 0.000  (18s)
    JSR   +9.0 dB  BER 1.00e+00  P(det)@0.05 power_one_sided 0.000 power_two_sided 1.000 power_csi 0.000 kurtosis 0.977 spec_cnn 0.000  (19s)
    JSR  +10.0 dB  BER 1.00e+00  P(det)@0.05 power_one_sided 0.000 power_two_sided 1.000 power_csi 0.000 kurtosis 0.979 spec_cnn 0.000  (19s)
    JSR  +11.0 dB  BER 1.00e+00  P(det)@0.05 power_one_sided 0.000 power_two_sided 1.000 power_csi 0.000 kurtosis 0.982 spec_cnn 0.000  (19s)
    JSR  +12.0 dB  BER 1.00e+00  P(det)@0.05 power_one_sided 0.000 power_two_sided 1.000 power_csi 0.000 kurtosis 0.986 spec_cnn 0.000  (20s)
    JSR  +13.0 dB  BER 1.00e+00  P(det)@0.05 power_one_sided 0.000 power_two_sided 1.000 power_csi 0.000 kurtosis 0.986 spec_cnn 0.000  (20s)
    JSR  +14.0 dB  BER 1.00e+00  P(det)@0.05 power_one_sided 0.000 power_two_sided 1.000 power_csi 0.000 kurtosis 0.979 spec_cnn 0.000  (20s)
    JSR  +15.0 dB  BER 1.00e+00  P(det)@0.05 power_one_sided 0.000 power_two_sided 1.000 power_csi 0.000 kurtosis 0.986 spec_cnn 0.000  (20s)
  [shadow_0.1] omniscient_e0.1 confirmed: {"power_one_sided": {"0.01": {"index": 51, "sweep_ber": 1.0, "sweep_pdet": 0.0, "confirmed_ber": 1.0, "confirmed_ser": 1.0, "confirmed_pdet": 0.0, "passed": true}, "0.05": {"index": 51, "sweep_ber": 1.0, "sweep_pdet": 0.0, "confirmed_ber": 1.0, "confirmed_ser": 1.0, "confirmed_pdet": 0.0, "passed": true}}, "power_csi": {"0.01": {"index": 51, "sweep_ber": 1.0, "sweep_pdet": 0.0, "confirmed_ber": 1.0, "confirmed_ser": 1.0, "confirmed_pdet": 0.0, "passed": true}, "0.05": {"index": 51, "sweep_ber": 1.0, "sweep_pdet": 0.0, "confirmed_ber": 1.0, "confirmed_ser": 1.0, "confirmed_pdet": 0.0, "passed": true}}, "power_two_sided": {"0.01": {"index": 33, "sweep_ber": 0.015625, "sweep_pdet": 0.015625, "confirmed_ber": 0.015625, "confirmed_ser": 0.015625, "confirmed_pdet": 0.0263671875, "passed": false}, "0.05": {"index": 30, "sweep_ber": 0.0078125, "sweep_pdet": 0.064453125, "confirmed_ber": 0.0078125, "confirmed_ser": 0.0078125, "confirmed_pdet": 0.06884765625, "passed": false}}, "kurtosis": {"0.01": {"index": 30, "sweep_ber": 0.0078125, "sweep_pdet": 0.013671875, "confirmed_ber": 0.0078125, "confirmed_ser": 0.0078125, "confirmed_pdet": 0.01416015625, "passed": false}, "0.05": {"index": 30, "sweep_ber": 0.0078125, "sweep_pdet": 0.052734375, "confirmed_ber": 0.0078125, "confirmed_ser": 0.0078125, "confirmed_pdet": 0.060546875, "passed": false}}, "spec_cnn": {"0.01": {"index": 51, "sweep_ber": 1.0, "sweep_pdet": 0.0, "confirmed_ber": 1.0, "confirmed_ser": 1.0, "confirmed_pdet": 0.0, "passed": true}, "0.05": {"index": 51, "sweep_ber": 1.0, "sweep_pdet": 0.0, "confirmed_ber": 1.0, "confirmed_ser": 1.0, "confirmed_pdet": 0.0, "passed": true}}}  (271s)
  [shadow_0.1] classical omniscient_e1
    JSR  -50.0 dB  BER 0.00e+00  P(det)@0.05 power_one_sided 0.043 power_two_sided 0.061 power_csi 0.055 kurtosis 0.047 spec_cnn 0.049  (0s)
    JSR  -49.0 dB  BER 0.00e+00  P(det)@0.05 power_one_sided 0.064 power_two_sided 0.062 power_csi 0.059 kurtosis 0.037 spec_cnn 0.043  (1s)
    JSR  -48.0 dB  BER 0.00e+00  P(det)@0.05 power_one_sided 0.035 power_two_sided 0.059 power_csi 0.039 kurtosis 0.031 spec_cnn 0.051  (1s)
    JSR  -47.0 dB  BER 0.00e+00  P(det)@0.05 power_one_sided 0.059 power_two_sided 0.045 power_csi 0.035 kurtosis 0.055 spec_cnn 0.029  (1s)
    JSR  -46.0 dB  BER 0.00e+00  P(det)@0.05 power_one_sided 0.062 power_two_sided 0.059 power_csi 0.059 kurtosis 0.053 spec_cnn 0.045  (2s)
    JSR  -45.0 dB  BER 0.00e+00  P(det)@0.05 power_one_sided 0.047 power_two_sided 0.057 power_csi 0.039 kurtosis 0.049 spec_cnn 0.047  (2s)
    JSR  -44.0 dB  BER 0.00e+00  P(det)@0.05 power_one_sided 0.049 power_two_sided 0.051 power_csi 0.049 kurtosis 0.035 spec_cnn 0.055  (2s)
    JSR  -43.0 dB  BER 0.00e+00  P(det)@0.05 power_one_sided 0.039 power_two_sided 0.043 power_csi 0.047 kurtosis 0.047 spec_cnn 0.059  (2s)
    JSR  -42.0 dB  BER 0.00e+00  P(det)@0.05 power_one_sided 0.051 power_two_sided 0.047 power_csi 0.045 kurtosis 0.057 spec_cnn 0.041  (3s)
    JSR  -41.0 dB  BER 0.00e+00  P(det)@0.05 power_one_sided 0.053 power_two_sided 0.066 power_csi 0.061 kurtosis 0.025 spec_cnn 0.053  (3s)
    JSR  -40.0 dB  BER 0.00e+00  P(det)@0.05 power_one_sided 0.051 power_two_sided 0.059 power_csi 0.045 kurtosis 0.051 spec_cnn 0.053  (3s)
    JSR  -39.0 dB  BER 0.00e+00  P(det)@0.05 power_one_sided 0.059 power_two_sided 0.062 power_csi 0.045 kurtosis 0.043 spec_cnn 0.035  (4s)
    JSR  -38.0 dB  BER 0.00e+00  P(det)@0.05 power_one_sided 0.041 power_two_sided 0.041 power_csi 0.066 kurtosis 0.047 spec_cnn 0.047  (4s)
    JSR  -37.0 dB  BER 0.00e+00  P(det)@0.05 power_one_sided 0.029 power_two_sided 0.027 power_csi 0.072 kurtosis 0.049 spec_cnn 0.061  (4s)
    JSR  -36.0 dB  BER 0.00e+00  P(det)@0.05 power_one_sided 0.057 power_two_sided 0.061 power_csi 0.047 kurtosis 0.047 spec_cnn 0.041  (5s)
    JSR  -35.0 dB  BER 0.00e+00  P(det)@0.05 power_one_sided 0.043 power_two_sided 0.037 power_csi 0.047 kurtosis 0.047 spec_cnn 0.055  (5s)
    JSR  -34.0 dB  BER 0.00e+00  P(det)@0.05 power_one_sided 0.051 power_two_sided 0.064 power_csi 0.041 kurtosis 0.059 spec_cnn 0.053  (5s)
    JSR  -33.0 dB  BER 0.00e+00  P(det)@0.05 power_one_sided 0.047 power_two_sided 0.039 power_csi 0.049 kurtosis 0.066 spec_cnn 0.051  (6s)
    JSR  -32.0 dB  BER 0.00e+00  P(det)@0.05 power_one_sided 0.059 power_two_sided 0.051 power_csi 0.039 kurtosis 0.062 spec_cnn 0.037  (6s)
    JSR  -31.0 dB  BER 0.00e+00  P(det)@0.05 power_one_sided 0.047 power_two_sided 0.051 power_csi 0.059 kurtosis 0.041 spec_cnn 0.047  (6s)
    JSR  -30.0 dB  BER 0.00e+00  P(det)@0.05 power_one_sided 0.059 power_two_sided 0.062 power_csi 0.053 kurtosis 0.066 spec_cnn 0.057  (7s)
    JSR  -29.0 dB  BER 0.00e+00  P(det)@0.05 power_one_sided 0.049 power_two_sided 0.057 power_csi 0.033 kurtosis 0.061 spec_cnn 0.037  (7s)
    JSR  -28.0 dB  BER 0.00e+00  P(det)@0.05 power_one_sided 0.037 power_two_sided 0.047 power_csi 0.049 kurtosis 0.047 spec_cnn 0.045  (7s)
    JSR  -27.0 dB  BER 0.00e+00  P(det)@0.05 power_one_sided 0.043 power_two_sided 0.051 power_csi 0.051 kurtosis 0.059 spec_cnn 0.045  (7s)
    JSR  -26.0 dB  BER 0.00e+00  P(det)@0.05 power_one_sided 0.061 power_two_sided 0.076 power_csi 0.039 kurtosis 0.047 spec_cnn 0.061  (8s)
    JSR  -25.0 dB  BER 0.00e+00  P(det)@0.05 power_one_sided 0.045 power_two_sided 0.039 power_csi 0.029 kurtosis 0.035 spec_cnn 0.070  (8s)
    JSR  -24.0 dB  BER 0.00e+00  P(det)@0.05 power_one_sided 0.043 power_two_sided 0.059 power_csi 0.062 kurtosis 0.047 spec_cnn 0.023  (8s)
    JSR  -23.0 dB  BER 0.00e+00  P(det)@0.05 power_one_sided 0.047 power_two_sided 0.070 power_csi 0.051 kurtosis 0.045 spec_cnn 0.062  (9s)
    JSR  -22.0 dB  BER 0.00e+00  P(det)@0.05 power_one_sided 0.051 power_two_sided 0.041 power_csi 0.070 kurtosis 0.047 spec_cnn 0.057  (9s)
    JSR  -21.0 dB  BER 0.00e+00  P(det)@0.05 power_one_sided 0.045 power_two_sided 0.051 power_csi 0.027 kurtosis 0.057 spec_cnn 0.047  (9s)
    JSR  -20.0 dB  BER 0.00e+00  P(det)@0.05 power_one_sided 0.047 power_two_sided 0.062 power_csi 0.053 kurtosis 0.041 spec_cnn 0.043  (10s)
    JSR  -19.0 dB  BER 0.00e+00  P(det)@0.05 power_one_sided 0.039 power_two_sided 0.051 power_csi 0.057 kurtosis 0.051 spec_cnn 0.051  (10s)
    JSR  -18.0 dB  BER 0.00e+00  P(det)@0.05 power_one_sided 0.066 power_two_sided 0.070 power_csi 0.047 kurtosis 0.053 spec_cnn 0.033  (10s)
    JSR  -17.0 dB  BER 0.00e+00  P(det)@0.05 power_one_sided 0.061 power_two_sided 0.072 power_csi 0.057 kurtosis 0.051 spec_cnn 0.051  (11s)
    JSR  -16.0 dB  BER 0.00e+00  P(det)@0.05 power_one_sided 0.055 power_two_sided 0.045 power_csi 0.037 kurtosis 0.055 spec_cnn 0.037  (11s)
    JSR  -15.0 dB  BER 7.81e-03  P(det)@0.05 power_one_sided 0.061 power_two_sided 0.059 power_csi 0.041 kurtosis 0.041 spec_cnn 0.049  (11s)
    JSR  -14.0 dB  BER 7.81e-03  P(det)@0.05 power_one_sided 0.039 power_two_sided 0.047 power_csi 0.049 kurtosis 0.062 spec_cnn 0.047  (11s)
    JSR  -13.0 dB  BER 7.81e-03  P(det)@0.05 power_one_sided 0.041 power_two_sided 0.049 power_csi 0.051 kurtosis 0.053 spec_cnn 0.033  (12s)
    JSR  -12.0 dB  BER 1.56e-02  P(det)@0.05 power_one_sided 0.072 power_two_sided 0.051 power_csi 0.045 kurtosis 0.061 spec_cnn 0.043  (12s)
    JSR  -11.0 dB  BER 1.56e-02  P(det)@0.05 power_one_sided 0.057 power_two_sided 0.059 power_csi 0.045 kurtosis 0.057 spec_cnn 0.045  (12s)
    JSR  -10.0 dB  BER 2.34e-02  P(det)@0.05 power_one_sided 0.045 power_two_sided 0.053 power_csi 0.043 kurtosis 0.045 spec_cnn 0.049  (13s)
    JSR   -9.0 dB  BER 3.12e-02  P(det)@0.05 power_one_sided 0.031 power_two_sided 0.053 power_csi 0.047 kurtosis 0.059 spec_cnn 0.045  (13s)
    JSR   -8.0 dB  BER 3.91e-02  P(det)@0.05 power_one_sided 0.051 power_two_sided 0.037 power_csi 0.047 kurtosis 0.041 spec_cnn 0.055  (13s)
    JSR   -7.0 dB  BER 4.69e-02  P(det)@0.05 power_one_sided 0.043 power_two_sided 0.049 power_csi 0.047 kurtosis 0.045 spec_cnn 0.031  (14s)
    JSR   -6.0 dB  BER 6.25e-02  P(det)@0.05 power_one_sided 0.051 power_two_sided 0.051 power_csi 0.047 kurtosis 0.043 spec_cnn 0.055  (14s)
    JSR   -5.0 dB  BER 7.81e-02  P(det)@0.05 power_one_sided 0.061 power_two_sided 0.072 power_csi 0.037 kurtosis 0.049 spec_cnn 0.037  (14s)
    JSR   -4.0 dB  BER 9.38e-02  P(det)@0.05 power_one_sided 0.053 power_two_sided 0.037 power_csi 0.059 kurtosis 0.059 spec_cnn 0.043  (15s)
    JSR   -3.0 dB  BER 1.25e-01  P(det)@0.05 power_one_sided 0.033 power_two_sided 0.041 power_csi 0.059 kurtosis 0.051 spec_cnn 0.041  (15s)
    JSR   -2.0 dB  BER 1.56e-01  P(det)@0.05 power_one_sided 0.041 power_two_sided 0.053 power_csi 0.043 kurtosis 0.055 spec_cnn 0.057  (15s)
    JSR   -1.0 dB  BER 1.95e-01  P(det)@0.05 power_one_sided 0.049 power_two_sided 0.057 power_csi 0.043 kurtosis 0.047 spec_cnn 0.064  (16s)
    JSR   +0.0 dB  BER 2.50e-01  P(det)@0.05 power_one_sided 0.055 power_two_sided 0.045 power_csi 0.053 kurtosis 0.064 spec_cnn 0.061  (16s)
    JSR   +1.0 dB  BER 3.12e-01  P(det)@0.05 power_one_sided 0.061 power_two_sided 0.053 power_csi 0.061 kurtosis 0.051 spec_cnn 0.041  (16s)
    JSR   +2.0 dB  BER 3.91e-01  P(det)@0.05 power_one_sided 0.057 power_two_sided 0.039 power_csi 0.047 kurtosis 0.055 spec_cnn 0.041  (16s)
    JSR   +3.0 dB  BER 4.92e-01  P(det)@0.05 power_one_sided 0.047 power_two_sided 0.043 power_csi 0.043 kurtosis 0.053 spec_cnn 0.053  (17s)
    JSR   +4.0 dB  BER 6.25e-01  P(det)@0.05 power_one_sided 0.053 power_two_sided 0.043 power_csi 0.039 kurtosis 0.051 spec_cnn 0.053  (17s)
    JSR   +5.0 dB  BER 7.89e-01  P(det)@0.05 power_one_sided 0.057 power_two_sided 0.078 power_csi 0.031 kurtosis 0.021 spec_cnn 0.049  (17s)
    JSR   +6.0 dB  BER 9.92e-01  P(det)@0.05 power_one_sided 0.045 power_two_sided 0.051 power_csi 0.064 kurtosis 0.047 spec_cnn 0.049  (18s)
    JSR   +7.0 dB  BER 1.00e+00  P(det)@0.05 power_one_sided 0.070 power_two_sided 0.066 power_csi 0.043 kurtosis 0.051 spec_cnn 0.053  (18s)
    JSR   +8.0 dB  BER 1.00e+00  P(det)@0.05 power_one_sided 0.051 power_two_sided 0.064 power_csi 0.045 kurtosis 0.043 spec_cnn 0.029  (18s)
    JSR   +9.0 dB  BER 1.00e+00  P(det)@0.05 power_one_sided 0.047 power_two_sided 0.045 power_csi 0.035 kurtosis 0.043 spec_cnn 0.043  (19s)
    JSR  +10.0 dB  BER 1.00e+00  P(det)@0.05 power_one_sided 0.045 power_two_sided 0.047 power_csi 0.043 kurtosis 0.039 spec_cnn 0.039  (19s)
    JSR  +11.0 dB  BER 1.00e+00  P(det)@0.05 power_one_sided 0.037 power_two_sided 0.059 power_csi 0.033 kurtosis 0.045 spec_cnn 0.043  (19s)
    JSR  +12.0 dB  BER 1.00e+00  P(det)@0.05 power_one_sided 0.045 power_two_sided 0.064 power_csi 0.047 kurtosis 0.049 spec_cnn 0.057  (20s)
    JSR  +13.0 dB  BER 1.00e+00  P(det)@0.05 power_one_sided 0.039 power_two_sided 0.039 power_csi 0.041 kurtosis 0.055 spec_cnn 0.051  (20s)
    JSR  +14.0 dB  BER 1.00e+00  P(det)@0.05 power_one_sided 0.041 power_two_sided 0.045 power_csi 0.049 kurtosis 0.047 spec_cnn 0.064  (20s)
    JSR  +15.0 dB  BER 1.00e+00  P(det)@0.05 power_one_sided 0.037 power_two_sided 0.037 power_csi 0.043 kurtosis 0.047 spec_cnn 0.051  (20s)
  [shadow_0.1] omniscient_e1 confirmed: {"power_one_sided": {"0.01": {"index": 57, "sweep_ber": 1.0, "sweep_pdet": 0.009765625, "confirmed_ber": 1.0, "confirmed_ser": 1.0, "confirmed_pdet": 0.01220703125, "passed": true}, "0.05": {"index": 58, "sweep_ber": 1.0, "sweep_pdet": 0.05078125, "confirmed_ber": 1.0, "confirmed_ser": 1.0, "confirmed_pdet": 0.051513671875, "passed": true}}, "power_csi": {"0.01": {"index": 57, "sweep_ber": 1.0, "sweep_pdet": 0.0078125, "confirmed_ber": 1.0, "confirmed_ser": 1.0, "confirmed_pdet": 0.0107421875, "passed": true}, "0.05": {"index": 57, "sweep_ber": 1.0, "sweep_pdet": 0.04296875, "confirmed_ber": 1.0, "confirmed_ser": 1.0, "confirmed_pdet": 0.044677734375, "passed": true}}, "power_two_sided": {"0.01": {"index": 57, "sweep_ber": 1.0, "sweep_pdet": 0.0078125, "confirmed_ber": 1.0, "confirmed_ser": 1.0, "confirmed_pdet": 0.01171875, "passed": true}, "0.05": {"index": 57, "sweep_ber": 1.0, "sweep_pdet": 0.06640625, "confirmed_ber": 1.0, "confirmed_ser": 1.0, "confirmed_pdet": 0.054443359375, "passed": true}}, "kurtosis": {"0.01": {"index": 57, "sweep_ber": 1.0, "sweep_pdet": 0.009765625, "confirmed_ber": 1.0, "confirmed_ser": 1.0, "confirmed_pdet": 0.010498046875, "passed": true}, "0.05": {"index": 57, "sweep_ber": 1.0, "sweep_pdet": 0.05078125, "confirmed_ber": 1.0, "confirmed_ser": 1.0, "confirmed_pdet": 0.05419921875, "passed": true}}, "spec_cnn": {"0.01": {"index": 57, "sweep_ber": 1.0, "sweep_pdet": 0.005859375, "confirmed_ber": 1.0, "confirmed_ser": 1.0, "confirmed_pdet": 0.009521484375, "passed": true}, "0.05": {"index": 57, "sweep_ber": 1.0, "sweep_pdet": 0.052734375, "confirmed_ber": 1.0, "confirmed_ser": 1.0, "confirmed_pdet": 0.05078125, "passed": true}}}  (316s)
  [shadow_0.1] generator plain_run001 (scale 0.4022)
    JSR  -50.0 dB  BER 0.00e+00  P(det)@0.05 power_one_sided 0.047 power_two_sided 0.045 power_csi 0.047 kurtosis 0.055 spec_cnn 0.051  (0s)
    JSR  -49.0 dB  BER 0.00e+00  P(det)@0.05 power_one_sided 0.055 power_two_sided 0.061 power_csi 0.053 kurtosis 0.055 spec_cnn 0.053  (1s)
    JSR  -48.0 dB  BER 0.00e+00  P(det)@0.05 power_one_sided 0.041 power_two_sided 0.045 power_csi 0.070 kurtosis 0.037 spec_cnn 0.049  (1s)
    JSR  -47.0 dB  BER 0.00e+00  P(det)@0.05 power_one_sided 0.049 power_two_sided 0.047 power_csi 0.066 kurtosis 0.049 spec_cnn 0.045  (1s)
    JSR  -46.0 dB  BER 0.00e+00  P(det)@0.05 power_one_sided 0.057 power_two_sided 0.061 power_csi 0.072 kurtosis 0.068 spec_cnn 0.076  (2s)
    JSR  -45.0 dB  BER 0.00e+00  P(det)@0.05 power_one_sided 0.051 power_two_sided 0.047 power_csi 0.068 kurtosis 0.070 spec_cnn 0.047  (2s)
    JSR  -44.0 dB  BER 0.00e+00  P(det)@0.05 power_one_sided 0.059 power_two_sided 0.061 power_csi 0.068 kurtosis 0.045 spec_cnn 0.062  (2s)
    JSR  -43.0 dB  BER 0.00e+00  P(det)@0.05 power_one_sided 0.057 power_two_sided 0.043 power_csi 0.070 kurtosis 0.059 spec_cnn 0.031  (3s)
    JSR  -42.0 dB  BER 0.00e+00  P(det)@0.05 power_one_sided 0.047 power_two_sided 0.051 power_csi 0.096 kurtosis 0.051 spec_cnn 0.051  (3s)
    JSR  -41.0 dB  BER 0.00e+00  P(det)@0.05 power_one_sided 0.062 power_two_sided 0.053 power_csi 0.105 kurtosis 0.055 spec_cnn 0.062  (3s)
    JSR  -40.0 dB  BER 0.00e+00  P(det)@0.05 power_one_sided 0.064 power_two_sided 0.064 power_csi 0.115 kurtosis 0.043 spec_cnn 0.061  (4s)
    JSR  -39.0 dB  BER 0.00e+00  P(det)@0.05 power_one_sided 0.041 power_two_sided 0.049 power_csi 0.111 kurtosis 0.047 spec_cnn 0.070  (4s)
    JSR  -38.0 dB  BER 0.00e+00  P(det)@0.05 power_one_sided 0.045 power_two_sided 0.062 power_csi 0.148 kurtosis 0.041 spec_cnn 0.094  (4s)
    JSR  -37.0 dB  BER 0.00e+00  P(det)@0.05 power_one_sided 0.037 power_two_sided 0.053 power_csi 0.174 kurtosis 0.043 spec_cnn 0.131  (5s)
    JSR  -36.0 dB  BER 0.00e+00  P(det)@0.05 power_one_sided 0.064 power_two_sided 0.062 power_csi 0.201 kurtosis 0.035 spec_cnn 0.174  (5s)
    JSR  -35.0 dB  BER 0.00e+00  P(det)@0.05 power_one_sided 0.064 power_two_sided 0.064 power_csi 0.211 kurtosis 0.059 spec_cnn 0.178  (5s)
    JSR  -34.0 dB  BER 0.00e+00  P(det)@0.05 power_one_sided 0.072 power_two_sided 0.061 power_csi 0.258 kurtosis 0.049 spec_cnn 0.199  (6s)
    JSR  -33.0 dB  BER 0.00e+00  P(det)@0.05 power_one_sided 0.043 power_two_sided 0.051 power_csi 0.277 kurtosis 0.057 spec_cnn 0.295  (6s)
    JSR  -32.0 dB  BER 0.00e+00  P(det)@0.05 power_one_sided 0.053 power_two_sided 0.059 power_csi 0.311 kurtosis 0.041 spec_cnn 0.383  (6s)
    JSR  -31.0 dB  BER 0.00e+00  P(det)@0.05 power_one_sided 0.055 power_two_sided 0.033 power_csi 0.340 kurtosis 0.051 spec_cnn 0.439  (7s)
    JSR  -30.0 dB  BER 0.00e+00  P(det)@0.05 power_one_sided 0.039 power_two_sided 0.049 power_csi 0.420 kurtosis 0.057 spec_cnn 0.516  (7s)
    JSR  -29.0 dB  BER 0.00e+00  P(det)@0.05 power_one_sided 0.053 power_two_sided 0.061 power_csi 0.400 kurtosis 0.051 spec_cnn 0.648  (7s)
    JSR  -28.0 dB  BER 0.00e+00  P(det)@0.05 power_one_sided 0.062 power_two_sided 0.059 power_csi 0.459 kurtosis 0.039 spec_cnn 0.762  (7s)
    JSR  -27.0 dB  BER 0.00e+00  P(det)@0.05 power_one_sided 0.064 power_two_sided 0.072 power_csi 0.539 kurtosis 0.049 spec_cnn 0.844  (8s)
    JSR  -26.0 dB  BER 0.00e+00  P(det)@0.05 power_one_sided 0.082 power_two_sided 0.078 power_csi 0.531 kurtosis 0.049 spec_cnn 0.883  (8s)
    JSR  -25.0 dB  BER 0.00e+00  P(det)@0.05 power_one_sided 0.057 power_two_sided 0.045 power_csi 0.617 kurtosis 0.049 spec_cnn 0.936  (8s)
    JSR  -24.0 dB  BER 0.00e+00  P(det)@0.05 power_one_sided 0.105 power_two_sided 0.096 power_csi 0.633 kurtosis 0.053 spec_cnn 0.980  (9s)
    JSR  -23.0 dB  BER 0.00e+00  P(det)@0.05 power_one_sided 0.113 power_two_sided 0.074 power_csi 0.709 kurtosis 0.062 spec_cnn 0.971  (9s)
    JSR  -22.0 dB  BER 0.00e+00  P(det)@0.05 power_one_sided 0.111 power_two_sided 0.090 power_csi 0.734 kurtosis 0.041 spec_cnn 0.990  (9s)
    JSR  -21.0 dB  BER 0.00e+00  P(det)@0.05 power_one_sided 0.135 power_two_sided 0.102 power_csi 0.770 kurtosis 0.061 spec_cnn 0.992  (10s)
    JSR  -20.0 dB  BER 0.00e+00  P(det)@0.05 power_one_sided 0.168 power_two_sided 0.123 power_csi 0.814 kurtosis 0.098 spec_cnn 0.998  (10s)
    JSR  -19.0 dB  BER 0.00e+00  P(det)@0.05 power_one_sided 0.207 power_two_sided 0.162 power_csi 0.850 kurtosis 0.100 spec_cnn 0.998  (10s)
    JSR  -18.0 dB  BER 0.00e+00  P(det)@0.05 power_one_sided 0.262 power_two_sided 0.186 power_csi 0.895 kurtosis 0.109 spec_cnn 0.998  (11s)
    JSR  -17.0 dB  BER 0.00e+00  P(det)@0.05 power_one_sided 0.320 power_two_sided 0.246 power_csi 0.887 kurtosis 0.150 spec_cnn 0.996  (11s)
    JSR  -16.0 dB  BER 0.00e+00  P(det)@0.05 power_one_sided 0.430 power_two_sided 0.361 power_csi 0.957 kurtosis 0.221 spec_cnn 0.998  (11s)
    JSR  -15.0 dB  BER 0.00e+00  P(det)@0.05 power_one_sided 0.523 power_two_sided 0.438 power_csi 0.955 kurtosis 0.305 spec_cnn 1.000  (12s)
    JSR  -14.0 dB  BER 0.00e+00  P(det)@0.05 power_one_sided 0.627 power_two_sided 0.564 power_csi 0.977 kurtosis 0.389 spec_cnn 1.000  (12s)
    JSR  -13.0 dB  BER 0.00e+00  P(det)@0.05 power_one_sided 0.797 power_two_sided 0.744 power_csi 0.998 kurtosis 0.551 spec_cnn 1.000  (12s)
    JSR  -12.0 dB  BER 0.00e+00  P(det)@0.05 power_one_sided 0.857 power_two_sided 0.834 power_csi 0.994 kurtosis 0.719 spec_cnn 1.000  (13s)
    JSR  -11.0 dB  BER 7.63e-06  P(det)@0.05 power_one_sided 0.912 power_two_sided 0.898 power_csi 0.998 kurtosis 0.844 spec_cnn 1.000  (13s)
    JSR  -10.0 dB  BER 4.58e-05  P(det)@0.05 power_one_sided 0.982 power_two_sided 0.977 power_csi 1.000 kurtosis 0.922 spec_cnn 1.000  (13s)
    JSR   -9.0 dB  BER 1.07e-04  P(det)@0.05 power_one_sided 0.994 power_two_sided 0.994 power_csi 1.000 kurtosis 0.971 spec_cnn 1.000  (14s)
    JSR   -8.0 dB  BER 5.04e-04  P(det)@0.05 power_one_sided 0.998 power_two_sided 0.998 power_csi 1.000 kurtosis 0.988 spec_cnn 1.000  (14s)
    JSR   -7.0 dB  BER 1.82e-03  P(det)@0.05 power_one_sided 1.000 power_two_sided 1.000 power_csi 1.000 kurtosis 1.000 spec_cnn 1.000  (14s)
    JSR   -6.0 dB  BER 5.44e-03  P(det)@0.05 power_one_sided 1.000 power_two_sided 1.000 power_csi 1.000 kurtosis 0.998 spec_cnn 1.000  (15s)
    JSR   -5.0 dB  BER 1.52e-02  P(det)@0.05 power_one_sided 1.000 power_two_sided 1.000 power_csi 1.000 kurtosis 1.000 spec_cnn 1.000  (15s)
    JSR   -4.0 dB  BER 3.27e-02  P(det)@0.05 power_one_sided 1.000 power_two_sided 1.000 power_csi 1.000 kurtosis 1.000 spec_cnn 1.000  (15s)
    JSR   -3.0 dB  BER 5.91e-02  P(det)@0.05 power_one_sided 1.000 power_two_sided 1.000 power_csi 1.000 kurtosis 1.000 spec_cnn 1.000  (16s)
    JSR   -2.0 dB  BER 9.10e-02  P(det)@0.05 power_one_sided 1.000 power_two_sided 1.000 power_csi 1.000 kurtosis 1.000 spec_cnn 1.000  (16s)
    JSR   -1.0 dB  BER 1.27e-01  P(det)@0.05 power_one_sided 1.000 power_two_sided 1.000 power_csi 1.000 kurtosis 1.000 spec_cnn 1.000  (16s)
    JSR   +0.0 dB  BER 1.61e-01  P(det)@0.05 power_one_sided 1.000 power_two_sided 1.000 power_csi 1.000 kurtosis 1.000 spec_cnn 1.000  (17s)
    JSR   +1.0 dB  BER 1.93e-01  P(det)@0.05 power_one_sided 1.000 power_two_sided 1.000 power_csi 1.000 kurtosis 1.000 spec_cnn 1.000  (17s)
    JSR   +2.0 dB  BER 2.19e-01  P(det)@0.05 power_one_sided 1.000 power_two_sided 1.000 power_csi 1.000 kurtosis 0.998 spec_cnn 1.000  (17s)
    JSR   +3.0 dB  BER 2.46e-01  P(det)@0.05 power_one_sided 1.000 power_two_sided 1.000 power_csi 1.000 kurtosis 0.998 spec_cnn 1.000  (18s)
    JSR   +4.0 dB  BER 2.72e-01  P(det)@0.05 power_one_sided 1.000 power_two_sided 1.000 power_csi 1.000 kurtosis 0.996 spec_cnn 1.000  (18s)
    JSR   +5.0 dB  BER 2.98e-01  P(det)@0.05 power_one_sided 1.000 power_two_sided 1.000 power_csi 1.000 kurtosis 0.986 spec_cnn 1.000  (18s)
    JSR   +6.0 dB  BER 3.18e-01  P(det)@0.05 power_one_sided 1.000 power_two_sided 1.000 power_csi 1.000 kurtosis 0.979 spec_cnn 1.000  (19s)
    JSR   +7.0 dB  BER 3.35e-01  P(det)@0.05 power_one_sided 1.000 power_two_sided 1.000 power_csi 1.000 kurtosis 0.922 spec_cnn 1.000  (19s)
    JSR   +8.0 dB  BER 3.52e-01  P(det)@0.05 power_one_sided 1.000 power_two_sided 1.000 power_csi 1.000 kurtosis 0.898 spec_cnn 1.000  (19s)
    JSR   +9.0 dB  BER 3.69e-01  P(det)@0.05 power_one_sided 1.000 power_two_sided 1.000 power_csi 1.000 kurtosis 0.832 spec_cnn 1.000  (20s)
    JSR  +10.0 dB  BER 3.82e-01  P(det)@0.05 power_one_sided 1.000 power_two_sided 1.000 power_csi 1.000 kurtosis 0.773 spec_cnn 1.000  (20s)
    JSR  +11.0 dB  BER 3.95e-01  P(det)@0.05 power_one_sided 1.000 power_two_sided 1.000 power_csi 1.000 kurtosis 0.727 spec_cnn 1.000  (20s)
    JSR  +12.0 dB  BER 4.05e-01  P(det)@0.05 power_one_sided 1.000 power_two_sided 1.000 power_csi 1.000 kurtosis 0.672 spec_cnn 1.000  (21s)
    JSR  +13.0 dB  BER 4.16e-01  P(det)@0.05 power_one_sided 1.000 power_two_sided 1.000 power_csi 1.000 kurtosis 0.637 spec_cnn 1.000  (21s)
    JSR  +14.0 dB  BER 4.25e-01  P(det)@0.05 power_one_sided 1.000 power_two_sided 1.000 power_csi 1.000 kurtosis 0.611 spec_cnn 1.000  (21s)
    JSR  +15.0 dB  BER 4.31e-01  P(det)@0.05 power_one_sided 1.000 power_two_sided 1.000 power_csi 1.000 kurtosis 0.604 spec_cnn 1.000  (22s)
  [shadow_0.1] plain_run001 confirmed: {"power_one_sided": {"0.01": {"index": 0, "sweep_ber": 0.0, "sweep_pdet": 0.001953125, "confirmed_ber": 0.0, "confirmed_ser": 0.0, "confirmed_pdet": 0.0126953125, "passed": true}, "0.05": {"index": 0, "sweep_ber": 0.0, "sweep_pdet": 0.046875, "confirmed_ber": 0.0, "confirmed_ser": 0.0, "confirmed_pdet": 0.048828125, "passed": true}}, "power_csi": {"0.01": {"index": 0, "sweep_ber": 0.0, "sweep_pdet": 0.01171875, "confirmed_ber": 0.0, "confirmed_ser": 0.0, "confirmed_pdet": 0.01220703125, "passed": true}, "0.05": {"index": 0, "sweep_ber": 0.0, "sweep_pdet": 0.046875, "confirmed_ber": 0.0, "confirmed_ser": 0.0, "confirmed_pdet": 0.05078125, "passed": true}}, "power_two_sided": {"0.01": {"index": 0, "sweep_ber": 0.0, "sweep_pdet": 0.001953125, "confirmed_ber": 0.0, "confirmed_ser": 0.0, "confirmed_pdet": 0.009033203125, "passed": true}, "0.05": {"index": 0, "sweep_ber": 0.0, "sweep_pdet": 0.044921875, "confirmed_ber": 0.0, "confirmed_ser": 0.0, "confirmed_pdet": 0.050048828125, "passed": true}}, "kurtosis": {"0.01": {"index": 0, "sweep_ber": 0.0, "sweep_pdet": 0.01171875, "confirmed_ber": 0.0, "confirmed_ser": 0.0, "confirmed_pdet": 0.0107421875, "passed": true}, "0.05": {"index": 0, "sweep_ber": 0.0, "sweep_pdet": 0.0546875, "confirmed_ber": 0.0, "confirmed_ser": 0.0, "confirmed_pdet": 0.04638671875, "passed": true}}, "spec_cnn": {"0.01": {"index": 0, "sweep_ber": 0.0, "sweep_pdet": 0.01171875, "confirmed_ber": 0.0, "confirmed_ser": 0.0, "confirmed_pdet": 0.009033203125, "passed": true}, "0.05": {"index": 0, "sweep_ber": 0.0, "sweep_pdet": 0.05078125, "confirmed_ber": 0.0, "confirmed_ser": 0.0, "confirmed_pdet": 0.049560546875, "passed": true}}}  (364s)
  [shadow_0.1] generator eff (scale 1.0000)
  JSR  -50.0 dB  BER 0.00e+00  P(det)@0.05 power_one_sided 0.055 power_two_sided 0.041 power_csi 0.055 kurtosis 0.066 spec_cnn 0.062  (0s)
  JSR  -49.0 dB  BER 0.00e+00  P(det)@0.05 power_one_sided 0.043 power_two_sided 0.043 power_csi 0.053 kurtosis 0.059 spec_cnn 0.041  (1s)
  JSR  -48.0 dB  BER 0.00e+00  P(det)@0.05 power_one_sided 0.045 power_two_sided 0.057 power_csi 0.041 kurtosis 0.037 spec_cnn 0.061  (1s)
  JSR  -47.0 dB  BER 0.00e+00  P(det)@0.05 power_one_sided 0.051 power_two_sided 0.053 power_csi 0.062 kurtosis 0.053 spec_cnn 0.033  (1s)
  JSR  -46.0 dB  BER 0.00e+00  P(det)@0.05 power_one_sided 0.049 power_two_sided 0.059 power_csi 0.057 kurtosis 0.047 spec_cnn 0.045  (2s)
  JSR  -45.0 dB  BER 0.00e+00  P(det)@0.05 power_one_sided 0.031 power_two_sided 0.043 power_csi 0.078 kurtosis 0.061 spec_cnn 0.066  (2s)
  JSR  -44.0 dB  BER 0.00e+00  P(det)@0.05 power_one_sided 0.053 power_two_sided 0.066 power_csi 0.082 kurtosis 0.055 spec_cnn 0.080  (2s)
  JSR  -43.0 dB  BER 0.00e+00  P(det)@0.05 power_one_sided 0.049 power_two_sided 0.057 power_csi 0.062 kurtosis 0.045 spec_cnn 0.066  (3s)
  JSR  -42.0 dB  BER 0.00e+00  P(det)@0.05 power_one_sided 0.045 power_two_sided 0.051 power_csi 0.078 kurtosis 0.043 spec_cnn 0.055  (3s)
  JSR  -41.0 dB  BER 0.00e+00  P(det)@0.05 power_one_sided 0.055 power_two_sided 0.053 power_csi 0.072 kurtosis 0.043 spec_cnn 0.066  (3s)
  JSR  -40.0 dB  BER 0.00e+00  P(det)@0.05 power_one_sided 0.070 power_two_sided 0.068 power_csi 0.086 kurtosis 0.057 spec_cnn 0.061  (4s)
  JSR  -39.0 dB  BER 0.00e+00  P(det)@0.05 power_one_sided 0.059 power_two_sided 0.049 power_csi 0.131 kurtosis 0.062 spec_cnn 0.059  (4s)
  JSR  -38.0 dB  BER 0.00e+00  P(det)@0.05 power_one_sided 0.068 power_two_sided 0.049 power_csi 0.107 kurtosis 0.039 spec_cnn 0.105  (4s)
  JSR  -37.0 dB  BER 0.00e+00  P(det)@0.05 power_one_sided 0.062 power_two_sided 0.049 power_csi 0.146 kurtosis 0.055 spec_cnn 0.098  (5s)
  JSR  -36.0 dB  BER 0.00e+00  P(det)@0.05 power_one_sided 0.059 power_two_sided 0.053 power_csi 0.186 kurtosis 0.041 spec_cnn 0.082  (5s)
  JSR  -35.0 dB  BER 0.00e+00  P(det)@0.05 power_one_sided 0.041 power_two_sided 0.043 power_csi 0.240 kurtosis 0.031 spec_cnn 0.137  (5s)
  JSR  -34.0 dB  BER 0.00e+00  P(det)@0.05 power_one_sided 0.037 power_two_sided 0.047 power_csi 0.287 kurtosis 0.053 spec_cnn 0.143  (6s)
  JSR  -33.0 dB  BER 0.00e+00  P(det)@0.05 power_one_sided 0.062 power_two_sided 0.061 power_csi 0.303 kurtosis 0.064 spec_cnn 0.166  (6s)
  JSR  -32.0 dB  BER 0.00e+00  P(det)@0.05 power_one_sided 0.062 power_two_sided 0.059 power_csi 0.352 kurtosis 0.041 spec_cnn 0.162  (6s)
  JSR  -31.0 dB  BER 0.00e+00  P(det)@0.05 power_one_sided 0.061 power_two_sided 0.080 power_csi 0.400 kurtosis 0.059 spec_cnn 0.170  (7s)
  JSR  -30.0 dB  BER 0.00e+00  P(det)@0.05 power_one_sided 0.062 power_two_sided 0.061 power_csi 0.443 kurtosis 0.062 spec_cnn 0.164  (7s)
  JSR  -29.0 dB  BER 0.00e+00  P(det)@0.05 power_one_sided 0.061 power_two_sided 0.053 power_csi 0.533 kurtosis 0.043 spec_cnn 0.207  (7s)
  JSR  -28.0 dB  BER 0.00e+00  P(det)@0.05 power_one_sided 0.078 power_two_sided 0.070 power_csi 0.574 kurtosis 0.049 spec_cnn 0.285  (8s)
  JSR  -27.0 dB  BER 0.00e+00  P(det)@0.05 power_one_sided 0.088 power_two_sided 0.045 power_csi 0.596 kurtosis 0.049 spec_cnn 0.338  (8s)
  JSR  -26.0 dB  BER 0.00e+00  P(det)@0.05 power_one_sided 0.096 power_two_sided 0.074 power_csi 0.623 kurtosis 0.051 spec_cnn 0.391  (8s)
  JSR  -25.0 dB  BER 0.00e+00  P(det)@0.05 power_one_sided 0.090 power_two_sided 0.064 power_csi 0.676 kurtosis 0.057 spec_cnn 0.523  (8s)
  JSR  -24.0 dB  BER 0.00e+00  P(det)@0.05 power_one_sided 0.088 power_two_sided 0.045 power_csi 0.764 kurtosis 0.062 spec_cnn 0.703  (9s)
  JSR  -23.0 dB  BER 0.00e+00  P(det)@0.05 power_one_sided 0.121 power_two_sided 0.084 power_csi 0.783 kurtosis 0.061 spec_cnn 0.855  (9s)
  JSR  -22.0 dB  BER 0.00e+00  P(det)@0.05 power_one_sided 0.115 power_two_sided 0.082 power_csi 0.887 kurtosis 0.057 spec_cnn 0.957  (9s)
  JSR  -21.0 dB  BER 1.37e-04  P(det)@0.05 power_one_sided 0.176 power_two_sided 0.121 power_csi 0.924 kurtosis 0.053 spec_cnn 0.994  (10s)
  JSR  -20.0 dB  BER 4.88e-04  P(det)@0.05 power_one_sided 0.193 power_two_sided 0.129 power_csi 0.957 kurtosis 0.064 spec_cnn 1.000  (10s)
  JSR  -19.0 dB  BER 9.69e-04  P(det)@0.05 power_one_sided 0.275 power_two_sided 0.203 power_csi 0.990 kurtosis 0.094 spec_cnn 1.000  (10s)
  JSR  -18.0 dB  BER 1.35e-03  P(det)@0.05 power_one_sided 0.318 power_two_sided 0.229 power_csi 0.996 kurtosis 0.145 spec_cnn 1.000  (11s)
  JSR  -17.0 dB  BER 1.78e-03  P(det)@0.05 power_one_sided 0.469 power_two_sided 0.369 power_csi 1.000 kurtosis 0.178 spec_cnn 1.000  (11s)
  JSR  -16.0 dB  BER 2.25e-03  P(det)@0.05 power_one_sided 0.613 power_two_sided 0.518 power_csi 1.000 kurtosis 0.320 spec_cnn 1.000  (11s)
  JSR  -15.0 dB  BER 2.41e-03  P(det)@0.05 power_one_sided 0.748 power_two_sided 0.656 power_csi 1.000 kurtosis 0.434 spec_cnn 1.000  (12s)
  JSR  -14.0 dB  BER 3.02e-03  P(det)@0.05 power_one_sided 0.857 power_two_sided 0.793 power_csi 1.000 kurtosis 0.535 spec_cnn 1.000  (12s)
  JSR  -13.0 dB  BER 3.39e-03  P(det)@0.05 power_one_sided 0.924 power_two_sided 0.891 power_csi 1.000 kurtosis 0.645 spec_cnn 1.000  (12s)
  JSR  -12.0 dB  BER 3.57e-03  P(det)@0.05 power_one_sided 0.980 power_two_sided 0.973 power_csi 1.000 kurtosis 0.844 spec_cnn 1.000  (13s)
  JSR  -11.0 dB  BER 4.06e-03  P(det)@0.05 power_one_sided 1.000 power_two_sided 1.000 power_csi 1.000 kurtosis 0.979 spec_cnn 1.000  (13s)
  JSR  -10.0 dB  BER 4.30e-03  P(det)@0.05 power_one_sided 1.000 power_two_sided 1.000 power_csi 1.000 kurtosis 0.998 spec_cnn 1.000  (13s)
  JSR   -9.0 dB  BER 4.58e-03  P(det)@0.05 power_one_sided 1.000 power_two_sided 1.000 power_csi 1.000 kurtosis 1.000 spec_cnn 1.000  (14s)
  JSR   -8.0 dB  BER 5.16e-03  P(det)@0.05 power_one_sided 1.000 power_two_sided 1.000 power_csi 1.000 kurtosis 1.000 spec_cnn 1.000  (14s)
  JSR   -7.0 dB  BER 4.79e-03  P(det)@0.05 power_one_sided 1.000 power_two_sided 1.000 power_csi 1.000 kurtosis 1.000 spec_cnn 1.000  (14s)
  JSR   -6.0 dB  BER 5.58e-03  P(det)@0.05 power_one_sided 1.000 power_two_sided 1.000 power_csi 1.000 kurtosis 1.000 spec_cnn 1.000  (15s)
  JSR   -5.0 dB  BER 6.46e-03  P(det)@0.05 power_one_sided 1.000 power_two_sided 1.000 power_csi 1.000 kurtosis 1.000 spec_cnn 1.000  (15s)
  JSR   -4.0 dB  BER 6.68e-03  P(det)@0.05 power_one_sided 1.000 power_two_sided 1.000 power_csi 1.000 kurtosis 1.000 spec_cnn 1.000  (15s)
  JSR   -3.0 dB  BER 7.43e-03  P(det)@0.05 power_one_sided 1.000 power_two_sided 1.000 power_csi 1.000 kurtosis 1.000 spec_cnn 1.000  (16s)
  JSR   -2.0 dB  BER 8.04e-03  P(det)@0.05 power_one_sided 1.000 power_two_sided 1.000 power_csi 1.000 kurtosis 1.000 spec_cnn 1.000  (16s)
  JSR   -1.0 dB  BER 8.67e-03  P(det)@0.05 power_one_sided 1.000 power_two_sided 1.000 power_csi 1.000 kurtosis 1.000 spec_cnn 1.000  (16s)
  JSR   +0.0 dB  BER 1.01e-02  P(det)@0.05 power_one_sided 1.000 power_two_sided 1.000 power_csi 1.000 kurtosis 1.000 spec_cnn 1.000  (17s)
  JSR   +1.0 dB  BER 1.01e-02  P(det)@0.05 power_one_sided 1.000 power_two_sided 1.000 power_csi 1.000 kurtosis 1.000 spec_cnn 1.000  (17s)
  JSR   +2.0 dB  BER 1.15e-02  P(det)@0.05 power_one_sided 1.000 power_two_sided 1.000 power_csi 1.000 kurtosis 1.000 spec_cnn 1.000  (17s)
  JSR   +3.0 dB  BER 1.35e-02  P(det)@0.05 power_one_sided 1.000 power_two_sided 1.000 power_csi 1.000 kurtosis 1.000 spec_cnn 1.000  (18s)
  JSR   +4.0 dB  BER 1.59e-02  P(det)@0.05 power_one_sided 1.000 power_two_sided 1.000 power_csi 1.000 kurtosis 1.000 spec_cnn 1.000  (18s)
  JSR   +5.0 dB  BER 2.10e-02  P(det)@0.05 power_one_sided 1.000 power_two_sided 1.000 power_csi 1.000 kurtosis 1.000 spec_cnn 1.000  (18s)
  JSR   +6.0 dB  BER 2.77e-02  P(det)@0.05 power_one_sided 1.000 power_two_sided 1.000 power_csi 1.000 kurtosis 1.000 spec_cnn 1.000  (19s)
  JSR   +7.0 dB  BER 3.82e-02  P(det)@0.05 power_one_sided 1.000 power_two_sided 1.000 power_csi 1.000 kurtosis 1.000 spec_cnn 1.000  (19s)
  JSR   +8.0 dB  BER 5.19e-02  P(det)@0.05 power_one_sided 1.000 power_two_sided 1.000 power_csi 1.000 kurtosis 1.000 spec_cnn 1.000  (19s)
  JSR   +9.0 dB  BER 6.87e-02  P(det)@0.05 power_one_sided 1.000 power_two_sided 1.000 power_csi 1.000 kurtosis 1.000 spec_cnn 1.000  (20s)
  JSR  +10.0 dB  BER 8.87e-02  P(det)@0.05 power_one_sided 1.000 power_two_sided 1.000 power_csi 1.000 kurtosis 1.000 spec_cnn 1.000  (20s)
  JSR  +11.0 dB  BER 1.13e-01  P(det)@0.05 power_one_sided 1.000 power_two_sided 1.000 power_csi 1.000 kurtosis 1.000 spec_cnn 1.000  (20s)
  JSR  +12.0 dB  BER 1.38e-01  P(det)@0.05 power_one_sided 1.000 power_two_sided 1.000 power_csi 1.000 kurtosis 1.000 spec_cnn 1.000  (21s)
  JSR  +13.0 dB  BER 1.64e-01  P(det)@0.05 power_one_sided 1.000 power_two_sided 1.000 power_csi 1.000 kurtosis 1.000 spec_cnn 1.000  (21s)
  JSR  +14.0 dB  BER 1.91e-01  P(det)@0.05 power_one_sided 1.000 power_two_sided 1.000 power_csi 1.000 kurtosis 1.000 spec_cnn 1.000  (21s)
  JSR  +15.0 dB  BER 2.17e-01  P(det)@0.05 power_one_sided 1.000 power_two_sided 1.000 power_csi 1.000 kurtosis 1.000 spec_cnn 1.000  (22s)
  [shadow_0.1] eff confirmed: {"power_one_sided": {"0.01": {"index": 0, "sweep_ber": 0.0, "sweep_pdet": 0.0078125, "confirmed_ber": 0.0, "confirmed_ser": 0.0, "confirmed_pdet": 0.01025390625, "passed": true}, "0.05": {"index": 0, "sweep_ber": 0.0, "sweep_pdet": 0.0546875, "confirmed_ber": 0.0, "confirmed_ser": 0.0, "confirmed_pdet": 0.057373046875, "passed": false}}, "power_csi": {"0.01": {"index": 0, "sweep_ber": 0.0, "sweep_pdet": 0.017578125, "confirmed_ber": 0.0, "confirmed_ser": 0.0, "confirmed_pdet": 0.012451171875, "passed": true}, "0.05": {"index": 0, "sweep_ber": 0.0, "sweep_pdet": 0.0546875, "confirmed_ber": 0.0, "confirmed_ser": 0.0, "confirmed_pdet": 0.06103515625, "passed": false}}, "power_two_sided": {"0.01": {"index": 0, "sweep_ber": 0.0, "sweep_pdet": 0.005859375, "confirmed_ber": 0.0, "confirmed_ser": 0.0, "confirmed_pdet": 0.0107421875, "passed": true}, "0.05": {"index": 0, "sweep_ber": 0.0, "sweep_pdet": 0.041015625, "confirmed_ber": 0.0, "confirmed_ser": 0.0, "confirmed_pdet": 0.04541015625, "passed": true}}, "kurtosis": {"0.01": {"index": 29, "sweep_ber": 0.0001373291015625, "sweep_pdet": 0.013671875, "confirmed_ber": 0.00010395050048828125, "confirmed_ser": 0.0002079010009765625, "confirmed_pdet": 0.014892578125, "passed": false}, "0.05": {"index": 30, "sweep_ber": 0.00048828125, "sweep_pdet": 0.064453125, "confirmed_ber": 0.000545501708984375, "confirmed_ser": 0.00109100341796875, "confirmed_pdet": 0.072021484375, "passed": false}}, "spec_cnn": {"0.01": {"index": 0, "sweep_ber": 0.0, "sweep_pdet": 0.017578125, "confirmed_ber": 0.0, "confirmed_ser": 0.0, "confirmed_pdet": 0.008544921875, "passed": true}, "0.05": {"index": 0, "sweep_ber": 0.0, "sweep_pdet": 0.0625, "confirmed_ber": 0.0, "confirmed_ser": 0.0, "confirmed_pdet": 0.051513671875, "passed": true}}}  (412s)
  [shadow_0.1] generator power_one_sided_b1 (scale 1.0000)
  JSR  -50.0 dB  BER 0.00e+00  P(det)@0.05 power_one_sided 0.043 power_two_sided 0.055 power_csi 0.064 kurtosis 0.035 spec_cnn 0.049  (0s)
  JSR  -49.0 dB  BER 0.00e+00  P(det)@0.05 power_one_sided 0.047 power_two_sided 0.051 power_csi 0.072 kurtosis 0.041 spec_cnn 0.047  (1s)
  JSR  -48.0 dB  BER 0.00e+00  P(det)@0.05 power_one_sided 0.057 power_two_sided 0.057 power_csi 0.057 kurtosis 0.045 spec_cnn 0.045  (1s)
  JSR  -47.0 dB  BER 0.00e+00  P(det)@0.05 power_one_sided 0.047 power_two_sided 0.043 power_csi 0.051 kurtosis 0.037 spec_cnn 0.049  (1s)
  JSR  -46.0 dB  BER 0.00e+00  P(det)@0.05 power_one_sided 0.061 power_two_sided 0.055 power_csi 0.076 kurtosis 0.047 spec_cnn 0.057  (2s)
  JSR  -45.0 dB  BER 0.00e+00  P(det)@0.05 power_one_sided 0.041 power_two_sided 0.059 power_csi 0.049 kurtosis 0.045 spec_cnn 0.043  (2s)
  JSR  -44.0 dB  BER 0.00e+00  P(det)@0.05 power_one_sided 0.068 power_two_sided 0.062 power_csi 0.057 kurtosis 0.051 spec_cnn 0.051  (2s)
  JSR  -43.0 dB  BER 0.00e+00  P(det)@0.05 power_one_sided 0.043 power_two_sided 0.035 power_csi 0.066 kurtosis 0.037 spec_cnn 0.047  (3s)
  JSR  -42.0 dB  BER 0.00e+00  P(det)@0.05 power_one_sided 0.045 power_two_sided 0.055 power_csi 0.072 kurtosis 0.041 spec_cnn 0.057  (3s)
  JSR  -41.0 dB  BER 0.00e+00  P(det)@0.05 power_one_sided 0.068 power_two_sided 0.057 power_csi 0.068 kurtosis 0.051 spec_cnn 0.055  (3s)
  JSR  -40.0 dB  BER 0.00e+00  P(det)@0.05 power_one_sided 0.049 power_two_sided 0.057 power_csi 0.090 kurtosis 0.049 spec_cnn 0.057  (4s)
  JSR  -39.0 dB  BER 0.00e+00  P(det)@0.05 power_one_sided 0.047 power_two_sided 0.055 power_csi 0.113 kurtosis 0.043 spec_cnn 0.064  (4s)
  JSR  -38.0 dB  BER 0.00e+00  P(det)@0.05 power_one_sided 0.043 power_two_sided 0.061 power_csi 0.062 kurtosis 0.047 spec_cnn 0.049  (4s)
  JSR  -37.0 dB  BER 0.00e+00  P(det)@0.05 power_one_sided 0.059 power_two_sided 0.049 power_csi 0.096 kurtosis 0.055 spec_cnn 0.057  (5s)
  JSR  -36.0 dB  BER 0.00e+00  P(det)@0.05 power_one_sided 0.059 power_two_sided 0.043 power_csi 0.160 kurtosis 0.070 spec_cnn 0.072  (5s)
  JSR  -35.0 dB  BER 0.00e+00  P(det)@0.05 power_one_sided 0.051 power_two_sided 0.053 power_csi 0.154 kurtosis 0.055 spec_cnn 0.086  (5s)
  JSR  -34.0 dB  BER 0.00e+00  P(det)@0.05 power_one_sided 0.041 power_two_sided 0.045 power_csi 0.156 kurtosis 0.037 spec_cnn 0.078  (6s)
  JSR  -33.0 dB  BER 0.00e+00  P(det)@0.05 power_one_sided 0.062 power_two_sided 0.041 power_csi 0.234 kurtosis 0.053 spec_cnn 0.084  (6s)
  JSR  -32.0 dB  BER 0.00e+00  P(det)@0.05 power_one_sided 0.047 power_two_sided 0.053 power_csi 0.252 kurtosis 0.051 spec_cnn 0.100  (6s)
  JSR  -31.0 dB  BER 0.00e+00  P(det)@0.05 power_one_sided 0.043 power_two_sided 0.057 power_csi 0.305 kurtosis 0.047 spec_cnn 0.090  (7s)
  JSR  -30.0 dB  BER 0.00e+00  P(det)@0.05 power_one_sided 0.088 power_two_sided 0.053 power_csi 0.332 kurtosis 0.047 spec_cnn 0.146  (7s)
  JSR  -29.0 dB  BER 0.00e+00  P(det)@0.05 power_one_sided 0.057 power_two_sided 0.047 power_csi 0.418 kurtosis 0.047 spec_cnn 0.146  (7s)
  JSR  -28.0 dB  BER 0.00e+00  P(det)@0.05 power_one_sided 0.068 power_two_sided 0.059 power_csi 0.457 kurtosis 0.061 spec_cnn 0.225  (7s)
  JSR  -27.0 dB  BER 0.00e+00  P(det)@0.05 power_one_sided 0.072 power_two_sided 0.051 power_csi 0.471 kurtosis 0.072 spec_cnn 0.289  (8s)
  JSR  -26.0 dB  BER 0.00e+00  P(det)@0.05 power_one_sided 0.068 power_two_sided 0.051 power_csi 0.561 kurtosis 0.057 spec_cnn 0.426  (8s)
  JSR  -25.0 dB  BER 0.00e+00  P(det)@0.05 power_one_sided 0.055 power_two_sided 0.053 power_csi 0.605 kurtosis 0.057 spec_cnn 0.629  (8s)
  JSR  -24.0 dB  BER 0.00e+00  P(det)@0.05 power_one_sided 0.070 power_two_sided 0.061 power_csi 0.691 kurtosis 0.080 spec_cnn 0.783  (9s)
  JSR  -23.0 dB  BER 0.00e+00  P(det)@0.05 power_one_sided 0.090 power_two_sided 0.070 power_csi 0.736 kurtosis 0.080 spec_cnn 0.912  (9s)
  JSR  -22.0 dB  BER 0.00e+00  P(det)@0.05 power_one_sided 0.117 power_two_sided 0.084 power_csi 0.754 kurtosis 0.066 spec_cnn 0.982  (9s)
  JSR  -21.0 dB  BER 7.63e-06  P(det)@0.05 power_one_sided 0.127 power_two_sided 0.115 power_csi 0.820 kurtosis 0.115 spec_cnn 0.996  (10s)
  JSR  -20.0 dB  BER 6.87e-05  P(det)@0.05 power_one_sided 0.139 power_two_sided 0.084 power_csi 0.891 kurtosis 0.084 spec_cnn 1.000  (10s)
  JSR  -19.0 dB  BER 1.91e-04  P(det)@0.05 power_one_sided 0.186 power_two_sided 0.121 power_csi 0.936 kurtosis 0.121 spec_cnn 1.000  (10s)
  JSR  -18.0 dB  BER 6.26e-04  P(det)@0.05 power_one_sided 0.209 power_two_sided 0.164 power_csi 0.947 kurtosis 0.164 spec_cnn 1.000  (11s)
  JSR  -17.0 dB  BER 8.24e-04  P(det)@0.05 power_one_sided 0.277 power_two_sided 0.223 power_csi 0.988 kurtosis 0.283 spec_cnn 1.000  (11s)
  JSR  -16.0 dB  BER 1.29e-03  P(det)@0.05 power_one_sided 0.381 power_two_sided 0.299 power_csi 0.998 kurtosis 0.363 spec_cnn 1.000  (11s)
  JSR  -15.0 dB  BER 1.71e-03  P(det)@0.05 power_one_sided 0.486 power_two_sided 0.395 power_csi 1.000 kurtosis 0.467 spec_cnn 1.000  (12s)
  JSR  -14.0 dB  BER 2.12e-03  P(det)@0.05 power_one_sided 0.662 power_two_sided 0.580 power_csi 1.000 kurtosis 0.574 spec_cnn 1.000  (12s)
  JSR  -13.0 dB  BER 2.49e-03  P(det)@0.05 power_one_sided 0.783 power_two_sided 0.689 power_csi 1.000 kurtosis 0.715 spec_cnn 1.000  (12s)
  JSR  -12.0 dB  BER 2.92e-03  P(det)@0.05 power_one_sided 0.877 power_two_sided 0.836 power_csi 1.000 kurtosis 0.789 spec_cnn 1.000  (13s)
  JSR  -11.0 dB  BER 3.55e-03  P(det)@0.05 power_one_sided 0.969 power_two_sided 0.957 power_csi 1.000 kurtosis 0.918 spec_cnn 1.000  (13s)
  JSR  -10.0 dB  BER 4.05e-03  P(det)@0.05 power_one_sided 0.994 power_two_sided 0.992 power_csi 1.000 kurtosis 0.943 spec_cnn 1.000  (13s)
  JSR   -9.0 dB  BER 4.52e-03  P(det)@0.05 power_one_sided 1.000 power_two_sided 1.000 power_csi 1.000 kurtosis 0.980 spec_cnn 1.000  (14s)
  JSR   -8.0 dB  BER 5.15e-03  P(det)@0.05 power_one_sided 1.000 power_two_sided 1.000 power_csi 1.000 kurtosis 0.994 spec_cnn 1.000  (14s)
  JSR   -7.0 dB  BER 5.51e-03  P(det)@0.05 power_one_sided 1.000 power_two_sided 1.000 power_csi 1.000 kurtosis 1.000 spec_cnn 1.000  (14s)
  JSR   -6.0 dB  BER 5.87e-03  P(det)@0.05 power_one_sided 1.000 power_two_sided 1.000 power_csi 1.000 kurtosis 1.000 spec_cnn 1.000  (15s)
  JSR   -5.0 dB  BER 6.58e-03  P(det)@0.05 power_one_sided 1.000 power_two_sided 1.000 power_csi 1.000 kurtosis 1.000 spec_cnn 1.000  (15s)
  JSR   -4.0 dB  BER 7.35e-03  P(det)@0.05 power_one_sided 1.000 power_two_sided 1.000 power_csi 1.000 kurtosis 1.000 spec_cnn 1.000  (15s)
  JSR   -3.0 dB  BER 7.77e-03  P(det)@0.05 power_one_sided 1.000 power_two_sided 1.000 power_csi 1.000 kurtosis 1.000 spec_cnn 1.000  (16s)
  JSR   -2.0 dB  BER 8.93e-03  P(det)@0.05 power_one_sided 1.000 power_two_sided 1.000 power_csi 1.000 kurtosis 1.000 spec_cnn 1.000  (16s)
  JSR   -1.0 dB  BER 9.82e-03  P(det)@0.05 power_one_sided 1.000 power_two_sided 1.000 power_csi 1.000 kurtosis 1.000 spec_cnn 1.000  (16s)
  JSR   +0.0 dB  BER 1.12e-02  P(det)@0.05 power_one_sided 1.000 power_two_sided 1.000 power_csi 1.000 kurtosis 1.000 spec_cnn 1.000  (17s)
  JSR   +1.0 dB  BER 1.25e-02  P(det)@0.05 power_one_sided 1.000 power_two_sided 1.000 power_csi 1.000 kurtosis 1.000 spec_cnn 1.000  (17s)
  JSR   +2.0 dB  BER 1.54e-02  P(det)@0.05 power_one_sided 1.000 power_two_sided 1.000 power_csi 1.000 kurtosis 1.000 spec_cnn 1.000  (17s)
  JSR   +3.0 dB  BER 1.96e-02  P(det)@0.05 power_one_sided 1.000 power_two_sided 1.000 power_csi 1.000 kurtosis 1.000 spec_cnn 1.000  (18s)
  JSR   +4.0 dB  BER 2.54e-02  P(det)@0.05 power_one_sided 1.000 power_two_sided 1.000 power_csi 1.000 kurtosis 1.000 spec_cnn 1.000  (18s)
  JSR   +5.0 dB  BER 3.36e-02  P(det)@0.05 power_one_sided 1.000 power_two_sided 1.000 power_csi 1.000 kurtosis 1.000 spec_cnn 1.000  (18s)
  JSR   +6.0 dB  BER 4.45e-02  P(det)@0.05 power_one_sided 1.000 power_two_sided 1.000 power_csi 1.000 kurtosis 1.000 spec_cnn 1.000  (19s)
  JSR   +7.0 dB  BER 6.29e-02  P(det)@0.05 power_one_sided 1.000 power_two_sided 1.000 power_csi 1.000 kurtosis 1.000 spec_cnn 1.000  (19s)
  JSR   +8.0 dB  BER 7.82e-02  P(det)@0.05 power_one_sided 1.000 power_two_sided 1.000 power_csi 1.000 kurtosis 1.000 spec_cnn 1.000  (19s)
  JSR   +9.0 dB  BER 1.03e-01  P(det)@0.05 power_one_sided 1.000 power_two_sided 1.000 power_csi 1.000 kurtosis 1.000 spec_cnn 1.000  (20s)
  JSR  +10.0 dB  BER 1.27e-01  P(det)@0.05 power_one_sided 1.000 power_two_sided 1.000 power_csi 1.000 kurtosis 1.000 spec_cnn 1.000  (20s)
  JSR  +11.0 dB  BER 1.54e-01  P(det)@0.05 power_one_sided 1.000 power_two_sided 1.000 power_csi 1.000 kurtosis 1.000 spec_cnn 1.000  (20s)
  JSR  +12.0 dB  BER 1.80e-01  P(det)@0.05 power_one_sided 1.000 power_two_sided 1.000 power_csi 1.000 kurtosis 1.000 spec_cnn 1.000  (21s)
  JSR  +13.0 dB  BER 2.07e-01  P(det)@0.05 power_one_sided 1.000 power_two_sided 1.000 power_csi 1.000 kurtosis 1.000 spec_cnn 1.000  (21s)
  JSR  +14.0 dB  BER 2.35e-01  P(det)@0.05 power_one_sided 1.000 power_two_sided 1.000 power_csi 1.000 kurtosis 1.000 spec_cnn 1.000  (21s)
  JSR  +15.0 dB  BER 2.58e-01  P(det)@0.05 power_one_sided 1.000 power_two_sided 1.000 power_csi 1.000 kurtosis 1.000 spec_cnn 1.000  (22s)
  [shadow_0.1] power_one_sided_b1 confirmed: {"power_one_sided": {"0.01": {"index": 0, "sweep_ber": 0.0, "sweep_pdet": 0.00390625, "confirmed_ber": 0.0, "confirmed_ser": 0.0, "confirmed_pdet": 0.010986328125, "passed": true}, "0.05": {"index": 0, "sweep_ber": 0.0, "sweep_pdet": 0.04296875, "confirmed_ber": 0.0, "confirmed_ser": 0.0, "confirmed_pdet": 0.0498046875, "passed": true}}, "power_csi": {"0.01": {"index": 0, "sweep_ber": 0.0, "sweep_pdet": 0.009765625, "confirmed_ber": 0.0, "confirmed_ser": 0.0, "confirmed_pdet": 0.011474609375, "passed": true}, "0.05": {"index": 0, "sweep_ber": 0.0, "sweep_pdet": 0.064453125, "confirmed_ber": 0.0, "confirmed_ser": 0.0, "confirmed_pdet": 0.057861328125, "passed": false}}, "power_two_sided": {"0.01": {"index": 0, "sweep_ber": 0.0, "sweep_pdet": 0.01171875, "confirmed_ber": 0.0, "confirmed_ser": 0.0, "confirmed_pdet": 0.01513671875, "passed": false}, "0.05": {"index": 0, "sweep_ber": 0.0, "sweep_pdet": 0.0546875, "confirmed_ber": 0.0, "confirmed_ser": 0.0, "confirmed_pdet": 0.06005859375, "passed": false}}, "kurtosis": {"0.01": {"index": 0, "sweep_ber": 0.0, "sweep_pdet": 0.005859375, "confirmed_ber": 0.0, "confirmed_ser": 0.0, "confirmed_pdet": 0.010009765625, "passed": true}, "0.05": {"index": 0, "sweep_ber": 0.0, "sweep_pdet": 0.03515625, "confirmed_ber": 0.0, "confirmed_ser": 0.0, "confirmed_pdet": 0.047119140625, "passed": true}}, "spec_cnn": {"0.01": {"index": 0, "sweep_ber": 0.0, "sweep_pdet": 0.013671875, "confirmed_ber": 0.0, "confirmed_ser": 0.0, "confirmed_pdet": 0.009521484375, "passed": true}, "0.05": {"index": 0, "sweep_ber": 0.0, "sweep_pdet": 0.048828125, "confirmed_ber": 0.0, "confirmed_ser": 0.0, "confirmed_pdet": 0.046142578125, "passed": true}}}  (460s)
  [shadow_0.1] generator power_one_sided_b10 (scale 1.0000)
  JSR  -50.0 dB  BER 0.00e+00  P(det)@0.05 power_one_sided 0.059 power_two_sided 0.057 power_csi 0.057 kurtosis 0.043 spec_cnn 0.061  (0s)
  JSR  -49.0 dB  BER 0.00e+00  P(det)@0.05 power_one_sided 0.051 power_two_sided 0.043 power_csi 0.049 kurtosis 0.062 spec_cnn 0.039  (1s)
  JSR  -48.0 dB  BER 0.00e+00  P(det)@0.05 power_one_sided 0.047 power_two_sided 0.059 power_csi 0.057 kurtosis 0.053 spec_cnn 0.053  (1s)
  JSR  -47.0 dB  BER 0.00e+00  P(det)@0.05 power_one_sided 0.049 power_two_sided 0.033 power_csi 0.062 kurtosis 0.045 spec_cnn 0.039  (1s)
  JSR  -46.0 dB  BER 0.00e+00  P(det)@0.05 power_one_sided 0.039 power_two_sided 0.047 power_csi 0.082 kurtosis 0.053 spec_cnn 0.045  (2s)
  JSR  -45.0 dB  BER 0.00e+00  P(det)@0.05 power_one_sided 0.076 power_two_sided 0.082 power_csi 0.061 kurtosis 0.037 spec_cnn 0.049  (2s)
  JSR  -44.0 dB  BER 0.00e+00  P(det)@0.05 power_one_sided 0.055 power_two_sided 0.053 power_csi 0.066 kurtosis 0.043 spec_cnn 0.053  (2s)
  JSR  -43.0 dB  BER 0.00e+00  P(det)@0.05 power_one_sided 0.057 power_two_sided 0.045 power_csi 0.082 kurtosis 0.062 spec_cnn 0.051  (3s)
  JSR  -42.0 dB  BER 0.00e+00  P(det)@0.05 power_one_sided 0.033 power_two_sided 0.043 power_csi 0.070 kurtosis 0.041 spec_cnn 0.053  (3s)
  JSR  -41.0 dB  BER 0.00e+00  P(det)@0.05 power_one_sided 0.055 power_two_sided 0.051 power_csi 0.070 kurtosis 0.041 spec_cnn 0.070  (3s)
  JSR  -40.0 dB  BER 0.00e+00  P(det)@0.05 power_one_sided 0.043 power_two_sided 0.047 power_csi 0.076 kurtosis 0.047 spec_cnn 0.047  (4s)
  JSR  -39.0 dB  BER 0.00e+00  P(det)@0.05 power_one_sided 0.047 power_two_sided 0.047 power_csi 0.062 kurtosis 0.049 spec_cnn 0.041  (4s)
  JSR  -38.0 dB  BER 0.00e+00  P(det)@0.05 power_one_sided 0.061 power_two_sided 0.061 power_csi 0.127 kurtosis 0.043 spec_cnn 0.062  (4s)
  JSR  -37.0 dB  BER 0.00e+00  P(det)@0.05 power_one_sided 0.055 power_two_sided 0.059 power_csi 0.135 kurtosis 0.053 spec_cnn 0.070  (5s)
  JSR  -36.0 dB  BER 0.00e+00  P(det)@0.05 power_one_sided 0.062 power_two_sided 0.059 power_csi 0.154 kurtosis 0.047 spec_cnn 0.049  (5s)
  JSR  -35.0 dB  BER 0.00e+00  P(det)@0.05 power_one_sided 0.057 power_two_sided 0.059 power_csi 0.176 kurtosis 0.051 spec_cnn 0.080  (5s)
  JSR  -34.0 dB  BER 0.00e+00  P(det)@0.05 power_one_sided 0.041 power_two_sided 0.043 power_csi 0.162 kurtosis 0.051 spec_cnn 0.072  (6s)
  JSR  -33.0 dB  BER 0.00e+00  P(det)@0.05 power_one_sided 0.059 power_two_sided 0.078 power_csi 0.232 kurtosis 0.061 spec_cnn 0.080  (6s)
  JSR  -32.0 dB  BER 0.00e+00  P(det)@0.05 power_one_sided 0.051 power_two_sided 0.066 power_csi 0.301 kurtosis 0.047 spec_cnn 0.121  (6s)
  JSR  -31.0 dB  BER 0.00e+00  P(det)@0.05 power_one_sided 0.051 power_two_sided 0.072 power_csi 0.328 kurtosis 0.062 spec_cnn 0.119  (7s)
  JSR  -30.0 dB  BER 0.00e+00  P(det)@0.05 power_one_sided 0.031 power_two_sided 0.039 power_csi 0.371 kurtosis 0.070 spec_cnn 0.172  (7s)
  JSR  -29.0 dB  BER 0.00e+00  P(det)@0.05 power_one_sided 0.051 power_two_sided 0.049 power_csi 0.416 kurtosis 0.061 spec_cnn 0.188  (7s)
  JSR  -28.0 dB  BER 0.00e+00  P(det)@0.05 power_one_sided 0.059 power_two_sided 0.053 power_csi 0.457 kurtosis 0.064 spec_cnn 0.238  (8s)
  JSR  -27.0 dB  BER 0.00e+00  P(det)@0.05 power_one_sided 0.078 power_two_sided 0.061 power_csi 0.512 kurtosis 0.061 spec_cnn 0.309  (8s)
  JSR  -26.0 dB  BER 0.00e+00  P(det)@0.05 power_one_sided 0.039 power_two_sided 0.043 power_csi 0.529 kurtosis 0.053 spec_cnn 0.438  (8s)
  JSR  -25.0 dB  BER 0.00e+00  P(det)@0.05 power_one_sided 0.051 power_two_sided 0.053 power_csi 0.584 kurtosis 0.061 spec_cnn 0.629  (8s)
  JSR  -24.0 dB  BER 0.00e+00  P(det)@0.05 power_one_sided 0.080 power_two_sided 0.062 power_csi 0.592 kurtosis 0.059 spec_cnn 0.775  (9s)
  JSR  -23.0 dB  BER 0.00e+00  P(det)@0.05 power_one_sided 0.084 power_two_sided 0.064 power_csi 0.676 kurtosis 0.082 spec_cnn 0.939  (9s)
  JSR  -22.0 dB  BER 7.63e-06  P(det)@0.05 power_one_sided 0.078 power_two_sided 0.059 power_csi 0.705 kurtosis 0.086 spec_cnn 0.979  (9s)
  JSR  -21.0 dB  BER 2.29e-05  P(det)@0.05 power_one_sided 0.133 power_two_sided 0.098 power_csi 0.748 kurtosis 0.115 spec_cnn 0.998  (10s)
  JSR  -20.0 dB  BER 3.43e-04  P(det)@0.05 power_one_sided 0.143 power_two_sided 0.100 power_csi 0.818 kurtosis 0.146 spec_cnn 1.000  (10s)
  JSR  -19.0 dB  BER 7.71e-04  P(det)@0.05 power_one_sided 0.199 power_two_sided 0.127 power_csi 0.896 kurtosis 0.211 spec_cnn 1.000  (10s)
  JSR  -18.0 dB  BER 1.29e-03  P(det)@0.05 power_one_sided 0.195 power_two_sided 0.141 power_csi 0.902 kurtosis 0.252 spec_cnn 1.000  (11s)
  JSR  -17.0 dB  BER 1.73e-03  P(det)@0.05 power_one_sided 0.285 power_two_sided 0.229 power_csi 0.949 kurtosis 0.334 spec_cnn 1.000  (11s)
  JSR  -16.0 dB  BER 1.99e-03  P(det)@0.05 power_one_sided 0.332 power_two_sided 0.258 power_csi 0.977 kurtosis 0.449 spec_cnn 1.000  (11s)
  JSR  -15.0 dB  BER 2.32e-03  P(det)@0.05 power_one_sided 0.480 power_two_sided 0.406 power_csi 0.990 kurtosis 0.537 spec_cnn 1.000  (12s)
  JSR  -14.0 dB  BER 2.56e-03  P(det)@0.05 power_one_sided 0.586 power_two_sided 0.502 power_csi 1.000 kurtosis 0.717 spec_cnn 1.000  (12s)
  JSR  -13.0 dB  BER 2.96e-03  P(det)@0.05 power_one_sided 0.699 power_two_sided 0.625 power_csi 1.000 kurtosis 0.775 spec_cnn 1.000  (12s)
  JSR  -12.0 dB  BER 3.34e-03  P(det)@0.05 power_one_sided 0.857 power_two_sided 0.799 power_csi 1.000 kurtosis 0.855 spec_cnn 1.000  (13s)
  JSR  -11.0 dB  BER 3.54e-03  P(det)@0.05 power_one_sided 0.938 power_two_sided 0.916 power_csi 1.000 kurtosis 0.930 spec_cnn 1.000  (13s)
  JSR  -10.0 dB  BER 3.87e-03  P(det)@0.05 power_one_sided 0.998 power_two_sided 0.992 power_csi 1.000 kurtosis 0.979 spec_cnn 1.000  (13s)
  JSR   -9.0 dB  BER 4.30e-03  P(det)@0.05 power_one_sided 0.998 power_two_sided 0.994 power_csi 1.000 kurtosis 0.994 spec_cnn 1.000  (14s)
  JSR   -8.0 dB  BER 4.84e-03  P(det)@0.05 power_one_sided 1.000 power_two_sided 1.000 power_csi 1.000 kurtosis 1.000 spec_cnn 1.000  (14s)
  JSR   -7.0 dB  BER 5.71e-03  P(det)@0.05 power_one_sided 1.000 power_two_sided 1.000 power_csi 1.000 kurtosis 1.000 spec_cnn 1.000  (14s)
  JSR   -6.0 dB  BER 6.33e-03  P(det)@0.05 power_one_sided 1.000 power_two_sided 1.000 power_csi 1.000 kurtosis 1.000 spec_cnn 1.000  (15s)
  JSR   -5.0 dB  BER 7.09e-03  P(det)@0.05 power_one_sided 1.000 power_two_sided 1.000 power_csi 1.000 kurtosis 1.000 spec_cnn 1.000  (15s)
  JSR   -4.0 dB  BER 7.59e-03  P(det)@0.05 power_one_sided 1.000 power_two_sided 1.000 power_csi 1.000 kurtosis 1.000 spec_cnn 1.000  (15s)
  JSR   -3.0 dB  BER 7.87e-03  P(det)@0.05 power_one_sided 1.000 power_two_sided 1.000 power_csi 1.000 kurtosis 1.000 spec_cnn 1.000  (16s)
  JSR   -2.0 dB  BER 8.64e-03  P(det)@0.05 power_one_sided 1.000 power_two_sided 1.000 power_csi 1.000 kurtosis 1.000 spec_cnn 1.000  (16s)
  JSR   -1.0 dB  BER 1.00e-02  P(det)@0.05 power_one_sided 1.000 power_two_sided 1.000 power_csi 1.000 kurtosis 1.000 spec_cnn 1.000  (16s)
  JSR   +0.0 dB  BER 1.12e-02  P(det)@0.05 power_one_sided 1.000 power_two_sided 1.000 power_csi 1.000 kurtosis 1.000 spec_cnn 1.000  (17s)
  JSR   +1.0 dB  BER 1.29e-02  P(det)@0.05 power_one_sided 1.000 power_two_sided 1.000 power_csi 1.000 kurtosis 1.000 spec_cnn 1.000  (17s)
  JSR   +2.0 dB  BER 1.42e-02  P(det)@0.05 power_one_sided 1.000 power_two_sided 1.000 power_csi 1.000 kurtosis 1.000 spec_cnn 1.000  (17s)
  JSR   +3.0 dB  BER 1.76e-02  P(det)@0.05 power_one_sided 1.000 power_two_sided 1.000 power_csi 1.000 kurtosis 1.000 spec_cnn 1.000  (18s)
  JSR   +4.0 dB  BER 2.13e-02  P(det)@0.05 power_one_sided 1.000 power_two_sided 1.000 power_csi 1.000 kurtosis 1.000 spec_cnn 1.000  (18s)
  JSR   +5.0 dB  BER 2.78e-02  P(det)@0.05 power_one_sided 1.000 power_two_sided 1.000 power_csi 1.000 kurtosis 1.000 spec_cnn 1.000  (18s)
  JSR   +6.0 dB  BER 3.71e-02  P(det)@0.05 power_one_sided 1.000 power_two_sided 1.000 power_csi 1.000 kurtosis 1.000 spec_cnn 1.000  (19s)
  JSR   +7.0 dB  BER 4.91e-02  P(det)@0.05 power_one_sided 1.000 power_two_sided 1.000 power_csi 1.000 kurtosis 1.000 spec_cnn 1.000  (19s)
  JSR   +8.0 dB  BER 6.63e-02  P(det)@0.05 power_one_sided 1.000 power_two_sided 1.000 power_csi 1.000 kurtosis 1.000 spec_cnn 1.000  (19s)
  JSR   +9.0 dB  BER 8.19e-02  P(det)@0.05 power_one_sided 1.000 power_two_sided 1.000 power_csi 1.000 kurtosis 1.000 spec_cnn 1.000  (20s)
  JSR  +10.0 dB  BER 1.06e-01  P(det)@0.05 power_one_sided 1.000 power_two_sided 1.000 power_csi 1.000 kurtosis 1.000 spec_cnn 1.000  (20s)
  JSR  +11.0 dB  BER 1.28e-01  P(det)@0.05 power_one_sided 1.000 power_two_sided 1.000 power_csi 1.000 kurtosis 1.000 spec_cnn 1.000  (20s)
  JSR  +12.0 dB  BER 1.51e-01  P(det)@0.05 power_one_sided 1.000 power_two_sided 1.000 power_csi 1.000 kurtosis 1.000 spec_cnn 1.000  (21s)
  JSR  +13.0 dB  BER 1.79e-01  P(det)@0.05 power_one_sided 1.000 power_two_sided 1.000 power_csi 1.000 kurtosis 1.000 spec_cnn 1.000  (21s)
  JSR  +14.0 dB  BER 2.05e-01  P(det)@0.05 power_one_sided 1.000 power_two_sided 1.000 power_csi 1.000 kurtosis 1.000 spec_cnn 1.000  (21s)
  JSR  +15.0 dB  BER 2.33e-01  P(det)@0.05 power_one_sided 1.000 power_two_sided 1.000 power_csi 1.000 kurtosis 1.000 spec_cnn 1.000  (22s)
  [shadow_0.1] power_one_sided_b10 confirmed: {"power_one_sided": {"0.01": {"index": 0, "sweep_ber": 0.0, "sweep_pdet": 0.009765625, "confirmed_ber": 0.0, "confirmed_ser": 0.0, "confirmed_pdet": 0.01171875, "passed": true}, "0.05": {"index": 0, "sweep_ber": 0.0, "sweep_pdet": 0.05859375, "confirmed_ber": 0.0, "confirmed_ser": 0.0, "confirmed_pdet": 0.056396484375, "passed": true}}, "power_csi": {"0.01": {"index": 0, "sweep_ber": 0.0, "sweep_pdet": 0.0078125, "confirmed_ber": 0.0, "confirmed_ser": 0.0, "confirmed_pdet": 0.013671875, "passed": false}, "0.05": {"index": 0, "sweep_ber": 0.0, "sweep_pdet": 0.056640625, "confirmed_ber": 0.0, "confirmed_ser": 0.0, "confirmed_pdet": 0.0517578125, "passed": true}}, "power_two_sided": {"0.01": {"index": 28, "sweep_ber": 7.62939453125e-06, "sweep_pdet": 0.013671875, "confirmed_ber": 1.9073486328125e-06, "confirmed_ser": 3.814697265625e-06, "confirmed_pdet": 0.02294921875, "passed": false}, "0.05": {"index": 28, "sweep_ber": 7.62939453125e-06, "sweep_pdet": 0.05859375, "confirmed_ber": 5.7220458984375e-06, "confirmed_ser": 1.1444091796875e-05, "confirmed_pdet": 0.077880859375, "passed": false}}, "kurtosis": {"0.01": {"index": 0, "sweep_ber": 0.0, "sweep_pdet": 0.009765625, "confirmed_ber": 0.0, "confirmed_ser": 0.0, "confirmed_pdet": 0.008056640625, "passed": true}, "0.05": {"index": 0, "sweep_ber": 0.0, "sweep_pdet": 0.04296875, "confirmed_ber": 0.0, "confirmed_ser": 0.0, "confirmed_pdet": 0.046630859375, "passed": true}}, "spec_cnn": {"0.01": {"index": 0, "sweep_ber": 0.0, "sweep_pdet": 0.015625, "confirmed_ber": 0.0, "confirmed_ser": 0.0, "confirmed_pdet": 0.007080078125, "passed": true}, "0.05": {"index": 0, "sweep_ber": 0.0, "sweep_pdet": 0.060546875, "confirmed_ber": 0.0, "confirmed_ser": 0.0, "confirmed_pdet": 0.052001953125, "passed": true}}}  (508s)
  [shadow_0.1] generator power_one_sided_b100 (scale 1.0000)
  JSR  -50.0 dB  BER 0.00e+00  P(det)@0.05 power_one_sided 0.047 power_two_sided 0.047 power_csi 0.043 kurtosis 0.047 spec_cnn 0.041  (0s)
  JSR  -49.0 dB  BER 0.00e+00  P(det)@0.05 power_one_sided 0.051 power_two_sided 0.053 power_csi 0.055 kurtosis 0.049 spec_cnn 0.051  (1s)
  JSR  -48.0 dB  BER 0.00e+00  P(det)@0.05 power_one_sided 0.039 power_two_sided 0.053 power_csi 0.059 kurtosis 0.049 spec_cnn 0.043  (1s)
  JSR  -47.0 dB  BER 0.00e+00  P(det)@0.05 power_one_sided 0.041 power_two_sided 0.049 power_csi 0.074 kurtosis 0.062 spec_cnn 0.047  (1s)
  JSR  -46.0 dB  BER 0.00e+00  P(det)@0.05 power_one_sided 0.051 power_two_sided 0.053 power_csi 0.080 kurtosis 0.070 spec_cnn 0.039  (2s)
  JSR  -45.0 dB  BER 0.00e+00  P(det)@0.05 power_one_sided 0.047 power_two_sided 0.041 power_csi 0.051 kurtosis 0.059 spec_cnn 0.051  (2s)
  JSR  -44.0 dB  BER 0.00e+00  P(det)@0.05 power_one_sided 0.049 power_two_sided 0.051 power_csi 0.076 kurtosis 0.039 spec_cnn 0.051  (2s)
  JSR  -43.0 dB  BER 0.00e+00  P(det)@0.05 power_one_sided 0.066 power_two_sided 0.068 power_csi 0.070 kurtosis 0.037 spec_cnn 0.045  (3s)
  JSR  -42.0 dB  BER 0.00e+00  P(det)@0.05 power_one_sided 0.045 power_two_sided 0.033 power_csi 0.072 kurtosis 0.027 spec_cnn 0.039  (3s)
  JSR  -41.0 dB  BER 0.00e+00  P(det)@0.05 power_one_sided 0.047 power_two_sided 0.045 power_csi 0.090 kurtosis 0.035 spec_cnn 0.057  (3s)
  JSR  -40.0 dB  BER 0.00e+00  P(det)@0.05 power_one_sided 0.045 power_two_sided 0.033 power_csi 0.094 kurtosis 0.049 spec_cnn 0.082  (4s)
  JSR  -39.0 dB  BER 0.00e+00  P(det)@0.05 power_one_sided 0.039 power_two_sided 0.045 power_csi 0.131 kurtosis 0.047 spec_cnn 0.045  (4s)
  JSR  -38.0 dB  BER 0.00e+00  P(det)@0.05 power_one_sided 0.064 power_two_sided 0.072 power_csi 0.121 kurtosis 0.057 spec_cnn 0.055  (4s)
  JSR  -37.0 dB  BER 0.00e+00  P(det)@0.05 power_one_sided 0.029 power_two_sided 0.047 power_csi 0.143 kurtosis 0.043 spec_cnn 0.047  (5s)
  JSR  -36.0 dB  BER 0.00e+00  P(det)@0.05 power_one_sided 0.068 power_two_sided 0.068 power_csi 0.164 kurtosis 0.053 spec_cnn 0.068  (5s)
  JSR  -35.0 dB  BER 0.00e+00  P(det)@0.05 power_one_sided 0.049 power_two_sided 0.047 power_csi 0.191 kurtosis 0.057 spec_cnn 0.059  (5s)
  JSR  -34.0 dB  BER 0.00e+00  P(det)@0.05 power_one_sided 0.070 power_two_sided 0.070 power_csi 0.223 kurtosis 0.049 spec_cnn 0.076  (6s)
  JSR  -33.0 dB  BER 0.00e+00  P(det)@0.05 power_one_sided 0.064 power_two_sided 0.055 power_csi 0.236 kurtosis 0.039 spec_cnn 0.076  (6s)
  JSR  -32.0 dB  BER 0.00e+00  P(det)@0.05 power_one_sided 0.059 power_two_sided 0.047 power_csi 0.311 kurtosis 0.059 spec_cnn 0.076  (6s)
  JSR  -31.0 dB  BER 0.00e+00  P(det)@0.05 power_one_sided 0.061 power_two_sided 0.055 power_csi 0.322 kurtosis 0.053 spec_cnn 0.094  (6s)
  JSR  -30.0 dB  BER 0.00e+00  P(det)@0.05 power_one_sided 0.068 power_two_sided 0.055 power_csi 0.422 kurtosis 0.053 spec_cnn 0.113  (7s)
  JSR  -29.0 dB  BER 0.00e+00  P(det)@0.05 power_one_sided 0.068 power_two_sided 0.049 power_csi 0.426 kurtosis 0.039 spec_cnn 0.127  (7s)
  JSR  -28.0 dB  BER 0.00e+00  P(det)@0.05 power_one_sided 0.049 power_two_sided 0.033 power_csi 0.438 kurtosis 0.055 spec_cnn 0.166  (7s)
  JSR  -27.0 dB  BER 0.00e+00  P(det)@0.05 power_one_sided 0.068 power_two_sided 0.053 power_csi 0.531 kurtosis 0.055 spec_cnn 0.229  (8s)
  JSR  -26.0 dB  BER 0.00e+00  P(det)@0.05 power_one_sided 0.068 power_two_sided 0.064 power_csi 0.533 kurtosis 0.037 spec_cnn 0.277  (8s)
  JSR  -25.0 dB  BER 0.00e+00  P(det)@0.05 power_one_sided 0.086 power_two_sided 0.066 power_csi 0.619 kurtosis 0.064 spec_cnn 0.396  (8s)
  JSR  -24.0 dB  BER 0.00e+00  P(det)@0.05 power_one_sided 0.082 power_two_sided 0.076 power_csi 0.637 kurtosis 0.078 spec_cnn 0.477  (9s)
  JSR  -23.0 dB  BER 0.00e+00  P(det)@0.05 power_one_sided 0.100 power_two_sided 0.080 power_csi 0.652 kurtosis 0.062 spec_cnn 0.646  (9s)
  JSR  -22.0 dB  BER 0.00e+00  P(det)@0.05 power_one_sided 0.107 power_two_sided 0.076 power_csi 0.721 kurtosis 0.080 spec_cnn 0.863  (9s)
  JSR  -21.0 dB  BER 1.83e-04  P(det)@0.05 power_one_sided 0.115 power_two_sided 0.072 power_csi 0.779 kurtosis 0.094 spec_cnn 0.965  (10s)
  JSR  -20.0 dB  BER 6.03e-04  P(det)@0.05 power_one_sided 0.141 power_two_sided 0.102 power_csi 0.803 kurtosis 0.125 spec_cnn 0.994  (10s)
  JSR  -19.0 dB  BER 1.10e-03  P(det)@0.05 power_one_sided 0.168 power_two_sided 0.123 power_csi 0.848 kurtosis 0.168 spec_cnn 1.000  (10s)
  JSR  -18.0 dB  BER 1.57e-03  P(det)@0.05 power_one_sided 0.238 power_two_sided 0.182 power_csi 0.902 kurtosis 0.240 spec_cnn 1.000  (11s)
  JSR  -17.0 dB  BER 1.91e-03  P(det)@0.05 power_one_sided 0.311 power_two_sided 0.229 power_csi 0.955 kurtosis 0.318 spec_cnn 1.000  (11s)
  JSR  -16.0 dB  BER 2.24e-03  P(det)@0.05 power_one_sided 0.424 power_two_sided 0.338 power_csi 0.986 kurtosis 0.410 spec_cnn 1.000  (11s)
  JSR  -15.0 dB  BER 2.72e-03  P(det)@0.05 power_one_sided 0.498 power_two_sided 0.422 power_csi 0.994 kurtosis 0.539 spec_cnn 1.000  (12s)
  JSR  -14.0 dB  BER 3.05e-03  P(det)@0.05 power_one_sided 0.664 power_two_sided 0.559 power_csi 1.000 kurtosis 0.650 spec_cnn 1.000  (12s)
  JSR  -13.0 dB  BER 3.10e-03  P(det)@0.05 power_one_sided 0.805 power_two_sided 0.732 power_csi 1.000 kurtosis 0.787 spec_cnn 1.000  (12s)
  JSR  -12.0 dB  BER 3.62e-03  P(det)@0.05 power_one_sided 0.889 power_two_sided 0.842 power_csi 1.000 kurtosis 0.848 spec_cnn 1.000  (13s)
  JSR  -11.0 dB  BER 4.20e-03  P(det)@0.05 power_one_sided 0.951 power_two_sided 0.934 power_csi 1.000 kurtosis 0.904 spec_cnn 1.000  (13s)
  JSR  -10.0 dB  BER 4.43e-03  P(det)@0.05 power_one_sided 0.986 power_two_sided 0.977 power_csi 1.000 kurtosis 0.984 spec_cnn 1.000  (13s)
  JSR   -9.0 dB  BER 4.68e-03  P(det)@0.05 power_one_sided 1.000 power_two_sided 1.000 power_csi 1.000 kurtosis 0.996 spec_cnn 1.000  (14s)
  JSR   -8.0 dB  BER 5.49e-03  P(det)@0.05 power_one_sided 1.000 power_two_sided 1.000 power_csi 1.000 kurtosis 1.000 spec_cnn 1.000  (14s)
  JSR   -7.0 dB  BER 5.94e-03  P(det)@0.05 power_one_sided 1.000 power_two_sided 1.000 power_csi 1.000 kurtosis 1.000 spec_cnn 1.000  (14s)
  JSR   -6.0 dB  BER 7.00e-03  P(det)@0.05 power_one_sided 1.000 power_two_sided 1.000 power_csi 1.000 kurtosis 1.000 spec_cnn 1.000  (15s)
  JSR   -5.0 dB  BER 7.60e-03  P(det)@0.05 power_one_sided 1.000 power_two_sided 1.000 power_csi 1.000 kurtosis 1.000 spec_cnn 1.000  (15s)
  JSR   -4.0 dB  BER 8.25e-03  P(det)@0.05 power_one_sided 1.000 power_two_sided 1.000 power_csi 1.000 kurtosis 1.000 spec_cnn 1.000  (15s)
  JSR   -3.0 dB  BER 8.49e-03  P(det)@0.05 power_one_sided 1.000 power_two_sided 1.000 power_csi 1.000 kurtosis 1.000 spec_cnn 1.000  (16s)
  JSR   -2.0 dB  BER 9.73e-03  P(det)@0.05 power_one_sided 1.000 power_two_sided 1.000 power_csi 1.000 kurtosis 1.000 spec_cnn 1.000  (16s)
  JSR   -1.0 dB  BER 1.07e-02  P(det)@0.05 power_one_sided 1.000 power_two_sided 1.000 power_csi 1.000 kurtosis 1.000 spec_cnn 1.000  (16s)
  JSR   +0.0 dB  BER 1.22e-02  P(det)@0.05 power_one_sided 1.000 power_two_sided 1.000 power_csi 1.000 kurtosis 1.000 spec_cnn 1.000  (17s)
  JSR   +1.0 dB  BER 1.39e-02  P(det)@0.05 power_one_sided 1.000 power_two_sided 1.000 power_csi 1.000 kurtosis 1.000 spec_cnn 1.000  (17s)
  JSR   +2.0 dB  BER 1.68e-02  P(det)@0.05 power_one_sided 1.000 power_two_sided 1.000 power_csi 1.000 kurtosis 1.000 spec_cnn 1.000  (17s)
  JSR   +3.0 dB  BER 2.08e-02  P(det)@0.05 power_one_sided 1.000 power_two_sided 1.000 power_csi 1.000 kurtosis 1.000 spec_cnn 1.000  (18s)
  JSR   +4.0 dB  BER 2.99e-02  P(det)@0.05 power_one_sided 1.000 power_two_sided 1.000 power_csi 1.000 kurtosis 1.000 spec_cnn 1.000  (18s)
  JSR   +5.0 dB  BER 3.88e-02  P(det)@0.05 power_one_sided 1.000 power_two_sided 1.000 power_csi 1.000 kurtosis 1.000 spec_cnn 1.000  (18s)
  JSR   +6.0 dB  BER 5.53e-02  P(det)@0.05 power_one_sided 1.000 power_two_sided 1.000 power_csi 1.000 kurtosis 1.000 spec_cnn 1.000  (19s)
  JSR   +7.0 dB  BER 7.49e-02  P(det)@0.05 power_one_sided 1.000 power_two_sided 1.000 power_csi 1.000 kurtosis 1.000 spec_cnn 1.000  (19s)
  JSR   +8.0 dB  BER 9.70e-02  P(det)@0.05 power_one_sided 1.000 power_two_sided 1.000 power_csi 1.000 kurtosis 1.000 spec_cnn 1.000  (19s)
  JSR   +9.0 dB  BER 1.21e-01  P(det)@0.05 power_one_sided 1.000 power_two_sided 1.000 power_csi 1.000 kurtosis 1.000 spec_cnn 1.000  (20s)
  JSR  +10.0 dB  BER 1.45e-01  P(det)@0.05 power_one_sided 1.000 power_two_sided 1.000 power_csi 1.000 kurtosis 1.000 spec_cnn 1.000  (20s)
  JSR  +11.0 dB  BER 1.70e-01  P(det)@0.05 power_one_sided 1.000 power_two_sided 1.000 power_csi 1.000 kurtosis 1.000 spec_cnn 1.000  (20s)
  JSR  +12.0 dB  BER 1.96e-01  P(det)@0.05 power_one_sided 1.000 power_two_sided 1.000 power_csi 1.000 kurtosis 1.000 spec_cnn 1.000  (21s)
  JSR  +13.0 dB  BER 2.19e-01  P(det)@0.05 power_one_sided 1.000 power_two_sided 1.000 power_csi 1.000 kurtosis 1.000 spec_cnn 1.000  (21s)
  JSR  +14.0 dB  BER 2.49e-01  P(det)@0.05 power_one_sided 1.000 power_two_sided 1.000 power_csi 1.000 kurtosis 1.000 spec_cnn 1.000  (21s)
  JSR  +15.0 dB  BER 2.71e-01  P(det)@0.05 power_one_sided 1.000 power_two_sided 1.000 power_csi 1.000 kurtosis 1.000 spec_cnn 1.000  (22s)
  [shadow_0.1] power_one_sided_b100 confirmed: {"power_one_sided": {"0.01": {"index": 0, "sweep_ber": 0.0, "sweep_pdet": 0.0078125, "confirmed_ber": 0.0, "confirmed_ser": 0.0, "confirmed_pdet": 0.012451171875, "passed": true}, "0.05": {"index": 0, "sweep_ber": 0.0, "sweep_pdet": 0.046875, "confirmed_ber": 0.0, "confirmed_ser": 0.0, "confirmed_pdet": 0.049072265625, "passed": true}}, "power_csi": {"0.01": {"index": 0, "sweep_ber": 0.0, "sweep_pdet": 0.013671875, "confirmed_ber": 0.0, "confirmed_ser": 0.0, "confirmed_pdet": 0.015625, "passed": false}, "0.05": {"index": 0, "sweep_ber": 0.0, "sweep_pdet": 0.04296875, "confirmed_ber": 0.0, "confirmed_ser": 0.0, "confirmed_pdet": 0.05712890625, "passed": false}}, "power_two_sided": {"0.01": {"index": 0, "sweep_ber": 0.0, "sweep_pdet": 0.005859375, "confirmed_ber": 0.0, "confirmed_ser": 0.0, "confirmed_pdet": 0.008544921875, "passed": true}, "0.05": {"index": 0, "sweep_ber": 0.0, "sweep_pdet": 0.046875, "confirmed_ber": 0.0, "confirmed_ser": 0.0, "confirmed_pdet": 0.054443359375, "passed": true}}, "kurtosis": {"0.01": {"index": 0, "sweep_ber": 0.0, "sweep_pdet": 0.005859375, "confirmed_ber": 0.0, "confirmed_ser": 0.0, "confirmed_pdet": 0.008544921875, "passed": true}, "0.05": {"index": 0, "sweep_ber": 0.0, "sweep_pdet": 0.046875, "confirmed_ber": 0.0, "confirmed_ser": 0.0, "confirmed_pdet": 0.054443359375, "passed": true}}, "spec_cnn": {"0.01": {"index": 0, "sweep_ber": 0.0, "sweep_pdet": 0.001953125, "confirmed_ber": 0.0, "confirmed_ser": 0.0, "confirmed_pdet": 0.010986328125, "passed": true}, "0.05": {"index": 0, "sweep_ber": 0.0, "sweep_pdet": 0.041015625, "confirmed_ber": 0.0, "confirmed_ser": 0.0, "confirmed_pdet": 0.0458984375, "passed": true}}}  (555s)
  [shadow_0.1] generator power_one_sided_b1000 (scale 1.0000)
  JSR  -50.0 dB  BER 0.00e+00  P(det)@0.05 power_one_sided 0.043 power_two_sided 0.041 power_csi 0.057 kurtosis 0.049 spec_cnn 0.057  (0s)
  JSR  -49.0 dB  BER 0.00e+00  P(det)@0.05 power_one_sided 0.070 power_two_sided 0.066 power_csi 0.045 kurtosis 0.070 spec_cnn 0.047  (1s)
  JSR  -48.0 dB  BER 0.00e+00  P(det)@0.05 power_one_sided 0.057 power_two_sided 0.049 power_csi 0.055 kurtosis 0.033 spec_cnn 0.059  (1s)
  JSR  -47.0 dB  BER 0.00e+00  P(det)@0.05 power_one_sided 0.057 power_two_sided 0.061 power_csi 0.051 kurtosis 0.051 spec_cnn 0.039  (1s)
  JSR  -46.0 dB  BER 0.00e+00  P(det)@0.05 power_one_sided 0.066 power_two_sided 0.061 power_csi 0.061 kurtosis 0.033 spec_cnn 0.043  (2s)
  JSR  -45.0 dB  BER 0.00e+00  P(det)@0.05 power_one_sided 0.049 power_two_sided 0.057 power_csi 0.043 kurtosis 0.039 spec_cnn 0.041  (2s)
  JSR  -44.0 dB  BER 0.00e+00  P(det)@0.05 power_one_sided 0.074 power_two_sided 0.059 power_csi 0.068 kurtosis 0.045 spec_cnn 0.062  (2s)
  JSR  -43.0 dB  BER 0.00e+00  P(det)@0.05 power_one_sided 0.043 power_two_sided 0.051 power_csi 0.068 kurtosis 0.051 spec_cnn 0.047  (3s)
  JSR  -42.0 dB  BER 0.00e+00  P(det)@0.05 power_one_sided 0.037 power_two_sided 0.043 power_csi 0.088 kurtosis 0.035 spec_cnn 0.051  (3s)
  JSR  -41.0 dB  BER 0.00e+00  P(det)@0.05 power_one_sided 0.049 power_two_sided 0.039 power_csi 0.096 kurtosis 0.043 spec_cnn 0.066  (3s)
  JSR  -40.0 dB  BER 0.00e+00  P(det)@0.05 power_one_sided 0.064 power_two_sided 0.070 power_csi 0.117 kurtosis 0.037 spec_cnn 0.064  (4s)
  JSR  -39.0 dB  BER 0.00e+00  P(det)@0.05 power_one_sided 0.047 power_two_sided 0.051 power_csi 0.123 kurtosis 0.051 spec_cnn 0.066  (4s)
  JSR  -38.0 dB  BER 0.00e+00  P(det)@0.05 power_one_sided 0.062 power_two_sided 0.051 power_csi 0.143 kurtosis 0.061 spec_cnn 0.066  (4s)
  JSR  -37.0 dB  BER 0.00e+00  P(det)@0.05 power_one_sided 0.045 power_two_sided 0.041 power_csi 0.164 kurtosis 0.049 spec_cnn 0.068  (5s)
  JSR  -36.0 dB  BER 0.00e+00  P(det)@0.05 power_one_sided 0.057 power_two_sided 0.055 power_csi 0.203 kurtosis 0.037 spec_cnn 0.082  (5s)
  JSR  -35.0 dB  BER 0.00e+00  P(det)@0.05 power_one_sided 0.059 power_two_sided 0.068 power_csi 0.205 kurtosis 0.049 spec_cnn 0.082  (5s)
  JSR  -34.0 dB  BER 0.00e+00  P(det)@0.05 power_one_sided 0.062 power_two_sided 0.059 power_csi 0.227 kurtosis 0.039 spec_cnn 0.084  (6s)
  JSR  -33.0 dB  BER 0.00e+00  P(det)@0.05 power_one_sided 0.064 power_two_sided 0.053 power_csi 0.250 kurtosis 0.047 spec_cnn 0.092  (6s)
  JSR  -32.0 dB  BER 0.00e+00  P(det)@0.05 power_one_sided 0.041 power_two_sided 0.053 power_csi 0.291 kurtosis 0.045 spec_cnn 0.104  (6s)
  JSR  -31.0 dB  BER 0.00e+00  P(det)@0.05 power_one_sided 0.066 power_two_sided 0.064 power_csi 0.320 kurtosis 0.039 spec_cnn 0.139  (7s)
  JSR  -30.0 dB  BER 0.00e+00  P(det)@0.05 power_one_sided 0.066 power_two_sided 0.055 power_csi 0.404 kurtosis 0.055 spec_cnn 0.154  (7s)
  JSR  -29.0 dB  BER 0.00e+00  P(det)@0.05 power_one_sided 0.064 power_two_sided 0.059 power_csi 0.416 kurtosis 0.049 spec_cnn 0.199  (7s)
  JSR  -28.0 dB  BER 0.00e+00  P(det)@0.05 power_one_sided 0.064 power_two_sided 0.064 power_csi 0.445 kurtosis 0.029 spec_cnn 0.219  (7s)
  JSR  -27.0 dB  BER 0.00e+00  P(det)@0.05 power_one_sided 0.076 power_two_sided 0.072 power_csi 0.461 kurtosis 0.043 spec_cnn 0.332  (8s)
  JSR  -26.0 dB  BER 0.00e+00  P(det)@0.05 power_one_sided 0.076 power_two_sided 0.068 power_csi 0.531 kurtosis 0.051 spec_cnn 0.402  (8s)
  JSR  -25.0 dB  BER 0.00e+00  P(det)@0.05 power_one_sided 0.084 power_two_sided 0.059 power_csi 0.611 kurtosis 0.066 spec_cnn 0.479  (8s)
  JSR  -24.0 dB  BER 0.00e+00  P(det)@0.05 power_one_sided 0.068 power_two_sided 0.057 power_csi 0.623 kurtosis 0.064 spec_cnn 0.566  (9s)
  JSR  -23.0 dB  BER 0.00e+00  P(det)@0.05 power_one_sided 0.074 power_two_sided 0.066 power_csi 0.643 kurtosis 0.070 spec_cnn 0.688  (9s)
  JSR  -22.0 dB  BER 0.00e+00  P(det)@0.05 power_one_sided 0.096 power_two_sided 0.064 power_csi 0.697 kurtosis 0.076 spec_cnn 0.756  (9s)
  JSR  -21.0 dB  BER 0.00e+00  P(det)@0.05 power_one_sided 0.086 power_two_sided 0.064 power_csi 0.707 kurtosis 0.072 spec_cnn 0.857  (10s)
  JSR  -20.0 dB  BER 0.00e+00  P(det)@0.05 power_one_sided 0.150 power_two_sided 0.113 power_csi 0.773 kurtosis 0.115 spec_cnn 0.918  (10s)
  JSR  -19.0 dB  BER 0.00e+00  P(det)@0.05 power_one_sided 0.188 power_two_sided 0.150 power_csi 0.824 kurtosis 0.145 spec_cnn 0.955  (10s)
  JSR  -18.0 dB  BER 1.53e-05  P(det)@0.05 power_one_sided 0.234 power_two_sided 0.182 power_csi 0.840 kurtosis 0.188 spec_cnn 0.982  (11s)
  JSR  -17.0 dB  BER 9.16e-05  P(det)@0.05 power_one_sided 0.287 power_two_sided 0.234 power_csi 0.859 kurtosis 0.252 spec_cnn 0.994  (11s)
  JSR  -16.0 dB  BER 3.89e-04  P(det)@0.05 power_one_sided 0.332 power_two_sided 0.256 power_csi 0.914 kurtosis 0.424 spec_cnn 0.996  (11s)
  JSR  -15.0 dB  BER 8.16e-04  P(det)@0.05 power_one_sided 0.453 power_two_sided 0.387 power_csi 0.945 kurtosis 0.568 spec_cnn 1.000  (12s)
  JSR  -14.0 dB  BER 1.22e-03  P(det)@0.05 power_one_sided 0.557 power_two_sided 0.473 power_csi 0.957 kurtosis 0.730 spec_cnn 1.000  (12s)
  JSR  -13.0 dB  BER 1.65e-03  P(det)@0.05 power_one_sided 0.641 power_two_sided 0.590 power_csi 0.984 kurtosis 0.877 spec_cnn 1.000  (12s)
  JSR  -12.0 dB  BER 2.29e-03  P(det)@0.05 power_one_sided 0.777 power_two_sided 0.721 power_csi 0.982 kurtosis 0.941 spec_cnn 1.000  (13s)
  JSR  -11.0 dB  BER 2.71e-03  P(det)@0.05 power_one_sided 0.883 power_two_sided 0.848 power_csi 0.992 kurtosis 0.980 spec_cnn 1.000  (13s)
  JSR  -10.0 dB  BER 2.91e-03  P(det)@0.05 power_one_sided 0.949 power_two_sided 0.932 power_csi 1.000 kurtosis 0.994 spec_cnn 1.000  (13s)
  JSR   -9.0 dB  BER 3.58e-03  P(det)@0.05 power_one_sided 0.977 power_two_sided 0.969 power_csi 1.000 kurtosis 0.998 spec_cnn 1.000  (14s)
  JSR   -8.0 dB  BER 4.37e-03  P(det)@0.05 power_one_sided 0.998 power_two_sided 0.994 power_csi 1.000 kurtosis 1.000 spec_cnn 1.000  (14s)
  JSR   -7.0 dB  BER 7.51e-03  P(det)@0.05 power_one_sided 1.000 power_two_sided 1.000 power_csi 1.000 kurtosis 1.000 spec_cnn 1.000  (14s)
  JSR   -6.0 dB  BER 1.39e-02  P(det)@0.05 power_one_sided 1.000 power_two_sided 1.000 power_csi 1.000 kurtosis 1.000 spec_cnn 1.000  (15s)
  JSR   -5.0 dB  BER 2.32e-02  P(det)@0.05 power_one_sided 1.000 power_two_sided 1.000 power_csi 1.000 kurtosis 1.000 spec_cnn 1.000  (15s)
  JSR   -4.0 dB  BER 3.59e-02  P(det)@0.05 power_one_sided 1.000 power_two_sided 1.000 power_csi 1.000 kurtosis 1.000 spec_cnn 1.000  (15s)
  JSR   -3.0 dB  BER 5.20e-02  P(det)@0.05 power_one_sided 1.000 power_two_sided 1.000 power_csi 1.000 kurtosis 1.000 spec_cnn 1.000  (16s)
  JSR   -2.0 dB  BER 7.12e-02  P(det)@0.05 power_one_sided 1.000 power_two_sided 1.000 power_csi 1.000 kurtosis 1.000 spec_cnn 1.000  (16s)
  JSR   -1.0 dB  BER 9.23e-02  P(det)@0.05 power_one_sided 1.000 power_two_sided 1.000 power_csi 1.000 kurtosis 1.000 spec_cnn 1.000  (16s)
  JSR   +0.0 dB  BER 1.16e-01  P(det)@0.05 power_one_sided 1.000 power_two_sided 1.000 power_csi 1.000 kurtosis 1.000 spec_cnn 1.000  (17s)
  JSR   +1.0 dB  BER 1.42e-01  P(det)@0.05 power_one_sided 1.000 power_two_sided 1.000 power_csi 1.000 kurtosis 1.000 spec_cnn 1.000  (17s)
  JSR   +2.0 dB  BER 1.67e-01  P(det)@0.05 power_one_sided 1.000 power_two_sided 1.000 power_csi 1.000 kurtosis 1.000 spec_cnn 1.000  (17s)
  JSR   +3.0 dB  BER 1.95e-01  P(det)@0.05 power_one_sided 1.000 power_two_sided 1.000 power_csi 1.000 kurtosis 1.000 spec_cnn 1.000  (18s)
  JSR   +4.0 dB  BER 2.23e-01  P(det)@0.05 power_one_sided 1.000 power_two_sided 1.000 power_csi 1.000 kurtosis 1.000 spec_cnn 1.000  (18s)
  JSR   +5.0 dB  BER 2.47e-01  P(det)@0.05 power_one_sided 1.000 power_two_sided 1.000 power_csi 1.000 kurtosis 1.000 spec_cnn 1.000  (18s)
  JSR   +6.0 dB  BER 2.71e-01  P(det)@0.05 power_one_sided 1.000 power_two_sided 1.000 power_csi 1.000 kurtosis 1.000 spec_cnn 1.000  (19s)
  JSR   +7.0 dB  BER 2.91e-01  P(det)@0.05 power_one_sided 1.000 power_two_sided 1.000 power_csi 1.000 kurtosis 1.000 spec_cnn 1.000  (19s)
  JSR   +8.0 dB  BER 3.16e-01  P(det)@0.05 power_one_sided 1.000 power_two_sided 1.000 power_csi 1.000 kurtosis 1.000 spec_cnn 1.000  (19s)
  JSR   +9.0 dB  BER 3.33e-01  P(det)@0.05 power_one_sided 1.000 power_two_sided 1.000 power_csi 1.000 kurtosis 1.000 spec_cnn 1.000  (20s)
  JSR  +10.0 dB  BER 3.49e-01  P(det)@0.05 power_one_sided 1.000 power_two_sided 1.000 power_csi 1.000 kurtosis 1.000 spec_cnn 1.000  (20s)
  JSR  +11.0 dB  BER 3.65e-01  P(det)@0.05 power_one_sided 1.000 power_two_sided 1.000 power_csi 1.000 kurtosis 1.000 spec_cnn 1.000  (20s)
  JSR  +12.0 dB  BER 3.79e-01  P(det)@0.05 power_one_sided 1.000 power_two_sided 1.000 power_csi 1.000 kurtosis 1.000 spec_cnn 1.000  (21s)
  JSR  +13.0 dB  BER 3.92e-01  P(det)@0.05 power_one_sided 1.000 power_two_sided 1.000 power_csi 1.000 kurtosis 1.000 spec_cnn 1.000  (21s)
  JSR  +14.0 dB  BER 4.05e-01  P(det)@0.05 power_one_sided 1.000 power_two_sided 1.000 power_csi 1.000 kurtosis 1.000 spec_cnn 1.000  (21s)
  JSR  +15.0 dB  BER 4.15e-01  P(det)@0.05 power_one_sided 1.000 power_two_sided 1.000 power_csi 1.000 kurtosis 1.000 spec_cnn 1.000  (22s)
  [shadow_0.1] power_one_sided_b1000 confirmed: {"power_one_sided": {"0.01": {"index": 0, "sweep_ber": 0.0, "sweep_pdet": 0.015625, "confirmed_ber": 0.0, "confirmed_ser": 0.0, "confirmed_pdet": 0.01025390625, "passed": true}, "0.05": {"index": 0, "sweep_ber": 0.0, "sweep_pdet": 0.04296875, "confirmed_ber": 0.0, "confirmed_ser": 0.0, "confirmed_pdet": 0.043212890625, "passed": true}}, "power_csi": {"0.01": {"index": 0, "sweep_ber": 0.0, "sweep_pdet": 0.01171875, "confirmed_ber": 0.0, "confirmed_ser": 0.0, "confirmed_pdet": 0.0126953125, "passed": true}, "0.05": {"index": 0, "sweep_ber": 0.0, "sweep_pdet": 0.056640625, "confirmed_ber": 0.0, "confirmed_ser": 0.0, "confirmed_pdet": 0.053466796875, "passed": true}}, "power_two_sided": {"0.01": {"index": 0, "sweep_ber": 0.0, "sweep_pdet": 0.013671875, "confirmed_ber": 0.0, "confirmed_ser": 0.0, "confirmed_pdet": 0.010498046875, "passed": true}, "0.05": {"index": 0, "sweep_ber": 0.0, "sweep_pdet": 0.041015625, "confirmed_ber": 0.0, "confirmed_ser": 0.0, "confirmed_pdet": 0.051025390625, "passed": true}}, "kurtosis": {"0.01": {"index": 0, "sweep_ber": 0.0, "sweep_pdet": 0.015625, "confirmed_ber": 0.0, "confirmed_ser": 0.0, "confirmed_pdet": 0.009521484375, "passed": true}, "0.05": {"index": 0, "sweep_ber": 0.0, "sweep_pdet": 0.048828125, "confirmed_ber": 0.0, "confirmed_ser": 0.0, "confirmed_pdet": 0.044189453125, "passed": true}}, "spec_cnn": {"0.01": {"index": 1, "sweep_ber": 0.0, "sweep_pdet": 0.0078125, "confirmed_ber": 0.0, "confirmed_ser": 0.0, "confirmed_pdet": 0.00732421875, "passed": true}, "0.05": {"index": 0, "sweep_ber": 0.0, "sweep_pdet": 0.056640625, "confirmed_ber": 0.0, "confirmed_ser": 0.0, "confirmed_pdet": 0.04833984375, "passed": true}}}  (603s)
  [shadow_0.1] generator power_two_sided_b1 (scale 1.0000)
  JSR  -50.0 dB  BER 0.00e+00  P(det)@0.05 power_one_sided 0.037 power_two_sided 0.049 power_csi 0.041 kurtosis 0.031 spec_cnn 0.066  (0s)
  JSR  -49.0 dB  BER 0.00e+00  P(det)@0.05 power_one_sided 0.064 power_two_sided 0.062 power_csi 0.053 kurtosis 0.053 spec_cnn 0.061  (1s)
  JSR  -48.0 dB  BER 0.00e+00  P(det)@0.05 power_one_sided 0.062 power_two_sided 0.062 power_csi 0.053 kurtosis 0.049 spec_cnn 0.025  (1s)
  JSR  -47.0 dB  BER 0.00e+00  P(det)@0.05 power_one_sided 0.053 power_two_sided 0.059 power_csi 0.055 kurtosis 0.049 spec_cnn 0.066  (1s)
  JSR  -46.0 dB  BER 0.00e+00  P(det)@0.05 power_one_sided 0.049 power_two_sided 0.049 power_csi 0.062 kurtosis 0.049 spec_cnn 0.047  (2s)
  JSR  -45.0 dB  BER 0.00e+00  P(det)@0.05 power_one_sided 0.053 power_two_sided 0.059 power_csi 0.053 kurtosis 0.039 spec_cnn 0.041  (2s)
  JSR  -44.0 dB  BER 0.00e+00  P(det)@0.05 power_one_sided 0.053 power_two_sided 0.055 power_csi 0.078 kurtosis 0.064 spec_cnn 0.055  (2s)
  JSR  -43.0 dB  BER 0.00e+00  P(det)@0.05 power_one_sided 0.047 power_two_sided 0.051 power_csi 0.062 kurtosis 0.051 spec_cnn 0.049  (3s)
  JSR  -42.0 dB  BER 0.00e+00  P(det)@0.05 power_one_sided 0.051 power_two_sided 0.053 power_csi 0.094 kurtosis 0.055 spec_cnn 0.045  (3s)
  JSR  -41.0 dB  BER 0.00e+00  P(det)@0.05 power_one_sided 0.045 power_two_sided 0.049 power_csi 0.082 kurtosis 0.035 spec_cnn 0.045  (3s)
  JSR  -40.0 dB  BER 0.00e+00  P(det)@0.05 power_one_sided 0.074 power_two_sided 0.053 power_csi 0.074 kurtosis 0.057 spec_cnn 0.039  (4s)
  JSR  -39.0 dB  BER 0.00e+00  P(det)@0.05 power_one_sided 0.057 power_two_sided 0.072 power_csi 0.129 kurtosis 0.057 spec_cnn 0.047  (4s)
  JSR  -38.0 dB  BER 0.00e+00  P(det)@0.05 power_one_sided 0.068 power_two_sided 0.047 power_csi 0.109 kurtosis 0.061 spec_cnn 0.055  (4s)
  JSR  -37.0 dB  BER 0.00e+00  P(det)@0.05 power_one_sided 0.053 power_two_sided 0.053 power_csi 0.141 kurtosis 0.047 spec_cnn 0.068  (5s)
  JSR  -36.0 dB  BER 0.00e+00  P(det)@0.05 power_one_sided 0.062 power_two_sided 0.057 power_csi 0.205 kurtosis 0.051 spec_cnn 0.049  (5s)
  JSR  -35.0 dB  BER 0.00e+00  P(det)@0.05 power_one_sided 0.061 power_two_sided 0.055 power_csi 0.211 kurtosis 0.064 spec_cnn 0.064  (5s)
  JSR  -34.0 dB  BER 0.00e+00  P(det)@0.05 power_one_sided 0.080 power_two_sided 0.078 power_csi 0.217 kurtosis 0.043 spec_cnn 0.045  (6s)
  JSR  -33.0 dB  BER 0.00e+00  P(det)@0.05 power_one_sided 0.059 power_two_sided 0.061 power_csi 0.264 kurtosis 0.057 spec_cnn 0.064  (6s)
  JSR  -32.0 dB  BER 0.00e+00  P(det)@0.05 power_one_sided 0.049 power_two_sided 0.055 power_csi 0.295 kurtosis 0.041 spec_cnn 0.086  (6s)
  JSR  -31.0 dB  BER 0.00e+00  P(det)@0.05 power_one_sided 0.057 power_two_sided 0.057 power_csi 0.367 kurtosis 0.062 spec_cnn 0.086  (6s)
  JSR  -30.0 dB  BER 0.00e+00  P(det)@0.05 power_one_sided 0.074 power_two_sided 0.057 power_csi 0.379 kurtosis 0.062 spec_cnn 0.082  (7s)
  JSR  -29.0 dB  BER 0.00e+00  P(det)@0.05 power_one_sided 0.049 power_two_sided 0.035 power_csi 0.449 kurtosis 0.053 spec_cnn 0.125  (7s)
  JSR  -28.0 dB  BER 0.00e+00  P(det)@0.05 power_one_sided 0.057 power_two_sided 0.064 power_csi 0.438 kurtosis 0.066 spec_cnn 0.146  (7s)
  JSR  -27.0 dB  BER 0.00e+00  P(det)@0.05 power_one_sided 0.078 power_two_sided 0.084 power_csi 0.506 kurtosis 0.078 spec_cnn 0.139  (8s)
  JSR  -26.0 dB  BER 0.00e+00  P(det)@0.05 power_one_sided 0.082 power_two_sided 0.064 power_csi 0.498 kurtosis 0.037 spec_cnn 0.238  (8s)
  JSR  -25.0 dB  BER 0.00e+00  P(det)@0.05 power_one_sided 0.076 power_two_sided 0.059 power_csi 0.580 kurtosis 0.045 spec_cnn 0.303  (8s)
  JSR  -24.0 dB  BER 0.00e+00  P(det)@0.05 power_one_sided 0.070 power_two_sided 0.049 power_csi 0.545 kurtosis 0.055 spec_cnn 0.396  (9s)
  JSR  -23.0 dB  BER 0.00e+00  P(det)@0.05 power_one_sided 0.090 power_two_sided 0.062 power_csi 0.643 kurtosis 0.062 spec_cnn 0.547  (9s)
  JSR  -22.0 dB  BER 1.75e-04  P(det)@0.05 power_one_sided 0.100 power_two_sided 0.072 power_csi 0.645 kurtosis 0.086 spec_cnn 0.717  (9s)
  JSR  -21.0 dB  BER 6.18e-04  P(det)@0.05 power_one_sided 0.117 power_two_sided 0.068 power_csi 0.697 kurtosis 0.135 spec_cnn 0.914  (10s)
  JSR  -20.0 dB  BER 9.08e-04  P(det)@0.05 power_one_sided 0.162 power_two_sided 0.131 power_csi 0.789 kurtosis 0.209 spec_cnn 0.982  (10s)
  JSR  -19.0 dB  BER 1.40e-03  P(det)@0.05 power_one_sided 0.172 power_two_sided 0.139 power_csi 0.814 kurtosis 0.273 spec_cnn 1.000  (10s)
  JSR  -18.0 dB  BER 1.92e-03  P(det)@0.05 power_one_sided 0.223 power_two_sided 0.164 power_csi 0.854 kurtosis 0.373 spec_cnn 1.000  (11s)
  JSR  -17.0 dB  BER 2.32e-03  P(det)@0.05 power_one_sided 0.262 power_two_sided 0.209 power_csi 0.916 kurtosis 0.449 spec_cnn 1.000  (11s)
  JSR  -16.0 dB  BER 2.69e-03  P(det)@0.05 power_one_sided 0.348 power_two_sided 0.271 power_csi 0.945 kurtosis 0.525 spec_cnn 1.000  (11s)
  JSR  -15.0 dB  BER 2.87e-03  P(det)@0.05 power_one_sided 0.455 power_two_sided 0.361 power_csi 0.979 kurtosis 0.660 spec_cnn 1.000  (12s)
  JSR  -14.0 dB  BER 3.38e-03  P(det)@0.05 power_one_sided 0.516 power_two_sided 0.449 power_csi 0.998 kurtosis 0.703 spec_cnn 1.000  (12s)
  JSR  -13.0 dB  BER 3.72e-03  P(det)@0.05 power_one_sided 0.688 power_two_sided 0.594 power_csi 1.000 kurtosis 0.775 spec_cnn 1.000  (12s)
  JSR  -12.0 dB  BER 3.97e-03  P(det)@0.05 power_one_sided 0.805 power_two_sided 0.738 power_csi 1.000 kurtosis 0.877 spec_cnn 1.000  (13s)
  JSR  -11.0 dB  BER 4.31e-03  P(det)@0.05 power_one_sided 0.896 power_two_sided 0.855 power_csi 1.000 kurtosis 0.936 spec_cnn 1.000  (13s)
  JSR  -10.0 dB  BER 4.39e-03  P(det)@0.05 power_one_sided 0.969 power_two_sided 0.951 power_csi 1.000 kurtosis 0.982 spec_cnn 1.000  (13s)
  JSR   -9.0 dB  BER 4.82e-03  P(det)@0.05 power_one_sided 0.994 power_two_sided 0.994 power_csi 1.000 kurtosis 1.000 spec_cnn 1.000  (14s)
  JSR   -8.0 dB  BER 5.31e-03  P(det)@0.05 power_one_sided 1.000 power_two_sided 1.000 power_csi 1.000 kurtosis 1.000 spec_cnn 1.000  (14s)
  JSR   -7.0 dB  BER 5.32e-03  P(det)@0.05 power_one_sided 1.000 power_two_sided 1.000 power_csi 1.000 kurtosis 1.000 spec_cnn 1.000  (14s)
  JSR   -6.0 dB  BER 5.75e-03  P(det)@0.05 power_one_sided 1.000 power_two_sided 1.000 power_csi 1.000 kurtosis 1.000 spec_cnn 1.000  (15s)
  JSR   -5.0 dB  BER 6.33e-03  P(det)@0.05 power_one_sided 1.000 power_two_sided 1.000 power_csi 1.000 kurtosis 1.000 spec_cnn 1.000  (15s)
  JSR   -4.0 dB  BER 7.05e-03  P(det)@0.05 power_one_sided 1.000 power_two_sided 1.000 power_csi 1.000 kurtosis 1.000 spec_cnn 1.000  (15s)
  JSR   -3.0 dB  BER 7.16e-03  P(det)@0.05 power_one_sided 1.000 power_two_sided 1.000 power_csi 1.000 kurtosis 1.000 spec_cnn 1.000  (16s)
  JSR   -2.0 dB  BER 8.30e-03  P(det)@0.05 power_one_sided 1.000 power_two_sided 1.000 power_csi 1.000 kurtosis 1.000 spec_cnn 1.000  (16s)
  JSR   -1.0 dB  BER 8.51e-03  P(det)@0.05 power_one_sided 1.000 power_two_sided 1.000 power_csi 1.000 kurtosis 1.000 spec_cnn 1.000  (16s)
  JSR   +0.0 dB  BER 9.26e-03  P(det)@0.05 power_one_sided 1.000 power_two_sided 1.000 power_csi 1.000 kurtosis 1.000 spec_cnn 1.000  (17s)
  JSR   +1.0 dB  BER 1.01e-02  P(det)@0.05 power_one_sided 1.000 power_two_sided 1.000 power_csi 1.000 kurtosis 1.000 spec_cnn 1.000  (17s)
  JSR   +2.0 dB  BER 1.08e-02  P(det)@0.05 power_one_sided 1.000 power_two_sided 1.000 power_csi 1.000 kurtosis 1.000 spec_cnn 1.000  (17s)
  JSR   +3.0 dB  BER 1.19e-02  P(det)@0.05 power_one_sided 1.000 power_two_sided 1.000 power_csi 1.000 kurtosis 1.000 spec_cnn 1.000  (18s)
  JSR   +4.0 dB  BER 1.24e-02  P(det)@0.05 power_one_sided 1.000 power_two_sided 1.000 power_csi 1.000 kurtosis 1.000 spec_cnn 1.000  (18s)
  JSR   +5.0 dB  BER 1.41e-02  P(det)@0.05 power_one_sided 1.000 power_two_sided 1.000 power_csi 1.000 kurtosis 1.000 spec_cnn 1.000  (18s)
  JSR   +6.0 dB  BER 1.88e-02  P(det)@0.05 power_one_sided 1.000 power_two_sided 1.000 power_csi 1.000 kurtosis 1.000 spec_cnn 1.000  (19s)
  JSR   +7.0 dB  BER 2.34e-02  P(det)@0.05 power_one_sided 1.000 power_two_sided 1.000 power_csi 1.000 kurtosis 1.000 spec_cnn 1.000  (19s)
  JSR   +8.0 dB  BER 3.02e-02  P(det)@0.05 power_one_sided 1.000 power_two_sided 1.000 power_csi 1.000 kurtosis 1.000 spec_cnn 1.000  (19s)
  JSR   +9.0 dB  BER 4.16e-02  P(det)@0.05 power_one_sided 1.000 power_two_sided 1.000 power_csi 1.000 kurtosis 1.000 spec_cnn 1.000  (20s)
  JSR  +10.0 dB  BER 5.51e-02  P(det)@0.05 power_one_sided 1.000 power_two_sided 1.000 power_csi 1.000 kurtosis 1.000 spec_cnn 1.000  (20s)
  JSR  +11.0 dB  BER 7.51e-02  P(det)@0.05 power_one_sided 1.000 power_two_sided 1.000 power_csi 1.000 kurtosis 1.000 spec_cnn 1.000  (20s)
  JSR  +12.0 dB  BER 9.66e-02  P(det)@0.05 power_one_sided 1.000 power_two_sided 1.000 power_csi 1.000 kurtosis 1.000 spec_cnn 1.000  (21s)
  JSR  +13.0 dB  BER 1.22e-01  P(det)@0.05 power_one_sided 1.000 power_two_sided 1.000 power_csi 1.000 kurtosis 1.000 spec_cnn 1.000  (21s)
  JSR  +14.0 dB  BER 1.47e-01  P(det)@0.05 power_one_sided 1.000 power_two_sided 1.000 power_csi 1.000 kurtosis 1.000 spec_cnn 1.000  (21s)
  JSR  +15.0 dB  BER 1.74e-01  P(det)@0.05 power_one_sided 1.000 power_two_sided 1.000 power_csi 1.000 kurtosis 1.000 spec_cnn 1.000  (22s)
  [shadow_0.1] power_two_sided_b1 confirmed: {"power_one_sided": {"0.01": {"index": 0, "sweep_ber": 0.0, "sweep_pdet": 0.009765625, "confirmed_ber": 0.0, "confirmed_ser": 0.0, "confirmed_pdet": 0.0087890625, "passed": true}, "0.05": {"index": 0, "sweep_ber": 0.0, "sweep_pdet": 0.037109375, "confirmed_ber": 0.0, "confirmed_ser": 0.0, "confirmed_pdet": 0.052490234375, "passed": true}}, "power_csi": {"0.01": {"index": 0, "sweep_ber": 0.0, "sweep_pdet": 0.005859375, "confirmed_ber": 0.0, "confirmed_ser": 0.0, "confirmed_pdet": 0.009765625, "passed": true}, "0.05": {"index": 0, "sweep_ber": 0.0, "sweep_pdet": 0.041015625, "confirmed_ber": 0.0, "confirmed_ser": 0.0, "confirmed_pdet": 0.05029296875, "passed": true}}, "power_two_sided": {"0.01": {"index": 29, "sweep_ber": 0.00061798095703125, "sweep_pdet": 0.017578125, "confirmed_ber": 0.0005712509155273438, "confirmed_ser": 0.0011425018310546875, "confirmed_pdet": 0.0263671875, "passed": false}, "0.05": {"index": 29, "sweep_ber": 0.00061798095703125, "sweep_pdet": 0.068359375, "confirmed_ber": 0.0005826950073242188, "confirmed_ser": 0.0011653900146484375, "confirmed_pdet": 0.091064453125, "passed": false}}, "kurtosis": {"0.01": {"index": 0, "sweep_ber": 0.0, "sweep_pdet": 0.005859375, "confirmed_ber": 0.0, "confirmed_ser": 0.0, "confirmed_pdet": 0.0107421875, "passed": true}, "0.05": {"index": 0, "sweep_ber": 0.0, "sweep_pdet": 0.03125, "confirmed_ber": 0.0, "confirmed_ser": 0.0, "confirmed_pdet": 0.0498046875, "passed": true}}, "spec_cnn": {"0.01": {"index": 0, "sweep_ber": 0.0, "sweep_pdet": 0.015625, "confirmed_ber": 0.0, "confirmed_ser": 0.0, "confirmed_pdet": 0.01123046875, "passed": true}, "0.05": {"index": 0, "sweep_ber": 0.0, "sweep_pdet": 0.06640625, "confirmed_ber": 0.0, "confirmed_ser": 0.0, "confirmed_pdet": 0.04931640625, "passed": true}}}  (651s)
  [shadow_0.1] generator power_two_sided_b10 (scale 1.0000)
  JSR  -50.0 dB  BER 0.00e+00  P(det)@0.05 power_one_sided 0.059 power_two_sided 0.068 power_csi 0.051 kurtosis 0.061 spec_cnn 0.053  (0s)
  JSR  -49.0 dB  BER 0.00e+00  P(det)@0.05 power_one_sided 0.037 power_two_sided 0.041 power_csi 0.049 kurtosis 0.059 spec_cnn 0.035  (1s)
  JSR  -48.0 dB  BER 0.00e+00  P(det)@0.05 power_one_sided 0.064 power_two_sided 0.057 power_csi 0.062 kurtosis 0.047 spec_cnn 0.037  (1s)
  JSR  -47.0 dB  BER 0.00e+00  P(det)@0.05 power_one_sided 0.047 power_two_sided 0.062 power_csi 0.070 kurtosis 0.053 spec_cnn 0.049  (1s)
  JSR  -46.0 dB  BER 0.00e+00  P(det)@0.05 power_one_sided 0.059 power_two_sided 0.057 power_csi 0.061 kurtosis 0.061 spec_cnn 0.082  (2s)
  JSR  -45.0 dB  BER 0.00e+00  P(det)@0.05 power_one_sided 0.051 power_two_sided 0.055 power_csi 0.057 kurtosis 0.057 spec_cnn 0.072  (2s)
  JSR  -44.0 dB  BER 0.00e+00  P(det)@0.05 power_one_sided 0.037 power_two_sided 0.049 power_csi 0.076 kurtosis 0.037 spec_cnn 0.066  (2s)
  JSR  -43.0 dB  BER 0.00e+00  P(det)@0.05 power_one_sided 0.053 power_two_sided 0.057 power_csi 0.061 kurtosis 0.047 spec_cnn 0.059  (3s)
  JSR  -42.0 dB  BER 0.00e+00  P(det)@0.05 power_one_sided 0.059 power_two_sided 0.041 power_csi 0.078 kurtosis 0.031 spec_cnn 0.076  (3s)
  JSR  -41.0 dB  BER 0.00e+00  P(det)@0.05 power_one_sided 0.061 power_two_sided 0.055 power_csi 0.082 kurtosis 0.043 spec_cnn 0.076  (3s)
  JSR  -40.0 dB  BER 0.00e+00  P(det)@0.05 power_one_sided 0.053 power_two_sided 0.061 power_csi 0.074 kurtosis 0.055 spec_cnn 0.105  (4s)
  JSR  -39.0 dB  BER 0.00e+00  P(det)@0.05 power_one_sided 0.047 power_two_sided 0.051 power_csi 0.127 kurtosis 0.057 spec_cnn 0.113  (4s)
  JSR  -38.0 dB  BER 0.00e+00  P(det)@0.05 power_one_sided 0.047 power_two_sided 0.033 power_csi 0.166 kurtosis 0.041 spec_cnn 0.113  (4s)
  JSR  -37.0 dB  BER 0.00e+00  P(det)@0.05 power_one_sided 0.041 power_two_sided 0.051 power_csi 0.164 kurtosis 0.059 spec_cnn 0.119  (5s)
  JSR  -36.0 dB  BER 0.00e+00  P(det)@0.05 power_one_sided 0.053 power_two_sided 0.062 power_csi 0.219 kurtosis 0.031 spec_cnn 0.170  (5s)
  JSR  -35.0 dB  BER 0.00e+00  P(det)@0.05 power_one_sided 0.070 power_two_sided 0.082 power_csi 0.240 kurtosis 0.045 spec_cnn 0.164  (5s)
  JSR  -34.0 dB  BER 0.00e+00  P(det)@0.05 power_one_sided 0.059 power_two_sided 0.072 power_csi 0.264 kurtosis 0.047 spec_cnn 0.227  (6s)
  JSR  -33.0 dB  BER 0.00e+00  P(det)@0.05 power_one_sided 0.053 power_two_sided 0.059 power_csi 0.291 kurtosis 0.043 spec_cnn 0.256  (6s)
  JSR  -32.0 dB  BER 0.00e+00  P(det)@0.05 power_one_sided 0.057 power_two_sided 0.051 power_csi 0.350 kurtosis 0.037 spec_cnn 0.312  (6s)
  JSR  -31.0 dB  BER 0.00e+00  P(det)@0.05 power_one_sided 0.066 power_two_sided 0.059 power_csi 0.379 kurtosis 0.068 spec_cnn 0.303  (7s)
  JSR  -30.0 dB  BER 0.00e+00  P(det)@0.05 power_one_sided 0.055 power_two_sided 0.041 power_csi 0.416 kurtosis 0.053 spec_cnn 0.381  (7s)
  JSR  -29.0 dB  BER 0.00e+00  P(det)@0.05 power_one_sided 0.064 power_two_sided 0.059 power_csi 0.508 kurtosis 0.051 spec_cnn 0.492  (7s)
  JSR  -28.0 dB  BER 0.00e+00  P(det)@0.05 power_one_sided 0.076 power_two_sided 0.049 power_csi 0.582 kurtosis 0.039 spec_cnn 0.570  (7s)
  JSR  -27.0 dB  BER 0.00e+00  P(det)@0.05 power_one_sided 0.078 power_two_sided 0.064 power_csi 0.580 kurtosis 0.047 spec_cnn 0.625  (8s)
  JSR  -26.0 dB  BER 0.00e+00  P(det)@0.05 power_one_sided 0.078 power_two_sided 0.039 power_csi 0.631 kurtosis 0.039 spec_cnn 0.719  (8s)
  JSR  -25.0 dB  BER 0.00e+00  P(det)@0.05 power_one_sided 0.061 power_two_sided 0.047 power_csi 0.701 kurtosis 0.047 spec_cnn 0.781  (8s)
  JSR  -24.0 dB  BER 0.00e+00  P(det)@0.05 power_one_sided 0.076 power_two_sided 0.051 power_csi 0.742 kurtosis 0.041 spec_cnn 0.895  (9s)
  JSR  -23.0 dB  BER 0.00e+00  P(det)@0.05 power_one_sided 0.129 power_two_sided 0.076 power_csi 0.787 kurtosis 0.059 spec_cnn 0.945  (9s)
  JSR  -22.0 dB  BER 3.05e-05  P(det)@0.05 power_one_sided 0.170 power_two_sided 0.145 power_csi 0.840 kurtosis 0.061 spec_cnn 0.994  (9s)
  JSR  -21.0 dB  BER 4.58e-04  P(det)@0.05 power_one_sided 0.133 power_two_sided 0.084 power_csi 0.924 kurtosis 0.057 spec_cnn 0.998  (10s)
  JSR  -20.0 dB  BER 7.17e-04  P(det)@0.05 power_one_sided 0.180 power_two_sided 0.135 power_csi 0.961 kurtosis 0.115 spec_cnn 1.000  (10s)
  JSR  -19.0 dB  BER 1.14e-03  P(det)@0.05 power_one_sided 0.240 power_two_sided 0.166 power_csi 0.988 kurtosis 0.109 spec_cnn 1.000  (10s)
  JSR  -18.0 dB  BER 1.39e-03  P(det)@0.05 power_one_sided 0.361 power_two_sided 0.268 power_csi 0.994 kurtosis 0.180 spec_cnn 1.000  (11s)
  JSR  -17.0 dB  BER 1.90e-03  P(det)@0.05 power_one_sided 0.436 power_two_sided 0.373 power_csi 0.998 kurtosis 0.254 spec_cnn 1.000  (11s)
  JSR  -16.0 dB  BER 2.37e-03  P(det)@0.05 power_one_sided 0.570 power_two_sided 0.486 power_csi 0.998 kurtosis 0.346 spec_cnn 1.000  (11s)
  JSR  -15.0 dB  BER 2.49e-03  P(det)@0.05 power_one_sided 0.705 power_two_sided 0.639 power_csi 1.000 kurtosis 0.451 spec_cnn 1.000  (12s)
  JSR  -14.0 dB  BER 3.07e-03  P(det)@0.05 power_one_sided 0.854 power_two_sided 0.801 power_csi 1.000 kurtosis 0.594 spec_cnn 1.000  (12s)
  JSR  -13.0 dB  BER 3.41e-03  P(det)@0.05 power_one_sided 0.936 power_two_sided 0.904 power_csi 1.000 kurtosis 0.756 spec_cnn 1.000  (12s)
  JSR  -12.0 dB  BER 3.79e-03  P(det)@0.05 power_one_sided 0.994 power_two_sided 0.988 power_csi 1.000 kurtosis 0.936 spec_cnn 1.000  (13s)
  JSR  -11.0 dB  BER 4.08e-03  P(det)@0.05 power_one_sided 1.000 power_two_sided 0.996 power_csi 1.000 kurtosis 0.969 spec_cnn 1.000  (13s)
  JSR  -10.0 dB  BER 4.41e-03  P(det)@0.05 power_one_sided 1.000 power_two_sided 1.000 power_csi 1.000 kurtosis 1.000 spec_cnn 1.000  (13s)
  JSR   -9.0 dB  BER 4.75e-03  P(det)@0.05 power_one_sided 1.000 power_two_sided 1.000 power_csi 1.000 kurtosis 1.000 spec_cnn 1.000  (14s)
  JSR   -8.0 dB  BER 5.33e-03  P(det)@0.05 power_one_sided 1.000 power_two_sided 1.000 power_csi 1.000 kurtosis 1.000 spec_cnn 1.000  (14s)
  JSR   -7.0 dB  BER 5.84e-03  P(det)@0.05 power_one_sided 1.000 power_two_sided 1.000 power_csi 1.000 kurtosis 1.000 spec_cnn 1.000  (14s)
  JSR   -6.0 dB  BER 6.58e-03  P(det)@0.05 power_one_sided 1.000 power_two_sided 1.000 power_csi 1.000 kurtosis 1.000 spec_cnn 1.000  (15s)
  JSR   -5.0 dB  BER 7.18e-03  P(det)@0.05 power_one_sided 1.000 power_two_sided 1.000 power_csi 1.000 kurtosis 1.000 spec_cnn 1.000  (15s)
  JSR   -4.0 dB  BER 7.91e-03  P(det)@0.05 power_one_sided 1.000 power_two_sided 1.000 power_csi 1.000 kurtosis 1.000 spec_cnn 1.000  (15s)
  JSR   -3.0 dB  BER 8.14e-03  P(det)@0.05 power_one_sided 1.000 power_two_sided 1.000 power_csi 1.000 kurtosis 1.000 spec_cnn 1.000  (16s)
  JSR   -2.0 dB  BER 9.02e-03  P(det)@0.05 power_one_sided 1.000 power_two_sided 1.000 power_csi 1.000 kurtosis 1.000 spec_cnn 1.000  (16s)
  JSR   -1.0 dB  BER 9.87e-03  P(det)@0.05 power_one_sided 1.000 power_two_sided 1.000 power_csi 1.000 kurtosis 1.000 spec_cnn 1.000  (16s)
  JSR   +0.0 dB  BER 1.07e-02  P(det)@0.05 power_one_sided 1.000 power_two_sided 1.000 power_csi 1.000 kurtosis 1.000 spec_cnn 1.000  (17s)
  JSR   +1.0 dB  BER 1.13e-02  P(det)@0.05 power_one_sided 1.000 power_two_sided 1.000 power_csi 1.000 kurtosis 1.000 spec_cnn 1.000  (17s)
  JSR   +2.0 dB  BER 1.18e-02  P(det)@0.05 power_one_sided 1.000 power_two_sided 1.000 power_csi 1.000 kurtosis 1.000 spec_cnn 1.000  (17s)
  JSR   +3.0 dB  BER 1.45e-02  P(det)@0.05 power_one_sided 1.000 power_two_sided 1.000 power_csi 1.000 kurtosis 1.000 spec_cnn 1.000  (18s)
  JSR   +4.0 dB  BER 1.63e-02  P(det)@0.05 power_one_sided 1.000 power_two_sided 1.000 power_csi 1.000 kurtosis 1.000 spec_cnn 1.000  (18s)
  JSR   +5.0 dB  BER 2.03e-02  P(det)@0.05 power_one_sided 1.000 power_two_sided 1.000 power_csi 1.000 kurtosis 1.000 spec_cnn 1.000  (18s)
  JSR   +6.0 dB  BER 2.51e-02  P(det)@0.05 power_one_sided 1.000 power_two_sided 1.000 power_csi 1.000 kurtosis 1.000 spec_cnn 1.000  (19s)
  JSR   +7.0 dB  BER 3.30e-02  P(det)@0.05 power_one_sided 1.000 power_two_sided 1.000 power_csi 1.000 kurtosis 1.000 spec_cnn 1.000  (19s)
  JSR   +8.0 dB  BER 4.50e-02  P(det)@0.05 power_one_sided 1.000 power_two_sided 1.000 power_csi 1.000 kurtosis 1.000 spec_cnn 1.000  (19s)
  JSR   +9.0 dB  BER 5.79e-02  P(det)@0.05 power_one_sided 1.000 power_two_sided 1.000 power_csi 1.000 kurtosis 1.000 spec_cnn 1.000  (20s)
  JSR  +10.0 dB  BER 7.63e-02  P(det)@0.05 power_one_sided 1.000 power_two_sided 1.000 power_csi 1.000 kurtosis 1.000 spec_cnn 1.000  (20s)
  JSR  +11.0 dB  BER 9.59e-02  P(det)@0.05 power_one_sided 1.000 power_two_sided 1.000 power_csi 1.000 kurtosis 1.000 spec_cnn 1.000  (20s)
  JSR  +12.0 dB  BER 1.21e-01  P(det)@0.05 power_one_sided 1.000 power_two_sided 1.000 power_csi 1.000 kurtosis 1.000 spec_cnn 1.000  (21s)
  JSR  +13.0 dB  BER 1.47e-01  P(det)@0.05 power_one_sided 1.000 power_two_sided 1.000 power_csi 1.000 kurtosis 1.000 spec_cnn 1.000  (21s)
  JSR  +14.0 dB  BER 1.71e-01  P(det)@0.05 power_one_sided 1.000 power_two_sided 1.000 power_csi 1.000 kurtosis 1.000 spec_cnn 1.000  (21s)
  JSR  +15.0 dB  BER 2.00e-01  P(det)@0.05 power_one_sided 1.000 power_two_sided 1.000 power_csi 1.000 kurtosis 1.000 spec_cnn 1.000  (22s)
  [shadow_0.1] power_two_sided_b10 confirmed: {"power_one_sided": {"0.01": {"index": 0, "sweep_ber": 0.0, "sweep_pdet": 0.009765625, "confirmed_ber": 0.0, "confirmed_ser": 0.0, "confirmed_pdet": 0.00830078125, "passed": true}, "0.05": {"index": 0, "sweep_ber": 0.0, "sweep_pdet": 0.05859375, "confirmed_ber": 0.0, "confirmed_ser": 0.0, "confirmed_pdet": 0.050048828125, "passed": true}}, "power_csi": {"0.01": {"index": 0, "sweep_ber": 0.0, "sweep_pdet": 0.009765625, "confirmed_ber": 0.0, "confirmed_ser": 0.0, "confirmed_pdet": 0.0078125, "passed": true}, "0.05": {"index": 0, "sweep_ber": 0.0, "sweep_pdet": 0.05078125, "confirmed_ber": 0.0, "confirmed_ser": 0.0, "confirmed_pdet": 0.0498046875, "passed": true}}, "power_two_sided": {"0.01": {"index": 0, "sweep_ber": 0.0, "sweep_pdet": 0.013671875, "confirmed_ber": 0.0, "confirmed_ser": 0.0, "confirmed_pdet": 0.008544921875, "passed": true}, "0.05": {"index": 0, "sweep_ber": 0.0, "sweep_pdet": 0.068359375, "confirmed_ber": 0.0, "confirmed_ser": 0.0, "confirmed_pdet": 0.05517578125, "passed": true}}, "kurtosis": {"0.01": {"index": 29, "sweep_ber": 0.000457763671875, "sweep_pdet": 0.015625, "confirmed_ber": 0.00031185150146484375, "confirmed_ser": 0.0006237030029296875, "confirmed_pdet": 0.021484375, "passed": false}, "0.05": {"index": 29, "sweep_ber": 0.000457763671875, "sweep_pdet": 0.056640625, "confirmed_ber": 0.000347137451171875, "confirmed_ser": 0.00069427490234375, "confirmed_pdet": 0.0673828125, "passed": false}}, "spec_cnn": {"0.01": {"index": 1, "sweep_ber": 0.0, "sweep_pdet": 0.005859375, "confirmed_ber": 0.0, "confirmed_ser": 0.0, "confirmed_pdet": 0.010009765625, "passed": true}, "0.05": {"index": 0, "sweep_ber": 0.0, "sweep_pdet": 0.052734375, "confirmed_ber": 0.0, "confirmed_ser": 0.0, "confirmed_pdet": 0.050537109375, "passed": true}}}  (699s)
  [shadow_0.1] generator power_two_sided_b100 (scale 1.0000)
  JSR  -50.0 dB  BER 0.00e+00  P(det)@0.05 power_one_sided 0.049 power_two_sided 0.049 power_csi 0.045 kurtosis 0.059 spec_cnn 0.045  (0s)
  JSR  -49.0 dB  BER 0.00e+00  P(det)@0.05 power_one_sided 0.045 power_two_sided 0.053 power_csi 0.066 kurtosis 0.047 spec_cnn 0.059  (1s)
  JSR  -48.0 dB  BER 0.00e+00  P(det)@0.05 power_one_sided 0.047 power_two_sided 0.072 power_csi 0.059 kurtosis 0.051 spec_cnn 0.039  (1s)
  JSR  -47.0 dB  BER 0.00e+00  P(det)@0.05 power_one_sided 0.055 power_two_sided 0.066 power_csi 0.070 kurtosis 0.051 spec_cnn 0.061  (1s)
  JSR  -46.0 dB  BER 0.00e+00  P(det)@0.05 power_one_sided 0.041 power_two_sided 0.047 power_csi 0.070 kurtosis 0.037 spec_cnn 0.053  (2s)
  JSR  -45.0 dB  BER 0.00e+00  P(det)@0.05 power_one_sided 0.062 power_two_sided 0.064 power_csi 0.061 kurtosis 0.051 spec_cnn 0.039  (2s)
  JSR  -44.0 dB  BER 0.00e+00  P(det)@0.05 power_one_sided 0.043 power_two_sided 0.064 power_csi 0.062 kurtosis 0.045 spec_cnn 0.053  (2s)
  JSR  -43.0 dB  BER 0.00e+00  P(det)@0.05 power_one_sided 0.061 power_two_sided 0.045 power_csi 0.055 kurtosis 0.043 spec_cnn 0.053  (3s)
  JSR  -42.0 dB  BER 0.00e+00  P(det)@0.05 power_one_sided 0.055 power_two_sided 0.061 power_csi 0.070 kurtosis 0.051 spec_cnn 0.055  (3s)
  JSR  -41.0 dB  BER 0.00e+00  P(det)@0.05 power_one_sided 0.062 power_two_sided 0.049 power_csi 0.086 kurtosis 0.051 spec_cnn 0.051  (3s)
  JSR  -40.0 dB  BER 0.00e+00  P(det)@0.05 power_one_sided 0.066 power_two_sided 0.068 power_csi 0.076 kurtosis 0.057 spec_cnn 0.062  (4s)
  JSR  -39.0 dB  BER 0.00e+00  P(det)@0.05 power_one_sided 0.041 power_two_sided 0.047 power_csi 0.127 kurtosis 0.059 spec_cnn 0.043  (4s)
  JSR  -38.0 dB  BER 0.00e+00  P(det)@0.05 power_one_sided 0.059 power_two_sided 0.047 power_csi 0.121 kurtosis 0.047 spec_cnn 0.066  (4s)
  JSR  -37.0 dB  BER 0.00e+00  P(det)@0.05 power_one_sided 0.057 power_two_sided 0.053 power_csi 0.137 kurtosis 0.045 spec_cnn 0.053  (5s)
  JSR  -36.0 dB  BER 0.00e+00  P(det)@0.05 power_one_sided 0.045 power_two_sided 0.053 power_csi 0.184 kurtosis 0.051 spec_cnn 0.070  (5s)
  JSR  -35.0 dB  BER 0.00e+00  P(det)@0.05 power_one_sided 0.057 power_two_sided 0.055 power_csi 0.215 kurtosis 0.051 spec_cnn 0.115  (5s)
  JSR  -34.0 dB  BER 0.00e+00  P(det)@0.05 power_one_sided 0.057 power_two_sided 0.070 power_csi 0.217 kurtosis 0.031 spec_cnn 0.096  (6s)
  JSR  -33.0 dB  BER 0.00e+00  P(det)@0.05 power_one_sided 0.057 power_two_sided 0.055 power_csi 0.303 kurtosis 0.041 spec_cnn 0.121  (6s)
  JSR  -32.0 dB  BER 0.00e+00  P(det)@0.05 power_one_sided 0.059 power_two_sided 0.076 power_csi 0.328 kurtosis 0.033 spec_cnn 0.111  (6s)
  JSR  -31.0 dB  BER 0.00e+00  P(det)@0.05 power_one_sided 0.061 power_two_sided 0.059 power_csi 0.371 kurtosis 0.027 spec_cnn 0.117  (7s)
  JSR  -30.0 dB  BER 0.00e+00  P(det)@0.05 power_one_sided 0.072 power_two_sided 0.059 power_csi 0.420 kurtosis 0.051 spec_cnn 0.152  (7s)
  JSR  -29.0 dB  BER 0.00e+00  P(det)@0.05 power_one_sided 0.066 power_two_sided 0.051 power_csi 0.484 kurtosis 0.049 spec_cnn 0.193  (7s)
  JSR  -28.0 dB  BER 0.00e+00  P(det)@0.05 power_one_sided 0.064 power_two_sided 0.051 power_csi 0.514 kurtosis 0.031 spec_cnn 0.268  (7s)
  JSR  -27.0 dB  BER 0.00e+00  P(det)@0.05 power_one_sided 0.070 power_two_sided 0.055 power_csi 0.578 kurtosis 0.053 spec_cnn 0.346  (8s)
  JSR  -26.0 dB  BER 0.00e+00  P(det)@0.05 power_one_sided 0.076 power_two_sided 0.074 power_csi 0.631 kurtosis 0.029 spec_cnn 0.430  (8s)
  JSR  -25.0 dB  BER 0.00e+00  P(det)@0.05 power_one_sided 0.064 power_two_sided 0.057 power_csi 0.662 kurtosis 0.039 spec_cnn 0.561  (8s)
  JSR  -24.0 dB  BER 0.00e+00  P(det)@0.05 power_one_sided 0.104 power_two_sided 0.072 power_csi 0.727 kurtosis 0.082 spec_cnn 0.742  (9s)
  JSR  -23.0 dB  BER 0.00e+00  P(det)@0.05 power_one_sided 0.100 power_two_sided 0.076 power_csi 0.787 kurtosis 0.053 spec_cnn 0.865  (9s)
  JSR  -22.0 dB  BER 0.00e+00  P(det)@0.05 power_one_sided 0.123 power_two_sided 0.070 power_csi 0.859 kurtosis 0.062 spec_cnn 0.920  (9s)
  JSR  -21.0 dB  BER 1.53e-05  P(det)@0.05 power_one_sided 0.152 power_two_sided 0.125 power_csi 0.873 kurtosis 0.068 spec_cnn 0.988  (10s)
  JSR  -20.0 dB  BER 1.91e-04  P(det)@0.05 power_one_sided 0.188 power_two_sided 0.129 power_csi 0.924 kurtosis 0.074 spec_cnn 0.998  (10s)
  JSR  -19.0 dB  BER 4.50e-04  P(det)@0.05 power_one_sided 0.242 power_two_sided 0.191 power_csi 0.955 kurtosis 0.111 spec_cnn 1.000  (10s)
  JSR  -18.0 dB  BER 9.99e-04  P(det)@0.05 power_one_sided 0.322 power_two_sided 0.256 power_csi 0.982 kurtosis 0.107 spec_cnn 1.000  (11s)
  JSR  -17.0 dB  BER 1.57e-03  P(det)@0.05 power_one_sided 0.414 power_two_sided 0.314 power_csi 0.988 kurtosis 0.137 spec_cnn 1.000  (11s)
  JSR  -16.0 dB  BER 1.87e-03  P(det)@0.05 power_one_sided 0.520 power_two_sided 0.438 power_csi 1.000 kurtosis 0.223 spec_cnn 1.000  (11s)
  JSR  -15.0 dB  BER 2.20e-03  P(det)@0.05 power_one_sided 0.670 power_two_sided 0.602 power_csi 1.000 kurtosis 0.365 spec_cnn 1.000  (12s)
  JSR  -14.0 dB  BER 2.51e-03  P(det)@0.05 power_one_sided 0.811 power_two_sided 0.744 power_csi 1.000 kurtosis 0.488 spec_cnn 1.000  (12s)
  JSR  -13.0 dB  BER 3.20e-03  P(det)@0.05 power_one_sided 0.898 power_two_sided 0.850 power_csi 1.000 kurtosis 0.572 spec_cnn 1.000  (12s)
  JSR  -12.0 dB  BER 3.34e-03  P(det)@0.05 power_one_sided 0.973 power_two_sided 0.955 power_csi 1.000 kurtosis 0.807 spec_cnn 1.000  (13s)
  JSR  -11.0 dB  BER 3.72e-03  P(det)@0.05 power_one_sided 0.990 power_two_sided 0.984 power_csi 1.000 kurtosis 0.928 spec_cnn 1.000  (13s)
  JSR  -10.0 dB  BER 3.68e-03  P(det)@0.05 power_one_sided 1.000 power_two_sided 0.998 power_csi 1.000 kurtosis 0.992 spec_cnn 1.000  (13s)
  JSR   -9.0 dB  BER 4.27e-03  P(det)@0.05 power_one_sided 1.000 power_two_sided 1.000 power_csi 1.000 kurtosis 0.996 spec_cnn 1.000  (14s)
  JSR   -8.0 dB  BER 4.82e-03  P(det)@0.05 power_one_sided 1.000 power_two_sided 1.000 power_csi 1.000 kurtosis 1.000 spec_cnn 1.000  (14s)
  JSR   -7.0 dB  BER 4.89e-03  P(det)@0.05 power_one_sided 1.000 power_two_sided 1.000 power_csi 1.000 kurtosis 1.000 spec_cnn 1.000  (14s)
  JSR   -6.0 dB  BER 5.37e-03  P(det)@0.05 power_one_sided 1.000 power_two_sided 1.000 power_csi 1.000 kurtosis 1.000 spec_cnn 1.000  (15s)
  JSR   -5.0 dB  BER 6.20e-03  P(det)@0.05 power_one_sided 1.000 power_two_sided 1.000 power_csi 1.000 kurtosis 1.000 spec_cnn 1.000  (15s)
  JSR   -4.0 dB  BER 6.48e-03  P(det)@0.05 power_one_sided 1.000 power_two_sided 1.000 power_csi 1.000 kurtosis 1.000 spec_cnn 1.000  (15s)
  JSR   -3.0 dB  BER 7.55e-03  P(det)@0.05 power_one_sided 1.000 power_two_sided 1.000 power_csi 1.000 kurtosis 1.000 spec_cnn 1.000  (16s)
  JSR   -2.0 dB  BER 8.91e-03  P(det)@0.05 power_one_sided 1.000 power_two_sided 1.000 power_csi 1.000 kurtosis 1.000 spec_cnn 1.000  (16s)
  JSR   -1.0 dB  BER 1.12e-02  P(det)@0.05 power_one_sided 1.000 power_two_sided 1.000 power_csi 1.000 kurtosis 1.000 spec_cnn 1.000  (16s)
  JSR   +0.0 dB  BER 1.57e-02  P(det)@0.05 power_one_sided 1.000 power_two_sided 1.000 power_csi 1.000 kurtosis 1.000 spec_cnn 1.000  (17s)
  JSR   +1.0 dB  BER 2.24e-02  P(det)@0.05 power_one_sided 1.000 power_two_sided 1.000 power_csi 1.000 kurtosis 1.000 spec_cnn 1.000  (17s)
  JSR   +2.0 dB  BER 3.27e-02  P(det)@0.05 power_one_sided 1.000 power_two_sided 1.000 power_csi 1.000 kurtosis 1.000 spec_cnn 1.000  (17s)
  JSR   +3.0 dB  BER 4.88e-02  P(det)@0.05 power_one_sided 1.000 power_two_sided 1.000 power_csi 1.000 kurtosis 1.000 spec_cnn 1.000  (18s)
  JSR   +4.0 dB  BER 6.65e-02  P(det)@0.05 power_one_sided 1.000 power_two_sided 1.000 power_csi 1.000 kurtosis 1.000 spec_cnn 1.000  (18s)
  JSR   +5.0 dB  BER 8.83e-02  P(det)@0.05 power_one_sided 1.000 power_two_sided 1.000 power_csi 1.000 kurtosis 1.000 spec_cnn 1.000  (18s)
  JSR   +6.0 dB  BER 1.13e-01  P(det)@0.05 power_one_sided 1.000 power_two_sided 1.000 power_csi 1.000 kurtosis 1.000 spec_cnn 1.000  (19s)
  JSR   +7.0 dB  BER 1.37e-01  P(det)@0.05 power_one_sided 1.000 power_two_sided 1.000 power_csi 1.000 kurtosis 1.000 spec_cnn 1.000  (19s)
  JSR   +8.0 dB  BER 1.65e-01  P(det)@0.05 power_one_sided 1.000 power_two_sided 1.000 power_csi 1.000 kurtosis 1.000 spec_cnn 1.000  (19s)
  JSR   +9.0 dB  BER 1.91e-01  P(det)@0.05 power_one_sided 1.000 power_two_sided 1.000 power_csi 1.000 kurtosis 1.000 spec_cnn 1.000  (20s)
  JSR  +10.0 dB  BER 2.16e-01  P(det)@0.05 power_one_sided 1.000 power_two_sided 1.000 power_csi 1.000 kurtosis 1.000 spec_cnn 1.000  (20s)
  JSR  +11.0 dB  BER 2.40e-01  P(det)@0.05 power_one_sided 1.000 power_two_sided 1.000 power_csi 1.000 kurtosis 1.000 spec_cnn 1.000  (20s)
  JSR  +12.0 dB  BER 2.64e-01  P(det)@0.05 power_one_sided 1.000 power_two_sided 1.000 power_csi 1.000 kurtosis 1.000 spec_cnn 1.000  (21s)
  JSR  +13.0 dB  BER 2.87e-01  P(det)@0.05 power_one_sided 1.000 power_two_sided 1.000 power_csi 1.000 kurtosis 1.000 spec_cnn 1.000  (21s)
  JSR  +14.0 dB  BER 3.08e-01  P(det)@0.05 power_one_sided 1.000 power_two_sided 1.000 power_csi 1.000 kurtosis 1.000 spec_cnn 1.000  (21s)
  JSR  +15.0 dB  BER 3.31e-01  P(det)@0.05 power_one_sided 1.000 power_two_sided 1.000 power_csi 1.000 kurtosis 1.000 spec_cnn 1.000  (21s)
  [shadow_0.1] power_two_sided_b100 confirmed: {"power_one_sided": {"0.01": {"index": 0, "sweep_ber": 0.0, "sweep_pdet": 0.009765625, "confirmed_ber": 0.0, "confirmed_ser": 0.0, "confirmed_pdet": 0.01171875, "passed": true}, "0.05": {"index": 0, "sweep_ber": 0.0, "sweep_pdet": 0.048828125, "confirmed_ber": 0.0, "confirmed_ser": 0.0, "confirmed_pdet": 0.052734375, "passed": true}}, "power_csi": {"0.01": {"index": 0, "sweep_ber": 0.0, "sweep_pdet": 0.009765625, "confirmed_ber": 0.0, "confirmed_ser": 0.0, "confirmed_pdet": 0.0126953125, "passed": true}, "0.05": {"index": 0, "sweep_ber": 0.0, "sweep_pdet": 0.044921875, "confirmed_ber": 0.0, "confirmed_ser": 0.0, "confirmed_pdet": 0.052490234375, "passed": true}}, "power_two_sided": {"0.01": {"index": 0, "sweep_ber": 0.0, "sweep_pdet": 0.009765625, "confirmed_ber": 0.0, "confirmed_ser": 0.0, "confirmed_pdet": 0.01171875, "passed": true}, "0.05": {"index": 0, "sweep_ber": 0.0, "sweep_pdet": 0.048828125, "confirmed_ber": 0.0, "confirmed_ser": 0.0, "confirmed_pdet": 0.053466796875, "passed": true}}, "kurtosis": {"0.01": {"index": 0, "sweep_ber": 0.0, "sweep_pdet": 0.017578125, "confirmed_ber": 0.0, "confirmed_ser": 0.0, "confirmed_pdet": 0.00927734375, "passed": true}, "0.05": {"index": 29, "sweep_ber": 1.52587890625e-05, "sweep_pdet": 0.068359375, "confirmed_ber": 1.621246337890625e-05, "confirmed_ser": 3.24249267578125e-05, "confirmed_pdet": 0.063720703125, "passed": false}}, "spec_cnn": {"0.01": {"index": 0, "sweep_ber": 0.0, "sweep_pdet": 0.015625, "confirmed_ber": 0.0, "confirmed_ser": 0.0, "confirmed_pdet": 0.011962890625, "passed": true}, "0.05": {"index": 0, "sweep_ber": 0.0, "sweep_pdet": 0.044921875, "confirmed_ber": 0.0, "confirmed_ser": 0.0, "confirmed_pdet": 0.046630859375, "passed": true}}}  (747s)
  [shadow_0.1] generator power_two_sided_b1000 (scale 1.0000)
  JSR  -50.0 dB  BER 0.00e+00  P(det)@0.05 power_one_sided 0.051 power_two_sided 0.049 power_csi 0.041 kurtosis 0.053 spec_cnn 0.041  (0s)
  JSR  -49.0 dB  BER 0.00e+00  P(det)@0.05 power_one_sided 0.041 power_two_sided 0.064 power_csi 0.051 kurtosis 0.041 spec_cnn 0.047  (1s)
  JSR  -48.0 dB  BER 0.00e+00  P(det)@0.05 power_one_sided 0.047 power_two_sided 0.037 power_csi 0.053 kurtosis 0.061 spec_cnn 0.049  (1s)
  JSR  -47.0 dB  BER 0.00e+00  P(det)@0.05 power_one_sided 0.043 power_two_sided 0.041 power_csi 0.045 kurtosis 0.041 spec_cnn 0.072  (1s)
  JSR  -46.0 dB  BER 0.00e+00  P(det)@0.05 power_one_sided 0.043 power_two_sided 0.045 power_csi 0.059 kurtosis 0.053 spec_cnn 0.049  (2s)
  JSR  -45.0 dB  BER 0.00e+00  P(det)@0.05 power_one_sided 0.064 power_two_sided 0.053 power_csi 0.062 kurtosis 0.061 spec_cnn 0.039  (2s)
  JSR  -44.0 dB  BER 0.00e+00  P(det)@0.05 power_one_sided 0.076 power_two_sided 0.070 power_csi 0.068 kurtosis 0.055 spec_cnn 0.033  (2s)
  JSR  -43.0 dB  BER 0.00e+00  P(det)@0.05 power_one_sided 0.062 power_two_sided 0.055 power_csi 0.057 kurtosis 0.043 spec_cnn 0.068  (3s)
  JSR  -42.0 dB  BER 0.00e+00  P(det)@0.05 power_one_sided 0.047 power_two_sided 0.066 power_csi 0.090 kurtosis 0.049 spec_cnn 0.045  (3s)
  JSR  -41.0 dB  BER 0.00e+00  P(det)@0.05 power_one_sided 0.055 power_two_sided 0.068 power_csi 0.117 kurtosis 0.053 spec_cnn 0.059  (3s)
  JSR  -40.0 dB  BER 0.00e+00  P(det)@0.05 power_one_sided 0.049 power_two_sided 0.041 power_csi 0.117 kurtosis 0.053 spec_cnn 0.043  (4s)
  JSR  -39.0 dB  BER 0.00e+00  P(det)@0.05 power_one_sided 0.045 power_two_sided 0.057 power_csi 0.135 kurtosis 0.045 spec_cnn 0.062  (4s)
  JSR  -38.0 dB  BER 0.00e+00  P(det)@0.05 power_one_sided 0.047 power_two_sided 0.059 power_csi 0.135 kurtosis 0.059 spec_cnn 0.078  (4s)
  JSR  -37.0 dB  BER 0.00e+00  P(det)@0.05 power_one_sided 0.051 power_two_sided 0.037 power_csi 0.182 kurtosis 0.049 spec_cnn 0.068  (5s)
  JSR  -36.0 dB  BER 0.00e+00  P(det)@0.05 power_one_sided 0.049 power_two_sided 0.053 power_csi 0.184 kurtosis 0.049 spec_cnn 0.070  (5s)
  JSR  -35.0 dB  BER 0.00e+00  P(det)@0.05 power_one_sided 0.053 power_two_sided 0.049 power_csi 0.215 kurtosis 0.043 spec_cnn 0.082  (5s)
  JSR  -34.0 dB  BER 0.00e+00  P(det)@0.05 power_one_sided 0.057 power_two_sided 0.064 power_csi 0.232 kurtosis 0.041 spec_cnn 0.088  (6s)
  JSR  -33.0 dB  BER 0.00e+00  P(det)@0.05 power_one_sided 0.045 power_two_sided 0.047 power_csi 0.268 kurtosis 0.055 spec_cnn 0.131  (6s)
  JSR  -32.0 dB  BER 0.00e+00  P(det)@0.05 power_one_sided 0.049 power_two_sided 0.049 power_csi 0.295 kurtosis 0.053 spec_cnn 0.180  (6s)
  JSR  -31.0 dB  BER 0.00e+00  P(det)@0.05 power_one_sided 0.066 power_two_sided 0.061 power_csi 0.342 kurtosis 0.061 spec_cnn 0.191  (7s)
  JSR  -30.0 dB  BER 0.00e+00  P(det)@0.05 power_one_sided 0.084 power_two_sided 0.078 power_csi 0.391 kurtosis 0.061 spec_cnn 0.266  (7s)
  JSR  -29.0 dB  BER 0.00e+00  P(det)@0.05 power_one_sided 0.066 power_two_sided 0.051 power_csi 0.438 kurtosis 0.055 spec_cnn 0.295  (7s)
  JSR  -28.0 dB  BER 0.00e+00  P(det)@0.05 power_one_sided 0.047 power_two_sided 0.037 power_csi 0.473 kurtosis 0.045 spec_cnn 0.365  (7s)
  JSR  -27.0 dB  BER 0.00e+00  P(det)@0.05 power_one_sided 0.078 power_two_sided 0.068 power_csi 0.545 kurtosis 0.070 spec_cnn 0.436  (8s)
  JSR  -26.0 dB  BER 0.00e+00  P(det)@0.05 power_one_sided 0.080 power_two_sided 0.068 power_csi 0.562 kurtosis 0.059 spec_cnn 0.480  (8s)
  JSR  -25.0 dB  BER 0.00e+00  P(det)@0.05 power_one_sided 0.076 power_two_sided 0.066 power_csi 0.588 kurtosis 0.057 spec_cnn 0.611  (8s)
  JSR  -24.0 dB  BER 0.00e+00  P(det)@0.05 power_one_sided 0.090 power_two_sided 0.061 power_csi 0.596 kurtosis 0.061 spec_cnn 0.707  (9s)
  JSR  -23.0 dB  BER 0.00e+00  P(det)@0.05 power_one_sided 0.090 power_two_sided 0.072 power_csi 0.699 kurtosis 0.059 spec_cnn 0.766  (9s)
  JSR  -22.0 dB  BER 0.00e+00  P(det)@0.05 power_one_sided 0.084 power_two_sided 0.053 power_csi 0.727 kurtosis 0.068 spec_cnn 0.850  (9s)
  JSR  -21.0 dB  BER 0.00e+00  P(det)@0.05 power_one_sided 0.152 power_two_sided 0.100 power_csi 0.754 kurtosis 0.082 spec_cnn 0.883  (10s)
  JSR  -20.0 dB  BER 0.00e+00  P(det)@0.05 power_one_sided 0.131 power_two_sided 0.104 power_csi 0.807 kurtosis 0.109 spec_cnn 0.928  (10s)
  JSR  -19.0 dB  BER 7.63e-06  P(det)@0.05 power_one_sided 0.205 power_two_sided 0.148 power_csi 0.836 kurtosis 0.156 spec_cnn 0.963  (10s)
  JSR  -18.0 dB  BER 4.58e-05  P(det)@0.05 power_one_sided 0.238 power_two_sided 0.172 power_csi 0.896 kurtosis 0.150 spec_cnn 0.980  (11s)
  JSR  -17.0 dB  BER 3.51e-04  P(det)@0.05 power_one_sided 0.299 power_two_sided 0.234 power_csi 0.922 kurtosis 0.238 spec_cnn 0.992  (11s)
  JSR  -16.0 dB  BER 6.26e-04  P(det)@0.05 power_one_sided 0.412 power_two_sided 0.322 power_csi 0.949 kurtosis 0.332 spec_cnn 0.996  (11s)
  JSR  -15.0 dB  BER 1.17e-03  P(det)@0.05 power_one_sided 0.490 power_two_sided 0.396 power_csi 0.955 kurtosis 0.461 spec_cnn 1.000  (12s)
  JSR  -14.0 dB  BER 1.45e-03  P(det)@0.05 power_one_sided 0.588 power_two_sided 0.480 power_csi 0.988 kurtosis 0.643 spec_cnn 1.000  (12s)
  JSR  -13.0 dB  BER 1.85e-03  P(det)@0.05 power_one_sided 0.719 power_two_sided 0.656 power_csi 0.986 kurtosis 0.805 spec_cnn 1.000  (12s)
  JSR  -12.0 dB  BER 2.22e-03  P(det)@0.05 power_one_sided 0.850 power_two_sided 0.791 power_csi 0.994 kurtosis 0.908 spec_cnn 1.000  (13s)
  JSR  -11.0 dB  BER 2.68e-03  P(det)@0.05 power_one_sided 0.936 power_two_sided 0.895 power_csi 0.998 kurtosis 0.926 spec_cnn 1.000  (13s)
  JSR  -10.0 dB  BER 3.02e-03  P(det)@0.05 power_one_sided 0.980 power_two_sided 0.961 power_csi 1.000 kurtosis 0.982 spec_cnn 1.000  (13s)
  JSR   -9.0 dB  BER 3.78e-03  P(det)@0.05 power_one_sided 0.996 power_two_sided 0.988 power_csi 1.000 kurtosis 0.992 spec_cnn 1.000  (14s)
  JSR   -8.0 dB  BER 4.26e-03  P(det)@0.05 power_one_sided 0.998 power_two_sided 0.998 power_csi 1.000 kurtosis 0.996 spec_cnn 1.000  (14s)
  JSR   -7.0 dB  BER 5.16e-03  P(det)@0.05 power_one_sided 1.000 power_two_sided 1.000 power_csi 1.000 kurtosis 1.000 spec_cnn 1.000  (14s)
  JSR   -6.0 dB  BER 8.00e-03  P(det)@0.05 power_one_sided 1.000 power_two_sided 1.000 power_csi 1.000 kurtosis 1.000 spec_cnn 1.000  (15s)
  JSR   -5.0 dB  BER 1.36e-02  P(det)@0.05 power_one_sided 1.000 power_two_sided 1.000 power_csi 1.000 kurtosis 1.000 spec_cnn 1.000  (15s)
  JSR   -4.0 dB  BER 2.20e-02  P(det)@0.05 power_one_sided 1.000 power_two_sided 1.000 power_csi 1.000 kurtosis 1.000 spec_cnn 1.000  (15s)
  JSR   -3.0 dB  BER 3.62e-02  P(det)@0.05 power_one_sided 1.000 power_two_sided 1.000 power_csi 1.000 kurtosis 1.000 spec_cnn 1.000  (16s)
  JSR   -2.0 dB  BER 5.36e-02  P(det)@0.05 power_one_sided 1.000 power_two_sided 1.000 power_csi 1.000 kurtosis 1.000 spec_cnn 1.000  (16s)
  JSR   -1.0 dB  BER 7.54e-02  P(det)@0.05 power_one_sided 1.000 power_two_sided 1.000 power_csi 1.000 kurtosis 1.000 spec_cnn 1.000  (16s)
  JSR   +0.0 dB  BER 1.02e-01  P(det)@0.05 power_one_sided 1.000 power_two_sided 1.000 power_csi 1.000 kurtosis 1.000 spec_cnn 1.000  (17s)
  JSR   +1.0 dB  BER 1.25e-01  P(det)@0.05 power_one_sided 1.000 power_two_sided 1.000 power_csi 1.000 kurtosis 1.000 spec_cnn 1.000  (17s)
  JSR   +2.0 dB  BER 1.53e-01  P(det)@0.05 power_one_sided 1.000 power_two_sided 1.000 power_csi 1.000 kurtosis 1.000 spec_cnn 1.000  (17s)
  JSR   +3.0 dB  BER 1.80e-01  P(det)@0.05 power_one_sided 1.000 power_two_sided 1.000 power_csi 1.000 kurtosis 1.000 spec_cnn 1.000  (18s)
  JSR   +4.0 dB  BER 2.07e-01  P(det)@0.05 power_one_sided 1.000 power_two_sided 1.000 power_csi 1.000 kurtosis 1.000 spec_cnn 1.000  (18s)
  JSR   +5.0 dB  BER 2.35e-01  P(det)@0.05 power_one_sided 1.000 power_two_sided 1.000 power_csi 1.000 kurtosis 1.000 spec_cnn 1.000  (18s)
  JSR   +6.0 dB  BER 2.58e-01  P(det)@0.05 power_one_sided 1.000 power_two_sided 1.000 power_csi 1.000 kurtosis 1.000 spec_cnn 1.000  (19s)
  JSR   +7.0 dB  BER 2.80e-01  P(det)@0.05 power_one_sided 1.000 power_two_sided 1.000 power_csi 1.000 kurtosis 1.000 spec_cnn 1.000  (19s)
  JSR   +8.0 dB  BER 3.01e-01  P(det)@0.05 power_one_sided 1.000 power_two_sided 1.000 power_csi 1.000 kurtosis 1.000 spec_cnn 1.000  (19s)
  JSR   +9.0 dB  BER 3.22e-01  P(det)@0.05 power_one_sided 1.000 power_two_sided 1.000 power_csi 1.000 kurtosis 1.000 spec_cnn 1.000  (20s)
  JSR  +10.0 dB  BER 3.39e-01  P(det)@0.05 power_one_sided 1.000 power_two_sided 1.000 power_csi 1.000 kurtosis 1.000 spec_cnn 1.000  (20s)
  JSR  +11.0 dB  BER 3.56e-01  P(det)@0.05 power_one_sided 1.000 power_two_sided 1.000 power_csi 1.000 kurtosis 1.000 spec_cnn 1.000  (20s)
  JSR  +12.0 dB  BER 3.71e-01  P(det)@0.05 power_one_sided 1.000 power_two_sided 1.000 power_csi 1.000 kurtosis 1.000 spec_cnn 1.000  (21s)
  JSR  +13.0 dB  BER 3.86e-01  P(det)@0.05 power_one_sided 1.000 power_two_sided 1.000 power_csi 1.000 kurtosis 1.000 spec_cnn 1.000  (21s)
  JSR  +14.0 dB  BER 3.97e-01  P(det)@0.05 power_one_sided 1.000 power_two_sided 1.000 power_csi 1.000 kurtosis 1.000 spec_cnn 1.000  (21s)
  JSR  +15.0 dB  BER 4.07e-01  P(det)@0.05 power_one_sided 1.000 power_two_sided 1.000 power_csi 1.000 kurtosis 1.000 spec_cnn 1.000  (22s)
  [shadow_0.1] power_two_sided_b1000 confirmed: {"power_one_sided": {"0.01": {"index": 0, "sweep_ber": 0.0, "sweep_pdet": 0.01171875, "confirmed_ber": 0.0, "confirmed_ser": 0.0, "confirmed_pdet": 0.011474609375, "passed": true}, "0.05": {"index": 0, "sweep_ber": 0.0, "sweep_pdet": 0.05078125, "confirmed_ber": 0.0, "confirmed_ser": 0.0, "confirmed_pdet": 0.05419921875, "passed": true}}, "power_csi": {"0.01": {"index": 0, "sweep_ber": 0.0, "sweep_pdet": 0.009765625, "confirmed_ber": 0.0, "confirmed_ser": 0.0, "confirmed_pdet": 0.013916015625, "passed": false}, "0.05": {"index": 0, "sweep_ber": 0.0, "sweep_pdet": 0.041015625, "confirmed_ber": 0.0, "confirmed_ser": 0.0, "confirmed_pdet": 0.055908203125, "passed": true}}, "power_two_sided": {"0.01": {"index": 0, "sweep_ber": 0.0, "sweep_pdet": 0.0078125, "confirmed_ber": 0.0, "confirmed_ser": 0.0, "confirmed_pdet": 0.012451171875, "passed": true}, "0.05": {"index": 0, "sweep_ber": 0.0, "sweep_pdet": 0.048828125, "confirmed_ber": 0.0, "confirmed_ser": 0.0, "confirmed_pdet": 0.056884765625, "passed": false}}, "kurtosis": {"0.01": {"index": 0, "sweep_ber": 0.0, "sweep_pdet": 0.00390625, "confirmed_ber": 0.0, "confirmed_ser": 0.0, "confirmed_pdet": 0.010986328125, "passed": true}, "0.05": {"index": 0, "sweep_ber": 0.0, "sweep_pdet": 0.052734375, "confirmed_ber": 0.0, "confirmed_ser": 0.0, "confirmed_pdet": 0.05078125, "passed": true}}, "spec_cnn": {"0.01": {"index": 0, "sweep_ber": 0.0, "sweep_pdet": 0.0078125, "confirmed_ber": 0.0, "confirmed_ser": 0.0, "confirmed_pdet": 0.010009765625, "passed": true}, "0.05": {"index": 0, "sweep_ber": 0.0, "sweep_pdet": 0.041015625, "confirmed_ber": 0.0, "confirmed_ser": 0.0, "confirmed_pdet": 0.051025390625, "passed": true}}}  (794s)
  [shadow_0.1] generator kurtosis_b1 (scale 1.0000)
  JSR  -50.0 dB  BER 0.00e+00  P(det)@0.05 power_one_sided 0.045 power_two_sided 0.049 power_csi 0.059 kurtosis 0.043 spec_cnn 0.047  (0s)
  JSR  -49.0 dB  BER 0.00e+00  P(det)@0.05 power_one_sided 0.043 power_two_sided 0.059 power_csi 0.061 kurtosis 0.047 spec_cnn 0.047  (1s)
  JSR  -48.0 dB  BER 0.00e+00  P(det)@0.05 power_one_sided 0.039 power_two_sided 0.041 power_csi 0.059 kurtosis 0.051 spec_cnn 0.051  (1s)
  JSR  -47.0 dB  BER 0.00e+00  P(det)@0.05 power_one_sided 0.061 power_two_sided 0.053 power_csi 0.047 kurtosis 0.059 spec_cnn 0.045  (1s)
  JSR  -46.0 dB  BER 0.00e+00  P(det)@0.05 power_one_sided 0.049 power_two_sided 0.049 power_csi 0.043 kurtosis 0.035 spec_cnn 0.043  (2s)
  JSR  -45.0 dB  BER 0.00e+00  P(det)@0.05 power_one_sided 0.068 power_two_sided 0.057 power_csi 0.061 kurtosis 0.043 spec_cnn 0.055  (2s)
  JSR  -44.0 dB  BER 0.00e+00  P(det)@0.05 power_one_sided 0.049 power_two_sided 0.053 power_csi 0.059 kurtosis 0.062 spec_cnn 0.068  (2s)
  JSR  -43.0 dB  BER 0.00e+00  P(det)@0.05 power_one_sided 0.049 power_two_sided 0.055 power_csi 0.074 kurtosis 0.047 spec_cnn 0.049  (3s)
  JSR  -42.0 dB  BER 0.00e+00  P(det)@0.05 power_one_sided 0.041 power_two_sided 0.043 power_csi 0.053 kurtosis 0.049 spec_cnn 0.037  (3s)
  JSR  -41.0 dB  BER 0.00e+00  P(det)@0.05 power_one_sided 0.043 power_two_sided 0.051 power_csi 0.074 kurtosis 0.041 spec_cnn 0.055  (3s)
  JSR  -40.0 dB  BER 0.00e+00  P(det)@0.05 power_one_sided 0.051 power_two_sided 0.059 power_csi 0.084 kurtosis 0.049 spec_cnn 0.051  (4s)
  JSR  -39.0 dB  BER 0.00e+00  P(det)@0.05 power_one_sided 0.059 power_two_sided 0.059 power_csi 0.109 kurtosis 0.057 spec_cnn 0.041  (4s)
  JSR  -38.0 dB  BER 0.00e+00  P(det)@0.05 power_one_sided 0.055 power_two_sided 0.043 power_csi 0.113 kurtosis 0.041 spec_cnn 0.057  (4s)
  JSR  -37.0 dB  BER 0.00e+00  P(det)@0.05 power_one_sided 0.051 power_two_sided 0.051 power_csi 0.121 kurtosis 0.045 spec_cnn 0.070  (5s)
  JSR  -36.0 dB  BER 0.00e+00  P(det)@0.05 power_one_sided 0.043 power_two_sided 0.041 power_csi 0.121 kurtosis 0.057 spec_cnn 0.074  (5s)
  JSR  -35.0 dB  BER 0.00e+00  P(det)@0.05 power_one_sided 0.049 power_two_sided 0.045 power_csi 0.164 kurtosis 0.059 spec_cnn 0.078  (5s)
  JSR  -34.0 dB  BER 0.00e+00  P(det)@0.05 power_one_sided 0.062 power_two_sided 0.043 power_csi 0.189 kurtosis 0.031 spec_cnn 0.084  (6s)
  JSR  -33.0 dB  BER 0.00e+00  P(det)@0.05 power_one_sided 0.055 power_two_sided 0.051 power_csi 0.236 kurtosis 0.055 spec_cnn 0.104  (6s)
  JSR  -32.0 dB  BER 0.00e+00  P(det)@0.05 power_one_sided 0.057 power_two_sided 0.068 power_csi 0.254 kurtosis 0.045 spec_cnn 0.113  (6s)
  JSR  -31.0 dB  BER 0.00e+00  P(det)@0.05 power_one_sided 0.061 power_two_sided 0.059 power_csi 0.295 kurtosis 0.045 spec_cnn 0.135  (6s)
  JSR  -30.0 dB  BER 0.00e+00  P(det)@0.05 power_one_sided 0.074 power_two_sided 0.074 power_csi 0.377 kurtosis 0.041 spec_cnn 0.148  (7s)
  JSR  -29.0 dB  BER 0.00e+00  P(det)@0.05 power_one_sided 0.037 power_two_sided 0.037 power_csi 0.385 kurtosis 0.031 spec_cnn 0.225  (7s)
  JSR  -28.0 dB  BER 0.00e+00  P(det)@0.05 power_one_sided 0.047 power_two_sided 0.047 power_csi 0.424 kurtosis 0.039 spec_cnn 0.295  (7s)
  JSR  -27.0 dB  BER 0.00e+00  P(det)@0.05 power_one_sided 0.049 power_two_sided 0.041 power_csi 0.518 kurtosis 0.057 spec_cnn 0.422  (8s)
  JSR  -26.0 dB  BER 0.00e+00  P(det)@0.05 power_one_sided 0.078 power_two_sided 0.053 power_csi 0.545 kurtosis 0.041 spec_cnn 0.605  (8s)
  JSR  -25.0 dB  BER 0.00e+00  P(det)@0.05 power_one_sided 0.066 power_two_sided 0.059 power_csi 0.631 kurtosis 0.053 spec_cnn 0.809  (8s)
  JSR  -24.0 dB  BER 0.00e+00  P(det)@0.05 power_one_sided 0.092 power_two_sided 0.059 power_csi 0.650 kurtosis 0.068 spec_cnn 0.924  (9s)
  JSR  -23.0 dB  BER 0.00e+00  P(det)@0.05 power_one_sided 0.084 power_two_sided 0.057 power_csi 0.762 kurtosis 0.059 spec_cnn 0.982  (9s)
  JSR  -22.0 dB  BER 0.00e+00  P(det)@0.05 power_one_sided 0.096 power_two_sided 0.072 power_csi 0.777 kurtosis 0.062 spec_cnn 1.000  (9s)
  JSR  -21.0 dB  BER 0.00e+00  P(det)@0.05 power_one_sided 0.111 power_two_sided 0.094 power_csi 0.820 kurtosis 0.090 spec_cnn 1.000  (10s)
  JSR  -20.0 dB  BER 0.00e+00  P(det)@0.05 power_one_sided 0.104 power_two_sided 0.064 power_csi 0.867 kurtosis 0.088 spec_cnn 1.000  (10s)
  JSR  -19.0 dB  BER 9.16e-05  P(det)@0.05 power_one_sided 0.166 power_two_sided 0.121 power_csi 0.914 kurtosis 0.146 spec_cnn 1.000  (10s)
  JSR  -18.0 dB  BER 2.67e-04  P(det)@0.05 power_one_sided 0.232 power_two_sided 0.178 power_csi 0.967 kurtosis 0.211 spec_cnn 1.000  (11s)
  JSR  -17.0 dB  BER 6.33e-04  P(det)@0.05 power_one_sided 0.307 power_two_sided 0.223 power_csi 0.979 kurtosis 0.277 spec_cnn 1.000  (11s)
  JSR  -16.0 dB  BER 9.23e-04  P(det)@0.05 power_one_sided 0.395 power_two_sided 0.320 power_csi 0.990 kurtosis 0.385 spec_cnn 1.000  (11s)
  JSR  -15.0 dB  BER 1.43e-03  P(det)@0.05 power_one_sided 0.469 power_two_sided 0.385 power_csi 0.994 kurtosis 0.510 spec_cnn 1.000  (12s)
  JSR  -14.0 dB  BER 1.85e-03  P(det)@0.05 power_one_sided 0.645 power_two_sided 0.557 power_csi 1.000 kurtosis 0.672 spec_cnn 1.000  (12s)
  JSR  -13.0 dB  BER 2.47e-03  P(det)@0.05 power_one_sided 0.750 power_two_sided 0.680 power_csi 1.000 kurtosis 0.738 spec_cnn 1.000  (12s)
  JSR  -12.0 dB  BER 2.93e-03  P(det)@0.05 power_one_sided 0.881 power_two_sided 0.836 power_csi 1.000 kurtosis 0.869 spec_cnn 1.000  (13s)
  JSR  -11.0 dB  BER 3.52e-03  P(det)@0.05 power_one_sided 0.967 power_two_sided 0.924 power_csi 1.000 kurtosis 0.928 spec_cnn 1.000  (13s)
  JSR  -10.0 dB  BER 3.65e-03  P(det)@0.05 power_one_sided 0.988 power_two_sided 0.984 power_csi 1.000 kurtosis 0.984 spec_cnn 1.000  (13s)
  JSR   -9.0 dB  BER 4.48e-03  P(det)@0.05 power_one_sided 1.000 power_two_sided 1.000 power_csi 1.000 kurtosis 0.994 spec_cnn 1.000  (14s)
  JSR   -8.0 dB  BER 4.93e-03  P(det)@0.05 power_one_sided 1.000 power_two_sided 1.000 power_csi 1.000 kurtosis 1.000 spec_cnn 1.000  (14s)
  JSR   -7.0 dB  BER 5.97e-03  P(det)@0.05 power_one_sided 1.000 power_two_sided 1.000 power_csi 1.000 kurtosis 1.000 spec_cnn 1.000  (14s)
  JSR   -6.0 dB  BER 6.08e-03  P(det)@0.05 power_one_sided 1.000 power_two_sided 1.000 power_csi 1.000 kurtosis 1.000 spec_cnn 1.000  (15s)
  JSR   -5.0 dB  BER 6.51e-03  P(det)@0.05 power_one_sided 1.000 power_two_sided 1.000 power_csi 1.000 kurtosis 1.000 spec_cnn 1.000  (15s)
  JSR   -4.0 dB  BER 6.90e-03  P(det)@0.05 power_one_sided 1.000 power_two_sided 1.000 power_csi 1.000 kurtosis 1.000 spec_cnn 1.000  (15s)
  JSR   -3.0 dB  BER 7.90e-03  P(det)@0.05 power_one_sided 1.000 power_two_sided 1.000 power_csi 1.000 kurtosis 1.000 spec_cnn 1.000  (16s)
  JSR   -2.0 dB  BER 8.43e-03  P(det)@0.05 power_one_sided 1.000 power_two_sided 1.000 power_csi 1.000 kurtosis 1.000 spec_cnn 1.000  (16s)
  JSR   -1.0 dB  BER 9.32e-03  P(det)@0.05 power_one_sided 1.000 power_two_sided 1.000 power_csi 1.000 kurtosis 1.000 spec_cnn 1.000  (16s)
  JSR   +0.0 dB  BER 1.02e-02  P(det)@0.05 power_one_sided 1.000 power_two_sided 1.000 power_csi 1.000 kurtosis 1.000 spec_cnn 1.000  (17s)
  JSR   +1.0 dB  BER 1.17e-02  P(det)@0.05 power_one_sided 1.000 power_two_sided 1.000 power_csi 1.000 kurtosis 1.000 spec_cnn 1.000  (17s)
  JSR   +2.0 dB  BER 1.42e-02  P(det)@0.05 power_one_sided 1.000 power_two_sided 1.000 power_csi 1.000 kurtosis 1.000 spec_cnn 1.000  (17s)
  JSR   +3.0 dB  BER 1.69e-02  P(det)@0.05 power_one_sided 1.000 power_two_sided 1.000 power_csi 1.000 kurtosis 1.000 spec_cnn 1.000  (18s)
  JSR   +4.0 dB  BER 2.38e-02  P(det)@0.05 power_one_sided 1.000 power_two_sided 1.000 power_csi 1.000 kurtosis 1.000 spec_cnn 1.000  (18s)
  JSR   +5.0 dB  BER 3.30e-02  P(det)@0.05 power_one_sided 1.000 power_two_sided 1.000 power_csi 1.000 kurtosis 1.000 spec_cnn 1.000  (18s)
  JSR   +6.0 dB  BER 4.71e-02  P(det)@0.05 power_one_sided 1.000 power_two_sided 1.000 power_csi 1.000 kurtosis 1.000 spec_cnn 1.000  (19s)
  JSR   +7.0 dB  BER 6.35e-02  P(det)@0.05 power_one_sided 1.000 power_two_sided 1.000 power_csi 1.000 kurtosis 1.000 spec_cnn 1.000  (19s)
  JSR   +8.0 dB  BER 8.76e-02  P(det)@0.05 power_one_sided 1.000 power_two_sided 1.000 power_csi 1.000 kurtosis 1.000 spec_cnn 1.000  (19s)
  JSR   +9.0 dB  BER 1.10e-01  P(det)@0.05 power_one_sided 1.000 power_two_sided 1.000 power_csi 1.000 kurtosis 1.000 spec_cnn 1.000  (20s)
  JSR  +10.0 dB  BER 1.36e-01  P(det)@0.05 power_one_sided 1.000 power_two_sided 1.000 power_csi 1.000 kurtosis 1.000 spec_cnn 1.000  (20s)
  JSR  +11.0 dB  BER 1.60e-01  P(det)@0.05 power_one_sided 1.000 power_two_sided 1.000 power_csi 1.000 kurtosis 1.000 spec_cnn 1.000  (20s)
  JSR  +12.0 dB  BER 1.87e-01  P(det)@0.05 power_one_sided 1.000 power_two_sided 1.000 power_csi 1.000 kurtosis 1.000 spec_cnn 1.000  (21s)
  JSR  +13.0 dB  BER 2.14e-01  P(det)@0.05 power_one_sided 1.000 power_two_sided 1.000 power_csi 1.000 kurtosis 1.000 spec_cnn 1.000  (21s)
  JSR  +14.0 dB  BER 2.40e-01  P(det)@0.05 power_one_sided 1.000 power_two_sided 1.000 power_csi 1.000 kurtosis 1.000 spec_cnn 1.000  (21s)
  JSR  +15.0 dB  BER 2.63e-01  P(det)@0.05 power_one_sided 1.000 power_two_sided 1.000 power_csi 1.000 kurtosis 1.000 spec_cnn 1.000  (22s)
  [shadow_0.1] kurtosis_b1 confirmed: {"power_one_sided": {"0.01": {"index": 0, "sweep_ber": 0.0, "sweep_pdet": 0.0078125, "confirmed_ber": 0.0, "confirmed_ser": 0.0, "confirmed_pdet": 0.0107421875, "passed": true}, "0.05": {"index": 0, "sweep_ber": 0.0, "sweep_pdet": 0.044921875, "confirmed_ber": 0.0, "confirmed_ser": 0.0, "confirmed_pdet": 0.0419921875, "passed": true}}, "power_csi": {"0.01": {"index": 0, "sweep_ber": 0.0, "sweep_pdet": 0.013671875, "confirmed_ber": 0.0, "confirmed_ser": 0.0, "confirmed_pdet": 0.01025390625, "passed": true}, "0.05": {"index": 0, "sweep_ber": 0.0, "sweep_pdet": 0.05859375, "confirmed_ber": 0.0, "confirmed_ser": 0.0, "confirmed_pdet": 0.04345703125, "passed": true}}, "power_two_sided": {"0.01": {"index": 0, "sweep_ber": 0.0, "sweep_pdet": 0.0078125, "confirmed_ber": 0.0, "confirmed_ser": 0.0, "confirmed_pdet": 0.01318359375, "passed": false}, "0.05": {"index": 0, "sweep_ber": 0.0, "sweep_pdet": 0.048828125, "confirmed_ber": 0.0, "confirmed_ser": 0.0, "confirmed_pdet": 0.04736328125, "passed": true}}, "kurtosis": {"0.01": {"index": 0, "sweep_ber": 0.0, "sweep_pdet": 0.013671875, "confirmed_ber": 0.0, "confirmed_ser": 0.0, "confirmed_pdet": 0.01025390625, "passed": true}, "0.05": {"index": 0, "sweep_ber": 0.0, "sweep_pdet": 0.04296875, "confirmed_ber": 0.0, "confirmed_ser": 0.0, "confirmed_pdet": 0.0556640625, "passed": true}}, "spec_cnn": {"0.01": {"index": 0, "sweep_ber": 0.0, "sweep_pdet": 0.005859375, "confirmed_ber": 0.0, "confirmed_ser": 0.0, "confirmed_pdet": 0.009521484375, "passed": true}, "0.05": {"index": 0, "sweep_ber": 0.0, "sweep_pdet": 0.046875, "confirmed_ber": 0.0, "confirmed_ser": 0.0, "confirmed_pdet": 0.043701171875, "passed": true}}}  (842s)
  [shadow_0.1] generator kurtosis_b10 (scale 1.0000)
  JSR  -50.0 dB  BER 0.00e+00  P(det)@0.05 power_one_sided 0.053 power_two_sided 0.059 power_csi 0.057 kurtosis 0.043 spec_cnn 0.051  (0s)
  JSR  -49.0 dB  BER 0.00e+00  P(det)@0.05 power_one_sided 0.068 power_two_sided 0.055 power_csi 0.053 kurtosis 0.066 spec_cnn 0.051  (1s)
  JSR  -48.0 dB  BER 0.00e+00  P(det)@0.05 power_one_sided 0.059 power_two_sided 0.051 power_csi 0.061 kurtosis 0.047 spec_cnn 0.070  (1s)
  JSR  -47.0 dB  BER 0.00e+00  P(det)@0.05 power_one_sided 0.039 power_two_sided 0.047 power_csi 0.035 kurtosis 0.055 spec_cnn 0.072  (1s)
  JSR  -46.0 dB  BER 0.00e+00  P(det)@0.05 power_one_sided 0.061 power_two_sided 0.059 power_csi 0.043 kurtosis 0.043 spec_cnn 0.023  (2s)
  JSR  -45.0 dB  BER 0.00e+00  P(det)@0.05 power_one_sided 0.057 power_two_sided 0.059 power_csi 0.055 kurtosis 0.055 spec_cnn 0.035  (2s)
  JSR  -44.0 dB  BER 0.00e+00  P(det)@0.05 power_one_sided 0.041 power_two_sided 0.053 power_csi 0.066 kurtosis 0.045 spec_cnn 0.057  (2s)
  JSR  -43.0 dB  BER 0.00e+00  P(det)@0.05 power_one_sided 0.057 power_two_sided 0.051 power_csi 0.062 kurtosis 0.062 spec_cnn 0.061  (3s)
  JSR  -42.0 dB  BER 0.00e+00  P(det)@0.05 power_one_sided 0.051 power_two_sided 0.053 power_csi 0.105 kurtosis 0.045 spec_cnn 0.051  (3s)
  JSR  -41.0 dB  BER 0.00e+00  P(det)@0.05 power_one_sided 0.076 power_two_sided 0.078 power_csi 0.096 kurtosis 0.055 spec_cnn 0.059  (3s)
  JSR  -40.0 dB  BER 0.00e+00  P(det)@0.05 power_one_sided 0.049 power_two_sided 0.051 power_csi 0.127 kurtosis 0.045 spec_cnn 0.055  (4s)
  JSR  -39.0 dB  BER 0.00e+00  P(det)@0.05 power_one_sided 0.053 power_two_sided 0.041 power_csi 0.102 kurtosis 0.053 spec_cnn 0.062  (4s)
  JSR  -38.0 dB  BER 0.00e+00  P(det)@0.05 power_one_sided 0.064 power_two_sided 0.053 power_csi 0.115 kurtosis 0.037 spec_cnn 0.076  (4s)
  JSR  -37.0 dB  BER 0.00e+00  P(det)@0.05 power_one_sided 0.061 power_two_sided 0.047 power_csi 0.137 kurtosis 0.047 spec_cnn 0.072  (5s)
  JSR  -36.0 dB  BER 0.00e+00  P(det)@0.05 power_one_sided 0.066 power_two_sided 0.072 power_csi 0.168 kurtosis 0.035 spec_cnn 0.088  (5s)
  JSR  -35.0 dB  BER 0.00e+00  P(det)@0.05 power_one_sided 0.072 power_two_sided 0.061 power_csi 0.160 kurtosis 0.053 spec_cnn 0.086  (5s)
  JSR  -34.0 dB  BER 0.00e+00  P(det)@0.05 power_one_sided 0.055 power_two_sided 0.059 power_csi 0.215 kurtosis 0.051 spec_cnn 0.119  (6s)
  JSR  -33.0 dB  BER 0.00e+00  P(det)@0.05 power_one_sided 0.051 power_two_sided 0.049 power_csi 0.271 kurtosis 0.059 spec_cnn 0.105  (6s)
  JSR  -32.0 dB  BER 0.00e+00  P(det)@0.05 power_one_sided 0.051 power_two_sided 0.051 power_csi 0.312 kurtosis 0.059 spec_cnn 0.166  (6s)
  JSR  -31.0 dB  BER 0.00e+00  P(det)@0.05 power_one_sided 0.078 power_two_sided 0.059 power_csi 0.365 kurtosis 0.035 spec_cnn 0.168  (6s)
  JSR  -30.0 dB  BER 0.00e+00  P(det)@0.05 power_one_sided 0.061 power_two_sided 0.047 power_csi 0.459 kurtosis 0.072 spec_cnn 0.193  (7s)
  JSR  -29.0 dB  BER 0.00e+00  P(det)@0.05 power_one_sided 0.057 power_two_sided 0.053 power_csi 0.525 kurtosis 0.057 spec_cnn 0.240  (7s)
  JSR  -28.0 dB  BER 0.00e+00  P(det)@0.05 power_one_sided 0.049 power_two_sided 0.047 power_csi 0.533 kurtosis 0.047 spec_cnn 0.309  (7s)
  JSR  -27.0 dB  BER 0.00e+00  P(det)@0.05 power_one_sided 0.061 power_two_sided 0.041 power_csi 0.609 kurtosis 0.057 spec_cnn 0.420  (8s)
  JSR  -26.0 dB  BER 0.00e+00  P(det)@0.05 power_one_sided 0.088 power_two_sided 0.066 power_csi 0.684 kurtosis 0.057 spec_cnn 0.467  (8s)
  JSR  -25.0 dB  BER 0.00e+00  P(det)@0.05 power_one_sided 0.086 power_two_sided 0.070 power_csi 0.756 kurtosis 0.045 spec_cnn 0.584  (8s)
  JSR  -24.0 dB  BER 0.00e+00  P(det)@0.05 power_one_sided 0.088 power_two_sided 0.064 power_csi 0.785 kurtosis 0.047 spec_cnn 0.688  (9s)
  JSR  -23.0 dB  BER 0.00e+00  P(det)@0.05 power_one_sided 0.115 power_two_sided 0.088 power_csi 0.859 kurtosis 0.041 spec_cnn 0.781  (9s)
  JSR  -22.0 dB  BER 0.00e+00  P(det)@0.05 power_one_sided 0.152 power_two_sided 0.115 power_csi 0.906 kurtosis 0.064 spec_cnn 0.881  (9s)
  JSR  -21.0 dB  BER 3.05e-05  P(det)@0.05 power_one_sided 0.166 power_two_sided 0.117 power_csi 0.926 kurtosis 0.053 spec_cnn 0.969  (10s)
  JSR  -20.0 dB  BER 9.92e-05  P(det)@0.05 power_one_sided 0.217 power_two_sided 0.158 power_csi 0.988 kurtosis 0.051 spec_cnn 0.990  (10s)
  JSR  -19.0 dB  BER 2.75e-04  P(det)@0.05 power_one_sided 0.250 power_two_sided 0.164 power_csi 0.994 kurtosis 0.078 spec_cnn 1.000  (10s)
  JSR  -18.0 dB  BER 6.48e-04  P(det)@0.05 power_one_sided 0.357 power_two_sided 0.291 power_csi 0.998 kurtosis 0.076 spec_cnn 1.000  (11s)
  JSR  -17.0 dB  BER 1.06e-03  P(det)@0.05 power_one_sided 0.443 power_two_sided 0.357 power_csi 0.996 kurtosis 0.117 spec_cnn 1.000  (11s)
  JSR  -16.0 dB  BER 1.22e-03  P(det)@0.05 power_one_sided 0.598 power_two_sided 0.488 power_csi 1.000 kurtosis 0.184 spec_cnn 1.000  (11s)
  JSR  -15.0 dB  BER 1.83e-03  P(det)@0.05 power_one_sided 0.707 power_two_sided 0.641 power_csi 1.000 kurtosis 0.309 spec_cnn 1.000  (12s)
  JSR  -14.0 dB  BER 2.21e-03  P(det)@0.05 power_one_sided 0.879 power_two_sided 0.812 power_csi 1.000 kurtosis 0.449 spec_cnn 1.000  (12s)
  JSR  -13.0 dB  BER 2.83e-03  P(det)@0.05 power_one_sided 0.967 power_two_sided 0.934 power_csi 1.000 kurtosis 0.590 spec_cnn 1.000  (12s)
  JSR  -12.0 dB  BER 3.57e-03  P(det)@0.05 power_one_sided 0.994 power_two_sided 0.990 power_csi 1.000 kurtosis 0.744 spec_cnn 1.000  (13s)
  JSR  -11.0 dB  BER 3.79e-03  P(det)@0.05 power_one_sided 1.000 power_two_sided 1.000 power_csi 1.000 kurtosis 0.902 spec_cnn 1.000  (13s)
  JSR  -10.0 dB  BER 4.45e-03  P(det)@0.05 power_one_sided 1.000 power_two_sided 1.000 power_csi 1.000 kurtosis 0.984 spec_cnn 1.000  (13s)
  JSR   -9.0 dB  BER 5.23e-03  P(det)@0.05 power_one_sided 1.000 power_two_sided 1.000 power_csi 1.000 kurtosis 1.000 spec_cnn 1.000  (14s)
  JSR   -8.0 dB  BER 5.89e-03  P(det)@0.05 power_one_sided 1.000 power_two_sided 1.000 power_csi 1.000 kurtosis 1.000 spec_cnn 1.000  (14s)
  JSR   -7.0 dB  BER 6.59e-03  P(det)@0.05 power_one_sided 1.000 power_two_sided 1.000 power_csi 1.000 kurtosis 1.000 spec_cnn 1.000  (14s)
  JSR   -6.0 dB  BER 7.35e-03  P(det)@0.05 power_one_sided 1.000 power_two_sided 1.000 power_csi 1.000 kurtosis 1.000 spec_cnn 1.000  (15s)
  JSR   -5.0 dB  BER 8.54e-03  P(det)@0.05 power_one_sided 1.000 power_two_sided 1.000 power_csi 1.000 kurtosis 1.000 spec_cnn 1.000  (15s)
  JSR   -4.0 dB  BER 8.81e-03  P(det)@0.05 power_one_sided 1.000 power_two_sided 1.000 power_csi 1.000 kurtosis 1.000 spec_cnn 1.000  (15s)
  JSR   -3.0 dB  BER 9.17e-03  P(det)@0.05 power_one_sided 1.000 power_two_sided 1.000 power_csi 1.000 kurtosis 1.000 spec_cnn 1.000  (16s)
  JSR   -2.0 dB  BER 1.06e-02  P(det)@0.05 power_one_sided 1.000 power_two_sided 1.000 power_csi 1.000 kurtosis 1.000 spec_cnn 1.000  (16s)
  JSR   -1.0 dB  BER 1.11e-02  P(det)@0.05 power_one_sided 1.000 power_two_sided 1.000 power_csi 1.000 kurtosis 1.000 spec_cnn 1.000  (16s)
  JSR   +0.0 dB  BER 1.17e-02  P(det)@0.05 power_one_sided 1.000 power_two_sided 1.000 power_csi 1.000 kurtosis 1.000 spec_cnn 1.000  (17s)
  JSR   +1.0 dB  BER 1.30e-02  P(det)@0.05 power_one_sided 1.000 power_two_sided 1.000 power_csi 1.000 kurtosis 1.000 spec_cnn 1.000  (17s)
  JSR   +2.0 dB  BER 1.36e-02  P(det)@0.05 power_one_sided 1.000 power_two_sided 1.000 power_csi 1.000 kurtosis 1.000 spec_cnn 1.000  (17s)
  JSR   +3.0 dB  BER 1.50e-02  P(det)@0.05 power_one_sided 1.000 power_two_sided 1.000 power_csi 1.000 kurtosis 1.000 spec_cnn 1.000  (18s)
  JSR   +4.0 dB  BER 1.67e-02  P(det)@0.05 power_one_sided 1.000 power_two_sided 1.000 power_csi 1.000 kurtosis 1.000 spec_cnn 1.000  (18s)
  JSR   +5.0 dB  BER 1.97e-02  P(det)@0.05 power_one_sided 1.000 power_two_sided 1.000 power_csi 1.000 kurtosis 1.000 spec_cnn 1.000  (18s)
  JSR   +6.0 dB  BER 2.45e-02  P(det)@0.05 power_one_sided 1.000 power_two_sided 1.000 power_csi 1.000 kurtosis 1.000 spec_cnn 1.000  (19s)
  JSR   +7.0 dB  BER 3.15e-02  P(det)@0.05 power_one_sided 1.000 power_two_sided 1.000 power_csi 1.000 kurtosis 1.000 spec_cnn 1.000  (19s)
  JSR   +8.0 dB  BER 3.85e-02  P(det)@0.05 power_one_sided 1.000 power_two_sided 1.000 power_csi 1.000 kurtosis 1.000 spec_cnn 1.000  (19s)
  JSR   +9.0 dB  BER 5.32e-02  P(det)@0.05 power_one_sided 1.000 power_two_sided 1.000 power_csi 1.000 kurtosis 1.000 spec_cnn 1.000  (20s)
  JSR  +10.0 dB  BER 6.54e-02  P(det)@0.05 power_one_sided 1.000 power_two_sided 1.000 power_csi 1.000 kurtosis 1.000 spec_cnn 1.000  (20s)
  JSR  +11.0 dB  BER 9.18e-02  P(det)@0.05 power_one_sided 1.000 power_two_sided 1.000 power_csi 1.000 kurtosis 1.000 spec_cnn 1.000  (20s)
  JSR  +12.0 dB  BER 1.13e-01  P(det)@0.05 power_one_sided 1.000 power_two_sided 1.000 power_csi 1.000 kurtosis 1.000 spec_cnn 1.000  (21s)
  JSR  +13.0 dB  BER 1.34e-01  P(det)@0.05 power_one_sided 1.000 power_two_sided 1.000 power_csi 1.000 kurtosis 1.000 spec_cnn 1.000  (21s)
  JSR  +14.0 dB  BER 1.61e-01  P(det)@0.05 power_one_sided 1.000 power_two_sided 1.000 power_csi 1.000 kurtosis 1.000 spec_cnn 1.000  (21s)
  JSR  +15.0 dB  BER 1.90e-01  P(det)@0.05 power_one_sided 1.000 power_two_sided 1.000 power_csi 1.000 kurtosis 1.000 spec_cnn 1.000  (22s)
  [shadow_0.1] kurtosis_b10 confirmed: {"power_one_sided": {"0.01": {"index": 0, "sweep_ber": 0.0, "sweep_pdet": 0.001953125, "confirmed_ber": 0.0, "confirmed_ser": 0.0, "confirmed_pdet": 0.01025390625, "passed": true}, "0.05": {"index": 0, "sweep_ber": 0.0, "sweep_pdet": 0.052734375, "confirmed_ber": 0.0, "confirmed_ser": 0.0, "confirmed_pdet": 0.052734375, "passed": true}}, "power_csi": {"0.01": {"index": 0, "sweep_ber": 0.0, "sweep_pdet": 0.015625, "confirmed_ber": 0.0, "confirmed_ser": 0.0, "confirmed_pdet": 0.010498046875, "passed": true}, "0.05": {"index": 0, "sweep_ber": 0.0, "sweep_pdet": 0.056640625, "confirmed_ber": 0.0, "confirmed_ser": 0.0, "confirmed_pdet": 0.048828125, "passed": true}}, "power_two_sided": {"0.01": {"index": 0, "sweep_ber": 0.0, "sweep_pdet": 0.00390625, "confirmed_ber": 0.0, "confirmed_ser": 0.0, "confirmed_pdet": 0.01025390625, "passed": true}, "0.05": {"index": 0, "sweep_ber": 0.0, "sweep_pdet": 0.05859375, "confirmed_ber": 0.0, "confirmed_ser": 0.0, "confirmed_pdet": 0.053466796875, "passed": true}}, "kurtosis": {"0.01": {"index": 31, "sweep_ber": 0.000274658203125, "sweep_pdet": 0.015625, "confirmed_ber": 0.0003261566162109375, "confirmed_ser": 0.000652313232421875, "confirmed_pdet": 0.01708984375, "passed": false}, "0.05": {"index": 30, "sweep_ber": 9.918212890625e-05, "sweep_pdet": 0.05078125, "confirmed_ber": 0.00010967254638671875, "confirmed_ser": 0.0002193450927734375, "confirmed_pdet": 0.065673828125, "passed": false}}, "spec_cnn": {"0.01": {"index": 0, "sweep_ber": 0.0, "sweep_pdet": 0.0078125, "confirmed_ber": 0.0, "confirmed_ser": 0.0, "confirmed_pdet": 0.010986328125, "passed": true}, "0.05": {"index": 0, "sweep_ber": 0.0, "sweep_pdet": 0.05078125, "confirmed_ber": 0.0, "confirmed_ser": 0.0, "confirmed_pdet": 0.049560546875, "passed": true}}}  (890s)
  [shadow_0.1] generator kurtosis_b100 (scale 1.0000)
  JSR  -50.0 dB  BER 0.00e+00  P(det)@0.05 power_one_sided 0.070 power_two_sided 0.049 power_csi 0.051 kurtosis 0.049 spec_cnn 0.061  (0s)
  JSR  -49.0 dB  BER 0.00e+00  P(det)@0.05 power_one_sided 0.068 power_two_sided 0.068 power_csi 0.059 kurtosis 0.061 spec_cnn 0.064  (1s)
  JSR  -48.0 dB  BER 0.00e+00  P(det)@0.05 power_one_sided 0.066 power_two_sided 0.076 power_csi 0.041 kurtosis 0.049 spec_cnn 0.055  (1s)
  JSR  -47.0 dB  BER 0.00e+00  P(det)@0.05 power_one_sided 0.059 power_two_sided 0.064 power_csi 0.057 kurtosis 0.039 spec_cnn 0.059  (1s)
  JSR  -46.0 dB  BER 0.00e+00  P(det)@0.05 power_one_sided 0.057 power_two_sided 0.062 power_csi 0.074 kurtosis 0.043 spec_cnn 0.043  (2s)
  JSR  -45.0 dB  BER 0.00e+00  P(det)@0.05 power_one_sided 0.051 power_two_sided 0.066 power_csi 0.055 kurtosis 0.070 spec_cnn 0.041  (2s)
  JSR  -44.0 dB  BER 0.00e+00  P(det)@0.05 power_one_sided 0.055 power_two_sided 0.053 power_csi 0.072 kurtosis 0.045 spec_cnn 0.047  (2s)
  JSR  -43.0 dB  BER 0.00e+00  P(det)@0.05 power_one_sided 0.066 power_two_sided 0.074 power_csi 0.072 kurtosis 0.053 spec_cnn 0.072  (3s)
  JSR  -42.0 dB  BER 0.00e+00  P(det)@0.05 power_one_sided 0.059 power_two_sided 0.051 power_csi 0.061 kurtosis 0.049 spec_cnn 0.053  (3s)
  JSR  -41.0 dB  BER 0.00e+00  P(det)@0.05 power_one_sided 0.062 power_two_sided 0.061 power_csi 0.068 kurtosis 0.045 spec_cnn 0.043  (3s)
  JSR  -40.0 dB  BER 0.00e+00  P(det)@0.05 power_one_sided 0.045 power_two_sided 0.064 power_csi 0.090 kurtosis 0.055 spec_cnn 0.051  (4s)
  JSR  -39.0 dB  BER 0.00e+00  P(det)@0.05 power_one_sided 0.057 power_two_sided 0.051 power_csi 0.100 kurtosis 0.039 spec_cnn 0.061  (4s)
  JSR  -38.0 dB  BER 0.00e+00  P(det)@0.05 power_one_sided 0.047 power_two_sided 0.053 power_csi 0.121 kurtosis 0.061 spec_cnn 0.055  (4s)
  JSR  -37.0 dB  BER 0.00e+00  P(det)@0.05 power_one_sided 0.055 power_two_sided 0.049 power_csi 0.131 kurtosis 0.041 spec_cnn 0.082  (5s)
  JSR  -36.0 dB  BER 0.00e+00  P(det)@0.05 power_one_sided 0.062 power_two_sided 0.076 power_csi 0.154 kurtosis 0.045 spec_cnn 0.088  (5s)
  JSR  -35.0 dB  BER 0.00e+00  P(det)@0.05 power_one_sided 0.049 power_two_sided 0.059 power_csi 0.166 kurtosis 0.051 spec_cnn 0.092  (5s)
  JSR  -34.0 dB  BER 0.00e+00  P(det)@0.05 power_one_sided 0.068 power_two_sided 0.068 power_csi 0.227 kurtosis 0.062 spec_cnn 0.107  (6s)
  JSR  -33.0 dB  BER 0.00e+00  P(det)@0.05 power_one_sided 0.041 power_two_sided 0.049 power_csi 0.258 kurtosis 0.039 spec_cnn 0.092  (6s)
  JSR  -32.0 dB  BER 0.00e+00  P(det)@0.05 power_one_sided 0.066 power_two_sided 0.055 power_csi 0.314 kurtosis 0.047 spec_cnn 0.117  (6s)
  JSR  -31.0 dB  BER 0.00e+00  P(det)@0.05 power_one_sided 0.055 power_two_sided 0.049 power_csi 0.316 kurtosis 0.061 spec_cnn 0.146  (6s)
  JSR  -30.0 dB  BER 0.00e+00  P(det)@0.05 power_one_sided 0.055 power_two_sided 0.041 power_csi 0.373 kurtosis 0.053 spec_cnn 0.168  (7s)
  JSR  -29.0 dB  BER 0.00e+00  P(det)@0.05 power_one_sided 0.064 power_two_sided 0.064 power_csi 0.438 kurtosis 0.045 spec_cnn 0.225  (7s)
  JSR  -28.0 dB  BER 0.00e+00  P(det)@0.05 power_one_sided 0.061 power_two_sided 0.047 power_csi 0.453 kurtosis 0.039 spec_cnn 0.271  (7s)
  JSR  -27.0 dB  BER 0.00e+00  P(det)@0.05 power_one_sided 0.066 power_two_sided 0.062 power_csi 0.506 kurtosis 0.039 spec_cnn 0.355  (8s)
  JSR  -26.0 dB  BER 0.00e+00  P(det)@0.05 power_one_sided 0.072 power_two_sided 0.059 power_csi 0.590 kurtosis 0.043 spec_cnn 0.475  (8s)
  JSR  -25.0 dB  BER 0.00e+00  P(det)@0.05 power_one_sided 0.074 power_two_sided 0.074 power_csi 0.650 kurtosis 0.078 spec_cnn 0.615  (8s)
  JSR  -24.0 dB  BER 0.00e+00  P(det)@0.05 power_one_sided 0.086 power_two_sided 0.055 power_csi 0.674 kurtosis 0.031 spec_cnn 0.812  (9s)
  JSR  -23.0 dB  BER 0.00e+00  P(det)@0.05 power_one_sided 0.084 power_two_sided 0.086 power_csi 0.682 kurtosis 0.068 spec_cnn 0.881  (9s)
  JSR  -22.0 dB  BER 0.00e+00  P(det)@0.05 power_one_sided 0.107 power_two_sided 0.084 power_csi 0.777 kurtosis 0.076 spec_cnn 0.973  (9s)
  JSR  -21.0 dB  BER 0.00e+00  P(det)@0.05 power_one_sided 0.109 power_two_sided 0.082 power_csi 0.797 kurtosis 0.076 spec_cnn 0.996  (10s)
  JSR  -20.0 dB  BER 1.45e-04  P(det)@0.05 power_one_sided 0.131 power_two_sided 0.080 power_csi 0.891 kurtosis 0.078 spec_cnn 1.000  (10s)
  JSR  -19.0 dB  BER 6.41e-04  P(det)@0.05 power_one_sided 0.188 power_two_sided 0.131 power_csi 0.914 kurtosis 0.143 spec_cnn 1.000  (10s)
  JSR  -18.0 dB  BER 9.31e-04  P(det)@0.05 power_one_sided 0.250 power_two_sided 0.211 power_csi 0.961 kurtosis 0.166 spec_cnn 1.000  (11s)
  JSR  -17.0 dB  BER 1.27e-03  P(det)@0.05 power_one_sided 0.332 power_two_sided 0.236 power_csi 0.971 kurtosis 0.236 spec_cnn 1.000  (11s)
  JSR  -16.0 dB  BER 1.91e-03  P(det)@0.05 power_one_sided 0.420 power_two_sided 0.311 power_csi 0.996 kurtosis 0.346 spec_cnn 1.000  (11s)
  JSR  -15.0 dB  BER 2.04e-03  P(det)@0.05 power_one_sided 0.520 power_two_sided 0.443 power_csi 0.998 kurtosis 0.463 spec_cnn 1.000  (12s)
  JSR  -14.0 dB  BER 2.24e-03  P(det)@0.05 power_one_sided 0.711 power_two_sided 0.600 power_csi 1.000 kurtosis 0.578 spec_cnn 1.000  (12s)
  JSR  -13.0 dB  BER 2.74e-03  P(det)@0.05 power_one_sided 0.781 power_two_sided 0.715 power_csi 1.000 kurtosis 0.717 spec_cnn 1.000  (12s)
  JSR  -12.0 dB  BER 3.43e-03  P(det)@0.05 power_one_sided 0.908 power_two_sided 0.863 power_csi 1.000 kurtosis 0.795 spec_cnn 1.000  (13s)
  JSR  -11.0 dB  BER 3.54e-03  P(det)@0.05 power_one_sided 0.977 power_two_sided 0.969 power_csi 1.000 kurtosis 0.881 spec_cnn 1.000  (13s)
  JSR  -10.0 dB  BER 4.26e-03  P(det)@0.05 power_one_sided 0.994 power_two_sided 0.988 power_csi 1.000 kurtosis 0.945 spec_cnn 1.000  (13s)
  JSR   -9.0 dB  BER 5.08e-03  P(det)@0.05 power_one_sided 1.000 power_two_sided 1.000 power_csi 1.000 kurtosis 0.963 spec_cnn 1.000  (14s)
  JSR   -8.0 dB  BER 5.27e-03  P(det)@0.05 power_one_sided 1.000 power_two_sided 1.000 power_csi 1.000 kurtosis 0.996 spec_cnn 1.000  (14s)
  JSR   -7.0 dB  BER 5.84e-03  P(det)@0.05 power_one_sided 1.000 power_two_sided 1.000 power_csi 1.000 kurtosis 1.000 spec_cnn 1.000  (14s)
  JSR   -6.0 dB  BER 6.35e-03  P(det)@0.05 power_one_sided 1.000 power_two_sided 1.000 power_csi 1.000 kurtosis 1.000 spec_cnn 1.000  (15s)
  JSR   -5.0 dB  BER 6.89e-03  P(det)@0.05 power_one_sided 1.000 power_two_sided 1.000 power_csi 1.000 kurtosis 1.000 spec_cnn 1.000  (15s)
  JSR   -4.0 dB  BER 7.81e-03  P(det)@0.05 power_one_sided 1.000 power_two_sided 1.000 power_csi 1.000 kurtosis 1.000 spec_cnn 1.000  (15s)
  JSR   -3.0 dB  BER 8.80e-03  P(det)@0.05 power_one_sided 1.000 power_two_sided 1.000 power_csi 1.000 kurtosis 1.000 spec_cnn 1.000  (16s)
  JSR   -2.0 dB  BER 1.06e-02  P(det)@0.05 power_one_sided 1.000 power_two_sided 1.000 power_csi 1.000 kurtosis 1.000 spec_cnn 1.000  (16s)
  JSR   -1.0 dB  BER 1.21e-02  P(det)@0.05 power_one_sided 1.000 power_two_sided 1.000 power_csi 1.000 kurtosis 1.000 spec_cnn 1.000  (16s)
  JSR   +0.0 dB  BER 1.36e-02  P(det)@0.05 power_one_sided 1.000 power_two_sided 1.000 power_csi 1.000 kurtosis 1.000 spec_cnn 1.000  (17s)
  JSR   +1.0 dB  BER 1.64e-02  P(det)@0.05 power_one_sided 1.000 power_two_sided 1.000 power_csi 1.000 kurtosis 1.000 spec_cnn 1.000  (17s)
  JSR   +2.0 dB  BER 1.85e-02  P(det)@0.05 power_one_sided 1.000 power_two_sided 1.000 power_csi 1.000 kurtosis 1.000 spec_cnn 1.000  (17s)
  JSR   +3.0 dB  BER 2.39e-02  P(det)@0.05 power_one_sided 1.000 power_two_sided 1.000 power_csi 1.000 kurtosis 1.000 spec_cnn 1.000  (18s)
  JSR   +4.0 dB  BER 2.91e-02  P(det)@0.05 power_one_sided 1.000 power_two_sided 1.000 power_csi 1.000 kurtosis 1.000 spec_cnn 1.000  (18s)
  JSR   +5.0 dB  BER 3.57e-02  P(det)@0.05 power_one_sided 1.000 power_two_sided 1.000 power_csi 1.000 kurtosis 1.000 spec_cnn 1.000  (18s)
  JSR   +6.0 dB  BER 4.35e-02  P(det)@0.05 power_one_sided 1.000 power_two_sided 1.000 power_csi 1.000 kurtosis 1.000 spec_cnn 1.000  (19s)
  JSR   +7.0 dB  BER 5.36e-02  P(det)@0.05 power_one_sided 1.000 power_two_sided 1.000 power_csi 1.000 kurtosis 1.000 spec_cnn 1.000  (19s)
  JSR   +8.0 dB  BER 6.57e-02  P(det)@0.05 power_one_sided 1.000 power_two_sided 1.000 power_csi 1.000 kurtosis 1.000 spec_cnn 1.000  (19s)
  JSR   +9.0 dB  BER 7.93e-02  P(det)@0.05 power_one_sided 1.000 power_two_sided 1.000 power_csi 1.000 kurtosis 1.000 spec_cnn 1.000  (20s)
  JSR  +10.0 dB  BER 9.51e-02  P(det)@0.05 power_one_sided 1.000 power_two_sided 1.000 power_csi 1.000 kurtosis 1.000 spec_cnn 1.000  (20s)
  JSR  +11.0 dB  BER 1.12e-01  P(det)@0.05 power_one_sided 1.000 power_two_sided 1.000 power_csi 1.000 kurtosis 1.000 spec_cnn 1.000  (20s)
  JSR  +12.0 dB  BER 1.36e-01  P(det)@0.05 power_one_sided 1.000 power_two_sided 1.000 power_csi 1.000 kurtosis 1.000 spec_cnn 1.000  (21s)
  JSR  +13.0 dB  BER 1.54e-01  P(det)@0.05 power_one_sided 1.000 power_two_sided 1.000 power_csi 1.000 kurtosis 1.000 spec_cnn 1.000  (21s)
  JSR  +14.0 dB  BER 1.83e-01  P(det)@0.05 power_one_sided 1.000 power_two_sided 1.000 power_csi 1.000 kurtosis 1.000 spec_cnn 1.000  (21s)
  JSR  +15.0 dB  BER 2.03e-01  P(det)@0.05 power_one_sided 1.000 power_two_sided 1.000 power_csi 1.000 kurtosis 1.000 spec_cnn 1.000  (22s)
  [shadow_0.1] kurtosis_b100 confirmed: {"power_one_sided": {"0.01": {"index": 0, "sweep_ber": 0.0, "sweep_pdet": 0.009765625, "confirmed_ber": 0.0, "confirmed_ser": 0.0, "confirmed_pdet": 0.010986328125, "passed": true}, "0.05": {"index": 1, "sweep_ber": 0.0, "sweep_pdet": 0.068359375, "confirmed_ber": 0.0, "confirmed_ser": 0.0, "confirmed_pdet": 0.053466796875, "passed": true}}, "power_csi": {"0.01": {"index": 0, "sweep_ber": 0.0, "sweep_pdet": 0.00390625, "confirmed_ber": 0.0, "confirmed_ser": 0.0, "confirmed_pdet": 0.01318359375, "passed": false}, "0.05": {"index": 0, "sweep_ber": 0.0, "sweep_pdet": 0.05078125, "confirmed_ber": 0.0, "confirmed_ser": 0.0, "confirmed_pdet": 0.0556640625, "passed": true}}, "power_two_sided": {"0.01": {"index": 30, "sweep_ber": 0.00014495849609375, "sweep_pdet": 0.017578125, "confirmed_ber": 0.000148773193359375, "confirmed_ser": 0.00029754638671875, "confirmed_pdet": 0.03125, "passed": false}, "0.05": {"index": 0, "sweep_ber": 0.0, "sweep_pdet": 0.048828125, "confirmed_ber": 0.0, "confirmed_ser": 0.0, "confirmed_pdet": 0.062255859375, "passed": false}}, "kurtosis": {"0.01": {"index": 0, "sweep_ber": 0.0, "sweep_pdet": 0.015625, "confirmed_ber": 0.0, "confirmed_ser": 0.0, "confirmed_pdet": 0.0107421875, "passed": true}, "0.05": {"index": 0, "sweep_ber": 0.0, "sweep_pdet": 0.048828125, "confirmed_ber": 0.0, "confirmed_ser": 0.0, "confirmed_pdet": 0.047607421875, "passed": true}}, "spec_cnn": {"0.01": {"index": 0, "sweep_ber": 0.0, "sweep_pdet": 0.009765625, "confirmed_ber": 0.0, "confirmed_ser": 0.0, "confirmed_pdet": 0.010498046875, "passed": true}, "0.05": {"index": 0, "sweep_ber": 0.0, "sweep_pdet": 0.060546875, "confirmed_ber": 0.0, "confirmed_ser": 0.0, "confirmed_pdet": 0.04638671875, "passed": true}}}  (938s)
  [shadow_0.1] generator kurtosis_b1000 (scale 1.0000)
  JSR  -50.0 dB  BER 0.00e+00  P(det)@0.05 power_one_sided 0.047 power_two_sided 0.049 power_csi 0.045 kurtosis 0.049 spec_cnn 0.092  (0s)
  JSR  -49.0 dB  BER 0.00e+00  P(det)@0.05 power_one_sided 0.055 power_two_sided 0.055 power_csi 0.055 kurtosis 0.061 spec_cnn 0.051  (1s)
  JSR  -48.0 dB  BER 0.00e+00  P(det)@0.05 power_one_sided 0.057 power_two_sided 0.045 power_csi 0.059 kurtosis 0.047 spec_cnn 0.072  (1s)
  JSR  -47.0 dB  BER 0.00e+00  P(det)@0.05 power_one_sided 0.053 power_two_sided 0.055 power_csi 0.053 kurtosis 0.039 spec_cnn 0.070  (1s)
  JSR  -46.0 dB  BER 0.00e+00  P(det)@0.05 power_one_sided 0.047 power_two_sided 0.047 power_csi 0.053 kurtosis 0.055 spec_cnn 0.068  (2s)
  JSR  -45.0 dB  BER 0.00e+00  P(det)@0.05 power_one_sided 0.049 power_two_sided 0.041 power_csi 0.051 kurtosis 0.061 spec_cnn 0.074  (2s)
  JSR  -44.0 dB  BER 0.00e+00  P(det)@0.05 power_one_sided 0.080 power_two_sided 0.068 power_csi 0.068 kurtosis 0.059 spec_cnn 0.051  (2s)
  JSR  -43.0 dB  BER 0.00e+00  P(det)@0.05 power_one_sided 0.061 power_two_sided 0.057 power_csi 0.045 kurtosis 0.039 spec_cnn 0.102  (3s)
  JSR  -42.0 dB  BER 0.00e+00  P(det)@0.05 power_one_sided 0.047 power_two_sided 0.043 power_csi 0.061 kurtosis 0.047 spec_cnn 0.057  (3s)
  JSR  -41.0 dB  BER 0.00e+00  P(det)@0.05 power_one_sided 0.041 power_two_sided 0.061 power_csi 0.064 kurtosis 0.057 spec_cnn 0.105  (3s)
  JSR  -40.0 dB  BER 0.00e+00  P(det)@0.05 power_one_sided 0.051 power_two_sided 0.045 power_csi 0.059 kurtosis 0.041 spec_cnn 0.086  (4s)
  JSR  -39.0 dB  BER 0.00e+00  P(det)@0.05 power_one_sided 0.047 power_two_sided 0.053 power_csi 0.059 kurtosis 0.051 spec_cnn 0.117  (4s)
  JSR  -38.0 dB  BER 0.00e+00  P(det)@0.05 power_one_sided 0.039 power_two_sided 0.045 power_csi 0.059 kurtosis 0.055 spec_cnn 0.088  (4s)
  JSR  -37.0 dB  BER 0.00e+00  P(det)@0.05 power_one_sided 0.045 power_two_sided 0.047 power_csi 0.102 kurtosis 0.031 spec_cnn 0.098  (5s)
  JSR  -36.0 dB  BER 0.00e+00  P(det)@0.05 power_one_sided 0.031 power_two_sided 0.027 power_csi 0.102 kurtosis 0.055 spec_cnn 0.105  (5s)
  JSR  -35.0 dB  BER 0.00e+00  P(det)@0.05 power_one_sided 0.061 power_two_sided 0.059 power_csi 0.121 kurtosis 0.039 spec_cnn 0.115  (5s)
  JSR  -34.0 dB  BER 0.00e+00  P(det)@0.05 power_one_sided 0.064 power_two_sided 0.061 power_csi 0.102 kurtosis 0.041 spec_cnn 0.127  (6s)
  JSR  -33.0 dB  BER 0.00e+00  P(det)@0.05 power_one_sided 0.035 power_two_sided 0.070 power_csi 0.135 kurtosis 0.043 spec_cnn 0.141  (6s)
  JSR  -32.0 dB  BER 0.00e+00  P(det)@0.05 power_one_sided 0.043 power_two_sided 0.043 power_csi 0.158 kurtosis 0.045 spec_cnn 0.160  (6s)
  JSR  -31.0 dB  BER 0.00e+00  P(det)@0.05 power_one_sided 0.066 power_two_sided 0.076 power_csi 0.242 kurtosis 0.049 spec_cnn 0.109  (6s)
  JSR  -30.0 dB  BER 0.00e+00  P(det)@0.05 power_one_sided 0.062 power_two_sided 0.055 power_csi 0.260 kurtosis 0.043 spec_cnn 0.117  (7s)
  JSR  -29.0 dB  BER 0.00e+00  P(det)@0.05 power_one_sided 0.045 power_two_sided 0.055 power_csi 0.354 kurtosis 0.041 spec_cnn 0.143  (7s)
  JSR  -28.0 dB  BER 0.00e+00  P(det)@0.05 power_one_sided 0.053 power_two_sided 0.053 power_csi 0.473 kurtosis 0.039 spec_cnn 0.104  (7s)
  JSR  -27.0 dB  BER 0.00e+00  P(det)@0.05 power_one_sided 0.059 power_two_sided 0.039 power_csi 0.586 kurtosis 0.061 spec_cnn 0.094  (8s)
  JSR  -26.0 dB  BER 0.00e+00  P(det)@0.05 power_one_sided 0.061 power_two_sided 0.057 power_csi 0.668 kurtosis 0.057 spec_cnn 0.109  (8s)
  JSR  -25.0 dB  BER 0.00e+00  P(det)@0.05 power_one_sided 0.066 power_two_sided 0.053 power_csi 0.836 kurtosis 0.045 spec_cnn 0.109  (8s)
  JSR  -24.0 dB  BER 0.00e+00  P(det)@0.05 power_one_sided 0.088 power_two_sided 0.066 power_csi 0.920 kurtosis 0.037 spec_cnn 0.127  (9s)
  JSR  -23.0 dB  BER 0.00e+00  P(det)@0.05 power_one_sided 0.102 power_two_sided 0.080 power_csi 0.963 kurtosis 0.070 spec_cnn 0.180  (9s)
  JSR  -22.0 dB  BER 0.00e+00  P(det)@0.05 power_one_sided 0.098 power_two_sided 0.061 power_csi 0.982 kurtosis 0.066 spec_cnn 0.172  (9s)
  JSR  -21.0 dB  BER 0.00e+00  P(det)@0.05 power_one_sided 0.131 power_two_sided 0.090 power_csi 0.994 kurtosis 0.062 spec_cnn 0.166  (10s)
  JSR  -20.0 dB  BER 0.00e+00  P(det)@0.05 power_one_sided 0.115 power_two_sided 0.072 power_csi 0.994 kurtosis 0.072 spec_cnn 0.182  (10s)
  JSR  -19.0 dB  BER 2.29e-05  P(det)@0.05 power_one_sided 0.205 power_two_sided 0.146 power_csi 1.000 kurtosis 0.090 spec_cnn 0.188  (10s)
  JSR  -18.0 dB  BER 7.63e-05  P(det)@0.05 power_one_sided 0.217 power_two_sided 0.145 power_csi 1.000 kurtosis 0.102 spec_cnn 0.178  (11s)
  JSR  -17.0 dB  BER 6.87e-05  P(det)@0.05 power_one_sided 0.307 power_two_sided 0.227 power_csi 1.000 kurtosis 0.111 spec_cnn 0.201  (11s)
  JSR  -16.0 dB  BER 1.45e-04  P(det)@0.05 power_one_sided 0.420 power_two_sided 0.311 power_csi 1.000 kurtosis 0.203 spec_cnn 0.195  (11s)
  JSR  -15.0 dB  BER 2.14e-04  P(det)@0.05 power_one_sided 0.559 power_two_sided 0.432 power_csi 1.000 kurtosis 0.287 spec_cnn 0.244  (12s)
  JSR  -14.0 dB  BER 3.43e-04  P(det)@0.05 power_one_sided 0.709 power_two_sided 0.613 power_csi 1.000 kurtosis 0.420 spec_cnn 0.223  (12s)
  JSR  -13.0 dB  BER 4.20e-04  P(det)@0.05 power_one_sided 0.881 power_two_sided 0.814 power_csi 1.000 kurtosis 0.576 spec_cnn 0.250  (12s)
  JSR  -12.0 dB  BER 5.57e-04  P(det)@0.05 power_one_sided 0.971 power_two_sided 0.938 power_csi 1.000 kurtosis 0.721 spec_cnn 0.285  (13s)
  JSR  -11.0 dB  BER 5.87e-04  P(det)@0.05 power_one_sided 0.998 power_two_sided 0.992 power_csi 1.000 kurtosis 0.889 spec_cnn 0.279  (13s)
  JSR  -10.0 dB  BER 7.17e-04  P(det)@0.05 power_one_sided 0.998 power_two_sided 0.998 power_csi 1.000 kurtosis 0.955 spec_cnn 0.305  (13s)
  JSR   -9.0 dB  BER 9.77e-04  P(det)@0.05 power_one_sided 1.000 power_two_sided 1.000 power_csi 1.000 kurtosis 0.996 spec_cnn 0.340  (14s)
  JSR   -8.0 dB  BER 1.38e-03  P(det)@0.05 power_one_sided 1.000 power_two_sided 1.000 power_csi 1.000 kurtosis 1.000 spec_cnn 0.439  (14s)
  JSR   -7.0 dB  BER 1.13e-03  P(det)@0.05 power_one_sided 1.000 power_two_sided 1.000 power_csi 1.000 kurtosis 1.000 spec_cnn 0.455  (14s)
  JSR   -6.0 dB  BER 1.83e-03  P(det)@0.05 power_one_sided 1.000 power_two_sided 1.000 power_csi 1.000 kurtosis 1.000 spec_cnn 0.547  (15s)
  JSR   -5.0 dB  BER 1.98e-03  P(det)@0.05 power_one_sided 1.000 power_two_sided 1.000 power_csi 1.000 kurtosis 1.000 spec_cnn 0.617  (15s)
  JSR   -4.0 dB  BER 2.56e-03  P(det)@0.05 power_one_sided 1.000 power_two_sided 1.000 power_csi 1.000 kurtosis 1.000 spec_cnn 0.625  (15s)
  JSR   -3.0 dB  BER 2.87e-03  P(det)@0.05 power_one_sided 1.000 power_two_sided 1.000 power_csi 1.000 kurtosis 1.000 spec_cnn 0.688  (16s)
  JSR   -2.0 dB  BER 3.32e-03  P(det)@0.05 power_one_sided 1.000 power_two_sided 1.000 power_csi 1.000 kurtosis 1.000 spec_cnn 0.711  (16s)
  JSR   -1.0 dB  BER 4.20e-03  P(det)@0.05 power_one_sided 1.000 power_two_sided 1.000 power_csi 1.000 kurtosis 0.988 spec_cnn 0.725  (16s)
  JSR   +0.0 dB  BER 4.69e-03  P(det)@0.05 power_one_sided 1.000 power_two_sided 1.000 power_csi 1.000 kurtosis 0.977 spec_cnn 0.799  (17s)
  JSR   +1.0 dB  BER 4.68e-03  P(det)@0.05 power_one_sided 1.000 power_two_sided 1.000 power_csi 1.000 kurtosis 0.723 spec_cnn 0.893  (17s)
  JSR   +2.0 dB  BER 5.51e-03  P(det)@0.05 power_one_sided 1.000 power_two_sided 1.000 power_csi 1.000 kurtosis 0.543 spec_cnn 0.949  (17s)
  JSR   +3.0 dB  BER 6.30e-03  P(det)@0.05 power_one_sided 1.000 power_two_sided 1.000 power_csi 1.000 kurtosis 0.643 spec_cnn 0.980  (18s)
  JSR   +4.0 dB  BER 6.41e-03  P(det)@0.05 power_one_sided 1.000 power_two_sided 1.000 power_csi 1.000 kurtosis 0.871 spec_cnn 0.996  (18s)
  JSR   +5.0 dB  BER 6.80e-03  P(det)@0.05 power_one_sided 1.000 power_two_sided 1.000 power_csi 1.000 kurtosis 0.938 spec_cnn 1.000  (18s)
  JSR   +6.0 dB  BER 6.89e-03  P(det)@0.05 power_one_sided 1.000 power_two_sided 1.000 power_csi 1.000 kurtosis 0.955 spec_cnn 1.000  (19s)
  JSR   +7.0 dB  BER 7.80e-03  P(det)@0.05 power_one_sided 1.000 power_two_sided 1.000 power_csi 1.000 kurtosis 0.961 spec_cnn 1.000  (19s)
  JSR   +8.0 dB  BER 8.13e-03  P(det)@0.05 power_one_sided 1.000 power_two_sided 1.000 power_csi 1.000 kurtosis 0.969 spec_cnn 1.000  (19s)
  JSR   +9.0 dB  BER 8.71e-03  P(det)@0.05 power_one_sided 1.000 power_two_sided 1.000 power_csi 1.000 kurtosis 0.973 spec_cnn 1.000  (20s)
  JSR  +10.0 dB  BER 9.34e-03  P(det)@0.05 power_one_sided 1.000 power_two_sided 1.000 power_csi 1.000 kurtosis 0.973 spec_cnn 1.000  (20s)
  JSR  +11.0 dB  BER 9.86e-03  P(det)@0.05 power_one_sided 1.000 power_two_sided 1.000 power_csi 1.000 kurtosis 0.982 spec_cnn 1.000  (20s)
  JSR  +12.0 dB  BER 1.00e-02  P(det)@0.05 power_one_sided 1.000 power_two_sided 1.000 power_csi 1.000 kurtosis 0.971 spec_cnn 1.000  (21s)
  JSR  +13.0 dB  BER 1.04e-02  P(det)@0.05 power_one_sided 1.000 power_two_sided 1.000 power_csi 1.000 kurtosis 0.971 spec_cnn 1.000  (21s)
  JSR  +14.0 dB  BER 1.12e-02  P(det)@0.05 power_one_sided 1.000 power_two_sided 1.000 power_csi 1.000 kurtosis 0.982 spec_cnn 1.000  (21s)
  JSR  +15.0 dB  BER 1.17e-02  P(det)@0.05 power_one_sided 1.000 power_two_sided 1.000 power_csi 1.000 kurtosis 0.988 spec_cnn 1.000  (22s)
  [shadow_0.1] kurtosis_b1000 confirmed: {"power_one_sided": {"0.01": {"index": 0, "sweep_ber": 0.0, "sweep_pdet": 0.001953125, "confirmed_ber": 0.0, "confirmed_ser": 0.0, "confirmed_pdet": 0.010009765625, "passed": true}, "0.05": {"index": 0, "sweep_ber": 0.0, "sweep_pdet": 0.046875, "confirmed_ber": 0.0, "confirmed_ser": 0.0, "confirmed_pdet": 0.04541015625, "passed": true}}, "power_csi": {"0.01": {"index": 0, "sweep_ber": 0.0, "sweep_pdet": 0.005859375, "confirmed_ber": 0.0, "confirmed_ser": 0.0, "confirmed_pdet": 0.009521484375, "passed": true}, "0.05": {"index": 0, "sweep_ber": 0.0, "sweep_pdet": 0.044921875, "confirmed_ber": 0.0, "confirmed_ser": 0.0, "confirmed_pdet": 0.052734375, "passed": true}}, "power_two_sided": {"0.01": {"index": 0, "sweep_ber": 0.0, "sweep_pdet": 0.001953125, "confirmed_ber": 0.0, "confirmed_ser": 0.0, "confirmed_pdet": 0.012939453125, "passed": true}, "0.05": {"index": 0, "sweep_ber": 0.0, "sweep_pdet": 0.048828125, "confirmed_ber": 0.0, "confirmed_ser": 0.0, "confirmed_pdet": 0.05224609375, "passed": true}}, "kurtosis": {"0.01": {"index": 0, "sweep_ber": 0.0, "sweep_pdet": 0.0078125, "confirmed_ber": 0.0, "confirmed_ser": 0.0, "confirmed_pdet": 0.007080078125, "passed": true}, "0.05": {"index": 0, "sweep_ber": 0.0, "sweep_pdet": 0.048828125, "confirmed_ber": 0.0, "confirmed_ser": 0.0, "confirmed_pdet": 0.056396484375, "passed": true}}, "spec_cnn": {"0.01": {"index": 32, "sweep_ber": 7.62939453125e-05, "sweep_pdet": 0.015625, "confirmed_ber": 6.008148193359375e-05, "confirmed_ser": 0.0001201629638671875, "confirmed_pdet": 0.031005859375, "passed": false}, "0.05": {"index": 1, "sweep_ber": 0.0, "sweep_pdet": 0.05078125, "confirmed_ber": 0.0, "confirmed_ser": 0.0, "confirmed_pdet": 0.059814453125, "passed": false}}}  (986s)
  [shadow_0.1] generator spec_cnn_b1 (scale 1.0000)
  JSR  -50.0 dB  BER 0.00e+00  P(det)@0.05 power_one_sided 0.055 power_two_sided 0.059 power_csi 0.025 kurtosis 0.061 spec_cnn 0.055  (0s)
  JSR  -49.0 dB  BER 0.00e+00  P(det)@0.05 power_one_sided 0.033 power_two_sided 0.051 power_csi 0.053 kurtosis 0.049 spec_cnn 0.047  (1s)
  JSR  -48.0 dB  BER 0.00e+00  P(det)@0.05 power_one_sided 0.045 power_two_sided 0.064 power_csi 0.057 kurtosis 0.035 spec_cnn 0.053  (1s)
  JSR  -47.0 dB  BER 0.00e+00  P(det)@0.05 power_one_sided 0.074 power_two_sided 0.047 power_csi 0.057 kurtosis 0.041 spec_cnn 0.057  (1s)
  JSR  -46.0 dB  BER 0.00e+00  P(det)@0.05 power_one_sided 0.057 power_two_sided 0.061 power_csi 0.064 kurtosis 0.049 spec_cnn 0.043  (2s)
  JSR  -45.0 dB  BER 0.00e+00  P(det)@0.05 power_one_sided 0.031 power_two_sided 0.031 power_csi 0.064 kurtosis 0.049 spec_cnn 0.037  (2s)
  JSR  -44.0 dB  BER 0.00e+00  P(det)@0.05 power_one_sided 0.072 power_two_sided 0.066 power_csi 0.061 kurtosis 0.053 spec_cnn 0.047  (2s)
  JSR  -43.0 dB  BER 0.00e+00  P(det)@0.05 power_one_sided 0.031 power_two_sided 0.053 power_csi 0.092 kurtosis 0.061 spec_cnn 0.035  (3s)
  JSR  -42.0 dB  BER 0.00e+00  P(det)@0.05 power_one_sided 0.061 power_two_sided 0.055 power_csi 0.082 kurtosis 0.070 spec_cnn 0.053  (3s)
  JSR  -41.0 dB  BER 0.00e+00  P(det)@0.05 power_one_sided 0.059 power_two_sided 0.062 power_csi 0.107 kurtosis 0.045 spec_cnn 0.041  (3s)
  JSR  -40.0 dB  BER 0.00e+00  P(det)@0.05 power_one_sided 0.043 power_two_sided 0.053 power_csi 0.102 kurtosis 0.055 spec_cnn 0.045  (4s)
  JSR  -39.0 dB  BER 0.00e+00  P(det)@0.05 power_one_sided 0.039 power_two_sided 0.047 power_csi 0.115 kurtosis 0.064 spec_cnn 0.057  (4s)
  JSR  -38.0 dB  BER 0.00e+00  P(det)@0.05 power_one_sided 0.055 power_two_sided 0.045 power_csi 0.150 kurtosis 0.066 spec_cnn 0.035  (4s)
  JSR  -37.0 dB  BER 0.00e+00  P(det)@0.05 power_one_sided 0.051 power_two_sided 0.047 power_csi 0.223 kurtosis 0.031 spec_cnn 0.047  (5s)
  JSR  -36.0 dB  BER 0.00e+00  P(det)@0.05 power_one_sided 0.059 power_two_sided 0.059 power_csi 0.180 kurtosis 0.037 spec_cnn 0.051  (5s)
  JSR  -35.0 dB  BER 0.00e+00  P(det)@0.05 power_one_sided 0.066 power_two_sided 0.043 power_csi 0.250 kurtosis 0.047 spec_cnn 0.037  (5s)
  JSR  -34.0 dB  BER 0.00e+00  P(det)@0.05 power_one_sided 0.059 power_two_sided 0.041 power_csi 0.285 kurtosis 0.043 spec_cnn 0.043  (6s)
  JSR  -33.0 dB  BER 0.00e+00  P(det)@0.05 power_one_sided 0.059 power_two_sided 0.051 power_csi 0.311 kurtosis 0.057 spec_cnn 0.049  (6s)
  JSR  -32.0 dB  BER 0.00e+00  P(det)@0.05 power_one_sided 0.068 power_two_sided 0.041 power_csi 0.334 kurtosis 0.057 spec_cnn 0.057  (6s)
  JSR  -31.0 dB  BER 0.00e+00  P(det)@0.05 power_one_sided 0.037 power_two_sided 0.045 power_csi 0.367 kurtosis 0.055 spec_cnn 0.043  (6s)
  JSR  -30.0 dB  BER 0.00e+00  P(det)@0.05 power_one_sided 0.045 power_two_sided 0.051 power_csi 0.404 kurtosis 0.043 spec_cnn 0.070  (7s)
  JSR  -29.0 dB  BER 0.00e+00  P(det)@0.05 power_one_sided 0.059 power_two_sided 0.053 power_csi 0.410 kurtosis 0.057 spec_cnn 0.041  (7s)
  JSR  -28.0 dB  BER 0.00e+00  P(det)@0.05 power_one_sided 0.074 power_two_sided 0.068 power_csi 0.463 kurtosis 0.049 spec_cnn 0.047  (7s)
  JSR  -27.0 dB  BER 0.00e+00  P(det)@0.05 power_one_sided 0.070 power_two_sided 0.061 power_csi 0.438 kurtosis 0.045 spec_cnn 0.051  (8s)
  JSR  -26.0 dB  BER 0.00e+00  P(det)@0.05 power_one_sided 0.062 power_two_sided 0.061 power_csi 0.516 kurtosis 0.055 spec_cnn 0.047  (8s)
  JSR  -25.0 dB  BER 0.00e+00  P(det)@0.05 power_one_sided 0.070 power_two_sided 0.084 power_csi 0.531 kurtosis 0.055 spec_cnn 0.068  (8s)
  JSR  -24.0 dB  BER 0.00e+00  P(det)@0.05 power_one_sided 0.080 power_two_sided 0.068 power_csi 0.566 kurtosis 0.066 spec_cnn 0.092  (9s)
  JSR  -23.0 dB  BER 3.66e-04  P(det)@0.05 power_one_sided 0.076 power_two_sided 0.074 power_csi 0.600 kurtosis 0.078 spec_cnn 0.094  (9s)
  JSR  -22.0 dB  BER 9.23e-04  P(det)@0.05 power_one_sided 0.104 power_two_sided 0.072 power_csi 0.623 kurtosis 0.107 spec_cnn 0.105  (9s)
  JSR  -21.0 dB  BER 1.30e-03  P(det)@0.05 power_one_sided 0.141 power_two_sided 0.123 power_csi 0.641 kurtosis 0.178 spec_cnn 0.121  (10s)
  JSR  -20.0 dB  BER 1.69e-03  P(det)@0.05 power_one_sided 0.135 power_two_sided 0.088 power_csi 0.691 kurtosis 0.229 spec_cnn 0.143  (10s)
  JSR  -19.0 dB  BER 1.97e-03  P(det)@0.05 power_one_sided 0.182 power_two_sided 0.133 power_csi 0.740 kurtosis 0.371 spec_cnn 0.174  (10s)
  JSR  -18.0 dB  BER 2.52e-03  P(det)@0.05 power_one_sided 0.195 power_two_sided 0.152 power_csi 0.736 kurtosis 0.424 spec_cnn 0.219  (11s)
  JSR  -17.0 dB  BER 2.85e-03  P(det)@0.05 power_one_sided 0.258 power_two_sided 0.186 power_csi 0.795 kurtosis 0.535 spec_cnn 0.309  (11s)
  JSR  -16.0 dB  BER 3.30e-03  P(det)@0.05 power_one_sided 0.326 power_two_sided 0.266 power_csi 0.869 kurtosis 0.580 spec_cnn 0.404  (11s)
  JSR  -15.0 dB  BER 3.72e-03  P(det)@0.05 power_one_sided 0.377 power_two_sided 0.299 power_csi 0.922 kurtosis 0.625 spec_cnn 0.523  (12s)
  JSR  -14.0 dB  BER 3.73e-03  P(det)@0.05 power_one_sided 0.512 power_two_sided 0.443 power_csi 0.965 kurtosis 0.758 spec_cnn 0.744  (12s)
  JSR  -13.0 dB  BER 3.94e-03  P(det)@0.05 power_one_sided 0.629 power_two_sided 0.582 power_csi 0.994 kurtosis 0.832 spec_cnn 0.908  (12s)
  JSR  -12.0 dB  BER 4.36e-03  P(det)@0.05 power_one_sided 0.723 power_two_sided 0.660 power_csi 0.998 kurtosis 0.887 spec_cnn 0.973  (13s)
  JSR  -11.0 dB  BER 4.59e-03  P(det)@0.05 power_one_sided 0.852 power_two_sided 0.830 power_csi 1.000 kurtosis 0.971 spec_cnn 0.998  (13s)
  JSR  -10.0 dB  BER 4.89e-03  P(det)@0.05 power_one_sided 0.932 power_two_sided 0.904 power_csi 1.000 kurtosis 0.996 spec_cnn 1.000  (13s)
  JSR   -9.0 dB  BER 5.22e-03  P(det)@0.05 power_one_sided 0.973 power_two_sided 0.963 power_csi 1.000 kurtosis 1.000 spec_cnn 1.000  (14s)
  JSR   -8.0 dB  BER 6.07e-03  P(det)@0.05 power_one_sided 1.000 power_two_sided 0.998 power_csi 1.000 kurtosis 1.000 spec_cnn 1.000  (14s)
  JSR   -7.0 dB  BER 6.83e-03  P(det)@0.05 power_one_sided 1.000 power_two_sided 1.000 power_csi 1.000 kurtosis 1.000 spec_cnn 1.000  (14s)
  JSR   -6.0 dB  BER 7.48e-03  P(det)@0.05 power_one_sided 1.000 power_two_sided 1.000 power_csi 1.000 kurtosis 1.000 spec_cnn 1.000  (15s)
  JSR   -5.0 dB  BER 7.80e-03  P(det)@0.05 power_one_sided 1.000 power_two_sided 1.000 power_csi 1.000 kurtosis 1.000 spec_cnn 1.000  (15s)
  JSR   -4.0 dB  BER 8.64e-03  P(det)@0.05 power_one_sided 1.000 power_two_sided 1.000 power_csi 1.000 kurtosis 1.000 spec_cnn 1.000  (15s)
  JSR   -3.0 dB  BER 8.96e-03  P(det)@0.05 power_one_sided 1.000 power_two_sided 1.000 power_csi 1.000 kurtosis 1.000 spec_cnn 1.000  (16s)
  JSR   -2.0 dB  BER 9.54e-03  P(det)@0.05 power_one_sided 1.000 power_two_sided 1.000 power_csi 1.000 kurtosis 1.000 spec_cnn 1.000  (16s)
  JSR   -1.0 dB  BER 1.06e-02  P(det)@0.05 power_one_sided 1.000 power_two_sided 1.000 power_csi 1.000 kurtosis 1.000 spec_cnn 1.000  (16s)
  JSR   +0.0 dB  BER 1.09e-02  P(det)@0.05 power_one_sided 1.000 power_two_sided 1.000 power_csi 1.000 kurtosis 1.000 spec_cnn 1.000  (17s)
  JSR   +1.0 dB  BER 1.21e-02  P(det)@0.05 power_one_sided 1.000 power_two_sided 1.000 power_csi 1.000 kurtosis 1.000 spec_cnn 1.000  (17s)
  JSR   +2.0 dB  BER 1.24e-02  P(det)@0.05 power_one_sided 1.000 power_two_sided 1.000 power_csi 1.000 kurtosis 1.000 spec_cnn 1.000  (17s)
  JSR   +3.0 dB  BER 1.39e-02  P(det)@0.05 power_one_sided 1.000 power_two_sided 1.000 power_csi 1.000 kurtosis 1.000 spec_cnn 1.000  (18s)
  JSR   +4.0 dB  BER 1.38e-02  P(det)@0.05 power_one_sided 1.000 power_two_sided 1.000 power_csi 1.000 kurtosis 1.000 spec_cnn 1.000  (18s)
  JSR   +5.0 dB  BER 1.55e-02  P(det)@0.05 power_one_sided 1.000 power_two_sided 1.000 power_csi 1.000 kurtosis 1.000 spec_cnn 1.000  (18s)
  JSR   +6.0 dB  BER 1.67e-02  P(det)@0.05 power_one_sided 1.000 power_two_sided 1.000 power_csi 1.000 kurtosis 1.000 spec_cnn 1.000  (19s)
  JSR   +7.0 dB  BER 1.61e-02  P(det)@0.05 power_one_sided 1.000 power_two_sided 1.000 power_csi 1.000 kurtosis 1.000 spec_cnn 1.000  (19s)
  JSR   +8.0 dB  BER 1.71e-02  P(det)@0.05 power_one_sided 1.000 power_two_sided 1.000 power_csi 1.000 kurtosis 1.000 spec_cnn 1.000  (19s)
  JSR   +9.0 dB  BER 1.77e-02  P(det)@0.05 power_one_sided 1.000 power_two_sided 1.000 power_csi 1.000 kurtosis 1.000 spec_cnn 1.000  (20s)
  JSR  +10.0 dB  BER 1.86e-02  P(det)@0.05 power_one_sided 1.000 power_two_sided 1.000 power_csi 1.000 kurtosis 1.000 spec_cnn 1.000  (20s)
  JSR  +11.0 dB  BER 1.99e-02  P(det)@0.05 power_one_sided 1.000 power_two_sided 1.000 power_csi 1.000 kurtosis 1.000 spec_cnn 1.000  (20s)
  JSR  +12.0 dB  BER 2.11e-02  P(det)@0.05 power_one_sided 1.000 power_two_sided 1.000 power_csi 1.000 kurtosis 1.000 spec_cnn 1.000  (20s)
  JSR  +13.0 dB  BER 2.20e-02  P(det)@0.05 power_one_sided 1.000 power_two_sided 1.000 power_csi 1.000 kurtosis 1.000 spec_cnn 1.000  (21s)
  JSR  +14.0 dB  BER 2.57e-02  P(det)@0.05 power_one_sided 1.000 power_two_sided 1.000 power_csi 1.000 kurtosis 1.000 spec_cnn 1.000  (21s)
  JSR  +15.0 dB  BER 2.91e-02  P(det)@0.05 power_one_sided 1.000 power_two_sided 1.000 power_csi 1.000 kurtosis 1.000 spec_cnn 1.000  (21s)
  [shadow_0.1] spec_cnn_b1 confirmed: {"power_one_sided": {"0.01": {"index": 0, "sweep_ber": 0.0, "sweep_pdet": 0.005859375, "confirmed_ber": 0.0, "confirmed_ser": 0.0, "confirmed_pdet": 0.0126953125, "passed": true}, "0.05": {"index": 0, "sweep_ber": 0.0, "sweep_pdet": 0.0546875, "confirmed_ber": 0.0, "confirmed_ser": 0.0, "confirmed_pdet": 0.0537109375, "passed": true}}, "power_csi": {"0.01": {"index": 0, "sweep_ber": 0.0, "sweep_pdet": 0.005859375, "confirmed_ber": 0.0, "confirmed_ser": 0.0, "confirmed_pdet": 0.017578125, "passed": false}, "0.05": {"index": 0, "sweep_ber": 0.0, "sweep_pdet": 0.025390625, "confirmed_ber": 0.0, "confirmed_ser": 0.0, "confirmed_pdet": 0.0517578125, "passed": true}}, "power_two_sided": {"0.01": {"index": 28, "sweep_ber": 0.00092315673828125, "sweep_pdet": 0.017578125, "confirmed_ber": 0.000789642333984375, "confirmed_ser": 0.00157928466796875, "confirmed_pdet": 0.022216796875, "passed": false}, "0.05": {"index": 0, "sweep_ber": 0.0, "sweep_pdet": 0.05859375, "confirmed_ber": 0.0, "confirmed_ser": 0.0, "confirmed_pdet": 0.06005859375, "passed": false}}, "kurtosis": {"0.01": {"index": 0, "sweep_ber": 0.0, "sweep_pdet": 0.017578125, "confirmed_ber": 0.0, "confirmed_ser": 0.0, "confirmed_pdet": 0.010498046875, "passed": true}, "0.05": {"index": 0, "sweep_ber": 0.0, "sweep_pdet": 0.060546875, "confirmed_ber": 0.0, "confirmed_ser": 0.0, "confirmed_pdet": 0.056640625, "passed": true}}, "spec_cnn": {"0.01": {"index": 0, "sweep_ber": 0.0, "sweep_pdet": 0.015625, "confirmed_ber": 0.0, "confirmed_ser": 0.0, "confirmed_pdet": 0.010498046875, "passed": true}, "0.05": {"index": 0, "sweep_ber": 0.0, "sweep_pdet": 0.0546875, "confirmed_ber": 0.0, "confirmed_ser": 0.0, "confirmed_pdet": 0.050048828125, "passed": true}}}  (1033s)
  [shadow_0.1] generator spec_cnn_b10 (scale 1.0000)
    JSR  -50.0 dB  BER 0.00e+00  P(det)@0.05 power_one_sided 0.059 power_two_sided 0.045 power_csi 0.062 kurtosis 0.051 spec_cnn 0.057  (0s)
    JSR  -49.0 dB  BER 0.00e+00  P(det)@0.05 power_one_sided 0.061 power_two_sided 0.070 power_csi 0.041 kurtosis 0.061 spec_cnn 0.068  (1s)
    JSR  -48.0 dB  BER 0.00e+00  P(det)@0.05 power_one_sided 0.047 power_two_sided 0.055 power_csi 0.061 kurtosis 0.053 spec_cnn 0.049  (1s)
    JSR  -47.0 dB  BER 0.00e+00  P(det)@0.05 power_one_sided 0.051 power_two_sided 0.041 power_csi 0.061 kurtosis 0.031 spec_cnn 0.051  (1s)
    JSR  -46.0 dB  BER 0.00e+00  P(det)@0.05 power_one_sided 0.053 power_two_sided 0.051 power_csi 0.049 kurtosis 0.051 spec_cnn 0.035  (2s)
    JSR  -45.0 dB  BER 0.00e+00  P(det)@0.05 power_one_sided 0.049 power_two_sided 0.055 power_csi 0.080 kurtosis 0.043 spec_cnn 0.053  (2s)
    JSR  -44.0 dB  BER 0.00e+00  P(det)@0.05 power_one_sided 0.031 power_two_sided 0.041 power_csi 0.076 kurtosis 0.055 spec_cnn 0.041  (2s)
    JSR  -43.0 dB  BER 0.00e+00  P(det)@0.05 power_one_sided 0.039 power_two_sided 0.049 power_csi 0.109 kurtosis 0.061 spec_cnn 0.043  (3s)
    JSR  -42.0 dB  BER 0.00e+00  P(det)@0.05 power_one_sided 0.076 power_two_sided 0.082 power_csi 0.094 kurtosis 0.057 spec_cnn 0.055  (3s)
    JSR  -41.0 dB  BER 0.00e+00  P(det)@0.05 power_one_sided 0.055 power_two_sided 0.047 power_csi 0.096 kurtosis 0.051 spec_cnn 0.039  (3s)
    JSR  -40.0 dB  BER 0.00e+00  P(det)@0.05 power_one_sided 0.062 power_two_sided 0.059 power_csi 0.127 kurtosis 0.051 spec_cnn 0.047  (4s)
    JSR  -39.0 dB  BER 0.00e+00  P(det)@0.05 power_one_sided 0.051 power_two_sided 0.053 power_csi 0.135 kurtosis 0.057 spec_cnn 0.057  (4s)
    JSR  -38.0 dB  BER 0.00e+00  P(det)@0.05 power_one_sided 0.045 power_two_sided 0.051 power_csi 0.176 kurtosis 0.043 spec_cnn 0.051  (4s)
    JSR  -37.0 dB  BER 0.00e+00  P(det)@0.05 power_one_sided 0.039 power_two_sided 0.043 power_csi 0.178 kurtosis 0.045 spec_cnn 0.053  (5s)
    JSR  -36.0 dB  BER 0.00e+00  P(det)@0.05 power_one_sided 0.055 power_two_sided 0.059 power_csi 0.184 kurtosis 0.055 spec_cnn 0.070  (5s)
    JSR  -35.0 dB  BER 0.00e+00  P(det)@0.05 power_one_sided 0.047 power_two_sided 0.043 power_csi 0.229 kurtosis 0.049 spec_cnn 0.037  (5s)
    JSR  -34.0 dB  BER 0.00e+00  P(det)@0.05 power_one_sided 0.057 power_two_sided 0.041 power_csi 0.260 kurtosis 0.059 spec_cnn 0.047  (6s)
    JSR  -33.0 dB  BER 0.00e+00  P(det)@0.05 power_one_sided 0.055 power_two_sided 0.057 power_csi 0.281 kurtosis 0.051 spec_cnn 0.059  (6s)
    JSR  -32.0 dB  BER 0.00e+00  P(det)@0.05 power_one_sided 0.074 power_two_sided 0.078 power_csi 0.320 kurtosis 0.049 spec_cnn 0.047  (6s)
    JSR  -31.0 dB  BER 0.00e+00  P(det)@0.05 power_one_sided 0.049 power_two_sided 0.035 power_csi 0.350 kurtosis 0.047 spec_cnn 0.051  (6s)
    JSR  -30.0 dB  BER 0.00e+00  P(det)@0.05 power_one_sided 0.049 power_two_sided 0.047 power_csi 0.381 kurtosis 0.053 spec_cnn 0.070  (7s)
    JSR  -29.0 dB  BER 0.00e+00  P(det)@0.05 power_one_sided 0.064 power_two_sided 0.041 power_csi 0.406 kurtosis 0.037 spec_cnn 0.064  (7s)
    JSR  -28.0 dB  BER 0.00e+00  P(det)@0.05 power_one_sided 0.072 power_two_sided 0.070 power_csi 0.449 kurtosis 0.057 spec_cnn 0.053  (7s)
    JSR  -27.0 dB  BER 0.00e+00  P(det)@0.05 power_one_sided 0.057 power_two_sided 0.037 power_csi 0.498 kurtosis 0.043 spec_cnn 0.055  (8s)
    JSR  -26.0 dB  BER 0.00e+00  P(det)@0.05 power_one_sided 0.082 power_two_sided 0.084 power_csi 0.482 kurtosis 0.059 spec_cnn 0.068  (8s)
    JSR  -25.0 dB  BER 0.00e+00  P(det)@0.05 power_one_sided 0.070 power_two_sided 0.059 power_csi 0.553 kurtosis 0.057 spec_cnn 0.090  (8s)
    JSR  -24.0 dB  BER 0.00e+00  P(det)@0.05 power_one_sided 0.100 power_two_sided 0.070 power_csi 0.564 kurtosis 0.066 spec_cnn 0.061  (9s)
    JSR  -23.0 dB  BER 2.82e-04  P(det)@0.05 power_one_sided 0.115 power_two_sided 0.076 power_csi 0.594 kurtosis 0.107 spec_cnn 0.090  (9s)
    JSR  -22.0 dB  BER 8.62e-04  P(det)@0.05 power_one_sided 0.109 power_two_sided 0.082 power_csi 0.623 kurtosis 0.109 spec_cnn 0.098  (9s)
    JSR  -21.0 dB  BER 1.17e-03  P(det)@0.05 power_one_sided 0.127 power_two_sided 0.096 power_csi 0.678 kurtosis 0.158 spec_cnn 0.121  (10s)
    JSR  -20.0 dB  BER 1.65e-03  P(det)@0.05 power_one_sided 0.146 power_two_sided 0.119 power_csi 0.725 kurtosis 0.244 spec_cnn 0.146  (10s)
    JSR  -19.0 dB  BER 2.16e-03  P(det)@0.05 power_one_sided 0.174 power_two_sided 0.131 power_csi 0.721 kurtosis 0.348 spec_cnn 0.193  (10s)
    JSR  -18.0 dB  BER 2.51e-03  P(det)@0.05 power_one_sided 0.229 power_two_sided 0.162 power_csi 0.770 kurtosis 0.422 spec_cnn 0.242  (11s)
    JSR  -17.0 dB  BER 2.83e-03  P(det)@0.05 power_one_sided 0.279 power_two_sided 0.197 power_csi 0.826 kurtosis 0.551 spec_cnn 0.311  (11s)
    JSR  -16.0 dB  BER 3.17e-03  P(det)@0.05 power_one_sided 0.365 power_two_sided 0.268 power_csi 0.881 kurtosis 0.643 spec_cnn 0.350  (11s)
    JSR  -15.0 dB  BER 3.63e-03  P(det)@0.05 power_one_sided 0.406 power_two_sided 0.350 power_csi 0.928 kurtosis 0.660 spec_cnn 0.533  (12s)
    JSR  -14.0 dB  BER 3.94e-03  P(det)@0.05 power_one_sided 0.537 power_two_sided 0.467 power_csi 0.965 kurtosis 0.742 spec_cnn 0.738  (12s)
    JSR  -13.0 dB  BER 4.13e-03  P(det)@0.05 power_one_sided 0.656 power_two_sided 0.594 power_csi 0.990 kurtosis 0.836 spec_cnn 0.857  (12s)
    JSR  -12.0 dB  BER 4.29e-03  P(det)@0.05 power_one_sided 0.768 power_two_sided 0.707 power_csi 0.998 kurtosis 0.887 spec_cnn 0.959  (13s)
    JSR  -11.0 dB  BER 4.71e-03  P(det)@0.05 power_one_sided 0.838 power_two_sided 0.777 power_csi 1.000 kurtosis 0.969 spec_cnn 0.996  (13s)
    JSR  -10.0 dB  BER 5.07e-03  P(det)@0.05 power_one_sided 0.934 power_two_sided 0.887 power_csi 1.000 kurtosis 0.998 spec_cnn 1.000  (13s)
    JSR   -9.0 dB  BER 5.33e-03  P(det)@0.05 power_one_sided 0.980 power_two_sided 0.977 power_csi 1.000 kurtosis 1.000 spec_cnn 1.000  (14s)
    JSR   -8.0 dB  BER 5.41e-03  P(det)@0.05 power_one_sided 1.000 power_two_sided 1.000 power_csi 1.000 kurtosis 1.000 spec_cnn 1.000  (14s)
    JSR   -7.0 dB  BER 6.52e-03  P(det)@0.05 power_one_sided 1.000 power_two_sided 1.000 power_csi 1.000 kurtosis 1.000 spec_cnn 1.000  (14s)
    JSR   -6.0 dB  BER 7.03e-03  P(det)@0.05 power_one_sided 1.000 power_two_sided 1.000 power_csi 1.000 kurtosis 1.000 spec_cnn 1.000  (15s)
    JSR   -5.0 dB  BER 7.94e-03  P(det)@0.05 power_one_sided 1.000 power_two_sided 1.000 power_csi 1.000 kurtosis 1.000 spec_cnn 1.000  (15s)
    JSR   -4.0 dB  BER 8.23e-03  P(det)@0.05 power_one_sided 1.000 power_two_sided 1.000 power_csi 1.000 kurtosis 1.000 spec_cnn 1.000  (15s)
    JSR   -3.0 dB  BER 9.34e-03  P(det)@0.05 power_one_sided 1.000 power_two_sided 1.000 power_csi 1.000 kurtosis 1.000 spec_cnn 1.000  (16s)
    JSR   -2.0 dB  BER 9.33e-03  P(det)@0.05 power_one_sided 1.000 power_two_sided 1.000 power_csi 1.000 kurtosis 1.000 spec_cnn 1.000  (16s)
    JSR   -1.0 dB  BER 1.01e-02  P(det)@0.05 power_one_sided 1.000 power_two_sided 1.000 power_csi 1.000 kurtosis 1.000 spec_cnn 1.000  (16s)
    JSR   +0.0 dB  BER 1.07e-02  P(det)@0.05 power_one_sided 1.000 power_two_sided 1.000 power_csi 1.000 kurtosis 1.000 spec_cnn 1.000  (17s)
    JSR   +1.0 dB  BER 1.10e-02  P(det)@0.05 power_one_sided 1.000 power_two_sided 1.000 power_csi 1.000 kurtosis 1.000 spec_cnn 1.000  (17s)
    JSR   +2.0 dB  BER 1.23e-02  P(det)@0.05 power_one_sided 1.000 power_two_sided 1.000 power_csi 1.000 kurtosis 1.000 spec_cnn 1.000  (17s)
    JSR   +3.0 dB  BER 1.29e-02  P(det)@0.05 power_one_sided 1.000 power_two_sided 1.000 power_csi 1.000 kurtosis 1.000 spec_cnn 1.000  (18s)
    JSR   +4.0 dB  BER 1.39e-02  P(det)@0.05 power_one_sided 1.000 power_two_sided 1.000 power_csi 1.000 kurtosis 1.000 spec_cnn 1.000  (18s)
    JSR   +5.0 dB  BER 1.46e-02  P(det)@0.05 power_one_sided 1.000 power_two_sided 1.000 power_csi 1.000 kurtosis 1.000 spec_cnn 1.000  (18s)
    JSR   +6.0 dB  BER 1.55e-02  P(det)@0.05 power_one_sided 1.000 power_two_sided 1.000 power_csi 1.000 kurtosis 1.000 spec_cnn 1.000  (19s)
    JSR   +7.0 dB  BER 1.60e-02  P(det)@0.05 power_one_sided 1.000 power_two_sided 1.000 power_csi 1.000 kurtosis 1.000 spec_cnn 1.000  (19s)
    JSR   +8.0 dB  BER 1.68e-02  P(det)@0.05 power_one_sided 1.000 power_two_sided 1.000 power_csi 1.000 kurtosis 1.000 spec_cnn 1.000  (19s)
    JSR   +9.0 dB  BER 1.74e-02  P(det)@0.05 power_one_sided 1.000 power_two_sided 1.000 power_csi 1.000 kurtosis 1.000 spec_cnn 1.000  (20s)
    JSR  +10.0 dB  BER 1.81e-02  P(det)@0.05 power_one_sided 1.000 power_two_sided 1.000 power_csi 1.000 kurtosis 1.000 spec_cnn 1.000  (20s)
    JSR  +11.0 dB  BER 1.88e-02  P(det)@0.05 power_one_sided 1.000 power_two_sided 1.000 power_csi 1.000 kurtosis 1.000 spec_cnn 1.000  (20s)
    JSR  +12.0 dB  BER 1.95e-02  P(det)@0.05 power_one_sided 1.000 power_two_sided 1.000 power_csi 1.000 kurtosis 1.000 spec_cnn 1.000  (21s)
    JSR  +13.0 dB  BER 2.07e-02  P(det)@0.05 power_one_sided 1.000 power_two_sided 1.000 power_csi 1.000 kurtosis 1.000 spec_cnn 1.000  (21s)
    JSR  +14.0 dB  BER 2.24e-02  P(det)@0.05 power_one_sided 1.000 power_two_sided 1.000 power_csi 1.000 kurtosis 1.000 spec_cnn 1.000  (21s)
    JSR  +15.0 dB  BER 2.38e-02  P(det)@0.05 power_one_sided 1.000 power_two_sided 1.000 power_csi 1.000 kurtosis 1.000 spec_cnn 1.000  (22s)
  [shadow_0.1] spec_cnn_b10 confirmed: {"power_one_sided": {"0.01": {"index": 0, "sweep_ber": 0.0, "sweep_pdet": 0.013671875, "confirmed_ber": 0.0, "confirmed_ser": 0.0, "confirmed_pdet": 0.011962890625, "passed": true}, "0.05": {"index": 0, "sweep_ber": 0.0, "sweep_pdet": 0.05859375, "confirmed_ber": 0.0, "confirmed_ser": 0.0, "confirmed_pdet": 0.0546875, "passed": true}}, "power_csi": {"0.01": {"index": 0, "sweep_ber": 0.0, "sweep_pdet": 0.01171875, "confirmed_ber": 0.0, "confirmed_ser": 0.0, "confirmed_pdet": 0.01513671875, "passed": false}, "0.05": {"index": 0, "sweep_ber": 0.0, "sweep_pdet": 0.0625, "confirmed_ber": 0.0, "confirmed_ser": 0.0, "confirmed_pdet": 0.052734375, "passed": true}}, "power_two_sided": {"0.01": {"index": 27, "sweep_ber": 0.00028228759765625, "sweep_pdet": 0.01171875, "confirmed_ber": 0.00038242340087890625, "confirmed_ser": 0.0007648468017578125, "confirmed_pdet": 0.021728515625, "passed": false}, "0.05": {"index": 0, "sweep_ber": 0.0, "sweep_pdet": 0.044921875, "confirmed_ber": 0.0, "confirmed_ser": 0.0, "confirmed_pdet": 0.051025390625, "passed": true}}, "kurtosis": {"0.01": {"index": 0, "sweep_ber": 0.0, "sweep_pdet": 0.0078125, "confirmed_ber": 0.0, "confirmed_ser": 0.0, "confirmed_pdet": 0.01220703125, "passed": true}, "0.05": {"index": 0, "sweep_ber": 0.0, "sweep_pdet": 0.05078125, "confirmed_ber": 0.0, "confirmed_ser": 0.0, "confirmed_pdet": 0.04931640625, "passed": true}}, "spec_cnn": {"0.01": {"index": 27, "sweep_ber": 0.00028228759765625, "sweep_pdet": 0.013671875, "confirmed_ber": 0.0003509521484375, "confirmed_ser": 0.000701904296875, "confirmed_pdet": 0.0224609375, "passed": false}, "0.05": {"index": 0, "sweep_ber": 0.0, "sweep_pdet": 0.056640625, "confirmed_ber": 0.0, "confirmed_ser": 0.0, "confirmed_pdet": 0.048583984375, "passed": true}}}  (1081s)
  [shadow_0.1] generator spec_cnn_b100 (scale 1.0000)
  JSR  -50.0 dB  BER 0.00e+00  P(det)@0.05 power_one_sided 0.045 power_two_sided 0.037 power_csi 0.047 kurtosis 0.057 spec_cnn 0.033  (0s)
  JSR  -49.0 dB  BER 0.00e+00  P(det)@0.05 power_one_sided 0.059 power_two_sided 0.051 power_csi 0.064 kurtosis 0.055 spec_cnn 0.055  (1s)
  JSR  -48.0 dB  BER 0.00e+00  P(det)@0.05 power_one_sided 0.057 power_two_sided 0.059 power_csi 0.059 kurtosis 0.059 spec_cnn 0.068  (1s)
  JSR  -47.0 dB  BER 0.00e+00  P(det)@0.05 power_one_sided 0.035 power_two_sided 0.041 power_csi 0.086 kurtosis 0.045 spec_cnn 0.041  (1s)
  JSR  -46.0 dB  BER 0.00e+00  P(det)@0.05 power_one_sided 0.057 power_two_sided 0.053 power_csi 0.037 kurtosis 0.047 spec_cnn 0.055  (2s)
  JSR  -45.0 dB  BER 0.00e+00  P(det)@0.05 power_one_sided 0.059 power_two_sided 0.061 power_csi 0.061 kurtosis 0.043 spec_cnn 0.053  (2s)
  JSR  -44.0 dB  BER 0.00e+00  P(det)@0.05 power_one_sided 0.041 power_two_sided 0.037 power_csi 0.051 kurtosis 0.041 spec_cnn 0.049  (2s)
  JSR  -43.0 dB  BER 0.00e+00  P(det)@0.05 power_one_sided 0.051 power_two_sided 0.053 power_csi 0.092 kurtosis 0.055 spec_cnn 0.072  (3s)
  JSR  -42.0 dB  BER 0.00e+00  P(det)@0.05 power_one_sided 0.057 power_two_sided 0.057 power_csi 0.078 kurtosis 0.057 spec_cnn 0.045  (3s)
  JSR  -41.0 dB  BER 0.00e+00  P(det)@0.05 power_one_sided 0.049 power_two_sided 0.061 power_csi 0.094 kurtosis 0.043 spec_cnn 0.043  (3s)
  JSR  -40.0 dB  BER 0.00e+00  P(det)@0.05 power_one_sided 0.064 power_two_sided 0.068 power_csi 0.102 kurtosis 0.061 spec_cnn 0.039  (4s)
  JSR  -39.0 dB  BER 0.00e+00  P(det)@0.05 power_one_sided 0.039 power_two_sided 0.053 power_csi 0.146 kurtosis 0.047 spec_cnn 0.035  (4s)
  JSR  -38.0 dB  BER 0.00e+00  P(det)@0.05 power_one_sided 0.049 power_two_sided 0.051 power_csi 0.135 kurtosis 0.053 spec_cnn 0.055  (4s)
  JSR  -37.0 dB  BER 0.00e+00  P(det)@0.05 power_one_sided 0.051 power_two_sided 0.070 power_csi 0.178 kurtosis 0.043 spec_cnn 0.043  (5s)
  JSR  -36.0 dB  BER 0.00e+00  P(det)@0.05 power_one_sided 0.047 power_two_sided 0.043 power_csi 0.191 kurtosis 0.061 spec_cnn 0.049  (5s)
  JSR  -35.0 dB  BER 0.00e+00  P(det)@0.05 power_one_sided 0.064 power_two_sided 0.045 power_csi 0.182 kurtosis 0.047 spec_cnn 0.053  (5s)
  JSR  -34.0 dB  BER 0.00e+00  P(det)@0.05 power_one_sided 0.062 power_two_sided 0.055 power_csi 0.248 kurtosis 0.041 spec_cnn 0.070  (5s)
  JSR  -33.0 dB  BER 0.00e+00  P(det)@0.05 power_one_sided 0.039 power_two_sided 0.047 power_csi 0.293 kurtosis 0.057 spec_cnn 0.045  (6s)
  JSR  -32.0 dB  BER 0.00e+00  P(det)@0.05 power_one_sided 0.057 power_two_sided 0.057 power_csi 0.336 kurtosis 0.029 spec_cnn 0.059  (6s)
  JSR  -31.0 dB  BER 0.00e+00  P(det)@0.05 power_one_sided 0.064 power_two_sided 0.062 power_csi 0.334 kurtosis 0.057 spec_cnn 0.061  (6s)
  JSR  -30.0 dB  BER 0.00e+00  P(det)@0.05 power_one_sided 0.072 power_two_sided 0.070 power_csi 0.434 kurtosis 0.057 spec_cnn 0.066  (7s)
  JSR  -29.0 dB  BER 0.00e+00  P(det)@0.05 power_one_sided 0.062 power_two_sided 0.061 power_csi 0.389 kurtosis 0.047 spec_cnn 0.074  (7s)
  JSR  -28.0 dB  BER 0.00e+00  P(det)@0.05 power_one_sided 0.068 power_two_sided 0.055 power_csi 0.475 kurtosis 0.045 spec_cnn 0.062  (7s)
  JSR  -27.0 dB  BER 0.00e+00  P(det)@0.05 power_one_sided 0.057 power_two_sided 0.062 power_csi 0.459 kurtosis 0.055 spec_cnn 0.092  (8s)
  JSR  -26.0 dB  BER 0.00e+00  P(det)@0.05 power_one_sided 0.104 power_two_sided 0.082 power_csi 0.523 kurtosis 0.047 spec_cnn 0.119  (8s)
  JSR  -25.0 dB  BER 0.00e+00  P(det)@0.05 power_one_sided 0.080 power_two_sided 0.066 power_csi 0.527 kurtosis 0.084 spec_cnn 0.127  (8s)
  JSR  -24.0 dB  BER 0.00e+00  P(det)@0.05 power_one_sided 0.070 power_two_sided 0.068 power_csi 0.570 kurtosis 0.084 spec_cnn 0.176  (9s)
  JSR  -23.0 dB  BER 0.00e+00  P(det)@0.05 power_one_sided 0.094 power_two_sided 0.086 power_csi 0.650 kurtosis 0.068 spec_cnn 0.232  (9s)
  JSR  -22.0 dB  BER 3.59e-04  P(det)@0.05 power_one_sided 0.100 power_two_sided 0.076 power_csi 0.658 kurtosis 0.111 spec_cnn 0.361  (9s)
  JSR  -21.0 dB  BER 7.32e-04  P(det)@0.05 power_one_sided 0.135 power_two_sided 0.088 power_csi 0.699 kurtosis 0.141 spec_cnn 0.613  (10s)
  JSR  -20.0 dB  BER 1.25e-03  P(det)@0.05 power_one_sided 0.131 power_two_sided 0.109 power_csi 0.766 kurtosis 0.193 spec_cnn 0.820  (10s)
  JSR  -19.0 dB  BER 1.67e-03  P(det)@0.05 power_one_sided 0.158 power_two_sided 0.141 power_csi 0.764 kurtosis 0.238 spec_cnn 0.949  (10s)
  JSR  -18.0 dB  BER 1.94e-03  P(det)@0.05 power_one_sided 0.201 power_two_sided 0.164 power_csi 0.828 kurtosis 0.375 spec_cnn 0.992  (11s)
  JSR  -17.0 dB  BER 2.45e-03  P(det)@0.05 power_one_sided 0.250 power_two_sided 0.193 power_csi 0.867 kurtosis 0.453 spec_cnn 1.000  (11s)
  JSR  -16.0 dB  BER 2.62e-03  P(det)@0.05 power_one_sided 0.359 power_two_sided 0.277 power_csi 0.939 kurtosis 0.578 spec_cnn 1.000  (11s)
  JSR  -15.0 dB  BER 3.03e-03  P(det)@0.05 power_one_sided 0.434 power_two_sided 0.357 power_csi 0.963 kurtosis 0.658 spec_cnn 1.000  (12s)
  JSR  -14.0 dB  BER 3.56e-03  P(det)@0.05 power_one_sided 0.545 power_two_sided 0.447 power_csi 0.988 kurtosis 0.727 spec_cnn 1.000  (12s)
  JSR  -13.0 dB  BER 3.82e-03  P(det)@0.05 power_one_sided 0.656 power_two_sided 0.582 power_csi 0.998 kurtosis 0.795 spec_cnn 1.000  (12s)
  JSR  -12.0 dB  BER 4.52e-03  P(det)@0.05 power_one_sided 0.762 power_two_sided 0.703 power_csi 1.000 kurtosis 0.828 spec_cnn 1.000  (13s)
  JSR  -11.0 dB  BER 4.46e-03  P(det)@0.05 power_one_sided 0.889 power_two_sided 0.836 power_csi 1.000 kurtosis 0.945 spec_cnn 1.000  (13s)
  JSR  -10.0 dB  BER 4.44e-03  P(det)@0.05 power_one_sided 0.971 power_two_sided 0.963 power_csi 1.000 kurtosis 0.990 spec_cnn 1.000  (13s)
  JSR   -9.0 dB  BER 4.81e-03  P(det)@0.05 power_one_sided 0.994 power_two_sided 0.986 power_csi 1.000 kurtosis 1.000 spec_cnn 1.000  (14s)
  JSR   -8.0 dB  BER 5.51e-03  P(det)@0.05 power_one_sided 1.000 power_two_sided 1.000 power_csi 1.000 kurtosis 1.000 spec_cnn 1.000  (14s)
  JSR   -7.0 dB  BER 6.65e-03  P(det)@0.05 power_one_sided 1.000 power_two_sided 1.000 power_csi 1.000 kurtosis 1.000 spec_cnn 1.000  (14s)
  JSR   -6.0 dB  BER 7.46e-03  P(det)@0.05 power_one_sided 1.000 power_two_sided 1.000 power_csi 1.000 kurtosis 1.000 spec_cnn 1.000  (15s)
  JSR   -5.0 dB  BER 8.40e-03  P(det)@0.05 power_one_sided 1.000 power_two_sided 1.000 power_csi 1.000 kurtosis 1.000 spec_cnn 1.000  (15s)
  JSR   -4.0 dB  BER 8.81e-03  P(det)@0.05 power_one_sided 1.000 power_two_sided 1.000 power_csi 1.000 kurtosis 1.000 spec_cnn 1.000  (15s)
  JSR   -3.0 dB  BER 9.26e-03  P(det)@0.05 power_one_sided 1.000 power_two_sided 1.000 power_csi 1.000 kurtosis 1.000 spec_cnn 1.000  (16s)
  JSR   -2.0 dB  BER 9.91e-03  P(det)@0.05 power_one_sided 1.000 power_two_sided 1.000 power_csi 1.000 kurtosis 1.000 spec_cnn 1.000  (16s)
  JSR   -1.0 dB  BER 1.09e-02  P(det)@0.05 power_one_sided 1.000 power_two_sided 1.000 power_csi 1.000 kurtosis 1.000 spec_cnn 1.000  (16s)
  JSR   +0.0 dB  BER 1.14e-02  P(det)@0.05 power_one_sided 1.000 power_two_sided 1.000 power_csi 1.000 kurtosis 1.000 spec_cnn 1.000  (17s)
  JSR   +1.0 dB  BER 1.30e-02  P(det)@0.05 power_one_sided 1.000 power_two_sided 1.000 power_csi 1.000 kurtosis 1.000 spec_cnn 1.000  (17s)
  JSR   +2.0 dB  BER 1.41e-02  P(det)@0.05 power_one_sided 1.000 power_two_sided 1.000 power_csi 1.000 kurtosis 1.000 spec_cnn 1.000  (17s)
  JSR   +3.0 dB  BER 1.42e-02  P(det)@0.05 power_one_sided 1.000 power_two_sided 1.000 power_csi 1.000 kurtosis 1.000 spec_cnn 1.000  (18s)
  JSR   +4.0 dB  BER 1.49e-02  P(det)@0.05 power_one_sided 1.000 power_two_sided 1.000 power_csi 1.000 kurtosis 1.000 spec_cnn 1.000  (18s)
  JSR   +5.0 dB  BER 1.68e-02  P(det)@0.05 power_one_sided 1.000 power_two_sided 1.000 power_csi 1.000 kurtosis 1.000 spec_cnn 1.000  (18s)
  JSR   +6.0 dB  BER 1.89e-02  P(det)@0.05 power_one_sided 1.000 power_two_sided 1.000 power_csi 1.000 kurtosis 1.000 spec_cnn 1.000  (19s)
  JSR   +7.0 dB  BER 1.98e-02  P(det)@0.05 power_one_sided 1.000 power_two_sided 1.000 power_csi 1.000 kurtosis 1.000 spec_cnn 1.000  (19s)
  JSR   +8.0 dB  BER 2.19e-02  P(det)@0.05 power_one_sided 1.000 power_two_sided 1.000 power_csi 1.000 kurtosis 1.000 spec_cnn 1.000  (19s)
  JSR   +9.0 dB  BER 2.51e-02  P(det)@0.05 power_one_sided 1.000 power_two_sided 1.000 power_csi 1.000 kurtosis 1.000 spec_cnn 1.000  (19s)
  JSR  +10.0 dB  BER 2.87e-02  P(det)@0.05 power_one_sided 1.000 power_two_sided 1.000 power_csi 1.000 kurtosis 1.000 spec_cnn 1.000  (20s)
  JSR  +11.0 dB  BER 3.25e-02  P(det)@0.05 power_one_sided 1.000 power_two_sided 1.000 power_csi 1.000 kurtosis 1.000 spec_cnn 1.000  (20s)
  JSR  +12.0 dB  BER 3.68e-02  P(det)@0.05 power_one_sided 1.000 power_two_sided 1.000 power_csi 1.000 kurtosis 1.000 spec_cnn 1.000  (20s)
  JSR  +13.0 dB  BER 4.09e-02  P(det)@0.05 power_one_sided 1.000 power_two_sided 1.000 power_csi 1.000 kurtosis 1.000 spec_cnn 1.000  (21s)
  JSR  +14.0 dB  BER 4.58e-02  P(det)@0.05 power_one_sided 1.000 power_two_sided 1.000 power_csi 1.000 kurtosis 1.000 spec_cnn 1.000  (21s)
  JSR  +15.0 dB  BER 5.09e-02  P(det)@0.05 power_one_sided 1.000 power_two_sided 1.000 power_csi 1.000 kurtosis 1.000 spec_cnn 1.000  (21s)
  [shadow_0.1] spec_cnn_b100 confirmed: {"power_one_sided": {"0.01": {"index": 0, "sweep_ber": 0.0, "sweep_pdet": 0.0078125, "confirmed_ber": 0.0, "confirmed_ser": 0.0, "confirmed_pdet": 0.013671875, "passed": false}, "0.05": {"index": 0, "sweep_ber": 0.0, "sweep_pdet": 0.044921875, "confirmed_ber": 0.0, "confirmed_ser": 0.0, "confirmed_pdet": 0.055908203125, "passed": true}}, "power_csi": {"0.01": {"index": 0, "sweep_ber": 0.0, "sweep_pdet": 0.013671875, "confirmed_ber": 0.0, "confirmed_ser": 0.0, "confirmed_pdet": 0.01513671875, "passed": false}, "0.05": {"index": 0, "sweep_ber": 0.0, "sweep_pdet": 0.046875, "confirmed_ber": 0.0, "confirmed_ser": 0.0, "confirmed_pdet": 0.04931640625, "passed": true}}, "power_two_sided": {"0.01": {"index": 0, "sweep_ber": 0.0, "sweep_pdet": 0.0078125, "confirmed_ber": 0.0, "confirmed_ser": 0.0, "confirmed_pdet": 0.013671875, "passed": false}, "0.05": {"index": 0, "sweep_ber": 0.0, "sweep_pdet": 0.037109375, "confirmed_ber": 0.0, "confirmed_ser": 0.0, "confirmed_pdet": 0.0537109375, "passed": true}}, "kurtosis": {"0.01": {"index": 0, "sweep_ber": 0.0, "sweep_pdet": 0.01171875, "confirmed_ber": 0.0, "confirmed_ser": 0.0, "confirmed_pdet": 0.008544921875, "passed": true}, "0.05": {"index": 0, "sweep_ber": 0.0, "sweep_pdet": 0.056640625, "confirmed_ber": 0.0, "confirmed_ser": 0.0, "confirmed_pdet": 0.04736328125, "passed": true}}, "spec_cnn": {"0.01": {"index": 0, "sweep_ber": 0.0, "sweep_pdet": 0.009765625, "confirmed_ber": 0.0, "confirmed_ser": 0.0, "confirmed_pdet": 0.0087890625, "passed": true}, "0.05": {"index": 0, "sweep_ber": 0.0, "sweep_pdet": 0.033203125, "confirmed_ber": 0.0, "confirmed_ser": 0.0, "confirmed_pdet": 0.0478515625, "passed": true}}}  (1129s)
  [shadow_0.1] generator spec_cnn_b1000 (scale 1.0000)
  JSR  -50.0 dB  BER 0.00e+00  P(det)@0.05 power_one_sided 0.047 power_two_sided 0.043 power_csi 0.055 kurtosis 0.041 spec_cnn 0.051  (0s)
  JSR  -49.0 dB  BER 0.00e+00  P(det)@0.05 power_one_sided 0.053 power_two_sided 0.035 power_csi 0.041 kurtosis 0.062 spec_cnn 0.057  (1s)
  JSR  -48.0 dB  BER 0.00e+00  P(det)@0.05 power_one_sided 0.049 power_two_sided 0.053 power_csi 0.053 kurtosis 0.035 spec_cnn 0.043  (1s)
  JSR  -47.0 dB  BER 0.00e+00  P(det)@0.05 power_one_sided 0.047 power_two_sided 0.053 power_csi 0.041 kurtosis 0.043 spec_cnn 0.043  (1s)
  JSR  -46.0 dB  BER 0.00e+00  P(det)@0.05 power_one_sided 0.047 power_two_sided 0.070 power_csi 0.055 kurtosis 0.062 spec_cnn 0.037  (2s)
  JSR  -45.0 dB  BER 0.00e+00  P(det)@0.05 power_one_sided 0.037 power_two_sided 0.045 power_csi 0.033 kurtosis 0.039 spec_cnn 0.045  (2s)
  JSR  -44.0 dB  BER 0.00e+00  P(det)@0.05 power_one_sided 0.055 power_two_sided 0.055 power_csi 0.059 kurtosis 0.045 spec_cnn 0.057  (2s)
  JSR  -43.0 dB  BER 0.00e+00  P(det)@0.05 power_one_sided 0.049 power_two_sided 0.049 power_csi 0.055 kurtosis 0.049 spec_cnn 0.043  (3s)
  JSR  -42.0 dB  BER 0.00e+00  P(det)@0.05 power_one_sided 0.062 power_two_sided 0.059 power_csi 0.070 kurtosis 0.051 spec_cnn 0.059  (3s)
  JSR  -41.0 dB  BER 0.00e+00  P(det)@0.05 power_one_sided 0.057 power_two_sided 0.057 power_csi 0.084 kurtosis 0.033 spec_cnn 0.047  (3s)
  JSR  -40.0 dB  BER 0.00e+00  P(det)@0.05 power_one_sided 0.055 power_two_sided 0.051 power_csi 0.049 kurtosis 0.053 spec_cnn 0.037  (4s)
  JSR  -39.0 dB  BER 0.00e+00  P(det)@0.05 power_one_sided 0.070 power_two_sided 0.074 power_csi 0.064 kurtosis 0.068 spec_cnn 0.045  (4s)
  JSR  -38.0 dB  BER 0.00e+00  P(det)@0.05 power_one_sided 0.070 power_two_sided 0.061 power_csi 0.090 kurtosis 0.041 spec_cnn 0.049  (4s)
  JSR  -37.0 dB  BER 0.00e+00  P(det)@0.05 power_one_sided 0.049 power_two_sided 0.051 power_csi 0.086 kurtosis 0.053 spec_cnn 0.035  (5s)
  JSR  -36.0 dB  BER 0.00e+00  P(det)@0.05 power_one_sided 0.053 power_two_sided 0.053 power_csi 0.086 kurtosis 0.039 spec_cnn 0.053  (5s)
  JSR  -35.0 dB  BER 0.00e+00  P(det)@0.05 power_one_sided 0.070 power_two_sided 0.068 power_csi 0.086 kurtosis 0.057 spec_cnn 0.051  (5s)
  JSR  -34.0 dB  BER 0.00e+00  P(det)@0.05 power_one_sided 0.057 power_two_sided 0.053 power_csi 0.135 kurtosis 0.062 spec_cnn 0.066  (6s)
  JSR  -33.0 dB  BER 0.00e+00  P(det)@0.05 power_one_sided 0.043 power_two_sided 0.057 power_csi 0.148 kurtosis 0.039 spec_cnn 0.055  (6s)
  JSR  -32.0 dB  BER 0.00e+00  P(det)@0.05 power_one_sided 0.062 power_two_sided 0.051 power_csi 0.211 kurtosis 0.041 spec_cnn 0.061  (6s)
  JSR  -31.0 dB  BER 0.00e+00  P(det)@0.05 power_one_sided 0.078 power_two_sided 0.061 power_csi 0.211 kurtosis 0.051 spec_cnn 0.074  (7s)
  JSR  -30.0 dB  BER 0.00e+00  P(det)@0.05 power_one_sided 0.068 power_two_sided 0.062 power_csi 0.299 kurtosis 0.041 spec_cnn 0.066  (7s)
  JSR  -29.0 dB  BER 0.00e+00  P(det)@0.05 power_one_sided 0.039 power_two_sided 0.043 power_csi 0.336 kurtosis 0.057 spec_cnn 0.107  (7s)
  JSR  -28.0 dB  BER 0.00e+00  P(det)@0.05 power_one_sided 0.053 power_two_sided 0.047 power_csi 0.475 kurtosis 0.043 spec_cnn 0.117  (7s)
  JSR  -27.0 dB  BER 0.00e+00  P(det)@0.05 power_one_sided 0.059 power_two_sided 0.053 power_csi 0.521 kurtosis 0.072 spec_cnn 0.158  (8s)
  JSR  -26.0 dB  BER 0.00e+00  P(det)@0.05 power_one_sided 0.072 power_two_sided 0.062 power_csi 0.641 kurtosis 0.043 spec_cnn 0.338  (8s)
  JSR  -25.0 dB  BER 0.00e+00  P(det)@0.05 power_one_sided 0.082 power_two_sided 0.074 power_csi 0.701 kurtosis 0.059 spec_cnn 0.555  (8s)
  JSR  -24.0 dB  BER 0.00e+00  P(det)@0.05 power_one_sided 0.072 power_two_sided 0.041 power_csi 0.789 kurtosis 0.076 spec_cnn 0.828  (9s)
  JSR  -23.0 dB  BER 0.00e+00  P(det)@0.05 power_one_sided 0.113 power_two_sided 0.074 power_csi 0.836 kurtosis 0.059 spec_cnn 0.980  (9s)
  JSR  -22.0 dB  BER 0.00e+00  P(det)@0.05 power_one_sided 0.076 power_two_sided 0.059 power_csi 0.916 kurtosis 0.045 spec_cnn 0.996  (9s)
  JSR  -21.0 dB  BER 0.00e+00  P(det)@0.05 power_one_sided 0.125 power_two_sided 0.094 power_csi 0.951 kurtosis 0.080 spec_cnn 1.000  (10s)
  JSR  -20.0 dB  BER 0.00e+00  P(det)@0.05 power_one_sided 0.150 power_two_sided 0.098 power_csi 0.990 kurtosis 0.078 spec_cnn 1.000  (10s)
  JSR  -19.0 dB  BER 0.00e+00  P(det)@0.05 power_one_sided 0.162 power_two_sided 0.104 power_csi 0.994 kurtosis 0.082 spec_cnn 1.000  (10s)
  JSR  -18.0 dB  BER 0.00e+00  P(det)@0.05 power_one_sided 0.225 power_two_sided 0.148 power_csi 1.000 kurtosis 0.119 spec_cnn 1.000  (11s)
  JSR  -17.0 dB  BER 0.00e+00  P(det)@0.05 power_one_sided 0.318 power_two_sided 0.201 power_csi 0.998 kurtosis 0.160 spec_cnn 1.000  (11s)
  JSR  -16.0 dB  BER 0.00e+00  P(det)@0.05 power_one_sided 0.350 power_two_sided 0.258 power_csi 1.000 kurtosis 0.225 spec_cnn 1.000  (11s)
  JSR  -15.0 dB  BER 0.00e+00  P(det)@0.05 power_one_sided 0.537 power_two_sided 0.416 power_csi 1.000 kurtosis 0.285 spec_cnn 1.000  (12s)
  JSR  -14.0 dB  BER 0.00e+00  P(det)@0.05 power_one_sided 0.662 power_two_sided 0.594 power_csi 1.000 kurtosis 0.369 spec_cnn 1.000  (12s)
  JSR  -13.0 dB  BER 0.00e+00  P(det)@0.05 power_one_sided 0.859 power_two_sided 0.785 power_csi 1.000 kurtosis 0.557 spec_cnn 1.000  (12s)
  JSR  -12.0 dB  BER 0.00e+00  P(det)@0.05 power_one_sided 0.959 power_two_sided 0.906 power_csi 1.000 kurtosis 0.730 spec_cnn 1.000  (13s)
  JSR  -11.0 dB  BER 0.00e+00  P(det)@0.05 power_one_sided 0.990 power_two_sided 0.986 power_csi 1.000 kurtosis 0.908 spec_cnn 1.000  (13s)
  JSR  -10.0 dB  BER 0.00e+00  P(det)@0.05 power_one_sided 1.000 power_two_sided 1.000 power_csi 1.000 kurtosis 0.979 spec_cnn 1.000  (13s)
  JSR   -9.0 dB  BER 0.00e+00  P(det)@0.05 power_one_sided 1.000 power_two_sided 1.000 power_csi 1.000 kurtosis 0.994 spec_cnn 1.000  (14s)
  JSR   -8.0 dB  BER 0.00e+00  P(det)@0.05 power_one_sided 1.000 power_two_sided 1.000 power_csi 1.000 kurtosis 1.000 spec_cnn 1.000  (14s)
  JSR   -7.0 dB  BER 0.00e+00  P(det)@0.05 power_one_sided 1.000 power_two_sided 1.000 power_csi 1.000 kurtosis 1.000 spec_cnn 1.000  (14s)
  JSR   -6.0 dB  BER 4.12e-04  P(det)@0.05 power_one_sided 1.000 power_two_sided 1.000 power_csi 1.000 kurtosis 1.000 spec_cnn 1.000  (15s)
  JSR   -5.0 dB  BER 6.87e-04  P(det)@0.05 power_one_sided 1.000 power_two_sided 1.000 power_csi 1.000 kurtosis 1.000 spec_cnn 1.000  (15s)
  JSR   -4.0 dB  BER 1.14e-03  P(det)@0.05 power_one_sided 1.000 power_two_sided 1.000 power_csi 1.000 kurtosis 1.000 spec_cnn 1.000  (15s)
  JSR   -3.0 dB  BER 1.42e-03  P(det)@0.05 power_one_sided 1.000 power_two_sided 1.000 power_csi 1.000 kurtosis 1.000 spec_cnn 1.000  (16s)
  JSR   -2.0 dB  BER 1.74e-03  P(det)@0.05 power_one_sided 1.000 power_two_sided 1.000 power_csi 1.000 kurtosis 1.000 spec_cnn 1.000  (16s)
  JSR   -1.0 dB  BER 2.78e-03  P(det)@0.05 power_one_sided 1.000 power_two_sided 1.000 power_csi 1.000 kurtosis 1.000 spec_cnn 1.000  (16s)
  JSR   +0.0 dB  BER 4.26e-03  P(det)@0.05 power_one_sided 1.000 power_two_sided 1.000 power_csi 1.000 kurtosis 0.998 spec_cnn 1.000  (17s)
  JSR   +1.0 dB  BER 7.74e-03  P(det)@0.05 power_one_sided 1.000 power_two_sided 1.000 power_csi 1.000 kurtosis 0.951 spec_cnn 1.000  (17s)
  JSR   +2.0 dB  BER 1.53e-02  P(det)@0.05 power_one_sided 1.000 power_two_sided 1.000 power_csi 1.000 kurtosis 0.773 spec_cnn 1.000  (17s)
  JSR   +3.0 dB  BER 2.68e-02  P(det)@0.05 power_one_sided 1.000 power_two_sided 1.000 power_csi 1.000 kurtosis 0.672 spec_cnn 1.000  (18s)
  JSR   +4.0 dB  BER 4.41e-02  P(det)@0.05 power_one_sided 1.000 power_two_sided 1.000 power_csi 1.000 kurtosis 0.785 spec_cnn 1.000  (18s)
  JSR   +5.0 dB  BER 6.39e-02  P(det)@0.05 power_one_sided 1.000 power_two_sided 1.000 power_csi 1.000 kurtosis 0.826 spec_cnn 1.000  (18s)
  JSR   +6.0 dB  BER 8.87e-02  P(det)@0.05 power_one_sided 1.000 power_two_sided 1.000 power_csi 1.000 kurtosis 0.828 spec_cnn 1.000  (19s)
  JSR   +7.0 dB  BER 1.14e-01  P(det)@0.05 power_one_sided 1.000 power_two_sided 1.000 power_csi 1.000 kurtosis 0.871 spec_cnn 1.000  (19s)
  JSR   +8.0 dB  BER 1.40e-01  P(det)@0.05 power_one_sided 1.000 power_two_sided 1.000 power_csi 1.000 kurtosis 0.846 spec_cnn 1.000  (19s)
  JSR   +9.0 dB  BER 1.69e-01  P(det)@0.05 power_one_sided 1.000 power_two_sided 1.000 power_csi 1.000 kurtosis 0.865 spec_cnn 1.000  (20s)
  JSR  +10.0 dB  BER 1.96e-01  P(det)@0.05 power_one_sided 1.000 power_two_sided 1.000 power_csi 1.000 kurtosis 0.891 spec_cnn 1.000  (20s)
  JSR  +11.0 dB  BER 2.22e-01  P(det)@0.05 power_one_sided 1.000 power_two_sided 1.000 power_csi 1.000 kurtosis 0.879 spec_cnn 1.000  (20s)
  JSR  +12.0 dB  BER 2.48e-01  P(det)@0.05 power_one_sided 1.000 power_two_sided 1.000 power_csi 1.000 kurtosis 0.857 spec_cnn 1.000  (21s)
  JSR  +13.0 dB  BER 2.75e-01  P(det)@0.05 power_one_sided 1.000 power_two_sided 1.000 power_csi 1.000 kurtosis 0.889 spec_cnn 1.000  (21s)
  JSR  +14.0 dB  BER 2.97e-01  P(det)@0.05 power_one_sided 1.000 power_two_sided 1.000 power_csi 1.000 kurtosis 0.883 spec_cnn 1.000  (21s)
  JSR  +15.0 dB  BER 3.15e-01  P(det)@0.05 power_one_sided 1.000 power_two_sided 1.000 power_csi 1.000 kurtosis 0.873 spec_cnn 1.000  (21s)
  [shadow_0.1] spec_cnn_b1000 confirmed: {"power_one_sided": {"0.01": {"index": 0, "sweep_ber": 0.0, "sweep_pdet": 0.0078125, "confirmed_ber": 0.0, "confirmed_ser": 0.0, "confirmed_pdet": 0.010498046875, "passed": true}, "0.05": {"index": 0, "sweep_ber": 0.0, "sweep_pdet": 0.046875, "confirmed_ber": 0.0, "confirmed_ser": 0.0, "confirmed_pdet": 0.049560546875, "passed": true}}, "power_csi": {"0.01": {"index": 0, "sweep_ber": 0.0, "sweep_pdet": 0.0078125, "confirmed_ber": 0.0, "confirmed_ser": 0.0, "confirmed_pdet": 0.01025390625, "passed": true}, "0.05": {"index": 0, "sweep_ber": 0.0, "sweep_pdet": 0.0546875, "confirmed_ber": 0.0, "confirmed_ser": 0.0, "confirmed_pdet": 0.044189453125, "passed": true}}, "power_two_sided": {"0.01": {"index": 0, "sweep_ber": 0.0, "sweep_pdet": 0.009765625, "confirmed_ber": 0.0, "confirmed_ser": 0.0, "confirmed_pdet": 0.01171875, "passed": true}, "0.05": {"index": 0, "sweep_ber": 0.0, "sweep_pdet": 0.04296875, "confirmed_ber": 0.0, "confirmed_ser": 0.0, "confirmed_pdet": 0.05712890625, "passed": false}}, "kurtosis": {"0.01": {"index": 0, "sweep_ber": 0.0, "sweep_pdet": 0.013671875, "confirmed_ber": 0.0, "confirmed_ser": 0.0, "confirmed_pdet": 0.008544921875, "passed": true}, "0.05": {"index": 0, "sweep_ber": 0.0, "sweep_pdet": 0.041015625, "confirmed_ber": 0.0, "confirmed_ser": 0.0, "confirmed_pdet": 0.052734375, "passed": true}}, "spec_cnn": {"0.01": {"index": 0, "sweep_ber": 0.0, "sweep_pdet": 0.009765625, "confirmed_ber": 0.0, "confirmed_ser": 0.0, "confirmed_pdet": 0.009033203125, "passed": true}, "0.05": {"index": 0, "sweep_ber": 0.0, "sweep_pdet": 0.05078125, "confirmed_ber": 0.0, "confirmed_ser": 0.0, "confirmed_pdet": 0.047119140625, "passed": true}}}  (1177s)
  [shadow_0.1] generator spec_cnn_b10000 (scale 1.0000)
  JSR  -50.0 dB  BER 0.00e+00  P(det)@0.05 power_one_sided 0.062 power_two_sided 0.055 power_csi 0.051 kurtosis 0.053 spec_cnn 0.035  (0s)
  JSR  -49.0 dB  BER 0.00e+00  P(det)@0.05 power_one_sided 0.055 power_two_sided 0.068 power_csi 0.053 kurtosis 0.039 spec_cnn 0.045  (1s)
  JSR  -48.0 dB  BER 0.00e+00  P(det)@0.05 power_one_sided 0.070 power_two_sided 0.061 power_csi 0.053 kurtosis 0.039 spec_cnn 0.053  (1s)
  JSR  -47.0 dB  BER 0.00e+00  P(det)@0.05 power_one_sided 0.045 power_two_sided 0.051 power_csi 0.051 kurtosis 0.053 spec_cnn 0.045  (1s)
  JSR  -46.0 dB  BER 0.00e+00  P(det)@0.05 power_one_sided 0.057 power_two_sided 0.051 power_csi 0.051 kurtosis 0.051 spec_cnn 0.057  (2s)
  JSR  -45.0 dB  BER 0.00e+00  P(det)@0.05 power_one_sided 0.068 power_two_sided 0.066 power_csi 0.041 kurtosis 0.051 spec_cnn 0.041  (2s)
  JSR  -44.0 dB  BER 0.00e+00  P(det)@0.05 power_one_sided 0.053 power_two_sided 0.053 power_csi 0.043 kurtosis 0.051 spec_cnn 0.039  (2s)
  JSR  -43.0 dB  BER 0.00e+00  P(det)@0.05 power_one_sided 0.064 power_two_sided 0.064 power_csi 0.061 kurtosis 0.047 spec_cnn 0.055  (3s)
  JSR  -42.0 dB  BER 0.00e+00  P(det)@0.05 power_one_sided 0.053 power_two_sided 0.049 power_csi 0.057 kurtosis 0.035 spec_cnn 0.041  (3s)
  JSR  -41.0 dB  BER 0.00e+00  P(det)@0.05 power_one_sided 0.045 power_two_sided 0.064 power_csi 0.066 kurtosis 0.051 spec_cnn 0.059  (3s)
  JSR  -40.0 dB  BER 0.00e+00  P(det)@0.05 power_one_sided 0.059 power_two_sided 0.049 power_csi 0.066 kurtosis 0.043 spec_cnn 0.043  (4s)
  JSR  -39.0 dB  BER 0.00e+00  P(det)@0.05 power_one_sided 0.064 power_two_sided 0.047 power_csi 0.061 kurtosis 0.053 spec_cnn 0.045  (4s)
  JSR  -38.0 dB  BER 0.00e+00  P(det)@0.05 power_one_sided 0.061 power_two_sided 0.055 power_csi 0.084 kurtosis 0.049 spec_cnn 0.053  (4s)
  JSR  -37.0 dB  BER 0.00e+00  P(det)@0.05 power_one_sided 0.053 power_two_sided 0.045 power_csi 0.100 kurtosis 0.057 spec_cnn 0.027  (5s)
  JSR  -36.0 dB  BER 0.00e+00  P(det)@0.05 power_one_sided 0.049 power_two_sided 0.053 power_csi 0.107 kurtosis 0.057 spec_cnn 0.041  (5s)
  JSR  -35.0 dB  BER 0.00e+00  P(det)@0.05 power_one_sided 0.062 power_two_sided 0.064 power_csi 0.127 kurtosis 0.051 spec_cnn 0.041  (5s)
  JSR  -34.0 dB  BER 0.00e+00  P(det)@0.05 power_one_sided 0.059 power_two_sided 0.051 power_csi 0.111 kurtosis 0.039 spec_cnn 0.035  (6s)
  JSR  -33.0 dB  BER 0.00e+00  P(det)@0.05 power_one_sided 0.055 power_two_sided 0.043 power_csi 0.193 kurtosis 0.049 spec_cnn 0.031  (6s)
  JSR  -32.0 dB  BER 0.00e+00  P(det)@0.05 power_one_sided 0.051 power_two_sided 0.047 power_csi 0.191 kurtosis 0.062 spec_cnn 0.035  (6s)
  JSR  -31.0 dB  BER 0.00e+00  P(det)@0.05 power_one_sided 0.047 power_two_sided 0.041 power_csi 0.227 kurtosis 0.039 spec_cnn 0.031  (6s)
  JSR  -30.0 dB  BER 0.00e+00  P(det)@0.05 power_one_sided 0.059 power_two_sided 0.064 power_csi 0.279 kurtosis 0.055 spec_cnn 0.025  (7s)
  JSR  -29.0 dB  BER 0.00e+00  P(det)@0.05 power_one_sided 0.061 power_two_sided 0.066 power_csi 0.381 kurtosis 0.057 spec_cnn 0.029  (7s)
  JSR  -28.0 dB  BER 0.00e+00  P(det)@0.05 power_one_sided 0.061 power_two_sided 0.064 power_csi 0.424 kurtosis 0.053 spec_cnn 0.047  (7s)
  JSR  -27.0 dB  BER 0.00e+00  P(det)@0.05 power_one_sided 0.078 power_two_sided 0.076 power_csi 0.559 kurtosis 0.055 spec_cnn 0.072  (8s)
  JSR  -26.0 dB  BER 0.00e+00  P(det)@0.05 power_one_sided 0.078 power_two_sided 0.053 power_csi 0.619 kurtosis 0.041 spec_cnn 0.102  (8s)
  JSR  -25.0 dB  BER 0.00e+00  P(det)@0.05 power_one_sided 0.080 power_two_sided 0.061 power_csi 0.715 kurtosis 0.049 spec_cnn 0.211  (8s)
  JSR  -24.0 dB  BER 0.00e+00  P(det)@0.05 power_one_sided 0.068 power_two_sided 0.059 power_csi 0.783 kurtosis 0.070 spec_cnn 0.424  (9s)
  JSR  -23.0 dB  BER 0.00e+00  P(det)@0.05 power_one_sided 0.090 power_two_sided 0.072 power_csi 0.900 kurtosis 0.061 spec_cnn 0.738  (9s)
  JSR  -22.0 dB  BER 0.00e+00  P(det)@0.05 power_one_sided 0.102 power_two_sided 0.070 power_csi 0.936 kurtosis 0.051 spec_cnn 0.920  (9s)
  JSR  -21.0 dB  BER 0.00e+00  P(det)@0.05 power_one_sided 0.131 power_two_sided 0.078 power_csi 0.971 kurtosis 0.070 spec_cnn 0.992  (10s)
  JSR  -20.0 dB  BER 0.00e+00  P(det)@0.05 power_one_sided 0.162 power_two_sided 0.111 power_csi 0.986 kurtosis 0.064 spec_cnn 1.000  (10s)
  JSR  -19.0 dB  BER 0.00e+00  P(det)@0.05 power_one_sided 0.152 power_two_sided 0.104 power_csi 0.990 kurtosis 0.094 spec_cnn 1.000  (10s)
  JSR  -18.0 dB  BER 0.00e+00  P(det)@0.05 power_one_sided 0.223 power_two_sided 0.143 power_csi 0.998 kurtosis 0.125 spec_cnn 1.000  (11s)
  JSR  -17.0 dB  BER 0.00e+00  P(det)@0.05 power_one_sided 0.297 power_two_sided 0.219 power_csi 1.000 kurtosis 0.152 spec_cnn 1.000  (11s)
  JSR  -16.0 dB  BER 0.00e+00  P(det)@0.05 power_one_sided 0.387 power_two_sided 0.281 power_csi 1.000 kurtosis 0.174 spec_cnn 1.000  (11s)
  JSR  -15.0 dB  BER 0.00e+00  P(det)@0.05 power_one_sided 0.557 power_two_sided 0.443 power_csi 1.000 kurtosis 0.268 spec_cnn 1.000  (12s)
  JSR  -14.0 dB  BER 0.00e+00  P(det)@0.05 power_one_sided 0.666 power_two_sided 0.553 power_csi 1.000 kurtosis 0.393 spec_cnn 1.000  (12s)
  JSR  -13.0 dB  BER 0.00e+00  P(det)@0.05 power_one_sided 0.842 power_two_sided 0.777 power_csi 1.000 kurtosis 0.561 spec_cnn 1.000  (12s)
  JSR  -12.0 dB  BER 0.00e+00  P(det)@0.05 power_one_sided 0.951 power_two_sided 0.922 power_csi 1.000 kurtosis 0.736 spec_cnn 1.000  (13s)
  JSR  -11.0 dB  BER 0.00e+00  P(det)@0.05 power_one_sided 0.994 power_two_sided 0.988 power_csi 1.000 kurtosis 0.881 spec_cnn 1.000  (13s)
  JSR  -10.0 dB  BER 0.00e+00  P(det)@0.05 power_one_sided 1.000 power_two_sided 1.000 power_csi 1.000 kurtosis 0.973 spec_cnn 1.000  (13s)
  JSR   -9.0 dB  BER 0.00e+00  P(det)@0.05 power_one_sided 1.000 power_two_sided 1.000 power_csi 1.000 kurtosis 0.992 spec_cnn 1.000  (14s)
  JSR   -8.0 dB  BER 0.00e+00  P(det)@0.05 power_one_sided 1.000 power_two_sided 1.000 power_csi 1.000 kurtosis 1.000 spec_cnn 1.000  (14s)
  JSR   -7.0 dB  BER 0.00e+00  P(det)@0.05 power_one_sided 1.000 power_two_sided 1.000 power_csi 1.000 kurtosis 1.000 spec_cnn 1.000  (14s)
  JSR   -6.0 dB  BER 9.92e-05  P(det)@0.05 power_one_sided 1.000 power_two_sided 1.000 power_csi 1.000 kurtosis 1.000 spec_cnn 1.000  (15s)
  JSR   -5.0 dB  BER 4.88e-04  P(det)@0.05 power_one_sided 1.000 power_two_sided 1.000 power_csi 1.000 kurtosis 1.000 spec_cnn 1.000  (15s)
  JSR   -4.0 dB  BER 8.77e-04  P(det)@0.05 power_one_sided 1.000 power_two_sided 1.000 power_csi 1.000 kurtosis 1.000 spec_cnn 1.000  (15s)
  JSR   -3.0 dB  BER 1.23e-03  P(det)@0.05 power_one_sided 1.000 power_two_sided 1.000 power_csi 1.000 kurtosis 1.000 spec_cnn 1.000  (16s)
  JSR   -2.0 dB  BER 1.69e-03  P(det)@0.05 power_one_sided 1.000 power_two_sided 1.000 power_csi 1.000 kurtosis 1.000 spec_cnn 1.000  (16s)
  JSR   -1.0 dB  BER 2.48e-03  P(det)@0.05 power_one_sided 1.000 power_two_sided 1.000 power_csi 1.000 kurtosis 1.000 spec_cnn 1.000  (16s)
  JSR   +0.0 dB  BER 5.19e-03  P(det)@0.05 power_one_sided 1.000 power_two_sided 1.000 power_csi 1.000 kurtosis 0.998 spec_cnn 1.000  (17s)
  JSR   +1.0 dB  BER 9.50e-03  P(det)@0.05 power_one_sided 1.000 power_two_sided 1.000 power_csi 1.000 kurtosis 0.938 spec_cnn 1.000  (17s)
  JSR   +2.0 dB  BER 1.71e-02  P(det)@0.05 power_one_sided 1.000 power_two_sided 1.000 power_csi 1.000 kurtosis 0.729 spec_cnn 1.000  (17s)
  JSR   +3.0 dB  BER 2.74e-02  P(det)@0.05 power_one_sided 1.000 power_two_sided 1.000 power_csi 1.000 kurtosis 0.674 spec_cnn 1.000  (18s)
  JSR   +4.0 dB  BER 4.18e-02  P(det)@0.05 power_one_sided 1.000 power_two_sided 1.000 power_csi 1.000 kurtosis 0.752 spec_cnn 1.000  (18s)
  JSR   +5.0 dB  BER 6.06e-02  P(det)@0.05 power_one_sided 1.000 power_two_sided 1.000 power_csi 1.000 kurtosis 0.865 spec_cnn 1.000  (18s)
  JSR   +6.0 dB  BER 8.26e-02  P(det)@0.05 power_one_sided 1.000 power_two_sided 1.000 power_csi 1.000 kurtosis 0.840 spec_cnn 1.000  (19s)
  JSR   +7.0 dB  BER 1.09e-01  P(det)@0.05 power_one_sided 1.000 power_two_sided 1.000 power_csi 1.000 kurtosis 0.859 spec_cnn 1.000  (19s)
  JSR   +8.0 dB  BER 1.35e-01  P(det)@0.05 power_one_sided 1.000 power_two_sided 1.000 power_csi 1.000 kurtosis 0.873 spec_cnn 1.000  (19s)
  JSR   +9.0 dB  BER 1.60e-01  P(det)@0.05 power_one_sided 1.000 power_two_sided 1.000 power_csi 1.000 kurtosis 0.877 spec_cnn 1.000  (20s)
  JSR  +10.0 dB  BER 1.86e-01  P(det)@0.05 power_one_sided 1.000 power_two_sided 1.000 power_csi 1.000 kurtosis 0.879 spec_cnn 1.000  (20s)
  JSR  +11.0 dB  BER 2.10e-01  P(det)@0.05 power_one_sided 1.000 power_two_sided 1.000 power_csi 1.000 kurtosis 0.850 spec_cnn 1.000  (20s)
  JSR  +12.0 dB  BER 2.35e-01  P(det)@0.05 power_one_sided 1.000 power_two_sided 1.000 power_csi 1.000 kurtosis 0.865 spec_cnn 1.000  (20s)
  JSR  +13.0 dB  BER 2.62e-01  P(det)@0.05 power_one_sided 1.000 power_two_sided 1.000 power_csi 1.000 kurtosis 0.854 spec_cnn 1.000  (21s)
  JSR  +14.0 dB  BER 2.85e-01  P(det)@0.05 power_one_sided 1.000 power_two_sided 1.000 power_csi 1.000 kurtosis 0.893 spec_cnn 1.000  (21s)
  JSR  +15.0 dB  BER 3.08e-01  P(det)@0.05 power_one_sided 1.000 power_two_sided 1.000 power_csi 1.000 kurtosis 0.828 spec_cnn 1.000  (21s)
  [shadow_0.1] spec_cnn_b10000 confirmed: {"power_one_sided": {"0.01": {"index": 0, "sweep_ber": 0.0, "sweep_pdet": 0.009765625, "confirmed_ber": 0.0, "confirmed_ser": 0.0, "confirmed_pdet": 0.010498046875, "passed": true}, "0.05": {"index": 0, "sweep_ber": 0.0, "sweep_pdet": 0.0625, "confirmed_ber": 0.0, "confirmed_ser": 0.0, "confirmed_pdet": 0.056396484375, "passed": true}}, "power_csi": {"0.01": {"index": 0, "sweep_ber": 0.0, "sweep_pdet": 0.0078125, "confirmed_ber": 0.0, "confirmed_ser": 0.0, "confirmed_pdet": 0.012451171875, "passed": true}, "0.05": {"index": 0, "sweep_ber": 0.0, "sweep_pdet": 0.05078125, "confirmed_ber": 0.0, "confirmed_ser": 0.0, "confirmed_pdet": 0.0546875, "passed": true}}, "power_two_sided": {"0.01": {"index": 0, "sweep_ber": 0.0, "sweep_pdet": 0.013671875, "confirmed_ber": 0.0, "confirmed_ser": 0.0, "confirmed_pdet": 0.013427734375, "passed": false}, "0.05": {"index": 0, "sweep_ber": 0.0, "sweep_pdet": 0.0546875, "confirmed_ber": 0.0, "confirmed_ser": 0.0, "confirmed_pdet": 0.056640625, "passed": true}}, "kurtosis": {"0.01": {"index": 0, "sweep_ber": 0.0, "sweep_pdet": 0.009765625, "confirmed_ber": 0.0, "confirmed_ser": 0.0, "confirmed_pdet": 0.008056640625, "passed": true}, "0.05": {"index": 0, "sweep_ber": 0.0, "sweep_pdet": 0.052734375, "confirmed_ber": 0.0, "confirmed_ser": 0.0, "confirmed_pdet": 0.052734375, "passed": true}}, "spec_cnn": {"0.01": {"index": 0, "sweep_ber": 0.0, "sweep_pdet": 0.0078125, "confirmed_ber": 0.0, "confirmed_ser": 0.0, "confirmed_pdet": 0.01171875, "passed": true}, "0.05": {"index": 0, "sweep_ber": 0.0, "sweep_pdet": 0.03515625, "confirmed_ber": 0.0, "confirmed_ser": 0.0, "confirmed_pdet": 0.049560546875, "passed": true}}}  (1225s)
  [shadow_0.1] generator spec_cnn_b100000 (scale 1.0000)
  JSR  -50.0 dB  BER 0.00e+00  P(det)@0.05 power_one_sided 0.059 power_two_sided 0.074 power_csi 0.045 kurtosis 0.039 spec_cnn 0.047  (0s)
  JSR  -49.0 dB  BER 0.00e+00  P(det)@0.05 power_one_sided 0.045 power_two_sided 0.037 power_csi 0.053 kurtosis 0.055 spec_cnn 0.029  (1s)
  JSR  -48.0 dB  BER 0.00e+00  P(det)@0.05 power_one_sided 0.059 power_two_sided 0.051 power_csi 0.059 kurtosis 0.078 spec_cnn 0.043  (1s)
  JSR  -47.0 dB  BER 0.00e+00  P(det)@0.05 power_one_sided 0.037 power_two_sided 0.043 power_csi 0.041 kurtosis 0.029 spec_cnn 0.039  (1s)
  JSR  -46.0 dB  BER 0.00e+00  P(det)@0.05 power_one_sided 0.062 power_two_sided 0.047 power_csi 0.059 kurtosis 0.053 spec_cnn 0.055  (2s)
  JSR  -45.0 dB  BER 0.00e+00  P(det)@0.05 power_one_sided 0.049 power_two_sided 0.047 power_csi 0.064 kurtosis 0.031 spec_cnn 0.047  (2s)
  JSR  -44.0 dB  BER 0.00e+00  P(det)@0.05 power_one_sided 0.037 power_two_sided 0.035 power_csi 0.068 kurtosis 0.051 spec_cnn 0.051  (2s)
  JSR  -43.0 dB  BER 0.00e+00  P(det)@0.05 power_one_sided 0.051 power_two_sided 0.059 power_csi 0.051 kurtosis 0.053 spec_cnn 0.061  (3s)
  JSR  -42.0 dB  BER 0.00e+00  P(det)@0.05 power_one_sided 0.064 power_two_sided 0.059 power_csi 0.051 kurtosis 0.031 spec_cnn 0.043  (3s)
  JSR  -41.0 dB  BER 0.00e+00  P(det)@0.05 power_one_sided 0.047 power_two_sided 0.045 power_csi 0.059 kurtosis 0.066 spec_cnn 0.039  (3s)
  JSR  -40.0 dB  BER 0.00e+00  P(det)@0.05 power_one_sided 0.047 power_two_sided 0.064 power_csi 0.086 kurtosis 0.066 spec_cnn 0.031  (4s)
  JSR  -39.0 dB  BER 0.00e+00  P(det)@0.05 power_one_sided 0.061 power_two_sided 0.064 power_csi 0.068 kurtosis 0.059 spec_cnn 0.045  (4s)
  JSR  -38.0 dB  BER 0.00e+00  P(det)@0.05 power_one_sided 0.057 power_two_sided 0.043 power_csi 0.090 kurtosis 0.045 spec_cnn 0.045  (4s)
  JSR  -37.0 dB  BER 0.00e+00  P(det)@0.05 power_one_sided 0.061 power_two_sided 0.062 power_csi 0.102 kurtosis 0.059 spec_cnn 0.039  (5s)
  JSR  -36.0 dB  BER 0.00e+00  P(det)@0.05 power_one_sided 0.053 power_two_sided 0.051 power_csi 0.092 kurtosis 0.041 spec_cnn 0.051  (5s)
  JSR  -35.0 dB  BER 0.00e+00  P(det)@0.05 power_one_sided 0.045 power_two_sided 0.039 power_csi 0.109 kurtosis 0.039 spec_cnn 0.033  (5s)
  JSR  -34.0 dB  BER 0.00e+00  P(det)@0.05 power_one_sided 0.033 power_two_sided 0.053 power_csi 0.143 kurtosis 0.049 spec_cnn 0.043  (6s)
  JSR  -33.0 dB  BER 0.00e+00  P(det)@0.05 power_one_sided 0.061 power_two_sided 0.047 power_csi 0.156 kurtosis 0.047 spec_cnn 0.029  (6s)
  JSR  -32.0 dB  BER 0.00e+00  P(det)@0.05 power_one_sided 0.066 power_two_sided 0.055 power_csi 0.221 kurtosis 0.047 spec_cnn 0.045  (6s)
  JSR  -31.0 dB  BER 0.00e+00  P(det)@0.05 power_one_sided 0.070 power_two_sided 0.066 power_csi 0.232 kurtosis 0.057 spec_cnn 0.039  (6s)
  JSR  -30.0 dB  BER 0.00e+00  P(det)@0.05 power_one_sided 0.080 power_two_sided 0.080 power_csi 0.303 kurtosis 0.043 spec_cnn 0.031  (7s)
  JSR  -29.0 dB  BER 0.00e+00  P(det)@0.05 power_one_sided 0.064 power_two_sided 0.061 power_csi 0.334 kurtosis 0.051 spec_cnn 0.049  (7s)
  JSR  -28.0 dB  BER 0.00e+00  P(det)@0.05 power_one_sided 0.064 power_two_sided 0.045 power_csi 0.457 kurtosis 0.055 spec_cnn 0.064  (7s)
  JSR  -27.0 dB  BER 0.00e+00  P(det)@0.05 power_one_sided 0.055 power_two_sided 0.051 power_csi 0.535 kurtosis 0.045 spec_cnn 0.080  (8s)
  JSR  -26.0 dB  BER 0.00e+00  P(det)@0.05 power_one_sided 0.090 power_two_sided 0.068 power_csi 0.623 kurtosis 0.061 spec_cnn 0.127  (8s)
  JSR  -25.0 dB  BER 0.00e+00  P(det)@0.05 power_one_sided 0.076 power_two_sided 0.062 power_csi 0.725 kurtosis 0.055 spec_cnn 0.283  (8s)
  JSR  -24.0 dB  BER 0.00e+00  P(det)@0.05 power_one_sided 0.086 power_two_sided 0.074 power_csi 0.775 kurtosis 0.061 spec_cnn 0.531  (9s)
  JSR  -23.0 dB  BER 0.00e+00  P(det)@0.05 power_one_sided 0.090 power_two_sided 0.066 power_csi 0.873 kurtosis 0.076 spec_cnn 0.822  (9s)
  JSR  -22.0 dB  BER 0.00e+00  P(det)@0.05 power_one_sided 0.076 power_two_sided 0.062 power_csi 0.924 kurtosis 0.070 spec_cnn 0.955  (9s)
  JSR  -21.0 dB  BER 0.00e+00  P(det)@0.05 power_one_sided 0.109 power_two_sided 0.078 power_csi 0.971 kurtosis 0.086 spec_cnn 1.000  (10s)
  JSR  -20.0 dB  BER 0.00e+00  P(det)@0.05 power_one_sided 0.137 power_two_sided 0.092 power_csi 0.986 kurtosis 0.066 spec_cnn 1.000  (10s)
  JSR  -19.0 dB  BER 0.00e+00  P(det)@0.05 power_one_sided 0.166 power_two_sided 0.096 power_csi 1.000 kurtosis 0.094 spec_cnn 1.000  (10s)
  JSR  -18.0 dB  BER 0.00e+00  P(det)@0.05 power_one_sided 0.172 power_two_sided 0.104 power_csi 0.994 kurtosis 0.100 spec_cnn 1.000  (11s)
  JSR  -17.0 dB  BER 0.00e+00  P(det)@0.05 power_one_sided 0.273 power_two_sided 0.189 power_csi 1.000 kurtosis 0.129 spec_cnn 1.000  (11s)
  JSR  -16.0 dB  BER 0.00e+00  P(det)@0.05 power_one_sided 0.396 power_two_sided 0.311 power_csi 1.000 kurtosis 0.211 spec_cnn 1.000  (11s)
  JSR  -15.0 dB  BER 0.00e+00  P(det)@0.05 power_one_sided 0.512 power_two_sided 0.406 power_csi 1.000 kurtosis 0.287 spec_cnn 1.000  (12s)
  JSR  -14.0 dB  BER 0.00e+00  P(det)@0.05 power_one_sided 0.684 power_two_sided 0.592 power_csi 1.000 kurtosis 0.395 spec_cnn 1.000  (12s)
  JSR  -13.0 dB  BER 0.00e+00  P(det)@0.05 power_one_sided 0.818 power_two_sided 0.750 power_csi 1.000 kurtosis 0.572 spec_cnn 1.000  (12s)
  JSR  -12.0 dB  BER 0.00e+00  P(det)@0.05 power_one_sided 0.943 power_two_sided 0.916 power_csi 1.000 kurtosis 0.732 spec_cnn 1.000  (13s)
  JSR  -11.0 dB  BER 0.00e+00  P(det)@0.05 power_one_sided 0.996 power_two_sided 0.990 power_csi 1.000 kurtosis 0.875 spec_cnn 1.000  (13s)
  JSR  -10.0 dB  BER 0.00e+00  P(det)@0.05 power_one_sided 0.998 power_two_sided 0.998 power_csi 1.000 kurtosis 0.969 spec_cnn 1.000  (13s)
  JSR   -9.0 dB  BER 0.00e+00  P(det)@0.05 power_one_sided 1.000 power_two_sided 1.000 power_csi 1.000 kurtosis 0.996 spec_cnn 1.000  (14s)
  JSR   -8.0 dB  BER 0.00e+00  P(det)@0.05 power_one_sided 1.000 power_two_sided 1.000 power_csi 1.000 kurtosis 1.000 spec_cnn 1.000  (14s)
  JSR   -7.0 dB  BER 0.00e+00  P(det)@0.05 power_one_sided 1.000 power_two_sided 1.000 power_csi 1.000 kurtosis 1.000 spec_cnn 1.000  (14s)
  JSR   -6.0 dB  BER 0.00e+00  P(det)@0.05 power_one_sided 1.000 power_two_sided 1.000 power_csi 1.000 kurtosis 1.000 spec_cnn 1.000  (15s)
  JSR   -5.0 dB  BER 0.00e+00  P(det)@0.05 power_one_sided 1.000 power_two_sided 1.000 power_csi 1.000 kurtosis 1.000 spec_cnn 1.000  (15s)
  JSR   -4.0 dB  BER 0.00e+00  P(det)@0.05 power_one_sided 1.000 power_two_sided 1.000 power_csi 1.000 kurtosis 1.000 spec_cnn 1.000  (15s)
  JSR   -3.0 dB  BER 0.00e+00  P(det)@0.05 power_one_sided 1.000 power_two_sided 1.000 power_csi 1.000 kurtosis 1.000 spec_cnn 1.000  (16s)
  JSR   -2.0 dB  BER 4.81e-04  P(det)@0.05 power_one_sided 1.000 power_two_sided 1.000 power_csi 1.000 kurtosis 1.000 spec_cnn 1.000  (16s)
  JSR   -1.0 dB  BER 1.41e-03  P(det)@0.05 power_one_sided 1.000 power_two_sided 1.000 power_csi 1.000 kurtosis 1.000 spec_cnn 1.000  (16s)
  JSR   +0.0 dB  BER 4.56e-03  P(det)@0.05 power_one_sided 1.000 power_two_sided 1.000 power_csi 1.000 kurtosis 1.000 spec_cnn 1.000  (17s)
  JSR   +1.0 dB  BER 8.69e-03  P(det)@0.05 power_one_sided 1.000 power_two_sided 1.000 power_csi 1.000 kurtosis 0.932 spec_cnn 1.000  (17s)
  JSR   +2.0 dB  BER 1.47e-02  P(det)@0.05 power_one_sided 1.000 power_two_sided 1.000 power_csi 1.000 kurtosis 0.707 spec_cnn 1.000  (17s)
  JSR   +3.0 dB  BER 2.55e-02  P(det)@0.05 power_one_sided 1.000 power_two_sided 1.000 power_csi 1.000 kurtosis 0.656 spec_cnn 1.000  (18s)
  JSR   +4.0 dB  BER 3.68e-02  P(det)@0.05 power_one_sided 1.000 power_two_sided 1.000 power_csi 1.000 kurtosis 0.775 spec_cnn 1.000  (18s)
  JSR   +5.0 dB  BER 5.48e-02  P(det)@0.05 power_one_sided 1.000 power_two_sided 1.000 power_csi 1.000 kurtosis 0.814 spec_cnn 1.000  (18s)
  JSR   +6.0 dB  BER 7.54e-02  P(det)@0.05 power_one_sided 1.000 power_two_sided 1.000 power_csi 1.000 kurtosis 0.807 spec_cnn 1.000  (19s)
  JSR   +7.0 dB  BER 9.92e-02  P(det)@0.05 power_one_sided 1.000 power_two_sided 1.000 power_csi 1.000 kurtosis 0.850 spec_cnn 1.000  (19s)
  JSR   +8.0 dB  BER 1.25e-01  P(det)@0.05 power_one_sided 1.000 power_two_sided 1.000 power_csi 1.000 kurtosis 0.859 spec_cnn 1.000  (19s)
  JSR   +9.0 dB  BER 1.53e-01  P(det)@0.05 power_one_sided 1.000 power_two_sided 1.000 power_csi 1.000 kurtosis 0.857 spec_cnn 1.000  (19s)
  JSR  +10.0 dB  BER 1.78e-01  P(det)@0.05 power_one_sided 1.000 power_two_sided 1.000 power_csi 1.000 kurtosis 0.861 spec_cnn 1.000  (20s)
  JSR  +11.0 dB  BER 2.04e-01  P(det)@0.05 power_one_sided 1.000 power_two_sided 1.000 power_csi 1.000 kurtosis 0.865 spec_cnn 1.000  (20s)
  JSR  +12.0 dB  BER 2.31e-01  P(det)@0.05 power_one_sided 1.000 power_two_sided 1.000 power_csi 1.000 kurtosis 0.840 spec_cnn 1.000  (20s)
  JSR  +13.0 dB  BER 2.55e-01  P(det)@0.05 power_one_sided 1.000 power_two_sided 1.000 power_csi 1.000 kurtosis 0.838 spec_cnn 1.000  (21s)
  JSR  +14.0 dB  BER 2.80e-01  P(det)@0.05 power_one_sided 1.000 power_two_sided 1.000 power_csi 1.000 kurtosis 0.863 spec_cnn 1.000  (21s)
  JSR  +15.0 dB  BER 2.98e-01  P(det)@0.05 power_one_sided 1.000 power_two_sided 1.000 power_csi 1.000 kurtosis 0.850 spec_cnn 1.000  (21s)
  [shadow_0.1] spec_cnn_b100000 confirmed: {"power_one_sided": {"0.01": {"index": 1, "sweep_ber": 0.0, "sweep_pdet": 0.005859375, "confirmed_ber": 0.0, "confirmed_ser": 0.0, "confirmed_pdet": 0.01171875, "passed": true}, "0.05": {"index": 0, "sweep_ber": 0.0, "sweep_pdet": 0.05859375, "confirmed_ber": 0.0, "confirmed_ser": 0.0, "confirmed_pdet": 0.046630859375, "passed": true}}, "power_csi": {"0.01": {"index": 0, "sweep_ber": 0.0, "sweep_pdet": 0.009765625, "confirmed_ber": 0.0, "confirmed_ser": 0.0, "confirmed_pdet": 0.011474609375, "passed": true}, "0.05": {"index": 0, "sweep_ber": 0.0, "sweep_pdet": 0.044921875, "confirmed_ber": 0.0, "confirmed_ser": 0.0, "confirmed_pdet": 0.05029296875, "passed": true}}, "power_two_sided": {"0.01": {"index": 1, "sweep_ber": 0.0, "sweep_pdet": 0.009765625, "confirmed_ber": 0.0, "confirmed_ser": 0.0, "confirmed_pdet": 0.01025390625, "passed": true}, "0.05": {"index": 1, "sweep_ber": 0.0, "sweep_pdet": 0.037109375, "confirmed_ber": 0.0, "confirmed_ser": 0.0, "confirmed_pdet": 0.052001953125, "passed": true}}, "kurtosis": {"0.01": {"index": 0, "sweep_ber": 0.0, "sweep_pdet": 0.005859375, "confirmed_ber": 0.0, "confirmed_ser": 0.0, "confirmed_pdet": 0.009033203125, "passed": true}, "0.05": {"index": 0, "sweep_ber": 0.0, "sweep_pdet": 0.0390625, "confirmed_ber": 0.0, "confirmed_ser": 0.0, "confirmed_pdet": 0.052490234375, "passed": true}}, "spec_cnn": {"0.01": {"index": 0, "sweep_ber": 0.0, "sweep_pdet": 0.0078125, "confirmed_ber": 0.0, "confirmed_ser": 0.0, "confirmed_pdet": 0.01171875, "passed": true}, "0.05": {"index": 0, "sweep_ber": 0.0, "sweep_pdet": 0.046875, "confirmed_ber": 0.0, "confirmed_ser": 0.0, "confirmed_pdet": 0.046875, "passed": true}}}  (1273s)
  [shadow_0.1] generator spec_cnn_b1e+06 (scale 1.0000)
  JSR  -50.0 dB  BER 0.00e+00  P(det)@0.05 power_one_sided 0.051 power_two_sided 0.055 power_csi 0.053 kurtosis 0.061 spec_cnn 0.047  (0s)
  JSR  -49.0 dB  BER 0.00e+00  P(det)@0.05 power_one_sided 0.055 power_two_sided 0.053 power_csi 0.061 kurtosis 0.057 spec_cnn 0.057  (1s)
  JSR  -48.0 dB  BER 0.00e+00  P(det)@0.05 power_one_sided 0.049 power_two_sided 0.053 power_csi 0.055 kurtosis 0.033 spec_cnn 0.027  (1s)
  JSR  -47.0 dB  BER 0.00e+00  P(det)@0.05 power_one_sided 0.047 power_two_sided 0.033 power_csi 0.064 kurtosis 0.039 spec_cnn 0.049  (1s)
  JSR  -46.0 dB  BER 0.00e+00  P(det)@0.05 power_one_sided 0.049 power_two_sided 0.053 power_csi 0.049 kurtosis 0.057 spec_cnn 0.053  (2s)
  JSR  -45.0 dB  BER 0.00e+00  P(det)@0.05 power_one_sided 0.066 power_two_sided 0.068 power_csi 0.053 kurtosis 0.062 spec_cnn 0.041  (2s)
  JSR  -44.0 dB  BER 0.00e+00  P(det)@0.05 power_one_sided 0.055 power_two_sided 0.053 power_csi 0.062 kurtosis 0.051 spec_cnn 0.043  (2s)
  JSR  -43.0 dB  BER 0.00e+00  P(det)@0.05 power_one_sided 0.039 power_two_sided 0.057 power_csi 0.066 kurtosis 0.072 spec_cnn 0.051  (3s)
  JSR  -42.0 dB  BER 0.00e+00  P(det)@0.05 power_one_sided 0.037 power_two_sided 0.041 power_csi 0.049 kurtosis 0.061 spec_cnn 0.051  (3s)
  JSR  -41.0 dB  BER 0.00e+00  P(det)@0.05 power_one_sided 0.080 power_two_sided 0.059 power_csi 0.070 kurtosis 0.047 spec_cnn 0.045  (3s)
  JSR  -40.0 dB  BER 0.00e+00  P(det)@0.05 power_one_sided 0.064 power_two_sided 0.053 power_csi 0.057 kurtosis 0.041 spec_cnn 0.057  (4s)
  JSR  -39.0 dB  BER 0.00e+00  P(det)@0.05 power_one_sided 0.066 power_two_sided 0.047 power_csi 0.055 kurtosis 0.045 spec_cnn 0.033  (4s)
  JSR  -38.0 dB  BER 0.00e+00  P(det)@0.05 power_one_sided 0.045 power_two_sided 0.049 power_csi 0.078 kurtosis 0.049 spec_cnn 0.047  (4s)
  JSR  -37.0 dB  BER 0.00e+00  P(det)@0.05 power_one_sided 0.049 power_two_sided 0.059 power_csi 0.104 kurtosis 0.051 spec_cnn 0.033  (5s)
  JSR  -36.0 dB  BER 0.00e+00  P(det)@0.05 power_one_sided 0.049 power_two_sided 0.053 power_csi 0.131 kurtosis 0.043 spec_cnn 0.043  (5s)
  JSR  -35.0 dB  BER 0.00e+00  P(det)@0.05 power_one_sided 0.064 power_two_sided 0.051 power_csi 0.133 kurtosis 0.033 spec_cnn 0.041  (5s)
  JSR  -34.0 dB  BER 0.00e+00  P(det)@0.05 power_one_sided 0.053 power_two_sided 0.062 power_csi 0.146 kurtosis 0.066 spec_cnn 0.037  (5s)
  JSR  -33.0 dB  BER 0.00e+00  P(det)@0.05 power_one_sided 0.051 power_two_sided 0.041 power_csi 0.152 kurtosis 0.035 spec_cnn 0.018  (6s)
  JSR  -32.0 dB  BER 0.00e+00  P(det)@0.05 power_one_sided 0.064 power_two_sided 0.062 power_csi 0.160 kurtosis 0.049 spec_cnn 0.025  (6s)
  JSR  -31.0 dB  BER 0.00e+00  P(det)@0.05 power_one_sided 0.062 power_two_sided 0.068 power_csi 0.238 kurtosis 0.072 spec_cnn 0.031  (6s)
  JSR  -30.0 dB  BER 0.00e+00  P(det)@0.05 power_one_sided 0.051 power_two_sided 0.039 power_csi 0.307 kurtosis 0.068 spec_cnn 0.023  (7s)
  JSR  -29.0 dB  BER 0.00e+00  P(det)@0.05 power_one_sided 0.064 power_two_sided 0.047 power_csi 0.373 kurtosis 0.047 spec_cnn 0.029  (7s)
  JSR  -28.0 dB  BER 0.00e+00  P(det)@0.05 power_one_sided 0.070 power_two_sided 0.061 power_csi 0.496 kurtosis 0.047 spec_cnn 0.023  (7s)
  JSR  -27.0 dB  BER 0.00e+00  P(det)@0.05 power_one_sided 0.080 power_two_sided 0.053 power_csi 0.512 kurtosis 0.055 spec_cnn 0.057  (8s)
  JSR  -26.0 dB  BER 0.00e+00  P(det)@0.05 power_one_sided 0.064 power_two_sided 0.062 power_csi 0.607 kurtosis 0.043 spec_cnn 0.102  (8s)
  JSR  -25.0 dB  BER 0.00e+00  P(det)@0.05 power_one_sided 0.074 power_two_sided 0.061 power_csi 0.709 kurtosis 0.066 spec_cnn 0.189  (8s)
  JSR  -24.0 dB  BER 0.00e+00  P(det)@0.05 power_one_sided 0.062 power_two_sided 0.055 power_csi 0.811 kurtosis 0.049 spec_cnn 0.467  (9s)
  JSR  -23.0 dB  BER 0.00e+00  P(det)@0.05 power_one_sided 0.088 power_two_sided 0.078 power_csi 0.855 kurtosis 0.072 spec_cnn 0.754  (9s)
  JSR  -22.0 dB  BER 0.00e+00  P(det)@0.05 power_one_sided 0.094 power_two_sided 0.070 power_csi 0.895 kurtosis 0.055 spec_cnn 0.945  (9s)
  JSR  -21.0 dB  BER 0.00e+00  P(det)@0.05 power_one_sided 0.129 power_two_sided 0.086 power_csi 0.957 kurtosis 0.070 spec_cnn 1.000  (10s)
  JSR  -20.0 dB  BER 0.00e+00  P(det)@0.05 power_one_sided 0.139 power_two_sided 0.094 power_csi 0.986 kurtosis 0.064 spec_cnn 1.000  (10s)
  JSR  -19.0 dB  BER 0.00e+00  P(det)@0.05 power_one_sided 0.182 power_two_sided 0.135 power_csi 0.980 kurtosis 0.092 spec_cnn 1.000  (10s)
  JSR  -18.0 dB  BER 0.00e+00  P(det)@0.05 power_one_sided 0.254 power_two_sided 0.170 power_csi 1.000 kurtosis 0.137 spec_cnn 1.000  (11s)
  JSR  -17.0 dB  BER 0.00e+00  P(det)@0.05 power_one_sided 0.283 power_two_sided 0.205 power_csi 0.998 kurtosis 0.154 spec_cnn 1.000  (11s)
  JSR  -16.0 dB  BER 0.00e+00  P(det)@0.05 power_one_sided 0.369 power_two_sided 0.270 power_csi 1.000 kurtosis 0.182 spec_cnn 1.000  (11s)
  JSR  -15.0 dB  BER 0.00e+00  P(det)@0.05 power_one_sided 0.555 power_two_sided 0.424 power_csi 1.000 kurtosis 0.291 spec_cnn 1.000  (12s)
  JSR  -14.0 dB  BER 0.00e+00  P(det)@0.05 power_one_sided 0.688 power_two_sided 0.580 power_csi 1.000 kurtosis 0.408 spec_cnn 1.000  (12s)
  JSR  -13.0 dB  BER 0.00e+00  P(det)@0.05 power_one_sided 0.816 power_two_sided 0.732 power_csi 1.000 kurtosis 0.529 spec_cnn 1.000  (12s)
  JSR  -12.0 dB  BER 0.00e+00  P(det)@0.05 power_one_sided 0.939 power_two_sided 0.896 power_csi 1.000 kurtosis 0.732 spec_cnn 1.000  (13s)
  JSR  -11.0 dB  BER 0.00e+00  P(det)@0.05 power_one_sided 0.986 power_two_sided 0.977 power_csi 1.000 kurtosis 0.881 spec_cnn 1.000  (13s)
  JSR  -10.0 dB  BER 0.00e+00  P(det)@0.05 power_one_sided 1.000 power_two_sided 1.000 power_csi 1.000 kurtosis 0.973 spec_cnn 1.000  (13s)
  JSR   -9.0 dB  BER 0.00e+00  P(det)@0.05 power_one_sided 1.000 power_two_sided 1.000 power_csi 1.000 kurtosis 0.992 spec_cnn 1.000  (14s)
  JSR   -8.0 dB  BER 0.00e+00  P(det)@0.05 power_one_sided 1.000 power_two_sided 1.000 power_csi 1.000 kurtosis 1.000 spec_cnn 1.000  (14s)
  JSR   -7.0 dB  BER 0.00e+00  P(det)@0.05 power_one_sided 1.000 power_two_sided 1.000 power_csi 1.000 kurtosis 1.000 spec_cnn 1.000  (14s)
  JSR   -6.0 dB  BER 0.00e+00  P(det)@0.05 power_one_sided 1.000 power_two_sided 1.000 power_csi 1.000 kurtosis 1.000 spec_cnn 1.000  (15s)
  JSR   -5.0 dB  BER 0.00e+00  P(det)@0.05 power_one_sided 1.000 power_two_sided 1.000 power_csi 1.000 kurtosis 1.000 spec_cnn 1.000  (15s)
  JSR   -4.0 dB  BER 0.00e+00  P(det)@0.05 power_one_sided 1.000 power_two_sided 1.000 power_csi 1.000 kurtosis 1.000 spec_cnn 1.000  (15s)
  JSR   -3.0 dB  BER 0.00e+00  P(det)@0.05 power_one_sided 1.000 power_two_sided 1.000 power_csi 1.000 kurtosis 1.000 spec_cnn 1.000  (16s)
  JSR   -2.0 dB  BER 3.13e-04  P(det)@0.05 power_one_sided 1.000 power_two_sided 1.000 power_csi 1.000 kurtosis 1.000 spec_cnn 1.000  (16s)
  JSR   -1.0 dB  BER 1.28e-03  P(det)@0.05 power_one_sided 1.000 power_two_sided 1.000 power_csi 1.000 kurtosis 1.000 spec_cnn 1.000  (16s)
  JSR   +0.0 dB  BER 3.30e-03  P(det)@0.05 power_one_sided 1.000 power_two_sided 1.000 power_csi 1.000 kurtosis 0.994 spec_cnn 1.000  (16s)
  JSR   +1.0 dB  BER 8.84e-03  P(det)@0.05 power_one_sided 1.000 power_two_sided 1.000 power_csi 1.000 kurtosis 0.938 spec_cnn 1.000  (17s)
  JSR   +2.0 dB  BER 1.84e-02  P(det)@0.05 power_one_sided 1.000 power_two_sided 1.000 power_csi 1.000 kurtosis 0.717 spec_cnn 1.000  (17s)
  JSR   +3.0 dB  BER 3.06e-02  P(det)@0.05 power_one_sided 1.000 power_two_sided 1.000 power_csi 1.000 kurtosis 0.689 spec_cnn 1.000  (17s)
  JSR   +4.0 dB  BER 4.73e-02  P(det)@0.05 power_one_sided 1.000 power_two_sided 1.000 power_csi 1.000 kurtosis 0.779 spec_cnn 1.000  (18s)
  JSR   +5.0 dB  BER 6.85e-02  P(det)@0.05 power_one_sided 1.000 power_two_sided 1.000 power_csi 1.000 kurtosis 0.816 spec_cnn 1.000  (18s)
  JSR   +6.0 dB  BER 9.33e-02  P(det)@0.05 power_one_sided 1.000 power_two_sided 1.000 power_csi 1.000 kurtosis 0.861 spec_cnn 1.000  (18s)
  JSR   +7.0 dB  BER 1.19e-01  P(det)@0.05 power_one_sided 1.000 power_two_sided 1.000 power_csi 1.000 kurtosis 0.873 spec_cnn 1.000  (19s)
  JSR   +8.0 dB  BER 1.49e-01  P(det)@0.05 power_one_sided 1.000 power_two_sided 1.000 power_csi 1.000 kurtosis 0.826 spec_cnn 1.000  (19s)
  JSR   +9.0 dB  BER 1.79e-01  P(det)@0.05 power_one_sided 1.000 power_two_sided 1.000 power_csi 1.000 kurtosis 0.887 spec_cnn 1.000  (19s)
  JSR  +10.0 dB  BER 2.07e-01  P(det)@0.05 power_one_sided 1.000 power_two_sided 1.000 power_csi 1.000 kurtosis 0.875 spec_cnn 1.000  (20s)
  JSR  +11.0 dB  BER 2.40e-01  P(det)@0.05 power_one_sided 1.000 power_two_sided 1.000 power_csi 1.000 kurtosis 0.840 spec_cnn 1.000  (20s)
  JSR  +12.0 dB  BER 2.62e-01  P(det)@0.05 power_one_sided 1.000 power_two_sided 1.000 power_csi 1.000 kurtosis 0.863 spec_cnn 1.000  (20s)
  JSR  +13.0 dB  BER 2.87e-01  P(det)@0.05 power_one_sided 1.000 power_two_sided 1.000 power_csi 1.000 kurtosis 0.846 spec_cnn 1.000  (21s)
  JSR  +14.0 dB  BER 3.08e-01  P(det)@0.05 power_one_sided 1.000 power_two_sided 1.000 power_csi 1.000 kurtosis 0.873 spec_cnn 1.000  (21s)
  JSR  +15.0 dB  BER 3.26e-01  P(det)@0.05 power_one_sided 1.000 power_two_sided 1.000 power_csi 1.000 kurtosis 0.857 spec_cnn 1.000  (21s)
  [shadow_0.1] spec_cnn_b1e+06 confirmed: {"power_one_sided": {"0.01": {"index": 0, "sweep_ber": 0.0, "sweep_pdet": 0.01171875, "confirmed_ber": 0.0, "confirmed_ser": 0.0, "confirmed_pdet": 0.011962890625, "passed": true}, "0.05": {"index": 0, "sweep_ber": 0.0, "sweep_pdet": 0.05078125, "confirmed_ber": 0.0, "confirmed_ser": 0.0, "confirmed_pdet": 0.054931640625, "passed": true}}, "power_csi": {"0.01": {"index": 0, "sweep_ber": 0.0, "sweep_pdet": 0.01171875, "confirmed_ber": 0.0, "confirmed_ser": 0.0, "confirmed_pdet": 0.01123046875, "passed": true}, "0.05": {"index": 0, "sweep_ber": 0.0, "sweep_pdet": 0.052734375, "confirmed_ber": 0.0, "confirmed_ser": 0.0, "confirmed_pdet": 0.053466796875, "passed": true}}, "power_two_sided": {"0.01": {"index": 0, "sweep_ber": 0.0, "sweep_pdet": 0.01171875, "confirmed_ber": 0.0, "confirmed_ser": 0.0, "confirmed_pdet": 0.011962890625, "passed": true}, "0.05": {"index": 0, "sweep_ber": 0.0, "sweep_pdet": 0.0546875, "confirmed_ber": 0.0, "confirmed_ser": 0.0, "confirmed_pdet": 0.051025390625, "passed": true}}, "kurtosis": {"0.01": {"index": 0, "sweep_ber": 0.0, "sweep_pdet": 0.009765625, "confirmed_ber": 0.0, "confirmed_ser": 0.0, "confirmed_pdet": 0.00830078125, "passed": true}, "0.05": {"index": 0, "sweep_ber": 0.0, "sweep_pdet": 0.060546875, "confirmed_ber": 0.0, "confirmed_ser": 0.0, "confirmed_pdet": 0.052978515625, "passed": true}}, "spec_cnn": {"0.01": {"index": 0, "sweep_ber": 0.0, "sweep_pdet": 0.005859375, "confirmed_ber": 0.0, "confirmed_ser": 0.0, "confirmed_pdet": 0.009765625, "passed": true}, "0.05": {"index": 0, "sweep_ber": 0.0, "sweep_pdet": 0.046875, "confirmed_ber": 0.0, "confirmed_ser": 0.0, "confirmed_pdet": 0.049072265625, "passed": true}}}  (1320s)
wrote ../artifacts/cgan/snr_ablation/shadow_run003/shadow_0.1.json in 1320s
