node: artongpu07.ee.ethz.ch | gpu: NVIDIA GeForce RTX 2080 Ti
task 5 | snr_15_unc_0.5 | SNR 15 dB | noise uncertainty 0.5 dB | device cuda:0
  [snr_15] scale vmin -29.40 vmax 39.32 dB, n0 3.953e-03  (0s)
  [snr_15] clean BER 2.906e-57, power mean 0.10395, kurtosis mean 1.5331, lrt on  (19s)
detectors: power_one_sided, power_two_sided, kurtosis, spec_cnn, lrt_noise | naive = calibrated at the nominal noise, cfar = re-calibrated on uncertain clean frames (20s)
clean: BER 0.000e+00, realised FAR naive {"power_one_sided": 0.0771484375, "power_two_sided": 0.0712890625, "kurtosis": 0.04833984375, "spec_cnn": 0.064453125}, cfar {"power_one_sided": 0.04296875, "power_two_sided": 0.04638671875, "kurtosis": 0.04345703125, "spec_cnn": 0.05224609375}
  [snr_15_unc_0.5] classical noise
    JSR  -50.0 dB  BER 0.00e+00  PER 0.000  P(det)@0.05 naive/cfar power_one_sided 0.062/0.041 power_two_sided 0.088/0.045 kurtosis 0.059/0.059 spec_cnn 0.068/0.047 lrt_noise 0.340/0.045  (0s)
    JSR  -49.0 dB  BER 0.00e+00  PER 0.000  P(det)@0.05 naive/cfar power_one_sided 0.080/0.051 power_two_sided 0.109/0.068 kurtosis 0.061/0.057 spec_cnn 0.080/0.059 lrt_noise 0.322/0.059  (1s)
    JSR  -48.0 dB  BER 0.00e+00  PER 0.000  P(det)@0.05 naive/cfar power_one_sided 0.082/0.043 power_two_sided 0.078/0.047 kurtosis 0.047/0.043 spec_cnn 0.062/0.049 lrt_noise 0.277/0.031  (1s)
    JSR  -47.0 dB  BER 0.00e+00  PER 0.000  P(det)@0.05 naive/cfar power_one_sided 0.080/0.041 power_two_sided 0.076/0.055 kurtosis 0.039/0.039 spec_cnn 0.062/0.053 lrt_noise 0.316/0.051  (1s)
    JSR  -46.0 dB  BER 0.00e+00  PER 0.000  P(det)@0.05 naive/cfar power_one_sided 0.096/0.059 power_two_sided 0.096/0.053 kurtosis 0.057/0.053 spec_cnn 0.107/0.086 lrt_noise 0.346/0.051  (2s)
    JSR  -45.0 dB  BER 0.00e+00  PER 0.000  P(det)@0.05 naive/cfar power_one_sided 0.080/0.057 power_two_sided 0.082/0.045 kurtosis 0.043/0.041 spec_cnn 0.078/0.057 lrt_noise 0.326/0.053  (2s)
    JSR  -44.0 dB  BER 0.00e+00  PER 0.000  P(det)@0.05 naive/cfar power_one_sided 0.061/0.031 power_two_sided 0.055/0.025 kurtosis 0.055/0.049 spec_cnn 0.061/0.051 lrt_noise 0.316/0.041  (2s)
    JSR  -43.0 dB  BER 0.00e+00  PER 0.000  P(det)@0.05 naive/cfar power_one_sided 0.098/0.068 power_two_sided 0.119/0.059 kurtosis 0.068/0.068 spec_cnn 0.072/0.066 lrt_noise 0.354/0.057  (3s)
    JSR  -42.0 dB  BER 0.00e+00  PER 0.000  P(det)@0.05 naive/cfar power_one_sided 0.105/0.064 power_two_sided 0.088/0.045 kurtosis 0.049/0.045 spec_cnn 0.068/0.053 lrt_noise 0.318/0.051  (3s)
    JSR  -41.0 dB  BER 0.00e+00  PER 0.000  P(det)@0.05 naive/cfar power_one_sided 0.074/0.041 power_two_sided 0.076/0.043 kurtosis 0.051/0.047 spec_cnn 0.062/0.045 lrt_noise 0.305/0.043  (3s)
    JSR  -40.0 dB  BER 0.00e+00  PER 0.000  P(det)@0.05 naive/cfar power_one_sided 0.092/0.049 power_two_sided 0.076/0.047 kurtosis 0.043/0.037 spec_cnn 0.078/0.066 lrt_noise 0.355/0.055  (4s)
    JSR  -39.0 dB  BER 0.00e+00  PER 0.000  P(det)@0.05 naive/cfar power_one_sided 0.084/0.059 power_two_sided 0.105/0.066 kurtosis 0.057/0.047 spec_cnn 0.066/0.049 lrt_noise 0.354/0.051  (4s)
    JSR  -38.0 dB  BER 0.00e+00  PER 0.000  P(det)@0.05 naive/cfar power_one_sided 0.090/0.043 power_two_sided 0.088/0.049 kurtosis 0.078/0.070 spec_cnn 0.068/0.062 lrt_noise 0.369/0.053  (4s)
    JSR  -37.0 dB  BER 0.00e+00  PER 0.000  P(det)@0.05 naive/cfar power_one_sided 0.094/0.062 power_two_sided 0.092/0.051 kurtosis 0.047/0.043 spec_cnn 0.100/0.076 lrt_noise 0.311/0.055  (5s)
    JSR  -36.0 dB  BER 0.00e+00  PER 0.000  P(det)@0.05 naive/cfar power_one_sided 0.111/0.064 power_two_sided 0.098/0.041 kurtosis 0.043/0.039 spec_cnn 0.078/0.051 lrt_noise 0.352/0.055  (5s)
    JSR  -35.0 dB  BER 0.00e+00  PER 0.000  P(det)@0.05 naive/cfar power_one_sided 0.074/0.045 power_two_sided 0.086/0.051 kurtosis 0.068/0.062 spec_cnn 0.064/0.047 lrt_noise 0.369/0.059  (5s)
    JSR  -34.0 dB  BER 0.00e+00  PER 0.000  P(det)@0.05 naive/cfar power_one_sided 0.074/0.035 power_two_sided 0.061/0.033 kurtosis 0.045/0.041 spec_cnn 0.104/0.084 lrt_noise 0.330/0.072  (6s)
    JSR  -33.0 dB  BER 0.00e+00  PER 0.000  P(det)@0.05 naive/cfar power_one_sided 0.088/0.051 power_two_sided 0.076/0.033 kurtosis 0.043/0.039 spec_cnn 0.066/0.059 lrt_noise 0.412/0.057  (6s)
    JSR  -32.0 dB  BER 0.00e+00  PER 0.000  P(det)@0.05 naive/cfar power_one_sided 0.086/0.062 power_two_sided 0.080/0.047 kurtosis 0.039/0.035 spec_cnn 0.080/0.062 lrt_noise 0.365/0.061  (6s)
    JSR  -31.0 dB  BER 0.00e+00  PER 0.000  P(det)@0.05 naive/cfar power_one_sided 0.090/0.059 power_two_sided 0.072/0.047 kurtosis 0.059/0.057 spec_cnn 0.104/0.084 lrt_noise 0.438/0.080  (7s)
    JSR  -30.0 dB  BER 0.00e+00  PER 0.000  P(det)@0.05 naive/cfar power_one_sided 0.094/0.068 power_two_sided 0.092/0.055 kurtosis 0.055/0.045 spec_cnn 0.080/0.059 lrt_noise 0.428/0.062  (7s)
    JSR  -29.0 dB  BER 0.00e+00  PER 0.000  P(det)@0.05 naive/cfar power_one_sided 0.119/0.076 power_two_sided 0.092/0.061 kurtosis 0.061/0.057 spec_cnn 0.078/0.062 lrt_noise 0.434/0.094  (7s)
    JSR  -28.0 dB  BER 0.00e+00  PER 0.000  P(det)@0.05 naive/cfar power_one_sided 0.111/0.076 power_two_sided 0.113/0.078 kurtosis 0.055/0.047 spec_cnn 0.094/0.072 lrt_noise 0.455/0.092  (8s)
    JSR  -27.0 dB  BER 0.00e+00  PER 0.000  P(det)@0.05 naive/cfar power_one_sided 0.113/0.070 power_two_sided 0.084/0.055 kurtosis 0.070/0.064 spec_cnn 0.094/0.072 lrt_noise 0.566/0.123  (8s)
    JSR  -26.0 dB  BER 0.00e+00  PER 0.000  P(det)@0.05 naive/cfar power_one_sided 0.156/0.113 power_two_sided 0.125/0.062 kurtosis 0.043/0.037 spec_cnn 0.096/0.076 lrt_noise 0.615/0.152  (8s)
    JSR  -25.0 dB  BER 0.00e+00  PER 0.000  P(det)@0.05 naive/cfar power_one_sided 0.176/0.119 power_two_sided 0.129/0.084 kurtosis 0.045/0.043 spec_cnn 0.162/0.127 lrt_noise 0.623/0.191  (9s)
    JSR  -24.0 dB  BER 0.00e+00  PER 0.000  P(det)@0.05 naive/cfar power_one_sided 0.166/0.117 power_two_sided 0.127/0.088 kurtosis 0.051/0.045 spec_cnn 0.148/0.125 lrt_noise 0.705/0.213  (9s)
    JSR  -23.0 dB  BER 0.00e+00  PER 0.000  P(det)@0.05 naive/cfar power_one_sided 0.264/0.178 power_two_sided 0.182/0.135 kurtosis 0.053/0.051 spec_cnn 0.178/0.146 lrt_noise 0.857/0.369  (9s)
    JSR  -22.0 dB  BER 0.00e+00  PER 0.000  P(det)@0.05 naive/cfar power_one_sided 0.287/0.225 power_two_sided 0.225/0.166 kurtosis 0.062/0.055 spec_cnn 0.217/0.193 lrt_noise 0.914/0.477  (10s)
    JSR  -21.0 dB  BER 0.00e+00  PER 0.000  P(det)@0.05 naive/cfar power_one_sided 0.350/0.258 power_two_sided 0.258/0.189 kurtosis 0.061/0.055 spec_cnn 0.252/0.203 lrt_noise 0.973/0.648  (10s)
    JSR  -20.0 dB  BER 0.00e+00  PER 0.000  P(det)@0.05 naive/cfar power_one_sided 0.428/0.342 power_two_sided 0.344/0.252 kurtosis 0.080/0.068 spec_cnn 0.303/0.248 lrt_noise 0.992/0.807  (10s)
    JSR  -19.0 dB  BER 0.00e+00  PER 0.000  P(det)@0.05 naive/cfar power_one_sided 0.619/0.525 power_two_sided 0.525/0.422 kurtosis 0.086/0.078 spec_cnn 0.455/0.387 lrt_noise 1.000/0.973  (11s)
    JSR  -18.0 dB  BER 0.00e+00  PER 0.000  P(det)@0.05 naive/cfar power_one_sided 0.756/0.668 power_two_sided 0.666/0.580 kurtosis 0.115/0.113 spec_cnn 0.600/0.533 lrt_noise 1.000/0.998  (11s)
    JSR  -17.0 dB  BER 0.00e+00  PER 0.000  P(det)@0.05 naive/cfar power_one_sided 0.877/0.828 power_two_sided 0.826/0.729 kurtosis 0.146/0.143 spec_cnn 0.750/0.674 lrt_noise 1.000/1.000  (11s)
    JSR  -16.0 dB  BER 0.00e+00  PER 0.000  P(det)@0.05 naive/cfar power_one_sided 0.971/0.939 power_two_sided 0.938/0.906 kurtosis 0.201/0.195 spec_cnn 0.922/0.893 lrt_noise 1.000/1.000  (12s)
    JSR  -15.0 dB  BER 0.00e+00  PER 0.000  P(det)@0.05 naive/cfar power_one_sided 0.992/0.975 power_two_sided 0.975/0.967 kurtosis 0.281/0.273 spec_cnn 0.971/0.961 lrt_noise 1.000/1.000  (12s)
    JSR  -14.0 dB  BER 0.00e+00  PER 0.000  P(det)@0.05 naive/cfar power_one_sided 0.996/0.994 power_two_sided 0.994/0.992 kurtosis 0.410/0.395 spec_cnn 0.998/0.998 lrt_noise 1.000/1.000  (12s)
    JSR  -13.0 dB  BER 0.00e+00  PER 0.000  P(det)@0.05 naive/cfar power_one_sided 1.000/1.000 power_two_sided 1.000/1.000 kurtosis 0.539/0.521 spec_cnn 0.998/0.998 lrt_noise 1.000/1.000  (13s)
    JSR  -12.0 dB  BER 0.00e+00  PER 0.000  P(det)@0.05 naive/cfar power_one_sided 1.000/1.000 power_two_sided 1.000/1.000 kurtosis 0.717/0.701 spec_cnn 1.000/1.000 lrt_noise 1.000/1.000  (13s)
    JSR  -11.0 dB  BER 0.00e+00  PER 0.000  P(det)@0.05 naive/cfar power_one_sided 1.000/1.000 power_two_sided 1.000/1.000 kurtosis 0.859/0.852 spec_cnn 1.000/1.000 lrt_noise 1.000/1.000  (13s)
    JSR  -10.0 dB  BER 0.00e+00  PER 0.000  P(det)@0.05 naive/cfar power_one_sided 1.000/1.000 power_two_sided 1.000/1.000 kurtosis 0.967/0.961 spec_cnn 1.000/1.000 lrt_noise 1.000/1.000  (14s)
    JSR   -9.0 dB  BER 0.00e+00  PER 0.000  P(det)@0.05 naive/cfar power_one_sided 1.000/1.000 power_two_sided 1.000/1.000 kurtosis 1.000/1.000 spec_cnn 1.000/1.000 lrt_noise 1.000/1.000  (14s)
    JSR   -8.0 dB  BER 0.00e+00  PER 0.000  P(det)@0.05 naive/cfar power_one_sided 1.000/1.000 power_two_sided 1.000/1.000 kurtosis 1.000/1.000 spec_cnn 1.000/1.000 lrt_noise 1.000/1.000  (14s)
    JSR   -7.0 dB  BER 0.00e+00  PER 0.000  P(det)@0.05 naive/cfar power_one_sided 1.000/1.000 power_two_sided 1.000/1.000 kurtosis 1.000/1.000 spec_cnn 1.000/1.000 lrt_noise 1.000/1.000  (15s)
    JSR   -6.0 dB  BER 0.00e+00  PER 0.000  P(det)@0.05 naive/cfar power_one_sided 1.000/1.000 power_two_sided 1.000/1.000 kurtosis 1.000/1.000 spec_cnn 1.000/1.000 lrt_noise 1.000/1.000  (15s)
    JSR   -5.0 dB  BER 0.00e+00  PER 0.000  P(det)@0.05 naive/cfar power_one_sided 1.000/1.000 power_two_sided 1.000/1.000 kurtosis 1.000/1.000 spec_cnn 1.000/1.000 lrt_noise 1.000/1.000  (15s)
    JSR   -4.0 dB  BER 7.63e-06  PER 0.002  P(det)@0.05 naive/cfar power_one_sided 1.000/1.000 power_two_sided 1.000/1.000 kurtosis 1.000/1.000 spec_cnn 1.000/1.000 lrt_noise 1.000/1.000  (16s)
    JSR   -3.0 dB  BER 4.58e-05  PER 0.012  P(det)@0.05 naive/cfar power_one_sided 1.000/1.000 power_two_sided 1.000/1.000 kurtosis 1.000/1.000 spec_cnn 1.000/1.000 lrt_noise 1.000/1.000  (16s)
    JSR   -2.0 dB  BER 2.37e-04  PER 0.059  P(det)@0.05 naive/cfar power_one_sided 1.000/1.000 power_two_sided 1.000/1.000 kurtosis 1.000/1.000 spec_cnn 1.000/1.000 lrt_noise 1.000/1.000  (16s)
    JSR   -1.0 dB  BER 8.85e-04  PER 0.207  P(det)@0.05 naive/cfar power_one_sided 1.000/1.000 power_two_sided 1.000/1.000 kurtosis 1.000/1.000 spec_cnn 1.000/1.000 lrt_noise 1.000/1.000  (17s)
    JSR   +0.0 dB  BER 2.85e-03  PER 0.529  P(det)@0.05 naive/cfar power_one_sided 1.000/1.000 power_two_sided 1.000/1.000 kurtosis 1.000/1.000 spec_cnn 1.000/1.000 lrt_noise 1.000/1.000  (17s)
    JSR   +1.0 dB  BER 6.17e-03  PER 0.803  P(det)@0.05 naive/cfar power_one_sided 1.000/1.000 power_two_sided 1.000/1.000 kurtosis 1.000/1.000 spec_cnn 1.000/1.000 lrt_noise 1.000/1.000  (17s)
    JSR   +2.0 dB  BER 1.24e-02  PER 0.949  P(det)@0.05 naive/cfar power_one_sided 1.000/1.000 power_two_sided 1.000/1.000 kurtosis 1.000/1.000 spec_cnn 1.000/1.000 lrt_noise 1.000/1.000  (18s)
    JSR   +3.0 dB  BER 2.38e-02  PER 1.000  P(det)@0.05 naive/cfar power_one_sided 1.000/1.000 power_two_sided 1.000/1.000 kurtosis 1.000/1.000 spec_cnn 1.000/1.000 lrt_noise 1.000/1.000  (18s)
    JSR   +4.0 dB  BER 3.85e-02  PER 1.000  P(det)@0.05 naive/cfar power_one_sided 1.000/1.000 power_two_sided 1.000/1.000 kurtosis 1.000/1.000 spec_cnn 1.000/1.000 lrt_noise 1.000/1.000  (18s)
    JSR   +5.0 dB  BER 5.70e-02  PER 1.000  P(det)@0.05 naive/cfar power_one_sided 1.000/1.000 power_two_sided 1.000/1.000 kurtosis 1.000/1.000 spec_cnn 1.000/1.000 lrt_noise 1.000/1.000  (19s)
    JSR   +6.0 dB  BER 7.92e-02  PER 1.000  P(det)@0.05 naive/cfar power_one_sided 1.000/1.000 power_two_sided 1.000/1.000 kurtosis 1.000/1.000 spec_cnn 1.000/1.000 lrt_noise 1.000/1.000  (19s)
    JSR   +7.0 dB  BER 1.03e-01  PER 1.000  P(det)@0.05 naive/cfar power_one_sided 1.000/1.000 power_two_sided 1.000/1.000 kurtosis 1.000/1.000 spec_cnn 1.000/1.000 lrt_noise 1.000/1.000  (19s)
    JSR   +8.0 dB  BER 1.31e-01  PER 1.000  P(det)@0.05 naive/cfar power_one_sided 1.000/1.000 power_two_sided 1.000/1.000 kurtosis 1.000/1.000 spec_cnn 1.000/1.000 lrt_noise 1.000/1.000  (20s)
    JSR   +9.0 dB  BER 1.57e-01  PER 1.000  P(det)@0.05 naive/cfar power_one_sided 1.000/1.000 power_two_sided 1.000/1.000 kurtosis 1.000/1.000 spec_cnn 1.000/1.000 lrt_noise 1.000/1.000  (20s)
    JSR  +10.0 dB  BER 1.87e-01  PER 1.000  P(det)@0.05 naive/cfar power_one_sided 1.000/1.000 power_two_sided 1.000/1.000 kurtosis 1.000/1.000 spec_cnn 1.000/1.000 lrt_noise 1.000/1.000  (20s)
    JSR  +11.0 dB  BER 2.13e-01  PER 1.000  P(det)@0.05 naive/cfar power_one_sided 1.000/1.000 power_two_sided 1.000/1.000 kurtosis 1.000/1.000 spec_cnn 1.000/1.000 lrt_noise 1.000/1.000  (21s)
    JSR  +12.0 dB  BER 2.39e-01  PER 1.000  P(det)@0.05 naive/cfar power_one_sided 1.000/1.000 power_two_sided 1.000/1.000 kurtosis 1.000/1.000 spec_cnn 1.000/1.000 lrt_noise 1.000/1.000  (21s)
    JSR  +13.0 dB  BER 2.63e-01  PER 1.000  P(det)@0.05 naive/cfar power_one_sided 1.000/1.000 power_two_sided 1.000/1.000 kurtosis 1.000/1.000 spec_cnn 1.000/1.000 lrt_noise 1.000/1.000  (21s)
    JSR  +14.0 dB  BER 2.87e-01  PER 1.000  P(det)@0.05 naive/cfar power_one_sided 1.000/1.000 power_two_sided 1.000/1.000 kurtosis 1.000/1.000 spec_cnn 1.000/1.000 lrt_noise 1.000/1.000  (22s)
    JSR  +15.0 dB  BER 3.08e-01  PER 1.000  P(det)@0.05 naive/cfar power_one_sided 1.000/1.000 power_two_sided 1.000/1.000 kurtosis 1.000/1.000 spec_cnn 1.000/1.000 lrt_noise 1.000/1.000  (22s)
  [snr_15_unc_0.5] classical pulsed_p1
    JSR  -50.0 dB  BER 0.00e+00  PER 0.000  P(det)@0.05 naive/cfar power_one_sided 0.096/0.055 power_two_sided 0.078/0.051 kurtosis 0.049/0.043 spec_cnn 0.061/0.047  (0s)
    JSR  -49.0 dB  BER 0.00e+00  PER 0.000  P(det)@0.05 naive/cfar power_one_sided 0.088/0.051 power_two_sided 0.072/0.055 kurtosis 0.051/0.047 spec_cnn 0.074/0.059  (1s)
    JSR  -48.0 dB  BER 0.00e+00  PER 0.000  P(det)@0.05 naive/cfar power_one_sided 0.098/0.051 power_two_sided 0.086/0.039 kurtosis 0.043/0.043 spec_cnn 0.064/0.053  (1s)
    JSR  -47.0 dB  BER 0.00e+00  PER 0.000  P(det)@0.05 naive/cfar power_one_sided 0.066/0.047 power_two_sided 0.094/0.064 kurtosis 0.039/0.037 spec_cnn 0.061/0.045  (1s)
    JSR  -46.0 dB  BER 0.00e+00  PER 0.000  P(det)@0.05 naive/cfar power_one_sided 0.064/0.043 power_two_sided 0.076/0.039 kurtosis 0.057/0.051 spec_cnn 0.068/0.055  (2s)
    JSR  -45.0 dB  BER 0.00e+00  PER 0.000  P(det)@0.05 naive/cfar power_one_sided 0.074/0.051 power_two_sided 0.100/0.051 kurtosis 0.064/0.061 spec_cnn 0.057/0.051  (2s)
    JSR  -44.0 dB  BER 0.00e+00  PER 0.000  P(det)@0.05 naive/cfar power_one_sided 0.088/0.049 power_two_sided 0.068/0.041 kurtosis 0.070/0.070 spec_cnn 0.055/0.043  (2s)
    JSR  -43.0 dB  BER 0.00e+00  PER 0.000  P(det)@0.05 naive/cfar power_one_sided 0.072/0.043 power_two_sided 0.090/0.049 kurtosis 0.064/0.057 spec_cnn 0.062/0.049  (3s)
    JSR  -42.0 dB  BER 0.00e+00  PER 0.000  P(det)@0.05 naive/cfar power_one_sided 0.090/0.045 power_two_sided 0.078/0.057 kurtosis 0.051/0.047 spec_cnn 0.078/0.061  (3s)
    JSR  -41.0 dB  BER 0.00e+00  PER 0.000  P(det)@0.05 naive/cfar power_one_sided 0.086/0.045 power_two_sided 0.082/0.047 kurtosis 0.043/0.037 spec_cnn 0.070/0.064  (3s)
    JSR  -40.0 dB  BER 0.00e+00  PER 0.000  P(det)@0.05 naive/cfar power_one_sided 0.104/0.057 power_two_sided 0.109/0.066 kurtosis 0.053/0.053 spec_cnn 0.053/0.043  (3s)
    JSR  -39.0 dB  BER 0.00e+00  PER 0.000  P(det)@0.05 naive/cfar power_one_sided 0.102/0.057 power_two_sided 0.100/0.066 kurtosis 0.070/0.066 spec_cnn 0.088/0.068  (4s)
    JSR  -38.0 dB  BER 0.00e+00  PER 0.000  P(det)@0.05 naive/cfar power_one_sided 0.102/0.061 power_two_sided 0.111/0.061 kurtosis 0.045/0.045 spec_cnn 0.084/0.064  (4s)
    JSR  -37.0 dB  BER 0.00e+00  PER 0.000  P(det)@0.05 naive/cfar power_one_sided 0.062/0.051 power_two_sided 0.078/0.047 kurtosis 0.053/0.047 spec_cnn 0.055/0.047  (4s)
    JSR  -36.0 dB  BER 0.00e+00  PER 0.000  P(det)@0.05 naive/cfar power_one_sided 0.076/0.049 power_two_sided 0.082/0.059 kurtosis 0.061/0.061 spec_cnn 0.066/0.055  (5s)
    JSR  -35.0 dB  BER 0.00e+00  PER 0.000  P(det)@0.05 naive/cfar power_one_sided 0.115/0.088 power_two_sided 0.105/0.062 kurtosis 0.055/0.055 spec_cnn 0.080/0.057  (5s)
    JSR  -34.0 dB  BER 0.00e+00  PER 0.000  P(det)@0.05 naive/cfar power_one_sided 0.086/0.059 power_two_sided 0.088/0.047 kurtosis 0.049/0.043 spec_cnn 0.061/0.047  (5s)
    JSR  -33.0 dB  BER 0.00e+00  PER 0.000  P(det)@0.05 naive/cfar power_one_sided 0.084/0.051 power_two_sided 0.090/0.043 kurtosis 0.057/0.047 spec_cnn 0.098/0.074  (5s)
    JSR  -32.0 dB  BER 0.00e+00  PER 0.000  P(det)@0.05 naive/cfar power_one_sided 0.105/0.062 power_two_sided 0.109/0.055 kurtosis 0.047/0.043 spec_cnn 0.088/0.068  (6s)
    JSR  -31.0 dB  BER 0.00e+00  PER 0.000  P(det)@0.05 naive/cfar power_one_sided 0.109/0.068 power_two_sided 0.102/0.061 kurtosis 0.057/0.053 spec_cnn 0.088/0.068  (6s)
    JSR  -30.0 dB  BER 0.00e+00  PER 0.000  P(det)@0.05 naive/cfar power_one_sided 0.135/0.086 power_two_sided 0.109/0.066 kurtosis 0.070/0.057 spec_cnn 0.084/0.062  (6s)
    JSR  -29.0 dB  BER 0.00e+00  PER 0.000  P(det)@0.05 naive/cfar power_one_sided 0.121/0.086 power_two_sided 0.117/0.068 kurtosis 0.051/0.049 spec_cnn 0.090/0.070  (7s)
    JSR  -28.0 dB  BER 0.00e+00  PER 0.000  P(det)@0.05 naive/cfar power_one_sided 0.117/0.094 power_two_sided 0.137/0.090 kurtosis 0.045/0.045 spec_cnn 0.078/0.066  (7s)
    JSR  -27.0 dB  BER 0.00e+00  PER 0.000  P(det)@0.05 naive/cfar power_one_sided 0.148/0.111 power_two_sided 0.176/0.111 kurtosis 0.055/0.049 spec_cnn 0.100/0.082  (7s)
    JSR  -26.0 dB  BER 0.00e+00  PER 0.000  P(det)@0.05 naive/cfar power_one_sided 0.176/0.141 power_two_sided 0.172/0.115 kurtosis 0.061/0.057 spec_cnn 0.111/0.092  (8s)
    JSR  -25.0 dB  BER 0.00e+00  PER 0.000  P(det)@0.05 naive/cfar power_one_sided 0.197/0.148 power_two_sided 0.182/0.119 kurtosis 0.057/0.051 spec_cnn 0.100/0.076  (8s)
    JSR  -24.0 dB  BER 0.00e+00  PER 0.000  P(det)@0.05 naive/cfar power_one_sided 0.209/0.146 power_two_sided 0.188/0.141 kurtosis 0.062/0.057 spec_cnn 0.098/0.086  (8s)
    JSR  -23.0 dB  BER 0.00e+00  PER 0.000  P(det)@0.05 naive/cfar power_one_sided 0.232/0.188 power_two_sided 0.227/0.172 kurtosis 0.062/0.061 spec_cnn 0.119/0.104  (8s)
    JSR  -22.0 dB  BER 0.00e+00  PER 0.000  P(det)@0.05 naive/cfar power_one_sided 0.322/0.252 power_two_sided 0.297/0.234 kurtosis 0.088/0.084 spec_cnn 0.115/0.092  (9s)
    JSR  -21.0 dB  BER 0.00e+00  PER 0.000  P(det)@0.05 naive/cfar power_one_sided 0.355/0.295 power_two_sided 0.330/0.270 kurtosis 0.086/0.082 spec_cnn 0.158/0.131  (9s)
    JSR  -20.0 dB  BER 0.00e+00  PER 0.000  P(det)@0.05 naive/cfar power_one_sided 0.471/0.418 power_two_sided 0.455/0.398 kurtosis 0.102/0.102 spec_cnn 0.148/0.137  (9s)
    JSR  -19.0 dB  BER 0.00e+00  PER 0.000  P(det)@0.05 naive/cfar power_one_sided 0.541/0.477 power_two_sided 0.502/0.426 kurtosis 0.113/0.111 spec_cnn 0.186/0.148  (10s)
    JSR  -18.0 dB  BER 0.00e+00  PER 0.000  P(det)@0.05 naive/cfar power_one_sided 0.588/0.539 power_two_sided 0.566/0.502 kurtosis 0.160/0.152 spec_cnn 0.256/0.215  (10s)
    JSR  -17.0 dB  BER 0.00e+00  PER 0.000  P(det)@0.05 naive/cfar power_one_sided 0.693/0.641 power_two_sided 0.662/0.594 kurtosis 0.203/0.197 spec_cnn 0.254/0.213  (10s)
    JSR  -16.0 dB  BER 0.00e+00  PER 0.000  P(det)@0.05 naive/cfar power_one_sided 0.771/0.746 power_two_sided 0.762/0.727 kurtosis 0.311/0.293 spec_cnn 0.303/0.264  (11s)
    JSR  -15.0 dB  BER 0.00e+00  PER 0.000  P(det)@0.05 naive/cfar power_one_sided 0.812/0.787 power_two_sided 0.803/0.768 kurtosis 0.402/0.389 spec_cnn 0.344/0.295  (11s)
    JSR  -14.0 dB  BER 0.00e+00  PER 0.000  P(det)@0.05 naive/cfar power_one_sided 0.889/0.867 power_two_sided 0.873/0.852 kurtosis 0.584/0.576 spec_cnn 0.369/0.316  (11s)
    JSR  -13.0 dB  BER 0.00e+00  PER 0.000  P(det)@0.05 naive/cfar power_one_sided 0.947/0.939 power_two_sided 0.947/0.938 kurtosis 0.756/0.744 spec_cnn 0.402/0.361  (11s)
    JSR  -12.0 dB  BER 0.00e+00  PER 0.000  P(det)@0.05 naive/cfar power_one_sided 0.971/0.969 power_two_sided 0.971/0.967 kurtosis 0.887/0.881 spec_cnn 0.416/0.377  (12s)
    JSR  -11.0 dB  BER 0.00e+00  PER 0.000  P(det)@0.05 naive/cfar power_one_sided 0.988/0.984 power_two_sided 0.984/0.979 kurtosis 0.973/0.971 spec_cnn 0.510/0.480  (12s)
    JSR  -10.0 dB  BER 0.00e+00  PER 0.000  P(det)@0.05 naive/cfar power_one_sided 0.998/0.998 power_two_sided 0.998/0.998 kurtosis 0.992/0.990 spec_cnn 0.562/0.516  (12s)
    JSR   -9.0 dB  BER 0.00e+00  PER 0.000  P(det)@0.05 naive/cfar power_one_sided 0.994/0.994 power_two_sided 0.994/0.994 kurtosis 0.998/0.998 spec_cnn 0.586/0.537  (13s)
    JSR   -8.0 dB  BER 7.63e-06  PER 0.002  P(det)@0.05 naive/cfar power_one_sided 0.998/0.998 power_two_sided 0.998/0.998 kurtosis 1.000/1.000 spec_cnn 0.660/0.621  (13s)
    JSR   -7.0 dB  BER 2.82e-04  PER 0.062  P(det)@0.05 naive/cfar power_one_sided 1.000/1.000 power_two_sided 1.000/1.000 kurtosis 1.000/1.000 spec_cnn 0.688/0.652  (13s)
    JSR   -6.0 dB  BER 2.29e-03  PER 0.301  P(det)@0.05 naive/cfar power_one_sided 1.000/1.000 power_two_sided 1.000/1.000 kurtosis 1.000/1.000 spec_cnn 0.760/0.721  (13s)
    JSR   -5.0 dB  BER 9.35e-03  PER 0.615  P(det)@0.05 naive/cfar power_one_sided 1.000/1.000 power_two_sided 1.000/1.000 kurtosis 1.000/1.000 spec_cnn 0.797/0.773  (14s)
    JSR   -4.0 dB  BER 2.61e-02  PER 0.852  P(det)@0.05 naive/cfar power_one_sided 1.000/1.000 power_two_sided 1.000/1.000 kurtosis 1.000/1.000 spec_cnn 0.809/0.793  (14s)
    JSR   -3.0 dB  BER 6.07e-02  PER 0.951  P(det)@0.05 naive/cfar power_one_sided 1.000/1.000 power_two_sided 1.000/1.000 kurtosis 1.000/1.000 spec_cnn 0.910/0.896  (14s)
    JSR   -2.0 dB  BER 1.11e-01  PER 0.994  P(det)@0.05 naive/cfar power_one_sided 1.000/1.000 power_two_sided 1.000/1.000 kurtosis 1.000/1.000 spec_cnn 0.939/0.918  (15s)
    JSR   -1.0 dB  BER 1.60e-01  PER 1.000  P(det)@0.05 naive/cfar power_one_sided 1.000/1.000 power_two_sided 1.000/1.000 kurtosis 1.000/1.000 spec_cnn 0.975/0.965  (15s)
    JSR   +0.0 dB  BER 2.01e-01  PER 1.000  P(det)@0.05 naive/cfar power_one_sided 1.000/1.000 power_two_sided 1.000/1.000 kurtosis 1.000/1.000 spec_cnn 0.982/0.980  (15s)
    JSR   +1.0 dB  BER 2.33e-01  PER 1.000  P(det)@0.05 naive/cfar power_one_sided 1.000/1.000 power_two_sided 1.000/1.000 kurtosis 1.000/1.000 spec_cnn 0.996/0.994  (16s)
    JSR   +2.0 dB  BER 2.64e-01  PER 1.000  P(det)@0.05 naive/cfar power_one_sided 1.000/1.000 power_two_sided 1.000/1.000 kurtosis 1.000/1.000 spec_cnn 1.000/1.000  (16s)
    JSR   +3.0 dB  BER 2.91e-01  PER 1.000  P(det)@0.05 naive/cfar power_one_sided 1.000/1.000 power_two_sided 1.000/1.000 kurtosis 1.000/1.000 spec_cnn 1.000/1.000  (16s)
    JSR   +4.0 dB  BER 3.10e-01  PER 1.000  P(det)@0.05 naive/cfar power_one_sided 1.000/1.000 power_two_sided 1.000/1.000 kurtosis 1.000/1.000 spec_cnn 1.000/1.000  (16s)
    JSR   +5.0 dB  BER 3.30e-01  PER 1.000  P(det)@0.05 naive/cfar power_one_sided 1.000/1.000 power_two_sided 1.000/1.000 kurtosis 0.980/0.980 spec_cnn 1.000/1.000  (17s)
    JSR   +6.0 dB  BER 3.47e-01  PER 1.000  P(det)@0.05 naive/cfar power_one_sided 1.000/1.000 power_two_sided 1.000/1.000 kurtosis 0.863/0.852 spec_cnn 1.000/1.000  (17s)
    JSR   +7.0 dB  BER 3.61e-01  PER 1.000  P(det)@0.05 naive/cfar power_one_sided 1.000/1.000 power_two_sided 1.000/1.000 kurtosis 0.607/0.600 spec_cnn 1.000/1.000  (17s)
    JSR   +8.0 dB  BER 3.75e-01  PER 1.000  P(det)@0.05 naive/cfar power_one_sided 1.000/1.000 power_two_sided 1.000/1.000 kurtosis 0.193/0.191 spec_cnn 1.000/1.000  (18s)
    JSR   +9.0 dB  BER 3.91e-01  PER 1.000  P(det)@0.05 naive/cfar power_one_sided 1.000/1.000 power_two_sided 1.000/1.000 kurtosis 0.141/0.123 spec_cnn 1.000/1.000  (18s)
    JSR  +10.0 dB  BER 4.07e-01  PER 1.000  P(det)@0.05 naive/cfar power_one_sided 1.000/1.000 power_two_sided 1.000/1.000 kurtosis 0.408/0.395 spec_cnn 1.000/1.000  (18s)
    JSR  +11.0 dB  BER 4.13e-01  PER 1.000  P(det)@0.05 naive/cfar power_one_sided 1.000/1.000 power_two_sided 1.000/1.000 kurtosis 0.799/0.791 spec_cnn 1.000/1.000  (18s)
    JSR  +12.0 dB  BER 4.17e-01  PER 1.000  P(det)@0.05 naive/cfar power_one_sided 1.000/1.000 power_two_sided 1.000/1.000 kurtosis 0.951/0.943 spec_cnn 1.000/1.000  (19s)
    JSR  +13.0 dB  BER 4.31e-01  PER 1.000  P(det)@0.05 naive/cfar power_one_sided 1.000/1.000 power_two_sided 1.000/1.000 kurtosis 0.994/0.994 spec_cnn 1.000/1.000  (19s)
    JSR  +14.0 dB  BER 4.40e-01  PER 1.000  P(det)@0.05 naive/cfar power_one_sided 1.000/1.000 power_two_sided 1.000/1.000 kurtosis 1.000/1.000 spec_cnn 1.000/1.000  (19s)
    JSR  +15.0 dB  BER 4.43e-01  PER 1.000  P(det)@0.05 naive/cfar power_one_sided 1.000/1.000 power_two_sided 1.000/1.000 kurtosis 0.998/0.998 spec_cnn 1.000/1.000  (20s)
  [snr_15_unc_0.5] classical pulsed_p0.5
    JSR  -50.0 dB  BER 0.00e+00  PER 0.000  P(det)@0.05 naive/cfar power_one_sided 0.094/0.061 power_two_sided 0.105/0.061 kurtosis 0.059/0.051 spec_cnn 0.064/0.049  (0s)
    JSR  -49.0 dB  BER 0.00e+00  PER 0.000  P(det)@0.05 naive/cfar power_one_sided 0.064/0.031 power_two_sided 0.057/0.031 kurtosis 0.045/0.043 spec_cnn 0.080/0.059  (1s)
    JSR  -48.0 dB  BER 0.00e+00  PER 0.000  P(det)@0.05 naive/cfar power_one_sided 0.082/0.045 power_two_sided 0.092/0.047 kurtosis 0.076/0.070 spec_cnn 0.094/0.078  (1s)
    JSR  -47.0 dB  BER 0.00e+00  PER 0.000  P(det)@0.05 naive/cfar power_one_sided 0.090/0.055 power_two_sided 0.100/0.064 kurtosis 0.068/0.064 spec_cnn 0.061/0.049  (1s)
    JSR  -46.0 dB  BER 0.00e+00  PER 0.000  P(det)@0.05 naive/cfar power_one_sided 0.078/0.045 power_two_sided 0.092/0.059 kurtosis 0.047/0.045 spec_cnn 0.068/0.055  (1s)
    JSR  -45.0 dB  BER 0.00e+00  PER 0.000  P(det)@0.05 naive/cfar power_one_sided 0.088/0.051 power_two_sided 0.094/0.051 kurtosis 0.062/0.057 spec_cnn 0.074/0.049  (2s)
    JSR  -44.0 dB  BER 0.00e+00  PER 0.000  P(det)@0.05 naive/cfar power_one_sided 0.078/0.043 power_two_sided 0.086/0.053 kurtosis 0.037/0.031 spec_cnn 0.049/0.039  (2s)
    JSR  -43.0 dB  BER 0.00e+00  PER 0.000  P(det)@0.05 naive/cfar power_one_sided 0.104/0.055 power_two_sided 0.086/0.031 kurtosis 0.053/0.045 spec_cnn 0.053/0.047  (2s)
    JSR  -42.0 dB  BER 0.00e+00  PER 0.000  P(det)@0.05 naive/cfar power_one_sided 0.078/0.045 power_two_sided 0.084/0.057 kurtosis 0.031/0.031 spec_cnn 0.061/0.049  (3s)
    JSR  -41.0 dB  BER 0.00e+00  PER 0.000  P(det)@0.05 naive/cfar power_one_sided 0.051/0.031 power_two_sided 0.082/0.043 kurtosis 0.061/0.057 spec_cnn 0.045/0.039  (3s)
    JSR  -40.0 dB  BER 0.00e+00  PER 0.000  P(det)@0.05 naive/cfar power_one_sided 0.076/0.041 power_two_sided 0.064/0.051 kurtosis 0.068/0.061 spec_cnn 0.061/0.041  (3s)
    JSR  -39.0 dB  BER 0.00e+00  PER 0.000  P(det)@0.05 naive/cfar power_one_sided 0.074/0.043 power_two_sided 0.088/0.064 kurtosis 0.062/0.059 spec_cnn 0.074/0.057  (4s)
    JSR  -38.0 dB  BER 0.00e+00  PER 0.000  P(det)@0.05 naive/cfar power_one_sided 0.078/0.055 power_two_sided 0.084/0.037 kurtosis 0.047/0.045 spec_cnn 0.070/0.053  (4s)
    JSR  -37.0 dB  BER 0.00e+00  PER 0.000  P(det)@0.05 naive/cfar power_one_sided 0.072/0.045 power_two_sided 0.090/0.047 kurtosis 0.051/0.047 spec_cnn 0.082/0.062  (4s)
    JSR  -36.0 dB  BER 0.00e+00  PER 0.000  P(det)@0.05 naive/cfar power_one_sided 0.068/0.041 power_two_sided 0.084/0.049 kurtosis 0.037/0.035 spec_cnn 0.070/0.059  (4s)
    JSR  -35.0 dB  BER 0.00e+00  PER 0.000  P(det)@0.05 naive/cfar power_one_sided 0.084/0.051 power_two_sided 0.092/0.037 kurtosis 0.037/0.031 spec_cnn 0.049/0.043  (5s)
    JSR  -34.0 dB  BER 0.00e+00  PER 0.000  P(det)@0.05 naive/cfar power_one_sided 0.076/0.047 power_two_sided 0.094/0.059 kurtosis 0.049/0.045 spec_cnn 0.088/0.072  (5s)
    JSR  -33.0 dB  BER 0.00e+00  PER 0.000  P(det)@0.05 naive/cfar power_one_sided 0.107/0.076 power_two_sided 0.117/0.059 kurtosis 0.053/0.047 spec_cnn 0.064/0.053  (5s)
    JSR  -32.0 dB  BER 0.00e+00  PER 0.000  P(det)@0.05 naive/cfar power_one_sided 0.107/0.055 power_two_sided 0.088/0.055 kurtosis 0.070/0.064 spec_cnn 0.059/0.037  (6s)
    JSR  -31.0 dB  BER 0.00e+00  PER 0.000  P(det)@0.05 naive/cfar power_one_sided 0.119/0.080 power_two_sided 0.115/0.076 kurtosis 0.055/0.049 spec_cnn 0.080/0.059  (6s)
    JSR  -30.0 dB  BER 0.00e+00  PER 0.000  P(det)@0.05 naive/cfar power_one_sided 0.107/0.078 power_two_sided 0.119/0.068 kurtosis 0.055/0.049 spec_cnn 0.082/0.064  (6s)
    JSR  -29.0 dB  BER 0.00e+00  PER 0.000  P(det)@0.05 naive/cfar power_one_sided 0.133/0.090 power_two_sided 0.145/0.084 kurtosis 0.053/0.053 spec_cnn 0.064/0.051  (6s)
    JSR  -28.0 dB  BER 0.00e+00  PER 0.000  P(det)@0.05 naive/cfar power_one_sided 0.127/0.092 power_two_sided 0.141/0.082 kurtosis 0.061/0.055 spec_cnn 0.084/0.062  (7s)
    JSR  -27.0 dB  BER 0.00e+00  PER 0.000  P(det)@0.05 naive/cfar power_one_sided 0.191/0.131 power_two_sided 0.160/0.115 kurtosis 0.055/0.053 spec_cnn 0.109/0.102  (7s)
    JSR  -26.0 dB  BER 0.00e+00  PER 0.000  P(det)@0.05 naive/cfar power_one_sided 0.170/0.127 power_two_sided 0.168/0.104 kurtosis 0.070/0.064 spec_cnn 0.088/0.062  (7s)
    JSR  -25.0 dB  BER 0.00e+00  PER 0.000  P(det)@0.05 naive/cfar power_one_sided 0.213/0.170 power_two_sided 0.209/0.146 kurtosis 0.061/0.059 spec_cnn 0.107/0.082  (8s)
    JSR  -24.0 dB  BER 0.00e+00  PER 0.000  P(det)@0.05 naive/cfar power_one_sided 0.244/0.162 power_two_sided 0.203/0.158 kurtosis 0.086/0.078 spec_cnn 0.127/0.102  (8s)
    JSR  -23.0 dB  BER 0.00e+00  PER 0.000  P(det)@0.05 naive/cfar power_one_sided 0.268/0.191 power_two_sided 0.244/0.168 kurtosis 0.061/0.055 spec_cnn 0.109/0.096  (8s)
    JSR  -22.0 dB  BER 0.00e+00  PER 0.000  P(det)@0.05 naive/cfar power_one_sided 0.350/0.277 power_two_sided 0.303/0.246 kurtosis 0.084/0.074 spec_cnn 0.133/0.100  (9s)
    JSR  -21.0 dB  BER 0.00e+00  PER 0.000  P(det)@0.05 naive/cfar power_one_sided 0.332/0.268 power_two_sided 0.309/0.230 kurtosis 0.082/0.078 spec_cnn 0.137/0.117  (9s)
    JSR  -20.0 dB  BER 0.00e+00  PER 0.000  P(det)@0.05 naive/cfar power_one_sided 0.416/0.338 power_two_sided 0.371/0.318 kurtosis 0.100/0.098 spec_cnn 0.145/0.105  (9s)
    JSR  -19.0 dB  BER 0.00e+00  PER 0.000  P(det)@0.05 naive/cfar power_one_sided 0.551/0.484 power_two_sided 0.512/0.443 kurtosis 0.092/0.092 spec_cnn 0.209/0.174  (9s)
    JSR  -18.0 dB  BER 0.00e+00  PER 0.000  P(det)@0.05 naive/cfar power_one_sided 0.584/0.527 power_two_sided 0.564/0.502 kurtosis 0.170/0.162 spec_cnn 0.215/0.170  (10s)
    JSR  -17.0 dB  BER 0.00e+00  PER 0.000  P(det)@0.05 naive/cfar power_one_sided 0.703/0.658 power_two_sided 0.672/0.639 kurtosis 0.254/0.248 spec_cnn 0.242/0.203  (10s)
    JSR  -16.0 dB  BER 0.00e+00  PER 0.000  P(det)@0.05 naive/cfar power_one_sided 0.727/0.684 power_two_sided 0.705/0.670 kurtosis 0.299/0.291 spec_cnn 0.285/0.256  (10s)
    JSR  -15.0 dB  BER 0.00e+00  PER 0.000  P(det)@0.05 naive/cfar power_one_sided 0.863/0.822 power_two_sided 0.828/0.809 kurtosis 0.449/0.439 spec_cnn 0.312/0.281  (11s)
    JSR  -14.0 dB  BER 0.00e+00  PER 0.000  P(det)@0.05 naive/cfar power_one_sided 0.896/0.865 power_two_sided 0.875/0.852 kurtosis 0.609/0.598 spec_cnn 0.330/0.299  (11s)
    JSR  -13.0 dB  BER 0.00e+00  PER 0.000  P(det)@0.05 naive/cfar power_one_sided 0.926/0.912 power_two_sided 0.910/0.893 kurtosis 0.764/0.760 spec_cnn 0.389/0.338  (11s)
    JSR  -12.0 dB  BER 0.00e+00  PER 0.000  P(det)@0.05 naive/cfar power_one_sided 0.969/0.961 power_two_sided 0.965/0.957 kurtosis 0.916/0.908 spec_cnn 0.414/0.379  (12s)
    JSR  -11.0 dB  BER 7.63e-06  PER 0.002  P(det)@0.05 naive/cfar power_one_sided 0.984/0.980 power_two_sided 0.982/0.980 kurtosis 0.963/0.963 spec_cnn 0.428/0.393  (12s)
    JSR  -10.0 dB  BER 2.29e-05  PER 0.006  P(det)@0.05 naive/cfar power_one_sided 0.998/0.996 power_two_sided 0.996/0.996 kurtosis 0.998/0.998 spec_cnn 0.480/0.434  (12s)
    JSR   -9.0 dB  BER 3.59e-04  PER 0.082  P(det)@0.05 naive/cfar power_one_sided 0.994/0.994 power_two_sided 0.994/0.992 kurtosis 1.000/1.000 spec_cnn 0.549/0.512  (12s)
    JSR   -8.0 dB  BER 1.90e-03  PER 0.283  P(det)@0.05 naive/cfar power_one_sided 1.000/1.000 power_two_sided 1.000/1.000 kurtosis 1.000/1.000 spec_cnn 0.637/0.594  (13s)
    JSR   -7.0 dB  BER 6.77e-03  PER 0.639  P(det)@0.05 naive/cfar power_one_sided 1.000/1.000 power_two_sided 1.000/1.000 kurtosis 1.000/1.000 spec_cnn 0.643/0.580  (13s)
    JSR   -6.0 dB  BER 2.10e-02  PER 0.910  P(det)@0.05 naive/cfar power_one_sided 1.000/1.000 power_two_sided 1.000/1.000 kurtosis 1.000/1.000 spec_cnn 0.697/0.662  (13s)
    JSR   -5.0 dB  BER 4.69e-02  PER 0.980  P(det)@0.05 naive/cfar power_one_sided 1.000/1.000 power_two_sided 1.000/1.000 kurtosis 1.000/1.000 spec_cnn 0.779/0.727  (14s)
    JSR   -4.0 dB  BER 6.79e-02  PER 1.000  P(det)@0.05 naive/cfar power_one_sided 1.000/1.000 power_two_sided 1.000/1.000 kurtosis 1.000/1.000 spec_cnn 0.859/0.824  (14s)
    JSR   -3.0 dB  BER 9.65e-02  PER 1.000  P(det)@0.05 naive/cfar power_one_sided 1.000/1.000 power_two_sided 1.000/1.000 kurtosis 1.000/1.000 spec_cnn 0.855/0.836  (14s)
    JSR   -2.0 dB  BER 1.18e-01  PER 1.000  P(det)@0.05 naive/cfar power_one_sided 1.000/1.000 power_two_sided 1.000/1.000 kurtosis 1.000/1.000 spec_cnn 0.924/0.918  (14s)
    JSR   -1.0 dB  BER 1.36e-01  PER 1.000  P(det)@0.05 naive/cfar power_one_sided 1.000/1.000 power_two_sided 1.000/1.000 kurtosis 1.000/1.000 spec_cnn 0.975/0.973  (15s)
    JSR   +0.0 dB  BER 1.56e-01  PER 1.000  P(det)@0.05 naive/cfar power_one_sided 1.000/1.000 power_two_sided 1.000/1.000 kurtosis 1.000/1.000 spec_cnn 0.988/0.982  (15s)
    JSR   +1.0 dB  BER 1.75e-01  PER 1.000  P(det)@0.05 naive/cfar power_one_sided 1.000/1.000 power_two_sided 1.000/1.000 kurtosis 1.000/1.000 spec_cnn 0.996/0.996  (15s)
    JSR   +2.0 dB  BER 1.83e-01  PER 1.000  P(det)@0.05 naive/cfar power_one_sided 1.000/1.000 power_two_sided 1.000/1.000 kurtosis 1.000/1.000 spec_cnn 1.000/1.000  (16s)
    JSR   +3.0 dB  BER 1.98e-01  PER 1.000  P(det)@0.05 naive/cfar power_one_sided 1.000/1.000 power_two_sided 1.000/1.000 kurtosis 1.000/1.000 spec_cnn 1.000/1.000  (16s)
    JSR   +4.0 dB  BER 2.14e-01  PER 1.000  P(det)@0.05 naive/cfar power_one_sided 1.000/1.000 power_two_sided 1.000/1.000 kurtosis 1.000/1.000 spec_cnn 1.000/1.000  (16s)
    JSR   +5.0 dB  BER 2.32e-01  PER 1.000  P(det)@0.05 naive/cfar power_one_sided 1.000/1.000 power_two_sided 1.000/1.000 kurtosis 1.000/1.000 spec_cnn 1.000/1.000  (17s)
    JSR   +6.0 dB  BER 2.40e-01  PER 1.000  P(det)@0.05 naive/cfar power_one_sided 1.000/1.000 power_two_sided 1.000/1.000 kurtosis 1.000/1.000 spec_cnn 1.000/1.000  (17s)
    JSR   +7.0 dB  BER 2.53e-01  PER 1.000  P(det)@0.05 naive/cfar power_one_sided 1.000/1.000 power_two_sided 1.000/1.000 kurtosis 1.000/1.000 spec_cnn 1.000/1.000  (17s)
    JSR   +8.0 dB  BER 2.62e-01  PER 1.000  P(det)@0.05 naive/cfar power_one_sided 1.000/1.000 power_two_sided 1.000/1.000 kurtosis 1.000/1.000 spec_cnn 1.000/1.000  (17s)
    JSR   +9.0 dB  BER 2.78e-01  PER 1.000  P(det)@0.05 naive/cfar power_one_sided 1.000/1.000 power_two_sided 1.000/1.000 kurtosis 1.000/1.000 spec_cnn 1.000/1.000  (18s)
    JSR  +10.0 dB  BER 2.89e-01  PER 1.000  P(det)@0.05 naive/cfar power_one_sided 1.000/1.000 power_two_sided 1.000/1.000 kurtosis 1.000/1.000 spec_cnn 1.000/1.000  (18s)
    JSR  +11.0 dB  BER 2.98e-01  PER 1.000  P(det)@0.05 naive/cfar power_one_sided 1.000/1.000 power_two_sided 1.000/1.000 kurtosis 1.000/1.000 spec_cnn 1.000/1.000  (18s)
    JSR  +12.0 dB  BER 3.15e-01  PER 1.000  P(det)@0.05 naive/cfar power_one_sided 1.000/1.000 power_two_sided 1.000/1.000 kurtosis 1.000/1.000 spec_cnn 1.000/1.000  (19s)
    JSR  +13.0 dB  BER 3.22e-01  PER 1.000  P(det)@0.05 naive/cfar power_one_sided 1.000/1.000 power_two_sided 1.000/1.000 kurtosis 1.000/1.000 spec_cnn 1.000/1.000  (19s)
    JSR  +14.0 dB  BER 3.40e-01  PER 1.000  P(det)@0.05 naive/cfar power_one_sided 1.000/1.000 power_two_sided 1.000/1.000 kurtosis 1.000/1.000 spec_cnn 1.000/1.000  (19s)
    JSR  +15.0 dB  BER 3.43e-01  PER 1.000  P(det)@0.05 naive/cfar power_one_sided 1.000/1.000 power_two_sided 1.000/1.000 kurtosis 1.000/1.000 spec_cnn 1.000/1.000  (20s)
  [snr_15_unc_0.5] classical pulsed_p0.25
    JSR  -50.0 dB  BER 0.00e+00  PER 0.000  P(det)@0.05 naive/cfar power_one_sided 0.104/0.074 power_two_sided 0.111/0.066 kurtosis 0.059/0.057 spec_cnn 0.080/0.064  (0s)
    JSR  -49.0 dB  BER 0.00e+00  PER 0.000  P(det)@0.05 naive/cfar power_one_sided 0.072/0.039 power_two_sided 0.080/0.039 kurtosis 0.061/0.061 spec_cnn 0.045/0.035  (1s)
    JSR  -48.0 dB  BER 0.00e+00  PER 0.000  P(det)@0.05 naive/cfar power_one_sided 0.068/0.055 power_two_sided 0.100/0.064 kurtosis 0.051/0.049 spec_cnn 0.045/0.035  (1s)
    JSR  -47.0 dB  BER 0.00e+00  PER 0.000  P(det)@0.05 naive/cfar power_one_sided 0.076/0.047 power_two_sided 0.092/0.051 kurtosis 0.047/0.041 spec_cnn 0.074/0.055  (1s)
    JSR  -46.0 dB  BER 0.00e+00  PER 0.000  P(det)@0.05 naive/cfar power_one_sided 0.066/0.039 power_two_sided 0.068/0.035 kurtosis 0.041/0.039 spec_cnn 0.066/0.047  (1s)
    JSR  -45.0 dB  BER 0.00e+00  PER 0.000  P(det)@0.05 naive/cfar power_one_sided 0.064/0.035 power_two_sided 0.086/0.059 kurtosis 0.062/0.055 spec_cnn 0.068/0.059  (2s)
    JSR  -44.0 dB  BER 0.00e+00  PER 0.000  P(det)@0.05 naive/cfar power_one_sided 0.078/0.057 power_two_sided 0.105/0.062 kurtosis 0.072/0.070 spec_cnn 0.082/0.055  (2s)
    JSR  -43.0 dB  BER 0.00e+00  PER 0.000  P(det)@0.05 naive/cfar power_one_sided 0.084/0.055 power_two_sided 0.092/0.053 kurtosis 0.053/0.045 spec_cnn 0.064/0.045  (2s)
    JSR  -42.0 dB  BER 0.00e+00  PER 0.000  P(det)@0.05 naive/cfar power_one_sided 0.062/0.029 power_two_sided 0.070/0.035 kurtosis 0.049/0.047 spec_cnn 0.053/0.035  (3s)
    JSR  -41.0 dB  BER 0.00e+00  PER 0.000  P(det)@0.05 naive/cfar power_one_sided 0.086/0.049 power_two_sided 0.078/0.047 kurtosis 0.045/0.045 spec_cnn 0.066/0.051  (3s)
    JSR  -40.0 dB  BER 0.00e+00  PER 0.000  P(det)@0.05 naive/cfar power_one_sided 0.092/0.059 power_two_sided 0.094/0.059 kurtosis 0.051/0.045 spec_cnn 0.057/0.041  (3s)
    JSR  -39.0 dB  BER 0.00e+00  PER 0.000  P(det)@0.05 naive/cfar power_one_sided 0.102/0.062 power_two_sided 0.096/0.068 kurtosis 0.049/0.045 spec_cnn 0.078/0.057  (4s)
    JSR  -38.0 dB  BER 0.00e+00  PER 0.000  P(det)@0.05 naive/cfar power_one_sided 0.062/0.043 power_two_sided 0.076/0.047 kurtosis 0.062/0.061 spec_cnn 0.070/0.045  (4s)
    JSR  -37.0 dB  BER 0.00e+00  PER 0.000  P(det)@0.05 naive/cfar power_one_sided 0.104/0.072 power_two_sided 0.119/0.066 kurtosis 0.041/0.033 spec_cnn 0.064/0.045  (4s)
    JSR  -36.0 dB  BER 0.00e+00  PER 0.000  P(det)@0.05 naive/cfar power_one_sided 0.088/0.057 power_two_sided 0.090/0.062 kurtosis 0.062/0.062 spec_cnn 0.051/0.039  (4s)
    JSR  -35.0 dB  BER 0.00e+00  PER 0.000  P(det)@0.05 naive/cfar power_one_sided 0.072/0.045 power_two_sided 0.088/0.049 kurtosis 0.059/0.057 spec_cnn 0.059/0.043  (5s)
    JSR  -34.0 dB  BER 0.00e+00  PER 0.000  P(det)@0.05 naive/cfar power_one_sided 0.086/0.049 power_two_sided 0.078/0.049 kurtosis 0.055/0.053 spec_cnn 0.076/0.059  (5s)
    JSR  -33.0 dB  BER 0.00e+00  PER 0.000  P(det)@0.05 naive/cfar power_one_sided 0.105/0.064 power_two_sided 0.096/0.059 kurtosis 0.068/0.068 spec_cnn 0.057/0.049  (5s)
    JSR  -32.0 dB  BER 0.00e+00  PER 0.000  P(det)@0.05 naive/cfar power_one_sided 0.100/0.055 power_two_sided 0.100/0.062 kurtosis 0.055/0.051 spec_cnn 0.092/0.074  (6s)
    JSR  -31.0 dB  BER 0.00e+00  PER 0.000  P(det)@0.05 naive/cfar power_one_sided 0.096/0.066 power_two_sided 0.105/0.057 kurtosis 0.051/0.049 spec_cnn 0.062/0.049  (6s)
    JSR  -30.0 dB  BER 0.00e+00  PER 0.000  P(det)@0.05 naive/cfar power_one_sided 0.113/0.062 power_two_sided 0.088/0.053 kurtosis 0.061/0.059 spec_cnn 0.080/0.068  (6s)
    JSR  -29.0 dB  BER 0.00e+00  PER 0.000  P(det)@0.05 naive/cfar power_one_sided 0.141/0.092 power_two_sided 0.119/0.074 kurtosis 0.059/0.051 spec_cnn 0.080/0.062  (7s)
    JSR  -28.0 dB  BER 0.00e+00  PER 0.000  P(det)@0.05 naive/cfar power_one_sided 0.137/0.086 power_two_sided 0.133/0.094 kurtosis 0.062/0.055 spec_cnn 0.074/0.055  (7s)
    JSR  -27.0 dB  BER 0.00e+00  PER 0.000  P(det)@0.05 naive/cfar power_one_sided 0.180/0.133 power_two_sided 0.176/0.119 kurtosis 0.051/0.051 spec_cnn 0.094/0.076  (7s)
    JSR  -26.0 dB  BER 0.00e+00  PER 0.000  P(det)@0.05 naive/cfar power_one_sided 0.172/0.115 power_two_sided 0.145/0.096 kurtosis 0.049/0.047 spec_cnn 0.096/0.068  (7s)
    JSR  -25.0 dB  BER 0.00e+00  PER 0.000  P(det)@0.05 naive/cfar power_one_sided 0.191/0.123 power_two_sided 0.162/0.121 kurtosis 0.051/0.045 spec_cnn 0.094/0.080  (8s)
    JSR  -24.0 dB  BER 0.00e+00  PER 0.000  P(det)@0.05 naive/cfar power_one_sided 0.219/0.164 power_two_sided 0.207/0.156 kurtosis 0.080/0.076 spec_cnn 0.098/0.082  (8s)
    JSR  -23.0 dB  BER 0.00e+00  PER 0.000  P(det)@0.05 naive/cfar power_one_sided 0.223/0.170 power_two_sided 0.221/0.160 kurtosis 0.062/0.055 spec_cnn 0.117/0.104  (8s)
    JSR  -22.0 dB  BER 0.00e+00  PER 0.000  P(det)@0.05 naive/cfar power_one_sided 0.336/0.275 power_two_sided 0.305/0.246 kurtosis 0.074/0.072 spec_cnn 0.131/0.104  (9s)
    JSR  -21.0 dB  BER 0.00e+00  PER 0.000  P(det)@0.05 naive/cfar power_one_sided 0.383/0.328 power_two_sided 0.371/0.291 kurtosis 0.074/0.066 spec_cnn 0.137/0.115  (9s)
    JSR  -20.0 dB  BER 0.00e+00  PER 0.000  P(det)@0.05 naive/cfar power_one_sided 0.463/0.389 power_two_sided 0.418/0.340 kurtosis 0.115/0.109 spec_cnn 0.164/0.139  (9s)
    JSR  -19.0 dB  BER 0.00e+00  PER 0.000  P(det)@0.05 naive/cfar power_one_sided 0.543/0.486 power_two_sided 0.516/0.430 kurtosis 0.123/0.123 spec_cnn 0.203/0.164  (9s)
    JSR  -18.0 dB  BER 0.00e+00  PER 0.000  P(det)@0.05 naive/cfar power_one_sided 0.604/0.543 power_two_sided 0.576/0.504 kurtosis 0.178/0.176 spec_cnn 0.207/0.164  (10s)
    JSR  -17.0 dB  BER 0.00e+00  PER 0.000  P(det)@0.05 naive/cfar power_one_sided 0.727/0.678 power_two_sided 0.703/0.648 kurtosis 0.189/0.184 spec_cnn 0.223/0.186  (10s)
    JSR  -16.0 dB  BER 0.00e+00  PER 0.000  P(det)@0.05 naive/cfar power_one_sided 0.789/0.746 power_two_sided 0.762/0.721 kurtosis 0.354/0.338 spec_cnn 0.221/0.191  (10s)
    JSR  -15.0 dB  BER 0.00e+00  PER 0.000  P(det)@0.05 naive/cfar power_one_sided 0.812/0.785 power_two_sided 0.805/0.754 kurtosis 0.449/0.438 spec_cnn 0.299/0.242  (11s)
    JSR  -14.0 dB  BER 0.00e+00  PER 0.000  P(det)@0.05 naive/cfar power_one_sided 0.891/0.871 power_two_sided 0.875/0.855 kurtosis 0.621/0.617 spec_cnn 0.275/0.246  (11s)
    JSR  -13.0 dB  BER 7.63e-06  PER 0.002  P(det)@0.05 naive/cfar power_one_sided 0.949/0.930 power_two_sided 0.932/0.906 kurtosis 0.762/0.760 spec_cnn 0.326/0.281  (11s)
    JSR  -12.0 dB  BER 1.07e-04  PER 0.025  P(det)@0.05 naive/cfar power_one_sided 0.961/0.949 power_two_sided 0.957/0.951 kurtosis 0.910/0.910 spec_cnn 0.307/0.279  (12s)
    JSR  -11.0 dB  BER 4.73e-04  PER 0.105  P(det)@0.05 naive/cfar power_one_sided 0.975/0.971 power_two_sided 0.975/0.973 kurtosis 0.979/0.979 spec_cnn 0.336/0.297  (12s)
    JSR  -10.0 dB  BER 2.12e-03  PER 0.318  P(det)@0.05 naive/cfar power_one_sided 0.992/0.992 power_two_sided 0.994/0.994 kurtosis 0.988/0.988 spec_cnn 0.430/0.400  (12s)
    JSR   -9.0 dB  BER 7.60e-03  PER 0.623  P(det)@0.05 naive/cfar power_one_sided 1.000/1.000 power_two_sided 1.000/1.000 kurtosis 0.998/0.998 spec_cnn 0.420/0.385  (12s)
    JSR   -8.0 dB  BER 1.85e-02  PER 0.846  P(det)@0.05 naive/cfar power_one_sided 1.000/1.000 power_two_sided 1.000/1.000 kurtosis 1.000/1.000 spec_cnn 0.492/0.451  (13s)
    JSR   -7.0 dB  BER 3.20e-02  PER 0.979  P(det)@0.05 naive/cfar power_one_sided 1.000/1.000 power_two_sided 1.000/1.000 kurtosis 1.000/1.000 spec_cnn 0.514/0.477  (13s)
    JSR   -6.0 dB  BER 4.61e-02  PER 1.000  P(det)@0.05 naive/cfar power_one_sided 1.000/1.000 power_two_sided 1.000/1.000 kurtosis 1.000/1.000 spec_cnn 0.564/0.523  (13s)
    JSR   -5.0 dB  BER 5.79e-02  PER 1.000  P(det)@0.05 naive/cfar power_one_sided 1.000/1.000 power_two_sided 1.000/1.000 kurtosis 1.000/1.000 spec_cnn 0.643/0.611  (14s)
    JSR   -4.0 dB  BER 6.80e-02  PER 1.000  P(det)@0.05 naive/cfar power_one_sided 1.000/1.000 power_two_sided 1.000/1.000 kurtosis 1.000/1.000 spec_cnn 0.746/0.715  (14s)
    JSR   -3.0 dB  BER 7.92e-02  PER 1.000  P(det)@0.05 naive/cfar power_one_sided 1.000/1.000 power_two_sided 1.000/1.000 kurtosis 1.000/1.000 spec_cnn 0.811/0.789  (14s)
    JSR   -2.0 dB  BER 8.73e-02  PER 1.000  P(det)@0.05 naive/cfar power_one_sided 1.000/1.000 power_two_sided 1.000/1.000 kurtosis 1.000/1.000 spec_cnn 0.881/0.863  (15s)
    JSR   -1.0 dB  BER 9.73e-02  PER 1.000  P(det)@0.05 naive/cfar power_one_sided 1.000/1.000 power_two_sided 1.000/1.000 kurtosis 1.000/1.000 spec_cnn 0.955/0.945  (15s)
    JSR   +0.0 dB  BER 1.05e-01  PER 1.000  P(det)@0.05 naive/cfar power_one_sided 1.000/1.000 power_two_sided 1.000/1.000 kurtosis 1.000/1.000 spec_cnn 0.977/0.975  (15s)
    JSR   +1.0 dB  BER 1.15e-01  PER 1.000  P(det)@0.05 naive/cfar power_one_sided 1.000/1.000 power_two_sided 1.000/1.000 kurtosis 1.000/1.000 spec_cnn 0.996/0.994  (15s)
    JSR   +2.0 dB  BER 1.23e-01  PER 1.000  P(det)@0.05 naive/cfar power_one_sided 1.000/1.000 power_two_sided 1.000/1.000 kurtosis 1.000/1.000 spec_cnn 1.000/1.000  (16s)
    JSR   +3.0 dB  BER 1.31e-01  PER 1.000  P(det)@0.05 naive/cfar power_one_sided 1.000/1.000 power_two_sided 1.000/1.000 kurtosis 1.000/1.000 spec_cnn 1.000/1.000  (16s)
    JSR   +4.0 dB  BER 1.40e-01  PER 1.000  P(det)@0.05 naive/cfar power_one_sided 1.000/1.000 power_two_sided 1.000/1.000 kurtosis 1.000/1.000 spec_cnn 1.000/1.000  (16s)
    JSR   +5.0 dB  BER 1.49e-01  PER 1.000  P(det)@0.05 naive/cfar power_one_sided 1.000/1.000 power_two_sided 1.000/1.000 kurtosis 1.000/1.000 spec_cnn 1.000/1.000  (17s)
    JSR   +6.0 dB  BER 1.58e-01  PER 1.000  P(det)@0.05 naive/cfar power_one_sided 1.000/1.000 power_two_sided 1.000/1.000 kurtosis 1.000/1.000 spec_cnn 1.000/1.000  (17s)
    JSR   +7.0 dB  BER 1.61e-01  PER 1.000  P(det)@0.05 naive/cfar power_one_sided 1.000/1.000 power_two_sided 1.000/1.000 kurtosis 1.000/1.000 spec_cnn 1.000/1.000  (17s)
    JSR   +8.0 dB  BER 1.78e-01  PER 1.000  P(det)@0.05 naive/cfar power_one_sided 1.000/1.000 power_two_sided 1.000/1.000 kurtosis 1.000/1.000 spec_cnn 1.000/1.000  (17s)
    JSR   +9.0 dB  BER 1.89e-01  PER 1.000  P(det)@0.05 naive/cfar power_one_sided 1.000/1.000 power_two_sided 1.000/1.000 kurtosis 1.000/1.000 spec_cnn 1.000/1.000  (18s)
    JSR  +10.0 dB  BER 2.01e-01  PER 1.000  P(det)@0.05 naive/cfar power_one_sided 1.000/1.000 power_two_sided 1.000/1.000 kurtosis 1.000/1.000 spec_cnn 1.000/1.000  (18s)
    JSR  +11.0 dB  BER 2.03e-01  PER 1.000  P(det)@0.05 naive/cfar power_one_sided 1.000/1.000 power_two_sided 1.000/1.000 kurtosis 1.000/1.000 spec_cnn 1.000/1.000  (18s)
    JSR  +12.0 dB  BER 2.18e-01  PER 1.000  P(det)@0.05 naive/cfar power_one_sided 1.000/1.000 power_two_sided 1.000/1.000 kurtosis 1.000/1.000 spec_cnn 1.000/1.000  (19s)
    JSR  +13.0 dB  BER 2.30e-01  PER 1.000  P(det)@0.05 naive/cfar power_one_sided 1.000/1.000 power_two_sided 1.000/1.000 kurtosis 1.000/1.000 spec_cnn 1.000/1.000  (19s)
    JSR  +14.0 dB  BER 2.41e-01  PER 1.000  P(det)@0.05 naive/cfar power_one_sided 1.000/1.000 power_two_sided 1.000/1.000 kurtosis 1.000/1.000 spec_cnn 1.000/1.000  (19s)
    JSR  +15.0 dB  BER 2.44e-01  PER 1.000  P(det)@0.05 naive/cfar power_one_sided 1.000/1.000 power_two_sided 1.000/1.000 kurtosis 1.000/1.000 spec_cnn 1.000/1.000  (20s)
  [snr_15_unc_0.5] classical pulsed_p0.1
    JSR  -50.0 dB  BER 0.00e+00  PER 0.000  P(det)@0.05 naive/cfar power_one_sided 0.090/0.049 power_two_sided 0.096/0.057 kurtosis 0.061/0.061 spec_cnn 0.064/0.049  (0s)
    JSR  -49.0 dB  BER 0.00e+00  PER 0.000  P(det)@0.05 naive/cfar power_one_sided 0.076/0.049 power_two_sided 0.082/0.051 kurtosis 0.061/0.055 spec_cnn 0.090/0.078  (1s)
    JSR  -48.0 dB  BER 0.00e+00  PER 0.000  P(det)@0.05 naive/cfar power_one_sided 0.074/0.043 power_two_sided 0.078/0.057 kurtosis 0.064/0.064 spec_cnn 0.074/0.062  (1s)
    JSR  -47.0 dB  BER 0.00e+00  PER 0.000  P(det)@0.05 naive/cfar power_one_sided 0.098/0.059 power_two_sided 0.086/0.049 kurtosis 0.078/0.072 spec_cnn 0.062/0.041  (1s)
    JSR  -46.0 dB  BER 0.00e+00  PER 0.000  P(det)@0.05 naive/cfar power_one_sided 0.092/0.061 power_two_sided 0.111/0.068 kurtosis 0.057/0.049 spec_cnn 0.080/0.062  (1s)
    JSR  -45.0 dB  BER 0.00e+00  PER 0.000  P(det)@0.05 naive/cfar power_one_sided 0.074/0.047 power_two_sided 0.072/0.051 kurtosis 0.057/0.051 spec_cnn 0.080/0.059  (2s)
    JSR  -44.0 dB  BER 0.00e+00  PER 0.000  P(det)@0.05 naive/cfar power_one_sided 0.100/0.057 power_two_sided 0.096/0.057 kurtosis 0.068/0.062 spec_cnn 0.074/0.053  (2s)
    JSR  -43.0 dB  BER 0.00e+00  PER 0.000  P(det)@0.05 naive/cfar power_one_sided 0.070/0.037 power_two_sided 0.062/0.037 kurtosis 0.090/0.078 spec_cnn 0.070/0.051  (2s)
    JSR  -42.0 dB  BER 0.00e+00  PER 0.000  P(det)@0.05 naive/cfar power_one_sided 0.062/0.045 power_two_sided 0.096/0.053 kurtosis 0.053/0.051 spec_cnn 0.064/0.053  (3s)
    JSR  -41.0 dB  BER 0.00e+00  PER 0.000  P(det)@0.05 naive/cfar power_one_sided 0.084/0.051 power_two_sided 0.107/0.068 kurtosis 0.053/0.049 spec_cnn 0.090/0.064  (3s)
    JSR  -40.0 dB  BER 0.00e+00  PER 0.000  P(det)@0.05 naive/cfar power_one_sided 0.076/0.051 power_two_sided 0.080/0.059 kurtosis 0.057/0.053 spec_cnn 0.074/0.057  (3s)
    JSR  -39.0 dB  BER 0.00e+00  PER 0.000  P(det)@0.05 naive/cfar power_one_sided 0.061/0.041 power_two_sided 0.074/0.055 kurtosis 0.057/0.055 spec_cnn 0.068/0.045  (4s)
    JSR  -38.0 dB  BER 0.00e+00  PER 0.000  P(det)@0.05 naive/cfar power_one_sided 0.070/0.057 power_two_sided 0.098/0.053 kurtosis 0.047/0.047 spec_cnn 0.064/0.045  (4s)
    JSR  -37.0 dB  BER 0.00e+00  PER 0.000  P(det)@0.05 naive/cfar power_one_sided 0.084/0.061 power_two_sided 0.090/0.051 kurtosis 0.043/0.039 spec_cnn 0.064/0.053  (4s)
    JSR  -36.0 dB  BER 0.00e+00  PER 0.000  P(det)@0.05 naive/cfar power_one_sided 0.074/0.035 power_two_sided 0.078/0.051 kurtosis 0.055/0.045 spec_cnn 0.062/0.055  (4s)
    JSR  -35.0 dB  BER 0.00e+00  PER 0.000  P(det)@0.05 naive/cfar power_one_sided 0.098/0.062 power_two_sided 0.104/0.061 kurtosis 0.049/0.045 spec_cnn 0.082/0.062  (5s)
    JSR  -34.0 dB  BER 0.00e+00  PER 0.000  P(det)@0.05 naive/cfar power_one_sided 0.096/0.062 power_two_sided 0.098/0.064 kurtosis 0.070/0.066 spec_cnn 0.072/0.062  (5s)
    JSR  -33.0 dB  BER 0.00e+00  PER 0.000  P(det)@0.05 naive/cfar power_one_sided 0.094/0.059 power_two_sided 0.105/0.062 kurtosis 0.047/0.043 spec_cnn 0.059/0.051  (5s)
    JSR  -32.0 dB  BER 0.00e+00  PER 0.000  P(det)@0.05 naive/cfar power_one_sided 0.105/0.072 power_two_sided 0.105/0.061 kurtosis 0.055/0.053 spec_cnn 0.072/0.061  (6s)
    JSR  -31.0 dB  BER 0.00e+00  PER 0.000  P(det)@0.05 naive/cfar power_one_sided 0.139/0.082 power_two_sided 0.105/0.068 kurtosis 0.041/0.039 spec_cnn 0.076/0.062  (6s)
    JSR  -30.0 dB  BER 0.00e+00  PER 0.000  P(det)@0.05 naive/cfar power_one_sided 0.105/0.070 power_two_sided 0.094/0.062 kurtosis 0.061/0.055 spec_cnn 0.062/0.051  (6s)
    JSR  -29.0 dB  BER 0.00e+00  PER 0.000  P(det)@0.05 naive/cfar power_one_sided 0.137/0.100 power_two_sided 0.146/0.111 kurtosis 0.031/0.031 spec_cnn 0.082/0.074  (7s)
    JSR  -28.0 dB  BER 0.00e+00  PER 0.000  P(det)@0.05 naive/cfar power_one_sided 0.152/0.105 power_two_sided 0.137/0.096 kurtosis 0.059/0.051 spec_cnn 0.072/0.053  (7s)
    JSR  -27.0 dB  BER 0.00e+00  PER 0.000  P(det)@0.05 naive/cfar power_one_sided 0.148/0.102 power_two_sided 0.152/0.107 kurtosis 0.053/0.049 spec_cnn 0.096/0.078  (7s)
    JSR  -26.0 dB  BER 0.00e+00  PER 0.000  P(det)@0.05 naive/cfar power_one_sided 0.164/0.107 power_two_sided 0.172/0.109 kurtosis 0.055/0.053 spec_cnn 0.102/0.086  (7s)
    JSR  -25.0 dB  BER 0.00e+00  PER 0.000  P(det)@0.05 naive/cfar power_one_sided 0.213/0.152 power_two_sided 0.199/0.146 kurtosis 0.059/0.053 spec_cnn 0.107/0.078  (8s)
    JSR  -24.0 dB  BER 0.00e+00  PER 0.000  P(det)@0.05 naive/cfar power_one_sided 0.199/0.164 power_two_sided 0.199/0.150 kurtosis 0.062/0.057 spec_cnn 0.090/0.076  (8s)
    JSR  -23.0 dB  BER 0.00e+00  PER 0.000  P(det)@0.05 naive/cfar power_one_sided 0.270/0.184 power_two_sided 0.221/0.160 kurtosis 0.070/0.068 spec_cnn 0.105/0.092  (8s)
    JSR  -22.0 dB  BER 0.00e+00  PER 0.000  P(det)@0.05 naive/cfar power_one_sided 0.324/0.260 power_two_sided 0.285/0.223 kurtosis 0.068/0.064 spec_cnn 0.104/0.084  (9s)
    JSR  -21.0 dB  BER 0.00e+00  PER 0.000  P(det)@0.05 naive/cfar power_one_sided 0.348/0.279 power_two_sided 0.303/0.230 kurtosis 0.074/0.072 spec_cnn 0.129/0.098  (9s)
    JSR  -20.0 dB  BER 0.00e+00  PER 0.000  P(det)@0.05 naive/cfar power_one_sided 0.420/0.354 power_two_sided 0.391/0.314 kurtosis 0.113/0.111 spec_cnn 0.146/0.121  (9s)
    JSR  -19.0 dB  BER 0.00e+00  PER 0.000  P(det)@0.05 naive/cfar power_one_sided 0.510/0.451 power_two_sided 0.482/0.428 kurtosis 0.162/0.158 spec_cnn 0.133/0.107  (9s)
    JSR  -18.0 dB  BER 0.00e+00  PER 0.000  P(det)@0.05 naive/cfar power_one_sided 0.615/0.553 power_two_sided 0.578/0.506 kurtosis 0.193/0.191 spec_cnn 0.148/0.127  (10s)
    JSR  -17.0 dB  BER 3.05e-05  PER 0.006  P(det)@0.05 naive/cfar power_one_sided 0.668/0.633 power_two_sided 0.646/0.600 kurtosis 0.303/0.297 spec_cnn 0.180/0.148  (10s)
    JSR  -16.0 dB  BER 4.58e-05  PER 0.012  P(det)@0.05 naive/cfar power_one_sided 0.777/0.729 power_two_sided 0.748/0.697 kurtosis 0.355/0.342 spec_cnn 0.191/0.160  (10s)
    JSR  -15.0 dB  BER 2.52e-04  PER 0.043  P(det)@0.05 naive/cfar power_one_sided 0.822/0.795 power_two_sided 0.799/0.773 kurtosis 0.520/0.508 spec_cnn 0.184/0.152  (11s)
    JSR  -14.0 dB  BER 8.93e-04  PER 0.146  P(det)@0.05 naive/cfar power_one_sided 0.889/0.867 power_two_sided 0.875/0.850 kurtosis 0.713/0.703 spec_cnn 0.197/0.168  (11s)
    JSR  -13.0 dB  BER 2.86e-03  PER 0.326  P(det)@0.05 naive/cfar power_one_sided 0.926/0.906 power_two_sided 0.910/0.889 kurtosis 0.842/0.840 spec_cnn 0.199/0.178  (11s)
    JSR  -12.0 dB  BER 6.83e-03  PER 0.562  P(det)@0.05 naive/cfar power_one_sided 0.961/0.955 power_two_sided 0.955/0.955 kurtosis 0.918/0.914 spec_cnn 0.232/0.207  (12s)
    JSR  -11.0 dB  BER 1.12e-02  PER 0.736  P(det)@0.05 naive/cfar power_one_sided 0.988/0.982 power_two_sided 0.984/0.982 kurtosis 0.979/0.977 spec_cnn 0.246/0.197  (12s)
    JSR  -10.0 dB  BER 1.70e-02  PER 0.908  P(det)@0.05 naive/cfar power_one_sided 0.996/0.994 power_two_sided 0.994/0.994 kurtosis 0.996/0.996 spec_cnn 0.246/0.217  (12s)
    JSR   -9.0 dB  BER 2.15e-02  PER 0.969  P(det)@0.05 naive/cfar power_one_sided 0.992/0.992 power_two_sided 0.992/0.992 kurtosis 0.998/0.998 spec_cnn 0.295/0.258  (12s)
    JSR   -8.0 dB  BER 2.73e-02  PER 0.990  P(det)@0.05 naive/cfar power_one_sided 0.998/0.998 power_two_sided 0.998/0.998 kurtosis 1.000/1.000 spec_cnn 0.305/0.277  (13s)
    JSR   -7.0 dB  BER 3.08e-02  PER 0.996  P(det)@0.05 naive/cfar power_one_sided 1.000/1.000 power_two_sided 1.000/1.000 kurtosis 1.000/1.000 spec_cnn 0.391/0.352  (13s)
    JSR   -6.0 dB  BER 3.61e-02  PER 0.998  P(det)@0.05 naive/cfar power_one_sided 1.000/1.000 power_two_sided 1.000/1.000 kurtosis 1.000/1.000 spec_cnn 0.453/0.400  (13s)
    JSR   -5.0 dB  BER 4.04e-02  PER 1.000  P(det)@0.05 naive/cfar power_one_sided 1.000/1.000 power_two_sided 1.000/1.000 kurtosis 1.000/1.000 spec_cnn 0.525/0.482  (14s)
    JSR   -4.0 dB  BER 4.33e-02  PER 1.000  P(det)@0.05 naive/cfar power_one_sided 1.000/1.000 power_two_sided 1.000/1.000 kurtosis 1.000/1.000 spec_cnn 0.619/0.598  (14s)
    JSR   -3.0 dB  BER 4.72e-02  PER 1.000  P(det)@0.05 naive/cfar power_one_sided 1.000/1.000 power_two_sided 1.000/1.000 kurtosis 1.000/1.000 spec_cnn 0.777/0.754  (14s)
    JSR   -2.0 dB  BER 4.93e-02  PER 1.000  P(det)@0.05 naive/cfar power_one_sided 1.000/1.000 power_two_sided 1.000/1.000 kurtosis 1.000/1.000 spec_cnn 0.896/0.881  (15s)
    JSR   -1.0 dB  BER 5.45e-02  PER 1.000  P(det)@0.05 naive/cfar power_one_sided 1.000/1.000 power_two_sided 1.000/1.000 kurtosis 1.000/1.000 spec_cnn 0.953/0.949  (15s)
    JSR   +0.0 dB  BER 5.48e-02  PER 1.000  P(det)@0.05 naive/cfar power_one_sided 1.000/1.000 power_two_sided 1.000/1.000 kurtosis 1.000/1.000 spec_cnn 0.988/0.988  (15s)
    JSR   +1.0 dB  BER 5.92e-02  PER 1.000  P(det)@0.05 naive/cfar power_one_sided 1.000/1.000 power_two_sided 1.000/1.000 kurtosis 1.000/1.000 spec_cnn 1.000/0.998  (15s)
    JSR   +2.0 dB  BER 6.49e-02  PER 1.000  P(det)@0.05 naive/cfar power_one_sided 1.000/1.000 power_two_sided 1.000/1.000 kurtosis 1.000/1.000 spec_cnn 1.000/0.998  (16s)
    JSR   +3.0 dB  BER 6.94e-02  PER 1.000  P(det)@0.05 naive/cfar power_one_sided 1.000/1.000 power_two_sided 1.000/1.000 kurtosis 1.000/1.000 spec_cnn 1.000/1.000  (16s)
    JSR   +4.0 dB  BER 7.63e-02  PER 1.000  P(det)@0.05 naive/cfar power_one_sided 1.000/1.000 power_two_sided 1.000/1.000 kurtosis 1.000/1.000 spec_cnn 1.000/1.000  (16s)
    JSR   +5.0 dB  BER 8.44e-02  PER 1.000  P(det)@0.05 naive/cfar power_one_sided 1.000/1.000 power_two_sided 1.000/1.000 kurtosis 1.000/1.000 spec_cnn 1.000/1.000  (17s)
    JSR   +6.0 dB  BER 8.87e-02  PER 1.000  P(det)@0.05 naive/cfar power_one_sided 1.000/1.000 power_two_sided 1.000/1.000 kurtosis 1.000/1.000 spec_cnn 1.000/1.000  (17s)
    JSR   +7.0 dB  BER 9.48e-02  PER 1.000  P(det)@0.05 naive/cfar power_one_sided 1.000/1.000 power_two_sided 1.000/1.000 kurtosis 1.000/1.000 spec_cnn 1.000/1.000  (17s)
    JSR   +8.0 dB  BER 1.05e-01  PER 1.000  P(det)@0.05 naive/cfar power_one_sided 1.000/1.000 power_two_sided 1.000/1.000 kurtosis 1.000/1.000 spec_cnn 1.000/1.000  (17s)
    JSR   +9.0 dB  BER 1.07e-01  PER 1.000  P(det)@0.05 naive/cfar power_one_sided 1.000/1.000 power_two_sided 1.000/1.000 kurtosis 1.000/1.000 spec_cnn 1.000/1.000  (18s)
    JSR  +10.0 dB  BER 1.14e-01  PER 1.000  P(det)@0.05 naive/cfar power_one_sided 1.000/1.000 power_two_sided 1.000/1.000 kurtosis 1.000/1.000 spec_cnn 1.000/1.000  (18s)
    JSR  +11.0 dB  BER 1.19e-01  PER 1.000  P(det)@0.05 naive/cfar power_one_sided 1.000/1.000 power_two_sided 1.000/1.000 kurtosis 1.000/1.000 spec_cnn 1.000/1.000  (18s)
    JSR  +12.0 dB  BER 1.24e-01  PER 1.000  P(det)@0.05 naive/cfar power_one_sided 1.000/1.000 power_two_sided 1.000/1.000 kurtosis 1.000/1.000 spec_cnn 1.000/1.000  (19s)
    JSR  +13.0 dB  BER 1.31e-01  PER 1.000  P(det)@0.05 naive/cfar power_one_sided 1.000/1.000 power_two_sided 1.000/1.000 kurtosis 1.000/1.000 spec_cnn 1.000/1.000  (19s)
    JSR  +14.0 dB  BER 1.39e-01  PER 1.000  P(det)@0.05 naive/cfar power_one_sided 1.000/1.000 power_two_sided 1.000/1.000 kurtosis 1.000/1.000 spec_cnn 1.000/1.000  (19s)
    JSR  +15.0 dB  BER 1.43e-01  PER 1.000  P(det)@0.05 naive/cfar power_one_sided 1.000/1.000 power_two_sided 1.000/1.000 kurtosis 1.000/1.000 spec_cnn 1.000/1.000  (20s)
  [snr_15_unc_0.5] classical omniscient_e0.1
    JSR  -50.0 dB  BER 0.00e+00  PER 0.000  P(det)@0.05 naive/cfar power_one_sided 0.070/0.047 power_two_sided 0.076/0.035 kurtosis 0.049/0.043 spec_cnn 0.057/0.041  (0s)
    JSR  -49.0 dB  BER 0.00e+00  PER 0.000  P(det)@0.05 naive/cfar power_one_sided 0.068/0.041 power_two_sided 0.080/0.047 kurtosis 0.053/0.049 spec_cnn 0.055/0.041  (1s)
    JSR  -48.0 dB  BER 0.00e+00  PER 0.000  P(det)@0.05 naive/cfar power_one_sided 0.064/0.045 power_two_sided 0.092/0.047 kurtosis 0.051/0.051 spec_cnn 0.055/0.041  (1s)
    JSR  -47.0 dB  BER 0.00e+00  PER 0.000  P(det)@0.05 naive/cfar power_one_sided 0.094/0.057 power_two_sided 0.098/0.053 kurtosis 0.057/0.053 spec_cnn 0.062/0.053  (1s)
    JSR  -46.0 dB  BER 0.00e+00  PER 0.000  P(det)@0.05 naive/cfar power_one_sided 0.072/0.033 power_two_sided 0.100/0.043 kurtosis 0.049/0.045 spec_cnn 0.076/0.064  (1s)
    JSR  -45.0 dB  BER 0.00e+00  PER 0.000  P(det)@0.05 naive/cfar power_one_sided 0.074/0.049 power_two_sided 0.092/0.049 kurtosis 0.055/0.051 spec_cnn 0.068/0.047  (2s)
    JSR  -44.0 dB  BER 0.00e+00  PER 0.000  P(det)@0.05 naive/cfar power_one_sided 0.076/0.043 power_two_sided 0.070/0.045 kurtosis 0.059/0.053 spec_cnn 0.051/0.039  (2s)
    JSR  -43.0 dB  BER 0.00e+00  PER 0.000  P(det)@0.05 naive/cfar power_one_sided 0.068/0.061 power_two_sided 0.084/0.043 kurtosis 0.066/0.061 spec_cnn 0.051/0.039  (2s)
    JSR  -42.0 dB  BER 0.00e+00  PER 0.000  P(det)@0.05 naive/cfar power_one_sided 0.090/0.059 power_two_sided 0.104/0.068 kurtosis 0.045/0.043 spec_cnn 0.084/0.070  (3s)
    JSR  -41.0 dB  BER 0.00e+00  PER 0.000  P(det)@0.05 naive/cfar power_one_sided 0.088/0.051 power_two_sided 0.094/0.051 kurtosis 0.066/0.062 spec_cnn 0.072/0.066  (3s)
    JSR  -40.0 dB  BER 0.00e+00  PER 0.000  P(det)@0.05 naive/cfar power_one_sided 0.084/0.045 power_two_sided 0.080/0.051 kurtosis 0.053/0.043 spec_cnn 0.076/0.061  (3s)
    JSR  -39.0 dB  BER 0.00e+00  PER 0.000  P(det)@0.05 naive/cfar power_one_sided 0.072/0.049 power_two_sided 0.082/0.055 kurtosis 0.078/0.070 spec_cnn 0.041/0.037  (3s)
    JSR  -38.0 dB  BER 0.00e+00  PER 0.000  P(det)@0.05 naive/cfar power_one_sided 0.078/0.047 power_two_sided 0.082/0.051 kurtosis 0.049/0.047 spec_cnn 0.057/0.039  (4s)
    JSR  -37.0 dB  BER 0.00e+00  PER 0.000  P(det)@0.05 naive/cfar power_one_sided 0.094/0.059 power_two_sided 0.094/0.041 kurtosis 0.033/0.033 spec_cnn 0.072/0.062  (4s)
    JSR  -36.0 dB  BER 0.00e+00  PER 0.000  P(det)@0.05 naive/cfar power_one_sided 0.068/0.041 power_two_sided 0.084/0.049 kurtosis 0.064/0.057 spec_cnn 0.059/0.049  (4s)
    JSR  -35.0 dB  BER 0.00e+00  PER 0.000  P(det)@0.05 naive/cfar power_one_sided 0.066/0.039 power_two_sided 0.078/0.057 kurtosis 0.049/0.045 spec_cnn 0.088/0.064  (5s)
    JSR  -34.0 dB  BER 0.00e+00  PER 0.000  P(det)@0.05 naive/cfar power_one_sided 0.100/0.064 power_two_sided 0.121/0.064 kurtosis 0.047/0.045 spec_cnn 0.049/0.041  (5s)
    JSR  -33.0 dB  BER 0.00e+00  PER 0.000  P(det)@0.05 naive/cfar power_one_sided 0.078/0.033 power_two_sided 0.080/0.053 kurtosis 0.059/0.051 spec_cnn 0.066/0.053  (5s)
    JSR  -32.0 dB  BER 0.00e+00  PER 0.000  P(det)@0.05 naive/cfar power_one_sided 0.086/0.061 power_two_sided 0.107/0.049 kurtosis 0.051/0.049 spec_cnn 0.066/0.053  (6s)
    JSR  -31.0 dB  BER 0.00e+00  PER 0.000  P(det)@0.05 naive/cfar power_one_sided 0.111/0.068 power_two_sided 0.109/0.068 kurtosis 0.059/0.051 spec_cnn 0.049/0.027  (6s)
    JSR  -30.0 dB  BER 0.00e+00  PER 0.000  P(det)@0.05 naive/cfar power_one_sided 0.080/0.053 power_two_sided 0.107/0.062 kurtosis 0.055/0.051 spec_cnn 0.068/0.053  (6s)
    JSR  -29.0 dB  BER 0.00e+00  PER 0.000  P(det)@0.05 naive/cfar power_one_sided 0.066/0.043 power_two_sided 0.092/0.051 kurtosis 0.053/0.047 spec_cnn 0.068/0.051  (6s)
    JSR  -28.0 dB  BER 0.00e+00  PER 0.000  P(det)@0.05 naive/cfar power_one_sided 0.072/0.055 power_two_sided 0.094/0.047 kurtosis 0.051/0.045 spec_cnn 0.057/0.037  (7s)
    JSR  -27.0 dB  BER 0.00e+00  PER 0.000  P(det)@0.05 naive/cfar power_one_sided 0.084/0.055 power_two_sided 0.104/0.072 kurtosis 0.043/0.041 spec_cnn 0.064/0.047  (7s)
    JSR  -26.0 dB  BER 0.00e+00  PER 0.000  P(det)@0.05 naive/cfar power_one_sided 0.080/0.043 power_two_sided 0.076/0.047 kurtosis 0.039/0.037 spec_cnn 0.068/0.057  (7s)
    JSR  -25.0 dB  BER 0.00e+00  PER 0.000  P(det)@0.05 naive/cfar power_one_sided 0.072/0.049 power_two_sided 0.088/0.053 kurtosis 0.061/0.053 spec_cnn 0.047/0.037  (8s)
    JSR  -24.0 dB  BER 0.00e+00  PER 0.000  P(det)@0.05 naive/cfar power_one_sided 0.072/0.051 power_two_sided 0.096/0.057 kurtosis 0.051/0.049 spec_cnn 0.053/0.041  (8s)
    JSR  -23.0 dB  BER 0.00e+00  PER 0.000  P(det)@0.05 naive/cfar power_one_sided 0.059/0.043 power_two_sided 0.084/0.037 kurtosis 0.064/0.057 spec_cnn 0.062/0.041  (8s)
    JSR  -22.0 dB  BER 0.00e+00  PER 0.000  P(det)@0.05 naive/cfar power_one_sided 0.088/0.061 power_two_sided 0.113/0.064 kurtosis 0.078/0.074 spec_cnn 0.068/0.055  (8s)
    JSR  -21.0 dB  BER 0.00e+00  PER 0.000  P(det)@0.05 naive/cfar power_one_sided 0.090/0.064 power_two_sided 0.102/0.066 kurtosis 0.047/0.047 spec_cnn 0.062/0.041  (9s)
    JSR  -20.0 dB  BER 7.43e-03  PER 0.998  P(det)@0.05 naive/cfar power_one_sided 0.014/0.012 power_two_sided 0.225/0.158 kurtosis 0.076/0.072 spec_cnn 0.086/0.066  (9s)
    JSR  -19.0 dB  BER 7.48e-03  PER 0.998  P(det)@0.05 naive/cfar power_one_sided 0.014/0.010 power_two_sided 0.172/0.115 kurtosis 0.078/0.072 spec_cnn 0.053/0.043  (9s)
    JSR  -18.0 dB  BER 7.34e-03  PER 0.994  P(det)@0.05 naive/cfar power_one_sided 0.010/0.006 power_two_sided 0.168/0.121 kurtosis 0.070/0.062 spec_cnn 0.064/0.043  (10s)
    JSR  -17.0 dB  BER 1.47e-02  PER 1.000  P(det)@0.05 naive/cfar power_one_sided 0.004/0.000 power_two_sided 0.559/0.434 kurtosis 0.102/0.098 spec_cnn 0.061/0.043  (10s)
    JSR  -16.0 dB  BER 1.48e-02  PER 1.000  P(det)@0.05 naive/cfar power_one_sided 0.002/0.000 power_two_sided 0.510/0.422 kurtosis 0.105/0.094 spec_cnn 0.070/0.059  (10s)
    JSR  -15.0 dB  BER 2.22e-02  PER 1.000  P(det)@0.05 naive/cfar power_one_sided 0.000/0.000 power_two_sided 0.799/0.701 kurtosis 0.176/0.168 spec_cnn 0.094/0.074  (11s)
    JSR  -14.0 dB  BER 2.94e-02  PER 1.000  P(det)@0.05 naive/cfar power_one_sided 0.000/0.000 power_two_sided 0.947/0.912 kurtosis 0.275/0.262 spec_cnn 0.066/0.041  (11s)
    JSR  -13.0 dB  BER 3.68e-02  PER 1.000  P(det)@0.05 naive/cfar power_one_sided 0.000/0.000 power_two_sided 0.992/0.984 kurtosis 0.389/0.377 spec_cnn 0.055/0.045  (11s)
    JSR  -12.0 dB  BER 4.42e-02  PER 1.000  P(det)@0.05 naive/cfar power_one_sided 0.000/0.000 power_two_sided 0.998/0.998 kurtosis 0.518/0.504 spec_cnn 0.068/0.051  (11s)
    JSR  -11.0 dB  BER 5.89e-02  PER 1.000  P(det)@0.05 naive/cfar power_one_sided 0.000/0.000 power_two_sided 1.000/1.000 kurtosis 0.746/0.734 spec_cnn 0.074/0.057  (12s)
    JSR  -10.0 dB  BER 7.36e-02  PER 1.000  P(det)@0.05 naive/cfar power_one_sided 0.000/0.000 power_two_sided 1.000/1.000 kurtosis 0.887/0.881 spec_cnn 0.078/0.055  (12s)
    JSR   -9.0 dB  BER 9.58e-02  PER 1.000  P(det)@0.05 naive/cfar power_one_sided 0.000/0.000 power_two_sided 1.000/1.000 kurtosis 0.996/0.996 spec_cnn 0.080/0.061  (12s)
    JSR   -8.0 dB  BER 1.18e-01  PER 1.000  P(det)@0.05 naive/cfar power_one_sided 0.000/0.000 power_two_sided 1.000/1.000 kurtosis 1.000/1.000 spec_cnn 0.090/0.074  (13s)
    JSR   -7.0 dB  BER 1.55e-01  PER 1.000  P(det)@0.05 naive/cfar power_one_sided 0.000/0.000 power_two_sided 1.000/1.000 kurtosis 1.000/1.000 spec_cnn 0.070/0.051  (13s)
    JSR   -6.0 dB  BER 1.91e-01  PER 1.000  P(det)@0.05 naive/cfar power_one_sided 0.000/0.000 power_two_sided 1.000/1.000 kurtosis 1.000/1.000 spec_cnn 0.082/0.062  (13s)
    JSR   -5.0 dB  BER 2.43e-01  PER 1.000  P(det)@0.05 naive/cfar power_one_sided 0.000/0.000 power_two_sided 1.000/1.000 kurtosis 1.000/1.000 spec_cnn 0.098/0.072  (13s)
    JSR   -4.0 dB  BER 3.09e-01  PER 1.000  P(det)@0.05 naive/cfar power_one_sided 0.000/0.000 power_two_sided 1.000/1.000 kurtosis 1.000/1.000 spec_cnn 0.051/0.033  (14s)
    JSR   -3.0 dB  BER 3.91e-01  PER 1.000  P(det)@0.05 naive/cfar power_one_sided 0.000/0.000 power_two_sided 1.000/1.000 kurtosis 1.000/1.000 spec_cnn 0.084/0.061  (14s)
    JSR   -2.0 dB  BER 4.86e-01  PER 1.000  P(det)@0.05 naive/cfar power_one_sided 0.000/0.000 power_two_sided 1.000/1.000 kurtosis 1.000/1.000 spec_cnn 0.059/0.039  (14s)
    JSR   -1.0 dB  BER 6.20e-01  PER 1.000  P(det)@0.05 naive/cfar power_one_sided 0.000/0.000 power_two_sided 1.000/1.000 kurtosis 1.000/1.000 spec_cnn 0.031/0.025  (15s)
    JSR   +0.0 dB  BER 7.74e-01  PER 1.000  P(det)@0.05 naive/cfar power_one_sided 0.000/0.000 power_two_sided 1.000/1.000 kurtosis 1.000/1.000 spec_cnn 0.008/0.002  (15s)
    JSR   +1.0 dB  BER 9.42e-01  PER 1.000  P(det)@0.05 naive/cfar power_one_sided 0.000/0.000 power_two_sided 1.000/1.000 kurtosis 1.000/1.000 spec_cnn 0.002/0.000  (15s)
    JSR   +2.0 dB  BER 9.44e-01  PER 1.000  P(det)@0.05 naive/cfar power_one_sided 0.000/0.000 power_two_sided 1.000/1.000 kurtosis 1.000/1.000 spec_cnn 0.000/0.000  (15s)
    JSR   +3.0 dB  BER 9.45e-01  PER 1.000  P(det)@0.05 naive/cfar power_one_sided 0.000/0.000 power_two_sided 1.000/1.000 kurtosis 1.000/1.000 spec_cnn 0.002/0.000  (16s)
    JSR   +4.0 dB  BER 9.44e-01  PER 1.000  P(det)@0.05 naive/cfar power_one_sided 0.000/0.000 power_two_sided 1.000/1.000 kurtosis 1.000/1.000 spec_cnn 0.002/0.002  (16s)
    JSR   +5.0 dB  BER 9.44e-01  PER 1.000  P(det)@0.05 naive/cfar power_one_sided 0.000/0.000 power_two_sided 1.000/1.000 kurtosis 1.000/1.000 spec_cnn 0.000/0.000  (16s)
    JSR   +6.0 dB  BER 9.44e-01  PER 1.000  P(det)@0.05 naive/cfar power_one_sided 0.000/0.000 power_two_sided 1.000/1.000 kurtosis 1.000/1.000 spec_cnn 0.000/0.000  (17s)
    JSR   +7.0 dB  BER 9.44e-01  PER 1.000  P(det)@0.05 naive/cfar power_one_sided 0.000/0.000 power_two_sided 1.000/1.000 kurtosis 1.000/1.000 spec_cnn 0.000/0.000  (17s)
    JSR   +8.0 dB  BER 9.45e-01  PER 1.000  P(det)@0.05 naive/cfar power_one_sided 0.000/0.000 power_two_sided 1.000/1.000 kurtosis 1.000/1.000 spec_cnn 0.000/0.000  (17s)
    JSR   +9.0 dB  BER 9.45e-01  PER 1.000  P(det)@0.05 naive/cfar power_one_sided 0.000/0.000 power_two_sided 1.000/1.000 kurtosis 1.000/1.000 spec_cnn 0.000/0.000  (18s)
    JSR  +10.0 dB  BER 9.44e-01  PER 1.000  P(det)@0.05 naive/cfar power_one_sided 0.000/0.000 power_two_sided 1.000/1.000 kurtosis 1.000/1.000 spec_cnn 0.000/0.000  (18s)
    JSR  +11.0 dB  BER 9.44e-01  PER 1.000  P(det)@0.05 naive/cfar power_one_sided 0.000/0.000 power_two_sided 1.000/1.000 kurtosis 1.000/1.000 spec_cnn 0.000/0.000  (18s)
    JSR  +12.0 dB  BER 9.44e-01  PER 1.000  P(det)@0.05 naive/cfar power_one_sided 0.000/0.000 power_two_sided 1.000/1.000 kurtosis 1.000/1.000 spec_cnn 0.000/0.000  (18s)
    JSR  +13.0 dB  BER 9.45e-01  PER 1.000  P(det)@0.05 naive/cfar power_one_sided 0.000/0.000 power_two_sided 1.000/1.000 kurtosis 1.000/1.000 spec_cnn 0.000/0.000  (19s)
    JSR  +14.0 dB  BER 9.43e-01  PER 1.000  P(det)@0.05 naive/cfar power_one_sided 0.000/0.000 power_two_sided 1.000/1.000 kurtosis 1.000/1.000 spec_cnn 0.000/0.000  (19s)
    JSR  +15.0 dB  BER 9.44e-01  PER 1.000  P(det)@0.05 naive/cfar power_one_sided 0.000/0.000 power_two_sided 1.000/1.000 kurtosis 1.000/1.000 spec_cnn 0.000/0.000  (19s)
  [snr_15_unc_0.5] classical omniscient_e1
    JSR  -50.0 dB  BER 0.00e+00  PER 0.000  P(det)@0.05 naive/cfar power_one_sided 0.072/0.051 power_two_sided 0.096/0.064 kurtosis 0.062/0.055 spec_cnn 0.066/0.053  (0s)
    JSR  -49.0 dB  BER 0.00e+00  PER 0.000  P(det)@0.05 naive/cfar power_one_sided 0.094/0.047 power_two_sided 0.080/0.045 kurtosis 0.041/0.039 spec_cnn 0.064/0.057  (1s)
    JSR  -48.0 dB  BER 0.00e+00  PER 0.000  P(det)@0.05 naive/cfar power_one_sided 0.082/0.059 power_two_sided 0.088/0.053 kurtosis 0.057/0.053 spec_cnn 0.080/0.062  (1s)
    JSR  -47.0 dB  BER 0.00e+00  PER 0.000  P(det)@0.05 naive/cfar power_one_sided 0.078/0.051 power_two_sided 0.094/0.047 kurtosis 0.061/0.055 spec_cnn 0.061/0.041  (1s)
    JSR  -46.0 dB  BER 0.00e+00  PER 0.000  P(det)@0.05 naive/cfar power_one_sided 0.076/0.043 power_two_sided 0.082/0.055 kurtosis 0.051/0.049 spec_cnn 0.059/0.045  (1s)
    JSR  -45.0 dB  BER 0.00e+00  PER 0.000  P(det)@0.05 naive/cfar power_one_sided 0.084/0.053 power_two_sided 0.088/0.041 kurtosis 0.043/0.043 spec_cnn 0.062/0.049  (2s)
    JSR  -44.0 dB  BER 0.00e+00  PER 0.000  P(det)@0.05 naive/cfar power_one_sided 0.102/0.059 power_two_sided 0.102/0.047 kurtosis 0.045/0.039 spec_cnn 0.076/0.062  (2s)
    JSR  -43.0 dB  BER 0.00e+00  PER 0.000  P(det)@0.05 naive/cfar power_one_sided 0.080/0.045 power_two_sided 0.082/0.039 kurtosis 0.053/0.049 spec_cnn 0.076/0.062  (2s)
    JSR  -42.0 dB  BER 0.00e+00  PER 0.000  P(det)@0.05 naive/cfar power_one_sided 0.092/0.055 power_two_sided 0.092/0.051 kurtosis 0.057/0.053 spec_cnn 0.080/0.064  (3s)
    JSR  -41.0 dB  BER 0.00e+00  PER 0.000  P(det)@0.05 naive/cfar power_one_sided 0.094/0.045 power_two_sided 0.088/0.045 kurtosis 0.039/0.039 spec_cnn 0.057/0.039  (3s)
    JSR  -40.0 dB  BER 0.00e+00  PER 0.000  P(det)@0.05 naive/cfar power_one_sided 0.068/0.045 power_two_sided 0.088/0.039 kurtosis 0.039/0.035 spec_cnn 0.084/0.061  (3s)
    JSR  -39.0 dB  BER 0.00e+00  PER 0.000  P(det)@0.05 naive/cfar power_one_sided 0.090/0.062 power_two_sided 0.096/0.068 kurtosis 0.055/0.045 spec_cnn 0.074/0.059  (4s)
    JSR  -38.0 dB  BER 0.00e+00  PER 0.000  P(det)@0.05 naive/cfar power_one_sided 0.096/0.070 power_two_sided 0.107/0.053 kurtosis 0.061/0.059 spec_cnn 0.064/0.055  (4s)
    JSR  -37.0 dB  BER 0.00e+00  PER 0.000  P(det)@0.05 naive/cfar power_one_sided 0.064/0.039 power_two_sided 0.076/0.039 kurtosis 0.057/0.053 spec_cnn 0.053/0.045  (4s)
    JSR  -36.0 dB  BER 0.00e+00  PER 0.000  P(det)@0.05 naive/cfar power_one_sided 0.076/0.049 power_two_sided 0.088/0.047 kurtosis 0.055/0.047 spec_cnn 0.061/0.043  (4s)
    JSR  -35.0 dB  BER 0.00e+00  PER 0.000  P(det)@0.05 naive/cfar power_one_sided 0.078/0.041 power_two_sided 0.066/0.037 kurtosis 0.070/0.066 spec_cnn 0.068/0.047  (5s)
    JSR  -34.0 dB  BER 0.00e+00  PER 0.000  P(det)@0.05 naive/cfar power_one_sided 0.064/0.037 power_two_sided 0.086/0.047 kurtosis 0.053/0.049 spec_cnn 0.057/0.049  (5s)
    JSR  -33.0 dB  BER 0.00e+00  PER 0.000  P(det)@0.05 naive/cfar power_one_sided 0.078/0.049 power_two_sided 0.084/0.047 kurtosis 0.068/0.061 spec_cnn 0.072/0.057  (5s)
    JSR  -32.0 dB  BER 0.00e+00  PER 0.000  P(det)@0.05 naive/cfar power_one_sided 0.084/0.055 power_two_sided 0.090/0.059 kurtosis 0.045/0.045 spec_cnn 0.055/0.045  (6s)
    JSR  -31.0 dB  BER 0.00e+00  PER 0.000  P(det)@0.05 naive/cfar power_one_sided 0.084/0.053 power_two_sided 0.088/0.041 kurtosis 0.041/0.035 spec_cnn 0.078/0.059  (6s)
    JSR  -30.0 dB  BER 0.00e+00  PER 0.000  P(det)@0.05 naive/cfar power_one_sided 0.080/0.051 power_two_sided 0.094/0.053 kurtosis 0.059/0.059 spec_cnn 0.076/0.049  (6s)
    JSR  -29.0 dB  BER 0.00e+00  PER 0.000  P(det)@0.05 naive/cfar power_one_sided 0.072/0.041 power_two_sided 0.086/0.049 kurtosis 0.051/0.049 spec_cnn 0.068/0.053  (6s)
    JSR  -28.0 dB  BER 0.00e+00  PER 0.000  P(det)@0.05 naive/cfar power_one_sided 0.084/0.059 power_two_sided 0.092/0.049 kurtosis 0.057/0.053 spec_cnn 0.084/0.066  (7s)
    JSR  -27.0 dB  BER 0.00e+00  PER 0.000  P(det)@0.05 naive/cfar power_one_sided 0.074/0.037 power_two_sided 0.084/0.049 kurtosis 0.064/0.059 spec_cnn 0.066/0.051  (7s)
    JSR  -26.0 dB  BER 0.00e+00  PER 0.000  P(det)@0.05 naive/cfar power_one_sided 0.061/0.045 power_two_sided 0.092/0.043 kurtosis 0.070/0.061 spec_cnn 0.047/0.033  (7s)
    JSR  -25.0 dB  BER 0.00e+00  PER 0.000  P(det)@0.05 naive/cfar power_one_sided 0.078/0.045 power_two_sided 0.078/0.039 kurtosis 0.064/0.061 spec_cnn 0.064/0.041  (8s)
    JSR  -24.0 dB  BER 0.00e+00  PER 0.000  P(det)@0.05 naive/cfar power_one_sided 0.096/0.062 power_two_sided 0.102/0.059 kurtosis 0.062/0.049 spec_cnn 0.092/0.072  (8s)
    JSR  -23.0 dB  BER 0.00e+00  PER 0.000  P(det)@0.05 naive/cfar power_one_sided 0.086/0.049 power_two_sided 0.080/0.049 kurtosis 0.061/0.059 spec_cnn 0.061/0.045  (8s)
    JSR  -22.0 dB  BER 0.00e+00  PER 0.000  P(det)@0.05 naive/cfar power_one_sided 0.092/0.045 power_two_sided 0.084/0.049 kurtosis 0.055/0.055 spec_cnn 0.047/0.045  (8s)
    JSR  -21.0 dB  BER 0.00e+00  PER 0.000  P(det)@0.05 naive/cfar power_one_sided 0.082/0.053 power_two_sided 0.092/0.041 kurtosis 0.047/0.041 spec_cnn 0.057/0.047  (9s)
    JSR  -20.0 dB  BER 0.00e+00  PER 0.000  P(det)@0.05 naive/cfar power_one_sided 0.076/0.051 power_two_sided 0.088/0.066 kurtosis 0.041/0.039 spec_cnn 0.053/0.039  (9s)
    JSR  -19.0 dB  BER 0.00e+00  PER 0.000  P(det)@0.05 naive/cfar power_one_sided 0.078/0.047 power_two_sided 0.090/0.051 kurtosis 0.049/0.045 spec_cnn 0.068/0.057  (9s)
    JSR  -18.0 dB  BER 0.00e+00  PER 0.000  P(det)@0.05 naive/cfar power_one_sided 0.092/0.057 power_two_sided 0.090/0.047 kurtosis 0.049/0.045 spec_cnn 0.039/0.029  (10s)
    JSR  -17.0 dB  BER 0.00e+00  PER 0.000  P(det)@0.05 naive/cfar power_one_sided 0.086/0.053 power_two_sided 0.090/0.059 kurtosis 0.059/0.053 spec_cnn 0.088/0.066  (10s)
    JSR  -16.0 dB  BER 0.00e+00  PER 0.000  P(det)@0.05 naive/cfar power_one_sided 0.092/0.055 power_two_sided 0.076/0.057 kurtosis 0.051/0.051 spec_cnn 0.062/0.051  (10s)
    JSR  -15.0 dB  BER 7.81e-03  PER 1.000  P(det)@0.05 naive/cfar power_one_sided 0.090/0.061 power_two_sided 0.088/0.047 kurtosis 0.064/0.055 spec_cnn 0.061/0.047  (11s)
    JSR  -14.0 dB  BER 7.81e-03  PER 1.000  P(det)@0.05 naive/cfar power_one_sided 0.090/0.062 power_two_sided 0.105/0.059 kurtosis 0.053/0.051 spec_cnn 0.090/0.072  (11s)
    JSR  -13.0 dB  BER 7.81e-03  PER 1.000  P(det)@0.05 naive/cfar power_one_sided 0.082/0.037 power_two_sided 0.082/0.033 kurtosis 0.047/0.047 spec_cnn 0.062/0.053  (11s)
    JSR  -12.0 dB  BER 1.56e-02  PER 1.000  P(det)@0.05 naive/cfar power_one_sided 0.070/0.047 power_two_sided 0.104/0.055 kurtosis 0.055/0.049 spec_cnn 0.059/0.045  (11s)
    JSR  -11.0 dB  BER 1.56e-02  PER 1.000  P(det)@0.05 naive/cfar power_one_sided 0.068/0.033 power_two_sided 0.076/0.039 kurtosis 0.039/0.037 spec_cnn 0.045/0.037  (12s)
    JSR  -10.0 dB  BER 2.34e-02  PER 1.000  P(det)@0.05 naive/cfar power_one_sided 0.092/0.055 power_two_sided 0.096/0.064 kurtosis 0.057/0.053 spec_cnn 0.066/0.051  (12s)
    JSR   -9.0 dB  BER 3.12e-02  PER 1.000  P(det)@0.05 naive/cfar power_one_sided 0.098/0.047 power_two_sided 0.088/0.051 kurtosis 0.059/0.055 spec_cnn 0.062/0.057  (12s)
    JSR   -8.0 dB  BER 3.91e-02  PER 1.000  P(det)@0.05 naive/cfar power_one_sided 0.082/0.051 power_two_sided 0.086/0.049 kurtosis 0.053/0.053 spec_cnn 0.059/0.045  (13s)
    JSR   -7.0 dB  BER 4.69e-02  PER 1.000  P(det)@0.05 naive/cfar power_one_sided 0.094/0.068 power_two_sided 0.115/0.074 kurtosis 0.039/0.039 spec_cnn 0.049/0.033  (13s)
    JSR   -6.0 dB  BER 6.25e-02  PER 1.000  P(det)@0.05 naive/cfar power_one_sided 0.084/0.055 power_two_sided 0.092/0.051 kurtosis 0.061/0.061 spec_cnn 0.074/0.059  (13s)
    JSR   -5.0 dB  BER 7.81e-02  PER 1.000  P(det)@0.05 naive/cfar power_one_sided 0.107/0.057 power_two_sided 0.088/0.051 kurtosis 0.047/0.047 spec_cnn 0.053/0.037  (13s)
    JSR   -4.0 dB  BER 9.38e-02  PER 1.000  P(det)@0.05 naive/cfar power_one_sided 0.104/0.062 power_two_sided 0.098/0.062 kurtosis 0.055/0.049 spec_cnn 0.076/0.059  (14s)
    JSR   -3.0 dB  BER 1.25e-01  PER 1.000  P(det)@0.05 naive/cfar power_one_sided 0.092/0.053 power_two_sided 0.092/0.061 kurtosis 0.064/0.059 spec_cnn 0.061/0.051  (14s)
    JSR   -2.0 dB  BER 1.56e-01  PER 1.000  P(det)@0.05 naive/cfar power_one_sided 0.072/0.041 power_two_sided 0.076/0.037 kurtosis 0.057/0.049 spec_cnn 0.053/0.035  (14s)
    JSR   -1.0 dB  BER 1.95e-01  PER 1.000  P(det)@0.05 naive/cfar power_one_sided 0.074/0.045 power_two_sided 0.094/0.059 kurtosis 0.051/0.049 spec_cnn 0.051/0.047  (15s)
    JSR   +0.0 dB  BER 2.50e-01  PER 1.000  P(det)@0.05 naive/cfar power_one_sided 0.092/0.059 power_two_sided 0.107/0.059 kurtosis 0.059/0.055 spec_cnn 0.066/0.053  (15s)
    JSR   +1.0 dB  BER 3.12e-01  PER 1.000  P(det)@0.05 naive/cfar power_one_sided 0.068/0.049 power_two_sided 0.088/0.059 kurtosis 0.035/0.029 spec_cnn 0.059/0.043  (15s)
    JSR   +2.0 dB  BER 3.91e-01  PER 1.000  P(det)@0.05 naive/cfar power_one_sided 0.084/0.051 power_two_sided 0.092/0.057 kurtosis 0.062/0.059 spec_cnn 0.080/0.059  (15s)
    JSR   +3.0 dB  BER 4.92e-01  PER 1.000  P(det)@0.05 naive/cfar power_one_sided 0.061/0.035 power_two_sided 0.080/0.041 kurtosis 0.047/0.045 spec_cnn 0.078/0.066  (16s)
    JSR   +4.0 dB  BER 6.25e-01  PER 1.000  P(det)@0.05 naive/cfar power_one_sided 0.084/0.047 power_two_sided 0.096/0.062 kurtosis 0.053/0.047 spec_cnn 0.072/0.047  (16s)
    JSR   +5.0 dB  BER 7.89e-01  PER 1.000  P(det)@0.05 naive/cfar power_one_sided 0.080/0.043 power_two_sided 0.092/0.055 kurtosis 0.059/0.055 spec_cnn 0.061/0.051  (16s)
    JSR   +6.0 dB  BER 9.92e-01  PER 1.000  P(det)@0.05 naive/cfar power_one_sided 0.102/0.055 power_two_sided 0.105/0.045 kurtosis 0.055/0.049 spec_cnn 0.051/0.033  (17s)
    JSR   +7.0 dB  BER 1.00e+00  PER 1.000  P(det)@0.05 naive/cfar power_one_sided 0.090/0.064 power_two_sided 0.096/0.053 kurtosis 0.051/0.039 spec_cnn 0.053/0.043  (17s)
    JSR   +8.0 dB  BER 1.00e+00  PER 1.000  P(det)@0.05 naive/cfar power_one_sided 0.098/0.053 power_two_sided 0.084/0.051 kurtosis 0.062/0.057 spec_cnn 0.064/0.055  (17s)
    JSR   +9.0 dB  BER 1.00e+00  PER 1.000  P(det)@0.05 naive/cfar power_one_sided 0.064/0.041 power_two_sided 0.076/0.051 kurtosis 0.049/0.047 spec_cnn 0.084/0.061  (18s)
    JSR  +10.0 dB  BER 1.00e+00  PER 1.000  P(det)@0.05 naive/cfar power_one_sided 0.080/0.043 power_two_sided 0.074/0.041 kurtosis 0.068/0.068 spec_cnn 0.078/0.068  (18s)
    JSR  +11.0 dB  BER 1.00e+00  PER 1.000  P(det)@0.05 naive/cfar power_one_sided 0.082/0.072 power_two_sided 0.092/0.062 kurtosis 0.053/0.049 spec_cnn 0.062/0.049  (18s)
    JSR  +12.0 dB  BER 1.00e+00  PER 1.000  P(det)@0.05 naive/cfar power_one_sided 0.076/0.045 power_two_sided 0.072/0.043 kurtosis 0.047/0.045 spec_cnn 0.068/0.055  (18s)
    JSR  +13.0 dB  BER 1.00e+00  PER 1.000  P(det)@0.05 naive/cfar power_one_sided 0.061/0.037 power_two_sided 0.084/0.055 kurtosis 0.074/0.061 spec_cnn 0.053/0.041  (19s)
    JSR  +14.0 dB  BER 1.00e+00  PER 1.000  P(det)@0.05 naive/cfar power_one_sided 0.062/0.047 power_two_sided 0.090/0.049 kurtosis 0.049/0.045 spec_cnn 0.061/0.049  (19s)
    JSR  +15.0 dB  BER 1.00e+00  PER 1.000  P(det)@0.05 naive/cfar power_one_sided 0.102/0.059 power_two_sided 0.105/0.074 kurtosis 0.059/0.055 spec_cnn 0.076/0.055  (19s)
  [snr_15_unc_0.5] generator plain_run001 (scale 0.4022)
    JSR  -50.0 dB  BER 0.00e+00  PER 0.000  P(det)@0.05 naive/cfar power_one_sided 0.094/0.059 power_two_sided 0.098/0.057 kurtosis 0.055/0.053 spec_cnn 0.068/0.055  (0s)
    JSR  -49.0 dB  BER 0.00e+00  PER 0.000  P(det)@0.05 naive/cfar power_one_sided 0.080/0.053 power_two_sided 0.074/0.055 kurtosis 0.061/0.059 spec_cnn 0.062/0.053  (1s)
    JSR  -48.0 dB  BER 0.00e+00  PER 0.000  P(det)@0.05 naive/cfar power_one_sided 0.090/0.045 power_two_sided 0.092/0.059 kurtosis 0.049/0.045 spec_cnn 0.070/0.049  (1s)
    JSR  -47.0 dB  BER 0.00e+00  PER 0.000  P(det)@0.05 naive/cfar power_one_sided 0.078/0.029 power_two_sided 0.066/0.035 kurtosis 0.055/0.049 spec_cnn 0.072/0.062  (1s)
    JSR  -46.0 dB  BER 0.00e+00  PER 0.000  P(det)@0.05 naive/cfar power_one_sided 0.080/0.047 power_two_sided 0.086/0.059 kurtosis 0.049/0.045 spec_cnn 0.070/0.059  (2s)
    JSR  -45.0 dB  BER 0.00e+00  PER 0.000  P(det)@0.05 naive/cfar power_one_sided 0.094/0.059 power_two_sided 0.104/0.062 kurtosis 0.059/0.053 spec_cnn 0.070/0.057  (2s)
    JSR  -44.0 dB  BER 0.00e+00  PER 0.000  P(det)@0.05 naive/cfar power_one_sided 0.078/0.051 power_two_sided 0.082/0.041 kurtosis 0.049/0.045 spec_cnn 0.049/0.043  (2s)
    JSR  -43.0 dB  BER 0.00e+00  PER 0.000  P(det)@0.05 naive/cfar power_one_sided 0.064/0.049 power_two_sided 0.078/0.053 kurtosis 0.053/0.045 spec_cnn 0.092/0.072  (2s)
    JSR  -42.0 dB  BER 0.00e+00  PER 0.000  P(det)@0.05 naive/cfar power_one_sided 0.084/0.045 power_two_sided 0.086/0.047 kurtosis 0.057/0.043 spec_cnn 0.061/0.047  (3s)
    JSR  -41.0 dB  BER 0.00e+00  PER 0.000  P(det)@0.05 naive/cfar power_one_sided 0.059/0.033 power_two_sided 0.084/0.045 kurtosis 0.062/0.061 spec_cnn 0.074/0.059  (3s)
    JSR  -40.0 dB  BER 0.00e+00  PER 0.000  P(det)@0.05 naive/cfar power_one_sided 0.092/0.055 power_two_sided 0.090/0.061 kurtosis 0.070/0.062 spec_cnn 0.066/0.045  (3s)
    JSR  -39.0 dB  BER 0.00e+00  PER 0.000  P(det)@0.05 naive/cfar power_one_sided 0.096/0.053 power_two_sided 0.090/0.049 kurtosis 0.045/0.045 spec_cnn 0.080/0.062  (4s)
    JSR  -38.0 dB  BER 0.00e+00  PER 0.000  P(det)@0.05 naive/cfar power_one_sided 0.062/0.037 power_two_sided 0.076/0.039 kurtosis 0.059/0.057 spec_cnn 0.051/0.041  (4s)
    JSR  -37.0 dB  BER 0.00e+00  PER 0.000  P(det)@0.05 naive/cfar power_one_sided 0.082/0.059 power_two_sided 0.088/0.045 kurtosis 0.061/0.055 spec_cnn 0.066/0.053  (4s)
    JSR  -36.0 dB  BER 0.00e+00  PER 0.000  P(det)@0.05 naive/cfar power_one_sided 0.096/0.055 power_two_sided 0.098/0.064 kurtosis 0.062/0.057 spec_cnn 0.068/0.049  (5s)
    JSR  -35.0 dB  BER 0.00e+00  PER 0.000  P(det)@0.05 naive/cfar power_one_sided 0.102/0.070 power_two_sided 0.100/0.059 kurtosis 0.057/0.055 spec_cnn 0.061/0.047  (5s)
    JSR  -34.0 dB  BER 0.00e+00  PER 0.000  P(det)@0.05 naive/cfar power_one_sided 0.105/0.055 power_two_sided 0.094/0.061 kurtosis 0.055/0.053 spec_cnn 0.070/0.059  (5s)
    JSR  -33.0 dB  BER 0.00e+00  PER 0.000  P(det)@0.05 naive/cfar power_one_sided 0.109/0.061 power_two_sided 0.092/0.053 kurtosis 0.055/0.051 spec_cnn 0.076/0.062  (6s)
    JSR  -32.0 dB  BER 0.00e+00  PER 0.000  P(det)@0.05 naive/cfar power_one_sided 0.092/0.055 power_two_sided 0.090/0.047 kurtosis 0.078/0.072 spec_cnn 0.084/0.072  (6s)
    JSR  -31.0 dB  BER 0.00e+00  PER 0.000  P(det)@0.05 naive/cfar power_one_sided 0.109/0.064 power_two_sided 0.100/0.057 kurtosis 0.070/0.066 spec_cnn 0.102/0.086  (6s)
    JSR  -30.0 dB  BER 0.00e+00  PER 0.000  P(det)@0.05 naive/cfar power_one_sided 0.119/0.074 power_two_sided 0.111/0.055 kurtosis 0.068/0.066 spec_cnn 0.080/0.057  (6s)
    JSR  -29.0 dB  BER 0.00e+00  PER 0.000  P(det)@0.05 naive/cfar power_one_sided 0.115/0.074 power_two_sided 0.123/0.088 kurtosis 0.064/0.055 spec_cnn 0.078/0.062  (7s)
    JSR  -28.0 dB  BER 0.00e+00  PER 0.000  P(det)@0.05 naive/cfar power_one_sided 0.168/0.121 power_two_sided 0.164/0.104 kurtosis 0.059/0.051 spec_cnn 0.098/0.084  (7s)
    JSR  -27.0 dB  BER 0.00e+00  PER 0.000  P(det)@0.05 naive/cfar power_one_sided 0.139/0.092 power_two_sided 0.143/0.104 kurtosis 0.037/0.031 spec_cnn 0.100/0.080  (7s)
    JSR  -26.0 dB  BER 0.00e+00  PER 0.000  P(det)@0.05 naive/cfar power_one_sided 0.180/0.119 power_two_sided 0.146/0.102 kurtosis 0.041/0.039 spec_cnn 0.104/0.080  (8s)
    JSR  -25.0 dB  BER 0.00e+00  PER 0.000  P(det)@0.05 naive/cfar power_one_sided 0.211/0.158 power_two_sided 0.176/0.123 kurtosis 0.057/0.057 spec_cnn 0.113/0.098  (8s)
    JSR  -24.0 dB  BER 0.00e+00  PER 0.000  P(det)@0.05 naive/cfar power_one_sided 0.236/0.174 power_two_sided 0.201/0.158 kurtosis 0.057/0.051 spec_cnn 0.117/0.096  (8s)
    JSR  -23.0 dB  BER 0.00e+00  PER 0.000  P(det)@0.05 naive/cfar power_one_sided 0.270/0.207 power_two_sided 0.244/0.197 kurtosis 0.076/0.074 spec_cnn 0.146/0.125  (9s)
    JSR  -22.0 dB  BER 0.00e+00  PER 0.000  P(det)@0.05 naive/cfar power_one_sided 0.318/0.266 power_two_sided 0.287/0.242 kurtosis 0.051/0.051 spec_cnn 0.184/0.160  (9s)
    JSR  -21.0 dB  BER 0.00e+00  PER 0.000  P(det)@0.05 naive/cfar power_one_sided 0.434/0.350 power_two_sided 0.375/0.320 kurtosis 0.066/0.066 spec_cnn 0.215/0.178  (9s)
    JSR  -20.0 dB  BER 0.00e+00  PER 0.000  P(det)@0.05 naive/cfar power_one_sided 0.510/0.428 power_two_sided 0.451/0.359 kurtosis 0.068/0.062 spec_cnn 0.258/0.221  (10s)
    JSR  -19.0 dB  BER 0.00e+00  PER 0.000  P(det)@0.05 naive/cfar power_one_sided 0.598/0.551 power_two_sided 0.570/0.500 kurtosis 0.074/0.070 spec_cnn 0.334/0.293  (10s)
    JSR  -18.0 dB  BER 0.00e+00  PER 0.000  P(det)@0.05 naive/cfar power_one_sided 0.643/0.588 power_two_sided 0.605/0.549 kurtosis 0.098/0.094 spec_cnn 0.365/0.318  (10s)
    JSR  -17.0 dB  BER 0.00e+00  PER 0.000  P(det)@0.05 naive/cfar power_one_sided 0.727/0.701 power_two_sided 0.721/0.672 kurtosis 0.129/0.125 spec_cnn 0.441/0.393  (10s)
    JSR  -16.0 dB  BER 0.00e+00  PER 0.000  P(det)@0.05 naive/cfar power_one_sided 0.836/0.795 power_two_sided 0.801/0.771 kurtosis 0.164/0.158 spec_cnn 0.545/0.512  (11s)
    JSR  -15.0 dB  BER 0.00e+00  PER 0.000  P(det)@0.05 naive/cfar power_one_sided 0.898/0.879 power_two_sided 0.887/0.859 kurtosis 0.256/0.252 spec_cnn 0.654/0.623  (11s)
    JSR  -14.0 dB  BER 0.00e+00  PER 0.000  P(det)@0.05 naive/cfar power_one_sided 0.936/0.922 power_two_sided 0.924/0.896 kurtosis 0.357/0.346 spec_cnn 0.668/0.625  (11s)
    JSR  -13.0 dB  BER 0.00e+00  PER 0.000  P(det)@0.05 naive/cfar power_one_sided 0.961/0.957 power_two_sided 0.959/0.945 kurtosis 0.521/0.514 spec_cnn 0.744/0.701  (12s)
    JSR  -12.0 dB  BER 7.63e-06  PER 0.002  P(det)@0.05 naive/cfar power_one_sided 0.982/0.979 power_two_sided 0.979/0.977 kurtosis 0.639/0.633 spec_cnn 0.807/0.768  (12s)
    JSR  -11.0 dB  BER 7.63e-06  PER 0.002  P(det)@0.05 naive/cfar power_one_sided 0.996/0.992 power_two_sided 0.992/0.992 kurtosis 0.770/0.760 spec_cnn 0.861/0.822  (12s)
    JSR  -10.0 dB  BER 1.53e-05  PER 0.004  P(det)@0.05 naive/cfar power_one_sided 1.000/1.000 power_two_sided 1.000/1.000 kurtosis 0.887/0.881 spec_cnn 0.885/0.871  (13s)
    JSR   -9.0 dB  BER 1.68e-04  PER 0.033  P(det)@0.05 naive/cfar power_one_sided 1.000/1.000 power_two_sided 1.000/1.000 kurtosis 0.963/0.959 spec_cnn 0.916/0.906  (13s)
    JSR   -8.0 dB  BER 6.94e-04  PER 0.123  P(det)@0.05 naive/cfar power_one_sided 1.000/1.000 power_two_sided 1.000/1.000 kurtosis 0.990/0.990 spec_cnn 0.945/0.936  (13s)
    JSR   -7.0 dB  BER 2.40e-03  PER 0.373  P(det)@0.05 naive/cfar power_one_sided 1.000/1.000 power_two_sided 1.000/1.000 kurtosis 0.998/0.998 spec_cnn 0.977/0.963  (14s)
    JSR   -6.0 dB  BER 6.43e-03  PER 0.721  P(det)@0.05 naive/cfar power_one_sided 1.000/1.000 power_two_sided 1.000/1.000 kurtosis 0.996/0.996 spec_cnn 0.994/0.984  (14s)
    JSR   -5.0 dB  BER 1.52e-02  PER 0.920  P(det)@0.05 naive/cfar power_one_sided 1.000/1.000 power_two_sided 1.000/1.000 kurtosis 1.000/1.000 spec_cnn 0.990/0.986  (14s)
    JSR   -4.0 dB  BER 3.33e-02  PER 0.988  P(det)@0.05 naive/cfar power_one_sided 1.000/1.000 power_two_sided 1.000/1.000 kurtosis 1.000/1.000 spec_cnn 1.000/1.000  (14s)
    JSR   -3.0 dB  BER 5.87e-02  PER 1.000  P(det)@0.05 naive/cfar power_one_sided 1.000/1.000 power_two_sided 1.000/1.000 kurtosis 1.000/1.000 spec_cnn 1.000/0.998  (15s)
    JSR   -2.0 dB  BER 9.28e-02  PER 1.000  P(det)@0.05 naive/cfar power_one_sided 1.000/1.000 power_two_sided 1.000/1.000 kurtosis 1.000/1.000 spec_cnn 1.000/1.000  (15s)
    JSR   -1.0 dB  BER 1.25e-01  PER 1.000  P(det)@0.05 naive/cfar power_one_sided 1.000/1.000 power_two_sided 1.000/1.000 kurtosis 1.000/1.000 spec_cnn 1.000/1.000  (15s)
    JSR   +0.0 dB  BER 1.59e-01  PER 1.000  P(det)@0.05 naive/cfar power_one_sided 1.000/1.000 power_two_sided 1.000/1.000 kurtosis 1.000/1.000 spec_cnn 1.000/1.000  (16s)
    JSR   +1.0 dB  BER 1.94e-01  PER 1.000  P(det)@0.05 naive/cfar power_one_sided 1.000/1.000 power_two_sided 1.000/1.000 kurtosis 0.998/0.998 spec_cnn 1.000/1.000  (16s)
    JSR   +2.0 dB  BER 2.20e-01  PER 1.000  P(det)@0.05 naive/cfar power_one_sided 1.000/1.000 power_two_sided 1.000/1.000 kurtosis 0.996/0.996 spec_cnn 1.000/1.000  (16s)
    JSR   +3.0 dB  BER 2.50e-01  PER 1.000  P(det)@0.05 naive/cfar power_one_sided 1.000/1.000 power_two_sided 1.000/1.000 kurtosis 0.994/0.994 spec_cnn 1.000/1.000  (17s)
    JSR   +4.0 dB  BER 2.72e-01  PER 1.000  P(det)@0.05 naive/cfar power_one_sided 1.000/1.000 power_two_sided 1.000/1.000 kurtosis 0.980/0.980 spec_cnn 1.000/1.000  (17s)
    JSR   +5.0 dB  BER 2.99e-01  PER 1.000  P(det)@0.05 naive/cfar power_one_sided 1.000/1.000 power_two_sided 1.000/1.000 kurtosis 0.955/0.955 spec_cnn 1.000/1.000  (17s)
    JSR   +6.0 dB  BER 3.17e-01  PER 1.000  P(det)@0.05 naive/cfar power_one_sided 1.000/1.000 power_two_sided 1.000/1.000 kurtosis 0.908/0.908 spec_cnn 1.000/1.000  (18s)
    JSR   +7.0 dB  BER 3.38e-01  PER 1.000  P(det)@0.05 naive/cfar power_one_sided 1.000/1.000 power_two_sided 1.000/1.000 kurtosis 0.844/0.838 spec_cnn 1.000/1.000  (18s)
    JSR   +8.0 dB  BER 3.55e-01  PER 1.000  P(det)@0.05 naive/cfar power_one_sided 1.000/1.000 power_two_sided 1.000/1.000 kurtosis 0.752/0.750 spec_cnn 1.000/1.000  (18s)
    JSR   +9.0 dB  BER 3.71e-01  PER 1.000  P(det)@0.05 naive/cfar power_one_sided 1.000/1.000 power_two_sided 1.000/1.000 kurtosis 0.701/0.695 spec_cnn 1.000/1.000  (18s)
    JSR  +10.0 dB  BER 3.84e-01  PER 1.000  P(det)@0.05 naive/cfar power_one_sided 1.000/1.000 power_two_sided 1.000/1.000 kurtosis 0.631/0.627 spec_cnn 1.000/1.000  (19s)
    JSR  +11.0 dB  BER 3.95e-01  PER 1.000  P(det)@0.05 naive/cfar power_one_sided 1.000/1.000 power_two_sided 1.000/1.000 kurtosis 0.586/0.582 spec_cnn 1.000/1.000  (19s)
    JSR  +12.0 dB  BER 4.06e-01  PER 1.000  P(det)@0.05 naive/cfar power_one_sided 1.000/1.000 power_two_sided 1.000/1.000 kurtosis 0.590/0.584 spec_cnn 1.000/1.000  (19s)
    JSR  +13.0 dB  BER 4.15e-01  PER 1.000  P(det)@0.05 naive/cfar power_one_sided 1.000/1.000 power_two_sided 1.000/1.000 kurtosis 0.611/0.607 spec_cnn 1.000/1.000  (20s)
    JSR  +14.0 dB  BER 4.21e-01  PER 1.000  P(det)@0.05 naive/cfar power_one_sided 1.000/1.000 power_two_sided 1.000/1.000 kurtosis 0.598/0.596 spec_cnn 1.000/1.000  (20s)
    JSR  +15.0 dB  BER 4.32e-01  PER 1.000  P(det)@0.05 naive/cfar power_one_sided 1.000/1.000 power_two_sided 1.000/1.000 kurtosis 0.572/0.562 spec_cnn 1.000/1.000  (20s)
  [snr_15_unc_0.5] plain_run001 done (484s)
  [snr_15_unc_0.5] generator eff (scale 1.0000)
    JSR  -50.0 dB  BER 0.00e+00  PER 0.000  P(det)@0.05 naive/cfar power_one_sided 0.096/0.059 power_two_sided 0.098/0.059 kurtosis 0.070/0.066 spec_cnn 0.098/0.072  (0s)
    JSR  -49.0 dB  BER 0.00e+00  PER 0.000  P(det)@0.05 naive/cfar power_one_sided 0.092/0.057 power_two_sided 0.088/0.049 kurtosis 0.082/0.076 spec_cnn 0.068/0.059  (1s)
    JSR  -48.0 dB  BER 0.00e+00  PER 0.000  P(det)@0.05 naive/cfar power_one_sided 0.070/0.043 power_two_sided 0.078/0.057 kurtosis 0.066/0.061 spec_cnn 0.064/0.053  (1s)
    JSR  -47.0 dB  BER 0.00e+00  PER 0.000  P(det)@0.05 naive/cfar power_one_sided 0.082/0.051 power_two_sided 0.086/0.039 kurtosis 0.061/0.053 spec_cnn 0.057/0.043  (1s)
    JSR  -46.0 dB  BER 0.00e+00  PER 0.000  P(det)@0.05 naive/cfar power_one_sided 0.080/0.047 power_two_sided 0.100/0.055 kurtosis 0.045/0.043 spec_cnn 0.068/0.055  (2s)
    JSR  -45.0 dB  BER 0.00e+00  PER 0.000  P(det)@0.05 naive/cfar power_one_sided 0.096/0.047 power_two_sided 0.082/0.049 kurtosis 0.055/0.049 spec_cnn 0.072/0.059  (2s)
    JSR  -44.0 dB  BER 0.00e+00  PER 0.000  P(det)@0.05 naive/cfar power_one_sided 0.072/0.043 power_two_sided 0.088/0.061 kurtosis 0.045/0.045 spec_cnn 0.061/0.049  (2s)
    JSR  -43.0 dB  BER 0.00e+00  PER 0.000  P(det)@0.05 naive/cfar power_one_sided 0.088/0.059 power_two_sided 0.104/0.068 kurtosis 0.049/0.045 spec_cnn 0.059/0.049  (2s)
    JSR  -42.0 dB  BER 0.00e+00  PER 0.000  P(det)@0.05 naive/cfar power_one_sided 0.086/0.049 power_two_sided 0.094/0.049 kurtosis 0.049/0.045 spec_cnn 0.084/0.053  (3s)
    JSR  -41.0 dB  BER 0.00e+00  PER 0.000  P(det)@0.05 naive/cfar power_one_sided 0.092/0.062 power_two_sided 0.115/0.055 kurtosis 0.059/0.057 spec_cnn 0.076/0.061  (3s)
    JSR  -40.0 dB  BER 0.00e+00  PER 0.000  P(det)@0.05 naive/cfar power_one_sided 0.090/0.059 power_two_sided 0.094/0.049 kurtosis 0.051/0.047 spec_cnn 0.059/0.043  (3s)
    JSR  -39.0 dB  BER 0.00e+00  PER 0.000  P(det)@0.05 naive/cfar power_one_sided 0.082/0.051 power_two_sided 0.088/0.049 kurtosis 0.041/0.039 spec_cnn 0.074/0.057  (4s)
    JSR  -38.0 dB  BER 0.00e+00  PER 0.000  P(det)@0.05 naive/cfar power_one_sided 0.084/0.047 power_two_sided 0.076/0.043 kurtosis 0.059/0.057 spec_cnn 0.061/0.051  (4s)
    JSR  -37.0 dB  BER 0.00e+00  PER 0.000  P(det)@0.05 naive/cfar power_one_sided 0.084/0.043 power_two_sided 0.078/0.031 kurtosis 0.066/0.062 spec_cnn 0.080/0.066  (4s)
    JSR  -36.0 dB  BER 0.00e+00  PER 0.000  P(det)@0.05 naive/cfar power_one_sided 0.092/0.055 power_two_sided 0.088/0.059 kurtosis 0.062/0.062 spec_cnn 0.080/0.059  (5s)
    JSR  -35.0 dB  BER 0.00e+00  PER 0.000  P(det)@0.05 naive/cfar power_one_sided 0.090/0.055 power_two_sided 0.113/0.047 kurtosis 0.053/0.051 spec_cnn 0.053/0.043  (5s)
    JSR  -34.0 dB  BER 0.00e+00  PER 0.000  P(det)@0.05 naive/cfar power_one_sided 0.078/0.061 power_two_sided 0.080/0.043 kurtosis 0.053/0.047 spec_cnn 0.078/0.064  (5s)
    JSR  -33.0 dB  BER 0.00e+00  PER 0.000  P(det)@0.05 naive/cfar power_one_sided 0.092/0.062 power_two_sided 0.098/0.062 kurtosis 0.068/0.064 spec_cnn 0.082/0.068  (6s)
    JSR  -32.0 dB  BER 0.00e+00  PER 0.000  P(det)@0.05 naive/cfar power_one_sided 0.123/0.068 power_two_sided 0.102/0.062 kurtosis 0.037/0.033 spec_cnn 0.066/0.049  (6s)
    JSR  -31.0 dB  BER 0.00e+00  PER 0.000  P(det)@0.05 naive/cfar power_one_sided 0.107/0.062 power_two_sided 0.105/0.062 kurtosis 0.068/0.066 spec_cnn 0.086/0.068  (6s)
    JSR  -30.0 dB  BER 0.00e+00  PER 0.000  P(det)@0.05 naive/cfar power_one_sided 0.117/0.080 power_two_sided 0.113/0.080 kurtosis 0.053/0.045 spec_cnn 0.086/0.070  (6s)
    JSR  -29.0 dB  BER 0.00e+00  PER 0.000  P(det)@0.05 naive/cfar power_one_sided 0.133/0.084 power_two_sided 0.113/0.078 kurtosis 0.078/0.072 spec_cnn 0.072/0.053  (7s)
    JSR  -28.0 dB  BER 0.00e+00  PER 0.000  P(det)@0.05 naive/cfar power_one_sided 0.166/0.115 power_two_sided 0.139/0.088 kurtosis 0.047/0.045 spec_cnn 0.105/0.082  (7s)
    JSR  -27.0 dB  BER 0.00e+00  PER 0.000  P(det)@0.05 naive/cfar power_one_sided 0.174/0.102 power_two_sided 0.119/0.086 kurtosis 0.053/0.049 spec_cnn 0.088/0.066  (7s)
    JSR  -26.0 dB  BER 0.00e+00  PER 0.000  P(det)@0.05 naive/cfar power_one_sided 0.170/0.127 power_two_sided 0.166/0.123 kurtosis 0.049/0.039 spec_cnn 0.096/0.078  (8s)
    JSR  -25.0 dB  BER 0.00e+00  PER 0.000  P(det)@0.05 naive/cfar power_one_sided 0.234/0.168 power_two_sided 0.186/0.127 kurtosis 0.055/0.053 spec_cnn 0.098/0.070  (8s)
    JSR  -24.0 dB  BER 0.00e+00  PER 0.000  P(det)@0.05 naive/cfar power_one_sided 0.275/0.191 power_two_sided 0.215/0.152 kurtosis 0.061/0.053 spec_cnn 0.117/0.096  (8s)
    JSR  -23.0 dB  BER 0.00e+00  PER 0.000  P(det)@0.05 naive/cfar power_one_sided 0.361/0.289 power_two_sided 0.301/0.225 kurtosis 0.057/0.055 spec_cnn 0.127/0.109  (9s)
    JSR  -22.0 dB  BER 4.58e-05  PER 0.012  P(det)@0.05 naive/cfar power_one_sided 0.482/0.389 power_two_sided 0.385/0.303 kurtosis 0.074/0.074 spec_cnn 0.129/0.107  (9s)
    JSR  -21.0 dB  BER 1.45e-04  PER 0.037  P(det)@0.05 naive/cfar power_one_sided 0.463/0.393 power_two_sided 0.395/0.350 kurtosis 0.074/0.064 spec_cnn 0.152/0.121  (9s)
    JSR  -20.0 dB  BER 3.66e-04  PER 0.094  P(det)@0.05 naive/cfar power_one_sided 0.623/0.562 power_two_sided 0.562/0.490 kurtosis 0.096/0.096 spec_cnn 0.133/0.109  (10s)
    JSR  -19.0 dB  BER 9.84e-04  PER 0.252  P(det)@0.05 naive/cfar power_one_sided 0.762/0.701 power_two_sided 0.695/0.633 kurtosis 0.104/0.100 spec_cnn 0.207/0.156  (10s)
    JSR  -18.0 dB  BER 1.41e-03  PER 0.359  P(det)@0.05 naive/cfar power_one_sided 0.814/0.771 power_two_sided 0.771/0.703 kurtosis 0.137/0.133 spec_cnn 0.264/0.215  (10s)
    JSR  -17.0 dB  BER 1.74e-03  PER 0.428  P(det)@0.05 naive/cfar power_one_sided 0.906/0.881 power_two_sided 0.879/0.838 kurtosis 0.209/0.197 spec_cnn 0.320/0.256  (10s)
    JSR  -16.0 dB  BER 2.24e-03  PER 0.529  P(det)@0.05 naive/cfar power_one_sided 0.963/0.941 power_two_sided 0.941/0.924 kurtosis 0.268/0.260 spec_cnn 0.391/0.346  (11s)
    JSR  -15.0 dB  BER 2.53e-03  PER 0.576  P(det)@0.05 naive/cfar power_one_sided 0.992/0.986 power_two_sided 0.986/0.980 kurtosis 0.369/0.357 spec_cnn 0.523/0.461  (11s)
    JSR  -14.0 dB  BER 3.01e-03  PER 0.648  P(det)@0.05 naive/cfar power_one_sided 1.000/0.998 power_two_sided 0.998/0.998 kurtosis 0.490/0.484 spec_cnn 0.654/0.576  (11s)
    JSR  -13.0 dB  BER 3.25e-03  PER 0.652  P(det)@0.05 naive/cfar power_one_sided 1.000/1.000 power_two_sided 1.000/1.000 kurtosis 0.621/0.621 spec_cnn 0.793/0.736  (12s)
    JSR  -12.0 dB  BER 3.58e-03  PER 0.682  P(det)@0.05 naive/cfar power_one_sided 1.000/1.000 power_two_sided 1.000/1.000 kurtosis 0.822/0.816 spec_cnn 0.904/0.879  (12s)
    JSR  -11.0 dB  BER 4.03e-03  PER 0.760  P(det)@0.05 naive/cfar power_one_sided 1.000/1.000 power_two_sided 1.000/1.000 kurtosis 0.957/0.957 spec_cnn 0.967/0.943  (12s)
    JSR  -10.0 dB  BER 4.18e-03  PER 0.725  P(det)@0.05 naive/cfar power_one_sided 1.000/1.000 power_two_sided 1.000/1.000 kurtosis 0.998/0.998 spec_cnn 0.992/0.986  (13s)
    JSR   -9.0 dB  BER 4.82e-03  PER 0.791  P(det)@0.05 naive/cfar power_one_sided 1.000/1.000 power_two_sided 1.000/1.000 kurtosis 0.998/0.998 spec_cnn 1.000/1.000  (13s)
    JSR   -8.0 dB  BER 4.64e-03  PER 0.760  P(det)@0.05 naive/cfar power_one_sided 1.000/1.000 power_two_sided 1.000/1.000 kurtosis 1.000/1.000 spec_cnn 0.998/0.998  (13s)
    JSR   -7.0 dB  BER 5.32e-03  PER 0.814  P(det)@0.05 naive/cfar power_one_sided 1.000/1.000 power_two_sided 1.000/1.000 kurtosis 1.000/1.000 spec_cnn 1.000/1.000  (14s)
    JSR   -6.0 dB  BER 5.86e-03  PER 0.836  P(det)@0.05 naive/cfar power_one_sided 1.000/1.000 power_two_sided 1.000/1.000 kurtosis 1.000/1.000 spec_cnn 1.000/1.000  (14s)
    JSR   -5.0 dB  BER 6.31e-03  PER 0.865  P(det)@0.05 naive/cfar power_one_sided 1.000/1.000 power_two_sided 1.000/1.000 kurtosis 1.000/1.000 spec_cnn 1.000/1.000  (14s)
    JSR   -4.0 dB  BER 6.94e-03  PER 0.863  P(det)@0.05 naive/cfar power_one_sided 1.000/1.000 power_two_sided 1.000/1.000 kurtosis 1.000/1.000 spec_cnn 1.000/1.000  (14s)
    JSR   -3.0 dB  BER 7.20e-03  PER 0.881  P(det)@0.05 naive/cfar power_one_sided 1.000/1.000 power_two_sided 1.000/1.000 kurtosis 1.000/1.000 spec_cnn 1.000/1.000  (15s)
    JSR   -2.0 dB  BER 8.11e-03  PER 0.902  P(det)@0.05 naive/cfar power_one_sided 1.000/1.000 power_two_sided 1.000/1.000 kurtosis 1.000/1.000 spec_cnn 1.000/1.000  (15s)
    JSR   -1.0 dB  BER 8.50e-03  PER 0.912  P(det)@0.05 naive/cfar power_one_sided 1.000/1.000 power_two_sided 1.000/1.000 kurtosis 1.000/1.000 spec_cnn 1.000/1.000  (15s)
    JSR   +0.0 dB  BER 9.71e-03  PER 0.924  P(det)@0.05 naive/cfar power_one_sided 1.000/1.000 power_two_sided 1.000/1.000 kurtosis 1.000/1.000 spec_cnn 1.000/1.000  (16s)
    JSR   +1.0 dB  BER 1.01e-02  PER 0.928  P(det)@0.05 naive/cfar power_one_sided 1.000/1.000 power_two_sided 1.000/1.000 kurtosis 1.000/1.000 spec_cnn 1.000/1.000  (16s)
    JSR   +2.0 dB  BER 1.22e-02  PER 0.943  P(det)@0.05 naive/cfar power_one_sided 1.000/1.000 power_two_sided 1.000/1.000 kurtosis 1.000/1.000 spec_cnn 1.000/1.000  (16s)
    JSR   +3.0 dB  BER 1.28e-02  PER 0.959  P(det)@0.05 naive/cfar power_one_sided 1.000/1.000 power_two_sided 1.000/1.000 kurtosis 1.000/1.000 spec_cnn 1.000/1.000  (17s)
    JSR   +4.0 dB  BER 1.64e-02  PER 0.982  P(det)@0.05 naive/cfar power_one_sided 1.000/1.000 power_two_sided 1.000/1.000 kurtosis 1.000/1.000 spec_cnn 1.000/1.000  (17s)
    JSR   +5.0 dB  BER 2.12e-02  PER 0.986  P(det)@0.05 naive/cfar power_one_sided 1.000/1.000 power_two_sided 1.000/1.000 kurtosis 1.000/1.000 spec_cnn 1.000/1.000  (17s)
    JSR   +6.0 dB  BER 2.91e-02  PER 1.000  P(det)@0.05 naive/cfar power_one_sided 1.000/1.000 power_two_sided 1.000/1.000 kurtosis 1.000/1.000 spec_cnn 1.000/1.000  (17s)
    JSR   +7.0 dB  BER 3.80e-02  PER 1.000  P(det)@0.05 naive/cfar power_one_sided 1.000/1.000 power_two_sided 1.000/1.000 kurtosis 1.000/1.000 spec_cnn 1.000/1.000  (18s)
    JSR   +8.0 dB  BER 5.42e-02  PER 1.000  P(det)@0.05 naive/cfar power_one_sided 1.000/1.000 power_two_sided 1.000/1.000 kurtosis 1.000/1.000 spec_cnn 1.000/1.000  (18s)
    JSR   +9.0 dB  BER 6.94e-02  PER 1.000  P(det)@0.05 naive/cfar power_one_sided 1.000/1.000 power_two_sided 1.000/1.000 kurtosis 1.000/1.000 spec_cnn 1.000/1.000  (18s)
    JSR  +10.0 dB  BER 8.85e-02  PER 1.000  P(det)@0.05 naive/cfar power_one_sided 1.000/1.000 power_two_sided 1.000/1.000 kurtosis 1.000/1.000 spec_cnn 1.000/1.000  (19s)
    JSR  +11.0 dB  BER 1.12e-01  PER 1.000  P(det)@0.05 naive/cfar power_one_sided 1.000/1.000 power_two_sided 1.000/1.000 kurtosis 1.000/1.000 spec_cnn 1.000/1.000  (19s)
    JSR  +12.0 dB  BER 1.40e-01  PER 1.000  P(det)@0.05 naive/cfar power_one_sided 1.000/1.000 power_two_sided 1.000/1.000 kurtosis 1.000/1.000 spec_cnn 1.000/1.000  (19s)
    JSR  +13.0 dB  BER 1.64e-01  PER 1.000  P(det)@0.05 naive/cfar power_one_sided 1.000/1.000 power_two_sided 1.000/1.000 kurtosis 1.000/1.000 spec_cnn 1.000/1.000  (20s)
    JSR  +14.0 dB  BER 1.89e-01  PER 1.000  P(det)@0.05 naive/cfar power_one_sided 1.000/1.000 power_two_sided 1.000/1.000 kurtosis 1.000/1.000 spec_cnn 1.000/1.000  (20s)
    JSR  +15.0 dB  BER 2.20e-01  PER 1.000  P(det)@0.05 naive/cfar power_one_sided 1.000/1.000 power_two_sided 1.000/1.000 kurtosis 1.000/1.000 spec_cnn 1.000/1.000  (20s)
  [snr_15_unc_0.5] eff done (536s)
  [snr_15_unc_0.5] generator power_one_sided_b1 (scale 1.0000)
    JSR  -50.0 dB  BER 0.00e+00  PER 0.000  P(det)@0.05 naive/cfar power_one_sided 0.105/0.057 power_two_sided 0.094/0.047 kurtosis 0.061/0.051 spec_cnn 0.051/0.043  (0s)
    JSR  -49.0 dB  BER 0.00e+00  PER 0.000  P(det)@0.05 naive/cfar power_one_sided 0.068/0.035 power_two_sided 0.072/0.049 kurtosis 0.049/0.043 spec_cnn 0.068/0.051  (1s)
    JSR  -48.0 dB  BER 0.00e+00  PER 0.000  P(det)@0.05 naive/cfar power_one_sided 0.084/0.047 power_two_sided 0.086/0.037 kurtosis 0.045/0.035 spec_cnn 0.072/0.059  (1s)
    JSR  -47.0 dB  BER 0.00e+00  PER 0.000  P(det)@0.05 naive/cfar power_one_sided 0.088/0.043 power_two_sided 0.078/0.049 kurtosis 0.047/0.047 spec_cnn 0.057/0.045  (1s)
    JSR  -46.0 dB  BER 0.00e+00  PER 0.000  P(det)@0.05 naive/cfar power_one_sided 0.109/0.062 power_two_sided 0.104/0.059 kurtosis 0.053/0.051 spec_cnn 0.102/0.078  (2s)
    JSR  -45.0 dB  BER 0.00e+00  PER 0.000  P(det)@0.05 naive/cfar power_one_sided 0.096/0.059 power_two_sided 0.098/0.049 kurtosis 0.066/0.059 spec_cnn 0.066/0.047  (2s)
    JSR  -44.0 dB  BER 0.00e+00  PER 0.000  P(det)@0.05 naive/cfar power_one_sided 0.080/0.045 power_two_sided 0.070/0.049 kurtosis 0.045/0.039 spec_cnn 0.066/0.055  (2s)
    JSR  -43.0 dB  BER 0.00e+00  PER 0.000  P(det)@0.05 naive/cfar power_one_sided 0.098/0.055 power_two_sided 0.094/0.051 kurtosis 0.031/0.025 spec_cnn 0.068/0.049  (2s)
    JSR  -42.0 dB  BER 0.00e+00  PER 0.000  P(det)@0.05 naive/cfar power_one_sided 0.105/0.066 power_two_sided 0.104/0.047 kurtosis 0.057/0.051 spec_cnn 0.062/0.047  (3s)
    JSR  -41.0 dB  BER 0.00e+00  PER 0.000  P(det)@0.05 naive/cfar power_one_sided 0.076/0.041 power_two_sided 0.088/0.066 kurtosis 0.059/0.057 spec_cnn 0.066/0.049  (3s)
    JSR  -40.0 dB  BER 0.00e+00  PER 0.000  P(det)@0.05 naive/cfar power_one_sided 0.070/0.041 power_two_sided 0.088/0.043 kurtosis 0.057/0.053 spec_cnn 0.039/0.033  (3s)
    JSR  -39.0 dB  BER 0.00e+00  PER 0.000  P(det)@0.05 naive/cfar power_one_sided 0.076/0.055 power_two_sided 0.082/0.043 kurtosis 0.062/0.057 spec_cnn 0.078/0.057  (4s)
    JSR  -38.0 dB  BER 0.00e+00  PER 0.000  P(det)@0.05 naive/cfar power_one_sided 0.086/0.059 power_two_sided 0.102/0.062 kurtosis 0.047/0.043 spec_cnn 0.062/0.049  (4s)
    JSR  -37.0 dB  BER 0.00e+00  PER 0.000  P(det)@0.05 naive/cfar power_one_sided 0.094/0.059 power_two_sided 0.096/0.055 kurtosis 0.045/0.041 spec_cnn 0.064/0.047  (4s)
    JSR  -36.0 dB  BER 0.00e+00  PER 0.000  P(det)@0.05 naive/cfar power_one_sided 0.057/0.037 power_two_sided 0.084/0.043 kurtosis 0.070/0.068 spec_cnn 0.068/0.053  (5s)
    JSR  -35.0 dB  BER 0.00e+00  PER 0.000  P(det)@0.05 naive/cfar power_one_sided 0.068/0.045 power_two_sided 0.076/0.049 kurtosis 0.066/0.057 spec_cnn 0.061/0.051  (5s)
    JSR  -34.0 dB  BER 0.00e+00  PER 0.000  P(det)@0.05 naive/cfar power_one_sided 0.098/0.059 power_two_sided 0.088/0.043 kurtosis 0.057/0.049 spec_cnn 0.059/0.045  (5s)
    JSR  -33.0 dB  BER 0.00e+00  PER 0.000  P(det)@0.05 naive/cfar power_one_sided 0.082/0.051 power_two_sided 0.088/0.047 kurtosis 0.053/0.045 spec_cnn 0.061/0.047  (6s)
    JSR  -32.0 dB  BER 0.00e+00  PER 0.000  P(det)@0.05 naive/cfar power_one_sided 0.080/0.051 power_two_sided 0.082/0.037 kurtosis 0.059/0.057 spec_cnn 0.070/0.057  (6s)
    JSR  -31.0 dB  BER 0.00e+00  PER 0.000  P(det)@0.05 naive/cfar power_one_sided 0.082/0.049 power_two_sided 0.074/0.031 kurtosis 0.066/0.064 spec_cnn 0.064/0.051  (6s)
    JSR  -30.0 dB  BER 0.00e+00  PER 0.000  P(det)@0.05 naive/cfar power_one_sided 0.105/0.064 power_two_sided 0.102/0.059 kurtosis 0.049/0.041 spec_cnn 0.059/0.045  (6s)
    JSR  -29.0 dB  BER 0.00e+00  PER 0.000  P(det)@0.05 naive/cfar power_one_sided 0.129/0.090 power_two_sided 0.113/0.061 kurtosis 0.047/0.043 spec_cnn 0.070/0.051  (7s)
    JSR  -28.0 dB  BER 0.00e+00  PER 0.000  P(det)@0.05 naive/cfar power_one_sided 0.127/0.082 power_two_sided 0.098/0.074 kurtosis 0.068/0.061 spec_cnn 0.086/0.064  (7s)
    JSR  -27.0 dB  BER 0.00e+00  PER 0.000  P(det)@0.05 naive/cfar power_one_sided 0.127/0.084 power_two_sided 0.121/0.072 kurtosis 0.080/0.070 spec_cnn 0.074/0.055  (7s)
    JSR  -26.0 dB  BER 0.00e+00  PER 0.000  P(det)@0.05 naive/cfar power_one_sided 0.152/0.104 power_two_sided 0.131/0.088 kurtosis 0.041/0.035 spec_cnn 0.086/0.070  (8s)
    JSR  -25.0 dB  BER 0.00e+00  PER 0.000  P(det)@0.05 naive/cfar power_one_sided 0.172/0.113 power_two_sided 0.137/0.098 kurtosis 0.064/0.061 spec_cnn 0.086/0.066  (8s)
    JSR  -24.0 dB  BER 0.00e+00  PER 0.000  P(det)@0.05 naive/cfar power_one_sided 0.199/0.139 power_two_sided 0.164/0.109 kurtosis 0.057/0.051 spec_cnn 0.105/0.088  (8s)
    JSR  -23.0 dB  BER 0.00e+00  PER 0.000  P(det)@0.05 naive/cfar power_one_sided 0.275/0.209 power_two_sided 0.217/0.156 kurtosis 0.082/0.074 spec_cnn 0.121/0.094  (9s)
    JSR  -22.0 dB  BER 0.00e+00  PER 0.000  P(det)@0.05 naive/cfar power_one_sided 0.295/0.223 power_two_sided 0.240/0.178 kurtosis 0.053/0.049 spec_cnn 0.115/0.080  (9s)
    JSR  -21.0 dB  BER 0.00e+00  PER 0.000  P(det)@0.05 naive/cfar power_one_sided 0.357/0.283 power_two_sided 0.295/0.221 kurtosis 0.080/0.074 spec_cnn 0.156/0.131  (9s)
    JSR  -20.0 dB  BER 5.34e-05  PER 0.014  P(det)@0.05 naive/cfar power_one_sided 0.471/0.387 power_two_sided 0.389/0.332 kurtosis 0.105/0.104 spec_cnn 0.174/0.137  (10s)
    JSR  -19.0 dB  BER 2.44e-04  PER 0.062  P(det)@0.05 naive/cfar power_one_sided 0.582/0.510 power_two_sided 0.518/0.428 kurtosis 0.131/0.121 spec_cnn 0.240/0.201  (10s)
    JSR  -18.0 dB  BER 6.33e-04  PER 0.162  P(det)@0.05 naive/cfar power_one_sided 0.654/0.586 power_two_sided 0.584/0.514 kurtosis 0.203/0.197 spec_cnn 0.295/0.230  (10s)
    JSR  -17.0 dB  BER 9.69e-04  PER 0.246  P(det)@0.05 naive/cfar power_one_sided 0.785/0.723 power_two_sided 0.723/0.666 kurtosis 0.223/0.221 spec_cnn 0.406/0.332  (10s)
    JSR  -16.0 dB  BER 1.30e-03  PER 0.328  P(det)@0.05 naive/cfar power_one_sided 0.859/0.816 power_two_sided 0.814/0.779 kurtosis 0.318/0.303 spec_cnn 0.492/0.412  (11s)
    JSR  -15.0 dB  BER 1.67e-03  PER 0.406  P(det)@0.05 naive/cfar power_one_sided 0.934/0.896 power_two_sided 0.896/0.871 kurtosis 0.436/0.430 spec_cnn 0.621/0.578  (11s)
    JSR  -14.0 dB  BER 2.08e-03  PER 0.488  P(det)@0.05 naive/cfar power_one_sided 0.973/0.969 power_two_sided 0.971/0.963 kurtosis 0.527/0.525 spec_cnn 0.764/0.719  (11s)
    JSR  -13.0 dB  BER 2.66e-03  PER 0.578  P(det)@0.05 naive/cfar power_one_sided 0.996/0.994 power_two_sided 0.994/0.988 kurtosis 0.691/0.680 spec_cnn 0.916/0.881  (12s)
    JSR  -12.0 dB  BER 3.01e-03  PER 0.600  P(det)@0.05 naive/cfar power_one_sided 0.998/0.998 power_two_sided 0.998/0.996 kurtosis 0.781/0.777 spec_cnn 0.980/0.965  (12s)
    JSR  -11.0 dB  BER 3.50e-03  PER 0.676  P(det)@0.05 naive/cfar power_one_sided 1.000/1.000 power_two_sided 1.000/1.000 kurtosis 0.863/0.859 spec_cnn 0.996/0.984  (12s)
    JSR  -10.0 dB  BER 3.81e-03  PER 0.703  P(det)@0.05 naive/cfar power_one_sided 1.000/1.000 power_two_sided 1.000/1.000 kurtosis 0.934/0.932 spec_cnn 1.000/1.000  (13s)
    JSR   -9.0 dB  BER 4.57e-03  PER 0.764  P(det)@0.05 naive/cfar power_one_sided 1.000/1.000 power_two_sided 1.000/1.000 kurtosis 0.973/0.973 spec_cnn 1.000/1.000  (13s)
    JSR   -8.0 dB  BER 4.88e-03  PER 0.789  P(det)@0.05 naive/cfar power_one_sided 1.000/1.000 power_two_sided 1.000/1.000 kurtosis 0.992/0.990 spec_cnn 1.000/1.000  (13s)
    JSR   -7.0 dB  BER 5.40e-03  PER 0.820  P(det)@0.05 naive/cfar power_one_sided 1.000/1.000 power_two_sided 1.000/1.000 kurtosis 1.000/1.000 spec_cnn 1.000/1.000  (13s)
    JSR   -6.0 dB  BER 6.29e-03  PER 0.854  P(det)@0.05 naive/cfar power_one_sided 1.000/1.000 power_two_sided 1.000/1.000 kurtosis 1.000/1.000 spec_cnn 1.000/1.000  (14s)
    JSR   -5.0 dB  BER 6.48e-03  PER 0.850  P(det)@0.05 naive/cfar power_one_sided 1.000/1.000 power_two_sided 1.000/1.000 kurtosis 1.000/1.000 spec_cnn 1.000/1.000  (14s)
    JSR   -4.0 dB  BER 7.43e-03  PER 0.910  P(det)@0.05 naive/cfar power_one_sided 1.000/1.000 power_two_sided 1.000/1.000 kurtosis 1.000/1.000 spec_cnn 1.000/1.000  (14s)
    JSR   -3.0 dB  BER 8.00e-03  PER 0.916  P(det)@0.05 naive/cfar power_one_sided 1.000/1.000 power_two_sided 1.000/1.000 kurtosis 1.000/1.000 spec_cnn 1.000/1.000  (15s)
    JSR   -2.0 dB  BER 8.83e-03  PER 0.943  P(det)@0.05 naive/cfar power_one_sided 1.000/1.000 power_two_sided 1.000/1.000 kurtosis 1.000/1.000 spec_cnn 1.000/1.000  (15s)
    JSR   -1.0 dB  BER 1.04e-02  PER 0.947  P(det)@0.05 naive/cfar power_one_sided 1.000/1.000 power_two_sided 1.000/1.000 kurtosis 1.000/1.000 spec_cnn 1.000/1.000  (15s)
    JSR   +0.0 dB  BER 1.13e-02  PER 0.969  P(det)@0.05 naive/cfar power_one_sided 1.000/1.000 power_two_sided 1.000/1.000 kurtosis 1.000/1.000 spec_cnn 1.000/1.000  (16s)
    JSR   +1.0 dB  BER 1.30e-02  PER 0.986  P(det)@0.05 naive/cfar power_one_sided 1.000/1.000 power_two_sided 1.000/1.000 kurtosis 1.000/1.000 spec_cnn 1.000/1.000  (16s)
    JSR   +2.0 dB  BER 1.62e-02  PER 0.988  P(det)@0.05 naive/cfar power_one_sided 1.000/1.000 power_two_sided 1.000/1.000 kurtosis 1.000/1.000 spec_cnn 1.000/1.000  (16s)
    JSR   +3.0 dB  BER 2.00e-02  PER 0.992  P(det)@0.05 naive/cfar power_one_sided 1.000/1.000 power_two_sided 1.000/1.000 kurtosis 1.000/1.000 spec_cnn 1.000/1.000  (17s)
    JSR   +4.0 dB  BER 2.58e-02  PER 0.998  P(det)@0.05 naive/cfar power_one_sided 1.000/1.000 power_two_sided 1.000/1.000 kurtosis 1.000/1.000 spec_cnn 1.000/1.000  (17s)
    JSR   +5.0 dB  BER 3.43e-02  PER 1.000  P(det)@0.05 naive/cfar power_one_sided 1.000/1.000 power_two_sided 1.000/1.000 kurtosis 1.000/1.000 spec_cnn 1.000/1.000  (17s)
    JSR   +6.0 dB  BER 4.58e-02  PER 1.000  P(det)@0.05 naive/cfar power_one_sided 1.000/1.000 power_two_sided 1.000/1.000 kurtosis 1.000/1.000 spec_cnn 1.000/1.000  (17s)
    JSR   +7.0 dB  BER 6.04e-02  PER 1.000  P(det)@0.05 naive/cfar power_one_sided 1.000/1.000 power_two_sided 1.000/1.000 kurtosis 1.000/1.000 spec_cnn 1.000/1.000  (18s)
    JSR   +8.0 dB  BER 8.02e-02  PER 1.000  P(det)@0.05 naive/cfar power_one_sided 1.000/1.000 power_two_sided 1.000/1.000 kurtosis 1.000/1.000 spec_cnn 1.000/1.000  (18s)
    JSR   +9.0 dB  BER 1.04e-01  PER 1.000  P(det)@0.05 naive/cfar power_one_sided 1.000/1.000 power_two_sided 1.000/1.000 kurtosis 1.000/1.000 spec_cnn 1.000/1.000  (18s)
    JSR  +10.0 dB  BER 1.28e-01  PER 1.000  P(det)@0.05 naive/cfar power_one_sided 1.000/1.000 power_two_sided 1.000/1.000 kurtosis 1.000/1.000 spec_cnn 1.000/1.000  (19s)
    JSR  +11.0 dB  BER 1.53e-01  PER 1.000  P(det)@0.05 naive/cfar power_one_sided 1.000/1.000 power_two_sided 1.000/1.000 kurtosis 1.000/1.000 spec_cnn 1.000/1.000  (19s)
    JSR  +12.0 dB  BER 1.81e-01  PER 1.000  P(det)@0.05 naive/cfar power_one_sided 1.000/1.000 power_two_sided 1.000/1.000 kurtosis 1.000/1.000 spec_cnn 1.000/1.000  (19s)
    JSR  +13.0 dB  BER 2.08e-01  PER 1.000  P(det)@0.05 naive/cfar power_one_sided 1.000/1.000 power_two_sided 1.000/1.000 kurtosis 1.000/1.000 spec_cnn 1.000/1.000  (20s)
    JSR  +14.0 dB  BER 2.34e-01  PER 1.000  P(det)@0.05 naive/cfar power_one_sided 1.000/1.000 power_two_sided 1.000/1.000 kurtosis 1.000/1.000 spec_cnn 1.000/1.000  (20s)
    JSR  +15.0 dB  BER 2.59e-01  PER 1.000  P(det)@0.05 naive/cfar power_one_sided 1.000/1.000 power_two_sided 1.000/1.000 kurtosis 1.000/1.000 spec_cnn 1.000/1.000  (20s)
  [snr_15_unc_0.5] power_one_sided_b1 done (594s)
  [snr_15_unc_0.5] generator power_one_sided_b10 (scale 1.0000)
    JSR  -50.0 dB  BER 0.00e+00  PER 0.000  P(det)@0.05 naive/cfar power_one_sided 0.068/0.041 power_two_sided 0.080/0.029 kurtosis 0.051/0.047 spec_cnn 0.064/0.047  (0s)
    JSR  -49.0 dB  BER 0.00e+00  PER 0.000  P(det)@0.05 naive/cfar power_one_sided 0.057/0.027 power_two_sided 0.088/0.059 kurtosis 0.059/0.055 spec_cnn 0.055/0.037  (1s)
    JSR  -48.0 dB  BER 0.00e+00  PER 0.000  P(det)@0.05 naive/cfar power_one_sided 0.070/0.039 power_two_sided 0.061/0.027 kurtosis 0.045/0.043 spec_cnn 0.068/0.045  (1s)
    JSR  -47.0 dB  BER 0.00e+00  PER 0.000  P(det)@0.05 naive/cfar power_one_sided 0.090/0.061 power_two_sided 0.117/0.064 kurtosis 0.055/0.055 spec_cnn 0.068/0.045  (1s)
    JSR  -46.0 dB  BER 0.00e+00  PER 0.000  P(det)@0.05 naive/cfar power_one_sided 0.076/0.059 power_two_sided 0.090/0.055 kurtosis 0.053/0.051 spec_cnn 0.061/0.055  (2s)
    JSR  -45.0 dB  BER 0.00e+00  PER 0.000  P(det)@0.05 naive/cfar power_one_sided 0.074/0.041 power_two_sided 0.084/0.039 kurtosis 0.055/0.051 spec_cnn 0.062/0.055  (2s)
    JSR  -44.0 dB  BER 0.00e+00  PER 0.000  P(det)@0.05 naive/cfar power_one_sided 0.074/0.053 power_two_sided 0.084/0.057 kurtosis 0.055/0.049 spec_cnn 0.059/0.047  (2s)
    JSR  -43.0 dB  BER 0.00e+00  PER 0.000  P(det)@0.05 naive/cfar power_one_sided 0.082/0.061 power_two_sided 0.082/0.045 kurtosis 0.064/0.061 spec_cnn 0.072/0.047  (2s)
    JSR  -42.0 dB  BER 0.00e+00  PER 0.000  P(det)@0.05 naive/cfar power_one_sided 0.080/0.053 power_two_sided 0.092/0.059 kurtosis 0.059/0.051 spec_cnn 0.068/0.057  (3s)
    JSR  -41.0 dB  BER 0.00e+00  PER 0.000  P(det)@0.05 naive/cfar power_one_sided 0.068/0.045 power_two_sided 0.086/0.051 kurtosis 0.061/0.055 spec_cnn 0.055/0.037  (3s)
    JSR  -40.0 dB  BER 0.00e+00  PER 0.000  P(det)@0.05 naive/cfar power_one_sided 0.107/0.055 power_two_sided 0.090/0.051 kurtosis 0.059/0.047 spec_cnn 0.074/0.057  (3s)
    JSR  -39.0 dB  BER 0.00e+00  PER 0.000  P(det)@0.05 naive/cfar power_one_sided 0.080/0.041 power_two_sided 0.082/0.053 kurtosis 0.061/0.051 spec_cnn 0.070/0.055  (4s)
    JSR  -38.0 dB  BER 0.00e+00  PER 0.000  P(det)@0.05 naive/cfar power_one_sided 0.092/0.053 power_two_sided 0.105/0.068 kurtosis 0.059/0.049 spec_cnn 0.070/0.051  (4s)
    JSR  -37.0 dB  BER 0.00e+00  PER 0.000  P(det)@0.05 naive/cfar power_one_sided 0.082/0.035 power_two_sided 0.074/0.035 kurtosis 0.074/0.064 spec_cnn 0.078/0.064  (4s)
    JSR  -36.0 dB  BER 0.00e+00  PER 0.000  P(det)@0.05 naive/cfar power_one_sided 0.092/0.055 power_two_sided 0.098/0.055 kurtosis 0.074/0.066 spec_cnn 0.070/0.057  (5s)
    JSR  -35.0 dB  BER 0.00e+00  PER 0.000  P(det)@0.05 naive/cfar power_one_sided 0.088/0.055 power_two_sided 0.076/0.051 kurtosis 0.055/0.051 spec_cnn 0.076/0.066  (5s)
    JSR  -34.0 dB  BER 0.00e+00  PER 0.000  P(det)@0.05 naive/cfar power_one_sided 0.074/0.047 power_two_sided 0.080/0.045 kurtosis 0.037/0.035 spec_cnn 0.062/0.055  (5s)
    JSR  -33.0 dB  BER 0.00e+00  PER 0.000  P(det)@0.05 naive/cfar power_one_sided 0.064/0.047 power_two_sided 0.092/0.053 kurtosis 0.045/0.041 spec_cnn 0.059/0.043  (6s)
    JSR  -32.0 dB  BER 0.00e+00  PER 0.000  P(det)@0.05 naive/cfar power_one_sided 0.088/0.053 power_two_sided 0.102/0.051 kurtosis 0.057/0.051 spec_cnn 0.074/0.057  (6s)
    JSR  -31.0 dB  BER 0.00e+00  PER 0.000  P(det)@0.05 naive/cfar power_one_sided 0.082/0.049 power_two_sided 0.070/0.045 kurtosis 0.049/0.045 spec_cnn 0.057/0.037  (6s)
    JSR  -30.0 dB  BER 0.00e+00  PER 0.000  P(det)@0.05 naive/cfar power_one_sided 0.084/0.062 power_two_sided 0.105/0.068 kurtosis 0.049/0.047 spec_cnn 0.062/0.045  (6s)
    JSR  -29.0 dB  BER 0.00e+00  PER 0.000  P(det)@0.05 naive/cfar power_one_sided 0.115/0.080 power_two_sided 0.109/0.053 kurtosis 0.066/0.061 spec_cnn 0.084/0.070  (7s)
    JSR  -28.0 dB  BER 0.00e+00  PER 0.000  P(det)@0.05 naive/cfar power_one_sided 0.105/0.080 power_two_sided 0.123/0.074 kurtosis 0.039/0.037 spec_cnn 0.086/0.062  (7s)
    JSR  -27.0 dB  BER 0.00e+00  PER 0.000  P(det)@0.05 naive/cfar power_one_sided 0.146/0.092 power_two_sided 0.133/0.078 kurtosis 0.047/0.045 spec_cnn 0.092/0.068  (7s)
    JSR  -26.0 dB  BER 0.00e+00  PER 0.000  P(det)@0.05 naive/cfar power_one_sided 0.156/0.109 power_two_sided 0.137/0.084 kurtosis 0.062/0.061 spec_cnn 0.078/0.068  (8s)
    JSR  -25.0 dB  BER 0.00e+00  PER 0.000  P(det)@0.05 naive/cfar power_one_sided 0.174/0.119 power_two_sided 0.158/0.092 kurtosis 0.061/0.057 spec_cnn 0.062/0.053  (8s)
    JSR  -24.0 dB  BER 0.00e+00  PER 0.000  P(det)@0.05 naive/cfar power_one_sided 0.182/0.109 power_two_sided 0.129/0.094 kurtosis 0.070/0.068 spec_cnn 0.111/0.082  (8s)
    JSR  -23.0 dB  BER 7.63e-06  PER 0.002  P(det)@0.05 naive/cfar power_one_sided 0.258/0.209 power_two_sided 0.225/0.152 kurtosis 0.076/0.074 spec_cnn 0.119/0.100  (9s)
    JSR  -22.0 dB  BER 2.29e-05  PER 0.006  P(det)@0.05 naive/cfar power_one_sided 0.305/0.256 power_two_sided 0.271/0.199 kurtosis 0.096/0.092 spec_cnn 0.125/0.096  (9s)
    JSR  -21.0 dB  BER 1.83e-04  PER 0.047  P(det)@0.05 naive/cfar power_one_sided 0.352/0.283 power_two_sided 0.295/0.225 kurtosis 0.100/0.094 spec_cnn 0.156/0.127  (9s)
    JSR  -20.0 dB  BER 3.51e-04  PER 0.090  P(det)@0.05 naive/cfar power_one_sided 0.430/0.367 power_two_sided 0.381/0.301 kurtosis 0.105/0.100 spec_cnn 0.154/0.135  (10s)
    JSR  -19.0 dB  BER 8.70e-04  PER 0.223  P(det)@0.05 naive/cfar power_one_sided 0.510/0.439 power_two_sided 0.445/0.393 kurtosis 0.182/0.172 spec_cnn 0.193/0.156  (10s)
    JSR  -18.0 dB  BER 1.21e-03  PER 0.307  P(det)@0.05 naive/cfar power_one_sided 0.604/0.549 power_two_sided 0.555/0.494 kurtosis 0.236/0.227 spec_cnn 0.295/0.238  (10s)
    JSR  -17.0 dB  BER 1.36e-03  PER 0.338  P(det)@0.05 naive/cfar power_one_sided 0.760/0.729 power_two_sided 0.732/0.666 kurtosis 0.336/0.332 spec_cnn 0.352/0.291  (10s)
    JSR  -16.0 dB  BER 2.13e-03  PER 0.500  P(det)@0.05 naive/cfar power_one_sided 0.781/0.742 power_two_sided 0.746/0.695 kurtosis 0.418/0.412 spec_cnn 0.443/0.379  (11s)
    JSR  -15.0 dB  BER 2.34e-03  PER 0.537  P(det)@0.05 naive/cfar power_one_sided 0.906/0.879 power_two_sided 0.877/0.838 kurtosis 0.551/0.543 spec_cnn 0.631/0.568  (11s)
    JSR  -14.0 dB  BER 2.73e-03  PER 0.605  P(det)@0.05 naive/cfar power_one_sided 0.963/0.949 power_two_sided 0.947/0.934 kurtosis 0.629/0.617 spec_cnn 0.742/0.682  (11s)
    JSR  -13.0 dB  BER 2.94e-03  PER 0.625  P(det)@0.05 naive/cfar power_one_sided 0.992/0.986 power_two_sided 0.986/0.977 kurtosis 0.744/0.738 spec_cnn 0.912/0.854  (12s)
    JSR  -12.0 dB  BER 3.27e-03  PER 0.668  P(det)@0.05 naive/cfar power_one_sided 1.000/0.996 power_two_sided 0.996/0.996 kurtosis 0.834/0.834 spec_cnn 0.961/0.945  (12s)
    JSR  -11.0 dB  BER 3.74e-03  PER 0.746  P(det)@0.05 naive/cfar power_one_sided 1.000/1.000 power_two_sided 1.000/1.000 kurtosis 0.914/0.912 spec_cnn 0.990/0.988  (12s)
    JSR  -10.0 dB  BER 4.02e-03  PER 0.725  P(det)@0.05 naive/cfar power_one_sided 1.000/1.000 power_two_sided 1.000/1.000 kurtosis 0.965/0.963 spec_cnn 1.000/0.998  (13s)
    JSR   -9.0 dB  BER 4.50e-03  PER 0.762  P(det)@0.05 naive/cfar power_one_sided 1.000/1.000 power_two_sided 1.000/1.000 kurtosis 0.990/0.990 spec_cnn 1.000/1.000  (13s)
    JSR   -8.0 dB  BER 5.16e-03  PER 0.801  P(det)@0.05 naive/cfar power_one_sided 1.000/1.000 power_two_sided 1.000/1.000 kurtosis 1.000/1.000 spec_cnn 1.000/1.000  (13s)
    JSR   -7.0 dB  BER 5.52e-03  PER 0.830  P(det)@0.05 naive/cfar power_one_sided 1.000/1.000 power_two_sided 1.000/1.000 kurtosis 1.000/1.000 spec_cnn 1.000/1.000  (13s)
    JSR   -6.0 dB  BER 6.32e-03  PER 0.871  P(det)@0.05 naive/cfar power_one_sided 1.000/1.000 power_two_sided 1.000/1.000 kurtosis 1.000/1.000 spec_cnn 1.000/1.000  (14s)
    JSR   -5.0 dB  BER 7.06e-03  PER 0.885  P(det)@0.05 naive/cfar power_one_sided 1.000/1.000 power_two_sided 1.000/1.000 kurtosis 1.000/1.000 spec_cnn 1.000/1.000  (14s)
    JSR   -4.0 dB  BER 7.28e-03  PER 0.908  P(det)@0.05 naive/cfar power_one_sided 1.000/1.000 power_two_sided 1.000/1.000 kurtosis 1.000/1.000 spec_cnn 1.000/1.000  (14s)
    JSR   -3.0 dB  BER 8.18e-03  PER 0.902  P(det)@0.05 naive/cfar power_one_sided 1.000/1.000 power_two_sided 1.000/1.000 kurtosis 1.000/1.000 spec_cnn 1.000/1.000  (15s)
    JSR   -2.0 dB  BER 8.96e-03  PER 0.939  P(det)@0.05 naive/cfar power_one_sided 1.000/1.000 power_two_sided 1.000/1.000 kurtosis 1.000/1.000 spec_cnn 1.000/1.000  (15s)
    JSR   -1.0 dB  BER 9.76e-03  PER 0.943  P(det)@0.05 naive/cfar power_one_sided 1.000/1.000 power_two_sided 1.000/1.000 kurtosis 1.000/1.000 spec_cnn 1.000/1.000  (15s)
    JSR   +0.0 dB  BER 1.11e-02  PER 0.959  P(det)@0.05 naive/cfar power_one_sided 1.000/1.000 power_two_sided 1.000/1.000 kurtosis 1.000/1.000 spec_cnn 1.000/1.000  (16s)
    JSR   +1.0 dB  BER 1.31e-02  PER 0.973  P(det)@0.05 naive/cfar power_one_sided 1.000/1.000 power_two_sided 1.000/1.000 kurtosis 1.000/1.000 spec_cnn 1.000/1.000  (16s)
    JSR   +2.0 dB  BER 1.51e-02  PER 0.984  P(det)@0.05 naive/cfar power_one_sided 1.000/1.000 power_two_sided 1.000/1.000 kurtosis 1.000/1.000 spec_cnn 1.000/1.000  (16s)
    JSR   +3.0 dB  BER 1.76e-02  PER 0.990  P(det)@0.05 naive/cfar power_one_sided 1.000/1.000 power_two_sided 1.000/1.000 kurtosis 1.000/1.000 spec_cnn 1.000/1.000  (17s)
    JSR   +4.0 dB  BER 2.20e-02  PER 0.994  P(det)@0.05 naive/cfar power_one_sided 1.000/1.000 power_two_sided 1.000/1.000 kurtosis 1.000/1.000 spec_cnn 1.000/1.000  (17s)
    JSR   +5.0 dB  BER 2.85e-02  PER 1.000  P(det)@0.05 naive/cfar power_one_sided 1.000/1.000 power_two_sided 1.000/1.000 kurtosis 1.000/1.000 spec_cnn 1.000/1.000  (17s)
    JSR   +6.0 dB  BER 3.73e-02  PER 1.000  P(det)@0.05 naive/cfar power_one_sided 1.000/1.000 power_two_sided 1.000/1.000 kurtosis 1.000/1.000 spec_cnn 1.000/1.000  (17s)
    JSR   +7.0 dB  BER 4.99e-02  PER 1.000  P(det)@0.05 naive/cfar power_one_sided 1.000/1.000 power_two_sided 1.000/1.000 kurtosis 1.000/1.000 spec_cnn 1.000/1.000  (18s)
    JSR   +8.0 dB  BER 6.63e-02  PER 1.000  P(det)@0.05 naive/cfar power_one_sided 1.000/1.000 power_two_sided 1.000/1.000 kurtosis 1.000/1.000 spec_cnn 1.000/1.000  (18s)
    JSR   +9.0 dB  BER 8.36e-02  PER 1.000  P(det)@0.05 naive/cfar power_one_sided 1.000/1.000 power_two_sided 1.000/1.000 kurtosis 1.000/1.000 spec_cnn 1.000/1.000  (18s)
    JSR  +10.0 dB  BER 1.05e-01  PER 1.000  P(det)@0.05 naive/cfar power_one_sided 1.000/1.000 power_two_sided 1.000/1.000 kurtosis 1.000/1.000 spec_cnn 1.000/1.000  (19s)
    JSR  +11.0 dB  BER 1.29e-01  PER 1.000  P(det)@0.05 naive/cfar power_one_sided 1.000/1.000 power_two_sided 1.000/1.000 kurtosis 1.000/1.000 spec_cnn 1.000/1.000  (19s)
    JSR  +12.0 dB  BER 1.55e-01  PER 1.000  P(det)@0.05 naive/cfar power_one_sided 1.000/1.000 power_two_sided 1.000/1.000 kurtosis 1.000/1.000 spec_cnn 1.000/1.000  (19s)
    JSR  +13.0 dB  BER 1.80e-01  PER 1.000  P(det)@0.05 naive/cfar power_one_sided 1.000/1.000 power_two_sided 1.000/1.000 kurtosis 1.000/1.000 spec_cnn 1.000/1.000  (20s)
    JSR  +14.0 dB  BER 2.07e-01  PER 1.000  P(det)@0.05 naive/cfar power_one_sided 1.000/1.000 power_two_sided 1.000/1.000 kurtosis 1.000/1.000 spec_cnn 1.000/1.000  (20s)
    JSR  +15.0 dB  BER 2.29e-01  PER 1.000  P(det)@0.05 naive/cfar power_one_sided 1.000/1.000 power_two_sided 1.000/1.000 kurtosis 1.000/1.000 spec_cnn 1.000/1.000  (20s)
  [snr_15_unc_0.5] power_one_sided_b10 done (653s)
  [snr_15_unc_0.5] generator power_one_sided_b100 (scale 1.0000)
    JSR  -50.0 dB  BER 0.00e+00  PER 0.000  P(det)@0.05 naive/cfar power_one_sided 0.115/0.062 power_two_sided 0.094/0.059 kurtosis 0.062/0.059 spec_cnn 0.078/0.059  (0s)
    JSR  -49.0 dB  BER 0.00e+00  PER 0.000  P(det)@0.05 naive/cfar power_one_sided 0.072/0.039 power_two_sided 0.094/0.053 kurtosis 0.059/0.051 spec_cnn 0.070/0.064  (1s)
    JSR  -48.0 dB  BER 0.00e+00  PER 0.000  P(det)@0.05 naive/cfar power_one_sided 0.092/0.057 power_two_sided 0.092/0.051 kurtosis 0.057/0.055 spec_cnn 0.053/0.045  (1s)
    JSR  -47.0 dB  BER 0.00e+00  PER 0.000  P(det)@0.05 naive/cfar power_one_sided 0.074/0.051 power_two_sided 0.084/0.043 kurtosis 0.062/0.061 spec_cnn 0.049/0.037  (1s)
    JSR  -46.0 dB  BER 0.00e+00  PER 0.000  P(det)@0.05 naive/cfar power_one_sided 0.080/0.061 power_two_sided 0.092/0.051 kurtosis 0.043/0.037 spec_cnn 0.072/0.061  (2s)
    JSR  -45.0 dB  BER 0.00e+00  PER 0.000  P(det)@0.05 naive/cfar power_one_sided 0.059/0.029 power_two_sided 0.072/0.039 kurtosis 0.053/0.045 spec_cnn 0.041/0.025  (2s)
    JSR  -44.0 dB  BER 0.00e+00  PER 0.000  P(det)@0.05 naive/cfar power_one_sided 0.066/0.043 power_two_sided 0.080/0.043 kurtosis 0.041/0.033 spec_cnn 0.057/0.045  (2s)
    JSR  -43.0 dB  BER 0.00e+00  PER 0.000  P(det)@0.05 naive/cfar power_one_sided 0.070/0.047 power_two_sided 0.084/0.043 kurtosis 0.062/0.061 spec_cnn 0.070/0.051  (2s)
    JSR  -42.0 dB  BER 0.00e+00  PER 0.000  P(det)@0.05 naive/cfar power_one_sided 0.078/0.055 power_two_sided 0.094/0.055 kurtosis 0.047/0.045 spec_cnn 0.053/0.043  (3s)
    JSR  -41.0 dB  BER 0.00e+00  PER 0.000  P(det)@0.05 naive/cfar power_one_sided 0.061/0.025 power_two_sided 0.061/0.033 kurtosis 0.043/0.039 spec_cnn 0.080/0.068  (3s)
    JSR  -40.0 dB  BER 0.00e+00  PER 0.000  P(det)@0.05 naive/cfar power_one_sided 0.090/0.062 power_two_sided 0.104/0.061 kurtosis 0.051/0.047 spec_cnn 0.070/0.055  (3s)
    JSR  -39.0 dB  BER 0.00e+00  PER 0.000  P(det)@0.05 naive/cfar power_one_sided 0.082/0.049 power_two_sided 0.084/0.041 kurtosis 0.059/0.053 spec_cnn 0.053/0.045  (4s)
    JSR  -38.0 dB  BER 0.00e+00  PER 0.000  P(det)@0.05 naive/cfar power_one_sided 0.092/0.066 power_two_sided 0.113/0.062 kurtosis 0.049/0.049 spec_cnn 0.051/0.037  (4s)
    JSR  -37.0 dB  BER 0.00e+00  PER 0.000  P(det)@0.05 naive/cfar power_one_sided 0.092/0.053 power_two_sided 0.076/0.037 kurtosis 0.072/0.066 spec_cnn 0.061/0.049  (4s)
    JSR  -36.0 dB  BER 0.00e+00  PER 0.000  P(det)@0.05 naive/cfar power_one_sided 0.086/0.059 power_two_sided 0.107/0.068 kurtosis 0.057/0.053 spec_cnn 0.082/0.059  (5s)
    JSR  -35.0 dB  BER 0.00e+00  PER 0.000  P(det)@0.05 naive/cfar power_one_sided 0.104/0.072 power_two_sided 0.113/0.057 kurtosis 0.053/0.051 spec_cnn 0.057/0.043  (5s)
    JSR  -34.0 dB  BER 0.00e+00  PER 0.000  P(det)@0.05 naive/cfar power_one_sided 0.086/0.051 power_two_sided 0.092/0.061 kurtosis 0.057/0.053 spec_cnn 0.057/0.043  (5s)
    JSR  -33.0 dB  BER 0.00e+00  PER 0.000  P(det)@0.05 naive/cfar power_one_sided 0.094/0.055 power_two_sided 0.092/0.055 kurtosis 0.041/0.039 spec_cnn 0.084/0.068  (6s)
    JSR  -32.0 dB  BER 0.00e+00  PER 0.000  P(det)@0.05 naive/cfar power_one_sided 0.113/0.068 power_two_sided 0.105/0.059 kurtosis 0.045/0.043 spec_cnn 0.066/0.053  (6s)
    JSR  -31.0 dB  BER 0.00e+00  PER 0.000  P(det)@0.05 naive/cfar power_one_sided 0.096/0.057 power_two_sided 0.109/0.072 kurtosis 0.041/0.035 spec_cnn 0.107/0.078  (6s)
    JSR  -30.0 dB  BER 0.00e+00  PER 0.000  P(det)@0.05 naive/cfar power_one_sided 0.123/0.076 power_two_sided 0.123/0.070 kurtosis 0.053/0.051 spec_cnn 0.055/0.037  (6s)
    JSR  -29.0 dB  BER 0.00e+00  PER 0.000  P(det)@0.05 naive/cfar power_one_sided 0.113/0.080 power_two_sided 0.111/0.062 kurtosis 0.053/0.047 spec_cnn 0.084/0.064  (7s)
    JSR  -28.0 dB  BER 0.00e+00  PER 0.000  P(det)@0.05 naive/cfar power_one_sided 0.119/0.084 power_two_sided 0.117/0.072 kurtosis 0.051/0.049 spec_cnn 0.088/0.070  (7s)
    JSR  -27.0 dB  BER 0.00e+00  PER 0.000  P(det)@0.05 naive/cfar power_one_sided 0.131/0.100 power_two_sided 0.139/0.086 kurtosis 0.045/0.035 spec_cnn 0.080/0.055  (7s)
    JSR  -26.0 dB  BER 0.00e+00  PER 0.000  P(det)@0.05 naive/cfar power_one_sided 0.188/0.121 power_two_sided 0.145/0.098 kurtosis 0.051/0.043 spec_cnn 0.072/0.059  (8s)
    JSR  -25.0 dB  BER 0.00e+00  PER 0.000  P(det)@0.05 naive/cfar power_one_sided 0.166/0.119 power_two_sided 0.152/0.092 kurtosis 0.049/0.039 spec_cnn 0.072/0.066  (8s)
    JSR  -24.0 dB  BER 0.00e+00  PER 0.000  P(det)@0.05 naive/cfar power_one_sided 0.242/0.189 power_two_sided 0.227/0.166 kurtosis 0.080/0.078 spec_cnn 0.090/0.076  (8s)
    JSR  -23.0 dB  BER 0.00e+00  PER 0.000  P(det)@0.05 naive/cfar power_one_sided 0.275/0.205 power_two_sided 0.246/0.203 kurtosis 0.084/0.076 spec_cnn 0.109/0.090  (9s)
    JSR  -22.0 dB  BER 2.29e-05  PER 0.006  P(det)@0.05 naive/cfar power_one_sided 0.357/0.281 power_two_sided 0.295/0.223 kurtosis 0.070/0.068 spec_cnn 0.115/0.090  (9s)
    JSR  -21.0 dB  BER 2.21e-04  PER 0.057  P(det)@0.05 naive/cfar power_one_sided 0.410/0.344 power_two_sided 0.355/0.291 kurtosis 0.084/0.076 spec_cnn 0.127/0.100  (9s)
    JSR  -20.0 dB  BER 5.72e-04  PER 0.146  P(det)@0.05 naive/cfar power_one_sided 0.467/0.410 power_two_sided 0.420/0.361 kurtosis 0.131/0.119 spec_cnn 0.135/0.100  (9s)
    JSR  -19.0 dB  BER 1.12e-03  PER 0.287  P(det)@0.05 naive/cfar power_one_sided 0.562/0.488 power_two_sided 0.496/0.424 kurtosis 0.152/0.141 spec_cnn 0.139/0.117  (10s)
    JSR  -18.0 dB  BER 1.56e-03  PER 0.396  P(det)@0.05 naive/cfar power_one_sided 0.654/0.590 power_two_sided 0.594/0.543 kurtosis 0.189/0.186 spec_cnn 0.201/0.164  (10s)
    JSR  -17.0 dB  BER 1.96e-03  PER 0.455  P(det)@0.05 naive/cfar power_one_sided 0.744/0.689 power_two_sided 0.693/0.646 kurtosis 0.297/0.289 spec_cnn 0.266/0.232  (10s)
    JSR  -16.0 dB  BER 2.45e-03  PER 0.547  P(det)@0.05 naive/cfar power_one_sided 0.850/0.814 power_two_sided 0.812/0.777 kurtosis 0.406/0.398 spec_cnn 0.328/0.281  (11s)
    JSR  -15.0 dB  BER 2.87e-03  PER 0.619  P(det)@0.05 naive/cfar power_one_sided 0.898/0.881 power_two_sided 0.881/0.859 kurtosis 0.465/0.463 spec_cnn 0.389/0.361  (11s)
    JSR  -14.0 dB  BER 3.23e-03  PER 0.652  P(det)@0.05 naive/cfar power_one_sided 0.949/0.939 power_two_sided 0.938/0.930 kurtosis 0.635/0.633 spec_cnn 0.518/0.453  (11s)
    JSR  -13.0 dB  BER 3.25e-03  PER 0.641  P(det)@0.05 naive/cfar power_one_sided 0.992/0.992 power_two_sided 0.992/0.990 kurtosis 0.732/0.723 spec_cnn 0.641/0.582  (12s)
    JSR  -12.0 dB  BER 3.71e-03  PER 0.689  P(det)@0.05 naive/cfar power_one_sided 0.996/0.990 power_two_sided 0.990/0.990 kurtosis 0.854/0.852 spec_cnn 0.812/0.752  (12s)
    JSR  -11.0 dB  BER 4.39e-03  PER 0.773  P(det)@0.05 naive/cfar power_one_sided 1.000/1.000 power_two_sided 1.000/1.000 kurtosis 0.895/0.895 spec_cnn 0.902/0.879  (12s)
    JSR  -10.0 dB  BER 4.51e-03  PER 0.762  P(det)@0.05 naive/cfar power_one_sided 1.000/1.000 power_two_sided 1.000/1.000 kurtosis 0.967/0.963 spec_cnn 0.979/0.969  (13s)
    JSR   -9.0 dB  BER 4.92e-03  PER 0.795  P(det)@0.05 naive/cfar power_one_sided 1.000/1.000 power_two_sided 1.000/1.000 kurtosis 0.990/0.990 spec_cnn 0.996/0.990  (13s)
    JSR   -8.0 dB  BER 5.26e-03  PER 0.797  P(det)@0.05 naive/cfar power_one_sided 1.000/1.000 power_two_sided 1.000/1.000 kurtosis 0.998/0.998 spec_cnn 1.000/1.000  (13s)
    JSR   -7.0 dB  BER 6.03e-03  PER 0.830  P(det)@0.05 naive/cfar power_one_sided 1.000/1.000 power_two_sided 1.000/1.000 kurtosis 1.000/1.000 spec_cnn 1.000/1.000  (13s)
    JSR   -6.0 dB  BER 6.84e-03  PER 0.883  P(det)@0.05 naive/cfar power_one_sided 1.000/1.000 power_two_sided 1.000/1.000 kurtosis 1.000/1.000 spec_cnn 1.000/1.000  (14s)
    JSR   -5.0 dB  BER 7.81e-03  PER 0.871  P(det)@0.05 naive/cfar power_one_sided 1.000/1.000 power_two_sided 1.000/1.000 kurtosis 1.000/1.000 spec_cnn 1.000/1.000  (14s)
    JSR   -4.0 dB  BER 8.36e-03  PER 0.916  P(det)@0.05 naive/cfar power_one_sided 1.000/1.000 power_two_sided 1.000/1.000 kurtosis 1.000/1.000 spec_cnn 1.000/1.000  (14s)
    JSR   -3.0 dB  BER 8.41e-03  PER 0.898  P(det)@0.05 naive/cfar power_one_sided 1.000/1.000 power_two_sided 1.000/1.000 kurtosis 1.000/1.000 spec_cnn 1.000/1.000  (15s)
    JSR   -2.0 dB  BER 9.62e-03  PER 0.961  P(det)@0.05 naive/cfar power_one_sided 1.000/1.000 power_two_sided 1.000/1.000 kurtosis 1.000/1.000 spec_cnn 1.000/1.000  (15s)
    JSR   -1.0 dB  BER 1.06e-02  PER 0.961  P(det)@0.05 naive/cfar power_one_sided 1.000/1.000 power_two_sided 1.000/1.000 kurtosis 1.000/1.000 spec_cnn 1.000/1.000  (15s)
    JSR   +0.0 dB  BER 1.15e-02  PER 0.963  P(det)@0.05 naive/cfar power_one_sided 1.000/1.000 power_two_sided 1.000/1.000 kurtosis 1.000/1.000 spec_cnn 1.000/1.000  (16s)
    JSR   +1.0 dB  BER 1.38e-02  PER 0.975  P(det)@0.05 naive/cfar power_one_sided 1.000/1.000 power_two_sided 1.000/1.000 kurtosis 1.000/1.000 spec_cnn 1.000/1.000  (16s)
    JSR   +2.0 dB  BER 1.71e-02  PER 0.980  P(det)@0.05 naive/cfar power_one_sided 1.000/1.000 power_two_sided 1.000/1.000 kurtosis 1.000/1.000 spec_cnn 1.000/1.000  (16s)
    JSR   +3.0 dB  BER 2.10e-02  PER 0.994  P(det)@0.05 naive/cfar power_one_sided 1.000/1.000 power_two_sided 1.000/1.000 kurtosis 1.000/1.000 spec_cnn 1.000/1.000  (17s)
    JSR   +4.0 dB  BER 2.95e-02  PER 1.000  P(det)@0.05 naive/cfar power_one_sided 1.000/1.000 power_two_sided 1.000/1.000 kurtosis 1.000/1.000 spec_cnn 1.000/1.000  (17s)
    JSR   +5.0 dB  BER 4.27e-02  PER 1.000  P(det)@0.05 naive/cfar power_one_sided 1.000/1.000 power_two_sided 1.000/1.000 kurtosis 1.000/1.000 spec_cnn 1.000/1.000  (17s)
    JSR   +6.0 dB  BER 5.50e-02  PER 1.000  P(det)@0.05 naive/cfar power_one_sided 1.000/1.000 power_two_sided 1.000/1.000 kurtosis 1.000/1.000 spec_cnn 1.000/1.000  (17s)
    JSR   +7.0 dB  BER 7.62e-02  PER 1.000  P(det)@0.05 naive/cfar power_one_sided 1.000/1.000 power_two_sided 1.000/1.000 kurtosis 1.000/1.000 spec_cnn 1.000/1.000  (18s)
    JSR   +8.0 dB  BER 9.75e-02  PER 1.000  P(det)@0.05 naive/cfar power_one_sided 1.000/1.000 power_two_sided 1.000/1.000 kurtosis 1.000/1.000 spec_cnn 1.000/1.000  (18s)
    JSR   +9.0 dB  BER 1.23e-01  PER 1.000  P(det)@0.05 naive/cfar power_one_sided 1.000/1.000 power_two_sided 1.000/1.000 kurtosis 1.000/1.000 spec_cnn 1.000/1.000  (18s)
    JSR  +10.0 dB  BER 1.45e-01  PER 1.000  P(det)@0.05 naive/cfar power_one_sided 1.000/1.000 power_two_sided 1.000/1.000 kurtosis 1.000/1.000 spec_cnn 1.000/1.000  (19s)
    JSR  +11.0 dB  BER 1.71e-01  PER 1.000  P(det)@0.05 naive/cfar power_one_sided 1.000/1.000 power_two_sided 1.000/1.000 kurtosis 1.000/1.000 spec_cnn 1.000/1.000  (19s)
    JSR  +12.0 dB  BER 1.98e-01  PER 1.000  P(det)@0.05 naive/cfar power_one_sided 1.000/1.000 power_two_sided 1.000/1.000 kurtosis 1.000/1.000 spec_cnn 1.000/1.000  (19s)
    JSR  +13.0 dB  BER 2.22e-01  PER 1.000  P(det)@0.05 naive/cfar power_one_sided 1.000/1.000 power_two_sided 1.000/1.000 kurtosis 1.000/1.000 spec_cnn 1.000/1.000  (20s)
    JSR  +14.0 dB  BER 2.46e-01  PER 1.000  P(det)@0.05 naive/cfar power_one_sided 1.000/1.000 power_two_sided 1.000/1.000 kurtosis 1.000/1.000 spec_cnn 1.000/1.000  (20s)
    JSR  +15.0 dB  BER 2.69e-01  PER 1.000  P(det)@0.05 naive/cfar power_one_sided 1.000/1.000 power_two_sided 1.000/1.000 kurtosis 1.000/1.000 spec_cnn 1.000/1.000  (20s)
  [snr_15_unc_0.5] power_one_sided_b100 done (713s)
  [snr_15_unc_0.5] generator power_one_sided_b1000 (scale 1.0000)
    JSR  -50.0 dB  BER 0.00e+00  PER 0.000  P(det)@0.05 naive/cfar power_one_sided 0.066/0.039 power_two_sided 0.090/0.053 kurtosis 0.053/0.051 spec_cnn 0.068/0.057  (0s)
    JSR  -49.0 dB  BER 0.00e+00  PER 0.000  P(det)@0.05 naive/cfar power_one_sided 0.088/0.051 power_two_sided 0.102/0.051 kurtosis 0.059/0.053 spec_cnn 0.066/0.053  (1s)
    JSR  -48.0 dB  BER 0.00e+00  PER 0.000  P(det)@0.05 naive/cfar power_one_sided 0.084/0.041 power_two_sided 0.092/0.059 kurtosis 0.051/0.047 spec_cnn 0.072/0.055  (1s)
    JSR  -47.0 dB  BER 0.00e+00  PER 0.000  P(det)@0.05 naive/cfar power_one_sided 0.062/0.037 power_two_sided 0.061/0.031 kurtosis 0.070/0.061 spec_cnn 0.059/0.049  (1s)
    JSR  -46.0 dB  BER 0.00e+00  PER 0.000  P(det)@0.05 naive/cfar power_one_sided 0.086/0.051 power_two_sided 0.090/0.064 kurtosis 0.057/0.055 spec_cnn 0.059/0.049  (2s)
    JSR  -45.0 dB  BER 0.00e+00  PER 0.000  P(det)@0.05 naive/cfar power_one_sided 0.096/0.057 power_two_sided 0.084/0.059 kurtosis 0.064/0.057 spec_cnn 0.066/0.049  (2s)
    JSR  -44.0 dB  BER 0.00e+00  PER 0.000  P(det)@0.05 naive/cfar power_one_sided 0.078/0.055 power_two_sided 0.104/0.053 kurtosis 0.039/0.035 spec_cnn 0.070/0.051  (2s)
    JSR  -43.0 dB  BER 0.00e+00  PER 0.000  P(det)@0.05 naive/cfar power_one_sided 0.102/0.062 power_two_sided 0.090/0.057 kurtosis 0.066/0.059 spec_cnn 0.070/0.053  (2s)
    JSR  -42.0 dB  BER 0.00e+00  PER 0.000  P(det)@0.05 naive/cfar power_one_sided 0.074/0.055 power_two_sided 0.100/0.059 kurtosis 0.062/0.059 spec_cnn 0.070/0.045  (3s)
    JSR  -41.0 dB  BER 0.00e+00  PER 0.000  P(det)@0.05 naive/cfar power_one_sided 0.088/0.064 power_two_sided 0.098/0.055 kurtosis 0.070/0.064 spec_cnn 0.045/0.041  (3s)
    JSR  -40.0 dB  BER 0.00e+00  PER 0.000  P(det)@0.05 naive/cfar power_one_sided 0.053/0.033 power_two_sided 0.068/0.039 kurtosis 0.070/0.068 spec_cnn 0.053/0.045  (3s)
    JSR  -39.0 dB  BER 0.00e+00  PER 0.000  P(det)@0.05 naive/cfar power_one_sided 0.088/0.045 power_two_sided 0.086/0.049 kurtosis 0.043/0.041 spec_cnn 0.074/0.055  (4s)
    JSR  -38.0 dB  BER 0.00e+00  PER 0.000  P(det)@0.05 naive/cfar power_one_sided 0.088/0.053 power_two_sided 0.090/0.057 kurtosis 0.078/0.072 spec_cnn 0.049/0.041  (4s)
    JSR  -37.0 dB  BER 0.00e+00  PER 0.000  P(det)@0.05 naive/cfar power_one_sided 0.080/0.051 power_two_sided 0.092/0.062 kurtosis 0.027/0.027 spec_cnn 0.059/0.043  (4s)
    JSR  -36.0 dB  BER 0.00e+00  PER 0.000  P(det)@0.05 naive/cfar power_one_sided 0.107/0.080 power_two_sided 0.104/0.068 kurtosis 0.072/0.068 spec_cnn 0.062/0.053  (5s)
    JSR  -35.0 dB  BER 0.00e+00  PER 0.000  P(det)@0.05 naive/cfar power_one_sided 0.098/0.057 power_two_sided 0.086/0.053 kurtosis 0.066/0.064 spec_cnn 0.080/0.068  (5s)
    JSR  -34.0 dB  BER 0.00e+00  PER 0.000  P(det)@0.05 naive/cfar power_one_sided 0.113/0.070 power_two_sided 0.113/0.076 kurtosis 0.072/0.064 spec_cnn 0.074/0.055  (5s)
    JSR  -33.0 dB  BER 0.00e+00  PER 0.000  P(det)@0.05 naive/cfar power_one_sided 0.086/0.062 power_two_sided 0.115/0.061 kurtosis 0.062/0.059 spec_cnn 0.053/0.049  (5s)
    JSR  -32.0 dB  BER 0.00e+00  PER 0.000  P(det)@0.05 naive/cfar power_one_sided 0.086/0.068 power_two_sided 0.105/0.059 kurtosis 0.061/0.061 spec_cnn 0.061/0.051  (6s)
    JSR  -31.0 dB  BER 0.00e+00  PER 0.000  P(det)@0.05 naive/cfar power_one_sided 0.119/0.074 power_two_sided 0.102/0.078 kurtosis 0.055/0.043 spec_cnn 0.074/0.064  (6s)
    JSR  -30.0 dB  BER 0.00e+00  PER 0.000  P(det)@0.05 naive/cfar power_one_sided 0.121/0.082 power_two_sided 0.125/0.088 kurtosis 0.064/0.057 spec_cnn 0.076/0.062  (6s)
    JSR  -29.0 dB  BER 0.00e+00  PER 0.000  P(det)@0.05 naive/cfar power_one_sided 0.121/0.084 power_two_sided 0.119/0.082 kurtosis 0.059/0.055 spec_cnn 0.086/0.068  (7s)
    JSR  -28.0 dB  BER 0.00e+00  PER 0.000  P(det)@0.05 naive/cfar power_one_sided 0.152/0.076 power_two_sided 0.125/0.072 kurtosis 0.049/0.045 spec_cnn 0.074/0.064  (7s)
    JSR  -27.0 dB  BER 0.00e+00  PER 0.000  P(det)@0.05 naive/cfar power_one_sided 0.141/0.088 power_two_sided 0.121/0.082 kurtosis 0.064/0.064 spec_cnn 0.096/0.078  (7s)
    JSR  -26.0 dB  BER 0.00e+00  PER 0.000  P(det)@0.05 naive/cfar power_one_sided 0.172/0.127 power_two_sided 0.162/0.117 kurtosis 0.041/0.037 spec_cnn 0.094/0.070  (8s)
    JSR  -25.0 dB  BER 0.00e+00  PER 0.000  P(det)@0.05 naive/cfar power_one_sided 0.176/0.105 power_two_sided 0.141/0.102 kurtosis 0.049/0.043 spec_cnn 0.080/0.061  (8s)
    JSR  -24.0 dB  BER 0.00e+00  PER 0.000  P(det)@0.05 naive/cfar power_one_sided 0.236/0.184 power_two_sided 0.215/0.168 kurtosis 0.045/0.043 spec_cnn 0.072/0.062  (8s)
    JSR  -23.0 dB  BER 0.00e+00  PER 0.000  P(det)@0.05 naive/cfar power_one_sided 0.266/0.191 power_two_sided 0.230/0.176 kurtosis 0.057/0.055 spec_cnn 0.086/0.072  (9s)
    JSR  -22.0 dB  BER 0.00e+00  PER 0.000  P(det)@0.05 naive/cfar power_one_sided 0.301/0.250 power_two_sided 0.283/0.229 kurtosis 0.084/0.082 spec_cnn 0.119/0.096  (9s)
    JSR  -21.0 dB  BER 0.00e+00  PER 0.000  P(det)@0.05 naive/cfar power_one_sided 0.334/0.295 power_two_sided 0.324/0.252 kurtosis 0.092/0.092 spec_cnn 0.119/0.096  (9s)
    JSR  -20.0 dB  BER 0.00e+00  PER 0.000  P(det)@0.05 naive/cfar power_one_sided 0.479/0.398 power_two_sided 0.438/0.350 kurtosis 0.133/0.117 spec_cnn 0.150/0.127  (9s)
    JSR  -19.0 dB  BER 0.00e+00  PER 0.000  P(det)@0.05 naive/cfar power_one_sided 0.504/0.441 power_two_sided 0.473/0.418 kurtosis 0.133/0.123 spec_cnn 0.152/0.117  (10s)
    JSR  -18.0 dB  BER 2.29e-05  PER 0.006  P(det)@0.05 naive/cfar power_one_sided 0.594/0.545 power_two_sided 0.564/0.508 kurtosis 0.180/0.172 spec_cnn 0.170/0.141  (10s)
    JSR  -17.0 dB  BER 1.45e-04  PER 0.037  P(det)@0.05 naive/cfar power_one_sided 0.666/0.611 power_two_sided 0.631/0.555 kurtosis 0.254/0.230 spec_cnn 0.193/0.158  (10s)
    JSR  -16.0 dB  BER 4.50e-04  PER 0.115  P(det)@0.05 naive/cfar power_one_sided 0.734/0.703 power_two_sided 0.711/0.668 kurtosis 0.336/0.328 spec_cnn 0.213/0.182  (11s)
    JSR  -15.0 dB  BER 8.85e-04  PER 0.225  P(det)@0.05 naive/cfar power_one_sided 0.812/0.777 power_two_sided 0.783/0.738 kurtosis 0.516/0.506 spec_cnn 0.322/0.262  (11s)
    JSR  -14.0 dB  BER 1.30e-03  PER 0.326  P(det)@0.05 naive/cfar power_one_sided 0.865/0.846 power_two_sided 0.855/0.836 kurtosis 0.695/0.684 spec_cnn 0.365/0.320  (11s)
    JSR  -13.0 dB  BER 1.70e-03  PER 0.422  P(det)@0.05 naive/cfar power_one_sided 0.941/0.930 power_two_sided 0.936/0.928 kurtosis 0.818/0.812 spec_cnn 0.393/0.359  (12s)
    JSR  -12.0 dB  BER 2.25e-03  PER 0.516  P(det)@0.05 naive/cfar power_one_sided 0.957/0.951 power_two_sided 0.953/0.939 kurtosis 0.914/0.910 spec_cnn 0.514/0.465  (12s)
    JSR  -11.0 dB  BER 2.50e-03  PER 0.564  P(det)@0.05 naive/cfar power_one_sided 0.984/0.984 power_two_sided 0.986/0.979 kurtosis 0.967/0.967 spec_cnn 0.572/0.535  (12s)
    JSR  -10.0 dB  BER 2.95e-03  PER 0.635  P(det)@0.05 naive/cfar power_one_sided 0.988/0.986 power_two_sided 0.988/0.988 kurtosis 0.992/0.992 spec_cnn 0.670/0.623  (13s)
    JSR   -9.0 dB  BER 3.76e-03  PER 0.723  P(det)@0.05 naive/cfar power_one_sided 0.998/0.998 power_two_sided 1.000/1.000 kurtosis 1.000/1.000 spec_cnn 0.746/0.711  (13s)
    JSR   -8.0 dB  BER 4.65e-03  PER 0.738  P(det)@0.05 naive/cfar power_one_sided 1.000/1.000 power_two_sided 1.000/1.000 kurtosis 1.000/1.000 spec_cnn 0.848/0.812  (13s)
    JSR   -7.0 dB  BER 7.90e-03  PER 0.910  P(det)@0.05 naive/cfar power_one_sided 1.000/1.000 power_two_sided 1.000/1.000 kurtosis 1.000/1.000 spec_cnn 0.891/0.875  (13s)
    JSR   -6.0 dB  BER 1.46e-02  PER 0.988  P(det)@0.05 naive/cfar power_one_sided 1.000/1.000 power_two_sided 1.000/1.000 kurtosis 1.000/1.000 spec_cnn 0.951/0.943  (14s)
    JSR   -5.0 dB  BER 2.39e-02  PER 1.000  P(det)@0.05 naive/cfar power_one_sided 1.000/1.000 power_two_sided 1.000/1.000 kurtosis 1.000/1.000 spec_cnn 0.980/0.975  (14s)
    JSR   -4.0 dB  BER 3.64e-02  PER 1.000  P(det)@0.05 naive/cfar power_one_sided 1.000/1.000 power_two_sided 1.000/1.000 kurtosis 1.000/1.000 spec_cnn 0.998/0.996  (14s)
    JSR   -3.0 dB  BER 5.29e-02  PER 1.000  P(det)@0.05 naive/cfar power_one_sided 1.000/1.000 power_two_sided 1.000/1.000 kurtosis 1.000/1.000 spec_cnn 0.996/0.996  (15s)
    JSR   -2.0 dB  BER 7.10e-02  PER 1.000  P(det)@0.05 naive/cfar power_one_sided 1.000/1.000 power_two_sided 1.000/1.000 kurtosis 1.000/1.000 spec_cnn 1.000/1.000  (15s)
    JSR   -1.0 dB  BER 9.39e-02  PER 1.000  P(det)@0.05 naive/cfar power_one_sided 1.000/1.000 power_two_sided 1.000/1.000 kurtosis 1.000/1.000 spec_cnn 1.000/1.000  (15s)
    JSR   +0.0 dB  BER 1.17e-01  PER 1.000  P(det)@0.05 naive/cfar power_one_sided 1.000/1.000 power_two_sided 1.000/1.000 kurtosis 1.000/1.000 spec_cnn 1.000/1.000  (16s)
    JSR   +1.0 dB  BER 1.44e-01  PER 1.000  P(det)@0.05 naive/cfar power_one_sided 1.000/1.000 power_two_sided 1.000/1.000 kurtosis 1.000/1.000 spec_cnn 1.000/1.000  (16s)
    JSR   +2.0 dB  BER 1.70e-01  PER 1.000  P(det)@0.05 naive/cfar power_one_sided 1.000/1.000 power_two_sided 1.000/1.000 kurtosis 1.000/1.000 spec_cnn 1.000/1.000  (16s)
    JSR   +3.0 dB  BER 1.96e-01  PER 1.000  P(det)@0.05 naive/cfar power_one_sided 1.000/1.000 power_two_sided 1.000/1.000 kurtosis 1.000/1.000 spec_cnn 1.000/1.000  (17s)
    JSR   +4.0 dB  BER 2.22e-01  PER 1.000  P(det)@0.05 naive/cfar power_one_sided 1.000/1.000 power_two_sided 1.000/1.000 kurtosis 1.000/1.000 spec_cnn 1.000/1.000  (17s)
    JSR   +5.0 dB  BER 2.47e-01  PER 1.000  P(det)@0.05 naive/cfar power_one_sided 1.000/1.000 power_two_sided 1.000/1.000 kurtosis 1.000/1.000 spec_cnn 1.000/1.000  (17s)
    JSR   +6.0 dB  BER 2.70e-01  PER 1.000  P(det)@0.05 naive/cfar power_one_sided 1.000/1.000 power_two_sided 1.000/1.000 kurtosis 1.000/1.000 spec_cnn 1.000/1.000  (17s)
    JSR   +7.0 dB  BER 2.95e-01  PER 1.000  P(det)@0.05 naive/cfar power_one_sided 1.000/1.000 power_two_sided 1.000/1.000 kurtosis 1.000/1.000 spec_cnn 1.000/1.000  (18s)
    JSR   +8.0 dB  BER 3.16e-01  PER 1.000  P(det)@0.05 naive/cfar power_one_sided 1.000/1.000 power_two_sided 1.000/1.000 kurtosis 1.000/1.000 spec_cnn 1.000/1.000  (18s)
    JSR   +9.0 dB  BER 3.32e-01  PER 1.000  P(det)@0.05 naive/cfar power_one_sided 1.000/1.000 power_two_sided 1.000/1.000 kurtosis 1.000/1.000 spec_cnn 1.000/1.000  (18s)
    JSR  +10.0 dB  BER 3.52e-01  PER 1.000  P(det)@0.05 naive/cfar power_one_sided 1.000/1.000 power_two_sided 1.000/1.000 kurtosis 1.000/1.000 spec_cnn 1.000/1.000  (19s)
    JSR  +11.0 dB  BER 3.67e-01  PER 1.000  P(det)@0.05 naive/cfar power_one_sided 1.000/1.000 power_two_sided 1.000/1.000 kurtosis 1.000/1.000 spec_cnn 1.000/1.000  (19s)
    JSR  +12.0 dB  BER 3.81e-01  PER 1.000  P(det)@0.05 naive/cfar power_one_sided 1.000/1.000 power_two_sided 1.000/1.000 kurtosis 1.000/1.000 spec_cnn 1.000/1.000  (19s)
    JSR  +13.0 dB  BER 3.95e-01  PER 1.000  P(det)@0.05 naive/cfar power_one_sided 1.000/1.000 power_two_sided 1.000/1.000 kurtosis 1.000/1.000 spec_cnn 1.000/1.000  (20s)
    JSR  +14.0 dB  BER 4.05e-01  PER 1.000  P(det)@0.05 naive/cfar power_one_sided 1.000/1.000 power_two_sided 1.000/1.000 kurtosis 1.000/1.000 spec_cnn 1.000/1.000  (20s)
    JSR  +15.0 dB  BER 4.13e-01  PER 1.000  P(det)@0.05 naive/cfar power_one_sided 1.000/1.000 power_two_sided 1.000/1.000 kurtosis 1.000/1.000 spec_cnn 1.000/1.000  (20s)
  [snr_15_unc_0.5] power_one_sided_b1000 done (772s)
  [snr_15_unc_0.5] generator power_two_sided_b1 (scale 1.0000)
    JSR  -50.0 dB  BER 0.00e+00  PER 0.000  P(det)@0.05 naive/cfar power_one_sided 0.080/0.039 power_two_sided 0.072/0.045 kurtosis 0.059/0.049 spec_cnn 0.074/0.057  (0s)
    JSR  -49.0 dB  BER 0.00e+00  PER 0.000  P(det)@0.05 naive/cfar power_one_sided 0.088/0.053 power_two_sided 0.080/0.045 kurtosis 0.062/0.057 spec_cnn 0.062/0.051  (1s)
    JSR  -48.0 dB  BER 0.00e+00  PER 0.000  P(det)@0.05 naive/cfar power_one_sided 0.082/0.053 power_two_sided 0.078/0.053 kurtosis 0.051/0.045 spec_cnn 0.064/0.053  (1s)
    JSR  -47.0 dB  BER 0.00e+00  PER 0.000  P(det)@0.05 naive/cfar power_one_sided 0.084/0.059 power_two_sided 0.098/0.047 kurtosis 0.049/0.047 spec_cnn 0.078/0.062  (1s)
    JSR  -46.0 dB  BER 0.00e+00  PER 0.000  P(det)@0.05 naive/cfar power_one_sided 0.066/0.039 power_two_sided 0.074/0.037 kurtosis 0.059/0.053 spec_cnn 0.051/0.041  (2s)
    JSR  -45.0 dB  BER 0.00e+00  PER 0.000  P(det)@0.05 naive/cfar power_one_sided 0.078/0.043 power_two_sided 0.074/0.023 kurtosis 0.057/0.055 spec_cnn 0.092/0.064  (2s)
    JSR  -44.0 dB  BER 0.00e+00  PER 0.000  P(det)@0.05 naive/cfar power_one_sided 0.076/0.045 power_two_sided 0.092/0.049 kurtosis 0.055/0.049 spec_cnn 0.070/0.059  (2s)
    JSR  -43.0 dB  BER 0.00e+00  PER 0.000  P(det)@0.05 naive/cfar power_one_sided 0.078/0.055 power_two_sided 0.084/0.051 kurtosis 0.062/0.062 spec_cnn 0.070/0.061  (2s)
    JSR  -42.0 dB  BER 0.00e+00  PER 0.000  P(det)@0.05 naive/cfar power_one_sided 0.092/0.068 power_two_sided 0.102/0.061 kurtosis 0.059/0.055 spec_cnn 0.049/0.039  (3s)
    JSR  -41.0 dB  BER 0.00e+00  PER 0.000  P(det)@0.05 naive/cfar power_one_sided 0.064/0.047 power_two_sided 0.082/0.049 kurtosis 0.057/0.057 spec_cnn 0.068/0.053  (3s)
    JSR  -40.0 dB  BER 0.00e+00  PER 0.000  P(det)@0.05 naive/cfar power_one_sided 0.070/0.041 power_two_sided 0.068/0.037 kurtosis 0.072/0.061 spec_cnn 0.059/0.039  (3s)
    JSR  -39.0 dB  BER 0.00e+00  PER 0.000  P(det)@0.05 naive/cfar power_one_sided 0.080/0.057 power_two_sided 0.074/0.043 kurtosis 0.057/0.055 spec_cnn 0.055/0.049  (4s)
    JSR  -38.0 dB  BER 0.00e+00  PER 0.000  P(det)@0.05 naive/cfar power_one_sided 0.086/0.055 power_two_sided 0.107/0.051 kurtosis 0.051/0.047 spec_cnn 0.076/0.059  (4s)
    JSR  -37.0 dB  BER 0.00e+00  PER 0.000  P(det)@0.05 naive/cfar power_one_sided 0.094/0.051 power_two_sided 0.107/0.059 kurtosis 0.047/0.045 spec_cnn 0.066/0.041  (4s)
    JSR  -36.0 dB  BER 0.00e+00  PER 0.000  P(det)@0.05 naive/cfar power_one_sided 0.078/0.047 power_two_sided 0.070/0.043 kurtosis 0.049/0.045 spec_cnn 0.072/0.049  (5s)
    JSR  -35.0 dB  BER 0.00e+00  PER 0.000  P(det)@0.05 naive/cfar power_one_sided 0.078/0.045 power_two_sided 0.072/0.047 kurtosis 0.053/0.047 spec_cnn 0.062/0.047  (5s)
    JSR  -34.0 dB  BER 0.00e+00  PER 0.000  P(det)@0.05 naive/cfar power_one_sided 0.104/0.061 power_two_sided 0.092/0.055 kurtosis 0.053/0.047 spec_cnn 0.062/0.053  (5s)
    JSR  -33.0 dB  BER 0.00e+00  PER 0.000  P(det)@0.05 naive/cfar power_one_sided 0.111/0.059 power_two_sided 0.115/0.061 kurtosis 0.059/0.053 spec_cnn 0.072/0.064  (6s)
    JSR  -32.0 dB  BER 0.00e+00  PER 0.000  P(det)@0.05 naive/cfar power_one_sided 0.104/0.053 power_two_sided 0.092/0.049 kurtosis 0.062/0.057 spec_cnn 0.068/0.051  (6s)
    JSR  -31.0 dB  BER 0.00e+00  PER 0.000  P(det)@0.05 naive/cfar power_one_sided 0.105/0.074 power_two_sided 0.107/0.076 kurtosis 0.068/0.066 spec_cnn 0.057/0.045  (6s)
    JSR  -30.0 dB  BER 0.00e+00  PER 0.000  P(det)@0.05 naive/cfar power_one_sided 0.096/0.066 power_two_sided 0.111/0.057 kurtosis 0.062/0.059 spec_cnn 0.074/0.053  (6s)
    JSR  -29.0 dB  BER 0.00e+00  PER 0.000  P(det)@0.05 naive/cfar power_one_sided 0.129/0.086 power_two_sided 0.121/0.066 kurtosis 0.045/0.043 spec_cnn 0.090/0.070  (7s)
    JSR  -28.0 dB  BER 0.00e+00  PER 0.000  P(det)@0.05 naive/cfar power_one_sided 0.127/0.088 power_two_sided 0.133/0.086 kurtosis 0.057/0.053 spec_cnn 0.082/0.053  (7s)
    JSR  -27.0 dB  BER 0.00e+00  PER 0.000  P(det)@0.05 naive/cfar power_one_sided 0.143/0.109 power_two_sided 0.131/0.080 kurtosis 0.051/0.045 spec_cnn 0.109/0.084  (7s)
    JSR  -26.0 dB  BER 0.00e+00  PER 0.000  P(det)@0.05 naive/cfar power_one_sided 0.137/0.068 power_two_sided 0.090/0.049 kurtosis 0.072/0.061 spec_cnn 0.088/0.059  (8s)
    JSR  -25.0 dB  BER 0.00e+00  PER 0.000  P(det)@0.05 naive/cfar power_one_sided 0.189/0.117 power_two_sided 0.182/0.109 kurtosis 0.064/0.064 spec_cnn 0.102/0.084  (8s)
    JSR  -24.0 dB  BER 0.00e+00  PER 0.000  P(det)@0.05 naive/cfar power_one_sided 0.191/0.145 power_two_sided 0.172/0.131 kurtosis 0.059/0.057 spec_cnn 0.080/0.062  (8s)
    JSR  -23.0 dB  BER 3.81e-05  PER 0.010  P(det)@0.05 naive/cfar power_one_sided 0.248/0.197 power_two_sided 0.227/0.156 kurtosis 0.076/0.070 spec_cnn 0.080/0.062  (9s)
    JSR  -22.0 dB  BER 1.22e-04  PER 0.031  P(det)@0.05 naive/cfar power_one_sided 0.316/0.225 power_two_sided 0.246/0.172 kurtosis 0.098/0.090 spec_cnn 0.100/0.074  (9s)
    JSR  -21.0 dB  BER 6.41e-04  PER 0.164  P(det)@0.05 naive/cfar power_one_sided 0.385/0.316 power_two_sided 0.332/0.271 kurtosis 0.158/0.152 spec_cnn 0.113/0.092  (9s)
    JSR  -20.0 dB  BER 9.99e-04  PER 0.256  P(det)@0.05 naive/cfar power_one_sided 0.449/0.383 power_two_sided 0.406/0.338 kurtosis 0.184/0.182 spec_cnn 0.113/0.100  (9s)
    JSR  -19.0 dB  BER 1.56e-03  PER 0.395  P(det)@0.05 naive/cfar power_one_sided 0.518/0.432 power_two_sided 0.445/0.391 kurtosis 0.240/0.232 spec_cnn 0.137/0.119  (10s)
    JSR  -18.0 dB  BER 1.90e-03  PER 0.465  P(det)@0.05 naive/cfar power_one_sided 0.578/0.521 power_two_sided 0.523/0.467 kurtosis 0.334/0.322 spec_cnn 0.176/0.145  (10s)
    JSR  -17.0 dB  BER 2.19e-03  PER 0.504  P(det)@0.05 naive/cfar power_one_sided 0.680/0.633 power_two_sided 0.641/0.576 kurtosis 0.467/0.463 spec_cnn 0.227/0.195  (10s)
    JSR  -16.0 dB  BER 2.91e-03  PER 0.613  P(det)@0.05 naive/cfar power_one_sided 0.736/0.691 power_two_sided 0.691/0.648 kurtosis 0.498/0.494 spec_cnn 0.289/0.238  (11s)
    JSR  -15.0 dB  BER 3.05e-03  PER 0.633  P(det)@0.05 naive/cfar power_one_sided 0.824/0.785 power_two_sided 0.785/0.762 kurtosis 0.600/0.594 spec_cnn 0.373/0.314  (11s)
    JSR  -14.0 dB  BER 3.35e-03  PER 0.664  P(det)@0.05 naive/cfar power_one_sided 0.902/0.873 power_two_sided 0.869/0.840 kurtosis 0.713/0.709 spec_cnn 0.438/0.391  (11s)
    JSR  -13.0 dB  BER 3.36e-03  PER 0.646  P(det)@0.05 naive/cfar power_one_sided 0.963/0.951 power_two_sided 0.951/0.938 kurtosis 0.801/0.801 spec_cnn 0.627/0.564  (12s)
    JSR  -12.0 dB  BER 3.78e-03  PER 0.709  P(det)@0.05 naive/cfar power_one_sided 0.996/0.990 power_two_sided 0.990/0.982 kurtosis 0.844/0.836 spec_cnn 0.750/0.684  (12s)
    JSR  -11.0 dB  BER 4.24e-03  PER 0.758  P(det)@0.05 naive/cfar power_one_sided 1.000/1.000 power_two_sided 1.000/1.000 kurtosis 0.939/0.936 spec_cnn 0.908/0.877  (12s)
    JSR  -10.0 dB  BER 4.68e-03  PER 0.799  P(det)@0.05 naive/cfar power_one_sided 1.000/1.000 power_two_sided 1.000/1.000 kurtosis 0.986/0.986 spec_cnn 0.963/0.949  (13s)
    JSR   -9.0 dB  BER 4.71e-03  PER 0.770  P(det)@0.05 naive/cfar power_one_sided 1.000/1.000 power_two_sided 1.000/1.000 kurtosis 1.000/1.000 spec_cnn 0.994/0.988  (13s)
    JSR   -8.0 dB  BER 4.83e-03  PER 0.797  P(det)@0.05 naive/cfar power_one_sided 1.000/1.000 power_two_sided 1.000/1.000 kurtosis 1.000/1.000 spec_cnn 1.000/1.000  (13s)
    JSR   -7.0 dB  BER 5.26e-03  PER 0.801  P(det)@0.05 naive/cfar power_one_sided 1.000/1.000 power_two_sided 1.000/1.000 kurtosis 1.000/1.000 spec_cnn 1.000/1.000  (13s)
    JSR   -6.0 dB  BER 5.91e-03  PER 0.848  P(det)@0.05 naive/cfar power_one_sided 1.000/1.000 power_two_sided 1.000/1.000 kurtosis 1.000/1.000 spec_cnn 1.000/1.000  (14s)
    JSR   -5.0 dB  BER 6.20e-03  PER 0.832  P(det)@0.05 naive/cfar power_one_sided 1.000/1.000 power_two_sided 1.000/1.000 kurtosis 1.000/1.000 spec_cnn 1.000/1.000  (14s)
    JSR   -4.0 dB  BER 6.64e-03  PER 0.875  P(det)@0.05 naive/cfar power_one_sided 1.000/1.000 power_two_sided 1.000/1.000 kurtosis 1.000/1.000 spec_cnn 1.000/1.000  (14s)
    JSR   -3.0 dB  BER 7.47e-03  PER 0.906  P(det)@0.05 naive/cfar power_one_sided 1.000/1.000 power_two_sided 1.000/1.000 kurtosis 1.000/1.000 spec_cnn 1.000/1.000  (15s)
    JSR   -2.0 dB  BER 8.13e-03  PER 0.910  P(det)@0.05 naive/cfar power_one_sided 1.000/1.000 power_two_sided 1.000/1.000 kurtosis 1.000/1.000 spec_cnn 1.000/1.000  (15s)
    JSR   -1.0 dB  BER 8.15e-03  PER 0.898  P(det)@0.05 naive/cfar power_one_sided 1.000/1.000 power_two_sided 1.000/1.000 kurtosis 1.000/1.000 spec_cnn 1.000/1.000  (15s)
    JSR   +0.0 dB  BER 9.32e-03  PER 0.945  P(det)@0.05 naive/cfar power_one_sided 1.000/1.000 power_two_sided 1.000/1.000 kurtosis 1.000/1.000 spec_cnn 1.000/1.000  (16s)
    JSR   +1.0 dB  BER 1.03e-02  PER 0.941  P(det)@0.05 naive/cfar power_one_sided 1.000/1.000 power_two_sided 1.000/1.000 kurtosis 1.000/1.000 spec_cnn 1.000/1.000  (16s)
    JSR   +2.0 dB  BER 1.06e-02  PER 0.943  P(det)@0.05 naive/cfar power_one_sided 1.000/1.000 power_two_sided 1.000/1.000 kurtosis 1.000/1.000 spec_cnn 1.000/1.000  (16s)
    JSR   +3.0 dB  BER 1.12e-02  PER 0.953  P(det)@0.05 naive/cfar power_one_sided 1.000/1.000 power_two_sided 1.000/1.000 kurtosis 1.000/1.000 spec_cnn 1.000/1.000  (17s)
    JSR   +4.0 dB  BER 1.27e-02  PER 0.955  P(det)@0.05 naive/cfar power_one_sided 1.000/1.000 power_two_sided 1.000/1.000 kurtosis 1.000/1.000 spec_cnn 1.000/1.000  (17s)
    JSR   +5.0 dB  BER 1.53e-02  PER 0.986  P(det)@0.05 naive/cfar power_one_sided 1.000/1.000 power_two_sided 1.000/1.000 kurtosis 1.000/1.000 spec_cnn 1.000/1.000  (17s)
    JSR   +6.0 dB  BER 1.81e-02  PER 0.990  P(det)@0.05 naive/cfar power_one_sided 1.000/1.000 power_two_sided 1.000/1.000 kurtosis 1.000/1.000 spec_cnn 1.000/1.000  (17s)
    JSR   +7.0 dB  BER 2.35e-02  PER 0.996  P(det)@0.05 naive/cfar power_one_sided 1.000/1.000 power_two_sided 1.000/1.000 kurtosis 1.000/1.000 spec_cnn 1.000/1.000  (18s)
    JSR   +8.0 dB  BER 3.15e-02  PER 1.000  P(det)@0.05 naive/cfar power_one_sided 1.000/1.000 power_two_sided 1.000/1.000 kurtosis 1.000/1.000 spec_cnn 1.000/1.000  (18s)
    JSR   +9.0 dB  BER 4.17e-02  PER 1.000  P(det)@0.05 naive/cfar power_one_sided 1.000/1.000 power_two_sided 1.000/1.000 kurtosis 1.000/1.000 spec_cnn 1.000/1.000  (18s)
    JSR  +10.0 dB  BER 5.73e-02  PER 1.000  P(det)@0.05 naive/cfar power_one_sided 1.000/1.000 power_two_sided 1.000/1.000 kurtosis 1.000/1.000 spec_cnn 1.000/1.000  (19s)
    JSR  +11.0 dB  BER 7.55e-02  PER 1.000  P(det)@0.05 naive/cfar power_one_sided 1.000/1.000 power_two_sided 1.000/1.000 kurtosis 1.000/1.000 spec_cnn 1.000/1.000  (19s)
    JSR  +12.0 dB  BER 9.76e-02  PER 1.000  P(det)@0.05 naive/cfar power_one_sided 1.000/1.000 power_two_sided 1.000/1.000 kurtosis 1.000/1.000 spec_cnn 1.000/1.000  (19s)
    JSR  +13.0 dB  BER 1.19e-01  PER 1.000  P(det)@0.05 naive/cfar power_one_sided 1.000/1.000 power_two_sided 1.000/1.000 kurtosis 1.000/1.000 spec_cnn 1.000/1.000  (20s)
    JSR  +14.0 dB  BER 1.46e-01  PER 1.000  P(det)@0.05 naive/cfar power_one_sided 1.000/1.000 power_two_sided 1.000/1.000 kurtosis 1.000/1.000 spec_cnn 1.000/1.000  (20s)
    JSR  +15.0 dB  BER 1.72e-01  PER 1.000  P(det)@0.05 naive/cfar power_one_sided 1.000/1.000 power_two_sided 1.000/1.000 kurtosis 1.000/1.000 spec_cnn 1.000/1.000  (20s)
  [snr_15_unc_0.5] power_two_sided_b1 done (832s)
  [snr_15_unc_0.5] generator power_two_sided_b10 (scale 1.0000)
    JSR  -50.0 dB  BER 0.00e+00  PER 0.000  P(det)@0.05 naive/cfar power_one_sided 0.078/0.053 power_two_sided 0.088/0.062 kurtosis 0.059/0.053 spec_cnn 0.066/0.057  (0s)
    JSR  -49.0 dB  BER 0.00e+00  PER 0.000  P(det)@0.05 naive/cfar power_one_sided 0.076/0.043 power_two_sided 0.098/0.043 kurtosis 0.047/0.045 spec_cnn 0.066/0.062  (1s)
    JSR  -48.0 dB  BER 0.00e+00  PER 0.000  P(det)@0.05 naive/cfar power_one_sided 0.119/0.070 power_two_sided 0.115/0.066 kurtosis 0.062/0.061 spec_cnn 0.064/0.053  (1s)
    JSR  -47.0 dB  BER 0.00e+00  PER 0.000  P(det)@0.05 naive/cfar power_one_sided 0.082/0.051 power_two_sided 0.098/0.053 kurtosis 0.061/0.057 spec_cnn 0.062/0.043  (1s)
    JSR  -46.0 dB  BER 0.00e+00  PER 0.000  P(det)@0.05 naive/cfar power_one_sided 0.094/0.043 power_two_sided 0.090/0.047 kurtosis 0.053/0.043 spec_cnn 0.076/0.061  (2s)
    JSR  -45.0 dB  BER 0.00e+00  PER 0.000  P(det)@0.05 naive/cfar power_one_sided 0.086/0.055 power_two_sided 0.078/0.033 kurtosis 0.070/0.064 spec_cnn 0.062/0.053  (2s)
    JSR  -44.0 dB  BER 0.00e+00  PER 0.000  P(det)@0.05 naive/cfar power_one_sided 0.090/0.061 power_two_sided 0.100/0.064 kurtosis 0.043/0.043 spec_cnn 0.070/0.055  (2s)
    JSR  -43.0 dB  BER 0.00e+00  PER 0.000  P(det)@0.05 naive/cfar power_one_sided 0.068/0.043 power_two_sided 0.076/0.043 kurtosis 0.076/0.066 spec_cnn 0.053/0.049  (2s)
    JSR  -42.0 dB  BER 0.00e+00  PER 0.000  P(det)@0.05 naive/cfar power_one_sided 0.074/0.055 power_two_sided 0.104/0.062 kurtosis 0.045/0.043 spec_cnn 0.061/0.049  (3s)
    JSR  -41.0 dB  BER 0.00e+00  PER 0.000  P(det)@0.05 naive/cfar power_one_sided 0.072/0.037 power_two_sided 0.074/0.035 kurtosis 0.061/0.057 spec_cnn 0.051/0.035  (3s)
    JSR  -40.0 dB  BER 0.00e+00  PER 0.000  P(det)@0.05 naive/cfar power_one_sided 0.076/0.045 power_two_sided 0.076/0.045 kurtosis 0.057/0.055 spec_cnn 0.072/0.053  (3s)
    JSR  -39.0 dB  BER 0.00e+00  PER 0.000  P(det)@0.05 naive/cfar power_one_sided 0.068/0.045 power_two_sided 0.076/0.051 kurtosis 0.055/0.053 spec_cnn 0.061/0.045  (4s)
    JSR  -38.0 dB  BER 0.00e+00  PER 0.000  P(det)@0.05 naive/cfar power_one_sided 0.078/0.061 power_two_sided 0.107/0.062 kurtosis 0.043/0.039 spec_cnn 0.064/0.057  (4s)
    JSR  -37.0 dB  BER 0.00e+00  PER 0.000  P(det)@0.05 naive/cfar power_one_sided 0.104/0.064 power_two_sided 0.080/0.047 kurtosis 0.076/0.074 spec_cnn 0.072/0.061  (4s)
    JSR  -36.0 dB  BER 0.00e+00  PER 0.000  P(det)@0.05 naive/cfar power_one_sided 0.080/0.051 power_two_sided 0.084/0.045 kurtosis 0.053/0.051 spec_cnn 0.078/0.062  (5s)
    JSR  -35.0 dB  BER 0.00e+00  PER 0.000  P(det)@0.05 naive/cfar power_one_sided 0.062/0.035 power_two_sided 0.074/0.045 kurtosis 0.059/0.051 spec_cnn 0.074/0.055  (5s)
    JSR  -34.0 dB  BER 0.00e+00  PER 0.000  P(det)@0.05 naive/cfar power_one_sided 0.107/0.059 power_two_sided 0.096/0.053 kurtosis 0.051/0.047 spec_cnn 0.066/0.051  (5s)
    JSR  -33.0 dB  BER 0.00e+00  PER 0.000  P(det)@0.05 naive/cfar power_one_sided 0.113/0.074 power_two_sided 0.098/0.055 kurtosis 0.049/0.047 spec_cnn 0.086/0.074  (5s)
    JSR  -32.0 dB  BER 0.00e+00  PER 0.000  P(det)@0.05 naive/cfar power_one_sided 0.100/0.062 power_two_sided 0.109/0.055 kurtosis 0.066/0.064 spec_cnn 0.088/0.062  (6s)
    JSR  -31.0 dB  BER 0.00e+00  PER 0.000  P(det)@0.05 naive/cfar power_one_sided 0.131/0.086 power_two_sided 0.129/0.082 kurtosis 0.062/0.057 spec_cnn 0.086/0.080  (6s)
    JSR  -30.0 dB  BER 0.00e+00  PER 0.000  P(det)@0.05 naive/cfar power_one_sided 0.129/0.078 power_two_sided 0.109/0.057 kurtosis 0.055/0.045 spec_cnn 0.090/0.072  (6s)
    JSR  -29.0 dB  BER 0.00e+00  PER 0.000  P(det)@0.05 naive/cfar power_one_sided 0.145/0.100 power_two_sided 0.135/0.078 kurtosis 0.039/0.035 spec_cnn 0.107/0.078  (7s)
    JSR  -28.0 dB  BER 0.00e+00  PER 0.000  P(det)@0.05 naive/cfar power_one_sided 0.158/0.102 power_two_sided 0.117/0.076 kurtosis 0.080/0.074 spec_cnn 0.113/0.086  (7s)
    JSR  -27.0 dB  BER 0.00e+00  PER 0.000  P(det)@0.05 naive/cfar power_one_sided 0.184/0.123 power_two_sided 0.150/0.088 kurtosis 0.055/0.055 spec_cnn 0.115/0.088  (7s)
    JSR  -26.0 dB  BER 0.00e+00  PER 0.000  P(det)@0.05 naive/cfar power_one_sided 0.219/0.148 power_two_sided 0.168/0.129 kurtosis 0.033/0.029 spec_cnn 0.102/0.080  (8s)
    JSR  -25.0 dB  BER 0.00e+00  PER 0.000  P(det)@0.05 naive/cfar power_one_sided 0.229/0.164 power_two_sided 0.189/0.129 kurtosis 0.053/0.045 spec_cnn 0.109/0.092  (8s)
    JSR  -24.0 dB  BER 0.00e+00  PER 0.000  P(det)@0.05 naive/cfar power_one_sided 0.256/0.174 power_two_sided 0.197/0.143 kurtosis 0.062/0.057 spec_cnn 0.146/0.109  (8s)
    JSR  -23.0 dB  BER 0.00e+00  PER 0.000  P(det)@0.05 naive/cfar power_one_sided 0.377/0.297 power_two_sided 0.307/0.242 kurtosis 0.049/0.047 spec_cnn 0.139/0.113  (9s)
    JSR  -22.0 dB  BER 3.81e-05  PER 0.010  P(det)@0.05 naive/cfar power_one_sided 0.453/0.395 power_two_sided 0.391/0.305 kurtosis 0.053/0.053 spec_cnn 0.182/0.148  (9s)
    JSR  -21.0 dB  BER 2.90e-04  PER 0.074  P(det)@0.05 naive/cfar power_one_sided 0.525/0.434 power_two_sided 0.443/0.367 kurtosis 0.078/0.066 spec_cnn 0.213/0.176  (9s)
    JSR  -20.0 dB  BER 6.26e-04  PER 0.160  P(det)@0.05 naive/cfar power_one_sided 0.621/0.559 power_two_sided 0.557/0.488 kurtosis 0.098/0.092 spec_cnn 0.219/0.176  (9s)
    JSR  -19.0 dB  BER 1.15e-03  PER 0.295  P(det)@0.05 naive/cfar power_one_sided 0.721/0.646 power_two_sided 0.646/0.594 kurtosis 0.096/0.088 spec_cnn 0.266/0.219  (10s)
    JSR  -18.0 dB  BER 1.49e-03  PER 0.373  P(det)@0.05 naive/cfar power_one_sided 0.814/0.750 power_two_sided 0.748/0.705 kurtosis 0.174/0.166 spec_cnn 0.338/0.273  (10s)
    JSR  -17.0 dB  BER 1.98e-03  PER 0.473  P(det)@0.05 naive/cfar power_one_sided 0.891/0.869 power_two_sided 0.869/0.836 kurtosis 0.236/0.223 spec_cnn 0.387/0.318  (10s)
    JSR  -16.0 dB  BER 2.25e-03  PER 0.512  P(det)@0.05 naive/cfar power_one_sided 0.959/0.943 power_two_sided 0.943/0.920 kurtosis 0.318/0.316 spec_cnn 0.533/0.461  (11s)
    JSR  -15.0 dB  BER 2.65e-03  PER 0.590  P(det)@0.05 naive/cfar power_one_sided 0.990/0.979 power_two_sided 0.975/0.963 kurtosis 0.447/0.441 spec_cnn 0.646/0.592  (11s)
    JSR  -14.0 dB  BER 2.91e-03  PER 0.623  P(det)@0.05 naive/cfar power_one_sided 1.000/0.998 power_two_sided 0.998/0.996 kurtosis 0.582/0.578 spec_cnn 0.729/0.680  (11s)
    JSR  -13.0 dB  BER 3.36e-03  PER 0.686  P(det)@0.05 naive/cfar power_one_sided 1.000/1.000 power_two_sided 1.000/1.000 kurtosis 0.695/0.691 spec_cnn 0.826/0.783  (12s)
    JSR  -12.0 dB  BER 3.95e-03  PER 0.734  P(det)@0.05 naive/cfar power_one_sided 1.000/1.000 power_two_sided 1.000/1.000 kurtosis 0.885/0.885 spec_cnn 0.914/0.895  (12s)
    JSR  -11.0 dB  BER 4.04e-03  PER 0.717  P(det)@0.05 naive/cfar power_one_sided 1.000/1.000 power_two_sided 1.000/1.000 kurtosis 0.979/0.975 spec_cnn 0.977/0.955  (12s)
    JSR  -10.0 dB  BER 4.46e-03  PER 0.740  P(det)@0.05 naive/cfar power_one_sided 1.000/1.000 power_two_sided 1.000/1.000 kurtosis 0.998/0.998 spec_cnn 0.986/0.979  (13s)
    JSR   -9.0 dB  BER 4.78e-03  PER 0.762  P(det)@0.05 naive/cfar power_one_sided 1.000/1.000 power_two_sided 1.000/1.000 kurtosis 1.000/1.000 spec_cnn 1.000/1.000  (13s)
    JSR   -8.0 dB  BER 5.55e-03  PER 0.838  P(det)@0.05 naive/cfar power_one_sided 1.000/1.000 power_two_sided 1.000/1.000 kurtosis 1.000/1.000 spec_cnn 1.000/1.000  (13s)
    JSR   -7.0 dB  BER 6.06e-03  PER 0.840  P(det)@0.05 naive/cfar power_one_sided 1.000/1.000 power_two_sided 1.000/1.000 kurtosis 1.000/1.000 spec_cnn 1.000/1.000  (13s)
    JSR   -6.0 dB  BER 6.64e-03  PER 0.891  P(det)@0.05 naive/cfar power_one_sided 1.000/1.000 power_two_sided 1.000/1.000 kurtosis 1.000/1.000 spec_cnn 1.000/1.000  (14s)
    JSR   -5.0 dB  BER 6.98e-03  PER 0.863  P(det)@0.05 naive/cfar power_one_sided 1.000/1.000 power_two_sided 1.000/1.000 kurtosis 1.000/1.000 spec_cnn 1.000/1.000  (14s)
    JSR   -4.0 dB  BER 7.35e-03  PER 0.887  P(det)@0.05 naive/cfar power_one_sided 1.000/1.000 power_two_sided 1.000/1.000 kurtosis 1.000/1.000 spec_cnn 1.000/1.000  (14s)
    JSR   -3.0 dB  BER 8.22e-03  PER 0.885  P(det)@0.05 naive/cfar power_one_sided 1.000/1.000 power_two_sided 1.000/1.000 kurtosis 1.000/1.000 spec_cnn 1.000/1.000  (15s)
    JSR   -2.0 dB  BER 9.12e-03  PER 0.932  P(det)@0.05 naive/cfar power_one_sided 1.000/1.000 power_two_sided 1.000/1.000 kurtosis 1.000/1.000 spec_cnn 1.000/1.000  (15s)
    JSR   -1.0 dB  BER 9.31e-03  PER 0.910  P(det)@0.05 naive/cfar power_one_sided 1.000/1.000 power_two_sided 1.000/1.000 kurtosis 1.000/1.000 spec_cnn 1.000/1.000  (15s)
    JSR   +0.0 dB  BER 1.04e-02  PER 0.930  P(det)@0.05 naive/cfar power_one_sided 1.000/1.000 power_two_sided 1.000/1.000 kurtosis 1.000/1.000 spec_cnn 1.000/1.000  (16s)
    JSR   +1.0 dB  BER 1.20e-02  PER 0.959  P(det)@0.05 naive/cfar power_one_sided 1.000/1.000 power_two_sided 1.000/1.000 kurtosis 1.000/1.000 spec_cnn 1.000/1.000  (16s)
    JSR   +2.0 dB  BER 1.25e-02  PER 0.957  P(det)@0.05 naive/cfar power_one_sided 1.000/1.000 power_two_sided 1.000/1.000 kurtosis 1.000/1.000 spec_cnn 1.000/1.000  (16s)
    JSR   +3.0 dB  BER 1.49e-02  PER 0.979  P(det)@0.05 naive/cfar power_one_sided 1.000/1.000 power_two_sided 1.000/1.000 kurtosis 1.000/1.000 spec_cnn 1.000/1.000  (17s)
    JSR   +4.0 dB  BER 1.67e-02  PER 0.986  P(det)@0.05 naive/cfar power_one_sided 1.000/1.000 power_two_sided 1.000/1.000 kurtosis 1.000/1.000 spec_cnn 1.000/1.000  (17s)
    JSR   +5.0 dB  BER 2.03e-02  PER 0.992  P(det)@0.05 naive/cfar power_one_sided 1.000/1.000 power_two_sided 1.000/1.000 kurtosis 1.000/1.000 spec_cnn 1.000/1.000  (17s)
    JSR   +6.0 dB  BER 2.63e-02  PER 0.992  P(det)@0.05 naive/cfar power_one_sided 1.000/1.000 power_two_sided 1.000/1.000 kurtosis 1.000/1.000 spec_cnn 1.000/1.000  (17s)
    JSR   +7.0 dB  BER 3.46e-02  PER 1.000  P(det)@0.05 naive/cfar power_one_sided 1.000/1.000 power_two_sided 1.000/1.000 kurtosis 1.000/1.000 spec_cnn 1.000/1.000  (18s)
    JSR   +8.0 dB  BER 4.52e-02  PER 1.000  P(det)@0.05 naive/cfar power_one_sided 1.000/1.000 power_two_sided 1.000/1.000 kurtosis 1.000/1.000 spec_cnn 1.000/1.000  (18s)
    JSR   +9.0 dB  BER 6.01e-02  PER 1.000  P(det)@0.05 naive/cfar power_one_sided 1.000/1.000 power_two_sided 1.000/1.000 kurtosis 1.000/1.000 spec_cnn 1.000/1.000  (18s)
    JSR  +10.0 dB  BER 7.73e-02  PER 1.000  P(det)@0.05 naive/cfar power_one_sided 1.000/1.000 power_two_sided 1.000/1.000 kurtosis 1.000/1.000 spec_cnn 1.000/1.000  (19s)
    JSR  +11.0 dB  BER 9.75e-02  PER 1.000  P(det)@0.05 naive/cfar power_one_sided 1.000/1.000 power_two_sided 1.000/1.000 kurtosis 1.000/1.000 spec_cnn 1.000/1.000  (19s)
    JSR  +12.0 dB  BER 1.21e-01  PER 1.000  P(det)@0.05 naive/cfar power_one_sided 1.000/1.000 power_two_sided 1.000/1.000 kurtosis 1.000/1.000 spec_cnn 1.000/1.000  (19s)
    JSR  +13.0 dB  BER 1.47e-01  PER 1.000  P(det)@0.05 naive/cfar power_one_sided 1.000/1.000 power_two_sided 1.000/1.000 kurtosis 1.000/1.000 spec_cnn 1.000/1.000  (20s)
    JSR  +14.0 dB  BER 1.76e-01  PER 1.000  P(det)@0.05 naive/cfar power_one_sided 1.000/1.000 power_two_sided 1.000/1.000 kurtosis 1.000/1.000 spec_cnn 1.000/1.000  (20s)
    JSR  +15.0 dB  BER 1.99e-01  PER 1.000  P(det)@0.05 naive/cfar power_one_sided 1.000/1.000 power_two_sided 1.000/1.000 kurtosis 1.000/1.000 spec_cnn 1.000/1.000  (20s)
  [snr_15_unc_0.5] power_two_sided_b10 done (889s)
  [snr_15_unc_0.5] generator power_two_sided_b100 (scale 1.0000)
    JSR  -50.0 dB  BER 0.00e+00  PER 0.000  P(det)@0.05 naive/cfar power_one_sided 0.068/0.039 power_two_sided 0.068/0.035 kurtosis 0.049/0.045 spec_cnn 0.061/0.045  (0s)
    JSR  -49.0 dB  BER 0.00e+00  PER 0.000  P(det)@0.05 naive/cfar power_one_sided 0.072/0.043 power_two_sided 0.096/0.043 kurtosis 0.064/0.057 spec_cnn 0.049/0.033  (1s)
    JSR  -48.0 dB  BER 0.00e+00  PER 0.000  P(det)@0.05 naive/cfar power_one_sided 0.064/0.037 power_two_sided 0.061/0.037 kurtosis 0.049/0.049 spec_cnn 0.057/0.037  (1s)
    JSR  -47.0 dB  BER 0.00e+00  PER 0.000  P(det)@0.05 naive/cfar power_one_sided 0.080/0.039 power_two_sided 0.066/0.045 kurtosis 0.039/0.035 spec_cnn 0.066/0.049  (1s)
    JSR  -46.0 dB  BER 0.00e+00  PER 0.000  P(det)@0.05 naive/cfar power_one_sided 0.090/0.059 power_two_sided 0.076/0.035 kurtosis 0.049/0.047 spec_cnn 0.066/0.059  (2s)
    JSR  -45.0 dB  BER 0.00e+00  PER 0.000  P(det)@0.05 naive/cfar power_one_sided 0.084/0.057 power_two_sided 0.094/0.053 kurtosis 0.066/0.053 spec_cnn 0.059/0.037  (2s)
    JSR  -44.0 dB  BER 0.00e+00  PER 0.000  P(det)@0.05 naive/cfar power_one_sided 0.086/0.057 power_two_sided 0.104/0.055 kurtosis 0.047/0.047 spec_cnn 0.074/0.062  (2s)
    JSR  -43.0 dB  BER 0.00e+00  PER 0.000  P(det)@0.05 naive/cfar power_one_sided 0.076/0.035 power_two_sided 0.092/0.055 kurtosis 0.072/0.068 spec_cnn 0.062/0.049  (2s)
    JSR  -42.0 dB  BER 0.00e+00  PER 0.000  P(det)@0.05 naive/cfar power_one_sided 0.090/0.066 power_two_sided 0.094/0.043 kurtosis 0.051/0.045 spec_cnn 0.082/0.068  (3s)
    JSR  -41.0 dB  BER 0.00e+00  PER 0.000  P(det)@0.05 naive/cfar power_one_sided 0.066/0.049 power_two_sided 0.088/0.049 kurtosis 0.055/0.049 spec_cnn 0.061/0.051  (3s)
    JSR  -40.0 dB  BER 0.00e+00  PER 0.000  P(det)@0.05 naive/cfar power_one_sided 0.098/0.057 power_two_sided 0.098/0.061 kurtosis 0.064/0.061 spec_cnn 0.064/0.051  (3s)
    JSR  -39.0 dB  BER 0.00e+00  PER 0.000  P(det)@0.05 naive/cfar power_one_sided 0.074/0.045 power_two_sided 0.084/0.061 kurtosis 0.045/0.041 spec_cnn 0.055/0.041  (4s)
    JSR  -38.0 dB  BER 0.00e+00  PER 0.000  P(det)@0.05 naive/cfar power_one_sided 0.076/0.051 power_two_sided 0.082/0.053 kurtosis 0.064/0.057 spec_cnn 0.088/0.064  (4s)
    JSR  -37.0 dB  BER 0.00e+00  PER 0.000  P(det)@0.05 naive/cfar power_one_sided 0.088/0.047 power_two_sided 0.080/0.049 kurtosis 0.059/0.053 spec_cnn 0.080/0.062  (4s)
    JSR  -36.0 dB  BER 0.00e+00  PER 0.000  P(det)@0.05 naive/cfar power_one_sided 0.070/0.031 power_two_sided 0.072/0.055 kurtosis 0.049/0.043 spec_cnn 0.064/0.055  (5s)
    JSR  -35.0 dB  BER 0.00e+00  PER 0.000  P(det)@0.05 naive/cfar power_one_sided 0.080/0.053 power_two_sided 0.082/0.059 kurtosis 0.047/0.045 spec_cnn 0.062/0.057  (5s)
    JSR  -34.0 dB  BER 0.00e+00  PER 0.000  P(det)@0.05 naive/cfar power_one_sided 0.084/0.049 power_two_sided 0.078/0.039 kurtosis 0.059/0.049 spec_cnn 0.068/0.055  (5s)
    JSR  -33.0 dB  BER 0.00e+00  PER 0.000  P(det)@0.05 naive/cfar power_one_sided 0.086/0.049 power_two_sided 0.090/0.055 kurtosis 0.049/0.045 spec_cnn 0.094/0.062  (5s)
    JSR  -32.0 dB  BER 0.00e+00  PER 0.000  P(det)@0.05 naive/cfar power_one_sided 0.102/0.059 power_two_sided 0.082/0.051 kurtosis 0.061/0.059 spec_cnn 0.066/0.049  (6s)
    JSR  -31.0 dB  BER 0.00e+00  PER 0.000  P(det)@0.05 naive/cfar power_one_sided 0.102/0.061 power_two_sided 0.070/0.045 kurtosis 0.059/0.053 spec_cnn 0.086/0.061  (6s)
    JSR  -30.0 dB  BER 0.00e+00  PER 0.000  P(det)@0.05 naive/cfar power_one_sided 0.113/0.061 power_two_sided 0.092/0.051 kurtosis 0.059/0.053 spec_cnn 0.092/0.068  (6s)
    JSR  -29.0 dB  BER 0.00e+00  PER 0.000  P(det)@0.05 naive/cfar power_one_sided 0.143/0.098 power_two_sided 0.121/0.082 kurtosis 0.049/0.039 spec_cnn 0.088/0.068  (7s)
    JSR  -28.0 dB  BER 0.00e+00  PER 0.000  P(det)@0.05 naive/cfar power_one_sided 0.158/0.113 power_two_sided 0.139/0.080 kurtosis 0.053/0.047 spec_cnn 0.076/0.061  (7s)
    JSR  -27.0 dB  BER 0.00e+00  PER 0.000  P(det)@0.05 naive/cfar power_one_sided 0.150/0.105 power_two_sided 0.127/0.094 kurtosis 0.061/0.055 spec_cnn 0.104/0.086  (7s)
    JSR  -26.0 dB  BER 0.00e+00  PER 0.000  P(det)@0.05 naive/cfar power_one_sided 0.219/0.152 power_two_sided 0.174/0.111 kurtosis 0.049/0.047 spec_cnn 0.100/0.084  (8s)
    JSR  -25.0 dB  BER 0.00e+00  PER 0.000  P(det)@0.05 naive/cfar power_one_sided 0.217/0.156 power_two_sided 0.168/0.115 kurtosis 0.068/0.057 spec_cnn 0.113/0.105  (8s)
    JSR  -24.0 dB  BER 0.00e+00  PER 0.000  P(det)@0.05 naive/cfar power_one_sided 0.266/0.188 power_two_sided 0.211/0.154 kurtosis 0.051/0.047 spec_cnn 0.104/0.080  (8s)
    JSR  -23.0 dB  BER 0.00e+00  PER 0.000  P(det)@0.05 naive/cfar power_one_sided 0.352/0.266 power_two_sided 0.271/0.207 kurtosis 0.053/0.047 spec_cnn 0.109/0.088  (9s)
    JSR  -22.0 dB  BER 0.00e+00  PER 0.000  P(det)@0.05 naive/cfar power_one_sided 0.432/0.354 power_two_sided 0.367/0.279 kurtosis 0.066/0.066 spec_cnn 0.156/0.121  (9s)
    JSR  -21.0 dB  BER 3.05e-05  PER 0.008  P(det)@0.05 naive/cfar power_one_sided 0.486/0.402 power_two_sided 0.412/0.344 kurtosis 0.082/0.078 spec_cnn 0.164/0.139  (9s)
    JSR  -20.0 dB  BER 2.14e-04  PER 0.055  P(det)@0.05 naive/cfar power_one_sided 0.562/0.482 power_two_sided 0.484/0.406 kurtosis 0.057/0.055 spec_cnn 0.180/0.156  (9s)
    JSR  -19.0 dB  BER 4.96e-04  PER 0.127  P(det)@0.05 naive/cfar power_one_sided 0.684/0.619 power_two_sided 0.621/0.570 kurtosis 0.088/0.080 spec_cnn 0.221/0.178  (10s)
    JSR  -18.0 dB  BER 9.77e-04  PER 0.248  P(det)@0.05 naive/cfar power_one_sided 0.826/0.781 power_two_sided 0.783/0.729 kurtosis 0.111/0.102 spec_cnn 0.266/0.227  (10s)
    JSR  -17.0 dB  BER 1.46e-03  PER 0.367  P(det)@0.05 naive/cfar power_one_sided 0.869/0.838 power_two_sided 0.834/0.811 kurtosis 0.156/0.146 spec_cnn 0.311/0.268  (10s)
    JSR  -16.0 dB  BER 1.69e-03  PER 0.414  P(det)@0.05 naive/cfar power_one_sided 0.928/0.906 power_two_sided 0.908/0.895 kurtosis 0.234/0.234 spec_cnn 0.469/0.402  (11s)
    JSR  -15.0 dB  BER 1.99e-03  PER 0.465  P(det)@0.05 naive/cfar power_one_sided 0.988/0.986 power_two_sided 0.986/0.973 kurtosis 0.379/0.371 spec_cnn 0.639/0.561  (11s)
    JSR  -14.0 dB  BER 2.55e-03  PER 0.553  P(det)@0.05 naive/cfar power_one_sided 0.996/0.992 power_two_sided 0.992/0.992 kurtosis 0.467/0.463 spec_cnn 0.650/0.615  (11s)
    JSR  -13.0 dB  BER 2.86e-03  PER 0.600  P(det)@0.05 naive/cfar power_one_sided 0.998/0.998 power_two_sided 0.998/0.998 kurtosis 0.631/0.623 spec_cnn 0.812/0.762  (12s)
    JSR  -12.0 dB  BER 3.20e-03  PER 0.631  P(det)@0.05 naive/cfar power_one_sided 1.000/1.000 power_two_sided 1.000/1.000 kurtosis 0.762/0.756 spec_cnn 0.898/0.861  (12s)
    JSR  -11.0 dB  BER 3.78e-03  PER 0.705  P(det)@0.05 naive/cfar power_one_sided 1.000/1.000 power_two_sided 1.000/1.000 kurtosis 0.889/0.887 spec_cnn 0.971/0.959  (12s)
    JSR  -10.0 dB  BER 3.83e-03  PER 0.713  P(det)@0.05 naive/cfar power_one_sided 1.000/1.000 power_two_sided 1.000/1.000 kurtosis 0.980/0.980 spec_cnn 0.992/0.992  (13s)
    JSR   -9.0 dB  BER 4.31e-03  PER 0.736  P(det)@0.05 naive/cfar power_one_sided 1.000/1.000 power_two_sided 1.000/1.000 kurtosis 1.000/1.000 spec_cnn 1.000/0.998  (13s)
    JSR   -8.0 dB  BER 4.70e-03  PER 0.793  P(det)@0.05 naive/cfar power_one_sided 1.000/1.000 power_two_sided 1.000/1.000 kurtosis 1.000/1.000 spec_cnn 1.000/1.000  (13s)
    JSR   -7.0 dB  BER 5.17e-03  PER 0.807  P(det)@0.05 naive/cfar power_one_sided 1.000/1.000 power_two_sided 1.000/1.000 kurtosis 1.000/1.000 spec_cnn 1.000/1.000  (13s)
    JSR   -6.0 dB  BER 5.31e-03  PER 0.805  P(det)@0.05 naive/cfar power_one_sided 1.000/1.000 power_two_sided 1.000/1.000 kurtosis 1.000/1.000 spec_cnn 1.000/1.000  (14s)
    JSR   -5.0 dB  BER 5.96e-03  PER 0.855  P(det)@0.05 naive/cfar power_one_sided 1.000/1.000 power_two_sided 1.000/1.000 kurtosis 1.000/1.000 spec_cnn 1.000/1.000  (14s)
    JSR   -4.0 dB  BER 6.89e-03  PER 0.885  P(det)@0.05 naive/cfar power_one_sided 1.000/1.000 power_two_sided 1.000/1.000 kurtosis 1.000/1.000 spec_cnn 1.000/1.000  (14s)
    JSR   -3.0 dB  BER 7.94e-03  PER 0.906  P(det)@0.05 naive/cfar power_one_sided 1.000/1.000 power_two_sided 1.000/1.000 kurtosis 1.000/1.000 spec_cnn 1.000/1.000  (15s)
    JSR   -2.0 dB  BER 9.03e-03  PER 0.912  P(det)@0.05 naive/cfar power_one_sided 1.000/1.000 power_two_sided 1.000/1.000 kurtosis 1.000/1.000 spec_cnn 1.000/1.000  (15s)
    JSR   -1.0 dB  BER 1.15e-02  PER 0.967  P(det)@0.05 naive/cfar power_one_sided 1.000/1.000 power_two_sided 1.000/1.000 kurtosis 1.000/1.000 spec_cnn 1.000/1.000  (15s)
    JSR   +0.0 dB  BER 1.64e-02  PER 0.992  P(det)@0.05 naive/cfar power_one_sided 1.000/1.000 power_two_sided 1.000/1.000 kurtosis 1.000/1.000 spec_cnn 1.000/1.000  (16s)
    JSR   +1.0 dB  BER 2.25e-02  PER 0.994  P(det)@0.05 naive/cfar power_one_sided 1.000/1.000 power_two_sided 1.000/1.000 kurtosis 1.000/1.000 spec_cnn 1.000/1.000  (16s)
    JSR   +2.0 dB  BER 3.36e-02  PER 1.000  P(det)@0.05 naive/cfar power_one_sided 1.000/1.000 power_two_sided 1.000/1.000 kurtosis 1.000/1.000 spec_cnn 1.000/1.000  (16s)
    JSR   +3.0 dB  BER 5.01e-02  PER 1.000  P(det)@0.05 naive/cfar power_one_sided 1.000/1.000 power_two_sided 1.000/1.000 kurtosis 1.000/1.000 spec_cnn 1.000/1.000  (17s)
    JSR   +4.0 dB  BER 6.78e-02  PER 1.000  P(det)@0.05 naive/cfar power_one_sided 1.000/1.000 power_two_sided 1.000/1.000 kurtosis 1.000/1.000 spec_cnn 1.000/1.000  (17s)
    JSR   +5.0 dB  BER 8.79e-02  PER 1.000  P(det)@0.05 naive/cfar power_one_sided 1.000/1.000 power_two_sided 1.000/1.000 kurtosis 1.000/1.000 spec_cnn 1.000/1.000  (17s)
    JSR   +6.0 dB  BER 1.15e-01  PER 1.000  P(det)@0.05 naive/cfar power_one_sided 1.000/1.000 power_two_sided 1.000/1.000 kurtosis 1.000/1.000 spec_cnn 1.000/1.000  (17s)
    JSR   +7.0 dB  BER 1.41e-01  PER 1.000  P(det)@0.05 naive/cfar power_one_sided 1.000/1.000 power_two_sided 1.000/1.000 kurtosis 1.000/1.000 spec_cnn 1.000/1.000  (18s)
    JSR   +8.0 dB  BER 1.66e-01  PER 1.000  P(det)@0.05 naive/cfar power_one_sided 1.000/1.000 power_two_sided 1.000/1.000 kurtosis 1.000/1.000 spec_cnn 1.000/1.000  (18s)
    JSR   +9.0 dB  BER 1.92e-01  PER 1.000  P(det)@0.05 naive/cfar power_one_sided 1.000/1.000 power_two_sided 1.000/1.000 kurtosis 1.000/1.000 spec_cnn 1.000/1.000  (18s)
    JSR  +10.0 dB  BER 2.19e-01  PER 1.000  P(det)@0.05 naive/cfar power_one_sided 1.000/1.000 power_two_sided 1.000/1.000 kurtosis 1.000/1.000 spec_cnn 1.000/1.000  (19s)
    JSR  +11.0 dB  BER 2.41e-01  PER 1.000  P(det)@0.05 naive/cfar power_one_sided 1.000/1.000 power_two_sided 1.000/1.000 kurtosis 1.000/1.000 spec_cnn 1.000/1.000  (19s)
    JSR  +12.0 dB  BER 2.64e-01  PER 1.000  P(det)@0.05 naive/cfar power_one_sided 1.000/1.000 power_two_sided 1.000/1.000 kurtosis 1.000/1.000 spec_cnn 1.000/1.000  (19s)
    JSR  +13.0 dB  BER 2.85e-01  PER 1.000  P(det)@0.05 naive/cfar power_one_sided 1.000/1.000 power_two_sided 1.000/1.000 kurtosis 1.000/1.000 spec_cnn 1.000/1.000  (20s)
    JSR  +14.0 dB  BER 3.09e-01  PER 1.000  P(det)@0.05 naive/cfar power_one_sided 1.000/1.000 power_two_sided 1.000/1.000 kurtosis 1.000/1.000 spec_cnn 1.000/1.000  (20s)
    JSR  +15.0 dB  BER 3.28e-01  PER 1.000  P(det)@0.05 naive/cfar power_one_sided 1.000/1.000 power_two_sided 1.000/1.000 kurtosis 1.000/1.000 spec_cnn 1.000/1.000  (20s)
  [snr_15_unc_0.5] power_two_sided_b100 done (949s)
  [snr_15_unc_0.5] generator power_two_sided_b1000 (scale 1.0000)
    JSR  -50.0 dB  BER 0.00e+00  PER 0.000  P(det)@0.05 naive/cfar power_one_sided 0.084/0.059 power_two_sided 0.102/0.061 kurtosis 0.055/0.051 spec_cnn 0.055/0.047  (0s)
    JSR  -49.0 dB  BER 0.00e+00  PER 0.000  P(det)@0.05 naive/cfar power_one_sided 0.090/0.047 power_two_sided 0.086/0.047 kurtosis 0.062/0.055 spec_cnn 0.062/0.049  (1s)
    JSR  -48.0 dB  BER 0.00e+00  PER 0.000  P(det)@0.05 naive/cfar power_one_sided 0.074/0.043 power_two_sided 0.090/0.059 kurtosis 0.072/0.066 spec_cnn 0.090/0.072  (1s)
    JSR  -47.0 dB  BER 0.00e+00  PER 0.000  P(det)@0.05 naive/cfar power_one_sided 0.082/0.055 power_two_sided 0.100/0.064 kurtosis 0.070/0.064 spec_cnn 0.045/0.029  (1s)
    JSR  -46.0 dB  BER 0.00e+00  PER 0.000  P(det)@0.05 naive/cfar power_one_sided 0.086/0.068 power_two_sided 0.105/0.062 kurtosis 0.059/0.057 spec_cnn 0.068/0.059  (2s)
    JSR  -45.0 dB  BER 0.00e+00  PER 0.000  P(det)@0.05 naive/cfar power_one_sided 0.076/0.037 power_two_sided 0.074/0.031 kurtosis 0.041/0.037 spec_cnn 0.061/0.039  (2s)
    JSR  -44.0 dB  BER 0.00e+00  PER 0.000  P(det)@0.05 naive/cfar power_one_sided 0.086/0.057 power_two_sided 0.100/0.062 kurtosis 0.061/0.053 spec_cnn 0.076/0.055  (2s)
    JSR  -43.0 dB  BER 0.00e+00  PER 0.000  P(det)@0.05 naive/cfar power_one_sided 0.084/0.045 power_two_sided 0.072/0.045 kurtosis 0.068/0.062 spec_cnn 0.061/0.047  (2s)
    JSR  -42.0 dB  BER 0.00e+00  PER 0.000  P(det)@0.05 naive/cfar power_one_sided 0.092/0.059 power_two_sided 0.086/0.041 kurtosis 0.057/0.055 spec_cnn 0.055/0.043  (3s)
    JSR  -41.0 dB  BER 0.00e+00  PER 0.000  P(det)@0.05 naive/cfar power_one_sided 0.092/0.053 power_two_sided 0.080/0.043 kurtosis 0.039/0.037 spec_cnn 0.062/0.045  (3s)
    JSR  -40.0 dB  BER 0.00e+00  PER 0.000  P(det)@0.05 naive/cfar power_one_sided 0.100/0.061 power_two_sided 0.104/0.062 kurtosis 0.035/0.035 spec_cnn 0.062/0.055  (3s)
    JSR  -39.0 dB  BER 0.00e+00  PER 0.000  P(det)@0.05 naive/cfar power_one_sided 0.072/0.053 power_two_sided 0.102/0.068 kurtosis 0.041/0.041 spec_cnn 0.068/0.049  (4s)
    JSR  -38.0 dB  BER 0.00e+00  PER 0.000  P(det)@0.05 naive/cfar power_one_sided 0.086/0.049 power_two_sided 0.074/0.035 kurtosis 0.055/0.049 spec_cnn 0.068/0.057  (4s)
    JSR  -37.0 dB  BER 0.00e+00  PER 0.000  P(det)@0.05 naive/cfar power_one_sided 0.080/0.059 power_two_sided 0.105/0.064 kurtosis 0.043/0.039 spec_cnn 0.062/0.053  (4s)
    JSR  -36.0 dB  BER 0.00e+00  PER 0.000  P(det)@0.05 naive/cfar power_one_sided 0.078/0.053 power_two_sided 0.080/0.062 kurtosis 0.053/0.049 spec_cnn 0.090/0.068  (5s)
    JSR  -35.0 dB  BER 0.00e+00  PER 0.000  P(det)@0.05 naive/cfar power_one_sided 0.094/0.051 power_two_sided 0.074/0.047 kurtosis 0.043/0.043 spec_cnn 0.082/0.068  (5s)
    JSR  -34.0 dB  BER 0.00e+00  PER 0.000  P(det)@0.05 naive/cfar power_one_sided 0.098/0.062 power_two_sided 0.107/0.059 kurtosis 0.045/0.039 spec_cnn 0.068/0.061  (5s)
    JSR  -33.0 dB  BER 0.00e+00  PER 0.000  P(det)@0.05 naive/cfar power_one_sided 0.113/0.084 power_two_sided 0.131/0.084 kurtosis 0.055/0.053 spec_cnn 0.066/0.047  (5s)
    JSR  -32.0 dB  BER 0.00e+00  PER 0.000  P(det)@0.05 naive/cfar power_one_sided 0.104/0.062 power_two_sided 0.100/0.053 kurtosis 0.062/0.059 spec_cnn 0.066/0.057  (6s)
    JSR  -31.0 dB  BER 0.00e+00  PER 0.000  P(det)@0.05 naive/cfar power_one_sided 0.107/0.074 power_two_sided 0.109/0.070 kurtosis 0.076/0.062 spec_cnn 0.090/0.074  (6s)
    JSR  -30.0 dB  BER 0.00e+00  PER 0.000  P(det)@0.05 naive/cfar power_one_sided 0.121/0.076 power_two_sided 0.111/0.076 kurtosis 0.082/0.076 spec_cnn 0.055/0.045  (6s)
    JSR  -29.0 dB  BER 0.00e+00  PER 0.000  P(det)@0.05 naive/cfar power_one_sided 0.127/0.078 power_two_sided 0.102/0.068 kurtosis 0.049/0.043 spec_cnn 0.078/0.061  (7s)
    JSR  -28.0 dB  BER 0.00e+00  PER 0.000  P(det)@0.05 naive/cfar power_one_sided 0.131/0.084 power_two_sided 0.107/0.070 kurtosis 0.053/0.051 spec_cnn 0.088/0.078  (7s)
    JSR  -27.0 dB  BER 0.00e+00  PER 0.000  P(det)@0.05 naive/cfar power_one_sided 0.154/0.109 power_two_sided 0.158/0.100 kurtosis 0.053/0.045 spec_cnn 0.082/0.061  (7s)
    JSR  -26.0 dB  BER 0.00e+00  PER 0.000  P(det)@0.05 naive/cfar power_one_sided 0.154/0.105 power_two_sided 0.152/0.104 kurtosis 0.051/0.051 spec_cnn 0.072/0.057  (8s)
    JSR  -25.0 dB  BER 0.00e+00  PER 0.000  P(det)@0.05 naive/cfar power_one_sided 0.195/0.148 power_two_sided 0.182/0.123 kurtosis 0.064/0.057 spec_cnn 0.062/0.053  (8s)
    JSR  -24.0 dB  BER 0.00e+00  PER 0.000  P(det)@0.05 naive/cfar power_one_sided 0.236/0.168 power_two_sided 0.193/0.152 kurtosis 0.059/0.055 spec_cnn 0.082/0.068  (8s)
    JSR  -23.0 dB  BER 0.00e+00  PER 0.000  P(det)@0.05 naive/cfar power_one_sided 0.264/0.227 power_two_sided 0.264/0.201 kurtosis 0.068/0.062 spec_cnn 0.129/0.104  (9s)
    JSR  -22.0 dB  BER 0.00e+00  PER 0.000  P(det)@0.05 naive/cfar power_one_sided 0.340/0.273 power_two_sided 0.312/0.248 kurtosis 0.064/0.059 spec_cnn 0.143/0.113  (9s)
    JSR  -21.0 dB  BER 0.00e+00  PER 0.000  P(det)@0.05 naive/cfar power_one_sided 0.387/0.309 power_two_sided 0.338/0.291 kurtosis 0.090/0.086 spec_cnn 0.131/0.107  (9s)
    JSR  -20.0 dB  BER 0.00e+00  PER 0.000  P(det)@0.05 naive/cfar power_one_sided 0.486/0.414 power_two_sided 0.432/0.354 kurtosis 0.094/0.090 spec_cnn 0.158/0.137  (9s)
    JSR  -19.0 dB  BER 7.63e-06  PER 0.002  P(det)@0.05 naive/cfar power_one_sided 0.572/0.520 power_two_sided 0.525/0.447 kurtosis 0.141/0.133 spec_cnn 0.182/0.150  (10s)
    JSR  -18.0 dB  BER 1.14e-04  PER 0.029  P(det)@0.05 naive/cfar power_one_sided 0.609/0.566 power_two_sided 0.590/0.541 kurtosis 0.168/0.162 spec_cnn 0.227/0.203  (10s)
    JSR  -17.0 dB  BER 2.44e-04  PER 0.062  P(det)@0.05 naive/cfar power_one_sided 0.730/0.680 power_two_sided 0.691/0.641 kurtosis 0.225/0.213 spec_cnn 0.246/0.205  (10s)
    JSR  -16.0 dB  BER 7.10e-04  PER 0.182  P(det)@0.05 naive/cfar power_one_sided 0.818/0.775 power_two_sided 0.779/0.736 kurtosis 0.299/0.291 spec_cnn 0.275/0.229  (11s)
    JSR  -15.0 dB  BER 1.18e-03  PER 0.299  P(det)@0.05 naive/cfar power_one_sided 0.863/0.830 power_two_sided 0.838/0.801 kurtosis 0.428/0.422 spec_cnn 0.334/0.291  (11s)
    JSR  -14.0 dB  BER 1.40e-03  PER 0.352  P(det)@0.05 naive/cfar power_one_sided 0.910/0.902 power_two_sided 0.908/0.889 kurtosis 0.564/0.561 spec_cnn 0.391/0.354  (11s)
    JSR  -13.0 dB  BER 1.74e-03  PER 0.418  P(det)@0.05 naive/cfar power_one_sided 0.961/0.949 power_two_sided 0.955/0.943 kurtosis 0.754/0.740 spec_cnn 0.453/0.418  (12s)
    JSR  -12.0 dB  BER 2.25e-03  PER 0.514  P(det)@0.05 naive/cfar power_one_sided 0.984/0.979 power_two_sided 0.979/0.979 kurtosis 0.855/0.846 spec_cnn 0.568/0.521  (12s)
    JSR  -11.0 dB  BER 2.56e-03  PER 0.568  P(det)@0.05 naive/cfar power_one_sided 0.998/0.994 power_two_sided 0.994/0.990 kurtosis 0.934/0.930 spec_cnn 0.613/0.572  (12s)
    JSR  -10.0 dB  BER 2.95e-03  PER 0.602  P(det)@0.05 naive/cfar power_one_sided 1.000/1.000 power_two_sided 1.000/1.000 kurtosis 0.971/0.971 spec_cnn 0.727/0.697  (13s)
    JSR   -9.0 dB  BER 3.49e-03  PER 0.662  P(det)@0.05 naive/cfar power_one_sided 1.000/1.000 power_two_sided 1.000/1.000 kurtosis 0.986/0.984 spec_cnn 0.801/0.760  (13s)
    JSR   -8.0 dB  BER 4.24e-03  PER 0.740  P(det)@0.05 naive/cfar power_one_sided 1.000/1.000 power_two_sided 1.000/1.000 kurtosis 0.998/0.998 spec_cnn 0.840/0.814  (13s)
    JSR   -7.0 dB  BER 5.87e-03  PER 0.842  P(det)@0.05 naive/cfar power_one_sided 1.000/1.000 power_two_sided 1.000/1.000 kurtosis 0.998/0.998 spec_cnn 0.928/0.910  (13s)
    JSR   -6.0 dB  BER 8.54e-03  PER 0.924  P(det)@0.05 naive/cfar power_one_sided 1.000/1.000 power_two_sided 1.000/1.000 kurtosis 1.000/1.000 spec_cnn 0.969/0.961  (14s)
    JSR   -5.0 dB  BER 1.40e-02  PER 0.977  P(det)@0.05 naive/cfar power_one_sided 1.000/1.000 power_two_sided 1.000/1.000 kurtosis 1.000/1.000 spec_cnn 0.998/0.998  (14s)
    JSR   -4.0 dB  BER 2.40e-02  PER 0.998  P(det)@0.05 naive/cfar power_one_sided 1.000/1.000 power_two_sided 1.000/1.000 kurtosis 1.000/1.000 spec_cnn 0.992/0.990  (14s)
    JSR   -3.0 dB  BER 3.77e-02  PER 1.000  P(det)@0.05 naive/cfar power_one_sided 1.000/1.000 power_two_sided 1.000/1.000 kurtosis 1.000/1.000 spec_cnn 1.000/1.000  (15s)
    JSR   -2.0 dB  BER 5.54e-02  PER 1.000  P(det)@0.05 naive/cfar power_one_sided 1.000/1.000 power_two_sided 1.000/1.000 kurtosis 1.000/1.000 spec_cnn 1.000/1.000  (15s)
    JSR   -1.0 dB  BER 7.77e-02  PER 1.000  P(det)@0.05 naive/cfar power_one_sided 1.000/1.000 power_two_sided 1.000/1.000 kurtosis 1.000/1.000 spec_cnn 1.000/1.000  (15s)
    JSR   +0.0 dB  BER 1.00e-01  PER 1.000  P(det)@0.05 naive/cfar power_one_sided 1.000/1.000 power_two_sided 1.000/1.000 kurtosis 1.000/1.000 spec_cnn 1.000/1.000  (16s)
    JSR   +1.0 dB  BER 1.26e-01  PER 1.000  P(det)@0.05 naive/cfar power_one_sided 1.000/1.000 power_two_sided 1.000/1.000 kurtosis 1.000/1.000 spec_cnn 1.000/1.000  (16s)
    JSR   +2.0 dB  BER 1.54e-01  PER 1.000  P(det)@0.05 naive/cfar power_one_sided 1.000/1.000 power_two_sided 1.000/1.000 kurtosis 1.000/1.000 spec_cnn 1.000/1.000  (16s)
    JSR   +3.0 dB  BER 1.80e-01  PER 1.000  P(det)@0.05 naive/cfar power_one_sided 1.000/1.000 power_two_sided 1.000/1.000 kurtosis 1.000/1.000 spec_cnn 1.000/1.000  (17s)
    JSR   +4.0 dB  BER 2.10e-01  PER 1.000  P(det)@0.05 naive/cfar power_one_sided 1.000/1.000 power_two_sided 1.000/1.000 kurtosis 1.000/1.000 spec_cnn 1.000/1.000  (17s)
    JSR   +5.0 dB  BER 2.34e-01  PER 1.000  P(det)@0.05 naive/cfar power_one_sided 1.000/1.000 power_two_sided 1.000/1.000 kurtosis 1.000/1.000 spec_cnn 1.000/1.000  (17s)
    JSR   +6.0 dB  BER 2.57e-01  PER 1.000  P(det)@0.05 naive/cfar power_one_sided 1.000/1.000 power_two_sided 1.000/1.000 kurtosis 1.000/1.000 spec_cnn 1.000/1.000  (17s)
    JSR   +7.0 dB  BER 2.79e-01  PER 1.000  P(det)@0.05 naive/cfar power_one_sided 1.000/1.000 power_two_sided 1.000/1.000 kurtosis 1.000/1.000 spec_cnn 1.000/1.000  (18s)
    JSR   +8.0 dB  BER 3.01e-01  PER 1.000  P(det)@0.05 naive/cfar power_one_sided 1.000/1.000 power_two_sided 1.000/1.000 kurtosis 1.000/1.000 spec_cnn 1.000/1.000  (18s)
    JSR   +9.0 dB  BER 3.23e-01  PER 1.000  P(det)@0.05 naive/cfar power_one_sided 1.000/1.000 power_two_sided 1.000/1.000 kurtosis 1.000/1.000 spec_cnn 1.000/1.000  (18s)
    JSR  +10.0 dB  BER 3.42e-01  PER 1.000  P(det)@0.05 naive/cfar power_one_sided 1.000/1.000 power_two_sided 1.000/1.000 kurtosis 1.000/1.000 spec_cnn 1.000/1.000  (19s)
    JSR  +11.0 dB  BER 3.56e-01  PER 1.000  P(det)@0.05 naive/cfar power_one_sided 1.000/1.000 power_two_sided 1.000/1.000 kurtosis 1.000/1.000 spec_cnn 1.000/1.000  (19s)
    JSR  +12.0 dB  BER 3.72e-01  PER 1.000  P(det)@0.05 naive/cfar power_one_sided 1.000/1.000 power_two_sided 1.000/1.000 kurtosis 1.000/1.000 spec_cnn 1.000/1.000  (19s)
    JSR  +13.0 dB  BER 3.87e-01  PER 1.000  P(det)@0.05 naive/cfar power_one_sided 1.000/1.000 power_two_sided 1.000/1.000 kurtosis 1.000/1.000 spec_cnn 1.000/1.000  (20s)
    JSR  +14.0 dB  BER 3.96e-01  PER 1.000  P(det)@0.05 naive/cfar power_one_sided 1.000/1.000 power_two_sided 1.000/1.000 kurtosis 1.000/1.000 spec_cnn 1.000/1.000  (20s)
    JSR  +15.0 dB  BER 4.09e-01  PER 1.000  P(det)@0.05 naive/cfar power_one_sided 1.000/1.000 power_two_sided 1.000/1.000 kurtosis 1.000/1.000 spec_cnn 1.000/1.000  (20s)
  [snr_15_unc_0.5] power_two_sided_b1000 done (1004s)
  [snr_15_unc_0.5] generator kurtosis_b1 (scale 1.0000)
    JSR  -50.0 dB  BER 0.00e+00  PER 0.000  P(det)@0.05 naive/cfar power_one_sided 0.100/0.057 power_two_sided 0.096/0.066 kurtosis 0.066/0.059 spec_cnn 0.066/0.057  (0s)
    JSR  -49.0 dB  BER 0.00e+00  PER 0.000  P(det)@0.05 naive/cfar power_one_sided 0.102/0.057 power_two_sided 0.092/0.055 kurtosis 0.053/0.047 spec_cnn 0.064/0.055  (1s)
    JSR  -48.0 dB  BER 0.00e+00  PER 0.000  P(det)@0.05 naive/cfar power_one_sided 0.096/0.068 power_two_sided 0.105/0.061 kurtosis 0.047/0.039 spec_cnn 0.084/0.066  (1s)
    JSR  -47.0 dB  BER 0.00e+00  PER 0.000  P(det)@0.05 naive/cfar power_one_sided 0.078/0.053 power_two_sided 0.082/0.043 kurtosis 0.057/0.045 spec_cnn 0.061/0.041  (1s)
    JSR  -46.0 dB  BER 0.00e+00  PER 0.000  P(det)@0.05 naive/cfar power_one_sided 0.109/0.074 power_two_sided 0.100/0.064 kurtosis 0.066/0.061 spec_cnn 0.094/0.070  (2s)
    JSR  -45.0 dB  BER 0.00e+00  PER 0.000  P(det)@0.05 naive/cfar power_one_sided 0.068/0.053 power_two_sided 0.104/0.055 kurtosis 0.061/0.059 spec_cnn 0.061/0.051  (2s)
    JSR  -44.0 dB  BER 0.00e+00  PER 0.000  P(det)@0.05 naive/cfar power_one_sided 0.076/0.049 power_two_sided 0.084/0.049 kurtosis 0.059/0.053 spec_cnn 0.041/0.033  (2s)
    JSR  -43.0 dB  BER 0.00e+00  PER 0.000  P(det)@0.05 naive/cfar power_one_sided 0.070/0.051 power_two_sided 0.086/0.043 kurtosis 0.062/0.062 spec_cnn 0.053/0.047  (2s)
    JSR  -42.0 dB  BER 0.00e+00  PER 0.000  P(det)@0.05 naive/cfar power_one_sided 0.086/0.053 power_two_sided 0.090/0.045 kurtosis 0.055/0.047 spec_cnn 0.070/0.053  (3s)
    JSR  -41.0 dB  BER 0.00e+00  PER 0.000  P(det)@0.05 naive/cfar power_one_sided 0.092/0.047 power_two_sided 0.090/0.045 kurtosis 0.045/0.041 spec_cnn 0.070/0.055  (3s)
    JSR  -40.0 dB  BER 0.00e+00  PER 0.000  P(det)@0.05 naive/cfar power_one_sided 0.090/0.059 power_two_sided 0.094/0.051 kurtosis 0.045/0.041 spec_cnn 0.064/0.045  (3s)
    JSR  -39.0 dB  BER 0.00e+00  PER 0.000  P(det)@0.05 naive/cfar power_one_sided 0.078/0.057 power_two_sided 0.098/0.057 kurtosis 0.045/0.037 spec_cnn 0.045/0.041  (4s)
    JSR  -38.0 dB  BER 0.00e+00  PER 0.000  P(det)@0.05 naive/cfar power_one_sided 0.080/0.059 power_two_sided 0.088/0.055 kurtosis 0.047/0.039 spec_cnn 0.066/0.043  (4s)
    JSR  -37.0 dB  BER 0.00e+00  PER 0.000  P(det)@0.05 naive/cfar power_one_sided 0.078/0.051 power_two_sided 0.092/0.057 kurtosis 0.051/0.051 spec_cnn 0.072/0.057  (4s)
    JSR  -36.0 dB  BER 0.00e+00  PER 0.000  P(det)@0.05 naive/cfar power_one_sided 0.098/0.068 power_two_sided 0.105/0.051 kurtosis 0.033/0.027 spec_cnn 0.068/0.053  (5s)
    JSR  -35.0 dB  BER 0.00e+00  PER 0.000  P(det)@0.05 naive/cfar power_one_sided 0.119/0.068 power_two_sided 0.096/0.072 kurtosis 0.062/0.057 spec_cnn 0.078/0.068  (5s)
    JSR  -34.0 dB  BER 0.00e+00  PER 0.000  P(det)@0.05 naive/cfar power_one_sided 0.092/0.059 power_two_sided 0.084/0.045 kurtosis 0.053/0.047 spec_cnn 0.082/0.064  (5s)
    JSR  -33.0 dB  BER 0.00e+00  PER 0.000  P(det)@0.05 naive/cfar power_one_sided 0.123/0.074 power_two_sided 0.117/0.062 kurtosis 0.045/0.041 spec_cnn 0.074/0.055  (6s)
    JSR  -32.0 dB  BER 0.00e+00  PER 0.000  P(det)@0.05 naive/cfar power_one_sided 0.088/0.059 power_two_sided 0.090/0.045 kurtosis 0.070/0.064 spec_cnn 0.082/0.072  (6s)
    JSR  -31.0 dB  BER 0.00e+00  PER 0.000  P(det)@0.05 naive/cfar power_one_sided 0.084/0.051 power_two_sided 0.088/0.049 kurtosis 0.049/0.043 spec_cnn 0.068/0.062  (6s)
    JSR  -30.0 dB  BER 0.00e+00  PER 0.000  P(det)@0.05 naive/cfar power_one_sided 0.092/0.068 power_two_sided 0.100/0.064 kurtosis 0.051/0.047 spec_cnn 0.068/0.059  (6s)
    JSR  -29.0 dB  BER 0.00e+00  PER 0.000  P(det)@0.05 naive/cfar power_one_sided 0.121/0.078 power_two_sided 0.111/0.080 kurtosis 0.043/0.039 spec_cnn 0.066/0.055  (7s)
    JSR  -28.0 dB  BER 0.00e+00  PER 0.000  P(det)@0.05 naive/cfar power_one_sided 0.123/0.084 power_two_sided 0.105/0.072 kurtosis 0.047/0.043 spec_cnn 0.090/0.066  (7s)
    JSR  -27.0 dB  BER 0.00e+00  PER 0.000  P(det)@0.05 naive/cfar power_one_sided 0.156/0.109 power_two_sided 0.129/0.094 kurtosis 0.057/0.047 spec_cnn 0.070/0.055  (7s)
    JSR  -26.0 dB  BER 0.00e+00  PER 0.000  P(det)@0.05 naive/cfar power_one_sided 0.145/0.100 power_two_sided 0.137/0.068 kurtosis 0.064/0.061 spec_cnn 0.104/0.068  (8s)
    JSR  -25.0 dB  BER 0.00e+00  PER 0.000  P(det)@0.05 naive/cfar power_one_sided 0.203/0.146 power_two_sided 0.160/0.100 kurtosis 0.066/0.061 spec_cnn 0.115/0.094  (8s)
    JSR  -24.0 dB  BER 0.00e+00  PER 0.000  P(det)@0.05 naive/cfar power_one_sided 0.189/0.133 power_two_sided 0.158/0.113 kurtosis 0.068/0.064 spec_cnn 0.096/0.078  (8s)
    JSR  -23.0 dB  BER 0.00e+00  PER 0.000  P(det)@0.05 naive/cfar power_one_sided 0.244/0.193 power_two_sided 0.211/0.129 kurtosis 0.053/0.051 spec_cnn 0.137/0.096  (9s)
    JSR  -22.0 dB  BER 0.00e+00  PER 0.000  P(det)@0.05 naive/cfar power_one_sided 0.279/0.201 power_two_sided 0.201/0.146 kurtosis 0.076/0.072 spec_cnn 0.152/0.123  (9s)
    JSR  -21.0 dB  BER 0.00e+00  PER 0.000  P(det)@0.05 naive/cfar power_one_sided 0.348/0.270 power_two_sided 0.285/0.223 kurtosis 0.098/0.092 spec_cnn 0.189/0.158  (9s)
    JSR  -20.0 dB  BER 1.53e-05  PER 0.004  P(det)@0.05 naive/cfar power_one_sided 0.443/0.369 power_two_sided 0.379/0.311 kurtosis 0.098/0.092 spec_cnn 0.205/0.158  (9s)
    JSR  -19.0 dB  BER 1.22e-04  PER 0.031  P(det)@0.05 naive/cfar power_one_sided 0.578/0.504 power_two_sided 0.510/0.428 kurtosis 0.125/0.119 spec_cnn 0.291/0.238  (10s)
    JSR  -18.0 dB  BER 2.98e-04  PER 0.076  P(det)@0.05 naive/cfar power_one_sided 0.664/0.582 power_two_sided 0.580/0.496 kurtosis 0.227/0.215 spec_cnn 0.350/0.299  (10s)
    JSR  -17.0 dB  BER 6.79e-04  PER 0.174  P(det)@0.05 naive/cfar power_one_sided 0.771/0.729 power_two_sided 0.725/0.662 kurtosis 0.297/0.283 spec_cnn 0.498/0.424  (10s)
    JSR  -16.0 dB  BER 1.09e-03  PER 0.275  P(det)@0.05 naive/cfar power_one_sided 0.863/0.832 power_two_sided 0.824/0.773 kurtosis 0.346/0.332 spec_cnn 0.557/0.498  (11s)
    JSR  -15.0 dB  BER 1.30e-03  PER 0.324  P(det)@0.05 naive/cfar power_one_sided 0.941/0.912 power_two_sided 0.910/0.877 kurtosis 0.529/0.510 spec_cnn 0.764/0.709  (11s)
    JSR  -14.0 dB  BER 1.98e-03  PER 0.473  P(det)@0.05 naive/cfar power_one_sided 0.961/0.949 power_two_sided 0.947/0.938 kurtosis 0.596/0.588 spec_cnn 0.854/0.822  (11s)
    JSR  -13.0 dB  BER 2.17e-03  PER 0.490  P(det)@0.05 naive/cfar power_one_sided 0.998/0.994 power_two_sided 0.994/0.990 kurtosis 0.730/0.725 spec_cnn 0.959/0.924  (12s)
    JSR  -12.0 dB  BER 2.76e-03  PER 0.576  P(det)@0.05 naive/cfar power_one_sided 0.998/0.998 power_two_sided 0.998/0.998 kurtosis 0.816/0.809 spec_cnn 0.986/0.980  (12s)
    JSR  -11.0 dB  BER 3.39e-03  PER 0.650  P(det)@0.05 naive/cfar power_one_sided 1.000/1.000 power_two_sided 1.000/1.000 kurtosis 0.908/0.908 spec_cnn 1.000/0.998  (12s)
    JSR  -10.0 dB  BER 3.89e-03  PER 0.682  P(det)@0.05 naive/cfar power_one_sided 1.000/1.000 power_two_sided 1.000/1.000 kurtosis 0.969/0.965 spec_cnn 1.000/1.000  (13s)
    JSR   -9.0 dB  BER 4.46e-03  PER 0.721  P(det)@0.05 naive/cfar power_one_sided 1.000/1.000 power_two_sided 1.000/1.000 kurtosis 0.990/0.988 spec_cnn 1.000/1.000  (13s)
    JSR   -8.0 dB  BER 5.21e-03  PER 0.818  P(det)@0.05 naive/cfar power_one_sided 1.000/1.000 power_two_sided 1.000/1.000 kurtosis 0.998/0.998 spec_cnn 1.000/1.000  (13s)
    JSR   -7.0 dB  BER 5.67e-03  PER 0.824  P(det)@0.05 naive/cfar power_one_sided 1.000/1.000 power_two_sided 1.000/1.000 kurtosis 1.000/1.000 spec_cnn 1.000/1.000  (13s)
    JSR   -6.0 dB  BER 6.13e-03  PER 0.832  P(det)@0.05 naive/cfar power_one_sided 1.000/1.000 power_two_sided 1.000/1.000 kurtosis 1.000/1.000 spec_cnn 1.000/1.000  (14s)
    JSR   -5.0 dB  BER 6.87e-03  PER 0.883  P(det)@0.05 naive/cfar power_one_sided 1.000/1.000 power_two_sided 1.000/1.000 kurtosis 1.000/1.000 spec_cnn 1.000/1.000  (14s)
    JSR   -4.0 dB  BER 7.47e-03  PER 0.912  P(det)@0.05 naive/cfar power_one_sided 1.000/1.000 power_two_sided 1.000/1.000 kurtosis 1.000/1.000 spec_cnn 1.000/1.000  (14s)
    JSR   -3.0 dB  BER 7.70e-03  PER 0.885  P(det)@0.05 naive/cfar power_one_sided 1.000/1.000 power_two_sided 1.000/1.000 kurtosis 1.000/1.000 spec_cnn 1.000/1.000  (15s)
    JSR   -2.0 dB  BER 8.56e-03  PER 0.924  P(det)@0.05 naive/cfar power_one_sided 1.000/1.000 power_two_sided 1.000/1.000 kurtosis 1.000/1.000 spec_cnn 1.000/1.000  (15s)
    JSR   -1.0 dB  BER 9.13e-03  PER 0.943  P(det)@0.05 naive/cfar power_one_sided 1.000/1.000 power_two_sided 1.000/1.000 kurtosis 1.000/1.000 spec_cnn 1.000/1.000  (15s)
    JSR   +0.0 dB  BER 1.05e-02  PER 0.955  P(det)@0.05 naive/cfar power_one_sided 1.000/1.000 power_two_sided 1.000/1.000 kurtosis 1.000/1.000 spec_cnn 1.000/1.000  (16s)
    JSR   +1.0 dB  BER 1.17e-02  PER 0.971  P(det)@0.05 naive/cfar power_one_sided 1.000/1.000 power_two_sided 1.000/1.000 kurtosis 1.000/1.000 spec_cnn 1.000/1.000  (16s)
    JSR   +2.0 dB  BER 1.43e-02  PER 0.988  P(det)@0.05 naive/cfar power_one_sided 1.000/1.000 power_two_sided 1.000/1.000 kurtosis 1.000/1.000 spec_cnn 1.000/1.000  (16s)
    JSR   +3.0 dB  BER 1.76e-02  PER 0.984  P(det)@0.05 naive/cfar power_one_sided 1.000/1.000 power_two_sided 1.000/1.000 kurtosis 1.000/1.000 spec_cnn 1.000/1.000  (17s)
    JSR   +4.0 dB  BER 2.40e-02  PER 1.000  P(det)@0.05 naive/cfar power_one_sided 1.000/1.000 power_two_sided 1.000/1.000 kurtosis 1.000/1.000 spec_cnn 1.000/1.000  (17s)
    JSR   +5.0 dB  BER 3.41e-02  PER 1.000  P(det)@0.05 naive/cfar power_one_sided 1.000/1.000 power_two_sided 1.000/1.000 kurtosis 1.000/1.000 spec_cnn 1.000/1.000  (17s)
    JSR   +6.0 dB  BER 4.75e-02  PER 1.000  P(det)@0.05 naive/cfar power_one_sided 1.000/1.000 power_two_sided 1.000/1.000 kurtosis 1.000/1.000 spec_cnn 1.000/1.000  (17s)
    JSR   +7.0 dB  BER 6.37e-02  PER 1.000  P(det)@0.05 naive/cfar power_one_sided 1.000/1.000 power_two_sided 1.000/1.000 kurtosis 1.000/1.000 spec_cnn 1.000/1.000  (18s)
    JSR   +8.0 dB  BER 8.70e-02  PER 1.000  P(det)@0.05 naive/cfar power_one_sided 1.000/1.000 power_two_sided 1.000/1.000 kurtosis 1.000/1.000 spec_cnn 1.000/1.000  (18s)
    JSR   +9.0 dB  BER 1.12e-01  PER 1.000  P(det)@0.05 naive/cfar power_one_sided 1.000/1.000 power_two_sided 1.000/1.000 kurtosis 1.000/1.000 spec_cnn 1.000/1.000  (18s)
    JSR  +10.0 dB  BER 1.36e-01  PER 1.000  P(det)@0.05 naive/cfar power_one_sided 1.000/1.000 power_two_sided 1.000/1.000 kurtosis 1.000/1.000 spec_cnn 1.000/1.000  (19s)
    JSR  +11.0 dB  BER 1.63e-01  PER 1.000  P(det)@0.05 naive/cfar power_one_sided 1.000/1.000 power_two_sided 1.000/1.000 kurtosis 1.000/1.000 spec_cnn 1.000/1.000  (19s)
    JSR  +12.0 dB  BER 1.89e-01  PER 1.000  P(det)@0.05 naive/cfar power_one_sided 1.000/1.000 power_two_sided 1.000/1.000 kurtosis 1.000/1.000 spec_cnn 1.000/1.000  (19s)
    JSR  +13.0 dB  BER 2.15e-01  PER 1.000  P(det)@0.05 naive/cfar power_one_sided 1.000/1.000 power_two_sided 1.000/1.000 kurtosis 1.000/1.000 spec_cnn 1.000/1.000  (20s)
    JSR  +14.0 dB  BER 2.39e-01  PER 1.000  P(det)@0.05 naive/cfar power_one_sided 1.000/1.000 power_two_sided 1.000/1.000 kurtosis 1.000/1.000 spec_cnn 1.000/1.000  (20s)
    JSR  +15.0 dB  BER 2.64e-01  PER 1.000  P(det)@0.05 naive/cfar power_one_sided 1.000/1.000 power_two_sided 1.000/1.000 kurtosis 1.000/1.000 spec_cnn 1.000/1.000  (20s)
  [snr_15_unc_0.5] kurtosis_b1 done (1061s)
  [snr_15_unc_0.5] generator kurtosis_b10 (scale 1.0000)
    JSR  -50.0 dB  BER 0.00e+00  PER 0.000  P(det)@0.05 naive/cfar power_one_sided 0.096/0.051 power_two_sided 0.088/0.051 kurtosis 0.064/0.055 spec_cnn 0.066/0.059  (0s)
    JSR  -49.0 dB  BER 0.00e+00  PER 0.000  P(det)@0.05 naive/cfar power_one_sided 0.080/0.049 power_two_sided 0.096/0.043 kurtosis 0.047/0.041 spec_cnn 0.074/0.051  (1s)
    JSR  -48.0 dB  BER 0.00e+00  PER 0.000  P(det)@0.05 naive/cfar power_one_sided 0.084/0.047 power_two_sided 0.084/0.041 kurtosis 0.049/0.047 spec_cnn 0.070/0.057  (1s)
    JSR  -47.0 dB  BER 0.00e+00  PER 0.000  P(det)@0.05 naive/cfar power_one_sided 0.064/0.035 power_two_sided 0.062/0.031 kurtosis 0.049/0.045 spec_cnn 0.045/0.033  (1s)
    JSR  -46.0 dB  BER 0.00e+00  PER 0.000  P(det)@0.05 naive/cfar power_one_sided 0.062/0.037 power_two_sided 0.074/0.043 kurtosis 0.070/0.064 spec_cnn 0.049/0.045  (2s)
    JSR  -45.0 dB  BER 0.00e+00  PER 0.000  P(det)@0.05 naive/cfar power_one_sided 0.072/0.047 power_two_sided 0.092/0.051 kurtosis 0.066/0.064 spec_cnn 0.062/0.045  (2s)
    JSR  -44.0 dB  BER 0.00e+00  PER 0.000  P(det)@0.05 naive/cfar power_one_sided 0.100/0.062 power_two_sided 0.104/0.057 kurtosis 0.035/0.035 spec_cnn 0.049/0.029  (2s)
    JSR  -43.0 dB  BER 0.00e+00  PER 0.000  P(det)@0.05 naive/cfar power_one_sided 0.066/0.051 power_two_sided 0.088/0.059 kurtosis 0.053/0.041 spec_cnn 0.064/0.043  (2s)
    JSR  -42.0 dB  BER 0.00e+00  PER 0.000  P(det)@0.05 naive/cfar power_one_sided 0.105/0.070 power_two_sided 0.105/0.068 kurtosis 0.043/0.039 spec_cnn 0.049/0.033  (3s)
    JSR  -41.0 dB  BER 0.00e+00  PER 0.000  P(det)@0.05 naive/cfar power_one_sided 0.076/0.043 power_two_sided 0.086/0.047 kurtosis 0.053/0.051 spec_cnn 0.039/0.035  (3s)
    JSR  -40.0 dB  BER 0.00e+00  PER 0.000  P(det)@0.05 naive/cfar power_one_sided 0.092/0.057 power_two_sided 0.084/0.041 kurtosis 0.043/0.043 spec_cnn 0.066/0.047  (3s)
    JSR  -39.0 dB  BER 0.00e+00  PER 0.000  P(det)@0.05 naive/cfar power_one_sided 0.102/0.061 power_two_sided 0.090/0.049 kurtosis 0.053/0.049 spec_cnn 0.086/0.059  (4s)
    JSR  -38.0 dB  BER 0.00e+00  PER 0.000  P(det)@0.05 naive/cfar power_one_sided 0.107/0.080 power_two_sided 0.115/0.055 kurtosis 0.053/0.045 spec_cnn 0.057/0.047  (4s)
    JSR  -37.0 dB  BER 0.00e+00  PER 0.000  P(det)@0.05 naive/cfar power_one_sided 0.076/0.041 power_two_sided 0.074/0.037 kurtosis 0.049/0.045 spec_cnn 0.064/0.043  (4s)
    JSR  -36.0 dB  BER 0.00e+00  PER 0.000  P(det)@0.05 naive/cfar power_one_sided 0.090/0.064 power_two_sided 0.102/0.053 kurtosis 0.068/0.061 spec_cnn 0.074/0.057  (5s)
    JSR  -35.0 dB  BER 0.00e+00  PER 0.000  P(det)@0.05 naive/cfar power_one_sided 0.090/0.059 power_two_sided 0.084/0.045 kurtosis 0.062/0.055 spec_cnn 0.061/0.047  (5s)
    JSR  -34.0 dB  BER 0.00e+00  PER 0.000  P(det)@0.05 naive/cfar power_one_sided 0.078/0.049 power_two_sided 0.092/0.043 kurtosis 0.027/0.025 spec_cnn 0.072/0.051  (5s)
    JSR  -33.0 dB  BER 0.00e+00  PER 0.000  P(det)@0.05 naive/cfar power_one_sided 0.102/0.074 power_two_sided 0.105/0.062 kurtosis 0.064/0.057 spec_cnn 0.072/0.049  (6s)
    JSR  -32.0 dB  BER 0.00e+00  PER 0.000  P(det)@0.05 naive/cfar power_one_sided 0.076/0.045 power_two_sided 0.072/0.055 kurtosis 0.049/0.045 spec_cnn 0.039/0.033  (6s)
    JSR  -31.0 dB  BER 0.00e+00  PER 0.000  P(det)@0.05 naive/cfar power_one_sided 0.111/0.059 power_two_sided 0.080/0.055 kurtosis 0.059/0.053 spec_cnn 0.066/0.055  (6s)
    JSR  -30.0 dB  BER 0.00e+00  PER 0.000  P(det)@0.05 naive/cfar power_one_sided 0.123/0.072 power_two_sided 0.104/0.053 kurtosis 0.045/0.041 spec_cnn 0.053/0.045  (6s)
    JSR  -29.0 dB  BER 0.00e+00  PER 0.000  P(det)@0.05 naive/cfar power_one_sided 0.143/0.100 power_two_sided 0.111/0.074 kurtosis 0.062/0.059 spec_cnn 0.074/0.059  (7s)
    JSR  -28.0 dB  BER 0.00e+00  PER 0.000  P(det)@0.05 naive/cfar power_one_sided 0.133/0.086 power_two_sided 0.104/0.066 kurtosis 0.059/0.059 spec_cnn 0.064/0.047  (7s)
    JSR  -27.0 dB  BER 0.00e+00  PER 0.000  P(det)@0.05 naive/cfar power_one_sided 0.160/0.109 power_two_sided 0.137/0.080 kurtosis 0.053/0.053 spec_cnn 0.068/0.057  (7s)
    JSR  -26.0 dB  BER 0.00e+00  PER 0.000  P(det)@0.05 naive/cfar power_one_sided 0.221/0.154 power_two_sided 0.172/0.109 kurtosis 0.064/0.062 spec_cnn 0.068/0.057  (8s)
    JSR  -25.0 dB  BER 0.00e+00  PER 0.000  P(det)@0.05 naive/cfar power_one_sided 0.262/0.189 power_two_sided 0.213/0.141 kurtosis 0.064/0.059 spec_cnn 0.088/0.068  (8s)
    JSR  -24.0 dB  BER 0.00e+00  PER 0.000  P(det)@0.05 naive/cfar power_one_sided 0.268/0.199 power_two_sided 0.199/0.150 kurtosis 0.062/0.061 spec_cnn 0.080/0.068  (8s)
    JSR  -23.0 dB  BER 0.00e+00  PER 0.000  P(det)@0.05 naive/cfar power_one_sided 0.361/0.283 power_two_sided 0.287/0.209 kurtosis 0.057/0.049 spec_cnn 0.098/0.074  (9s)
    JSR  -22.0 dB  BER 0.00e+00  PER 0.000  P(det)@0.05 naive/cfar power_one_sided 0.424/0.348 power_two_sided 0.361/0.297 kurtosis 0.035/0.031 spec_cnn 0.119/0.094  (9s)
    JSR  -21.0 dB  BER 5.34e-05  PER 0.014  P(det)@0.05 naive/cfar power_one_sided 0.525/0.453 power_two_sided 0.453/0.365 kurtosis 0.068/0.059 spec_cnn 0.170/0.133  (9s)
    JSR  -20.0 dB  BER 8.39e-05  PER 0.021  P(det)@0.05 naive/cfar power_one_sided 0.615/0.537 power_two_sided 0.535/0.461 kurtosis 0.051/0.047 spec_cnn 0.125/0.111  (9s)
    JSR  -19.0 dB  BER 3.36e-04  PER 0.086  P(det)@0.05 naive/cfar power_one_sided 0.742/0.686 power_two_sided 0.684/0.602 kurtosis 0.062/0.062 spec_cnn 0.189/0.156  (10s)
    JSR  -18.0 dB  BER 6.26e-04  PER 0.160  P(det)@0.05 naive/cfar power_one_sided 0.855/0.811 power_two_sided 0.811/0.758 kurtosis 0.061/0.057 spec_cnn 0.197/0.172  (10s)
    JSR  -17.0 dB  BER 9.54e-04  PER 0.242  P(det)@0.05 naive/cfar power_one_sided 0.939/0.914 power_two_sided 0.912/0.889 kurtosis 0.100/0.094 spec_cnn 0.293/0.236  (10s)
    JSR  -16.0 dB  BER 1.33e-03  PER 0.330  P(det)@0.05 naive/cfar power_one_sided 0.980/0.965 power_two_sided 0.965/0.957 kurtosis 0.172/0.162 spec_cnn 0.357/0.303  (11s)
    JSR  -15.0 dB  BER 1.87e-03  PER 0.438  P(det)@0.05 naive/cfar power_one_sided 0.994/0.992 power_two_sided 0.992/0.990 kurtosis 0.254/0.244 spec_cnn 0.469/0.406  (11s)
    JSR  -14.0 dB  BER 2.29e-03  PER 0.504  P(det)@0.05 naive/cfar power_one_sided 1.000/0.998 power_two_sided 0.998/0.998 kurtosis 0.424/0.420 spec_cnn 0.508/0.436  (11s)
    JSR  -13.0 dB  BER 2.90e-03  PER 0.596  P(det)@0.05 naive/cfar power_one_sided 1.000/1.000 power_two_sided 1.000/1.000 kurtosis 0.584/0.576 spec_cnn 0.666/0.615  (12s)
    JSR  -12.0 dB  BER 3.60e-03  PER 0.676  P(det)@0.05 naive/cfar power_one_sided 1.000/1.000 power_two_sided 1.000/1.000 kurtosis 0.754/0.744 spec_cnn 0.814/0.768  (12s)
    JSR  -11.0 dB  BER 4.22e-03  PER 0.721  P(det)@0.05 naive/cfar power_one_sided 1.000/1.000 power_two_sided 1.000/1.000 kurtosis 0.908/0.904 spec_cnn 0.881/0.850  (12s)
    JSR  -10.0 dB  BER 4.94e-03  PER 0.770  P(det)@0.05 naive/cfar power_one_sided 1.000/1.000 power_two_sided 1.000/1.000 kurtosis 0.980/0.979 spec_cnn 0.963/0.951  (13s)
    JSR   -9.0 dB  BER 5.41e-03  PER 0.805  P(det)@0.05 naive/cfar power_one_sided 1.000/1.000 power_two_sided 1.000/1.000 kurtosis 0.998/0.998 spec_cnn 0.986/0.979  (13s)
    JSR   -8.0 dB  BER 6.14e-03  PER 0.844  P(det)@0.05 naive/cfar power_one_sided 1.000/1.000 power_two_sided 1.000/1.000 kurtosis 1.000/1.000 spec_cnn 1.000/1.000  (13s)
    JSR   -7.0 dB  BER 6.82e-03  PER 0.861  P(det)@0.05 naive/cfar power_one_sided 1.000/1.000 power_two_sided 1.000/1.000 kurtosis 1.000/1.000 spec_cnn 1.000/1.000  (13s)
    JSR   -6.0 dB  BER 7.54e-03  PER 0.879  P(det)@0.05 naive/cfar power_one_sided 1.000/1.000 power_two_sided 1.000/1.000 kurtosis 1.000/1.000 spec_cnn 1.000/1.000  (14s)
    JSR   -5.0 dB  BER 8.31e-03  PER 0.908  P(det)@0.05 naive/cfar power_one_sided 1.000/1.000 power_two_sided 1.000/1.000 kurtosis 1.000/1.000 spec_cnn 1.000/1.000  (14s)
    JSR   -4.0 dB  BER 8.81e-03  PER 0.932  P(det)@0.05 naive/cfar power_one_sided 1.000/1.000 power_two_sided 1.000/1.000 kurtosis 1.000/1.000 spec_cnn 1.000/1.000  (14s)
    JSR   -3.0 dB  BER 9.28e-03  PER 0.922  P(det)@0.05 naive/cfar power_one_sided 1.000/1.000 power_two_sided 1.000/1.000 kurtosis 1.000/1.000 spec_cnn 1.000/1.000  (15s)
    JSR   -2.0 dB  BER 9.78e-03  PER 0.920  P(det)@0.05 naive/cfar power_one_sided 1.000/1.000 power_two_sided 1.000/1.000 kurtosis 1.000/1.000 spec_cnn 1.000/1.000  (15s)
    JSR   -1.0 dB  BER 1.09e-02  PER 0.967  P(det)@0.05 naive/cfar power_one_sided 1.000/1.000 power_two_sided 1.000/1.000 kurtosis 1.000/1.000 spec_cnn 1.000/1.000  (15s)
    JSR   +0.0 dB  BER 1.19e-02  PER 0.961  P(det)@0.05 naive/cfar power_one_sided 1.000/1.000 power_two_sided 1.000/1.000 kurtosis 1.000/1.000 spec_cnn 1.000/1.000  (16s)
    JSR   +1.0 dB  BER 1.26e-02  PER 0.977  P(det)@0.05 naive/cfar power_one_sided 1.000/1.000 power_two_sided 1.000/1.000 kurtosis 1.000/1.000 spec_cnn 1.000/1.000  (16s)
    JSR   +2.0 dB  BER 1.42e-02  PER 0.994  P(det)@0.05 naive/cfar power_one_sided 1.000/1.000 power_two_sided 1.000/1.000 kurtosis 1.000/1.000 spec_cnn 1.000/1.000  (16s)
    JSR   +3.0 dB  BER 1.55e-02  PER 0.996  P(det)@0.05 naive/cfar power_one_sided 1.000/1.000 power_two_sided 1.000/1.000 kurtosis 1.000/1.000 spec_cnn 1.000/1.000  (17s)
    JSR   +4.0 dB  BER 1.73e-02  PER 0.998  P(det)@0.05 naive/cfar power_one_sided 1.000/1.000 power_two_sided 1.000/1.000 kurtosis 1.000/1.000 spec_cnn 1.000/1.000  (17s)
    JSR   +5.0 dB  BER 2.02e-02  PER 0.996  P(det)@0.05 naive/cfar power_one_sided 1.000/1.000 power_two_sided 1.000/1.000 kurtosis 1.000/1.000 spec_cnn 1.000/1.000  (17s)
    JSR   +6.0 dB  BER 2.53e-02  PER 1.000  P(det)@0.05 naive/cfar power_one_sided 1.000/1.000 power_two_sided 1.000/1.000 kurtosis 1.000/1.000 spec_cnn 1.000/1.000  (17s)
    JSR   +7.0 dB  BER 3.06e-02  PER 1.000  P(det)@0.05 naive/cfar power_one_sided 1.000/1.000 power_two_sided 1.000/1.000 kurtosis 1.000/1.000 spec_cnn 1.000/1.000  (18s)
    JSR   +8.0 dB  BER 4.11e-02  PER 1.000  P(det)@0.05 naive/cfar power_one_sided 1.000/1.000 power_two_sided 1.000/1.000 kurtosis 1.000/1.000 spec_cnn 1.000/1.000  (18s)
    JSR   +9.0 dB  BER 5.48e-02  PER 1.000  P(det)@0.05 naive/cfar power_one_sided 1.000/1.000 power_two_sided 1.000/1.000 kurtosis 1.000/1.000 spec_cnn 1.000/1.000  (18s)
    JSR  +10.0 dB  BER 6.70e-02  PER 1.000  P(det)@0.05 naive/cfar power_one_sided 1.000/1.000 power_two_sided 1.000/1.000 kurtosis 1.000/1.000 spec_cnn 1.000/1.000  (19s)
    JSR  +11.0 dB  BER 9.22e-02  PER 1.000  P(det)@0.05 naive/cfar power_one_sided 1.000/1.000 power_two_sided 1.000/1.000 kurtosis 1.000/1.000 spec_cnn 1.000/1.000  (19s)
    JSR  +12.0 dB  BER 1.10e-01  PER 1.000  P(det)@0.05 naive/cfar power_one_sided 1.000/1.000 power_two_sided 1.000/1.000 kurtosis 1.000/1.000 spec_cnn 1.000/1.000  (19s)
    JSR  +13.0 dB  BER 1.34e-01  PER 1.000  P(det)@0.05 naive/cfar power_one_sided 1.000/1.000 power_two_sided 1.000/1.000 kurtosis 1.000/1.000 spec_cnn 1.000/1.000  (20s)
    JSR  +14.0 dB  BER 1.62e-01  PER 1.000  P(det)@0.05 naive/cfar power_one_sided 1.000/1.000 power_two_sided 1.000/1.000 kurtosis 1.000/1.000 spec_cnn 1.000/1.000  (20s)
    JSR  +15.0 dB  BER 1.85e-01  PER 1.000  P(det)@0.05 naive/cfar power_one_sided 1.000/1.000 power_two_sided 1.000/1.000 kurtosis 1.000/1.000 spec_cnn 1.000/1.000  (20s)
  [snr_15_unc_0.5] kurtosis_b10 done (1121s)
  [snr_15_unc_0.5] generator kurtosis_b100 (scale 1.0000)
    JSR  -50.0 dB  BER 0.00e+00  PER 0.000  P(det)@0.05 naive/cfar power_one_sided 0.070/0.035 power_two_sided 0.066/0.031 kurtosis 0.049/0.043 spec_cnn 0.068/0.049  (0s)
    JSR  -49.0 dB  BER 0.00e+00  PER 0.000  P(det)@0.05 naive/cfar power_one_sided 0.080/0.053 power_two_sided 0.096/0.059 kurtosis 0.062/0.057 spec_cnn 0.094/0.076  (1s)
    JSR  -48.0 dB  BER 0.00e+00  PER 0.000  P(det)@0.05 naive/cfar power_one_sided 0.092/0.062 power_two_sided 0.096/0.049 kurtosis 0.076/0.074 spec_cnn 0.066/0.053  (1s)
    JSR  -47.0 dB  BER 0.00e+00  PER 0.000  P(det)@0.05 naive/cfar power_one_sided 0.076/0.051 power_two_sided 0.100/0.051 kurtosis 0.051/0.047 spec_cnn 0.057/0.051  (1s)
    JSR  -46.0 dB  BER 0.00e+00  PER 0.000  P(det)@0.05 naive/cfar power_one_sided 0.088/0.053 power_two_sided 0.090/0.055 kurtosis 0.057/0.055 spec_cnn 0.068/0.057  (2s)
    JSR  -45.0 dB  BER 0.00e+00  PER 0.000  P(det)@0.05 naive/cfar power_one_sided 0.094/0.064 power_two_sided 0.113/0.057 kurtosis 0.076/0.068 spec_cnn 0.080/0.064  (2s)
    JSR  -44.0 dB  BER 0.00e+00  PER 0.000  P(det)@0.05 naive/cfar power_one_sided 0.080/0.053 power_two_sided 0.076/0.047 kurtosis 0.043/0.041 spec_cnn 0.061/0.049  (2s)
    JSR  -43.0 dB  BER 0.00e+00  PER 0.000  P(det)@0.05 naive/cfar power_one_sided 0.055/0.035 power_two_sided 0.064/0.029 kurtosis 0.029/0.027 spec_cnn 0.061/0.049  (2s)
    JSR  -42.0 dB  BER 0.00e+00  PER 0.000  P(det)@0.05 naive/cfar power_one_sided 0.066/0.043 power_two_sided 0.084/0.062 kurtosis 0.064/0.055 spec_cnn 0.066/0.045  (3s)
    JSR  -41.0 dB  BER 0.00e+00  PER 0.000  P(det)@0.05 naive/cfar power_one_sided 0.080/0.053 power_two_sided 0.096/0.053 kurtosis 0.059/0.053 spec_cnn 0.078/0.062  (3s)
    JSR  -40.0 dB  BER 0.00e+00  PER 0.000  P(det)@0.05 naive/cfar power_one_sided 0.105/0.074 power_two_sided 0.127/0.076 kurtosis 0.061/0.055 spec_cnn 0.062/0.049  (3s)
    JSR  -39.0 dB  BER 0.00e+00  PER 0.000  P(det)@0.05 naive/cfar power_one_sided 0.070/0.035 power_two_sided 0.066/0.051 kurtosis 0.035/0.031 spec_cnn 0.068/0.053  (4s)
    JSR  -38.0 dB  BER 0.00e+00  PER 0.000  P(det)@0.05 naive/cfar power_one_sided 0.084/0.068 power_two_sided 0.105/0.061 kurtosis 0.057/0.053 spec_cnn 0.055/0.045  (4s)
    JSR  -37.0 dB  BER 0.00e+00  PER 0.000  P(det)@0.05 naive/cfar power_one_sided 0.086/0.059 power_two_sided 0.098/0.053 kurtosis 0.045/0.035 spec_cnn 0.076/0.061  (4s)
    JSR  -36.0 dB  BER 0.00e+00  PER 0.000  P(det)@0.05 naive/cfar power_one_sided 0.064/0.043 power_two_sided 0.082/0.041 kurtosis 0.072/0.068 spec_cnn 0.051/0.033  (5s)
    JSR  -35.0 dB  BER 0.00e+00  PER 0.000  P(det)@0.05 naive/cfar power_one_sided 0.092/0.037 power_two_sided 0.068/0.037 kurtosis 0.057/0.053 spec_cnn 0.057/0.041  (5s)
    JSR  -34.0 dB  BER 0.00e+00  PER 0.000  P(det)@0.05 naive/cfar power_one_sided 0.104/0.064 power_two_sided 0.096/0.070 kurtosis 0.045/0.043 spec_cnn 0.064/0.051  (5s)
    JSR  -33.0 dB  BER 0.00e+00  PER 0.000  P(det)@0.05 naive/cfar power_one_sided 0.100/0.064 power_two_sided 0.117/0.068 kurtosis 0.053/0.045 spec_cnn 0.076/0.061  (5s)
    JSR  -32.0 dB  BER 0.00e+00  PER 0.000  P(det)@0.05 naive/cfar power_one_sided 0.100/0.057 power_two_sided 0.092/0.055 kurtosis 0.066/0.059 spec_cnn 0.076/0.062  (6s)
    JSR  -31.0 dB  BER 0.00e+00  PER 0.000  P(det)@0.05 naive/cfar power_one_sided 0.107/0.066 power_two_sided 0.113/0.070 kurtosis 0.047/0.045 spec_cnn 0.059/0.055  (6s)
    JSR  -30.0 dB  BER 0.00e+00  PER 0.000  P(det)@0.05 naive/cfar power_one_sided 0.113/0.062 power_two_sided 0.098/0.068 kurtosis 0.059/0.059 spec_cnn 0.074/0.062  (6s)
    JSR  -29.0 dB  BER 0.00e+00  PER 0.000  P(det)@0.05 naive/cfar power_one_sided 0.129/0.076 power_two_sided 0.102/0.062 kurtosis 0.045/0.039 spec_cnn 0.076/0.057  (7s)
    JSR  -28.0 dB  BER 0.00e+00  PER 0.000  P(det)@0.05 naive/cfar power_one_sided 0.125/0.072 power_two_sided 0.111/0.062 kurtosis 0.066/0.057 spec_cnn 0.062/0.051  (7s)
    JSR  -27.0 dB  BER 0.00e+00  PER 0.000  P(det)@0.05 naive/cfar power_one_sided 0.145/0.105 power_two_sided 0.143/0.100 kurtosis 0.053/0.049 spec_cnn 0.074/0.053  (7s)
    JSR  -26.0 dB  BER 0.00e+00  PER 0.000  P(det)@0.05 naive/cfar power_one_sided 0.166/0.119 power_two_sided 0.137/0.090 kurtosis 0.053/0.047 spec_cnn 0.107/0.070  (8s)
    JSR  -25.0 dB  BER 0.00e+00  PER 0.000  P(det)@0.05 naive/cfar power_one_sided 0.178/0.127 power_two_sided 0.154/0.117 kurtosis 0.049/0.043 spec_cnn 0.098/0.080  (8s)
    JSR  -24.0 dB  BER 0.00e+00  PER 0.000  P(det)@0.05 naive/cfar power_one_sided 0.217/0.152 power_two_sided 0.180/0.109 kurtosis 0.057/0.053 spec_cnn 0.131/0.105  (8s)
    JSR  -23.0 dB  BER 0.00e+00  PER 0.000  P(det)@0.05 naive/cfar power_one_sided 0.266/0.201 power_two_sided 0.227/0.178 kurtosis 0.066/0.061 spec_cnn 0.080/0.068  (9s)
    JSR  -22.0 dB  BER 0.00e+00  PER 0.000  P(det)@0.05 naive/cfar power_one_sided 0.303/0.246 power_two_sided 0.244/0.186 kurtosis 0.072/0.068 spec_cnn 0.164/0.145  (9s)
    JSR  -21.0 dB  BER 7.63e-06  PER 0.002  P(det)@0.05 naive/cfar power_one_sided 0.389/0.320 power_two_sided 0.340/0.287 kurtosis 0.084/0.084 spec_cnn 0.186/0.150  (9s)
    JSR  -20.0 dB  BER 2.14e-04  PER 0.055  P(det)@0.05 naive/cfar power_one_sided 0.510/0.428 power_two_sided 0.434/0.377 kurtosis 0.117/0.109 spec_cnn 0.199/0.164  (9s)
    JSR  -19.0 dB  BER 5.72e-04  PER 0.146  P(det)@0.05 naive/cfar power_one_sided 0.576/0.514 power_two_sided 0.516/0.471 kurtosis 0.127/0.125 spec_cnn 0.256/0.205  (10s)
    JSR  -18.0 dB  BER 8.93e-04  PER 0.229  P(det)@0.05 naive/cfar power_one_sided 0.688/0.621 power_two_sided 0.617/0.553 kurtosis 0.191/0.186 spec_cnn 0.281/0.236  (10s)
    JSR  -17.0 dB  BER 1.08e-03  PER 0.275  P(det)@0.05 naive/cfar power_one_sided 0.834/0.764 power_two_sided 0.768/0.707 kurtosis 0.244/0.236 spec_cnn 0.324/0.279  (10s)
    JSR  -16.0 dB  BER 1.56e-03  PER 0.393  P(det)@0.05 naive/cfar power_one_sided 0.883/0.842 power_two_sided 0.840/0.797 kurtosis 0.357/0.340 spec_cnn 0.447/0.406  (11s)
    JSR  -15.0 dB  BER 1.85e-03  PER 0.443  P(det)@0.05 naive/cfar power_one_sided 0.941/0.930 power_two_sided 0.930/0.904 kurtosis 0.469/0.461 spec_cnn 0.504/0.457  (11s)
    JSR  -14.0 dB  BER 2.51e-03  PER 0.572  P(det)@0.05 naive/cfar power_one_sided 0.986/0.977 power_two_sided 0.977/0.965 kurtosis 0.582/0.570 spec_cnn 0.621/0.564  (11s)
    JSR  -13.0 dB  BER 2.65e-03  PER 0.572  P(det)@0.05 naive/cfar power_one_sided 1.000/0.998 power_two_sided 0.998/0.994 kurtosis 0.656/0.648 spec_cnn 0.768/0.725  (12s)
    JSR  -12.0 dB  BER 3.37e-03  PER 0.686  P(det)@0.05 naive/cfar power_one_sided 1.000/1.000 power_two_sided 1.000/1.000 kurtosis 0.760/0.754 spec_cnn 0.914/0.889  (12s)
    JSR  -11.0 dB  BER 3.95e-03  PER 0.715  P(det)@0.05 naive/cfar power_one_sided 1.000/1.000 power_two_sided 1.000/1.000 kurtosis 0.842/0.840 spec_cnn 0.947/0.934  (12s)
    JSR  -10.0 dB  BER 4.55e-03  PER 0.777  P(det)@0.05 naive/cfar power_one_sided 1.000/1.000 power_two_sided 1.000/1.000 kurtosis 0.924/0.922 spec_cnn 0.990/0.975  (13s)
    JSR   -9.0 dB  BER 5.07e-03  PER 0.805  P(det)@0.05 naive/cfar power_one_sided 1.000/1.000 power_two_sided 1.000/1.000 kurtosis 0.975/0.975 spec_cnn 1.000/1.000  (13s)
    JSR   -8.0 dB  BER 5.42e-03  PER 0.830  P(det)@0.05 naive/cfar power_one_sided 1.000/1.000 power_two_sided 1.000/1.000 kurtosis 0.994/0.994 spec_cnn 1.000/1.000  (13s)
    JSR   -7.0 dB  BER 5.79e-03  PER 0.809  P(det)@0.05 naive/cfar power_one_sided 1.000/1.000 power_two_sided 1.000/1.000 kurtosis 1.000/1.000 spec_cnn 1.000/1.000  (13s)
    JSR   -6.0 dB  BER 6.31e-03  PER 0.836  P(det)@0.05 naive/cfar power_one_sided 1.000/1.000 power_two_sided 1.000/1.000 kurtosis 1.000/1.000 spec_cnn 1.000/1.000  (14s)
    JSR   -5.0 dB  BER 7.03e-03  PER 0.887  P(det)@0.05 naive/cfar power_one_sided 1.000/1.000 power_two_sided 1.000/1.000 kurtosis 1.000/1.000 spec_cnn 1.000/1.000  (14s)
    JSR   -4.0 dB  BER 8.19e-03  PER 0.918  P(det)@0.05 naive/cfar power_one_sided 1.000/1.000 power_two_sided 1.000/1.000 kurtosis 1.000/1.000 spec_cnn 1.000/1.000  (14s)
    JSR   -3.0 dB  BER 9.19e-03  PER 0.947  P(det)@0.05 naive/cfar power_one_sided 1.000/1.000 power_two_sided 1.000/1.000 kurtosis 1.000/1.000 spec_cnn 1.000/1.000  (15s)
    JSR   -2.0 dB  BER 1.05e-02  PER 0.959  P(det)@0.05 naive/cfar power_one_sided 1.000/1.000 power_two_sided 1.000/1.000 kurtosis 1.000/1.000 spec_cnn 1.000/1.000  (15s)
    JSR   -1.0 dB  BER 1.23e-02  PER 0.975  P(det)@0.05 naive/cfar power_one_sided 1.000/1.000 power_two_sided 1.000/1.000 kurtosis 1.000/1.000 spec_cnn 1.000/1.000  (15s)
    JSR   +0.0 dB  BER 1.42e-02  PER 0.992  P(det)@0.05 naive/cfar power_one_sided 1.000/1.000 power_two_sided 1.000/1.000 kurtosis 1.000/1.000 spec_cnn 1.000/1.000  (16s)
    JSR   +1.0 dB  BER 1.65e-02  PER 0.990  P(det)@0.05 naive/cfar power_one_sided 1.000/1.000 power_two_sided 1.000/1.000 kurtosis 1.000/1.000 spec_cnn 1.000/1.000  (16s)
    JSR   +2.0 dB  BER 1.89e-02  PER 0.998  P(det)@0.05 naive/cfar power_one_sided 1.000/1.000 power_two_sided 1.000/1.000 kurtosis 1.000/1.000 spec_cnn 1.000/1.000  (16s)
    JSR   +3.0 dB  BER 2.36e-02  PER 0.998  P(det)@0.05 naive/cfar power_one_sided 1.000/1.000 power_two_sided 1.000/1.000 kurtosis 1.000/1.000 spec_cnn 1.000/1.000  (17s)
    JSR   +4.0 dB  BER 2.90e-02  PER 1.000  P(det)@0.05 naive/cfar power_one_sided 1.000/1.000 power_two_sided 1.000/1.000 kurtosis 1.000/1.000 spec_cnn 1.000/1.000  (17s)
    JSR   +5.0 dB  BER 3.64e-02  PER 1.000  P(det)@0.05 naive/cfar power_one_sided 1.000/1.000 power_two_sided 1.000/1.000 kurtosis 1.000/1.000 spec_cnn 1.000/1.000  (17s)
    JSR   +6.0 dB  BER 4.42e-02  PER 1.000  P(det)@0.05 naive/cfar power_one_sided 1.000/1.000 power_two_sided 1.000/1.000 kurtosis 1.000/1.000 spec_cnn 1.000/1.000  (17s)
    JSR   +7.0 dB  BER 5.34e-02  PER 1.000  P(det)@0.05 naive/cfar power_one_sided 1.000/1.000 power_two_sided 1.000/1.000 kurtosis 1.000/1.000 spec_cnn 1.000/1.000  (18s)
    JSR   +8.0 dB  BER 6.67e-02  PER 1.000  P(det)@0.05 naive/cfar power_one_sided 1.000/1.000 power_two_sided 1.000/1.000 kurtosis 1.000/1.000 spec_cnn 1.000/1.000  (18s)
    JSR   +9.0 dB  BER 7.91e-02  PER 1.000  P(det)@0.05 naive/cfar power_one_sided 1.000/1.000 power_two_sided 1.000/1.000 kurtosis 1.000/1.000 spec_cnn 1.000/1.000  (18s)
    JSR  +10.0 dB  BER 9.70e-02  PER 1.000  P(det)@0.05 naive/cfar power_one_sided 1.000/1.000 power_two_sided 1.000/1.000 kurtosis 1.000/1.000 spec_cnn 1.000/1.000  (19s)
    JSR  +11.0 dB  BER 1.14e-01  PER 1.000  P(det)@0.05 naive/cfar power_one_sided 1.000/1.000 power_two_sided 1.000/1.000 kurtosis 1.000/1.000 spec_cnn 1.000/1.000  (19s)
    JSR  +12.0 dB  BER 1.35e-01  PER 1.000  P(det)@0.05 naive/cfar power_one_sided 1.000/1.000 power_two_sided 1.000/1.000 kurtosis 1.000/1.000 spec_cnn 1.000/1.000  (19s)
    JSR  +13.0 dB  BER 1.56e-01  PER 1.000  P(det)@0.05 naive/cfar power_one_sided 1.000/1.000 power_two_sided 1.000/1.000 kurtosis 1.000/1.000 spec_cnn 1.000/1.000  (20s)
    JSR  +14.0 dB  BER 1.80e-01  PER 1.000  P(det)@0.05 naive/cfar power_one_sided 1.000/1.000 power_two_sided 1.000/1.000 kurtosis 1.000/1.000 spec_cnn 1.000/1.000  (20s)
    JSR  +15.0 dB  BER 2.05e-01  PER 1.000  P(det)@0.05 naive/cfar power_one_sided 1.000/1.000 power_two_sided 1.000/1.000 kurtosis 1.000/1.000 spec_cnn 1.000/1.000  (20s)
  [snr_15_unc_0.5] kurtosis_b100 done (1180s)
  [snr_15_unc_0.5] generator kurtosis_b1000 (scale 1.0000)
    JSR  -50.0 dB  BER 0.00e+00  PER 0.000  P(det)@0.05 naive/cfar power_one_sided 0.078/0.045 power_two_sided 0.084/0.039 kurtosis 0.055/0.051 spec_cnn 0.068/0.051  (0s)
    JSR  -49.0 dB  BER 0.00e+00  PER 0.000  P(det)@0.05 naive/cfar power_one_sided 0.072/0.041 power_two_sided 0.084/0.045 kurtosis 0.045/0.043 spec_cnn 0.061/0.045  (1s)
    JSR  -48.0 dB  BER 0.00e+00  PER 0.000  P(det)@0.05 naive/cfar power_one_sided 0.082/0.047 power_two_sided 0.090/0.047 kurtosis 0.047/0.043 spec_cnn 0.074/0.055  (1s)
    JSR  -47.0 dB  BER 0.00e+00  PER 0.000  P(det)@0.05 naive/cfar power_one_sided 0.062/0.041 power_two_sided 0.074/0.045 kurtosis 0.059/0.059 spec_cnn 0.078/0.061  (1s)
    JSR  -46.0 dB  BER 0.00e+00  PER 0.000  P(det)@0.05 naive/cfar power_one_sided 0.068/0.053 power_two_sided 0.082/0.049 kurtosis 0.039/0.035 spec_cnn 0.068/0.057  (2s)
    JSR  -45.0 dB  BER 0.00e+00  PER 0.000  P(det)@0.05 naive/cfar power_one_sided 0.096/0.062 power_two_sided 0.096/0.061 kurtosis 0.059/0.053 spec_cnn 0.068/0.053  (2s)
    JSR  -44.0 dB  BER 0.00e+00  PER 0.000  P(det)@0.05 naive/cfar power_one_sided 0.086/0.064 power_two_sided 0.105/0.070 kurtosis 0.053/0.045 spec_cnn 0.072/0.047  (2s)
    JSR  -43.0 dB  BER 0.00e+00  PER 0.000  P(det)@0.05 naive/cfar power_one_sided 0.094/0.068 power_two_sided 0.105/0.061 kurtosis 0.049/0.047 spec_cnn 0.064/0.045  (2s)
    JSR  -42.0 dB  BER 0.00e+00  PER 0.000  P(det)@0.05 naive/cfar power_one_sided 0.090/0.066 power_two_sided 0.096/0.062 kurtosis 0.066/0.064 spec_cnn 0.066/0.053  (3s)
    JSR  -41.0 dB  BER 0.00e+00  PER 0.000  P(det)@0.05 naive/cfar power_one_sided 0.098/0.062 power_two_sided 0.084/0.055 kurtosis 0.062/0.055 spec_cnn 0.072/0.064  (3s)
    JSR  -40.0 dB  BER 0.00e+00  PER 0.000  P(det)@0.05 naive/cfar power_one_sided 0.096/0.070 power_two_sided 0.102/0.064 kurtosis 0.047/0.041 spec_cnn 0.068/0.049  (3s)
    JSR  -39.0 dB  BER 0.00e+00  PER 0.000  P(det)@0.05 naive/cfar power_one_sided 0.068/0.039 power_two_sided 0.076/0.035 kurtosis 0.066/0.062 spec_cnn 0.104/0.084  (4s)
    JSR  -38.0 dB  BER 0.00e+00  PER 0.000  P(det)@0.05 naive/cfar power_one_sided 0.061/0.035 power_two_sided 0.072/0.041 kurtosis 0.053/0.051 spec_cnn 0.057/0.043  (4s)
    JSR  -37.0 dB  BER 0.00e+00  PER 0.000  P(det)@0.05 naive/cfar power_one_sided 0.074/0.045 power_two_sided 0.094/0.041 kurtosis 0.057/0.051 spec_cnn 0.078/0.055  (4s)
    JSR  -36.0 dB  BER 0.00e+00  PER 0.000  P(det)@0.05 naive/cfar power_one_sided 0.098/0.062 power_two_sided 0.088/0.057 kurtosis 0.053/0.053 spec_cnn 0.066/0.057  (5s)
    JSR  -35.0 dB  BER 0.00e+00  PER 0.000  P(det)@0.05 naive/cfar power_one_sided 0.098/0.066 power_two_sided 0.092/0.059 kurtosis 0.041/0.037 spec_cnn 0.078/0.068  (5s)
    JSR  -34.0 dB  BER 0.00e+00  PER 0.000  P(det)@0.05 naive/cfar power_one_sided 0.088/0.055 power_two_sided 0.105/0.051 kurtosis 0.053/0.045 spec_cnn 0.070/0.059  (5s)
    JSR  -33.0 dB  BER 0.00e+00  PER 0.000  P(det)@0.05 naive/cfar power_one_sided 0.080/0.047 power_two_sided 0.074/0.047 kurtosis 0.053/0.047 spec_cnn 0.072/0.066  (5s)
    JSR  -32.0 dB  BER 0.00e+00  PER 0.000  P(det)@0.05 naive/cfar power_one_sided 0.086/0.053 power_two_sided 0.090/0.041 kurtosis 0.057/0.051 spec_cnn 0.100/0.072  (6s)
    JSR  -31.0 dB  BER 0.00e+00  PER 0.000  P(det)@0.05 naive/cfar power_one_sided 0.115/0.062 power_two_sided 0.084/0.055 kurtosis 0.053/0.053 spec_cnn 0.098/0.082  (6s)
    JSR  -30.0 dB  BER 0.00e+00  PER 0.000  P(det)@0.05 naive/cfar power_one_sided 0.102/0.070 power_two_sided 0.111/0.059 kurtosis 0.059/0.057 spec_cnn 0.086/0.062  (6s)
    JSR  -29.0 dB  BER 0.00e+00  PER 0.000  P(det)@0.05 naive/cfar power_one_sided 0.096/0.066 power_two_sided 0.092/0.053 kurtosis 0.068/0.062 spec_cnn 0.086/0.066  (7s)
    JSR  -28.0 dB  BER 0.00e+00  PER 0.000  P(det)@0.05 naive/cfar power_one_sided 0.117/0.082 power_two_sided 0.109/0.059 kurtosis 0.064/0.061 spec_cnn 0.074/0.055  (7s)
    JSR  -27.0 dB  BER 0.00e+00  PER 0.000  P(det)@0.05 naive/cfar power_one_sided 0.152/0.100 power_two_sided 0.115/0.072 kurtosis 0.037/0.033 spec_cnn 0.131/0.115  (7s)
    JSR  -26.0 dB  BER 0.00e+00  PER 0.000  P(det)@0.05 naive/cfar power_one_sided 0.160/0.096 power_two_sided 0.115/0.080 kurtosis 0.055/0.045 spec_cnn 0.109/0.088  (8s)
    JSR  -25.0 dB  BER 0.00e+00  PER 0.000  P(det)@0.05 naive/cfar power_one_sided 0.152/0.100 power_two_sided 0.109/0.068 kurtosis 0.039/0.039 spec_cnn 0.094/0.074  (8s)
    JSR  -24.0 dB  BER 0.00e+00  PER 0.000  P(det)@0.05 naive/cfar power_one_sided 0.158/0.105 power_two_sided 0.115/0.080 kurtosis 0.064/0.059 spec_cnn 0.121/0.105  (8s)
    JSR  -23.0 dB  BER 0.00e+00  PER 0.000  P(det)@0.05 naive/cfar power_one_sided 0.205/0.150 power_two_sided 0.154/0.107 kurtosis 0.062/0.059 spec_cnn 0.127/0.104  (9s)
    JSR  -22.0 dB  BER 0.00e+00  PER 0.000  P(det)@0.05 naive/cfar power_one_sided 0.332/0.242 power_two_sided 0.244/0.170 kurtosis 0.059/0.059 spec_cnn 0.137/0.109  (9s)
    JSR  -21.0 dB  BER 0.00e+00  PER 0.000  P(det)@0.05 naive/cfar power_one_sided 0.338/0.293 power_two_sided 0.293/0.217 kurtosis 0.053/0.049 spec_cnn 0.154/0.111  (9s)
    JSR  -20.0 dB  BER 0.00e+00  PER 0.000  P(det)@0.05 naive/cfar power_one_sided 0.512/0.408 power_two_sided 0.400/0.348 kurtosis 0.078/0.072 spec_cnn 0.146/0.117  (9s)
    JSR  -19.0 dB  BER 7.63e-06  PER 0.002  P(det)@0.05 naive/cfar power_one_sided 0.600/0.523 power_two_sided 0.521/0.406 kurtosis 0.092/0.082 spec_cnn 0.186/0.146  (10s)
    JSR  -18.0 dB  BER 2.29e-05  PER 0.006  P(det)@0.05 naive/cfar power_one_sided 0.758/0.654 power_two_sided 0.652/0.562 kurtosis 0.092/0.082 spec_cnn 0.129/0.100  (10s)
    JSR  -17.0 dB  BER 9.92e-05  PER 0.025  P(det)@0.05 naive/cfar power_one_sided 0.916/0.854 power_two_sided 0.848/0.764 kurtosis 0.123/0.117 spec_cnn 0.156/0.127  (10s)
    JSR  -16.0 dB  BER 1.75e-04  PER 0.045  P(det)@0.05 naive/cfar power_one_sided 0.977/0.953 power_two_sided 0.953/0.928 kurtosis 0.193/0.188 spec_cnn 0.189/0.160  (11s)
    JSR  -15.0 dB  BER 3.20e-04  PER 0.074  P(det)@0.05 naive/cfar power_one_sided 1.000/0.996 power_two_sided 0.996/0.994 kurtosis 0.281/0.273 spec_cnn 0.201/0.150  (11s)
    JSR  -14.0 dB  BER 3.51e-04  PER 0.080  P(det)@0.05 naive/cfar power_one_sided 1.000/1.000 power_two_sided 1.000/1.000 kurtosis 0.357/0.342 spec_cnn 0.182/0.154  (11s)
    JSR  -13.0 dB  BER 5.11e-04  PER 0.119  P(det)@0.05 naive/cfar power_one_sided 1.000/1.000 power_two_sided 1.000/1.000 kurtosis 0.508/0.494 spec_cnn 0.250/0.217  (12s)
    JSR  -12.0 dB  BER 6.26e-04  PER 0.129  P(det)@0.05 naive/cfar power_one_sided 1.000/1.000 power_two_sided 1.000/1.000 kurtosis 0.645/0.635 spec_cnn 0.229/0.199  (12s)
    JSR  -11.0 dB  BER 7.32e-04  PER 0.152  P(det)@0.05 naive/cfar power_one_sided 1.000/1.000 power_two_sided 1.000/1.000 kurtosis 0.826/0.820 spec_cnn 0.258/0.203  (12s)
    JSR  -10.0 dB  BER 8.16e-04  PER 0.158  P(det)@0.05 naive/cfar power_one_sided 1.000/1.000 power_two_sided 1.000/1.000 kurtosis 0.916/0.914 spec_cnn 0.338/0.283  (13s)
    JSR   -9.0 dB  BER 9.69e-04  PER 0.201  P(det)@0.05 naive/cfar power_one_sided 1.000/1.000 power_two_sided 1.000/1.000 kurtosis 0.963/0.961 spec_cnn 0.359/0.305  (13s)
    JSR   -8.0 dB  BER 1.34e-03  PER 0.244  P(det)@0.05 naive/cfar power_one_sided 1.000/1.000 power_two_sided 1.000/1.000 kurtosis 0.986/0.984 spec_cnn 0.373/0.307  (13s)
    JSR   -7.0 dB  BER 1.51e-03  PER 0.254  P(det)@0.05 naive/cfar power_one_sided 1.000/1.000 power_two_sided 1.000/1.000 kurtosis 0.996/0.996 spec_cnn 0.428/0.369  (13s)
    JSR   -6.0 dB  BER 1.86e-03  PER 0.326  P(det)@0.05 naive/cfar power_one_sided 1.000/1.000 power_two_sided 1.000/1.000 kurtosis 1.000/1.000 spec_cnn 0.396/0.328  (14s)
    JSR   -5.0 dB  BER 2.06e-03  PER 0.377  P(det)@0.05 naive/cfar power_one_sided 1.000/1.000 power_two_sided 1.000/1.000 kurtosis 1.000/1.000 spec_cnn 0.449/0.391  (14s)
    JSR   -4.0 dB  BER 2.47e-03  PER 0.447  P(det)@0.05 naive/cfar power_one_sided 1.000/1.000 power_two_sided 1.000/1.000 kurtosis 0.998/0.998 spec_cnn 0.490/0.426  (14s)
    JSR   -3.0 dB  BER 2.70e-03  PER 0.492  P(det)@0.05 naive/cfar power_one_sided 1.000/1.000 power_two_sided 1.000/1.000 kurtosis 1.000/1.000 spec_cnn 0.521/0.443  (15s)
    JSR   -2.0 dB  BER 3.40e-03  PER 0.592  P(det)@0.05 naive/cfar power_one_sided 1.000/1.000 power_two_sided 1.000/1.000 kurtosis 0.994/0.994 spec_cnn 0.604/0.543  (15s)
    JSR   -1.0 dB  BER 4.02e-03  PER 0.658  P(det)@0.05 naive/cfar power_one_sided 1.000/1.000 power_two_sided 1.000/1.000 kurtosis 0.971/0.969 spec_cnn 0.666/0.605  (15s)
    JSR   +0.0 dB  BER 4.15e-03  PER 0.686  P(det)@0.05 naive/cfar power_one_sided 1.000/1.000 power_two_sided 1.000/1.000 kurtosis 0.879/0.867 spec_cnn 0.682/0.627  (16s)
    JSR   +1.0 dB  BER 5.19e-03  PER 0.770  P(det)@0.05 naive/cfar power_one_sided 1.000/1.000 power_two_sided 1.000/1.000 kurtosis 0.598/0.590 spec_cnn 0.754/0.699  (16s)
    JSR   +2.0 dB  BER 5.65e-03  PER 0.811  P(det)@0.05 naive/cfar power_one_sided 1.000/1.000 power_two_sided 1.000/1.000 kurtosis 0.510/0.506 spec_cnn 0.744/0.693  (16s)
    JSR   +3.0 dB  BER 5.84e-03  PER 0.820  P(det)@0.05 naive/cfar power_one_sided 1.000/1.000 power_two_sided 1.000/1.000 kurtosis 0.760/0.754 spec_cnn 0.785/0.750  (17s)
    JSR   +4.0 dB  BER 6.16e-03  PER 0.824  P(det)@0.05 naive/cfar power_one_sided 1.000/1.000 power_two_sided 1.000/1.000 kurtosis 0.928/0.924 spec_cnn 0.836/0.803  (17s)
    JSR   +5.0 dB  BER 6.90e-03  PER 0.873  P(det)@0.05 naive/cfar power_one_sided 1.000/1.000 power_two_sided 1.000/1.000 kurtosis 0.939/0.938 spec_cnn 0.926/0.900  (17s)
    JSR   +6.0 dB  BER 7.32e-03  PER 0.912  P(det)@0.05 naive/cfar power_one_sided 1.000/1.000 power_two_sided 1.000/1.000 kurtosis 0.959/0.959 spec_cnn 0.945/0.924  (17s)
    JSR   +7.0 dB  BER 7.73e-03  PER 0.922  P(det)@0.05 naive/cfar power_one_sided 1.000/1.000 power_two_sided 1.000/1.000 kurtosis 0.977/0.977 spec_cnn 0.982/0.973  (18s)
    JSR   +8.0 dB  BER 8.32e-03  PER 0.912  P(det)@0.05 naive/cfar power_one_sided 1.000/1.000 power_two_sided 1.000/1.000 kurtosis 0.955/0.955 spec_cnn 0.994/0.992  (18s)
    JSR   +9.0 dB  BER 8.54e-03  PER 0.939  P(det)@0.05 naive/cfar power_one_sided 1.000/1.000 power_two_sided 1.000/1.000 kurtosis 0.971/0.971 spec_cnn 1.000/1.000  (18s)
    JSR  +10.0 dB  BER 9.43e-03  PER 0.951  P(det)@0.05 naive/cfar power_one_sided 1.000/1.000 power_two_sided 1.000/1.000 kurtosis 0.982/0.982 spec_cnn 1.000/1.000  (19s)
    JSR  +11.0 dB  BER 9.51e-03  PER 0.957  P(det)@0.05 naive/cfar power_one_sided 1.000/1.000 power_two_sided 1.000/1.000 kurtosis 0.977/0.977 spec_cnn 1.000/1.000  (19s)
    JSR  +12.0 dB  BER 1.04e-02  PER 0.951  P(det)@0.05 naive/cfar power_one_sided 1.000/1.000 power_two_sided 1.000/1.000 kurtosis 0.980/0.980 spec_cnn 1.000/1.000  (19s)
    JSR  +13.0 dB  BER 1.09e-02  PER 0.971  P(det)@0.05 naive/cfar power_one_sided 1.000/1.000 power_two_sided 1.000/1.000 kurtosis 0.988/0.988 spec_cnn 1.000/1.000  (20s)
    JSR  +14.0 dB  BER 1.15e-02  PER 0.977  P(det)@0.05 naive/cfar power_one_sided 1.000/1.000 power_two_sided 1.000/1.000 kurtosis 0.975/0.975 spec_cnn 1.000/1.000  (20s)
    JSR  +15.0 dB  BER 1.16e-02  PER 0.982  P(det)@0.05 naive/cfar power_one_sided 1.000/1.000 power_two_sided 1.000/1.000 kurtosis 0.979/0.979 spec_cnn 1.000/1.000  (20s)
  [snr_15_unc_0.5] kurtosis_b1000 done (1237s)
  [snr_15_unc_0.5] generator spec_cnn_b1 (scale 1.0000)
    JSR  -50.0 dB  BER 0.00e+00  PER 0.000  P(det)@0.05 naive/cfar power_one_sided 0.082/0.041 power_two_sided 0.082/0.051 kurtosis 0.064/0.057 spec_cnn 0.066/0.057  (0s)
    JSR  -49.0 dB  BER 0.00e+00  PER 0.000  P(det)@0.05 naive/cfar power_one_sided 0.066/0.035 power_two_sided 0.076/0.043 kurtosis 0.043/0.041 spec_cnn 0.057/0.041  (1s)
    JSR  -48.0 dB  BER 0.00e+00  PER 0.000  P(det)@0.05 naive/cfar power_one_sided 0.084/0.051 power_two_sided 0.078/0.049 kurtosis 0.059/0.047 spec_cnn 0.078/0.070  (1s)
    JSR  -47.0 dB  BER 0.00e+00  PER 0.000  P(det)@0.05 naive/cfar power_one_sided 0.076/0.059 power_two_sided 0.092/0.053 kurtosis 0.053/0.049 spec_cnn 0.051/0.035  (1s)
    JSR  -46.0 dB  BER 0.00e+00  PER 0.000  P(det)@0.05 naive/cfar power_one_sided 0.062/0.035 power_two_sided 0.072/0.045 kurtosis 0.047/0.043 spec_cnn 0.070/0.057  (2s)
    JSR  -45.0 dB  BER 0.00e+00  PER 0.000  P(det)@0.05 naive/cfar power_one_sided 0.066/0.041 power_two_sided 0.090/0.045 kurtosis 0.055/0.049 spec_cnn 0.086/0.061  (2s)
    JSR  -44.0 dB  BER 0.00e+00  PER 0.000  P(det)@0.05 naive/cfar power_one_sided 0.086/0.061 power_two_sided 0.094/0.049 kurtosis 0.043/0.037 spec_cnn 0.055/0.047  (2s)
    JSR  -43.0 dB  BER 0.00e+00  PER 0.000  P(det)@0.05 naive/cfar power_one_sided 0.088/0.057 power_two_sided 0.088/0.061 kurtosis 0.061/0.051 spec_cnn 0.059/0.047  (2s)
    JSR  -42.0 dB  BER 0.00e+00  PER 0.000  P(det)@0.05 naive/cfar power_one_sided 0.084/0.053 power_two_sided 0.090/0.045 kurtosis 0.059/0.051 spec_cnn 0.066/0.055  (3s)
    JSR  -41.0 dB  BER 0.00e+00  PER 0.000  P(det)@0.05 naive/cfar power_one_sided 0.080/0.053 power_two_sided 0.088/0.055 kurtosis 0.066/0.061 spec_cnn 0.059/0.047  (3s)
    JSR  -40.0 dB  BER 0.00e+00  PER 0.000  P(det)@0.05 naive/cfar power_one_sided 0.086/0.043 power_two_sided 0.078/0.047 kurtosis 0.055/0.053 spec_cnn 0.064/0.051  (3s)
    JSR  -39.0 dB  BER 0.00e+00  PER 0.000  P(det)@0.05 naive/cfar power_one_sided 0.066/0.051 power_two_sided 0.090/0.045 kurtosis 0.047/0.043 spec_cnn 0.057/0.041  (4s)
    JSR  -38.0 dB  BER 0.00e+00  PER 0.000  P(det)@0.05 naive/cfar power_one_sided 0.078/0.053 power_two_sided 0.090/0.055 kurtosis 0.049/0.045 spec_cnn 0.064/0.049  (4s)
    JSR  -37.0 dB  BER 0.00e+00  PER 0.000  P(det)@0.05 naive/cfar power_one_sided 0.119/0.064 power_two_sided 0.104/0.068 kurtosis 0.053/0.043 spec_cnn 0.049/0.039  (4s)
    JSR  -36.0 dB  BER 0.00e+00  PER 0.000  P(det)@0.05 naive/cfar power_one_sided 0.092/0.055 power_two_sided 0.084/0.043 kurtosis 0.053/0.049 spec_cnn 0.068/0.057  (5s)
    JSR  -35.0 dB  BER 0.00e+00  PER 0.000  P(det)@0.05 naive/cfar power_one_sided 0.088/0.059 power_two_sided 0.111/0.072 kurtosis 0.053/0.047 spec_cnn 0.062/0.051  (5s)
    JSR  -34.0 dB  BER 0.00e+00  PER 0.000  P(det)@0.05 naive/cfar power_one_sided 0.115/0.074 power_two_sided 0.115/0.068 kurtosis 0.068/0.064 spec_cnn 0.055/0.045  (5s)
    JSR  -33.0 dB  BER 0.00e+00  PER 0.000  P(det)@0.05 naive/cfar power_one_sided 0.109/0.070 power_two_sided 0.105/0.070 kurtosis 0.055/0.051 spec_cnn 0.076/0.059  (6s)
    JSR  -32.0 dB  BER 0.00e+00  PER 0.000  P(det)@0.05 naive/cfar power_one_sided 0.088/0.053 power_two_sided 0.107/0.074 kurtosis 0.041/0.039 spec_cnn 0.053/0.035  (6s)
    JSR  -31.0 dB  BER 0.00e+00  PER 0.000  P(det)@0.05 naive/cfar power_one_sided 0.080/0.049 power_two_sided 0.094/0.059 kurtosis 0.049/0.047 spec_cnn 0.072/0.053  (6s)
    JSR  -30.0 dB  BER 0.00e+00  PER 0.000  P(det)@0.05 naive/cfar power_one_sided 0.092/0.059 power_two_sided 0.105/0.068 kurtosis 0.059/0.051 spec_cnn 0.055/0.041  (6s)
    JSR  -29.0 dB  BER 0.00e+00  PER 0.000  P(det)@0.05 naive/cfar power_one_sided 0.133/0.090 power_two_sided 0.131/0.090 kurtosis 0.051/0.047 spec_cnn 0.070/0.051  (7s)
    JSR  -28.0 dB  BER 0.00e+00  PER 0.000  P(det)@0.05 naive/cfar power_one_sided 0.172/0.131 power_two_sided 0.172/0.107 kurtosis 0.066/0.057 spec_cnn 0.074/0.055  (7s)
    JSR  -27.0 dB  BER 0.00e+00  PER 0.000  P(det)@0.05 naive/cfar power_one_sided 0.166/0.115 power_two_sided 0.156/0.104 kurtosis 0.051/0.049 spec_cnn 0.072/0.053  (7s)
    JSR  -26.0 dB  BER 0.00e+00  PER 0.000  P(det)@0.05 naive/cfar power_one_sided 0.176/0.129 power_two_sided 0.197/0.135 kurtosis 0.076/0.070 spec_cnn 0.070/0.051  (8s)
    JSR  -25.0 dB  BER 7.63e-06  PER 0.002  P(det)@0.05 naive/cfar power_one_sided 0.174/0.135 power_two_sided 0.170/0.113 kurtosis 0.062/0.057 spec_cnn 0.076/0.049  (8s)
    JSR  -24.0 dB  BER 5.34e-05  PER 0.014  P(det)@0.05 naive/cfar power_one_sided 0.248/0.188 power_two_sided 0.221/0.154 kurtosis 0.078/0.070 spec_cnn 0.086/0.064  (8s)
    JSR  -23.0 dB  BER 3.13e-04  PER 0.080  P(det)@0.05 naive/cfar power_one_sided 0.262/0.197 power_two_sided 0.229/0.168 kurtosis 0.088/0.080 spec_cnn 0.064/0.055  (9s)
    JSR  -22.0 dB  BER 8.24e-04  PER 0.211  P(det)@0.05 naive/cfar power_one_sided 0.301/0.234 power_two_sided 0.275/0.223 kurtosis 0.143/0.143 spec_cnn 0.057/0.045  (9s)
    JSR  -21.0 dB  BER 1.09e-03  PER 0.279  P(det)@0.05 naive/cfar power_one_sided 0.400/0.340 power_two_sided 0.393/0.307 kurtosis 0.164/0.160 spec_cnn 0.080/0.066  (9s)
    JSR  -20.0 dB  BER 1.69e-03  PER 0.424  P(det)@0.05 naive/cfar power_one_sided 0.426/0.361 power_two_sided 0.387/0.330 kurtosis 0.240/0.229 spec_cnn 0.080/0.053  (9s)
    JSR  -19.0 dB  BER 1.99e-03  PER 0.486  P(det)@0.05 naive/cfar power_one_sided 0.500/0.434 power_two_sided 0.475/0.408 kurtosis 0.344/0.332 spec_cnn 0.076/0.057  (10s)
    JSR  -18.0 dB  BER 2.52e-03  PER 0.562  P(det)@0.05 naive/cfar power_one_sided 0.592/0.543 power_two_sided 0.564/0.496 kurtosis 0.445/0.432 spec_cnn 0.080/0.066  (10s)
    JSR  -17.0 dB  BER 2.94e-03  PER 0.619  P(det)@0.05 naive/cfar power_one_sided 0.639/0.609 power_two_sided 0.627/0.562 kurtosis 0.500/0.496 spec_cnn 0.082/0.066  (10s)
    JSR  -16.0 dB  BER 3.14e-03  PER 0.625  P(det)@0.05 naive/cfar power_one_sided 0.705/0.666 power_two_sided 0.684/0.639 kurtosis 0.590/0.582 spec_cnn 0.109/0.086  (11s)
    JSR  -15.0 dB  BER 3.48e-03  PER 0.676  P(det)@0.05 naive/cfar power_one_sided 0.736/0.701 power_two_sided 0.711/0.680 kurtosis 0.648/0.643 spec_cnn 0.100/0.086  (11s)
    JSR  -14.0 dB  BER 3.85e-03  PER 0.717  P(det)@0.05 naive/cfar power_one_sided 0.832/0.803 power_two_sided 0.801/0.773 kurtosis 0.738/0.734 spec_cnn 0.131/0.111  (11s)
    JSR  -13.0 dB  BER 3.97e-03  PER 0.713  P(det)@0.05 naive/cfar power_one_sided 0.906/0.887 power_two_sided 0.887/0.869 kurtosis 0.809/0.807 spec_cnn 0.137/0.119  (12s)
    JSR  -12.0 dB  BER 4.32e-03  PER 0.732  P(det)@0.05 naive/cfar power_one_sided 0.963/0.955 power_two_sided 0.953/0.945 kurtosis 0.887/0.885 spec_cnn 0.172/0.127  (12s)
    JSR  -11.0 dB  BER 4.84e-03  PER 0.781  P(det)@0.05 naive/cfar power_one_sided 0.984/0.982 power_two_sided 0.982/0.980 kurtosis 0.961/0.961 spec_cnn 0.182/0.145  (12s)
    JSR  -10.0 dB  BER 4.80e-03  PER 0.791  P(det)@0.05 naive/cfar power_one_sided 0.998/0.998 power_two_sided 0.998/0.998 kurtosis 0.998/0.998 spec_cnn 0.303/0.258  (13s)
    JSR   -9.0 dB  BER 5.33e-03  PER 0.818  P(det)@0.05 naive/cfar power_one_sided 1.000/1.000 power_two_sided 1.000/1.000 kurtosis 1.000/1.000 spec_cnn 0.361/0.328  (13s)
    JSR   -8.0 dB  BER 6.12e-03  PER 0.857  P(det)@0.05 naive/cfar power_one_sided 1.000/1.000 power_two_sided 1.000/1.000 kurtosis 1.000/1.000 spec_cnn 0.508/0.441  (13s)
    JSR   -7.0 dB  BER 6.51e-03  PER 0.855  P(det)@0.05 naive/cfar power_one_sided 1.000/1.000 power_two_sided 1.000/1.000 kurtosis 1.000/1.000 spec_cnn 0.668/0.635  (13s)
    JSR   -6.0 dB  BER 7.49e-03  PER 0.877  P(det)@0.05 naive/cfar power_one_sided 1.000/1.000 power_two_sided 1.000/1.000 kurtosis 1.000/1.000 spec_cnn 0.818/0.781  (14s)
    JSR   -5.0 dB  BER 7.78e-03  PER 0.904  P(det)@0.05 naive/cfar power_one_sided 1.000/1.000 power_two_sided 1.000/1.000 kurtosis 1.000/1.000 spec_cnn 0.912/0.887  (14s)
    JSR   -4.0 dB  BER 8.32e-03  PER 0.898  P(det)@0.05 naive/cfar power_one_sided 1.000/1.000 power_two_sided 1.000/1.000 kurtosis 1.000/1.000 spec_cnn 0.965/0.945  (14s)
    JSR   -3.0 dB  BER 9.21e-03  PER 0.932  P(det)@0.05 naive/cfar power_one_sided 1.000/1.000 power_two_sided 1.000/1.000 kurtosis 1.000/1.000 spec_cnn 0.996/0.996  (15s)
    JSR   -2.0 dB  BER 9.92e-03  PER 0.910  P(det)@0.05 naive/cfar power_one_sided 1.000/1.000 power_two_sided 1.000/1.000 kurtosis 1.000/1.000 spec_cnn 0.996/0.994  (15s)
    JSR   -1.0 dB  BER 1.06e-02  PER 0.947  P(det)@0.05 naive/cfar power_one_sided 1.000/1.000 power_two_sided 1.000/1.000 kurtosis 1.000/1.000 spec_cnn 1.000/1.000  (15s)
    JSR   +0.0 dB  BER 1.09e-02  PER 0.936  P(det)@0.05 naive/cfar power_one_sided 1.000/1.000 power_two_sided 1.000/1.000 kurtosis 1.000/1.000 spec_cnn 1.000/1.000  (16s)
    JSR   +1.0 dB  BER 1.16e-02  PER 0.953  P(det)@0.05 naive/cfar power_one_sided 1.000/1.000 power_two_sided 1.000/1.000 kurtosis 1.000/1.000 spec_cnn 1.000/1.000  (16s)
    JSR   +2.0 dB  BER 1.30e-02  PER 0.969  P(det)@0.05 naive/cfar power_one_sided 1.000/1.000 power_two_sided 1.000/1.000 kurtosis 1.000/1.000 spec_cnn 1.000/1.000  (16s)
    JSR   +3.0 dB  BER 1.39e-02  PER 0.975  P(det)@0.05 naive/cfar power_one_sided 1.000/1.000 power_two_sided 1.000/1.000 kurtosis 1.000/1.000 spec_cnn 1.000/1.000  (17s)
    JSR   +4.0 dB  BER 1.44e-02  PER 0.971  P(det)@0.05 naive/cfar power_one_sided 1.000/1.000 power_two_sided 1.000/1.000 kurtosis 1.000/1.000 spec_cnn 1.000/1.000  (17s)
    JSR   +5.0 dB  BER 1.50e-02  PER 0.967  P(det)@0.05 naive/cfar power_one_sided 1.000/1.000 power_two_sided 1.000/1.000 kurtosis 1.000/1.000 spec_cnn 1.000/1.000  (17s)
    JSR   +6.0 dB  BER 1.52e-02  PER 0.980  P(det)@0.05 naive/cfar power_one_sided 1.000/1.000 power_two_sided 1.000/1.000 kurtosis 1.000/1.000 spec_cnn 1.000/1.000  (17s)
    JSR   +7.0 dB  BER 1.69e-02  PER 0.988  P(det)@0.05 naive/cfar power_one_sided 1.000/1.000 power_two_sided 1.000/1.000 kurtosis 1.000/1.000 spec_cnn 1.000/1.000  (18s)
    JSR   +8.0 dB  BER 1.67e-02  PER 0.986  P(det)@0.05 naive/cfar power_one_sided 1.000/1.000 power_two_sided 1.000/1.000 kurtosis 1.000/1.000 spec_cnn 1.000/1.000  (18s)
    JSR   +9.0 dB  BER 1.81e-02  PER 0.994  P(det)@0.05 naive/cfar power_one_sided 1.000/1.000 power_two_sided 1.000/1.000 kurtosis 1.000/1.000 spec_cnn 1.000/1.000  (18s)
    JSR  +10.0 dB  BER 1.81e-02  PER 0.996  P(det)@0.05 naive/cfar power_one_sided 1.000/1.000 power_two_sided 1.000/1.000 kurtosis 1.000/1.000 spec_cnn 1.000/1.000  (19s)
    JSR  +11.0 dB  BER 2.01e-02  PER 0.994  P(det)@0.05 naive/cfar power_one_sided 1.000/1.000 power_two_sided 1.000/1.000 kurtosis 1.000/1.000 spec_cnn 1.000/1.000  (19s)
    JSR  +12.0 dB  BER 2.08e-02  PER 0.994  P(det)@0.05 naive/cfar power_one_sided 1.000/1.000 power_two_sided 1.000/1.000 kurtosis 1.000/1.000 spec_cnn 1.000/1.000  (19s)
    JSR  +13.0 dB  BER 2.22e-02  PER 0.998  P(det)@0.05 naive/cfar power_one_sided 1.000/1.000 power_two_sided 1.000/1.000 kurtosis 1.000/1.000 spec_cnn 1.000/1.000  (20s)
    JSR  +14.0 dB  BER 2.48e-02  PER 0.996  P(det)@0.05 naive/cfar power_one_sided 1.000/1.000 power_two_sided 1.000/1.000 kurtosis 1.000/1.000 spec_cnn 1.000/1.000  (20s)
    JSR  +15.0 dB  BER 2.89e-02  PER 1.000  P(det)@0.05 naive/cfar power_one_sided 1.000/1.000 power_two_sided 1.000/1.000 kurtosis 1.000/1.000 spec_cnn 1.000/1.000  (20s)
  [snr_15_unc_0.5] spec_cnn_b1 done (1295s)
  [snr_15_unc_0.5] generator spec_cnn_b10 (scale 1.0000)
    JSR  -50.0 dB  BER 0.00e+00  PER 0.000  P(det)@0.05 naive/cfar power_one_sided 0.078/0.055 power_two_sided 0.102/0.059 kurtosis 0.059/0.055 spec_cnn 0.080/0.059  (0s)
    JSR  -49.0 dB  BER 0.00e+00  PER 0.000  P(det)@0.05 naive/cfar power_one_sided 0.082/0.043 power_two_sided 0.080/0.051 kurtosis 0.053/0.045 spec_cnn 0.059/0.049  (1s)
    JSR  -48.0 dB  BER 0.00e+00  PER 0.000  P(det)@0.05 naive/cfar power_one_sided 0.102/0.053 power_two_sided 0.102/0.068 kurtosis 0.059/0.053 spec_cnn 0.072/0.053  (1s)
    JSR  -47.0 dB  BER 0.00e+00  PER 0.000  P(det)@0.05 naive/cfar power_one_sided 0.086/0.051 power_two_sided 0.080/0.033 kurtosis 0.070/0.064 spec_cnn 0.078/0.061  (1s)
    JSR  -46.0 dB  BER 0.00e+00  PER 0.000  P(det)@0.05 naive/cfar power_one_sided 0.092/0.059 power_two_sided 0.090/0.043 kurtosis 0.057/0.051 spec_cnn 0.059/0.043  (2s)
    JSR  -45.0 dB  BER 0.00e+00  PER 0.000  P(det)@0.05 naive/cfar power_one_sided 0.068/0.041 power_two_sided 0.078/0.031 kurtosis 0.061/0.057 spec_cnn 0.072/0.051  (2s)
    JSR  -44.0 dB  BER 0.00e+00  PER 0.000  P(det)@0.05 naive/cfar power_one_sided 0.080/0.045 power_two_sided 0.084/0.047 kurtosis 0.051/0.043 spec_cnn 0.059/0.055  (2s)
    JSR  -43.0 dB  BER 0.00e+00  PER 0.000  P(det)@0.05 naive/cfar power_one_sided 0.096/0.051 power_two_sided 0.088/0.041 kurtosis 0.045/0.041 spec_cnn 0.072/0.062  (2s)
    JSR  -42.0 dB  BER 0.00e+00  PER 0.000  P(det)@0.05 naive/cfar power_one_sided 0.070/0.039 power_two_sided 0.072/0.047 kurtosis 0.053/0.051 spec_cnn 0.074/0.055  (3s)
    JSR  -41.0 dB  BER 0.00e+00  PER 0.000  P(det)@0.05 naive/cfar power_one_sided 0.080/0.055 power_two_sided 0.090/0.062 kurtosis 0.049/0.039 spec_cnn 0.045/0.035  (3s)
    JSR  -40.0 dB  BER 0.00e+00  PER 0.000  P(det)@0.05 naive/cfar power_one_sided 0.086/0.053 power_two_sided 0.084/0.045 kurtosis 0.062/0.059 spec_cnn 0.078/0.059  (3s)
    JSR  -39.0 dB  BER 0.00e+00  PER 0.000  P(det)@0.05 naive/cfar power_one_sided 0.086/0.057 power_two_sided 0.102/0.064 kurtosis 0.062/0.055 spec_cnn 0.059/0.037  (4s)
    JSR  -38.0 dB  BER 0.00e+00  PER 0.000  P(det)@0.05 naive/cfar power_one_sided 0.074/0.051 power_two_sided 0.090/0.053 kurtosis 0.049/0.043 spec_cnn 0.070/0.051  (4s)
    JSR  -37.0 dB  BER 0.00e+00  PER 0.000  P(det)@0.05 naive/cfar power_one_sided 0.111/0.070 power_two_sided 0.109/0.055 kurtosis 0.062/0.055 spec_cnn 0.086/0.070  (4s)
    JSR  -36.0 dB  BER 0.00e+00  PER 0.000  P(det)@0.05 naive/cfar power_one_sided 0.084/0.055 power_two_sided 0.084/0.053 kurtosis 0.055/0.047 spec_cnn 0.076/0.053  (5s)
    JSR  -35.0 dB  BER 0.00e+00  PER 0.000  P(det)@0.05 naive/cfar power_one_sided 0.092/0.051 power_two_sided 0.094/0.059 kurtosis 0.055/0.053 spec_cnn 0.070/0.053  (5s)
    JSR  -34.0 dB  BER 0.00e+00  PER 0.000  P(det)@0.05 naive/cfar power_one_sided 0.105/0.064 power_two_sided 0.121/0.080 kurtosis 0.055/0.051 spec_cnn 0.059/0.043  (5s)
    JSR  -33.0 dB  BER 0.00e+00  PER 0.000  P(det)@0.05 naive/cfar power_one_sided 0.102/0.066 power_two_sided 0.123/0.074 kurtosis 0.057/0.051 spec_cnn 0.072/0.061  (6s)
    JSR  -32.0 dB  BER 0.00e+00  PER 0.000  P(det)@0.05 naive/cfar power_one_sided 0.102/0.072 power_two_sided 0.111/0.064 kurtosis 0.053/0.047 spec_cnn 0.090/0.068  (6s)
    JSR  -31.0 dB  BER 0.00e+00  PER 0.000  P(det)@0.05 naive/cfar power_one_sided 0.133/0.092 power_two_sided 0.113/0.070 kurtosis 0.051/0.047 spec_cnn 0.078/0.064  (6s)
    JSR  -30.0 dB  BER 0.00e+00  PER 0.000  P(det)@0.05 naive/cfar power_one_sided 0.109/0.084 power_two_sided 0.117/0.076 kurtosis 0.055/0.051 spec_cnn 0.064/0.053  (6s)
    JSR  -29.0 dB  BER 0.00e+00  PER 0.000  P(det)@0.05 naive/cfar power_one_sided 0.125/0.078 power_two_sided 0.131/0.084 kurtosis 0.043/0.041 spec_cnn 0.070/0.045  (7s)
    JSR  -28.0 dB  BER 0.00e+00  PER 0.000  P(det)@0.05 naive/cfar power_one_sided 0.123/0.080 power_two_sided 0.113/0.064 kurtosis 0.078/0.072 spec_cnn 0.049/0.037  (7s)
    JSR  -27.0 dB  BER 0.00e+00  PER 0.000  P(det)@0.05 naive/cfar power_one_sided 0.152/0.100 power_two_sided 0.146/0.100 kurtosis 0.064/0.059 spec_cnn 0.066/0.059  (7s)
    JSR  -26.0 dB  BER 0.00e+00  PER 0.000  P(det)@0.05 naive/cfar power_one_sided 0.174/0.109 power_two_sided 0.145/0.092 kurtosis 0.059/0.053 spec_cnn 0.078/0.061  (8s)
    JSR  -25.0 dB  BER 0.00e+00  PER 0.000  P(det)@0.05 naive/cfar power_one_sided 0.227/0.180 power_two_sided 0.211/0.160 kurtosis 0.064/0.055 spec_cnn 0.070/0.055  (8s)
    JSR  -24.0 dB  BER 5.34e-05  PER 0.014  P(det)@0.05 naive/cfar power_one_sided 0.221/0.158 power_two_sided 0.213/0.145 kurtosis 0.082/0.076 spec_cnn 0.062/0.041  (8s)
    JSR  -23.0 dB  BER 3.74e-04  PER 0.096  P(det)@0.05 naive/cfar power_one_sided 0.273/0.225 power_two_sided 0.260/0.193 kurtosis 0.117/0.111 spec_cnn 0.057/0.045  (9s)
    JSR  -22.0 dB  BER 7.78e-04  PER 0.199  P(det)@0.05 naive/cfar power_one_sided 0.307/0.244 power_two_sided 0.283/0.205 kurtosis 0.111/0.105 spec_cnn 0.078/0.061  (9s)
    JSR  -21.0 dB  BER 1.26e-03  PER 0.322  P(det)@0.05 naive/cfar power_one_sided 0.371/0.311 power_two_sided 0.352/0.273 kurtosis 0.193/0.191 spec_cnn 0.080/0.057  (9s)
    JSR  -20.0 dB  BER 1.72e-03  PER 0.434  P(det)@0.05 naive/cfar power_one_sided 0.434/0.385 power_two_sided 0.422/0.336 kurtosis 0.236/0.229 spec_cnn 0.094/0.070  (10s)
    JSR  -19.0 dB  BER 2.17e-03  PER 0.521  P(det)@0.05 naive/cfar power_one_sided 0.492/0.434 power_two_sided 0.461/0.398 kurtosis 0.336/0.328 spec_cnn 0.092/0.072  (10s)
    JSR  -18.0 dB  BER 2.73e-03  PER 0.605  P(det)@0.05 naive/cfar power_one_sided 0.535/0.498 power_two_sided 0.514/0.461 kurtosis 0.414/0.402 spec_cnn 0.084/0.072  (10s)
    JSR  -17.0 dB  BER 2.75e-03  PER 0.590  P(det)@0.05 naive/cfar power_one_sided 0.658/0.615 power_two_sided 0.627/0.582 kurtosis 0.529/0.527 spec_cnn 0.092/0.086  (10s)
    JSR  -16.0 dB  BER 3.13e-03  PER 0.645  P(det)@0.05 naive/cfar power_one_sided 0.688/0.643 power_two_sided 0.650/0.613 kurtosis 0.619/0.617 spec_cnn 0.107/0.082  (11s)
    JSR  -15.0 dB  BER 3.77e-03  PER 0.705  P(det)@0.05 naive/cfar power_one_sided 0.748/0.707 power_two_sided 0.717/0.684 kurtosis 0.646/0.643 spec_cnn 0.127/0.107  (11s)
    JSR  -14.0 dB  BER 3.97e-03  PER 0.721  P(det)@0.05 naive/cfar power_one_sided 0.848/0.809 power_two_sided 0.812/0.766 kurtosis 0.736/0.732 spec_cnn 0.107/0.078  (11s)
    JSR  -13.0 dB  BER 4.20e-03  PER 0.748  P(det)@0.05 naive/cfar power_one_sided 0.908/0.877 power_two_sided 0.873/0.855 kurtosis 0.795/0.793 spec_cnn 0.182/0.160  (12s)
    JSR  -12.0 dB  BER 4.15e-03  PER 0.734  P(det)@0.05 naive/cfar power_one_sided 0.969/0.953 power_two_sided 0.953/0.939 kurtosis 0.896/0.896 spec_cnn 0.197/0.168  (12s)
    JSR  -11.0 dB  BER 4.71e-03  PER 0.764  P(det)@0.05 naive/cfar power_one_sided 0.988/0.984 power_two_sided 0.984/0.973 kurtosis 0.961/0.959 spec_cnn 0.242/0.207  (12s)
    JSR  -10.0 dB  BER 4.83e-03  PER 0.801  P(det)@0.05 naive/cfar power_one_sided 1.000/1.000 power_two_sided 1.000/1.000 kurtosis 0.998/0.998 spec_cnn 0.348/0.309  (13s)
    JSR   -9.0 dB  BER 5.00e-03  PER 0.795  P(det)@0.05 naive/cfar power_one_sided 1.000/1.000 power_two_sided 1.000/1.000 kurtosis 1.000/1.000 spec_cnn 0.430/0.381  (13s)
    JSR   -8.0 dB  BER 5.91e-03  PER 0.854  P(det)@0.05 naive/cfar power_one_sided 1.000/1.000 power_two_sided 1.000/1.000 kurtosis 1.000/1.000 spec_cnn 0.596/0.531  (13s)
    JSR   -7.0 dB  BER 6.43e-03  PER 0.857  P(det)@0.05 naive/cfar power_one_sided 1.000/1.000 power_two_sided 1.000/1.000 kurtosis 1.000/1.000 spec_cnn 0.734/0.693  (14s)
    JSR   -6.0 dB  BER 6.71e-03  PER 0.893  P(det)@0.05 naive/cfar power_one_sided 1.000/1.000 power_two_sided 1.000/1.000 kurtosis 1.000/1.000 spec_cnn 0.832/0.787  (14s)
    JSR   -5.0 dB  BER 7.42e-03  PER 0.883  P(det)@0.05 naive/cfar power_one_sided 1.000/1.000 power_two_sided 1.000/1.000 kurtosis 1.000/1.000 spec_cnn 0.916/0.895  (14s)
    JSR   -4.0 dB  BER 7.82e-03  PER 0.877  P(det)@0.05 naive/cfar power_one_sided 1.000/1.000 power_two_sided 1.000/1.000 kurtosis 1.000/1.000 spec_cnn 0.977/0.969  (14s)
    JSR   -3.0 dB  BER 9.17e-03  PER 0.910  P(det)@0.05 naive/cfar power_one_sided 1.000/1.000 power_two_sided 1.000/1.000 kurtosis 1.000/1.000 spec_cnn 0.998/0.992  (15s)
    JSR   -2.0 dB  BER 9.86e-03  PER 0.943  P(det)@0.05 naive/cfar power_one_sided 1.000/1.000 power_two_sided 1.000/1.000 kurtosis 1.000/1.000 spec_cnn 0.998/0.998  (15s)
    JSR   -1.0 dB  BER 1.01e-02  PER 0.938  P(det)@0.05 naive/cfar power_one_sided 1.000/1.000 power_two_sided 1.000/1.000 kurtosis 1.000/1.000 spec_cnn 1.000/1.000  (15s)
    JSR   +0.0 dB  BER 1.07e-02  PER 0.945  P(det)@0.05 naive/cfar power_one_sided 1.000/1.000 power_two_sided 1.000/1.000 kurtosis 1.000/1.000 spec_cnn 1.000/1.000  (16s)
    JSR   +1.0 dB  BER 1.09e-02  PER 0.943  P(det)@0.05 naive/cfar power_one_sided 1.000/1.000 power_two_sided 1.000/1.000 kurtosis 1.000/1.000 spec_cnn 1.000/1.000  (16s)
    JSR   +2.0 dB  BER 1.22e-02  PER 0.959  P(det)@0.05 naive/cfar power_one_sided 1.000/1.000 power_two_sided 1.000/1.000 kurtosis 1.000/1.000 spec_cnn 1.000/1.000  (16s)
    JSR   +3.0 dB  BER 1.31e-02  PER 0.959  P(det)@0.05 naive/cfar power_one_sided 1.000/1.000 power_two_sided 1.000/1.000 kurtosis 1.000/1.000 spec_cnn 1.000/1.000  (17s)
    JSR   +4.0 dB  BER 1.39e-02  PER 0.957  P(det)@0.05 naive/cfar power_one_sided 1.000/1.000 power_two_sided 1.000/1.000 kurtosis 1.000/1.000 spec_cnn 1.000/1.000  (17s)
    JSR   +5.0 dB  BER 1.52e-02  PER 0.973  P(det)@0.05 naive/cfar power_one_sided 1.000/1.000 power_two_sided 1.000/1.000 kurtosis 1.000/1.000 spec_cnn 1.000/1.000  (17s)
    JSR   +6.0 dB  BER 1.50e-02  PER 0.984  P(det)@0.05 naive/cfar power_one_sided 1.000/1.000 power_two_sided 1.000/1.000 kurtosis 1.000/1.000 spec_cnn 1.000/1.000  (18s)
    JSR   +7.0 dB  BER 1.55e-02  PER 0.973  P(det)@0.05 naive/cfar power_one_sided 1.000/1.000 power_two_sided 1.000/1.000 kurtosis 1.000/1.000 spec_cnn 1.000/1.000  (18s)
    JSR   +8.0 dB  BER 1.69e-02  PER 0.986  P(det)@0.05 naive/cfar power_one_sided 1.000/1.000 power_two_sided 1.000/1.000 kurtosis 1.000/1.000 spec_cnn 1.000/1.000  (18s)
    JSR   +9.0 dB  BER 1.82e-02  PER 0.992  P(det)@0.05 naive/cfar power_one_sided 1.000/1.000 power_two_sided 1.000/1.000 kurtosis 1.000/1.000 spec_cnn 1.000/1.000  (18s)
    JSR  +10.0 dB  BER 1.79e-02  PER 0.994  P(det)@0.05 naive/cfar power_one_sided 1.000/1.000 power_two_sided 1.000/1.000 kurtosis 1.000/1.000 spec_cnn 1.000/1.000  (19s)
    JSR  +11.0 dB  BER 1.87e-02  PER 0.992  P(det)@0.05 naive/cfar power_one_sided 1.000/1.000 power_two_sided 1.000/1.000 kurtosis 1.000/1.000 spec_cnn 1.000/1.000  (19s)
    JSR  +12.0 dB  BER 1.94e-02  PER 0.998  P(det)@0.05 naive/cfar power_one_sided 1.000/1.000 power_two_sided 1.000/1.000 kurtosis 1.000/1.000 spec_cnn 1.000/1.000  (19s)
    JSR  +13.0 dB  BER 2.11e-02  PER 0.996  P(det)@0.05 naive/cfar power_one_sided 1.000/1.000 power_two_sided 1.000/1.000 kurtosis 1.000/1.000 spec_cnn 1.000/1.000  (20s)
    JSR  +14.0 dB  BER 2.26e-02  PER 0.996  P(det)@0.05 naive/cfar power_one_sided 1.000/1.000 power_two_sided 1.000/1.000 kurtosis 1.000/1.000 spec_cnn 1.000/1.000  (20s)
    JSR  +15.0 dB  BER 2.38e-02  PER 0.998  P(det)@0.05 naive/cfar power_one_sided 1.000/1.000 power_two_sided 1.000/1.000 kurtosis 1.000/1.000 spec_cnn 1.000/1.000  (20s)
  [snr_15_unc_0.5] spec_cnn_b10 done (1352s)
  [snr_15_unc_0.5] generator spec_cnn_b100 (scale 1.0000)
    JSR  -50.0 dB  BER 0.00e+00  PER 0.000  P(det)@0.05 naive/cfar power_one_sided 0.080/0.055 power_two_sided 0.102/0.055 kurtosis 0.066/0.066 spec_cnn 0.057/0.039  (0s)
    JSR  -49.0 dB  BER 0.00e+00  PER 0.000  P(det)@0.05 naive/cfar power_one_sided 0.062/0.031 power_two_sided 0.072/0.039 kurtosis 0.053/0.047 spec_cnn 0.064/0.049  (1s)
    JSR  -48.0 dB  BER 0.00e+00  PER 0.000  P(det)@0.05 naive/cfar power_one_sided 0.094/0.066 power_two_sided 0.104/0.064 kurtosis 0.057/0.051 spec_cnn 0.068/0.049  (1s)
    JSR  -47.0 dB  BER 0.00e+00  PER 0.000  P(det)@0.05 naive/cfar power_one_sided 0.068/0.037 power_two_sided 0.084/0.047 kurtosis 0.049/0.041 spec_cnn 0.062/0.049  (1s)
    JSR  -46.0 dB  BER 0.00e+00  PER 0.000  P(det)@0.05 naive/cfar power_one_sided 0.096/0.055 power_two_sided 0.098/0.055 kurtosis 0.041/0.037 spec_cnn 0.074/0.051  (2s)
    JSR  -45.0 dB  BER 0.00e+00  PER 0.000  P(det)@0.05 naive/cfar power_one_sided 0.078/0.053 power_two_sided 0.084/0.049 kurtosis 0.043/0.041 spec_cnn 0.051/0.033  (2s)
    JSR  -44.0 dB  BER 0.00e+00  PER 0.000  P(det)@0.05 naive/cfar power_one_sided 0.117/0.076 power_two_sided 0.109/0.062 kurtosis 0.055/0.047 spec_cnn 0.082/0.055  (2s)
    JSR  -43.0 dB  BER 0.00e+00  PER 0.000  P(det)@0.05 naive/cfar power_one_sided 0.062/0.033 power_two_sided 0.061/0.027 kurtosis 0.076/0.068 spec_cnn 0.068/0.051  (2s)
    JSR  -42.0 dB  BER 0.00e+00  PER 0.000  P(det)@0.05 naive/cfar power_one_sided 0.062/0.039 power_two_sided 0.092/0.061 kurtosis 0.064/0.059 spec_cnn 0.070/0.055  (3s)
    JSR  -41.0 dB  BER 0.00e+00  PER 0.000  P(det)@0.05 naive/cfar power_one_sided 0.078/0.051 power_two_sided 0.082/0.049 kurtosis 0.051/0.047 spec_cnn 0.051/0.043  (3s)
    JSR  -40.0 dB  BER 0.00e+00  PER 0.000  P(det)@0.05 naive/cfar power_one_sided 0.084/0.053 power_two_sided 0.080/0.033 kurtosis 0.057/0.049 spec_cnn 0.084/0.064  (3s)
    JSR  -39.0 dB  BER 0.00e+00  PER 0.000  P(det)@0.05 naive/cfar power_one_sided 0.059/0.039 power_two_sided 0.078/0.043 kurtosis 0.053/0.047 spec_cnn 0.076/0.047  (4s)
    JSR  -38.0 dB  BER 0.00e+00  PER 0.000  P(det)@0.05 naive/cfar power_one_sided 0.090/0.057 power_two_sided 0.092/0.057 kurtosis 0.047/0.047 spec_cnn 0.051/0.039  (4s)
    JSR  -37.0 dB  BER 0.00e+00  PER 0.000  P(det)@0.05 naive/cfar power_one_sided 0.062/0.029 power_two_sided 0.066/0.047 kurtosis 0.047/0.045 spec_cnn 0.080/0.059  (4s)
    JSR  -36.0 dB  BER 0.00e+00  PER 0.000  P(det)@0.05 naive/cfar power_one_sided 0.096/0.059 power_two_sided 0.098/0.053 kurtosis 0.053/0.045 spec_cnn 0.062/0.051  (5s)
    JSR  -35.0 dB  BER 0.00e+00  PER 0.000  P(det)@0.05 naive/cfar power_one_sided 0.082/0.039 power_two_sided 0.078/0.041 kurtosis 0.045/0.039 spec_cnn 0.057/0.045  (5s)
    JSR  -34.0 dB  BER 0.00e+00  PER 0.000  P(det)@0.05 naive/cfar power_one_sided 0.096/0.061 power_two_sided 0.090/0.049 kurtosis 0.051/0.049 spec_cnn 0.064/0.051  (5s)
    JSR  -33.0 dB  BER 0.00e+00  PER 0.000  P(det)@0.05 naive/cfar power_one_sided 0.092/0.055 power_two_sided 0.094/0.064 kurtosis 0.055/0.049 spec_cnn 0.076/0.049  (5s)
    JSR  -32.0 dB  BER 0.00e+00  PER 0.000  P(det)@0.05 naive/cfar power_one_sided 0.084/0.047 power_two_sided 0.086/0.051 kurtosis 0.053/0.049 spec_cnn 0.055/0.035  (6s)
    JSR  -31.0 dB  BER 0.00e+00  PER 0.000  P(det)@0.05 naive/cfar power_one_sided 0.111/0.076 power_two_sided 0.107/0.062 kurtosis 0.053/0.053 spec_cnn 0.078/0.064  (6s)
    JSR  -30.0 dB  BER 0.00e+00  PER 0.000  P(det)@0.05 naive/cfar power_one_sided 0.102/0.068 power_two_sided 0.098/0.061 kurtosis 0.068/0.064 spec_cnn 0.078/0.059  (6s)
    JSR  -29.0 dB  BER 0.00e+00  PER 0.000  P(det)@0.05 naive/cfar power_one_sided 0.113/0.082 power_two_sided 0.115/0.062 kurtosis 0.049/0.043 spec_cnn 0.082/0.064  (7s)
    JSR  -28.0 dB  BER 0.00e+00  PER 0.000  P(det)@0.05 naive/cfar power_one_sided 0.137/0.100 power_two_sided 0.141/0.094 kurtosis 0.047/0.045 spec_cnn 0.082/0.062  (7s)
    JSR  -27.0 dB  BER 0.00e+00  PER 0.000  P(det)@0.05 naive/cfar power_one_sided 0.121/0.082 power_two_sided 0.129/0.076 kurtosis 0.082/0.078 spec_cnn 0.062/0.049  (7s)
    JSR  -26.0 dB  BER 0.00e+00  PER 0.000  P(det)@0.05 naive/cfar power_one_sided 0.152/0.107 power_two_sided 0.148/0.090 kurtosis 0.074/0.072 spec_cnn 0.096/0.068  (8s)
    JSR  -25.0 dB  BER 0.00e+00  PER 0.000  P(det)@0.05 naive/cfar power_one_sided 0.180/0.137 power_two_sided 0.176/0.105 kurtosis 0.053/0.049 spec_cnn 0.088/0.074  (8s)
    JSR  -24.0 dB  BER 0.00e+00  PER 0.000  P(det)@0.05 naive/cfar power_one_sided 0.234/0.156 power_two_sided 0.182/0.125 kurtosis 0.062/0.061 spec_cnn 0.066/0.057  (8s)
    JSR  -23.0 dB  BER 3.81e-05  PER 0.010  P(det)@0.05 naive/cfar power_one_sided 0.252/0.199 power_two_sided 0.227/0.168 kurtosis 0.068/0.064 spec_cnn 0.070/0.064  (9s)
    JSR  -22.0 dB  BER 3.51e-04  PER 0.090  P(det)@0.05 naive/cfar power_one_sided 0.330/0.240 power_two_sided 0.273/0.201 kurtosis 0.105/0.100 spec_cnn 0.098/0.078  (9s)
    JSR  -21.0 dB  BER 8.93e-04  PER 0.229  P(det)@0.05 naive/cfar power_one_sided 0.369/0.301 power_two_sided 0.328/0.252 kurtosis 0.127/0.119 spec_cnn 0.094/0.078  (9s)
    JSR  -20.0 dB  BER 1.30e-03  PER 0.334  P(det)@0.05 naive/cfar power_one_sided 0.436/0.373 power_two_sided 0.398/0.354 kurtosis 0.170/0.166 spec_cnn 0.107/0.086  (9s)
    JSR  -19.0 dB  BER 1.64e-03  PER 0.416  P(det)@0.05 naive/cfar power_one_sided 0.520/0.439 power_two_sided 0.463/0.387 kurtosis 0.244/0.229 spec_cnn 0.111/0.086  (10s)
    JSR  -18.0 dB  BER 1.91e-03  PER 0.455  P(det)@0.05 naive/cfar power_one_sided 0.605/0.568 power_two_sided 0.588/0.529 kurtosis 0.354/0.350 spec_cnn 0.131/0.105  (10s)
    JSR  -17.0 dB  BER 2.67e-03  PER 0.600  P(det)@0.05 naive/cfar power_one_sided 0.658/0.604 power_two_sided 0.611/0.570 kurtosis 0.430/0.426 spec_cnn 0.162/0.125  (10s)
    JSR  -16.0 dB  BER 2.73e-03  PER 0.572  P(det)@0.05 naive/cfar power_one_sided 0.748/0.717 power_two_sided 0.719/0.664 kurtosis 0.551/0.537 spec_cnn 0.230/0.201  (11s)
    JSR  -15.0 dB  BER 3.30e-03  PER 0.672  P(det)@0.05 naive/cfar power_one_sided 0.809/0.770 power_two_sided 0.771/0.734 kurtosis 0.602/0.600 spec_cnn 0.250/0.207  (11s)
    JSR  -14.0 dB  BER 3.59e-03  PER 0.693  P(det)@0.05 naive/cfar power_one_sided 0.881/0.850 power_two_sided 0.850/0.820 kurtosis 0.719/0.715 spec_cnn 0.326/0.277  (11s)
    JSR  -13.0 dB  BER 3.68e-03  PER 0.689  P(det)@0.05 naive/cfar power_one_sided 0.955/0.932 power_two_sided 0.932/0.920 kurtosis 0.801/0.797 spec_cnn 0.451/0.393  (12s)
    JSR  -12.0 dB  BER 4.01e-03  PER 0.719  P(det)@0.05 naive/cfar power_one_sided 0.984/0.973 power_two_sided 0.971/0.961 kurtosis 0.865/0.863 spec_cnn 0.639/0.557  (12s)
    JSR  -11.0 dB  BER 4.38e-03  PER 0.791  P(det)@0.05 naive/cfar power_one_sided 0.998/0.998 power_two_sided 0.998/0.994 kurtosis 0.928/0.928 spec_cnn 0.762/0.717  (12s)
    JSR  -10.0 dB  BER 4.88e-03  PER 0.785  P(det)@0.05 naive/cfar power_one_sided 1.000/1.000 power_two_sided 1.000/1.000 kurtosis 0.984/0.984 spec_cnn 0.889/0.848  (13s)
    JSR   -9.0 dB  BER 5.42e-03  PER 0.812  P(det)@0.05 naive/cfar power_one_sided 1.000/1.000 power_two_sided 1.000/1.000 kurtosis 0.996/0.996 spec_cnn 0.969/0.959  (13s)
    JSR   -8.0 dB  BER 6.01e-03  PER 0.828  P(det)@0.05 naive/cfar power_one_sided 1.000/1.000 power_two_sided 1.000/1.000 kurtosis 1.000/1.000 spec_cnn 0.992/0.992  (13s)
    JSR   -7.0 dB  BER 6.66e-03  PER 0.869  P(det)@0.05 naive/cfar power_one_sided 1.000/1.000 power_two_sided 1.000/1.000 kurtosis 1.000/1.000 spec_cnn 1.000/1.000  (13s)
    JSR   -6.0 dB  BER 7.55e-03  PER 0.893  P(det)@0.05 naive/cfar power_one_sided 1.000/1.000 power_two_sided 1.000/1.000 kurtosis 1.000/1.000 spec_cnn 1.000/1.000  (14s)
    JSR   -5.0 dB  BER 7.90e-03  PER 0.889  P(det)@0.05 naive/cfar power_one_sided 1.000/1.000 power_two_sided 1.000/1.000 kurtosis 1.000/1.000 spec_cnn 1.000/1.000  (14s)
    JSR   -4.0 dB  BER 8.72e-03  PER 0.910  P(det)@0.05 naive/cfar power_one_sided 1.000/1.000 power_two_sided 1.000/1.000 kurtosis 1.000/1.000 spec_cnn 1.000/1.000  (14s)
    JSR   -3.0 dB  BER 9.58e-03  PER 0.932  P(det)@0.05 naive/cfar power_one_sided 1.000/1.000 power_two_sided 1.000/1.000 kurtosis 1.000/1.000 spec_cnn 1.000/1.000  (15s)
    JSR   -2.0 dB  BER 1.02e-02  PER 0.930  P(det)@0.05 naive/cfar power_one_sided 1.000/1.000 power_two_sided 1.000/1.000 kurtosis 1.000/1.000 spec_cnn 1.000/1.000  (15s)
    JSR   -1.0 dB  BER 1.12e-02  PER 0.957  P(det)@0.05 naive/cfar power_one_sided 1.000/1.000 power_two_sided 1.000/1.000 kurtosis 1.000/1.000 spec_cnn 1.000/1.000  (15s)
    JSR   +0.0 dB  BER 1.14e-02  PER 0.926  P(det)@0.05 naive/cfar power_one_sided 1.000/1.000 power_two_sided 1.000/1.000 kurtosis 1.000/1.000 spec_cnn 1.000/1.000  (16s)
    JSR   +1.0 dB  BER 1.26e-02  PER 0.949  P(det)@0.05 naive/cfar power_one_sided 1.000/1.000 power_two_sided 1.000/1.000 kurtosis 1.000/1.000 spec_cnn 1.000/1.000  (16s)
    JSR   +2.0 dB  BER 1.41e-02  PER 0.951  P(det)@0.05 naive/cfar power_one_sided 1.000/1.000 power_two_sided 1.000/1.000 kurtosis 1.000/1.000 spec_cnn 1.000/1.000  (16s)
    JSR   +3.0 dB  BER 1.46e-02  PER 0.969  P(det)@0.05 naive/cfar power_one_sided 1.000/1.000 power_two_sided 1.000/1.000 kurtosis 1.000/1.000 spec_cnn 1.000/1.000  (17s)
    JSR   +4.0 dB  BER 1.54e-02  PER 0.973  P(det)@0.05 naive/cfar power_one_sided 1.000/1.000 power_two_sided 1.000/1.000 kurtosis 1.000/1.000 spec_cnn 1.000/1.000  (17s)
    JSR   +5.0 dB  BER 1.74e-02  PER 0.982  P(det)@0.05 naive/cfar power_one_sided 1.000/1.000 power_two_sided 1.000/1.000 kurtosis 1.000/1.000 spec_cnn 1.000/1.000  (17s)
    JSR   +6.0 dB  BER 1.88e-02  PER 0.992  P(det)@0.05 naive/cfar power_one_sided 1.000/1.000 power_two_sided 1.000/1.000 kurtosis 1.000/1.000 spec_cnn 1.000/1.000  (17s)
    JSR   +7.0 dB  BER 2.04e-02  PER 0.992  P(det)@0.05 naive/cfar power_one_sided 1.000/1.000 power_two_sided 1.000/1.000 kurtosis 1.000/1.000 spec_cnn 1.000/1.000  (18s)
    JSR   +8.0 dB  BER 2.20e-02  PER 0.998  P(det)@0.05 naive/cfar power_one_sided 1.000/1.000 power_two_sided 1.000/1.000 kurtosis 1.000/1.000 spec_cnn 1.000/1.000  (18s)
    JSR   +9.0 dB  BER 2.44e-02  PER 0.998  P(det)@0.05 naive/cfar power_one_sided 1.000/1.000 power_two_sided 1.000/1.000 kurtosis 1.000/1.000 spec_cnn 1.000/1.000  (18s)
    JSR  +10.0 dB  BER 2.83e-02  PER 1.000  P(det)@0.05 naive/cfar power_one_sided 1.000/1.000 power_two_sided 1.000/1.000 kurtosis 1.000/1.000 spec_cnn 1.000/1.000  (19s)
    JSR  +11.0 dB  BER 3.18e-02  PER 1.000  P(det)@0.05 naive/cfar power_one_sided 1.000/1.000 power_two_sided 1.000/1.000 kurtosis 1.000/1.000 spec_cnn 1.000/1.000  (19s)
    JSR  +12.0 dB  BER 3.57e-02  PER 1.000  P(det)@0.05 naive/cfar power_one_sided 1.000/1.000 power_two_sided 1.000/1.000 kurtosis 1.000/1.000 spec_cnn 1.000/1.000  (19s)
    JSR  +13.0 dB  BER 4.06e-02  PER 1.000  P(det)@0.05 naive/cfar power_one_sided 1.000/1.000 power_two_sided 1.000/1.000 kurtosis 1.000/1.000 spec_cnn 1.000/1.000  (20s)
    JSR  +14.0 dB  BER 4.62e-02  PER 1.000  P(det)@0.05 naive/cfar power_one_sided 1.000/1.000 power_two_sided 1.000/1.000 kurtosis 1.000/1.000 spec_cnn 1.000/1.000  (20s)
    JSR  +15.0 dB  BER 5.06e-02  PER 1.000  P(det)@0.05 naive/cfar power_one_sided 1.000/1.000 power_two_sided 1.000/1.000 kurtosis 1.000/1.000 spec_cnn 1.000/1.000  (20s)
  [snr_15_unc_0.5] spec_cnn_b100 done (1412s)
  [snr_15_unc_0.5] generator spec_cnn_b1000 (scale 1.0000)
    JSR  -50.0 dB  BER 0.00e+00  PER 0.000  P(det)@0.05 naive/cfar power_one_sided 0.072/0.047 power_two_sided 0.094/0.047 kurtosis 0.037/0.031 spec_cnn 0.068/0.057  (0s)
    JSR  -49.0 dB  BER 0.00e+00  PER 0.000  P(det)@0.05 naive/cfar power_one_sided 0.072/0.045 power_two_sided 0.080/0.055 kurtosis 0.055/0.049 spec_cnn 0.086/0.076  (1s)
    JSR  -48.0 dB  BER 0.00e+00  PER 0.000  P(det)@0.05 naive/cfar power_one_sided 0.070/0.045 power_two_sided 0.062/0.031 kurtosis 0.055/0.055 spec_cnn 0.076/0.055  (1s)
    JSR  -47.0 dB  BER 0.00e+00  PER 0.000  P(det)@0.05 naive/cfar power_one_sided 0.090/0.057 power_two_sided 0.094/0.041 kurtosis 0.047/0.045 spec_cnn 0.055/0.041  (1s)
    JSR  -46.0 dB  BER 0.00e+00  PER 0.000  P(det)@0.05 naive/cfar power_one_sided 0.090/0.057 power_two_sided 0.096/0.064 kurtosis 0.045/0.045 spec_cnn 0.076/0.061  (2s)
    JSR  -45.0 dB  BER 0.00e+00  PER 0.000  P(det)@0.05 naive/cfar power_one_sided 0.088/0.061 power_two_sided 0.105/0.057 kurtosis 0.037/0.037 spec_cnn 0.066/0.055  (2s)
    JSR  -44.0 dB  BER 0.00e+00  PER 0.000  P(det)@0.05 naive/cfar power_one_sided 0.064/0.049 power_two_sided 0.078/0.045 kurtosis 0.055/0.053 spec_cnn 0.072/0.055  (2s)
    JSR  -43.0 dB  BER 0.00e+00  PER 0.000  P(det)@0.05 naive/cfar power_one_sided 0.086/0.061 power_two_sided 0.117/0.062 kurtosis 0.061/0.055 spec_cnn 0.080/0.070  (2s)
    JSR  -42.0 dB  BER 0.00e+00  PER 0.000  P(det)@0.05 naive/cfar power_one_sided 0.080/0.059 power_two_sided 0.082/0.049 kurtosis 0.043/0.037 spec_cnn 0.061/0.039  (3s)
    JSR  -41.0 dB  BER 0.00e+00  PER 0.000  P(det)@0.05 naive/cfar power_one_sided 0.074/0.051 power_two_sided 0.088/0.043 kurtosis 0.051/0.041 spec_cnn 0.055/0.037  (3s)
    JSR  -40.0 dB  BER 0.00e+00  PER 0.000  P(det)@0.05 naive/cfar power_one_sided 0.090/0.049 power_two_sided 0.094/0.047 kurtosis 0.055/0.047 spec_cnn 0.059/0.033  (3s)
    JSR  -39.0 dB  BER 0.00e+00  PER 0.000  P(det)@0.05 naive/cfar power_one_sided 0.098/0.061 power_two_sided 0.092/0.062 kurtosis 0.047/0.043 spec_cnn 0.061/0.049  (4s)
    JSR  -38.0 dB  BER 0.00e+00  PER 0.000  P(det)@0.05 naive/cfar power_one_sided 0.074/0.033 power_two_sided 0.066/0.041 kurtosis 0.049/0.049 spec_cnn 0.078/0.061  (4s)
    JSR  -37.0 dB  BER 0.00e+00  PER 0.000  P(det)@0.05 naive/cfar power_one_sided 0.068/0.047 power_two_sided 0.086/0.061 kurtosis 0.045/0.045 spec_cnn 0.064/0.051  (4s)
    JSR  -36.0 dB  BER 0.00e+00  PER 0.000  P(det)@0.05 naive/cfar power_one_sided 0.113/0.066 power_two_sided 0.115/0.057 kurtosis 0.057/0.053 spec_cnn 0.082/0.064  (5s)
    JSR  -35.0 dB  BER 0.00e+00  PER 0.000  P(det)@0.05 naive/cfar power_one_sided 0.119/0.074 power_two_sided 0.094/0.062 kurtosis 0.053/0.053 spec_cnn 0.111/0.088  (5s)
    JSR  -34.0 dB  BER 0.00e+00  PER 0.000  P(det)@0.05 naive/cfar power_one_sided 0.082/0.057 power_two_sided 0.096/0.057 kurtosis 0.061/0.055 spec_cnn 0.059/0.053  (5s)
    JSR  -33.0 dB  BER 0.00e+00  PER 0.000  P(det)@0.05 naive/cfar power_one_sided 0.098/0.064 power_two_sided 0.086/0.053 kurtosis 0.061/0.057 spec_cnn 0.094/0.068  (5s)
    JSR  -32.0 dB  BER 0.00e+00  PER 0.000  P(det)@0.05 naive/cfar power_one_sided 0.078/0.047 power_two_sided 0.074/0.047 kurtosis 0.062/0.057 spec_cnn 0.100/0.076  (6s)
    JSR  -31.0 dB  BER 0.00e+00  PER 0.000  P(det)@0.05 naive/cfar power_one_sided 0.111/0.082 power_two_sided 0.098/0.061 kurtosis 0.055/0.051 spec_cnn 0.076/0.055  (6s)
    JSR  -30.0 dB  BER 0.00e+00  PER 0.000  P(det)@0.05 naive/cfar power_one_sided 0.082/0.051 power_two_sided 0.078/0.041 kurtosis 0.061/0.055 spec_cnn 0.078/0.057  (6s)
    JSR  -29.0 dB  BER 0.00e+00  PER 0.000  P(det)@0.05 naive/cfar power_one_sided 0.107/0.080 power_two_sided 0.102/0.068 kurtosis 0.049/0.043 spec_cnn 0.082/0.059  (7s)
    JSR  -28.0 dB  BER 0.00e+00  PER 0.000  P(det)@0.05 naive/cfar power_one_sided 0.125/0.092 power_two_sided 0.115/0.080 kurtosis 0.061/0.051 spec_cnn 0.086/0.070  (7s)
    JSR  -27.0 dB  BER 0.00e+00  PER 0.000  P(det)@0.05 naive/cfar power_one_sided 0.145/0.092 power_two_sided 0.113/0.066 kurtosis 0.051/0.049 spec_cnn 0.086/0.072  (7s)
    JSR  -26.0 dB  BER 0.00e+00  PER 0.000  P(det)@0.05 naive/cfar power_one_sided 0.158/0.113 power_two_sided 0.131/0.068 kurtosis 0.086/0.080 spec_cnn 0.107/0.088  (8s)
    JSR  -25.0 dB  BER 0.00e+00  PER 0.000  P(det)@0.05 naive/cfar power_one_sided 0.174/0.123 power_two_sided 0.135/0.104 kurtosis 0.051/0.049 spec_cnn 0.102/0.086  (8s)
    JSR  -24.0 dB  BER 0.00e+00  PER 0.000  P(det)@0.05 naive/cfar power_one_sided 0.209/0.154 power_two_sided 0.168/0.121 kurtosis 0.061/0.055 spec_cnn 0.133/0.102  (8s)
    JSR  -23.0 dB  BER 0.00e+00  PER 0.000  P(det)@0.05 naive/cfar power_one_sided 0.232/0.160 power_two_sided 0.154/0.117 kurtosis 0.039/0.037 spec_cnn 0.119/0.102  (9s)
    JSR  -22.0 dB  BER 0.00e+00  PER 0.000  P(det)@0.05 naive/cfar power_one_sided 0.318/0.234 power_two_sided 0.242/0.180 kurtosis 0.051/0.047 spec_cnn 0.176/0.143  (9s)
    JSR  -21.0 dB  BER 0.00e+00  PER 0.000  P(det)@0.05 naive/cfar power_one_sided 0.354/0.252 power_two_sided 0.250/0.160 kurtosis 0.068/0.068 spec_cnn 0.189/0.164  (9s)
    JSR  -20.0 dB  BER 0.00e+00  PER 0.000  P(det)@0.05 naive/cfar power_one_sided 0.447/0.359 power_two_sided 0.352/0.285 kurtosis 0.084/0.078 spec_cnn 0.211/0.170  (9s)
    JSR  -19.0 dB  BER 0.00e+00  PER 0.000  P(det)@0.05 naive/cfar power_one_sided 0.580/0.502 power_two_sided 0.494/0.406 kurtosis 0.082/0.074 spec_cnn 0.273/0.234  (10s)
    JSR  -18.0 dB  BER 0.00e+00  PER 0.000  P(det)@0.05 naive/cfar power_one_sided 0.736/0.633 power_two_sided 0.635/0.576 kurtosis 0.086/0.084 spec_cnn 0.391/0.318  (10s)
    JSR  -17.0 dB  BER 0.00e+00  PER 0.000  P(det)@0.05 naive/cfar power_one_sided 0.830/0.762 power_two_sided 0.760/0.689 kurtosis 0.145/0.143 spec_cnn 0.498/0.426  (10s)
    JSR  -16.0 dB  BER 0.00e+00  PER 0.000  P(det)@0.05 naive/cfar power_one_sided 0.916/0.873 power_two_sided 0.871/0.828 kurtosis 0.203/0.189 spec_cnn 0.676/0.611  (11s)
    JSR  -15.0 dB  BER 0.00e+00  PER 0.000  P(det)@0.05 naive/cfar power_one_sided 0.982/0.977 power_two_sided 0.977/0.961 kurtosis 0.285/0.275 spec_cnn 0.756/0.703  (11s)
    JSR  -14.0 dB  BER 0.00e+00  PER 0.000  P(det)@0.05 naive/cfar power_one_sided 0.998/0.998 power_two_sided 0.998/0.994 kurtosis 0.373/0.363 spec_cnn 0.922/0.877  (11s)
    JSR  -13.0 dB  BER 0.00e+00  PER 0.000  P(det)@0.05 naive/cfar power_one_sided 1.000/1.000 power_two_sided 1.000/1.000 kurtosis 0.514/0.496 spec_cnn 0.969/0.955  (12s)
    JSR  -12.0 dB  BER 0.00e+00  PER 0.000  P(det)@0.05 naive/cfar power_one_sided 1.000/1.000 power_two_sided 1.000/1.000 kurtosis 0.660/0.641 spec_cnn 0.994/0.988  (12s)
    JSR  -11.0 dB  BER 0.00e+00  PER 0.000  P(det)@0.05 naive/cfar power_one_sided 1.000/1.000 power_two_sided 1.000/1.000 kurtosis 0.840/0.828 spec_cnn 1.000/0.998  (12s)
    JSR  -10.0 dB  BER 0.00e+00  PER 0.000  P(det)@0.05 naive/cfar power_one_sided 1.000/1.000 power_two_sided 1.000/1.000 kurtosis 0.943/0.943 spec_cnn 1.000/1.000  (13s)
    JSR   -9.0 dB  BER 0.00e+00  PER 0.000  P(det)@0.05 naive/cfar power_one_sided 1.000/1.000 power_two_sided 1.000/1.000 kurtosis 0.977/0.977 spec_cnn 1.000/1.000  (13s)
    JSR   -8.0 dB  BER 0.00e+00  PER 0.000  P(det)@0.05 naive/cfar power_one_sided 1.000/1.000 power_two_sided 1.000/1.000 kurtosis 1.000/0.998 spec_cnn 1.000/1.000  (13s)
    JSR   -7.0 dB  BER 3.81e-05  PER 0.010  P(det)@0.05 naive/cfar power_one_sided 1.000/1.000 power_two_sided 1.000/1.000 kurtosis 1.000/1.000 spec_cnn 1.000/1.000  (13s)
    JSR   -6.0 dB  BER 3.13e-04  PER 0.080  P(det)@0.05 naive/cfar power_one_sided 1.000/1.000 power_two_sided 1.000/1.000 kurtosis 1.000/1.000 spec_cnn 1.000/1.000  (14s)
    JSR   -5.0 dB  BER 7.48e-04  PER 0.191  P(det)@0.05 naive/cfar power_one_sided 1.000/1.000 power_two_sided 1.000/1.000 kurtosis 1.000/1.000 spec_cnn 1.000/1.000  (14s)
    JSR   -4.0 dB  BER 1.06e-03  PER 0.270  P(det)@0.05 naive/cfar power_one_sided 1.000/1.000 power_two_sided 1.000/1.000 kurtosis 1.000/1.000 spec_cnn 1.000/1.000  (14s)
    JSR   -3.0 dB  BER 1.43e-03  PER 0.357  P(det)@0.05 naive/cfar power_one_sided 1.000/1.000 power_two_sided 1.000/1.000 kurtosis 1.000/1.000 spec_cnn 1.000/1.000  (15s)
    JSR   -2.0 dB  BER 1.85e-03  PER 0.443  P(det)@0.05 naive/cfar power_one_sided 1.000/1.000 power_two_sided 1.000/1.000 kurtosis 1.000/1.000 spec_cnn 1.000/1.000  (15s)
    JSR   -1.0 dB  BER 3.20e-03  PER 0.631  P(det)@0.05 naive/cfar power_one_sided 1.000/1.000 power_two_sided 1.000/1.000 kurtosis 0.998/0.998 spec_cnn 1.000/1.000  (15s)
    JSR   +0.0 dB  BER 4.51e-03  PER 0.752  P(det)@0.05 naive/cfar power_one_sided 1.000/1.000 power_two_sided 1.000/1.000 kurtosis 0.973/0.971 spec_cnn 1.000/1.000  (16s)
    JSR   +1.0 dB  BER 8.70e-03  PER 0.932  P(det)@0.05 naive/cfar power_one_sided 1.000/1.000 power_two_sided 1.000/1.000 kurtosis 0.822/0.820 spec_cnn 1.000/1.000  (16s)
    JSR   +2.0 dB  BER 1.58e-02  PER 0.986  P(det)@0.05 naive/cfar power_one_sided 1.000/1.000 power_two_sided 1.000/1.000 kurtosis 0.680/0.674 spec_cnn 1.000/1.000  (16s)
    JSR   +3.0 dB  BER 2.80e-02  PER 1.000  P(det)@0.05 naive/cfar power_one_sided 1.000/1.000 power_two_sided 1.000/1.000 kurtosis 0.746/0.742 spec_cnn 1.000/1.000  (17s)
    JSR   +4.0 dB  BER 4.46e-02  PER 1.000  P(det)@0.05 naive/cfar power_one_sided 1.000/1.000 power_two_sided 1.000/1.000 kurtosis 0.783/0.777 spec_cnn 1.000/1.000  (17s)
    JSR   +5.0 dB  BER 6.61e-02  PER 1.000  P(det)@0.05 naive/cfar power_one_sided 1.000/1.000 power_two_sided 1.000/1.000 kurtosis 0.826/0.822 spec_cnn 1.000/1.000  (17s)
    JSR   +6.0 dB  BER 8.77e-02  PER 1.000  P(det)@0.05 naive/cfar power_one_sided 1.000/1.000 power_two_sided 1.000/1.000 kurtosis 0.826/0.818 spec_cnn 1.000/1.000  (17s)
    JSR   +7.0 dB  BER 1.14e-01  PER 1.000  P(det)@0.05 naive/cfar power_one_sided 1.000/1.000 power_two_sided 1.000/1.000 kurtosis 0.869/0.865 spec_cnn 1.000/1.000  (18s)
    JSR   +8.0 dB  BER 1.41e-01  PER 1.000  P(det)@0.05 naive/cfar power_one_sided 1.000/1.000 power_two_sided 1.000/1.000 kurtosis 0.859/0.855 spec_cnn 1.000/1.000  (18s)
    JSR   +9.0 dB  BER 1.67e-01  PER 1.000  P(det)@0.05 naive/cfar power_one_sided 1.000/1.000 power_two_sided 1.000/1.000 kurtosis 0.895/0.889 spec_cnn 1.000/1.000  (18s)
    JSR  +10.0 dB  BER 1.97e-01  PER 1.000  P(det)@0.05 naive/cfar power_one_sided 1.000/1.000 power_two_sided 1.000/1.000 kurtosis 0.879/0.879 spec_cnn 1.000/1.000  (19s)
    JSR  +11.0 dB  BER 2.25e-01  PER 1.000  P(det)@0.05 naive/cfar power_one_sided 1.000/1.000 power_two_sided 1.000/1.000 kurtosis 0.854/0.852 spec_cnn 1.000/1.000  (19s)
    JSR  +12.0 dB  BER 2.48e-01  PER 1.000  P(det)@0.05 naive/cfar power_one_sided 1.000/1.000 power_two_sided 1.000/1.000 kurtosis 0.875/0.873 spec_cnn 1.000/1.000  (19s)
    JSR  +13.0 dB  BER 2.72e-01  PER 1.000  P(det)@0.05 naive/cfar power_one_sided 1.000/1.000 power_two_sided 1.000/1.000 kurtosis 0.863/0.863 spec_cnn 1.000/1.000  (20s)
    JSR  +14.0 dB  BER 2.94e-01  PER 1.000  P(det)@0.05 naive/cfar power_one_sided 1.000/1.000 power_two_sided 1.000/1.000 kurtosis 0.848/0.842 spec_cnn 1.000/1.000  (20s)
    JSR  +15.0 dB  BER 3.17e-01  PER 1.000  P(det)@0.05 naive/cfar power_one_sided 1.000/1.000 power_two_sided 1.000/1.000 kurtosis 0.885/0.883 spec_cnn 1.000/1.000  (20s)
  [snr_15_unc_0.5] spec_cnn_b1000 done (1471s)
  [snr_15_unc_0.5] generator spec_cnn_b10000 (scale 1.0000)
    JSR  -50.0 dB  BER 0.00e+00  PER 0.000  P(det)@0.05 naive/cfar power_one_sided 0.062/0.045 power_two_sided 0.090/0.057 kurtosis 0.051/0.047 spec_cnn 0.062/0.051  (0s)
    JSR  -49.0 dB  BER 0.00e+00  PER 0.000  P(det)@0.05 naive/cfar power_one_sided 0.098/0.057 power_two_sided 0.092/0.053 kurtosis 0.068/0.062 spec_cnn 0.068/0.061  (1s)
    JSR  -48.0 dB  BER 0.00e+00  PER 0.000  P(det)@0.05 naive/cfar power_one_sided 0.086/0.049 power_two_sided 0.078/0.053 kurtosis 0.053/0.051 spec_cnn 0.070/0.053  (1s)
    JSR  -47.0 dB  BER 0.00e+00  PER 0.000  P(det)@0.05 naive/cfar power_one_sided 0.064/0.043 power_two_sided 0.072/0.037 kurtosis 0.041/0.041 spec_cnn 0.057/0.045  (1s)
    JSR  -46.0 dB  BER 0.00e+00  PER 0.000  P(det)@0.05 naive/cfar power_one_sided 0.082/0.045 power_two_sided 0.100/0.055 kurtosis 0.066/0.057 spec_cnn 0.045/0.031  (2s)
    JSR  -45.0 dB  BER 0.00e+00  PER 0.000  P(det)@0.05 naive/cfar power_one_sided 0.068/0.043 power_two_sided 0.068/0.035 kurtosis 0.062/0.055 spec_cnn 0.043/0.037  (2s)
    JSR  -44.0 dB  BER 0.00e+00  PER 0.000  P(det)@0.05 naive/cfar power_one_sided 0.088/0.047 power_two_sided 0.082/0.049 kurtosis 0.047/0.047 spec_cnn 0.066/0.062  (2s)
    JSR  -43.0 dB  BER 0.00e+00  PER 0.000  P(det)@0.05 naive/cfar power_one_sided 0.088/0.059 power_two_sided 0.100/0.059 kurtosis 0.078/0.068 spec_cnn 0.061/0.051  (2s)
    JSR  -42.0 dB  BER 0.00e+00  PER 0.000  P(det)@0.05 naive/cfar power_one_sided 0.088/0.043 power_two_sided 0.064/0.047 kurtosis 0.059/0.055 spec_cnn 0.057/0.043  (3s)
    JSR  -41.0 dB  BER 0.00e+00  PER 0.000  P(det)@0.05 naive/cfar power_one_sided 0.068/0.041 power_two_sided 0.084/0.041 kurtosis 0.062/0.055 spec_cnn 0.072/0.055  (3s)
    JSR  -40.0 dB  BER 0.00e+00  PER 0.000  P(det)@0.05 naive/cfar power_one_sided 0.076/0.055 power_two_sided 0.080/0.037 kurtosis 0.055/0.047 spec_cnn 0.074/0.049  (3s)
    JSR  -39.0 dB  BER 0.00e+00  PER 0.000  P(det)@0.05 naive/cfar power_one_sided 0.082/0.045 power_two_sided 0.094/0.045 kurtosis 0.049/0.045 spec_cnn 0.102/0.084  (4s)
    JSR  -38.0 dB  BER 0.00e+00  PER 0.000  P(det)@0.05 naive/cfar power_one_sided 0.092/0.062 power_two_sided 0.098/0.059 kurtosis 0.057/0.045 spec_cnn 0.064/0.053  (4s)
    JSR  -37.0 dB  BER 0.00e+00  PER 0.000  P(det)@0.05 naive/cfar power_one_sided 0.070/0.045 power_two_sided 0.080/0.053 kurtosis 0.070/0.055 spec_cnn 0.061/0.043  (4s)
    JSR  -36.0 dB  BER 0.00e+00  PER 0.000  P(det)@0.05 naive/cfar power_one_sided 0.082/0.051 power_two_sided 0.084/0.045 kurtosis 0.047/0.043 spec_cnn 0.062/0.059  (5s)
    JSR  -35.0 dB  BER 0.00e+00  PER 0.000  P(det)@0.05 naive/cfar power_one_sided 0.066/0.039 power_two_sided 0.078/0.055 kurtosis 0.053/0.051 spec_cnn 0.074/0.059  (5s)
    JSR  -34.0 dB  BER 0.00e+00  PER 0.000  P(det)@0.05 naive/cfar power_one_sided 0.088/0.055 power_two_sided 0.088/0.045 kurtosis 0.064/0.059 spec_cnn 0.070/0.059  (5s)
    JSR  -33.0 dB  BER 0.00e+00  PER 0.000  P(det)@0.05 naive/cfar power_one_sided 0.102/0.061 power_two_sided 0.096/0.057 kurtosis 0.053/0.047 spec_cnn 0.082/0.061  (5s)
    JSR  -32.0 dB  BER 0.00e+00  PER 0.000  P(det)@0.05 naive/cfar power_one_sided 0.084/0.053 power_two_sided 0.070/0.043 kurtosis 0.049/0.045 spec_cnn 0.088/0.070  (6s)
    JSR  -31.0 dB  BER 0.00e+00  PER 0.000  P(det)@0.05 naive/cfar power_one_sided 0.127/0.074 power_two_sided 0.100/0.066 kurtosis 0.061/0.059 spec_cnn 0.080/0.068  (6s)
    JSR  -30.0 dB  BER 0.00e+00  PER 0.000  P(det)@0.05 naive/cfar power_one_sided 0.129/0.074 power_two_sided 0.098/0.068 kurtosis 0.053/0.045 spec_cnn 0.086/0.057  (6s)
    JSR  -29.0 dB  BER 0.00e+00  PER 0.000  P(det)@0.05 naive/cfar power_one_sided 0.107/0.068 power_two_sided 0.096/0.045 kurtosis 0.047/0.043 spec_cnn 0.072/0.053  (7s)
    JSR  -28.0 dB  BER 0.00e+00  PER 0.000  P(det)@0.05 naive/cfar power_one_sided 0.125/0.076 power_two_sided 0.100/0.062 kurtosis 0.068/0.064 spec_cnn 0.072/0.059  (7s)
    JSR  -27.0 dB  BER 0.00e+00  PER 0.000  P(det)@0.05 naive/cfar power_one_sided 0.088/0.057 power_two_sided 0.074/0.045 kurtosis 0.055/0.051 spec_cnn 0.078/0.061  (7s)
    JSR  -26.0 dB  BER 0.00e+00  PER 0.000  P(det)@0.05 naive/cfar power_one_sided 0.145/0.100 power_two_sided 0.121/0.070 kurtosis 0.051/0.047 spec_cnn 0.104/0.084  (8s)
    JSR  -25.0 dB  BER 0.00e+00  PER 0.000  P(det)@0.05 naive/cfar power_one_sided 0.141/0.098 power_two_sided 0.115/0.078 kurtosis 0.049/0.045 spec_cnn 0.090/0.076  (8s)
    JSR  -24.0 dB  BER 0.00e+00  PER 0.000  P(det)@0.05 naive/cfar power_one_sided 0.215/0.152 power_two_sided 0.160/0.109 kurtosis 0.053/0.045 spec_cnn 0.105/0.092  (8s)
    JSR  -23.0 dB  BER 0.00e+00  PER 0.000  P(det)@0.05 naive/cfar power_one_sided 0.244/0.176 power_two_sided 0.184/0.129 kurtosis 0.049/0.047 spec_cnn 0.119/0.098  (9s)
    JSR  -22.0 dB  BER 0.00e+00  PER 0.000  P(det)@0.05 naive/cfar power_one_sided 0.316/0.225 power_two_sided 0.217/0.174 kurtosis 0.064/0.061 spec_cnn 0.141/0.125  (9s)
    JSR  -21.0 dB  BER 0.00e+00  PER 0.000  P(det)@0.05 naive/cfar power_one_sided 0.367/0.279 power_two_sided 0.281/0.207 kurtosis 0.070/0.068 spec_cnn 0.158/0.129  (9s)
    JSR  -20.0 dB  BER 0.00e+00  PER 0.000  P(det)@0.05 naive/cfar power_one_sided 0.482/0.393 power_two_sided 0.391/0.309 kurtosis 0.092/0.084 spec_cnn 0.188/0.170  (9s)
    JSR  -19.0 dB  BER 0.00e+00  PER 0.000  P(det)@0.05 naive/cfar power_one_sided 0.592/0.492 power_two_sided 0.490/0.422 kurtosis 0.080/0.074 spec_cnn 0.291/0.238  (10s)
    JSR  -18.0 dB  BER 0.00e+00  PER 0.000  P(det)@0.05 naive/cfar power_one_sided 0.689/0.625 power_two_sided 0.625/0.525 kurtosis 0.107/0.104 spec_cnn 0.352/0.305  (10s)
    JSR  -17.0 dB  BER 0.00e+00  PER 0.000  P(det)@0.05 naive/cfar power_one_sided 0.863/0.816 power_two_sided 0.816/0.754 kurtosis 0.180/0.174 spec_cnn 0.420/0.354  (10s)
    JSR  -16.0 dB  BER 0.00e+00  PER 0.000  P(det)@0.05 naive/cfar power_one_sided 0.924/0.893 power_two_sided 0.891/0.846 kurtosis 0.146/0.137 spec_cnn 0.600/0.521  (11s)
    JSR  -15.0 dB  BER 0.00e+00  PER 0.000  P(det)@0.05 naive/cfar power_one_sided 0.982/0.975 power_two_sided 0.973/0.961 kurtosis 0.244/0.234 spec_cnn 0.721/0.641  (11s)
    JSR  -14.0 dB  BER 0.00e+00  PER 0.000  P(det)@0.05 naive/cfar power_one_sided 0.996/0.992 power_two_sided 0.992/0.992 kurtosis 0.309/0.297 spec_cnn 0.838/0.783  (11s)
    JSR  -13.0 dB  BER 0.00e+00  PER 0.000  P(det)@0.05 naive/cfar power_one_sided 1.000/1.000 power_two_sided 1.000/1.000 kurtosis 0.492/0.475 spec_cnn 0.924/0.893  (12s)
    JSR  -12.0 dB  BER 0.00e+00  PER 0.000  P(det)@0.05 naive/cfar power_one_sided 1.000/1.000 power_two_sided 1.000/1.000 kurtosis 0.697/0.689 spec_cnn 0.973/0.955  (12s)
    JSR  -11.0 dB  BER 0.00e+00  PER 0.000  P(det)@0.05 naive/cfar power_one_sided 1.000/1.000 power_two_sided 1.000/1.000 kurtosis 0.830/0.820 spec_cnn 0.994/0.984  (12s)
    JSR  -10.0 dB  BER 0.00e+00  PER 0.000  P(det)@0.05 naive/cfar power_one_sided 1.000/1.000 power_two_sided 1.000/1.000 kurtosis 0.961/0.959 spec_cnn 1.000/1.000  (13s)
    JSR   -9.0 dB  BER 0.00e+00  PER 0.000  P(det)@0.05 naive/cfar power_one_sided 1.000/1.000 power_two_sided 1.000/1.000 kurtosis 0.979/0.977 spec_cnn 1.000/1.000  (13s)
    JSR   -8.0 dB  BER 0.00e+00  PER 0.000  P(det)@0.05 naive/cfar power_one_sided 1.000/1.000 power_two_sided 1.000/1.000 kurtosis 0.998/0.998 spec_cnn 1.000/1.000  (13s)
    JSR   -7.0 dB  BER 2.29e-05  PER 0.006  P(det)@0.05 naive/cfar power_one_sided 1.000/1.000 power_two_sided 1.000/1.000 kurtosis 0.998/0.998 spec_cnn 1.000/1.000  (13s)
    JSR   -6.0 dB  BER 1.83e-04  PER 0.047  P(det)@0.05 naive/cfar power_one_sided 1.000/1.000 power_two_sided 1.000/1.000 kurtosis 1.000/1.000 spec_cnn 1.000/1.000  (14s)
    JSR   -5.0 dB  BER 5.80e-04  PER 0.148  P(det)@0.05 naive/cfar power_one_sided 1.000/1.000 power_two_sided 1.000/1.000 kurtosis 1.000/1.000 spec_cnn 1.000/1.000  (14s)
    JSR   -4.0 dB  BER 1.04e-03  PER 0.266  P(det)@0.05 naive/cfar power_one_sided 1.000/1.000 power_two_sided 1.000/1.000 kurtosis 1.000/1.000 spec_cnn 1.000/1.000  (14s)
    JSR   -3.0 dB  BER 1.27e-03  PER 0.326  P(det)@0.05 naive/cfar power_one_sided 1.000/1.000 power_two_sided 1.000/1.000 kurtosis 1.000/1.000 spec_cnn 1.000/1.000  (15s)
    JSR   -2.0 dB  BER 1.72e-03  PER 0.412  P(det)@0.05 naive/cfar power_one_sided 1.000/1.000 power_two_sided 1.000/1.000 kurtosis 1.000/1.000 spec_cnn 1.000/1.000  (15s)
    JSR   -1.0 dB  BER 2.90e-03  PER 0.615  P(det)@0.05 naive/cfar power_one_sided 1.000/1.000 power_two_sided 1.000/1.000 kurtosis 1.000/1.000 spec_cnn 1.000/1.000  (15s)
    JSR   +0.0 dB  BER 5.51e-03  PER 0.832  P(det)@0.05 naive/cfar power_one_sided 1.000/1.000 power_two_sided 1.000/1.000 kurtosis 0.971/0.969 spec_cnn 1.000/1.000  (16s)
    JSR   +1.0 dB  BER 1.05e-02  PER 0.971  P(det)@0.05 naive/cfar power_one_sided 1.000/1.000 power_two_sided 1.000/1.000 kurtosis 0.840/0.832 spec_cnn 1.000/1.000  (16s)
    JSR   +2.0 dB  BER 1.73e-02  PER 0.998  P(det)@0.05 naive/cfar power_one_sided 1.000/1.000 power_two_sided 1.000/1.000 kurtosis 0.672/0.668 spec_cnn 1.000/1.000  (16s)
    JSR   +3.0 dB  BER 2.86e-02  PER 1.000  P(det)@0.05 naive/cfar power_one_sided 1.000/1.000 power_two_sided 1.000/1.000 kurtosis 0.705/0.699 spec_cnn 1.000/1.000  (17s)
    JSR   +4.0 dB  BER 4.29e-02  PER 1.000  P(det)@0.05 naive/cfar power_one_sided 1.000/1.000 power_two_sided 1.000/1.000 kurtosis 0.795/0.793 spec_cnn 1.000/1.000  (17s)
    JSR   +5.0 dB  BER 6.08e-02  PER 1.000  P(det)@0.05 naive/cfar power_one_sided 1.000/1.000 power_two_sided 1.000/1.000 kurtosis 0.830/0.830 spec_cnn 1.000/1.000  (17s)
    JSR   +6.0 dB  BER 8.24e-02  PER 1.000  P(det)@0.05 naive/cfar power_one_sided 1.000/1.000 power_two_sided 1.000/1.000 kurtosis 0.854/0.852 spec_cnn 1.000/1.000  (17s)
    JSR   +7.0 dB  BER 1.07e-01  PER 1.000  P(det)@0.05 naive/cfar power_one_sided 1.000/1.000 power_two_sided 1.000/1.000 kurtosis 0.871/0.871 spec_cnn 1.000/1.000  (18s)
    JSR   +8.0 dB  BER 1.34e-01  PER 1.000  P(det)@0.05 naive/cfar power_one_sided 1.000/1.000 power_two_sided 1.000/1.000 kurtosis 0.865/0.863 spec_cnn 1.000/1.000  (18s)
    JSR   +9.0 dB  BER 1.60e-01  PER 1.000  P(det)@0.05 naive/cfar power_one_sided 1.000/1.000 power_two_sided 1.000/1.000 kurtosis 0.861/0.859 spec_cnn 1.000/1.000  (18s)
    JSR  +10.0 dB  BER 1.87e-01  PER 1.000  P(det)@0.05 naive/cfar power_one_sided 1.000/1.000 power_two_sided 1.000/1.000 kurtosis 0.896/0.893 spec_cnn 1.000/1.000  (19s)
    JSR  +11.0 dB  BER 2.11e-01  PER 1.000  P(det)@0.05 naive/cfar power_one_sided 1.000/1.000 power_two_sided 1.000/1.000 kurtosis 0.863/0.863 spec_cnn 1.000/1.000  (19s)
    JSR  +12.0 dB  BER 2.37e-01  PER 1.000  P(det)@0.05 naive/cfar power_one_sided 1.000/1.000 power_two_sided 1.000/1.000 kurtosis 0.877/0.873 spec_cnn 1.000/1.000  (19s)
    JSR  +13.0 dB  BER 2.62e-01  PER 1.000  P(det)@0.05 naive/cfar power_one_sided 1.000/1.000 power_two_sided 1.000/1.000 kurtosis 0.863/0.859 spec_cnn 1.000/1.000  (20s)
    JSR  +14.0 dB  BER 2.84e-01  PER 1.000  P(det)@0.05 naive/cfar power_one_sided 1.000/1.000 power_two_sided 1.000/1.000 kurtosis 0.854/0.852 spec_cnn 1.000/1.000  (20s)
    JSR  +15.0 dB  BER 3.07e-01  PER 1.000  P(det)@0.05 naive/cfar power_one_sided 1.000/1.000 power_two_sided 1.000/1.000 kurtosis 0.850/0.850 spec_cnn 1.000/1.000  (20s)
  [snr_15_unc_0.5] spec_cnn_b10000 done (1531s)
  [snr_15_unc_0.5] generator spec_cnn_b100000 (scale 1.0000)
    JSR  -50.0 dB  BER 0.00e+00  PER 0.000  P(det)@0.05 naive/cfar power_one_sided 0.102/0.064 power_two_sided 0.094/0.055 kurtosis 0.047/0.045 spec_cnn 0.084/0.062  (0s)
    JSR  -49.0 dB  BER 0.00e+00  PER 0.000  P(det)@0.05 naive/cfar power_one_sided 0.070/0.047 power_two_sided 0.070/0.037 kurtosis 0.061/0.061 spec_cnn 0.066/0.059  (1s)
    JSR  -48.0 dB  BER 0.00e+00  PER 0.000  P(det)@0.05 naive/cfar power_one_sided 0.072/0.049 power_two_sided 0.105/0.061 kurtosis 0.059/0.057 spec_cnn 0.059/0.049  (1s)
    JSR  -47.0 dB  BER 0.00e+00  PER 0.000  P(det)@0.05 naive/cfar power_one_sided 0.084/0.043 power_two_sided 0.084/0.055 kurtosis 0.057/0.049 spec_cnn 0.084/0.072  (1s)
    JSR  -46.0 dB  BER 0.00e+00  PER 0.000  P(det)@0.05 naive/cfar power_one_sided 0.074/0.043 power_two_sided 0.104/0.053 kurtosis 0.061/0.057 spec_cnn 0.068/0.053  (2s)
    JSR  -45.0 dB  BER 0.00e+00  PER 0.000  P(det)@0.05 naive/cfar power_one_sided 0.096/0.062 power_two_sided 0.105/0.070 kurtosis 0.041/0.039 spec_cnn 0.061/0.055  (2s)
    JSR  -44.0 dB  BER 0.00e+00  PER 0.000  P(det)@0.05 naive/cfar power_one_sided 0.070/0.039 power_two_sided 0.066/0.031 kurtosis 0.053/0.043 spec_cnn 0.061/0.055  (2s)
    JSR  -43.0 dB  BER 0.00e+00  PER 0.000  P(det)@0.05 naive/cfar power_one_sided 0.092/0.057 power_two_sided 0.092/0.055 kurtosis 0.059/0.047 spec_cnn 0.074/0.061  (2s)
    JSR  -42.0 dB  BER 0.00e+00  PER 0.000  P(det)@0.05 naive/cfar power_one_sided 0.086/0.061 power_two_sided 0.100/0.047 kurtosis 0.053/0.053 spec_cnn 0.068/0.053  (3s)
    JSR  -41.0 dB  BER 0.00e+00  PER 0.000  P(det)@0.05 naive/cfar power_one_sided 0.088/0.055 power_two_sided 0.098/0.061 kurtosis 0.055/0.053 spec_cnn 0.061/0.047  (3s)
    JSR  -40.0 dB  BER 0.00e+00  PER 0.000  P(det)@0.05 naive/cfar power_one_sided 0.080/0.051 power_two_sided 0.084/0.053 kurtosis 0.041/0.039 spec_cnn 0.057/0.041  (3s)
    JSR  -39.0 dB  BER 0.00e+00  PER 0.000  P(det)@0.05 naive/cfar power_one_sided 0.088/0.057 power_two_sided 0.096/0.047 kurtosis 0.057/0.053 spec_cnn 0.078/0.068  (4s)
    JSR  -38.0 dB  BER 0.00e+00  PER 0.000  P(det)@0.05 naive/cfar power_one_sided 0.078/0.043 power_two_sided 0.084/0.055 kurtosis 0.053/0.043 spec_cnn 0.066/0.051  (4s)
    JSR  -37.0 dB  BER 0.00e+00  PER 0.000  P(det)@0.05 naive/cfar power_one_sided 0.098/0.047 power_two_sided 0.084/0.043 kurtosis 0.053/0.047 spec_cnn 0.062/0.053  (4s)
    JSR  -36.0 dB  BER 0.00e+00  PER 0.000  P(det)@0.05 naive/cfar power_one_sided 0.092/0.053 power_two_sided 0.078/0.059 kurtosis 0.035/0.029 spec_cnn 0.066/0.049  (5s)
    JSR  -35.0 dB  BER 0.00e+00  PER 0.000  P(det)@0.05 naive/cfar power_one_sided 0.070/0.045 power_two_sided 0.092/0.047 kurtosis 0.039/0.035 spec_cnn 0.053/0.035  (5s)
    JSR  -34.0 dB  BER 0.00e+00  PER 0.000  P(det)@0.05 naive/cfar power_one_sided 0.096/0.070 power_two_sided 0.109/0.064 kurtosis 0.064/0.055 spec_cnn 0.061/0.045  (5s)
    JSR  -33.0 dB  BER 0.00e+00  PER 0.000  P(det)@0.05 naive/cfar power_one_sided 0.133/0.064 power_two_sided 0.082/0.049 kurtosis 0.072/0.062 spec_cnn 0.080/0.062  (5s)
    JSR  -32.0 dB  BER 0.00e+00  PER 0.000  P(det)@0.05 naive/cfar power_one_sided 0.090/0.072 power_two_sided 0.107/0.051 kurtosis 0.047/0.047 spec_cnn 0.064/0.045  (6s)
    JSR  -31.0 dB  BER 0.00e+00  PER 0.000  P(det)@0.05 naive/cfar power_one_sided 0.096/0.059 power_two_sided 0.105/0.055 kurtosis 0.053/0.043 spec_cnn 0.092/0.070  (6s)
    JSR  -30.0 dB  BER 0.00e+00  PER 0.000  P(det)@0.05 naive/cfar power_one_sided 0.107/0.064 power_two_sided 0.088/0.051 kurtosis 0.059/0.059 spec_cnn 0.064/0.053  (6s)
    JSR  -29.0 dB  BER 0.00e+00  PER 0.000  P(det)@0.05 naive/cfar power_one_sided 0.094/0.059 power_two_sided 0.080/0.051 kurtosis 0.051/0.049 spec_cnn 0.068/0.057  (7s)
    JSR  -28.0 dB  BER 0.00e+00  PER 0.000  P(det)@0.05 naive/cfar power_one_sided 0.113/0.072 power_two_sided 0.088/0.049 kurtosis 0.066/0.066 spec_cnn 0.084/0.074  (7s)
    JSR  -27.0 dB  BER 0.00e+00  PER 0.000  P(det)@0.05 naive/cfar power_one_sided 0.129/0.078 power_two_sided 0.098/0.072 kurtosis 0.061/0.059 spec_cnn 0.092/0.078  (7s)
    JSR  -26.0 dB  BER 0.00e+00  PER 0.000  P(det)@0.05 naive/cfar power_one_sided 0.154/0.115 power_two_sided 0.133/0.070 kurtosis 0.080/0.072 spec_cnn 0.104/0.084  (8s)
    JSR  -25.0 dB  BER 0.00e+00  PER 0.000  P(det)@0.05 naive/cfar power_one_sided 0.168/0.115 power_two_sided 0.131/0.092 kurtosis 0.057/0.051 spec_cnn 0.102/0.078  (8s)
    JSR  -24.0 dB  BER 0.00e+00  PER 0.000  P(det)@0.05 naive/cfar power_one_sided 0.191/0.133 power_two_sided 0.141/0.084 kurtosis 0.072/0.070 spec_cnn 0.098/0.080  (8s)
    JSR  -23.0 dB  BER 0.00e+00  PER 0.000  P(det)@0.05 naive/cfar power_one_sided 0.207/0.154 power_two_sided 0.156/0.119 kurtosis 0.057/0.053 spec_cnn 0.127/0.109  (9s)
    JSR  -22.0 dB  BER 0.00e+00  PER 0.000  P(det)@0.05 naive/cfar power_one_sided 0.309/0.221 power_two_sided 0.227/0.160 kurtosis 0.061/0.053 spec_cnn 0.150/0.133  (9s)
    JSR  -21.0 dB  BER 0.00e+00  PER 0.000  P(det)@0.05 naive/cfar power_one_sided 0.377/0.287 power_two_sided 0.277/0.219 kurtosis 0.076/0.068 spec_cnn 0.164/0.141  (9s)
    JSR  -20.0 dB  BER 0.00e+00  PER 0.000  P(det)@0.05 naive/cfar power_one_sided 0.461/0.363 power_two_sided 0.359/0.273 kurtosis 0.078/0.074 spec_cnn 0.193/0.148  (9s)
    JSR  -19.0 dB  BER 0.00e+00  PER 0.000  P(det)@0.05 naive/cfar power_one_sided 0.588/0.484 power_two_sided 0.484/0.400 kurtosis 0.086/0.078 spec_cnn 0.270/0.230  (10s)
    JSR  -18.0 dB  BER 0.00e+00  PER 0.000  P(det)@0.05 naive/cfar power_one_sided 0.729/0.658 power_two_sided 0.656/0.574 kurtosis 0.102/0.090 spec_cnn 0.369/0.305  (10s)
    JSR  -17.0 dB  BER 0.00e+00  PER 0.000  P(det)@0.05 naive/cfar power_one_sided 0.855/0.807 power_two_sided 0.807/0.746 kurtosis 0.121/0.115 spec_cnn 0.420/0.361  (10s)
    JSR  -16.0 dB  BER 0.00e+00  PER 0.000  P(det)@0.05 naive/cfar power_one_sided 0.951/0.904 power_two_sided 0.904/0.879 kurtosis 0.191/0.188 spec_cnn 0.566/0.502  (11s)
    JSR  -15.0 dB  BER 0.00e+00  PER 0.000  P(det)@0.05 naive/cfar power_one_sided 0.979/0.971 power_two_sided 0.967/0.953 kurtosis 0.256/0.244 spec_cnn 0.727/0.660  (11s)
    JSR  -14.0 dB  BER 0.00e+00  PER 0.000  P(det)@0.05 naive/cfar power_one_sided 1.000/0.998 power_two_sided 0.998/0.998 kurtosis 0.350/0.338 spec_cnn 0.869/0.811  (11s)
    JSR  -13.0 dB  BER 0.00e+00  PER 0.000  P(det)@0.05 naive/cfar power_one_sided 1.000/1.000 power_two_sided 1.000/0.998 kurtosis 0.484/0.469 spec_cnn 0.922/0.902  (12s)
    JSR  -12.0 dB  BER 0.00e+00  PER 0.000  P(det)@0.05 naive/cfar power_one_sided 1.000/1.000 power_two_sided 1.000/1.000 kurtosis 0.670/0.652 spec_cnn 0.986/0.975  (12s)
    JSR  -11.0 dB  BER 0.00e+00  PER 0.000  P(det)@0.05 naive/cfar power_one_sided 1.000/1.000 power_two_sided 1.000/1.000 kurtosis 0.795/0.785 spec_cnn 0.996/0.992  (12s)
    JSR  -10.0 dB  BER 0.00e+00  PER 0.000  P(det)@0.05 naive/cfar power_one_sided 1.000/1.000 power_two_sided 1.000/1.000 kurtosis 0.932/0.924 spec_cnn 0.998/0.998  (13s)
    JSR   -9.0 dB  BER 0.00e+00  PER 0.000  P(det)@0.05 naive/cfar power_one_sided 1.000/1.000 power_two_sided 1.000/1.000 kurtosis 0.990/0.990 spec_cnn 1.000/1.000  (13s)
    JSR   -8.0 dB  BER 0.00e+00  PER 0.000  P(det)@0.05 naive/cfar power_one_sided 1.000/1.000 power_two_sided 1.000/1.000 kurtosis 0.994/0.994 spec_cnn 1.000/1.000  (13s)
    JSR   -7.0 dB  BER 0.00e+00  PER 0.000  P(det)@0.05 naive/cfar power_one_sided 1.000/1.000 power_two_sided 1.000/1.000 kurtosis 1.000/1.000 spec_cnn 1.000/1.000  (13s)
    JSR   -6.0 dB  BER 0.00e+00  PER 0.000  P(det)@0.05 naive/cfar power_one_sided 1.000/1.000 power_two_sided 1.000/1.000 kurtosis 1.000/1.000 spec_cnn 1.000/1.000  (14s)
    JSR   -5.0 dB  BER 0.00e+00  PER 0.000  P(det)@0.05 naive/cfar power_one_sided 1.000/1.000 power_two_sided 1.000/1.000 kurtosis 1.000/1.000 spec_cnn 1.000/1.000  (14s)
    JSR   -4.0 dB  BER 0.00e+00  PER 0.000  P(det)@0.05 naive/cfar power_one_sided 1.000/1.000 power_two_sided 1.000/1.000 kurtosis 1.000/1.000 spec_cnn 1.000/1.000  (14s)
    JSR   -3.0 dB  BER 9.16e-05  PER 0.023  P(det)@0.05 naive/cfar power_one_sided 1.000/1.000 power_two_sided 1.000/1.000 kurtosis 1.000/1.000 spec_cnn 1.000/1.000  (15s)
    JSR   -2.0 dB  BER 6.03e-04  PER 0.143  P(det)@0.05 naive/cfar power_one_sided 1.000/1.000 power_two_sided 1.000/1.000 kurtosis 1.000/1.000 spec_cnn 1.000/1.000  (15s)
    JSR   -1.0 dB  BER 1.79e-03  PER 0.361  P(det)@0.05 naive/cfar power_one_sided 1.000/1.000 power_two_sided 1.000/1.000 kurtosis 1.000/1.000 spec_cnn 1.000/1.000  (15s)
    JSR   +0.0 dB  BER 4.71e-03  PER 0.770  P(det)@0.05 naive/cfar power_one_sided 1.000/1.000 power_two_sided 1.000/1.000 kurtosis 0.973/0.971 spec_cnn 1.000/1.000  (16s)
    JSR   +1.0 dB  BER 8.93e-03  PER 0.938  P(det)@0.05 naive/cfar power_one_sided 1.000/1.000 power_two_sided 1.000/1.000 kurtosis 0.828/0.822 spec_cnn 1.000/1.000  (16s)
    JSR   +2.0 dB  BER 1.51e-02  PER 0.998  P(det)@0.05 naive/cfar power_one_sided 1.000/1.000 power_two_sided 1.000/1.000 kurtosis 0.617/0.617 spec_cnn 1.000/1.000  (16s)
    JSR   +3.0 dB  BER 2.54e-02  PER 1.000  P(det)@0.05 naive/cfar power_one_sided 1.000/1.000 power_two_sided 1.000/1.000 kurtosis 0.674/0.666 spec_cnn 1.000/1.000  (17s)
    JSR   +4.0 dB  BER 3.82e-02  PER 1.000  P(det)@0.05 naive/cfar power_one_sided 1.000/1.000 power_two_sided 1.000/1.000 kurtosis 0.797/0.793 spec_cnn 1.000/1.000  (17s)
    JSR   +5.0 dB  BER 5.49e-02  PER 1.000  P(det)@0.05 naive/cfar power_one_sided 1.000/1.000 power_two_sided 1.000/1.000 kurtosis 0.797/0.793 spec_cnn 1.000/1.000  (17s)
    JSR   +6.0 dB  BER 7.65e-02  PER 1.000  P(det)@0.05 naive/cfar power_one_sided 1.000/1.000 power_two_sided 1.000/1.000 kurtosis 0.814/0.809 spec_cnn 1.000/1.000  (17s)
    JSR   +7.0 dB  BER 1.01e-01  PER 1.000  P(det)@0.05 naive/cfar power_one_sided 1.000/1.000 power_two_sided 1.000/1.000 kurtosis 0.859/0.855 spec_cnn 1.000/1.000  (18s)
    JSR   +8.0 dB  BER 1.25e-01  PER 1.000  P(det)@0.05 naive/cfar power_one_sided 1.000/1.000 power_two_sided 1.000/1.000 kurtosis 0.842/0.842 spec_cnn 1.000/1.000  (18s)
    JSR   +9.0 dB  BER 1.51e-01  PER 1.000  P(det)@0.05 naive/cfar power_one_sided 1.000/1.000 power_two_sided 1.000/1.000 kurtosis 0.832/0.830 spec_cnn 1.000/1.000  (18s)
    JSR  +10.0 dB  BER 1.77e-01  PER 1.000  P(det)@0.05 naive/cfar power_one_sided 1.000/1.000 power_two_sided 1.000/1.000 kurtosis 0.855/0.850 spec_cnn 1.000/1.000  (19s)
    JSR  +11.0 dB  BER 2.03e-01  PER 1.000  P(det)@0.05 naive/cfar power_one_sided 1.000/1.000 power_two_sided 1.000/1.000 kurtosis 0.842/0.838 spec_cnn 1.000/1.000  (19s)
    JSR  +12.0 dB  BER 2.29e-01  PER 1.000  P(det)@0.05 naive/cfar power_one_sided 1.000/1.000 power_two_sided 1.000/1.000 kurtosis 0.828/0.818 spec_cnn 1.000/1.000  (19s)
    JSR  +13.0 dB  BER 2.54e-01  PER 1.000  P(det)@0.05 naive/cfar power_one_sided 1.000/1.000 power_two_sided 1.000/1.000 kurtosis 0.842/0.840 spec_cnn 1.000/1.000  (20s)
    JSR  +14.0 dB  BER 2.76e-01  PER 1.000  P(det)@0.05 naive/cfar power_one_sided 1.000/1.000 power_two_sided 1.000/1.000 kurtosis 0.838/0.836 spec_cnn 1.000/1.000  (20s)
    JSR  +15.0 dB  BER 3.01e-01  PER 1.000  P(det)@0.05 naive/cfar power_one_sided 1.000/1.000 power_two_sided 1.000/1.000 kurtosis 0.803/0.799 spec_cnn 1.000/1.000  (20s)
  [snr_15_unc_0.5] spec_cnn_b100000 done (1589s)
  [snr_15_unc_0.5] generator spec_cnn_b1e+06 (scale 1.0000)
    JSR  -50.0 dB  BER 0.00e+00  PER 0.000  P(det)@0.05 naive/cfar power_one_sided 0.078/0.041 power_two_sided 0.072/0.041 kurtosis 0.055/0.051 spec_cnn 0.076/0.062  (0s)
    JSR  -49.0 dB  BER 0.00e+00  PER 0.000  P(det)@0.05 naive/cfar power_one_sided 0.100/0.059 power_two_sided 0.088/0.061 kurtosis 0.047/0.045 spec_cnn 0.059/0.045  (1s)
    JSR  -48.0 dB  BER 0.00e+00  PER 0.000  P(det)@0.05 naive/cfar power_one_sided 0.076/0.053 power_two_sided 0.080/0.047 kurtosis 0.045/0.041 spec_cnn 0.066/0.055  (1s)
    JSR  -47.0 dB  BER 0.00e+00  PER 0.000  P(det)@0.05 naive/cfar power_one_sided 0.094/0.057 power_two_sided 0.092/0.062 kurtosis 0.061/0.057 spec_cnn 0.057/0.035  (1s)
    JSR  -46.0 dB  BER 0.00e+00  PER 0.000  P(det)@0.05 naive/cfar power_one_sided 0.064/0.037 power_two_sided 0.062/0.041 kurtosis 0.053/0.051 spec_cnn 0.051/0.043  (2s)
    JSR  -45.0 dB  BER 0.00e+00  PER 0.000  P(det)@0.05 naive/cfar power_one_sided 0.080/0.057 power_two_sided 0.111/0.059 kurtosis 0.055/0.049 spec_cnn 0.062/0.053  (2s)
    JSR  -44.0 dB  BER 0.00e+00  PER 0.000  P(det)@0.05 naive/cfar power_one_sided 0.092/0.055 power_two_sided 0.088/0.047 kurtosis 0.053/0.047 spec_cnn 0.062/0.051  (2s)
    JSR  -43.0 dB  BER 0.00e+00  PER 0.000  P(det)@0.05 naive/cfar power_one_sided 0.078/0.047 power_two_sided 0.082/0.049 kurtosis 0.066/0.061 spec_cnn 0.070/0.053  (2s)
    JSR  -42.0 dB  BER 0.00e+00  PER 0.000  P(det)@0.05 naive/cfar power_one_sided 0.076/0.043 power_two_sided 0.074/0.037 kurtosis 0.057/0.051 spec_cnn 0.086/0.076  (3s)
    JSR  -41.0 dB  BER 0.00e+00  PER 0.000  P(det)@0.05 naive/cfar power_one_sided 0.104/0.064 power_two_sided 0.105/0.062 kurtosis 0.053/0.045 spec_cnn 0.062/0.045  (3s)
    JSR  -40.0 dB  BER 0.00e+00  PER 0.000  P(det)@0.05 naive/cfar power_one_sided 0.092/0.051 power_two_sided 0.068/0.045 kurtosis 0.041/0.037 spec_cnn 0.061/0.045  (3s)
    JSR  -39.0 dB  BER 0.00e+00  PER 0.000  P(det)@0.05 naive/cfar power_one_sided 0.072/0.045 power_two_sided 0.092/0.055 kurtosis 0.053/0.049 spec_cnn 0.059/0.049  (4s)
    JSR  -38.0 dB  BER 0.00e+00  PER 0.000  P(det)@0.05 naive/cfar power_one_sided 0.113/0.064 power_two_sided 0.094/0.053 kurtosis 0.061/0.057 spec_cnn 0.074/0.068  (4s)
    JSR  -37.0 dB  BER 0.00e+00  PER 0.000  P(det)@0.05 naive/cfar power_one_sided 0.092/0.049 power_two_sided 0.098/0.057 kurtosis 0.068/0.068 spec_cnn 0.072/0.059  (4s)
    JSR  -36.0 dB  BER 0.00e+00  PER 0.000  P(det)@0.05 naive/cfar power_one_sided 0.082/0.062 power_two_sided 0.094/0.061 kurtosis 0.047/0.043 spec_cnn 0.078/0.059  (5s)
    JSR  -35.0 dB  BER 0.00e+00  PER 0.000  P(det)@0.05 naive/cfar power_one_sided 0.090/0.053 power_two_sided 0.090/0.061 kurtosis 0.053/0.049 spec_cnn 0.064/0.055  (5s)
    JSR  -34.0 dB  BER 0.00e+00  PER 0.000  P(det)@0.05 naive/cfar power_one_sided 0.084/0.055 power_two_sided 0.076/0.045 kurtosis 0.064/0.059 spec_cnn 0.070/0.057  (5s)
    JSR  -33.0 dB  BER 0.00e+00  PER 0.000  P(det)@0.05 naive/cfar power_one_sided 0.090/0.057 power_two_sided 0.102/0.055 kurtosis 0.061/0.057 spec_cnn 0.070/0.053  (5s)
    JSR  -32.0 dB  BER 0.00e+00  PER 0.000  P(det)@0.05 naive/cfar power_one_sided 0.115/0.062 power_two_sided 0.107/0.068 kurtosis 0.055/0.051 spec_cnn 0.066/0.041  (6s)
    JSR  -31.0 dB  BER 0.00e+00  PER 0.000  P(det)@0.05 naive/cfar power_one_sided 0.100/0.072 power_two_sided 0.100/0.064 kurtosis 0.055/0.053 spec_cnn 0.061/0.043  (6s)
    JSR  -30.0 dB  BER 0.00e+00  PER 0.000  P(det)@0.05 naive/cfar power_one_sided 0.080/0.057 power_two_sided 0.088/0.059 kurtosis 0.053/0.049 spec_cnn 0.064/0.049  (6s)
    JSR  -29.0 dB  BER 0.00e+00  PER 0.000  P(det)@0.05 naive/cfar power_one_sided 0.084/0.055 power_two_sided 0.088/0.051 kurtosis 0.062/0.057 spec_cnn 0.066/0.049  (7s)
    JSR  -28.0 dB  BER 0.00e+00  PER 0.000  P(det)@0.05 naive/cfar power_one_sided 0.150/0.104 power_two_sided 0.125/0.074 kurtosis 0.057/0.051 spec_cnn 0.086/0.068  (7s)
    JSR  -27.0 dB  BER 0.00e+00  PER 0.000  P(det)@0.05 naive/cfar power_one_sided 0.113/0.068 power_two_sided 0.094/0.066 kurtosis 0.053/0.051 spec_cnn 0.078/0.064  (7s)
    JSR  -26.0 dB  BER 0.00e+00  PER 0.000  P(det)@0.05 naive/cfar power_one_sided 0.160/0.109 power_two_sided 0.127/0.072 kurtosis 0.068/0.062 spec_cnn 0.105/0.096  (8s)
    JSR  -25.0 dB  BER 0.00e+00  PER 0.000  P(det)@0.05 naive/cfar power_one_sided 0.184/0.125 power_two_sided 0.143/0.094 kurtosis 0.076/0.070 spec_cnn 0.109/0.086  (8s)
    JSR  -24.0 dB  BER 0.00e+00  PER 0.000  P(det)@0.05 naive/cfar power_one_sided 0.195/0.125 power_two_sided 0.137/0.078 kurtosis 0.059/0.053 spec_cnn 0.109/0.084  (8s)
    JSR  -23.0 dB  BER 0.00e+00  PER 0.000  P(det)@0.05 naive/cfar power_one_sided 0.236/0.170 power_two_sided 0.182/0.119 kurtosis 0.047/0.041 spec_cnn 0.100/0.078  (9s)
    JSR  -22.0 dB  BER 0.00e+00  PER 0.000  P(det)@0.05 naive/cfar power_one_sided 0.297/0.217 power_two_sided 0.221/0.152 kurtosis 0.066/0.064 spec_cnn 0.145/0.113  (9s)
    JSR  -21.0 dB  BER 0.00e+00  PER 0.000  P(det)@0.05 naive/cfar power_one_sided 0.387/0.303 power_two_sided 0.301/0.232 kurtosis 0.070/0.068 spec_cnn 0.174/0.141  (9s)
    JSR  -20.0 dB  BER 0.00e+00  PER 0.000  P(det)@0.05 naive/cfar power_one_sided 0.492/0.385 power_two_sided 0.379/0.307 kurtosis 0.082/0.074 spec_cnn 0.244/0.189  (9s)
    JSR  -19.0 dB  BER 0.00e+00  PER 0.000  P(det)@0.05 naive/cfar power_one_sided 0.584/0.490 power_two_sided 0.490/0.406 kurtosis 0.111/0.104 spec_cnn 0.270/0.225  (10s)
    JSR  -18.0 dB  BER 0.00e+00  PER 0.000  P(det)@0.05 naive/cfar power_one_sided 0.734/0.648 power_two_sided 0.641/0.551 kurtosis 0.109/0.098 spec_cnn 0.352/0.270  (10s)
    JSR  -17.0 dB  BER 0.00e+00  PER 0.000  P(det)@0.05 naive/cfar power_one_sided 0.805/0.760 power_two_sided 0.750/0.691 kurtosis 0.143/0.141 spec_cnn 0.422/0.330  (10s)
    JSR  -16.0 dB  BER 0.00e+00  PER 0.000  P(det)@0.05 naive/cfar power_one_sided 0.918/0.896 power_two_sided 0.896/0.859 kurtosis 0.168/0.156 spec_cnn 0.543/0.469  (11s)
    JSR  -15.0 dB  BER 0.00e+00  PER 0.000  P(det)@0.05 naive/cfar power_one_sided 0.986/0.973 power_two_sided 0.971/0.939 kurtosis 0.236/0.223 spec_cnn 0.693/0.639  (11s)
    JSR  -14.0 dB  BER 0.00e+00  PER 0.000  P(det)@0.05 naive/cfar power_one_sided 1.000/0.994 power_two_sided 0.994/0.992 kurtosis 0.357/0.342 spec_cnn 0.797/0.752  (11s)
    JSR  -13.0 dB  BER 0.00e+00  PER 0.000  P(det)@0.05 naive/cfar power_one_sided 1.000/1.000 power_two_sided 1.000/1.000 kurtosis 0.465/0.453 spec_cnn 0.906/0.873  (12s)
    JSR  -12.0 dB  BER 0.00e+00  PER 0.000  P(det)@0.05 naive/cfar power_one_sided 1.000/1.000 power_two_sided 1.000/1.000 kurtosis 0.646/0.633 spec_cnn 0.971/0.959  (12s)
    JSR  -11.0 dB  BER 0.00e+00  PER 0.000  P(det)@0.05 naive/cfar power_one_sided 1.000/1.000 power_two_sided 1.000/1.000 kurtosis 0.820/0.814 spec_cnn 0.992/0.986  (12s)
    JSR  -10.0 dB  BER 0.00e+00  PER 0.000  P(det)@0.05 naive/cfar power_one_sided 1.000/1.000 power_two_sided 1.000/1.000 kurtosis 0.945/0.945 spec_cnn 1.000/1.000  (13s)
    JSR   -9.0 dB  BER 0.00e+00  PER 0.000  P(det)@0.05 naive/cfar power_one_sided 1.000/1.000 power_two_sided 1.000/1.000 kurtosis 0.975/0.971 spec_cnn 1.000/1.000  (13s)
    JSR   -8.0 dB  BER 0.00e+00  PER 0.000  P(det)@0.05 naive/cfar power_one_sided 1.000/1.000 power_two_sided 1.000/1.000 kurtosis 1.000/1.000 spec_cnn 1.000/1.000  (13s)
    JSR   -7.0 dB  BER 0.00e+00  PER 0.000  P(det)@0.05 naive/cfar power_one_sided 1.000/1.000 power_two_sided 1.000/1.000 kurtosis 1.000/1.000 spec_cnn 1.000/1.000  (13s)
    JSR   -6.0 dB  BER 0.00e+00  PER 0.000  P(det)@0.05 naive/cfar power_one_sided 1.000/1.000 power_two_sided 1.000/1.000 kurtosis 1.000/1.000 spec_cnn 1.000/1.000  (14s)
    JSR   -5.0 dB  BER 0.00e+00  PER 0.000  P(det)@0.05 naive/cfar power_one_sided 1.000/1.000 power_two_sided 1.000/1.000 kurtosis 1.000/1.000 spec_cnn 1.000/1.000  (14s)
    JSR   -4.0 dB  BER 0.00e+00  PER 0.000  P(det)@0.05 naive/cfar power_one_sided 1.000/1.000 power_two_sided 1.000/1.000 kurtosis 1.000/1.000 spec_cnn 1.000/1.000  (14s)
    JSR   -3.0 dB  BER 3.05e-05  PER 0.008  P(det)@0.05 naive/cfar power_one_sided 1.000/1.000 power_two_sided 1.000/1.000 kurtosis 1.000/1.000 spec_cnn 1.000/1.000  (15s)
    JSR   -2.0 dB  BER 3.13e-04  PER 0.080  P(det)@0.05 naive/cfar power_one_sided 1.000/1.000 power_two_sided 1.000/1.000 kurtosis 1.000/1.000 spec_cnn 1.000/1.000  (15s)
    JSR   -1.0 dB  BER 1.28e-03  PER 0.273  P(det)@0.05 naive/cfar power_one_sided 1.000/1.000 power_two_sided 1.000/1.000 kurtosis 1.000/1.000 spec_cnn 1.000/1.000  (15s)
    JSR   +0.0 dB  BER 3.95e-03  PER 0.633  P(det)@0.05 naive/cfar power_one_sided 1.000/1.000 power_two_sided 1.000/1.000 kurtosis 0.984/0.982 spec_cnn 1.000/1.000  (16s)
    JSR   +1.0 dB  BER 9.61e-03  PER 0.926  P(det)@0.05 naive/cfar power_one_sided 1.000/1.000 power_two_sided 1.000/1.000 kurtosis 0.820/0.820 spec_cnn 1.000/1.000  (16s)
    JSR   +2.0 dB  BER 1.89e-02  PER 0.996  P(det)@0.05 naive/cfar power_one_sided 1.000/1.000 power_two_sided 1.000/1.000 kurtosis 0.662/0.656 spec_cnn 1.000/1.000  (16s)
    JSR   +3.0 dB  BER 3.12e-02  PER 1.000  P(det)@0.05 naive/cfar power_one_sided 1.000/1.000 power_two_sided 1.000/1.000 kurtosis 0.730/0.725 spec_cnn 1.000/1.000  (17s)
    JSR   +4.0 dB  BER 4.79e-02  PER 1.000  P(det)@0.05 naive/cfar power_one_sided 1.000/1.000 power_two_sided 1.000/1.000 kurtosis 0.785/0.779 spec_cnn 1.000/1.000  (17s)
    JSR   +5.0 dB  BER 6.94e-02  PER 1.000  P(det)@0.05 naive/cfar power_one_sided 1.000/1.000 power_two_sided 1.000/1.000 kurtosis 0.836/0.832 spec_cnn 1.000/1.000  (17s)
    JSR   +6.0 dB  BER 9.47e-02  PER 1.000  P(det)@0.05 naive/cfar power_one_sided 1.000/1.000 power_two_sided 1.000/1.000 kurtosis 0.850/0.848 spec_cnn 1.000/1.000  (17s)
    JSR   +7.0 dB  BER 1.22e-01  PER 1.000  P(det)@0.05 naive/cfar power_one_sided 1.000/1.000 power_two_sided 1.000/1.000 kurtosis 0.861/0.857 spec_cnn 1.000/1.000  (18s)
    JSR   +8.0 dB  BER 1.49e-01  PER 1.000  P(det)@0.05 naive/cfar power_one_sided 1.000/1.000 power_two_sided 1.000/1.000 kurtosis 0.840/0.838 spec_cnn 1.000/1.000  (18s)
    JSR   +9.0 dB  BER 1.78e-01  PER 1.000  P(det)@0.05 naive/cfar power_one_sided 1.000/1.000 power_two_sided 1.000/1.000 kurtosis 0.836/0.832 spec_cnn 1.000/1.000  (18s)
    JSR  +10.0 dB  BER 2.10e-01  PER 1.000  P(det)@0.05 naive/cfar power_one_sided 1.000/1.000 power_two_sided 1.000/1.000 kurtosis 0.861/0.859 spec_cnn 1.000/1.000  (19s)
    JSR  +11.0 dB  BER 2.36e-01  PER 1.000  P(det)@0.05 naive/cfar power_one_sided 1.000/1.000 power_two_sided 1.000/1.000 kurtosis 0.812/0.812 spec_cnn 1.000/1.000  (19s)
    JSR  +12.0 dB  BER 2.62e-01  PER 1.000  P(det)@0.05 naive/cfar power_one_sided 1.000/1.000 power_two_sided 1.000/1.000 kurtosis 0.891/0.889 spec_cnn 1.000/1.000  (19s)
    JSR  +13.0 dB  BER 2.87e-01  PER 1.000  P(det)@0.05 naive/cfar power_one_sided 1.000/1.000 power_two_sided 1.000/1.000 kurtosis 0.820/0.818 spec_cnn 1.000/1.000  (20s)
    JSR  +14.0 dB  BER 3.09e-01  PER 1.000  P(det)@0.05 naive/cfar power_one_sided 1.000/1.000 power_two_sided 1.000/1.000 kurtosis 0.836/0.830 spec_cnn 1.000/1.000  (20s)
    JSR  +15.0 dB  BER 3.31e-01  PER 1.000  P(det)@0.05 naive/cfar power_one_sided 1.000/1.000 power_two_sided 1.000/1.000 kurtosis 0.842/0.842 spec_cnn 1.000/1.000  (20s)
  [snr_15_unc_0.5] spec_cnn_b1e+06 done (1646s)
wrote ../artifacts/cgan/snr_ablation/noise_unc_run003/snr_15_unc_0.5.json in 1646s
