node: tikgpu07.ee.ethz.ch | gpu: NVIDIA GeForce RTX 3090
task 7 | snr_35 | SNR 35 dB | device cuda:0
detectors: power_one_sided, power_two_sided, kurtosis, spec_cnn, lrt_noise  (thresholds re-calibrated at this level)
clean: BER 0.000e+00 (closed form 0.000e+00), FAR {"power_one_sided": 0.04443359375, "power_two_sided": 0.0458984375, "kurtosis": 0.048828125, "spec_cnn": 0.044921875}
  [snr_35] classical noise
    JSR  -50.0 dB  BER 0.00e+00  P(det)@0.05 power_one_sided 0.057 power_two_sided 0.061 kurtosis 0.043 spec_cnn 0.053 lrt_noise 0.072  (0s)
    JSR  -49.0 dB  BER 0.00e+00  P(det)@0.05 power_one_sided 0.049 power_two_sided 0.062 kurtosis 0.062 spec_cnn 0.068 lrt_noise 0.047  (0s)
    JSR  -48.0 dB  BER 0.00e+00  P(det)@0.05 power_one_sided 0.059 power_two_sided 0.049 kurtosis 0.027 spec_cnn 0.055 lrt_noise 0.076  (1s)
    JSR  -47.0 dB  BER 0.00e+00  P(det)@0.05 power_one_sided 0.043 power_two_sided 0.047 kurtosis 0.053 spec_cnn 0.055 lrt_noise 0.105  (1s)
    JSR  -46.0 dB  BER 0.00e+00  P(det)@0.05 power_one_sided 0.059 power_two_sided 0.055 kurtosis 0.031 spec_cnn 0.043 lrt_noise 0.094  (1s)
    JSR  -45.0 dB  BER 0.00e+00  P(det)@0.05 power_one_sided 0.053 power_two_sided 0.064 kurtosis 0.035 spec_cnn 0.066 lrt_noise 0.131  (1s)
    JSR  -44.0 dB  BER 0.00e+00  P(det)@0.05 power_one_sided 0.074 power_two_sided 0.068 kurtosis 0.041 spec_cnn 0.064 lrt_noise 0.152  (1s)
    JSR  -43.0 dB  BER 0.00e+00  P(det)@0.05 power_one_sided 0.061 power_two_sided 0.059 kurtosis 0.053 spec_cnn 0.062 lrt_noise 0.160  (2s)
    JSR  -42.0 dB  BER 0.00e+00  P(det)@0.05 power_one_sided 0.082 power_two_sided 0.057 kurtosis 0.055 spec_cnn 0.107 lrt_noise 0.197  (2s)
    JSR  -41.0 dB  BER 0.00e+00  P(det)@0.05 power_one_sided 0.105 power_two_sided 0.092 kurtosis 0.061 spec_cnn 0.105 lrt_noise 0.314  (2s)
    JSR  -40.0 dB  BER 0.00e+00  P(det)@0.05 power_one_sided 0.117 power_two_sided 0.109 kurtosis 0.039 spec_cnn 0.092 lrt_noise 0.367  (2s)
    JSR  -39.0 dB  BER 0.00e+00  P(det)@0.05 power_one_sided 0.117 power_two_sided 0.111 kurtosis 0.057 spec_cnn 0.119 lrt_noise 0.555  (2s)
    JSR  -38.0 dB  BER 0.00e+00  P(det)@0.05 power_one_sided 0.123 power_two_sided 0.111 kurtosis 0.057 spec_cnn 0.168 lrt_noise 0.705  (3s)
    JSR  -37.0 dB  BER 0.00e+00  P(det)@0.05 power_one_sided 0.137 power_two_sided 0.129 kurtosis 0.064 spec_cnn 0.176 lrt_noise 0.895  (3s)
    JSR  -36.0 dB  BER 0.00e+00  P(det)@0.05 power_one_sided 0.156 power_two_sided 0.164 kurtosis 0.033 spec_cnn 0.246 lrt_noise 0.973  (3s)
    JSR  -35.0 dB  BER 0.00e+00  P(det)@0.05 power_one_sided 0.223 power_two_sided 0.205 kurtosis 0.039 spec_cnn 0.307 lrt_noise 1.000  (3s)
    JSR  -34.0 dB  BER 0.00e+00  P(det)@0.05 power_one_sided 0.227 power_two_sided 0.213 kurtosis 0.041 spec_cnn 0.369 lrt_noise 1.000  (3s)
    JSR  -33.0 dB  BER 0.00e+00  P(det)@0.05 power_one_sided 0.312 power_two_sided 0.307 kurtosis 0.068 spec_cnn 0.514 lrt_noise 1.000  (4s)
    JSR  -32.0 dB  BER 0.00e+00  P(det)@0.05 power_one_sided 0.363 power_two_sided 0.348 kurtosis 0.033 spec_cnn 0.613 lrt_noise 1.000  (4s)
    JSR  -31.0 dB  BER 0.00e+00  P(det)@0.05 power_one_sided 0.441 power_two_sided 0.410 kurtosis 0.053 spec_cnn 0.783 lrt_noise 1.000  (4s)
    JSR  -30.0 dB  BER 0.00e+00  P(det)@0.05 power_one_sided 0.527 power_two_sided 0.492 kurtosis 0.043 spec_cnn 0.881 lrt_noise 1.000  (4s)
    JSR  -29.0 dB  BER 0.00e+00  P(det)@0.05 power_one_sided 0.553 power_two_sided 0.535 kurtosis 0.055 spec_cnn 0.982 lrt_noise 1.000  (4s)
    JSR  -28.0 dB  BER 0.00e+00  P(det)@0.05 power_one_sided 0.648 power_two_sided 0.635 kurtosis 0.051 spec_cnn 0.996 lrt_noise 1.000  (4s)
    JSR  -27.0 dB  BER 0.00e+00  P(det)@0.05 power_one_sided 0.693 power_two_sided 0.697 kurtosis 0.049 spec_cnn 1.000 lrt_noise 1.000  (5s)
    JSR  -26.0 dB  BER 0.00e+00  P(det)@0.05 power_one_sided 0.773 power_two_sided 0.777 kurtosis 0.051 spec_cnn 1.000 lrt_noise 1.000  (5s)
    JSR  -25.0 dB  BER 0.00e+00  P(det)@0.05 power_one_sided 0.832 power_two_sided 0.816 kurtosis 0.057 spec_cnn 1.000 lrt_noise 1.000  (5s)
    JSR  -24.0 dB  BER 0.00e+00  P(det)@0.05 power_one_sided 0.910 power_two_sided 0.902 kurtosis 0.049 spec_cnn 1.000 lrt_noise 1.000  (5s)
    JSR  -23.0 dB  BER 0.00e+00  P(det)@0.05 power_one_sided 0.918 power_two_sided 0.916 kurtosis 0.059 spec_cnn 1.000 lrt_noise 1.000  (5s)
    JSR  -22.0 dB  BER 0.00e+00  P(det)@0.05 power_one_sided 0.965 power_two_sided 0.965 kurtosis 0.078 spec_cnn 1.000 lrt_noise 1.000  (6s)
    JSR  -21.0 dB  BER 0.00e+00  P(det)@0.05 power_one_sided 0.982 power_two_sided 0.979 kurtosis 0.078 spec_cnn 1.000 lrt_noise 1.000  (6s)
    JSR  -20.0 dB  BER 0.00e+00  P(det)@0.05 power_one_sided 0.998 power_two_sided 0.996 kurtosis 0.072 spec_cnn 1.000 lrt_noise 1.000  (6s)
    JSR  -19.0 dB  BER 0.00e+00  P(det)@0.05 power_one_sided 1.000 power_two_sided 1.000 kurtosis 0.086 spec_cnn 1.000 lrt_noise 1.000  (6s)
    JSR  -18.0 dB  BER 0.00e+00  P(det)@0.05 power_one_sided 1.000 power_two_sided 1.000 kurtosis 0.137 spec_cnn 1.000 lrt_noise 1.000  (6s)
    JSR  -17.0 dB  BER 0.00e+00  P(det)@0.05 power_one_sided 1.000 power_two_sided 1.000 kurtosis 0.135 spec_cnn 1.000 lrt_noise 1.000  (7s)
    JSR  -16.0 dB  BER 0.00e+00  P(det)@0.05 power_one_sided 1.000 power_two_sided 1.000 kurtosis 0.186 spec_cnn 1.000 lrt_noise 1.000  (7s)
    JSR  -15.0 dB  BER 0.00e+00  P(det)@0.05 power_one_sided 1.000 power_two_sided 1.000 kurtosis 0.271 spec_cnn 1.000 lrt_noise 1.000  (7s)
    JSR  -14.0 dB  BER 0.00e+00  P(det)@0.05 power_one_sided 1.000 power_two_sided 1.000 kurtosis 0.465 spec_cnn 1.000 lrt_noise 1.000  (7s)
    JSR  -13.0 dB  BER 0.00e+00  P(det)@0.05 power_one_sided 1.000 power_two_sided 1.000 kurtosis 0.609 spec_cnn 1.000 lrt_noise 1.000  (7s)
    JSR  -12.0 dB  BER 0.00e+00  P(det)@0.05 power_one_sided 1.000 power_two_sided 1.000 kurtosis 0.766 spec_cnn 1.000 lrt_noise 1.000  (8s)
    JSR  -11.0 dB  BER 0.00e+00  P(det)@0.05 power_one_sided 1.000 power_two_sided 1.000 kurtosis 0.953 spec_cnn 1.000 lrt_noise 1.000  (8s)
    JSR  -10.0 dB  BER 0.00e+00  P(det)@0.05 power_one_sided 1.000 power_two_sided 1.000 kurtosis 0.992 spec_cnn 1.000 lrt_noise 1.000  (8s)
    JSR   -9.0 dB  BER 0.00e+00  P(det)@0.05 power_one_sided 1.000 power_two_sided 1.000 kurtosis 0.992 spec_cnn 1.000 lrt_noise 1.000  (8s)
    JSR   -8.0 dB  BER 0.00e+00  P(det)@0.05 power_one_sided 1.000 power_two_sided 1.000 kurtosis 1.000 spec_cnn 1.000 lrt_noise 1.000  (8s)
    JSR   -7.0 dB  BER 0.00e+00  P(det)@0.05 power_one_sided 1.000 power_two_sided 1.000 kurtosis 1.000 spec_cnn 1.000 lrt_noise 1.000  (9s)
    JSR   -6.0 dB  BER 0.00e+00  P(det)@0.05 power_one_sided 1.000 power_two_sided 1.000 kurtosis 1.000 spec_cnn 1.000 lrt_noise 1.000  (9s)
    JSR   -5.0 dB  BER 0.00e+00  P(det)@0.05 power_one_sided 1.000 power_two_sided 1.000 kurtosis 1.000 spec_cnn 1.000 lrt_noise 1.000  (9s)
    JSR   -4.0 dB  BER 0.00e+00  P(det)@0.05 power_one_sided 1.000 power_two_sided 1.000 kurtosis 1.000 spec_cnn 1.000 lrt_noise 1.000  (9s)
    JSR   -3.0 dB  BER 2.29e-05  P(det)@0.05 power_one_sided 1.000 power_two_sided 1.000 kurtosis 1.000 spec_cnn 1.000 lrt_noise 1.000  (9s)
    JSR   -2.0 dB  BER 1.60e-04  P(det)@0.05 power_one_sided 1.000 power_two_sided 1.000 kurtosis 1.000 spec_cnn 1.000 lrt_noise 1.000  (10s)
    JSR   -1.0 dB  BER 8.01e-04  P(det)@0.05 power_one_sided 1.000 power_two_sided 1.000 kurtosis 1.000 spec_cnn 1.000 lrt_noise 1.000  (10s)
    JSR   +0.0 dB  BER 2.33e-03  P(det)@0.05 power_one_sided 1.000 power_two_sided 1.000 kurtosis 1.000 spec_cnn 1.000 lrt_noise 1.000  (10s)
    JSR   +1.0 dB  BER 6.02e-03  P(det)@0.05 power_one_sided 1.000 power_two_sided 1.000 kurtosis 1.000 spec_cnn 1.000 lrt_noise 1.000  (10s)
    JSR   +2.0 dB  BER 1.23e-02  P(det)@0.05 power_one_sided 1.000 power_two_sided 1.000 kurtosis 1.000 spec_cnn 1.000 lrt_noise 1.000  (11s)
    JSR   +3.0 dB  BER 2.32e-02  P(det)@0.05 power_one_sided 1.000 power_two_sided 1.000 kurtosis 1.000 spec_cnn 1.000 lrt_noise 1.000  (11s)
    JSR   +4.0 dB  BER 3.72e-02  P(det)@0.05 power_one_sided 1.000 power_two_sided 1.000 kurtosis 1.000 spec_cnn 1.000 lrt_noise 1.000  (11s)
    JSR   +5.0 dB  BER 5.54e-02  P(det)@0.05 power_one_sided 1.000 power_two_sided 1.000 kurtosis 1.000 spec_cnn 1.000 lrt_noise 1.000  (11s)
    JSR   +6.0 dB  BER 7.77e-02  P(det)@0.05 power_one_sided 1.000 power_two_sided 1.000 kurtosis 1.000 spec_cnn 1.000 lrt_noise 1.000  (11s)
    JSR   +7.0 dB  BER 1.04e-01  P(det)@0.05 power_one_sided 1.000 power_two_sided 1.000 kurtosis 1.000 spec_cnn 1.000 lrt_noise 1.000  (12s)
    JSR   +8.0 dB  BER 1.31e-01  P(det)@0.05 power_one_sided 1.000 power_two_sided 1.000 kurtosis 1.000 spec_cnn 1.000 lrt_noise 1.000  (12s)
    JSR   +9.0 dB  BER 1.57e-01  P(det)@0.05 power_one_sided 1.000 power_two_sided 1.000 kurtosis 1.000 spec_cnn 1.000 lrt_noise 1.000  (12s)
    JSR  +10.0 dB  BER 1.86e-01  P(det)@0.05 power_one_sided 1.000 power_two_sided 1.000 kurtosis 1.000 spec_cnn 1.000 lrt_noise 1.000  (12s)
    JSR  +11.0 dB  BER 2.15e-01  P(det)@0.05 power_one_sided 1.000 power_two_sided 1.000 kurtosis 1.000 spec_cnn 1.000 lrt_noise 1.000  (12s)
    JSR  +12.0 dB  BER 2.39e-01  P(det)@0.05 power_one_sided 1.000 power_two_sided 1.000 kurtosis 1.000 spec_cnn 1.000 lrt_noise 1.000  (13s)
    JSR  +13.0 dB  BER 2.62e-01  P(det)@0.05 power_one_sided 1.000 power_two_sided 1.000 kurtosis 1.000 spec_cnn 1.000 lrt_noise 1.000  (13s)
    JSR  +14.0 dB  BER 2.87e-01  P(det)@0.05 power_one_sided 1.000 power_two_sided 1.000 kurtosis 1.000 spec_cnn 1.000 lrt_noise 1.000  (13s)
    JSR  +15.0 dB  BER 3.09e-01  P(det)@0.05 power_one_sided 1.000 power_two_sided 1.000 kurtosis 1.000 spec_cnn 1.000 lrt_noise 1.000  (13s)
  [snr_35] noise confirmed: {"power_one_sided": {"0.01": {"index": 1, "sweep_ber": 0.0, "sweep_pdet": 0.015625, "confirmed_ber": 0.0, "confirmed_ser": 0.0, "confirmed_pdet": 0.011962890625, "passed": true}, "0.05": {"index": 0, "sweep_ber": 0.0, "sweep_pdet": 0.056640625, "confirmed_ber": 0.0, "confirmed_ser": 0.0, "confirmed_pdet": 0.054443359375, "passed": true}}, "power_two_sided": {"0.01": {"index": 2, "sweep_ber": 0.0, "sweep_pdet": 0.01171875, "confirmed_ber": 0.0, "confirmed_ser": 0.0, "confirmed_pdet": 0.011962890625, "passed": true}, "0.05": {"index": 0, "sweep_ber": 0.0, "sweep_pdet": 0.060546875, "confirmed_ber": 0.0, "confirmed_ser": 0.0, "confirmed_pdet": 0.052001953125, "passed": true}}, "kurtosis": {"0.01": {"index": 0, "sweep_ber": 0.0, "sweep_pdet": 0.001953125, "confirmed_ber": 0.0, "confirmed_ser": 0.0, "confirmed_pdet": 0.006103515625, "passed": true}, "0.05": {"index": 0, "sweep_ber": 0.0, "sweep_pdet": 0.04296875, "confirmed_ber": 0.0, "confirmed_ser": 0.0, "confirmed_pdet": 0.049560546875, "passed": true}}, "spec_cnn": {"0.01": {"index": 0, "sweep_ber": 0.0, "sweep_pdet": 0.013671875, "confirmed_ber": 0.0, "confirmed_ser": 0.0, "confirmed_pdet": 0.011962890625, "passed": true}, "0.05": {"index": 0, "sweep_ber": 0.0, "sweep_pdet": 0.052734375, "confirmed_ber": 0.0, "confirmed_ser": 0.0, "confirmed_pdet": 0.05859375, "passed": false}}, "lrt_noise": {"0.01": {"index": 1, "sweep_ber": 0.0, "sweep_pdet": 0.015625, "confirmed_ber": 0.0, "confirmed_ser": 0.0, "confirmed_pdet": 0.0146484375, "passed": false}, "0.05": {"index": 1, "sweep_ber": 0.0, "sweep_pdet": 0.046875, "confirmed_ber": 0.0, "confirmed_ser": 0.0, "confirmed_pdet": 0.069091796875, "passed": false}}}  (35s)
  [snr_35] classical pulsed_p1
    JSR  -50.0 dB  BER 0.00e+00  P(det)@0.05 power_one_sided 0.061 power_two_sided 0.074 kurtosis 0.033 spec_cnn 0.047  (0s)
    JSR  -49.0 dB  BER 0.00e+00  P(det)@0.05 power_one_sided 0.051 power_two_sided 0.057 kurtosis 0.051 spec_cnn 0.049  (0s)
    JSR  -48.0 dB  BER 0.00e+00  P(det)@0.05 power_one_sided 0.090 power_two_sided 0.100 kurtosis 0.037 spec_cnn 0.039  (1s)
    JSR  -47.0 dB  BER 0.00e+00  P(det)@0.05 power_one_sided 0.074 power_two_sided 0.109 kurtosis 0.064 spec_cnn 0.072  (1s)
    JSR  -46.0 dB  BER 0.00e+00  P(det)@0.05 power_one_sided 0.086 power_two_sided 0.094 kurtosis 0.059 spec_cnn 0.068  (1s)
    JSR  -45.0 dB  BER 0.00e+00  P(det)@0.05 power_one_sided 0.098 power_two_sided 0.141 kurtosis 0.037 spec_cnn 0.057  (1s)
    JSR  -44.0 dB  BER 0.00e+00  P(det)@0.05 power_one_sided 0.129 power_two_sided 0.168 kurtosis 0.047 spec_cnn 0.059  (1s)
    JSR  -43.0 dB  BER 0.00e+00  P(det)@0.05 power_one_sided 0.123 power_two_sided 0.154 kurtosis 0.055 spec_cnn 0.084  (2s)
    JSR  -42.0 dB  BER 0.00e+00  P(det)@0.05 power_one_sided 0.143 power_two_sided 0.205 kurtosis 0.062 spec_cnn 0.080  (2s)
    JSR  -41.0 dB  BER 0.00e+00  P(det)@0.05 power_one_sided 0.191 power_two_sided 0.246 kurtosis 0.047 spec_cnn 0.066  (2s)
    JSR  -40.0 dB  BER 0.00e+00  P(det)@0.05 power_one_sided 0.193 power_two_sided 0.287 kurtosis 0.064 spec_cnn 0.096  (2s)
    JSR  -39.0 dB  BER 0.00e+00  P(det)@0.05 power_one_sided 0.217 power_two_sided 0.295 kurtosis 0.053 spec_cnn 0.121  (2s)
    JSR  -38.0 dB  BER 0.00e+00  P(det)@0.05 power_one_sided 0.270 power_two_sided 0.381 kurtosis 0.035 spec_cnn 0.137  (3s)
    JSR  -37.0 dB  BER 0.00e+00  P(det)@0.05 power_one_sided 0.273 power_two_sided 0.391 kurtosis 0.062 spec_cnn 0.156  (3s)
    JSR  -36.0 dB  BER 0.00e+00  P(det)@0.05 power_one_sided 0.303 power_two_sided 0.447 kurtosis 0.049 spec_cnn 0.230  (3s)
    JSR  -35.0 dB  BER 0.00e+00  P(det)@0.05 power_one_sided 0.318 power_two_sided 0.508 kurtosis 0.045 spec_cnn 0.283  (3s)
    JSR  -34.0 dB  BER 0.00e+00  P(det)@0.05 power_one_sided 0.379 power_two_sided 0.553 kurtosis 0.061 spec_cnn 0.346  (4s)
    JSR  -33.0 dB  BER 0.00e+00  P(det)@0.05 power_one_sided 0.404 power_two_sided 0.586 kurtosis 0.043 spec_cnn 0.344  (4s)
    JSR  -32.0 dB  BER 0.00e+00  P(det)@0.05 power_one_sided 0.438 power_two_sided 0.621 kurtosis 0.057 spec_cnn 0.432  (4s)
    JSR  -31.0 dB  BER 0.00e+00  P(det)@0.05 power_one_sided 0.459 power_two_sided 0.660 kurtosis 0.064 spec_cnn 0.465  (4s)
    JSR  -30.0 dB  BER 0.00e+00  P(det)@0.05 power_one_sided 0.471 power_two_sided 0.689 kurtosis 0.051 spec_cnn 0.506  (4s)
    JSR  -29.0 dB  BER 0.00e+00  P(det)@0.05 power_one_sided 0.516 power_two_sided 0.770 kurtosis 0.043 spec_cnn 0.631  (5s)
    JSR  -28.0 dB  BER 0.00e+00  P(det)@0.05 power_one_sided 0.521 power_two_sided 0.754 kurtosis 0.035 spec_cnn 0.719  (5s)
    JSR  -27.0 dB  BER 0.00e+00  P(det)@0.05 power_one_sided 0.525 power_two_sided 0.799 kurtosis 0.035 spec_cnn 0.742  (5s)
    JSR  -26.0 dB  BER 0.00e+00  P(det)@0.05 power_one_sided 0.592 power_two_sided 0.816 kurtosis 0.049 spec_cnn 0.793  (5s)
    JSR  -25.0 dB  BER 0.00e+00  P(det)@0.05 power_one_sided 0.623 power_two_sided 0.803 kurtosis 0.049 spec_cnn 0.844  (6s)
    JSR  -24.0 dB  BER 0.00e+00  P(det)@0.05 power_one_sided 0.617 power_two_sided 0.832 kurtosis 0.057 spec_cnn 0.838  (6s)
    JSR  -23.0 dB  BER 0.00e+00  P(det)@0.05 power_one_sided 0.621 power_two_sided 0.883 kurtosis 0.059 spec_cnn 0.861  (6s)
    JSR  -22.0 dB  BER 0.00e+00  P(det)@0.05 power_one_sided 0.723 power_two_sided 0.896 kurtosis 0.053 spec_cnn 0.885  (6s)
    JSR  -21.0 dB  BER 0.00e+00  P(det)@0.05 power_one_sided 0.766 power_two_sided 0.910 kurtosis 0.086 spec_cnn 0.914  (6s)
    JSR  -20.0 dB  BER 0.00e+00  P(det)@0.05 power_one_sided 0.811 power_two_sided 0.938 kurtosis 0.121 spec_cnn 0.920  (7s)
    JSR  -19.0 dB  BER 0.00e+00  P(det)@0.05 power_one_sided 0.830 power_two_sided 0.951 kurtosis 0.129 spec_cnn 0.939  (7s)
    JSR  -18.0 dB  BER 0.00e+00  P(det)@0.05 power_one_sided 0.828 power_two_sided 0.947 kurtosis 0.166 spec_cnn 0.943  (7s)
    JSR  -17.0 dB  BER 0.00e+00  P(det)@0.05 power_one_sided 0.889 power_two_sided 0.959 kurtosis 0.234 spec_cnn 0.953  (7s)
    JSR  -16.0 dB  BER 0.00e+00  P(det)@0.05 power_one_sided 0.938 power_two_sided 0.984 kurtosis 0.289 spec_cnn 0.947  (8s)
    JSR  -15.0 dB  BER 0.00e+00  P(det)@0.05 power_one_sided 0.949 power_two_sided 0.990 kurtosis 0.479 spec_cnn 0.961  (8s)
    JSR  -14.0 dB  BER 0.00e+00  P(det)@0.05 power_one_sided 0.969 power_two_sided 0.990 kurtosis 0.600 spec_cnn 0.965  (8s)
    JSR  -13.0 dB  BER 0.00e+00  P(det)@0.05 power_one_sided 0.975 power_two_sided 0.992 kurtosis 0.811 spec_cnn 0.971  (8s)
    JSR  -12.0 dB  BER 0.00e+00  P(det)@0.05 power_one_sided 0.994 power_two_sided 0.998 kurtosis 0.926 spec_cnn 0.982  (8s)
    JSR  -11.0 dB  BER 0.00e+00  P(det)@0.05 power_one_sided 0.996 power_two_sided 1.000 kurtosis 0.980 spec_cnn 0.984  (9s)
    JSR  -10.0 dB  BER 0.00e+00  P(det)@0.05 power_one_sided 0.996 power_two_sided 0.998 kurtosis 0.996 spec_cnn 0.980  (9s)
    JSR   -9.0 dB  BER 0.00e+00  P(det)@0.05 power_one_sided 1.000 power_two_sided 1.000 kurtosis 0.998 spec_cnn 0.992  (9s)
    JSR   -8.0 dB  BER 0.00e+00  P(det)@0.05 power_one_sided 1.000 power_two_sided 1.000 kurtosis 1.000 spec_cnn 0.998  (9s)
    JSR   -7.0 dB  BER 5.34e-05  P(det)@0.05 power_one_sided 1.000 power_two_sided 1.000 kurtosis 1.000 spec_cnn 1.000  (10s)
    JSR   -6.0 dB  BER 1.59e-03  P(det)@0.05 power_one_sided 1.000 power_two_sided 1.000 kurtosis 1.000 spec_cnn 1.000  (10s)
    JSR   -5.0 dB  BER 7.18e-03  P(det)@0.05 power_one_sided 1.000 power_two_sided 1.000 kurtosis 1.000 spec_cnn 1.000  (10s)
    JSR   -4.0 dB  BER 2.16e-02  P(det)@0.05 power_one_sided 1.000 power_two_sided 1.000 kurtosis 1.000 spec_cnn 1.000  (10s)
    JSR   -3.0 dB  BER 5.41e-02  P(det)@0.05 power_one_sided 1.000 power_two_sided 1.000 kurtosis 1.000 spec_cnn 1.000  (10s)
    JSR   -2.0 dB  BER 1.13e-01  P(det)@0.05 power_one_sided 1.000 power_two_sided 1.000 kurtosis 1.000 spec_cnn 1.000  (11s)
    JSR   -1.0 dB  BER 1.55e-01  P(det)@0.05 power_one_sided 1.000 power_two_sided 1.000 kurtosis 1.000 spec_cnn 1.000  (11s)
    JSR   +0.0 dB  BER 1.98e-01  P(det)@0.05 power_one_sided 1.000 power_two_sided 1.000 kurtosis 1.000 spec_cnn 1.000  (11s)
    JSR   +1.0 dB  BER 2.35e-01  P(det)@0.05 power_one_sided 1.000 power_two_sided 1.000 kurtosis 1.000 spec_cnn 1.000  (11s)
    JSR   +2.0 dB  BER 2.70e-01  P(det)@0.05 power_one_sided 1.000 power_two_sided 1.000 kurtosis 1.000 spec_cnn 1.000  (12s)
    JSR   +3.0 dB  BER 2.90e-01  P(det)@0.05 power_one_sided 1.000 power_two_sided 1.000 kurtosis 1.000 spec_cnn 1.000  (12s)
    JSR   +4.0 dB  BER 3.10e-01  P(det)@0.05 power_one_sided 1.000 power_two_sided 1.000 kurtosis 1.000 spec_cnn 1.000  (12s)
    JSR   +5.0 dB  BER 3.35e-01  P(det)@0.05 power_one_sided 1.000 power_two_sided 1.000 kurtosis 0.998 spec_cnn 1.000  (12s)
    JSR   +6.0 dB  BER 3.54e-01  P(det)@0.05 power_one_sided 1.000 power_two_sided 1.000 kurtosis 0.986 spec_cnn 1.000  (13s)
    JSR   +7.0 dB  BER 3.63e-01  P(det)@0.05 power_one_sided 1.000 power_two_sided 1.000 kurtosis 0.850 spec_cnn 1.000  (13s)
    JSR   +8.0 dB  BER 3.80e-01  P(det)@0.05 power_one_sided 1.000 power_two_sided 1.000 kurtosis 0.533 spec_cnn 1.000  (13s)
    JSR   +9.0 dB  BER 3.87e-01  P(det)@0.05 power_one_sided 1.000 power_two_sided 1.000 kurtosis 0.158 spec_cnn 1.000  (13s)
    JSR  +10.0 dB  BER 3.99e-01  P(det)@0.05 power_one_sided 1.000 power_two_sided 1.000 kurtosis 0.096 spec_cnn 1.000  (14s)
    JSR  +11.0 dB  BER 4.14e-01  P(det)@0.05 power_one_sided 1.000 power_two_sided 1.000 kurtosis 0.291 spec_cnn 1.000  (14s)
    JSR  +12.0 dB  BER 4.19e-01  P(det)@0.05 power_one_sided 1.000 power_two_sided 1.000 kurtosis 0.586 spec_cnn 1.000  (14s)
    JSR  +13.0 dB  BER 4.28e-01  P(det)@0.05 power_one_sided 1.000 power_two_sided 1.000 kurtosis 0.820 spec_cnn 1.000  (14s)
    JSR  +14.0 dB  BER 4.35e-01  P(det)@0.05 power_one_sided 1.000 power_two_sided 1.000 kurtosis 0.918 spec_cnn 1.000  (14s)
    JSR  +15.0 dB  BER 4.48e-01  P(det)@0.05 power_one_sided 1.000 power_two_sided 1.000 kurtosis 0.979 spec_cnn 1.000  (15s)
  [snr_35] pulsed_p1 confirmed: {"power_one_sided": {"0.01": {"index": 1, "sweep_ber": 0.0, "sweep_pdet": 0.0078125, "confirmed_ber": 0.0, "confirmed_ser": 0.0, "confirmed_pdet": 0.021484375, "passed": false}, "0.05": {"index": 0, "sweep_ber": 0.0, "sweep_pdet": 0.060546875, "confirmed_ber": 0.0, "confirmed_ser": 0.0, "confirmed_pdet": 0.06884765625, "passed": false}}, "power_two_sided": {"0.01": null, "0.05": {"index": 1, "sweep_ber": 0.0, "sweep_pdet": 0.056640625, "confirmed_ber": 0.0, "confirmed_ser": 0.0, "confirmed_pdet": 0.078857421875, "passed": false}}, "kurtosis": {"0.01": {"index": 0, "sweep_ber": 0.0, "sweep_pdet": 0.001953125, "confirmed_ber": 0.0, "confirmed_ser": 0.0, "confirmed_pdet": 0.00830078125, "passed": true}, "0.05": {"index": 0, "sweep_ber": 0.0, "sweep_pdet": 0.033203125, "confirmed_ber": 0.0, "confirmed_ser": 0.0, "confirmed_pdet": 0.0498046875, "passed": true}}, "spec_cnn": {"0.01": {"index": 0, "sweep_ber": 0.0, "sweep_pdet": 0.005859375, "confirmed_ber": 0.0, "confirmed_ser": 0.0, "confirmed_pdet": 0.009521484375, "passed": true}, "0.05": {"index": 0, "sweep_ber": 0.0, "sweep_pdet": 0.046875, "confirmed_ber": 0.0, "confirmed_ser": 0.0, "confirmed_pdet": 0.048583984375, "passed": true}}}  (64s)
  [snr_35] classical pulsed_p0.5
    JSR  -50.0 dB  BER 0.00e+00  P(det)@0.05 power_one_sided 0.059 power_two_sided 0.051 kurtosis 0.043 spec_cnn 0.039  (0s)
    JSR  -49.0 dB  BER 0.00e+00  P(det)@0.05 power_one_sided 0.078 power_two_sided 0.096 kurtosis 0.031 spec_cnn 0.057  (1s)
    JSR  -48.0 dB  BER 0.00e+00  P(det)@0.05 power_one_sided 0.082 power_two_sided 0.080 kurtosis 0.055 spec_cnn 0.059  (1s)
    JSR  -47.0 dB  BER 0.00e+00  P(det)@0.05 power_one_sided 0.100 power_two_sided 0.105 kurtosis 0.037 spec_cnn 0.061  (1s)
    JSR  -46.0 dB  BER 0.00e+00  P(det)@0.05 power_one_sided 0.088 power_two_sided 0.113 kurtosis 0.049 spec_cnn 0.047  (1s)
    JSR  -45.0 dB  BER 0.00e+00  P(det)@0.05 power_one_sided 0.113 power_two_sided 0.133 kurtosis 0.062 spec_cnn 0.049  (2s)
    JSR  -44.0 dB  BER 0.00e+00  P(det)@0.05 power_one_sided 0.123 power_two_sided 0.143 kurtosis 0.039 spec_cnn 0.057  (2s)
    JSR  -43.0 dB  BER 0.00e+00  P(det)@0.05 power_one_sided 0.154 power_two_sided 0.195 kurtosis 0.055 spec_cnn 0.084  (2s)
    JSR  -42.0 dB  BER 0.00e+00  P(det)@0.05 power_one_sided 0.182 power_two_sided 0.219 kurtosis 0.045 spec_cnn 0.084  (2s)
    JSR  -41.0 dB  BER 0.00e+00  P(det)@0.05 power_one_sided 0.170 power_two_sided 0.232 kurtosis 0.059 spec_cnn 0.107  (3s)
    JSR  -40.0 dB  BER 0.00e+00  P(det)@0.05 power_one_sided 0.162 power_two_sided 0.273 kurtosis 0.043 spec_cnn 0.104  (3s)
    JSR  -39.0 dB  BER 0.00e+00  P(det)@0.05 power_one_sided 0.242 power_two_sided 0.342 kurtosis 0.053 spec_cnn 0.102  (3s)
    JSR  -38.0 dB  BER 0.00e+00  P(det)@0.05 power_one_sided 0.256 power_two_sided 0.375 kurtosis 0.061 spec_cnn 0.146  (4s)
    JSR  -37.0 dB  BER 0.00e+00  P(det)@0.05 power_one_sided 0.273 power_two_sided 0.402 kurtosis 0.051 spec_cnn 0.160  (4s)
    JSR  -36.0 dB  BER 0.00e+00  P(det)@0.05 power_one_sided 0.344 power_two_sided 0.484 kurtosis 0.039 spec_cnn 0.229  (4s)
    JSR  -35.0 dB  BER 0.00e+00  P(det)@0.05 power_one_sided 0.326 power_two_sided 0.479 kurtosis 0.064 spec_cnn 0.248  (4s)
    JSR  -34.0 dB  BER 0.00e+00  P(det)@0.05 power_one_sided 0.377 power_two_sided 0.543 kurtosis 0.039 spec_cnn 0.289  (5s)
    JSR  -33.0 dB  BER 0.00e+00  P(det)@0.05 power_one_sided 0.396 power_two_sided 0.586 kurtosis 0.061 spec_cnn 0.396  (5s)
    JSR  -32.0 dB  BER 0.00e+00  P(det)@0.05 power_one_sided 0.443 power_two_sided 0.646 kurtosis 0.051 spec_cnn 0.406  (5s)
    JSR  -31.0 dB  BER 0.00e+00  P(det)@0.05 power_one_sided 0.508 power_two_sided 0.717 kurtosis 0.062 spec_cnn 0.457  (6s)
    JSR  -30.0 dB  BER 0.00e+00  P(det)@0.05 power_one_sided 0.480 power_two_sided 0.699 kurtosis 0.037 spec_cnn 0.547  (6s)
    JSR  -29.0 dB  BER 0.00e+00  P(det)@0.05 power_one_sided 0.471 power_two_sided 0.689 kurtosis 0.047 spec_cnn 0.574  (6s)
    JSR  -28.0 dB  BER 0.00e+00  P(det)@0.05 power_one_sided 0.508 power_two_sided 0.738 kurtosis 0.045 spec_cnn 0.625  (6s)
    JSR  -27.0 dB  BER 0.00e+00  P(det)@0.05 power_one_sided 0.568 power_two_sided 0.797 kurtosis 0.057 spec_cnn 0.705  (7s)
    JSR  -26.0 dB  BER 0.00e+00  P(det)@0.05 power_one_sided 0.619 power_two_sided 0.826 kurtosis 0.072 spec_cnn 0.736  (7s)
    JSR  -25.0 dB  BER 0.00e+00  P(det)@0.05 power_one_sided 0.645 power_two_sided 0.844 kurtosis 0.051 spec_cnn 0.773  (7s)
    JSR  -24.0 dB  BER 0.00e+00  P(det)@0.05 power_one_sided 0.686 power_two_sided 0.863 kurtosis 0.061 spec_cnn 0.789  (7s)
    JSR  -23.0 dB  BER 0.00e+00  P(det)@0.05 power_one_sided 0.705 power_two_sided 0.877 kurtosis 0.064 spec_cnn 0.826  (8s)
    JSR  -22.0 dB  BER 0.00e+00  P(det)@0.05 power_one_sided 0.719 power_two_sided 0.920 kurtosis 0.064 spec_cnn 0.814  (8s)
    JSR  -21.0 dB  BER 0.00e+00  P(det)@0.05 power_one_sided 0.748 power_two_sided 0.932 kurtosis 0.066 spec_cnn 0.824  (8s)
    JSR  -20.0 dB  BER 0.00e+00  P(det)@0.05 power_one_sided 0.803 power_two_sided 0.918 kurtosis 0.105 spec_cnn 0.873  (9s)
    JSR  -19.0 dB  BER 0.00e+00  P(det)@0.05 power_one_sided 0.824 power_two_sided 0.943 kurtosis 0.109 spec_cnn 0.873  (9s)
    JSR  -18.0 dB  BER 0.00e+00  P(det)@0.05 power_one_sided 0.863 power_two_sided 0.965 kurtosis 0.174 spec_cnn 0.877  (9s)
    JSR  -17.0 dB  BER 0.00e+00  P(det)@0.05 power_one_sided 0.889 power_two_sided 0.979 kurtosis 0.254 spec_cnn 0.896  (10s)
    JSR  -16.0 dB  BER 0.00e+00  P(det)@0.05 power_one_sided 0.916 power_two_sided 0.971 kurtosis 0.312 spec_cnn 0.908  (10s)
    JSR  -15.0 dB  BER 0.00e+00  P(det)@0.05 power_one_sided 0.943 power_two_sided 0.984 kurtosis 0.492 spec_cnn 0.908  (10s)
    JSR  -14.0 dB  BER 0.00e+00  P(det)@0.05 power_one_sided 0.955 power_two_sided 0.986 kurtosis 0.684 spec_cnn 0.947  (10s)
    JSR  -13.0 dB  BER 0.00e+00  P(det)@0.05 power_one_sided 0.984 power_two_sided 0.994 kurtosis 0.826 spec_cnn 0.951  (11s)
    JSR  -12.0 dB  BER 0.00e+00  P(det)@0.05 power_one_sided 0.992 power_two_sided 0.992 kurtosis 0.924 spec_cnn 0.955  (11s)
    JSR  -11.0 dB  BER 0.00e+00  P(det)@0.05 power_one_sided 0.996 power_two_sided 1.000 kurtosis 0.982 spec_cnn 0.961  (11s)
    JSR  -10.0 dB  BER 2.29e-05  P(det)@0.05 power_one_sided 0.998 power_two_sided 1.000 kurtosis 0.998 spec_cnn 0.988  (12s)
    JSR   -9.0 dB  BER 2.06e-04  P(det)@0.05 power_one_sided 0.998 power_two_sided 1.000 kurtosis 1.000 spec_cnn 0.979  (12s)
    JSR   -8.0 dB  BER 1.37e-03  P(det)@0.05 power_one_sided 1.000 power_two_sided 1.000 kurtosis 1.000 spec_cnn 1.000  (12s)
    JSR   -7.0 dB  BER 5.23e-03  P(det)@0.05 power_one_sided 1.000 power_two_sided 1.000 kurtosis 1.000 spec_cnn 0.990  (12s)
    JSR   -6.0 dB  BER 1.66e-02  P(det)@0.05 power_one_sided 1.000 power_two_sided 1.000 kurtosis 1.000 spec_cnn 0.994  (13s)
    JSR   -5.0 dB  BER 4.66e-02  P(det)@0.05 power_one_sided 1.000 power_two_sided 1.000 kurtosis 1.000 spec_cnn 1.000  (13s)
    JSR   -4.0 dB  BER 7.23e-02  P(det)@0.05 power_one_sided 1.000 power_two_sided 1.000 kurtosis 1.000 spec_cnn 1.000  (13s)
    JSR   -3.0 dB  BER 9.62e-02  P(det)@0.05 power_one_sided 1.000 power_two_sided 1.000 kurtosis 1.000 spec_cnn 1.000  (14s)
    JSR   -2.0 dB  BER 1.18e-01  P(det)@0.05 power_one_sided 1.000 power_two_sided 1.000 kurtosis 1.000 spec_cnn 1.000  (14s)
    JSR   -1.0 dB  BER 1.38e-01  P(det)@0.05 power_one_sided 1.000 power_two_sided 1.000 kurtosis 1.000 spec_cnn 1.000  (14s)
    JSR   +0.0 dB  BER 1.55e-01  P(det)@0.05 power_one_sided 1.000 power_two_sided 1.000 kurtosis 1.000 spec_cnn 1.000  (14s)
    JSR   +1.0 dB  BER 1.73e-01  P(det)@0.05 power_one_sided 1.000 power_two_sided 1.000 kurtosis 1.000 spec_cnn 1.000  (15s)
    JSR   +2.0 dB  BER 1.85e-01  P(det)@0.05 power_one_sided 1.000 power_two_sided 1.000 kurtosis 1.000 spec_cnn 1.000  (15s)
    JSR   +3.0 dB  BER 2.00e-01  P(det)@0.05 power_one_sided 1.000 power_two_sided 1.000 kurtosis 1.000 spec_cnn 1.000  (15s)
    JSR   +4.0 dB  BER 2.15e-01  P(det)@0.05 power_one_sided 1.000 power_two_sided 1.000 kurtosis 1.000 spec_cnn 1.000  (16s)
    JSR   +5.0 dB  BER 2.27e-01  P(det)@0.05 power_one_sided 1.000 power_two_sided 1.000 kurtosis 1.000 spec_cnn 1.000  (16s)
    JSR   +6.0 dB  BER 2.40e-01  P(det)@0.05 power_one_sided 1.000 power_two_sided 1.000 kurtosis 1.000 spec_cnn 1.000  (16s)
    JSR   +7.0 dB  BER 2.54e-01  P(det)@0.05 power_one_sided 1.000 power_two_sided 1.000 kurtosis 1.000 spec_cnn 1.000  (17s)
    JSR   +8.0 dB  BER 2.66e-01  P(det)@0.05 power_one_sided 1.000 power_two_sided 1.000 kurtosis 1.000 spec_cnn 1.000  (17s)
    JSR   +9.0 dB  BER 2.75e-01  P(det)@0.05 power_one_sided 1.000 power_two_sided 1.000 kurtosis 1.000 spec_cnn 1.000  (17s)
    JSR  +10.0 dB  BER 2.83e-01  P(det)@0.05 power_one_sided 1.000 power_two_sided 1.000 kurtosis 1.000 spec_cnn 1.000  (17s)
    JSR  +11.0 dB  BER 3.01e-01  P(det)@0.05 power_one_sided 1.000 power_two_sided 1.000 kurtosis 1.000 spec_cnn 1.000  (18s)
    JSR  +12.0 dB  BER 3.14e-01  P(det)@0.05 power_one_sided 1.000 power_two_sided 1.000 kurtosis 1.000 spec_cnn 1.000  (18s)
    JSR  +13.0 dB  BER 3.20e-01  P(det)@0.05 power_one_sided 1.000 power_two_sided 1.000 kurtosis 1.000 spec_cnn 1.000  (18s)
    JSR  +14.0 dB  BER 3.39e-01  P(det)@0.05 power_one_sided 1.000 power_two_sided 1.000 kurtosis 1.000 spec_cnn 1.000  (19s)
    JSR  +15.0 dB  BER 3.40e-01  P(det)@0.05 power_one_sided 1.000 power_two_sided 1.000 kurtosis 1.000 spec_cnn 1.000  (19s)
  [snr_35] pulsed_p0.5 confirmed: {"power_one_sided": {"0.01": {"index": 0, "sweep_ber": 0.0, "sweep_pdet": 0.01171875, "confirmed_ber": 0.0, "confirmed_ser": 0.0, "confirmed_pdet": 0.018798828125, "passed": false}, "0.05": {"index": 0, "sweep_ber": 0.0, "sweep_pdet": 0.05859375, "confirmed_ber": 0.0, "confirmed_ser": 0.0, "confirmed_pdet": 0.06640625, "passed": false}}, "power_two_sided": {"0.01": {"index": 0, "sweep_ber": 0.0, "sweep_pdet": 0.01171875, "confirmed_ber": 0.0, "confirmed_ser": 0.0, "confirmed_pdet": 0.021240234375, "passed": false}, "0.05": {"index": 0, "sweep_ber": 0.0, "sweep_pdet": 0.05078125, "confirmed_ber": 0.0, "confirmed_ser": 0.0, "confirmed_pdet": 0.0654296875, "passed": false}}, "kurtosis": {"0.01": {"index": 0, "sweep_ber": 0.0, "sweep_pdet": 0.00390625, "confirmed_ber": 0.0, "confirmed_ser": 0.0, "confirmed_pdet": 0.009521484375, "passed": true}, "0.05": {"index": 0, "sweep_ber": 0.0, "sweep_pdet": 0.04296875, "confirmed_ber": 0.0, "confirmed_ser": 0.0, "confirmed_pdet": 0.049560546875, "passed": true}}, "spec_cnn": {"0.01": {"index": 0, "sweep_ber": 0.0, "sweep_pdet": 0.005859375, "confirmed_ber": 0.0, "confirmed_ser": 0.0, "confirmed_pdet": 0.013427734375, "passed": false}, "0.05": {"index": 0, "sweep_ber": 0.0, "sweep_pdet": 0.0390625, "confirmed_ber": 0.0, "confirmed_ser": 0.0, "confirmed_pdet": 0.052734375, "passed": true}}}  (103s)
  [snr_35] classical pulsed_p0.25
    JSR  -50.0 dB  BER 0.00e+00  P(det)@0.05 power_one_sided 0.084 power_two_sided 0.084 kurtosis 0.041 spec_cnn 0.062  (0s)
    JSR  -49.0 dB  BER 0.00e+00  P(det)@0.05 power_one_sided 0.080 power_two_sided 0.078 kurtosis 0.045 spec_cnn 0.055  (1s)
    JSR  -48.0 dB  BER 0.00e+00  P(det)@0.05 power_one_sided 0.082 power_two_sided 0.084 kurtosis 0.039 spec_cnn 0.057  (1s)
    JSR  -47.0 dB  BER 0.00e+00  P(det)@0.05 power_one_sided 0.070 power_two_sided 0.102 kurtosis 0.061 spec_cnn 0.082  (1s)
    JSR  -46.0 dB  BER 0.00e+00  P(det)@0.05 power_one_sided 0.096 power_two_sided 0.098 kurtosis 0.037 spec_cnn 0.066  (2s)
    JSR  -45.0 dB  BER 0.00e+00  P(det)@0.05 power_one_sided 0.129 power_two_sided 0.143 kurtosis 0.043 spec_cnn 0.074  (2s)
    JSR  -44.0 dB  BER 0.00e+00  P(det)@0.05 power_one_sided 0.115 power_two_sided 0.115 kurtosis 0.064 spec_cnn 0.072  (2s)
    JSR  -43.0 dB  BER 0.00e+00  P(det)@0.05 power_one_sided 0.139 power_two_sided 0.193 kurtosis 0.049 spec_cnn 0.076  (3s)
    JSR  -42.0 dB  BER 0.00e+00  P(det)@0.05 power_one_sided 0.145 power_two_sided 0.188 kurtosis 0.051 spec_cnn 0.094  (3s)
    JSR  -41.0 dB  BER 0.00e+00  P(det)@0.05 power_one_sided 0.158 power_two_sided 0.195 kurtosis 0.053 spec_cnn 0.111  (3s)
    JSR  -40.0 dB  BER 0.00e+00  P(det)@0.05 power_one_sided 0.223 power_two_sided 0.287 kurtosis 0.043 spec_cnn 0.115  (4s)
    JSR  -39.0 dB  BER 0.00e+00  P(det)@0.05 power_one_sided 0.229 power_two_sided 0.303 kurtosis 0.051 spec_cnn 0.115  (4s)
    JSR  -38.0 dB  BER 0.00e+00  P(det)@0.05 power_one_sided 0.268 power_two_sided 0.355 kurtosis 0.043 spec_cnn 0.158  (4s)
    JSR  -37.0 dB  BER 0.00e+00  P(det)@0.05 power_one_sided 0.287 power_two_sided 0.422 kurtosis 0.039 spec_cnn 0.164  (5s)
    JSR  -36.0 dB  BER 0.00e+00  P(det)@0.05 power_one_sided 0.340 power_two_sided 0.432 kurtosis 0.043 spec_cnn 0.205  (5s)
    JSR  -35.0 dB  BER 0.00e+00  P(det)@0.05 power_one_sided 0.336 power_two_sided 0.520 kurtosis 0.055 spec_cnn 0.258  (5s)
    JSR  -34.0 dB  BER 0.00e+00  P(det)@0.05 power_one_sided 0.342 power_two_sided 0.498 kurtosis 0.053 spec_cnn 0.283  (6s)
    JSR  -33.0 dB  BER 0.00e+00  P(det)@0.05 power_one_sided 0.400 power_two_sided 0.600 kurtosis 0.057 spec_cnn 0.367  (6s)
    JSR  -32.0 dB  BER 0.00e+00  P(det)@0.05 power_one_sided 0.414 power_two_sided 0.605 kurtosis 0.059 spec_cnn 0.355  (6s)
    JSR  -31.0 dB  BER 0.00e+00  P(det)@0.05 power_one_sided 0.459 power_two_sided 0.641 kurtosis 0.059 spec_cnn 0.420  (7s)
    JSR  -30.0 dB  BER 0.00e+00  P(det)@0.05 power_one_sided 0.529 power_two_sided 0.705 kurtosis 0.043 spec_cnn 0.516  (7s)
    JSR  -29.0 dB  BER 0.00e+00  P(det)@0.05 power_one_sided 0.500 power_two_sided 0.723 kurtosis 0.045 spec_cnn 0.494  (7s)
    JSR  -28.0 dB  BER 0.00e+00  P(det)@0.05 power_one_sided 0.529 power_two_sided 0.764 kurtosis 0.045 spec_cnn 0.521  (8s)
    JSR  -27.0 dB  BER 0.00e+00  P(det)@0.05 power_one_sided 0.537 power_two_sided 0.779 kurtosis 0.059 spec_cnn 0.506  (8s)
    JSR  -26.0 dB  BER 0.00e+00  P(det)@0.05 power_one_sided 0.594 power_two_sided 0.801 kurtosis 0.057 spec_cnn 0.576  (8s)
    JSR  -25.0 dB  BER 0.00e+00  P(det)@0.05 power_one_sided 0.646 power_two_sided 0.855 kurtosis 0.059 spec_cnn 0.605  (9s)
    JSR  -24.0 dB  BER 0.00e+00  P(det)@0.05 power_one_sided 0.615 power_two_sided 0.842 kurtosis 0.064 spec_cnn 0.648  (9s)
    JSR  -23.0 dB  BER 0.00e+00  P(det)@0.05 power_one_sided 0.676 power_two_sided 0.877 kurtosis 0.078 spec_cnn 0.617  (9s)
    JSR  -22.0 dB  BER 0.00e+00  P(det)@0.05 power_one_sided 0.732 power_two_sided 0.910 kurtosis 0.074 spec_cnn 0.625  (10s)
    JSR  -21.0 dB  BER 0.00e+00  P(det)@0.05 power_one_sided 0.766 power_two_sided 0.916 kurtosis 0.082 spec_cnn 0.650  (10s)
    JSR  -20.0 dB  BER 0.00e+00  P(det)@0.05 power_one_sided 0.766 power_two_sided 0.918 kurtosis 0.084 spec_cnn 0.695  (10s)
    JSR  -19.0 dB  BER 0.00e+00  P(det)@0.05 power_one_sided 0.816 power_two_sided 0.959 kurtosis 0.131 spec_cnn 0.666  (11s)
    JSR  -18.0 dB  BER 0.00e+00  P(det)@0.05 power_one_sided 0.854 power_two_sided 0.951 kurtosis 0.188 spec_cnn 0.727  (11s)
    JSR  -17.0 dB  BER 0.00e+00  P(det)@0.05 power_one_sided 0.895 power_two_sided 0.979 kurtosis 0.271 spec_cnn 0.719  (12s)
    JSR  -16.0 dB  BER 0.00e+00  P(det)@0.05 power_one_sided 0.885 power_two_sided 0.965 kurtosis 0.355 spec_cnn 0.705  (12s)
    JSR  -15.0 dB  BER 0.00e+00  P(det)@0.05 power_one_sided 0.934 power_two_sided 0.975 kurtosis 0.498 spec_cnn 0.762  (12s)
    JSR  -14.0 dB  BER 0.00e+00  P(det)@0.05 power_one_sided 0.965 power_two_sided 0.992 kurtosis 0.711 spec_cnn 0.820  (13s)
    JSR  -13.0 dB  BER 0.00e+00  P(det)@0.05 power_one_sided 0.979 power_two_sided 0.990 kurtosis 0.854 spec_cnn 0.797  (13s)
    JSR  -12.0 dB  BER 2.29e-05  P(det)@0.05 power_one_sided 0.994 power_two_sided 0.996 kurtosis 0.928 spec_cnn 0.859  (13s)
    JSR  -11.0 dB  BER 3.66e-04  P(det)@0.05 power_one_sided 0.998 power_two_sided 1.000 kurtosis 0.988 spec_cnn 0.877  (14s)
    JSR  -10.0 dB  BER 1.46e-03  P(det)@0.05 power_one_sided 0.994 power_two_sided 0.998 kurtosis 0.992 spec_cnn 0.902  (14s)
    JSR   -9.0 dB  BER 6.31e-03  P(det)@0.05 power_one_sided 1.000 power_two_sided 1.000 kurtosis 1.000 spec_cnn 0.938  (14s)
    JSR   -8.0 dB  BER 1.86e-02  P(det)@0.05 power_one_sided 1.000 power_two_sided 1.000 kurtosis 1.000 spec_cnn 0.965  (15s)
    JSR   -7.0 dB  BER 3.37e-02  P(det)@0.05 power_one_sided 1.000 power_two_sided 1.000 kurtosis 1.000 spec_cnn 0.971  (15s)
    JSR   -6.0 dB  BER 4.46e-02  P(det)@0.05 power_one_sided 1.000 power_two_sided 1.000 kurtosis 1.000 spec_cnn 0.990  (15s)
    JSR   -5.0 dB  BER 5.64e-02  P(det)@0.05 power_one_sided 1.000 power_two_sided 1.000 kurtosis 1.000 spec_cnn 0.988  (16s)
    JSR   -4.0 dB  BER 6.75e-02  P(det)@0.05 power_one_sided 1.000 power_two_sided 1.000 kurtosis 1.000 spec_cnn 0.998  (16s)
    JSR   -3.0 dB  BER 7.76e-02  P(det)@0.05 power_one_sided 1.000 power_two_sided 1.000 kurtosis 1.000 spec_cnn 1.000  (16s)
    JSR   -2.0 dB  BER 8.79e-02  P(det)@0.05 power_one_sided 1.000 power_two_sided 1.000 kurtosis 1.000 spec_cnn 1.000  (17s)
    JSR   -1.0 dB  BER 9.88e-02  P(det)@0.05 power_one_sided 1.000 power_two_sided 1.000 kurtosis 1.000 spec_cnn 1.000  (17s)
    JSR   +0.0 dB  BER 1.05e-01  P(det)@0.05 power_one_sided 1.000 power_two_sided 1.000 kurtosis 1.000 spec_cnn 1.000  (17s)
    JSR   +1.0 dB  BER 1.18e-01  P(det)@0.05 power_one_sided 1.000 power_two_sided 1.000 kurtosis 1.000 spec_cnn 1.000  (18s)
    JSR   +2.0 dB  BER 1.24e-01  P(det)@0.05 power_one_sided 1.000 power_two_sided 1.000 kurtosis 1.000 spec_cnn 1.000  (18s)
    JSR   +3.0 dB  BER 1.31e-01  P(det)@0.05 power_one_sided 1.000 power_two_sided 1.000 kurtosis 1.000 spec_cnn 1.000  (18s)
    JSR   +4.0 dB  BER 1.38e-01  P(det)@0.05 power_one_sided 1.000 power_two_sided 1.000 kurtosis 1.000 spec_cnn 1.000  (19s)
    JSR   +5.0 dB  BER 1.42e-01  P(det)@0.05 power_one_sided 1.000 power_two_sided 1.000 kurtosis 1.000 spec_cnn 1.000  (19s)
    JSR   +6.0 dB  BER 1.55e-01  P(det)@0.05 power_one_sided 1.000 power_two_sided 1.000 kurtosis 1.000 spec_cnn 1.000  (20s)
    JSR   +7.0 dB  BER 1.64e-01  P(det)@0.05 power_one_sided 1.000 power_two_sided 1.000 kurtosis 1.000 spec_cnn 1.000  (20s)
    JSR   +8.0 dB  BER 1.79e-01  P(det)@0.05 power_one_sided 1.000 power_two_sided 1.000 kurtosis 1.000 spec_cnn 1.000  (20s)
    JSR   +9.0 dB  BER 1.88e-01  P(det)@0.05 power_one_sided 1.000 power_two_sided 1.000 kurtosis 1.000 spec_cnn 1.000  (21s)
    JSR  +10.0 dB  BER 1.95e-01  P(det)@0.05 power_one_sided 1.000 power_two_sided 1.000 kurtosis 1.000 spec_cnn 1.000  (21s)
    JSR  +11.0 dB  BER 2.11e-01  P(det)@0.05 power_one_sided 1.000 power_two_sided 1.000 kurtosis 1.000 spec_cnn 1.000  (21s)
    JSR  +12.0 dB  BER 2.20e-01  P(det)@0.05 power_one_sided 1.000 power_two_sided 1.000 kurtosis 1.000 spec_cnn 1.000  (22s)
    JSR  +13.0 dB  BER 2.28e-01  P(det)@0.05 power_one_sided 1.000 power_two_sided 1.000 kurtosis 1.000 spec_cnn 1.000  (22s)
    JSR  +14.0 dB  BER 2.38e-01  P(det)@0.05 power_one_sided 1.000 power_two_sided 1.000 kurtosis 1.000 spec_cnn 1.000  (22s)
    JSR  +15.0 dB  BER 2.45e-01  P(det)@0.05 power_one_sided 1.000 power_two_sided 1.000 kurtosis 1.000 spec_cnn 1.000  (23s)
  [snr_35] pulsed_p0.25 confirmed: {"power_one_sided": {"0.01": {"index": 1, "sweep_ber": 0.0, "sweep_pdet": 0.015625, "confirmed_ber": 0.0, "confirmed_ser": 0.0, "confirmed_pdet": 0.02685546875, "passed": false}, "0.05": null}, "power_two_sided": {"0.01": {"index": 1, "sweep_ber": 0.0, "sweep_pdet": 0.015625, "confirmed_ber": 0.0, "confirmed_ser": 0.0, "confirmed_pdet": 0.020751953125, "passed": false}, "0.05": null}, "kurtosis": {"0.01": {"index": 0, "sweep_ber": 0.0, "sweep_pdet": 0.0078125, "confirmed_ber": 0.0, "confirmed_ser": 0.0, "confirmed_pdet": 0.0068359375, "passed": true}, "0.05": {"index": 0, "sweep_ber": 0.0, "sweep_pdet": 0.041015625, "confirmed_ber": 0.0, "confirmed_ser": 0.0, "confirmed_pdet": 0.04833984375, "passed": true}}, "spec_cnn": {"0.01": {"index": 0, "sweep_ber": 0.0, "sweep_pdet": 0.009765625, "confirmed_ber": 0.0, "confirmed_ser": 0.0, "confirmed_pdet": 0.01220703125, "passed": true}, "0.05": {"index": 0, "sweep_ber": 0.0, "sweep_pdet": 0.0625, "confirmed_ber": 0.0, "confirmed_ser": 0.0, "confirmed_pdet": 0.055908203125, "passed": true}}}  (143s)
  [snr_35] classical pulsed_p0.1
    JSR  -50.0 dB  BER 0.00e+00  P(det)@0.05 power_one_sided 0.061 power_two_sided 0.064 kurtosis 0.047 spec_cnn 0.051  (0s)
    JSR  -49.0 dB  BER 0.00e+00  P(det)@0.05 power_one_sided 0.068 power_two_sided 0.076 kurtosis 0.053 spec_cnn 0.049  (1s)
    JSR  -48.0 dB  BER 0.00e+00  P(det)@0.05 power_one_sided 0.072 power_two_sided 0.092 kurtosis 0.035 spec_cnn 0.049  (1s)
    JSR  -47.0 dB  BER 0.00e+00  P(det)@0.05 power_one_sided 0.092 power_two_sided 0.121 kurtosis 0.059 spec_cnn 0.068  (1s)
    JSR  -46.0 dB  BER 0.00e+00  P(det)@0.05 power_one_sided 0.109 power_two_sided 0.100 kurtosis 0.029 spec_cnn 0.068  (2s)
    JSR  -45.0 dB  BER 0.00e+00  P(det)@0.05 power_one_sided 0.109 power_two_sided 0.141 kurtosis 0.035 spec_cnn 0.076  (2s)
    JSR  -44.0 dB  BER 0.00e+00  P(det)@0.05 power_one_sided 0.117 power_two_sided 0.156 kurtosis 0.039 spec_cnn 0.086  (3s)
    JSR  -43.0 dB  BER 0.00e+00  P(det)@0.05 power_one_sided 0.148 power_two_sided 0.178 kurtosis 0.061 spec_cnn 0.078  (3s)
    JSR  -42.0 dB  BER 0.00e+00  P(det)@0.05 power_one_sided 0.160 power_two_sided 0.211 kurtosis 0.062 spec_cnn 0.094  (3s)
    JSR  -41.0 dB  BER 0.00e+00  P(det)@0.05 power_one_sided 0.189 power_two_sided 0.270 kurtosis 0.037 spec_cnn 0.088  (4s)
    JSR  -40.0 dB  BER 0.00e+00  P(det)@0.05 power_one_sided 0.236 power_two_sided 0.307 kurtosis 0.047 spec_cnn 0.094  (4s)
    JSR  -39.0 dB  BER 0.00e+00  P(det)@0.05 power_one_sided 0.244 power_two_sided 0.340 kurtosis 0.061 spec_cnn 0.131  (4s)
    JSR  -38.0 dB  BER 0.00e+00  P(det)@0.05 power_one_sided 0.252 power_two_sided 0.324 kurtosis 0.055 spec_cnn 0.164  (5s)
    JSR  -37.0 dB  BER 0.00e+00  P(det)@0.05 power_one_sided 0.260 power_two_sided 0.381 kurtosis 0.061 spec_cnn 0.125  (5s)
    JSR  -36.0 dB  BER 0.00e+00  P(det)@0.05 power_one_sided 0.318 power_two_sided 0.451 kurtosis 0.053 spec_cnn 0.195  (5s)
    JSR  -35.0 dB  BER 0.00e+00  P(det)@0.05 power_one_sided 0.332 power_two_sided 0.477 kurtosis 0.043 spec_cnn 0.209  (6s)
    JSR  -34.0 dB  BER 0.00e+00  P(det)@0.05 power_one_sided 0.357 power_two_sided 0.514 kurtosis 0.037 spec_cnn 0.176  (6s)
    JSR  -33.0 dB  BER 0.00e+00  P(det)@0.05 power_one_sided 0.418 power_two_sided 0.604 kurtosis 0.045 spec_cnn 0.221  (7s)
    JSR  -32.0 dB  BER 0.00e+00  P(det)@0.05 power_one_sided 0.430 power_two_sided 0.637 kurtosis 0.051 spec_cnn 0.275  (7s)
    JSR  -31.0 dB  BER 0.00e+00  P(det)@0.05 power_one_sided 0.398 power_two_sided 0.631 kurtosis 0.045 spec_cnn 0.273  (7s)
    JSR  -30.0 dB  BER 0.00e+00  P(det)@0.05 power_one_sided 0.502 power_two_sided 0.703 kurtosis 0.053 spec_cnn 0.262  (8s)
    JSR  -29.0 dB  BER 0.00e+00  P(det)@0.05 power_one_sided 0.508 power_two_sided 0.734 kurtosis 0.039 spec_cnn 0.273  (8s)
    JSR  -28.0 dB  BER 0.00e+00  P(det)@0.05 power_one_sided 0.541 power_two_sided 0.760 kurtosis 0.027 spec_cnn 0.305  (8s)
    JSR  -27.0 dB  BER 0.00e+00  P(det)@0.05 power_one_sided 0.566 power_two_sided 0.783 kurtosis 0.039 spec_cnn 0.287  (9s)
    JSR  -26.0 dB  BER 0.00e+00  P(det)@0.05 power_one_sided 0.586 power_two_sided 0.816 kurtosis 0.047 spec_cnn 0.305  (9s)
    JSR  -25.0 dB  BER 0.00e+00  P(det)@0.05 power_one_sided 0.600 power_two_sided 0.822 kurtosis 0.051 spec_cnn 0.342  (9s)
    JSR  -24.0 dB  BER 0.00e+00  P(det)@0.05 power_one_sided 0.658 power_two_sided 0.887 kurtosis 0.053 spec_cnn 0.318  (10s)
    JSR  -23.0 dB  BER 0.00e+00  P(det)@0.05 power_one_sided 0.660 power_two_sided 0.889 kurtosis 0.061 spec_cnn 0.365  (10s)
    JSR  -22.0 dB  BER 0.00e+00  P(det)@0.05 power_one_sided 0.723 power_two_sided 0.916 kurtosis 0.094 spec_cnn 0.371  (11s)
    JSR  -21.0 dB  BER 0.00e+00  P(det)@0.05 power_one_sided 0.752 power_two_sided 0.910 kurtosis 0.086 spec_cnn 0.350  (11s)
    JSR  -20.0 dB  BER 0.00e+00  P(det)@0.05 power_one_sided 0.814 power_two_sided 0.947 kurtosis 0.098 spec_cnn 0.408  (11s)
    JSR  -19.0 dB  BER 0.00e+00  P(det)@0.05 power_one_sided 0.822 power_two_sided 0.945 kurtosis 0.162 spec_cnn 0.393  (12s)
    JSR  -18.0 dB  BER 0.00e+00  P(det)@0.05 power_one_sided 0.838 power_two_sided 0.945 kurtosis 0.230 spec_cnn 0.393  (12s)
    JSR  -17.0 dB  BER 7.63e-06  P(det)@0.05 power_one_sided 0.900 power_two_sided 0.980 kurtosis 0.309 spec_cnn 0.439  (12s)
    JSR  -16.0 dB  BER 6.10e-05  P(det)@0.05 power_one_sided 0.938 power_two_sided 0.992 kurtosis 0.420 spec_cnn 0.395  (13s)
    JSR  -15.0 dB  BER 1.07e-04  P(det)@0.05 power_one_sided 0.938 power_two_sided 0.986 kurtosis 0.572 spec_cnn 0.486  (13s)
    JSR  -14.0 dB  BER 8.24e-04  P(det)@0.05 power_one_sided 0.963 power_two_sided 0.986 kurtosis 0.719 spec_cnn 0.506  (13s)
    JSR  -13.0 dB  BER 2.60e-03  P(det)@0.05 power_one_sided 0.984 power_two_sided 0.994 kurtosis 0.877 spec_cnn 0.512  (14s)
    JSR  -12.0 dB  BER 6.67e-03  P(det)@0.05 power_one_sided 0.986 power_two_sided 1.000 kurtosis 0.941 spec_cnn 0.592  (14s)
    JSR  -11.0 dB  BER 1.17e-02  P(det)@0.05 power_one_sided 1.000 power_two_sided 0.998 kurtosis 0.984 spec_cnn 0.639  (15s)
    JSR  -10.0 dB  BER 1.77e-02  P(det)@0.05 power_one_sided 1.000 power_two_sided 1.000 kurtosis 0.998 spec_cnn 0.715  (15s)
    JSR   -9.0 dB  BER 2.18e-02  P(det)@0.05 power_one_sided 1.000 power_two_sided 1.000 kurtosis 1.000 spec_cnn 0.746  (15s)
    JSR   -8.0 dB  BER 2.65e-02  P(det)@0.05 power_one_sided 1.000 power_two_sided 1.000 kurtosis 1.000 spec_cnn 0.836  (16s)
    JSR   -7.0 dB  BER 3.10e-02  P(det)@0.05 power_one_sided 1.000 power_two_sided 1.000 kurtosis 1.000 spec_cnn 0.896  (16s)
    JSR   -6.0 dB  BER 3.44e-02  P(det)@0.05 power_one_sided 1.000 power_two_sided 1.000 kurtosis 1.000 spec_cnn 0.938  (16s)
    JSR   -5.0 dB  BER 3.98e-02  P(det)@0.05 power_one_sided 1.000 power_two_sided 1.000 kurtosis 1.000 spec_cnn 0.979  (17s)
    JSR   -4.0 dB  BER 4.31e-02  P(det)@0.05 power_one_sided 1.000 power_two_sided 1.000 kurtosis 1.000 spec_cnn 0.986  (17s)
    JSR   -3.0 dB  BER 4.59e-02  P(det)@0.05 power_one_sided 1.000 power_two_sided 1.000 kurtosis 1.000 spec_cnn 0.996  (18s)
    JSR   -2.0 dB  BER 4.92e-02  P(det)@0.05 power_one_sided 1.000 power_two_sided 1.000 kurtosis 1.000 spec_cnn 1.000  (18s)
    JSR   -1.0 dB  BER 5.34e-02  P(det)@0.05 power_one_sided 1.000 power_two_sided 1.000 kurtosis 1.000 spec_cnn 1.000  (18s)
    JSR   +0.0 dB  BER 5.71e-02  P(det)@0.05 power_one_sided 1.000 power_two_sided 1.000 kurtosis 1.000 spec_cnn 1.000  (19s)
    JSR   +1.0 dB  BER 5.95e-02  P(det)@0.05 power_one_sided 1.000 power_two_sided 1.000 kurtosis 1.000 spec_cnn 1.000  (19s)
    JSR   +2.0 dB  BER 6.56e-02  P(det)@0.05 power_one_sided 1.000 power_two_sided 1.000 kurtosis 1.000 spec_cnn 1.000  (19s)
    JSR   +3.0 dB  BER 7.07e-02  P(det)@0.05 power_one_sided 1.000 power_two_sided 1.000 kurtosis 1.000 spec_cnn 1.000  (20s)
    JSR   +4.0 dB  BER 7.60e-02  P(det)@0.05 power_one_sided 1.000 power_two_sided 1.000 kurtosis 1.000 spec_cnn 1.000  (20s)
    JSR   +5.0 dB  BER 8.44e-02  P(det)@0.05 power_one_sided 1.000 power_two_sided 1.000 kurtosis 1.000 spec_cnn 1.000  (21s)
    JSR   +6.0 dB  BER 9.16e-02  P(det)@0.05 power_one_sided 1.000 power_two_sided 1.000 kurtosis 1.000 spec_cnn 1.000  (21s)
    JSR   +7.0 dB  BER 9.80e-02  P(det)@0.05 power_one_sided 1.000 power_two_sided 1.000 kurtosis 1.000 spec_cnn 1.000  (21s)
    JSR   +8.0 dB  BER 1.01e-01  P(det)@0.05 power_one_sided 1.000 power_two_sided 1.000 kurtosis 1.000 spec_cnn 1.000  (22s)
    JSR   +9.0 dB  BER 1.05e-01  P(det)@0.05 power_one_sided 1.000 power_two_sided 1.000 kurtosis 1.000 spec_cnn 1.000  (22s)
    JSR  +10.0 dB  BER 1.13e-01  P(det)@0.05 power_one_sided 1.000 power_two_sided 1.000 kurtosis 1.000 spec_cnn 1.000  (23s)
    JSR  +11.0 dB  BER 1.15e-01  P(det)@0.05 power_one_sided 1.000 power_two_sided 1.000 kurtosis 1.000 spec_cnn 1.000  (23s)
    JSR  +12.0 dB  BER 1.23e-01  P(det)@0.05 power_one_sided 1.000 power_two_sided 1.000 kurtosis 1.000 spec_cnn 1.000  (23s)
    JSR  +13.0 dB  BER 1.32e-01  P(det)@0.05 power_one_sided 1.000 power_two_sided 1.000 kurtosis 1.000 spec_cnn 1.000  (24s)
    JSR  +14.0 dB  BER 1.38e-01  P(det)@0.05 power_one_sided 1.000 power_two_sided 1.000 kurtosis 1.000 spec_cnn 1.000  (24s)
    JSR  +15.0 dB  BER 1.46e-01  P(det)@0.05 power_one_sided 1.000 power_two_sided 1.000 kurtosis 1.000 spec_cnn 1.000  (24s)
  [snr_35] pulsed_p0.1 confirmed: {"power_one_sided": {"0.01": {"index": 0, "sweep_ber": 0.0, "sweep_pdet": 0.0078125, "confirmed_ber": 0.0, "confirmed_ser": 0.0, "confirmed_pdet": 0.021728515625, "passed": false}, "0.05": {"index": 0, "sweep_ber": 0.0, "sweep_pdet": 0.060546875, "confirmed_ber": 0.0, "confirmed_ser": 0.0, "confirmed_pdet": 0.075439453125, "passed": false}}, "power_two_sided": {"0.01": {"index": 0, "sweep_ber": 0.0, "sweep_pdet": 0.015625, "confirmed_ber": 0.0, "confirmed_ser": 0.0, "confirmed_pdet": 0.02099609375, "passed": false}, "0.05": {"index": 0, "sweep_ber": 0.0, "sweep_pdet": 0.064453125, "confirmed_ber": 0.0, "confirmed_ser": 0.0, "confirmed_pdet": 0.075439453125, "passed": false}}, "kurtosis": {"0.01": {"index": 0, "sweep_ber": 0.0, "sweep_pdet": 0.001953125, "confirmed_ber": 0.0, "confirmed_ser": 0.0, "confirmed_pdet": 0.01025390625, "passed": true}, "0.05": {"index": 0, "sweep_ber": 0.0, "sweep_pdet": 0.046875, "confirmed_ber": 0.0, "confirmed_ser": 0.0, "confirmed_pdet": 0.043212890625, "passed": true}}, "spec_cnn": {"0.01": {"index": 0, "sweep_ber": 0.0, "sweep_pdet": 0.013671875, "confirmed_ber": 0.0, "confirmed_ser": 0.0, "confirmed_pdet": 0.01025390625, "passed": true}, "0.05": {"index": 0, "sweep_ber": 0.0, "sweep_pdet": 0.05078125, "confirmed_ber": 0.0, "confirmed_ser": 0.0, "confirmed_pdet": 0.0517578125, "passed": true}}}  (192s)
  [snr_35] classical omniscient_e0.1
    JSR  -50.0 dB  BER 0.00e+00  P(det)@0.05 power_one_sided 0.061 power_two_sided 0.064 kurtosis 0.043 spec_cnn 0.037  (0s)
    JSR  -49.0 dB  BER 0.00e+00  P(det)@0.05 power_one_sided 0.053 power_two_sided 0.047 kurtosis 0.059 spec_cnn 0.051  (1s)
    JSR  -48.0 dB  BER 0.00e+00  P(det)@0.05 power_one_sided 0.053 power_two_sided 0.043 kurtosis 0.051 spec_cnn 0.051  (1s)
    JSR  -47.0 dB  BER 0.00e+00  P(det)@0.05 power_one_sided 0.045 power_two_sided 0.039 kurtosis 0.061 spec_cnn 0.039  (1s)
    JSR  -46.0 dB  BER 0.00e+00  P(det)@0.05 power_one_sided 0.068 power_two_sided 0.057 kurtosis 0.061 spec_cnn 0.051  (2s)
    JSR  -45.0 dB  BER 0.00e+00  P(det)@0.05 power_one_sided 0.035 power_two_sided 0.025 kurtosis 0.061 spec_cnn 0.043  (2s)
    JSR  -44.0 dB  BER 0.00e+00  P(det)@0.05 power_one_sided 0.074 power_two_sided 0.066 kurtosis 0.051 spec_cnn 0.051  (3s)
    JSR  -43.0 dB  BER 0.00e+00  P(det)@0.05 power_one_sided 0.053 power_two_sided 0.039 kurtosis 0.047 spec_cnn 0.074  (3s)
    JSR  -42.0 dB  BER 0.00e+00  P(det)@0.05 power_one_sided 0.029 power_two_sided 0.033 kurtosis 0.055 spec_cnn 0.049  (3s)
    JSR  -41.0 dB  BER 0.00e+00  P(det)@0.05 power_one_sided 0.057 power_two_sided 0.047 kurtosis 0.066 spec_cnn 0.033  (4s)
    JSR  -40.0 dB  BER 0.00e+00  P(det)@0.05 power_one_sided 0.055 power_two_sided 0.059 kurtosis 0.055 spec_cnn 0.029  (4s)
    JSR  -39.0 dB  BER 0.00e+00  P(det)@0.05 power_one_sided 0.055 power_two_sided 0.055 kurtosis 0.057 spec_cnn 0.059  (5s)
    JSR  -38.0 dB  BER 0.00e+00  P(det)@0.05 power_one_sided 0.041 power_two_sided 0.045 kurtosis 0.035 spec_cnn 0.047  (5s)
    JSR  -37.0 dB  BER 0.00e+00  P(det)@0.05 power_one_sided 0.055 power_two_sided 0.057 kurtosis 0.055 spec_cnn 0.039  (5s)
    JSR  -36.0 dB  BER 0.00e+00  P(det)@0.05 power_one_sided 0.047 power_two_sided 0.061 kurtosis 0.051 spec_cnn 0.039  (6s)
    JSR  -35.0 dB  BER 0.00e+00  P(det)@0.05 power_one_sided 0.045 power_two_sided 0.053 kurtosis 0.043 spec_cnn 0.051  (6s)
    JSR  -34.0 dB  BER 0.00e+00  P(det)@0.05 power_one_sided 0.045 power_two_sided 0.037 kurtosis 0.027 spec_cnn 0.059  (7s)
    JSR  -33.0 dB  BER 0.00e+00  P(det)@0.05 power_one_sided 0.057 power_two_sided 0.051 kurtosis 0.037 spec_cnn 0.055  (7s)
    JSR  -32.0 dB  BER 0.00e+00  P(det)@0.05 power_one_sided 0.043 power_two_sided 0.057 kurtosis 0.051 spec_cnn 0.057  (7s)
    JSR  -31.0 dB  BER 0.00e+00  P(det)@0.05 power_one_sided 0.029 power_two_sided 0.043 kurtosis 0.051 spec_cnn 0.037  (8s)
    JSR  -30.0 dB  BER 0.00e+00  P(det)@0.05 power_one_sided 0.043 power_two_sided 0.043 kurtosis 0.059 spec_cnn 0.051  (8s)
    JSR  -29.0 dB  BER 0.00e+00  P(det)@0.05 power_one_sided 0.041 power_two_sided 0.053 kurtosis 0.041 spec_cnn 0.047  (8s)
    JSR  -28.0 dB  BER 0.00e+00  P(det)@0.05 power_one_sided 0.049 power_two_sided 0.051 kurtosis 0.047 spec_cnn 0.061  (9s)
    JSR  -27.0 dB  BER 0.00e+00  P(det)@0.05 power_one_sided 0.047 power_two_sided 0.061 kurtosis 0.053 spec_cnn 0.066  (9s)
    JSR  -26.0 dB  BER 0.00e+00  P(det)@0.05 power_one_sided 0.045 power_two_sided 0.045 kurtosis 0.045 spec_cnn 0.047  (10s)
    JSR  -25.0 dB  BER 0.00e+00  P(det)@0.05 power_one_sided 0.037 power_two_sided 0.037 kurtosis 0.039 spec_cnn 0.062  (10s)
    JSR  -24.0 dB  BER 0.00e+00  P(det)@0.05 power_one_sided 0.062 power_two_sided 0.049 kurtosis 0.059 spec_cnn 0.039  (10s)
    JSR  -23.0 dB  BER 0.00e+00  P(det)@0.05 power_one_sided 0.059 power_two_sided 0.049 kurtosis 0.035 spec_cnn 0.045  (11s)
    JSR  -22.0 dB  BER 0.00e+00  P(det)@0.05 power_one_sided 0.055 power_two_sided 0.064 kurtosis 0.047 spec_cnn 0.037  (11s)
    JSR  -21.0 dB  BER 0.00e+00  P(det)@0.05 power_one_sided 0.055 power_two_sided 0.051 kurtosis 0.070 spec_cnn 0.039  (12s)
    JSR  -20.0 dB  BER 7.81e-03  P(det)@0.05 power_one_sided 0.000 power_two_sided 1.000 kurtosis 0.061 spec_cnn 0.059  (12s)
    JSR  -19.0 dB  BER 7.81e-03  P(det)@0.05 power_one_sided 0.000 power_two_sided 1.000 kurtosis 0.072 spec_cnn 0.055  (12s)
    JSR  -18.0 dB  BER 7.81e-03  P(det)@0.05 power_one_sided 0.000 power_two_sided 1.000 kurtosis 0.084 spec_cnn 0.057  (13s)
    JSR  -17.0 dB  BER 1.56e-02  P(det)@0.05 power_one_sided 0.000 power_two_sided 1.000 kurtosis 0.094 spec_cnn 0.057  (13s)
    JSR  -16.0 dB  BER 1.56e-02  P(det)@0.05 power_one_sided 0.000 power_two_sided 1.000 kurtosis 0.115 spec_cnn 0.053  (13s)
    JSR  -15.0 dB  BER 2.34e-02  P(det)@0.05 power_one_sided 0.000 power_two_sided 1.000 kurtosis 0.162 spec_cnn 0.047  (14s)
    JSR  -14.0 dB  BER 3.12e-02  P(det)@0.05 power_one_sided 0.000 power_two_sided 1.000 kurtosis 0.236 spec_cnn 0.062  (14s)
    JSR  -13.0 dB  BER 3.91e-02  P(det)@0.05 power_one_sided 0.000 power_two_sided 1.000 kurtosis 0.371 spec_cnn 0.045  (15s)
    JSR  -12.0 dB  BER 4.69e-02  P(det)@0.05 power_one_sided 0.000 power_two_sided 1.000 kurtosis 0.445 spec_cnn 0.055  (15s)
    JSR  -11.0 dB  BER 6.25e-02  P(det)@0.05 power_one_sided 0.000 power_two_sided 1.000 kurtosis 0.748 spec_cnn 0.035  (15s)
    JSR  -10.0 dB  BER 7.81e-02  P(det)@0.05 power_one_sided 0.000 power_two_sided 1.000 kurtosis 0.896 spec_cnn 0.055  (16s)
    JSR   -9.0 dB  BER 1.02e-01  P(det)@0.05 power_one_sided 0.000 power_two_sided 1.000 kurtosis 0.992 spec_cnn 0.049  (16s)
    JSR   -8.0 dB  BER 1.25e-01  P(det)@0.05 power_one_sided 0.000 power_two_sided 1.000 kurtosis 1.000 spec_cnn 0.049  (16s)
    JSR   -7.0 dB  BER 1.64e-01  P(det)@0.05 power_one_sided 0.000 power_two_sided 1.000 kurtosis 1.000 spec_cnn 0.045  (17s)
    JSR   -6.0 dB  BER 2.03e-01  P(det)@0.05 power_one_sided 0.000 power_two_sided 1.000 kurtosis 1.000 spec_cnn 0.039  (17s)
    JSR   -5.0 dB  BER 2.58e-01  P(det)@0.05 power_one_sided 0.000 power_two_sided 1.000 kurtosis 1.000 spec_cnn 0.021  (18s)
    JSR   -4.0 dB  BER 3.28e-01  P(det)@0.05 power_one_sided 0.000 power_two_sided 1.000 kurtosis 1.000 spec_cnn 0.021  (18s)
    JSR   -3.0 dB  BER 4.14e-01  P(det)@0.05 power_one_sided 0.000 power_two_sided 1.000 kurtosis 1.000 spec_cnn 0.016  (18s)
    JSR   -2.0 dB  BER 5.16e-01  P(det)@0.05 power_one_sided 0.000 power_two_sided 1.000 kurtosis 1.000 spec_cnn 0.008  (19s)
    JSR   -1.0 dB  BER 6.56e-01  P(det)@0.05 power_one_sided 0.000 power_two_sided 1.000 kurtosis 1.000 spec_cnn 0.008  (19s)
    JSR   +0.0 dB  BER 8.20e-01  P(det)@0.05 power_one_sided 0.000 power_two_sided 1.000 kurtosis 1.000 spec_cnn 0.000  (20s)
    JSR   +1.0 dB  BER 1.00e+00  P(det)@0.05 power_one_sided 0.000 power_two_sided 1.000 kurtosis 0.309 spec_cnn 0.000  (20s)
    JSR   +2.0 dB  BER 1.00e+00  P(det)@0.05 power_one_sided 0.000 power_two_sided 1.000 kurtosis 0.295 spec_cnn 0.000  (20s)
    JSR   +3.0 dB  BER 1.00e+00  P(det)@0.05 power_one_sided 0.000 power_two_sided 1.000 kurtosis 0.240 spec_cnn 0.000  (21s)
    JSR   +4.0 dB  BER 1.00e+00  P(det)@0.05 power_one_sided 0.000 power_two_sided 1.000 kurtosis 0.248 spec_cnn 0.000  (21s)
    JSR   +5.0 dB  BER 1.00e+00  P(det)@0.05 power_one_sided 0.000 power_two_sided 1.000 kurtosis 0.275 spec_cnn 0.000  (21s)
    JSR   +6.0 dB  BER 1.00e+00  P(det)@0.05 power_one_sided 0.000 power_two_sided 1.000 kurtosis 0.293 spec_cnn 0.000  (22s)
    JSR   +7.0 dB  BER 1.00e+00  P(det)@0.05 power_one_sided 0.000 power_two_sided 1.000 kurtosis 0.297 spec_cnn 0.000  (22s)
    JSR   +8.0 dB  BER 1.00e+00  P(det)@0.05 power_one_sided 0.000 power_two_sided 1.000 kurtosis 0.271 spec_cnn 0.000  (23s)
    JSR   +9.0 dB  BER 1.00e+00  P(det)@0.05 power_one_sided 0.000 power_two_sided 1.000 kurtosis 0.312 spec_cnn 0.000  (23s)
    JSR  +10.0 dB  BER 1.00e+00  P(det)@0.05 power_one_sided 0.000 power_two_sided 1.000 kurtosis 0.279 spec_cnn 0.000  (23s)
    JSR  +11.0 dB  BER 1.00e+00  P(det)@0.05 power_one_sided 0.000 power_two_sided 1.000 kurtosis 0.250 spec_cnn 0.000  (24s)
    JSR  +12.0 dB  BER 1.00e+00  P(det)@0.05 power_one_sided 0.000 power_two_sided 1.000 kurtosis 0.305 spec_cnn 0.000  (24s)
    JSR  +13.0 dB  BER 1.00e+00  P(det)@0.05 power_one_sided 0.000 power_two_sided 1.000 kurtosis 0.273 spec_cnn 0.000  (24s)
    JSR  +14.0 dB  BER 1.00e+00  P(det)@0.05 power_one_sided 0.000 power_two_sided 1.000 kurtosis 0.289 spec_cnn 0.000  (25s)
    JSR  +15.0 dB  BER 1.00e+00  P(det)@0.05 power_one_sided 0.000 power_two_sided 1.000 kurtosis 0.326 spec_cnn 0.000  (25s)
  [snr_35] omniscient_e0.1 confirmed: {"power_one_sided": {"0.01": {"index": 51, "sweep_ber": 1.0, "sweep_pdet": 0.0, "confirmed_ber": 1.0, "confirmed_ser": 1.0, "confirmed_pdet": 0.0, "passed": true}, "0.05": {"index": 51, "sweep_ber": 1.0, "sweep_pdet": 0.0, "confirmed_ber": 1.0, "confirmed_ser": 1.0, "confirmed_pdet": 0.0, "passed": true}}, "power_two_sided": {"0.01": {"index": 1, "sweep_ber": 0.0, "sweep_pdet": 0.015625, "confirmed_ber": 0.0, "confirmed_ser": 0.0, "confirmed_pdet": 0.01171875, "passed": true}, "0.05": {"index": 0, "sweep_ber": 0.0, "sweep_pdet": 0.064453125, "confirmed_ber": 0.0, "confirmed_ser": 0.0, "confirmed_pdet": 0.046875, "passed": true}}, "kurtosis": {"0.01": {"index": 30, "sweep_ber": 0.0078125, "sweep_pdet": 0.009765625, "confirmed_ber": 0.0078125, "confirmed_ser": 0.0078125, "confirmed_pdet": 0.01513671875, "passed": false}, "0.05": {"index": 30, "sweep_ber": 0.0078125, "sweep_pdet": 0.060546875, "confirmed_ber": 0.0078125, "confirmed_ser": 0.0078125, "confirmed_pdet": 0.061279296875, "passed": false}}, "spec_cnn": {"0.01": {"index": 51, "sweep_ber": 1.0, "sweep_pdet": 0.0, "confirmed_ber": 1.0, "confirmed_ser": 1.0, "confirmed_pdet": 0.0, "passed": true}, "0.05": {"index": 51, "sweep_ber": 1.0, "sweep_pdet": 0.0, "confirmed_ber": 1.0, "confirmed_ser": 1.0, "confirmed_pdet": 0.0, "passed": true}}}  (242s)
  [snr_35] classical omniscient_e1
    JSR  -50.0 dB  BER 0.00e+00  P(det)@0.05 power_one_sided 0.045 power_two_sided 0.051 kurtosis 0.035 spec_cnn 0.051  (0s)
    JSR  -49.0 dB  BER 0.00e+00  P(det)@0.05 power_one_sided 0.047 power_two_sided 0.059 kurtosis 0.051 spec_cnn 0.041  (1s)
    JSR  -48.0 dB  BER 0.00e+00  P(det)@0.05 power_one_sided 0.037 power_two_sided 0.047 kurtosis 0.057 spec_cnn 0.045  (1s)
    JSR  -47.0 dB  BER 0.00e+00  P(det)@0.05 power_one_sided 0.047 power_two_sided 0.043 kurtosis 0.062 spec_cnn 0.041  (2s)
    JSR  -46.0 dB  BER 0.00e+00  P(det)@0.05 power_one_sided 0.051 power_two_sided 0.041 kurtosis 0.041 spec_cnn 0.049  (2s)
    JSR  -45.0 dB  BER 0.00e+00  P(det)@0.05 power_one_sided 0.061 power_two_sided 0.070 kurtosis 0.059 spec_cnn 0.041  (2s)
    JSR  -44.0 dB  BER 0.00e+00  P(det)@0.05 power_one_sided 0.021 power_two_sided 0.027 kurtosis 0.045 spec_cnn 0.041  (3s)
    JSR  -43.0 dB  BER 0.00e+00  P(det)@0.05 power_one_sided 0.053 power_two_sided 0.062 kurtosis 0.045 spec_cnn 0.043  (3s)
    JSR  -42.0 dB  BER 0.00e+00  P(det)@0.05 power_one_sided 0.049 power_two_sided 0.049 kurtosis 0.049 spec_cnn 0.049  (3s)
    JSR  -41.0 dB  BER 0.00e+00  P(det)@0.05 power_one_sided 0.061 power_two_sided 0.057 kurtosis 0.057 spec_cnn 0.049  (4s)
    JSR  -40.0 dB  BER 0.00e+00  P(det)@0.05 power_one_sided 0.061 power_two_sided 0.066 kurtosis 0.053 spec_cnn 0.053  (4s)
    JSR  -39.0 dB  BER 0.00e+00  P(det)@0.05 power_one_sided 0.051 power_two_sided 0.037 kurtosis 0.041 spec_cnn 0.049  (5s)
    JSR  -38.0 dB  BER 0.00e+00  P(det)@0.05 power_one_sided 0.051 power_two_sided 0.043 kurtosis 0.043 spec_cnn 0.064  (5s)
    JSR  -37.0 dB  BER 0.00e+00  P(det)@0.05 power_one_sided 0.041 power_two_sided 0.055 kurtosis 0.043 spec_cnn 0.068  (5s)
    JSR  -36.0 dB  BER 0.00e+00  P(det)@0.05 power_one_sided 0.051 power_two_sided 0.053 kurtosis 0.057 spec_cnn 0.045  (6s)
    JSR  -35.0 dB  BER 0.00e+00  P(det)@0.05 power_one_sided 0.039 power_two_sided 0.037 kurtosis 0.055 spec_cnn 0.043  (6s)
    JSR  -34.0 dB  BER 0.00e+00  P(det)@0.05 power_one_sided 0.064 power_two_sided 0.041 kurtosis 0.051 spec_cnn 0.047  (6s)
    JSR  -33.0 dB  BER 0.00e+00  P(det)@0.05 power_one_sided 0.051 power_two_sided 0.033 kurtosis 0.055 spec_cnn 0.055  (7s)
    JSR  -32.0 dB  BER 0.00e+00  P(det)@0.05 power_one_sided 0.055 power_two_sided 0.055 kurtosis 0.062 spec_cnn 0.041  (7s)
    JSR  -31.0 dB  BER 0.00e+00  P(det)@0.05 power_one_sided 0.031 power_two_sided 0.033 kurtosis 0.035 spec_cnn 0.037  (8s)
    JSR  -30.0 dB  BER 0.00e+00  P(det)@0.05 power_one_sided 0.057 power_two_sided 0.043 kurtosis 0.035 spec_cnn 0.047  (8s)
    JSR  -29.0 dB  BER 0.00e+00  P(det)@0.05 power_one_sided 0.051 power_two_sided 0.051 kurtosis 0.059 spec_cnn 0.057  (9s)
    JSR  -28.0 dB  BER 0.00e+00  P(det)@0.05 power_one_sided 0.043 power_two_sided 0.049 kurtosis 0.045 spec_cnn 0.049  (9s)
    JSR  -27.0 dB  BER 0.00e+00  P(det)@0.05 power_one_sided 0.051 power_two_sided 0.035 kurtosis 0.041 spec_cnn 0.039  (9s)
    JSR  -26.0 dB  BER 0.00e+00  P(det)@0.05 power_one_sided 0.051 power_two_sided 0.051 kurtosis 0.043 spec_cnn 0.043  (10s)
    JSR  -25.0 dB  BER 0.00e+00  P(det)@0.05 power_one_sided 0.049 power_two_sided 0.051 kurtosis 0.062 spec_cnn 0.051  (10s)
    JSR  -24.0 dB  BER 0.00e+00  P(det)@0.05 power_one_sided 0.045 power_two_sided 0.037 kurtosis 0.059 spec_cnn 0.031  (10s)
    JSR  -23.0 dB  BER 0.00e+00  P(det)@0.05 power_one_sided 0.023 power_two_sided 0.053 kurtosis 0.055 spec_cnn 0.057  (11s)
    JSR  -22.0 dB  BER 0.00e+00  P(det)@0.05 power_one_sided 0.037 power_two_sided 0.039 kurtosis 0.049 spec_cnn 0.043  (11s)
    JSR  -21.0 dB  BER 0.00e+00  P(det)@0.05 power_one_sided 0.051 power_two_sided 0.053 kurtosis 0.039 spec_cnn 0.053  (12s)
    JSR  -20.0 dB  BER 0.00e+00  P(det)@0.05 power_one_sided 0.055 power_two_sided 0.049 kurtosis 0.055 spec_cnn 0.033  (12s)
    JSR  -19.0 dB  BER 0.00e+00  P(det)@0.05 power_one_sided 0.053 power_two_sided 0.041 kurtosis 0.047 spec_cnn 0.035  (12s)
    JSR  -18.0 dB  BER 0.00e+00  P(det)@0.05 power_one_sided 0.039 power_two_sided 0.035 kurtosis 0.043 spec_cnn 0.064  (13s)
    JSR  -17.0 dB  BER 0.00e+00  P(det)@0.05 power_one_sided 0.062 power_two_sided 0.068 kurtosis 0.045 spec_cnn 0.068  (13s)
    JSR  -16.0 dB  BER 0.00e+00  P(det)@0.05 power_one_sided 0.053 power_two_sided 0.059 kurtosis 0.057 spec_cnn 0.041  (14s)
    JSR  -15.0 dB  BER 7.81e-03  P(det)@0.05 power_one_sided 0.064 power_two_sided 0.047 kurtosis 0.057 spec_cnn 0.047  (14s)
    JSR  -14.0 dB  BER 7.81e-03  P(det)@0.05 power_one_sided 0.031 power_two_sided 0.039 kurtosis 0.039 spec_cnn 0.041  (14s)
    JSR  -13.0 dB  BER 7.81e-03  P(det)@0.05 power_one_sided 0.045 power_two_sided 0.045 kurtosis 0.049 spec_cnn 0.055  (15s)
    JSR  -12.0 dB  BER 1.56e-02  P(det)@0.05 power_one_sided 0.037 power_two_sided 0.039 kurtosis 0.043 spec_cnn 0.057  (15s)
    JSR  -11.0 dB  BER 1.56e-02  P(det)@0.05 power_one_sided 0.053 power_two_sided 0.047 kurtosis 0.035 spec_cnn 0.051  (16s)
    JSR  -10.0 dB  BER 2.34e-02  P(det)@0.05 power_one_sided 0.057 power_two_sided 0.051 kurtosis 0.021 spec_cnn 0.049  (16s)
    JSR   -9.0 dB  BER 3.12e-02  P(det)@0.05 power_one_sided 0.070 power_two_sided 0.041 kurtosis 0.049 spec_cnn 0.053  (16s)
    JSR   -8.0 dB  BER 3.91e-02  P(det)@0.05 power_one_sided 0.053 power_two_sided 0.051 kurtosis 0.057 spec_cnn 0.064  (17s)
    JSR   -7.0 dB  BER 4.69e-02  P(det)@0.05 power_one_sided 0.053 power_two_sided 0.051 kurtosis 0.066 spec_cnn 0.043  (17s)
    JSR   -6.0 dB  BER 6.25e-02  P(det)@0.05 power_one_sided 0.055 power_two_sided 0.053 kurtosis 0.053 spec_cnn 0.074  (17s)
    JSR   -5.0 dB  BER 7.81e-02  P(det)@0.05 power_one_sided 0.053 power_two_sided 0.039 kurtosis 0.039 spec_cnn 0.057  (18s)
    JSR   -4.0 dB  BER 9.38e-02  P(det)@0.05 power_one_sided 0.041 power_two_sided 0.043 kurtosis 0.053 spec_cnn 0.051  (18s)
    JSR   -3.0 dB  BER 1.25e-01  P(det)@0.05 power_one_sided 0.047 power_two_sided 0.045 kurtosis 0.059 spec_cnn 0.049  (19s)
    JSR   -2.0 dB  BER 1.56e-01  P(det)@0.05 power_one_sided 0.053 power_two_sided 0.055 kurtosis 0.059 spec_cnn 0.033  (19s)
    JSR   -1.0 dB  BER 1.95e-01  P(det)@0.05 power_one_sided 0.039 power_two_sided 0.033 kurtosis 0.062 spec_cnn 0.062  (19s)
    JSR   +0.0 dB  BER 2.50e-01  P(det)@0.05 power_one_sided 0.045 power_two_sided 0.062 kurtosis 0.041 spec_cnn 0.072  (20s)
    JSR   +1.0 dB  BER 3.12e-01  P(det)@0.05 power_one_sided 0.051 power_two_sided 0.037 kurtosis 0.035 spec_cnn 0.059  (20s)
    JSR   +2.0 dB  BER 3.91e-01  P(det)@0.05 power_one_sided 0.047 power_two_sided 0.057 kurtosis 0.062 spec_cnn 0.033  (21s)
    JSR   +3.0 dB  BER 4.92e-01  P(det)@0.05 power_one_sided 0.039 power_two_sided 0.043 kurtosis 0.037 spec_cnn 0.053  (21s)
    JSR   +4.0 dB  BER 6.25e-01  P(det)@0.05 power_one_sided 0.039 power_two_sided 0.043 kurtosis 0.055 spec_cnn 0.064  (21s)
    JSR   +5.0 dB  BER 7.89e-01  P(det)@0.05 power_one_sided 0.062 power_two_sided 0.055 kurtosis 0.041 spec_cnn 0.057  (22s)
    JSR   +6.0 dB  BER 9.92e-01  P(det)@0.05 power_one_sided 0.047 power_two_sided 0.043 kurtosis 0.047 spec_cnn 0.057  (22s)
    JSR   +7.0 dB  BER 1.00e+00  P(det)@0.05 power_one_sided 0.051 power_two_sided 0.053 kurtosis 0.061 spec_cnn 0.045  (23s)
    JSR   +8.0 dB  BER 1.00e+00  P(det)@0.05 power_one_sided 0.057 power_two_sided 0.037 kurtosis 0.041 spec_cnn 0.031  (23s)
    JSR   +9.0 dB  BER 1.00e+00  P(det)@0.05 power_one_sided 0.041 power_two_sided 0.047 kurtosis 0.059 spec_cnn 0.045  (23s)
    JSR  +10.0 dB  BER 1.00e+00  P(det)@0.05 power_one_sided 0.033 power_two_sided 0.023 kurtosis 0.039 spec_cnn 0.051  (24s)
    JSR  +11.0 dB  BER 1.00e+00  P(det)@0.05 power_one_sided 0.043 power_two_sided 0.043 kurtosis 0.049 spec_cnn 0.062  (24s)
    JSR  +12.0 dB  BER 1.00e+00  P(det)@0.05 power_one_sided 0.057 power_two_sided 0.061 kurtosis 0.049 spec_cnn 0.070  (24s)
    JSR  +13.0 dB  BER 1.00e+00  P(det)@0.05 power_one_sided 0.045 power_two_sided 0.057 kurtosis 0.041 spec_cnn 0.033  (25s)
    JSR  +14.0 dB  BER 1.00e+00  P(det)@0.05 power_one_sided 0.051 power_two_sided 0.049 kurtosis 0.045 spec_cnn 0.066  (25s)
    JSR  +15.0 dB  BER 1.00e+00  P(det)@0.05 power_one_sided 0.051 power_two_sided 0.053 kurtosis 0.031 spec_cnn 0.043  (26s)
  [snr_35] omniscient_e1 confirmed: {"power_one_sided": {"0.01": {"index": 57, "sweep_ber": 1.0, "sweep_pdet": 0.015625, "confirmed_ber": 1.0, "confirmed_ser": 1.0, "confirmed_pdet": 0.009521484375, "passed": true}, "0.05": {"index": 57, "sweep_ber": 1.0, "sweep_pdet": 0.05078125, "confirmed_ber": 1.0, "confirmed_ser": 1.0, "confirmed_pdet": 0.045166015625, "passed": true}}, "power_two_sided": {"0.01": {"index": 58, "sweep_ber": 1.0, "sweep_pdet": 0.00390625, "confirmed_ber": 1.0, "confirmed_ser": 1.0, "confirmed_pdet": 0.0087890625, "passed": true}, "0.05": {"index": 57, "sweep_ber": 1.0, "sweep_pdet": 0.052734375, "confirmed_ber": 1.0, "confirmed_ser": 1.0, "confirmed_pdet": 0.04638671875, "passed": true}}, "kurtosis": {"0.01": {"index": 57, "sweep_ber": 1.0, "sweep_pdet": 0.015625, "confirmed_ber": 1.0, "confirmed_ser": 1.0, "confirmed_pdet": 0.007568359375, "passed": true}, "0.05": {"index": 57, "sweep_ber": 1.0, "sweep_pdet": 0.060546875, "confirmed_ber": 1.0, "confirmed_ser": 1.0, "confirmed_pdet": 0.0458984375, "passed": true}}, "spec_cnn": {"0.01": {"index": 57, "sweep_ber": 1.0, "sweep_pdet": 0.009765625, "confirmed_ber": 1.0, "confirmed_ser": 1.0, "confirmed_pdet": 0.010986328125, "passed": true}, "0.05": {"index": 57, "sweep_ber": 1.0, "sweep_pdet": 0.044921875, "confirmed_ber": 1.0, "confirmed_ser": 1.0, "confirmed_pdet": 0.048583984375, "passed": true}}}  (292s)
  [snr_35] generator plain_run001 (scale 0.4022)
    JSR  -50.0 dB  BER 0.00e+00  P(det)@0.05 power_one_sided 0.064 power_two_sided 0.072 kurtosis 0.061 spec_cnn 0.059  (0s)
    JSR  -49.0 dB  BER 0.00e+00  P(det)@0.05 power_one_sided 0.074 power_two_sided 0.068 kurtosis 0.043 spec_cnn 0.059  (1s)
    JSR  -48.0 dB  BER 0.00e+00  P(det)@0.05 power_one_sided 0.100 power_two_sided 0.080 kurtosis 0.066 spec_cnn 0.051  (1s)
    JSR  -47.0 dB  BER 0.00e+00  P(det)@0.05 power_one_sided 0.107 power_two_sided 0.131 kurtosis 0.041 spec_cnn 0.064  (2s)
    JSR  -46.0 dB  BER 0.00e+00  P(det)@0.05 power_one_sided 0.102 power_two_sided 0.102 kurtosis 0.062 spec_cnn 0.086  (2s)
    JSR  -45.0 dB  BER 0.00e+00  P(det)@0.05 power_one_sided 0.119 power_two_sided 0.127 kurtosis 0.061 spec_cnn 0.070  (2s)
    JSR  -44.0 dB  BER 0.00e+00  P(det)@0.05 power_one_sided 0.111 power_two_sided 0.141 kurtosis 0.061 spec_cnn 0.074  (3s)
    JSR  -43.0 dB  BER 0.00e+00  P(det)@0.05 power_one_sided 0.137 power_two_sided 0.184 kurtosis 0.049 spec_cnn 0.086  (3s)
    JSR  -42.0 dB  BER 0.00e+00  P(det)@0.05 power_one_sided 0.152 power_two_sided 0.184 kurtosis 0.059 spec_cnn 0.092  (4s)
    JSR  -41.0 dB  BER 0.00e+00  P(det)@0.05 power_one_sided 0.174 power_two_sided 0.238 kurtosis 0.049 spec_cnn 0.086  (4s)
    JSR  -40.0 dB  BER 0.00e+00  P(det)@0.05 power_one_sided 0.203 power_two_sided 0.268 kurtosis 0.047 spec_cnn 0.105  (4s)
    JSR  -39.0 dB  BER 0.00e+00  P(det)@0.05 power_one_sided 0.264 power_two_sided 0.332 kurtosis 0.047 spec_cnn 0.141  (5s)
    JSR  -38.0 dB  BER 0.00e+00  P(det)@0.05 power_one_sided 0.232 power_two_sided 0.352 kurtosis 0.033 spec_cnn 0.164  (5s)
    JSR  -37.0 dB  BER 0.00e+00  P(det)@0.05 power_one_sided 0.301 power_two_sided 0.408 kurtosis 0.037 spec_cnn 0.203  (6s)
    JSR  -36.0 dB  BER 0.00e+00  P(det)@0.05 power_one_sided 0.316 power_two_sided 0.434 kurtosis 0.041 spec_cnn 0.256  (6s)
    JSR  -35.0 dB  BER 0.00e+00  P(det)@0.05 power_one_sided 0.352 power_two_sided 0.473 kurtosis 0.043 spec_cnn 0.352  (7s)
    JSR  -34.0 dB  BER 0.00e+00  P(det)@0.05 power_one_sided 0.389 power_two_sided 0.545 kurtosis 0.045 spec_cnn 0.430  (7s)
    JSR  -33.0 dB  BER 0.00e+00  P(det)@0.05 power_one_sided 0.436 power_two_sided 0.588 kurtosis 0.041 spec_cnn 0.496  (7s)
    JSR  -32.0 dB  BER 0.00e+00  P(det)@0.05 power_one_sided 0.430 power_two_sided 0.637 kurtosis 0.055 spec_cnn 0.643  (8s)
    JSR  -31.0 dB  BER 0.00e+00  P(det)@0.05 power_one_sided 0.447 power_two_sided 0.633 kurtosis 0.053 spec_cnn 0.686  (8s)
    JSR  -30.0 dB  BER 0.00e+00  P(det)@0.05 power_one_sided 0.523 power_two_sided 0.707 kurtosis 0.059 spec_cnn 0.797  (9s)
    JSR  -29.0 dB  BER 0.00e+00  P(det)@0.05 power_one_sided 0.508 power_two_sided 0.729 kurtosis 0.037 spec_cnn 0.852  (9s)
    JSR  -28.0 dB  BER 0.00e+00  P(det)@0.05 power_one_sided 0.549 power_two_sided 0.746 kurtosis 0.043 spec_cnn 0.900  (9s)
    JSR  -27.0 dB  BER 0.00e+00  P(det)@0.05 power_one_sided 0.615 power_two_sided 0.814 kurtosis 0.035 spec_cnn 0.938  (10s)
    JSR  -26.0 dB  BER 0.00e+00  P(det)@0.05 power_one_sided 0.617 power_two_sided 0.797 kurtosis 0.053 spec_cnn 0.951  (10s)
    JSR  -25.0 dB  BER 0.00e+00  P(det)@0.05 power_one_sided 0.596 power_two_sided 0.840 kurtosis 0.043 spec_cnn 0.986  (11s)
    JSR  -24.0 dB  BER 0.00e+00  P(det)@0.05 power_one_sided 0.713 power_two_sided 0.844 kurtosis 0.059 spec_cnn 0.980  (11s)
    JSR  -23.0 dB  BER 0.00e+00  P(det)@0.05 power_one_sided 0.732 power_two_sided 0.908 kurtosis 0.068 spec_cnn 0.990  (11s)
    JSR  -22.0 dB  BER 0.00e+00  P(det)@0.05 power_one_sided 0.768 power_two_sided 0.896 kurtosis 0.062 spec_cnn 0.998  (12s)
    JSR  -21.0 dB  BER 0.00e+00  P(det)@0.05 power_one_sided 0.816 power_two_sided 0.930 kurtosis 0.064 spec_cnn 1.000  (12s)
    JSR  -20.0 dB  BER 0.00e+00  P(det)@0.05 power_one_sided 0.822 power_two_sided 0.932 kurtosis 0.064 spec_cnn 1.000  (13s)
    JSR  -19.0 dB  BER 0.00e+00  P(det)@0.05 power_one_sided 0.877 power_two_sided 0.949 kurtosis 0.082 spec_cnn 1.000  (13s)
    JSR  -18.0 dB  BER 0.00e+00  P(det)@0.05 power_one_sided 0.900 power_two_sided 0.977 kurtosis 0.115 spec_cnn 0.998  (13s)
    JSR  -17.0 dB  BER 0.00e+00  P(det)@0.05 power_one_sided 0.928 power_two_sided 0.973 kurtosis 0.139 spec_cnn 0.998  (14s)
    JSR  -16.0 dB  BER 0.00e+00  P(det)@0.05 power_one_sided 0.965 power_two_sided 0.990 kurtosis 0.244 spec_cnn 1.000  (14s)
    JSR  -15.0 dB  BER 0.00e+00  P(det)@0.05 power_one_sided 0.963 power_two_sided 0.994 kurtosis 0.299 spec_cnn 1.000  (15s)
    JSR  -14.0 dB  BER 0.00e+00  P(det)@0.05 power_one_sided 0.971 power_two_sided 0.992 kurtosis 0.396 spec_cnn 1.000  (15s)
    JSR  -13.0 dB  BER 0.00e+00  P(det)@0.05 power_one_sided 0.988 power_two_sided 0.998 kurtosis 0.564 spec_cnn 1.000  (15s)
    JSR  -12.0 dB  BER 0.00e+00  P(det)@0.05 power_one_sided 0.994 power_two_sided 1.000 kurtosis 0.688 spec_cnn 1.000  (16s)
    JSR  -11.0 dB  BER 0.00e+00  P(det)@0.05 power_one_sided 1.000 power_two_sided 1.000 kurtosis 0.846 spec_cnn 1.000  (16s)
    JSR  -10.0 dB  BER 6.87e-05  P(det)@0.05 power_one_sided 1.000 power_two_sided 1.000 kurtosis 0.922 spec_cnn 1.000  (17s)
    JSR   -9.0 dB  BER 8.39e-05  P(det)@0.05 power_one_sided 1.000 power_two_sided 1.000 kurtosis 0.975 spec_cnn 1.000  (17s)
    JSR   -8.0 dB  BER 2.59e-04  P(det)@0.05 power_one_sided 1.000 power_two_sided 1.000 kurtosis 0.994 spec_cnn 1.000  (17s)
    JSR   -7.0 dB  BER 1.91e-03  P(det)@0.05 power_one_sided 1.000 power_two_sided 1.000 kurtosis 1.000 spec_cnn 1.000  (18s)
    JSR   -6.0 dB  BER 5.61e-03  P(det)@0.05 power_one_sided 1.000 power_two_sided 1.000 kurtosis 1.000 spec_cnn 1.000  (18s)
    JSR   -5.0 dB  BER 1.48e-02  P(det)@0.05 power_one_sided 1.000 power_two_sided 1.000 kurtosis 0.996 spec_cnn 1.000  (19s)
    JSR   -4.0 dB  BER 3.25e-02  P(det)@0.05 power_one_sided 1.000 power_two_sided 1.000 kurtosis 1.000 spec_cnn 1.000  (19s)
    JSR   -3.0 dB  BER 5.74e-02  P(det)@0.05 power_one_sided 1.000 power_two_sided 1.000 kurtosis 1.000 spec_cnn 1.000  (19s)
    JSR   -2.0 dB  BER 9.09e-02  P(det)@0.05 power_one_sided 1.000 power_two_sided 1.000 kurtosis 0.998 spec_cnn 1.000  (20s)
    JSR   -1.0 dB  BER 1.28e-01  P(det)@0.05 power_one_sided 1.000 power_two_sided 1.000 kurtosis 1.000 spec_cnn 1.000  (20s)
    JSR   +0.0 dB  BER 1.61e-01  P(det)@0.05 power_one_sided 1.000 power_two_sided 1.000 kurtosis 1.000 spec_cnn 1.000  (21s)
    JSR   +1.0 dB  BER 1.89e-01  P(det)@0.05 power_one_sided 1.000 power_two_sided 1.000 kurtosis 1.000 spec_cnn 1.000  (21s)
    JSR   +2.0 dB  BER 2.26e-01  P(det)@0.05 power_one_sided 1.000 power_two_sided 1.000 kurtosis 1.000 spec_cnn 1.000  (21s)
    JSR   +3.0 dB  BER 2.50e-01  P(det)@0.05 power_one_sided 1.000 power_two_sided 1.000 kurtosis 1.000 spec_cnn 1.000  (22s)
    JSR   +4.0 dB  BER 2.80e-01  P(det)@0.05 power_one_sided 1.000 power_two_sided 1.000 kurtosis 0.998 spec_cnn 1.000  (22s)
    JSR   +5.0 dB  BER 2.98e-01  P(det)@0.05 power_one_sided 1.000 power_two_sided 1.000 kurtosis 0.994 spec_cnn 1.000  (23s)
    JSR   +6.0 dB  BER 3.16e-01  P(det)@0.05 power_one_sided 1.000 power_two_sided 1.000 kurtosis 0.977 spec_cnn 1.000  (23s)
    JSR   +7.0 dB  BER 3.34e-01  P(det)@0.05 power_one_sided 1.000 power_two_sided 1.000 kurtosis 0.932 spec_cnn 1.000  (23s)
    JSR   +8.0 dB  BER 3.57e-01  P(det)@0.05 power_one_sided 1.000 power_two_sided 1.000 kurtosis 0.857 spec_cnn 1.000  (24s)
    JSR   +9.0 dB  BER 3.66e-01  P(det)@0.05 power_one_sided 1.000 power_two_sided 1.000 kurtosis 0.828 spec_cnn 1.000  (24s)
    JSR  +10.0 dB  BER 3.83e-01  P(det)@0.05 power_one_sided 1.000 power_two_sided 1.000 kurtosis 0.729 spec_cnn 1.000  (25s)
    JSR  +11.0 dB  BER 3.93e-01  P(det)@0.05 power_one_sided 1.000 power_two_sided 1.000 kurtosis 0.689 spec_cnn 1.000  (25s)
    JSR  +12.0 dB  BER 4.07e-01  P(det)@0.05 power_one_sided 1.000 power_two_sided 1.000 kurtosis 0.684 spec_cnn 1.000  (25s)
    JSR  +13.0 dB  BER 4.16e-01  P(det)@0.05 power_one_sided 1.000 power_two_sided 1.000 kurtosis 0.648 spec_cnn 1.000  (26s)
    JSR  +14.0 dB  BER 4.27e-01  P(det)@0.05 power_one_sided 1.000 power_two_sided 1.000 kurtosis 0.619 spec_cnn 1.000  (26s)
    JSR  +15.0 dB  BER 4.31e-01  P(det)@0.05 power_one_sided 1.000 power_two_sided 1.000 kurtosis 0.631 spec_cnn 1.000  (27s)
  [snr_35] plain_run001 confirmed: {"power_one_sided": {"0.01": {"index": 0, "sweep_ber": 0.0, "sweep_pdet": 0.015625, "confirmed_ber": 0.0, "confirmed_ser": 0.0, "confirmed_pdet": 0.022216796875, "passed": false}, "0.05": {"index": 0, "sweep_ber": 0.0, "sweep_pdet": 0.064453125, "confirmed_ber": 0.0, "confirmed_ser": 0.0, "confirmed_pdet": 0.06787109375, "passed": false}}, "power_two_sided": {"0.01": {"index": 0, "sweep_ber": 0.0, "sweep_pdet": 0.013671875, "confirmed_ber": 0.0, "confirmed_ser": 0.0, "confirmed_pdet": 0.021240234375, "passed": false}, "0.05": {"index": 1, "sweep_ber": 0.0, "sweep_pdet": 0.068359375, "confirmed_ber": 0.0, "confirmed_ser": 0.0, "confirmed_pdet": 0.07373046875, "passed": false}}, "kurtosis": {"0.01": {"index": 0, "sweep_ber": 0.0, "sweep_pdet": 0.0078125, "confirmed_ber": 0.0, "confirmed_ser": 0.0, "confirmed_pdet": 0.0087890625, "passed": true}, "0.05": {"index": 0, "sweep_ber": 0.0, "sweep_pdet": 0.060546875, "confirmed_ber": 0.0, "confirmed_ser": 0.0, "confirmed_pdet": 0.048828125, "passed": true}}, "spec_cnn": {"0.01": {"index": 0, "sweep_ber": 0.0, "sweep_pdet": 0.005859375, "confirmed_ber": 0.0, "confirmed_ser": 0.0, "confirmed_pdet": 0.010009765625, "passed": true}, "0.05": {"index": 0, "sweep_ber": 0.0, "sweep_pdet": 0.05859375, "confirmed_ber": 0.0, "confirmed_ser": 0.0, "confirmed_pdet": 0.05029296875, "passed": true}}}  (345s)
  [snr_35] generator eff (scale 0.4022)
  JSR  -50.0 dB  BER 0.00e+00  P(det)@0.05 power_one_sided 0.068 power_two_sided 0.072 kurtosis 0.049 spec_cnn 0.064  (0s)
  JSR  -49.0 dB  BER 0.00e+00  P(det)@0.05 power_one_sided 0.066 power_two_sided 0.049 kurtosis 0.053 spec_cnn 0.047  (1s)
  JSR  -48.0 dB  BER 0.00e+00  P(det)@0.05 power_one_sided 0.062 power_two_sided 0.107 kurtosis 0.061 spec_cnn 0.055  (1s)
  JSR  -47.0 dB  BER 0.00e+00  P(det)@0.05 power_one_sided 0.102 power_two_sided 0.117 kurtosis 0.047 spec_cnn 0.033  (2s)
  JSR  -46.0 dB  BER 0.00e+00  P(det)@0.05 power_one_sided 0.115 power_two_sided 0.121 kurtosis 0.041 spec_cnn 0.045  (2s)
  JSR  -45.0 dB  BER 0.00e+00  P(det)@0.05 power_one_sided 0.133 power_two_sided 0.166 kurtosis 0.037 spec_cnn 0.057  (2s)
  JSR  -44.0 dB  BER 0.00e+00  P(det)@0.05 power_one_sided 0.131 power_two_sided 0.127 kurtosis 0.057 spec_cnn 0.051  (3s)
  JSR  -43.0 dB  BER 0.00e+00  P(det)@0.05 power_one_sided 0.129 power_two_sided 0.141 kurtosis 0.053 spec_cnn 0.047  (3s)
  JSR  -42.0 dB  BER 0.00e+00  P(det)@0.05 power_one_sided 0.168 power_two_sided 0.209 kurtosis 0.035 spec_cnn 0.043  (4s)
  JSR  -41.0 dB  BER 0.00e+00  P(det)@0.05 power_one_sided 0.186 power_two_sided 0.234 kurtosis 0.047 spec_cnn 0.051  (4s)
  JSR  -40.0 dB  BER 0.00e+00  P(det)@0.05 power_one_sided 0.232 power_two_sided 0.297 kurtosis 0.057 spec_cnn 0.062  (4s)
  JSR  -39.0 dB  BER 0.00e+00  P(det)@0.05 power_one_sided 0.207 power_two_sided 0.322 kurtosis 0.043 spec_cnn 0.070  (5s)
  JSR  -38.0 dB  BER 0.00e+00  P(det)@0.05 power_one_sided 0.297 power_two_sided 0.408 kurtosis 0.059 spec_cnn 0.057  (5s)
  JSR  -37.0 dB  BER 0.00e+00  P(det)@0.05 power_one_sided 0.309 power_two_sided 0.447 kurtosis 0.041 spec_cnn 0.068  (6s)
  JSR  -36.0 dB  BER 0.00e+00  P(det)@0.05 power_one_sided 0.389 power_two_sided 0.523 kurtosis 0.041 spec_cnn 0.098  (6s)
  JSR  -35.0 dB  BER 0.00e+00  P(det)@0.05 power_one_sided 0.371 power_two_sided 0.527 kurtosis 0.041 spec_cnn 0.109  (6s)
  JSR  -34.0 dB  BER 0.00e+00  P(det)@0.05 power_one_sided 0.439 power_two_sided 0.596 kurtosis 0.041 spec_cnn 0.135  (7s)
  JSR  -33.0 dB  BER 0.00e+00  P(det)@0.05 power_one_sided 0.412 power_two_sided 0.596 kurtosis 0.039 spec_cnn 0.135  (7s)
  JSR  -32.0 dB  BER 0.00e+00  P(det)@0.05 power_one_sided 0.482 power_two_sided 0.674 kurtosis 0.051 spec_cnn 0.156  (8s)
  JSR  -31.0 dB  BER 0.00e+00  P(det)@0.05 power_one_sided 0.518 power_two_sided 0.709 kurtosis 0.051 spec_cnn 0.223  (8s)
  JSR  -30.0 dB  BER 0.00e+00  P(det)@0.05 power_one_sided 0.562 power_two_sided 0.764 kurtosis 0.047 spec_cnn 0.248  (8s)
  JSR  -29.0 dB  BER 0.00e+00  P(det)@0.05 power_one_sided 0.572 power_two_sided 0.744 kurtosis 0.062 spec_cnn 0.322  (9s)
  JSR  -28.0 dB  BER 0.00e+00  P(det)@0.05 power_one_sided 0.586 power_two_sided 0.764 kurtosis 0.047 spec_cnn 0.408  (9s)
  JSR  -27.0 dB  BER 0.00e+00  P(det)@0.05 power_one_sided 0.668 power_two_sided 0.834 kurtosis 0.061 spec_cnn 0.439  (10s)
  JSR  -26.0 dB  BER 0.00e+00  P(det)@0.05 power_one_sided 0.736 power_two_sided 0.889 kurtosis 0.049 spec_cnn 0.514  (10s)
  JSR  -25.0 dB  BER 0.00e+00  P(det)@0.05 power_one_sided 0.713 power_two_sided 0.855 kurtosis 0.064 spec_cnn 0.633  (10s)
  JSR  -24.0 dB  BER 0.00e+00  P(det)@0.05 power_one_sided 0.748 power_two_sided 0.889 kurtosis 0.057 spec_cnn 0.689  (11s)
  JSR  -23.0 dB  BER 4.58e-05  P(det)@0.05 power_one_sided 0.805 power_two_sided 0.895 kurtosis 0.074 spec_cnn 0.734  (11s)
  JSR  -22.0 dB  BER 4.73e-04  P(det)@0.05 power_one_sided 0.818 power_two_sided 0.924 kurtosis 0.062 spec_cnn 0.861  (12s)
  JSR  -21.0 dB  BER 8.47e-04  P(det)@0.05 power_one_sided 0.877 power_two_sided 0.936 kurtosis 0.104 spec_cnn 0.912  (12s)
  JSR  -20.0 dB  BER 1.43e-03  P(det)@0.05 power_one_sided 0.914 power_two_sided 0.953 kurtosis 0.148 spec_cnn 0.947  (12s)
  JSR  -19.0 dB  BER 1.69e-03  P(det)@0.05 power_one_sided 0.932 power_two_sided 0.969 kurtosis 0.230 spec_cnn 0.971  (13s)
  JSR  -18.0 dB  BER 2.14e-03  P(det)@0.05 power_one_sided 0.963 power_two_sided 0.982 kurtosis 0.344 spec_cnn 0.980  (13s)
  JSR  -17.0 dB  BER 2.30e-03  P(det)@0.05 power_one_sided 0.984 power_two_sided 0.994 kurtosis 0.439 spec_cnn 0.990  (14s)
  JSR  -16.0 dB  BER 3.04e-03  P(det)@0.05 power_one_sided 0.992 power_two_sided 0.994 kurtosis 0.523 spec_cnn 0.994  (14s)
  JSR  -15.0 dB  BER 3.33e-03  P(det)@0.05 power_one_sided 0.998 power_two_sided 0.998 kurtosis 0.666 spec_cnn 0.998  (14s)
  JSR  -14.0 dB  BER 3.60e-03  P(det)@0.05 power_one_sided 1.000 power_two_sided 1.000 kurtosis 0.787 spec_cnn 1.000  (15s)
  JSR  -13.0 dB  BER 4.07e-03  P(det)@0.05 power_one_sided 1.000 power_two_sided 1.000 kurtosis 0.945 spec_cnn 1.000  (15s)
  JSR  -12.0 dB  BER 4.04e-03  P(det)@0.05 power_one_sided 1.000 power_two_sided 1.000 kurtosis 0.992 spec_cnn 1.000  (16s)
  JSR  -11.0 dB  BER 4.30e-03  P(det)@0.05 power_one_sided 1.000 power_two_sided 1.000 kurtosis 0.996 spec_cnn 1.000  (16s)
  JSR  -10.0 dB  BER 4.65e-03  P(det)@0.05 power_one_sided 1.000 power_two_sided 1.000 kurtosis 1.000 spec_cnn 1.000  (16s)
  JSR   -9.0 dB  BER 4.86e-03  P(det)@0.05 power_one_sided 1.000 power_two_sided 1.000 kurtosis 1.000 spec_cnn 1.000  (17s)
  JSR   -8.0 dB  BER 5.57e-03  P(det)@0.05 power_one_sided 1.000 power_two_sided 1.000 kurtosis 1.000 spec_cnn 1.000  (17s)
  JSR   -7.0 dB  BER 6.38e-03  P(det)@0.05 power_one_sided 1.000 power_two_sided 1.000 kurtosis 1.000 spec_cnn 1.000  (18s)
  JSR   -6.0 dB  BER 6.45e-03  P(det)@0.05 power_one_sided 1.000 power_two_sided 1.000 kurtosis 1.000 spec_cnn 1.000  (18s)
  JSR   -5.0 dB  BER 8.00e-03  P(det)@0.05 power_one_sided 1.000 power_two_sided 1.000 kurtosis 1.000 spec_cnn 1.000  (18s)
  JSR   -4.0 dB  BER 8.70e-03  P(det)@0.05 power_one_sided 1.000 power_two_sided 1.000 kurtosis 1.000 spec_cnn 1.000  (19s)
  JSR   -3.0 dB  BER 1.01e-02  P(det)@0.05 power_one_sided 1.000 power_two_sided 1.000 kurtosis 1.000 spec_cnn 1.000  (19s)
  JSR   -2.0 dB  BER 1.24e-02  P(det)@0.05 power_one_sided 1.000 power_two_sided 1.000 kurtosis 1.000 spec_cnn 1.000  (20s)
  JSR   -1.0 dB  BER 1.60e-02  P(det)@0.05 power_one_sided 1.000 power_two_sided 1.000 kurtosis 1.000 spec_cnn 1.000  (20s)
  JSR   +0.0 dB  BER 2.27e-02  P(det)@0.05 power_one_sided 1.000 power_two_sided 1.000 kurtosis 1.000 spec_cnn 1.000  (20s)
  JSR   +1.0 dB  BER 3.09e-02  P(det)@0.05 power_one_sided 1.000 power_two_sided 1.000 kurtosis 1.000 spec_cnn 1.000  (21s)
  JSR   +2.0 dB  BER 4.54e-02  P(det)@0.05 power_one_sided 1.000 power_two_sided 1.000 kurtosis 1.000 spec_cnn 1.000  (21s)
  JSR   +3.0 dB  BER 5.95e-02  P(det)@0.05 power_one_sided 1.000 power_two_sided 1.000 kurtosis 1.000 spec_cnn 1.000  (22s)
  JSR   +4.0 dB  BER 7.62e-02  P(det)@0.05 power_one_sided 1.000 power_two_sided 1.000 kurtosis 1.000 spec_cnn 1.000  (22s)
  JSR   +5.0 dB  BER 1.03e-01  P(det)@0.05 power_one_sided 1.000 power_two_sided 1.000 kurtosis 1.000 spec_cnn 1.000  (23s)
  JSR   +6.0 dB  BER 1.24e-01  P(det)@0.05 power_one_sided 1.000 power_two_sided 1.000 kurtosis 1.000 spec_cnn 1.000  (23s)
  JSR   +7.0 dB  BER 1.50e-01  P(det)@0.05 power_one_sided 1.000 power_two_sided 1.000 kurtosis 1.000 spec_cnn 1.000  (23s)
  JSR   +8.0 dB  BER 1.76e-01  P(det)@0.05 power_one_sided 1.000 power_two_sided 1.000 kurtosis 1.000 spec_cnn 1.000  (24s)
  JSR   +9.0 dB  BER 2.06e-01  P(det)@0.05 power_one_sided 1.000 power_two_sided 1.000 kurtosis 1.000 spec_cnn 1.000  (24s)
  JSR  +10.0 dB  BER 2.32e-01  P(det)@0.05 power_one_sided 1.000 power_two_sided 1.000 kurtosis 1.000 spec_cnn 1.000  (25s)
  JSR  +11.0 dB  BER 2.54e-01  P(det)@0.05 power_one_sided 1.000 power_two_sided 1.000 kurtosis 1.000 spec_cnn 1.000  (25s)
  JSR  +12.0 dB  BER 2.78e-01  P(det)@0.05 power_one_sided 1.000 power_two_sided 1.000 kurtosis 1.000 spec_cnn 1.000  (25s)
  JSR  +13.0 dB  BER 2.95e-01  P(det)@0.05 power_one_sided 1.000 power_two_sided 1.000 kurtosis 1.000 spec_cnn 1.000  (26s)
  JSR  +14.0 dB  BER 3.20e-01  P(det)@0.05 power_one_sided 1.000 power_two_sided 1.000 kurtosis 1.000 spec_cnn 1.000  (26s)
  JSR  +15.0 dB  BER 3.36e-01  P(det)@0.05 power_one_sided 1.000 power_two_sided 1.000 kurtosis 1.000 spec_cnn 1.000  (27s)
  [snr_35] eff confirmed: {"power_one_sided": {"0.01": {"index": 1, "sweep_ber": 0.0, "sweep_pdet": 0.01171875, "confirmed_ber": 0.0, "confirmed_ser": 0.0, "confirmed_pdet": 0.018310546875, "passed": false}, "0.05": {"index": 0, "sweep_ber": 0.0, "sweep_pdet": 0.068359375, "confirmed_ber": 0.0, "confirmed_ser": 0.0, "confirmed_pdet": 0.0712890625, "passed": false}}, "power_two_sided": {"0.01": {"index": 0, "sweep_ber": 0.0, "sweep_pdet": 0.017578125, "confirmed_ber": 0.0, "confirmed_ser": 0.0, "confirmed_pdet": 0.020263671875, "passed": false}, "0.05": {"index": 1, "sweep_ber": 0.0, "sweep_pdet": 0.048828125, "confirmed_ber": 0.0, "confirmed_ser": 0.0, "confirmed_pdet": 0.083740234375, "passed": false}}, "kurtosis": {"0.01": {"index": 27, "sweep_ber": 4.57763671875e-05, "sweep_pdet": 0.015625, "confirmed_ber": 4.673004150390625e-05, "confirmed_ser": 9.34600830078125e-05, "confirmed_pdet": 0.01318359375, "passed": false}, "0.05": {"index": 28, "sweep_ber": 0.0004730224609375, "sweep_pdet": 0.0625, "confirmed_ber": 0.00041294097900390625, "confirmed_ser": 0.0008258819580078125, "confirmed_pdet": 0.07470703125, "passed": false}}, "spec_cnn": {"0.01": {"index": 0, "sweep_ber": 0.0, "sweep_pdet": 0.00390625, "confirmed_ber": 0.0, "confirmed_ser": 0.0, "confirmed_pdet": 0.009033203125, "passed": true}, "0.05": {"index": 0, "sweep_ber": 0.0, "sweep_pdet": 0.064453125, "confirmed_ber": 0.0, "confirmed_ser": 0.0, "confirmed_pdet": 0.052978515625, "passed": true}}}  (398s)
  [snr_35] generator power_one_sided_b1 (scale 0.4022)
  JSR  -50.0 dB  BER 0.00e+00  P(det)@0.05 power_one_sided 0.059 power_two_sided 0.094 kurtosis 0.031 spec_cnn 0.051  (0s)
  JSR  -49.0 dB  BER 0.00e+00  P(det)@0.05 power_one_sided 0.070 power_two_sided 0.082 kurtosis 0.057 spec_cnn 0.043  (1s)
  JSR  -48.0 dB  BER 0.00e+00  P(det)@0.05 power_one_sided 0.094 power_two_sided 0.105 kurtosis 0.055 spec_cnn 0.064  (1s)
  JSR  -47.0 dB  BER 0.00e+00  P(det)@0.05 power_one_sided 0.098 power_two_sided 0.084 kurtosis 0.076 spec_cnn 0.059  (1s)
  JSR  -46.0 dB  BER 0.00e+00  P(det)@0.05 power_one_sided 0.129 power_two_sided 0.141 kurtosis 0.053 spec_cnn 0.035  (2s)
  JSR  -45.0 dB  BER 0.00e+00  P(det)@0.05 power_one_sided 0.148 power_two_sided 0.143 kurtosis 0.061 spec_cnn 0.039  (2s)
  JSR  -44.0 dB  BER 0.00e+00  P(det)@0.05 power_one_sided 0.127 power_two_sided 0.145 kurtosis 0.039 spec_cnn 0.061  (3s)
  JSR  -43.0 dB  BER 0.00e+00  P(det)@0.05 power_one_sided 0.150 power_two_sided 0.164 kurtosis 0.021 spec_cnn 0.051  (3s)
  JSR  -42.0 dB  BER 0.00e+00  P(det)@0.05 power_one_sided 0.158 power_two_sided 0.209 kurtosis 0.043 spec_cnn 0.059  (4s)
  JSR  -41.0 dB  BER 0.00e+00  P(det)@0.05 power_one_sided 0.207 power_two_sided 0.258 kurtosis 0.045 spec_cnn 0.051  (4s)
  JSR  -40.0 dB  BER 0.00e+00  P(det)@0.05 power_one_sided 0.236 power_two_sided 0.291 kurtosis 0.047 spec_cnn 0.053  (4s)
  JSR  -39.0 dB  BER 0.00e+00  P(det)@0.05 power_one_sided 0.293 power_two_sided 0.400 kurtosis 0.045 spec_cnn 0.057  (5s)
  JSR  -38.0 dB  BER 0.00e+00  P(det)@0.05 power_one_sided 0.307 power_two_sided 0.412 kurtosis 0.059 spec_cnn 0.084  (5s)
  JSR  -37.0 dB  BER 0.00e+00  P(det)@0.05 power_one_sided 0.342 power_two_sided 0.424 kurtosis 0.051 spec_cnn 0.074  (6s)
  JSR  -36.0 dB  BER 0.00e+00  P(det)@0.05 power_one_sided 0.359 power_two_sided 0.508 kurtosis 0.055 spec_cnn 0.078  (6s)
  JSR  -35.0 dB  BER 0.00e+00  P(det)@0.05 power_one_sided 0.383 power_two_sided 0.516 kurtosis 0.049 spec_cnn 0.117  (6s)
  JSR  -34.0 dB  BER 0.00e+00  P(det)@0.05 power_one_sided 0.402 power_two_sided 0.562 kurtosis 0.055 spec_cnn 0.104  (7s)
  JSR  -33.0 dB  BER 0.00e+00  P(det)@0.05 power_one_sided 0.412 power_two_sided 0.615 kurtosis 0.053 spec_cnn 0.139  (7s)
  JSR  -32.0 dB  BER 0.00e+00  P(det)@0.05 power_one_sided 0.463 power_two_sided 0.658 kurtosis 0.062 spec_cnn 0.213  (8s)
  JSR  -31.0 dB  BER 0.00e+00  P(det)@0.05 power_one_sided 0.500 power_two_sided 0.680 kurtosis 0.057 spec_cnn 0.174  (8s)
  JSR  -30.0 dB  BER 0.00e+00  P(det)@0.05 power_one_sided 0.531 power_two_sided 0.742 kurtosis 0.045 spec_cnn 0.240  (8s)
  JSR  -29.0 dB  BER 0.00e+00  P(det)@0.05 power_one_sided 0.594 power_two_sided 0.750 kurtosis 0.066 spec_cnn 0.324  (9s)
  JSR  -28.0 dB  BER 0.00e+00  P(det)@0.05 power_one_sided 0.584 power_two_sided 0.812 kurtosis 0.059 spec_cnn 0.357  (9s)
  JSR  -27.0 dB  BER 0.00e+00  P(det)@0.05 power_one_sided 0.664 power_two_sided 0.834 kurtosis 0.041 spec_cnn 0.424  (10s)
  JSR  -26.0 dB  BER 0.00e+00  P(det)@0.05 power_one_sided 0.674 power_two_sided 0.828 kurtosis 0.061 spec_cnn 0.512  (10s)
  JSR  -25.0 dB  BER 0.00e+00  P(det)@0.05 power_one_sided 0.689 power_two_sided 0.854 kurtosis 0.049 spec_cnn 0.605  (11s)
  JSR  -24.0 dB  BER 0.00e+00  P(det)@0.05 power_one_sided 0.764 power_two_sided 0.863 kurtosis 0.055 spec_cnn 0.688  (11s)
  JSR  -23.0 dB  BER 8.39e-05  P(det)@0.05 power_one_sided 0.779 power_two_sided 0.896 kurtosis 0.055 spec_cnn 0.773  (11s)
  JSR  -22.0 dB  BER 4.88e-04  P(det)@0.05 power_one_sided 0.828 power_two_sided 0.924 kurtosis 0.055 spec_cnn 0.838  (12s)
  JSR  -21.0 dB  BER 9.00e-04  P(det)@0.05 power_one_sided 0.850 power_two_sided 0.943 kurtosis 0.080 spec_cnn 0.912  (12s)
  JSR  -20.0 dB  BER 1.31e-03  P(det)@0.05 power_one_sided 0.906 power_two_sided 0.943 kurtosis 0.137 spec_cnn 0.957  (12s)
  JSR  -19.0 dB  BER 1.61e-03  P(det)@0.05 power_one_sided 0.955 power_two_sided 0.984 kurtosis 0.217 spec_cnn 0.977  (13s)
  JSR  -18.0 dB  BER 2.26e-03  P(det)@0.05 power_one_sided 0.951 power_two_sided 0.977 kurtosis 0.275 spec_cnn 0.984  (13s)
  JSR  -17.0 dB  BER 2.70e-03  P(det)@0.05 power_one_sided 0.986 power_two_sided 0.994 kurtosis 0.359 spec_cnn 0.996  (14s)
  JSR  -16.0 dB  BER 2.91e-03  P(det)@0.05 power_one_sided 0.992 power_two_sided 1.000 kurtosis 0.502 spec_cnn 0.996  (14s)
  JSR  -15.0 dB  BER 3.07e-03  P(det)@0.05 power_one_sided 0.998 power_two_sided 0.998 kurtosis 0.676 spec_cnn 1.000  (14s)
  JSR  -14.0 dB  BER 3.56e-03  P(det)@0.05 power_one_sided 1.000 power_two_sided 1.000 kurtosis 0.812 spec_cnn 1.000  (15s)
  JSR  -13.0 dB  BER 3.85e-03  P(det)@0.05 power_one_sided 1.000 power_two_sided 1.000 kurtosis 0.949 spec_cnn 1.000  (15s)
  JSR  -12.0 dB  BER 4.14e-03  P(det)@0.05 power_one_sided 1.000 power_two_sided 1.000 kurtosis 0.980 spec_cnn 1.000  (16s)
  JSR  -11.0 dB  BER 4.28e-03  P(det)@0.05 power_one_sided 1.000 power_two_sided 1.000 kurtosis 0.998 spec_cnn 1.000  (16s)
  JSR  -10.0 dB  BER 4.36e-03  P(det)@0.05 power_one_sided 1.000 power_two_sided 1.000 kurtosis 1.000 spec_cnn 1.000  (16s)
  JSR   -9.0 dB  BER 4.94e-03  P(det)@0.05 power_one_sided 1.000 power_two_sided 1.000 kurtosis 1.000 spec_cnn 1.000  (17s)
  JSR   -8.0 dB  BER 5.78e-03  P(det)@0.05 power_one_sided 1.000 power_two_sided 1.000 kurtosis 1.000 spec_cnn 1.000  (17s)
  JSR   -7.0 dB  BER 6.49e-03  P(det)@0.05 power_one_sided 1.000 power_two_sided 1.000 kurtosis 1.000 spec_cnn 1.000  (18s)
  JSR   -6.0 dB  BER 6.83e-03  P(det)@0.05 power_one_sided 1.000 power_two_sided 1.000 kurtosis 1.000 spec_cnn 1.000  (18s)
  JSR   -5.0 dB  BER 8.45e-03  P(det)@0.05 power_one_sided 1.000 power_two_sided 1.000 kurtosis 1.000 spec_cnn 1.000  (19s)
  JSR   -4.0 dB  BER 8.67e-03  P(det)@0.05 power_one_sided 1.000 power_two_sided 1.000 kurtosis 1.000 spec_cnn 1.000  (19s)
  JSR   -3.0 dB  BER 1.07e-02  P(det)@0.05 power_one_sided 1.000 power_two_sided 1.000 kurtosis 1.000 spec_cnn 1.000  (19s)
  JSR   -2.0 dB  BER 1.39e-02  P(det)@0.05 power_one_sided 1.000 power_two_sided 1.000 kurtosis 1.000 spec_cnn 1.000  (20s)
  JSR   -1.0 dB  BER 1.86e-02  P(det)@0.05 power_one_sided 1.000 power_two_sided 1.000 kurtosis 1.000 spec_cnn 1.000  (20s)
  JSR   +0.0 dB  BER 2.46e-02  P(det)@0.05 power_one_sided 1.000 power_two_sided 1.000 kurtosis 1.000 spec_cnn 1.000  (21s)
  JSR   +1.0 dB  BER 3.64e-02  P(det)@0.05 power_one_sided 1.000 power_two_sided 1.000 kurtosis 1.000 spec_cnn 1.000  (21s)
  JSR   +2.0 dB  BER 4.76e-02  P(det)@0.05 power_one_sided 1.000 power_two_sided 1.000 kurtosis 1.000 spec_cnn 1.000  (21s)
  JSR   +3.0 dB  BER 6.30e-02  P(det)@0.05 power_one_sided 1.000 power_two_sided 1.000 kurtosis 1.000 spec_cnn 1.000  (22s)
  JSR   +4.0 dB  BER 8.23e-02  P(det)@0.05 power_one_sided 1.000 power_two_sided 1.000 kurtosis 1.000 spec_cnn 1.000  (22s)
  JSR   +5.0 dB  BER 1.05e-01  P(det)@0.05 power_one_sided 1.000 power_two_sided 1.000 kurtosis 1.000 spec_cnn 1.000  (23s)
  JSR   +6.0 dB  BER 1.26e-01  P(det)@0.05 power_one_sided 1.000 power_two_sided 1.000 kurtosis 1.000 spec_cnn 1.000  (23s)
  JSR   +7.0 dB  BER 1.51e-01  P(det)@0.05 power_one_sided 1.000 power_two_sided 1.000 kurtosis 1.000 spec_cnn 1.000  (23s)
  JSR   +8.0 dB  BER 1.80e-01  P(det)@0.05 power_one_sided 1.000 power_two_sided 1.000 kurtosis 1.000 spec_cnn 1.000  (24s)
  JSR   +9.0 dB  BER 2.05e-01  P(det)@0.05 power_one_sided 1.000 power_two_sided 1.000 kurtosis 1.000 spec_cnn 1.000  (24s)
  JSR  +10.0 dB  BER 2.30e-01  P(det)@0.05 power_one_sided 1.000 power_two_sided 1.000 kurtosis 1.000 spec_cnn 1.000  (25s)
  JSR  +11.0 dB  BER 2.56e-01  P(det)@0.05 power_one_sided 1.000 power_two_sided 1.000 kurtosis 1.000 spec_cnn 1.000  (25s)
  JSR  +12.0 dB  BER 2.79e-01  P(det)@0.05 power_one_sided 1.000 power_two_sided 1.000 kurtosis 1.000 spec_cnn 1.000  (25s)
  JSR  +13.0 dB  BER 2.99e-01  P(det)@0.05 power_one_sided 1.000 power_two_sided 1.000 kurtosis 1.000 spec_cnn 1.000  (26s)
  JSR  +14.0 dB  BER 3.18e-01  P(det)@0.05 power_one_sided 1.000 power_two_sided 1.000 kurtosis 1.000 spec_cnn 1.000  (26s)
  JSR  +15.0 dB  BER 3.35e-01  P(det)@0.05 power_one_sided 1.000 power_two_sided 1.000 kurtosis 1.000 spec_cnn 1.000  (27s)
  [snr_35] power_one_sided_b1 confirmed: {"power_one_sided": {"0.01": {"index": 0, "sweep_ber": 0.0, "sweep_pdet": 0.015625, "confirmed_ber": 0.0, "confirmed_ser": 0.0, "confirmed_pdet": 0.019775390625, "passed": false}, "0.05": {"index": 0, "sweep_ber": 0.0, "sweep_pdet": 0.05859375, "confirmed_ber": 0.0, "confirmed_ser": 0.0, "confirmed_pdet": 0.071533203125, "passed": false}}, "power_two_sided": {"0.01": null, "0.05": null}, "kurtosis": {"0.01": {"index": 29, "sweep_ber": 0.0009002685546875, "sweep_pdet": 0.015625, "confirmed_ber": 0.0009059906005859375, "confirmed_ser": 0.001811981201171875, "confirmed_pdet": 0.03466796875, "passed": false}, "0.05": {"index": 28, "sweep_ber": 0.00048828125, "sweep_pdet": 0.0546875, "confirmed_ber": 0.0004291534423828125, "confirmed_ser": 0.000858306884765625, "confirmed_pdet": 0.076904296875, "passed": false}}, "spec_cnn": {"0.01": {"index": 0, "sweep_ber": 0.0, "sweep_pdet": 0.00390625, "confirmed_ber": 0.0, "confirmed_ser": 0.0, "confirmed_pdet": 0.00927734375, "passed": true}, "0.05": {"index": 0, "sweep_ber": 0.0, "sweep_pdet": 0.05078125, "confirmed_ber": 0.0, "confirmed_ser": 0.0, "confirmed_pdet": 0.049560546875, "passed": true}}}  (445s)
  [snr_35] generator power_one_sided_b10 (scale 0.4022)
  JSR  -50.0 dB  BER 0.00e+00  P(det)@0.05 power_one_sided 0.068 power_two_sided 0.068 kurtosis 0.055 spec_cnn 0.049  (0s)
  JSR  -49.0 dB  BER 0.00e+00  P(det)@0.05 power_one_sided 0.078 power_two_sided 0.072 kurtosis 0.045 spec_cnn 0.051  (1s)
  JSR  -48.0 dB  BER 0.00e+00  P(det)@0.05 power_one_sided 0.078 power_two_sided 0.096 kurtosis 0.045 spec_cnn 0.039  (1s)
  JSR  -47.0 dB  BER 0.00e+00  P(det)@0.05 power_one_sided 0.098 power_two_sided 0.092 kurtosis 0.047 spec_cnn 0.049  (2s)
  JSR  -46.0 dB  BER 0.00e+00  P(det)@0.05 power_one_sided 0.082 power_two_sided 0.107 kurtosis 0.047 spec_cnn 0.061  (2s)
  JSR  -45.0 dB  BER 0.00e+00  P(det)@0.05 power_one_sided 0.109 power_two_sided 0.133 kurtosis 0.055 spec_cnn 0.072  (2s)
  JSR  -44.0 dB  BER 0.00e+00  P(det)@0.05 power_one_sided 0.125 power_two_sided 0.133 kurtosis 0.047 spec_cnn 0.064  (3s)
  JSR  -43.0 dB  BER 0.00e+00  P(det)@0.05 power_one_sided 0.125 power_two_sided 0.176 kurtosis 0.039 spec_cnn 0.086  (3s)
  JSR  -42.0 dB  BER 0.00e+00  P(det)@0.05 power_one_sided 0.145 power_two_sided 0.189 kurtosis 0.039 spec_cnn 0.072  (4s)
  JSR  -41.0 dB  BER 0.00e+00  P(det)@0.05 power_one_sided 0.195 power_two_sided 0.248 kurtosis 0.041 spec_cnn 0.117  (4s)
  JSR  -40.0 dB  BER 0.00e+00  P(det)@0.05 power_one_sided 0.250 power_two_sided 0.350 kurtosis 0.051 spec_cnn 0.109  (4s)
  JSR  -39.0 dB  BER 0.00e+00  P(det)@0.05 power_one_sided 0.250 power_two_sided 0.340 kurtosis 0.055 spec_cnn 0.100  (5s)
  JSR  -38.0 dB  BER 0.00e+00  P(det)@0.05 power_one_sided 0.271 power_two_sided 0.379 kurtosis 0.047 spec_cnn 0.119  (5s)
  JSR  -37.0 dB  BER 0.00e+00  P(det)@0.05 power_one_sided 0.297 power_two_sided 0.395 kurtosis 0.045 spec_cnn 0.115  (6s)
  JSR  -36.0 dB  BER 0.00e+00  P(det)@0.05 power_one_sided 0.377 power_two_sided 0.492 kurtosis 0.064 spec_cnn 0.191  (6s)
  JSR  -35.0 dB  BER 0.00e+00  P(det)@0.05 power_one_sided 0.383 power_two_sided 0.551 kurtosis 0.061 spec_cnn 0.160  (6s)
  JSR  -34.0 dB  BER 0.00e+00  P(det)@0.05 power_one_sided 0.428 power_two_sided 0.594 kurtosis 0.061 spec_cnn 0.176  (7s)
  JSR  -33.0 dB  BER 0.00e+00  P(det)@0.05 power_one_sided 0.428 power_two_sided 0.615 kurtosis 0.049 spec_cnn 0.217  (7s)
  JSR  -32.0 dB  BER 0.00e+00  P(det)@0.05 power_one_sided 0.486 power_two_sided 0.691 kurtosis 0.070 spec_cnn 0.254  (8s)
  JSR  -31.0 dB  BER 0.00e+00  P(det)@0.05 power_one_sided 0.479 power_two_sided 0.682 kurtosis 0.055 spec_cnn 0.291  (8s)
  JSR  -30.0 dB  BER 0.00e+00  P(det)@0.05 power_one_sided 0.564 power_two_sided 0.742 kurtosis 0.061 spec_cnn 0.309  (9s)
  JSR  -29.0 dB  BER 0.00e+00  P(det)@0.05 power_one_sided 0.596 power_two_sided 0.771 kurtosis 0.049 spec_cnn 0.373  (9s)
  JSR  -28.0 dB  BER 0.00e+00  P(det)@0.05 power_one_sided 0.613 power_two_sided 0.801 kurtosis 0.053 spec_cnn 0.441  (9s)
  JSR  -27.0 dB  BER 0.00e+00  P(det)@0.05 power_one_sided 0.668 power_two_sided 0.826 kurtosis 0.053 spec_cnn 0.482  (10s)
  JSR  -26.0 dB  BER 0.00e+00  P(det)@0.05 power_one_sided 0.684 power_two_sided 0.844 kurtosis 0.064 spec_cnn 0.590  (10s)
  JSR  -25.0 dB  BER 0.00e+00  P(det)@0.05 power_one_sided 0.754 power_two_sided 0.877 kurtosis 0.047 spec_cnn 0.691  (11s)
  JSR  -24.0 dB  BER 0.00e+00  P(det)@0.05 power_one_sided 0.732 power_two_sided 0.877 kurtosis 0.061 spec_cnn 0.748  (11s)
  JSR  -23.0 dB  BER 2.29e-05  P(det)@0.05 power_one_sided 0.777 power_two_sided 0.912 kurtosis 0.049 spec_cnn 0.826  (11s)
  JSR  -22.0 dB  BER 3.89e-04  P(det)@0.05 power_one_sided 0.850 power_two_sided 0.936 kurtosis 0.066 spec_cnn 0.891  (12s)
  JSR  -21.0 dB  BER 8.47e-04  P(det)@0.05 power_one_sided 0.877 power_two_sided 0.945 kurtosis 0.092 spec_cnn 0.912  (12s)
  JSR  -20.0 dB  BER 1.27e-03  P(det)@0.05 power_one_sided 0.908 power_two_sided 0.951 kurtosis 0.113 spec_cnn 0.951  (13s)
  JSR  -19.0 dB  BER 1.61e-03  P(det)@0.05 power_one_sided 0.959 power_two_sided 0.973 kurtosis 0.191 spec_cnn 0.973  (13s)
  JSR  -18.0 dB  BER 1.95e-03  P(det)@0.05 power_one_sided 0.988 power_two_sided 0.994 kurtosis 0.270 spec_cnn 0.992  (13s)
  JSR  -17.0 dB  BER 2.46e-03  P(det)@0.05 power_one_sided 0.986 power_two_sided 0.990 kurtosis 0.404 spec_cnn 0.984  (14s)
  JSR  -16.0 dB  BER 2.75e-03  P(det)@0.05 power_one_sided 0.996 power_two_sided 0.998 kurtosis 0.531 spec_cnn 0.996  (14s)
  JSR  -15.0 dB  BER 3.30e-03  P(det)@0.05 power_one_sided 0.998 power_two_sided 0.998 kurtosis 0.635 spec_cnn 1.000  (15s)
  JSR  -14.0 dB  BER 3.41e-03  P(det)@0.05 power_one_sided 0.998 power_two_sided 0.998 kurtosis 0.809 spec_cnn 1.000  (15s)
  JSR  -13.0 dB  BER 3.90e-03  P(det)@0.05 power_one_sided 1.000 power_two_sided 1.000 kurtosis 0.906 spec_cnn 1.000  (15s)
  JSR  -12.0 dB  BER 3.86e-03  P(det)@0.05 power_one_sided 1.000 power_two_sided 1.000 kurtosis 0.982 spec_cnn 1.000  (16s)
  JSR  -11.0 dB  BER 4.14e-03  P(det)@0.05 power_one_sided 1.000 power_two_sided 1.000 kurtosis 0.996 spec_cnn 1.000  (16s)
  JSR  -10.0 dB  BER 4.36e-03  P(det)@0.05 power_one_sided 1.000 power_two_sided 1.000 kurtosis 1.000 spec_cnn 1.000  (17s)
  JSR   -9.0 dB  BER 5.09e-03  P(det)@0.05 power_one_sided 1.000 power_two_sided 1.000 kurtosis 1.000 spec_cnn 1.000  (17s)
  JSR   -8.0 dB  BER 5.36e-03  P(det)@0.05 power_one_sided 1.000 power_two_sided 1.000 kurtosis 1.000 spec_cnn 1.000  (18s)
  JSR   -7.0 dB  BER 6.38e-03  P(det)@0.05 power_one_sided 1.000 power_two_sided 1.000 kurtosis 1.000 spec_cnn 1.000  (18s)
  JSR   -6.0 dB  BER 7.21e-03  P(det)@0.05 power_one_sided 1.000 power_two_sided 1.000 kurtosis 1.000 spec_cnn 1.000  (18s)
  JSR   -5.0 dB  BER 7.90e-03  P(det)@0.05 power_one_sided 1.000 power_two_sided 1.000 kurtosis 1.000 spec_cnn 1.000  (19s)
  JSR   -4.0 dB  BER 9.55e-03  P(det)@0.05 power_one_sided 1.000 power_two_sided 1.000 kurtosis 1.000 spec_cnn 1.000  (19s)
  JSR   -3.0 dB  BER 1.14e-02  P(det)@0.05 power_one_sided 1.000 power_two_sided 1.000 kurtosis 1.000 spec_cnn 1.000  (20s)
  JSR   -2.0 dB  BER 1.40e-02  P(det)@0.05 power_one_sided 1.000 power_two_sided 1.000 kurtosis 1.000 spec_cnn 1.000  (20s)
  JSR   -1.0 dB  BER 1.86e-02  P(det)@0.05 power_one_sided 1.000 power_two_sided 1.000 kurtosis 1.000 spec_cnn 1.000  (20s)
  JSR   +0.0 dB  BER 2.63e-02  P(det)@0.05 power_one_sided 1.000 power_two_sided 1.000 kurtosis 1.000 spec_cnn 1.000  (21s)
  JSR   +1.0 dB  BER 3.83e-02  P(det)@0.05 power_one_sided 1.000 power_two_sided 1.000 kurtosis 1.000 spec_cnn 1.000  (21s)
  JSR   +2.0 dB  BER 5.17e-02  P(det)@0.05 power_one_sided 1.000 power_two_sided 1.000 kurtosis 1.000 spec_cnn 1.000  (22s)
  JSR   +3.0 dB  BER 7.16e-02  P(det)@0.05 power_one_sided 1.000 power_two_sided 1.000 kurtosis 1.000 spec_cnn 1.000  (22s)
  JSR   +4.0 dB  BER 8.90e-02  P(det)@0.05 power_one_sided 1.000 power_two_sided 1.000 kurtosis 1.000 spec_cnn 1.000  (22s)
  JSR   +5.0 dB  BER 1.13e-01  P(det)@0.05 power_one_sided 1.000 power_two_sided 1.000 kurtosis 1.000 spec_cnn 1.000  (23s)
  JSR   +6.0 dB  BER 1.37e-01  P(det)@0.05 power_one_sided 1.000 power_two_sided 1.000 kurtosis 1.000 spec_cnn 1.000  (23s)
  JSR   +7.0 dB  BER 1.66e-01  P(det)@0.05 power_one_sided 1.000 power_two_sided 1.000 kurtosis 1.000 spec_cnn 1.000  (24s)
  JSR   +8.0 dB  BER 1.87e-01  P(det)@0.05 power_one_sided 1.000 power_two_sided 1.000 kurtosis 1.000 spec_cnn 1.000  (24s)
  JSR   +9.0 dB  BER 2.11e-01  P(det)@0.05 power_one_sided 1.000 power_two_sided 1.000 kurtosis 1.000 spec_cnn 1.000  (24s)
  JSR  +10.0 dB  BER 2.43e-01  P(det)@0.05 power_one_sided 1.000 power_two_sided 1.000 kurtosis 1.000 spec_cnn 1.000  (25s)
  JSR  +11.0 dB  BER 2.65e-01  P(det)@0.05 power_one_sided 1.000 power_two_sided 1.000 kurtosis 1.000 spec_cnn 1.000  (25s)
  JSR  +12.0 dB  BER 2.87e-01  P(det)@0.05 power_one_sided 1.000 power_two_sided 1.000 kurtosis 1.000 spec_cnn 1.000  (26s)
  JSR  +13.0 dB  BER 3.08e-01  P(det)@0.05 power_one_sided 1.000 power_two_sided 1.000 kurtosis 1.000 spec_cnn 1.000  (26s)
  JSR  +14.0 dB  BER 3.28e-01  P(det)@0.05 power_one_sided 1.000 power_two_sided 1.000 kurtosis 1.000 spec_cnn 1.000  (27s)
  JSR  +15.0 dB  BER 3.44e-01  P(det)@0.05 power_one_sided 1.000 power_two_sided 1.000 kurtosis 1.000 spec_cnn 1.000  (27s)
  [snr_35] power_one_sided_b10 confirmed: {"power_one_sided": {"0.01": {"index": 0, "sweep_ber": 0.0, "sweep_pdet": 0.01171875, "confirmed_ber": 0.0, "confirmed_ser": 0.0, "confirmed_pdet": 0.0166015625, "passed": false}, "0.05": {"index": 0, "sweep_ber": 0.0, "sweep_pdet": 0.068359375, "confirmed_ber": 0.0, "confirmed_ser": 0.0, "confirmed_pdet": 0.069580078125, "passed": false}}, "power_two_sided": {"0.01": {"index": 0, "sweep_ber": 0.0, "sweep_pdet": 0.015625, "confirmed_ber": 0.0, "confirmed_ser": 0.0, "confirmed_pdet": 0.023681640625, "passed": false}, "0.05": {"index": 0, "sweep_ber": 0.0, "sweep_pdet": 0.068359375, "confirmed_ber": 0.0, "confirmed_ser": 0.0, "confirmed_pdet": 0.07861328125, "passed": false}}, "kurtosis": {"0.01": {"index": 28, "sweep_ber": 0.00038909912109375, "sweep_pdet": 0.013671875, "confirmed_ber": 0.00037479400634765625, "confirmed_ser": 0.0007495880126953125, "confirmed_pdet": 0.021728515625, "passed": false}, "0.05": {"index": 28, "sweep_ber": 0.00038909912109375, "sweep_pdet": 0.06640625, "confirmed_ber": 0.0003833770751953125, "confirmed_ser": 0.000766754150390625, "confirmed_pdet": 0.07568359375, "passed": false}}, "spec_cnn": {"0.01": {"index": 0, "sweep_ber": 0.0, "sweep_pdet": 0.01171875, "confirmed_ber": 0.0, "confirmed_ser": 0.0, "confirmed_pdet": 0.009521484375, "passed": true}, "0.05": {"index": 0, "sweep_ber": 0.0, "sweep_pdet": 0.048828125, "confirmed_ber": 0.0, "confirmed_ser": 0.0, "confirmed_pdet": 0.0458984375, "passed": true}}}  (498s)
  [snr_35] generator power_one_sided_b100 (scale 0.4022)
  JSR  -50.0 dB  BER 0.00e+00  P(det)@0.05 power_one_sided 0.076 power_two_sided 0.076 kurtosis 0.049 spec_cnn 0.059  (0s)
  JSR  -49.0 dB  BER 0.00e+00  P(det)@0.05 power_one_sided 0.074 power_two_sided 0.062 kurtosis 0.057 spec_cnn 0.039  (1s)
  JSR  -48.0 dB  BER 0.00e+00  P(det)@0.05 power_one_sided 0.055 power_two_sided 0.068 kurtosis 0.045 spec_cnn 0.061  (1s)
  JSR  -47.0 dB  BER 0.00e+00  P(det)@0.05 power_one_sided 0.111 power_two_sided 0.131 kurtosis 0.053 spec_cnn 0.051  (1s)
  JSR  -46.0 dB  BER 0.00e+00  P(det)@0.05 power_one_sided 0.111 power_two_sided 0.119 kurtosis 0.055 spec_cnn 0.037  (2s)
  JSR  -45.0 dB  BER 0.00e+00  P(det)@0.05 power_one_sided 0.113 power_two_sided 0.152 kurtosis 0.037 spec_cnn 0.049  (2s)
  JSR  -44.0 dB  BER 0.00e+00  P(det)@0.05 power_one_sided 0.135 power_two_sided 0.162 kurtosis 0.051 spec_cnn 0.066  (3s)
  JSR  -43.0 dB  BER 0.00e+00  P(det)@0.05 power_one_sided 0.133 power_two_sided 0.148 kurtosis 0.039 spec_cnn 0.041  (3s)
  JSR  -42.0 dB  BER 0.00e+00  P(det)@0.05 power_one_sided 0.162 power_two_sided 0.213 kurtosis 0.037 spec_cnn 0.066  (4s)
  JSR  -41.0 dB  BER 0.00e+00  P(det)@0.05 power_one_sided 0.182 power_two_sided 0.203 kurtosis 0.064 spec_cnn 0.057  (4s)
  JSR  -40.0 dB  BER 0.00e+00  P(det)@0.05 power_one_sided 0.209 power_two_sided 0.271 kurtosis 0.049 spec_cnn 0.062  (4s)
  JSR  -39.0 dB  BER 0.00e+00  P(det)@0.05 power_one_sided 0.230 power_two_sided 0.332 kurtosis 0.045 spec_cnn 0.092  (5s)
  JSR  -38.0 dB  BER 0.00e+00  P(det)@0.05 power_one_sided 0.305 power_two_sided 0.408 kurtosis 0.039 spec_cnn 0.100  (5s)
  JSR  -37.0 dB  BER 0.00e+00  P(det)@0.05 power_one_sided 0.312 power_two_sided 0.438 kurtosis 0.045 spec_cnn 0.078  (6s)
  JSR  -36.0 dB  BER 0.00e+00  P(det)@0.05 power_one_sided 0.371 power_two_sided 0.508 kurtosis 0.051 spec_cnn 0.096  (6s)
  JSR  -35.0 dB  BER 0.00e+00  P(det)@0.05 power_one_sided 0.371 power_two_sided 0.537 kurtosis 0.045 spec_cnn 0.078  (6s)
  JSR  -34.0 dB  BER 0.00e+00  P(det)@0.05 power_one_sided 0.402 power_two_sided 0.590 kurtosis 0.055 spec_cnn 0.129  (7s)
  JSR  -33.0 dB  BER 0.00e+00  P(det)@0.05 power_one_sided 0.461 power_two_sided 0.629 kurtosis 0.068 spec_cnn 0.143  (7s)
  JSR  -32.0 dB  BER 0.00e+00  P(det)@0.05 power_one_sided 0.516 power_two_sided 0.668 kurtosis 0.051 spec_cnn 0.160  (8s)
  JSR  -31.0 dB  BER 0.00e+00  P(det)@0.05 power_one_sided 0.527 power_two_sided 0.691 kurtosis 0.059 spec_cnn 0.213  (8s)
  JSR  -30.0 dB  BER 0.00e+00  P(det)@0.05 power_one_sided 0.566 power_two_sided 0.754 kurtosis 0.057 spec_cnn 0.230  (8s)
  JSR  -29.0 dB  BER 0.00e+00  P(det)@0.05 power_one_sided 0.580 power_two_sided 0.777 kurtosis 0.041 spec_cnn 0.289  (9s)
  JSR  -28.0 dB  BER 0.00e+00  P(det)@0.05 power_one_sided 0.627 power_two_sided 0.803 kurtosis 0.035 spec_cnn 0.322  (9s)
  JSR  -27.0 dB  BER 0.00e+00  P(det)@0.05 power_one_sided 0.678 power_two_sided 0.842 kurtosis 0.037 spec_cnn 0.377  (10s)
  JSR  -26.0 dB  BER 0.00e+00  P(det)@0.05 power_one_sided 0.678 power_two_sided 0.830 kurtosis 0.055 spec_cnn 0.457  (10s)
  JSR  -25.0 dB  BER 0.00e+00  P(det)@0.05 power_one_sided 0.725 power_two_sided 0.846 kurtosis 0.059 spec_cnn 0.547  (10s)
  JSR  -24.0 dB  BER 0.00e+00  P(det)@0.05 power_one_sided 0.760 power_two_sided 0.879 kurtosis 0.062 spec_cnn 0.658  (11s)
  JSR  -23.0 dB  BER 6.87e-05  P(det)@0.05 power_one_sided 0.795 power_two_sided 0.902 kurtosis 0.059 spec_cnn 0.719  (11s)
  JSR  -22.0 dB  BER 5.11e-04  P(det)@0.05 power_one_sided 0.842 power_two_sided 0.898 kurtosis 0.066 spec_cnn 0.779  (12s)
  JSR  -21.0 dB  BER 8.77e-04  P(det)@0.05 power_one_sided 0.904 power_two_sided 0.943 kurtosis 0.107 spec_cnn 0.848  (12s)
  JSR  -20.0 dB  BER 1.30e-03  P(det)@0.05 power_one_sided 0.926 power_two_sided 0.973 kurtosis 0.148 spec_cnn 0.912  (12s)
  JSR  -19.0 dB  BER 1.75e-03  P(det)@0.05 power_one_sided 0.943 power_two_sided 0.963 kurtosis 0.176 spec_cnn 0.967  (13s)
  JSR  -18.0 dB  BER 2.21e-03  P(det)@0.05 power_one_sided 0.979 power_two_sided 0.988 kurtosis 0.291 spec_cnn 0.957  (13s)
  JSR  -17.0 dB  BER 2.63e-03  P(det)@0.05 power_one_sided 0.990 power_two_sided 0.998 kurtosis 0.396 spec_cnn 0.975  (14s)
  JSR  -16.0 dB  BER 2.82e-03  P(det)@0.05 power_one_sided 1.000 power_two_sided 1.000 kurtosis 0.535 spec_cnn 0.994  (14s)
  JSR  -15.0 dB  BER 3.19e-03  P(det)@0.05 power_one_sided 0.998 power_two_sided 0.998 kurtosis 0.664 spec_cnn 1.000  (14s)
  JSR  -14.0 dB  BER 3.66e-03  P(det)@0.05 power_one_sided 1.000 power_two_sided 1.000 kurtosis 0.832 spec_cnn 1.000  (15s)
  JSR  -13.0 dB  BER 3.74e-03  P(det)@0.05 power_one_sided 1.000 power_two_sided 1.000 kurtosis 0.943 spec_cnn 1.000  (15s)
  JSR  -12.0 dB  BER 4.10e-03  P(det)@0.05 power_one_sided 1.000 power_two_sided 1.000 kurtosis 0.988 spec_cnn 1.000  (16s)
  JSR  -11.0 dB  BER 4.45e-03  P(det)@0.05 power_one_sided 1.000 power_two_sided 1.000 kurtosis 0.998 spec_cnn 1.000  (16s)
  JSR  -10.0 dB  BER 4.78e-03  P(det)@0.05 power_one_sided 1.000 power_two_sided 1.000 kurtosis 1.000 spec_cnn 1.000  (16s)
  JSR   -9.0 dB  BER 5.16e-03  P(det)@0.05 power_one_sided 1.000 power_two_sided 1.000 kurtosis 1.000 spec_cnn 1.000  (17s)
  JSR   -8.0 dB  BER 5.46e-03  P(det)@0.05 power_one_sided 1.000 power_two_sided 1.000 kurtosis 1.000 spec_cnn 1.000  (17s)
  JSR   -7.0 dB  BER 6.10e-03  P(det)@0.05 power_one_sided 1.000 power_two_sided 1.000 kurtosis 1.000 spec_cnn 1.000  (18s)
  JSR   -6.0 dB  BER 6.79e-03  P(det)@0.05 power_one_sided 1.000 power_two_sided 1.000 kurtosis 1.000 spec_cnn 1.000  (18s)
  JSR   -5.0 dB  BER 7.74e-03  P(det)@0.05 power_one_sided 1.000 power_two_sided 1.000 kurtosis 1.000 spec_cnn 1.000  (18s)
  JSR   -4.0 dB  BER 8.56e-03  P(det)@0.05 power_one_sided 1.000 power_two_sided 1.000 kurtosis 1.000 spec_cnn 1.000  (19s)
  JSR   -3.0 dB  BER 9.86e-03  P(det)@0.05 power_one_sided 1.000 power_two_sided 1.000 kurtosis 1.000 spec_cnn 1.000  (19s)
  JSR   -2.0 dB  BER 1.30e-02  P(det)@0.05 power_one_sided 1.000 power_two_sided 1.000 kurtosis 1.000 spec_cnn 1.000  (20s)
  JSR   -1.0 dB  BER 1.67e-02  P(det)@0.05 power_one_sided 1.000 power_two_sided 1.000 kurtosis 1.000 spec_cnn 1.000  (20s)
  JSR   +0.0 dB  BER 2.00e-02  P(det)@0.05 power_one_sided 1.000 power_two_sided 1.000 kurtosis 1.000 spec_cnn 1.000  (20s)
  JSR   +1.0 dB  BER 2.88e-02  P(det)@0.05 power_one_sided 1.000 power_two_sided 1.000 kurtosis 1.000 spec_cnn 1.000  (21s)
  JSR   +2.0 dB  BER 4.06e-02  P(det)@0.05 power_one_sided 1.000 power_two_sided 1.000 kurtosis 1.000 spec_cnn 1.000  (21s)
  JSR   +3.0 dB  BER 5.49e-02  P(det)@0.05 power_one_sided 1.000 power_two_sided 1.000 kurtosis 1.000 spec_cnn 1.000  (22s)
  JSR   +4.0 dB  BER 7.41e-02  P(det)@0.05 power_one_sided 1.000 power_two_sided 1.000 kurtosis 1.000 spec_cnn 1.000  (22s)
  JSR   +5.0 dB  BER 9.71e-02  P(det)@0.05 power_one_sided 1.000 power_two_sided 1.000 kurtosis 1.000 spec_cnn 1.000  (22s)
  JSR   +6.0 dB  BER 1.20e-01  P(det)@0.05 power_one_sided 1.000 power_two_sided 1.000 kurtosis 1.000 spec_cnn 1.000  (23s)
  JSR   +7.0 dB  BER 1.49e-01  P(det)@0.05 power_one_sided 1.000 power_two_sided 1.000 kurtosis 1.000 spec_cnn 1.000  (23s)
  JSR   +8.0 dB  BER 1.73e-01  P(det)@0.05 power_one_sided 1.000 power_two_sided 1.000 kurtosis 1.000 spec_cnn 1.000  (24s)
  JSR   +9.0 dB  BER 2.03e-01  P(det)@0.05 power_one_sided 1.000 power_two_sided 1.000 kurtosis 1.000 spec_cnn 1.000  (24s)
  JSR  +10.0 dB  BER 2.27e-01  P(det)@0.05 power_one_sided 1.000 power_two_sided 1.000 kurtosis 1.000 spec_cnn 1.000  (24s)
  JSR  +11.0 dB  BER 2.47e-01  P(det)@0.05 power_one_sided 1.000 power_two_sided 1.000 kurtosis 1.000 spec_cnn 1.000  (25s)
  JSR  +12.0 dB  BER 2.76e-01  P(det)@0.05 power_one_sided 1.000 power_two_sided 1.000 kurtosis 1.000 spec_cnn 1.000  (25s)
  JSR  +13.0 dB  BER 2.96e-01  P(det)@0.05 power_one_sided 1.000 power_two_sided 1.000 kurtosis 1.000 spec_cnn 1.000  (26s)
  JSR  +14.0 dB  BER 3.16e-01  P(det)@0.05 power_one_sided 1.000 power_two_sided 1.000 kurtosis 1.000 spec_cnn 1.000  (26s)
  JSR  +15.0 dB  BER 3.35e-01  P(det)@0.05 power_one_sided 1.000 power_two_sided 1.000 kurtosis 1.000 spec_cnn 1.000  (26s)
  [snr_35] power_one_sided_b100 confirmed: {"power_one_sided": {"0.01": {"index": 0, "sweep_ber": 0.0, "sweep_pdet": 0.015625, "confirmed_ber": 0.0, "confirmed_ser": 0.0, "confirmed_pdet": 0.020263671875, "passed": false}, "0.05": {"index": 2, "sweep_ber": 0.0, "sweep_pdet": 0.0546875, "confirmed_ber": 0.0, "confirmed_ser": 0.0, "confirmed_pdet": 0.08837890625, "passed": false}}, "power_two_sided": {"0.01": {"index": 1, "sweep_ber": 0.0, "sweep_pdet": 0.015625, "confirmed_ber": 0.0, "confirmed_ser": 0.0, "confirmed_pdet": 0.020751953125, "passed": false}, "0.05": {"index": 1, "sweep_ber": 0.0, "sweep_pdet": 0.0625, "confirmed_ber": 0.0, "confirmed_ser": 0.0, "confirmed_pdet": 0.07421875, "passed": false}}, "kurtosis": {"0.01": {"index": 28, "sweep_ber": 0.00051116943359375, "sweep_pdet": 0.01171875, "confirmed_ber": 0.0004405975341796875, "confirmed_ser": 0.000881195068359375, "confirmed_pdet": 0.019775390625, "passed": false}, "0.05": {"index": 28, "sweep_ber": 0.00051116943359375, "sweep_pdet": 0.06640625, "confirmed_ber": 0.0004730224609375, "confirmed_ser": 0.000946044921875, "confirmed_pdet": 0.07470703125, "passed": false}}, "spec_cnn": {"0.01": {"index": 0, "sweep_ber": 0.0, "sweep_pdet": 0.01171875, "confirmed_ber": 0.0, "confirmed_ser": 0.0, "confirmed_pdet": 0.011962890625, "passed": true}, "0.05": {"index": 0, "sweep_ber": 0.0, "sweep_pdet": 0.05859375, "confirmed_ber": 0.0, "confirmed_ser": 0.0, "confirmed_pdet": 0.043212890625, "passed": true}}}  (551s)
  [snr_35] generator power_one_sided_b1000 (scale 0.4022)
  JSR  -50.0 dB  BER 0.00e+00  P(det)@0.05 power_one_sided 0.080 power_two_sided 0.086 kurtosis 0.045 spec_cnn 0.033  (0s)
  JSR  -49.0 dB  BER 0.00e+00  P(det)@0.05 power_one_sided 0.061 power_two_sided 0.084 kurtosis 0.057 spec_cnn 0.035  (1s)
  JSR  -48.0 dB  BER 0.00e+00  P(det)@0.05 power_one_sided 0.088 power_two_sided 0.064 kurtosis 0.037 spec_cnn 0.070  (1s)
  JSR  -47.0 dB  BER 0.00e+00  P(det)@0.05 power_one_sided 0.082 power_two_sided 0.109 kurtosis 0.057 spec_cnn 0.066  (2s)
  JSR  -46.0 dB  BER 0.00e+00  P(det)@0.05 power_one_sided 0.090 power_two_sided 0.102 kurtosis 0.029 spec_cnn 0.049  (2s)
  JSR  -45.0 dB  BER 0.00e+00  P(det)@0.05 power_one_sided 0.125 power_two_sided 0.160 kurtosis 0.066 spec_cnn 0.070  (2s)
  JSR  -44.0 dB  BER 0.00e+00  P(det)@0.05 power_one_sided 0.100 power_two_sided 0.162 kurtosis 0.043 spec_cnn 0.053  (3s)
  JSR  -43.0 dB  BER 0.00e+00  P(det)@0.05 power_one_sided 0.135 power_two_sided 0.205 kurtosis 0.035 spec_cnn 0.049  (3s)
  JSR  -42.0 dB  BER 0.00e+00  P(det)@0.05 power_one_sided 0.186 power_two_sided 0.215 kurtosis 0.059 spec_cnn 0.045  (3s)
  JSR  -41.0 dB  BER 0.00e+00  P(det)@0.05 power_one_sided 0.213 power_two_sided 0.275 kurtosis 0.055 spec_cnn 0.064  (4s)
  JSR  -40.0 dB  BER 0.00e+00  P(det)@0.05 power_one_sided 0.232 power_two_sided 0.320 kurtosis 0.041 spec_cnn 0.064  (4s)
  JSR  -39.0 dB  BER 0.00e+00  P(det)@0.05 power_one_sided 0.256 power_two_sided 0.334 kurtosis 0.055 spec_cnn 0.072  (5s)
  JSR  -38.0 dB  BER 0.00e+00  P(det)@0.05 power_one_sided 0.238 power_two_sided 0.367 kurtosis 0.053 spec_cnn 0.049  (5s)
  JSR  -37.0 dB  BER 0.00e+00  P(det)@0.05 power_one_sided 0.295 power_two_sided 0.406 kurtosis 0.055 spec_cnn 0.094  (6s)
  JSR  -36.0 dB  BER 0.00e+00  P(det)@0.05 power_one_sided 0.324 power_two_sided 0.455 kurtosis 0.049 spec_cnn 0.121  (6s)
  JSR  -35.0 dB  BER 0.00e+00  P(det)@0.05 power_one_sided 0.334 power_two_sided 0.496 kurtosis 0.035 spec_cnn 0.100  (6s)
  JSR  -34.0 dB  BER 0.00e+00  P(det)@0.05 power_one_sided 0.367 power_two_sided 0.549 kurtosis 0.064 spec_cnn 0.148  (7s)
  JSR  -33.0 dB  BER 0.00e+00  P(det)@0.05 power_one_sided 0.414 power_two_sided 0.551 kurtosis 0.047 spec_cnn 0.143  (7s)
  JSR  -32.0 dB  BER 0.00e+00  P(det)@0.05 power_one_sided 0.416 power_two_sided 0.617 kurtosis 0.059 spec_cnn 0.168  (8s)
  JSR  -31.0 dB  BER 0.00e+00  P(det)@0.05 power_one_sided 0.424 power_two_sided 0.645 kurtosis 0.045 spec_cnn 0.186  (8s)
  JSR  -30.0 dB  BER 0.00e+00  P(det)@0.05 power_one_sided 0.451 power_two_sided 0.680 kurtosis 0.053 spec_cnn 0.225  (8s)
  JSR  -29.0 dB  BER 0.00e+00  P(det)@0.05 power_one_sided 0.562 power_two_sided 0.756 kurtosis 0.053 spec_cnn 0.230  (9s)
  JSR  -28.0 dB  BER 0.00e+00  P(det)@0.05 power_one_sided 0.570 power_two_sided 0.803 kurtosis 0.061 spec_cnn 0.334  (9s)
  JSR  -27.0 dB  BER 0.00e+00  P(det)@0.05 power_one_sided 0.619 power_two_sided 0.807 kurtosis 0.053 spec_cnn 0.348  (10s)
  JSR  -26.0 dB  BER 0.00e+00  P(det)@0.05 power_one_sided 0.637 power_two_sided 0.830 kurtosis 0.059 spec_cnn 0.457  (10s)
  JSR  -25.0 dB  BER 0.00e+00  P(det)@0.05 power_one_sided 0.629 power_two_sided 0.861 kurtosis 0.057 spec_cnn 0.479  (10s)
  JSR  -24.0 dB  BER 0.00e+00  P(det)@0.05 power_one_sided 0.688 power_two_sided 0.879 kurtosis 0.053 spec_cnn 0.555  (11s)
  JSR  -23.0 dB  BER 0.00e+00  P(det)@0.05 power_one_sided 0.746 power_two_sided 0.883 kurtosis 0.055 spec_cnn 0.645  (11s)
  JSR  -22.0 dB  BER 0.00e+00  P(det)@0.05 power_one_sided 0.801 power_two_sided 0.920 kurtosis 0.078 spec_cnn 0.752  (12s)
  JSR  -21.0 dB  BER 2.29e-05  P(det)@0.05 power_one_sided 0.801 power_two_sided 0.910 kurtosis 0.086 spec_cnn 0.748  (12s)
  JSR  -20.0 dB  BER 1.07e-04  P(det)@0.05 power_one_sided 0.852 power_two_sided 0.938 kurtosis 0.082 spec_cnn 0.812  (12s)
  JSR  -19.0 dB  BER 1.68e-04  P(det)@0.05 power_one_sided 0.889 power_two_sided 0.959 kurtosis 0.117 spec_cnn 0.859  (13s)
  JSR  -18.0 dB  BER 4.20e-04  P(det)@0.05 power_one_sided 0.887 power_two_sided 0.955 kurtosis 0.135 spec_cnn 0.938  (13s)
  JSR  -17.0 dB  BER 7.25e-04  P(det)@0.05 power_one_sided 0.932 power_two_sided 0.979 kurtosis 0.219 spec_cnn 0.945  (14s)
  JSR  -16.0 dB  BER 1.09e-03  P(det)@0.05 power_one_sided 0.957 power_two_sided 0.996 kurtosis 0.316 spec_cnn 0.973  (14s)
  JSR  -15.0 dB  BER 1.39e-03  P(det)@0.05 power_one_sided 0.982 power_two_sided 0.992 kurtosis 0.420 spec_cnn 0.979  (14s)
  JSR  -14.0 dB  BER 1.92e-03  P(det)@0.05 power_one_sided 0.984 power_two_sided 0.990 kurtosis 0.613 spec_cnn 0.992  (15s)
  JSR  -13.0 dB  BER 2.11e-03  P(det)@0.05 power_one_sided 0.982 power_two_sided 0.998 kurtosis 0.781 spec_cnn 0.998  (15s)
  JSR  -12.0 dB  BER 2.56e-03  P(det)@0.05 power_one_sided 0.998 power_two_sided 0.998 kurtosis 0.936 spec_cnn 1.000  (16s)
  JSR  -11.0 dB  BER 3.01e-03  P(det)@0.05 power_one_sided 0.998 power_two_sided 0.998 kurtosis 0.980 spec_cnn 1.000  (16s)
  JSR  -10.0 dB  BER 3.32e-03  P(det)@0.05 power_one_sided 0.996 power_two_sided 1.000 kurtosis 1.000 spec_cnn 1.000  (16s)
  JSR   -9.0 dB  BER 4.17e-03  P(det)@0.05 power_one_sided 1.000 power_two_sided 1.000 kurtosis 1.000 spec_cnn 1.000  (17s)
  JSR   -8.0 dB  BER 6.13e-03  P(det)@0.05 power_one_sided 1.000 power_two_sided 1.000 kurtosis 1.000 spec_cnn 1.000  (17s)
  JSR   -7.0 dB  BER 1.00e-02  P(det)@0.05 power_one_sided 1.000 power_two_sided 1.000 kurtosis 1.000 spec_cnn 1.000  (18s)
  JSR   -6.0 dB  BER 1.58e-02  P(det)@0.05 power_one_sided 1.000 power_two_sided 1.000 kurtosis 1.000 spec_cnn 1.000  (18s)
  JSR   -5.0 dB  BER 2.54e-02  P(det)@0.05 power_one_sided 1.000 power_two_sided 1.000 kurtosis 1.000 spec_cnn 1.000  (18s)
  JSR   -4.0 dB  BER 3.67e-02  P(det)@0.05 power_one_sided 1.000 power_two_sided 1.000 kurtosis 1.000 spec_cnn 1.000  (19s)
  JSR   -3.0 dB  BER 5.46e-02  P(det)@0.05 power_one_sided 1.000 power_two_sided 1.000 kurtosis 1.000 spec_cnn 1.000  (19s)
  JSR   -2.0 dB  BER 7.15e-02  P(det)@0.05 power_one_sided 1.000 power_two_sided 1.000 kurtosis 1.000 spec_cnn 1.000  (20s)
  JSR   -1.0 dB  BER 9.08e-02  P(det)@0.05 power_one_sided 1.000 power_two_sided 1.000 kurtosis 1.000 spec_cnn 1.000  (20s)
  JSR   +0.0 dB  BER 1.13e-01  P(det)@0.05 power_one_sided 1.000 power_two_sided 1.000 kurtosis 1.000 spec_cnn 1.000  (21s)
  JSR   +1.0 dB  BER 1.35e-01  P(det)@0.05 power_one_sided 1.000 power_two_sided 1.000 kurtosis 1.000 spec_cnn 1.000  (21s)
  JSR   +2.0 dB  BER 1.55e-01  P(det)@0.05 power_one_sided 1.000 power_two_sided 1.000 kurtosis 1.000 spec_cnn 1.000  (21s)
  JSR   +3.0 dB  BER 1.78e-01  P(det)@0.05 power_one_sided 1.000 power_two_sided 1.000 kurtosis 1.000 spec_cnn 1.000  (22s)
  JSR   +4.0 dB  BER 1.99e-01  P(det)@0.05 power_one_sided 1.000 power_two_sided 1.000 kurtosis 1.000 spec_cnn 1.000  (22s)
  JSR   +5.0 dB  BER 2.22e-01  P(det)@0.05 power_one_sided 1.000 power_two_sided 1.000 kurtosis 1.000 spec_cnn 1.000  (23s)
  JSR   +6.0 dB  BER 2.41e-01  P(det)@0.05 power_one_sided 1.000 power_two_sided 1.000 kurtosis 1.000 spec_cnn 1.000  (23s)
  JSR   +7.0 dB  BER 2.60e-01  P(det)@0.05 power_one_sided 1.000 power_two_sided 1.000 kurtosis 1.000 spec_cnn 1.000  (23s)
  JSR   +8.0 dB  BER 2.78e-01  P(det)@0.05 power_one_sided 1.000 power_two_sided 1.000 kurtosis 1.000 spec_cnn 1.000  (24s)
  JSR   +9.0 dB  BER 2.99e-01  P(det)@0.05 power_one_sided 1.000 power_two_sided 1.000 kurtosis 1.000 spec_cnn 1.000  (24s)
  JSR  +10.0 dB  BER 3.17e-01  P(det)@0.05 power_one_sided 1.000 power_two_sided 1.000 kurtosis 1.000 spec_cnn 1.000  (25s)
  JSR  +11.0 dB  BER 3.34e-01  P(det)@0.05 power_one_sided 1.000 power_two_sided 1.000 kurtosis 1.000 spec_cnn 1.000  (25s)
  JSR  +12.0 dB  BER 3.48e-01  P(det)@0.05 power_one_sided 1.000 power_two_sided 1.000 kurtosis 1.000 spec_cnn 1.000  (25s)
  JSR  +13.0 dB  BER 3.64e-01  P(det)@0.05 power_one_sided 1.000 power_two_sided 1.000 kurtosis 1.000 spec_cnn 1.000  (26s)
  JSR  +14.0 dB  BER 3.75e-01  P(det)@0.05 power_one_sided 1.000 power_two_sided 1.000 kurtosis 1.000 spec_cnn 1.000  (26s)
  JSR  +15.0 dB  BER 3.88e-01  P(det)@0.05 power_one_sided 1.000 power_two_sided 1.000 kurtosis 1.000 spec_cnn 1.000  (27s)
  [snr_35] power_one_sided_b1000 confirmed: {"power_one_sided": {"0.01": {"index": 1, "sweep_ber": 0.0, "sweep_pdet": 0.015625, "confirmed_ber": 0.0, "confirmed_ser": 0.0, "confirmed_pdet": 0.024658203125, "passed": false}, "0.05": {"index": 1, "sweep_ber": 0.0, "sweep_pdet": 0.060546875, "confirmed_ber": 0.0, "confirmed_ser": 0.0, "confirmed_pdet": 0.07421875, "passed": false}}, "power_two_sided": {"0.01": {"index": 1, "sweep_ber": 0.0, "sweep_pdet": 0.017578125, "confirmed_ber": 0.0, "confirmed_ser": 0.0, "confirmed_pdet": 0.019775390625, "passed": false}, "0.05": {"index": 2, "sweep_ber": 0.0, "sweep_pdet": 0.064453125, "confirmed_ber": 0.0, "confirmed_ser": 0.0, "confirmed_pdet": 0.0830078125, "passed": false}}, "kurtosis": {"0.01": {"index": 29, "sweep_ber": 2.288818359375e-05, "sweep_pdet": 0.013671875, "confirmed_ber": 6.67572021484375e-06, "confirmed_ser": 1.33514404296875e-05, "confirmed_pdet": 0.019287109375, "passed": false}, "0.05": {"index": 0, "sweep_ber": 0.0, "sweep_pdet": 0.044921875, "confirmed_ber": 0.0, "confirmed_ser": 0.0, "confirmed_pdet": 0.0546875, "passed": true}}, "spec_cnn": {"0.01": {"index": 0, "sweep_ber": 0.0, "sweep_pdet": 0.013671875, "confirmed_ber": 0.0, "confirmed_ser": 0.0, "confirmed_pdet": 0.0087890625, "passed": true}, "0.05": {"index": 0, "sweep_ber": 0.0, "sweep_pdet": 0.033203125, "confirmed_ber": 0.0, "confirmed_ser": 0.0, "confirmed_pdet": 0.052734375, "passed": true}}}  (603s)
  [snr_35] generator power_two_sided_b1 (scale 0.4022)
  JSR  -50.0 dB  BER 0.00e+00  P(det)@0.05 power_one_sided 0.076 power_two_sided 0.098 kurtosis 0.045 spec_cnn 0.041  (0s)
  JSR  -49.0 dB  BER 0.00e+00  P(det)@0.05 power_one_sided 0.086 power_two_sided 0.076 kurtosis 0.047 spec_cnn 0.057  (1s)
  JSR  -48.0 dB  BER 0.00e+00  P(det)@0.05 power_one_sided 0.092 power_two_sided 0.092 kurtosis 0.049 spec_cnn 0.053  (1s)
  JSR  -47.0 dB  BER 0.00e+00  P(det)@0.05 power_one_sided 0.090 power_two_sided 0.098 kurtosis 0.057 spec_cnn 0.055  (1s)
  JSR  -46.0 dB  BER 0.00e+00  P(det)@0.05 power_one_sided 0.119 power_two_sided 0.135 kurtosis 0.049 spec_cnn 0.080  (2s)
  JSR  -45.0 dB  BER 0.00e+00  P(det)@0.05 power_one_sided 0.109 power_two_sided 0.135 kurtosis 0.062 spec_cnn 0.041  (2s)
  JSR  -44.0 dB  BER 0.00e+00  P(det)@0.05 power_one_sided 0.131 power_two_sided 0.148 kurtosis 0.055 spec_cnn 0.084  (3s)
  JSR  -43.0 dB  BER 0.00e+00  P(det)@0.05 power_one_sided 0.154 power_two_sided 0.164 kurtosis 0.064 spec_cnn 0.080  (3s)
  JSR  -42.0 dB  BER 0.00e+00  P(det)@0.05 power_one_sided 0.172 power_two_sided 0.221 kurtosis 0.059 spec_cnn 0.092  (4s)
  JSR  -41.0 dB  BER 0.00e+00  P(det)@0.05 power_one_sided 0.182 power_two_sided 0.236 kurtosis 0.051 spec_cnn 0.107  (4s)
  JSR  -40.0 dB  BER 0.00e+00  P(det)@0.05 power_one_sided 0.238 power_two_sided 0.316 kurtosis 0.041 spec_cnn 0.102  (4s)
  JSR  -39.0 dB  BER 0.00e+00  P(det)@0.05 power_one_sided 0.264 power_two_sided 0.344 kurtosis 0.043 spec_cnn 0.113  (5s)
  JSR  -38.0 dB  BER 0.00e+00  P(det)@0.05 power_one_sided 0.277 power_two_sided 0.369 kurtosis 0.041 spec_cnn 0.092  (5s)
  JSR  -37.0 dB  BER 0.00e+00  P(det)@0.05 power_one_sided 0.340 power_two_sided 0.424 kurtosis 0.037 spec_cnn 0.105  (6s)
  JSR  -36.0 dB  BER 0.00e+00  P(det)@0.05 power_one_sided 0.350 power_two_sided 0.455 kurtosis 0.055 spec_cnn 0.152  (6s)
  JSR  -35.0 dB  BER 0.00e+00  P(det)@0.05 power_one_sided 0.402 power_two_sided 0.562 kurtosis 0.035 spec_cnn 0.131  (6s)
  JSR  -34.0 dB  BER 0.00e+00  P(det)@0.05 power_one_sided 0.410 power_two_sided 0.572 kurtosis 0.057 spec_cnn 0.119  (7s)
  JSR  -33.0 dB  BER 0.00e+00  P(det)@0.05 power_one_sided 0.451 power_two_sided 0.611 kurtosis 0.043 spec_cnn 0.178  (7s)
  JSR  -32.0 dB  BER 0.00e+00  P(det)@0.05 power_one_sided 0.506 power_two_sided 0.684 kurtosis 0.070 spec_cnn 0.234  (8s)
  JSR  -31.0 dB  BER 0.00e+00  P(det)@0.05 power_one_sided 0.543 power_two_sided 0.703 kurtosis 0.043 spec_cnn 0.219  (8s)
  JSR  -30.0 dB  BER 0.00e+00  P(det)@0.05 power_one_sided 0.549 power_two_sided 0.738 kurtosis 0.066 spec_cnn 0.297  (8s)
  JSR  -29.0 dB  BER 0.00e+00  P(det)@0.05 power_one_sided 0.590 power_two_sided 0.760 kurtosis 0.053 spec_cnn 0.307  (9s)
  JSR  -28.0 dB  BER 0.00e+00  P(det)@0.05 power_one_sided 0.600 power_two_sided 0.791 kurtosis 0.062 spec_cnn 0.395  (9s)
  JSR  -27.0 dB  BER 0.00e+00  P(det)@0.05 power_one_sided 0.674 power_two_sided 0.822 kurtosis 0.057 spec_cnn 0.496  (10s)
  JSR  -26.0 dB  BER 0.00e+00  P(det)@0.05 power_one_sided 0.701 power_two_sided 0.826 kurtosis 0.070 spec_cnn 0.541  (10s)
  JSR  -25.0 dB  BER 0.00e+00  P(det)@0.05 power_one_sided 0.752 power_two_sided 0.881 kurtosis 0.053 spec_cnn 0.643  (10s)
  JSR  -24.0 dB  BER 0.00e+00  P(det)@0.05 power_one_sided 0.770 power_two_sided 0.893 kurtosis 0.043 spec_cnn 0.715  (11s)
  JSR  -23.0 dB  BER 3.05e-05  P(det)@0.05 power_one_sided 0.799 power_two_sided 0.887 kurtosis 0.076 spec_cnn 0.795  (11s)
  JSR  -22.0 dB  BER 3.36e-04  P(det)@0.05 power_one_sided 0.834 power_two_sided 0.928 kurtosis 0.072 spec_cnn 0.836  (12s)
  JSR  -21.0 dB  BER 8.39e-04  P(det)@0.05 power_one_sided 0.877 power_two_sided 0.932 kurtosis 0.113 spec_cnn 0.889  (12s)
  JSR  -20.0 dB  BER 1.29e-03  P(det)@0.05 power_one_sided 0.902 power_two_sided 0.961 kurtosis 0.137 spec_cnn 0.932  (13s)
  JSR  -19.0 dB  BER 1.57e-03  P(det)@0.05 power_one_sided 0.945 power_two_sided 0.969 kurtosis 0.256 spec_cnn 0.965  (13s)
  JSR  -18.0 dB  BER 2.04e-03  P(det)@0.05 power_one_sided 0.967 power_two_sided 0.982 kurtosis 0.312 spec_cnn 0.973  (13s)
  JSR  -17.0 dB  BER 2.22e-03  P(det)@0.05 power_one_sided 0.980 power_two_sided 0.986 kurtosis 0.473 spec_cnn 0.990  (14s)
  JSR  -16.0 dB  BER 2.74e-03  P(det)@0.05 power_one_sided 0.996 power_two_sided 0.998 kurtosis 0.570 spec_cnn 0.990  (14s)
  JSR  -15.0 dB  BER 2.89e-03  P(det)@0.05 power_one_sided 0.996 power_two_sided 1.000 kurtosis 0.719 spec_cnn 0.998  (15s)
  JSR  -14.0 dB  BER 3.49e-03  P(det)@0.05 power_one_sided 0.996 power_two_sided 0.996 kurtosis 0.832 spec_cnn 1.000  (15s)
  JSR  -13.0 dB  BER 3.86e-03  P(det)@0.05 power_one_sided 0.998 power_two_sided 0.998 kurtosis 0.934 spec_cnn 1.000  (15s)
  JSR  -12.0 dB  BER 4.04e-03  P(det)@0.05 power_one_sided 1.000 power_two_sided 1.000 kurtosis 0.990 spec_cnn 1.000  (16s)
  JSR  -11.0 dB  BER 4.36e-03  P(det)@0.05 power_one_sided 1.000 power_two_sided 1.000 kurtosis 0.994 spec_cnn 1.000  (16s)
  JSR  -10.0 dB  BER 4.75e-03  P(det)@0.05 power_one_sided 1.000 power_two_sided 1.000 kurtosis 0.998 spec_cnn 1.000  (17s)
  JSR   -9.0 dB  BER 4.84e-03  P(det)@0.05 power_one_sided 1.000 power_two_sided 1.000 kurtosis 1.000 spec_cnn 1.000  (17s)
  JSR   -8.0 dB  BER 5.45e-03  P(det)@0.05 power_one_sided 1.000 power_two_sided 1.000 kurtosis 1.000 spec_cnn 1.000  (17s)
  JSR   -7.0 dB  BER 6.40e-03  P(det)@0.05 power_one_sided 1.000 power_two_sided 1.000 kurtosis 1.000 spec_cnn 1.000  (18s)
  JSR   -6.0 dB  BER 7.99e-03  P(det)@0.05 power_one_sided 1.000 power_two_sided 1.000 kurtosis 1.000 spec_cnn 1.000  (18s)
  JSR   -5.0 dB  BER 8.12e-03  P(det)@0.05 power_one_sided 1.000 power_two_sided 1.000 kurtosis 1.000 spec_cnn 1.000  (19s)
  JSR   -4.0 dB  BER 9.73e-03  P(det)@0.05 power_one_sided 1.000 power_two_sided 1.000 kurtosis 1.000 spec_cnn 1.000  (19s)
  JSR   -3.0 dB  BER 1.11e-02  P(det)@0.05 power_one_sided 1.000 power_two_sided 1.000 kurtosis 1.000 spec_cnn 1.000  (19s)
  JSR   -2.0 dB  BER 1.47e-02  P(det)@0.05 power_one_sided 1.000 power_two_sided 1.000 kurtosis 1.000 spec_cnn 1.000  (20s)
  JSR   -1.0 dB  BER 1.92e-02  P(det)@0.05 power_one_sided 1.000 power_two_sided 1.000 kurtosis 1.000 spec_cnn 1.000  (20s)
  JSR   +0.0 dB  BER 2.62e-02  P(det)@0.05 power_one_sided 1.000 power_two_sided 1.000 kurtosis 1.000 spec_cnn 1.000  (21s)
  JSR   +1.0 dB  BER 3.50e-02  P(det)@0.05 power_one_sided 1.000 power_two_sided 1.000 kurtosis 1.000 spec_cnn 1.000  (21s)
  JSR   +2.0 dB  BER 4.94e-02  P(det)@0.05 power_one_sided 1.000 power_two_sided 1.000 kurtosis 1.000 spec_cnn 1.000  (22s)
  JSR   +3.0 dB  BER 6.04e-02  P(det)@0.05 power_one_sided 1.000 power_two_sided 1.000 kurtosis 1.000 spec_cnn 1.000  (22s)
  JSR   +4.0 dB  BER 8.19e-02  P(det)@0.05 power_one_sided 1.000 power_two_sided 1.000 kurtosis 1.000 spec_cnn 1.000  (22s)
  JSR   +5.0 dB  BER 1.06e-01  P(det)@0.05 power_one_sided 1.000 power_two_sided 1.000 kurtosis 1.000 spec_cnn 1.000  (23s)
  JSR   +6.0 dB  BER 1.30e-01  P(det)@0.05 power_one_sided 1.000 power_two_sided 1.000 kurtosis 1.000 spec_cnn 1.000  (23s)
  JSR   +7.0 dB  BER 1.53e-01  P(det)@0.05 power_one_sided 1.000 power_two_sided 1.000 kurtosis 1.000 spec_cnn 1.000  (24s)
  JSR   +8.0 dB  BER 1.82e-01  P(det)@0.05 power_one_sided 1.000 power_two_sided 1.000 kurtosis 1.000 spec_cnn 1.000  (24s)
  JSR   +9.0 dB  BER 2.06e-01  P(det)@0.05 power_one_sided 1.000 power_two_sided 1.000 kurtosis 1.000 spec_cnn 1.000  (24s)
  JSR  +10.0 dB  BER 2.31e-01  P(det)@0.05 power_one_sided 1.000 power_two_sided 1.000 kurtosis 1.000 spec_cnn 1.000  (25s)
  JSR  +11.0 dB  BER 2.52e-01  P(det)@0.05 power_one_sided 1.000 power_two_sided 1.000 kurtosis 1.000 spec_cnn 1.000  (25s)
  JSR  +12.0 dB  BER 2.83e-01  P(det)@0.05 power_one_sided 1.000 power_two_sided 1.000 kurtosis 1.000 spec_cnn 1.000  (26s)
  JSR  +13.0 dB  BER 3.00e-01  P(det)@0.05 power_one_sided 1.000 power_two_sided 1.000 kurtosis 1.000 spec_cnn 1.000  (26s)
  JSR  +14.0 dB  BER 3.17e-01  P(det)@0.05 power_one_sided 1.000 power_two_sided 1.000 kurtosis 1.000 spec_cnn 1.000  (26s)
  JSR  +15.0 dB  BER 3.37e-01  P(det)@0.05 power_one_sided 1.000 power_two_sided 1.000 kurtosis 1.000 spec_cnn 1.000  (27s)
  [snr_35] power_two_sided_b1 confirmed: {"power_one_sided": {"0.01": {"index": 0, "sweep_ber": 0.0, "sweep_pdet": 0.013671875, "confirmed_ber": 0.0, "confirmed_ser": 0.0, "confirmed_pdet": 0.0185546875, "passed": false}, "0.05": null}, "power_two_sided": {"0.01": null, "0.05": null}, "kurtosis": {"0.01": {"index": 27, "sweep_ber": 3.0517578125e-05, "sweep_pdet": 0.001953125, "confirmed_ber": 4.76837158203125e-05, "confirmed_ser": 9.5367431640625e-05, "confirmed_pdet": 0.013671875, "passed": false}, "0.05": {"index": 0, "sweep_ber": 0.0, "sweep_pdet": 0.044921875, "confirmed_ber": 0.0, "confirmed_ser": 0.0, "confirmed_pdet": 0.0498046875, "passed": true}}, "spec_cnn": {"0.01": {"index": 0, "sweep_ber": 0.0, "sweep_pdet": 0.005859375, "confirmed_ber": 0.0, "confirmed_ser": 0.0, "confirmed_pdet": 0.00927734375, "passed": true}, "0.05": {"index": 0, "sweep_ber": 0.0, "sweep_pdet": 0.041015625, "confirmed_ber": 0.0, "confirmed_ser": 0.0, "confirmed_pdet": 0.0498046875, "passed": true}}}  (647s)
  [snr_35] generator power_two_sided_b10 (scale 0.4022)
  JSR  -50.0 dB  BER 0.00e+00  P(det)@0.05 power_one_sided 0.086 power_two_sided 0.066 kurtosis 0.049 spec_cnn 0.062  (0s)
  JSR  -49.0 dB  BER 0.00e+00  P(det)@0.05 power_one_sided 0.090 power_two_sided 0.100 kurtosis 0.049 spec_cnn 0.047  (1s)
  JSR  -48.0 dB  BER 0.00e+00  P(det)@0.05 power_one_sided 0.086 power_two_sided 0.084 kurtosis 0.053 spec_cnn 0.045  (1s)
  JSR  -47.0 dB  BER 0.00e+00  P(det)@0.05 power_one_sided 0.094 power_two_sided 0.100 kurtosis 0.049 spec_cnn 0.057  (2s)
  JSR  -46.0 dB  BER 0.00e+00  P(det)@0.05 power_one_sided 0.102 power_two_sided 0.123 kurtosis 0.045 spec_cnn 0.039  (2s)
  JSR  -45.0 dB  BER 0.00e+00  P(det)@0.05 power_one_sided 0.121 power_two_sided 0.137 kurtosis 0.041 spec_cnn 0.047  (2s)
  JSR  -44.0 dB  BER 0.00e+00  P(det)@0.05 power_one_sided 0.146 power_two_sided 0.141 kurtosis 0.055 spec_cnn 0.055  (3s)
  JSR  -43.0 dB  BER 0.00e+00  P(det)@0.05 power_one_sided 0.146 power_two_sided 0.184 kurtosis 0.053 spec_cnn 0.059  (3s)
  JSR  -42.0 dB  BER 0.00e+00  P(det)@0.05 power_one_sided 0.160 power_two_sided 0.211 kurtosis 0.023 spec_cnn 0.039  (4s)
  JSR  -41.0 dB  BER 0.00e+00  P(det)@0.05 power_one_sided 0.195 power_two_sided 0.264 kurtosis 0.051 spec_cnn 0.072  (4s)
  JSR  -40.0 dB  BER 0.00e+00  P(det)@0.05 power_one_sided 0.254 power_two_sided 0.311 kurtosis 0.057 spec_cnn 0.039  (4s)
  JSR  -39.0 dB  BER 0.00e+00  P(det)@0.05 power_one_sided 0.262 power_two_sided 0.359 kurtosis 0.043 spec_cnn 0.061  (5s)
  JSR  -38.0 dB  BER 0.00e+00  P(det)@0.05 power_one_sided 0.283 power_two_sided 0.369 kurtosis 0.041 spec_cnn 0.045  (5s)
  JSR  -37.0 dB  BER 0.00e+00  P(det)@0.05 power_one_sided 0.348 power_two_sided 0.488 kurtosis 0.057 spec_cnn 0.084  (6s)
  JSR  -36.0 dB  BER 0.00e+00  P(det)@0.05 power_one_sided 0.322 power_two_sided 0.465 kurtosis 0.047 spec_cnn 0.078  (6s)
  JSR  -35.0 dB  BER 0.00e+00  P(det)@0.05 power_one_sided 0.346 power_two_sided 0.516 kurtosis 0.057 spec_cnn 0.105  (6s)
  JSR  -34.0 dB  BER 0.00e+00  P(det)@0.05 power_one_sided 0.447 power_two_sided 0.611 kurtosis 0.057 spec_cnn 0.119  (7s)
  JSR  -33.0 dB  BER 0.00e+00  P(det)@0.05 power_one_sided 0.477 power_two_sided 0.600 kurtosis 0.053 spec_cnn 0.139  (7s)
  JSR  -32.0 dB  BER 0.00e+00  P(det)@0.05 power_one_sided 0.467 power_two_sided 0.674 kurtosis 0.057 spec_cnn 0.127  (8s)
  JSR  -31.0 dB  BER 0.00e+00  P(det)@0.05 power_one_sided 0.510 power_two_sided 0.691 kurtosis 0.043 spec_cnn 0.191  (8s)
  JSR  -30.0 dB  BER 0.00e+00  P(det)@0.05 power_one_sided 0.529 power_two_sided 0.711 kurtosis 0.057 spec_cnn 0.242  (8s)
  JSR  -29.0 dB  BER 0.00e+00  P(det)@0.05 power_one_sided 0.562 power_two_sided 0.760 kurtosis 0.074 spec_cnn 0.307  (9s)
  JSR  -28.0 dB  BER 0.00e+00  P(det)@0.05 power_one_sided 0.607 power_two_sided 0.789 kurtosis 0.035 spec_cnn 0.400  (9s)
  JSR  -27.0 dB  BER 0.00e+00  P(det)@0.05 power_one_sided 0.664 power_two_sided 0.824 kurtosis 0.053 spec_cnn 0.465  (10s)
  JSR  -26.0 dB  BER 0.00e+00  P(det)@0.05 power_one_sided 0.686 power_two_sided 0.861 kurtosis 0.051 spec_cnn 0.549  (10s)
  JSR  -25.0 dB  BER 0.00e+00  P(det)@0.05 power_one_sided 0.742 power_two_sided 0.883 kurtosis 0.047 spec_cnn 0.631  (11s)
  JSR  -24.0 dB  BER 0.00e+00  P(det)@0.05 power_one_sided 0.730 power_two_sided 0.875 kurtosis 0.059 spec_cnn 0.713  (11s)
  JSR  -23.0 dB  BER 1.53e-05  P(det)@0.05 power_one_sided 0.791 power_two_sided 0.900 kurtosis 0.068 spec_cnn 0.822  (11s)
  JSR  -22.0 dB  BER 4.88e-04  P(det)@0.05 power_one_sided 0.797 power_two_sided 0.906 kurtosis 0.092 spec_cnn 0.840  (12s)
  JSR  -21.0 dB  BER 9.08e-04  P(det)@0.05 power_one_sided 0.859 power_two_sided 0.945 kurtosis 0.113 spec_cnn 0.920  (12s)
  JSR  -20.0 dB  BER 1.21e-03  P(det)@0.05 power_one_sided 0.906 power_two_sided 0.949 kurtosis 0.139 spec_cnn 0.939  (13s)
  JSR  -19.0 dB  BER 1.67e-03  P(det)@0.05 power_one_sided 0.947 power_two_sided 0.980 kurtosis 0.186 spec_cnn 0.971  (13s)
  JSR  -18.0 dB  BER 1.92e-03  P(det)@0.05 power_one_sided 0.971 power_two_sided 0.984 kurtosis 0.301 spec_cnn 0.980  (13s)
  JSR  -17.0 dB  BER 2.36e-03  P(det)@0.05 power_one_sided 0.986 power_two_sided 0.992 kurtosis 0.428 spec_cnn 0.990  (14s)
  JSR  -16.0 dB  BER 2.86e-03  P(det)@0.05 power_one_sided 0.988 power_two_sided 0.996 kurtosis 0.541 spec_cnn 0.994  (14s)
  JSR  -15.0 dB  BER 3.14e-03  P(det)@0.05 power_one_sided 0.998 power_two_sided 1.000 kurtosis 0.660 spec_cnn 0.992  (15s)
  JSR  -14.0 dB  BER 3.19e-03  P(det)@0.05 power_one_sided 0.996 power_two_sided 0.998 kurtosis 0.848 spec_cnn 1.000  (15s)
  JSR  -13.0 dB  BER 3.77e-03  P(det)@0.05 power_one_sided 1.000 power_two_sided 1.000 kurtosis 0.922 spec_cnn 1.000  (15s)
  JSR  -12.0 dB  BER 4.11e-03  P(det)@0.05 power_one_sided 1.000 power_two_sided 1.000 kurtosis 0.979 spec_cnn 1.000  (16s)
  JSR  -11.0 dB  BER 4.07e-03  P(det)@0.05 power_one_sided 1.000 power_two_sided 1.000 kurtosis 0.998 spec_cnn 1.000  (16s)
  JSR  -10.0 dB  BER 4.84e-03  P(det)@0.05 power_one_sided 1.000 power_two_sided 1.000 kurtosis 1.000 spec_cnn 1.000  (17s)
  JSR   -9.0 dB  BER 5.00e-03  P(det)@0.05 power_one_sided 1.000 power_two_sided 1.000 kurtosis 1.000 spec_cnn 1.000  (17s)
  JSR   -8.0 dB  BER 5.13e-03  P(det)@0.05 power_one_sided 1.000 power_two_sided 1.000 kurtosis 1.000 spec_cnn 1.000  (17s)
  JSR   -7.0 dB  BER 5.77e-03  P(det)@0.05 power_one_sided 1.000 power_two_sided 1.000 kurtosis 1.000 spec_cnn 1.000  (18s)
  JSR   -6.0 dB  BER 6.81e-03  P(det)@0.05 power_one_sided 1.000 power_two_sided 1.000 kurtosis 1.000 spec_cnn 1.000  (18s)
  JSR   -5.0 dB  BER 7.64e-03  P(det)@0.05 power_one_sided 1.000 power_two_sided 1.000 kurtosis 1.000 spec_cnn 1.000  (19s)
  JSR   -4.0 dB  BER 8.50e-03  P(det)@0.05 power_one_sided 1.000 power_two_sided 1.000 kurtosis 1.000 spec_cnn 1.000  (19s)
  JSR   -3.0 dB  BER 1.07e-02  P(det)@0.05 power_one_sided 1.000 power_two_sided 1.000 kurtosis 1.000 spec_cnn 1.000  (19s)
  JSR   -2.0 dB  BER 1.36e-02  P(det)@0.05 power_one_sided 1.000 power_two_sided 1.000 kurtosis 1.000 spec_cnn 1.000  (20s)
  JSR   -1.0 dB  BER 1.91e-02  P(det)@0.05 power_one_sided 1.000 power_two_sided 1.000 kurtosis 1.000 spec_cnn 1.000  (20s)
  JSR   +0.0 dB  BER 2.69e-02  P(det)@0.05 power_one_sided 1.000 power_two_sided 1.000 kurtosis 1.000 spec_cnn 1.000  (21s)
  JSR   +1.0 dB  BER 3.70e-02  P(det)@0.05 power_one_sided 1.000 power_two_sided 1.000 kurtosis 1.000 spec_cnn 1.000  (21s)
  JSR   +2.0 dB  BER 5.16e-02  P(det)@0.05 power_one_sided 1.000 power_two_sided 1.000 kurtosis 1.000 spec_cnn 1.000  (21s)
  JSR   +3.0 dB  BER 7.20e-02  P(det)@0.05 power_one_sided 1.000 power_two_sided 1.000 kurtosis 1.000 spec_cnn 1.000  (22s)
  JSR   +4.0 dB  BER 8.95e-02  P(det)@0.05 power_one_sided 1.000 power_two_sided 1.000 kurtosis 1.000 spec_cnn 1.000  (22s)
  JSR   +5.0 dB  BER 1.14e-01  P(det)@0.05 power_one_sided 1.000 power_two_sided 1.000 kurtosis 1.000 spec_cnn 1.000  (23s)
  JSR   +6.0 dB  BER 1.41e-01  P(det)@0.05 power_one_sided 1.000 power_two_sided 1.000 kurtosis 1.000 spec_cnn 1.000  (23s)
  JSR   +7.0 dB  BER 1.61e-01  P(det)@0.05 power_one_sided 1.000 power_two_sided 1.000 kurtosis 1.000 spec_cnn 1.000  (24s)
  JSR   +8.0 dB  BER 1.90e-01  P(det)@0.05 power_one_sided 1.000 power_two_sided 1.000 kurtosis 1.000 spec_cnn 1.000  (24s)
  JSR   +9.0 dB  BER 2.16e-01  P(det)@0.05 power_one_sided 1.000 power_two_sided 1.000 kurtosis 1.000 spec_cnn 1.000  (24s)
  JSR  +10.0 dB  BER 2.42e-01  P(det)@0.05 power_one_sided 1.000 power_two_sided 1.000 kurtosis 1.000 spec_cnn 1.000  (25s)
  JSR  +11.0 dB  BER 2.66e-01  P(det)@0.05 power_one_sided 1.000 power_two_sided 1.000 kurtosis 1.000 spec_cnn 1.000  (25s)
  JSR  +12.0 dB  BER 2.88e-01  P(det)@0.05 power_one_sided 1.000 power_two_sided 1.000 kurtosis 1.000 spec_cnn 1.000  (26s)
  JSR  +13.0 dB  BER 3.12e-01  P(det)@0.05 power_one_sided 1.000 power_two_sided 1.000 kurtosis 1.000 spec_cnn 1.000  (26s)
  JSR  +14.0 dB  BER 3.29e-01  P(det)@0.05 power_one_sided 1.000 power_two_sided 1.000 kurtosis 1.000 spec_cnn 1.000  (26s)
  JSR  +15.0 dB  BER 3.45e-01  P(det)@0.05 power_one_sided 1.000 power_two_sided 1.000 kurtosis 1.000 spec_cnn 1.000  (27s)
  [snr_35] power_two_sided_b10 confirmed: {"power_one_sided": {"0.01": null, "0.05": null}, "power_two_sided": {"0.01": null, "0.05": {"index": 0, "sweep_ber": 0.0, "sweep_pdet": 0.06640625, "confirmed_ber": 0.0, "confirmed_ser": 0.0, "confirmed_pdet": 0.072021484375, "passed": false}}, "kurtosis": {"0.01": {"index": 27, "sweep_ber": 1.52587890625e-05, "sweep_pdet": 0.015625, "confirmed_ber": 2.86102294921875e-05, "confirmed_ser": 5.7220458984375e-05, "confirmed_pdet": 0.015869140625, "passed": false}, "0.05": {"index": 27, "sweep_ber": 1.52587890625e-05, "sweep_pdet": 0.068359375, "confirmed_ber": 2.956390380859375e-05, "confirmed_ser": 5.91278076171875e-05, "confirmed_pdet": 0.056640625, "passed": true}}, "spec_cnn": {"0.01": {"index": 1, "sweep_ber": 0.0, "sweep_pdet": 0.0078125, "confirmed_ber": 0.0, "confirmed_ser": 0.0, "confirmed_pdet": 0.010009765625, "passed": true}, "0.05": {"index": 0, "sweep_ber": 0.0, "sweep_pdet": 0.0625, "confirmed_ber": 0.0, "confirmed_ser": 0.0, "confirmed_pdet": 0.04931640625, "passed": true}}}  (690s)
  [snr_35] generator power_two_sided_b100 (scale 0.4022)
  JSR  -50.0 dB  BER 0.00e+00  P(det)@0.05 power_one_sided 0.072 power_two_sided 0.086 kurtosis 0.041 spec_cnn 0.051  (0s)
  JSR  -49.0 dB  BER 0.00e+00  P(det)@0.05 power_one_sided 0.070 power_two_sided 0.082 kurtosis 0.053 spec_cnn 0.037  (1s)
  JSR  -48.0 dB  BER 0.00e+00  P(det)@0.05 power_one_sided 0.084 power_two_sided 0.092 kurtosis 0.045 spec_cnn 0.070  (1s)
  JSR  -47.0 dB  BER 0.00e+00  P(det)@0.05 power_one_sided 0.086 power_two_sided 0.094 kurtosis 0.066 spec_cnn 0.064  (1s)
  JSR  -46.0 dB  BER 0.00e+00  P(det)@0.05 power_one_sided 0.104 power_two_sided 0.107 kurtosis 0.035 spec_cnn 0.035  (2s)
  JSR  -45.0 dB  BER 0.00e+00  P(det)@0.05 power_one_sided 0.125 power_two_sided 0.158 kurtosis 0.047 spec_cnn 0.057  (2s)
  JSR  -44.0 dB  BER 0.00e+00  P(det)@0.05 power_one_sided 0.113 power_two_sided 0.148 kurtosis 0.053 spec_cnn 0.064  (3s)
  JSR  -43.0 dB  BER 0.00e+00  P(det)@0.05 power_one_sided 0.164 power_two_sided 0.207 kurtosis 0.047 spec_cnn 0.074  (3s)
  JSR  -42.0 dB  BER 0.00e+00  P(det)@0.05 power_one_sided 0.166 power_two_sided 0.195 kurtosis 0.057 spec_cnn 0.051  (4s)
  JSR  -41.0 dB  BER 0.00e+00  P(det)@0.05 power_one_sided 0.201 power_two_sided 0.271 kurtosis 0.045 spec_cnn 0.072  (4s)
  JSR  -40.0 dB  BER 0.00e+00  P(det)@0.05 power_one_sided 0.232 power_two_sided 0.291 kurtosis 0.045 spec_cnn 0.080  (4s)
  JSR  -39.0 dB  BER 0.00e+00  P(det)@0.05 power_one_sided 0.252 power_two_sided 0.314 kurtosis 0.076 spec_cnn 0.076  (5s)
  JSR  -38.0 dB  BER 0.00e+00  P(det)@0.05 power_one_sided 0.285 power_two_sided 0.371 kurtosis 0.035 spec_cnn 0.072  (5s)
  JSR  -37.0 dB  BER 0.00e+00  P(det)@0.05 power_one_sided 0.320 power_two_sided 0.443 kurtosis 0.045 spec_cnn 0.061  (6s)
  JSR  -36.0 dB  BER 0.00e+00  P(det)@0.05 power_one_sided 0.371 power_two_sided 0.518 kurtosis 0.055 spec_cnn 0.109  (6s)
  JSR  -35.0 dB  BER 0.00e+00  P(det)@0.05 power_one_sided 0.354 power_two_sided 0.516 kurtosis 0.064 spec_cnn 0.111  (6s)
  JSR  -34.0 dB  BER 0.00e+00  P(det)@0.05 power_one_sided 0.412 power_two_sided 0.584 kurtosis 0.045 spec_cnn 0.156  (7s)
  JSR  -33.0 dB  BER 0.00e+00  P(det)@0.05 power_one_sided 0.447 power_two_sided 0.646 kurtosis 0.049 spec_cnn 0.176  (7s)
  JSR  -32.0 dB  BER 0.00e+00  P(det)@0.05 power_one_sided 0.492 power_two_sided 0.686 kurtosis 0.049 spec_cnn 0.158  (8s)
  JSR  -31.0 dB  BER 0.00e+00  P(det)@0.05 power_one_sided 0.496 power_two_sided 0.693 kurtosis 0.037 spec_cnn 0.250  (8s)
  JSR  -30.0 dB  BER 0.00e+00  P(det)@0.05 power_one_sided 0.570 power_two_sided 0.746 kurtosis 0.049 spec_cnn 0.303  (8s)
  JSR  -29.0 dB  BER 0.00e+00  P(det)@0.05 power_one_sided 0.557 power_two_sided 0.744 kurtosis 0.031 spec_cnn 0.320  (9s)
  JSR  -28.0 dB  BER 0.00e+00  P(det)@0.05 power_one_sided 0.607 power_two_sided 0.785 kurtosis 0.059 spec_cnn 0.416  (9s)
  JSR  -27.0 dB  BER 0.00e+00  P(det)@0.05 power_one_sided 0.635 power_two_sided 0.824 kurtosis 0.057 spec_cnn 0.518  (10s)
  JSR  -26.0 dB  BER 0.00e+00  P(det)@0.05 power_one_sided 0.658 power_two_sided 0.834 kurtosis 0.049 spec_cnn 0.572  (10s)
  JSR  -25.0 dB  BER 0.00e+00  P(det)@0.05 power_one_sided 0.732 power_two_sided 0.848 kurtosis 0.066 spec_cnn 0.693  (11s)
  JSR  -24.0 dB  BER 0.00e+00  P(det)@0.05 power_one_sided 0.762 power_two_sided 0.883 kurtosis 0.059 spec_cnn 0.746  (11s)
  JSR  -23.0 dB  BER 3.05e-05  P(det)@0.05 power_one_sided 0.803 power_two_sided 0.889 kurtosis 0.068 spec_cnn 0.789  (11s)
  JSR  -22.0 dB  BER 3.51e-04  P(det)@0.05 power_one_sided 0.832 power_two_sided 0.906 kurtosis 0.078 spec_cnn 0.879  (12s)
  JSR  -21.0 dB  BER 6.79e-04  P(det)@0.05 power_one_sided 0.881 power_two_sided 0.951 kurtosis 0.092 spec_cnn 0.895  (12s)
  JSR  -20.0 dB  BER 1.16e-03  P(det)@0.05 power_one_sided 0.926 power_two_sided 0.963 kurtosis 0.133 spec_cnn 0.955  (13s)
  JSR  -19.0 dB  BER 1.77e-03  P(det)@0.05 power_one_sided 0.938 power_two_sided 0.959 kurtosis 0.178 spec_cnn 0.979  (13s)
  JSR  -18.0 dB  BER 1.94e-03  P(det)@0.05 power_one_sided 0.969 power_two_sided 0.994 kurtosis 0.316 spec_cnn 0.990  (13s)
  JSR  -17.0 dB  BER 2.30e-03  P(det)@0.05 power_one_sided 0.988 power_two_sided 0.990 kurtosis 0.414 spec_cnn 0.992  (14s)
  JSR  -16.0 dB  BER 2.68e-03  P(det)@0.05 power_one_sided 0.994 power_two_sided 1.000 kurtosis 0.527 spec_cnn 0.996  (14s)
  JSR  -15.0 dB  BER 3.30e-03  P(det)@0.05 power_one_sided 1.000 power_two_sided 1.000 kurtosis 0.646 spec_cnn 1.000  (15s)
  JSR  -14.0 dB  BER 3.30e-03  P(det)@0.05 power_one_sided 0.998 power_two_sided 0.998 kurtosis 0.838 spec_cnn 1.000  (15s)
  JSR  -13.0 dB  BER 3.83e-03  P(det)@0.05 power_one_sided 1.000 power_two_sided 1.000 kurtosis 0.920 spec_cnn 1.000  (15s)
  JSR  -12.0 dB  BER 4.01e-03  P(det)@0.05 power_one_sided 1.000 power_two_sided 1.000 kurtosis 0.979 spec_cnn 1.000  (16s)
  JSR  -11.0 dB  BER 4.27e-03  P(det)@0.05 power_one_sided 1.000 power_two_sided 1.000 kurtosis 0.998 spec_cnn 1.000  (16s)
  JSR  -10.0 dB  BER 4.65e-03  P(det)@0.05 power_one_sided 1.000 power_two_sided 1.000 kurtosis 1.000 spec_cnn 1.000  (17s)
  JSR   -9.0 dB  BER 5.00e-03  P(det)@0.05 power_one_sided 1.000 power_two_sided 1.000 kurtosis 1.000 spec_cnn 1.000  (17s)
  JSR   -8.0 dB  BER 5.41e-03  P(det)@0.05 power_one_sided 1.000 power_two_sided 1.000 kurtosis 1.000 spec_cnn 1.000  (17s)
  JSR   -7.0 dB  BER 6.16e-03  P(det)@0.05 power_one_sided 1.000 power_two_sided 1.000 kurtosis 1.000 spec_cnn 1.000  (18s)
  JSR   -6.0 dB  BER 6.62e-03  P(det)@0.05 power_one_sided 1.000 power_two_sided 1.000 kurtosis 1.000 spec_cnn 1.000  (18s)
  JSR   -5.0 dB  BER 7.71e-03  P(det)@0.05 power_one_sided 1.000 power_two_sided 1.000 kurtosis 1.000 spec_cnn 1.000  (19s)
  JSR   -4.0 dB  BER 9.36e-03  P(det)@0.05 power_one_sided 1.000 power_two_sided 1.000 kurtosis 1.000 spec_cnn 1.000  (19s)
  JSR   -3.0 dB  BER 1.11e-02  P(det)@0.05 power_one_sided 1.000 power_two_sided 1.000 kurtosis 1.000 spec_cnn 1.000  (19s)
  JSR   -2.0 dB  BER 1.37e-02  P(det)@0.05 power_one_sided 1.000 power_two_sided 1.000 kurtosis 1.000 spec_cnn 1.000  (20s)
  JSR   -1.0 dB  BER 1.90e-02  P(det)@0.05 power_one_sided 1.000 power_two_sided 1.000 kurtosis 1.000 spec_cnn 1.000  (20s)
  JSR   +0.0 dB  BER 2.74e-02  P(det)@0.05 power_one_sided 1.000 power_two_sided 1.000 kurtosis 1.000 spec_cnn 1.000  (21s)
  JSR   +1.0 dB  BER 3.98e-02  P(det)@0.05 power_one_sided 1.000 power_two_sided 1.000 kurtosis 1.000 spec_cnn 1.000  (21s)
  JSR   +2.0 dB  BER 5.29e-02  P(det)@0.05 power_one_sided 1.000 power_two_sided 1.000 kurtosis 1.000 spec_cnn 1.000  (22s)
  JSR   +3.0 dB  BER 7.34e-02  P(det)@0.05 power_one_sided 1.000 power_two_sided 1.000 kurtosis 1.000 spec_cnn 1.000  (22s)
  JSR   +4.0 dB  BER 9.34e-02  P(det)@0.05 power_one_sided 1.000 power_two_sided 1.000 kurtosis 1.000 spec_cnn 1.000  (22s)
  JSR   +5.0 dB  BER 1.12e-01  P(det)@0.05 power_one_sided 1.000 power_two_sided 1.000 kurtosis 1.000 spec_cnn 1.000  (23s)
  JSR   +6.0 dB  BER 1.42e-01  P(det)@0.05 power_one_sided 1.000 power_two_sided 1.000 kurtosis 1.000 spec_cnn 1.000  (23s)
  JSR   +7.0 dB  BER 1.68e-01  P(det)@0.05 power_one_sided 1.000 power_two_sided 1.000 kurtosis 1.000 spec_cnn 1.000  (24s)
  JSR   +8.0 dB  BER 1.91e-01  P(det)@0.05 power_one_sided 1.000 power_two_sided 1.000 kurtosis 1.000 spec_cnn 1.000  (24s)
  JSR   +9.0 dB  BER 2.15e-01  P(det)@0.05 power_one_sided 1.000 power_two_sided 1.000 kurtosis 1.000 spec_cnn 1.000  (24s)
  JSR  +10.0 dB  BER 2.44e-01  P(det)@0.05 power_one_sided 1.000 power_two_sided 1.000 kurtosis 1.000 spec_cnn 1.000  (25s)
  JSR  +11.0 dB  BER 2.67e-01  P(det)@0.05 power_one_sided 1.000 power_two_sided 1.000 kurtosis 1.000 spec_cnn 1.000  (25s)
  JSR  +12.0 dB  BER 2.87e-01  P(det)@0.05 power_one_sided 1.000 power_two_sided 1.000 kurtosis 1.000 spec_cnn 1.000  (26s)
  JSR  +13.0 dB  BER 3.10e-01  P(det)@0.05 power_one_sided 1.000 power_two_sided 1.000 kurtosis 1.000 spec_cnn 1.000  (26s)
  JSR  +14.0 dB  BER 3.28e-01  P(det)@0.05 power_one_sided 1.000 power_two_sided 1.000 kurtosis 1.000 spec_cnn 1.000  (26s)
  JSR  +15.0 dB  BER 3.48e-01  P(det)@0.05 power_one_sided 1.000 power_two_sided 1.000 kurtosis 1.000 spec_cnn 1.000  (27s)
  [snr_35] power_two_sided_b100 confirmed: {"power_one_sided": {"0.01": {"index": 0, "sweep_ber": 0.0, "sweep_pdet": 0.017578125, "confirmed_ber": 0.0, "confirmed_ser": 0.0, "confirmed_pdet": 0.017333984375, "passed": false}, "0.05": null}, "power_two_sided": {"0.01": null, "0.05": null}, "kurtosis": {"0.01": {"index": 28, "sweep_ber": 0.0003509521484375, "sweep_pdet": 0.017578125, "confirmed_ber": 0.0003681182861328125, "confirmed_ser": 0.000736236572265625, "confirmed_pdet": 0.017333984375, "passed": false}, "0.05": {"index": 27, "sweep_ber": 3.0517578125e-05, "sweep_pdet": 0.068359375, "confirmed_ber": 2.86102294921875e-05, "confirmed_ser": 5.7220458984375e-05, "confirmed_pdet": 0.06494140625, "passed": false}}, "spec_cnn": {"0.01": {"index": 0, "sweep_ber": 0.0, "sweep_pdet": 0.009765625, "confirmed_ber": 0.0, "confirmed_ser": 0.0, "confirmed_pdet": 0.010986328125, "passed": true}, "0.05": {"index": 0, "sweep_ber": 0.0, "sweep_pdet": 0.05078125, "confirmed_ber": 0.0, "confirmed_ser": 0.0, "confirmed_pdet": 0.046630859375, "passed": true}}}  (733s)
  [snr_35] generator power_two_sided_b1000 (scale 0.4022)
  JSR  -50.0 dB  BER 0.00e+00  P(det)@0.05 power_one_sided 0.064 power_two_sided 0.053 kurtosis 0.035 spec_cnn 0.051  (0s)
  JSR  -49.0 dB  BER 0.00e+00  P(det)@0.05 power_one_sided 0.068 power_two_sided 0.068 kurtosis 0.039 spec_cnn 0.062  (1s)
  JSR  -48.0 dB  BER 0.00e+00  P(det)@0.05 power_one_sided 0.064 power_two_sided 0.080 kurtosis 0.059 spec_cnn 0.037  (1s)
  JSR  -47.0 dB  BER 0.00e+00  P(det)@0.05 power_one_sided 0.092 power_two_sided 0.094 kurtosis 0.043 spec_cnn 0.049  (1s)
  JSR  -46.0 dB  BER 0.00e+00  P(det)@0.05 power_one_sided 0.092 power_two_sided 0.092 kurtosis 0.053 spec_cnn 0.062  (2s)
  JSR  -45.0 dB  BER 0.00e+00  P(det)@0.05 power_one_sided 0.133 power_two_sided 0.135 kurtosis 0.027 spec_cnn 0.061  (2s)
  JSR  -44.0 dB  BER 0.00e+00  P(det)@0.05 power_one_sided 0.121 power_two_sided 0.170 kurtosis 0.062 spec_cnn 0.039  (3s)
  JSR  -43.0 dB  BER 0.00e+00  P(det)@0.05 power_one_sided 0.104 power_two_sided 0.125 kurtosis 0.059 spec_cnn 0.080  (3s)
  JSR  -42.0 dB  BER 0.00e+00  P(det)@0.05 power_one_sided 0.176 power_two_sided 0.219 kurtosis 0.059 spec_cnn 0.066  (3s)
  JSR  -41.0 dB  BER 0.00e+00  P(det)@0.05 power_one_sided 0.158 power_two_sided 0.242 kurtosis 0.051 spec_cnn 0.062  (4s)
  JSR  -40.0 dB  BER 0.00e+00  P(det)@0.05 power_one_sided 0.203 power_two_sided 0.309 kurtosis 0.059 spec_cnn 0.070  (4s)
  JSR  -39.0 dB  BER 0.00e+00  P(det)@0.05 power_one_sided 0.244 power_two_sided 0.326 kurtosis 0.035 spec_cnn 0.086  (5s)
  JSR  -38.0 dB  BER 0.00e+00  P(det)@0.05 power_one_sided 0.256 power_two_sided 0.387 kurtosis 0.051 spec_cnn 0.088  (5s)
  JSR  -37.0 dB  BER 0.00e+00  P(det)@0.05 power_one_sided 0.311 power_two_sided 0.398 kurtosis 0.045 spec_cnn 0.109  (5s)
  JSR  -36.0 dB  BER 0.00e+00  P(det)@0.05 power_one_sided 0.291 power_two_sided 0.420 kurtosis 0.053 spec_cnn 0.107  (6s)
  JSR  -35.0 dB  BER 0.00e+00  P(det)@0.05 power_one_sided 0.307 power_two_sided 0.494 kurtosis 0.053 spec_cnn 0.127  (6s)
  JSR  -34.0 dB  BER 0.00e+00  P(det)@0.05 power_one_sided 0.381 power_two_sided 0.539 kurtosis 0.057 spec_cnn 0.145  (7s)
  JSR  -33.0 dB  BER 0.00e+00  P(det)@0.05 power_one_sided 0.426 power_two_sided 0.604 kurtosis 0.051 spec_cnn 0.215  (7s)
  JSR  -32.0 dB  BER 0.00e+00  P(det)@0.05 power_one_sided 0.521 power_two_sided 0.654 kurtosis 0.061 spec_cnn 0.264  (7s)
  JSR  -31.0 dB  BER 0.00e+00  P(det)@0.05 power_one_sided 0.486 power_two_sided 0.672 kurtosis 0.047 spec_cnn 0.342  (8s)
  JSR  -30.0 dB  BER 0.00e+00  P(det)@0.05 power_one_sided 0.482 power_two_sided 0.658 kurtosis 0.039 spec_cnn 0.385  (8s)
  JSR  -29.0 dB  BER 0.00e+00  P(det)@0.05 power_one_sided 0.559 power_two_sided 0.703 kurtosis 0.059 spec_cnn 0.453  (8s)
  JSR  -28.0 dB  BER 0.00e+00  P(det)@0.05 power_one_sided 0.602 power_two_sided 0.785 kurtosis 0.037 spec_cnn 0.576  (9s)
  JSR  -27.0 dB  BER 0.00e+00  P(det)@0.05 power_one_sided 0.631 power_two_sided 0.799 kurtosis 0.045 spec_cnn 0.635  (9s)
  JSR  -26.0 dB  BER 0.00e+00  P(det)@0.05 power_one_sided 0.635 power_two_sided 0.824 kurtosis 0.076 spec_cnn 0.754  (10s)
  JSR  -25.0 dB  BER 0.00e+00  P(det)@0.05 power_one_sided 0.646 power_two_sided 0.840 kurtosis 0.057 spec_cnn 0.783  (10s)
  JSR  -24.0 dB  BER 0.00e+00  P(det)@0.05 power_one_sided 0.719 power_two_sided 0.857 kurtosis 0.068 spec_cnn 0.834  (10s)
  JSR  -23.0 dB  BER 0.00e+00  P(det)@0.05 power_one_sided 0.719 power_two_sided 0.881 kurtosis 0.057 spec_cnn 0.906  (11s)
  JSR  -22.0 dB  BER 0.00e+00  P(det)@0.05 power_one_sided 0.787 power_two_sided 0.916 kurtosis 0.053 spec_cnn 0.930  (11s)
  JSR  -21.0 dB  BER 1.53e-05  P(det)@0.05 power_one_sided 0.840 power_two_sided 0.932 kurtosis 0.057 spec_cnn 0.975  (12s)
  JSR  -20.0 dB  BER 1.60e-04  P(det)@0.05 power_one_sided 0.848 power_two_sided 0.945 kurtosis 0.066 spec_cnn 0.975  (12s)
  JSR  -19.0 dB  BER 2.75e-04  P(det)@0.05 power_one_sided 0.885 power_two_sided 0.959 kurtosis 0.094 spec_cnn 0.990  (12s)
  JSR  -18.0 dB  BER 8.62e-04  P(det)@0.05 power_one_sided 0.914 power_two_sided 0.971 kurtosis 0.156 spec_cnn 0.994  (13s)
  JSR  -17.0 dB  BER 1.03e-03  P(det)@0.05 power_one_sided 0.957 power_two_sided 0.980 kurtosis 0.201 spec_cnn 0.998  (13s)
  JSR  -16.0 dB  BER 1.60e-03  P(det)@0.05 power_one_sided 0.971 power_two_sided 0.996 kurtosis 0.248 spec_cnn 0.998  (13s)
  JSR  -15.0 dB  BER 1.81e-03  P(det)@0.05 power_one_sided 0.975 power_two_sided 0.992 kurtosis 0.412 spec_cnn 1.000  (14s)
  JSR  -14.0 dB  BER 2.38e-03  P(det)@0.05 power_one_sided 0.984 power_two_sided 0.992 kurtosis 0.576 spec_cnn 1.000  (14s)
  JSR  -13.0 dB  BER 2.72e-03  P(det)@0.05 power_one_sided 1.000 power_two_sided 1.000 kurtosis 0.703 spec_cnn 1.000  (15s)
  JSR  -12.0 dB  BER 2.94e-03  P(det)@0.05 power_one_sided 1.000 power_two_sided 1.000 kurtosis 0.869 spec_cnn 1.000  (15s)
  JSR  -11.0 dB  BER 2.91e-03  P(det)@0.05 power_one_sided 0.998 power_two_sided 1.000 kurtosis 0.957 spec_cnn 1.000  (15s)
  JSR  -10.0 dB  BER 3.23e-03  P(det)@0.05 power_one_sided 1.000 power_two_sided 1.000 kurtosis 0.990 spec_cnn 1.000  (16s)
  JSR   -9.0 dB  BER 3.89e-03  P(det)@0.05 power_one_sided 1.000 power_two_sided 1.000 kurtosis 0.992 spec_cnn 1.000  (16s)
  JSR   -8.0 dB  BER 5.00e-03  P(det)@0.05 power_one_sided 1.000 power_two_sided 1.000 kurtosis 1.000 spec_cnn 1.000  (16s)
  JSR   -7.0 dB  BER 6.82e-03  P(det)@0.05 power_one_sided 1.000 power_two_sided 1.000 kurtosis 1.000 spec_cnn 1.000  (17s)
  JSR   -6.0 dB  BER 1.03e-02  P(det)@0.05 power_one_sided 1.000 power_two_sided 1.000 kurtosis 1.000 spec_cnn 1.000  (17s)
  JSR   -5.0 dB  BER 1.55e-02  P(det)@0.05 power_one_sided 1.000 power_two_sided 1.000 kurtosis 1.000 spec_cnn 1.000  (18s)
  JSR   -4.0 dB  BER 2.54e-02  P(det)@0.05 power_one_sided 1.000 power_two_sided 1.000 kurtosis 1.000 spec_cnn 1.000  (18s)
  JSR   -3.0 dB  BER 3.75e-02  P(det)@0.05 power_one_sided 1.000 power_two_sided 1.000 kurtosis 1.000 spec_cnn 1.000  (18s)
  JSR   -2.0 dB  BER 5.50e-02  P(det)@0.05 power_one_sided 1.000 power_two_sided 1.000 kurtosis 1.000 spec_cnn 1.000  (19s)
  JSR   -1.0 dB  BER 7.29e-02  P(det)@0.05 power_one_sided 1.000 power_two_sided 1.000 kurtosis 1.000 spec_cnn 1.000  (19s)
  JSR   +0.0 dB  BER 9.38e-02  P(det)@0.05 power_one_sided 1.000 power_two_sided 1.000 kurtosis 1.000 spec_cnn 1.000  (20s)
  JSR   +1.0 dB  BER 1.19e-01  P(det)@0.05 power_one_sided 1.000 power_two_sided 1.000 kurtosis 1.000 spec_cnn 1.000  (20s)
  JSR   +2.0 dB  BER 1.45e-01  P(det)@0.05 power_one_sided 1.000 power_two_sided 1.000 kurtosis 1.000 spec_cnn 1.000  (20s)
  JSR   +3.0 dB  BER 1.70e-01  P(det)@0.05 power_one_sided 1.000 power_two_sided 1.000 kurtosis 1.000 spec_cnn 1.000  (21s)
  JSR   +4.0 dB  BER 1.96e-01  P(det)@0.05 power_one_sided 1.000 power_two_sided 1.000 kurtosis 1.000 spec_cnn 1.000  (21s)
  JSR   +5.0 dB  BER 2.21e-01  P(det)@0.05 power_one_sided 1.000 power_two_sided 1.000 kurtosis 1.000 spec_cnn 1.000  (21s)
  JSR   +6.0 dB  BER 2.48e-01  P(det)@0.05 power_one_sided 1.000 power_two_sided 1.000 kurtosis 1.000 spec_cnn 1.000  (22s)
  JSR   +7.0 dB  BER 2.71e-01  P(det)@0.05 power_one_sided 1.000 power_two_sided 1.000 kurtosis 1.000 spec_cnn 1.000  (22s)
  JSR   +8.0 dB  BER 2.91e-01  P(det)@0.05 power_one_sided 1.000 power_two_sided 1.000 kurtosis 1.000 spec_cnn 1.000  (23s)
  JSR   +9.0 dB  BER 3.12e-01  P(det)@0.05 power_one_sided 1.000 power_two_sided 1.000 kurtosis 1.000 spec_cnn 1.000  (23s)
  JSR  +10.0 dB  BER 3.28e-01  P(det)@0.05 power_one_sided 1.000 power_two_sided 1.000 kurtosis 1.000 spec_cnn 1.000  (23s)
  JSR  +11.0 dB  BER 3.46e-01  P(det)@0.05 power_one_sided 1.000 power_two_sided 1.000 kurtosis 1.000 spec_cnn 1.000  (24s)
  JSR  +12.0 dB  BER 3.64e-01  P(det)@0.05 power_one_sided 1.000 power_two_sided 1.000 kurtosis 1.000 spec_cnn 1.000  (24s)
  JSR  +13.0 dB  BER 3.79e-01  P(det)@0.05 power_one_sided 1.000 power_two_sided 1.000 kurtosis 1.000 spec_cnn 1.000  (25s)
  JSR  +14.0 dB  BER 3.91e-01  P(det)@0.05 power_one_sided 1.000 power_two_sided 1.000 kurtosis 1.000 spec_cnn 1.000  (25s)
  JSR  +15.0 dB  BER 4.02e-01  P(det)@0.05 power_one_sided 1.000 power_two_sided 1.000 kurtosis 1.000 spec_cnn 1.000  (25s)
  [snr_35] power_two_sided_b1000 confirmed: {"power_one_sided": {"0.01": {"index": 0, "sweep_ber": 0.0, "sweep_pdet": 0.017578125, "confirmed_ber": 0.0, "confirmed_ser": 0.0, "confirmed_pdet": 0.017333984375, "passed": false}, "0.05": {"index": 0, "sweep_ber": 0.0, "sweep_pdet": 0.064453125, "confirmed_ber": 0.0, "confirmed_ser": 0.0, "confirmed_pdet": 0.06103515625, "passed": false}}, "power_two_sided": {"0.01": {"index": 1, "sweep_ber": 0.0, "sweep_pdet": 0.01171875, "confirmed_ber": 0.0, "confirmed_ser": 0.0, "confirmed_pdet": 0.023681640625, "passed": false}, "0.05": {"index": 0, "sweep_ber": 0.0, "sweep_pdet": 0.052734375, "confirmed_ber": 0.0, "confirmed_ser": 0.0, "confirmed_pdet": 0.073974609375, "passed": false}}, "kurtosis": {"0.01": {"index": 30, "sweep_ber": 0.00016021728515625, "sweep_pdet": 0.013671875, "confirmed_ber": 0.0001316070556640625, "confirmed_ser": 0.000263214111328125, "confirmed_pdet": 0.023193359375, "passed": false}, "0.05": {"index": 30, "sweep_ber": 0.00016021728515625, "sweep_pdet": 0.06640625, "confirmed_ber": 0.00013256072998046875, "confirmed_ser": 0.0002651214599609375, "confirmed_pdet": 0.08984375, "passed": false}}, "spec_cnn": {"0.01": {"index": 0, "sweep_ber": 0.0, "sweep_pdet": 0.0078125, "confirmed_ber": 0.0, "confirmed_ser": 0.0, "confirmed_pdet": 0.01220703125, "passed": true}, "0.05": {"index": 0, "sweep_ber": 0.0, "sweep_pdet": 0.05078125, "confirmed_ber": 0.0, "confirmed_ser": 0.0, "confirmed_pdet": 0.051513671875, "passed": true}}}  (783s)
  [snr_35] generator kurtosis_b1 (scale 0.4022)
  JSR  -50.0 dB  BER 0.00e+00  P(det)@0.05 power_one_sided 0.059 power_two_sided 0.043 kurtosis 0.053 spec_cnn 0.041  (0s)
  JSR  -49.0 dB  BER 0.00e+00  P(det)@0.05 power_one_sided 0.074 power_two_sided 0.070 kurtosis 0.045 spec_cnn 0.041  (1s)
  JSR  -48.0 dB  BER 0.00e+00  P(det)@0.05 power_one_sided 0.059 power_two_sided 0.094 kurtosis 0.043 spec_cnn 0.055  (1s)
  JSR  -47.0 dB  BER 0.00e+00  P(det)@0.05 power_one_sided 0.088 power_two_sided 0.104 kurtosis 0.041 spec_cnn 0.062  (1s)
  JSR  -46.0 dB  BER 0.00e+00  P(det)@0.05 power_one_sided 0.102 power_two_sided 0.100 kurtosis 0.055 spec_cnn 0.053  (2s)
  JSR  -45.0 dB  BER 0.00e+00  P(det)@0.05 power_one_sided 0.125 power_two_sided 0.123 kurtosis 0.051 spec_cnn 0.064  (2s)
  JSR  -44.0 dB  BER 0.00e+00  P(det)@0.05 power_one_sided 0.131 power_two_sided 0.166 kurtosis 0.055 spec_cnn 0.096  (2s)
  JSR  -43.0 dB  BER 0.00e+00  P(det)@0.05 power_one_sided 0.119 power_two_sided 0.162 kurtosis 0.031 spec_cnn 0.072  (3s)
  JSR  -42.0 dB  BER 0.00e+00  P(det)@0.05 power_one_sided 0.207 power_two_sided 0.232 kurtosis 0.043 spec_cnn 0.107  (3s)
  JSR  -41.0 dB  BER 0.00e+00  P(det)@0.05 power_one_sided 0.219 power_two_sided 0.262 kurtosis 0.037 spec_cnn 0.102  (4s)
  JSR  -40.0 dB  BER 0.00e+00  P(det)@0.05 power_one_sided 0.215 power_two_sided 0.281 kurtosis 0.057 spec_cnn 0.094  (4s)
  JSR  -39.0 dB  BER 0.00e+00  P(det)@0.05 power_one_sided 0.256 power_two_sided 0.330 kurtosis 0.025 spec_cnn 0.082  (4s)
  JSR  -38.0 dB  BER 0.00e+00  P(det)@0.05 power_one_sided 0.291 power_two_sided 0.385 kurtosis 0.043 spec_cnn 0.146  (5s)
  JSR  -37.0 dB  BER 0.00e+00  P(det)@0.05 power_one_sided 0.336 power_two_sided 0.432 kurtosis 0.039 spec_cnn 0.135  (5s)
  JSR  -36.0 dB  BER 0.00e+00  P(det)@0.05 power_one_sided 0.383 power_two_sided 0.510 kurtosis 0.070 spec_cnn 0.150  (5s)
  JSR  -35.0 dB  BER 0.00e+00  P(det)@0.05 power_one_sided 0.352 power_two_sided 0.512 kurtosis 0.045 spec_cnn 0.158  (6s)
  JSR  -34.0 dB  BER 0.00e+00  P(det)@0.05 power_one_sided 0.428 power_two_sided 0.576 kurtosis 0.055 spec_cnn 0.160  (6s)
  JSR  -33.0 dB  BER 0.00e+00  P(det)@0.05 power_one_sided 0.451 power_two_sided 0.617 kurtosis 0.057 spec_cnn 0.203  (7s)
  JSR  -32.0 dB  BER 0.00e+00  P(det)@0.05 power_one_sided 0.518 power_two_sided 0.689 kurtosis 0.061 spec_cnn 0.232  (7s)
  JSR  -31.0 dB  BER 0.00e+00  P(det)@0.05 power_one_sided 0.506 power_two_sided 0.699 kurtosis 0.055 spec_cnn 0.221  (7s)
  JSR  -30.0 dB  BER 0.00e+00  P(det)@0.05 power_one_sided 0.561 power_two_sided 0.736 kurtosis 0.035 spec_cnn 0.363  (8s)
  JSR  -29.0 dB  BER 0.00e+00  P(det)@0.05 power_one_sided 0.625 power_two_sided 0.811 kurtosis 0.029 spec_cnn 0.393  (8s)
  JSR  -28.0 dB  BER 0.00e+00  P(det)@0.05 power_one_sided 0.625 power_two_sided 0.773 kurtosis 0.053 spec_cnn 0.469  (9s)
  JSR  -27.0 dB  BER 0.00e+00  P(det)@0.05 power_one_sided 0.707 power_two_sided 0.863 kurtosis 0.049 spec_cnn 0.537  (9s)
  JSR  -26.0 dB  BER 0.00e+00  P(det)@0.05 power_one_sided 0.686 power_two_sided 0.861 kurtosis 0.055 spec_cnn 0.629  (9s)
  JSR  -25.0 dB  BER 0.00e+00  P(det)@0.05 power_one_sided 0.721 power_two_sided 0.865 kurtosis 0.047 spec_cnn 0.707  (10s)
  JSR  -24.0 dB  BER 0.00e+00  P(det)@0.05 power_one_sided 0.764 power_two_sided 0.896 kurtosis 0.039 spec_cnn 0.748  (10s)
  JSR  -23.0 dB  BER 0.00e+00  P(det)@0.05 power_one_sided 0.811 power_two_sided 0.904 kurtosis 0.057 spec_cnn 0.859  (10s)
  JSR  -22.0 dB  BER 2.67e-04  P(det)@0.05 power_one_sided 0.826 power_two_sided 0.914 kurtosis 0.084 spec_cnn 0.885  (11s)
  JSR  -21.0 dB  BER 6.18e-04  P(det)@0.05 power_one_sided 0.875 power_two_sided 0.947 kurtosis 0.102 spec_cnn 0.918  (11s)
  JSR  -20.0 dB  BER 1.12e-03  P(det)@0.05 power_one_sided 0.904 power_two_sided 0.967 kurtosis 0.111 spec_cnn 0.947  (12s)
  JSR  -19.0 dB  BER 1.52e-03  P(det)@0.05 power_one_sided 0.934 power_two_sided 0.965 kurtosis 0.205 spec_cnn 0.982  (12s)
  JSR  -18.0 dB  BER 1.96e-03  P(det)@0.05 power_one_sided 0.965 power_two_sided 0.982 kurtosis 0.271 spec_cnn 0.986  (12s)
  JSR  -17.0 dB  BER 2.33e-03  P(det)@0.05 power_one_sided 0.975 power_two_sided 0.986 kurtosis 0.387 spec_cnn 0.990  (13s)
  JSR  -16.0 dB  BER 2.93e-03  P(det)@0.05 power_one_sided 0.988 power_two_sided 0.998 kurtosis 0.484 spec_cnn 1.000  (13s)
  JSR  -15.0 dB  BER 2.98e-03  P(det)@0.05 power_one_sided 0.996 power_two_sided 0.998 kurtosis 0.684 spec_cnn 1.000  (13s)
  JSR  -14.0 dB  BER 3.33e-03  P(det)@0.05 power_one_sided 0.998 power_two_sided 1.000 kurtosis 0.785 spec_cnn 1.000  (14s)
  JSR  -13.0 dB  BER 3.58e-03  P(det)@0.05 power_one_sided 0.998 power_two_sided 1.000 kurtosis 0.910 spec_cnn 1.000  (14s)
  JSR  -12.0 dB  BER 4.12e-03  P(det)@0.05 power_one_sided 1.000 power_two_sided 1.000 kurtosis 0.965 spec_cnn 1.000  (14s)
  JSR  -11.0 dB  BER 4.53e-03  P(det)@0.05 power_one_sided 1.000 power_two_sided 1.000 kurtosis 0.986 spec_cnn 1.000  (15s)
  JSR  -10.0 dB  BER 4.49e-03  P(det)@0.05 power_one_sided 1.000 power_two_sided 1.000 kurtosis 0.998 spec_cnn 1.000  (15s)
  JSR   -9.0 dB  BER 5.11e-03  P(det)@0.05 power_one_sided 1.000 power_two_sided 1.000 kurtosis 1.000 spec_cnn 1.000  (16s)
  JSR   -8.0 dB  BER 5.23e-03  P(det)@0.05 power_one_sided 1.000 power_two_sided 1.000 kurtosis 1.000 spec_cnn 1.000  (16s)
  JSR   -7.0 dB  BER 5.74e-03  P(det)@0.05 power_one_sided 1.000 power_two_sided 1.000 kurtosis 1.000 spec_cnn 1.000  (16s)
  JSR   -6.0 dB  BER 6.86e-03  P(det)@0.05 power_one_sided 1.000 power_two_sided 1.000 kurtosis 1.000 spec_cnn 1.000  (17s)
  JSR   -5.0 dB  BER 7.93e-03  P(det)@0.05 power_one_sided 1.000 power_two_sided 1.000 kurtosis 1.000 spec_cnn 1.000  (17s)
  JSR   -4.0 dB  BER 9.90e-03  P(det)@0.05 power_one_sided 1.000 power_two_sided 1.000 kurtosis 1.000 spec_cnn 1.000  (17s)
  JSR   -3.0 dB  BER 1.26e-02  P(det)@0.05 power_one_sided 1.000 power_two_sided 1.000 kurtosis 1.000 spec_cnn 1.000  (18s)
  JSR   -2.0 dB  BER 1.70e-02  P(det)@0.05 power_one_sided 1.000 power_two_sided 1.000 kurtosis 1.000 spec_cnn 1.000  (18s)
  JSR   -1.0 dB  BER 2.35e-02  P(det)@0.05 power_one_sided 1.000 power_two_sided 1.000 kurtosis 1.000 spec_cnn 1.000  (19s)
  JSR   +0.0 dB  BER 3.39e-02  P(det)@0.05 power_one_sided 1.000 power_two_sided 1.000 kurtosis 1.000 spec_cnn 1.000  (19s)
  JSR   +1.0 dB  BER 4.56e-02  P(det)@0.05 power_one_sided 1.000 power_two_sided 1.000 kurtosis 1.000 spec_cnn 1.000  (19s)
  JSR   +2.0 dB  BER 6.34e-02  P(det)@0.05 power_one_sided 1.000 power_two_sided 1.000 kurtosis 1.000 spec_cnn 1.000  (20s)
  JSR   +3.0 dB  BER 7.91e-02  P(det)@0.05 power_one_sided 1.000 power_two_sided 1.000 kurtosis 1.000 spec_cnn 1.000  (20s)
  JSR   +4.0 dB  BER 1.07e-01  P(det)@0.05 power_one_sided 1.000 power_two_sided 1.000 kurtosis 1.000 spec_cnn 1.000  (20s)
  JSR   +5.0 dB  BER 1.30e-01  P(det)@0.05 power_one_sided 1.000 power_two_sided 1.000 kurtosis 1.000 spec_cnn 1.000  (21s)
  JSR   +6.0 dB  BER 1.57e-01  P(det)@0.05 power_one_sided 1.000 power_two_sided 1.000 kurtosis 1.000 spec_cnn 1.000  (21s)
  JSR   +7.0 dB  BER 1.84e-01  P(det)@0.05 power_one_sided 1.000 power_two_sided 1.000 kurtosis 1.000 spec_cnn 1.000  (22s)
  JSR   +8.0 dB  BER 2.11e-01  P(det)@0.05 power_one_sided 1.000 power_two_sided 1.000 kurtosis 1.000 spec_cnn 1.000  (22s)
  JSR   +9.0 dB  BER 2.34e-01  P(det)@0.05 power_one_sided 1.000 power_two_sided 1.000 kurtosis 1.000 spec_cnn 1.000  (22s)
  JSR  +10.0 dB  BER 2.59e-01  P(det)@0.05 power_one_sided 1.000 power_two_sided 1.000 kurtosis 1.000 spec_cnn 1.000  (23s)
  JSR  +11.0 dB  BER 2.84e-01  P(det)@0.05 power_one_sided 1.000 power_two_sided 1.000 kurtosis 1.000 spec_cnn 1.000  (23s)
  JSR  +12.0 dB  BER 3.03e-01  P(det)@0.05 power_one_sided 1.000 power_two_sided 1.000 kurtosis 1.000 spec_cnn 1.000  (23s)
  JSR  +13.0 dB  BER 3.21e-01  P(det)@0.05 power_one_sided 1.000 power_two_sided 1.000 kurtosis 1.000 spec_cnn 1.000  (24s)
  JSR  +14.0 dB  BER 3.41e-01  P(det)@0.05 power_one_sided 1.000 power_two_sided 1.000 kurtosis 1.000 spec_cnn 1.000  (24s)
  JSR  +15.0 dB  BER 3.54e-01  P(det)@0.05 power_one_sided 1.000 power_two_sided 1.000 kurtosis 1.000 spec_cnn 1.000  (24s)
  [snr_35] kurtosis_b1 confirmed: {"power_one_sided": {"0.01": {"index": 0, "sweep_ber": 0.0, "sweep_pdet": 0.01171875, "confirmed_ber": 0.0, "confirmed_ser": 0.0, "confirmed_pdet": 0.01806640625, "passed": false}, "0.05": {"index": 0, "sweep_ber": 0.0, "sweep_pdet": 0.05859375, "confirmed_ber": 0.0, "confirmed_ser": 0.0, "confirmed_pdet": 0.07373046875, "passed": false}}, "power_two_sided": {"0.01": {"index": 0, "sweep_ber": 0.0, "sweep_pdet": 0.015625, "confirmed_ber": 0.0, "confirmed_ser": 0.0, "confirmed_pdet": 0.02392578125, "passed": false}, "0.05": {"index": 0, "sweep_ber": 0.0, "sweep_pdet": 0.04296875, "confirmed_ber": 0.0, "confirmed_ser": 0.0, "confirmed_pdet": 0.07470703125, "passed": false}}, "kurtosis": {"0.01": {"index": 0, "sweep_ber": 0.0, "sweep_pdet": 0.015625, "confirmed_ber": 0.0, "confirmed_ser": 0.0, "confirmed_pdet": 0.005126953125, "passed": true}, "0.05": {"index": 0, "sweep_ber": 0.0, "sweep_pdet": 0.052734375, "confirmed_ber": 0.0, "confirmed_ser": 0.0, "confirmed_pdet": 0.0498046875, "passed": true}}, "spec_cnn": {"0.01": {"index": 0, "sweep_ber": 0.0, "sweep_pdet": 0.0078125, "confirmed_ber": 0.0, "confirmed_ser": 0.0, "confirmed_pdet": 0.009033203125, "passed": true}, "0.05": {"index": 0, "sweep_ber": 0.0, "sweep_pdet": 0.041015625, "confirmed_ber": 0.0, "confirmed_ser": 0.0, "confirmed_pdet": 0.048583984375, "passed": true}}}  (832s)
  [snr_35] generator kurtosis_b10 (scale 0.4022)
  JSR  -50.0 dB  BER 0.00e+00  P(det)@0.05 power_one_sided 0.055 power_two_sided 0.055 kurtosis 0.039 spec_cnn 0.047  (0s)
  JSR  -49.0 dB  BER 0.00e+00  P(det)@0.05 power_one_sided 0.080 power_two_sided 0.084 kurtosis 0.041 spec_cnn 0.061  (1s)
  JSR  -48.0 dB  BER 0.00e+00  P(det)@0.05 power_one_sided 0.070 power_two_sided 0.076 kurtosis 0.057 spec_cnn 0.055  (1s)
  JSR  -47.0 dB  BER 0.00e+00  P(det)@0.05 power_one_sided 0.078 power_two_sided 0.109 kurtosis 0.045 spec_cnn 0.059  (1s)
  JSR  -46.0 dB  BER 0.00e+00  P(det)@0.05 power_one_sided 0.107 power_two_sided 0.123 kurtosis 0.039 spec_cnn 0.041  (2s)
  JSR  -45.0 dB  BER 0.00e+00  P(det)@0.05 power_one_sided 0.121 power_two_sided 0.137 kurtosis 0.059 spec_cnn 0.070  (2s)
  JSR  -44.0 dB  BER 0.00e+00  P(det)@0.05 power_one_sided 0.102 power_two_sided 0.141 kurtosis 0.041 spec_cnn 0.049  (3s)
  JSR  -43.0 dB  BER 0.00e+00  P(det)@0.05 power_one_sided 0.164 power_two_sided 0.188 kurtosis 0.051 spec_cnn 0.053  (3s)
  JSR  -42.0 dB  BER 0.00e+00  P(det)@0.05 power_one_sided 0.152 power_two_sided 0.191 kurtosis 0.053 spec_cnn 0.068  (3s)
  JSR  -41.0 dB  BER 0.00e+00  P(det)@0.05 power_one_sided 0.186 power_two_sided 0.238 kurtosis 0.041 spec_cnn 0.055  (4s)
  JSR  -40.0 dB  BER 0.00e+00  P(det)@0.05 power_one_sided 0.242 power_two_sided 0.299 kurtosis 0.053 spec_cnn 0.051  (4s)
  JSR  -39.0 dB  BER 0.00e+00  P(det)@0.05 power_one_sided 0.281 power_two_sided 0.354 kurtosis 0.037 spec_cnn 0.062  (4s)
  JSR  -38.0 dB  BER 0.00e+00  P(det)@0.05 power_one_sided 0.240 power_two_sided 0.354 kurtosis 0.053 spec_cnn 0.061  (5s)
  JSR  -37.0 dB  BER 0.00e+00  P(det)@0.05 power_one_sided 0.316 power_two_sided 0.447 kurtosis 0.055 spec_cnn 0.104  (5s)
  JSR  -36.0 dB  BER 0.00e+00  P(det)@0.05 power_one_sided 0.340 power_two_sided 0.477 kurtosis 0.053 spec_cnn 0.080  (5s)
  JSR  -35.0 dB  BER 0.00e+00  P(det)@0.05 power_one_sided 0.367 power_two_sided 0.508 kurtosis 0.057 spec_cnn 0.121  (6s)
  JSR  -34.0 dB  BER 0.00e+00  P(det)@0.05 power_one_sided 0.451 power_two_sided 0.625 kurtosis 0.037 spec_cnn 0.129  (6s)
  JSR  -33.0 dB  BER 0.00e+00  P(det)@0.05 power_one_sided 0.438 power_two_sided 0.633 kurtosis 0.051 spec_cnn 0.160  (6s)
  JSR  -32.0 dB  BER 0.00e+00  P(det)@0.05 power_one_sided 0.512 power_two_sided 0.672 kurtosis 0.041 spec_cnn 0.178  (7s)
  JSR  -31.0 dB  BER 0.00e+00  P(det)@0.05 power_one_sided 0.506 power_two_sided 0.689 kurtosis 0.047 spec_cnn 0.242  (7s)
  JSR  -30.0 dB  BER 0.00e+00  P(det)@0.05 power_one_sided 0.541 power_two_sided 0.727 kurtosis 0.041 spec_cnn 0.264  (8s)
  JSR  -29.0 dB  BER 0.00e+00  P(det)@0.05 power_one_sided 0.609 power_two_sided 0.789 kurtosis 0.051 spec_cnn 0.338  (8s)
  JSR  -28.0 dB  BER 0.00e+00  P(det)@0.05 power_one_sided 0.625 power_two_sided 0.807 kurtosis 0.057 spec_cnn 0.395  (8s)
  JSR  -27.0 dB  BER 0.00e+00  P(det)@0.05 power_one_sided 0.631 power_two_sided 0.809 kurtosis 0.068 spec_cnn 0.443  (9s)
  JSR  -26.0 dB  BER 0.00e+00  P(det)@0.05 power_one_sided 0.709 power_two_sided 0.861 kurtosis 0.059 spec_cnn 0.574  (9s)
  JSR  -25.0 dB  BER 0.00e+00  P(det)@0.05 power_one_sided 0.721 power_two_sided 0.842 kurtosis 0.068 spec_cnn 0.666  (9s)
  JSR  -24.0 dB  BER 0.00e+00  P(det)@0.05 power_one_sided 0.766 power_two_sided 0.879 kurtosis 0.041 spec_cnn 0.727  (10s)
  JSR  -23.0 dB  BER 1.53e-05  P(det)@0.05 power_one_sided 0.805 power_two_sided 0.918 kurtosis 0.061 spec_cnn 0.801  (10s)
  JSR  -22.0 dB  BER 3.59e-04  P(det)@0.05 power_one_sided 0.842 power_two_sided 0.936 kurtosis 0.078 spec_cnn 0.871  (11s)
  JSR  -21.0 dB  BER 8.24e-04  P(det)@0.05 power_one_sided 0.885 power_two_sided 0.943 kurtosis 0.096 spec_cnn 0.895  (11s)
  JSR  -20.0 dB  BER 1.24e-03  P(det)@0.05 power_one_sided 0.902 power_two_sided 0.959 kurtosis 0.121 spec_cnn 0.949  (11s)
  JSR  -19.0 dB  BER 1.44e-03  P(det)@0.05 power_one_sided 0.926 power_two_sided 0.979 kurtosis 0.246 spec_cnn 0.973  (12s)
  JSR  -18.0 dB  BER 2.14e-03  P(det)@0.05 power_one_sided 0.959 power_two_sided 0.984 kurtosis 0.271 spec_cnn 0.986  (12s)
  JSR  -17.0 dB  BER 2.48e-03  P(det)@0.05 power_one_sided 0.975 power_two_sided 0.986 kurtosis 0.391 spec_cnn 0.992  (12s)
  JSR  -16.0 dB  BER 2.82e-03  P(det)@0.05 power_one_sided 0.988 power_two_sided 0.994 kurtosis 0.500 spec_cnn 1.000  (13s)
  JSR  -15.0 dB  BER 3.05e-03  P(det)@0.05 power_one_sided 0.998 power_two_sided 0.998 kurtosis 0.682 spec_cnn 1.000  (13s)
  JSR  -14.0 dB  BER 3.49e-03  P(det)@0.05 power_one_sided 1.000 power_two_sided 1.000 kurtosis 0.771 spec_cnn 1.000  (14s)
  JSR  -13.0 dB  BER 3.88e-03  P(det)@0.05 power_one_sided 1.000 power_two_sided 1.000 kurtosis 0.924 spec_cnn 1.000  (14s)
  JSR  -12.0 dB  BER 4.08e-03  P(det)@0.05 power_one_sided 1.000 power_two_sided 1.000 kurtosis 0.980 spec_cnn 1.000  (14s)
  JSR  -11.0 dB  BER 4.44e-03  P(det)@0.05 power_one_sided 1.000 power_two_sided 1.000 kurtosis 0.994 spec_cnn 1.000  (15s)
  JSR  -10.0 dB  BER 4.65e-03  P(det)@0.05 power_one_sided 1.000 power_two_sided 1.000 kurtosis 0.998 spec_cnn 1.000  (15s)
  JSR   -9.0 dB  BER 4.92e-03  P(det)@0.05 power_one_sided 1.000 power_two_sided 1.000 kurtosis 1.000 spec_cnn 1.000  (15s)
  JSR   -8.0 dB  BER 5.45e-03  P(det)@0.05 power_one_sided 1.000 power_two_sided 1.000 kurtosis 1.000 spec_cnn 1.000  (16s)
  JSR   -7.0 dB  BER 6.39e-03  P(det)@0.05 power_one_sided 1.000 power_two_sided 1.000 kurtosis 1.000 spec_cnn 1.000  (16s)
  JSR   -6.0 dB  BER 7.57e-03  P(det)@0.05 power_one_sided 1.000 power_two_sided 1.000 kurtosis 1.000 spec_cnn 1.000  (16s)
  JSR   -5.0 dB  BER 8.87e-03  P(det)@0.05 power_one_sided 1.000 power_two_sided 1.000 kurtosis 1.000 spec_cnn 1.000  (17s)
  JSR   -4.0 dB  BER 1.00e-02  P(det)@0.05 power_one_sided 1.000 power_two_sided 1.000 kurtosis 1.000 spec_cnn 1.000  (17s)
  JSR   -3.0 dB  BER 1.28e-02  P(det)@0.05 power_one_sided 1.000 power_two_sided 1.000 kurtosis 1.000 spec_cnn 1.000  (18s)
  JSR   -2.0 dB  BER 1.47e-02  P(det)@0.05 power_one_sided 1.000 power_two_sided 1.000 kurtosis 1.000 spec_cnn 1.000  (18s)
  JSR   -1.0 dB  BER 2.15e-02  P(det)@0.05 power_one_sided 1.000 power_two_sided 1.000 kurtosis 1.000 spec_cnn 1.000  (18s)
  JSR   +0.0 dB  BER 3.14e-02  P(det)@0.05 power_one_sided 1.000 power_two_sided 1.000 kurtosis 1.000 spec_cnn 1.000  (19s)
  JSR   +1.0 dB  BER 4.08e-02  P(det)@0.05 power_one_sided 1.000 power_two_sided 1.000 kurtosis 1.000 spec_cnn 1.000  (19s)
  JSR   +2.0 dB  BER 5.42e-02  P(det)@0.05 power_one_sided 1.000 power_two_sided 1.000 kurtosis 1.000 spec_cnn 1.000  (19s)
  JSR   +3.0 dB  BER 7.57e-02  P(det)@0.05 power_one_sided 1.000 power_two_sided 1.000 kurtosis 1.000 spec_cnn 1.000  (20s)
  JSR   +4.0 dB  BER 9.32e-02  P(det)@0.05 power_one_sided 1.000 power_two_sided 1.000 kurtosis 1.000 spec_cnn 1.000  (20s)
  JSR   +5.0 dB  BER 1.18e-01  P(det)@0.05 power_one_sided 1.000 power_two_sided 1.000 kurtosis 1.000 spec_cnn 1.000  (20s)
  JSR   +6.0 dB  BER 1.49e-01  P(det)@0.05 power_one_sided 1.000 power_two_sided 1.000 kurtosis 1.000 spec_cnn 1.000  (21s)
  JSR   +7.0 dB  BER 1.70e-01  P(det)@0.05 power_one_sided 1.000 power_two_sided 1.000 kurtosis 1.000 spec_cnn 1.000  (21s)
  JSR   +8.0 dB  BER 2.02e-01  P(det)@0.05 power_one_sided 1.000 power_two_sided 1.000 kurtosis 1.000 spec_cnn 1.000  (22s)
  JSR   +9.0 dB  BER 2.25e-01  P(det)@0.05 power_one_sided 1.000 power_two_sided 1.000 kurtosis 1.000 spec_cnn 1.000  (22s)
  JSR  +10.0 dB  BER 2.51e-01  P(det)@0.05 power_one_sided 1.000 power_two_sided 1.000 kurtosis 1.000 spec_cnn 1.000  (22s)
  JSR  +11.0 dB  BER 2.72e-01  P(det)@0.05 power_one_sided 1.000 power_two_sided 1.000 kurtosis 1.000 spec_cnn 1.000  (23s)
  JSR  +12.0 dB  BER 2.97e-01  P(det)@0.05 power_one_sided 1.000 power_two_sided 1.000 kurtosis 1.000 spec_cnn 1.000  (23s)
  JSR  +13.0 dB  BER 3.18e-01  P(det)@0.05 power_one_sided 1.000 power_two_sided 1.000 kurtosis 1.000 spec_cnn 1.000  (23s)
  JSR  +14.0 dB  BER 3.36e-01  P(det)@0.05 power_one_sided 1.000 power_two_sided 1.000 kurtosis 1.000 spec_cnn 1.000  (24s)
  JSR  +15.0 dB  BER 3.55e-01  P(det)@0.05 power_one_sided 1.000 power_two_sided 1.000 kurtosis 1.000 spec_cnn 1.000  (24s)
  [snr_35] kurtosis_b10 confirmed: {"power_one_sided": {"0.01": {"index": 0, "sweep_ber": 0.0, "sweep_pdet": 0.009765625, "confirmed_ber": 0.0, "confirmed_ser": 0.0, "confirmed_pdet": 0.017333984375, "passed": false}, "0.05": {"index": 0, "sweep_ber": 0.0, "sweep_pdet": 0.0546875, "confirmed_ber": 0.0, "confirmed_ser": 0.0, "confirmed_pdet": 0.0703125, "passed": false}}, "power_two_sided": {"0.01": {"index": 0, "sweep_ber": 0.0, "sweep_pdet": 0.01171875, "confirmed_ber": 0.0, "confirmed_ser": 0.0, "confirmed_pdet": 0.020263671875, "passed": false}, "0.05": {"index": 0, "sweep_ber": 0.0, "sweep_pdet": 0.0546875, "confirmed_ber": 0.0, "confirmed_ser": 0.0, "confirmed_pdet": 0.067138671875, "passed": false}}, "kurtosis": {"0.01": {"index": 27, "sweep_ber": 1.52587890625e-05, "sweep_pdet": 0.017578125, "confirmed_ber": 1.71661376953125e-05, "confirmed_ser": 3.4332275390625e-05, "confirmed_pdet": 0.01416015625, "passed": false}, "0.05": {"index": 27, "sweep_ber": 1.52587890625e-05, "sweep_pdet": 0.060546875, "confirmed_ber": 1.52587890625e-05, "confirmed_ser": 3.0517578125e-05, "confirmed_pdet": 0.05908203125, "passed": false}}, "spec_cnn": {"0.01": {"index": 0, "sweep_ber": 0.0, "sweep_pdet": 0.009765625, "confirmed_ber": 0.0, "confirmed_ser": 0.0, "confirmed_pdet": 0.0078125, "passed": true}, "0.05": {"index": 0, "sweep_ber": 0.0, "sweep_pdet": 0.046875, "confirmed_ber": 0.0, "confirmed_ser": 0.0, "confirmed_pdet": 0.047607421875, "passed": true}}}  (879s)
  [snr_35] generator kurtosis_b100 (scale 0.4022)
  JSR  -50.0 dB  BER 0.00e+00  P(det)@0.05 power_one_sided 0.078 power_two_sided 0.074 kurtosis 0.076 spec_cnn 0.051  (0s)
  JSR  -49.0 dB  BER 0.00e+00  P(det)@0.05 power_one_sided 0.088 power_two_sided 0.090 kurtosis 0.047 spec_cnn 0.064  (1s)
  JSR  -48.0 dB  BER 0.00e+00  P(det)@0.05 power_one_sided 0.082 power_two_sided 0.092 kurtosis 0.053 spec_cnn 0.041  (1s)
  JSR  -47.0 dB  BER 0.00e+00  P(det)@0.05 power_one_sided 0.084 power_two_sided 0.086 kurtosis 0.057 spec_cnn 0.066  (1s)
  JSR  -46.0 dB  BER 0.00e+00  P(det)@0.05 power_one_sided 0.109 power_two_sided 0.141 kurtosis 0.045 spec_cnn 0.059  (2s)
  JSR  -45.0 dB  BER 0.00e+00  P(det)@0.05 power_one_sided 0.100 power_two_sided 0.133 kurtosis 0.047 spec_cnn 0.057  (2s)
  JSR  -44.0 dB  BER 0.00e+00  P(det)@0.05 power_one_sided 0.098 power_two_sided 0.154 kurtosis 0.039 spec_cnn 0.057  (2s)
  JSR  -43.0 dB  BER 0.00e+00  P(det)@0.05 power_one_sided 0.152 power_two_sided 0.197 kurtosis 0.055 spec_cnn 0.062  (3s)
  JSR  -42.0 dB  BER 0.00e+00  P(det)@0.05 power_one_sided 0.178 power_two_sided 0.240 kurtosis 0.055 spec_cnn 0.045  (3s)
  JSR  -41.0 dB  BER 0.00e+00  P(det)@0.05 power_one_sided 0.207 power_two_sided 0.234 kurtosis 0.051 spec_cnn 0.051  (4s)
  JSR  -40.0 dB  BER 0.00e+00  P(det)@0.05 power_one_sided 0.262 power_two_sided 0.307 kurtosis 0.061 spec_cnn 0.066  (4s)
  JSR  -39.0 dB  BER 0.00e+00  P(det)@0.05 power_one_sided 0.250 power_two_sided 0.346 kurtosis 0.051 spec_cnn 0.045  (4s)
  JSR  -38.0 dB  BER 0.00e+00  P(det)@0.05 power_one_sided 0.305 power_two_sided 0.395 kurtosis 0.055 spec_cnn 0.115  (5s)
  JSR  -37.0 dB  BER 0.00e+00  P(det)@0.05 power_one_sided 0.330 power_two_sided 0.443 kurtosis 0.043 spec_cnn 0.080  (5s)
  JSR  -36.0 dB  BER 0.00e+00  P(det)@0.05 power_one_sided 0.398 power_two_sided 0.518 kurtosis 0.051 spec_cnn 0.100  (5s)
  JSR  -35.0 dB  BER 0.00e+00  P(det)@0.05 power_one_sided 0.424 power_two_sided 0.529 kurtosis 0.055 spec_cnn 0.113  (6s)
  JSR  -34.0 dB  BER 0.00e+00  P(det)@0.05 power_one_sided 0.447 power_two_sided 0.588 kurtosis 0.059 spec_cnn 0.148  (6s)
  JSR  -33.0 dB  BER 0.00e+00  P(det)@0.05 power_one_sided 0.438 power_two_sided 0.604 kurtosis 0.059 spec_cnn 0.137  (6s)
  JSR  -32.0 dB  BER 0.00e+00  P(det)@0.05 power_one_sided 0.477 power_two_sided 0.656 kurtosis 0.047 spec_cnn 0.184  (7s)
  JSR  -31.0 dB  BER 0.00e+00  P(det)@0.05 power_one_sided 0.537 power_two_sided 0.725 kurtosis 0.045 spec_cnn 0.225  (7s)
  JSR  -30.0 dB  BER 0.00e+00  P(det)@0.05 power_one_sided 0.566 power_two_sided 0.766 kurtosis 0.039 spec_cnn 0.297  (8s)
  JSR  -29.0 dB  BER 0.00e+00  P(det)@0.05 power_one_sided 0.576 power_two_sided 0.746 kurtosis 0.033 spec_cnn 0.332  (8s)
  JSR  -28.0 dB  BER 0.00e+00  P(det)@0.05 power_one_sided 0.609 power_two_sided 0.783 kurtosis 0.045 spec_cnn 0.387  (8s)
  JSR  -27.0 dB  BER 0.00e+00  P(det)@0.05 power_one_sided 0.650 power_two_sided 0.826 kurtosis 0.033 spec_cnn 0.463  (9s)
  JSR  -26.0 dB  BER 0.00e+00  P(det)@0.05 power_one_sided 0.707 power_two_sided 0.844 kurtosis 0.053 spec_cnn 0.564  (9s)
  JSR  -25.0 dB  BER 0.00e+00  P(det)@0.05 power_one_sided 0.738 power_two_sided 0.859 kurtosis 0.059 spec_cnn 0.600  (9s)
  JSR  -24.0 dB  BER 0.00e+00  P(det)@0.05 power_one_sided 0.756 power_two_sided 0.891 kurtosis 0.062 spec_cnn 0.748  (10s)
  JSR  -23.0 dB  BER 3.81e-05  P(det)@0.05 power_one_sided 0.787 power_two_sided 0.908 kurtosis 0.059 spec_cnn 0.793  (10s)
  JSR  -22.0 dB  BER 5.34e-04  P(det)@0.05 power_one_sided 0.830 power_two_sided 0.912 kurtosis 0.086 spec_cnn 0.842  (10s)
  JSR  -21.0 dB  BER 8.47e-04  P(det)@0.05 power_one_sided 0.887 power_two_sided 0.926 kurtosis 0.105 spec_cnn 0.918  (11s)
  JSR  -20.0 dB  BER 1.30e-03  P(det)@0.05 power_one_sided 0.934 power_two_sided 0.953 kurtosis 0.131 spec_cnn 0.938  (11s)
  JSR  -19.0 dB  BER 1.61e-03  P(det)@0.05 power_one_sided 0.947 power_two_sided 0.967 kurtosis 0.197 spec_cnn 0.961  (12s)
  JSR  -18.0 dB  BER 2.09e-03  P(det)@0.05 power_one_sided 0.977 power_two_sided 0.988 kurtosis 0.309 spec_cnn 0.988  (12s)
  JSR  -17.0 dB  BER 2.53e-03  P(det)@0.05 power_one_sided 0.990 power_two_sided 0.994 kurtosis 0.369 spec_cnn 0.996  (12s)
  JSR  -16.0 dB  BER 2.76e-03  P(det)@0.05 power_one_sided 0.994 power_two_sided 0.996 kurtosis 0.527 spec_cnn 0.996  (13s)
  JSR  -15.0 dB  BER 3.03e-03  P(det)@0.05 power_one_sided 0.996 power_two_sided 0.998 kurtosis 0.648 spec_cnn 0.998  (13s)
  JSR  -14.0 dB  BER 3.52e-03  P(det)@0.05 power_one_sided 1.000 power_two_sided 1.000 kurtosis 0.789 spec_cnn 1.000  (13s)
  JSR  -13.0 dB  BER 3.78e-03  P(det)@0.05 power_one_sided 1.000 power_two_sided 1.000 kurtosis 0.918 spec_cnn 1.000  (14s)
  JSR  -12.0 dB  BER 4.13e-03  P(det)@0.05 power_one_sided 1.000 power_two_sided 1.000 kurtosis 0.977 spec_cnn 1.000  (14s)
  JSR  -11.0 dB  BER 4.30e-03  P(det)@0.05 power_one_sided 1.000 power_two_sided 1.000 kurtosis 0.996 spec_cnn 1.000  (14s)
  JSR  -10.0 dB  BER 4.81e-03  P(det)@0.05 power_one_sided 1.000 power_two_sided 1.000 kurtosis 1.000 spec_cnn 1.000  (15s)
  JSR   -9.0 dB  BER 4.95e-03  P(det)@0.05 power_one_sided 1.000 power_two_sided 1.000 kurtosis 1.000 spec_cnn 1.000  (15s)
  JSR   -8.0 dB  BER 5.68e-03  P(det)@0.05 power_one_sided 1.000 power_two_sided 1.000 kurtosis 1.000 spec_cnn 1.000  (16s)
  JSR   -7.0 dB  BER 6.39e-03  P(det)@0.05 power_one_sided 1.000 power_two_sided 1.000 kurtosis 1.000 spec_cnn 1.000  (16s)
  JSR   -6.0 dB  BER 7.62e-03  P(det)@0.05 power_one_sided 1.000 power_two_sided 1.000 kurtosis 1.000 spec_cnn 1.000  (16s)
  JSR   -5.0 dB  BER 8.07e-03  P(det)@0.05 power_one_sided 1.000 power_two_sided 1.000 kurtosis 1.000 spec_cnn 1.000  (17s)
  JSR   -4.0 dB  BER 8.83e-03  P(det)@0.05 power_one_sided 1.000 power_two_sided 1.000 kurtosis 1.000 spec_cnn 1.000  (17s)
  JSR   -3.0 dB  BER 1.07e-02  P(det)@0.05 power_one_sided 1.000 power_two_sided 1.000 kurtosis 1.000 spec_cnn 1.000  (17s)
  JSR   -2.0 dB  BER 1.33e-02  P(det)@0.05 power_one_sided 1.000 power_two_sided 1.000 kurtosis 1.000 spec_cnn 1.000  (18s)
  JSR   -1.0 dB  BER 1.73e-02  P(det)@0.05 power_one_sided 1.000 power_two_sided 1.000 kurtosis 1.000 spec_cnn 1.000  (18s)
  JSR   +0.0 dB  BER 2.38e-02  P(det)@0.05 power_one_sided 1.000 power_two_sided 1.000 kurtosis 1.000 spec_cnn 1.000  (18s)
  JSR   +1.0 dB  BER 3.27e-02  P(det)@0.05 power_one_sided 1.000 power_two_sided 1.000 kurtosis 1.000 spec_cnn 1.000  (19s)
  JSR   +2.0 dB  BER 4.60e-02  P(det)@0.05 power_one_sided 1.000 power_two_sided 1.000 kurtosis 1.000 spec_cnn 1.000  (19s)
  JSR   +3.0 dB  BER 6.34e-02  P(det)@0.05 power_one_sided 1.000 power_two_sided 1.000 kurtosis 1.000 spec_cnn 1.000  (20s)
  JSR   +4.0 dB  BER 8.39e-02  P(det)@0.05 power_one_sided 1.000 power_two_sided 1.000 kurtosis 1.000 spec_cnn 1.000  (20s)
  JSR   +5.0 dB  BER 1.03e-01  P(det)@0.05 power_one_sided 1.000 power_two_sided 1.000 kurtosis 1.000 spec_cnn 1.000  (20s)
  JSR   +6.0 dB  BER 1.27e-01  P(det)@0.05 power_one_sided 1.000 power_two_sided 1.000 kurtosis 1.000 spec_cnn 1.000  (21s)
  JSR   +7.0 dB  BER 1.52e-01  P(det)@0.05 power_one_sided 1.000 power_two_sided 1.000 kurtosis 1.000 spec_cnn 1.000  (21s)
  JSR   +8.0 dB  BER 1.84e-01  P(det)@0.05 power_one_sided 1.000 power_two_sided 1.000 kurtosis 1.000 spec_cnn 1.000  (21s)
  JSR   +9.0 dB  BER 2.06e-01  P(det)@0.05 power_one_sided 1.000 power_two_sided 1.000 kurtosis 1.000 spec_cnn 1.000  (22s)
  JSR  +10.0 dB  BER 2.35e-01  P(det)@0.05 power_one_sided 1.000 power_two_sided 1.000 kurtosis 1.000 spec_cnn 1.000  (22s)
  JSR  +11.0 dB  BER 2.57e-01  P(det)@0.05 power_one_sided 1.000 power_two_sided 1.000 kurtosis 1.000 spec_cnn 1.000  (22s)
  JSR  +12.0 dB  BER 2.80e-01  P(det)@0.05 power_one_sided 1.000 power_two_sided 1.000 kurtosis 1.000 spec_cnn 1.000  (23s)
  JSR  +13.0 dB  BER 2.99e-01  P(det)@0.05 power_one_sided 1.000 power_two_sided 1.000 kurtosis 1.000 spec_cnn 1.000  (23s)
  JSR  +14.0 dB  BER 3.21e-01  P(det)@0.05 power_one_sided 1.000 power_two_sided 1.000 kurtosis 1.000 spec_cnn 1.000  (24s)
  JSR  +15.0 dB  BER 3.41e-01  P(det)@0.05 power_one_sided 1.000 power_two_sided 1.000 kurtosis 1.000 spec_cnn 1.000  (24s)
  [snr_35] kurtosis_b100 confirmed: {"power_one_sided": {"0.01": {"index": 0, "sweep_ber": 0.0, "sweep_pdet": 0.017578125, "confirmed_ber": 0.0, "confirmed_ser": 0.0, "confirmed_pdet": 0.01904296875, "passed": false}, "0.05": null}, "power_two_sided": {"0.01": null, "0.05": null}, "kurtosis": {"0.01": {"index": 28, "sweep_ber": 0.0005340576171875, "sweep_pdet": 0.017578125, "confirmed_ber": 0.00038051605224609375, "confirmed_ser": 0.0007610321044921875, "confirmed_pdet": 0.017578125, "passed": false}, "0.05": {"index": 27, "sweep_ber": 3.814697265625e-05, "sweep_pdet": 0.05859375, "confirmed_ber": 3.337860107421875e-05, "confirmed_ser": 6.67572021484375e-05, "confirmed_pdet": 0.061767578125, "passed": false}}, "spec_cnn": {"0.01": {"index": 0, "sweep_ber": 0.0, "sweep_pdet": 0.009765625, "confirmed_ber": 0.0, "confirmed_ser": 0.0, "confirmed_pdet": 0.008544921875, "passed": true}, "0.05": {"index": 0, "sweep_ber": 0.0, "sweep_pdet": 0.05078125, "confirmed_ber": 0.0, "confirmed_ser": 0.0, "confirmed_pdet": 0.050048828125, "passed": true}}}  (918s)
  [snr_35] generator kurtosis_b1000 (scale 0.4022)
  JSR  -50.0 dB  BER 0.00e+00  P(det)@0.05 power_one_sided 0.057 power_two_sided 0.076 kurtosis 0.061 spec_cnn 0.047  (0s)
  JSR  -49.0 dB  BER 0.00e+00  P(det)@0.05 power_one_sided 0.072 power_two_sided 0.074 kurtosis 0.055 spec_cnn 0.061  (1s)
  JSR  -48.0 dB  BER 0.00e+00  P(det)@0.05 power_one_sided 0.076 power_two_sided 0.076 kurtosis 0.043 spec_cnn 0.057  (1s)
  JSR  -47.0 dB  BER 0.00e+00  P(det)@0.05 power_one_sided 0.076 power_two_sided 0.100 kurtosis 0.059 spec_cnn 0.076  (1s)
  JSR  -46.0 dB  BER 0.00e+00  P(det)@0.05 power_one_sided 0.098 power_two_sided 0.107 kurtosis 0.059 spec_cnn 0.076  (2s)
  JSR  -45.0 dB  BER 0.00e+00  P(det)@0.05 power_one_sided 0.121 power_two_sided 0.125 kurtosis 0.029 spec_cnn 0.080  (2s)
  JSR  -44.0 dB  BER 0.00e+00  P(det)@0.05 power_one_sided 0.129 power_two_sided 0.135 kurtosis 0.051 spec_cnn 0.078  (2s)
  JSR  -43.0 dB  BER 0.00e+00  P(det)@0.05 power_one_sided 0.133 power_two_sided 0.170 kurtosis 0.051 spec_cnn 0.090  (3s)
  JSR  -42.0 dB  BER 0.00e+00  P(det)@0.05 power_one_sided 0.168 power_two_sided 0.197 kurtosis 0.059 spec_cnn 0.146  (3s)
  JSR  -41.0 dB  BER 0.00e+00  P(det)@0.05 power_one_sided 0.170 power_two_sided 0.252 kurtosis 0.035 spec_cnn 0.164  (3s)
  JSR  -40.0 dB  BER 0.00e+00  P(det)@0.05 power_one_sided 0.182 power_two_sided 0.232 kurtosis 0.057 spec_cnn 0.209  (4s)
  JSR  -39.0 dB  BER 0.00e+00  P(det)@0.05 power_one_sided 0.219 power_two_sided 0.312 kurtosis 0.051 spec_cnn 0.324  (4s)
  JSR  -38.0 dB  BER 0.00e+00  P(det)@0.05 power_one_sided 0.223 power_two_sided 0.309 kurtosis 0.051 spec_cnn 0.383  (5s)
  JSR  -37.0 dB  BER 0.00e+00  P(det)@0.05 power_one_sided 0.275 power_two_sided 0.373 kurtosis 0.049 spec_cnn 0.473  (5s)
  JSR  -36.0 dB  BER 0.00e+00  P(det)@0.05 power_one_sided 0.367 power_two_sided 0.461 kurtosis 0.057 spec_cnn 0.564  (5s)
  JSR  -35.0 dB  BER 0.00e+00  P(det)@0.05 power_one_sided 0.379 power_two_sided 0.471 kurtosis 0.045 spec_cnn 0.615  (6s)
  JSR  -34.0 dB  BER 0.00e+00  P(det)@0.05 power_one_sided 0.379 power_two_sided 0.506 kurtosis 0.072 spec_cnn 0.688  (6s)
  JSR  -33.0 dB  BER 0.00e+00  P(det)@0.05 power_one_sided 0.424 power_two_sided 0.555 kurtosis 0.043 spec_cnn 0.773  (6s)
  JSR  -32.0 dB  BER 0.00e+00  P(det)@0.05 power_one_sided 0.430 power_two_sided 0.594 kurtosis 0.043 spec_cnn 0.844  (7s)
  JSR  -31.0 dB  BER 0.00e+00  P(det)@0.05 power_one_sided 0.527 power_two_sided 0.689 kurtosis 0.049 spec_cnn 0.889  (7s)
  JSR  -30.0 dB  BER 0.00e+00  P(det)@0.05 power_one_sided 0.547 power_two_sided 0.725 kurtosis 0.049 spec_cnn 0.900  (7s)
  JSR  -29.0 dB  BER 0.00e+00  P(det)@0.05 power_one_sided 0.543 power_two_sided 0.701 kurtosis 0.051 spec_cnn 0.932  (8s)
  JSR  -28.0 dB  BER 0.00e+00  P(det)@0.05 power_one_sided 0.609 power_two_sided 0.760 kurtosis 0.041 spec_cnn 0.963  (8s)
  JSR  -27.0 dB  BER 0.00e+00  P(det)@0.05 power_one_sided 0.670 power_two_sided 0.812 kurtosis 0.047 spec_cnn 0.984  (9s)
  JSR  -26.0 dB  BER 0.00e+00  P(det)@0.05 power_one_sided 0.697 power_two_sided 0.846 kurtosis 0.043 spec_cnn 0.984  (9s)
  JSR  -25.0 dB  BER 0.00e+00  P(det)@0.05 power_one_sided 0.738 power_two_sided 0.867 kurtosis 0.033 spec_cnn 0.988  (9s)
  JSR  -24.0 dB  BER 0.00e+00  P(det)@0.05 power_one_sided 0.771 power_two_sided 0.881 kurtosis 0.047 spec_cnn 0.996  (10s)
  JSR  -23.0 dB  BER 0.00e+00  P(det)@0.05 power_one_sided 0.840 power_two_sided 0.930 kurtosis 0.037 spec_cnn 0.998  (10s)
  JSR  -22.0 dB  BER 0.00e+00  P(det)@0.05 power_one_sided 0.865 power_two_sided 0.951 kurtosis 0.037 spec_cnn 0.998  (10s)
  JSR  -21.0 dB  BER 0.00e+00  P(det)@0.05 power_one_sided 0.893 power_two_sided 0.959 kurtosis 0.047 spec_cnn 0.998  (11s)
  JSR  -20.0 dB  BER 0.00e+00  P(det)@0.05 power_one_sided 0.924 power_two_sided 0.959 kurtosis 0.047 spec_cnn 1.000  (11s)
  JSR  -19.0 dB  BER 0.00e+00  P(det)@0.05 power_one_sided 0.955 power_two_sided 0.979 kurtosis 0.061 spec_cnn 1.000  (11s)
  JSR  -18.0 dB  BER 0.00e+00  P(det)@0.05 power_one_sided 0.965 power_two_sided 0.982 kurtosis 0.027 spec_cnn 1.000  (12s)
  JSR  -17.0 dB  BER 0.00e+00  P(det)@0.05 power_one_sided 0.984 power_two_sided 0.996 kurtosis 0.061 spec_cnn 1.000  (12s)
  JSR  -16.0 dB  BER 0.00e+00  P(det)@0.05 power_one_sided 0.988 power_two_sided 0.996 kurtosis 0.045 spec_cnn 1.000  (13s)
  JSR  -15.0 dB  BER 3.81e-05  P(det)@0.05 power_one_sided 1.000 power_two_sided 1.000 kurtosis 0.053 spec_cnn 1.000  (13s)
  JSR  -14.0 dB  BER 7.63e-06  P(det)@0.05 power_one_sided 0.998 power_two_sided 1.000 kurtosis 0.047 spec_cnn 1.000  (13s)
  JSR  -13.0 dB  BER 6.10e-05  P(det)@0.05 power_one_sided 1.000 power_two_sided 1.000 kurtosis 0.061 spec_cnn 1.000  (14s)
  JSR  -12.0 dB  BER 4.27e-04  P(det)@0.05 power_one_sided 1.000 power_two_sided 1.000 kurtosis 0.082 spec_cnn 1.000  (14s)
  JSR  -11.0 dB  BER 9.61e-04  P(det)@0.05 power_one_sided 1.000 power_two_sided 1.000 kurtosis 0.090 spec_cnn 1.000  (14s)
  JSR  -10.0 dB  BER 2.46e-03  P(det)@0.05 power_one_sided 1.000 power_two_sided 1.000 kurtosis 0.111 spec_cnn 1.000  (15s)
  JSR   -9.0 dB  BER 4.68e-03  P(det)@0.05 power_one_sided 1.000 power_two_sided 1.000 kurtosis 0.158 spec_cnn 1.000  (15s)
  JSR   -8.0 dB  BER 9.15e-03  P(det)@0.05 power_one_sided 1.000 power_two_sided 1.000 kurtosis 0.164 spec_cnn 1.000  (15s)
  JSR   -7.0 dB  BER 1.55e-02  P(det)@0.05 power_one_sided 1.000 power_two_sided 1.000 kurtosis 0.277 spec_cnn 1.000  (16s)
  JSR   -6.0 dB  BER 2.40e-02  P(det)@0.05 power_one_sided 1.000 power_two_sided 1.000 kurtosis 0.410 spec_cnn 1.000  (16s)
  JSR   -5.0 dB  BER 3.37e-02  P(det)@0.05 power_one_sided 1.000 power_two_sided 1.000 kurtosis 0.459 spec_cnn 1.000  (17s)
  JSR   -4.0 dB  BER 4.34e-02  P(det)@0.05 power_one_sided 1.000 power_two_sided 1.000 kurtosis 0.662 spec_cnn 1.000  (17s)
  JSR   -3.0 dB  BER 5.36e-02  P(det)@0.05 power_one_sided 1.000 power_two_sided 1.000 kurtosis 0.773 spec_cnn 1.000  (17s)
  JSR   -2.0 dB  BER 6.25e-02  P(det)@0.05 power_one_sided 1.000 power_two_sided 1.000 kurtosis 0.914 spec_cnn 1.000  (18s)
  JSR   -1.0 dB  BER 7.54e-02  P(det)@0.05 power_one_sided 1.000 power_two_sided 1.000 kurtosis 0.938 spec_cnn 1.000  (18s)
  JSR   +0.0 dB  BER 8.92e-02  P(det)@0.05 power_one_sided 1.000 power_two_sided 1.000 kurtosis 0.977 spec_cnn 1.000  (18s)
  JSR   +1.0 dB  BER 1.06e-01  P(det)@0.05 power_one_sided 1.000 power_two_sided 1.000 kurtosis 0.984 spec_cnn 1.000  (19s)
  JSR   +2.0 dB  BER 1.25e-01  P(det)@0.05 power_one_sided 1.000 power_two_sided 1.000 kurtosis 0.996 spec_cnn 1.000  (19s)
  JSR   +3.0 dB  BER 1.49e-01  P(det)@0.05 power_one_sided 1.000 power_two_sided 1.000 kurtosis 0.994 spec_cnn 1.000  (19s)
  JSR   +4.0 dB  BER 1.78e-01  P(det)@0.05 power_one_sided 1.000 power_two_sided 1.000 kurtosis 1.000 spec_cnn 1.000  (20s)
  JSR   +5.0 dB  BER 1.98e-01  P(det)@0.05 power_one_sided 1.000 power_two_sided 1.000 kurtosis 1.000 spec_cnn 1.000  (20s)
  JSR   +6.0 dB  BER 2.25e-01  P(det)@0.05 power_one_sided 1.000 power_two_sided 1.000 kurtosis 1.000 spec_cnn 1.000  (21s)
  JSR   +7.0 dB  BER 2.54e-01  P(det)@0.05 power_one_sided 1.000 power_two_sided 1.000 kurtosis 0.996 spec_cnn 1.000  (21s)
  JSR   +8.0 dB  BER 2.77e-01  P(det)@0.05 power_one_sided 1.000 power_two_sided 1.000 kurtosis 1.000 spec_cnn 1.000  (21s)
  JSR   +9.0 dB  BER 2.99e-01  P(det)@0.05 power_one_sided 1.000 power_two_sided 1.000 kurtosis 1.000 spec_cnn 1.000  (22s)
  JSR  +10.0 dB  BER 3.19e-01  P(det)@0.05 power_one_sided 1.000 power_two_sided 1.000 kurtosis 1.000 spec_cnn 1.000  (22s)
  JSR  +11.0 dB  BER 3.40e-01  P(det)@0.05 power_one_sided 1.000 power_two_sided 1.000 kurtosis 1.000 spec_cnn 1.000  (22s)
  JSR  +12.0 dB  BER 3.60e-01  P(det)@0.05 power_one_sided 1.000 power_two_sided 1.000 kurtosis 1.000 spec_cnn 1.000  (23s)
  JSR  +13.0 dB  BER 3.69e-01  P(det)@0.05 power_one_sided 1.000 power_two_sided 1.000 kurtosis 1.000 spec_cnn 1.000  (23s)
  JSR  +14.0 dB  BER 3.84e-01  P(det)@0.05 power_one_sided 1.000 power_two_sided 1.000 kurtosis 1.000 spec_cnn 1.000  (23s)
  JSR  +15.0 dB  BER 3.95e-01  P(det)@0.05 power_one_sided 1.000 power_two_sided 1.000 kurtosis 1.000 spec_cnn 1.000  (24s)
  [snr_35] kurtosis_b1000 confirmed: {"power_one_sided": {"0.01": null, "0.05": {"index": 0, "sweep_ber": 0.0, "sweep_pdet": 0.056640625, "confirmed_ber": 0.0, "confirmed_ser": 0.0, "confirmed_pdet": 0.06689453125, "passed": false}}, "power_two_sided": {"0.01": null, "0.05": null}, "kurtosis": {"0.01": {"index": 37, "sweep_ber": 6.103515625e-05, "sweep_pdet": 0.015625, "confirmed_ber": 6.67572021484375e-05, "confirmed_ser": 0.000133514404296875, "confirmed_pdet": 0.0185546875, "passed": false}, "0.05": {"index": 37, "sweep_ber": 6.103515625e-05, "sweep_pdet": 0.060546875, "confirmed_ber": 6.389617919921875e-05, "confirmed_ser": 0.000125885009765625, "confirmed_pdet": 0.068115234375, "passed": false}}, "spec_cnn": {"0.01": {"index": 0, "sweep_ber": 0.0, "sweep_pdet": 0.0078125, "confirmed_ber": 0.0, "confirmed_ser": 0.0, "confirmed_pdet": 0.0126953125, "passed": true}, "0.05": {"index": 0, "sweep_ber": 0.0, "sweep_pdet": 0.046875, "confirmed_ber": 0.0, "confirmed_ser": 0.0, "confirmed_pdet": 0.05419921875, "passed": true}}}  (956s)
  [snr_35] generator spec_cnn_b1 (scale 0.4022)
  JSR  -50.0 dB  BER 0.00e+00  P(det)@0.05 power_one_sided 0.086 power_two_sided 0.070 kurtosis 0.053 spec_cnn 0.057  (0s)
  JSR  -49.0 dB  BER 0.00e+00  P(det)@0.05 power_one_sided 0.082 power_two_sided 0.076 kurtosis 0.049 spec_cnn 0.076  (1s)
  JSR  -48.0 dB  BER 0.00e+00  P(det)@0.05 power_one_sided 0.074 power_two_sided 0.094 kurtosis 0.057 spec_cnn 0.049  (1s)
  JSR  -47.0 dB  BER 0.00e+00  P(det)@0.05 power_one_sided 0.080 power_two_sided 0.086 kurtosis 0.057 spec_cnn 0.053  (1s)
  JSR  -46.0 dB  BER 0.00e+00  P(det)@0.05 power_one_sided 0.109 power_two_sided 0.100 kurtosis 0.045 spec_cnn 0.062  (2s)
  JSR  -45.0 dB  BER 0.00e+00  P(det)@0.05 power_one_sided 0.129 power_two_sided 0.123 kurtosis 0.084 spec_cnn 0.051  (2s)
  JSR  -44.0 dB  BER 0.00e+00  P(det)@0.05 power_one_sided 0.119 power_two_sided 0.146 kurtosis 0.051 spec_cnn 0.082  (2s)
  JSR  -43.0 dB  BER 0.00e+00  P(det)@0.05 power_one_sided 0.166 power_two_sided 0.215 kurtosis 0.057 spec_cnn 0.080  (3s)
  JSR  -42.0 dB  BER 0.00e+00  P(det)@0.05 power_one_sided 0.158 power_two_sided 0.213 kurtosis 0.041 spec_cnn 0.068  (3s)
  JSR  -41.0 dB  BER 0.00e+00  P(det)@0.05 power_one_sided 0.207 power_two_sided 0.250 kurtosis 0.057 spec_cnn 0.100  (4s)
  JSR  -40.0 dB  BER 0.00e+00  P(det)@0.05 power_one_sided 0.250 power_two_sided 0.314 kurtosis 0.043 spec_cnn 0.092  (4s)
  JSR  -39.0 dB  BER 0.00e+00  P(det)@0.05 power_one_sided 0.250 power_two_sided 0.338 kurtosis 0.045 spec_cnn 0.090  (4s)
  JSR  -38.0 dB  BER 0.00e+00  P(det)@0.05 power_one_sided 0.312 power_two_sided 0.408 kurtosis 0.049 spec_cnn 0.100  (5s)
  JSR  -37.0 dB  BER 0.00e+00  P(det)@0.05 power_one_sided 0.326 power_two_sided 0.480 kurtosis 0.051 spec_cnn 0.107  (5s)
  JSR  -36.0 dB  BER 0.00e+00  P(det)@0.05 power_one_sided 0.338 power_two_sided 0.490 kurtosis 0.051 spec_cnn 0.117  (5s)
  JSR  -35.0 dB  BER 0.00e+00  P(det)@0.05 power_one_sided 0.430 power_two_sided 0.598 kurtosis 0.029 spec_cnn 0.141  (6s)
  JSR  -34.0 dB  BER 0.00e+00  P(det)@0.05 power_one_sided 0.426 power_two_sided 0.582 kurtosis 0.070 spec_cnn 0.125  (6s)
  JSR  -33.0 dB  BER 0.00e+00  P(det)@0.05 power_one_sided 0.453 power_two_sided 0.623 kurtosis 0.039 spec_cnn 0.148  (6s)
  JSR  -32.0 dB  BER 0.00e+00  P(det)@0.05 power_one_sided 0.535 power_two_sided 0.684 kurtosis 0.049 spec_cnn 0.164  (7s)
  JSR  -31.0 dB  BER 0.00e+00  P(det)@0.05 power_one_sided 0.525 power_two_sided 0.732 kurtosis 0.062 spec_cnn 0.164  (7s)
  JSR  -30.0 dB  BER 0.00e+00  P(det)@0.05 power_one_sided 0.570 power_two_sided 0.746 kurtosis 0.053 spec_cnn 0.244  (7s)
  JSR  -29.0 dB  BER 0.00e+00  P(det)@0.05 power_one_sided 0.559 power_two_sided 0.779 kurtosis 0.062 spec_cnn 0.242  (8s)
  JSR  -28.0 dB  BER 0.00e+00  P(det)@0.05 power_one_sided 0.658 power_two_sided 0.812 kurtosis 0.031 spec_cnn 0.273  (8s)
  JSR  -27.0 dB  BER 0.00e+00  P(det)@0.05 power_one_sided 0.670 power_two_sided 0.842 kurtosis 0.041 spec_cnn 0.322  (9s)
  JSR  -26.0 dB  BER 0.00e+00  P(det)@0.05 power_one_sided 0.713 power_two_sided 0.855 kurtosis 0.061 spec_cnn 0.414  (9s)
  JSR  -25.0 dB  BER 0.00e+00  P(det)@0.05 power_one_sided 0.732 power_two_sided 0.887 kurtosis 0.047 spec_cnn 0.441  (9s)
  JSR  -24.0 dB  BER 0.00e+00  P(det)@0.05 power_one_sided 0.748 power_two_sided 0.895 kurtosis 0.043 spec_cnn 0.564  (10s)
  JSR  -23.0 dB  BER 2.06e-04  P(det)@0.05 power_one_sided 0.809 power_two_sided 0.896 kurtosis 0.080 spec_cnn 0.631  (10s)
  JSR  -22.0 dB  BER 7.10e-04  P(det)@0.05 power_one_sided 0.875 power_two_sided 0.945 kurtosis 0.092 spec_cnn 0.732  (10s)
  JSR  -21.0 dB  BER 1.26e-03  P(det)@0.05 power_one_sided 0.889 power_two_sided 0.947 kurtosis 0.131 spec_cnn 0.750  (11s)
  JSR  -20.0 dB  BER 1.50e-03  P(det)@0.05 power_one_sided 0.924 power_two_sided 0.938 kurtosis 0.160 spec_cnn 0.836  (11s)
  JSR  -19.0 dB  BER 1.93e-03  P(det)@0.05 power_one_sided 0.963 power_two_sided 0.975 kurtosis 0.230 spec_cnn 0.889  (11s)
  JSR  -18.0 dB  BER 2.34e-03  P(det)@0.05 power_one_sided 0.992 power_two_sided 0.994 kurtosis 0.354 spec_cnn 0.918  (12s)
  JSR  -17.0 dB  BER 2.81e-03  P(det)@0.05 power_one_sided 0.992 power_two_sided 0.998 kurtosis 0.480 spec_cnn 0.953  (12s)
  JSR  -16.0 dB  BER 3.13e-03  P(det)@0.05 power_one_sided 0.992 power_two_sided 0.994 kurtosis 0.566 spec_cnn 0.967  (13s)
  JSR  -15.0 dB  BER 3.41e-03  P(det)@0.05 power_one_sided 1.000 power_two_sided 1.000 kurtosis 0.713 spec_cnn 0.980  (13s)
  JSR  -14.0 dB  BER 3.72e-03  P(det)@0.05 power_one_sided 1.000 power_two_sided 1.000 kurtosis 0.893 spec_cnn 0.996  (13s)
  JSR  -13.0 dB  BER 4.04e-03  P(det)@0.05 power_one_sided 1.000 power_two_sided 1.000 kurtosis 0.963 spec_cnn 1.000  (14s)
  JSR  -12.0 dB  BER 4.26e-03  P(det)@0.05 power_one_sided 1.000 power_two_sided 1.000 kurtosis 0.996 spec_cnn 1.000  (14s)
  JSR  -11.0 dB  BER 4.61e-03  P(det)@0.05 power_one_sided 1.000 power_two_sided 1.000 kurtosis 0.998 spec_cnn 1.000  (14s)
  JSR  -10.0 dB  BER 4.84e-03  P(det)@0.05 power_one_sided 1.000 power_two_sided 1.000 kurtosis 1.000 spec_cnn 1.000  (15s)
  JSR   -9.0 dB  BER 5.10e-03  P(det)@0.05 power_one_sided 1.000 power_two_sided 1.000 kurtosis 1.000 spec_cnn 1.000  (15s)
  JSR   -8.0 dB  BER 5.81e-03  P(det)@0.05 power_one_sided 1.000 power_two_sided 1.000 kurtosis 1.000 spec_cnn 1.000  (15s)
  JSR   -7.0 dB  BER 6.58e-03  P(det)@0.05 power_one_sided 1.000 power_two_sided 1.000 kurtosis 1.000 spec_cnn 1.000  (16s)
  JSR   -6.0 dB  BER 6.83e-03  P(det)@0.05 power_one_sided 1.000 power_two_sided 1.000 kurtosis 1.000 spec_cnn 1.000  (16s)
  JSR   -5.0 dB  BER 7.94e-03  P(det)@0.05 power_one_sided 1.000 power_two_sided 1.000 kurtosis 1.000 spec_cnn 1.000  (16s)
  JSR   -4.0 dB  BER 8.56e-03  P(det)@0.05 power_one_sided 1.000 power_two_sided 1.000 kurtosis 1.000 spec_cnn 1.000  (17s)
  JSR   -3.0 dB  BER 9.32e-03  P(det)@0.05 power_one_sided 1.000 power_two_sided 1.000 kurtosis 1.000 spec_cnn 1.000  (17s)
  JSR   -2.0 dB  BER 1.05e-02  P(det)@0.05 power_one_sided 1.000 power_two_sided 1.000 kurtosis 1.000 spec_cnn 1.000  (17s)
  JSR   -1.0 dB  BER 1.17e-02  P(det)@0.05 power_one_sided 1.000 power_two_sided 1.000 kurtosis 1.000 spec_cnn 1.000  (18s)
  JSR   +0.0 dB  BER 1.35e-02  P(det)@0.05 power_one_sided 1.000 power_two_sided 1.000 kurtosis 1.000 spec_cnn 1.000  (18s)
  JSR   +1.0 dB  BER 1.54e-02  P(det)@0.05 power_one_sided 1.000 power_two_sided 1.000 kurtosis 1.000 spec_cnn 1.000  (19s)
  JSR   +2.0 dB  BER 2.03e-02  P(det)@0.05 power_one_sided 1.000 power_two_sided 1.000 kurtosis 1.000 spec_cnn 1.000  (19s)
  JSR   +3.0 dB  BER 2.77e-02  P(det)@0.05 power_one_sided 1.000 power_two_sided 1.000 kurtosis 1.000 spec_cnn 1.000  (19s)
  JSR   +4.0 dB  BER 3.79e-02  P(det)@0.05 power_one_sided 1.000 power_two_sided 1.000 kurtosis 1.000 spec_cnn 1.000  (20s)
  JSR   +5.0 dB  BER 4.94e-02  P(det)@0.05 power_one_sided 1.000 power_two_sided 1.000 kurtosis 1.000 spec_cnn 1.000  (20s)
  JSR   +6.0 dB  BER 6.99e-02  P(det)@0.05 power_one_sided 1.000 power_two_sided 1.000 kurtosis 1.000 spec_cnn 1.000  (20s)
  JSR   +7.0 dB  BER 8.49e-02  P(det)@0.05 power_one_sided 1.000 power_two_sided 1.000 kurtosis 1.000 spec_cnn 1.000  (21s)
  JSR   +8.0 dB  BER 1.11e-01  P(det)@0.05 power_one_sided 1.000 power_two_sided 1.000 kurtosis 1.000 spec_cnn 1.000  (21s)
  JSR   +9.0 dB  BER 1.34e-01  P(det)@0.05 power_one_sided 1.000 power_two_sided 1.000 kurtosis 1.000 spec_cnn 1.000  (21s)
  JSR  +10.0 dB  BER 1.59e-01  P(det)@0.05 power_one_sided 1.000 power_two_sided 1.000 kurtosis 1.000 spec_cnn 1.000  (22s)
  JSR  +11.0 dB  BER 1.87e-01  P(det)@0.05 power_one_sided 1.000 power_two_sided 1.000 kurtosis 1.000 spec_cnn 1.000  (22s)
  JSR  +12.0 dB  BER 2.12e-01  P(det)@0.05 power_one_sided 1.000 power_two_sided 1.000 kurtosis 1.000 spec_cnn 1.000  (22s)
  JSR  +13.0 dB  BER 2.37e-01  P(det)@0.05 power_one_sided 1.000 power_two_sided 1.000 kurtosis 1.000 spec_cnn 1.000  (23s)
  JSR  +14.0 dB  BER 2.63e-01  P(det)@0.05 power_one_sided 1.000 power_two_sided 1.000 kurtosis 1.000 spec_cnn 1.000  (23s)
  JSR  +15.0 dB  BER 2.84e-01  P(det)@0.05 power_one_sided 1.000 power_two_sided 1.000 kurtosis 1.000 spec_cnn 1.000  (23s)
  [snr_35] spec_cnn_b1 confirmed: {"power_one_sided": {"0.01": {"index": 0, "sweep_ber": 0.0, "sweep_pdet": 0.017578125, "confirmed_ber": 0.0, "confirmed_ser": 0.0, "confirmed_pdet": 0.018798828125, "passed": false}, "0.05": null}, "power_two_sided": {"0.01": {"index": 0, "sweep_ber": 0.0, "sweep_pdet": 0.017578125, "confirmed_ber": 0.0, "confirmed_ser": 0.0, "confirmed_pdet": 0.022705078125, "passed": false}, "0.05": null}, "kurtosis": {"0.01": {"index": 27, "sweep_ber": 0.00020599365234375, "sweep_pdet": 0.01171875, "confirmed_ber": 0.000202178955078125, "confirmed_ser": 0.00040435791015625, "confirmed_pdet": 0.0166015625, "passed": false}, "0.05": {"index": 0, "sweep_ber": 0.0, "sweep_pdet": 0.052734375, "confirmed_ber": 0.0, "confirmed_ser": 0.0, "confirmed_pdet": 0.0478515625, "passed": true}}, "spec_cnn": {"0.01": {"index": 0, "sweep_ber": 0.0, "sweep_pdet": 0.005859375, "confirmed_ber": 0.0, "confirmed_ser": 0.0, "confirmed_pdet": 0.00927734375, "passed": true}, "0.05": {"index": 0, "sweep_ber": 0.0, "sweep_pdet": 0.056640625, "confirmed_ber": 0.0, "confirmed_ser": 0.0, "confirmed_pdet": 0.0478515625, "passed": true}}}  (996s)
  [snr_35] generator spec_cnn_b10 (scale 0.4022)
    JSR  -50.0 dB  BER 0.00e+00  P(det)@0.05 power_one_sided 0.078 power_two_sided 0.084 kurtosis 0.047 spec_cnn 0.061  (0s)
    JSR  -49.0 dB  BER 0.00e+00  P(det)@0.05 power_one_sided 0.078 power_two_sided 0.072 kurtosis 0.051 spec_cnn 0.057  (1s)
    JSR  -48.0 dB  BER 0.00e+00  P(det)@0.05 power_one_sided 0.059 power_two_sided 0.086 kurtosis 0.053 spec_cnn 0.045  (1s)
    JSR  -47.0 dB  BER 0.00e+00  P(det)@0.05 power_one_sided 0.068 power_two_sided 0.092 kurtosis 0.051 spec_cnn 0.051  (1s)
    JSR  -46.0 dB  BER 0.00e+00  P(det)@0.05 power_one_sided 0.064 power_two_sided 0.074 kurtosis 0.045 spec_cnn 0.033  (2s)
    JSR  -45.0 dB  BER 0.00e+00  P(det)@0.05 power_one_sided 0.098 power_two_sided 0.139 kurtosis 0.043 spec_cnn 0.049  (2s)
    JSR  -44.0 dB  BER 0.00e+00  P(det)@0.05 power_one_sided 0.146 power_two_sided 0.172 kurtosis 0.061 spec_cnn 0.072  (3s)
    JSR  -43.0 dB  BER 0.00e+00  P(det)@0.05 power_one_sided 0.148 power_two_sided 0.176 kurtosis 0.031 spec_cnn 0.051  (3s)
    JSR  -42.0 dB  BER 0.00e+00  P(det)@0.05 power_one_sided 0.143 power_two_sided 0.182 kurtosis 0.047 spec_cnn 0.066  (3s)
    JSR  -41.0 dB  BER 0.00e+00  P(det)@0.05 power_one_sided 0.227 power_two_sided 0.246 kurtosis 0.041 spec_cnn 0.066  (4s)
    JSR  -40.0 dB  BER 0.00e+00  P(det)@0.05 power_one_sided 0.207 power_two_sided 0.262 kurtosis 0.059 spec_cnn 0.053  (4s)
    JSR  -39.0 dB  BER 0.00e+00  P(det)@0.05 power_one_sided 0.232 power_two_sided 0.330 kurtosis 0.057 spec_cnn 0.068  (4s)
    JSR  -38.0 dB  BER 0.00e+00  P(det)@0.05 power_one_sided 0.260 power_two_sided 0.359 kurtosis 0.051 spec_cnn 0.094  (5s)
    JSR  -37.0 dB  BER 0.00e+00  P(det)@0.05 power_one_sided 0.271 power_two_sided 0.377 kurtosis 0.049 spec_cnn 0.070  (5s)
    JSR  -36.0 dB  BER 0.00e+00  P(det)@0.05 power_one_sided 0.299 power_two_sided 0.453 kurtosis 0.043 spec_cnn 0.070  (5s)
    JSR  -35.0 dB  BER 0.00e+00  P(det)@0.05 power_one_sided 0.355 power_two_sided 0.518 kurtosis 0.041 spec_cnn 0.111  (6s)
    JSR  -34.0 dB  BER 0.00e+00  P(det)@0.05 power_one_sided 0.430 power_two_sided 0.592 kurtosis 0.049 spec_cnn 0.096  (6s)
    JSR  -33.0 dB  BER 0.00e+00  P(det)@0.05 power_one_sided 0.373 power_two_sided 0.619 kurtosis 0.037 spec_cnn 0.152  (6s)
    JSR  -32.0 dB  BER 0.00e+00  P(det)@0.05 power_one_sided 0.410 power_two_sided 0.648 kurtosis 0.051 spec_cnn 0.182  (7s)
    JSR  -31.0 dB  BER 0.00e+00  P(det)@0.05 power_one_sided 0.482 power_two_sided 0.719 kurtosis 0.043 spec_cnn 0.203  (7s)
    JSR  -30.0 dB  BER 0.00e+00  P(det)@0.05 power_one_sided 0.457 power_two_sided 0.699 kurtosis 0.031 spec_cnn 0.213  (8s)
    JSR  -29.0 dB  BER 0.00e+00  P(det)@0.05 power_one_sided 0.486 power_two_sided 0.748 kurtosis 0.049 spec_cnn 0.271  (8s)
    JSR  -28.0 dB  BER 0.00e+00  P(det)@0.05 power_one_sided 0.498 power_two_sided 0.779 kurtosis 0.041 spec_cnn 0.391  (8s)
    JSR  -27.0 dB  BER 0.00e+00  P(det)@0.05 power_one_sided 0.541 power_two_sided 0.822 kurtosis 0.047 spec_cnn 0.412  (9s)
    JSR  -26.0 dB  BER 0.00e+00  P(det)@0.05 power_one_sided 0.617 power_two_sided 0.859 kurtosis 0.057 spec_cnn 0.541  (9s)
    JSR  -25.0 dB  BER 0.00e+00  P(det)@0.05 power_one_sided 0.605 power_two_sided 0.830 kurtosis 0.062 spec_cnn 0.650  (9s)
    JSR  -24.0 dB  BER 0.00e+00  P(det)@0.05 power_one_sided 0.576 power_two_sided 0.863 kurtosis 0.064 spec_cnn 0.742  (10s)
    JSR  -23.0 dB  BER 5.34e-05  P(det)@0.05 power_one_sided 0.662 power_two_sided 0.881 kurtosis 0.092 spec_cnn 0.811  (10s)
    JSR  -22.0 dB  BER 3.66e-04  P(det)@0.05 power_one_sided 0.691 power_two_sided 0.879 kurtosis 0.117 spec_cnn 0.854  (10s)
    JSR  -21.0 dB  BER 8.16e-04  P(det)@0.05 power_one_sided 0.703 power_two_sided 0.914 kurtosis 0.127 spec_cnn 0.912  (11s)
    JSR  -20.0 dB  BER 1.13e-03  P(det)@0.05 power_one_sided 0.732 power_two_sided 0.920 kurtosis 0.211 spec_cnn 0.969  (11s)
    JSR  -19.0 dB  BER 1.59e-03  P(det)@0.05 power_one_sided 0.775 power_two_sided 0.945 kurtosis 0.271 spec_cnn 0.990  (12s)
    JSR  -18.0 dB  BER 2.10e-03  P(det)@0.05 power_one_sided 0.824 power_two_sided 0.949 kurtosis 0.348 spec_cnn 0.994  (12s)
    JSR  -17.0 dB  BER 2.37e-03  P(det)@0.05 power_one_sided 0.855 power_two_sided 0.963 kurtosis 0.475 spec_cnn 1.000  (12s)
    JSR  -16.0 dB  BER 2.55e-03  P(det)@0.05 power_one_sided 0.912 power_two_sided 0.965 kurtosis 0.527 spec_cnn 1.000  (13s)
    JSR  -15.0 dB  BER 3.00e-03  P(det)@0.05 power_one_sided 0.928 power_two_sided 0.973 kurtosis 0.650 spec_cnn 1.000  (13s)
    JSR  -14.0 dB  BER 3.17e-03  P(det)@0.05 power_one_sided 0.977 power_two_sided 0.986 kurtosis 0.703 spec_cnn 1.000  (13s)
    JSR  -13.0 dB  BER 3.66e-03  P(det)@0.05 power_one_sided 0.988 power_two_sided 0.990 kurtosis 0.805 spec_cnn 1.000  (14s)
    JSR  -12.0 dB  BER 3.78e-03  P(det)@0.05 power_one_sided 0.998 power_two_sided 1.000 kurtosis 0.906 spec_cnn 1.000  (14s)
    JSR  -11.0 dB  BER 3.94e-03  P(det)@0.05 power_one_sided 0.998 power_two_sided 1.000 kurtosis 0.959 spec_cnn 1.000  (14s)
    JSR  -10.0 dB  BER 4.43e-03  P(det)@0.05 power_one_sided 1.000 power_two_sided 1.000 kurtosis 0.992 spec_cnn 1.000  (15s)
    JSR   -9.0 dB  BER 4.73e-03  P(det)@0.05 power_one_sided 1.000 power_two_sided 1.000 kurtosis 1.000 spec_cnn 1.000  (15s)
    JSR   -8.0 dB  BER 5.68e-03  P(det)@0.05 power_one_sided 1.000 power_two_sided 1.000 kurtosis 1.000 spec_cnn 1.000  (15s)
    JSR   -7.0 dB  BER 6.42e-03  P(det)@0.05 power_one_sided 1.000 power_two_sided 1.000 kurtosis 1.000 spec_cnn 1.000  (16s)
    JSR   -6.0 dB  BER 7.66e-03  P(det)@0.05 power_one_sided 1.000 power_two_sided 1.000 kurtosis 1.000 spec_cnn 1.000  (16s)
    JSR   -5.0 dB  BER 9.52e-03  P(det)@0.05 power_one_sided 1.000 power_two_sided 1.000 kurtosis 1.000 spec_cnn 1.000  (17s)
    JSR   -4.0 dB  BER 1.04e-02  P(det)@0.05 power_one_sided 1.000 power_two_sided 1.000 kurtosis 1.000 spec_cnn 1.000  (17s)
    JSR   -3.0 dB  BER 1.30e-02  P(det)@0.05 power_one_sided 1.000 power_two_sided 1.000 kurtosis 1.000 spec_cnn 1.000  (17s)
    JSR   -2.0 dB  BER 1.64e-02  P(det)@0.05 power_one_sided 1.000 power_two_sided 1.000 kurtosis 1.000 spec_cnn 1.000  (18s)
    JSR   -1.0 dB  BER 2.06e-02  P(det)@0.05 power_one_sided 1.000 power_two_sided 1.000 kurtosis 1.000 spec_cnn 1.000  (18s)
    JSR   +0.0 dB  BER 2.78e-02  P(det)@0.05 power_one_sided 1.000 power_two_sided 1.000 kurtosis 1.000 spec_cnn 1.000  (18s)
    JSR   +1.0 dB  BER 3.69e-02  P(det)@0.05 power_one_sided 1.000 power_two_sided 1.000 kurtosis 1.000 spec_cnn 1.000  (19s)
    JSR   +2.0 dB  BER 5.20e-02  P(det)@0.05 power_one_sided 1.000 power_two_sided 1.000 kurtosis 1.000 spec_cnn 1.000  (19s)
    JSR   +3.0 dB  BER 5.76e-02  P(det)@0.05 power_one_sided 1.000 power_two_sided 1.000 kurtosis 1.000 spec_cnn 1.000  (19s)
    JSR   +4.0 dB  BER 7.73e-02  P(det)@0.05 power_one_sided 1.000 power_two_sided 1.000 kurtosis 1.000 spec_cnn 1.000  (20s)
    JSR   +5.0 dB  BER 9.51e-02  P(det)@0.05 power_one_sided 1.000 power_two_sided 1.000 kurtosis 1.000 spec_cnn 1.000  (20s)
    JSR   +6.0 dB  BER 1.18e-01  P(det)@0.05 power_one_sided 1.000 power_two_sided 1.000 kurtosis 1.000 spec_cnn 1.000  (20s)
    JSR   +7.0 dB  BER 1.40e-01  P(det)@0.05 power_one_sided 1.000 power_two_sided 1.000 kurtosis 1.000 spec_cnn 1.000  (21s)
    JSR   +8.0 dB  BER 1.65e-01  P(det)@0.05 power_one_sided 1.000 power_two_sided 1.000 kurtosis 1.000 spec_cnn 1.000  (21s)
    JSR   +9.0 dB  BER 1.92e-01  P(det)@0.05 power_one_sided 1.000 power_two_sided 1.000 kurtosis 1.000 spec_cnn 1.000  (22s)
    JSR  +10.0 dB  BER 2.13e-01  P(det)@0.05 power_one_sided 1.000 power_two_sided 1.000 kurtosis 1.000 spec_cnn 1.000  (22s)
    JSR  +11.0 dB  BER 2.41e-01  P(det)@0.05 power_one_sided 1.000 power_two_sided 1.000 kurtosis 1.000 spec_cnn 1.000  (22s)
    JSR  +12.0 dB  BER 2.66e-01  P(det)@0.05 power_one_sided 1.000 power_two_sided 1.000 kurtosis 1.000 spec_cnn 1.000  (23s)
    JSR  +13.0 dB  BER 2.89e-01  P(det)@0.05 power_one_sided 1.000 power_two_sided 1.000 kurtosis 1.000 spec_cnn 1.000  (23s)
    JSR  +14.0 dB  BER 3.09e-01  P(det)@0.05 power_one_sided 1.000 power_two_sided 1.000 kurtosis 1.000 spec_cnn 1.000  (23s)
    JSR  +15.0 dB  BER 3.27e-01  P(det)@0.05 power_one_sided 1.000 power_two_sided 1.000 kurtosis 1.000 spec_cnn 1.000  (24s)
  [snr_35] spec_cnn_b10 confirmed: {"power_one_sided": {"0.01": {"index": 0, "sweep_ber": 0.0, "sweep_pdet": 0.013671875, "confirmed_ber": 0.0, "confirmed_ser": 0.0, "confirmed_pdet": 0.01220703125, "passed": true}, "0.05": {"index": 2, "sweep_ber": 0.0, "sweep_pdet": 0.05859375, "confirmed_ber": 0.0, "confirmed_ser": 0.0, "confirmed_pdet": 0.078369140625, "passed": false}}, "power_two_sided": {"0.01": {"index": 1, "sweep_ber": 0.0, "sweep_pdet": 0.009765625, "confirmed_ber": 0.0, "confirmed_ser": 0.0, "confirmed_pdet": 0.0244140625, "passed": false}, "0.05": null}, "kurtosis": {"0.01": {"index": 0, "sweep_ber": 0.0, "sweep_pdet": 0.0078125, "confirmed_ber": 0.0, "confirmed_ser": 0.0, "confirmed_pdet": 0.007080078125, "passed": true}, "0.05": {"index": 0, "sweep_ber": 0.0, "sweep_pdet": 0.046875, "confirmed_ber": 0.0, "confirmed_ser": 0.0, "confirmed_pdet": 0.05419921875, "passed": true}}, "spec_cnn": {"0.01": {"index": 0, "sweep_ber": 0.0, "sweep_pdet": 0.0078125, "confirmed_ber": 0.0, "confirmed_ser": 0.0, "confirmed_pdet": 0.00927734375, "passed": true}, "0.05": {"index": 0, "sweep_ber": 0.0, "sweep_pdet": 0.060546875, "confirmed_ber": 0.0, "confirmed_ser": 0.0, "confirmed_pdet": 0.045654296875, "passed": true}}}  (1041s)
  [snr_35] generator spec_cnn_b100 (scale 0.4022)
  JSR  -50.0 dB  BER 0.00e+00  P(det)@0.05 power_one_sided 0.047 power_two_sided 0.057 kurtosis 0.033 spec_cnn 0.055  (0s)
  JSR  -49.0 dB  BER 0.00e+00  P(det)@0.05 power_one_sided 0.080 power_two_sided 0.086 kurtosis 0.068 spec_cnn 0.049  (1s)
  JSR  -48.0 dB  BER 0.00e+00  P(det)@0.05 power_one_sided 0.074 power_two_sided 0.082 kurtosis 0.057 spec_cnn 0.049  (1s)
  JSR  -47.0 dB  BER 0.00e+00  P(det)@0.05 power_one_sided 0.098 power_two_sided 0.098 kurtosis 0.051 spec_cnn 0.070  (1s)
  JSR  -46.0 dB  BER 0.00e+00  P(det)@0.05 power_one_sided 0.111 power_two_sided 0.086 kurtosis 0.043 spec_cnn 0.070  (2s)
  JSR  -45.0 dB  BER 0.00e+00  P(det)@0.05 power_one_sided 0.070 power_two_sided 0.113 kurtosis 0.039 spec_cnn 0.043  (2s)
  JSR  -44.0 dB  BER 0.00e+00  P(det)@0.05 power_one_sided 0.121 power_two_sided 0.135 kurtosis 0.037 spec_cnn 0.051  (2s)
  JSR  -43.0 dB  BER 0.00e+00  P(det)@0.05 power_one_sided 0.104 power_two_sided 0.129 kurtosis 0.039 spec_cnn 0.057  (3s)
  JSR  -42.0 dB  BER 0.00e+00  P(det)@0.05 power_one_sided 0.150 power_two_sided 0.148 kurtosis 0.053 spec_cnn 0.057  (3s)
  JSR  -41.0 dB  BER 0.00e+00  P(det)@0.05 power_one_sided 0.166 power_two_sided 0.158 kurtosis 0.037 spec_cnn 0.070  (3s)
  JSR  -40.0 dB  BER 0.00e+00  P(det)@0.05 power_one_sided 0.197 power_two_sided 0.205 kurtosis 0.049 spec_cnn 0.062  (4s)
  JSR  -39.0 dB  BER 0.00e+00  P(det)@0.05 power_one_sided 0.221 power_two_sided 0.252 kurtosis 0.037 spec_cnn 0.104  (4s)
  JSR  -38.0 dB  BER 0.00e+00  P(det)@0.05 power_one_sided 0.223 power_two_sided 0.295 kurtosis 0.047 spec_cnn 0.109  (4s)
  JSR  -37.0 dB  BER 0.00e+00  P(det)@0.05 power_one_sided 0.252 power_two_sided 0.355 kurtosis 0.053 spec_cnn 0.113  (5s)
  JSR  -36.0 dB  BER 0.00e+00  P(det)@0.05 power_one_sided 0.266 power_two_sided 0.352 kurtosis 0.062 spec_cnn 0.127  (5s)
  JSR  -35.0 dB  BER 0.00e+00  P(det)@0.05 power_one_sided 0.320 power_two_sided 0.432 kurtosis 0.043 spec_cnn 0.160  (5s)
  JSR  -34.0 dB  BER 0.00e+00  P(det)@0.05 power_one_sided 0.332 power_two_sided 0.477 kurtosis 0.059 spec_cnn 0.229  (6s)
  JSR  -33.0 dB  BER 0.00e+00  P(det)@0.05 power_one_sided 0.383 power_two_sided 0.529 kurtosis 0.047 spec_cnn 0.279  (6s)
  JSR  -32.0 dB  BER 0.00e+00  P(det)@0.05 power_one_sided 0.445 power_two_sided 0.592 kurtosis 0.043 spec_cnn 0.371  (6s)
  JSR  -31.0 dB  BER 0.00e+00  P(det)@0.05 power_one_sided 0.434 power_two_sided 0.652 kurtosis 0.043 spec_cnn 0.418  (7s)
  JSR  -30.0 dB  BER 0.00e+00  P(det)@0.05 power_one_sided 0.467 power_two_sided 0.678 kurtosis 0.066 spec_cnn 0.525  (7s)
  JSR  -29.0 dB  BER 0.00e+00  P(det)@0.05 power_one_sided 0.510 power_two_sided 0.689 kurtosis 0.045 spec_cnn 0.615  (7s)
  JSR  -28.0 dB  BER 0.00e+00  P(det)@0.05 power_one_sided 0.531 power_two_sided 0.725 kurtosis 0.055 spec_cnn 0.758  (8s)
  JSR  -27.0 dB  BER 0.00e+00  P(det)@0.05 power_one_sided 0.566 power_two_sided 0.740 kurtosis 0.068 spec_cnn 0.844  (8s)
  JSR  -26.0 dB  BER 0.00e+00  P(det)@0.05 power_one_sided 0.631 power_two_sided 0.793 kurtosis 0.057 spec_cnn 0.928  (9s)
  JSR  -25.0 dB  BER 0.00e+00  P(det)@0.05 power_one_sided 0.639 power_two_sided 0.838 kurtosis 0.051 spec_cnn 0.957  (9s)
  JSR  -24.0 dB  BER 0.00e+00  P(det)@0.05 power_one_sided 0.672 power_two_sided 0.812 kurtosis 0.068 spec_cnn 0.982  (9s)
  JSR  -23.0 dB  BER 0.00e+00  P(det)@0.05 power_one_sided 0.756 power_two_sided 0.881 kurtosis 0.066 spec_cnn 1.000  (10s)
  JSR  -22.0 dB  BER 3.81e-05  P(det)@0.05 power_one_sided 0.785 power_two_sided 0.906 kurtosis 0.062 spec_cnn 0.998  (10s)
  JSR  -21.0 dB  BER 1.83e-04  P(det)@0.05 power_one_sided 0.807 power_two_sided 0.912 kurtosis 0.115 spec_cnn 1.000  (10s)
  JSR  -20.0 dB  BER 3.13e-04  P(det)@0.05 power_one_sided 0.857 power_two_sided 0.928 kurtosis 0.133 spec_cnn 1.000  (11s)
  JSR  -19.0 dB  BER 6.41e-04  P(det)@0.05 power_one_sided 0.879 power_two_sided 0.945 kurtosis 0.189 spec_cnn 1.000  (11s)
  JSR  -18.0 dB  BER 9.69e-04  P(det)@0.05 power_one_sided 0.920 power_two_sided 0.963 kurtosis 0.256 spec_cnn 1.000  (12s)
  JSR  -17.0 dB  BER 1.16e-03  P(det)@0.05 power_one_sided 0.953 power_two_sided 0.967 kurtosis 0.359 spec_cnn 1.000  (12s)
  JSR  -16.0 dB  BER 1.64e-03  P(det)@0.05 power_one_sided 0.967 power_two_sided 0.984 kurtosis 0.414 spec_cnn 1.000  (12s)
  JSR  -15.0 dB  BER 1.80e-03  P(det)@0.05 power_one_sided 0.992 power_two_sided 1.000 kurtosis 0.504 spec_cnn 1.000  (13s)
  JSR  -14.0 dB  BER 2.12e-03  P(det)@0.05 power_one_sided 0.994 power_two_sided 0.996 kurtosis 0.602 spec_cnn 1.000  (13s)
  JSR  -13.0 dB  BER 2.44e-03  P(det)@0.05 power_one_sided 1.000 power_two_sided 1.000 kurtosis 0.705 spec_cnn 1.000  (13s)
  JSR  -12.0 dB  BER 2.69e-03  P(det)@0.05 power_one_sided 1.000 power_two_sided 1.000 kurtosis 0.848 spec_cnn 1.000  (14s)
  JSR  -11.0 dB  BER 3.01e-03  P(det)@0.05 power_one_sided 1.000 power_two_sided 1.000 kurtosis 0.902 spec_cnn 1.000  (14s)
  JSR  -10.0 dB  BER 3.33e-03  P(det)@0.05 power_one_sided 1.000 power_two_sided 1.000 kurtosis 0.980 spec_cnn 1.000  (14s)
  JSR   -9.0 dB  BER 3.68e-03  P(det)@0.05 power_one_sided 1.000 power_two_sided 1.000 kurtosis 0.988 spec_cnn 1.000  (15s)
  JSR   -8.0 dB  BER 3.81e-03  P(det)@0.05 power_one_sided 1.000 power_two_sided 1.000 kurtosis 0.998 spec_cnn 1.000  (15s)
  JSR   -7.0 dB  BER 4.17e-03  P(det)@0.05 power_one_sided 1.000 power_two_sided 1.000 kurtosis 1.000 spec_cnn 1.000  (15s)
  JSR   -6.0 dB  BER 4.44e-03  P(det)@0.05 power_one_sided 1.000 power_two_sided 1.000 kurtosis 1.000 spec_cnn 1.000  (16s)
  JSR   -5.0 dB  BER 5.58e-03  P(det)@0.05 power_one_sided 1.000 power_two_sided 1.000 kurtosis 1.000 spec_cnn 1.000  (16s)
  JSR   -4.0 dB  BER 7.21e-03  P(det)@0.05 power_one_sided 1.000 power_two_sided 1.000 kurtosis 1.000 spec_cnn 1.000  (16s)
  JSR   -3.0 dB  BER 9.03e-03  P(det)@0.05 power_one_sided 1.000 power_two_sided 1.000 kurtosis 1.000 spec_cnn 1.000  (17s)
  JSR   -2.0 dB  BER 1.40e-02  P(det)@0.05 power_one_sided 1.000 power_two_sided 1.000 kurtosis 1.000 spec_cnn 1.000  (17s)
  JSR   -1.0 dB  BER 1.95e-02  P(det)@0.05 power_one_sided 1.000 power_two_sided 1.000 kurtosis 1.000 spec_cnn 1.000  (17s)
  JSR   +0.0 dB  BER 2.89e-02  P(det)@0.05 power_one_sided 1.000 power_two_sided 1.000 kurtosis 1.000 spec_cnn 1.000  (18s)
  JSR   +1.0 dB  BER 3.94e-02  P(det)@0.05 power_one_sided 1.000 power_two_sided 1.000 kurtosis 1.000 spec_cnn 1.000  (18s)
  JSR   +2.0 dB  BER 5.73e-02  P(det)@0.05 power_one_sided 1.000 power_two_sided 1.000 kurtosis 1.000 spec_cnn 1.000  (19s)
  JSR   +3.0 dB  BER 7.39e-02  P(det)@0.05 power_one_sided 1.000 power_two_sided 1.000 kurtosis 1.000 spec_cnn 1.000  (19s)
  JSR   +4.0 dB  BER 9.05e-02  P(det)@0.05 power_one_sided 1.000 power_two_sided 1.000 kurtosis 1.000 spec_cnn 1.000  (19s)
  JSR   +5.0 dB  BER 1.13e-01  P(det)@0.05 power_one_sided 1.000 power_two_sided 1.000 kurtosis 1.000 spec_cnn 1.000  (20s)
  JSR   +6.0 dB  BER 1.37e-01  P(det)@0.05 power_one_sided 1.000 power_two_sided 1.000 kurtosis 1.000 spec_cnn 1.000  (20s)
  JSR   +7.0 dB  BER 1.62e-01  P(det)@0.05 power_one_sided 1.000 power_two_sided 1.000 kurtosis 1.000 spec_cnn 1.000  (20s)
  JSR   +8.0 dB  BER 1.86e-01  P(det)@0.05 power_one_sided 1.000 power_two_sided 1.000 kurtosis 1.000 spec_cnn 1.000  (21s)
  JSR   +9.0 dB  BER 2.17e-01  P(det)@0.05 power_one_sided 1.000 power_two_sided 1.000 kurtosis 1.000 spec_cnn 1.000  (21s)
  JSR  +10.0 dB  BER 2.37e-01  P(det)@0.05 power_one_sided 1.000 power_two_sided 1.000 kurtosis 1.000 spec_cnn 1.000  (21s)
  JSR  +11.0 dB  BER 2.63e-01  P(det)@0.05 power_one_sided 1.000 power_two_sided 1.000 kurtosis 1.000 spec_cnn 1.000  (22s)
  JSR  +12.0 dB  BER 2.83e-01  P(det)@0.05 power_one_sided 1.000 power_two_sided 1.000 kurtosis 1.000 spec_cnn 1.000  (22s)
  JSR  +13.0 dB  BER 3.05e-01  P(det)@0.05 power_one_sided 1.000 power_two_sided 1.000 kurtosis 1.000 spec_cnn 1.000  (22s)
  JSR  +14.0 dB  BER 3.27e-01  P(det)@0.05 power_one_sided 1.000 power_two_sided 1.000 kurtosis 1.000 spec_cnn 1.000  (23s)
  JSR  +15.0 dB  BER 3.40e-01  P(det)@0.05 power_one_sided 1.000 power_two_sided 1.000 kurtosis 1.000 spec_cnn 1.000  (23s)
  [snr_35] spec_cnn_b100 confirmed: {"power_one_sided": {"0.01": {"index": 0, "sweep_ber": 0.0, "sweep_pdet": 0.01171875, "confirmed_ber": 0.0, "confirmed_ser": 0.0, "confirmed_pdet": 0.01708984375, "passed": false}, "0.05": {"index": 0, "sweep_ber": 0.0, "sweep_pdet": 0.046875, "confirmed_ber": 0.0, "confirmed_ser": 0.0, "confirmed_pdet": 0.06640625, "passed": false}}, "power_two_sided": {"0.01": {"index": 0, "sweep_ber": 0.0, "sweep_pdet": 0.009765625, "confirmed_ber": 0.0, "confirmed_ser": 0.0, "confirmed_pdet": 0.0166015625, "passed": false}, "0.05": {"index": 0, "sweep_ber": 0.0, "sweep_pdet": 0.056640625, "confirmed_ber": 0.0, "confirmed_ser": 0.0, "confirmed_pdet": 0.0634765625, "passed": false}}, "kurtosis": {"0.01": {"index": 0, "sweep_ber": 0.0, "sweep_pdet": 0.009765625, "confirmed_ber": 0.0, "confirmed_ser": 0.0, "confirmed_pdet": 0.00830078125, "passed": true}, "0.05": {"index": 28, "sweep_ber": 3.814697265625e-05, "sweep_pdet": 0.0625, "confirmed_ber": 2.956390380859375e-05, "confirmed_ser": 5.91278076171875e-05, "confirmed_pdet": 0.063720703125, "passed": false}}, "spec_cnn": {"0.01": {"index": 0, "sweep_ber": 0.0, "sweep_pdet": 0.009765625, "confirmed_ber": 0.0, "confirmed_ser": 0.0, "confirmed_pdet": 0.01220703125, "passed": true}, "0.05": {"index": 0, "sweep_ber": 0.0, "sweep_pdet": 0.0546875, "confirmed_ber": 0.0, "confirmed_ser": 0.0, "confirmed_pdet": 0.051025390625, "passed": true}}}  (1087s)
  [snr_35] generator spec_cnn_b1000 (scale 0.4022)
  JSR  -50.0 dB  BER 0.00e+00  P(det)@0.05 power_one_sided 0.070 power_two_sided 0.059 kurtosis 0.045 spec_cnn 0.057  (0s)
  JSR  -49.0 dB  BER 0.00e+00  P(det)@0.05 power_one_sided 0.062 power_two_sided 0.070 kurtosis 0.043 spec_cnn 0.039  (1s)
  JSR  -48.0 dB  BER 0.00e+00  P(det)@0.05 power_one_sided 0.068 power_two_sided 0.066 kurtosis 0.061 spec_cnn 0.053  (1s)
  JSR  -47.0 dB  BER 0.00e+00  P(det)@0.05 power_one_sided 0.062 power_two_sided 0.068 kurtosis 0.049 spec_cnn 0.045  (1s)
  JSR  -46.0 dB  BER 0.00e+00  P(det)@0.05 power_one_sided 0.086 power_two_sided 0.078 kurtosis 0.049 spec_cnn 0.053  (2s)
  JSR  -45.0 dB  BER 0.00e+00  P(det)@0.05 power_one_sided 0.100 power_two_sided 0.119 kurtosis 0.043 spec_cnn 0.055  (2s)
  JSR  -44.0 dB  BER 0.00e+00  P(det)@0.05 power_one_sided 0.113 power_two_sided 0.117 kurtosis 0.070 spec_cnn 0.051  (3s)
  JSR  -43.0 dB  BER 0.00e+00  P(det)@0.05 power_one_sided 0.109 power_two_sided 0.117 kurtosis 0.055 spec_cnn 0.027  (3s)
  JSR  -42.0 dB  BER 0.00e+00  P(det)@0.05 power_one_sided 0.121 power_two_sided 0.117 kurtosis 0.039 spec_cnn 0.068  (3s)
  JSR  -41.0 dB  BER 0.00e+00  P(det)@0.05 power_one_sided 0.141 power_two_sided 0.174 kurtosis 0.039 spec_cnn 0.066  (4s)
  JSR  -40.0 dB  BER 0.00e+00  P(det)@0.05 power_one_sided 0.186 power_two_sided 0.219 kurtosis 0.051 spec_cnn 0.051  (4s)
  JSR  -39.0 dB  BER 0.00e+00  P(det)@0.05 power_one_sided 0.143 power_two_sided 0.195 kurtosis 0.025 spec_cnn 0.055  (4s)
  JSR  -38.0 dB  BER 0.00e+00  P(det)@0.05 power_one_sided 0.213 power_two_sided 0.254 kurtosis 0.059 spec_cnn 0.055  (5s)
  JSR  -37.0 dB  BER 0.00e+00  P(det)@0.05 power_one_sided 0.242 power_two_sided 0.283 kurtosis 0.045 spec_cnn 0.102  (5s)
  JSR  -36.0 dB  BER 0.00e+00  P(det)@0.05 power_one_sided 0.270 power_two_sided 0.330 kurtosis 0.043 spec_cnn 0.096  (5s)
  JSR  -35.0 dB  BER 0.00e+00  P(det)@0.05 power_one_sided 0.287 power_two_sided 0.367 kurtosis 0.043 spec_cnn 0.086  (6s)
  JSR  -34.0 dB  BER 0.00e+00  P(det)@0.05 power_one_sided 0.363 power_two_sided 0.457 kurtosis 0.031 spec_cnn 0.146  (6s)
  JSR  -33.0 dB  BER 0.00e+00  P(det)@0.05 power_one_sided 0.334 power_two_sided 0.457 kurtosis 0.025 spec_cnn 0.162  (6s)
  JSR  -32.0 dB  BER 0.00e+00  P(det)@0.05 power_one_sided 0.498 power_two_sided 0.576 kurtosis 0.039 spec_cnn 0.229  (7s)
  JSR  -31.0 dB  BER 0.00e+00  P(det)@0.05 power_one_sided 0.443 power_two_sided 0.553 kurtosis 0.037 spec_cnn 0.266  (7s)
  JSR  -30.0 dB  BER 0.00e+00  P(det)@0.05 power_one_sided 0.525 power_two_sided 0.631 kurtosis 0.064 spec_cnn 0.348  (7s)
  JSR  -29.0 dB  BER 0.00e+00  P(det)@0.05 power_one_sided 0.555 power_two_sided 0.682 kurtosis 0.047 spec_cnn 0.508  (8s)
  JSR  -28.0 dB  BER 0.00e+00  P(det)@0.05 power_one_sided 0.605 power_two_sided 0.727 kurtosis 0.053 spec_cnn 0.611  (8s)
  JSR  -27.0 dB  BER 0.00e+00  P(det)@0.05 power_one_sided 0.672 power_two_sided 0.781 kurtosis 0.039 spec_cnn 0.732  (9s)
  JSR  -26.0 dB  BER 0.00e+00  P(det)@0.05 power_one_sided 0.672 power_two_sided 0.760 kurtosis 0.057 spec_cnn 0.822  (9s)
  JSR  -25.0 dB  BER 0.00e+00  P(det)@0.05 power_one_sided 0.771 power_two_sided 0.869 kurtosis 0.066 spec_cnn 0.904  (9s)
  JSR  -24.0 dB  BER 0.00e+00  P(det)@0.05 power_one_sided 0.742 power_two_sided 0.830 kurtosis 0.055 spec_cnn 0.986  (10s)
  JSR  -23.0 dB  BER 0.00e+00  P(det)@0.05 power_one_sided 0.801 power_two_sided 0.877 kurtosis 0.035 spec_cnn 0.998  (10s)
  JSR  -22.0 dB  BER 0.00e+00  P(det)@0.05 power_one_sided 0.879 power_two_sided 0.924 kurtosis 0.078 spec_cnn 1.000  (10s)
  JSR  -21.0 dB  BER 0.00e+00  P(det)@0.05 power_one_sided 0.900 power_two_sided 0.943 kurtosis 0.064 spec_cnn 1.000  (11s)
  JSR  -20.0 dB  BER 2.29e-05  P(det)@0.05 power_one_sided 0.900 power_two_sided 0.959 kurtosis 0.082 spec_cnn 1.000  (11s)
  JSR  -19.0 dB  BER 1.14e-04  P(det)@0.05 power_one_sided 0.938 power_two_sided 0.971 kurtosis 0.086 spec_cnn 1.000  (11s)
  JSR  -18.0 dB  BER 2.67e-04  P(det)@0.05 power_one_sided 0.961 power_two_sided 0.977 kurtosis 0.100 spec_cnn 1.000  (12s)
  JSR  -17.0 dB  BER 4.58e-04  P(det)@0.05 power_one_sided 0.984 power_two_sided 0.994 kurtosis 0.131 spec_cnn 1.000  (12s)
  JSR  -16.0 dB  BER 6.64e-04  P(det)@0.05 power_one_sided 0.992 power_two_sided 0.998 kurtosis 0.150 spec_cnn 1.000  (13s)
  JSR  -15.0 dB  BER 8.09e-04  P(det)@0.05 power_one_sided 0.992 power_two_sided 0.998 kurtosis 0.283 spec_cnn 1.000  (13s)
  JSR  -14.0 dB  BER 1.17e-03  P(det)@0.05 power_one_sided 0.998 power_two_sided 1.000 kurtosis 0.396 spec_cnn 1.000  (13s)
  JSR  -13.0 dB  BER 1.28e-03  P(det)@0.05 power_one_sided 1.000 power_two_sided 1.000 kurtosis 0.559 spec_cnn 1.000  (14s)
  JSR  -12.0 dB  BER 1.43e-03  P(det)@0.05 power_one_sided 1.000 power_two_sided 1.000 kurtosis 0.744 spec_cnn 1.000  (14s)
  JSR  -11.0 dB  BER 1.73e-03  P(det)@0.05 power_one_sided 1.000 power_two_sided 1.000 kurtosis 0.887 spec_cnn 1.000  (14s)
  JSR  -10.0 dB  BER 2.20e-03  P(det)@0.05 power_one_sided 1.000 power_two_sided 1.000 kurtosis 0.951 spec_cnn 1.000  (15s)
  JSR   -9.0 dB  BER 2.56e-03  P(det)@0.05 power_one_sided 1.000 power_two_sided 1.000 kurtosis 0.988 spec_cnn 1.000  (15s)
  JSR   -8.0 dB  BER 3.04e-03  P(det)@0.05 power_one_sided 1.000 power_two_sided 1.000 kurtosis 1.000 spec_cnn 1.000  (15s)
  JSR   -7.0 dB  BER 3.85e-03  P(det)@0.05 power_one_sided 1.000 power_two_sided 1.000 kurtosis 1.000 spec_cnn 1.000  (16s)
  JSR   -6.0 dB  BER 5.20e-03  P(det)@0.05 power_one_sided 1.000 power_two_sided 1.000 kurtosis 1.000 spec_cnn 1.000  (16s)
  JSR   -5.0 dB  BER 7.08e-03  P(det)@0.05 power_one_sided 1.000 power_two_sided 1.000 kurtosis 1.000 spec_cnn 1.000  (16s)
  JSR   -4.0 dB  BER 1.01e-02  P(det)@0.05 power_one_sided 1.000 power_two_sided 1.000 kurtosis 1.000 spec_cnn 1.000  (17s)
  JSR   -3.0 dB  BER 1.39e-02  P(det)@0.05 power_one_sided 1.000 power_two_sided 1.000 kurtosis 1.000 spec_cnn 1.000  (17s)
  JSR   -2.0 dB  BER 2.10e-02  P(det)@0.05 power_one_sided 1.000 power_two_sided 1.000 kurtosis 1.000 spec_cnn 1.000  (17s)
  JSR   -1.0 dB  BER 2.93e-02  P(det)@0.05 power_one_sided 1.000 power_two_sided 1.000 kurtosis 1.000 spec_cnn 1.000  (18s)
  JSR   +0.0 dB  BER 4.14e-02  P(det)@0.05 power_one_sided 1.000 power_two_sided 1.000 kurtosis 1.000 spec_cnn 1.000  (18s)
  JSR   +1.0 dB  BER 5.72e-02  P(det)@0.05 power_one_sided 1.000 power_two_sided 1.000 kurtosis 1.000 spec_cnn 1.000  (18s)
  JSR   +2.0 dB  BER 7.44e-02  P(det)@0.05 power_one_sided 1.000 power_two_sided 1.000 kurtosis 1.000 spec_cnn 1.000  (19s)
  JSR   +3.0 dB  BER 9.77e-02  P(det)@0.05 power_one_sided 1.000 power_two_sided 1.000 kurtosis 1.000 spec_cnn 1.000  (19s)
  JSR   +4.0 dB  BER 1.17e-01  P(det)@0.05 power_one_sided 1.000 power_two_sided 1.000 kurtosis 1.000 spec_cnn 1.000  (20s)
  JSR   +5.0 dB  BER 1.43e-01  P(det)@0.05 power_one_sided 1.000 power_two_sided 1.000 kurtosis 1.000 spec_cnn 1.000  (20s)
  JSR   +6.0 dB  BER 1.69e-01  P(det)@0.05 power_one_sided 1.000 power_two_sided 1.000 kurtosis 1.000 spec_cnn 1.000  (20s)
  JSR   +7.0 dB  BER 1.96e-01  P(det)@0.05 power_one_sided 1.000 power_two_sided 1.000 kurtosis 1.000 spec_cnn 1.000  (21s)
  JSR   +8.0 dB  BER 2.19e-01  P(det)@0.05 power_one_sided 1.000 power_two_sided 1.000 kurtosis 1.000 spec_cnn 1.000  (21s)
  JSR   +9.0 dB  BER 2.48e-01  P(det)@0.05 power_one_sided 1.000 power_two_sided 1.000 kurtosis 1.000 spec_cnn 1.000  (21s)
  JSR  +10.0 dB  BER 2.70e-01  P(det)@0.05 power_one_sided 1.000 power_two_sided 1.000 kurtosis 1.000 spec_cnn 1.000  (22s)
  JSR  +11.0 dB  BER 2.94e-01  P(det)@0.05 power_one_sided 1.000 power_two_sided 1.000 kurtosis 1.000 spec_cnn 1.000  (22s)
  JSR  +12.0 dB  BER 3.13e-01  P(det)@0.05 power_one_sided 1.000 power_two_sided 1.000 kurtosis 1.000 spec_cnn 1.000  (22s)
  JSR  +13.0 dB  BER 3.30e-01  P(det)@0.05 power_one_sided 1.000 power_two_sided 1.000 kurtosis 1.000 spec_cnn 1.000  (23s)
  JSR  +14.0 dB  BER 3.46e-01  P(det)@0.05 power_one_sided 1.000 power_two_sided 1.000 kurtosis 1.000 spec_cnn 1.000  (23s)
  JSR  +15.0 dB  BER 3.63e-01  P(det)@0.05 power_one_sided 1.000 power_two_sided 1.000 kurtosis 1.000 spec_cnn 1.000  (23s)
  [snr_35] spec_cnn_b1000 confirmed: {"power_one_sided": {"0.01": {"index": 0, "sweep_ber": 0.0, "sweep_pdet": 0.015625, "confirmed_ber": 0.0, "confirmed_ser": 0.0, "confirmed_pdet": 0.015869140625, "passed": false}, "0.05": {"index": 1, "sweep_ber": 0.0, "sweep_pdet": 0.0625, "confirmed_ber": 0.0, "confirmed_ser": 0.0, "confirmed_pdet": 0.06103515625, "passed": false}}, "power_two_sided": {"0.01": {"index": 0, "sweep_ber": 0.0, "sweep_pdet": 0.013671875, "confirmed_ber": 0.0, "confirmed_ser": 0.0, "confirmed_pdet": 0.01611328125, "passed": false}, "0.05": {"index": 0, "sweep_ber": 0.0, "sweep_pdet": 0.05859375, "confirmed_ber": 0.0, "confirmed_ser": 0.0, "confirmed_pdet": 0.06201171875, "passed": false}}, "kurtosis": {"0.01": {"index": 0, "sweep_ber": 0.0, "sweep_pdet": 0.009765625, "confirmed_ber": 0.0, "confirmed_ser": 0.0, "confirmed_pdet": 0.00732421875, "passed": true}, "0.05": {"index": 0, "sweep_ber": 0.0, "sweep_pdet": 0.044921875, "confirmed_ber": 0.0, "confirmed_ser": 0.0, "confirmed_pdet": 0.049072265625, "passed": true}}, "spec_cnn": {"0.01": {"index": 0, "sweep_ber": 0.0, "sweep_pdet": 0.0078125, "confirmed_ber": 0.0, "confirmed_ser": 0.0, "confirmed_pdet": 0.0107421875, "passed": true}, "0.05": {"index": 0, "sweep_ber": 0.0, "sweep_pdet": 0.056640625, "confirmed_ber": 0.0, "confirmed_ser": 0.0, "confirmed_pdet": 0.047119140625, "passed": true}}}  (1133s)
  [snr_35] generator spec_cnn_b10000 (scale 0.4022)
  JSR  -50.0 dB  BER 0.00e+00  P(det)@0.05 power_one_sided 0.055 power_two_sided 0.064 kurtosis 0.057 spec_cnn 0.062  (0s)
  JSR  -49.0 dB  BER 0.00e+00  P(det)@0.05 power_one_sided 0.074 power_two_sided 0.064 kurtosis 0.035 spec_cnn 0.051  (1s)
  JSR  -48.0 dB  BER 0.00e+00  P(det)@0.05 power_one_sided 0.078 power_two_sided 0.070 kurtosis 0.051 spec_cnn 0.045  (1s)
  JSR  -47.0 dB  BER 0.00e+00  P(det)@0.05 power_one_sided 0.062 power_two_sided 0.082 kurtosis 0.051 spec_cnn 0.053  (2s)
  JSR  -46.0 dB  BER 0.00e+00  P(det)@0.05 power_one_sided 0.090 power_two_sided 0.086 kurtosis 0.047 spec_cnn 0.051  (2s)
  JSR  -45.0 dB  BER 0.00e+00  P(det)@0.05 power_one_sided 0.121 power_two_sided 0.129 kurtosis 0.057 spec_cnn 0.059  (2s)
  JSR  -44.0 dB  BER 0.00e+00  P(det)@0.05 power_one_sided 0.111 power_two_sided 0.121 kurtosis 0.061 spec_cnn 0.051  (3s)
  JSR  -43.0 dB  BER 0.00e+00  P(det)@0.05 power_one_sided 0.117 power_two_sided 0.148 kurtosis 0.037 spec_cnn 0.043  (3s)
  JSR  -42.0 dB  BER 0.00e+00  P(det)@0.05 power_one_sided 0.123 power_two_sided 0.172 kurtosis 0.051 spec_cnn 0.062  (3s)
  JSR  -41.0 dB  BER 0.00e+00  P(det)@0.05 power_one_sided 0.162 power_two_sided 0.168 kurtosis 0.057 spec_cnn 0.055  (4s)
  JSR  -40.0 dB  BER 0.00e+00  P(det)@0.05 power_one_sided 0.176 power_two_sided 0.230 kurtosis 0.062 spec_cnn 0.066  (4s)
  JSR  -39.0 dB  BER 0.00e+00  P(det)@0.05 power_one_sided 0.186 power_two_sided 0.225 kurtosis 0.041 spec_cnn 0.051  (4s)
  JSR  -38.0 dB  BER 0.00e+00  P(det)@0.05 power_one_sided 0.232 power_two_sided 0.285 kurtosis 0.068 spec_cnn 0.053  (5s)
  JSR  -37.0 dB  BER 0.00e+00  P(det)@0.05 power_one_sided 0.281 power_two_sided 0.352 kurtosis 0.047 spec_cnn 0.059  (5s)
  JSR  -36.0 dB  BER 0.00e+00  P(det)@0.05 power_one_sided 0.268 power_two_sided 0.344 kurtosis 0.064 spec_cnn 0.080  (5s)
  JSR  -35.0 dB  BER 0.00e+00  P(det)@0.05 power_one_sided 0.309 power_two_sided 0.420 kurtosis 0.057 spec_cnn 0.062  (6s)
  JSR  -34.0 dB  BER 0.00e+00  P(det)@0.05 power_one_sided 0.396 power_two_sided 0.520 kurtosis 0.051 spec_cnn 0.061  (6s)
  JSR  -33.0 dB  BER 0.00e+00  P(det)@0.05 power_one_sided 0.412 power_two_sided 0.512 kurtosis 0.031 spec_cnn 0.092  (6s)
  JSR  -32.0 dB  BER 0.00e+00  P(det)@0.05 power_one_sided 0.389 power_two_sided 0.508 kurtosis 0.047 spec_cnn 0.111  (7s)
  JSR  -31.0 dB  BER 0.00e+00  P(det)@0.05 power_one_sided 0.471 power_two_sided 0.598 kurtosis 0.055 spec_cnn 0.102  (7s)
  JSR  -30.0 dB  BER 0.00e+00  P(det)@0.05 power_one_sided 0.488 power_two_sided 0.643 kurtosis 0.055 spec_cnn 0.131  (8s)
  JSR  -29.0 dB  BER 0.00e+00  P(det)@0.05 power_one_sided 0.539 power_two_sided 0.686 kurtosis 0.055 spec_cnn 0.170  (8s)
  JSR  -28.0 dB  BER 0.00e+00  P(det)@0.05 power_one_sided 0.594 power_two_sided 0.752 kurtosis 0.057 spec_cnn 0.197  (8s)
  JSR  -27.0 dB  BER 0.00e+00  P(det)@0.05 power_one_sided 0.602 power_two_sided 0.764 kurtosis 0.057 spec_cnn 0.256  (9s)
  JSR  -26.0 dB  BER 0.00e+00  P(det)@0.05 power_one_sided 0.676 power_two_sided 0.803 kurtosis 0.057 spec_cnn 0.326  (9s)
  JSR  -25.0 dB  BER 0.00e+00  P(det)@0.05 power_one_sided 0.695 power_two_sided 0.828 kurtosis 0.049 spec_cnn 0.389  (9s)
  JSR  -24.0 dB  BER 0.00e+00  P(det)@0.05 power_one_sided 0.723 power_two_sided 0.830 kurtosis 0.059 spec_cnn 0.477  (10s)
  JSR  -23.0 dB  BER 0.00e+00  P(det)@0.05 power_one_sided 0.797 power_two_sided 0.896 kurtosis 0.037 spec_cnn 0.553  (10s)
  JSR  -22.0 dB  BER 0.00e+00  P(det)@0.05 power_one_sided 0.828 power_two_sided 0.910 kurtosis 0.051 spec_cnn 0.688  (10s)
  JSR  -21.0 dB  BER 0.00e+00  P(det)@0.05 power_one_sided 0.875 power_two_sided 0.941 kurtosis 0.057 spec_cnn 0.770  (11s)
  JSR  -20.0 dB  BER 0.00e+00  P(det)@0.05 power_one_sided 0.895 power_two_sided 0.949 kurtosis 0.055 spec_cnn 0.873  (11s)
  JSR  -19.0 dB  BER 0.00e+00  P(det)@0.05 power_one_sided 0.922 power_two_sided 0.971 kurtosis 0.074 spec_cnn 0.945  (11s)
  JSR  -18.0 dB  BER 7.63e-06  P(det)@0.05 power_one_sided 0.947 power_two_sided 0.979 kurtosis 0.086 spec_cnn 0.980  (12s)
  JSR  -17.0 dB  BER 5.34e-05  P(det)@0.05 power_one_sided 0.957 power_two_sided 0.982 kurtosis 0.150 spec_cnn 1.000  (12s)
  JSR  -16.0 dB  BER 2.06e-04  P(det)@0.05 power_one_sided 0.975 power_two_sided 0.992 kurtosis 0.174 spec_cnn 1.000  (12s)
  JSR  -15.0 dB  BER 3.66e-04  P(det)@0.05 power_one_sided 0.992 power_two_sided 0.996 kurtosis 0.260 spec_cnn 1.000  (13s)
  JSR  -14.0 dB  BER 6.33e-04  P(det)@0.05 power_one_sided 0.994 power_two_sided 1.000 kurtosis 0.328 spec_cnn 1.000  (13s)
  JSR  -13.0 dB  BER 8.39e-04  P(det)@0.05 power_one_sided 0.998 power_two_sided 1.000 kurtosis 0.504 spec_cnn 1.000  (13s)
  JSR  -12.0 dB  BER 1.09e-03  P(det)@0.05 power_one_sided 1.000 power_two_sided 1.000 kurtosis 0.643 spec_cnn 1.000  (14s)
  JSR  -11.0 dB  BER 1.50e-03  P(det)@0.05 power_one_sided 0.998 power_two_sided 1.000 kurtosis 0.820 spec_cnn 1.000  (14s)
  JSR  -10.0 dB  BER 1.72e-03  P(det)@0.05 power_one_sided 1.000 power_two_sided 1.000 kurtosis 0.939 spec_cnn 1.000  (15s)
  JSR   -9.0 dB  BER 2.22e-03  P(det)@0.05 power_one_sided 1.000 power_two_sided 1.000 kurtosis 0.980 spec_cnn 1.000  (15s)
  JSR   -8.0 dB  BER 2.97e-03  P(det)@0.05 power_one_sided 1.000 power_two_sided 1.000 kurtosis 0.998 spec_cnn 1.000  (15s)
  JSR   -7.0 dB  BER 3.73e-03  P(det)@0.05 power_one_sided 1.000 power_two_sided 1.000 kurtosis 1.000 spec_cnn 1.000  (16s)
  JSR   -6.0 dB  BER 5.50e-03  P(det)@0.05 power_one_sided 1.000 power_two_sided 1.000 kurtosis 1.000 spec_cnn 1.000  (16s)
  JSR   -5.0 dB  BER 8.09e-03  P(det)@0.05 power_one_sided 1.000 power_two_sided 1.000 kurtosis 1.000 spec_cnn 1.000  (16s)
  JSR   -4.0 dB  BER 1.33e-02  P(det)@0.05 power_one_sided 1.000 power_two_sided 1.000 kurtosis 1.000 spec_cnn 1.000  (17s)
  JSR   -3.0 dB  BER 2.30e-02  P(det)@0.05 power_one_sided 1.000 power_two_sided 1.000 kurtosis 1.000 spec_cnn 1.000  (17s)
  JSR   -2.0 dB  BER 3.86e-02  P(det)@0.05 power_one_sided 1.000 power_two_sided 1.000 kurtosis 1.000 spec_cnn 1.000  (17s)
  JSR   -1.0 dB  BER 5.37e-02  P(det)@0.05 power_one_sided 1.000 power_two_sided 1.000 kurtosis 1.000 spec_cnn 1.000  (18s)
  JSR   +0.0 dB  BER 7.38e-02  P(det)@0.05 power_one_sided 1.000 power_two_sided 1.000 kurtosis 1.000 spec_cnn 1.000  (18s)
  JSR   +1.0 dB  BER 9.88e-02  P(det)@0.05 power_one_sided 1.000 power_two_sided 1.000 kurtosis 1.000 spec_cnn 1.000  (18s)
  JSR   +2.0 dB  BER 1.23e-01  P(det)@0.05 power_one_sided 1.000 power_two_sided 1.000 kurtosis 1.000 spec_cnn 1.000  (19s)
  JSR   +3.0 dB  BER 1.52e-01  P(det)@0.05 power_one_sided 1.000 power_two_sided 1.000 kurtosis 1.000 spec_cnn 1.000  (19s)
  JSR   +4.0 dB  BER 1.81e-01  P(det)@0.05 power_one_sided 1.000 power_two_sided 1.000 kurtosis 1.000 spec_cnn 1.000  (19s)
  JSR   +5.0 dB  BER 2.00e-01  P(det)@0.05 power_one_sided 1.000 power_two_sided 1.000 kurtosis 1.000 spec_cnn 1.000  (20s)
  JSR   +6.0 dB  BER 2.25e-01  P(det)@0.05 power_one_sided 1.000 power_two_sided 1.000 kurtosis 1.000 spec_cnn 1.000  (20s)
  JSR   +7.0 dB  BER 2.50e-01  P(det)@0.05 power_one_sided 1.000 power_two_sided 1.000 kurtosis 1.000 spec_cnn 1.000  (20s)
  JSR   +8.0 dB  BER 2.71e-01  P(det)@0.05 power_one_sided 1.000 power_two_sided 1.000 kurtosis 1.000 spec_cnn 1.000  (21s)
  JSR   +9.0 dB  BER 2.97e-01  P(det)@0.05 power_one_sided 1.000 power_two_sided 1.000 kurtosis 1.000 spec_cnn 1.000  (21s)
  JSR  +10.0 dB  BER 3.14e-01  P(det)@0.05 power_one_sided 1.000 power_two_sided 1.000 kurtosis 1.000 spec_cnn 1.000  (22s)
  JSR  +11.0 dB  BER 3.34e-01  P(det)@0.05 power_one_sided 1.000 power_two_sided 1.000 kurtosis 1.000 spec_cnn 1.000  (22s)
  JSR  +12.0 dB  BER 3.52e-01  P(det)@0.05 power_one_sided 1.000 power_two_sided 1.000 kurtosis 1.000 spec_cnn 1.000  (22s)
  JSR  +13.0 dB  BER 3.65e-01  P(det)@0.05 power_one_sided 1.000 power_two_sided 1.000 kurtosis 1.000 spec_cnn 1.000  (23s)
  JSR  +14.0 dB  BER 3.76e-01  P(det)@0.05 power_one_sided 1.000 power_two_sided 1.000 kurtosis 1.000 spec_cnn 1.000  (23s)
  JSR  +15.0 dB  BER 3.93e-01  P(det)@0.05 power_one_sided 1.000 power_two_sided 1.000 kurtosis 1.000 spec_cnn 1.000  (23s)
  [snr_35] spec_cnn_b10000 confirmed: {"power_one_sided": {"0.01": {"index": 0, "sweep_ber": 0.0, "sweep_pdet": 0.01171875, "confirmed_ber": 0.0, "confirmed_ser": 0.0, "confirmed_pdet": 0.01708984375, "passed": false}, "0.05": {"index": 0, "sweep_ber": 0.0, "sweep_pdet": 0.0546875, "confirmed_ber": 0.0, "confirmed_ser": 0.0, "confirmed_pdet": 0.064453125, "passed": false}}, "power_two_sided": {"0.01": {"index": 0, "sweep_ber": 0.0, "sweep_pdet": 0.013671875, "confirmed_ber": 0.0, "confirmed_ser": 0.0, "confirmed_pdet": 0.011474609375, "passed": true}, "0.05": {"index": 0, "sweep_ber": 0.0, "sweep_pdet": 0.064453125, "confirmed_ber": 0.0, "confirmed_ser": 0.0, "confirmed_pdet": 0.064453125, "passed": false}}, "kurtosis": {"0.01": {"index": 0, "sweep_ber": 0.0, "sweep_pdet": 0.01171875, "confirmed_ber": 0.0, "confirmed_ser": 0.0, "confirmed_pdet": 0.008544921875, "passed": true}, "0.05": {"index": 0, "sweep_ber": 0.0, "sweep_pdet": 0.056640625, "confirmed_ber": 0.0, "confirmed_ser": 0.0, "confirmed_pdet": 0.044677734375, "passed": true}}, "spec_cnn": {"0.01": {"index": 0, "sweep_ber": 0.0, "sweep_pdet": 0.015625, "confirmed_ber": 0.0, "confirmed_ser": 0.0, "confirmed_pdet": 0.010498046875, "passed": true}, "0.05": {"index": 0, "sweep_ber": 0.0, "sweep_pdet": 0.0625, "confirmed_ber": 0.0, "confirmed_ser": 0.0, "confirmed_pdet": 0.045654296875, "passed": true}}}  (1179s)
  [snr_35] generator spec_cnn_b100000 (scale 0.4022)
  JSR  -50.0 dB  BER 0.00e+00  P(det)@0.05 power_one_sided 0.068 power_two_sided 0.062 kurtosis 0.053 spec_cnn 0.057  (0s)
  JSR  -49.0 dB  BER 0.00e+00  P(det)@0.05 power_one_sided 0.062 power_two_sided 0.055 kurtosis 0.059 spec_cnn 0.059  (1s)
  JSR  -48.0 dB  BER 0.00e+00  P(det)@0.05 power_one_sided 0.076 power_two_sided 0.090 kurtosis 0.039 spec_cnn 0.057  (1s)
  JSR  -47.0 dB  BER 0.00e+00  P(det)@0.05 power_one_sided 0.074 power_two_sided 0.066 kurtosis 0.043 spec_cnn 0.039  (1s)
  JSR  -46.0 dB  BER 0.00e+00  P(det)@0.05 power_one_sided 0.074 power_two_sided 0.094 kurtosis 0.049 spec_cnn 0.057  (2s)
  JSR  -45.0 dB  BER 0.00e+00  P(det)@0.05 power_one_sided 0.094 power_two_sided 0.086 kurtosis 0.053 spec_cnn 0.055  (2s)
  JSR  -44.0 dB  BER 0.00e+00  P(det)@0.05 power_one_sided 0.082 power_two_sided 0.098 kurtosis 0.057 spec_cnn 0.047  (2s)
  JSR  -43.0 dB  BER 0.00e+00  P(det)@0.05 power_one_sided 0.121 power_two_sided 0.123 kurtosis 0.061 spec_cnn 0.051  (3s)
  JSR  -42.0 dB  BER 0.00e+00  P(det)@0.05 power_one_sided 0.131 power_two_sided 0.154 kurtosis 0.037 spec_cnn 0.047  (3s)
  JSR  -41.0 dB  BER 0.00e+00  P(det)@0.05 power_one_sided 0.160 power_two_sided 0.199 kurtosis 0.047 spec_cnn 0.051  (3s)
  JSR  -40.0 dB  BER 0.00e+00  P(det)@0.05 power_one_sided 0.168 power_two_sided 0.191 kurtosis 0.047 spec_cnn 0.031  (4s)
  JSR  -39.0 dB  BER 0.00e+00  P(det)@0.05 power_one_sided 0.217 power_two_sided 0.254 kurtosis 0.031 spec_cnn 0.033  (4s)
  JSR  -38.0 dB  BER 0.00e+00  P(det)@0.05 power_one_sided 0.205 power_two_sided 0.266 kurtosis 0.051 spec_cnn 0.039  (4s)
  JSR  -37.0 dB  BER 0.00e+00  P(det)@0.05 power_one_sided 0.260 power_two_sided 0.348 kurtosis 0.045 spec_cnn 0.035  (5s)
  JSR  -36.0 dB  BER 0.00e+00  P(det)@0.05 power_one_sided 0.283 power_two_sided 0.348 kurtosis 0.051 spec_cnn 0.031  (5s)
  JSR  -35.0 dB  BER 0.00e+00  P(det)@0.05 power_one_sided 0.254 power_two_sided 0.373 kurtosis 0.041 spec_cnn 0.021  (6s)
  JSR  -34.0 dB  BER 0.00e+00  P(det)@0.05 power_one_sided 0.334 power_two_sided 0.461 kurtosis 0.049 spec_cnn 0.023  (6s)
  JSR  -33.0 dB  BER 0.00e+00  P(det)@0.05 power_one_sided 0.373 power_two_sided 0.502 kurtosis 0.053 spec_cnn 0.025  (6s)
  JSR  -32.0 dB  BER 0.00e+00  P(det)@0.05 power_one_sided 0.389 power_two_sided 0.525 kurtosis 0.043 spec_cnn 0.010  (7s)
  JSR  -31.0 dB  BER 0.00e+00  P(det)@0.05 power_one_sided 0.471 power_two_sided 0.600 kurtosis 0.053 spec_cnn 0.012  (7s)
  JSR  -30.0 dB  BER 0.00e+00  P(det)@0.05 power_one_sided 0.510 power_two_sided 0.656 kurtosis 0.053 spec_cnn 0.006  (7s)
  JSR  -29.0 dB  BER 0.00e+00  P(det)@0.05 power_one_sided 0.525 power_two_sided 0.703 kurtosis 0.039 spec_cnn 0.004  (8s)
  JSR  -28.0 dB  BER 0.00e+00  P(det)@0.05 power_one_sided 0.529 power_two_sided 0.707 kurtosis 0.062 spec_cnn 0.002  (8s)
  JSR  -27.0 dB  BER 0.00e+00  P(det)@0.05 power_one_sided 0.613 power_two_sided 0.760 kurtosis 0.061 spec_cnn 0.004  (8s)
  JSR  -26.0 dB  BER 0.00e+00  P(det)@0.05 power_one_sided 0.605 power_two_sided 0.785 kurtosis 0.061 spec_cnn 0.002  (9s)
  JSR  -25.0 dB  BER 0.00e+00  P(det)@0.05 power_one_sided 0.658 power_two_sided 0.807 kurtosis 0.049 spec_cnn 0.002  (9s)
  JSR  -24.0 dB  BER 0.00e+00  P(det)@0.05 power_one_sided 0.703 power_two_sided 0.846 kurtosis 0.055 spec_cnn 0.002  (9s)
  JSR  -23.0 dB  BER 0.00e+00  P(det)@0.05 power_one_sided 0.824 power_two_sided 0.906 kurtosis 0.070 spec_cnn 0.004  (10s)
  JSR  -22.0 dB  BER 0.00e+00  P(det)@0.05 power_one_sided 0.766 power_two_sided 0.887 kurtosis 0.055 spec_cnn 0.002  (10s)
  JSR  -21.0 dB  BER 0.00e+00  P(det)@0.05 power_one_sided 0.846 power_two_sided 0.920 kurtosis 0.082 spec_cnn 0.006  (10s)
  JSR  -20.0 dB  BER 0.00e+00  P(det)@0.05 power_one_sided 0.867 power_two_sided 0.938 kurtosis 0.064 spec_cnn 0.023  (11s)
  JSR  -19.0 dB  BER 0.00e+00  P(det)@0.05 power_one_sided 0.908 power_two_sided 0.967 kurtosis 0.096 spec_cnn 0.047  (11s)
  JSR  -18.0 dB  BER 0.00e+00  P(det)@0.05 power_one_sided 0.930 power_two_sided 0.967 kurtosis 0.143 spec_cnn 0.148  (12s)
  JSR  -17.0 dB  BER 0.00e+00  P(det)@0.05 power_one_sided 0.957 power_two_sided 0.986 kurtosis 0.172 spec_cnn 0.342  (12s)
  JSR  -16.0 dB  BER 0.00e+00  P(det)@0.05 power_one_sided 0.965 power_two_sided 0.988 kurtosis 0.275 spec_cnn 0.578  (12s)
  JSR  -15.0 dB  BER 0.00e+00  P(det)@0.05 power_one_sided 0.977 power_two_sided 0.994 kurtosis 0.314 spec_cnn 0.824  (13s)
  JSR  -14.0 dB  BER 0.00e+00  P(det)@0.05 power_one_sided 0.998 power_two_sided 0.998 kurtosis 0.441 spec_cnn 0.955  (13s)
  JSR  -13.0 dB  BER 0.00e+00  P(det)@0.05 power_one_sided 0.996 power_two_sided 0.998 kurtosis 0.648 spec_cnn 0.994  (13s)
  JSR  -12.0 dB  BER 0.00e+00  P(det)@0.05 power_one_sided 0.998 power_two_sided 1.000 kurtosis 0.795 spec_cnn 1.000  (14s)
  JSR  -11.0 dB  BER 0.00e+00  P(det)@0.05 power_one_sided 1.000 power_two_sided 1.000 kurtosis 0.916 spec_cnn 1.000  (14s)
  JSR  -10.0 dB  BER 0.00e+00  P(det)@0.05 power_one_sided 1.000 power_two_sided 1.000 kurtosis 0.969 spec_cnn 1.000  (14s)
  JSR   -9.0 dB  BER 0.00e+00  P(det)@0.05 power_one_sided 1.000 power_two_sided 1.000 kurtosis 0.998 spec_cnn 1.000  (15s)
  JSR   -8.0 dB  BER 0.00e+00  P(det)@0.05 power_one_sided 1.000 power_two_sided 1.000 kurtosis 1.000 spec_cnn 1.000  (15s)
  JSR   -7.0 dB  BER 1.07e-04  P(det)@0.05 power_one_sided 1.000 power_two_sided 1.000 kurtosis 1.000 spec_cnn 1.000  (15s)
  JSR   -6.0 dB  BER 1.12e-03  P(det)@0.05 power_one_sided 1.000 power_two_sided 1.000 kurtosis 1.000 spec_cnn 1.000  (16s)
  JSR   -5.0 dB  BER 3.22e-03  P(det)@0.05 power_one_sided 1.000 power_two_sided 1.000 kurtosis 1.000 spec_cnn 1.000  (16s)
  JSR   -4.0 dB  BER 1.07e-02  P(det)@0.05 power_one_sided 1.000 power_two_sided 1.000 kurtosis 1.000 spec_cnn 1.000  (16s)
  JSR   -3.0 dB  BER 2.66e-02  P(det)@0.05 power_one_sided 1.000 power_two_sided 1.000 kurtosis 1.000 spec_cnn 1.000  (17s)
  JSR   -2.0 dB  BER 5.18e-02  P(det)@0.05 power_one_sided 1.000 power_two_sided 1.000 kurtosis 1.000 spec_cnn 1.000  (17s)
  JSR   -1.0 dB  BER 7.78e-02  P(det)@0.05 power_one_sided 1.000 power_two_sided 1.000 kurtosis 1.000 spec_cnn 1.000  (18s)
  JSR   +0.0 dB  BER 1.06e-01  P(det)@0.05 power_one_sided 1.000 power_two_sided 1.000 kurtosis 1.000 spec_cnn 1.000  (18s)
  JSR   +1.0 dB  BER 1.37e-01  P(det)@0.05 power_one_sided 1.000 power_two_sided 1.000 kurtosis 1.000 spec_cnn 1.000  (18s)
  JSR   +2.0 dB  BER 1.61e-01  P(det)@0.05 power_one_sided 1.000 power_two_sided 1.000 kurtosis 1.000 spec_cnn 1.000  (19s)
  JSR   +3.0 dB  BER 1.92e-01  P(det)@0.05 power_one_sided 1.000 power_two_sided 1.000 kurtosis 1.000 spec_cnn 1.000  (19s)
  JSR   +4.0 dB  BER 2.17e-01  P(det)@0.05 power_one_sided 1.000 power_two_sided 1.000 kurtosis 1.000 spec_cnn 1.000  (19s)
  JSR   +5.0 dB  BER 2.41e-01  P(det)@0.05 power_one_sided 1.000 power_two_sided 1.000 kurtosis 0.986 spec_cnn 1.000  (20s)
  JSR   +6.0 dB  BER 2.64e-01  P(det)@0.05 power_one_sided 1.000 power_two_sided 1.000 kurtosis 0.938 spec_cnn 1.000  (20s)
  JSR   +7.0 dB  BER 2.83e-01  P(det)@0.05 power_one_sided 1.000 power_two_sided 1.000 kurtosis 0.816 spec_cnn 1.000  (20s)
  JSR   +8.0 dB  BER 3.02e-01  P(det)@0.05 power_one_sided 1.000 power_two_sided 1.000 kurtosis 0.730 spec_cnn 1.000  (21s)
  JSR   +9.0 dB  BER 3.19e-01  P(det)@0.05 power_one_sided 1.000 power_two_sided 1.000 kurtosis 0.652 spec_cnn 1.000  (21s)
  JSR  +10.0 dB  BER 3.36e-01  P(det)@0.05 power_one_sided 1.000 power_two_sided 1.000 kurtosis 0.639 spec_cnn 1.000  (21s)
  JSR  +11.0 dB  BER 3.48e-01  P(det)@0.05 power_one_sided 1.000 power_two_sided 1.000 kurtosis 0.701 spec_cnn 1.000  (22s)
  JSR  +12.0 dB  BER 3.63e-01  P(det)@0.05 power_one_sided 1.000 power_two_sided 1.000 kurtosis 0.652 spec_cnn 1.000  (22s)
  JSR  +13.0 dB  BER 3.77e-01  P(det)@0.05 power_one_sided 1.000 power_two_sided 1.000 kurtosis 0.727 spec_cnn 1.000  (22s)
  JSR  +14.0 dB  BER 3.88e-01  P(det)@0.05 power_one_sided 1.000 power_two_sided 1.000 kurtosis 0.723 spec_cnn 1.000  (23s)
  JSR  +15.0 dB  BER 4.00e-01  P(det)@0.05 power_one_sided 1.000 power_two_sided 1.000 kurtosis 0.748 spec_cnn 1.000  (23s)
  [snr_35] spec_cnn_b100000 confirmed: {"power_one_sided": {"0.01": {"index": 0, "sweep_ber": 0.0, "sweep_pdet": 0.009765625, "confirmed_ber": 0.0, "confirmed_ser": 0.0, "confirmed_pdet": 0.0146484375, "passed": false}, "0.05": {"index": 0, "sweep_ber": 0.0, "sweep_pdet": 0.068359375, "confirmed_ber": 0.0, "confirmed_ser": 0.0, "confirmed_pdet": 0.06591796875, "passed": false}}, "power_two_sided": {"0.01": {"index": 0, "sweep_ber": 0.0, "sweep_pdet": 0.01171875, "confirmed_ber": 0.0, "confirmed_ser": 0.0, "confirmed_pdet": 0.014892578125, "passed": false}, "0.05": {"index": 0, "sweep_ber": 0.0, "sweep_pdet": 0.0625, "confirmed_ber": 0.0, "confirmed_ser": 0.0, "confirmed_pdet": 0.0712890625, "passed": false}}, "kurtosis": {"0.01": {"index": 0, "sweep_ber": 0.0, "sweep_pdet": 0.005859375, "confirmed_ber": 0.0, "confirmed_ser": 0.0, "confirmed_pdet": 0.009521484375, "passed": true}, "0.05": {"index": 0, "sweep_ber": 0.0, "sweep_pdet": 0.052734375, "confirmed_ber": 0.0, "confirmed_ser": 0.0, "confirmed_pdet": 0.048583984375, "passed": true}}, "spec_cnn": {"0.01": {"index": 0, "sweep_ber": 0.0, "sweep_pdet": 0.01171875, "confirmed_ber": 0.0, "confirmed_ser": 0.0, "confirmed_pdet": 0.009765625, "passed": true}, "0.05": {"index": 0, "sweep_ber": 0.0, "sweep_pdet": 0.056640625, "confirmed_ber": 0.0, "confirmed_ser": 0.0, "confirmed_pdet": 0.04736328125, "passed": true}}}  (1225s)
  [snr_35] generator spec_cnn_b1e+06 (scale 0.4022)
  JSR  -50.0 dB  BER 0.00e+00  P(det)@0.05 power_one_sided 0.078 power_two_sided 0.088 kurtosis 0.059 spec_cnn 0.049  (0s)
  JSR  -49.0 dB  BER 0.00e+00  P(det)@0.05 power_one_sided 0.070 power_two_sided 0.072 kurtosis 0.035 spec_cnn 0.037  (1s)
  JSR  -48.0 dB  BER 0.00e+00  P(det)@0.05 power_one_sided 0.061 power_two_sided 0.074 kurtosis 0.053 spec_cnn 0.041  (1s)
  JSR  -47.0 dB  BER 0.00e+00  P(det)@0.05 power_one_sided 0.074 power_two_sided 0.074 kurtosis 0.045 spec_cnn 0.072  (1s)
  JSR  -46.0 dB  BER 0.00e+00  P(det)@0.05 power_one_sided 0.061 power_two_sided 0.088 kurtosis 0.041 spec_cnn 0.053  (2s)
  JSR  -45.0 dB  BER 0.00e+00  P(det)@0.05 power_one_sided 0.094 power_two_sided 0.115 kurtosis 0.059 spec_cnn 0.047  (2s)
  JSR  -44.0 dB  BER 0.00e+00  P(det)@0.05 power_one_sided 0.105 power_two_sided 0.113 kurtosis 0.045 spec_cnn 0.031  (2s)
  JSR  -43.0 dB  BER 0.00e+00  P(det)@0.05 power_one_sided 0.111 power_two_sided 0.148 kurtosis 0.039 spec_cnn 0.051  (3s)
  JSR  -42.0 dB  BER 0.00e+00  P(det)@0.05 power_one_sided 0.133 power_two_sided 0.162 kurtosis 0.051 spec_cnn 0.029  (3s)
  JSR  -41.0 dB  BER 0.00e+00  P(det)@0.05 power_one_sided 0.127 power_two_sided 0.176 kurtosis 0.029 spec_cnn 0.031  (3s)
  JSR  -40.0 dB  BER 0.00e+00  P(det)@0.05 power_one_sided 0.139 power_two_sided 0.170 kurtosis 0.066 spec_cnn 0.031  (4s)
  JSR  -39.0 dB  BER 0.00e+00  P(det)@0.05 power_one_sided 0.236 power_two_sided 0.268 kurtosis 0.049 spec_cnn 0.029  (4s)
  JSR  -38.0 dB  BER 0.00e+00  P(det)@0.05 power_one_sided 0.248 power_two_sided 0.314 kurtosis 0.051 spec_cnn 0.039  (5s)
  JSR  -37.0 dB  BER 0.00e+00  P(det)@0.05 power_one_sided 0.266 power_two_sided 0.303 kurtosis 0.043 spec_cnn 0.021  (5s)
  JSR  -36.0 dB  BER 0.00e+00  P(det)@0.05 power_one_sided 0.254 power_two_sided 0.342 kurtosis 0.051 spec_cnn 0.023  (5s)
  JSR  -35.0 dB  BER 0.00e+00  P(det)@0.05 power_one_sided 0.293 power_two_sided 0.385 kurtosis 0.053 spec_cnn 0.021  (6s)
  JSR  -34.0 dB  BER 0.00e+00  P(det)@0.05 power_one_sided 0.354 power_two_sided 0.510 kurtosis 0.043 spec_cnn 0.027  (6s)
  JSR  -33.0 dB  BER 0.00e+00  P(det)@0.05 power_one_sided 0.363 power_two_sided 0.484 kurtosis 0.039 spec_cnn 0.012  (6s)
  JSR  -32.0 dB  BER 0.00e+00  P(det)@0.05 power_one_sided 0.430 power_two_sided 0.535 kurtosis 0.049 spec_cnn 0.018  (7s)
  JSR  -31.0 dB  BER 0.00e+00  P(det)@0.05 power_one_sided 0.461 power_two_sided 0.639 kurtosis 0.064 spec_cnn 0.006  (7s)
  JSR  -30.0 dB  BER 0.00e+00  P(det)@0.05 power_one_sided 0.498 power_two_sided 0.648 kurtosis 0.035 spec_cnn 0.006  (7s)
  JSR  -29.0 dB  BER 0.00e+00  P(det)@0.05 power_one_sided 0.496 power_two_sided 0.658 kurtosis 0.049 spec_cnn 0.004  (8s)
  JSR  -28.0 dB  BER 0.00e+00  P(det)@0.05 power_one_sided 0.543 power_two_sided 0.689 kurtosis 0.062 spec_cnn 0.000  (8s)
  JSR  -27.0 dB  BER 0.00e+00  P(det)@0.05 power_one_sided 0.590 power_two_sided 0.766 kurtosis 0.049 spec_cnn 0.008  (8s)
  JSR  -26.0 dB  BER 0.00e+00  P(det)@0.05 power_one_sided 0.633 power_two_sided 0.766 kurtosis 0.049 spec_cnn 0.002  (9s)
  JSR  -25.0 dB  BER 0.00e+00  P(det)@0.05 power_one_sided 0.703 power_two_sided 0.822 kurtosis 0.047 spec_cnn 0.002  (9s)
  JSR  -24.0 dB  BER 0.00e+00  P(det)@0.05 power_one_sided 0.717 power_two_sided 0.861 kurtosis 0.043 spec_cnn 0.002  (9s)
  JSR  -23.0 dB  BER 0.00e+00  P(det)@0.05 power_one_sided 0.764 power_two_sided 0.881 kurtosis 0.061 spec_cnn 0.000  (10s)
  JSR  -22.0 dB  BER 0.00e+00  P(det)@0.05 power_one_sided 0.811 power_two_sided 0.908 kurtosis 0.074 spec_cnn 0.004  (10s)
  JSR  -21.0 dB  BER 0.00e+00  P(det)@0.05 power_one_sided 0.848 power_two_sided 0.930 kurtosis 0.059 spec_cnn 0.002  (10s)
  JSR  -20.0 dB  BER 0.00e+00  P(det)@0.05 power_one_sided 0.875 power_two_sided 0.934 kurtosis 0.062 spec_cnn 0.006  (11s)
  JSR  -19.0 dB  BER 0.00e+00  P(det)@0.05 power_one_sided 0.920 power_two_sided 0.971 kurtosis 0.088 spec_cnn 0.029  (11s)
  JSR  -18.0 dB  BER 0.00e+00  P(det)@0.05 power_one_sided 0.932 power_two_sided 0.979 kurtosis 0.107 spec_cnn 0.082  (11s)
  JSR  -17.0 dB  BER 0.00e+00  P(det)@0.05 power_one_sided 0.971 power_two_sided 0.986 kurtosis 0.137 spec_cnn 0.244  (12s)
  JSR  -16.0 dB  BER 0.00e+00  P(det)@0.05 power_one_sided 0.973 power_two_sided 0.986 kurtosis 0.246 spec_cnn 0.537  (12s)
  JSR  -15.0 dB  BER 0.00e+00  P(det)@0.05 power_one_sided 0.979 power_two_sided 0.992 kurtosis 0.320 spec_cnn 0.771  (12s)
  JSR  -14.0 dB  BER 0.00e+00  P(det)@0.05 power_one_sided 0.996 power_two_sided 1.000 kurtosis 0.445 spec_cnn 0.953  (13s)
  JSR  -13.0 dB  BER 0.00e+00  P(det)@0.05 power_one_sided 1.000 power_two_sided 1.000 kurtosis 0.605 spec_cnn 0.998  (13s)
  JSR  -12.0 dB  BER 0.00e+00  P(det)@0.05 power_one_sided 1.000 power_two_sided 1.000 kurtosis 0.770 spec_cnn 0.998  (13s)
  JSR  -11.0 dB  BER 0.00e+00  P(det)@0.05 power_one_sided 0.998 power_two_sided 1.000 kurtosis 0.896 spec_cnn 1.000  (14s)
  JSR  -10.0 dB  BER 0.00e+00  P(det)@0.05 power_one_sided 0.998 power_two_sided 1.000 kurtosis 0.963 spec_cnn 1.000  (14s)
  JSR   -9.0 dB  BER 0.00e+00  P(det)@0.05 power_one_sided 1.000 power_two_sided 1.000 kurtosis 0.998 spec_cnn 1.000  (15s)
  JSR   -8.0 dB  BER 0.00e+00  P(det)@0.05 power_one_sided 1.000 power_two_sided 1.000 kurtosis 0.998 spec_cnn 1.000  (15s)
  JSR   -7.0 dB  BER 6.10e-05  P(det)@0.05 power_one_sided 1.000 power_two_sided 1.000 kurtosis 1.000 spec_cnn 1.000  (15s)
  JSR   -6.0 dB  BER 5.04e-04  P(det)@0.05 power_one_sided 1.000 power_two_sided 1.000 kurtosis 1.000 spec_cnn 1.000  (16s)
  JSR   -5.0 dB  BER 2.94e-03  P(det)@0.05 power_one_sided 1.000 power_two_sided 1.000 kurtosis 1.000 spec_cnn 1.000  (16s)
  JSR   -4.0 dB  BER 1.21e-02  P(det)@0.05 power_one_sided 1.000 power_two_sided 1.000 kurtosis 1.000 spec_cnn 1.000  (16s)
  JSR   -3.0 dB  BER 3.03e-02  P(det)@0.05 power_one_sided 1.000 power_two_sided 1.000 kurtosis 1.000 spec_cnn 1.000  (17s)
  JSR   -2.0 dB  BER 5.39e-02  P(det)@0.05 power_one_sided 1.000 power_two_sided 1.000 kurtosis 1.000 spec_cnn 1.000  (17s)
  JSR   -1.0 dB  BER 8.10e-02  P(det)@0.05 power_one_sided 1.000 power_two_sided 1.000 kurtosis 1.000 spec_cnn 1.000  (17s)
  JSR   +0.0 dB  BER 1.10e-01  P(det)@0.05 power_one_sided 1.000 power_two_sided 1.000 kurtosis 1.000 spec_cnn 1.000  (18s)
  JSR   +1.0 dB  BER 1.42e-01  P(det)@0.05 power_one_sided 1.000 power_two_sided 1.000 kurtosis 1.000 spec_cnn 1.000  (18s)
  JSR   +2.0 dB  BER 1.73e-01  P(det)@0.05 power_one_sided 1.000 power_two_sided 1.000 kurtosis 1.000 spec_cnn 1.000  (18s)
  JSR   +3.0 dB  BER 1.98e-01  P(det)@0.05 power_one_sided 1.000 power_two_sided 1.000 kurtosis 0.994 spec_cnn 1.000  (19s)
  JSR   +4.0 dB  BER 2.24e-01  P(det)@0.05 power_one_sided 1.000 power_two_sided 1.000 kurtosis 0.951 spec_cnn 1.000  (19s)
  JSR   +5.0 dB  BER 2.49e-01  P(det)@0.05 power_one_sided 1.000 power_two_sided 1.000 kurtosis 0.799 spec_cnn 1.000  (19s)
  JSR   +6.0 dB  BER 2.76e-01  P(det)@0.05 power_one_sided 1.000 power_two_sided 1.000 kurtosis 0.684 spec_cnn 1.000  (20s)
  JSR   +7.0 dB  BER 2.94e-01  P(det)@0.05 power_one_sided 1.000 power_two_sided 1.000 kurtosis 0.635 spec_cnn 1.000  (20s)
  JSR   +8.0 dB  BER 3.16e-01  P(det)@0.05 power_one_sided 1.000 power_two_sided 1.000 kurtosis 0.621 spec_cnn 1.000  (20s)
  JSR   +9.0 dB  BER 3.30e-01  P(det)@0.05 power_one_sided 1.000 power_two_sided 1.000 kurtosis 0.703 spec_cnn 1.000  (21s)
  JSR  +10.0 dB  BER 3.47e-01  P(det)@0.05 power_one_sided 1.000 power_two_sided 1.000 kurtosis 0.699 spec_cnn 1.000  (21s)
  JSR  +11.0 dB  BER 3.62e-01  P(det)@0.05 power_one_sided 1.000 power_two_sided 1.000 kurtosis 0.693 spec_cnn 1.000  (21s)
  JSR  +12.0 dB  BER 3.77e-01  P(det)@0.05 power_one_sided 1.000 power_two_sided 1.000 kurtosis 0.736 spec_cnn 1.000  (22s)
  JSR  +13.0 dB  BER 3.88e-01  P(det)@0.05 power_one_sided 1.000 power_two_sided 1.000 kurtosis 0.729 spec_cnn 1.000  (22s)
  JSR  +14.0 dB  BER 3.97e-01  P(det)@0.05 power_one_sided 1.000 power_two_sided 1.000 kurtosis 0.711 spec_cnn 1.000  (22s)
  JSR  +15.0 dB  BER 4.11e-01  P(det)@0.05 power_one_sided 1.000 power_two_sided 1.000 kurtosis 0.752 spec_cnn 1.000  (23s)
  [snr_35] spec_cnn_b1e+06 confirmed: {"power_one_sided": {"0.01": {"index": 1, "sweep_ber": 0.0, "sweep_pdet": 0.017578125, "confirmed_ber": 0.0, "confirmed_ser": 0.0, "confirmed_pdet": 0.01416015625, "passed": false}, "0.05": {"index": 2, "sweep_ber": 0.0, "sweep_pdet": 0.060546875, "confirmed_ber": 0.0, "confirmed_ser": 0.0, "confirmed_pdet": 0.067626953125, "passed": false}}, "power_two_sided": {"0.01": {"index": 1, "sweep_ber": 0.0, "sweep_pdet": 0.015625, "confirmed_ber": 0.0, "confirmed_ser": 0.0, "confirmed_pdet": 0.021484375, "passed": false}, "0.05": null}, "kurtosis": {"0.01": {"index": 0, "sweep_ber": 0.0, "sweep_pdet": 0.013671875, "confirmed_ber": 0.0, "confirmed_ser": 0.0, "confirmed_pdet": 0.00634765625, "passed": true}, "0.05": {"index": 0, "sweep_ber": 0.0, "sweep_pdet": 0.05859375, "confirmed_ber": 0.0, "confirmed_ser": 0.0, "confirmed_pdet": 0.0458984375, "passed": true}}, "spec_cnn": {"0.01": {"index": 0, "sweep_ber": 0.0, "sweep_pdet": 0.013671875, "confirmed_ber": 0.0, "confirmed_ser": 0.0, "confirmed_pdet": 0.010009765625, "passed": true}, "0.05": {"index": 0, "sweep_ber": 0.0, "sweep_pdet": 0.048828125, "confirmed_ber": 0.0, "confirmed_ser": 0.0, "confirmed_pdet": 0.04931640625, "passed": true}}}  (1267s)
wrote ../artifacts/cgan/snr_ablation/run002/snr_snr_35.json in 1267s
