node: tikgpu07.ee.ethz.ch | gpu: NVIDIA GeForce RTX 3090
task 2 | snr_10 | SNR 10 dB | device cuda:0
  [snr_10] cached calibration used 4096 clean frames < 20000 requested; redoing
  [snr_10] scale vmin -24.48 vmax 39.37 dB, n0 1.250e-02  (0s)
  [snr_10] clean BER 1.872e-19, power mean 0.11249, kurtosis mean 1.6014, lrt on  (15s)
detectors: power_one_sided, power_two_sided, kurtosis, spec_cnn, lrt_noise  (thresholds re-calibrated at this level)
clean: BER 0.000e+00 (closed form 1.872e-19), FAR {"power_one_sided": 0.0537109375, "power_two_sided": 0.0556640625, "kurtosis": 0.04931640625, "spec_cnn": 0.04736328125}
  [snr_10] classical noise
    JSR  -50.0 dB  BER 0.00e+00  P(det)@0.05 power_one_sided 0.047 power_two_sided 0.055 kurtosis 0.027 spec_cnn 0.068 lrt_noise 0.041  (0s)
    JSR  -49.0 dB  BER 0.00e+00  P(det)@0.05 power_one_sided 0.047 power_two_sided 0.051 kurtosis 0.078 spec_cnn 0.049 lrt_noise 0.066  (0s)
    JSR  -48.0 dB  BER 0.00e+00  P(det)@0.05 power_one_sided 0.047 power_two_sided 0.053 kurtosis 0.041 spec_cnn 0.033 lrt_noise 0.061  (1s)
    JSR  -47.0 dB  BER 0.00e+00  P(det)@0.05 power_one_sided 0.072 power_two_sided 0.070 kurtosis 0.043 spec_cnn 0.045 lrt_noise 0.047  (1s)
    JSR  -46.0 dB  BER 0.00e+00  P(det)@0.05 power_one_sided 0.045 power_two_sided 0.051 kurtosis 0.062 spec_cnn 0.043 lrt_noise 0.039  (1s)
    JSR  -45.0 dB  BER 0.00e+00  P(det)@0.05 power_one_sided 0.047 power_two_sided 0.051 kurtosis 0.051 spec_cnn 0.039 lrt_noise 0.039  (1s)
    JSR  -44.0 dB  BER 0.00e+00  P(det)@0.05 power_one_sided 0.041 power_two_sided 0.047 kurtosis 0.045 spec_cnn 0.055 lrt_noise 0.064  (1s)
    JSR  -43.0 dB  BER 0.00e+00  P(det)@0.05 power_one_sided 0.051 power_two_sided 0.059 kurtosis 0.049 spec_cnn 0.043 lrt_noise 0.072  (2s)
    JSR  -42.0 dB  BER 0.00e+00  P(det)@0.05 power_one_sided 0.045 power_two_sided 0.035 kurtosis 0.059 spec_cnn 0.055 lrt_noise 0.059  (2s)
    JSR  -41.0 dB  BER 0.00e+00  P(det)@0.05 power_one_sided 0.057 power_two_sided 0.049 kurtosis 0.027 spec_cnn 0.041 lrt_noise 0.045  (2s)
    JSR  -40.0 dB  BER 0.00e+00  P(det)@0.05 power_one_sided 0.041 power_two_sided 0.043 kurtosis 0.057 spec_cnn 0.051 lrt_noise 0.055  (2s)
    JSR  -39.0 dB  BER 0.00e+00  P(det)@0.05 power_one_sided 0.055 power_two_sided 0.055 kurtosis 0.051 spec_cnn 0.045 lrt_noise 0.053  (2s)
    JSR  -38.0 dB  BER 0.00e+00  P(det)@0.05 power_one_sided 0.053 power_two_sided 0.049 kurtosis 0.072 spec_cnn 0.062 lrt_noise 0.061  (3s)
    JSR  -37.0 dB  BER 0.00e+00  P(det)@0.05 power_one_sided 0.051 power_two_sided 0.053 kurtosis 0.053 spec_cnn 0.059 lrt_noise 0.045  (3s)
    JSR  -36.0 dB  BER 0.00e+00  P(det)@0.05 power_one_sided 0.055 power_two_sided 0.057 kurtosis 0.064 spec_cnn 0.059 lrt_noise 0.086  (3s)
    JSR  -35.0 dB  BER 0.00e+00  P(det)@0.05 power_one_sided 0.061 power_two_sided 0.053 kurtosis 0.045 spec_cnn 0.051 lrt_noise 0.053  (3s)
    JSR  -34.0 dB  BER 0.00e+00  P(det)@0.05 power_one_sided 0.053 power_two_sided 0.066 kurtosis 0.053 spec_cnn 0.047 lrt_noise 0.043  (3s)
    JSR  -33.0 dB  BER 0.00e+00  P(det)@0.05 power_one_sided 0.055 power_two_sided 0.064 kurtosis 0.053 spec_cnn 0.059 lrt_noise 0.061  (4s)
    JSR  -32.0 dB  BER 0.00e+00  P(det)@0.05 power_one_sided 0.057 power_two_sided 0.045 kurtosis 0.057 spec_cnn 0.051 lrt_noise 0.080  (4s)
    JSR  -31.0 dB  BER 0.00e+00  P(det)@0.05 power_one_sided 0.043 power_two_sided 0.064 kurtosis 0.045 spec_cnn 0.033 lrt_noise 0.104  (4s)
    JSR  -30.0 dB  BER 0.00e+00  P(det)@0.05 power_one_sided 0.080 power_two_sided 0.082 kurtosis 0.070 spec_cnn 0.078 lrt_noise 0.086  (4s)
    JSR  -29.0 dB  BER 0.00e+00  P(det)@0.05 power_one_sided 0.072 power_two_sided 0.066 kurtosis 0.057 spec_cnn 0.049 lrt_noise 0.105  (4s)
    JSR  -28.0 dB  BER 0.00e+00  P(det)@0.05 power_one_sided 0.059 power_two_sided 0.051 kurtosis 0.064 spec_cnn 0.029 lrt_noise 0.146  (5s)
    JSR  -27.0 dB  BER 0.00e+00  P(det)@0.05 power_one_sided 0.068 power_two_sided 0.049 kurtosis 0.066 spec_cnn 0.061 lrt_noise 0.158  (5s)
    JSR  -26.0 dB  BER 0.00e+00  P(det)@0.05 power_one_sided 0.072 power_two_sided 0.047 kurtosis 0.047 spec_cnn 0.074 lrt_noise 0.258  (5s)
    JSR  -25.0 dB  BER 0.00e+00  P(det)@0.05 power_one_sided 0.111 power_two_sided 0.074 kurtosis 0.057 spec_cnn 0.055 lrt_noise 0.262  (5s)
    JSR  -24.0 dB  BER 0.00e+00  P(det)@0.05 power_one_sided 0.121 power_two_sided 0.092 kurtosis 0.064 spec_cnn 0.068 lrt_noise 0.410  (5s)
    JSR  -23.0 dB  BER 0.00e+00  P(det)@0.05 power_one_sided 0.086 power_two_sided 0.070 kurtosis 0.061 spec_cnn 0.064 lrt_noise 0.529  (6s)
    JSR  -22.0 dB  BER 0.00e+00  P(det)@0.05 power_one_sided 0.121 power_two_sided 0.084 kurtosis 0.045 spec_cnn 0.084 lrt_noise 0.730  (6s)
    JSR  -21.0 dB  BER 0.00e+00  P(det)@0.05 power_one_sided 0.168 power_two_sided 0.107 kurtosis 0.064 spec_cnn 0.105 lrt_noise 0.857  (6s)
    JSR  -20.0 dB  BER 0.00e+00  P(det)@0.05 power_one_sided 0.189 power_two_sided 0.127 kurtosis 0.084 spec_cnn 0.131 lrt_noise 0.963  (6s)
    JSR  -19.0 dB  BER 0.00e+00  P(det)@0.05 power_one_sided 0.305 power_two_sided 0.242 kurtosis 0.078 spec_cnn 0.168 lrt_noise 0.992  (6s)
    JSR  -18.0 dB  BER 0.00e+00  P(det)@0.05 power_one_sided 0.410 power_two_sided 0.314 kurtosis 0.104 spec_cnn 0.172 lrt_noise 0.998  (7s)
    JSR  -17.0 dB  BER 0.00e+00  P(det)@0.05 power_one_sided 0.535 power_two_sided 0.424 kurtosis 0.094 spec_cnn 0.238 lrt_noise 1.000  (7s)
    JSR  -16.0 dB  BER 0.00e+00  P(det)@0.05 power_one_sided 0.688 power_two_sided 0.570 kurtosis 0.133 spec_cnn 0.326 lrt_noise 1.000  (7s)
    JSR  -15.0 dB  BER 0.00e+00  P(det)@0.05 power_one_sided 0.809 power_two_sided 0.738 kurtosis 0.191 spec_cnn 0.428 lrt_noise 1.000  (7s)
    JSR  -14.0 dB  BER 0.00e+00  P(det)@0.05 power_one_sided 0.924 power_two_sided 0.875 kurtosis 0.256 spec_cnn 0.557 lrt_noise 1.000  (7s)
    JSR  -13.0 dB  BER 0.00e+00  P(det)@0.05 power_one_sided 0.990 power_two_sided 0.979 kurtosis 0.391 spec_cnn 0.770 lrt_noise 1.000  (8s)
    JSR  -12.0 dB  BER 0.00e+00  P(det)@0.05 power_one_sided 1.000 power_two_sided 0.998 kurtosis 0.469 spec_cnn 0.838 lrt_noise 1.000  (8s)
    JSR  -11.0 dB  BER 0.00e+00  P(det)@0.05 power_one_sided 1.000 power_two_sided 1.000 kurtosis 0.643 spec_cnn 0.949 lrt_noise 1.000  (8s)
    JSR  -10.0 dB  BER 0.00e+00  P(det)@0.05 power_one_sided 1.000 power_two_sided 1.000 kurtosis 0.809 spec_cnn 0.988 lrt_noise 1.000  (8s)
    JSR   -9.0 dB  BER 0.00e+00  P(det)@0.05 power_one_sided 1.000 power_two_sided 1.000 kurtosis 0.918 spec_cnn 1.000 lrt_noise 1.000  (8s)
    JSR   -8.0 dB  BER 0.00e+00  P(det)@0.05 power_one_sided 1.000 power_two_sided 1.000 kurtosis 0.980 spec_cnn 1.000 lrt_noise 1.000  (9s)
    JSR   -7.0 dB  BER 0.00e+00  P(det)@0.05 power_one_sided 1.000 power_two_sided 1.000 kurtosis 0.992 spec_cnn 1.000 lrt_noise 1.000  (9s)
    JSR   -6.0 dB  BER 7.63e-06  P(det)@0.05 power_one_sided 1.000 power_two_sided 1.000 kurtosis 1.000 spec_cnn 1.000 lrt_noise 1.000  (9s)
    JSR   -5.0 dB  BER 7.63e-06  P(det)@0.05 power_one_sided 1.000 power_two_sided 1.000 kurtosis 1.000 spec_cnn 1.000 lrt_noise 1.000  (9s)
    JSR   -4.0 dB  BER 3.81e-05  P(det)@0.05 power_one_sided 1.000 power_two_sided 1.000 kurtosis 1.000 spec_cnn 1.000 lrt_noise 1.000  (10s)
    JSR   -3.0 dB  BER 1.07e-04  P(det)@0.05 power_one_sided 1.000 power_two_sided 1.000 kurtosis 1.000 spec_cnn 1.000 lrt_noise 1.000  (10s)
    JSR   -2.0 dB  BER 5.57e-04  P(det)@0.05 power_one_sided 1.000 power_two_sided 1.000 kurtosis 1.000 spec_cnn 1.000 lrt_noise 1.000  (10s)
    JSR   -1.0 dB  BER 1.34e-03  P(det)@0.05 power_one_sided 1.000 power_two_sided 1.000 kurtosis 1.000 spec_cnn 1.000 lrt_noise 1.000  (10s)
    JSR   +0.0 dB  BER 3.06e-03  P(det)@0.05 power_one_sided 1.000 power_two_sided 1.000 kurtosis 1.000 spec_cnn 1.000 lrt_noise 1.000  (10s)
    JSR   +1.0 dB  BER 7.56e-03  P(det)@0.05 power_one_sided 1.000 power_two_sided 1.000 kurtosis 1.000 spec_cnn 1.000 lrt_noise 1.000  (11s)
    JSR   +2.0 dB  BER 1.42e-02  P(det)@0.05 power_one_sided 1.000 power_two_sided 1.000 kurtosis 1.000 spec_cnn 1.000 lrt_noise 1.000  (11s)
    JSR   +3.0 dB  BER 2.57e-02  P(det)@0.05 power_one_sided 1.000 power_two_sided 1.000 kurtosis 1.000 spec_cnn 1.000 lrt_noise 1.000  (11s)
    JSR   +4.0 dB  BER 3.95e-02  P(det)@0.05 power_one_sided 1.000 power_two_sided 1.000 kurtosis 1.000 spec_cnn 1.000 lrt_noise 1.000  (11s)
    JSR   +5.0 dB  BER 5.93e-02  P(det)@0.05 power_one_sided 1.000 power_two_sided 1.000 kurtosis 1.000 spec_cnn 1.000 lrt_noise 1.000  (11s)
    JSR   +6.0 dB  BER 8.12e-02  P(det)@0.05 power_one_sided 1.000 power_two_sided 1.000 kurtosis 1.000 spec_cnn 1.000 lrt_noise 1.000  (12s)
    JSR   +7.0 dB  BER 1.06e-01  P(det)@0.05 power_one_sided 1.000 power_two_sided 1.000 kurtosis 1.000 spec_cnn 1.000 lrt_noise 1.000  (12s)
    JSR   +8.0 dB  BER 1.31e-01  P(det)@0.05 power_one_sided 1.000 power_two_sided 1.000 kurtosis 1.000 spec_cnn 1.000 lrt_noise 1.000  (12s)
    JSR   +9.0 dB  BER 1.60e-01  P(det)@0.05 power_one_sided 1.000 power_two_sided 1.000 kurtosis 1.000 spec_cnn 1.000 lrt_noise 1.000  (12s)
    JSR  +10.0 dB  BER 1.84e-01  P(det)@0.05 power_one_sided 1.000 power_two_sided 1.000 kurtosis 1.000 spec_cnn 1.000 lrt_noise 1.000  (12s)
    JSR  +11.0 dB  BER 2.14e-01  P(det)@0.05 power_one_sided 1.000 power_two_sided 1.000 kurtosis 1.000 spec_cnn 1.000 lrt_noise 1.000  (13s)
    JSR  +12.0 dB  BER 2.42e-01  P(det)@0.05 power_one_sided 1.000 power_two_sided 1.000 kurtosis 1.000 spec_cnn 1.000 lrt_noise 1.000  (13s)
    JSR  +13.0 dB  BER 2.66e-01  P(det)@0.05 power_one_sided 1.000 power_two_sided 1.000 kurtosis 1.000 spec_cnn 1.000 lrt_noise 1.000  (13s)
    JSR  +14.0 dB  BER 2.88e-01  P(det)@0.05 power_one_sided 1.000 power_two_sided 1.000 kurtosis 1.000 spec_cnn 1.000 lrt_noise 1.000  (13s)
    JSR  +15.0 dB  BER 3.11e-01  P(det)@0.05 power_one_sided 1.000 power_two_sided 1.000 kurtosis 1.000 spec_cnn 1.000 lrt_noise 1.000  (13s)
  [snr_10] noise confirmed: {"power_one_sided": {"0.01": {"index": 0, "sweep_ber": 0.0, "sweep_pdet": 0.009765625, "confirmed_ber": 0.0, "confirmed_ser": 0.0, "confirmed_pdet": 0.00927734375, "passed": true}, "0.05": {"index": 0, "sweep_ber": 0.0, "sweep_pdet": 0.046875, "confirmed_ber": 0.0, "confirmed_ser": 0.0, "confirmed_pdet": 0.047607421875, "passed": true}}, "power_two_sided": {"0.01": {"index": 0, "sweep_ber": 0.0, "sweep_pdet": 0.009765625, "confirmed_ber": 0.0, "confirmed_ser": 0.0, "confirmed_pdet": 0.010986328125, "passed": true}, "0.05": {"index": 0, "sweep_ber": 0.0, "sweep_pdet": 0.0546875, "confirmed_ber": 0.0, "confirmed_ser": 0.0, "confirmed_pdet": 0.048095703125, "passed": true}}, "kurtosis": {"0.01": {"index": 0, "sweep_ber": 0.0, "sweep_pdet": 0.001953125, "confirmed_ber": 0.0, "confirmed_ser": 0.0, "confirmed_pdet": 0.01025390625, "passed": true}, "0.05": {"index": 0, "sweep_ber": 0.0, "sweep_pdet": 0.02734375, "confirmed_ber": 0.0, "confirmed_ser": 0.0, "confirmed_pdet": 0.054443359375, "passed": true}}, "spec_cnn": {"0.01": {"index": 0, "sweep_ber": 0.0, "sweep_pdet": 0.013671875, "confirmed_ber": 0.0, "confirmed_ser": 0.0, "confirmed_pdet": 0.011962890625, "passed": true}, "0.05": {"index": 0, "sweep_ber": 0.0, "sweep_pdet": 0.068359375, "confirmed_ber": 0.0, "confirmed_ser": 0.0, "confirmed_pdet": 0.040771484375, "passed": true}}, "lrt_noise": {"0.01": {"index": 0, "sweep_ber": 0.0, "sweep_pdet": 0.0078125, "confirmed_ber": 0.0, "confirmed_ser": 0.0, "confirmed_pdet": 0.010986328125, "passed": true}, "0.05": {"index": 0, "sweep_ber": 0.0, "sweep_pdet": 0.041015625, "confirmed_ber": 0.0, "confirmed_ser": 0.0, "confirmed_pdet": 0.049560546875, "passed": true}}}  (46s)
  [snr_10] classical pulsed_p1
    JSR  -50.0 dB  BER 0.00e+00  P(det)@0.05 power_one_sided 0.049 power_two_sided 0.064 kurtosis 0.066 spec_cnn 0.051  (0s)
    JSR  -49.0 dB  BER 0.00e+00  P(det)@0.05 power_one_sided 0.055 power_two_sided 0.049 kurtosis 0.039 spec_cnn 0.055  (0s)
    JSR  -48.0 dB  BER 0.00e+00  P(det)@0.05 power_one_sided 0.045 power_two_sided 0.062 kurtosis 0.064 spec_cnn 0.043  (1s)
    JSR  -47.0 dB  BER 0.00e+00  P(det)@0.05 power_one_sided 0.051 power_two_sided 0.037 kurtosis 0.061 spec_cnn 0.041  (1s)
    JSR  -46.0 dB  BER 0.00e+00  P(det)@0.05 power_one_sided 0.041 power_two_sided 0.047 kurtosis 0.039 spec_cnn 0.029  (1s)
    JSR  -45.0 dB  BER 0.00e+00  P(det)@0.05 power_one_sided 0.031 power_two_sided 0.045 kurtosis 0.043 spec_cnn 0.055  (1s)
    JSR  -44.0 dB  BER 0.00e+00  P(det)@0.05 power_one_sided 0.047 power_two_sided 0.057 kurtosis 0.043 spec_cnn 0.055  (1s)
    JSR  -43.0 dB  BER 0.00e+00  P(det)@0.05 power_one_sided 0.053 power_two_sided 0.043 kurtosis 0.057 spec_cnn 0.047  (2s)
    JSR  -42.0 dB  BER 0.00e+00  P(det)@0.05 power_one_sided 0.053 power_two_sided 0.068 kurtosis 0.039 spec_cnn 0.043  (2s)
    JSR  -41.0 dB  BER 0.00e+00  P(det)@0.05 power_one_sided 0.064 power_two_sided 0.051 kurtosis 0.047 spec_cnn 0.043  (2s)
    JSR  -40.0 dB  BER 0.00e+00  P(det)@0.05 power_one_sided 0.053 power_two_sided 0.061 kurtosis 0.049 spec_cnn 0.039  (2s)
    JSR  -39.0 dB  BER 0.00e+00  P(det)@0.05 power_one_sided 0.051 power_two_sided 0.047 kurtosis 0.047 spec_cnn 0.057  (2s)
    JSR  -38.0 dB  BER 0.00e+00  P(det)@0.05 power_one_sided 0.051 power_two_sided 0.041 kurtosis 0.064 spec_cnn 0.047  (3s)
    JSR  -37.0 dB  BER 0.00e+00  P(det)@0.05 power_one_sided 0.066 power_two_sided 0.066 kurtosis 0.045 spec_cnn 0.061  (3s)
    JSR  -36.0 dB  BER 0.00e+00  P(det)@0.05 power_one_sided 0.061 power_two_sided 0.057 kurtosis 0.051 spec_cnn 0.041  (3s)
    JSR  -35.0 dB  BER 0.00e+00  P(det)@0.05 power_one_sided 0.049 power_two_sided 0.043 kurtosis 0.053 spec_cnn 0.037  (3s)
    JSR  -34.0 dB  BER 0.00e+00  P(det)@0.05 power_one_sided 0.074 power_two_sided 0.080 kurtosis 0.061 spec_cnn 0.053  (4s)
    JSR  -33.0 dB  BER 0.00e+00  P(det)@0.05 power_one_sided 0.055 power_two_sided 0.049 kurtosis 0.051 spec_cnn 0.043  (4s)
    JSR  -32.0 dB  BER 0.00e+00  P(det)@0.05 power_one_sided 0.066 power_two_sided 0.061 kurtosis 0.061 spec_cnn 0.055  (4s)
    JSR  -31.0 dB  BER 0.00e+00  P(det)@0.05 power_one_sided 0.066 power_two_sided 0.070 kurtosis 0.047 spec_cnn 0.053  (4s)
    JSR  -30.0 dB  BER 0.00e+00  P(det)@0.05 power_one_sided 0.066 power_two_sided 0.053 kurtosis 0.064 spec_cnn 0.068  (4s)
    JSR  -29.0 dB  BER 0.00e+00  P(det)@0.05 power_one_sided 0.084 power_two_sided 0.074 kurtosis 0.062 spec_cnn 0.051  (5s)
    JSR  -28.0 dB  BER 0.00e+00  P(det)@0.05 power_one_sided 0.086 power_two_sided 0.064 kurtosis 0.055 spec_cnn 0.059  (5s)
    JSR  -27.0 dB  BER 0.00e+00  P(det)@0.05 power_one_sided 0.068 power_two_sided 0.062 kurtosis 0.055 spec_cnn 0.053  (5s)
    JSR  -26.0 dB  BER 0.00e+00  P(det)@0.05 power_one_sided 0.082 power_two_sided 0.074 kurtosis 0.064 spec_cnn 0.055  (5s)
    JSR  -25.0 dB  BER 0.00e+00  P(det)@0.05 power_one_sided 0.102 power_two_sided 0.070 kurtosis 0.059 spec_cnn 0.066  (5s)
    JSR  -24.0 dB  BER 0.00e+00  P(det)@0.05 power_one_sided 0.135 power_two_sided 0.109 kurtosis 0.080 spec_cnn 0.059  (6s)
    JSR  -23.0 dB  BER 0.00e+00  P(det)@0.05 power_one_sided 0.156 power_two_sided 0.113 kurtosis 0.076 spec_cnn 0.062  (6s)
    JSR  -22.0 dB  BER 0.00e+00  P(det)@0.05 power_one_sided 0.172 power_two_sided 0.127 kurtosis 0.070 spec_cnn 0.064  (6s)
    JSR  -21.0 dB  BER 0.00e+00  P(det)@0.05 power_one_sided 0.223 power_two_sided 0.186 kurtosis 0.086 spec_cnn 0.064  (6s)
    JSR  -20.0 dB  BER 0.00e+00  P(det)@0.05 power_one_sided 0.271 power_two_sided 0.215 kurtosis 0.082 spec_cnn 0.074  (7s)
    JSR  -19.0 dB  BER 0.00e+00  P(det)@0.05 power_one_sided 0.297 power_two_sided 0.240 kurtosis 0.104 spec_cnn 0.094  (7s)
    JSR  -18.0 dB  BER 0.00e+00  P(det)@0.05 power_one_sided 0.359 power_two_sided 0.295 kurtosis 0.115 spec_cnn 0.098  (7s)
    JSR  -17.0 dB  BER 0.00e+00  P(det)@0.05 power_one_sided 0.467 power_two_sided 0.414 kurtosis 0.180 spec_cnn 0.115  (7s)
    JSR  -16.0 dB  BER 0.00e+00  P(det)@0.05 power_one_sided 0.572 power_two_sided 0.506 kurtosis 0.189 spec_cnn 0.139  (7s)
    JSR  -15.0 dB  BER 0.00e+00  P(det)@0.05 power_one_sided 0.648 power_two_sided 0.578 kurtosis 0.324 spec_cnn 0.146  (8s)
    JSR  -14.0 dB  BER 0.00e+00  P(det)@0.05 power_one_sided 0.773 power_two_sided 0.725 kurtosis 0.422 spec_cnn 0.148  (8s)
    JSR  -13.0 dB  BER 0.00e+00  P(det)@0.05 power_one_sided 0.850 power_two_sided 0.816 kurtosis 0.545 spec_cnn 0.164  (8s)
    JSR  -12.0 dB  BER 0.00e+00  P(det)@0.05 power_one_sided 0.941 power_two_sided 0.916 kurtosis 0.715 spec_cnn 0.182  (8s)
    JSR  -11.0 dB  BER 0.00e+00  P(det)@0.05 power_one_sided 0.959 power_two_sided 0.951 kurtosis 0.834 spec_cnn 0.234  (8s)
    JSR  -10.0 dB  BER 7.63e-06  P(det)@0.05 power_one_sided 0.982 power_two_sided 0.971 kurtosis 0.928 spec_cnn 0.287  (9s)
    JSR   -9.0 dB  BER 2.29e-05  P(det)@0.05 power_one_sided 0.994 power_two_sided 0.990 kurtosis 0.975 spec_cnn 0.346  (9s)
    JSR   -8.0 dB  BER 2.29e-04  P(det)@0.05 power_one_sided 1.000 power_two_sided 1.000 kurtosis 0.996 spec_cnn 0.373  (9s)
    JSR   -7.0 dB  BER 1.08e-03  P(det)@0.05 power_one_sided 1.000 power_two_sided 1.000 kurtosis 1.000 spec_cnn 0.389  (9s)
    JSR   -6.0 dB  BER 3.97e-03  P(det)@0.05 power_one_sided 1.000 power_two_sided 1.000 kurtosis 0.998 spec_cnn 0.438  (9s)
    JSR   -5.0 dB  BER 1.26e-02  P(det)@0.05 power_one_sided 1.000 power_two_sided 1.000 kurtosis 1.000 spec_cnn 0.510  (10s)
    JSR   -4.0 dB  BER 3.27e-02  P(det)@0.05 power_one_sided 1.000 power_two_sided 1.000 kurtosis 1.000 spec_cnn 0.592  (10s)
    JSR   -3.0 dB  BER 6.85e-02  P(det)@0.05 power_one_sided 1.000 power_two_sided 1.000 kurtosis 1.000 spec_cnn 0.689  (10s)
    JSR   -2.0 dB  BER 1.10e-01  P(det)@0.05 power_one_sided 1.000 power_two_sided 1.000 kurtosis 1.000 spec_cnn 0.756  (10s)
    JSR   -1.0 dB  BER 1.61e-01  P(det)@0.05 power_one_sided 1.000 power_two_sided 1.000 kurtosis 1.000 spec_cnn 0.844  (11s)
    JSR   +0.0 dB  BER 2.01e-01  P(det)@0.05 power_one_sided 1.000 power_two_sided 1.000 kurtosis 1.000 spec_cnn 0.938  (11s)
    JSR   +1.0 dB  BER 2.32e-01  P(det)@0.05 power_one_sided 1.000 power_two_sided 1.000 kurtosis 1.000 spec_cnn 0.941  (11s)
    JSR   +2.0 dB  BER 2.67e-01  P(det)@0.05 power_one_sided 1.000 power_two_sided 1.000 kurtosis 1.000 spec_cnn 0.992  (11s)
    JSR   +3.0 dB  BER 2.86e-01  P(det)@0.05 power_one_sided 1.000 power_two_sided 1.000 kurtosis 0.986 spec_cnn 1.000  (11s)
    JSR   +4.0 dB  BER 3.14e-01  P(det)@0.05 power_one_sided 1.000 power_two_sided 1.000 kurtosis 0.943 spec_cnn 1.000  (12s)
    JSR   +5.0 dB  BER 3.35e-01  P(det)@0.05 power_one_sided 1.000 power_two_sided 1.000 kurtosis 0.756 spec_cnn 1.000  (12s)
    JSR   +6.0 dB  BER 3.49e-01  P(det)@0.05 power_one_sided 1.000 power_two_sided 1.000 kurtosis 0.449 spec_cnn 1.000  (12s)
    JSR   +7.0 dB  BER 3.66e-01  P(det)@0.05 power_one_sided 1.000 power_two_sided 1.000 kurtosis 0.150 spec_cnn 1.000  (12s)
    JSR   +8.0 dB  BER 3.81e-01  P(det)@0.05 power_one_sided 1.000 power_two_sided 1.000 kurtosis 0.414 spec_cnn 1.000  (13s)
    JSR   +9.0 dB  BER 3.90e-01  P(det)@0.05 power_one_sided 1.000 power_two_sided 1.000 kurtosis 0.840 spec_cnn 1.000  (13s)
    JSR  +10.0 dB  BER 4.00e-01  P(det)@0.05 power_one_sided 1.000 power_two_sided 1.000 kurtosis 0.967 spec_cnn 1.000  (13s)
    JSR  +11.0 dB  BER 4.10e-01  P(det)@0.05 power_one_sided 1.000 power_two_sided 1.000 kurtosis 1.000 spec_cnn 1.000  (13s)
    JSR  +12.0 dB  BER 4.21e-01  P(det)@0.05 power_one_sided 1.000 power_two_sided 1.000 kurtosis 1.000 spec_cnn 1.000  (13s)
    JSR  +13.0 dB  BER 4.33e-01  P(det)@0.05 power_one_sided 1.000 power_two_sided 1.000 kurtosis 1.000 spec_cnn 1.000  (14s)
    JSR  +14.0 dB  BER 4.35e-01  P(det)@0.05 power_one_sided 1.000 power_two_sided 1.000 kurtosis 1.000 spec_cnn 1.000  (14s)
    JSR  +15.0 dB  BER 4.42e-01  P(det)@0.05 power_one_sided 1.000 power_two_sided 1.000 kurtosis 1.000 spec_cnn 1.000  (14s)
  [snr_10] pulsed_p1 confirmed: {"power_one_sided": {"0.01": {"index": 0, "sweep_ber": 0.0, "sweep_pdet": 0.00390625, "confirmed_ber": 0.0, "confirmed_ser": 0.0, "confirmed_pdet": 0.01025390625, "passed": true}, "0.05": {"index": 0, "sweep_ber": 0.0, "sweep_pdet": 0.048828125, "confirmed_ber": 0.0, "confirmed_ser": 0.0, "confirmed_pdet": 0.05126953125, "passed": true}}, "power_two_sided": {"0.01": {"index": 0, "sweep_ber": 0.0, "sweep_pdet": 0.009765625, "confirmed_ber": 0.0, "confirmed_ser": 0.0, "confirmed_pdet": 0.01025390625, "passed": true}, "0.05": {"index": 0, "sweep_ber": 0.0, "sweep_pdet": 0.064453125, "confirmed_ber": 0.0, "confirmed_ser": 0.0, "confirmed_pdet": 0.045654296875, "passed": true}}, "kurtosis": {"0.01": {"index": 0, "sweep_ber": 0.0, "sweep_pdet": 0.017578125, "confirmed_ber": 0.0, "confirmed_ser": 0.0, "confirmed_pdet": 0.011474609375, "passed": true}, "0.05": {"index": 0, "sweep_ber": 0.0, "sweep_pdet": 0.06640625, "confirmed_ber": 0.0, "confirmed_ser": 0.0, "confirmed_pdet": 0.04833984375, "passed": true}}, "spec_cnn": {"0.01": {"index": 0, "sweep_ber": 0.0, "sweep_pdet": 0.009765625, "confirmed_ber": 0.0, "confirmed_ser": 0.0, "confirmed_pdet": 0.009521484375, "passed": true}, "0.05": {"index": 0, "sweep_ber": 0.0, "sweep_pdet": 0.05078125, "confirmed_ber": 0.0, "confirmed_ser": 0.0, "confirmed_pdet": 0.049560546875, "passed": true}}}  (75s)
  [snr_10] classical pulsed_p0.5
    JSR  -50.0 dB  BER 0.00e+00  P(det)@0.05 power_one_sided 0.043 power_two_sided 0.057 kurtosis 0.078 spec_cnn 0.049  (0s)
    JSR  -49.0 dB  BER 0.00e+00  P(det)@0.05 power_one_sided 0.057 power_two_sided 0.055 kurtosis 0.053 spec_cnn 0.049  (0s)
    JSR  -48.0 dB  BER 0.00e+00  P(det)@0.05 power_one_sided 0.057 power_two_sided 0.055 kurtosis 0.051 spec_cnn 0.039  (1s)
    JSR  -47.0 dB  BER 0.00e+00  P(det)@0.05 power_one_sided 0.035 power_two_sided 0.043 kurtosis 0.045 spec_cnn 0.037  (1s)
    JSR  -46.0 dB  BER 0.00e+00  P(det)@0.05 power_one_sided 0.049 power_two_sided 0.064 kurtosis 0.049 spec_cnn 0.045  (1s)
    JSR  -45.0 dB  BER 0.00e+00  P(det)@0.05 power_one_sided 0.041 power_two_sided 0.055 kurtosis 0.066 spec_cnn 0.043  (1s)
    JSR  -44.0 dB  BER 0.00e+00  P(det)@0.05 power_one_sided 0.037 power_two_sided 0.031 kurtosis 0.053 spec_cnn 0.051  (2s)
    JSR  -43.0 dB  BER 0.00e+00  P(det)@0.05 power_one_sided 0.066 power_two_sided 0.070 kurtosis 0.059 spec_cnn 0.059  (2s)
    JSR  -42.0 dB  BER 0.00e+00  P(det)@0.05 power_one_sided 0.057 power_two_sided 0.053 kurtosis 0.055 spec_cnn 0.047  (2s)
    JSR  -41.0 dB  BER 0.00e+00  P(det)@0.05 power_one_sided 0.053 power_two_sided 0.057 kurtosis 0.064 spec_cnn 0.062  (2s)
    JSR  -40.0 dB  BER 0.00e+00  P(det)@0.05 power_one_sided 0.035 power_two_sided 0.041 kurtosis 0.061 spec_cnn 0.055  (3s)
    JSR  -39.0 dB  BER 0.00e+00  P(det)@0.05 power_one_sided 0.062 power_two_sided 0.062 kurtosis 0.045 spec_cnn 0.049  (3s)
    JSR  -38.0 dB  BER 0.00e+00  P(det)@0.05 power_one_sided 0.062 power_two_sided 0.057 kurtosis 0.055 spec_cnn 0.041  (3s)
    JSR  -37.0 dB  BER 0.00e+00  P(det)@0.05 power_one_sided 0.041 power_two_sided 0.029 kurtosis 0.049 spec_cnn 0.039  (3s)
    JSR  -36.0 dB  BER 0.00e+00  P(det)@0.05 power_one_sided 0.062 power_two_sided 0.072 kurtosis 0.039 spec_cnn 0.053  (4s)
    JSR  -35.0 dB  BER 0.00e+00  P(det)@0.05 power_one_sided 0.055 power_two_sided 0.043 kurtosis 0.039 spec_cnn 0.043  (4s)
    JSR  -34.0 dB  BER 0.00e+00  P(det)@0.05 power_one_sided 0.059 power_two_sided 0.041 kurtosis 0.068 spec_cnn 0.041  (4s)
    JSR  -33.0 dB  BER 0.00e+00  P(det)@0.05 power_one_sided 0.062 power_two_sided 0.055 kurtosis 0.062 spec_cnn 0.059  (4s)
    JSR  -32.0 dB  BER 0.00e+00  P(det)@0.05 power_one_sided 0.061 power_two_sided 0.064 kurtosis 0.072 spec_cnn 0.047  (5s)
    JSR  -31.0 dB  BER 0.00e+00  P(det)@0.05 power_one_sided 0.057 power_two_sided 0.051 kurtosis 0.053 spec_cnn 0.053  (5s)
    JSR  -30.0 dB  BER 0.00e+00  P(det)@0.05 power_one_sided 0.057 power_two_sided 0.055 kurtosis 0.043 spec_cnn 0.053  (5s)
    JSR  -29.0 dB  BER 0.00e+00  P(det)@0.05 power_one_sided 0.078 power_two_sided 0.076 kurtosis 0.074 spec_cnn 0.053  (5s)
    JSR  -28.0 dB  BER 0.00e+00  P(det)@0.05 power_one_sided 0.068 power_two_sided 0.066 kurtosis 0.066 spec_cnn 0.074  (6s)
    JSR  -27.0 dB  BER 0.00e+00  P(det)@0.05 power_one_sided 0.072 power_two_sided 0.072 kurtosis 0.059 spec_cnn 0.045  (6s)
    JSR  -26.0 dB  BER 0.00e+00  P(det)@0.05 power_one_sided 0.092 power_two_sided 0.074 kurtosis 0.062 spec_cnn 0.064  (6s)
    JSR  -25.0 dB  BER 0.00e+00  P(det)@0.05 power_one_sided 0.111 power_two_sided 0.086 kurtosis 0.057 spec_cnn 0.051  (6s)
    JSR  -24.0 dB  BER 0.00e+00  P(det)@0.05 power_one_sided 0.105 power_two_sided 0.082 kurtosis 0.051 spec_cnn 0.051  (7s)
    JSR  -23.0 dB  BER 0.00e+00  P(det)@0.05 power_one_sided 0.143 power_two_sided 0.115 kurtosis 0.057 spec_cnn 0.055  (7s)
    JSR  -22.0 dB  BER 0.00e+00  P(det)@0.05 power_one_sided 0.156 power_two_sided 0.141 kurtosis 0.066 spec_cnn 0.062  (7s)
    JSR  -21.0 dB  BER 0.00e+00  P(det)@0.05 power_one_sided 0.209 power_two_sided 0.189 kurtosis 0.072 spec_cnn 0.078  (7s)
    JSR  -20.0 dB  BER 0.00e+00  P(det)@0.05 power_one_sided 0.246 power_two_sided 0.199 kurtosis 0.084 spec_cnn 0.076  (8s)
    JSR  -19.0 dB  BER 0.00e+00  P(det)@0.05 power_one_sided 0.271 power_two_sided 0.227 kurtosis 0.098 spec_cnn 0.066  (8s)
    JSR  -18.0 dB  BER 0.00e+00  P(det)@0.05 power_one_sided 0.355 power_two_sided 0.293 kurtosis 0.098 spec_cnn 0.096  (8s)
    JSR  -17.0 dB  BER 0.00e+00  P(det)@0.05 power_one_sided 0.508 power_two_sided 0.414 kurtosis 0.150 spec_cnn 0.125  (8s)
    JSR  -16.0 dB  BER 0.00e+00  P(det)@0.05 power_one_sided 0.555 power_two_sided 0.480 kurtosis 0.215 spec_cnn 0.109  (9s)
    JSR  -15.0 dB  BER 0.00e+00  P(det)@0.05 power_one_sided 0.654 power_two_sided 0.613 kurtosis 0.322 spec_cnn 0.137  (9s)
    JSR  -14.0 dB  BER 0.00e+00  P(det)@0.05 power_one_sided 0.795 power_two_sided 0.740 kurtosis 0.436 spec_cnn 0.141  (9s)
    JSR  -13.0 dB  BER 0.00e+00  P(det)@0.05 power_one_sided 0.834 power_two_sided 0.793 kurtosis 0.602 spec_cnn 0.168  (9s)
    JSR  -12.0 dB  BER 7.63e-06  P(det)@0.05 power_one_sided 0.912 power_two_sided 0.893 kurtosis 0.756 spec_cnn 0.207  (10s)
    JSR  -11.0 dB  BER 2.29e-05  P(det)@0.05 power_one_sided 0.959 power_two_sided 0.945 kurtosis 0.885 spec_cnn 0.229  (10s)
    JSR  -10.0 dB  BER 8.39e-05  P(det)@0.05 power_one_sided 0.992 power_two_sided 0.984 kurtosis 0.945 spec_cnn 0.297  (10s)
    JSR   -9.0 dB  BER 8.85e-04  P(det)@0.05 power_one_sided 0.992 power_two_sided 0.992 kurtosis 0.988 spec_cnn 0.305  (10s)
    JSR   -8.0 dB  BER 3.56e-03  P(det)@0.05 power_one_sided 1.000 power_two_sided 1.000 kurtosis 0.998 spec_cnn 0.318  (11s)
    JSR   -7.0 dB  BER 1.04e-02  P(det)@0.05 power_one_sided 1.000 power_two_sided 1.000 kurtosis 1.000 spec_cnn 0.373  (11s)
    JSR   -6.0 dB  BER 2.37e-02  P(det)@0.05 power_one_sided 1.000 power_two_sided 1.000 kurtosis 1.000 spec_cnn 0.430  (11s)
    JSR   -5.0 dB  BER 4.57e-02  P(det)@0.05 power_one_sided 1.000 power_two_sided 1.000 kurtosis 1.000 spec_cnn 0.510  (12s)
    JSR   -4.0 dB  BER 7.26e-02  P(det)@0.05 power_one_sided 1.000 power_two_sided 1.000 kurtosis 1.000 spec_cnn 0.604  (12s)
    JSR   -3.0 dB  BER 9.40e-02  P(det)@0.05 power_one_sided 1.000 power_two_sided 1.000 kurtosis 1.000 spec_cnn 0.648  (12s)
    JSR   -2.0 dB  BER 1.17e-01  P(det)@0.05 power_one_sided 1.000 power_two_sided 1.000 kurtosis 1.000 spec_cnn 0.719  (12s)
    JSR   -1.0 dB  BER 1.36e-01  P(det)@0.05 power_one_sided 1.000 power_two_sided 1.000 kurtosis 1.000 spec_cnn 0.830  (13s)
    JSR   +0.0 dB  BER 1.52e-01  P(det)@0.05 power_one_sided 1.000 power_two_sided 1.000 kurtosis 1.000 spec_cnn 0.918  (13s)
    JSR   +1.0 dB  BER 1.74e-01  P(det)@0.05 power_one_sided 1.000 power_two_sided 1.000 kurtosis 1.000 spec_cnn 0.973  (13s)
    JSR   +2.0 dB  BER 1.87e-01  P(det)@0.05 power_one_sided 1.000 power_two_sided 1.000 kurtosis 1.000 spec_cnn 0.992  (13s)
    JSR   +3.0 dB  BER 1.98e-01  P(det)@0.05 power_one_sided 1.000 power_two_sided 1.000 kurtosis 1.000 spec_cnn 1.000  (14s)
    JSR   +4.0 dB  BER 2.17e-01  P(det)@0.05 power_one_sided 1.000 power_two_sided 1.000 kurtosis 1.000 spec_cnn 1.000  (14s)
    JSR   +5.0 dB  BER 2.27e-01  P(det)@0.05 power_one_sided 1.000 power_two_sided 1.000 kurtosis 1.000 spec_cnn 1.000  (14s)
    JSR   +6.0 dB  BER 2.43e-01  P(det)@0.05 power_one_sided 1.000 power_two_sided 1.000 kurtosis 1.000 spec_cnn 1.000  (14s)
    JSR   +7.0 dB  BER 2.55e-01  P(det)@0.05 power_one_sided 1.000 power_two_sided 1.000 kurtosis 1.000 spec_cnn 1.000  (15s)
    JSR   +8.0 dB  BER 2.66e-01  P(det)@0.05 power_one_sided 1.000 power_two_sided 1.000 kurtosis 1.000 spec_cnn 1.000  (15s)
    JSR   +9.0 dB  BER 2.80e-01  P(det)@0.05 power_one_sided 1.000 power_two_sided 1.000 kurtosis 1.000 spec_cnn 1.000  (15s)
    JSR  +10.0 dB  BER 2.87e-01  P(det)@0.05 power_one_sided 1.000 power_two_sided 1.000 kurtosis 1.000 spec_cnn 1.000  (15s)
    JSR  +11.0 dB  BER 2.99e-01  P(det)@0.05 power_one_sided 1.000 power_two_sided 1.000 kurtosis 1.000 spec_cnn 1.000  (16s)
    JSR  +12.0 dB  BER 3.18e-01  P(det)@0.05 power_one_sided 1.000 power_two_sided 1.000 kurtosis 1.000 spec_cnn 1.000  (16s)
    JSR  +13.0 dB  BER 3.25e-01  P(det)@0.05 power_one_sided 1.000 power_two_sided 1.000 kurtosis 1.000 spec_cnn 1.000  (16s)
    JSR  +14.0 dB  BER 3.34e-01  P(det)@0.05 power_one_sided 1.000 power_two_sided 1.000 kurtosis 1.000 spec_cnn 1.000  (16s)
    JSR  +15.0 dB  BER 3.39e-01  P(det)@0.05 power_one_sided 1.000 power_two_sided 1.000 kurtosis 1.000 spec_cnn 1.000  (17s)
  [snr_10] pulsed_p0.5 confirmed: {"power_one_sided": {"0.01": {"index": 0, "sweep_ber": 0.0, "sweep_pdet": 0.00390625, "confirmed_ber": 0.0, "confirmed_ser": 0.0, "confirmed_pdet": 0.010498046875, "passed": true}, "0.05": {"index": 0, "sweep_ber": 0.0, "sweep_pdet": 0.04296875, "confirmed_ber": 0.0, "confirmed_ser": 0.0, "confirmed_pdet": 0.04736328125, "passed": true}}, "power_two_sided": {"0.01": {"index": 0, "sweep_ber": 0.0, "sweep_pdet": 0.0078125, "confirmed_ber": 0.0, "confirmed_ser": 0.0, "confirmed_pdet": 0.00927734375, "passed": true}, "0.05": {"index": 0, "sweep_ber": 0.0, "sweep_pdet": 0.056640625, "confirmed_ber": 0.0, "confirmed_ser": 0.0, "confirmed_pdet": 0.04931640625, "passed": true}}, "kurtosis": {"0.01": {"index": 1, "sweep_ber": 0.0, "sweep_pdet": 0.015625, "confirmed_ber": 0.0, "confirmed_ser": 0.0, "confirmed_pdet": 0.011474609375, "passed": true}, "0.05": {"index": 1, "sweep_ber": 0.0, "sweep_pdet": 0.052734375, "confirmed_ber": 0.0, "confirmed_ser": 0.0, "confirmed_pdet": 0.05078125, "passed": true}}, "spec_cnn": {"0.01": {"index": 0, "sweep_ber": 0.0, "sweep_pdet": 0.009765625, "confirmed_ber": 0.0, "confirmed_ser": 0.0, "confirmed_pdet": 0.00830078125, "passed": true}, "0.05": {"index": 0, "sweep_ber": 0.0, "sweep_pdet": 0.048828125, "confirmed_ber": 0.0, "confirmed_ser": 0.0, "confirmed_pdet": 0.052001953125, "passed": true}}}  (109s)
  [snr_10] classical pulsed_p0.25
    JSR  -50.0 dB  BER 0.00e+00  P(det)@0.05 power_one_sided 0.064 power_two_sided 0.051 kurtosis 0.043 spec_cnn 0.043  (0s)
    JSR  -49.0 dB  BER 0.00e+00  P(det)@0.05 power_one_sided 0.064 power_two_sided 0.061 kurtosis 0.049 spec_cnn 0.045  (0s)
    JSR  -48.0 dB  BER 0.00e+00  P(det)@0.05 power_one_sided 0.047 power_two_sided 0.055 kurtosis 0.059 spec_cnn 0.051  (1s)
    JSR  -47.0 dB  BER 0.00e+00  P(det)@0.05 power_one_sided 0.059 power_two_sided 0.057 kurtosis 0.037 spec_cnn 0.043  (1s)
    JSR  -46.0 dB  BER 0.00e+00  P(det)@0.05 power_one_sided 0.055 power_two_sided 0.066 kurtosis 0.043 spec_cnn 0.059  (1s)
    JSR  -45.0 dB  BER 0.00e+00  P(det)@0.05 power_one_sided 0.061 power_two_sided 0.070 kurtosis 0.045 spec_cnn 0.035  (2s)
    JSR  -44.0 dB  BER 0.00e+00  P(det)@0.05 power_one_sided 0.033 power_two_sided 0.049 kurtosis 0.061 spec_cnn 0.037  (2s)
    JSR  -43.0 dB  BER 0.00e+00  P(det)@0.05 power_one_sided 0.055 power_two_sided 0.039 kurtosis 0.053 spec_cnn 0.072  (2s)
    JSR  -42.0 dB  BER 0.00e+00  P(det)@0.05 power_one_sided 0.053 power_two_sided 0.074 kurtosis 0.064 spec_cnn 0.047  (2s)
    JSR  -41.0 dB  BER 0.00e+00  P(det)@0.05 power_one_sided 0.051 power_two_sided 0.043 kurtosis 0.049 spec_cnn 0.049  (3s)
    JSR  -40.0 dB  BER 0.00e+00  P(det)@0.05 power_one_sided 0.043 power_two_sided 0.037 kurtosis 0.055 spec_cnn 0.043  (3s)
    JSR  -39.0 dB  BER 0.00e+00  P(det)@0.05 power_one_sided 0.057 power_two_sided 0.049 kurtosis 0.049 spec_cnn 0.049  (3s)
    JSR  -38.0 dB  BER 0.00e+00  P(det)@0.05 power_one_sided 0.049 power_two_sided 0.057 kurtosis 0.082 spec_cnn 0.062  (4s)
    JSR  -37.0 dB  BER 0.00e+00  P(det)@0.05 power_one_sided 0.045 power_two_sided 0.043 kurtosis 0.051 spec_cnn 0.053  (4s)
    JSR  -36.0 dB  BER 0.00e+00  P(det)@0.05 power_one_sided 0.027 power_two_sided 0.037 kurtosis 0.039 spec_cnn 0.051  (4s)
    JSR  -35.0 dB  BER 0.00e+00  P(det)@0.05 power_one_sided 0.047 power_two_sided 0.045 kurtosis 0.047 spec_cnn 0.061  (4s)
    JSR  -34.0 dB  BER 0.00e+00  P(det)@0.05 power_one_sided 0.045 power_two_sided 0.051 kurtosis 0.057 spec_cnn 0.053  (5s)
    JSR  -33.0 dB  BER 0.00e+00  P(det)@0.05 power_one_sided 0.070 power_two_sided 0.057 kurtosis 0.049 spec_cnn 0.041  (5s)
    JSR  -32.0 dB  BER 0.00e+00  P(det)@0.05 power_one_sided 0.037 power_two_sided 0.033 kurtosis 0.057 spec_cnn 0.045  (5s)
    JSR  -31.0 dB  BER 0.00e+00  P(det)@0.05 power_one_sided 0.051 power_two_sided 0.051 kurtosis 0.062 spec_cnn 0.045  (5s)
    JSR  -30.0 dB  BER 0.00e+00  P(det)@0.05 power_one_sided 0.068 power_two_sided 0.072 kurtosis 0.035 spec_cnn 0.057  (6s)
    JSR  -29.0 dB  BER 0.00e+00  P(det)@0.05 power_one_sided 0.072 power_two_sided 0.062 kurtosis 0.066 spec_cnn 0.062  (6s)
    JSR  -28.0 dB  BER 0.00e+00  P(det)@0.05 power_one_sided 0.100 power_two_sided 0.072 kurtosis 0.047 spec_cnn 0.061  (6s)
    JSR  -27.0 dB  BER 0.00e+00  P(det)@0.05 power_one_sided 0.092 power_two_sided 0.086 kurtosis 0.059 spec_cnn 0.049  (7s)
    JSR  -26.0 dB  BER 0.00e+00  P(det)@0.05 power_one_sided 0.102 power_two_sided 0.070 kurtosis 0.053 spec_cnn 0.061  (7s)
    JSR  -25.0 dB  BER 0.00e+00  P(det)@0.05 power_one_sided 0.092 power_two_sided 0.072 kurtosis 0.066 spec_cnn 0.061  (7s)
    JSR  -24.0 dB  BER 0.00e+00  P(det)@0.05 power_one_sided 0.104 power_two_sided 0.094 kurtosis 0.061 spec_cnn 0.064  (7s)
    JSR  -23.0 dB  BER 0.00e+00  P(det)@0.05 power_one_sided 0.123 power_two_sided 0.094 kurtosis 0.055 spec_cnn 0.090  (8s)
    JSR  -22.0 dB  BER 0.00e+00  P(det)@0.05 power_one_sided 0.156 power_two_sided 0.121 kurtosis 0.064 spec_cnn 0.070  (8s)
    JSR  -21.0 dB  BER 0.00e+00  P(det)@0.05 power_one_sided 0.188 power_two_sided 0.145 kurtosis 0.062 spec_cnn 0.066  (8s)
    JSR  -20.0 dB  BER 0.00e+00  P(det)@0.05 power_one_sided 0.248 power_two_sided 0.207 kurtosis 0.088 spec_cnn 0.074  (9s)
    JSR  -19.0 dB  BER 0.00e+00  P(det)@0.05 power_one_sided 0.318 power_two_sided 0.260 kurtosis 0.115 spec_cnn 0.092  (9s)
    JSR  -18.0 dB  BER 0.00e+00  P(det)@0.05 power_one_sided 0.418 power_two_sided 0.332 kurtosis 0.139 spec_cnn 0.068  (9s)
    JSR  -17.0 dB  BER 0.00e+00  P(det)@0.05 power_one_sided 0.486 power_two_sided 0.426 kurtosis 0.164 spec_cnn 0.121  (9s)
    JSR  -16.0 dB  BER 0.00e+00  P(det)@0.05 power_one_sided 0.578 power_two_sided 0.498 kurtosis 0.221 spec_cnn 0.107  (10s)
    JSR  -15.0 dB  BER 0.00e+00  P(det)@0.05 power_one_sided 0.715 power_two_sided 0.648 kurtosis 0.303 spec_cnn 0.131  (10s)
    JSR  -14.0 dB  BER 0.00e+00  P(det)@0.05 power_one_sided 0.762 power_two_sided 0.719 kurtosis 0.459 spec_cnn 0.143  (10s)
    JSR  -13.0 dB  BER 3.81e-05  P(det)@0.05 power_one_sided 0.871 power_two_sided 0.830 kurtosis 0.645 spec_cnn 0.164  (11s)
    JSR  -12.0 dB  BER 3.05e-04  P(det)@0.05 power_one_sided 0.916 power_two_sided 0.889 kurtosis 0.770 spec_cnn 0.174  (11s)
    JSR  -11.0 dB  BER 1.28e-03  P(det)@0.05 power_one_sided 0.951 power_two_sided 0.943 kurtosis 0.938 spec_cnn 0.186  (11s)
    JSR  -10.0 dB  BER 4.08e-03  P(det)@0.05 power_one_sided 0.986 power_two_sided 0.986 kurtosis 0.975 spec_cnn 0.207  (11s)
    JSR   -9.0 dB  BER 9.37e-03  P(det)@0.05 power_one_sided 0.992 power_two_sided 0.992 kurtosis 0.994 spec_cnn 0.262  (12s)
    JSR   -8.0 dB  BER 2.00e-02  P(det)@0.05 power_one_sided 0.998 power_two_sided 0.998 kurtosis 0.994 spec_cnn 0.295  (12s)
    JSR   -7.0 dB  BER 3.33e-02  P(det)@0.05 power_one_sided 1.000 power_two_sided 1.000 kurtosis 1.000 spec_cnn 0.336  (12s)
    JSR   -6.0 dB  BER 4.63e-02  P(det)@0.05 power_one_sided 1.000 power_two_sided 1.000 kurtosis 1.000 spec_cnn 0.377  (12s)
    JSR   -5.0 dB  BER 5.86e-02  P(det)@0.05 power_one_sided 1.000 power_two_sided 1.000 kurtosis 1.000 spec_cnn 0.410  (13s)
    JSR   -4.0 dB  BER 6.81e-02  P(det)@0.05 power_one_sided 1.000 power_two_sided 1.000 kurtosis 1.000 spec_cnn 0.492  (13s)
    JSR   -3.0 dB  BER 7.86e-02  P(det)@0.05 power_one_sided 1.000 power_two_sided 1.000 kurtosis 1.000 spec_cnn 0.592  (13s)
    JSR   -2.0 dB  BER 9.00e-02  P(det)@0.05 power_one_sided 1.000 power_two_sided 1.000 kurtosis 1.000 spec_cnn 0.705  (14s)
    JSR   -1.0 dB  BER 9.73e-02  P(det)@0.05 power_one_sided 1.000 power_two_sided 1.000 kurtosis 1.000 spec_cnn 0.787  (14s)
    JSR   +0.0 dB  BER 1.07e-01  P(det)@0.05 power_one_sided 1.000 power_two_sided 1.000 kurtosis 1.000 spec_cnn 0.906  (14s)
    JSR   +1.0 dB  BER 1.14e-01  P(det)@0.05 power_one_sided 1.000 power_two_sided 1.000 kurtosis 1.000 spec_cnn 0.963  (14s)
    JSR   +2.0 dB  BER 1.24e-01  P(det)@0.05 power_one_sided 1.000 power_two_sided 1.000 kurtosis 1.000 spec_cnn 0.994  (15s)
    JSR   +3.0 dB  BER 1.30e-01  P(det)@0.05 power_one_sided 1.000 power_two_sided 1.000 kurtosis 1.000 spec_cnn 0.998  (15s)
    JSR   +4.0 dB  BER 1.37e-01  P(det)@0.05 power_one_sided 1.000 power_two_sided 1.000 kurtosis 1.000 spec_cnn 1.000  (15s)
    JSR   +5.0 dB  BER 1.43e-01  P(det)@0.05 power_one_sided 1.000 power_two_sided 1.000 kurtosis 1.000 spec_cnn 1.000  (15s)
    JSR   +6.0 dB  BER 1.52e-01  P(det)@0.05 power_one_sided 1.000 power_two_sided 1.000 kurtosis 1.000 spec_cnn 1.000  (16s)
    JSR   +7.0 dB  BER 1.67e-01  P(det)@0.05 power_one_sided 1.000 power_two_sided 1.000 kurtosis 1.000 spec_cnn 1.000  (16s)
    JSR   +8.0 dB  BER 1.76e-01  P(det)@0.05 power_one_sided 1.000 power_two_sided 1.000 kurtosis 1.000 spec_cnn 1.000  (16s)
    JSR   +9.0 dB  BER 1.90e-01  P(det)@0.05 power_one_sided 1.000 power_two_sided 1.000 kurtosis 1.000 spec_cnn 1.000  (17s)
    JSR  +10.0 dB  BER 2.02e-01  P(det)@0.05 power_one_sided 1.000 power_two_sided 1.000 kurtosis 1.000 spec_cnn 1.000  (17s)
    JSR  +11.0 dB  BER 2.09e-01  P(det)@0.05 power_one_sided 1.000 power_two_sided 1.000 kurtosis 1.000 spec_cnn 1.000  (17s)
    JSR  +12.0 dB  BER 2.13e-01  P(det)@0.05 power_one_sided 1.000 power_two_sided 1.000 kurtosis 1.000 spec_cnn 1.000  (17s)
    JSR  +13.0 dB  BER 2.27e-01  P(det)@0.05 power_one_sided 1.000 power_two_sided 1.000 kurtosis 1.000 spec_cnn 1.000  (18s)
    JSR  +14.0 dB  BER 2.41e-01  P(det)@0.05 power_one_sided 1.000 power_two_sided 1.000 kurtosis 1.000 spec_cnn 1.000  (18s)
    JSR  +15.0 dB  BER 2.50e-01  P(det)@0.05 power_one_sided 1.000 power_two_sided 1.000 kurtosis 1.000 spec_cnn 1.000  (18s)
  [snr_10] pulsed_p0.25 confirmed: {"power_one_sided": {"0.01": {"index": 0, "sweep_ber": 0.0, "sweep_pdet": 0.01171875, "confirmed_ber": 0.0, "confirmed_ser": 0.0, "confirmed_pdet": 0.0087890625, "passed": true}, "0.05": {"index": 0, "sweep_ber": 0.0, "sweep_pdet": 0.064453125, "confirmed_ber": 0.0, "confirmed_ser": 0.0, "confirmed_pdet": 0.047119140625, "passed": true}}, "power_two_sided": {"0.01": {"index": 0, "sweep_ber": 0.0, "sweep_pdet": 0.0078125, "confirmed_ber": 0.0, "confirmed_ser": 0.0, "confirmed_pdet": 0.01123046875, "passed": true}, "0.05": {"index": 0, "sweep_ber": 0.0, "sweep_pdet": 0.05078125, "confirmed_ber": 0.0, "confirmed_ser": 0.0, "confirmed_pdet": 0.05419921875, "passed": true}}, "kurtosis": {"0.01": {"index": 0, "sweep_ber": 0.0, "sweep_pdet": 0.015625, "confirmed_ber": 0.0, "confirmed_ser": 0.0, "confirmed_pdet": 0.011962890625, "passed": true}, "0.05": {"index": 0, "sweep_ber": 0.0, "sweep_pdet": 0.04296875, "confirmed_ber": 0.0, "confirmed_ser": 0.0, "confirmed_pdet": 0.057373046875, "passed": false}}, "spec_cnn": {"0.01": {"index": 0, "sweep_ber": 0.0, "sweep_pdet": 0.009765625, "confirmed_ber": 0.0, "confirmed_ser": 0.0, "confirmed_pdet": 0.009521484375, "passed": true}, "0.05": {"index": 0, "sweep_ber": 0.0, "sweep_pdet": 0.04296875, "confirmed_ber": 0.0, "confirmed_ser": 0.0, "confirmed_pdet": 0.04931640625, "passed": true}}}  (145s)
  [snr_10] classical pulsed_p0.1
    JSR  -50.0 dB  BER 0.00e+00  P(det)@0.05 power_one_sided 0.045 power_two_sided 0.043 kurtosis 0.049 spec_cnn 0.047  (0s)
    JSR  -49.0 dB  BER 0.00e+00  P(det)@0.05 power_one_sided 0.049 power_two_sided 0.037 kurtosis 0.047 spec_cnn 0.047  (1s)
    JSR  -48.0 dB  BER 0.00e+00  P(det)@0.05 power_one_sided 0.039 power_two_sided 0.045 kurtosis 0.064 spec_cnn 0.047  (1s)
    JSR  -47.0 dB  BER 0.00e+00  P(det)@0.05 power_one_sided 0.066 power_two_sided 0.049 kurtosis 0.055 spec_cnn 0.031  (1s)
    JSR  -46.0 dB  BER 0.00e+00  P(det)@0.05 power_one_sided 0.043 power_two_sided 0.045 kurtosis 0.092 spec_cnn 0.055  (1s)
    JSR  -45.0 dB  BER 0.00e+00  P(det)@0.05 power_one_sided 0.033 power_two_sided 0.037 kurtosis 0.055 spec_cnn 0.039  (2s)
    JSR  -44.0 dB  BER 0.00e+00  P(det)@0.05 power_one_sided 0.055 power_two_sided 0.062 kurtosis 0.049 spec_cnn 0.074  (2s)
    JSR  -43.0 dB  BER 0.00e+00  P(det)@0.05 power_one_sided 0.061 power_two_sided 0.064 kurtosis 0.041 spec_cnn 0.059  (2s)
    JSR  -42.0 dB  BER 0.00e+00  P(det)@0.05 power_one_sided 0.041 power_two_sided 0.035 kurtosis 0.066 spec_cnn 0.045  (3s)
    JSR  -41.0 dB  BER 0.00e+00  P(det)@0.05 power_one_sided 0.053 power_two_sided 0.059 kurtosis 0.057 spec_cnn 0.035  (3s)
    JSR  -40.0 dB  BER 0.00e+00  P(det)@0.05 power_one_sided 0.035 power_two_sided 0.047 kurtosis 0.033 spec_cnn 0.064  (3s)
    JSR  -39.0 dB  BER 0.00e+00  P(det)@0.05 power_one_sided 0.062 power_two_sided 0.059 kurtosis 0.055 spec_cnn 0.051  (3s)
    JSR  -38.0 dB  BER 0.00e+00  P(det)@0.05 power_one_sided 0.062 power_two_sided 0.055 kurtosis 0.051 spec_cnn 0.051  (4s)
    JSR  -37.0 dB  BER 0.00e+00  P(det)@0.05 power_one_sided 0.061 power_two_sided 0.072 kurtosis 0.039 spec_cnn 0.027  (4s)
    JSR  -36.0 dB  BER 0.00e+00  P(det)@0.05 power_one_sided 0.062 power_two_sided 0.055 kurtosis 0.066 spec_cnn 0.053  (4s)
    JSR  -35.0 dB  BER 0.00e+00  P(det)@0.05 power_one_sided 0.039 power_two_sided 0.039 kurtosis 0.055 spec_cnn 0.035  (5s)
    JSR  -34.0 dB  BER 0.00e+00  P(det)@0.05 power_one_sided 0.049 power_two_sided 0.053 kurtosis 0.061 spec_cnn 0.053  (5s)
    JSR  -33.0 dB  BER 0.00e+00  P(det)@0.05 power_one_sided 0.053 power_two_sided 0.061 kurtosis 0.043 spec_cnn 0.059  (5s)
    JSR  -32.0 dB  BER 0.00e+00  P(det)@0.05 power_one_sided 0.068 power_two_sided 0.061 kurtosis 0.062 spec_cnn 0.055  (5s)
    JSR  -31.0 dB  BER 0.00e+00  P(det)@0.05 power_one_sided 0.055 power_two_sided 0.051 kurtosis 0.064 spec_cnn 0.037  (6s)
    JSR  -30.0 dB  BER 0.00e+00  P(det)@0.05 power_one_sided 0.039 power_two_sided 0.061 kurtosis 0.043 spec_cnn 0.047  (6s)
    JSR  -29.0 dB  BER 0.00e+00  P(det)@0.05 power_one_sided 0.070 power_two_sided 0.051 kurtosis 0.061 spec_cnn 0.062  (6s)
    JSR  -28.0 dB  BER 0.00e+00  P(det)@0.05 power_one_sided 0.074 power_two_sided 0.066 kurtosis 0.037 spec_cnn 0.043  (7s)
    JSR  -27.0 dB  BER 0.00e+00  P(det)@0.05 power_one_sided 0.094 power_two_sided 0.088 kurtosis 0.061 spec_cnn 0.043  (7s)
    JSR  -26.0 dB  BER 0.00e+00  P(det)@0.05 power_one_sided 0.088 power_two_sided 0.076 kurtosis 0.039 spec_cnn 0.059  (7s)
    JSR  -25.0 dB  BER 0.00e+00  P(det)@0.05 power_one_sided 0.113 power_two_sided 0.076 kurtosis 0.066 spec_cnn 0.072  (7s)
    JSR  -24.0 dB  BER 0.00e+00  P(det)@0.05 power_one_sided 0.102 power_two_sided 0.082 kurtosis 0.045 spec_cnn 0.041  (8s)
    JSR  -23.0 dB  BER 0.00e+00  P(det)@0.05 power_one_sided 0.133 power_two_sided 0.123 kurtosis 0.064 spec_cnn 0.055  (8s)
    JSR  -22.0 dB  BER 0.00e+00  P(det)@0.05 power_one_sided 0.162 power_two_sided 0.113 kurtosis 0.076 spec_cnn 0.068  (8s)
    JSR  -21.0 dB  BER 0.00e+00  P(det)@0.05 power_one_sided 0.240 power_two_sided 0.209 kurtosis 0.070 spec_cnn 0.082  (9s)
    JSR  -20.0 dB  BER 0.00e+00  P(det)@0.05 power_one_sided 0.238 power_two_sided 0.182 kurtosis 0.094 spec_cnn 0.066  (9s)
    JSR  -19.0 dB  BER 0.00e+00  P(det)@0.05 power_one_sided 0.314 power_two_sided 0.244 kurtosis 0.109 spec_cnn 0.082  (9s)
    JSR  -18.0 dB  BER 1.53e-05  P(det)@0.05 power_one_sided 0.395 power_two_sided 0.346 kurtosis 0.133 spec_cnn 0.092  (9s)
    JSR  -17.0 dB  BER 2.29e-05  P(det)@0.05 power_one_sided 0.469 power_two_sided 0.412 kurtosis 0.211 spec_cnn 0.086  (10s)
    JSR  -16.0 dB  BER 9.92e-05  P(det)@0.05 power_one_sided 0.535 power_two_sided 0.473 kurtosis 0.305 spec_cnn 0.094  (10s)
    JSR  -15.0 dB  BER 4.35e-04  P(det)@0.05 power_one_sided 0.680 power_two_sided 0.621 kurtosis 0.426 spec_cnn 0.096  (10s)
    JSR  -14.0 dB  BER 1.72e-03  P(det)@0.05 power_one_sided 0.785 power_two_sided 0.734 kurtosis 0.584 spec_cnn 0.119  (11s)
    JSR  -13.0 dB  BER 3.36e-03  P(det)@0.05 power_one_sided 0.859 power_two_sided 0.836 kurtosis 0.750 spec_cnn 0.137  (11s)
    JSR  -12.0 dB  BER 7.00e-03  P(det)@0.05 power_one_sided 0.924 power_two_sided 0.906 kurtosis 0.898 spec_cnn 0.107  (11s)
    JSR  -11.0 dB  BER 1.09e-02  P(det)@0.05 power_one_sided 0.959 power_two_sided 0.951 kurtosis 0.941 spec_cnn 0.143  (11s)
    JSR  -10.0 dB  BER 1.73e-02  P(det)@0.05 power_one_sided 0.984 power_two_sided 0.982 kurtosis 0.973 spec_cnn 0.189  (12s)
    JSR   -9.0 dB  BER 2.22e-02  P(det)@0.05 power_one_sided 0.996 power_two_sided 0.994 kurtosis 0.996 spec_cnn 0.154  (12s)
    JSR   -8.0 dB  BER 2.70e-02  P(det)@0.05 power_one_sided 1.000 power_two_sided 1.000 kurtosis 1.000 spec_cnn 0.203  (12s)
    JSR   -7.0 dB  BER 3.14e-02  P(det)@0.05 power_one_sided 1.000 power_two_sided 1.000 kurtosis 1.000 spec_cnn 0.219  (13s)
    JSR   -6.0 dB  BER 3.60e-02  P(det)@0.05 power_one_sided 1.000 power_two_sided 1.000 kurtosis 1.000 spec_cnn 0.271  (13s)
    JSR   -5.0 dB  BER 3.93e-02  P(det)@0.05 power_one_sided 1.000 power_two_sided 1.000 kurtosis 1.000 spec_cnn 0.383  (13s)
    JSR   -4.0 dB  BER 4.39e-02  P(det)@0.05 power_one_sided 1.000 power_two_sided 1.000 kurtosis 1.000 spec_cnn 0.422  (13s)
    JSR   -3.0 dB  BER 4.79e-02  P(det)@0.05 power_one_sided 1.000 power_two_sided 1.000 kurtosis 1.000 spec_cnn 0.529  (14s)
    JSR   -2.0 dB  BER 5.15e-02  P(det)@0.05 power_one_sided 1.000 power_two_sided 1.000 kurtosis 1.000 spec_cnn 0.662  (14s)
    JSR   -1.0 dB  BER 5.48e-02  P(det)@0.05 power_one_sided 1.000 power_two_sided 1.000 kurtosis 1.000 spec_cnn 0.830  (14s)
    JSR   +0.0 dB  BER 5.74e-02  P(det)@0.05 power_one_sided 1.000 power_two_sided 1.000 kurtosis 1.000 spec_cnn 0.938  (15s)
    JSR   +1.0 dB  BER 6.19e-02  P(det)@0.05 power_one_sided 1.000 power_two_sided 1.000 kurtosis 1.000 spec_cnn 0.967  (15s)
    JSR   +2.0 dB  BER 6.64e-02  P(det)@0.05 power_one_sided 1.000 power_two_sided 1.000 kurtosis 1.000 spec_cnn 0.990  (15s)
    JSR   +3.0 dB  BER 7.03e-02  P(det)@0.05 power_one_sided 1.000 power_two_sided 1.000 kurtosis 1.000 spec_cnn 1.000  (15s)
    JSR   +4.0 dB  BER 7.79e-02  P(det)@0.05 power_one_sided 1.000 power_two_sided 1.000 kurtosis 1.000 spec_cnn 1.000  (16s)
    JSR   +5.0 dB  BER 8.44e-02  P(det)@0.05 power_one_sided 1.000 power_two_sided 1.000 kurtosis 1.000 spec_cnn 1.000  (16s)
    JSR   +6.0 dB  BER 8.44e-02  P(det)@0.05 power_one_sided 1.000 power_two_sided 1.000 kurtosis 1.000 spec_cnn 1.000  (16s)
    JSR   +7.0 dB  BER 9.52e-02  P(det)@0.05 power_one_sided 1.000 power_two_sided 1.000 kurtosis 1.000 spec_cnn 1.000  (17s)
    JSR   +8.0 dB  BER 1.01e-01  P(det)@0.05 power_one_sided 1.000 power_two_sided 1.000 kurtosis 1.000 spec_cnn 1.000  (17s)
    JSR   +9.0 dB  BER 1.03e-01  P(det)@0.05 power_one_sided 1.000 power_two_sided 1.000 kurtosis 1.000 spec_cnn 1.000  (17s)
    JSR  +10.0 dB  BER 1.08e-01  P(det)@0.05 power_one_sided 1.000 power_two_sided 1.000 kurtosis 1.000 spec_cnn 1.000  (17s)
    JSR  +11.0 dB  BER 1.22e-01  P(det)@0.05 power_one_sided 1.000 power_two_sided 1.000 kurtosis 1.000 spec_cnn 1.000  (18s)
    JSR  +12.0 dB  BER 1.25e-01  P(det)@0.05 power_one_sided 1.000 power_two_sided 1.000 kurtosis 1.000 spec_cnn 1.000  (18s)
    JSR  +13.0 dB  BER 1.31e-01  P(det)@0.05 power_one_sided 1.000 power_two_sided 1.000 kurtosis 1.000 spec_cnn 1.000  (18s)
    JSR  +14.0 dB  BER 1.41e-01  P(det)@0.05 power_one_sided 1.000 power_two_sided 1.000 kurtosis 1.000 spec_cnn 1.000  (19s)
    JSR  +15.0 dB  BER 1.47e-01  P(det)@0.05 power_one_sided 1.000 power_two_sided 1.000 kurtosis 1.000 spec_cnn 1.000  (19s)
  [snr_10] pulsed_p0.1 confirmed: {"power_one_sided": {"0.01": {"index": 0, "sweep_ber": 0.0, "sweep_pdet": 0.005859375, "confirmed_ber": 0.0, "confirmed_ser": 0.0, "confirmed_pdet": 0.012939453125, "passed": true}, "0.05": {"index": 0, "sweep_ber": 0.0, "sweep_pdet": 0.044921875, "confirmed_ber": 0.0, "confirmed_ser": 0.0, "confirmed_pdet": 0.04638671875, "passed": true}}, "power_two_sided": {"0.01": {"index": 0, "sweep_ber": 0.0, "sweep_pdet": 0.005859375, "confirmed_ber": 0.0, "confirmed_ser": 0.0, "confirmed_pdet": 0.012939453125, "passed": true}, "0.05": {"index": 0, "sweep_ber": 0.0, "sweep_pdet": 0.04296875, "confirmed_ber": 0.0, "confirmed_ser": 0.0, "confirmed_pdet": 0.048828125, "passed": true}}, "kurtosis": {"0.01": {"index": 0, "sweep_ber": 0.0, "sweep_pdet": 0.015625, "confirmed_ber": 0.0, "confirmed_ser": 0.0, "confirmed_pdet": 0.010498046875, "passed": true}, "0.05": {"index": 0, "sweep_ber": 0.0, "sweep_pdet": 0.048828125, "confirmed_ber": 0.0, "confirmed_ser": 0.0, "confirmed_pdet": 0.05126953125, "passed": true}}, "spec_cnn": {"0.01": {"index": 35, "sweep_ber": 0.00043487548828125, "sweep_pdet": 0.017578125, "confirmed_ber": 0.0005254745483398438, "confirmed_ser": 0.0010509490966796875, "confirmed_pdet": 0.029541015625, "passed": false}, "0.05": {"index": 0, "sweep_ber": 0.0, "sweep_pdet": 0.046875, "confirmed_ber": 0.0, "confirmed_ser": 0.0, "confirmed_pdet": 0.0439453125, "passed": true}}}  (183s)
  [snr_10] classical omniscient_e0.1
    JSR  -50.0 dB  BER 0.00e+00  P(det)@0.05 power_one_sided 0.041 power_two_sided 0.041 kurtosis 0.051 spec_cnn 0.047  (0s)
    JSR  -49.0 dB  BER 0.00e+00  P(det)@0.05 power_one_sided 0.049 power_two_sided 0.035 kurtosis 0.059 spec_cnn 0.061  (1s)
    JSR  -48.0 dB  BER 0.00e+00  P(det)@0.05 power_one_sided 0.066 power_two_sided 0.051 kurtosis 0.043 spec_cnn 0.049  (1s)
    JSR  -47.0 dB  BER 0.00e+00  P(det)@0.05 power_one_sided 0.049 power_two_sided 0.055 kurtosis 0.047 spec_cnn 0.043  (1s)
    JSR  -46.0 dB  BER 0.00e+00  P(det)@0.05 power_one_sided 0.045 power_two_sided 0.059 kurtosis 0.053 spec_cnn 0.051  (1s)
    JSR  -45.0 dB  BER 0.00e+00  P(det)@0.05 power_one_sided 0.053 power_two_sided 0.055 kurtosis 0.059 spec_cnn 0.051  (2s)
    JSR  -44.0 dB  BER 0.00e+00  P(det)@0.05 power_one_sided 0.061 power_two_sided 0.047 kurtosis 0.059 spec_cnn 0.061  (2s)
    JSR  -43.0 dB  BER 0.00e+00  P(det)@0.05 power_one_sided 0.057 power_two_sided 0.059 kurtosis 0.041 spec_cnn 0.061  (2s)
    JSR  -42.0 dB  BER 0.00e+00  P(det)@0.05 power_one_sided 0.035 power_two_sided 0.049 kurtosis 0.039 spec_cnn 0.062  (3s)
    JSR  -41.0 dB  BER 0.00e+00  P(det)@0.05 power_one_sided 0.072 power_two_sided 0.074 kurtosis 0.035 spec_cnn 0.047  (3s)
    JSR  -40.0 dB  BER 0.00e+00  P(det)@0.05 power_one_sided 0.066 power_two_sided 0.051 kurtosis 0.053 spec_cnn 0.047  (3s)
    JSR  -39.0 dB  BER 0.00e+00  P(det)@0.05 power_one_sided 0.037 power_two_sided 0.043 kurtosis 0.074 spec_cnn 0.047  (4s)
    JSR  -38.0 dB  BER 0.00e+00  P(det)@0.05 power_one_sided 0.051 power_two_sided 0.061 kurtosis 0.037 spec_cnn 0.045  (4s)
    JSR  -37.0 dB  BER 0.00e+00  P(det)@0.05 power_one_sided 0.057 power_two_sided 0.061 kurtosis 0.043 spec_cnn 0.057  (4s)
    JSR  -36.0 dB  BER 0.00e+00  P(det)@0.05 power_one_sided 0.051 power_two_sided 0.055 kurtosis 0.066 spec_cnn 0.055  (4s)
    JSR  -35.0 dB  BER 0.00e+00  P(det)@0.05 power_one_sided 0.049 power_two_sided 0.045 kurtosis 0.047 spec_cnn 0.041  (5s)
    JSR  -34.0 dB  BER 0.00e+00  P(det)@0.05 power_one_sided 0.043 power_two_sided 0.045 kurtosis 0.062 spec_cnn 0.045  (5s)
    JSR  -33.0 dB  BER 0.00e+00  P(det)@0.05 power_one_sided 0.053 power_two_sided 0.053 kurtosis 0.062 spec_cnn 0.061  (5s)
    JSR  -32.0 dB  BER 0.00e+00  P(det)@0.05 power_one_sided 0.057 power_two_sided 0.047 kurtosis 0.049 spec_cnn 0.053  (6s)
    JSR  -31.0 dB  BER 0.00e+00  P(det)@0.05 power_one_sided 0.051 power_two_sided 0.039 kurtosis 0.047 spec_cnn 0.057  (6s)
    JSR  -30.0 dB  BER 0.00e+00  P(det)@0.05 power_one_sided 0.068 power_two_sided 0.076 kurtosis 0.062 spec_cnn 0.045  (6s)
    JSR  -29.0 dB  BER 0.00e+00  P(det)@0.05 power_one_sided 0.061 power_two_sided 0.049 kurtosis 0.045 spec_cnn 0.041  (6s)
    JSR  -28.0 dB  BER 0.00e+00  P(det)@0.05 power_one_sided 0.043 power_two_sided 0.047 kurtosis 0.045 spec_cnn 0.057  (7s)
    JSR  -27.0 dB  BER 0.00e+00  P(det)@0.05 power_one_sided 0.059 power_two_sided 0.041 kurtosis 0.059 spec_cnn 0.033  (7s)
    JSR  -26.0 dB  BER 0.00e+00  P(det)@0.05 power_one_sided 0.039 power_two_sided 0.047 kurtosis 0.059 spec_cnn 0.055  (7s)
    JSR  -25.0 dB  BER 0.00e+00  P(det)@0.05 power_one_sided 0.039 power_two_sided 0.043 kurtosis 0.055 spec_cnn 0.049  (8s)
    JSR  -24.0 dB  BER 0.00e+00  P(det)@0.05 power_one_sided 0.053 power_two_sided 0.066 kurtosis 0.049 spec_cnn 0.045  (8s)
    JSR  -23.0 dB  BER 0.00e+00  P(det)@0.05 power_one_sided 0.043 power_two_sided 0.049 kurtosis 0.059 spec_cnn 0.055  (8s)
    JSR  -22.0 dB  BER 0.00e+00  P(det)@0.05 power_one_sided 0.057 power_two_sided 0.047 kurtosis 0.051 spec_cnn 0.049  (9s)
    JSR  -21.0 dB  BER 0.00e+00  P(det)@0.05 power_one_sided 0.055 power_two_sided 0.047 kurtosis 0.045 spec_cnn 0.057  (9s)
    JSR  -20.0 dB  BER 6.34e-03  P(det)@0.05 power_one_sided 0.014 power_two_sided 0.098 kurtosis 0.066 spec_cnn 0.035  (9s)
    JSR  -19.0 dB  BER 6.45e-03  P(det)@0.05 power_one_sided 0.021 power_two_sided 0.080 kurtosis 0.066 spec_cnn 0.043  (9s)
    JSR  -18.0 dB  BER 6.45e-03  P(det)@0.05 power_one_sided 0.018 power_two_sided 0.072 kurtosis 0.062 spec_cnn 0.066  (10s)
    JSR  -17.0 dB  BER 1.27e-02  P(det)@0.05 power_one_sided 0.000 power_two_sided 0.191 kurtosis 0.086 spec_cnn 0.055  (10s)
    JSR  -16.0 dB  BER 1.27e-02  P(det)@0.05 power_one_sided 0.004 power_two_sided 0.182 kurtosis 0.084 spec_cnn 0.061  (10s)
    JSR  -15.0 dB  BER 1.92e-02  P(det)@0.05 power_one_sided 0.000 power_two_sided 0.352 kurtosis 0.139 spec_cnn 0.064  (11s)
    JSR  -14.0 dB  BER 2.54e-02  P(det)@0.05 power_one_sided 0.000 power_two_sided 0.580 kurtosis 0.193 spec_cnn 0.049  (11s)
    JSR  -13.0 dB  BER 3.20e-02  P(det)@0.05 power_one_sided 0.000 power_two_sided 0.770 kurtosis 0.275 spec_cnn 0.049  (11s)
    JSR  -12.0 dB  BER 3.81e-02  P(det)@0.05 power_one_sided 0.000 power_two_sided 0.885 kurtosis 0.434 spec_cnn 0.055  (12s)
    JSR  -11.0 dB  BER 5.05e-02  P(det)@0.05 power_one_sided 0.000 power_two_sided 0.992 kurtosis 0.613 spec_cnn 0.045  (12s)
    JSR  -10.0 dB  BER 6.39e-02  P(det)@0.05 power_one_sided 0.000 power_two_sided 1.000 kurtosis 0.840 spec_cnn 0.055  (12s)
    JSR   -9.0 dB  BER 8.32e-02  P(det)@0.05 power_one_sided 0.000 power_two_sided 1.000 kurtosis 0.959 spec_cnn 0.051  (12s)
    JSR   -8.0 dB  BER 1.01e-01  P(det)@0.05 power_one_sided 0.000 power_two_sided 1.000 kurtosis 1.000 spec_cnn 0.047  (13s)
    JSR   -7.0 dB  BER 1.33e-01  P(det)@0.05 power_one_sided 0.000 power_two_sided 1.000 kurtosis 1.000 spec_cnn 0.066  (13s)
    JSR   -6.0 dB  BER 1.65e-01  P(det)@0.05 power_one_sided 0.000 power_two_sided 1.000 kurtosis 1.000 spec_cnn 0.035  (13s)
    JSR   -5.0 dB  BER 2.09e-01  P(det)@0.05 power_one_sided 0.000 power_two_sided 1.000 kurtosis 1.000 spec_cnn 0.047  (14s)
    JSR   -4.0 dB  BER 2.66e-01  P(det)@0.05 power_one_sided 0.000 power_two_sided 1.000 kurtosis 1.000 spec_cnn 0.033  (14s)
    JSR   -3.0 dB  BER 3.37e-01  P(det)@0.05 power_one_sided 0.000 power_two_sided 1.000 kurtosis 1.000 spec_cnn 0.045  (14s)
    JSR   -2.0 dB  BER 4.19e-01  P(det)@0.05 power_one_sided 0.000 power_two_sided 1.000 kurtosis 1.000 spec_cnn 0.029  (14s)
    JSR   -1.0 dB  BER 5.35e-01  P(det)@0.05 power_one_sided 0.000 power_two_sided 1.000 kurtosis 1.000 spec_cnn 0.004  (15s)
    JSR   +0.0 dB  BER 6.68e-01  P(det)@0.05 power_one_sided 0.000 power_two_sided 1.000 kurtosis 1.000 spec_cnn 0.000  (15s)
    JSR   +1.0 dB  BER 8.12e-01  P(det)@0.05 power_one_sided 0.000 power_two_sided 1.000 kurtosis 1.000 spec_cnn 0.000  (15s)
    JSR   +2.0 dB  BER 8.14e-01  P(det)@0.05 power_one_sided 0.000 power_two_sided 1.000 kurtosis 1.000 spec_cnn 0.000  (16s)
    JSR   +3.0 dB  BER 8.15e-01  P(det)@0.05 power_one_sided 0.000 power_two_sided 1.000 kurtosis 1.000 spec_cnn 0.000  (16s)
    JSR   +4.0 dB  BER 8.14e-01  P(det)@0.05 power_one_sided 0.000 power_two_sided 1.000 kurtosis 1.000 spec_cnn 0.000  (16s)
    JSR   +5.0 dB  BER 8.15e-01  P(det)@0.05 power_one_sided 0.000 power_two_sided 1.000 kurtosis 1.000 spec_cnn 0.000  (16s)
    JSR   +6.0 dB  BER 8.16e-01  P(det)@0.05 power_one_sided 0.000 power_two_sided 1.000 kurtosis 1.000 spec_cnn 0.000  (17s)
    JSR   +7.0 dB  BER 8.15e-01  P(det)@0.05 power_one_sided 0.000 power_two_sided 1.000 kurtosis 1.000 spec_cnn 0.000  (17s)
    JSR   +8.0 dB  BER 8.15e-01  P(det)@0.05 power_one_sided 0.000 power_two_sided 1.000 kurtosis 1.000 spec_cnn 0.000  (17s)
    JSR   +9.0 dB  BER 8.15e-01  P(det)@0.05 power_one_sided 0.000 power_two_sided 1.000 kurtosis 1.000 spec_cnn 0.000  (18s)
    JSR  +10.0 dB  BER 8.14e-01  P(det)@0.05 power_one_sided 0.000 power_two_sided 1.000 kurtosis 1.000 spec_cnn 0.000  (18s)
    JSR  +11.0 dB  BER 8.13e-01  P(det)@0.05 power_one_sided 0.000 power_two_sided 1.000 kurtosis 1.000 spec_cnn 0.000  (18s)
    JSR  +12.0 dB  BER 8.15e-01  P(det)@0.05 power_one_sided 0.000 power_two_sided 1.000 kurtosis 1.000 spec_cnn 0.000  (19s)
    JSR  +13.0 dB  BER 8.15e-01  P(det)@0.05 power_one_sided 0.000 power_two_sided 1.000 kurtosis 1.000 spec_cnn 0.000  (19s)
    JSR  +14.0 dB  BER 8.15e-01  P(det)@0.05 power_one_sided 0.000 power_two_sided 1.000 kurtosis 1.000 spec_cnn 0.000  (19s)
    JSR  +15.0 dB  BER 8.14e-01  P(det)@0.05 power_one_sided 0.000 power_two_sided 1.000 kurtosis 1.000 spec_cnn 0.000  (19s)
  [snr_10] omniscient_e0.1 confirmed: {"power_one_sided": {"0.01": {"index": 56, "sweep_ber": 0.8157424926757812, "sweep_pdet": 0.0, "confirmed_ber": 0.8141250610351562, "confirmed_ser": 0.965576171875, "confirmed_pdet": 0.0, "passed": true}, "0.05": {"index": 56, "sweep_ber": 0.8157424926757812, "sweep_pdet": 0.0, "confirmed_ber": 0.8150844573974609, "confirmed_ser": 0.9656791687011719, "confirmed_pdet": 0.0, "passed": true}}, "power_two_sided": {"0.01": {"index": 32, "sweep_ber": 0.0064544677734375, "sweep_pdet": 0.009765625, "confirmed_ber": 0.0063457489013671875, "confirmed_ser": 0.00754547119140625, "confirmed_pdet": 0.022216796875, "passed": false}, "0.05": {"index": 0, "sweep_ber": 0.0, "sweep_pdet": 0.041015625, "confirmed_ber": 0.0, "confirmed_ser": 0.0, "confirmed_pdet": 0.04833984375, "passed": true}}, "kurtosis": {"0.01": {"index": 32, "sweep_ber": 0.0064544677734375, "sweep_pdet": 0.009765625, "confirmed_ber": 0.006373405456542969, "confirmed_ser": 0.007534027099609375, "confirmed_pdet": 0.01806640625, "passed": false}, "0.05": {"index": 32, "sweep_ber": 0.0064544677734375, "sweep_pdet": 0.0625, "confirmed_ber": 0.0064334869384765625, "confirmed_ser": 0.007572174072265625, "confirmed_pdet": 0.067138671875, "passed": false}}, "spec_cnn": {"0.01": {"index": 56, "sweep_ber": 0.8157424926757812, "sweep_pdet": 0.0, "confirmed_ber": 0.8152675628662109, "confirmed_ser": 0.9660720825195312, "confirmed_pdet": 0.0, "passed": true}, "0.05": {"index": 56, "sweep_ber": 0.8157424926757812, "sweep_pdet": 0.0, "confirmed_ber": 0.8138465881347656, "confirmed_ser": 0.9657993316650391, "confirmed_pdet": 0.0, "passed": true}}}  (221s)
  [snr_10] classical omniscient_e1
    JSR  -50.0 dB  BER 0.00e+00  P(det)@0.05 power_one_sided 0.055 power_two_sided 0.055 kurtosis 0.053 spec_cnn 0.045  (0s)
    JSR  -49.0 dB  BER 0.00e+00  P(det)@0.05 power_one_sided 0.057 power_two_sided 0.068 kurtosis 0.059 spec_cnn 0.047  (1s)
    JSR  -48.0 dB  BER 0.00e+00  P(det)@0.05 power_one_sided 0.074 power_two_sided 0.066 kurtosis 0.064 spec_cnn 0.053  (1s)
    JSR  -47.0 dB  BER 0.00e+00  P(det)@0.05 power_one_sided 0.033 power_two_sided 0.043 kurtosis 0.066 spec_cnn 0.043  (1s)
    JSR  -46.0 dB  BER 0.00e+00  P(det)@0.05 power_one_sided 0.057 power_two_sided 0.057 kurtosis 0.043 spec_cnn 0.045  (2s)
    JSR  -45.0 dB  BER 0.00e+00  P(det)@0.05 power_one_sided 0.059 power_two_sided 0.047 kurtosis 0.043 spec_cnn 0.037  (2s)
    JSR  -44.0 dB  BER 0.00e+00  P(det)@0.05 power_one_sided 0.061 power_two_sided 0.059 kurtosis 0.041 spec_cnn 0.039  (2s)
    JSR  -43.0 dB  BER 0.00e+00  P(det)@0.05 power_one_sided 0.047 power_two_sided 0.059 kurtosis 0.061 spec_cnn 0.043  (2s)
    JSR  -42.0 dB  BER 0.00e+00  P(det)@0.05 power_one_sided 0.070 power_two_sided 0.061 kurtosis 0.059 spec_cnn 0.047  (3s)
    JSR  -41.0 dB  BER 0.00e+00  P(det)@0.05 power_one_sided 0.053 power_two_sided 0.053 kurtosis 0.064 spec_cnn 0.055  (3s)
    JSR  -40.0 dB  BER 0.00e+00  P(det)@0.05 power_one_sided 0.053 power_two_sided 0.045 kurtosis 0.055 spec_cnn 0.041  (3s)
    JSR  -39.0 dB  BER 0.00e+00  P(det)@0.05 power_one_sided 0.055 power_two_sided 0.045 kurtosis 0.057 spec_cnn 0.057  (4s)
    JSR  -38.0 dB  BER 0.00e+00  P(det)@0.05 power_one_sided 0.053 power_two_sided 0.045 kurtosis 0.047 spec_cnn 0.043  (4s)
    JSR  -37.0 dB  BER 0.00e+00  P(det)@0.05 power_one_sided 0.055 power_two_sided 0.053 kurtosis 0.059 spec_cnn 0.049  (4s)
    JSR  -36.0 dB  BER 0.00e+00  P(det)@0.05 power_one_sided 0.053 power_two_sided 0.059 kurtosis 0.057 spec_cnn 0.061  (5s)
    JSR  -35.0 dB  BER 0.00e+00  P(det)@0.05 power_one_sided 0.059 power_two_sided 0.055 kurtosis 0.041 spec_cnn 0.049  (5s)
    JSR  -34.0 dB  BER 0.00e+00  P(det)@0.05 power_one_sided 0.049 power_two_sided 0.041 kurtosis 0.053 spec_cnn 0.057  (5s)
    JSR  -33.0 dB  BER 0.00e+00  P(det)@0.05 power_one_sided 0.061 power_two_sided 0.062 kurtosis 0.061 spec_cnn 0.053  (5s)
    JSR  -32.0 dB  BER 0.00e+00  P(det)@0.05 power_one_sided 0.039 power_two_sided 0.035 kurtosis 0.053 spec_cnn 0.043  (6s)
    JSR  -31.0 dB  BER 0.00e+00  P(det)@0.05 power_one_sided 0.061 power_two_sided 0.053 kurtosis 0.039 spec_cnn 0.057  (6s)
    JSR  -30.0 dB  BER 0.00e+00  P(det)@0.05 power_one_sided 0.066 power_two_sided 0.045 kurtosis 0.041 spec_cnn 0.045  (6s)
    JSR  -29.0 dB  BER 0.00e+00  P(det)@0.05 power_one_sided 0.049 power_two_sided 0.039 kurtosis 0.061 spec_cnn 0.061  (7s)
    JSR  -28.0 dB  BER 0.00e+00  P(det)@0.05 power_one_sided 0.049 power_two_sided 0.049 kurtosis 0.061 spec_cnn 0.037  (7s)
    JSR  -27.0 dB  BER 0.00e+00  P(det)@0.05 power_one_sided 0.043 power_two_sided 0.043 kurtosis 0.062 spec_cnn 0.039  (7s)
    JSR  -26.0 dB  BER 0.00e+00  P(det)@0.05 power_one_sided 0.053 power_two_sided 0.047 kurtosis 0.051 spec_cnn 0.051  (8s)
    JSR  -25.0 dB  BER 0.00e+00  P(det)@0.05 power_one_sided 0.043 power_two_sided 0.051 kurtosis 0.074 spec_cnn 0.045  (8s)
    JSR  -24.0 dB  BER 0.00e+00  P(det)@0.05 power_one_sided 0.041 power_two_sided 0.043 kurtosis 0.062 spec_cnn 0.051  (8s)
    JSR  -23.0 dB  BER 0.00e+00  P(det)@0.05 power_one_sided 0.047 power_two_sided 0.045 kurtosis 0.064 spec_cnn 0.057  (9s)
    JSR  -22.0 dB  BER 0.00e+00  P(det)@0.05 power_one_sided 0.037 power_two_sided 0.045 kurtosis 0.045 spec_cnn 0.047  (9s)
    JSR  -21.0 dB  BER 0.00e+00  P(det)@0.05 power_one_sided 0.053 power_two_sided 0.043 kurtosis 0.049 spec_cnn 0.035  (9s)
    JSR  -20.0 dB  BER 0.00e+00  P(det)@0.05 power_one_sided 0.062 power_two_sided 0.055 kurtosis 0.061 spec_cnn 0.049  (9s)
    JSR  -19.0 dB  BER 0.00e+00  P(det)@0.05 power_one_sided 0.051 power_two_sided 0.053 kurtosis 0.055 spec_cnn 0.045  (10s)
    JSR  -18.0 dB  BER 0.00e+00  P(det)@0.05 power_one_sided 0.041 power_two_sided 0.039 kurtosis 0.051 spec_cnn 0.059  (10s)
    JSR  -17.0 dB  BER 0.00e+00  P(det)@0.05 power_one_sided 0.055 power_two_sided 0.051 kurtosis 0.047 spec_cnn 0.049  (10s)
    JSR  -16.0 dB  BER 0.00e+00  P(det)@0.05 power_one_sided 0.070 power_two_sided 0.068 kurtosis 0.055 spec_cnn 0.045  (11s)
    JSR  -15.0 dB  BER 7.81e-03  P(det)@0.05 power_one_sided 0.051 power_two_sided 0.045 kurtosis 0.057 spec_cnn 0.039  (11s)
    JSR  -14.0 dB  BER 7.81e-03  P(det)@0.05 power_one_sided 0.045 power_two_sided 0.045 kurtosis 0.059 spec_cnn 0.064  (11s)
    JSR  -13.0 dB  BER 7.81e-03  P(det)@0.05 power_one_sided 0.047 power_two_sided 0.064 kurtosis 0.062 spec_cnn 0.053  (12s)
    JSR  -12.0 dB  BER 1.56e-02  P(det)@0.05 power_one_sided 0.059 power_two_sided 0.070 kurtosis 0.039 spec_cnn 0.049  (12s)
    JSR  -11.0 dB  BER 1.56e-02  P(det)@0.05 power_one_sided 0.059 power_two_sided 0.045 kurtosis 0.070 spec_cnn 0.066  (12s)
    JSR  -10.0 dB  BER 2.34e-02  P(det)@0.05 power_one_sided 0.047 power_two_sided 0.045 kurtosis 0.070 spec_cnn 0.053  (12s)
    JSR   -9.0 dB  BER 3.12e-02  P(det)@0.05 power_one_sided 0.070 power_two_sided 0.049 kurtosis 0.043 spec_cnn 0.047  (13s)
    JSR   -8.0 dB  BER 3.91e-02  P(det)@0.05 power_one_sided 0.041 power_two_sided 0.047 kurtosis 0.068 spec_cnn 0.045  (13s)
    JSR   -7.0 dB  BER 4.69e-02  P(det)@0.05 power_one_sided 0.049 power_two_sided 0.049 kurtosis 0.059 spec_cnn 0.053  (13s)
    JSR   -6.0 dB  BER 6.25e-02  P(det)@0.05 power_one_sided 0.039 power_two_sided 0.049 kurtosis 0.066 spec_cnn 0.066  (14s)
    JSR   -5.0 dB  BER 7.81e-02  P(det)@0.05 power_one_sided 0.066 power_two_sided 0.049 kurtosis 0.059 spec_cnn 0.049  (14s)
    JSR   -4.0 dB  BER 9.38e-02  P(det)@0.05 power_one_sided 0.039 power_two_sided 0.055 kurtosis 0.051 spec_cnn 0.051  (14s)
    JSR   -3.0 dB  BER 1.25e-01  P(det)@0.05 power_one_sided 0.055 power_two_sided 0.062 kurtosis 0.055 spec_cnn 0.064  (14s)
    JSR   -2.0 dB  BER 1.56e-01  P(det)@0.05 power_one_sided 0.047 power_two_sided 0.049 kurtosis 0.064 spec_cnn 0.074  (15s)
    JSR   -1.0 dB  BER 1.95e-01  P(det)@0.05 power_one_sided 0.045 power_two_sided 0.047 kurtosis 0.045 spec_cnn 0.037  (15s)
    JSR   +0.0 dB  BER 2.50e-01  P(det)@0.05 power_one_sided 0.055 power_two_sided 0.057 kurtosis 0.059 spec_cnn 0.066  (15s)
    JSR   +1.0 dB  BER 3.12e-01  P(det)@0.05 power_one_sided 0.037 power_two_sided 0.053 kurtosis 0.053 spec_cnn 0.041  (16s)
    JSR   +2.0 dB  BER 3.91e-01  P(det)@0.05 power_one_sided 0.055 power_two_sided 0.053 kurtosis 0.031 spec_cnn 0.057  (16s)
    JSR   +3.0 dB  BER 4.92e-01  P(det)@0.05 power_one_sided 0.057 power_two_sided 0.053 kurtosis 0.049 spec_cnn 0.068  (16s)
    JSR   +4.0 dB  BER 6.25e-01  P(det)@0.05 power_one_sided 0.041 power_two_sided 0.047 kurtosis 0.059 spec_cnn 0.059  (17s)
    JSR   +5.0 dB  BER 7.89e-01  P(det)@0.05 power_one_sided 0.062 power_two_sided 0.043 kurtosis 0.061 spec_cnn 0.053  (17s)
    JSR   +6.0 dB  BER 9.92e-01  P(det)@0.05 power_one_sided 0.070 power_two_sided 0.059 kurtosis 0.066 spec_cnn 0.049  (17s)
    JSR   +7.0 dB  BER 1.00e+00  P(det)@0.05 power_one_sided 0.049 power_two_sided 0.049 kurtosis 0.043 spec_cnn 0.055  (18s)
    JSR   +8.0 dB  BER 1.00e+00  P(det)@0.05 power_one_sided 0.061 power_two_sided 0.068 kurtosis 0.049 spec_cnn 0.047  (18s)
    JSR   +9.0 dB  BER 1.00e+00  P(det)@0.05 power_one_sided 0.041 power_two_sided 0.041 kurtosis 0.066 spec_cnn 0.045  (18s)
    JSR  +10.0 dB  BER 1.00e+00  P(det)@0.05 power_one_sided 0.053 power_two_sided 0.061 kurtosis 0.055 spec_cnn 0.049  (18s)
    JSR  +11.0 dB  BER 1.00e+00  P(det)@0.05 power_one_sided 0.039 power_two_sided 0.035 kurtosis 0.041 spec_cnn 0.031  (19s)
    JSR  +12.0 dB  BER 1.00e+00  P(det)@0.05 power_one_sided 0.066 power_two_sided 0.072 kurtosis 0.047 spec_cnn 0.053  (19s)
    JSR  +13.0 dB  BER 1.00e+00  P(det)@0.05 power_one_sided 0.055 power_two_sided 0.043 kurtosis 0.059 spec_cnn 0.051  (19s)
    JSR  +14.0 dB  BER 1.00e+00  P(det)@0.05 power_one_sided 0.055 power_two_sided 0.045 kurtosis 0.043 spec_cnn 0.045  (20s)
    JSR  +15.0 dB  BER 1.00e+00  P(det)@0.05 power_one_sided 0.041 power_two_sided 0.031 kurtosis 0.051 spec_cnn 0.049  (20s)
  [snr_10] omniscient_e1 confirmed: {"power_one_sided": {"0.01": {"index": 57, "sweep_ber": 1.0, "sweep_pdet": 0.005859375, "confirmed_ber": 1.0, "confirmed_ser": 1.0, "confirmed_pdet": 0.009765625, "passed": true}, "0.05": {"index": 57, "sweep_ber": 1.0, "sweep_pdet": 0.048828125, "confirmed_ber": 1.0, "confirmed_ser": 1.0, "confirmed_pdet": 0.0517578125, "passed": true}}, "power_two_sided": {"0.01": {"index": 57, "sweep_ber": 1.0, "sweep_pdet": 0.0078125, "confirmed_ber": 1.0, "confirmed_ser": 1.0, "confirmed_pdet": 0.009521484375, "passed": true}, "0.05": {"index": 57, "sweep_ber": 1.0, "sweep_pdet": 0.048828125, "confirmed_ber": 1.0, "confirmed_ser": 1.0, "confirmed_pdet": 0.0498046875, "passed": true}}, "kurtosis": {"0.01": {"index": 57, "sweep_ber": 1.0, "sweep_pdet": 0.0078125, "confirmed_ber": 1.0, "confirmed_ser": 1.0, "confirmed_pdet": 0.015625, "passed": false}, "0.05": {"index": 57, "sweep_ber": 1.0, "sweep_pdet": 0.04296875, "confirmed_ber": 1.0, "confirmed_ser": 1.0, "confirmed_pdet": 0.05322265625, "passed": true}}, "spec_cnn": {"0.01": {"index": 57, "sweep_ber": 1.0, "sweep_pdet": 0.0078125, "confirmed_ber": 1.0, "confirmed_ser": 1.0, "confirmed_pdet": 0.011474609375, "passed": true}, "0.05": {"index": 57, "sweep_ber": 1.0, "sweep_pdet": 0.0546875, "confirmed_ber": 1.0, "confirmed_ser": 1.0, "confirmed_pdet": 0.05419921875, "passed": true}}}  (261s)
  [snr_10] generator plain_run001 (scale 0.4022)
    JSR  -50.0 dB  BER 0.00e+00  P(det)@0.05 power_one_sided 0.049 power_two_sided 0.057 kurtosis 0.057 spec_cnn 0.053  (0s)
    JSR  -49.0 dB  BER 0.00e+00  P(det)@0.05 power_one_sided 0.064 power_two_sided 0.057 kurtosis 0.049 spec_cnn 0.055  (1s)
    JSR  -48.0 dB  BER 0.00e+00  P(det)@0.05 power_one_sided 0.051 power_two_sided 0.051 kurtosis 0.066 spec_cnn 0.062  (1s)
    JSR  -47.0 dB  BER 0.00e+00  P(det)@0.05 power_one_sided 0.037 power_two_sided 0.039 kurtosis 0.049 spec_cnn 0.057  (1s)
    JSR  -46.0 dB  BER 0.00e+00  P(det)@0.05 power_one_sided 0.047 power_two_sided 0.055 kurtosis 0.051 spec_cnn 0.047  (2s)
    JSR  -45.0 dB  BER 0.00e+00  P(det)@0.05 power_one_sided 0.057 power_two_sided 0.049 kurtosis 0.057 spec_cnn 0.057  (2s)
    JSR  -44.0 dB  BER 0.00e+00  P(det)@0.05 power_one_sided 0.070 power_two_sided 0.047 kurtosis 0.070 spec_cnn 0.043  (2s)
    JSR  -43.0 dB  BER 0.00e+00  P(det)@0.05 power_one_sided 0.064 power_two_sided 0.061 kurtosis 0.055 spec_cnn 0.045  (3s)
    JSR  -42.0 dB  BER 0.00e+00  P(det)@0.05 power_one_sided 0.051 power_two_sided 0.055 kurtosis 0.053 spec_cnn 0.051  (3s)
    JSR  -41.0 dB  BER 0.00e+00  P(det)@0.05 power_one_sided 0.062 power_two_sided 0.049 kurtosis 0.041 spec_cnn 0.053  (3s)
    JSR  -40.0 dB  BER 0.00e+00  P(det)@0.05 power_one_sided 0.041 power_two_sided 0.064 kurtosis 0.059 spec_cnn 0.057  (4s)
    JSR  -39.0 dB  BER 0.00e+00  P(det)@0.05 power_one_sided 0.053 power_two_sided 0.047 kurtosis 0.055 spec_cnn 0.049  (4s)
    JSR  -38.0 dB  BER 0.00e+00  P(det)@0.05 power_one_sided 0.047 power_two_sided 0.049 kurtosis 0.070 spec_cnn 0.045  (4s)
    JSR  -37.0 dB  BER 0.00e+00  P(det)@0.05 power_one_sided 0.039 power_two_sided 0.029 kurtosis 0.066 spec_cnn 0.047  (5s)
    JSR  -36.0 dB  BER 0.00e+00  P(det)@0.05 power_one_sided 0.053 power_two_sided 0.045 kurtosis 0.051 spec_cnn 0.037  (5s)
    JSR  -35.0 dB  BER 0.00e+00  P(det)@0.05 power_one_sided 0.062 power_two_sided 0.053 kurtosis 0.051 spec_cnn 0.037  (5s)
    JSR  -34.0 dB  BER 0.00e+00  P(det)@0.05 power_one_sided 0.061 power_two_sided 0.055 kurtosis 0.064 spec_cnn 0.049  (5s)
    JSR  -33.0 dB  BER 0.00e+00  P(det)@0.05 power_one_sided 0.055 power_two_sided 0.041 kurtosis 0.047 spec_cnn 0.047  (6s)
    JSR  -32.0 dB  BER 0.00e+00  P(det)@0.05 power_one_sided 0.059 power_two_sided 0.055 kurtosis 0.064 spec_cnn 0.053  (6s)
    JSR  -31.0 dB  BER 0.00e+00  P(det)@0.05 power_one_sided 0.055 power_two_sided 0.049 kurtosis 0.055 spec_cnn 0.053  (6s)
    JSR  -30.0 dB  BER 0.00e+00  P(det)@0.05 power_one_sided 0.072 power_two_sided 0.062 kurtosis 0.045 spec_cnn 0.049  (7s)
    JSR  -29.0 dB  BER 0.00e+00  P(det)@0.05 power_one_sided 0.057 power_two_sided 0.043 kurtosis 0.033 spec_cnn 0.064  (7s)
    JSR  -28.0 dB  BER 0.00e+00  P(det)@0.05 power_one_sided 0.096 power_two_sided 0.078 kurtosis 0.061 spec_cnn 0.068  (7s)
    JSR  -27.0 dB  BER 0.00e+00  P(det)@0.05 power_one_sided 0.088 power_two_sided 0.068 kurtosis 0.057 spec_cnn 0.062  (8s)
    JSR  -26.0 dB  BER 0.00e+00  P(det)@0.05 power_one_sided 0.084 power_two_sided 0.080 kurtosis 0.035 spec_cnn 0.059  (8s)
    JSR  -25.0 dB  BER 0.00e+00  P(det)@0.05 power_one_sided 0.117 power_two_sided 0.090 kurtosis 0.051 spec_cnn 0.072  (8s)
    JSR  -24.0 dB  BER 0.00e+00  P(det)@0.05 power_one_sided 0.119 power_two_sided 0.084 kurtosis 0.055 spec_cnn 0.053  (9s)
    JSR  -23.0 dB  BER 0.00e+00  P(det)@0.05 power_one_sided 0.152 power_two_sided 0.105 kurtosis 0.049 spec_cnn 0.061  (9s)
    JSR  -22.0 dB  BER 0.00e+00  P(det)@0.05 power_one_sided 0.182 power_two_sided 0.139 kurtosis 0.061 spec_cnn 0.088  (9s)
    JSR  -21.0 dB  BER 0.00e+00  P(det)@0.05 power_one_sided 0.215 power_two_sided 0.162 kurtosis 0.086 spec_cnn 0.105  (10s)
    JSR  -20.0 dB  BER 0.00e+00  P(det)@0.05 power_one_sided 0.271 power_two_sided 0.209 kurtosis 0.068 spec_cnn 0.078  (10s)
    JSR  -19.0 dB  BER 0.00e+00  P(det)@0.05 power_one_sided 0.320 power_two_sided 0.268 kurtosis 0.072 spec_cnn 0.133  (10s)
    JSR  -18.0 dB  BER 0.00e+00  P(det)@0.05 power_one_sided 0.406 power_two_sided 0.336 kurtosis 0.082 spec_cnn 0.143  (10s)
    JSR  -17.0 dB  BER 0.00e+00  P(det)@0.05 power_one_sided 0.559 power_two_sided 0.461 kurtosis 0.104 spec_cnn 0.145  (11s)
    JSR  -16.0 dB  BER 0.00e+00  P(det)@0.05 power_one_sided 0.629 power_two_sided 0.564 kurtosis 0.129 spec_cnn 0.191  (11s)
    JSR  -15.0 dB  BER 0.00e+00  P(det)@0.05 power_one_sided 0.730 power_two_sided 0.682 kurtosis 0.203 spec_cnn 0.234  (11s)
    JSR  -14.0 dB  BER 0.00e+00  P(det)@0.05 power_one_sided 0.820 power_two_sided 0.795 kurtosis 0.262 spec_cnn 0.307  (12s)
    JSR  -13.0 dB  BER 0.00e+00  P(det)@0.05 power_one_sided 0.879 power_two_sided 0.846 kurtosis 0.348 spec_cnn 0.352  (12s)
    JSR  -12.0 dB  BER 0.00e+00  P(det)@0.05 power_one_sided 0.953 power_two_sided 0.947 kurtosis 0.459 spec_cnn 0.402  (12s)
    JSR  -11.0 dB  BER 2.29e-05  P(det)@0.05 power_one_sided 0.982 power_two_sided 0.971 kurtosis 0.613 spec_cnn 0.484  (13s)
    JSR  -10.0 dB  BER 8.39e-05  P(det)@0.05 power_one_sided 0.996 power_two_sided 0.994 kurtosis 0.695 spec_cnn 0.539  (13s)
    JSR   -9.0 dB  BER 2.37e-04  P(det)@0.05 power_one_sided 0.996 power_two_sided 0.994 kurtosis 0.822 spec_cnn 0.658  (13s)
    JSR   -8.0 dB  BER 1.02e-03  P(det)@0.05 power_one_sided 1.000 power_two_sided 1.000 kurtosis 0.916 spec_cnn 0.744  (14s)
    JSR   -7.0 dB  BER 3.79e-03  P(det)@0.05 power_one_sided 1.000 power_two_sided 1.000 kurtosis 0.951 spec_cnn 0.764  (14s)
    JSR   -6.0 dB  BER 8.31e-03  P(det)@0.05 power_one_sided 1.000 power_two_sided 1.000 kurtosis 0.977 spec_cnn 0.861  (14s)
    JSR   -5.0 dB  BER 1.84e-02  P(det)@0.05 power_one_sided 1.000 power_two_sided 1.000 kurtosis 0.990 spec_cnn 0.891  (15s)
    JSR   -4.0 dB  BER 3.67e-02  P(det)@0.05 power_one_sided 1.000 power_two_sided 1.000 kurtosis 0.992 spec_cnn 0.934  (15s)
    JSR   -3.0 dB  BER 6.28e-02  P(det)@0.05 power_one_sided 1.000 power_two_sided 1.000 kurtosis 0.990 spec_cnn 0.969  (15s)
    JSR   -2.0 dB  BER 9.43e-02  P(det)@0.05 power_one_sided 1.000 power_two_sided 1.000 kurtosis 0.998 spec_cnn 0.980  (16s)
    JSR   -1.0 dB  BER 1.26e-01  P(det)@0.05 power_one_sided 1.000 power_two_sided 1.000 kurtosis 0.994 spec_cnn 0.996  (16s)
    JSR   +0.0 dB  BER 1.62e-01  P(det)@0.05 power_one_sided 1.000 power_two_sided 1.000 kurtosis 0.992 spec_cnn 1.000  (16s)
    JSR   +1.0 dB  BER 1.93e-01  P(det)@0.05 power_one_sided 1.000 power_two_sided 1.000 kurtosis 0.984 spec_cnn 1.000  (16s)
    JSR   +2.0 dB  BER 2.21e-01  P(det)@0.05 power_one_sided 1.000 power_two_sided 1.000 kurtosis 0.959 spec_cnn 1.000  (17s)
    JSR   +3.0 dB  BER 2.49e-01  P(det)@0.05 power_one_sided 1.000 power_two_sided 1.000 kurtosis 0.941 spec_cnn 1.000  (17s)
    JSR   +4.0 dB  BER 2.73e-01  P(det)@0.05 power_one_sided 1.000 power_two_sided 1.000 kurtosis 0.883 spec_cnn 1.000  (17s)
    JSR   +5.0 dB  BER 2.96e-01  P(det)@0.05 power_one_sided 1.000 power_two_sided 1.000 kurtosis 0.748 spec_cnn 1.000  (18s)
    JSR   +6.0 dB  BER 3.16e-01  P(det)@0.05 power_one_sided 1.000 power_two_sided 1.000 kurtosis 0.639 spec_cnn 1.000  (18s)
    JSR   +7.0 dB  BER 3.37e-01  P(det)@0.05 power_one_sided 1.000 power_two_sided 1.000 kurtosis 0.580 spec_cnn 1.000  (18s)
    JSR   +8.0 dB  BER 3.52e-01  P(det)@0.05 power_one_sided 1.000 power_two_sided 1.000 kurtosis 0.533 spec_cnn 1.000  (19s)
    JSR   +9.0 dB  BER 3.66e-01  P(det)@0.05 power_one_sided 1.000 power_two_sided 1.000 kurtosis 0.535 spec_cnn 1.000  (19s)
    JSR  +10.0 dB  BER 3.81e-01  P(det)@0.05 power_one_sided 1.000 power_two_sided 1.000 kurtosis 0.566 spec_cnn 1.000  (19s)
    JSR  +11.0 dB  BER 3.93e-01  P(det)@0.05 power_one_sided 1.000 power_two_sided 1.000 kurtosis 0.592 spec_cnn 1.000  (20s)
    JSR  +12.0 dB  BER 4.07e-01  P(det)@0.05 power_one_sided 1.000 power_two_sided 1.000 kurtosis 0.578 spec_cnn 1.000  (20s)
    JSR  +13.0 dB  BER 4.15e-01  P(det)@0.05 power_one_sided 1.000 power_two_sided 1.000 kurtosis 0.592 spec_cnn 1.000  (20s)
    JSR  +14.0 dB  BER 4.27e-01  P(det)@0.05 power_one_sided 1.000 power_two_sided 1.000 kurtosis 0.623 spec_cnn 1.000  (21s)
    JSR  +15.0 dB  BER 4.35e-01  P(det)@0.05 power_one_sided 1.000 power_two_sided 1.000 kurtosis 0.637 spec_cnn 1.000  (21s)
  [snr_10] plain_run001 confirmed: {"power_one_sided": {"0.01": {"index": 0, "sweep_ber": 0.0, "sweep_pdet": 0.009765625, "confirmed_ber": 0.0, "confirmed_ser": 0.0, "confirmed_pdet": 0.00927734375, "passed": true}, "0.05": {"index": 0, "sweep_ber": 0.0, "sweep_pdet": 0.048828125, "confirmed_ber": 0.0, "confirmed_ser": 0.0, "confirmed_pdet": 0.047119140625, "passed": true}}, "power_two_sided": {"0.01": {"index": 0, "sweep_ber": 0.0, "sweep_pdet": 0.013671875, "confirmed_ber": 0.0, "confirmed_ser": 0.0, "confirmed_pdet": 0.01025390625, "passed": true}, "0.05": {"index": 0, "sweep_ber": 0.0, "sweep_pdet": 0.056640625, "confirmed_ber": 0.0, "confirmed_ser": 0.0, "confirmed_pdet": 0.05517578125, "passed": true}}, "kurtosis": {"0.01": {"index": 0, "sweep_ber": 0.0, "sweep_pdet": 0.009765625, "confirmed_ber": 0.0, "confirmed_ser": 0.0, "confirmed_pdet": 0.010986328125, "passed": true}, "0.05": {"index": 0, "sweep_ber": 0.0, "sweep_pdet": 0.056640625, "confirmed_ber": 0.0, "confirmed_ser": 0.0, "confirmed_pdet": 0.05224609375, "passed": true}}, "spec_cnn": {"0.01": {"index": 0, "sweep_ber": 0.0, "sweep_pdet": 0.01171875, "confirmed_ber": 0.0, "confirmed_ser": 0.0, "confirmed_pdet": 0.009765625, "passed": true}, "0.05": {"index": 0, "sweep_ber": 0.0, "sweep_pdet": 0.052734375, "confirmed_ber": 0.0, "confirmed_ser": 0.0, "confirmed_pdet": 0.05224609375, "passed": true}}}  (302s)
  [snr_10] generator eff (scale 0.4022)
  JSR  -50.0 dB  BER 0.00e+00  P(det)@0.05 power_one_sided 0.039 power_two_sided 0.031 kurtosis 0.059 spec_cnn 0.053  (0s)
  JSR  -49.0 dB  BER 0.00e+00  P(det)@0.05 power_one_sided 0.043 power_two_sided 0.043 kurtosis 0.061 spec_cnn 0.045  (1s)
  JSR  -48.0 dB  BER 0.00e+00  P(det)@0.05 power_one_sided 0.053 power_two_sided 0.059 kurtosis 0.029 spec_cnn 0.039  (1s)
  JSR  -47.0 dB  BER 0.00e+00  P(det)@0.05 power_one_sided 0.055 power_two_sided 0.057 kurtosis 0.051 spec_cnn 0.045  (1s)
  JSR  -46.0 dB  BER 0.00e+00  P(det)@0.05 power_one_sided 0.049 power_two_sided 0.049 kurtosis 0.047 spec_cnn 0.041  (1s)
  JSR  -45.0 dB  BER 0.00e+00  P(det)@0.05 power_one_sided 0.051 power_two_sided 0.049 kurtosis 0.045 spec_cnn 0.055  (2s)
  JSR  -44.0 dB  BER 0.00e+00  P(det)@0.05 power_one_sided 0.051 power_two_sided 0.055 kurtosis 0.070 spec_cnn 0.068  (2s)
  JSR  -43.0 dB  BER 0.00e+00  P(det)@0.05 power_one_sided 0.053 power_two_sided 0.053 kurtosis 0.055 spec_cnn 0.045  (2s)
  JSR  -42.0 dB  BER 0.00e+00  P(det)@0.05 power_one_sided 0.047 power_two_sided 0.045 kurtosis 0.053 spec_cnn 0.059  (3s)
  JSR  -41.0 dB  BER 0.00e+00  P(det)@0.05 power_one_sided 0.039 power_two_sided 0.041 kurtosis 0.047 spec_cnn 0.031  (3s)
  JSR  -40.0 dB  BER 0.00e+00  P(det)@0.05 power_one_sided 0.053 power_two_sided 0.045 kurtosis 0.068 spec_cnn 0.043  (3s)
  JSR  -39.0 dB  BER 0.00e+00  P(det)@0.05 power_one_sided 0.049 power_two_sided 0.047 kurtosis 0.045 spec_cnn 0.043  (4s)
  JSR  -38.0 dB  BER 0.00e+00  P(det)@0.05 power_one_sided 0.061 power_two_sided 0.062 kurtosis 0.061 spec_cnn 0.057  (4s)
  JSR  -37.0 dB  BER 0.00e+00  P(det)@0.05 power_one_sided 0.061 power_two_sided 0.062 kurtosis 0.041 spec_cnn 0.047  (4s)
  JSR  -36.0 dB  BER 0.00e+00  P(det)@0.05 power_one_sided 0.047 power_two_sided 0.053 kurtosis 0.037 spec_cnn 0.061  (5s)
  JSR  -35.0 dB  BER 0.00e+00  P(det)@0.05 power_one_sided 0.043 power_two_sided 0.049 kurtosis 0.049 spec_cnn 0.059  (5s)
  JSR  -34.0 dB  BER 0.00e+00  P(det)@0.05 power_one_sided 0.057 power_two_sided 0.061 kurtosis 0.049 spec_cnn 0.057  (5s)
  JSR  -33.0 dB  BER 0.00e+00  P(det)@0.05 power_one_sided 0.080 power_two_sided 0.066 kurtosis 0.037 spec_cnn 0.045  (6s)
  JSR  -32.0 dB  BER 0.00e+00  P(det)@0.05 power_one_sided 0.072 power_two_sided 0.061 kurtosis 0.057 spec_cnn 0.061  (6s)
  JSR  -31.0 dB  BER 0.00e+00  P(det)@0.05 power_one_sided 0.072 power_two_sided 0.066 kurtosis 0.070 spec_cnn 0.053  (6s)
  JSR  -30.0 dB  BER 0.00e+00  P(det)@0.05 power_one_sided 0.072 power_two_sided 0.049 kurtosis 0.074 spec_cnn 0.035  (6s)
  JSR  -29.0 dB  BER 0.00e+00  P(det)@0.05 power_one_sided 0.104 power_two_sided 0.082 kurtosis 0.074 spec_cnn 0.047  (7s)
  JSR  -28.0 dB  BER 0.00e+00  P(det)@0.05 power_one_sided 0.076 power_two_sided 0.070 kurtosis 0.049 spec_cnn 0.047  (7s)
  JSR  -27.0 dB  BER 0.00e+00  P(det)@0.05 power_one_sided 0.117 power_two_sided 0.080 kurtosis 0.047 spec_cnn 0.057  (7s)
  JSR  -26.0 dB  BER 0.00e+00  P(det)@0.05 power_one_sided 0.121 power_two_sided 0.094 kurtosis 0.051 spec_cnn 0.055  (8s)
  JSR  -25.0 dB  BER 2.29e-05  P(det)@0.05 power_one_sided 0.139 power_two_sided 0.109 kurtosis 0.055 spec_cnn 0.047  (8s)
  JSR  -24.0 dB  BER 5.34e-05  P(det)@0.05 power_one_sided 0.164 power_two_sided 0.121 kurtosis 0.064 spec_cnn 0.047  (8s)
  JSR  -23.0 dB  BER 2.14e-04  P(det)@0.05 power_one_sided 0.211 power_two_sided 0.162 kurtosis 0.072 spec_cnn 0.053  (9s)
  JSR  -22.0 dB  BER 3.81e-04  P(det)@0.05 power_one_sided 0.275 power_two_sided 0.211 kurtosis 0.064 spec_cnn 0.057  (9s)
  JSR  -21.0 dB  BER 9.00e-04  P(det)@0.05 power_one_sided 0.311 power_two_sided 0.246 kurtosis 0.094 spec_cnn 0.078  (9s)
  JSR  -20.0 dB  BER 1.26e-03  P(det)@0.05 power_one_sided 0.404 power_two_sided 0.291 kurtosis 0.094 spec_cnn 0.072  (10s)
  JSR  -19.0 dB  BER 1.85e-03  P(det)@0.05 power_one_sided 0.510 power_two_sided 0.422 kurtosis 0.168 spec_cnn 0.074  (10s)
  JSR  -18.0 dB  BER 2.20e-03  P(det)@0.05 power_one_sided 0.615 power_two_sided 0.537 kurtosis 0.227 spec_cnn 0.074  (10s)
  JSR  -17.0 dB  BER 2.56e-03  P(det)@0.05 power_one_sided 0.713 power_two_sided 0.629 kurtosis 0.365 spec_cnn 0.084  (11s)
  JSR  -16.0 dB  BER 2.95e-03  P(det)@0.05 power_one_sided 0.824 power_two_sided 0.783 kurtosis 0.488 spec_cnn 0.086  (11s)
  JSR  -15.0 dB  BER 3.36e-03  P(det)@0.05 power_one_sided 0.883 power_two_sided 0.850 kurtosis 0.621 spec_cnn 0.123  (11s)
  JSR  -14.0 dB  BER 3.52e-03  P(det)@0.05 power_one_sided 0.955 power_two_sided 0.941 kurtosis 0.779 spec_cnn 0.107  (12s)
  JSR  -13.0 dB  BER 3.97e-03  P(det)@0.05 power_one_sided 0.982 power_two_sided 0.975 kurtosis 0.898 spec_cnn 0.150  (12s)
  JSR  -12.0 dB  BER 4.00e-03  P(det)@0.05 power_one_sided 0.994 power_two_sided 0.994 kurtosis 0.980 spec_cnn 0.197  (12s)
  JSR  -11.0 dB  BER 4.52e-03  P(det)@0.05 power_one_sided 1.000 power_two_sided 0.998 kurtosis 0.992 spec_cnn 0.203  (12s)
  JSR  -10.0 dB  BER 4.91e-03  P(det)@0.05 power_one_sided 1.000 power_two_sided 1.000 kurtosis 0.996 spec_cnn 0.289  (13s)
  JSR   -9.0 dB  BER 5.14e-03  P(det)@0.05 power_one_sided 1.000 power_two_sided 1.000 kurtosis 1.000 spec_cnn 0.338  (13s)
  JSR   -8.0 dB  BER 5.62e-03  P(det)@0.05 power_one_sided 1.000 power_two_sided 1.000 kurtosis 1.000 spec_cnn 0.469  (13s)
  JSR   -7.0 dB  BER 6.19e-03  P(det)@0.05 power_one_sided 1.000 power_two_sided 1.000 kurtosis 1.000 spec_cnn 0.584  (14s)
  JSR   -6.0 dB  BER 6.97e-03  P(det)@0.05 power_one_sided 1.000 power_two_sided 1.000 kurtosis 1.000 spec_cnn 0.695  (14s)
  JSR   -5.0 dB  BER 7.72e-03  P(det)@0.05 power_one_sided 1.000 power_two_sided 1.000 kurtosis 1.000 spec_cnn 0.816  (14s)
  JSR   -4.0 dB  BER 8.92e-03  P(det)@0.05 power_one_sided 1.000 power_two_sided 1.000 kurtosis 1.000 spec_cnn 0.908  (15s)
  JSR   -3.0 dB  BER 1.13e-02  P(det)@0.05 power_one_sided 1.000 power_two_sided 1.000 kurtosis 1.000 spec_cnn 0.959  (15s)
  JSR   -2.0 dB  BER 1.34e-02  P(det)@0.05 power_one_sided 1.000 power_two_sided 1.000 kurtosis 1.000 spec_cnn 0.998  (15s)
  JSR   -1.0 dB  BER 1.88e-02  P(det)@0.05 power_one_sided 1.000 power_two_sided 1.000 kurtosis 1.000 spec_cnn 0.998  (16s)
  JSR   +0.0 dB  BER 2.44e-02  P(det)@0.05 power_one_sided 1.000 power_two_sided 1.000 kurtosis 1.000 spec_cnn 1.000  (16s)
  JSR   +1.0 dB  BER 3.37e-02  P(det)@0.05 power_one_sided 1.000 power_two_sided 1.000 kurtosis 1.000 spec_cnn 1.000  (16s)
  JSR   +2.0 dB  BER 4.59e-02  P(det)@0.05 power_one_sided 1.000 power_two_sided 1.000 kurtosis 1.000 spec_cnn 1.000  (17s)
  JSR   +3.0 dB  BER 6.13e-02  P(det)@0.05 power_one_sided 1.000 power_two_sided 1.000 kurtosis 1.000 spec_cnn 1.000  (17s)
  JSR   +4.0 dB  BER 8.22e-02  P(det)@0.05 power_one_sided 1.000 power_two_sided 1.000 kurtosis 1.000 spec_cnn 1.000  (17s)
  JSR   +5.0 dB  BER 1.02e-01  P(det)@0.05 power_one_sided 1.000 power_two_sided 1.000 kurtosis 1.000 spec_cnn 1.000  (17s)
  JSR   +6.0 dB  BER 1.30e-01  P(det)@0.05 power_one_sided 1.000 power_two_sided 1.000 kurtosis 1.000 spec_cnn 1.000  (18s)
  JSR   +7.0 dB  BER 1.49e-01  P(det)@0.05 power_one_sided 1.000 power_two_sided 1.000 kurtosis 1.000 spec_cnn 1.000  (18s)
  JSR   +8.0 dB  BER 1.81e-01  P(det)@0.05 power_one_sided 1.000 power_two_sided 1.000 kurtosis 1.000 spec_cnn 1.000  (18s)
  JSR   +9.0 dB  BER 2.05e-01  P(det)@0.05 power_one_sided 1.000 power_two_sided 1.000 kurtosis 1.000 spec_cnn 1.000  (19s)
  JSR  +10.0 dB  BER 2.34e-01  P(det)@0.05 power_one_sided 1.000 power_two_sided 1.000 kurtosis 1.000 spec_cnn 1.000  (19s)
  JSR  +11.0 dB  BER 2.52e-01  P(det)@0.05 power_one_sided 1.000 power_two_sided 1.000 kurtosis 1.000 spec_cnn 1.000  (19s)
  JSR  +12.0 dB  BER 2.76e-01  P(det)@0.05 power_one_sided 1.000 power_two_sided 1.000 kurtosis 1.000 spec_cnn 1.000  (20s)
  JSR  +13.0 dB  BER 2.98e-01  P(det)@0.05 power_one_sided 1.000 power_two_sided 1.000 kurtosis 1.000 spec_cnn 1.000  (20s)
  JSR  +14.0 dB  BER 3.16e-01  P(det)@0.05 power_one_sided 1.000 power_two_sided 1.000 kurtosis 1.000 spec_cnn 1.000  (20s)
  JSR  +15.0 dB  BER 3.38e-01  P(det)@0.05 power_one_sided 1.000 power_two_sided 1.000 kurtosis 1.000 spec_cnn 1.000  (21s)
  [snr_10] eff confirmed: {"power_one_sided": {"0.01": {"index": 0, "sweep_ber": 0.0, "sweep_pdet": 0.0078125, "confirmed_ber": 0.0, "confirmed_ser": 0.0, "confirmed_pdet": 0.01025390625, "passed": true}, "0.05": {"index": 0, "sweep_ber": 0.0, "sweep_pdet": 0.0390625, "confirmed_ber": 0.0, "confirmed_ser": 0.0, "confirmed_pdet": 0.0498046875, "passed": true}}, "power_two_sided": {"0.01": {"index": 0, "sweep_ber": 0.0, "sweep_pdet": 0.00390625, "confirmed_ber": 0.0, "confirmed_ser": 0.0, "confirmed_pdet": 0.01171875, "passed": true}, "0.05": {"index": 0, "sweep_ber": 0.0, "sweep_pdet": 0.03125, "confirmed_ber": 0.0, "confirmed_ser": 0.0, "confirmed_pdet": 0.0478515625, "passed": true}}, "kurtosis": {"0.01": {"index": 28, "sweep_ber": 0.0003814697265625, "sweep_pdet": 0.017578125, "confirmed_ber": 0.00047016143798828125, "confirmed_ser": 0.0009403228759765625, "confirmed_pdet": 0.017822265625, "passed": false}, "0.05": {"index": 28, "sweep_ber": 0.0003814697265625, "sweep_pdet": 0.064453125, "confirmed_ber": 0.0005340576171875, "confirmed_ser": 0.001068115234375, "confirmed_pdet": 0.07177734375, "passed": false}}, "spec_cnn": {"0.01": {"index": 33, "sweep_ber": 0.0025634765625, "sweep_pdet": 0.017578125, "confirmed_ber": 0.002490997314453125, "confirmed_ser": 0.0045795440673828125, "confirmed_pdet": 0.01953125, "passed": false}, "0.05": {"index": 28, "sweep_ber": 0.0003814697265625, "sweep_pdet": 0.056640625, "confirmed_ber": 0.000492095947265625, "confirmed_ser": 0.00098419189453125, "confirmed_pdet": 0.058349609375, "passed": false}}}  (343s)
  [snr_10] generator power_one_sided_b1 (scale 0.4022)
  JSR  -50.0 dB  BER 0.00e+00  P(det)@0.05 power_one_sided 0.051 power_two_sided 0.029 kurtosis 0.062 spec_cnn 0.053  (0s)
  JSR  -49.0 dB  BER 0.00e+00  P(det)@0.05 power_one_sided 0.045 power_two_sided 0.045 kurtosis 0.062 spec_cnn 0.055  (1s)
  JSR  -48.0 dB  BER 0.00e+00  P(det)@0.05 power_one_sided 0.066 power_two_sided 0.049 kurtosis 0.047 spec_cnn 0.043  (1s)
  JSR  -47.0 dB  BER 0.00e+00  P(det)@0.05 power_one_sided 0.061 power_two_sided 0.074 kurtosis 0.051 spec_cnn 0.057  (1s)
  JSR  -46.0 dB  BER 0.00e+00  P(det)@0.05 power_one_sided 0.053 power_two_sided 0.057 kurtosis 0.045 spec_cnn 0.043  (1s)
  JSR  -45.0 dB  BER 0.00e+00  P(det)@0.05 power_one_sided 0.059 power_two_sided 0.062 kurtosis 0.061 spec_cnn 0.064  (2s)
  JSR  -44.0 dB  BER 0.00e+00  P(det)@0.05 power_one_sided 0.055 power_two_sided 0.039 kurtosis 0.047 spec_cnn 0.049  (2s)
  JSR  -43.0 dB  BER 0.00e+00  P(det)@0.05 power_one_sided 0.047 power_two_sided 0.041 kurtosis 0.064 spec_cnn 0.041  (2s)
  JSR  -42.0 dB  BER 0.00e+00  P(det)@0.05 power_one_sided 0.053 power_two_sided 0.053 kurtosis 0.047 spec_cnn 0.059  (3s)
  JSR  -41.0 dB  BER 0.00e+00  P(det)@0.05 power_one_sided 0.059 power_two_sided 0.047 kurtosis 0.053 spec_cnn 0.062  (3s)
  JSR  -40.0 dB  BER 0.00e+00  P(det)@0.05 power_one_sided 0.049 power_two_sided 0.043 kurtosis 0.062 spec_cnn 0.051  (3s)
  JSR  -39.0 dB  BER 0.00e+00  P(det)@0.05 power_one_sided 0.064 power_two_sided 0.061 kurtosis 0.055 spec_cnn 0.037  (4s)
  JSR  -38.0 dB  BER 0.00e+00  P(det)@0.05 power_one_sided 0.043 power_two_sided 0.035 kurtosis 0.055 spec_cnn 0.029  (4s)
  JSR  -37.0 dB  BER 0.00e+00  P(det)@0.05 power_one_sided 0.049 power_two_sided 0.045 kurtosis 0.062 spec_cnn 0.057  (4s)
  JSR  -36.0 dB  BER 0.00e+00  P(det)@0.05 power_one_sided 0.070 power_two_sided 0.062 kurtosis 0.057 spec_cnn 0.072  (5s)
  JSR  -35.0 dB  BER 0.00e+00  P(det)@0.05 power_one_sided 0.062 power_two_sided 0.061 kurtosis 0.057 spec_cnn 0.062  (5s)
  JSR  -34.0 dB  BER 0.00e+00  P(det)@0.05 power_one_sided 0.055 power_two_sided 0.076 kurtosis 0.031 spec_cnn 0.066  (5s)
  JSR  -33.0 dB  BER 0.00e+00  P(det)@0.05 power_one_sided 0.074 power_two_sided 0.062 kurtosis 0.068 spec_cnn 0.043  (6s)
  JSR  -32.0 dB  BER 0.00e+00  P(det)@0.05 power_one_sided 0.057 power_two_sided 0.057 kurtosis 0.059 spec_cnn 0.053  (6s)
  JSR  -31.0 dB  BER 0.00e+00  P(det)@0.05 power_one_sided 0.066 power_two_sided 0.062 kurtosis 0.051 spec_cnn 0.037  (6s)
  JSR  -30.0 dB  BER 0.00e+00  P(det)@0.05 power_one_sided 0.068 power_two_sided 0.055 kurtosis 0.041 spec_cnn 0.051  (7s)
  JSR  -29.0 dB  BER 0.00e+00  P(det)@0.05 power_one_sided 0.086 power_two_sided 0.072 kurtosis 0.068 spec_cnn 0.062  (7s)
  JSR  -28.0 dB  BER 0.00e+00  P(det)@0.05 power_one_sided 0.102 power_two_sided 0.092 kurtosis 0.057 spec_cnn 0.051  (7s)
  JSR  -27.0 dB  BER 0.00e+00  P(det)@0.05 power_one_sided 0.100 power_two_sided 0.061 kurtosis 0.059 spec_cnn 0.045  (8s)
  JSR  -26.0 dB  BER 7.63e-06  P(det)@0.05 power_one_sided 0.098 power_two_sided 0.068 kurtosis 0.064 spec_cnn 0.053  (8s)
  JSR  -25.0 dB  BER 7.63e-06  P(det)@0.05 power_one_sided 0.143 power_two_sided 0.104 kurtosis 0.061 spec_cnn 0.047  (8s)
  JSR  -24.0 dB  BER 3.81e-05  P(det)@0.05 power_one_sided 0.160 power_two_sided 0.139 kurtosis 0.047 spec_cnn 0.057  (8s)
  JSR  -23.0 dB  BER 1.45e-04  P(det)@0.05 power_one_sided 0.215 power_two_sided 0.146 kurtosis 0.053 spec_cnn 0.070  (9s)
  JSR  -22.0 dB  BER 4.43e-04  P(det)@0.05 power_one_sided 0.270 power_two_sided 0.211 kurtosis 0.078 spec_cnn 0.070  (9s)
  JSR  -21.0 dB  BER 8.93e-04  P(det)@0.05 power_one_sided 0.318 power_two_sided 0.244 kurtosis 0.090 spec_cnn 0.068  (9s)
  JSR  -20.0 dB  BER 1.24e-03  P(det)@0.05 power_one_sided 0.420 power_two_sided 0.334 kurtosis 0.107 spec_cnn 0.072  (10s)
  JSR  -19.0 dB  BER 1.87e-03  P(det)@0.05 power_one_sided 0.471 power_two_sided 0.406 kurtosis 0.162 spec_cnn 0.062  (10s)
  JSR  -18.0 dB  BER 2.14e-03  P(det)@0.05 power_one_sided 0.604 power_two_sided 0.518 kurtosis 0.246 spec_cnn 0.090  (10s)
  JSR  -17.0 dB  BER 2.49e-03  P(det)@0.05 power_one_sided 0.682 power_two_sided 0.611 kurtosis 0.318 spec_cnn 0.062  (11s)
  JSR  -16.0 dB  BER 2.91e-03  P(det)@0.05 power_one_sided 0.789 power_two_sided 0.729 kurtosis 0.457 spec_cnn 0.061  (11s)
  JSR  -15.0 dB  BER 3.16e-03  P(det)@0.05 power_one_sided 0.887 power_two_sided 0.846 kurtosis 0.621 spec_cnn 0.096  (11s)
  JSR  -14.0 dB  BER 3.43e-03  P(det)@0.05 power_one_sided 0.959 power_two_sided 0.945 kurtosis 0.758 spec_cnn 0.102  (12s)
  JSR  -13.0 dB  BER 3.81e-03  P(det)@0.05 power_one_sided 0.973 power_two_sided 0.971 kurtosis 0.883 spec_cnn 0.111  (12s)
  JSR  -12.0 dB  BER 4.10e-03  P(det)@0.05 power_one_sided 0.996 power_two_sided 0.996 kurtosis 0.988 spec_cnn 0.164  (12s)
  JSR  -11.0 dB  BER 4.46e-03  P(det)@0.05 power_one_sided 0.998 power_two_sided 0.996 kurtosis 0.992 spec_cnn 0.180  (13s)
  JSR  -10.0 dB  BER 4.73e-03  P(det)@0.05 power_one_sided 1.000 power_two_sided 1.000 kurtosis 0.996 spec_cnn 0.215  (13s)
  JSR   -9.0 dB  BER 4.95e-03  P(det)@0.05 power_one_sided 1.000 power_two_sided 1.000 kurtosis 1.000 spec_cnn 0.330  (13s)
  JSR   -8.0 dB  BER 5.43e-03  P(det)@0.05 power_one_sided 1.000 power_two_sided 1.000 kurtosis 1.000 spec_cnn 0.445  (14s)
  JSR   -7.0 dB  BER 6.43e-03  P(det)@0.05 power_one_sided 1.000 power_two_sided 1.000 kurtosis 1.000 spec_cnn 0.559  (14s)
  JSR   -6.0 dB  BER 7.42e-03  P(det)@0.05 power_one_sided 1.000 power_two_sided 1.000 kurtosis 1.000 spec_cnn 0.684  (14s)
  JSR   -5.0 dB  BER 7.65e-03  P(det)@0.05 power_one_sided 1.000 power_two_sided 1.000 kurtosis 1.000 spec_cnn 0.828  (14s)
  JSR   -4.0 dB  BER 9.61e-03  P(det)@0.05 power_one_sided 1.000 power_two_sided 1.000 kurtosis 1.000 spec_cnn 0.908  (15s)
  JSR   -3.0 dB  BER 1.15e-02  P(det)@0.05 power_one_sided 1.000 power_two_sided 1.000 kurtosis 1.000 spec_cnn 0.959  (15s)
  JSR   -2.0 dB  BER 1.47e-02  P(det)@0.05 power_one_sided 1.000 power_two_sided 1.000 kurtosis 1.000 spec_cnn 0.977  (15s)
  JSR   -1.0 dB  BER 1.86e-02  P(det)@0.05 power_one_sided 1.000 power_two_sided 1.000 kurtosis 1.000 spec_cnn 0.990  (16s)
  JSR   +0.0 dB  BER 2.45e-02  P(det)@0.05 power_one_sided 1.000 power_two_sided 1.000 kurtosis 1.000 spec_cnn 0.996  (16s)
  JSR   +1.0 dB  BER 3.50e-02  P(det)@0.05 power_one_sided 1.000 power_two_sided 1.000 kurtosis 1.000 spec_cnn 1.000  (16s)
  JSR   +2.0 dB  BER 5.03e-02  P(det)@0.05 power_one_sided 1.000 power_two_sided 1.000 kurtosis 1.000 spec_cnn 1.000  (17s)
  JSR   +3.0 dB  BER 6.43e-02  P(det)@0.05 power_one_sided 1.000 power_two_sided 1.000 kurtosis 1.000 spec_cnn 1.000  (17s)
  JSR   +4.0 dB  BER 8.07e-02  P(det)@0.05 power_one_sided 1.000 power_two_sided 1.000 kurtosis 1.000 spec_cnn 1.000  (17s)
  JSR   +5.0 dB  BER 1.02e-01  P(det)@0.05 power_one_sided 1.000 power_two_sided 1.000 kurtosis 1.000 spec_cnn 1.000  (18s)
  JSR   +6.0 dB  BER 1.26e-01  P(det)@0.05 power_one_sided 1.000 power_two_sided 1.000 kurtosis 1.000 spec_cnn 1.000  (18s)
  JSR   +7.0 dB  BER 1.52e-01  P(det)@0.05 power_one_sided 1.000 power_two_sided 1.000 kurtosis 1.000 spec_cnn 1.000  (18s)
  JSR   +8.0 dB  BER 1.79e-01  P(det)@0.05 power_one_sided 1.000 power_two_sided 1.000 kurtosis 1.000 spec_cnn 1.000  (19s)
  JSR   +9.0 dB  BER 2.06e-01  P(det)@0.05 power_one_sided 1.000 power_two_sided 1.000 kurtosis 1.000 spec_cnn 1.000  (19s)
  JSR  +10.0 dB  BER 2.31e-01  P(det)@0.05 power_one_sided 1.000 power_two_sided 1.000 kurtosis 1.000 spec_cnn 1.000  (19s)
  JSR  +11.0 dB  BER 2.54e-01  P(det)@0.05 power_one_sided 1.000 power_two_sided 1.000 kurtosis 1.000 spec_cnn 1.000  (19s)
  JSR  +12.0 dB  BER 2.78e-01  P(det)@0.05 power_one_sided 1.000 power_two_sided 1.000 kurtosis 1.000 spec_cnn 1.000  (20s)
  JSR  +13.0 dB  BER 3.01e-01  P(det)@0.05 power_one_sided 1.000 power_two_sided 1.000 kurtosis 1.000 spec_cnn 1.000  (20s)
  JSR  +14.0 dB  BER 3.19e-01  P(det)@0.05 power_one_sided 1.000 power_two_sided 1.000 kurtosis 1.000 spec_cnn 1.000  (20s)
  JSR  +15.0 dB  BER 3.40e-01  P(det)@0.05 power_one_sided 1.000 power_two_sided 1.000 kurtosis 1.000 spec_cnn 1.000  (21s)
  [snr_10] power_one_sided_b1 confirmed: {"power_one_sided": {"0.01": {"index": 0, "sweep_ber": 0.0, "sweep_pdet": 0.005859375, "confirmed_ber": 0.0, "confirmed_ser": 0.0, "confirmed_pdet": 0.010009765625, "passed": true}, "0.05": {"index": 0, "sweep_ber": 0.0, "sweep_pdet": 0.05078125, "confirmed_ber": 0.0, "confirmed_ser": 0.0, "confirmed_pdet": 0.05712890625, "passed": false}}, "power_two_sided": {"0.01": {"index": 0, "sweep_ber": 0.0, "sweep_pdet": 0.0078125, "confirmed_ber": 0.0, "confirmed_ser": 0.0, "confirmed_pdet": 0.01123046875, "passed": true}, "0.05": {"index": 24, "sweep_ber": 7.62939453125e-06, "sweep_pdet": 0.068359375, "confirmed_ber": 2.86102294921875e-06, "confirmed_ser": 5.7220458984375e-06, "confirmed_pdet": 0.0830078125, "passed": false}}, "kurtosis": {"0.01": {"index": 28, "sweep_ber": 0.0004425048828125, "sweep_pdet": 0.017578125, "confirmed_ber": 0.00046062469482421875, "confirmed_ser": 0.0009212493896484375, "confirmed_pdet": 0.018798828125, "passed": false}, "0.05": {"index": 27, "sweep_ber": 0.00014495849609375, "sweep_pdet": 0.052734375, "confirmed_ber": 0.00019168853759765625, "confirmed_ser": 0.0003833770751953125, "confirmed_pdet": 0.069580078125, "passed": false}}, "spec_cnn": {"0.01": {"index": 36, "sweep_ber": 0.00342559814453125, "sweep_pdet": 0.01171875, "confirmed_ber": 0.0035142898559570312, "confirmed_ser": 0.0061397552490234375, "confirmed_pdet": 0.0283203125, "passed": false}, "0.05": {"index": 34, "sweep_ber": 0.00290679931640625, "sweep_pdet": 0.060546875, "confirmed_ber": 0.0028438568115234375, "confirmed_ser": 0.0051631927490234375, "confirmed_pdet": 0.085205078125, "passed": false}}}  (384s)
  [snr_10] generator power_one_sided_b10 (scale 0.4022)
  JSR  -50.0 dB  BER 0.00e+00  P(det)@0.05 power_one_sided 0.053 power_two_sided 0.047 kurtosis 0.053 spec_cnn 0.055  (0s)
  JSR  -49.0 dB  BER 0.00e+00  P(det)@0.05 power_one_sided 0.057 power_two_sided 0.053 kurtosis 0.053 spec_cnn 0.057  (1s)
  JSR  -48.0 dB  BER 0.00e+00  P(det)@0.05 power_one_sided 0.051 power_two_sided 0.066 kurtosis 0.062 spec_cnn 0.047  (1s)
  JSR  -47.0 dB  BER 0.00e+00  P(det)@0.05 power_one_sided 0.059 power_two_sided 0.045 kurtosis 0.061 spec_cnn 0.047  (1s)
  JSR  -46.0 dB  BER 0.00e+00  P(det)@0.05 power_one_sided 0.039 power_two_sided 0.041 kurtosis 0.066 spec_cnn 0.045  (2s)
  JSR  -45.0 dB  BER 0.00e+00  P(det)@0.05 power_one_sided 0.051 power_two_sided 0.053 kurtosis 0.033 spec_cnn 0.053  (2s)
  JSR  -44.0 dB  BER 0.00e+00  P(det)@0.05 power_one_sided 0.039 power_two_sided 0.051 kurtosis 0.057 spec_cnn 0.047  (2s)
  JSR  -43.0 dB  BER 0.00e+00  P(det)@0.05 power_one_sided 0.061 power_two_sided 0.057 kurtosis 0.051 spec_cnn 0.053  (2s)
  JSR  -42.0 dB  BER 0.00e+00  P(det)@0.05 power_one_sided 0.055 power_two_sided 0.055 kurtosis 0.062 spec_cnn 0.057  (3s)
  JSR  -41.0 dB  BER 0.00e+00  P(det)@0.05 power_one_sided 0.049 power_two_sided 0.039 kurtosis 0.047 spec_cnn 0.078  (3s)
  JSR  -40.0 dB  BER 0.00e+00  P(det)@0.05 power_one_sided 0.066 power_two_sided 0.068 kurtosis 0.055 spec_cnn 0.041  (3s)
  JSR  -39.0 dB  BER 0.00e+00  P(det)@0.05 power_one_sided 0.068 power_two_sided 0.045 kurtosis 0.062 spec_cnn 0.061  (4s)
  JSR  -38.0 dB  BER 0.00e+00  P(det)@0.05 power_one_sided 0.072 power_two_sided 0.061 kurtosis 0.066 spec_cnn 0.049  (4s)
  JSR  -37.0 dB  BER 0.00e+00  P(det)@0.05 power_one_sided 0.053 power_two_sided 0.041 kurtosis 0.061 spec_cnn 0.041  (4s)
  JSR  -36.0 dB  BER 0.00e+00  P(det)@0.05 power_one_sided 0.047 power_two_sided 0.045 kurtosis 0.068 spec_cnn 0.062  (5s)
  JSR  -35.0 dB  BER 0.00e+00  P(det)@0.05 power_one_sided 0.055 power_two_sided 0.062 kurtosis 0.049 spec_cnn 0.061  (5s)
  JSR  -34.0 dB  BER 0.00e+00  P(det)@0.05 power_one_sided 0.053 power_two_sided 0.055 kurtosis 0.053 spec_cnn 0.055  (5s)
  JSR  -33.0 dB  BER 0.00e+00  P(det)@0.05 power_one_sided 0.035 power_two_sided 0.055 kurtosis 0.053 spec_cnn 0.068  (6s)
  JSR  -32.0 dB  BER 0.00e+00  P(det)@0.05 power_one_sided 0.070 power_two_sided 0.061 kurtosis 0.045 spec_cnn 0.035  (6s)
  JSR  -31.0 dB  BER 0.00e+00  P(det)@0.05 power_one_sided 0.070 power_two_sided 0.064 kurtosis 0.057 spec_cnn 0.043  (6s)
  JSR  -30.0 dB  BER 0.00e+00  P(det)@0.05 power_one_sided 0.100 power_two_sided 0.078 kurtosis 0.068 spec_cnn 0.057  (7s)
  JSR  -29.0 dB  BER 0.00e+00  P(det)@0.05 power_one_sided 0.061 power_two_sided 0.051 kurtosis 0.057 spec_cnn 0.047  (7s)
  JSR  -28.0 dB  BER 0.00e+00  P(det)@0.05 power_one_sided 0.092 power_two_sided 0.070 kurtosis 0.059 spec_cnn 0.072  (7s)
  JSR  -27.0 dB  BER 0.00e+00  P(det)@0.05 power_one_sided 0.092 power_two_sided 0.080 kurtosis 0.049 spec_cnn 0.049  (8s)
  JSR  -26.0 dB  BER 0.00e+00  P(det)@0.05 power_one_sided 0.070 power_two_sided 0.057 kurtosis 0.051 spec_cnn 0.053  (8s)
  JSR  -25.0 dB  BER 0.00e+00  P(det)@0.05 power_one_sided 0.121 power_two_sided 0.080 kurtosis 0.064 spec_cnn 0.072  (8s)
  JSR  -24.0 dB  BER 3.81e-05  P(det)@0.05 power_one_sided 0.158 power_two_sided 0.100 kurtosis 0.072 spec_cnn 0.070  (8s)
  JSR  -23.0 dB  BER 1.75e-04  P(det)@0.05 power_one_sided 0.184 power_two_sided 0.137 kurtosis 0.084 spec_cnn 0.057  (9s)
  JSR  -22.0 dB  BER 3.97e-04  P(det)@0.05 power_one_sided 0.271 power_two_sided 0.205 kurtosis 0.088 spec_cnn 0.051  (9s)
  JSR  -21.0 dB  BER 7.40e-04  P(det)@0.05 power_one_sided 0.312 power_two_sided 0.236 kurtosis 0.086 spec_cnn 0.055  (9s)
  JSR  -20.0 dB  BER 1.28e-03  P(det)@0.05 power_one_sided 0.420 power_two_sided 0.340 kurtosis 0.102 spec_cnn 0.068  (10s)
  JSR  -19.0 dB  BER 1.69e-03  P(det)@0.05 power_one_sided 0.492 power_two_sided 0.422 kurtosis 0.146 spec_cnn 0.066  (10s)
  JSR  -18.0 dB  BER 1.91e-03  P(det)@0.05 power_one_sided 0.621 power_two_sided 0.535 kurtosis 0.260 spec_cnn 0.074  (10s)
  JSR  -17.0 dB  BER 2.55e-03  P(det)@0.05 power_one_sided 0.729 power_two_sided 0.660 kurtosis 0.322 spec_cnn 0.084  (11s)
  JSR  -16.0 dB  BER 2.99e-03  P(det)@0.05 power_one_sided 0.773 power_two_sided 0.725 kurtosis 0.426 spec_cnn 0.080  (11s)
  JSR  -15.0 dB  BER 2.83e-03  P(det)@0.05 power_one_sided 0.908 power_two_sided 0.879 kurtosis 0.617 spec_cnn 0.105  (11s)
  JSR  -14.0 dB  BER 3.48e-03  P(det)@0.05 power_one_sided 0.941 power_two_sided 0.926 kurtosis 0.730 spec_cnn 0.109  (12s)
  JSR  -13.0 dB  BER 3.76e-03  P(det)@0.05 power_one_sided 0.977 power_two_sided 0.965 kurtosis 0.877 spec_cnn 0.123  (12s)
  JSR  -12.0 dB  BER 3.92e-03  P(det)@0.05 power_one_sided 0.996 power_two_sided 0.994 kurtosis 0.969 spec_cnn 0.168  (12s)
  JSR  -11.0 dB  BER 4.14e-03  P(det)@0.05 power_one_sided 1.000 power_two_sided 1.000 kurtosis 0.992 spec_cnn 0.203  (13s)
  JSR  -10.0 dB  BER 4.23e-03  P(det)@0.05 power_one_sided 1.000 power_two_sided 1.000 kurtosis 1.000 spec_cnn 0.250  (13s)
  JSR   -9.0 dB  BER 4.83e-03  P(det)@0.05 power_one_sided 1.000 power_two_sided 1.000 kurtosis 1.000 spec_cnn 0.338  (13s)
  JSR   -8.0 dB  BER 5.39e-03  P(det)@0.05 power_one_sided 1.000 power_two_sided 1.000 kurtosis 1.000 spec_cnn 0.453  (14s)
  JSR   -7.0 dB  BER 6.23e-03  P(det)@0.05 power_one_sided 1.000 power_two_sided 1.000 kurtosis 1.000 spec_cnn 0.564  (14s)
  JSR   -6.0 dB  BER 6.97e-03  P(det)@0.05 power_one_sided 1.000 power_two_sided 1.000 kurtosis 1.000 spec_cnn 0.732  (14s)
  JSR   -5.0 dB  BER 8.13e-03  P(det)@0.05 power_one_sided 1.000 power_two_sided 1.000 kurtosis 1.000 spec_cnn 0.814  (15s)
  JSR   -4.0 dB  BER 9.70e-03  P(det)@0.05 power_one_sided 1.000 power_two_sided 1.000 kurtosis 1.000 spec_cnn 0.902  (15s)
  JSR   -3.0 dB  BER 1.17e-02  P(det)@0.05 power_one_sided 1.000 power_two_sided 1.000 kurtosis 1.000 spec_cnn 0.973  (15s)
  JSR   -2.0 dB  BER 1.52e-02  P(det)@0.05 power_one_sided 1.000 power_two_sided 1.000 kurtosis 1.000 spec_cnn 0.992  (15s)
  JSR   -1.0 dB  BER 2.10e-02  P(det)@0.05 power_one_sided 1.000 power_two_sided 1.000 kurtosis 1.000 spec_cnn 0.998  (16s)
  JSR   +0.0 dB  BER 2.94e-02  P(det)@0.05 power_one_sided 1.000 power_two_sided 1.000 kurtosis 1.000 spec_cnn 1.000  (16s)
  JSR   +1.0 dB  BER 4.11e-02  P(det)@0.05 power_one_sided 1.000 power_two_sided 1.000 kurtosis 1.000 spec_cnn 1.000  (16s)
  JSR   +2.0 dB  BER 5.42e-02  P(det)@0.05 power_one_sided 1.000 power_two_sided 1.000 kurtosis 1.000 spec_cnn 1.000  (17s)
  JSR   +3.0 dB  BER 6.80e-02  P(det)@0.05 power_one_sided 1.000 power_two_sided 1.000 kurtosis 1.000 spec_cnn 1.000  (17s)
  JSR   +4.0 dB  BER 9.12e-02  P(det)@0.05 power_one_sided 1.000 power_two_sided 1.000 kurtosis 1.000 spec_cnn 1.000  (17s)
  JSR   +5.0 dB  BER 1.16e-01  P(det)@0.05 power_one_sided 1.000 power_two_sided 1.000 kurtosis 1.000 spec_cnn 1.000  (18s)
  JSR   +6.0 dB  BER 1.38e-01  P(det)@0.05 power_one_sided 1.000 power_two_sided 1.000 kurtosis 1.000 spec_cnn 1.000  (18s)
  JSR   +7.0 dB  BER 1.65e-01  P(det)@0.05 power_one_sided 1.000 power_two_sided 1.000 kurtosis 1.000 spec_cnn 1.000  (18s)
  JSR   +8.0 dB  BER 1.92e-01  P(det)@0.05 power_one_sided 1.000 power_two_sided 1.000 kurtosis 1.000 spec_cnn 1.000  (19s)
  JSR   +9.0 dB  BER 2.17e-01  P(det)@0.05 power_one_sided 1.000 power_two_sided 1.000 kurtosis 1.000 spec_cnn 1.000  (19s)
  JSR  +10.0 dB  BER 2.41e-01  P(det)@0.05 power_one_sided 1.000 power_two_sided 1.000 kurtosis 1.000 spec_cnn 1.000  (19s)
  JSR  +11.0 dB  BER 2.65e-01  P(det)@0.05 power_one_sided 1.000 power_two_sided 1.000 kurtosis 1.000 spec_cnn 1.000  (20s)
  JSR  +12.0 dB  BER 2.90e-01  P(det)@0.05 power_one_sided 1.000 power_two_sided 1.000 kurtosis 1.000 spec_cnn 1.000  (20s)
  JSR  +13.0 dB  BER 3.07e-01  P(det)@0.05 power_one_sided 1.000 power_two_sided 1.000 kurtosis 1.000 spec_cnn 1.000  (20s)
  JSR  +14.0 dB  BER 3.29e-01  P(det)@0.05 power_one_sided 1.000 power_two_sided 1.000 kurtosis 1.000 spec_cnn 1.000  (21s)
  JSR  +15.0 dB  BER 3.45e-01  P(det)@0.05 power_one_sided 1.000 power_two_sided 1.000 kurtosis 1.000 spec_cnn 1.000  (21s)
  [snr_10] power_one_sided_b10 confirmed: {"power_one_sided": {"0.01": {"index": 0, "sweep_ber": 0.0, "sweep_pdet": 0.009765625, "confirmed_ber": 0.0, "confirmed_ser": 0.0, "confirmed_pdet": 0.011962890625, "passed": true}, "0.05": {"index": 0, "sweep_ber": 0.0, "sweep_pdet": 0.052734375, "confirmed_ber": 0.0, "confirmed_ser": 0.0, "confirmed_pdet": 0.051513671875, "passed": true}}, "power_two_sided": {"0.01": {"index": 0, "sweep_ber": 0.0, "sweep_pdet": 0.0078125, "confirmed_ber": 0.0, "confirmed_ser": 0.0, "confirmed_pdet": 0.007080078125, "passed": true}, "0.05": {"index": 0, "sweep_ber": 0.0, "sweep_pdet": 0.046875, "confirmed_ber": 0.0, "confirmed_ser": 0.0, "confirmed_pdet": 0.048095703125, "passed": true}}, "kurtosis": {"0.01": {"index": 27, "sweep_ber": 0.00017547607421875, "sweep_pdet": 0.017578125, "confirmed_ber": 0.0001621246337890625, "confirmed_ser": 0.000324249267578125, "confirmed_pdet": 0.015625, "passed": false}, "0.05": {"index": 0, "sweep_ber": 0.0, "sweep_pdet": 0.052734375, "confirmed_ber": 0.0, "confirmed_ser": 0.0, "confirmed_pdet": 0.05078125, "passed": true}}, "spec_cnn": {"0.01": {"index": 32, "sweep_ber": 0.00191497802734375, "sweep_pdet": 0.013671875, "confirmed_ber": 0.002002716064453125, "confirmed_ser": 0.0038204193115234375, "confirmed_pdet": 0.020751953125, "passed": false}, "0.05": {"index": 31, "sweep_ber": 0.0016937255859375, "sweep_pdet": 0.06640625, "confirmed_ber": 0.0016031265258789062, "confirmed_ser": 0.0031452178955078125, "confirmed_pdet": 0.077392578125, "passed": false}}}  (425s)
  [snr_10] generator power_one_sided_b100 (scale 0.4022)
  JSR  -50.0 dB  BER 0.00e+00  P(det)@0.05 power_one_sided 0.037 power_two_sided 0.045 kurtosis 0.043 spec_cnn 0.059  (0s)
  JSR  -49.0 dB  BER 0.00e+00  P(det)@0.05 power_one_sided 0.057 power_two_sided 0.045 kurtosis 0.045 spec_cnn 0.051  (1s)
  JSR  -48.0 dB  BER 0.00e+00  P(det)@0.05 power_one_sided 0.053 power_two_sided 0.051 kurtosis 0.057 spec_cnn 0.051  (1s)
  JSR  -47.0 dB  BER 0.00e+00  P(det)@0.05 power_one_sided 0.051 power_two_sided 0.041 kurtosis 0.055 spec_cnn 0.041  (1s)
  JSR  -46.0 dB  BER 0.00e+00  P(det)@0.05 power_one_sided 0.055 power_two_sided 0.035 kurtosis 0.059 spec_cnn 0.057  (1s)
  JSR  -45.0 dB  BER 0.00e+00  P(det)@0.05 power_one_sided 0.051 power_two_sided 0.047 kurtosis 0.055 spec_cnn 0.057  (2s)
  JSR  -44.0 dB  BER 0.00e+00  P(det)@0.05 power_one_sided 0.059 power_two_sided 0.062 kurtosis 0.059 spec_cnn 0.057  (2s)
  JSR  -43.0 dB  BER 0.00e+00  P(det)@0.05 power_one_sided 0.068 power_two_sided 0.059 kurtosis 0.051 spec_cnn 0.066  (2s)
  JSR  -42.0 dB  BER 0.00e+00  P(det)@0.05 power_one_sided 0.059 power_two_sided 0.049 kurtosis 0.055 spec_cnn 0.031  (3s)
  JSR  -41.0 dB  BER 0.00e+00  P(det)@0.05 power_one_sided 0.061 power_two_sided 0.049 kurtosis 0.035 spec_cnn 0.066  (3s)
  JSR  -40.0 dB  BER 0.00e+00  P(det)@0.05 power_one_sided 0.057 power_two_sided 0.053 kurtosis 0.047 spec_cnn 0.051  (3s)
  JSR  -39.0 dB  BER 0.00e+00  P(det)@0.05 power_one_sided 0.047 power_two_sided 0.059 kurtosis 0.049 spec_cnn 0.047  (4s)
  JSR  -38.0 dB  BER 0.00e+00  P(det)@0.05 power_one_sided 0.037 power_two_sided 0.031 kurtosis 0.049 spec_cnn 0.057  (4s)
  JSR  -37.0 dB  BER 0.00e+00  P(det)@0.05 power_one_sided 0.053 power_two_sided 0.057 kurtosis 0.061 spec_cnn 0.025  (4s)
  JSR  -36.0 dB  BER 0.00e+00  P(det)@0.05 power_one_sided 0.068 power_two_sided 0.047 kurtosis 0.066 spec_cnn 0.037  (5s)
  JSR  -35.0 dB  BER 0.00e+00  P(det)@0.05 power_one_sided 0.059 power_two_sided 0.053 kurtosis 0.051 spec_cnn 0.051  (5s)
  JSR  -34.0 dB  BER 0.00e+00  P(det)@0.05 power_one_sided 0.059 power_two_sided 0.064 kurtosis 0.066 spec_cnn 0.049  (5s)
  JSR  -33.0 dB  BER 0.00e+00  P(det)@0.05 power_one_sided 0.070 power_two_sided 0.057 kurtosis 0.055 spec_cnn 0.043  (6s)
  JSR  -32.0 dB  BER 0.00e+00  P(det)@0.05 power_one_sided 0.062 power_two_sided 0.045 kurtosis 0.066 spec_cnn 0.053  (6s)
  JSR  -31.0 dB  BER 0.00e+00  P(det)@0.05 power_one_sided 0.072 power_two_sided 0.076 kurtosis 0.064 spec_cnn 0.035  (6s)
  JSR  -30.0 dB  BER 0.00e+00  P(det)@0.05 power_one_sided 0.076 power_two_sided 0.047 kurtosis 0.041 spec_cnn 0.045  (6s)
  JSR  -29.0 dB  BER 0.00e+00  P(det)@0.05 power_one_sided 0.070 power_two_sided 0.053 kurtosis 0.080 spec_cnn 0.051  (7s)
  JSR  -28.0 dB  BER 0.00e+00  P(det)@0.05 power_one_sided 0.102 power_two_sided 0.070 kurtosis 0.041 spec_cnn 0.055  (7s)
  JSR  -27.0 dB  BER 0.00e+00  P(det)@0.05 power_one_sided 0.082 power_two_sided 0.070 kurtosis 0.045 spec_cnn 0.057  (7s)
  JSR  -26.0 dB  BER 0.00e+00  P(det)@0.05 power_one_sided 0.086 power_two_sided 0.061 kurtosis 0.037 spec_cnn 0.025  (8s)
  JSR  -25.0 dB  BER 0.00e+00  P(det)@0.05 power_one_sided 0.125 power_two_sided 0.100 kurtosis 0.072 spec_cnn 0.055  (8s)
  JSR  -24.0 dB  BER 6.87e-05  P(det)@0.05 power_one_sided 0.158 power_two_sided 0.104 kurtosis 0.066 spec_cnn 0.061  (8s)
  JSR  -23.0 dB  BER 2.29e-04  P(det)@0.05 power_one_sided 0.193 power_two_sided 0.145 kurtosis 0.064 spec_cnn 0.059  (9s)
  JSR  -22.0 dB  BER 5.65e-04  P(det)@0.05 power_one_sided 0.236 power_two_sided 0.166 kurtosis 0.064 spec_cnn 0.045  (9s)
  JSR  -21.0 dB  BER 9.61e-04  P(det)@0.05 power_one_sided 0.291 power_two_sided 0.217 kurtosis 0.096 spec_cnn 0.047  (9s)
  JSR  -20.0 dB  BER 1.37e-03  P(det)@0.05 power_one_sided 0.445 power_two_sided 0.375 kurtosis 0.121 spec_cnn 0.076  (10s)
  JSR  -19.0 dB  BER 1.70e-03  P(det)@0.05 power_one_sided 0.496 power_two_sided 0.426 kurtosis 0.162 spec_cnn 0.066  (10s)
  JSR  -18.0 dB  BER 2.06e-03  P(det)@0.05 power_one_sided 0.578 power_two_sided 0.504 kurtosis 0.234 spec_cnn 0.062  (10s)
  JSR  -17.0 dB  BER 2.75e-03  P(det)@0.05 power_one_sided 0.715 power_two_sided 0.621 kurtosis 0.326 spec_cnn 0.072  (11s)
  JSR  -16.0 dB  BER 2.76e-03  P(det)@0.05 power_one_sided 0.852 power_two_sided 0.814 kurtosis 0.477 spec_cnn 0.082  (11s)
  JSR  -15.0 dB  BER 3.09e-03  P(det)@0.05 power_one_sided 0.920 power_two_sided 0.889 kurtosis 0.637 spec_cnn 0.076  (11s)
  JSR  -14.0 dB  BER 3.55e-03  P(det)@0.05 power_one_sided 0.961 power_two_sided 0.939 kurtosis 0.752 spec_cnn 0.098  (12s)
  JSR  -13.0 dB  BER 3.65e-03  P(det)@0.05 power_one_sided 0.992 power_two_sided 0.988 kurtosis 0.926 spec_cnn 0.096  (12s)
  JSR  -12.0 dB  BER 4.23e-03  P(det)@0.05 power_one_sided 1.000 power_two_sided 1.000 kurtosis 0.975 spec_cnn 0.150  (12s)
  JSR  -11.0 dB  BER 4.42e-03  P(det)@0.05 power_one_sided 1.000 power_two_sided 1.000 kurtosis 0.996 spec_cnn 0.201  (12s)
  JSR  -10.0 dB  BER 4.90e-03  P(det)@0.05 power_one_sided 1.000 power_two_sided 1.000 kurtosis 1.000 spec_cnn 0.225  (13s)
  JSR   -9.0 dB  BER 5.09e-03  P(det)@0.05 power_one_sided 1.000 power_two_sided 1.000 kurtosis 1.000 spec_cnn 0.287  (13s)
  JSR   -8.0 dB  BER 5.74e-03  P(det)@0.05 power_one_sided 1.000 power_two_sided 1.000 kurtosis 1.000 spec_cnn 0.387  (13s)
  JSR   -7.0 dB  BER 6.65e-03  P(det)@0.05 power_one_sided 1.000 power_two_sided 1.000 kurtosis 1.000 spec_cnn 0.451  (14s)
  JSR   -6.0 dB  BER 6.72e-03  P(det)@0.05 power_one_sided 1.000 power_two_sided 1.000 kurtosis 1.000 spec_cnn 0.629  (14s)
  JSR   -5.0 dB  BER 8.35e-03  P(det)@0.05 power_one_sided 1.000 power_two_sided 1.000 kurtosis 1.000 spec_cnn 0.750  (14s)
  JSR   -4.0 dB  BER 9.00e-03  P(det)@0.05 power_one_sided 1.000 power_two_sided 1.000 kurtosis 1.000 spec_cnn 0.857  (15s)
  JSR   -3.0 dB  BER 1.10e-02  P(det)@0.05 power_one_sided 1.000 power_two_sided 1.000 kurtosis 1.000 spec_cnn 0.949  (15s)
  JSR   -2.0 dB  BER 1.37e-02  P(det)@0.05 power_one_sided 1.000 power_two_sided 1.000 kurtosis 1.000 spec_cnn 0.963  (15s)
  JSR   -1.0 dB  BER 1.73e-02  P(det)@0.05 power_one_sided 1.000 power_two_sided 1.000 kurtosis 1.000 spec_cnn 0.984  (16s)
  JSR   +0.0 dB  BER 2.43e-02  P(det)@0.05 power_one_sided 1.000 power_two_sided 1.000 kurtosis 1.000 spec_cnn 0.996  (16s)
  JSR   +1.0 dB  BER 3.24e-02  P(det)@0.05 power_one_sided 1.000 power_two_sided 1.000 kurtosis 1.000 spec_cnn 1.000  (16s)
  JSR   +2.0 dB  BER 4.46e-02  P(det)@0.05 power_one_sided 1.000 power_two_sided 1.000 kurtosis 1.000 spec_cnn 0.998  (17s)
  JSR   +3.0 dB  BER 5.86e-02  P(det)@0.05 power_one_sided 1.000 power_two_sided 1.000 kurtosis 1.000 spec_cnn 1.000  (17s)
  JSR   +4.0 dB  BER 7.66e-02  P(det)@0.05 power_one_sided 1.000 power_two_sided 1.000 kurtosis 1.000 spec_cnn 1.000  (17s)
  JSR   +5.0 dB  BER 9.76e-02  P(det)@0.05 power_one_sided 1.000 power_two_sided 1.000 kurtosis 1.000 spec_cnn 1.000  (18s)
  JSR   +6.0 dB  BER 1.24e-01  P(det)@0.05 power_one_sided 1.000 power_two_sided 1.000 kurtosis 1.000 spec_cnn 1.000  (18s)
  JSR   +7.0 dB  BER 1.50e-01  P(det)@0.05 power_one_sided 1.000 power_two_sided 1.000 kurtosis 1.000 spec_cnn 1.000  (18s)
  JSR   +8.0 dB  BER 1.74e-01  P(det)@0.05 power_one_sided 1.000 power_two_sided 1.000 kurtosis 1.000 spec_cnn 1.000  (18s)
  JSR   +9.0 dB  BER 2.03e-01  P(det)@0.05 power_one_sided 1.000 power_two_sided 1.000 kurtosis 1.000 spec_cnn 1.000  (19s)
  JSR  +10.0 dB  BER 2.26e-01  P(det)@0.05 power_one_sided 1.000 power_two_sided 1.000 kurtosis 1.000 spec_cnn 1.000  (19s)
  JSR  +11.0 dB  BER 2.51e-01  P(det)@0.05 power_one_sided 1.000 power_two_sided 1.000 kurtosis 1.000 spec_cnn 1.000  (19s)
  JSR  +12.0 dB  BER 2.76e-01  P(det)@0.05 power_one_sided 1.000 power_two_sided 1.000 kurtosis 1.000 spec_cnn 1.000  (20s)
  JSR  +13.0 dB  BER 2.97e-01  P(det)@0.05 power_one_sided 1.000 power_two_sided 1.000 kurtosis 1.000 spec_cnn 1.000  (20s)
  JSR  +14.0 dB  BER 3.18e-01  P(det)@0.05 power_one_sided 1.000 power_two_sided 1.000 kurtosis 1.000 spec_cnn 1.000  (20s)
  JSR  +15.0 dB  BER 3.35e-01  P(det)@0.05 power_one_sided 1.000 power_two_sided 1.000 kurtosis 1.000 spec_cnn 1.000  (21s)
  [snr_10] power_one_sided_b100 confirmed: {"power_one_sided": {"0.01": {"index": 0, "sweep_ber": 0.0, "sweep_pdet": 0.0078125, "confirmed_ber": 0.0, "confirmed_ser": 0.0, "confirmed_pdet": 0.010986328125, "passed": true}, "0.05": {"index": 0, "sweep_ber": 0.0, "sweep_pdet": 0.037109375, "confirmed_ber": 0.0, "confirmed_ser": 0.0, "confirmed_pdet": 0.05029296875, "passed": true}}, "power_two_sided": {"0.01": {"index": 0, "sweep_ber": 0.0, "sweep_pdet": 0.0078125, "confirmed_ber": 0.0, "confirmed_ser": 0.0, "confirmed_pdet": 0.00634765625, "passed": true}, "0.05": {"index": 0, "sweep_ber": 0.0, "sweep_pdet": 0.044921875, "confirmed_ber": 0.0, "confirmed_ser": 0.0, "confirmed_pdet": 0.05908203125, "passed": false}}, "kurtosis": {"0.01": {"index": 28, "sweep_ber": 0.0005645751953125, "sweep_pdet": 0.015625, "confirmed_ber": 0.00051116943359375, "confirmed_ser": 0.0010204315185546875, "confirmed_pdet": 0.01708984375, "passed": false}, "0.05": {"index": 28, "sweep_ber": 0.0005645751953125, "sweep_pdet": 0.064453125, "confirmed_ber": 0.0005168914794921875, "confirmed_ser": 0.001033782958984375, "confirmed_pdet": 0.06201171875, "passed": false}}, "spec_cnn": {"0.01": {"index": 37, "sweep_ber": 0.0036468505859375, "sweep_pdet": 0.015625, "confirmed_ber": 0.003810882568359375, "confirmed_ser": 0.006542205810546875, "confirmed_pdet": 0.036865234375, "passed": false}, "0.05": {"index": 32, "sweep_ber": 0.0020599365234375, "sweep_pdet": 0.0625, "confirmed_ber": 0.0021905899047851562, "confirmed_ser": 0.004154205322265625, "confirmed_pdet": 0.059814453125, "passed": false}}}  (466s)
  [snr_10] generator power_one_sided_b1000 (scale 0.4022)
  JSR  -50.0 dB  BER 0.00e+00  P(det)@0.05 power_one_sided 0.037 power_two_sided 0.033 kurtosis 0.053 spec_cnn 0.051  (0s)
  JSR  -49.0 dB  BER 0.00e+00  P(det)@0.05 power_one_sided 0.061 power_two_sided 0.053 kurtosis 0.045 spec_cnn 0.062  (1s)
  JSR  -48.0 dB  BER 0.00e+00  P(det)@0.05 power_one_sided 0.053 power_two_sided 0.045 kurtosis 0.033 spec_cnn 0.041  (1s)
  JSR  -47.0 dB  BER 0.00e+00  P(det)@0.05 power_one_sided 0.051 power_two_sided 0.051 kurtosis 0.043 spec_cnn 0.045  (1s)
  JSR  -46.0 dB  BER 0.00e+00  P(det)@0.05 power_one_sided 0.045 power_two_sided 0.049 kurtosis 0.059 spec_cnn 0.059  (2s)
  JSR  -45.0 dB  BER 0.00e+00  P(det)@0.05 power_one_sided 0.047 power_two_sided 0.039 kurtosis 0.043 spec_cnn 0.055  (2s)
  JSR  -44.0 dB  BER 0.00e+00  P(det)@0.05 power_one_sided 0.059 power_two_sided 0.061 kurtosis 0.045 spec_cnn 0.057  (2s)
  JSR  -43.0 dB  BER 0.00e+00  P(det)@0.05 power_one_sided 0.039 power_two_sided 0.053 kurtosis 0.051 spec_cnn 0.053  (3s)
  JSR  -42.0 dB  BER 0.00e+00  P(det)@0.05 power_one_sided 0.057 power_two_sided 0.033 kurtosis 0.045 spec_cnn 0.049  (3s)
  JSR  -41.0 dB  BER 0.00e+00  P(det)@0.05 power_one_sided 0.055 power_two_sided 0.053 kurtosis 0.043 spec_cnn 0.053  (3s)
  JSR  -40.0 dB  BER 0.00e+00  P(det)@0.05 power_one_sided 0.057 power_two_sided 0.057 kurtosis 0.074 spec_cnn 0.059  (3s)
  JSR  -39.0 dB  BER 0.00e+00  P(det)@0.05 power_one_sided 0.062 power_two_sided 0.039 kurtosis 0.064 spec_cnn 0.072  (4s)
  JSR  -38.0 dB  BER 0.00e+00  P(det)@0.05 power_one_sided 0.041 power_two_sided 0.061 kurtosis 0.047 spec_cnn 0.041  (4s)
  JSR  -37.0 dB  BER 0.00e+00  P(det)@0.05 power_one_sided 0.086 power_two_sided 0.070 kurtosis 0.047 spec_cnn 0.047  (4s)
  JSR  -36.0 dB  BER 0.00e+00  P(det)@0.05 power_one_sided 0.061 power_two_sided 0.053 kurtosis 0.045 spec_cnn 0.035  (5s)
  JSR  -35.0 dB  BER 0.00e+00  P(det)@0.05 power_one_sided 0.072 power_two_sided 0.057 kurtosis 0.053 spec_cnn 0.049  (5s)
  JSR  -34.0 dB  BER 0.00e+00  P(det)@0.05 power_one_sided 0.047 power_two_sided 0.051 kurtosis 0.031 spec_cnn 0.041  (5s)
  JSR  -33.0 dB  BER 0.00e+00  P(det)@0.05 power_one_sided 0.070 power_two_sided 0.053 kurtosis 0.055 spec_cnn 0.053  (6s)
  JSR  -32.0 dB  BER 0.00e+00  P(det)@0.05 power_one_sided 0.051 power_two_sided 0.045 kurtosis 0.051 spec_cnn 0.070  (6s)
  JSR  -31.0 dB  BER 0.00e+00  P(det)@0.05 power_one_sided 0.068 power_two_sided 0.059 kurtosis 0.062 spec_cnn 0.059  (6s)
  JSR  -30.0 dB  BER 0.00e+00  P(det)@0.05 power_one_sided 0.072 power_two_sided 0.061 kurtosis 0.061 spec_cnn 0.055  (7s)
  JSR  -29.0 dB  BER 0.00e+00  P(det)@0.05 power_one_sided 0.078 power_two_sided 0.068 kurtosis 0.051 spec_cnn 0.051  (7s)
  JSR  -28.0 dB  BER 0.00e+00  P(det)@0.05 power_one_sided 0.072 power_two_sided 0.068 kurtosis 0.041 spec_cnn 0.039  (7s)
  JSR  -27.0 dB  BER 0.00e+00  P(det)@0.05 power_one_sided 0.084 power_two_sided 0.061 kurtosis 0.059 spec_cnn 0.061  (8s)
  JSR  -26.0 dB  BER 0.00e+00  P(det)@0.05 power_one_sided 0.090 power_two_sided 0.092 kurtosis 0.061 spec_cnn 0.059  (8s)
  JSR  -25.0 dB  BER 0.00e+00  P(det)@0.05 power_one_sided 0.117 power_two_sided 0.096 kurtosis 0.059 spec_cnn 0.045  (8s)
  JSR  -24.0 dB  BER 0.00e+00  P(det)@0.05 power_one_sided 0.125 power_two_sided 0.104 kurtosis 0.051 spec_cnn 0.053  (8s)
  JSR  -23.0 dB  BER 0.00e+00  P(det)@0.05 power_one_sided 0.188 power_two_sided 0.145 kurtosis 0.064 spec_cnn 0.047  (9s)
  JSR  -22.0 dB  BER 7.63e-06  P(det)@0.05 power_one_sided 0.176 power_two_sided 0.152 kurtosis 0.057 spec_cnn 0.070  (9s)
  JSR  -21.0 dB  BER 3.81e-05  P(det)@0.05 power_one_sided 0.236 power_two_sided 0.186 kurtosis 0.061 spec_cnn 0.059  (9s)
  JSR  -20.0 dB  BER 1.45e-04  P(det)@0.05 power_one_sided 0.338 power_two_sided 0.291 kurtosis 0.082 spec_cnn 0.047  (10s)
  JSR  -19.0 dB  BER 2.59e-04  P(det)@0.05 power_one_sided 0.367 power_two_sided 0.285 kurtosis 0.078 spec_cnn 0.059  (10s)
  JSR  -18.0 dB  BER 5.26e-04  P(det)@0.05 power_one_sided 0.469 power_two_sided 0.391 kurtosis 0.105 spec_cnn 0.057  (10s)
  JSR  -17.0 dB  BER 5.80e-04  P(det)@0.05 power_one_sided 0.531 power_two_sided 0.482 kurtosis 0.152 spec_cnn 0.064  (11s)
  JSR  -16.0 dB  BER 1.21e-03  P(det)@0.05 power_one_sided 0.650 power_two_sided 0.598 kurtosis 0.184 spec_cnn 0.064  (11s)
  JSR  -15.0 dB  BER 1.39e-03  P(det)@0.05 power_one_sided 0.740 power_two_sided 0.697 kurtosis 0.314 spec_cnn 0.084  (11s)
  JSR  -14.0 dB  BER 1.96e-03  P(det)@0.05 power_one_sided 0.859 power_two_sided 0.820 kurtosis 0.439 spec_cnn 0.109  (12s)
  JSR  -13.0 dB  BER 2.29e-03  P(det)@0.05 power_one_sided 0.906 power_two_sided 0.877 kurtosis 0.629 spec_cnn 0.105  (12s)
  JSR  -12.0 dB  BER 2.82e-03  P(det)@0.05 power_one_sided 0.951 power_two_sided 0.941 kurtosis 0.768 spec_cnn 0.139  (12s)
  JSR  -11.0 dB  BER 2.99e-03  P(det)@0.05 power_one_sided 0.975 power_two_sided 0.969 kurtosis 0.924 spec_cnn 0.162  (13s)
  JSR  -10.0 dB  BER 3.67e-03  P(det)@0.05 power_one_sided 0.994 power_two_sided 0.994 kurtosis 0.975 spec_cnn 0.203  (13s)
  JSR   -9.0 dB  BER 5.26e-03  P(det)@0.05 power_one_sided 1.000 power_two_sided 1.000 kurtosis 0.996 spec_cnn 0.240  (13s)
  JSR   -8.0 dB  BER 6.79e-03  P(det)@0.05 power_one_sided 1.000 power_two_sided 1.000 kurtosis 1.000 spec_cnn 0.254  (14s)
  JSR   -7.0 dB  BER 1.10e-02  P(det)@0.05 power_one_sided 1.000 power_two_sided 1.000 kurtosis 1.000 spec_cnn 0.375  (14s)
  JSR   -6.0 dB  BER 1.81e-02  P(det)@0.05 power_one_sided 1.000 power_two_sided 1.000 kurtosis 1.000 spec_cnn 0.467  (14s)
  JSR   -5.0 dB  BER 2.80e-02  P(det)@0.05 power_one_sided 1.000 power_two_sided 1.000 kurtosis 1.000 spec_cnn 0.570  (14s)
  JSR   -4.0 dB  BER 3.95e-02  P(det)@0.05 power_one_sided 1.000 power_two_sided 1.000 kurtosis 1.000 spec_cnn 0.689  (15s)
  JSR   -3.0 dB  BER 5.53e-02  P(det)@0.05 power_one_sided 1.000 power_two_sided 1.000 kurtosis 1.000 spec_cnn 0.809  (15s)
  JSR   -2.0 dB  BER 7.50e-02  P(det)@0.05 power_one_sided 1.000 power_two_sided 1.000 kurtosis 1.000 spec_cnn 0.896  (15s)
  JSR   -1.0 dB  BER 9.21e-02  P(det)@0.05 power_one_sided 1.000 power_two_sided 1.000 kurtosis 1.000 spec_cnn 0.973  (16s)
  JSR   +0.0 dB  BER 1.12e-01  P(det)@0.05 power_one_sided 1.000 power_two_sided 1.000 kurtosis 1.000 spec_cnn 0.984  (16s)
  JSR   +1.0 dB  BER 1.35e-01  P(det)@0.05 power_one_sided 1.000 power_two_sided 1.000 kurtosis 1.000 spec_cnn 0.992  (16s)
  JSR   +2.0 dB  BER 1.55e-01  P(det)@0.05 power_one_sided 1.000 power_two_sided 1.000 kurtosis 1.000 spec_cnn 1.000  (17s)
  JSR   +3.0 dB  BER 1.78e-01  P(det)@0.05 power_one_sided 1.000 power_two_sided 1.000 kurtosis 1.000 spec_cnn 1.000  (17s)
  JSR   +4.0 dB  BER 2.00e-01  P(det)@0.05 power_one_sided 1.000 power_two_sided 1.000 kurtosis 1.000 spec_cnn 1.000  (17s)
  JSR   +5.0 dB  BER 2.21e-01  P(det)@0.05 power_one_sided 1.000 power_two_sided 1.000 kurtosis 1.000 spec_cnn 1.000  (18s)
  JSR   +6.0 dB  BER 2.41e-01  P(det)@0.05 power_one_sided 1.000 power_two_sided 1.000 kurtosis 1.000 spec_cnn 1.000  (18s)
  JSR   +7.0 dB  BER 2.62e-01  P(det)@0.05 power_one_sided 1.000 power_two_sided 1.000 kurtosis 1.000 spec_cnn 1.000  (18s)
  JSR   +8.0 dB  BER 2.81e-01  P(det)@0.05 power_one_sided 1.000 power_two_sided 1.000 kurtosis 1.000 spec_cnn 1.000  (19s)
  JSR   +9.0 dB  BER 3.00e-01  P(det)@0.05 power_one_sided 1.000 power_two_sided 1.000 kurtosis 1.000 spec_cnn 1.000  (19s)
  JSR  +10.0 dB  BER 3.15e-01  P(det)@0.05 power_one_sided 1.000 power_two_sided 1.000 kurtosis 1.000 spec_cnn 1.000  (19s)
  JSR  +11.0 dB  BER 3.34e-01  P(det)@0.05 power_one_sided 1.000 power_two_sided 1.000 kurtosis 1.000 spec_cnn 1.000  (19s)
  JSR  +12.0 dB  BER 3.46e-01  P(det)@0.05 power_one_sided 1.000 power_two_sided 1.000 kurtosis 1.000 spec_cnn 1.000  (20s)
  JSR  +13.0 dB  BER 3.62e-01  P(det)@0.05 power_one_sided 1.000 power_two_sided 1.000 kurtosis 1.000 spec_cnn 1.000  (20s)
  JSR  +14.0 dB  BER 3.79e-01  P(det)@0.05 power_one_sided 1.000 power_two_sided 1.000 kurtosis 1.000 spec_cnn 1.000  (20s)
  JSR  +15.0 dB  BER 3.86e-01  P(det)@0.05 power_one_sided 1.000 power_two_sided 1.000 kurtosis 1.000 spec_cnn 1.000  (21s)
  [snr_10] power_one_sided_b1000 confirmed: {"power_one_sided": {"0.01": {"index": 0, "sweep_ber": 0.0, "sweep_pdet": 0.0078125, "confirmed_ber": 0.0, "confirmed_ser": 0.0, "confirmed_pdet": 0.010009765625, "passed": true}, "0.05": {"index": 0, "sweep_ber": 0.0, "sweep_pdet": 0.037109375, "confirmed_ber": 0.0, "confirmed_ser": 0.0, "confirmed_pdet": 0.05126953125, "passed": true}}, "power_two_sided": {"0.01": {"index": 0, "sweep_ber": 0.0, "sweep_pdet": 0.0078125, "confirmed_ber": 0.0, "confirmed_ser": 0.0, "confirmed_pdet": 0.009033203125, "passed": true}, "0.05": {"index": 0, "sweep_ber": 0.0, "sweep_pdet": 0.033203125, "confirmed_ber": 0.0, "confirmed_ser": 0.0, "confirmed_pdet": 0.051025390625, "passed": true}}, "kurtosis": {"0.01": {"index": 0, "sweep_ber": 0.0, "sweep_pdet": 0.01171875, "confirmed_ber": 0.0, "confirmed_ser": 0.0, "confirmed_pdet": 0.00927734375, "passed": true}, "0.05": {"index": 29, "sweep_ber": 3.814697265625e-05, "sweep_pdet": 0.060546875, "confirmed_ber": 4.100799560546875e-05, "confirmed_ser": 8.20159912109375e-05, "confirmed_pdet": 0.06884765625, "passed": false}}, "spec_cnn": {"0.01": {"index": 34, "sweep_ber": 0.00121307373046875, "sweep_pdet": 0.01171875, "confirmed_ber": 0.0011806488037109375, "confirmed_ser": 0.0023136138916015625, "confirmed_pdet": 0.017578125, "passed": false}, "0.05": {"index": 34, "sweep_ber": 0.00121307373046875, "sweep_pdet": 0.064453125, "confirmed_ber": 0.0011491775512695312, "confirmed_ser": 0.0022449493408203125, "confirmed_pdet": 0.091796875, "passed": false}}}  (507s)
  [snr_10] generator power_two_sided_b1 (scale 0.4022)
  JSR  -50.0 dB  BER 0.00e+00  P(det)@0.05 power_one_sided 0.062 power_two_sided 0.059 kurtosis 0.068 spec_cnn 0.059  (0s)
  JSR  -49.0 dB  BER 0.00e+00  P(det)@0.05 power_one_sided 0.061 power_two_sided 0.053 kurtosis 0.051 spec_cnn 0.041  (1s)
  JSR  -48.0 dB  BER 0.00e+00  P(det)@0.05 power_one_sided 0.049 power_two_sided 0.053 kurtosis 0.047 spec_cnn 0.035  (1s)
  JSR  -47.0 dB  BER 0.00e+00  P(det)@0.05 power_one_sided 0.068 power_two_sided 0.062 kurtosis 0.053 spec_cnn 0.037  (1s)
  JSR  -46.0 dB  BER 0.00e+00  P(det)@0.05 power_one_sided 0.045 power_two_sided 0.035 kurtosis 0.059 spec_cnn 0.037  (2s)
  JSR  -45.0 dB  BER 0.00e+00  P(det)@0.05 power_one_sided 0.068 power_two_sided 0.057 kurtosis 0.049 spec_cnn 0.059  (2s)
  JSR  -44.0 dB  BER 0.00e+00  P(det)@0.05 power_one_sided 0.053 power_two_sided 0.059 kurtosis 0.062 spec_cnn 0.043  (2s)
  JSR  -43.0 dB  BER 0.00e+00  P(det)@0.05 power_one_sided 0.061 power_two_sided 0.055 kurtosis 0.062 spec_cnn 0.062  (2s)
  JSR  -42.0 dB  BER 0.00e+00  P(det)@0.05 power_one_sided 0.061 power_two_sided 0.061 kurtosis 0.031 spec_cnn 0.049  (3s)
  JSR  -41.0 dB  BER 0.00e+00  P(det)@0.05 power_one_sided 0.057 power_two_sided 0.072 kurtosis 0.049 spec_cnn 0.049  (3s)
  JSR  -40.0 dB  BER 0.00e+00  P(det)@0.05 power_one_sided 0.055 power_two_sided 0.051 kurtosis 0.057 spec_cnn 0.049  (3s)
  JSR  -39.0 dB  BER 0.00e+00  P(det)@0.05 power_one_sided 0.064 power_two_sided 0.051 kurtosis 0.051 spec_cnn 0.061  (4s)
  JSR  -38.0 dB  BER 0.00e+00  P(det)@0.05 power_one_sided 0.049 power_two_sided 0.045 kurtosis 0.045 spec_cnn 0.062  (4s)
  JSR  -37.0 dB  BER 0.00e+00  P(det)@0.05 power_one_sided 0.039 power_two_sided 0.051 kurtosis 0.037 spec_cnn 0.051  (4s)
  JSR  -36.0 dB  BER 0.00e+00  P(det)@0.05 power_one_sided 0.053 power_two_sided 0.037 kurtosis 0.045 spec_cnn 0.053  (5s)
  JSR  -35.0 dB  BER 0.00e+00  P(det)@0.05 power_one_sided 0.059 power_two_sided 0.057 kurtosis 0.053 spec_cnn 0.035  (5s)
  JSR  -34.0 dB  BER 0.00e+00  P(det)@0.05 power_one_sided 0.068 power_two_sided 0.047 kurtosis 0.037 spec_cnn 0.047  (5s)
  JSR  -33.0 dB  BER 0.00e+00  P(det)@0.05 power_one_sided 0.070 power_two_sided 0.051 kurtosis 0.033 spec_cnn 0.033  (6s)
  JSR  -32.0 dB  BER 0.00e+00  P(det)@0.05 power_one_sided 0.055 power_two_sided 0.047 kurtosis 0.066 spec_cnn 0.053  (6s)
  JSR  -31.0 dB  BER 0.00e+00  P(det)@0.05 power_one_sided 0.072 power_two_sided 0.068 kurtosis 0.057 spec_cnn 0.053  (6s)
  JSR  -30.0 dB  BER 0.00e+00  P(det)@0.05 power_one_sided 0.068 power_two_sided 0.062 kurtosis 0.078 spec_cnn 0.053  (7s)
  JSR  -29.0 dB  BER 0.00e+00  P(det)@0.05 power_one_sided 0.072 power_two_sided 0.057 kurtosis 0.045 spec_cnn 0.051  (7s)
  JSR  -28.0 dB  BER 0.00e+00  P(det)@0.05 power_one_sided 0.062 power_two_sided 0.061 kurtosis 0.033 spec_cnn 0.047  (7s)
  JSR  -27.0 dB  BER 0.00e+00  P(det)@0.05 power_one_sided 0.092 power_two_sided 0.062 kurtosis 0.029 spec_cnn 0.041  (8s)
  JSR  -26.0 dB  BER 0.00e+00  P(det)@0.05 power_one_sided 0.105 power_two_sided 0.084 kurtosis 0.055 spec_cnn 0.047  (8s)
  JSR  -25.0 dB  BER 3.81e-05  P(det)@0.05 power_one_sided 0.137 power_two_sided 0.092 kurtosis 0.066 spec_cnn 0.064  (8s)
  JSR  -24.0 dB  BER 6.87e-05  P(det)@0.05 power_one_sided 0.193 power_two_sided 0.146 kurtosis 0.039 spec_cnn 0.070  (8s)
  JSR  -23.0 dB  BER 2.21e-04  P(det)@0.05 power_one_sided 0.203 power_two_sided 0.137 kurtosis 0.055 spec_cnn 0.061  (9s)
  JSR  -22.0 dB  BER 4.96e-04  P(det)@0.05 power_one_sided 0.244 power_two_sided 0.174 kurtosis 0.053 spec_cnn 0.084  (9s)
  JSR  -21.0 dB  BER 8.85e-04  P(det)@0.05 power_one_sided 0.281 power_two_sided 0.215 kurtosis 0.068 spec_cnn 0.074  (9s)
  JSR  -20.0 dB  BER 1.23e-03  P(det)@0.05 power_one_sided 0.381 power_two_sided 0.291 kurtosis 0.123 spec_cnn 0.051  (10s)
  JSR  -19.0 dB  BER 1.68e-03  P(det)@0.05 power_one_sided 0.525 power_two_sided 0.441 kurtosis 0.150 spec_cnn 0.066  (10s)
  JSR  -18.0 dB  BER 1.97e-03  P(det)@0.05 power_one_sided 0.641 power_two_sided 0.574 kurtosis 0.293 spec_cnn 0.092  (10s)
  JSR  -17.0 dB  BER 2.35e-03  P(det)@0.05 power_one_sided 0.686 power_two_sided 0.639 kurtosis 0.361 spec_cnn 0.090  (11s)
  JSR  -16.0 dB  BER 3.00e-03  P(det)@0.05 power_one_sided 0.812 power_two_sided 0.758 kurtosis 0.455 spec_cnn 0.098  (11s)
  JSR  -15.0 dB  BER 3.01e-03  P(det)@0.05 power_one_sided 0.902 power_two_sided 0.869 kurtosis 0.662 spec_cnn 0.078  (11s)
  JSR  -14.0 dB  BER 3.33e-03  P(det)@0.05 power_one_sided 0.943 power_two_sided 0.926 kurtosis 0.814 spec_cnn 0.094  (12s)
  JSR  -13.0 dB  BER 3.65e-03  P(det)@0.05 power_one_sided 0.980 power_two_sided 0.975 kurtosis 0.900 spec_cnn 0.131  (12s)
  JSR  -12.0 dB  BER 4.04e-03  P(det)@0.05 power_one_sided 0.988 power_two_sided 0.980 kurtosis 0.961 spec_cnn 0.168  (12s)
  JSR  -11.0 dB  BER 4.17e-03  P(det)@0.05 power_one_sided 0.998 power_two_sided 0.998 kurtosis 0.992 spec_cnn 0.186  (12s)
  JSR  -10.0 dB  BER 4.39e-03  P(det)@0.05 power_one_sided 1.000 power_two_sided 0.998 kurtosis 0.998 spec_cnn 0.309  (13s)
  JSR   -9.0 dB  BER 5.17e-03  P(det)@0.05 power_one_sided 1.000 power_two_sided 1.000 kurtosis 1.000 spec_cnn 0.350  (13s)
  JSR   -8.0 dB  BER 5.62e-03  P(det)@0.05 power_one_sided 1.000 power_two_sided 1.000 kurtosis 1.000 spec_cnn 0.434  (13s)
  JSR   -7.0 dB  BER 6.83e-03  P(det)@0.05 power_one_sided 1.000 power_two_sided 1.000 kurtosis 1.000 spec_cnn 0.518  (14s)
  JSR   -6.0 dB  BER 7.64e-03  P(det)@0.05 power_one_sided 1.000 power_two_sided 1.000 kurtosis 1.000 spec_cnn 0.674  (14s)
  JSR   -5.0 dB  BER 8.77e-03  P(det)@0.05 power_one_sided 1.000 power_two_sided 1.000 kurtosis 1.000 spec_cnn 0.803  (14s)
  JSR   -4.0 dB  BER 9.63e-03  P(det)@0.05 power_one_sided 1.000 power_two_sided 1.000 kurtosis 1.000 spec_cnn 0.928  (15s)
  JSR   -3.0 dB  BER 1.20e-02  P(det)@0.05 power_one_sided 1.000 power_two_sided 1.000 kurtosis 1.000 spec_cnn 0.971  (15s)
  JSR   -2.0 dB  BER 1.47e-02  P(det)@0.05 power_one_sided 1.000 power_two_sided 1.000 kurtosis 1.000 spec_cnn 0.994  (15s)
  JSR   -1.0 dB  BER 2.04e-02  P(det)@0.05 power_one_sided 1.000 power_two_sided 1.000 kurtosis 1.000 spec_cnn 0.998  (16s)
  JSR   +0.0 dB  BER 2.84e-02  P(det)@0.05 power_one_sided 1.000 power_two_sided 1.000 kurtosis 1.000 spec_cnn 0.998  (16s)
  JSR   +1.0 dB  BER 3.79e-02  P(det)@0.05 power_one_sided 1.000 power_two_sided 1.000 kurtosis 1.000 spec_cnn 1.000  (16s)
  JSR   +2.0 dB  BER 4.91e-02  P(det)@0.05 power_one_sided 1.000 power_two_sided 1.000 kurtosis 1.000 spec_cnn 1.000  (17s)
  JSR   +3.0 dB  BER 6.73e-02  P(det)@0.05 power_one_sided 1.000 power_two_sided 1.000 kurtosis 1.000 spec_cnn 1.000  (17s)
  JSR   +4.0 dB  BER 8.76e-02  P(det)@0.05 power_one_sided 1.000 power_two_sided 1.000 kurtosis 1.000 spec_cnn 1.000  (17s)
  JSR   +5.0 dB  BER 1.11e-01  P(det)@0.05 power_one_sided 1.000 power_two_sided 1.000 kurtosis 1.000 spec_cnn 1.000  (18s)
  JSR   +6.0 dB  BER 1.31e-01  P(det)@0.05 power_one_sided 1.000 power_two_sided 1.000 kurtosis 1.000 spec_cnn 1.000  (18s)
  JSR   +7.0 dB  BER 1.56e-01  P(det)@0.05 power_one_sided 1.000 power_two_sided 1.000 kurtosis 1.000 spec_cnn 1.000  (18s)
  JSR   +8.0 dB  BER 1.80e-01  P(det)@0.05 power_one_sided 1.000 power_two_sided 1.000 kurtosis 1.000 spec_cnn 1.000  (19s)
  JSR   +9.0 dB  BER 2.08e-01  P(det)@0.05 power_one_sided 1.000 power_two_sided 1.000 kurtosis 1.000 spec_cnn 1.000  (19s)
  JSR  +10.0 dB  BER 2.34e-01  P(det)@0.05 power_one_sided 1.000 power_two_sided 1.000 kurtosis 1.000 spec_cnn 1.000  (19s)
  JSR  +11.0 dB  BER 2.57e-01  P(det)@0.05 power_one_sided 1.000 power_two_sided 1.000 kurtosis 1.000 spec_cnn 1.000  (19s)
  JSR  +12.0 dB  BER 2.74e-01  P(det)@0.05 power_one_sided 1.000 power_two_sided 1.000 kurtosis 1.000 spec_cnn 1.000  (20s)
  JSR  +13.0 dB  BER 3.00e-01  P(det)@0.05 power_one_sided 1.000 power_two_sided 1.000 kurtosis 1.000 spec_cnn 1.000  (20s)
  JSR  +14.0 dB  BER 3.23e-01  P(det)@0.05 power_one_sided 1.000 power_two_sided 1.000 kurtosis 1.000 spec_cnn 1.000  (20s)
  JSR  +15.0 dB  BER 3.39e-01  P(det)@0.05 power_one_sided 1.000 power_two_sided 1.000 kurtosis 1.000 spec_cnn 1.000  (21s)
  [snr_10] power_two_sided_b1 confirmed: {"power_one_sided": {"0.01": {"index": 0, "sweep_ber": 0.0, "sweep_pdet": 0.0078125, "confirmed_ber": 0.0, "confirmed_ser": 0.0, "confirmed_pdet": 0.00830078125, "passed": true}, "0.05": {"index": 0, "sweep_ber": 0.0, "sweep_pdet": 0.0625, "confirmed_ber": 0.0, "confirmed_ser": 0.0, "confirmed_pdet": 0.05908203125, "passed": false}}, "power_two_sided": {"0.01": {"index": 25, "sweep_ber": 3.814697265625e-05, "sweep_pdet": 0.015625, "confirmed_ber": 8.58306884765625e-06, "confirmed_ser": 1.71661376953125e-05, "confirmed_pdet": 0.02490234375, "passed": false}, "0.05": {"index": 0, "sweep_ber": 0.0, "sweep_pdet": 0.05859375, "confirmed_ber": 0.0, "confirmed_ser": 0.0, "confirmed_pdet": 0.05078125, "passed": true}}, "kurtosis": {"0.01": {"index": 28, "sweep_ber": 0.00049591064453125, "sweep_pdet": 0.017578125, "confirmed_ber": 0.0004749298095703125, "confirmed_ser": 0.000949859619140625, "confirmed_pdet": 0.02294921875, "passed": false}, "0.05": {"index": 29, "sweep_ber": 0.000885009765625, "sweep_pdet": 0.068359375, "confirmed_ber": 0.000850677490234375, "confirmed_ser": 0.0016994476318359375, "confirmed_pdet": 0.0908203125, "passed": false}}, "spec_cnn": {"0.01": {"index": 34, "sweep_ber": 0.00299835205078125, "sweep_pdet": 0.01171875, "confirmed_ber": 0.0027608871459960938, "confirmed_ser": 0.0049953460693359375, "confirmed_pdet": 0.01806640625, "passed": false}, "0.05": {"index": 31, "sweep_ber": 0.001678466796875, "sweep_pdet": 0.06640625, "confirmed_ber": 0.001678466796875, "confirmed_ser": 0.003269195556640625, "confirmed_pdet": 0.064697265625, "passed": false}}}  (549s)
  [snr_10] generator power_two_sided_b10 (scale 0.4022)
  JSR  -50.0 dB  BER 0.00e+00  P(det)@0.05 power_one_sided 0.064 power_two_sided 0.049 kurtosis 0.047 spec_cnn 0.061  (0s)
  JSR  -49.0 dB  BER 0.00e+00  P(det)@0.05 power_one_sided 0.043 power_two_sided 0.043 kurtosis 0.066 spec_cnn 0.049  (1s)
  JSR  -48.0 dB  BER 0.00e+00  P(det)@0.05 power_one_sided 0.062 power_two_sided 0.055 kurtosis 0.033 spec_cnn 0.070  (1s)
  JSR  -47.0 dB  BER 0.00e+00  P(det)@0.05 power_one_sided 0.078 power_two_sided 0.041 kurtosis 0.047 spec_cnn 0.059  (1s)
  JSR  -46.0 dB  BER 0.00e+00  P(det)@0.05 power_one_sided 0.057 power_two_sided 0.049 kurtosis 0.053 spec_cnn 0.047  (2s)
  JSR  -45.0 dB  BER 0.00e+00  P(det)@0.05 power_one_sided 0.041 power_two_sided 0.049 kurtosis 0.039 spec_cnn 0.043  (2s)
  JSR  -44.0 dB  BER 0.00e+00  P(det)@0.05 power_one_sided 0.033 power_two_sided 0.041 kurtosis 0.055 spec_cnn 0.047  (2s)
  JSR  -43.0 dB  BER 0.00e+00  P(det)@0.05 power_one_sided 0.033 power_two_sided 0.049 kurtosis 0.037 spec_cnn 0.047  (3s)
  JSR  -42.0 dB  BER 0.00e+00  P(det)@0.05 power_one_sided 0.055 power_two_sided 0.049 kurtosis 0.061 spec_cnn 0.066  (3s)
  JSR  -41.0 dB  BER 0.00e+00  P(det)@0.05 power_one_sided 0.047 power_two_sided 0.064 kurtosis 0.055 spec_cnn 0.066  (3s)
  JSR  -40.0 dB  BER 0.00e+00  P(det)@0.05 power_one_sided 0.061 power_two_sided 0.045 kurtosis 0.051 spec_cnn 0.051  (3s)
  JSR  -39.0 dB  BER 0.00e+00  P(det)@0.05 power_one_sided 0.068 power_two_sided 0.057 kurtosis 0.031 spec_cnn 0.055  (4s)
  JSR  -38.0 dB  BER 0.00e+00  P(det)@0.05 power_one_sided 0.051 power_two_sided 0.039 kurtosis 0.039 spec_cnn 0.059  (4s)
  JSR  -37.0 dB  BER 0.00e+00  P(det)@0.05 power_one_sided 0.068 power_two_sided 0.055 kurtosis 0.062 spec_cnn 0.055  (4s)
  JSR  -36.0 dB  BER 0.00e+00  P(det)@0.05 power_one_sided 0.039 power_two_sided 0.045 kurtosis 0.037 spec_cnn 0.031  (5s)
  JSR  -35.0 dB  BER 0.00e+00  P(det)@0.05 power_one_sided 0.064 power_two_sided 0.064 kurtosis 0.045 spec_cnn 0.039  (5s)
  JSR  -34.0 dB  BER 0.00e+00  P(det)@0.05 power_one_sided 0.068 power_two_sided 0.068 kurtosis 0.039 spec_cnn 0.047  (5s)
  JSR  -33.0 dB  BER 0.00e+00  P(det)@0.05 power_one_sided 0.043 power_two_sided 0.045 kurtosis 0.051 spec_cnn 0.041  (6s)
  JSR  -32.0 dB  BER 0.00e+00  P(det)@0.05 power_one_sided 0.049 power_two_sided 0.051 kurtosis 0.043 spec_cnn 0.051  (6s)
  JSR  -31.0 dB  BER 0.00e+00  P(det)@0.05 power_one_sided 0.074 power_two_sided 0.072 kurtosis 0.055 spec_cnn 0.051  (6s)
  JSR  -30.0 dB  BER 0.00e+00  P(det)@0.05 power_one_sided 0.066 power_two_sided 0.070 kurtosis 0.059 spec_cnn 0.059  (7s)
  JSR  -29.0 dB  BER 0.00e+00  P(det)@0.05 power_one_sided 0.086 power_two_sided 0.076 kurtosis 0.047 spec_cnn 0.057  (7s)
  JSR  -28.0 dB  BER 0.00e+00  P(det)@0.05 power_one_sided 0.080 power_two_sided 0.082 kurtosis 0.049 spec_cnn 0.051  (7s)
  JSR  -27.0 dB  BER 0.00e+00  P(det)@0.05 power_one_sided 0.098 power_two_sided 0.086 kurtosis 0.059 spec_cnn 0.053  (8s)
  JSR  -26.0 dB  BER 0.00e+00  P(det)@0.05 power_one_sided 0.115 power_two_sided 0.086 kurtosis 0.045 spec_cnn 0.049  (8s)
  JSR  -25.0 dB  BER 1.53e-05  P(det)@0.05 power_one_sided 0.100 power_two_sided 0.070 kurtosis 0.061 spec_cnn 0.057  (8s)
  JSR  -24.0 dB  BER 4.58e-05  P(det)@0.05 power_one_sided 0.166 power_two_sided 0.123 kurtosis 0.066 spec_cnn 0.055  (8s)
  JSR  -23.0 dB  BER 1.83e-04  P(det)@0.05 power_one_sided 0.172 power_two_sided 0.123 kurtosis 0.061 spec_cnn 0.066  (9s)
  JSR  -22.0 dB  BER 4.35e-04  P(det)@0.05 power_one_sided 0.240 power_two_sided 0.182 kurtosis 0.086 spec_cnn 0.062  (9s)
  JSR  -21.0 dB  BER 8.77e-04  P(det)@0.05 power_one_sided 0.334 power_two_sided 0.238 kurtosis 0.094 spec_cnn 0.057  (9s)
  JSR  -20.0 dB  BER 1.25e-03  P(det)@0.05 power_one_sided 0.357 power_two_sided 0.277 kurtosis 0.111 spec_cnn 0.070  (10s)
  JSR  -19.0 dB  BER 1.62e-03  P(det)@0.05 power_one_sided 0.469 power_two_sided 0.381 kurtosis 0.158 spec_cnn 0.074  (10s)
  JSR  -18.0 dB  BER 1.85e-03  P(det)@0.05 power_one_sided 0.598 power_two_sided 0.510 kurtosis 0.225 spec_cnn 0.121  (10s)
  JSR  -17.0 dB  BER 2.44e-03  P(det)@0.05 power_one_sided 0.691 power_two_sided 0.619 kurtosis 0.346 spec_cnn 0.064  (11s)
  JSR  -16.0 dB  BER 2.78e-03  P(det)@0.05 power_one_sided 0.793 power_two_sided 0.746 kurtosis 0.439 spec_cnn 0.074  (11s)
  JSR  -15.0 dB  BER 3.11e-03  P(det)@0.05 power_one_sided 0.900 power_two_sided 0.865 kurtosis 0.627 spec_cnn 0.105  (11s)
  JSR  -14.0 dB  BER 3.25e-03  P(det)@0.05 power_one_sided 0.951 power_two_sided 0.941 kurtosis 0.779 spec_cnn 0.143  (12s)
  JSR  -13.0 dB  BER 3.54e-03  P(det)@0.05 power_one_sided 0.984 power_two_sided 0.980 kurtosis 0.918 spec_cnn 0.150  (12s)
  JSR  -12.0 dB  BER 4.14e-03  P(det)@0.05 power_one_sided 0.994 power_two_sided 0.994 kurtosis 0.959 spec_cnn 0.152  (12s)
  JSR  -11.0 dB  BER 4.33e-03  P(det)@0.05 power_one_sided 1.000 power_two_sided 1.000 kurtosis 0.996 spec_cnn 0.236  (13s)
  JSR  -10.0 dB  BER 4.84e-03  P(det)@0.05 power_one_sided 1.000 power_two_sided 1.000 kurtosis 0.998 spec_cnn 0.264  (13s)
  JSR   -9.0 dB  BER 5.19e-03  P(det)@0.05 power_one_sided 1.000 power_two_sided 1.000 kurtosis 1.000 spec_cnn 0.348  (13s)
  JSR   -8.0 dB  BER 5.52e-03  P(det)@0.05 power_one_sided 1.000 power_two_sided 1.000 kurtosis 1.000 spec_cnn 0.439  (13s)
  JSR   -7.0 dB  BER 5.55e-03  P(det)@0.05 power_one_sided 1.000 power_two_sided 1.000 kurtosis 1.000 spec_cnn 0.582  (14s)
  JSR   -6.0 dB  BER 6.58e-03  P(det)@0.05 power_one_sided 1.000 power_two_sided 1.000 kurtosis 1.000 spec_cnn 0.717  (14s)
  JSR   -5.0 dB  BER 7.35e-03  P(det)@0.05 power_one_sided 1.000 power_two_sided 1.000 kurtosis 1.000 spec_cnn 0.814  (14s)
  JSR   -4.0 dB  BER 8.72e-03  P(det)@0.05 power_one_sided 1.000 power_two_sided 1.000 kurtosis 1.000 spec_cnn 0.908  (15s)
  JSR   -3.0 dB  BER 1.16e-02  P(det)@0.05 power_one_sided 1.000 power_two_sided 1.000 kurtosis 1.000 spec_cnn 0.961  (15s)
  JSR   -2.0 dB  BER 1.51e-02  P(det)@0.05 power_one_sided 1.000 power_two_sided 1.000 kurtosis 1.000 spec_cnn 0.988  (15s)
  JSR   -1.0 dB  BER 2.05e-02  P(det)@0.05 power_one_sided 1.000 power_two_sided 1.000 kurtosis 1.000 spec_cnn 0.994  (16s)
  JSR   +0.0 dB  BER 2.75e-02  P(det)@0.05 power_one_sided 1.000 power_two_sided 1.000 kurtosis 1.000 spec_cnn 1.000  (16s)
  JSR   +1.0 dB  BER 3.87e-02  P(det)@0.05 power_one_sided 1.000 power_two_sided 1.000 kurtosis 1.000 spec_cnn 1.000  (16s)
  JSR   +2.0 dB  BER 5.42e-02  P(det)@0.05 power_one_sided 1.000 power_two_sided 1.000 kurtosis 1.000 spec_cnn 1.000  (17s)
  JSR   +3.0 dB  BER 7.00e-02  P(det)@0.05 power_one_sided 1.000 power_two_sided 1.000 kurtosis 1.000 spec_cnn 1.000  (17s)
  JSR   +4.0 dB  BER 9.40e-02  P(det)@0.05 power_one_sided 1.000 power_two_sided 1.000 kurtosis 1.000 spec_cnn 1.000  (17s)
  JSR   +5.0 dB  BER 1.17e-01  P(det)@0.05 power_one_sided 1.000 power_two_sided 1.000 kurtosis 1.000 spec_cnn 1.000  (18s)
  JSR   +6.0 dB  BER 1.38e-01  P(det)@0.05 power_one_sided 1.000 power_two_sided 1.000 kurtosis 1.000 spec_cnn 1.000  (18s)
  JSR   +7.0 dB  BER 1.67e-01  P(det)@0.05 power_one_sided 1.000 power_two_sided 1.000 kurtosis 1.000 spec_cnn 1.000  (18s)
  JSR   +8.0 dB  BER 1.91e-01  P(det)@0.05 power_one_sided 1.000 power_two_sided 1.000 kurtosis 1.000 spec_cnn 1.000  (19s)
  JSR   +9.0 dB  BER 2.21e-01  P(det)@0.05 power_one_sided 1.000 power_two_sided 1.000 kurtosis 1.000 spec_cnn 1.000  (19s)
  JSR  +10.0 dB  BER 2.44e-01  P(det)@0.05 power_one_sided 1.000 power_two_sided 1.000 kurtosis 1.000 spec_cnn 1.000  (19s)
  JSR  +11.0 dB  BER 2.63e-01  P(det)@0.05 power_one_sided 1.000 power_two_sided 1.000 kurtosis 1.000 spec_cnn 1.000  (19s)
  JSR  +12.0 dB  BER 2.86e-01  P(det)@0.05 power_one_sided 1.000 power_two_sided 1.000 kurtosis 1.000 spec_cnn 1.000  (20s)
  JSR  +13.0 dB  BER 3.13e-01  P(det)@0.05 power_one_sided 1.000 power_two_sided 1.000 kurtosis 1.000 spec_cnn 1.000  (20s)
  JSR  +14.0 dB  BER 3.29e-01  P(det)@0.05 power_one_sided 1.000 power_two_sided 1.000 kurtosis 1.000 spec_cnn 1.000  (20s)
  JSR  +15.0 dB  BER 3.46e-01  P(det)@0.05 power_one_sided 1.000 power_two_sided 1.000 kurtosis 1.000 spec_cnn 1.000  (21s)
  [snr_10] power_two_sided_b10 confirmed: {"power_one_sided": {"0.01": {"index": 0, "sweep_ber": 0.0, "sweep_pdet": 0.017578125, "confirmed_ber": 0.0, "confirmed_ser": 0.0, "confirmed_pdet": 0.01123046875, "passed": true}, "0.05": {"index": 0, "sweep_ber": 0.0, "sweep_pdet": 0.064453125, "confirmed_ber": 0.0, "confirmed_ser": 0.0, "confirmed_pdet": 0.04736328125, "passed": true}}, "power_two_sided": {"0.01": {"index": 0, "sweep_ber": 0.0, "sweep_pdet": 0.009765625, "confirmed_ber": 0.0, "confirmed_ser": 0.0, "confirmed_pdet": 0.009521484375, "passed": true}, "0.05": {"index": 0, "sweep_ber": 0.0, "sweep_pdet": 0.048828125, "confirmed_ber": 0.0, "confirmed_ser": 0.0, "confirmed_pdet": 0.0458984375, "passed": true}}, "kurtosis": {"0.01": {"index": 28, "sweep_ber": 0.00043487548828125, "sweep_pdet": 0.017578125, "confirmed_ber": 0.00044918060302734375, "confirmed_ser": 0.0008983612060546875, "confirmed_pdet": 0.015869140625, "passed": false}, "0.05": {"index": 27, "sweep_ber": 0.00018310546875, "sweep_pdet": 0.060546875, "confirmed_ber": 0.00018024444580078125, "confirmed_ser": 0.0003604888916015625, "confirmed_pdet": 0.05419921875, "passed": true}}, "spec_cnn": {"0.01": {"index": 34, "sweep_ber": 0.00278472900390625, "sweep_pdet": 0.01171875, "confirmed_ber": 0.0028543472290039062, "confirmed_ser": 0.005157470703125, "confirmed_pdet": 0.021240234375, "passed": false}, "0.05": {"index": 33, "sweep_ber": 0.00244140625, "sweep_pdet": 0.064453125, "confirmed_ber": 0.0024566650390625, "confirmed_ser": 0.0045871734619140625, "confirmed_pdet": 0.08203125, "passed": false}}}  (590s)
  [snr_10] generator power_two_sided_b100 (scale 0.4022)
  JSR  -50.0 dB  BER 0.00e+00  P(det)@0.05 power_one_sided 0.049 power_two_sided 0.041 kurtosis 0.033 spec_cnn 0.047  (0s)
  JSR  -49.0 dB  BER 0.00e+00  P(det)@0.05 power_one_sided 0.055 power_two_sided 0.074 kurtosis 0.055 spec_cnn 0.029  (1s)
  JSR  -48.0 dB  BER 0.00e+00  P(det)@0.05 power_one_sided 0.035 power_two_sided 0.031 kurtosis 0.049 spec_cnn 0.057  (1s)
  JSR  -47.0 dB  BER 0.00e+00  P(det)@0.05 power_one_sided 0.059 power_two_sided 0.055 kurtosis 0.066 spec_cnn 0.059  (1s)
  JSR  -46.0 dB  BER 0.00e+00  P(det)@0.05 power_one_sided 0.057 power_two_sided 0.045 kurtosis 0.051 spec_cnn 0.059  (2s)
  JSR  -45.0 dB  BER 0.00e+00  P(det)@0.05 power_one_sided 0.047 power_two_sided 0.053 kurtosis 0.053 spec_cnn 0.061  (2s)
  JSR  -44.0 dB  BER 0.00e+00  P(det)@0.05 power_one_sided 0.045 power_two_sided 0.049 kurtosis 0.039 spec_cnn 0.055  (2s)
  JSR  -43.0 dB  BER 0.00e+00  P(det)@0.05 power_one_sided 0.057 power_two_sided 0.037 kurtosis 0.064 spec_cnn 0.057  (3s)
  JSR  -42.0 dB  BER 0.00e+00  P(det)@0.05 power_one_sided 0.061 power_two_sided 0.062 kurtosis 0.062 spec_cnn 0.043  (3s)
  JSR  -41.0 dB  BER 0.00e+00  P(det)@0.05 power_one_sided 0.043 power_two_sided 0.041 kurtosis 0.041 spec_cnn 0.025  (3s)
  JSR  -40.0 dB  BER 0.00e+00  P(det)@0.05 power_one_sided 0.062 power_two_sided 0.053 kurtosis 0.078 spec_cnn 0.062  (3s)
  JSR  -39.0 dB  BER 0.00e+00  P(det)@0.05 power_one_sided 0.059 power_two_sided 0.047 kurtosis 0.047 spec_cnn 0.064  (4s)
  JSR  -38.0 dB  BER 0.00e+00  P(det)@0.05 power_one_sided 0.059 power_two_sided 0.059 kurtosis 0.055 spec_cnn 0.043  (4s)
  JSR  -37.0 dB  BER 0.00e+00  P(det)@0.05 power_one_sided 0.039 power_two_sided 0.053 kurtosis 0.039 spec_cnn 0.062  (4s)
  JSR  -36.0 dB  BER 0.00e+00  P(det)@0.05 power_one_sided 0.043 power_two_sided 0.051 kurtosis 0.068 spec_cnn 0.047  (5s)
  JSR  -35.0 dB  BER 0.00e+00  P(det)@0.05 power_one_sided 0.051 power_two_sided 0.045 kurtosis 0.047 spec_cnn 0.051  (5s)
  JSR  -34.0 dB  BER 0.00e+00  P(det)@0.05 power_one_sided 0.066 power_two_sided 0.076 kurtosis 0.059 spec_cnn 0.066  (5s)
  JSR  -33.0 dB  BER 0.00e+00  P(det)@0.05 power_one_sided 0.053 power_two_sided 0.035 kurtosis 0.051 spec_cnn 0.057  (6s)
  JSR  -32.0 dB  BER 0.00e+00  P(det)@0.05 power_one_sided 0.045 power_two_sided 0.047 kurtosis 0.047 spec_cnn 0.068  (6s)
  JSR  -31.0 dB  BER 0.00e+00  P(det)@0.05 power_one_sided 0.068 power_two_sided 0.039 kurtosis 0.045 spec_cnn 0.053  (6s)
  JSR  -30.0 dB  BER 0.00e+00  P(det)@0.05 power_one_sided 0.109 power_two_sided 0.074 kurtosis 0.059 spec_cnn 0.047  (7s)
  JSR  -29.0 dB  BER 0.00e+00  P(det)@0.05 power_one_sided 0.068 power_two_sided 0.066 kurtosis 0.025 spec_cnn 0.059  (7s)
  JSR  -28.0 dB  BER 0.00e+00  P(det)@0.05 power_one_sided 0.082 power_two_sided 0.072 kurtosis 0.057 spec_cnn 0.055  (7s)
  JSR  -27.0 dB  BER 0.00e+00  P(det)@0.05 power_one_sided 0.105 power_two_sided 0.072 kurtosis 0.057 spec_cnn 0.043  (8s)
  JSR  -26.0 dB  BER 0.00e+00  P(det)@0.05 power_one_sided 0.107 power_two_sided 0.086 kurtosis 0.055 spec_cnn 0.047  (8s)
  JSR  -25.0 dB  BER 0.00e+00  P(det)@0.05 power_one_sided 0.150 power_two_sided 0.105 kurtosis 0.051 spec_cnn 0.049  (8s)
  JSR  -24.0 dB  BER 5.34e-05  P(det)@0.05 power_one_sided 0.156 power_two_sided 0.105 kurtosis 0.039 spec_cnn 0.057  (9s)
  JSR  -23.0 dB  BER 1.75e-04  P(det)@0.05 power_one_sided 0.199 power_two_sided 0.127 kurtosis 0.070 spec_cnn 0.053  (9s)
  JSR  -22.0 dB  BER 4.35e-04  P(det)@0.05 power_one_sided 0.207 power_two_sided 0.141 kurtosis 0.061 spec_cnn 0.057  (9s)
  JSR  -21.0 dB  BER 9.08e-04  P(det)@0.05 power_one_sided 0.287 power_two_sided 0.213 kurtosis 0.076 spec_cnn 0.066  (10s)
  JSR  -20.0 dB  BER 1.14e-03  P(det)@0.05 power_one_sided 0.377 power_two_sided 0.312 kurtosis 0.107 spec_cnn 0.064  (10s)
  JSR  -19.0 dB  BER 1.55e-03  P(det)@0.05 power_one_sided 0.455 power_two_sided 0.391 kurtosis 0.195 spec_cnn 0.074  (10s)
  JSR  -18.0 dB  BER 1.95e-03  P(det)@0.05 power_one_sided 0.578 power_two_sided 0.506 kurtosis 0.244 spec_cnn 0.072  (11s)
  JSR  -17.0 dB  BER 2.41e-03  P(det)@0.05 power_one_sided 0.689 power_two_sided 0.639 kurtosis 0.355 spec_cnn 0.076  (11s)
  JSR  -16.0 dB  BER 2.65e-03  P(det)@0.05 power_one_sided 0.816 power_two_sided 0.783 kurtosis 0.490 spec_cnn 0.084  (11s)
  JSR  -15.0 dB  BER 3.08e-03  P(det)@0.05 power_one_sided 0.914 power_two_sided 0.889 kurtosis 0.607 spec_cnn 0.123  (12s)
  JSR  -14.0 dB  BER 3.39e-03  P(det)@0.05 power_one_sided 0.961 power_two_sided 0.947 kurtosis 0.729 spec_cnn 0.123  (12s)
  JSR  -13.0 dB  BER 3.83e-03  P(det)@0.05 power_one_sided 0.977 power_two_sided 0.967 kurtosis 0.896 spec_cnn 0.145  (12s)
  JSR  -12.0 dB  BER 4.29e-03  P(det)@0.05 power_one_sided 1.000 power_two_sided 0.994 kurtosis 0.971 spec_cnn 0.152  (12s)
  JSR  -11.0 dB  BER 4.39e-03  P(det)@0.05 power_one_sided 0.998 power_two_sided 0.998 kurtosis 0.990 spec_cnn 0.213  (13s)
  JSR  -10.0 dB  BER 4.75e-03  P(det)@0.05 power_one_sided 1.000 power_two_sided 1.000 kurtosis 1.000 spec_cnn 0.275  (13s)
  JSR   -9.0 dB  BER 5.12e-03  P(det)@0.05 power_one_sided 1.000 power_two_sided 1.000 kurtosis 1.000 spec_cnn 0.334  (13s)
  JSR   -8.0 dB  BER 5.52e-03  P(det)@0.05 power_one_sided 1.000 power_two_sided 1.000 kurtosis 1.000 spec_cnn 0.441  (14s)
  JSR   -7.0 dB  BER 6.37e-03  P(det)@0.05 power_one_sided 1.000 power_two_sided 1.000 kurtosis 1.000 spec_cnn 0.551  (14s)
  JSR   -6.0 dB  BER 6.91e-03  P(det)@0.05 power_one_sided 1.000 power_two_sided 1.000 kurtosis 1.000 spec_cnn 0.664  (14s)
  JSR   -5.0 dB  BER 8.08e-03  P(det)@0.05 power_one_sided 1.000 power_two_sided 1.000 kurtosis 1.000 spec_cnn 0.793  (15s)
  JSR   -4.0 dB  BER 9.67e-03  P(det)@0.05 power_one_sided 1.000 power_two_sided 1.000 kurtosis 1.000 spec_cnn 0.891  (15s)
  JSR   -3.0 dB  BER 1.22e-02  P(det)@0.05 power_one_sided 1.000 power_two_sided 1.000 kurtosis 1.000 spec_cnn 0.947  (15s)
  JSR   -2.0 dB  BER 1.63e-02  P(det)@0.05 power_one_sided 1.000 power_two_sided 1.000 kurtosis 1.000 spec_cnn 0.990  (16s)
  JSR   -1.0 dB  BER 2.12e-02  P(det)@0.05 power_one_sided 1.000 power_two_sided 1.000 kurtosis 1.000 spec_cnn 0.994  (16s)
  JSR   +0.0 dB  BER 2.98e-02  P(det)@0.05 power_one_sided 1.000 power_two_sided 1.000 kurtosis 1.000 spec_cnn 0.998  (16s)
  JSR   +1.0 dB  BER 4.04e-02  P(det)@0.05 power_one_sided 1.000 power_two_sided 1.000 kurtosis 1.000 spec_cnn 1.000  (16s)
  JSR   +2.0 dB  BER 5.54e-02  P(det)@0.05 power_one_sided 1.000 power_two_sided 1.000 kurtosis 1.000 spec_cnn 1.000  (17s)
  JSR   +3.0 dB  BER 7.08e-02  P(det)@0.05 power_one_sided 1.000 power_two_sided 1.000 kurtosis 1.000 spec_cnn 1.000  (17s)
  JSR   +4.0 dB  BER 9.68e-02  P(det)@0.05 power_one_sided 1.000 power_two_sided 1.000 kurtosis 1.000 spec_cnn 1.000  (17s)
  JSR   +5.0 dB  BER 1.15e-01  P(det)@0.05 power_one_sided 1.000 power_two_sided 1.000 kurtosis 1.000 spec_cnn 1.000  (18s)
  JSR   +6.0 dB  BER 1.40e-01  P(det)@0.05 power_one_sided 1.000 power_two_sided 1.000 kurtosis 1.000 spec_cnn 1.000  (18s)
  JSR   +7.0 dB  BER 1.66e-01  P(det)@0.05 power_one_sided 1.000 power_two_sided 1.000 kurtosis 1.000 spec_cnn 1.000  (18s)
  JSR   +8.0 dB  BER 1.92e-01  P(det)@0.05 power_one_sided 1.000 power_two_sided 1.000 kurtosis 1.000 spec_cnn 1.000  (19s)
  JSR   +9.0 dB  BER 2.18e-01  P(det)@0.05 power_one_sided 1.000 power_two_sided 1.000 kurtosis 1.000 spec_cnn 1.000  (19s)
  JSR  +10.0 dB  BER 2.43e-01  P(det)@0.05 power_one_sided 1.000 power_two_sided 1.000 kurtosis 1.000 spec_cnn 1.000  (19s)
  JSR  +11.0 dB  BER 2.66e-01  P(det)@0.05 power_one_sided 1.000 power_two_sided 1.000 kurtosis 1.000 spec_cnn 1.000  (20s)
  JSR  +12.0 dB  BER 2.93e-01  P(det)@0.05 power_one_sided 1.000 power_two_sided 1.000 kurtosis 1.000 spec_cnn 1.000  (20s)
  JSR  +13.0 dB  BER 3.08e-01  P(det)@0.05 power_one_sided 1.000 power_two_sided 1.000 kurtosis 1.000 spec_cnn 1.000  (20s)
  JSR  +14.0 dB  BER 3.30e-01  P(det)@0.05 power_one_sided 1.000 power_two_sided 1.000 kurtosis 1.000 spec_cnn 1.000  (21s)
  JSR  +15.0 dB  BER 3.45e-01  P(det)@0.05 power_one_sided 1.000 power_two_sided 1.000 kurtosis 1.000 spec_cnn 1.000  (21s)
  [snr_10] power_two_sided_b100 confirmed: {"power_one_sided": {"0.01": {"index": 0, "sweep_ber": 0.0, "sweep_pdet": 0.009765625, "confirmed_ber": 0.0, "confirmed_ser": 0.0, "confirmed_pdet": 0.01513671875, "passed": false}, "0.05": {"index": 0, "sweep_ber": 0.0, "sweep_pdet": 0.048828125, "confirmed_ber": 0.0, "confirmed_ser": 0.0, "confirmed_pdet": 0.04931640625, "passed": true}}, "power_two_sided": {"0.01": {"index": 0, "sweep_ber": 0.0, "sweep_pdet": 0.01171875, "confirmed_ber": 0.0, "confirmed_ser": 0.0, "confirmed_pdet": 0.0107421875, "passed": true}, "0.05": {"index": 0, "sweep_ber": 0.0, "sweep_pdet": 0.041015625, "confirmed_ber": 0.0, "confirmed_ser": 0.0, "confirmed_pdet": 0.05126953125, "passed": true}}, "kurtosis": {"0.01": {"index": 29, "sweep_ber": 0.00090789794921875, "sweep_pdet": 0.013671875, "confirmed_ber": 0.0008420944213867188, "confirmed_ser": 0.001682281494140625, "confirmed_pdet": 0.029541015625, "passed": false}, "0.05": {"index": 28, "sweep_ber": 0.00043487548828125, "sweep_pdet": 0.060546875, "confirmed_ber": 0.00043010711669921875, "confirmed_ser": 0.0008602142333984375, "confirmed_pdet": 0.07421875, "passed": false}}, "spec_cnn": {"0.01": {"index": 33, "sweep_ber": 0.002410888671875, "sweep_pdet": 0.015625, "confirmed_ber": 0.0023698806762695312, "confirmed_ser": 0.0044269561767578125, "confirmed_pdet": 0.017822265625, "passed": false}, "0.05": {"index": 30, "sweep_ber": 0.0011444091796875, "sweep_pdet": 0.064453125, "confirmed_ber": 0.0012645721435546875, "confirmed_ser": 0.00251007080078125, "confirmed_pdet": 0.066650390625, "passed": false}}}  (631s)
  [snr_10] generator power_two_sided_b1000 (scale 0.4022)
  JSR  -50.0 dB  BER 0.00e+00  P(det)@0.05 power_one_sided 0.041 power_two_sided 0.029 kurtosis 0.035 spec_cnn 0.049  (0s)
  JSR  -49.0 dB  BER 0.00e+00  P(det)@0.05 power_one_sided 0.041 power_two_sided 0.041 kurtosis 0.045 spec_cnn 0.053  (1s)
  JSR  -48.0 dB  BER 0.00e+00  P(det)@0.05 power_one_sided 0.053 power_two_sided 0.055 kurtosis 0.041 spec_cnn 0.053  (1s)
  JSR  -47.0 dB  BER 0.00e+00  P(det)@0.05 power_one_sided 0.059 power_two_sided 0.062 kurtosis 0.047 spec_cnn 0.059  (1s)
  JSR  -46.0 dB  BER 0.00e+00  P(det)@0.05 power_one_sided 0.045 power_two_sided 0.049 kurtosis 0.049 spec_cnn 0.033  (1s)
  JSR  -45.0 dB  BER 0.00e+00  P(det)@0.05 power_one_sided 0.033 power_two_sided 0.039 kurtosis 0.059 spec_cnn 0.039  (2s)
  JSR  -44.0 dB  BER 0.00e+00  P(det)@0.05 power_one_sided 0.061 power_two_sided 0.041 kurtosis 0.043 spec_cnn 0.035  (2s)
  JSR  -43.0 dB  BER 0.00e+00  P(det)@0.05 power_one_sided 0.072 power_two_sided 0.061 kurtosis 0.037 spec_cnn 0.062  (2s)
  JSR  -42.0 dB  BER 0.00e+00  P(det)@0.05 power_one_sided 0.041 power_two_sided 0.039 kurtosis 0.053 spec_cnn 0.062  (3s)
  JSR  -41.0 dB  BER 0.00e+00  P(det)@0.05 power_one_sided 0.035 power_two_sided 0.055 kurtosis 0.062 spec_cnn 0.062  (3s)
  JSR  -40.0 dB  BER 0.00e+00  P(det)@0.05 power_one_sided 0.053 power_two_sided 0.061 kurtosis 0.053 spec_cnn 0.053  (3s)
  JSR  -39.0 dB  BER 0.00e+00  P(det)@0.05 power_one_sided 0.055 power_two_sided 0.062 kurtosis 0.051 spec_cnn 0.057  (4s)
  JSR  -38.0 dB  BER 0.00e+00  P(det)@0.05 power_one_sided 0.051 power_two_sided 0.045 kurtosis 0.061 spec_cnn 0.053  (4s)
  JSR  -37.0 dB  BER 0.00e+00  P(det)@0.05 power_one_sided 0.051 power_two_sided 0.045 kurtosis 0.041 spec_cnn 0.045  (4s)
  JSR  -36.0 dB  BER 0.00e+00  P(det)@0.05 power_one_sided 0.076 power_two_sided 0.059 kurtosis 0.043 spec_cnn 0.043  (5s)
  JSR  -35.0 dB  BER 0.00e+00  P(det)@0.05 power_one_sided 0.066 power_two_sided 0.053 kurtosis 0.062 spec_cnn 0.039  (5s)
  JSR  -34.0 dB  BER 0.00e+00  P(det)@0.05 power_one_sided 0.062 power_two_sided 0.062 kurtosis 0.057 spec_cnn 0.039  (5s)
  JSR  -33.0 dB  BER 0.00e+00  P(det)@0.05 power_one_sided 0.057 power_two_sided 0.080 kurtosis 0.068 spec_cnn 0.062  (6s)
  JSR  -32.0 dB  BER 0.00e+00  P(det)@0.05 power_one_sided 0.066 power_two_sided 0.074 kurtosis 0.031 spec_cnn 0.057  (6s)
  JSR  -31.0 dB  BER 0.00e+00  P(det)@0.05 power_one_sided 0.045 power_two_sided 0.041 kurtosis 0.043 spec_cnn 0.053  (6s)
  JSR  -30.0 dB  BER 0.00e+00  P(det)@0.05 power_one_sided 0.072 power_two_sided 0.066 kurtosis 0.045 spec_cnn 0.049  (7s)
  JSR  -29.0 dB  BER 0.00e+00  P(det)@0.05 power_one_sided 0.057 power_two_sided 0.064 kurtosis 0.055 spec_cnn 0.057  (7s)
  JSR  -28.0 dB  BER 0.00e+00  P(det)@0.05 power_one_sided 0.064 power_two_sided 0.059 kurtosis 0.045 spec_cnn 0.035  (7s)
  JSR  -27.0 dB  BER 0.00e+00  P(det)@0.05 power_one_sided 0.105 power_two_sided 0.074 kurtosis 0.062 spec_cnn 0.039  (8s)
  JSR  -26.0 dB  BER 0.00e+00  P(det)@0.05 power_one_sided 0.102 power_two_sided 0.072 kurtosis 0.041 spec_cnn 0.041  (8s)
  JSR  -25.0 dB  BER 0.00e+00  P(det)@0.05 power_one_sided 0.129 power_two_sided 0.100 kurtosis 0.062 spec_cnn 0.064  (8s)
  JSR  -24.0 dB  BER 0.00e+00  P(det)@0.05 power_one_sided 0.141 power_two_sided 0.092 kurtosis 0.072 spec_cnn 0.061  (9s)
  JSR  -23.0 dB  BER 0.00e+00  P(det)@0.05 power_one_sided 0.188 power_two_sided 0.125 kurtosis 0.049 spec_cnn 0.066  (9s)
  JSR  -22.0 dB  BER 7.63e-06  P(det)@0.05 power_one_sided 0.197 power_two_sided 0.148 kurtosis 0.072 spec_cnn 0.051  (9s)
  JSR  -21.0 dB  BER 9.92e-05  P(det)@0.05 power_one_sided 0.246 power_two_sided 0.197 kurtosis 0.074 spec_cnn 0.062  (10s)
  JSR  -20.0 dB  BER 1.98e-04  P(det)@0.05 power_one_sided 0.320 power_two_sided 0.246 kurtosis 0.082 spec_cnn 0.059  (10s)
  JSR  -19.0 dB  BER 5.11e-04  P(det)@0.05 power_one_sided 0.367 power_two_sided 0.314 kurtosis 0.098 spec_cnn 0.078  (10s)
  JSR  -18.0 dB  BER 5.72e-04  P(det)@0.05 power_one_sided 0.523 power_two_sided 0.439 kurtosis 0.094 spec_cnn 0.082  (10s)
  JSR  -17.0 dB  BER 1.03e-03  P(det)@0.05 power_one_sided 0.619 power_two_sided 0.555 kurtosis 0.166 spec_cnn 0.100  (11s)
  JSR  -16.0 dB  BER 1.51e-03  P(det)@0.05 power_one_sided 0.717 power_two_sided 0.633 kurtosis 0.215 spec_cnn 0.098  (11s)
  JSR  -15.0 dB  BER 1.84e-03  P(det)@0.05 power_one_sided 0.818 power_two_sided 0.762 kurtosis 0.320 spec_cnn 0.127  (11s)
  JSR  -14.0 dB  BER 2.30e-03  P(det)@0.05 power_one_sided 0.881 power_two_sided 0.855 kurtosis 0.430 spec_cnn 0.127  (12s)
  JSR  -13.0 dB  BER 2.66e-03  P(det)@0.05 power_one_sided 0.934 power_two_sided 0.910 kurtosis 0.578 spec_cnn 0.174  (12s)
  JSR  -12.0 dB  BER 3.00e-03  P(det)@0.05 power_one_sided 0.957 power_two_sided 0.947 kurtosis 0.740 spec_cnn 0.217  (12s)
  JSR  -11.0 dB  BER 3.52e-03  P(det)@0.05 power_one_sided 0.988 power_two_sided 0.988 kurtosis 0.846 spec_cnn 0.252  (13s)
  JSR  -10.0 dB  BER 3.81e-03  P(det)@0.05 power_one_sided 0.996 power_two_sided 0.996 kurtosis 0.955 spec_cnn 0.316  (13s)
  JSR   -9.0 dB  BER 4.05e-03  P(det)@0.05 power_one_sided 0.998 power_two_sided 0.998 kurtosis 0.998 spec_cnn 0.434  (13s)
  JSR   -8.0 dB  BER 5.84e-03  P(det)@0.05 power_one_sided 1.000 power_two_sided 1.000 kurtosis 0.998 spec_cnn 0.441  (14s)
  JSR   -7.0 dB  BER 8.12e-03  P(det)@0.05 power_one_sided 1.000 power_two_sided 1.000 kurtosis 1.000 spec_cnn 0.566  (14s)
  JSR   -6.0 dB  BER 1.17e-02  P(det)@0.05 power_one_sided 1.000 power_two_sided 1.000 kurtosis 1.000 spec_cnn 0.635  (14s)
  JSR   -5.0 dB  BER 1.81e-02  P(det)@0.05 power_one_sided 1.000 power_two_sided 1.000 kurtosis 1.000 spec_cnn 0.775  (15s)
  JSR   -4.0 dB  BER 2.67e-02  P(det)@0.05 power_one_sided 1.000 power_two_sided 1.000 kurtosis 1.000 spec_cnn 0.867  (15s)
  JSR   -3.0 dB  BER 4.03e-02  P(det)@0.05 power_one_sided 1.000 power_two_sided 1.000 kurtosis 1.000 spec_cnn 0.934  (15s)
  JSR   -2.0 dB  BER 5.55e-02  P(det)@0.05 power_one_sided 1.000 power_two_sided 1.000 kurtosis 1.000 spec_cnn 0.977  (16s)
  JSR   -1.0 dB  BER 7.62e-02  P(det)@0.05 power_one_sided 1.000 power_two_sided 1.000 kurtosis 1.000 spec_cnn 0.986  (16s)
  JSR   +0.0 dB  BER 9.50e-02  P(det)@0.05 power_one_sided 1.000 power_two_sided 1.000 kurtosis 1.000 spec_cnn 0.998  (16s)
  JSR   +1.0 dB  BER 1.21e-01  P(det)@0.05 power_one_sided 1.000 power_two_sided 1.000 kurtosis 1.000 spec_cnn 1.000  (16s)
  JSR   +2.0 dB  BER 1.46e-01  P(det)@0.05 power_one_sided 1.000 power_two_sided 1.000 kurtosis 1.000 spec_cnn 1.000  (17s)
  JSR   +3.0 dB  BER 1.71e-01  P(det)@0.05 power_one_sided 1.000 power_two_sided 1.000 kurtosis 1.000 spec_cnn 1.000  (17s)
  JSR   +4.0 dB  BER 1.97e-01  P(det)@0.05 power_one_sided 1.000 power_two_sided 1.000 kurtosis 1.000 spec_cnn 1.000  (17s)
  JSR   +5.0 dB  BER 2.23e-01  P(det)@0.05 power_one_sided 1.000 power_two_sided 1.000 kurtosis 1.000 spec_cnn 1.000  (18s)
  JSR   +6.0 dB  BER 2.47e-01  P(det)@0.05 power_one_sided 1.000 power_two_sided 1.000 kurtosis 1.000 spec_cnn 1.000  (18s)
  JSR   +7.0 dB  BER 2.72e-01  P(det)@0.05 power_one_sided 1.000 power_two_sided 1.000 kurtosis 1.000 spec_cnn 1.000  (18s)
  JSR   +8.0 dB  BER 2.90e-01  P(det)@0.05 power_one_sided 1.000 power_two_sided 1.000 kurtosis 1.000 spec_cnn 1.000  (19s)
  JSR   +9.0 dB  BER 3.14e-01  P(det)@0.05 power_one_sided 1.000 power_two_sided 1.000 kurtosis 1.000 spec_cnn 1.000  (19s)
  JSR  +10.0 dB  BER 3.30e-01  P(det)@0.05 power_one_sided 1.000 power_two_sided 1.000 kurtosis 1.000 spec_cnn 1.000  (19s)
  JSR  +11.0 dB  BER 3.49e-01  P(det)@0.05 power_one_sided 1.000 power_two_sided 1.000 kurtosis 1.000 spec_cnn 1.000  (20s)
  JSR  +12.0 dB  BER 3.65e-01  P(det)@0.05 power_one_sided 1.000 power_two_sided 1.000 kurtosis 1.000 spec_cnn 1.000  (20s)
  JSR  +13.0 dB  BER 3.75e-01  P(det)@0.05 power_one_sided 1.000 power_two_sided 1.000 kurtosis 1.000 spec_cnn 1.000  (20s)
  JSR  +14.0 dB  BER 3.90e-01  P(det)@0.05 power_one_sided 1.000 power_two_sided 1.000 kurtosis 1.000 spec_cnn 1.000  (20s)
  JSR  +15.0 dB  BER 4.02e-01  P(det)@0.05 power_one_sided 1.000 power_two_sided 1.000 kurtosis 1.000 spec_cnn 1.000  (21s)
  [snr_10] power_two_sided_b1000 confirmed: {"power_one_sided": {"0.01": {"index": 0, "sweep_ber": 0.0, "sweep_pdet": 0.00390625, "confirmed_ber": 0.0, "confirmed_ser": 0.0, "confirmed_pdet": 0.008056640625, "passed": true}, "0.05": {"index": 0, "sweep_ber": 0.0, "sweep_pdet": 0.041015625, "confirmed_ber": 0.0, "confirmed_ser": 0.0, "confirmed_pdet": 0.053955078125, "passed": true}}, "power_two_sided": {"0.01": {"index": 0, "sweep_ber": 0.0, "sweep_pdet": 0.00390625, "confirmed_ber": 0.0, "confirmed_ser": 0.0, "confirmed_pdet": 0.01220703125, "passed": true}, "0.05": {"index": 0, "sweep_ber": 0.0, "sweep_pdet": 0.029296875, "confirmed_ber": 0.0, "confirmed_ser": 0.0, "confirmed_pdet": 0.0439453125, "passed": true}}, "kurtosis": {"0.01": {"index": 31, "sweep_ber": 0.00051116943359375, "sweep_pdet": 0.01171875, "confirmed_ber": 0.00042629241943359375, "confirmed_ser": 0.0008525848388671875, "confirmed_pdet": 0.0283203125, "passed": false}, "0.05": {"index": 0, "sweep_ber": 0.0, "sweep_pdet": 0.03515625, "confirmed_ber": 0.0, "confirmed_ser": 0.0, "confirmed_pdet": 0.053466796875, "passed": true}}, "spec_cnn": {"0.01": {"index": 33, "sweep_ber": 0.00102996826171875, "sweep_pdet": 0.017578125, "confirmed_ber": 0.0010862350463867188, "confirmed_ser": 0.00213623046875, "confirmed_pdet": 0.021728515625, "passed": false}, "0.05": {"index": 30, "sweep_ber": 0.0001983642578125, "sweep_pdet": 0.05859375, "confirmed_ber": 0.00017833709716796875, "confirmed_ser": 0.0003566741943359375, "confirmed_pdet": 0.069091796875, "passed": false}}}  (672s)
  [snr_10] generator kurtosis_b1 (scale 0.4022)
  JSR  -50.0 dB  BER 0.00e+00  P(det)@0.05 power_one_sided 0.045 power_two_sided 0.047 kurtosis 0.047 spec_cnn 0.066  (0s)
  JSR  -49.0 dB  BER 0.00e+00  P(det)@0.05 power_one_sided 0.053 power_two_sided 0.045 kurtosis 0.059 spec_cnn 0.055  (1s)
  JSR  -48.0 dB  BER 0.00e+00  P(det)@0.05 power_one_sided 0.055 power_two_sided 0.059 kurtosis 0.053 spec_cnn 0.049  (1s)
  JSR  -47.0 dB  BER 0.00e+00  P(det)@0.05 power_one_sided 0.068 power_two_sided 0.051 kurtosis 0.055 spec_cnn 0.045  (1s)
  JSR  -46.0 dB  BER 0.00e+00  P(det)@0.05 power_one_sided 0.041 power_two_sided 0.033 kurtosis 0.057 spec_cnn 0.049  (2s)
  JSR  -45.0 dB  BER 0.00e+00  P(det)@0.05 power_one_sided 0.049 power_two_sided 0.047 kurtosis 0.059 spec_cnn 0.029  (2s)
  JSR  -44.0 dB  BER 0.00e+00  P(det)@0.05 power_one_sided 0.059 power_two_sided 0.064 kurtosis 0.059 spec_cnn 0.045  (2s)
  JSR  -43.0 dB  BER 0.00e+00  P(det)@0.05 power_one_sided 0.055 power_two_sided 0.066 kurtosis 0.049 spec_cnn 0.049  (2s)
  JSR  -42.0 dB  BER 0.00e+00  P(det)@0.05 power_one_sided 0.053 power_two_sided 0.047 kurtosis 0.049 spec_cnn 0.031  (3s)
  JSR  -41.0 dB  BER 0.00e+00  P(det)@0.05 power_one_sided 0.035 power_two_sided 0.047 kurtosis 0.061 spec_cnn 0.064  (3s)
  JSR  -40.0 dB  BER 0.00e+00  P(det)@0.05 power_one_sided 0.037 power_two_sided 0.033 kurtosis 0.059 spec_cnn 0.045  (3s)
  JSR  -39.0 dB  BER 0.00e+00  P(det)@0.05 power_one_sided 0.051 power_two_sided 0.053 kurtosis 0.057 spec_cnn 0.059  (4s)
  JSR  -38.0 dB  BER 0.00e+00  P(det)@0.05 power_one_sided 0.062 power_two_sided 0.064 kurtosis 0.051 spec_cnn 0.064  (4s)
  JSR  -37.0 dB  BER 0.00e+00  P(det)@0.05 power_one_sided 0.041 power_two_sided 0.041 kurtosis 0.051 spec_cnn 0.068  (4s)
  JSR  -36.0 dB  BER 0.00e+00  P(det)@0.05 power_one_sided 0.051 power_two_sided 0.047 kurtosis 0.055 spec_cnn 0.039  (5s)
  JSR  -35.0 dB  BER 0.00e+00  P(det)@0.05 power_one_sided 0.064 power_two_sided 0.066 kurtosis 0.066 spec_cnn 0.057  (5s)
  JSR  -34.0 dB  BER 0.00e+00  P(det)@0.05 power_one_sided 0.049 power_two_sided 0.053 kurtosis 0.057 spec_cnn 0.049  (5s)
  JSR  -33.0 dB  BER 0.00e+00  P(det)@0.05 power_one_sided 0.055 power_two_sided 0.053 kurtosis 0.047 spec_cnn 0.066  (6s)
  JSR  -32.0 dB  BER 0.00e+00  P(det)@0.05 power_one_sided 0.051 power_two_sided 0.051 kurtosis 0.045 spec_cnn 0.061  (6s)
  JSR  -31.0 dB  BER 0.00e+00  P(det)@0.05 power_one_sided 0.062 power_two_sided 0.057 kurtosis 0.057 spec_cnn 0.047  (6s)
  JSR  -30.0 dB  BER 0.00e+00  P(det)@0.05 power_one_sided 0.096 power_two_sided 0.090 kurtosis 0.059 spec_cnn 0.053  (7s)
  JSR  -29.0 dB  BER 0.00e+00  P(det)@0.05 power_one_sided 0.074 power_two_sided 0.059 kurtosis 0.041 spec_cnn 0.053  (7s)
  JSR  -28.0 dB  BER 0.00e+00  P(det)@0.05 power_one_sided 0.084 power_two_sided 0.078 kurtosis 0.053 spec_cnn 0.055  (7s)
  JSR  -27.0 dB  BER 0.00e+00  P(det)@0.05 power_one_sided 0.121 power_two_sided 0.080 kurtosis 0.057 spec_cnn 0.062  (7s)
  JSR  -26.0 dB  BER 0.00e+00  P(det)@0.05 power_one_sided 0.131 power_two_sided 0.098 kurtosis 0.076 spec_cnn 0.043  (8s)
  JSR  -25.0 dB  BER 0.00e+00  P(det)@0.05 power_one_sided 0.127 power_two_sided 0.096 kurtosis 0.039 spec_cnn 0.072  (8s)
  JSR  -24.0 dB  BER 2.29e-05  P(det)@0.05 power_one_sided 0.184 power_two_sided 0.123 kurtosis 0.055 spec_cnn 0.041  (8s)
  JSR  -23.0 dB  BER 1.30e-04  P(det)@0.05 power_one_sided 0.201 power_two_sided 0.148 kurtosis 0.059 spec_cnn 0.078  (9s)
  JSR  -22.0 dB  BER 3.28e-04  P(det)@0.05 power_one_sided 0.234 power_two_sided 0.168 kurtosis 0.072 spec_cnn 0.062  (9s)
  JSR  -21.0 dB  BER 8.54e-04  P(det)@0.05 power_one_sided 0.344 power_two_sided 0.242 kurtosis 0.080 spec_cnn 0.070  (9s)
  JSR  -20.0 dB  BER 1.14e-03  P(det)@0.05 power_one_sided 0.361 power_two_sided 0.309 kurtosis 0.090 spec_cnn 0.076  (10s)
  JSR  -19.0 dB  BER 1.44e-03  P(det)@0.05 power_one_sided 0.484 power_two_sided 0.410 kurtosis 0.172 spec_cnn 0.078  (10s)
  JSR  -18.0 dB  BER 1.86e-03  P(det)@0.05 power_one_sided 0.605 power_two_sided 0.520 kurtosis 0.219 spec_cnn 0.070  (10s)
  JSR  -17.0 dB  BER 2.40e-03  P(det)@0.05 power_one_sided 0.697 power_two_sided 0.639 kurtosis 0.318 spec_cnn 0.072  (11s)
  JSR  -16.0 dB  BER 2.61e-03  P(det)@0.05 power_one_sided 0.803 power_two_sided 0.760 kurtosis 0.488 spec_cnn 0.100  (11s)
  JSR  -15.0 dB  BER 3.04e-03  P(det)@0.05 power_one_sided 0.883 power_two_sided 0.859 kurtosis 0.568 spec_cnn 0.115  (11s)
  JSR  -14.0 dB  BER 3.33e-03  P(det)@0.05 power_one_sided 0.943 power_two_sided 0.936 kurtosis 0.744 spec_cnn 0.123  (12s)
  JSR  -13.0 dB  BER 3.62e-03  P(det)@0.05 power_one_sided 0.986 power_two_sided 0.986 kurtosis 0.857 spec_cnn 0.156  (12s)
  JSR  -12.0 dB  BER 4.15e-03  P(det)@0.05 power_one_sided 0.996 power_two_sided 0.992 kurtosis 0.934 spec_cnn 0.197  (12s)
  JSR  -11.0 dB  BER 4.28e-03  P(det)@0.05 power_one_sided 1.000 power_two_sided 0.996 kurtosis 0.980 spec_cnn 0.201  (12s)
  JSR  -10.0 dB  BER 4.67e-03  P(det)@0.05 power_one_sided 1.000 power_two_sided 1.000 kurtosis 0.996 spec_cnn 0.275  (13s)
  JSR   -9.0 dB  BER 5.13e-03  P(det)@0.05 power_one_sided 1.000 power_two_sided 1.000 kurtosis 1.000 spec_cnn 0.348  (13s)
  JSR   -8.0 dB  BER 5.34e-03  P(det)@0.05 power_one_sided 1.000 power_two_sided 1.000 kurtosis 1.000 spec_cnn 0.451  (13s)
  JSR   -7.0 dB  BER 5.72e-03  P(det)@0.05 power_one_sided 1.000 power_two_sided 1.000 kurtosis 1.000 spec_cnn 0.600  (14s)
  JSR   -6.0 dB  BER 7.10e-03  P(det)@0.05 power_one_sided 1.000 power_two_sided 1.000 kurtosis 1.000 spec_cnn 0.736  (14s)
  JSR   -5.0 dB  BER 7.95e-03  P(det)@0.05 power_one_sided 1.000 power_two_sided 1.000 kurtosis 1.000 spec_cnn 0.877  (14s)
  JSR   -4.0 dB  BER 1.00e-02  P(det)@0.05 power_one_sided 1.000 power_two_sided 1.000 kurtosis 1.000 spec_cnn 0.936  (15s)
  JSR   -3.0 dB  BER 1.35e-02  P(det)@0.05 power_one_sided 1.000 power_two_sided 1.000 kurtosis 1.000 spec_cnn 0.986  (15s)
  JSR   -2.0 dB  BER 1.84e-02  P(det)@0.05 power_one_sided 1.000 power_two_sided 1.000 kurtosis 1.000 spec_cnn 0.998  (15s)
  JSR   -1.0 dB  BER 2.60e-02  P(det)@0.05 power_one_sided 1.000 power_two_sided 1.000 kurtosis 1.000 spec_cnn 0.996  (16s)
  JSR   +0.0 dB  BER 3.47e-02  P(det)@0.05 power_one_sided 1.000 power_two_sided 1.000 kurtosis 1.000 spec_cnn 1.000  (16s)
  JSR   +1.0 dB  BER 4.83e-02  P(det)@0.05 power_one_sided 1.000 power_two_sided 1.000 kurtosis 1.000 spec_cnn 1.000  (16s)
  JSR   +2.0 dB  BER 6.76e-02  P(det)@0.05 power_one_sided 1.000 power_two_sided 1.000 kurtosis 1.000 spec_cnn 1.000  (17s)
  JSR   +3.0 dB  BER 8.66e-02  P(det)@0.05 power_one_sided 1.000 power_two_sided 1.000 kurtosis 1.000 spec_cnn 1.000  (17s)
  JSR   +4.0 dB  BER 1.09e-01  P(det)@0.05 power_one_sided 1.000 power_two_sided 1.000 kurtosis 1.000 spec_cnn 1.000  (17s)
  JSR   +5.0 dB  BER 1.30e-01  P(det)@0.05 power_one_sided 1.000 power_two_sided 1.000 kurtosis 1.000 spec_cnn 1.000  (18s)
  JSR   +6.0 dB  BER 1.58e-01  P(det)@0.05 power_one_sided 1.000 power_two_sided 1.000 kurtosis 1.000 spec_cnn 1.000  (18s)
  JSR   +7.0 dB  BER 1.84e-01  P(det)@0.05 power_one_sided 1.000 power_two_sided 1.000 kurtosis 1.000 spec_cnn 1.000  (18s)
  JSR   +8.0 dB  BER 2.10e-01  P(det)@0.05 power_one_sided 1.000 power_two_sided 1.000 kurtosis 1.000 spec_cnn 1.000  (18s)
  JSR   +9.0 dB  BER 2.37e-01  P(det)@0.05 power_one_sided 1.000 power_two_sided 1.000 kurtosis 1.000 spec_cnn 1.000  (19s)
  JSR  +10.0 dB  BER 2.60e-01  P(det)@0.05 power_one_sided 1.000 power_two_sided 1.000 kurtosis 1.000 spec_cnn 1.000  (19s)
  JSR  +11.0 dB  BER 2.81e-01  P(det)@0.05 power_one_sided 1.000 power_two_sided 1.000 kurtosis 1.000 spec_cnn 1.000  (19s)
  JSR  +12.0 dB  BER 3.03e-01  P(det)@0.05 power_one_sided 1.000 power_two_sided 1.000 kurtosis 1.000 spec_cnn 1.000  (20s)
  JSR  +13.0 dB  BER 3.22e-01  P(det)@0.05 power_one_sided 1.000 power_two_sided 1.000 kurtosis 1.000 spec_cnn 1.000  (20s)
  JSR  +14.0 dB  BER 3.41e-01  P(det)@0.05 power_one_sided 1.000 power_two_sided 1.000 kurtosis 1.000 spec_cnn 1.000  (20s)
  JSR  +15.0 dB  BER 3.57e-01  P(det)@0.05 power_one_sided 1.000 power_two_sided 1.000 kurtosis 1.000 spec_cnn 1.000  (21s)
  [snr_10] kurtosis_b1 confirmed: {"power_one_sided": {"0.01": {"index": 0, "sweep_ber": 0.0, "sweep_pdet": 0.009765625, "confirmed_ber": 0.0, "confirmed_ser": 0.0, "confirmed_pdet": 0.009521484375, "passed": true}, "0.05": {"index": 0, "sweep_ber": 0.0, "sweep_pdet": 0.044921875, "confirmed_ber": 0.0, "confirmed_ser": 0.0, "confirmed_pdet": 0.0498046875, "passed": true}}, "power_two_sided": {"0.01": {"index": 0, "sweep_ber": 0.0, "sweep_pdet": 0.005859375, "confirmed_ber": 0.0, "confirmed_ser": 0.0, "confirmed_pdet": 0.0107421875, "passed": true}, "0.05": {"index": 0, "sweep_ber": 0.0, "sweep_pdet": 0.046875, "confirmed_ber": 0.0, "confirmed_ser": 0.0, "confirmed_pdet": 0.048828125, "passed": true}}, "kurtosis": {"0.01": {"index": 28, "sweep_ber": 0.00032806396484375, "sweep_pdet": 0.013671875, "confirmed_ber": 0.0003662109375, "confirmed_ser": 0.000732421875, "confirmed_pdet": 0.017822265625, "passed": false}, "0.05": {"index": 27, "sweep_ber": 0.00012969970703125, "sweep_pdet": 0.05859375, "confirmed_ber": 0.0001068115234375, "confirmed_ser": 0.000213623046875, "confirmed_pdet": 0.06005859375, "passed": false}}, "spec_cnn": {"0.01": {"index": 33, "sweep_ber": 0.0023956298828125, "sweep_pdet": 0.013671875, "confirmed_ber": 0.0023221969604492188, "confirmed_ser": 0.00432586669921875, "confirmed_pdet": 0.01708984375, "passed": false}, "0.05": {"index": 28, "sweep_ber": 0.00032806396484375, "sweep_pdet": 0.0625, "confirmed_ber": 0.00040721893310546875, "confirmed_ser": 0.0008144378662109375, "confirmed_pdet": 0.064208984375, "passed": false}}}  (713s)
  [snr_10] generator kurtosis_b10 (scale 0.4022)
  JSR  -50.0 dB  BER 0.00e+00  P(det)@0.05 power_one_sided 0.064 power_two_sided 0.039 kurtosis 0.080 spec_cnn 0.061  (0s)
  JSR  -49.0 dB  BER 0.00e+00  P(det)@0.05 power_one_sided 0.057 power_two_sided 0.049 kurtosis 0.059 spec_cnn 0.047  (1s)
  JSR  -48.0 dB  BER 0.00e+00  P(det)@0.05 power_one_sided 0.045 power_two_sided 0.041 kurtosis 0.043 spec_cnn 0.061  (1s)
  JSR  -47.0 dB  BER 0.00e+00  P(det)@0.05 power_one_sided 0.057 power_two_sided 0.064 kurtosis 0.037 spec_cnn 0.041  (1s)
  JSR  -46.0 dB  BER 0.00e+00  P(det)@0.05 power_one_sided 0.064 power_two_sided 0.055 kurtosis 0.041 spec_cnn 0.037  (2s)
  JSR  -45.0 dB  BER 0.00e+00  P(det)@0.05 power_one_sided 0.062 power_two_sided 0.051 kurtosis 0.049 spec_cnn 0.051  (2s)
  JSR  -44.0 dB  BER 0.00e+00  P(det)@0.05 power_one_sided 0.049 power_two_sided 0.041 kurtosis 0.051 spec_cnn 0.059  (2s)
  JSR  -43.0 dB  BER 0.00e+00  P(det)@0.05 power_one_sided 0.045 power_two_sided 0.041 kurtosis 0.035 spec_cnn 0.059  (3s)
  JSR  -42.0 dB  BER 0.00e+00  P(det)@0.05 power_one_sided 0.051 power_two_sided 0.053 kurtosis 0.053 spec_cnn 0.064  (3s)
  JSR  -41.0 dB  BER 0.00e+00  P(det)@0.05 power_one_sided 0.062 power_two_sided 0.068 kurtosis 0.057 spec_cnn 0.064  (3s)
  JSR  -40.0 dB  BER 0.00e+00  P(det)@0.05 power_one_sided 0.049 power_two_sided 0.047 kurtosis 0.051 spec_cnn 0.035  (3s)
  JSR  -39.0 dB  BER 0.00e+00  P(det)@0.05 power_one_sided 0.061 power_two_sided 0.068 kurtosis 0.047 spec_cnn 0.057  (4s)
  JSR  -38.0 dB  BER 0.00e+00  P(det)@0.05 power_one_sided 0.064 power_two_sided 0.072 kurtosis 0.051 spec_cnn 0.031  (4s)
  JSR  -37.0 dB  BER 0.00e+00  P(det)@0.05 power_one_sided 0.057 power_two_sided 0.039 kurtosis 0.053 spec_cnn 0.068  (4s)
  JSR  -36.0 dB  BER 0.00e+00  P(det)@0.05 power_one_sided 0.049 power_two_sided 0.061 kurtosis 0.035 spec_cnn 0.047  (5s)
  JSR  -35.0 dB  BER 0.00e+00  P(det)@0.05 power_one_sided 0.051 power_two_sided 0.053 kurtosis 0.061 spec_cnn 0.047  (5s)
  JSR  -34.0 dB  BER 0.00e+00  P(det)@0.05 power_one_sided 0.059 power_two_sided 0.051 kurtosis 0.057 spec_cnn 0.043  (5s)
  JSR  -33.0 dB  BER 0.00e+00  P(det)@0.05 power_one_sided 0.049 power_two_sided 0.049 kurtosis 0.066 spec_cnn 0.059  (6s)
  JSR  -32.0 dB  BER 0.00e+00  P(det)@0.05 power_one_sided 0.070 power_two_sided 0.045 kurtosis 0.057 spec_cnn 0.061  (6s)
  JSR  -31.0 dB  BER 0.00e+00  P(det)@0.05 power_one_sided 0.094 power_two_sided 0.064 kurtosis 0.062 spec_cnn 0.043  (6s)
  JSR  -30.0 dB  BER 0.00e+00  P(det)@0.05 power_one_sided 0.080 power_two_sided 0.062 kurtosis 0.051 spec_cnn 0.049  (7s)
  JSR  -29.0 dB  BER 0.00e+00  P(det)@0.05 power_one_sided 0.078 power_two_sided 0.088 kurtosis 0.051 spec_cnn 0.061  (7s)
  JSR  -28.0 dB  BER 0.00e+00  P(det)@0.05 power_one_sided 0.090 power_two_sided 0.078 kurtosis 0.037 spec_cnn 0.035  (7s)
  JSR  -27.0 dB  BER 0.00e+00  P(det)@0.05 power_one_sided 0.119 power_two_sided 0.082 kurtosis 0.059 spec_cnn 0.061  (8s)
  JSR  -26.0 dB  BER 0.00e+00  P(det)@0.05 power_one_sided 0.119 power_two_sided 0.076 kurtosis 0.049 spec_cnn 0.055  (8s)
  JSR  -25.0 dB  BER 0.00e+00  P(det)@0.05 power_one_sided 0.127 power_two_sided 0.090 kurtosis 0.045 spec_cnn 0.053  (8s)
  JSR  -24.0 dB  BER 6.10e-05  P(det)@0.05 power_one_sided 0.160 power_two_sided 0.119 kurtosis 0.068 spec_cnn 0.059  (8s)
  JSR  -23.0 dB  BER 1.91e-04  P(det)@0.05 power_one_sided 0.201 power_two_sided 0.150 kurtosis 0.070 spec_cnn 0.055  (9s)
  JSR  -22.0 dB  BER 3.97e-04  P(det)@0.05 power_one_sided 0.232 power_two_sided 0.180 kurtosis 0.080 spec_cnn 0.059  (9s)
  JSR  -21.0 dB  BER 6.94e-04  P(det)@0.05 power_one_sided 0.320 power_two_sided 0.256 kurtosis 0.096 spec_cnn 0.061  (9s)
  JSR  -20.0 dB  BER 1.07e-03  P(det)@0.05 power_one_sided 0.395 power_two_sided 0.305 kurtosis 0.102 spec_cnn 0.059  (10s)
  JSR  -19.0 dB  BER 1.54e-03  P(det)@0.05 power_one_sided 0.531 power_two_sided 0.430 kurtosis 0.178 spec_cnn 0.082  (10s)
  JSR  -18.0 dB  BER 1.96e-03  P(det)@0.05 power_one_sided 0.656 power_two_sided 0.570 kurtosis 0.258 spec_cnn 0.074  (10s)
  JSR  -17.0 dB  BER 2.27e-03  P(det)@0.05 power_one_sided 0.703 power_two_sided 0.631 kurtosis 0.391 spec_cnn 0.096  (11s)
  JSR  -16.0 dB  BER 2.65e-03  P(det)@0.05 power_one_sided 0.793 power_two_sided 0.744 kurtosis 0.441 spec_cnn 0.105  (11s)
  JSR  -15.0 dB  BER 3.29e-03  P(det)@0.05 power_one_sided 0.877 power_two_sided 0.826 kurtosis 0.588 spec_cnn 0.119  (11s)
  JSR  -14.0 dB  BER 3.35e-03  P(det)@0.05 power_one_sided 0.939 power_two_sided 0.926 kurtosis 0.730 spec_cnn 0.129  (12s)
  JSR  -13.0 dB  BER 3.56e-03  P(det)@0.05 power_one_sided 0.984 power_two_sided 0.980 kurtosis 0.867 spec_cnn 0.146  (12s)
  JSR  -12.0 dB  BER 3.90e-03  P(det)@0.05 power_one_sided 0.986 power_two_sided 0.980 kurtosis 0.939 spec_cnn 0.166  (12s)
  JSR  -11.0 dB  BER 4.38e-03  P(det)@0.05 power_one_sided 0.994 power_two_sided 0.994 kurtosis 0.984 spec_cnn 0.221  (13s)
  JSR  -10.0 dB  BER 4.88e-03  P(det)@0.05 power_one_sided 0.998 power_two_sided 0.998 kurtosis 0.998 spec_cnn 0.260  (13s)
  JSR   -9.0 dB  BER 5.33e-03  P(det)@0.05 power_one_sided 1.000 power_two_sided 1.000 kurtosis 1.000 spec_cnn 0.363  (13s)
  JSR   -8.0 dB  BER 5.68e-03  P(det)@0.05 power_one_sided 1.000 power_two_sided 1.000 kurtosis 1.000 spec_cnn 0.426  (14s)
  JSR   -7.0 dB  BER 6.60e-03  P(det)@0.05 power_one_sided 1.000 power_two_sided 1.000 kurtosis 1.000 spec_cnn 0.561  (14s)
  JSR   -6.0 dB  BER 7.34e-03  P(det)@0.05 power_one_sided 1.000 power_two_sided 1.000 kurtosis 1.000 spec_cnn 0.668  (14s)
  JSR   -5.0 dB  BER 8.74e-03  P(det)@0.05 power_one_sided 1.000 power_two_sided 1.000 kurtosis 1.000 spec_cnn 0.809  (14s)
  JSR   -4.0 dB  BER 1.01e-02  P(det)@0.05 power_one_sided 1.000 power_two_sided 1.000 kurtosis 1.000 spec_cnn 0.895  (15s)
  JSR   -3.0 dB  BER 1.27e-02  P(det)@0.05 power_one_sided 1.000 power_two_sided 1.000 kurtosis 1.000 spec_cnn 0.959  (15s)
  JSR   -2.0 dB  BER 1.71e-02  P(det)@0.05 power_one_sided 1.000 power_two_sided 1.000 kurtosis 1.000 spec_cnn 0.990  (15s)
  JSR   -1.0 dB  BER 2.29e-02  P(det)@0.05 power_one_sided 1.000 power_two_sided 1.000 kurtosis 1.000 spec_cnn 0.994  (16s)
  JSR   +0.0 dB  BER 3.28e-02  P(det)@0.05 power_one_sided 1.000 power_two_sided 1.000 kurtosis 1.000 spec_cnn 1.000  (16s)
  JSR   +1.0 dB  BER 4.52e-02  P(det)@0.05 power_one_sided 1.000 power_two_sided 1.000 kurtosis 1.000 spec_cnn 1.000  (16s)
  JSR   +2.0 dB  BER 5.67e-02  P(det)@0.05 power_one_sided 1.000 power_two_sided 1.000 kurtosis 1.000 spec_cnn 1.000  (17s)
  JSR   +3.0 dB  BER 7.70e-02  P(det)@0.05 power_one_sided 1.000 power_two_sided 1.000 kurtosis 1.000 spec_cnn 1.000  (17s)
  JSR   +4.0 dB  BER 9.89e-02  P(det)@0.05 power_one_sided 1.000 power_two_sided 1.000 kurtosis 1.000 spec_cnn 1.000  (17s)
  JSR   +5.0 dB  BER 1.19e-01  P(det)@0.05 power_one_sided 1.000 power_two_sided 1.000 kurtosis 1.000 spec_cnn 1.000  (18s)
  JSR   +6.0 dB  BER 1.49e-01  P(det)@0.05 power_one_sided 1.000 power_two_sided 1.000 kurtosis 1.000 spec_cnn 1.000  (18s)
  JSR   +7.0 dB  BER 1.78e-01  P(det)@0.05 power_one_sided 1.000 power_two_sided 1.000 kurtosis 1.000 spec_cnn 1.000  (18s)
  JSR   +8.0 dB  BER 2.01e-01  P(det)@0.05 power_one_sided 1.000 power_two_sided 1.000 kurtosis 1.000 spec_cnn 1.000  (19s)
  JSR   +9.0 dB  BER 2.25e-01  P(det)@0.05 power_one_sided 1.000 power_two_sided 1.000 kurtosis 1.000 spec_cnn 1.000  (19s)
  JSR  +10.0 dB  BER 2.46e-01  P(det)@0.05 power_one_sided 1.000 power_two_sided 1.000 kurtosis 1.000 spec_cnn 1.000  (19s)
  JSR  +11.0 dB  BER 2.74e-01  P(det)@0.05 power_one_sided 1.000 power_two_sided 1.000 kurtosis 1.000 spec_cnn 1.000  (20s)
  JSR  +12.0 dB  BER 2.95e-01  P(det)@0.05 power_one_sided 1.000 power_two_sided 1.000 kurtosis 1.000 spec_cnn 1.000  (20s)
  JSR  +13.0 dB  BER 3.18e-01  P(det)@0.05 power_one_sided 1.000 power_two_sided 1.000 kurtosis 1.000 spec_cnn 1.000  (20s)
  JSR  +14.0 dB  BER 3.34e-01  P(det)@0.05 power_one_sided 1.000 power_two_sided 1.000 kurtosis 1.000 spec_cnn 1.000  (20s)
  JSR  +15.0 dB  BER 3.54e-01  P(det)@0.05 power_one_sided 1.000 power_two_sided 1.000 kurtosis 1.000 spec_cnn 1.000  (21s)
  [snr_10] kurtosis_b10 confirmed: {"power_one_sided": {"0.01": {"index": 0, "sweep_ber": 0.0, "sweep_pdet": 0.0078125, "confirmed_ber": 0.0, "confirmed_ser": 0.0, "confirmed_pdet": 0.010986328125, "passed": true}, "0.05": {"index": 0, "sweep_ber": 0.0, "sweep_pdet": 0.064453125, "confirmed_ber": 0.0, "confirmed_ser": 0.0, "confirmed_pdet": 0.054931640625, "passed": true}}, "power_two_sided": {"0.01": {"index": 0, "sweep_ber": 0.0, "sweep_pdet": 0.009765625, "confirmed_ber": 0.0, "confirmed_ser": 0.0, "confirmed_pdet": 0.010498046875, "passed": true}, "0.05": {"index": 0, "sweep_ber": 0.0, "sweep_pdet": 0.0390625, "confirmed_ber": 0.0, "confirmed_ser": 0.0, "confirmed_pdet": 0.053955078125, "passed": true}}, "kurtosis": {"0.01": {"index": 28, "sweep_ber": 0.000396728515625, "sweep_pdet": 0.017578125, "confirmed_ber": 0.00039005279541015625, "confirmed_ser": 0.0007801055908203125, "confirmed_pdet": 0.017333984375, "passed": false}, "0.05": {"index": 26, "sweep_ber": 6.103515625e-05, "sweep_pdet": 0.068359375, "confirmed_ber": 3.528594970703125e-05, "confirmed_ser": 7.05718994140625e-05, "confirmed_pdet": 0.052490234375, "passed": true}}, "spec_cnn": {"0.01": {"index": 31, "sweep_ber": 0.0015411376953125, "sweep_pdet": 0.009765625, "confirmed_ber": 0.0015659332275390625, "confirmed_ser": 0.0030384063720703125, "confirmed_pdet": 0.013671875, "passed": false}, "0.05": {"index": 30, "sweep_ber": 0.001068115234375, "sweep_pdet": 0.05859375, "confirmed_ber": 0.001220703125, "confirmed_ser": 0.002422332763671875, "confirmed_pdet": 0.063720703125, "passed": false}}}  (754s)
  [snr_10] generator kurtosis_b100 (scale 0.4022)
  JSR  -50.0 dB  BER 0.00e+00  P(det)@0.05 power_one_sided 0.059 power_two_sided 0.055 kurtosis 0.035 spec_cnn 0.059  (0s)
  JSR  -49.0 dB  BER 0.00e+00  P(det)@0.05 power_one_sided 0.062 power_two_sided 0.051 kurtosis 0.041 spec_cnn 0.041  (1s)
  JSR  -48.0 dB  BER 0.00e+00  P(det)@0.05 power_one_sided 0.055 power_two_sided 0.057 kurtosis 0.041 spec_cnn 0.049  (1s)
  JSR  -47.0 dB  BER 0.00e+00  P(det)@0.05 power_one_sided 0.047 power_two_sided 0.043 kurtosis 0.061 spec_cnn 0.039  (1s)
  JSR  -46.0 dB  BER 0.00e+00  P(det)@0.05 power_one_sided 0.029 power_two_sided 0.035 kurtosis 0.041 spec_cnn 0.053  (1s)
  JSR  -45.0 dB  BER 0.00e+00  P(det)@0.05 power_one_sided 0.061 power_two_sided 0.064 kurtosis 0.047 spec_cnn 0.061  (2s)
  JSR  -44.0 dB  BER 0.00e+00  P(det)@0.05 power_one_sided 0.053 power_two_sided 0.064 kurtosis 0.051 spec_cnn 0.051  (2s)
  JSR  -43.0 dB  BER 0.00e+00  P(det)@0.05 power_one_sided 0.041 power_two_sided 0.057 kurtosis 0.051 spec_cnn 0.064  (2s)
  JSR  -42.0 dB  BER 0.00e+00  P(det)@0.05 power_one_sided 0.055 power_two_sided 0.047 kurtosis 0.033 spec_cnn 0.045  (3s)
  JSR  -41.0 dB  BER 0.00e+00  P(det)@0.05 power_one_sided 0.059 power_two_sided 0.055 kurtosis 0.049 spec_cnn 0.039  (3s)
  JSR  -40.0 dB  BER 0.00e+00  P(det)@0.05 power_one_sided 0.039 power_two_sided 0.053 kurtosis 0.053 spec_cnn 0.057  (3s)
  JSR  -39.0 dB  BER 0.00e+00  P(det)@0.05 power_one_sided 0.045 power_two_sided 0.045 kurtosis 0.023 spec_cnn 0.041  (4s)
  JSR  -38.0 dB  BER 0.00e+00  P(det)@0.05 power_one_sided 0.047 power_two_sided 0.051 kurtosis 0.049 spec_cnn 0.047  (4s)
  JSR  -37.0 dB  BER 0.00e+00  P(det)@0.05 power_one_sided 0.043 power_two_sided 0.061 kurtosis 0.047 spec_cnn 0.047  (4s)
  JSR  -36.0 dB  BER 0.00e+00  P(det)@0.05 power_one_sided 0.055 power_two_sided 0.057 kurtosis 0.066 spec_cnn 0.055  (5s)
  JSR  -35.0 dB  BER 0.00e+00  P(det)@0.05 power_one_sided 0.059 power_two_sided 0.062 kurtosis 0.064 spec_cnn 0.029  (5s)
  JSR  -34.0 dB  BER 0.00e+00  P(det)@0.05 power_one_sided 0.064 power_two_sided 0.061 kurtosis 0.041 spec_cnn 0.062  (5s)
  JSR  -33.0 dB  BER 0.00e+00  P(det)@0.05 power_one_sided 0.074 power_two_sided 0.062 kurtosis 0.064 spec_cnn 0.043  (6s)
  JSR  -32.0 dB  BER 0.00e+00  P(det)@0.05 power_one_sided 0.072 power_two_sided 0.051 kurtosis 0.047 spec_cnn 0.051  (6s)
  JSR  -31.0 dB  BER 0.00e+00  P(det)@0.05 power_one_sided 0.051 power_two_sided 0.047 kurtosis 0.066 spec_cnn 0.070  (6s)
  JSR  -30.0 dB  BER 0.00e+00  P(det)@0.05 power_one_sided 0.076 power_two_sided 0.051 kurtosis 0.047 spec_cnn 0.053  (6s)
  JSR  -29.0 dB  BER 0.00e+00  P(det)@0.05 power_one_sided 0.076 power_two_sided 0.059 kurtosis 0.062 spec_cnn 0.045  (7s)
  JSR  -28.0 dB  BER 0.00e+00  P(det)@0.05 power_one_sided 0.096 power_two_sided 0.080 kurtosis 0.049 spec_cnn 0.031  (7s)
  JSR  -27.0 dB  BER 0.00e+00  P(det)@0.05 power_one_sided 0.107 power_two_sided 0.086 kurtosis 0.049 spec_cnn 0.059  (7s)
  JSR  -26.0 dB  BER 7.63e-06  P(det)@0.05 power_one_sided 0.096 power_two_sided 0.080 kurtosis 0.066 spec_cnn 0.055  (8s)
  JSR  -25.0 dB  BER 0.00e+00  P(det)@0.05 power_one_sided 0.137 power_two_sided 0.090 kurtosis 0.057 spec_cnn 0.055  (8s)
  JSR  -24.0 dB  BER 3.81e-05  P(det)@0.05 power_one_sided 0.174 power_two_sided 0.129 kurtosis 0.059 spec_cnn 0.064  (8s)
  JSR  -23.0 dB  BER 1.98e-04  P(det)@0.05 power_one_sided 0.207 power_two_sided 0.168 kurtosis 0.057 spec_cnn 0.062  (9s)
  JSR  -22.0 dB  BER 4.50e-04  P(det)@0.05 power_one_sided 0.240 power_two_sided 0.184 kurtosis 0.074 spec_cnn 0.061  (9s)
  JSR  -21.0 dB  BER 8.85e-04  P(det)@0.05 power_one_sided 0.307 power_two_sided 0.229 kurtosis 0.080 spec_cnn 0.057  (9s)
  JSR  -20.0 dB  BER 1.14e-03  P(det)@0.05 power_one_sided 0.416 power_two_sided 0.336 kurtosis 0.123 spec_cnn 0.064  (10s)
  JSR  -19.0 dB  BER 1.64e-03  P(det)@0.05 power_one_sided 0.471 power_two_sided 0.371 kurtosis 0.146 spec_cnn 0.078  (10s)
  JSR  -18.0 dB  BER 2.23e-03  P(det)@0.05 power_one_sided 0.602 power_two_sided 0.512 kurtosis 0.207 spec_cnn 0.090  (10s)
  JSR  -17.0 dB  BER 2.46e-03  P(det)@0.05 power_one_sided 0.730 power_two_sided 0.641 kurtosis 0.295 spec_cnn 0.088  (11s)
  JSR  -16.0 dB  BER 2.87e-03  P(det)@0.05 power_one_sided 0.768 power_two_sided 0.725 kurtosis 0.449 spec_cnn 0.113  (11s)
  JSR  -15.0 dB  BER 2.98e-03  P(det)@0.05 power_one_sided 0.902 power_two_sided 0.861 kurtosis 0.602 spec_cnn 0.129  (11s)
  JSR  -14.0 dB  BER 3.45e-03  P(det)@0.05 power_one_sided 0.961 power_two_sided 0.938 kurtosis 0.744 spec_cnn 0.123  (12s)
  JSR  -13.0 dB  BER 3.94e-03  P(det)@0.05 power_one_sided 0.988 power_two_sided 0.977 kurtosis 0.887 spec_cnn 0.156  (12s)
  JSR  -12.0 dB  BER 4.10e-03  P(det)@0.05 power_one_sided 0.996 power_two_sided 0.996 kurtosis 0.971 spec_cnn 0.168  (12s)
  JSR  -11.0 dB  BER 4.21e-03  P(det)@0.05 power_one_sided 1.000 power_two_sided 1.000 kurtosis 0.992 spec_cnn 0.223  (12s)
  JSR  -10.0 dB  BER 5.01e-03  P(det)@0.05 power_one_sided 1.000 power_two_sided 1.000 kurtosis 0.998 spec_cnn 0.312  (13s)
  JSR   -9.0 dB  BER 5.59e-03  P(det)@0.05 power_one_sided 1.000 power_two_sided 1.000 kurtosis 0.998 spec_cnn 0.342  (13s)
  JSR   -8.0 dB  BER 5.94e-03  P(det)@0.05 power_one_sided 1.000 power_two_sided 1.000 kurtosis 1.000 spec_cnn 0.449  (13s)
  JSR   -7.0 dB  BER 6.36e-03  P(det)@0.05 power_one_sided 1.000 power_two_sided 1.000 kurtosis 1.000 spec_cnn 0.578  (14s)
  JSR   -6.0 dB  BER 7.17e-03  P(det)@0.05 power_one_sided 1.000 power_two_sided 1.000 kurtosis 1.000 spec_cnn 0.701  (14s)
  JSR   -5.0 dB  BER 7.90e-03  P(det)@0.05 power_one_sided 1.000 power_two_sided 1.000 kurtosis 1.000 spec_cnn 0.781  (14s)
  JSR   -4.0 dB  BER 9.39e-03  P(det)@0.05 power_one_sided 1.000 power_two_sided 1.000 kurtosis 1.000 spec_cnn 0.891  (15s)
  JSR   -3.0 dB  BER 1.09e-02  P(det)@0.05 power_one_sided 1.000 power_two_sided 1.000 kurtosis 1.000 spec_cnn 0.943  (15s)
  JSR   -2.0 dB  BER 1.55e-02  P(det)@0.05 power_one_sided 1.000 power_two_sided 1.000 kurtosis 1.000 spec_cnn 0.977  (15s)
  JSR   -1.0 dB  BER 1.98e-02  P(det)@0.05 power_one_sided 1.000 power_two_sided 1.000 kurtosis 1.000 spec_cnn 0.992  (16s)
  JSR   +0.0 dB  BER 2.73e-02  P(det)@0.05 power_one_sided 1.000 power_two_sided 1.000 kurtosis 1.000 spec_cnn 1.000  (16s)
  JSR   +1.0 dB  BER 3.60e-02  P(det)@0.05 power_one_sided 1.000 power_two_sided 1.000 kurtosis 1.000 spec_cnn 0.998  (16s)
  JSR   +2.0 dB  BER 4.90e-02  P(det)@0.05 power_one_sided 1.000 power_two_sided 1.000 kurtosis 1.000 spec_cnn 1.000  (17s)
  JSR   +3.0 dB  BER 6.50e-02  P(det)@0.05 power_one_sided 1.000 power_two_sided 1.000 kurtosis 1.000 spec_cnn 1.000  (17s)
  JSR   +4.0 dB  BER 8.47e-02  P(det)@0.05 power_one_sided 1.000 power_two_sided 1.000 kurtosis 1.000 spec_cnn 1.000  (17s)
  JSR   +5.0 dB  BER 1.07e-01  P(det)@0.05 power_one_sided 1.000 power_two_sided 1.000 kurtosis 1.000 spec_cnn 1.000  (17s)
  JSR   +6.0 dB  BER 1.32e-01  P(det)@0.05 power_one_sided 1.000 power_two_sided 1.000 kurtosis 1.000 spec_cnn 1.000  (18s)
  JSR   +7.0 dB  BER 1.56e-01  P(det)@0.05 power_one_sided 1.000 power_two_sided 1.000 kurtosis 1.000 spec_cnn 1.000  (18s)
  JSR   +8.0 dB  BER 1.83e-01  P(det)@0.05 power_one_sided 1.000 power_two_sided 1.000 kurtosis 1.000 spec_cnn 1.000  (18s)
  JSR   +9.0 dB  BER 2.07e-01  P(det)@0.05 power_one_sided 1.000 power_two_sided 1.000 kurtosis 1.000 spec_cnn 1.000  (19s)
  JSR  +10.0 dB  BER 2.35e-01  P(det)@0.05 power_one_sided 1.000 power_two_sided 1.000 kurtosis 1.000 spec_cnn 1.000  (19s)
  JSR  +11.0 dB  BER 2.55e-01  P(det)@0.05 power_one_sided 1.000 power_two_sided 1.000 kurtosis 1.000 spec_cnn 1.000  (19s)
  JSR  +12.0 dB  BER 2.80e-01  P(det)@0.05 power_one_sided 1.000 power_two_sided 1.000 kurtosis 1.000 spec_cnn 1.000  (20s)
  JSR  +13.0 dB  BER 3.03e-01  P(det)@0.05 power_one_sided 1.000 power_two_sided 1.000 kurtosis 1.000 spec_cnn 1.000  (20s)
  JSR  +14.0 dB  BER 3.23e-01  P(det)@0.05 power_one_sided 1.000 power_two_sided 1.000 kurtosis 1.000 spec_cnn 1.000  (20s)
  JSR  +15.0 dB  BER 3.42e-01  P(det)@0.05 power_one_sided 1.000 power_two_sided 1.000 kurtosis 1.000 spec_cnn 1.000  (21s)
  [snr_10] kurtosis_b100 confirmed: {"power_one_sided": {"0.01": {"index": 0, "sweep_ber": 0.0, "sweep_pdet": 0.0078125, "confirmed_ber": 0.0, "confirmed_ser": 0.0, "confirmed_pdet": 0.013671875, "passed": false}, "0.05": {"index": 0, "sweep_ber": 0.0, "sweep_pdet": 0.05859375, "confirmed_ber": 0.0, "confirmed_ser": 0.0, "confirmed_pdet": 0.048583984375, "passed": true}}, "power_two_sided": {"0.01": {"index": 0, "sweep_ber": 0.0, "sweep_pdet": 0.0078125, "confirmed_ber": 0.0, "confirmed_ser": 0.0, "confirmed_pdet": 0.01220703125, "passed": true}, "0.05": {"index": 0, "sweep_ber": 0.0, "sweep_pdet": 0.0546875, "confirmed_ber": 0.0, "confirmed_ser": 0.0, "confirmed_pdet": 0.057861328125, "passed": false}}, "kurtosis": {"0.01": {"index": 26, "sweep_ber": 3.814697265625e-05, "sweep_pdet": 0.013671875, "confirmed_ber": 3.719329833984375e-05, "confirmed_ser": 7.43865966796875e-05, "confirmed_pdet": 0.01513671875, "passed": false}, "0.05": {"index": 27, "sweep_ber": 0.0001983642578125, "sweep_pdet": 0.056640625, "confirmed_ber": 0.00017452239990234375, "confirmed_ser": 0.0003490447998046875, "confirmed_pdet": 0.05908203125, "passed": false}}, "spec_cnn": {"0.01": {"index": 30, "sweep_ber": 0.0011444091796875, "sweep_pdet": 0.013671875, "confirmed_ber": 0.0013113021850585938, "confirmed_ser": 0.00260162353515625, "confirmed_pdet": 0.0146484375, "passed": false}, "0.05": {"index": 30, "sweep_ber": 0.0011444091796875, "sweep_pdet": 0.064453125, "confirmed_ber": 0.0012311935424804688, "confirmed_ser": 0.00244140625, "confirmed_pdet": 0.06982421875, "passed": false}}}  (795s)
  [snr_10] generator kurtosis_b1000 (scale 0.4022)
  JSR  -50.0 dB  BER 0.00e+00  P(det)@0.05 power_one_sided 0.055 power_two_sided 0.049 kurtosis 0.057 spec_cnn 0.039  (0s)
  JSR  -49.0 dB  BER 0.00e+00  P(det)@0.05 power_one_sided 0.049 power_two_sided 0.055 kurtosis 0.029 spec_cnn 0.039  (1s)
  JSR  -48.0 dB  BER 0.00e+00  P(det)@0.05 power_one_sided 0.031 power_two_sided 0.029 kurtosis 0.047 spec_cnn 0.041  (1s)
  JSR  -47.0 dB  BER 0.00e+00  P(det)@0.05 power_one_sided 0.045 power_two_sided 0.049 kurtosis 0.062 spec_cnn 0.041  (1s)
  JSR  -46.0 dB  BER 0.00e+00  P(det)@0.05 power_one_sided 0.051 power_two_sided 0.055 kurtosis 0.051 spec_cnn 0.047  (1s)
  JSR  -45.0 dB  BER 0.00e+00  P(det)@0.05 power_one_sided 0.057 power_two_sided 0.062 kurtosis 0.057 spec_cnn 0.043  (2s)
  JSR  -44.0 dB  BER 0.00e+00  P(det)@0.05 power_one_sided 0.051 power_two_sided 0.066 kurtosis 0.051 spec_cnn 0.064  (2s)
  JSR  -43.0 dB  BER 0.00e+00  P(det)@0.05 power_one_sided 0.051 power_two_sided 0.045 kurtosis 0.061 spec_cnn 0.055  (2s)
  JSR  -42.0 dB  BER 0.00e+00  P(det)@0.05 power_one_sided 0.055 power_two_sided 0.055 kurtosis 0.051 spec_cnn 0.037  (3s)
  JSR  -41.0 dB  BER 0.00e+00  P(det)@0.05 power_one_sided 0.059 power_two_sided 0.064 kurtosis 0.064 spec_cnn 0.041  (3s)
  JSR  -40.0 dB  BER 0.00e+00  P(det)@0.05 power_one_sided 0.045 power_two_sided 0.051 kurtosis 0.059 spec_cnn 0.045  (3s)
  JSR  -39.0 dB  BER 0.00e+00  P(det)@0.05 power_one_sided 0.066 power_two_sided 0.068 kurtosis 0.055 spec_cnn 0.039  (4s)
  JSR  -38.0 dB  BER 0.00e+00  P(det)@0.05 power_one_sided 0.055 power_two_sided 0.053 kurtosis 0.041 spec_cnn 0.041  (4s)
  JSR  -37.0 dB  BER 0.00e+00  P(det)@0.05 power_one_sided 0.057 power_two_sided 0.041 kurtosis 0.045 spec_cnn 0.059  (4s)
  JSR  -36.0 dB  BER 0.00e+00  P(det)@0.05 power_one_sided 0.072 power_two_sided 0.062 kurtosis 0.041 spec_cnn 0.049  (5s)
  JSR  -35.0 dB  BER 0.00e+00  P(det)@0.05 power_one_sided 0.066 power_two_sided 0.055 kurtosis 0.062 spec_cnn 0.051  (5s)
  JSR  -34.0 dB  BER 0.00e+00  P(det)@0.05 power_one_sided 0.051 power_two_sided 0.053 kurtosis 0.053 spec_cnn 0.047  (5s)
  JSR  -33.0 dB  BER 0.00e+00  P(det)@0.05 power_one_sided 0.074 power_two_sided 0.049 kurtosis 0.051 spec_cnn 0.057  (6s)
  JSR  -32.0 dB  BER 0.00e+00  P(det)@0.05 power_one_sided 0.059 power_two_sided 0.059 kurtosis 0.053 spec_cnn 0.051  (6s)
  JSR  -31.0 dB  BER 0.00e+00  P(det)@0.05 power_one_sided 0.096 power_two_sided 0.062 kurtosis 0.041 spec_cnn 0.061  (6s)
  JSR  -30.0 dB  BER 0.00e+00  P(det)@0.05 power_one_sided 0.072 power_two_sided 0.061 kurtosis 0.061 spec_cnn 0.061  (7s)
  JSR  -29.0 dB  BER 0.00e+00  P(det)@0.05 power_one_sided 0.062 power_two_sided 0.041 kurtosis 0.039 spec_cnn 0.062  (7s)
  JSR  -28.0 dB  BER 0.00e+00  P(det)@0.05 power_one_sided 0.080 power_two_sided 0.074 kurtosis 0.055 spec_cnn 0.049  (7s)
  JSR  -27.0 dB  BER 0.00e+00  P(det)@0.05 power_one_sided 0.102 power_two_sided 0.070 kurtosis 0.049 spec_cnn 0.062  (8s)
  JSR  -26.0 dB  BER 0.00e+00  P(det)@0.05 power_one_sided 0.117 power_two_sided 0.092 kurtosis 0.051 spec_cnn 0.082  (8s)
  JSR  -25.0 dB  BER 0.00e+00  P(det)@0.05 power_one_sided 0.113 power_two_sided 0.070 kurtosis 0.041 spec_cnn 0.068  (8s)
  JSR  -24.0 dB  BER 0.00e+00  P(det)@0.05 power_one_sided 0.141 power_two_sided 0.094 kurtosis 0.053 spec_cnn 0.080  (8s)
  JSR  -23.0 dB  BER 0.00e+00  P(det)@0.05 power_one_sided 0.182 power_two_sided 0.148 kurtosis 0.053 spec_cnn 0.115  (9s)
  JSR  -22.0 dB  BER 0.00e+00  P(det)@0.05 power_one_sided 0.246 power_two_sided 0.182 kurtosis 0.072 spec_cnn 0.123  (9s)
  JSR  -21.0 dB  BER 0.00e+00  P(det)@0.05 power_one_sided 0.258 power_two_sided 0.186 kurtosis 0.045 spec_cnn 0.146  (9s)
  JSR  -20.0 dB  BER 0.00e+00  P(det)@0.05 power_one_sided 0.363 power_two_sided 0.295 kurtosis 0.061 spec_cnn 0.146  (10s)
  JSR  -19.0 dB  BER 0.00e+00  P(det)@0.05 power_one_sided 0.434 power_two_sided 0.346 kurtosis 0.066 spec_cnn 0.215  (10s)
  JSR  -18.0 dB  BER 0.00e+00  P(det)@0.05 power_one_sided 0.576 power_two_sided 0.484 kurtosis 0.037 spec_cnn 0.275  (10s)
  JSR  -17.0 dB  BER 7.63e-06  P(det)@0.05 power_one_sided 0.689 power_two_sided 0.609 kurtosis 0.064 spec_cnn 0.312  (11s)
  JSR  -16.0 dB  BER 0.00e+00  P(det)@0.05 power_one_sided 0.805 power_two_sided 0.742 kurtosis 0.082 spec_cnn 0.340  (11s)
  JSR  -15.0 dB  BER 7.63e-06  P(det)@0.05 power_one_sided 0.926 power_two_sided 0.891 kurtosis 0.062 spec_cnn 0.412  (11s)
  JSR  -14.0 dB  BER 5.34e-05  P(det)@0.05 power_one_sided 0.953 power_two_sided 0.943 kurtosis 0.080 spec_cnn 0.414  (12s)
  JSR  -13.0 dB  BER 1.83e-04  P(det)@0.05 power_one_sided 0.988 power_two_sided 0.977 kurtosis 0.086 spec_cnn 0.477  (12s)
  JSR  -12.0 dB  BER 6.33e-04  P(det)@0.05 power_one_sided 0.996 power_two_sided 0.994 kurtosis 0.107 spec_cnn 0.561  (12s)
  JSR  -11.0 dB  BER 1.44e-03  P(det)@0.05 power_one_sided 0.998 power_two_sided 0.998 kurtosis 0.129 spec_cnn 0.605  (13s)
  JSR  -10.0 dB  BER 2.91e-03  P(det)@0.05 power_one_sided 1.000 power_two_sided 1.000 kurtosis 0.160 spec_cnn 0.711  (13s)
  JSR   -9.0 dB  BER 5.60e-03  P(det)@0.05 power_one_sided 1.000 power_two_sided 1.000 kurtosis 0.164 spec_cnn 0.729  (13s)
  JSR   -8.0 dB  BER 1.01e-02  P(det)@0.05 power_one_sided 1.000 power_two_sided 1.000 kurtosis 0.172 spec_cnn 0.795  (14s)
  JSR   -7.0 dB  BER 1.65e-02  P(det)@0.05 power_one_sided 1.000 power_two_sided 1.000 kurtosis 0.209 spec_cnn 0.857  (14s)
  JSR   -6.0 dB  BER 2.48e-02  P(det)@0.05 power_one_sided 1.000 power_two_sided 1.000 kurtosis 0.258 spec_cnn 0.916  (14s)
  JSR   -5.0 dB  BER 3.41e-02  P(det)@0.05 power_one_sided 1.000 power_two_sided 1.000 kurtosis 0.312 spec_cnn 0.971  (14s)
  JSR   -4.0 dB  BER 4.32e-02  P(det)@0.05 power_one_sided 1.000 power_two_sided 1.000 kurtosis 0.383 spec_cnn 0.977  (15s)
  JSR   -3.0 dB  BER 5.37e-02  P(det)@0.05 power_one_sided 1.000 power_two_sided 1.000 kurtosis 0.508 spec_cnn 0.996  (15s)
  JSR   -2.0 dB  BER 6.42e-02  P(det)@0.05 power_one_sided 1.000 power_two_sided 1.000 kurtosis 0.562 spec_cnn 1.000  (15s)
  JSR   -1.0 dB  BER 7.69e-02  P(det)@0.05 power_one_sided 1.000 power_two_sided 1.000 kurtosis 0.719 spec_cnn 1.000  (16s)
  JSR   +0.0 dB  BER 9.13e-02  P(det)@0.05 power_one_sided 1.000 power_two_sided 1.000 kurtosis 0.805 spec_cnn 1.000  (16s)
  JSR   +1.0 dB  BER 1.07e-01  P(det)@0.05 power_one_sided 1.000 power_two_sided 1.000 kurtosis 0.889 spec_cnn 1.000  (16s)
  JSR   +2.0 dB  BER 1.28e-01  P(det)@0.05 power_one_sided 1.000 power_two_sided 1.000 kurtosis 0.932 spec_cnn 1.000  (17s)
  JSR   +3.0 dB  BER 1.51e-01  P(det)@0.05 power_one_sided 1.000 power_two_sided 1.000 kurtosis 0.939 spec_cnn 1.000  (17s)
  JSR   +4.0 dB  BER 1.72e-01  P(det)@0.05 power_one_sided 1.000 power_two_sided 1.000 kurtosis 0.971 spec_cnn 1.000  (17s)
  JSR   +5.0 dB  BER 2.00e-01  P(det)@0.05 power_one_sided 1.000 power_two_sided 1.000 kurtosis 0.990 spec_cnn 1.000  (17s)
  JSR   +6.0 dB  BER 2.29e-01  P(det)@0.05 power_one_sided 1.000 power_two_sided 1.000 kurtosis 0.980 spec_cnn 1.000  (18s)
  JSR   +7.0 dB  BER 2.52e-01  P(det)@0.05 power_one_sided 1.000 power_two_sided 1.000 kurtosis 0.980 spec_cnn 1.000  (18s)
  JSR   +8.0 dB  BER 2.76e-01  P(det)@0.05 power_one_sided 1.000 power_two_sided 1.000 kurtosis 0.980 spec_cnn 1.000  (18s)
  JSR   +9.0 dB  BER 2.99e-01  P(det)@0.05 power_one_sided 1.000 power_two_sided 1.000 kurtosis 0.984 spec_cnn 1.000  (19s)
  JSR  +10.0 dB  BER 3.20e-01  P(det)@0.05 power_one_sided 1.000 power_two_sided 1.000 kurtosis 0.988 spec_cnn 1.000  (19s)
  JSR  +11.0 dB  BER 3.40e-01  P(det)@0.05 power_one_sided 1.000 power_two_sided 1.000 kurtosis 0.996 spec_cnn 1.000  (19s)
  JSR  +12.0 dB  BER 3.53e-01  P(det)@0.05 power_one_sided 1.000 power_two_sided 1.000 kurtosis 0.986 spec_cnn 1.000  (20s)
  JSR  +13.0 dB  BER 3.70e-01  P(det)@0.05 power_one_sided 1.000 power_two_sided 1.000 kurtosis 0.996 spec_cnn 1.000  (20s)
  JSR  +14.0 dB  BER 3.85e-01  P(det)@0.05 power_one_sided 1.000 power_two_sided 1.000 kurtosis 0.988 spec_cnn 1.000  (20s)
  JSR  +15.0 dB  BER 3.96e-01  P(det)@0.05 power_one_sided 1.000 power_two_sided 1.000 kurtosis 0.992 spec_cnn 1.000  (21s)
  [snr_10] kurtosis_b1000 confirmed: {"power_one_sided": {"0.01": {"index": 0, "sweep_ber": 0.0, "sweep_pdet": 0.0078125, "confirmed_ber": 0.0, "confirmed_ser": 0.0, "confirmed_pdet": 0.00732421875, "passed": true}, "0.05": {"index": 0, "sweep_ber": 0.0, "sweep_pdet": 0.0546875, "confirmed_ber": 0.0, "confirmed_ser": 0.0, "confirmed_pdet": 0.04931640625, "passed": true}}, "power_two_sided": {"0.01": {"index": 0, "sweep_ber": 0.0, "sweep_pdet": 0.01171875, "confirmed_ber": 0.0, "confirmed_ser": 0.0, "confirmed_pdet": 0.01025390625, "passed": true}, "0.05": {"index": 0, "sweep_ber": 0.0, "sweep_pdet": 0.048828125, "confirmed_ber": 0.0, "confirmed_ser": 0.0, "confirmed_pdet": 0.052978515625, "passed": true}}, "kurtosis": {"0.01": {"index": 37, "sweep_ber": 0.00018310546875, "sweep_pdet": 0.017578125, "confirmed_ber": 0.00015926361083984375, "confirmed_ser": 0.0003185272216796875, "confirmed_pdet": 0.02587890625, "passed": false}, "0.05": {"index": 33, "sweep_ber": 7.62939453125e-06, "sweep_pdet": 0.064453125, "confirmed_ber": 2.86102294921875e-06, "confirmed_ser": 5.7220458984375e-06, "confirmed_pdet": 0.06689453125, "passed": false}}, "spec_cnn": {"0.01": {"index": 0, "sweep_ber": 0.0, "sweep_pdet": 0.0078125, "confirmed_ber": 0.0, "confirmed_ser": 0.0, "confirmed_pdet": 0.010498046875, "passed": true}, "0.05": {"index": 0, "sweep_ber": 0.0, "sweep_pdet": 0.0390625, "confirmed_ber": 0.0, "confirmed_ser": 0.0, "confirmed_pdet": 0.047119140625, "passed": true}}}  (836s)
  [snr_10] generator spec_cnn_b1 (scale 0.4022)
  JSR  -50.0 dB  BER 0.00e+00  P(det)@0.05 power_one_sided 0.043 power_two_sided 0.037 kurtosis 0.057 spec_cnn 0.068  (0s)
  JSR  -49.0 dB  BER 0.00e+00  P(det)@0.05 power_one_sided 0.049 power_two_sided 0.037 kurtosis 0.057 spec_cnn 0.057  (1s)
  JSR  -48.0 dB  BER 0.00e+00  P(det)@0.05 power_one_sided 0.041 power_two_sided 0.051 kurtosis 0.057 spec_cnn 0.049  (1s)
  JSR  -47.0 dB  BER 0.00e+00  P(det)@0.05 power_one_sided 0.045 power_two_sided 0.057 kurtosis 0.064 spec_cnn 0.057  (1s)
  JSR  -46.0 dB  BER 0.00e+00  P(det)@0.05 power_one_sided 0.045 power_two_sided 0.070 kurtosis 0.043 spec_cnn 0.061  (2s)
  JSR  -45.0 dB  BER 0.00e+00  P(det)@0.05 power_one_sided 0.045 power_two_sided 0.035 kurtosis 0.062 spec_cnn 0.086  (2s)
  JSR  -44.0 dB  BER 0.00e+00  P(det)@0.05 power_one_sided 0.051 power_two_sided 0.043 kurtosis 0.062 spec_cnn 0.068  (2s)
  JSR  -43.0 dB  BER 0.00e+00  P(det)@0.05 power_one_sided 0.057 power_two_sided 0.062 kurtosis 0.059 spec_cnn 0.053  (3s)
  JSR  -42.0 dB  BER 0.00e+00  P(det)@0.05 power_one_sided 0.061 power_two_sided 0.051 kurtosis 0.045 spec_cnn 0.061  (3s)
  JSR  -41.0 dB  BER 0.00e+00  P(det)@0.05 power_one_sided 0.059 power_two_sided 0.057 kurtosis 0.049 spec_cnn 0.047  (3s)
  JSR  -40.0 dB  BER 0.00e+00  P(det)@0.05 power_one_sided 0.045 power_two_sided 0.053 kurtosis 0.055 spec_cnn 0.049  (4s)
  JSR  -39.0 dB  BER 0.00e+00  P(det)@0.05 power_one_sided 0.037 power_two_sided 0.039 kurtosis 0.061 spec_cnn 0.033  (4s)
  JSR  -38.0 dB  BER 0.00e+00  P(det)@0.05 power_one_sided 0.041 power_two_sided 0.041 kurtosis 0.049 spec_cnn 0.057  (4s)
  JSR  -37.0 dB  BER 0.00e+00  P(det)@0.05 power_one_sided 0.051 power_two_sided 0.072 kurtosis 0.047 spec_cnn 0.045  (5s)
  JSR  -36.0 dB  BER 0.00e+00  P(det)@0.05 power_one_sided 0.041 power_two_sided 0.047 kurtosis 0.047 spec_cnn 0.051  (5s)
  JSR  -35.0 dB  BER 0.00e+00  P(det)@0.05 power_one_sided 0.049 power_two_sided 0.039 kurtosis 0.055 spec_cnn 0.061  (5s)
  JSR  -34.0 dB  BER 0.00e+00  P(det)@0.05 power_one_sided 0.059 power_two_sided 0.049 kurtosis 0.055 spec_cnn 0.055  (5s)
  JSR  -33.0 dB  BER 0.00e+00  P(det)@0.05 power_one_sided 0.072 power_two_sided 0.088 kurtosis 0.049 spec_cnn 0.043  (6s)
  JSR  -32.0 dB  BER 0.00e+00  P(det)@0.05 power_one_sided 0.055 power_two_sided 0.066 kurtosis 0.047 spec_cnn 0.039  (6s)
  JSR  -31.0 dB  BER 0.00e+00  P(det)@0.05 power_one_sided 0.057 power_two_sided 0.053 kurtosis 0.057 spec_cnn 0.055  (6s)
  JSR  -30.0 dB  BER 0.00e+00  P(det)@0.05 power_one_sided 0.088 power_two_sided 0.076 kurtosis 0.066 spec_cnn 0.049  (7s)
  JSR  -29.0 dB  BER 0.00e+00  P(det)@0.05 power_one_sided 0.076 power_two_sided 0.062 kurtosis 0.055 spec_cnn 0.059  (7s)
  JSR  -28.0 dB  BER 0.00e+00  P(det)@0.05 power_one_sided 0.088 power_two_sided 0.074 kurtosis 0.037 spec_cnn 0.047  (7s)
  JSR  -27.0 dB  BER 0.00e+00  P(det)@0.05 power_one_sided 0.084 power_two_sided 0.064 kurtosis 0.066 spec_cnn 0.047  (8s)
  JSR  -26.0 dB  BER 1.53e-05  P(det)@0.05 power_one_sided 0.125 power_two_sided 0.104 kurtosis 0.070 spec_cnn 0.070  (8s)
  JSR  -25.0 dB  BER 0.00e+00  P(det)@0.05 power_one_sided 0.131 power_two_sided 0.102 kurtosis 0.064 spec_cnn 0.053  (8s)
  JSR  -24.0 dB  BER 7.63e-05  P(det)@0.05 power_one_sided 0.184 power_two_sided 0.133 kurtosis 0.066 spec_cnn 0.062  (9s)
  JSR  -23.0 dB  BER 3.81e-04  P(det)@0.05 power_one_sided 0.221 power_two_sided 0.168 kurtosis 0.072 spec_cnn 0.039  (9s)
  JSR  -22.0 dB  BER 6.10e-04  P(det)@0.05 power_one_sided 0.295 power_two_sided 0.225 kurtosis 0.094 spec_cnn 0.064  (9s)
  JSR  -21.0 dB  BER 1.21e-03  P(det)@0.05 power_one_sided 0.369 power_two_sided 0.291 kurtosis 0.098 spec_cnn 0.070  (9s)
  JSR  -20.0 dB  BER 1.65e-03  P(det)@0.05 power_one_sided 0.443 power_two_sided 0.342 kurtosis 0.158 spec_cnn 0.068  (10s)
  JSR  -19.0 dB  BER 2.09e-03  P(det)@0.05 power_one_sided 0.518 power_two_sided 0.439 kurtosis 0.191 spec_cnn 0.053  (10s)
  JSR  -18.0 dB  BER 2.54e-03  P(det)@0.05 power_one_sided 0.607 power_two_sided 0.555 kurtosis 0.271 spec_cnn 0.084  (10s)
  JSR  -17.0 dB  BER 2.73e-03  P(det)@0.05 power_one_sided 0.721 power_two_sided 0.635 kurtosis 0.355 spec_cnn 0.057  (11s)
  JSR  -16.0 dB  BER 3.16e-03  P(det)@0.05 power_one_sided 0.859 power_two_sided 0.791 kurtosis 0.518 spec_cnn 0.086  (11s)
  JSR  -15.0 dB  BER 3.28e-03  P(det)@0.05 power_one_sided 0.920 power_two_sided 0.875 kurtosis 0.715 spec_cnn 0.076  (11s)
  JSR  -14.0 dB  BER 3.77e-03  P(det)@0.05 power_one_sided 0.969 power_two_sided 0.957 kurtosis 0.838 spec_cnn 0.096  (12s)
  JSR  -13.0 dB  BER 4.19e-03  P(det)@0.05 power_one_sided 0.990 power_two_sided 0.988 kurtosis 0.934 spec_cnn 0.119  (12s)
  JSR  -12.0 dB  BER 4.40e-03  P(det)@0.05 power_one_sided 1.000 power_two_sided 0.994 kurtosis 0.984 spec_cnn 0.129  (12s)
  JSR  -11.0 dB  BER 4.61e-03  P(det)@0.05 power_one_sided 1.000 power_two_sided 0.998 kurtosis 0.998 spec_cnn 0.168  (13s)
  JSR  -10.0 dB  BER 4.95e-03  P(det)@0.05 power_one_sided 1.000 power_two_sided 1.000 kurtosis 1.000 spec_cnn 0.203  (13s)
  JSR   -9.0 dB  BER 5.12e-03  P(det)@0.05 power_one_sided 1.000 power_two_sided 1.000 kurtosis 1.000 spec_cnn 0.266  (13s)
  JSR   -8.0 dB  BER 5.96e-03  P(det)@0.05 power_one_sided 1.000 power_two_sided 1.000 kurtosis 1.000 spec_cnn 0.340  (14s)
  JSR   -7.0 dB  BER 6.73e-03  P(det)@0.05 power_one_sided 1.000 power_two_sided 1.000 kurtosis 1.000 spec_cnn 0.455  (14s)
  JSR   -6.0 dB  BER 7.48e-03  P(det)@0.05 power_one_sided 1.000 power_two_sided 1.000 kurtosis 1.000 spec_cnn 0.631  (14s)
  JSR   -5.0 dB  BER 8.00e-03  P(det)@0.05 power_one_sided 1.000 power_two_sided 1.000 kurtosis 1.000 spec_cnn 0.797  (14s)
  JSR   -4.0 dB  BER 8.35e-03  P(det)@0.05 power_one_sided 1.000 power_two_sided 1.000 kurtosis 1.000 spec_cnn 0.859  (15s)
  JSR   -3.0 dB  BER 9.81e-03  P(det)@0.05 power_one_sided 1.000 power_two_sided 1.000 kurtosis 1.000 spec_cnn 0.926  (15s)
  JSR   -2.0 dB  BER 1.05e-02  P(det)@0.05 power_one_sided 1.000 power_two_sided 1.000 kurtosis 1.000 spec_cnn 0.979  (15s)
  JSR   -1.0 dB  BER 1.19e-02  P(det)@0.05 power_one_sided 1.000 power_two_sided 1.000 kurtosis 1.000 spec_cnn 0.984  (16s)
  JSR   +0.0 dB  BER 1.51e-02  P(det)@0.05 power_one_sided 1.000 power_two_sided 1.000 kurtosis 1.000 spec_cnn 0.996  (16s)
  JSR   +1.0 dB  BER 1.74e-02  P(det)@0.05 power_one_sided 1.000 power_two_sided 1.000 kurtosis 1.000 spec_cnn 1.000  (16s)
  JSR   +2.0 dB  BER 2.19e-02  P(det)@0.05 power_one_sided 1.000 power_two_sided 1.000 kurtosis 1.000 spec_cnn 1.000  (17s)
  JSR   +3.0 dB  BER 3.04e-02  P(det)@0.05 power_one_sided 1.000 power_two_sided 1.000 kurtosis 1.000 spec_cnn 1.000  (17s)
  JSR   +4.0 dB  BER 4.01e-02  P(det)@0.05 power_one_sided 1.000 power_two_sided 1.000 kurtosis 1.000 spec_cnn 1.000  (17s)
  JSR   +5.0 dB  BER 5.51e-02  P(det)@0.05 power_one_sided 1.000 power_two_sided 1.000 kurtosis 1.000 spec_cnn 1.000  (18s)
  JSR   +6.0 dB  BER 7.11e-02  P(det)@0.05 power_one_sided 1.000 power_two_sided 1.000 kurtosis 1.000 spec_cnn 1.000  (18s)
  JSR   +7.0 dB  BER 9.06e-02  P(det)@0.05 power_one_sided 1.000 power_two_sided 1.000 kurtosis 1.000 spec_cnn 1.000  (18s)
  JSR   +8.0 dB  BER 1.09e-01  P(det)@0.05 power_one_sided 1.000 power_two_sided 1.000 kurtosis 1.000 spec_cnn 1.000  (19s)
  JSR   +9.0 dB  BER 1.38e-01  P(det)@0.05 power_one_sided 1.000 power_two_sided 1.000 kurtosis 1.000 spec_cnn 1.000  (19s)
  JSR  +10.0 dB  BER 1.60e-01  P(det)@0.05 power_one_sided 1.000 power_two_sided 1.000 kurtosis 1.000 spec_cnn 1.000  (19s)
  JSR  +11.0 dB  BER 1.87e-01  P(det)@0.05 power_one_sided 1.000 power_two_sided 1.000 kurtosis 1.000 spec_cnn 1.000  (19s)
  JSR  +12.0 dB  BER 2.14e-01  P(det)@0.05 power_one_sided 1.000 power_two_sided 1.000 kurtosis 1.000 spec_cnn 1.000  (20s)
  JSR  +13.0 dB  BER 2.41e-01  P(det)@0.05 power_one_sided 1.000 power_two_sided 1.000 kurtosis 1.000 spec_cnn 1.000  (20s)
  JSR  +14.0 dB  BER 2.66e-01  P(det)@0.05 power_one_sided 1.000 power_two_sided 1.000 kurtosis 1.000 spec_cnn 1.000  (20s)
  JSR  +15.0 dB  BER 2.87e-01  P(det)@0.05 power_one_sided 1.000 power_two_sided 1.000 kurtosis 1.000 spec_cnn 1.000  (21s)
  [snr_10] spec_cnn_b1 confirmed: {"power_one_sided": {"0.01": {"index": 0, "sweep_ber": 0.0, "sweep_pdet": 0.0078125, "confirmed_ber": 0.0, "confirmed_ser": 0.0, "confirmed_pdet": 0.011474609375, "passed": true}, "0.05": {"index": 0, "sweep_ber": 0.0, "sweep_pdet": 0.04296875, "confirmed_ber": 0.0, "confirmed_ser": 0.0, "confirmed_pdet": 0.052978515625, "passed": true}}, "power_two_sided": {"0.01": {"index": 0, "sweep_ber": 0.0, "sweep_pdet": 0.009765625, "confirmed_ber": 0.0, "confirmed_ser": 0.0, "confirmed_pdet": 0.01025390625, "passed": true}, "0.05": {"index": 0, "sweep_ber": 0.0, "sweep_pdet": 0.037109375, "confirmed_ber": 0.0, "confirmed_ser": 0.0, "confirmed_pdet": 0.054443359375, "passed": true}}, "kurtosis": {"0.01": {"index": 26, "sweep_ber": 7.62939453125e-05, "sweep_pdet": 0.015625, "confirmed_ber": 9.632110595703125e-05, "confirmed_ser": 0.0001926422119140625, "confirmed_pdet": 0.01513671875, "passed": false}, "0.05": {"index": 26, "sweep_ber": 7.62939453125e-05, "sweep_pdet": 0.06640625, "confirmed_ber": 0.000110626220703125, "confirmed_ser": 0.00022125244140625, "confirmed_pdet": 0.064453125, "passed": false}}, "spec_cnn": {"0.01": {"index": 36, "sweep_ber": 0.0037689208984375, "sweep_pdet": 0.017578125, "confirmed_ber": 0.0036230087280273438, "confirmed_ser": 0.0062427520751953125, "confirmed_pdet": 0.027587890625, "passed": false}, "0.05": {"index": 33, "sweep_ber": 0.0027313232421875, "sweep_pdet": 0.056640625, "confirmed_ber": 0.0027294158935546875, "confirmed_ser": 0.0049953460693359375, "confirmed_pdet": 0.0673828125, "passed": false}}}  (877s)
  [snr_10] generator spec_cnn_b10 (scale 0.4022)
    JSR  -50.0 dB  BER 0.00e+00  P(det)@0.05 power_one_sided 0.043 power_two_sided 0.049 kurtosis 0.041 spec_cnn 0.066  (0s)
    JSR  -49.0 dB  BER 0.00e+00  P(det)@0.05 power_one_sided 0.053 power_two_sided 0.047 kurtosis 0.035 spec_cnn 0.070  (1s)
    JSR  -48.0 dB  BER 0.00e+00  P(det)@0.05 power_one_sided 0.043 power_two_sided 0.045 kurtosis 0.037 spec_cnn 0.062  (1s)
    JSR  -47.0 dB  BER 0.00e+00  P(det)@0.05 power_one_sided 0.053 power_two_sided 0.035 kurtosis 0.043 spec_cnn 0.037  (1s)
    JSR  -46.0 dB  BER 0.00e+00  P(det)@0.05 power_one_sided 0.055 power_two_sided 0.061 kurtosis 0.037 spec_cnn 0.049  (1s)
    JSR  -45.0 dB  BER 0.00e+00  P(det)@0.05 power_one_sided 0.055 power_two_sided 0.078 kurtosis 0.045 spec_cnn 0.057  (2s)
    JSR  -44.0 dB  BER 0.00e+00  P(det)@0.05 power_one_sided 0.039 power_two_sided 0.059 kurtosis 0.057 spec_cnn 0.059  (2s)
    JSR  -43.0 dB  BER 0.00e+00  P(det)@0.05 power_one_sided 0.062 power_two_sided 0.041 kurtosis 0.047 spec_cnn 0.055  (2s)
    JSR  -42.0 dB  BER 0.00e+00  P(det)@0.05 power_one_sided 0.051 power_two_sided 0.061 kurtosis 0.070 spec_cnn 0.047  (3s)
    JSR  -41.0 dB  BER 0.00e+00  P(det)@0.05 power_one_sided 0.059 power_two_sided 0.053 kurtosis 0.059 spec_cnn 0.035  (3s)
    JSR  -40.0 dB  BER 0.00e+00  P(det)@0.05 power_one_sided 0.051 power_two_sided 0.053 kurtosis 0.047 spec_cnn 0.068  (3s)
    JSR  -39.0 dB  BER 0.00e+00  P(det)@0.05 power_one_sided 0.055 power_two_sided 0.045 kurtosis 0.047 spec_cnn 0.043  (4s)
    JSR  -38.0 dB  BER 0.00e+00  P(det)@0.05 power_one_sided 0.045 power_two_sided 0.041 kurtosis 0.049 spec_cnn 0.051  (4s)
    JSR  -37.0 dB  BER 0.00e+00  P(det)@0.05 power_one_sided 0.045 power_two_sided 0.051 kurtosis 0.051 spec_cnn 0.051  (4s)
    JSR  -36.0 dB  BER 0.00e+00  P(det)@0.05 power_one_sided 0.064 power_two_sided 0.062 kurtosis 0.049 spec_cnn 0.057  (5s)
    JSR  -35.0 dB  BER 0.00e+00  P(det)@0.05 power_one_sided 0.041 power_two_sided 0.051 kurtosis 0.043 spec_cnn 0.059  (5s)
    JSR  -34.0 dB  BER 0.00e+00  P(det)@0.05 power_one_sided 0.062 power_two_sided 0.047 kurtosis 0.059 spec_cnn 0.055  (5s)
    JSR  -33.0 dB  BER 0.00e+00  P(det)@0.05 power_one_sided 0.051 power_two_sided 0.055 kurtosis 0.047 spec_cnn 0.043  (5s)
    JSR  -32.0 dB  BER 0.00e+00  P(det)@0.05 power_one_sided 0.068 power_two_sided 0.068 kurtosis 0.055 spec_cnn 0.059  (6s)
    JSR  -31.0 dB  BER 0.00e+00  P(det)@0.05 power_one_sided 0.064 power_two_sided 0.068 kurtosis 0.045 spec_cnn 0.051  (6s)
    JSR  -30.0 dB  BER 0.00e+00  P(det)@0.05 power_one_sided 0.076 power_two_sided 0.057 kurtosis 0.074 spec_cnn 0.061  (6s)
    JSR  -29.0 dB  BER 0.00e+00  P(det)@0.05 power_one_sided 0.055 power_two_sided 0.053 kurtosis 0.072 spec_cnn 0.049  (7s)
    JSR  -28.0 dB  BER 0.00e+00  P(det)@0.05 power_one_sided 0.104 power_two_sided 0.074 kurtosis 0.041 spec_cnn 0.057  (7s)
    JSR  -27.0 dB  BER 0.00e+00  P(det)@0.05 power_one_sided 0.096 power_two_sided 0.088 kurtosis 0.055 spec_cnn 0.043  (7s)
    JSR  -26.0 dB  BER 0.00e+00  P(det)@0.05 power_one_sided 0.090 power_two_sided 0.072 kurtosis 0.072 spec_cnn 0.053  (8s)
    JSR  -25.0 dB  BER 0.00e+00  P(det)@0.05 power_one_sided 0.082 power_two_sided 0.086 kurtosis 0.061 spec_cnn 0.045  (8s)
    JSR  -24.0 dB  BER 3.05e-05  P(det)@0.05 power_one_sided 0.109 power_two_sided 0.090 kurtosis 0.049 spec_cnn 0.057  (8s)
    JSR  -23.0 dB  BER 1.68e-04  P(det)@0.05 power_one_sided 0.133 power_two_sided 0.102 kurtosis 0.090 spec_cnn 0.059  (9s)
    JSR  -22.0 dB  BER 4.04e-04  P(det)@0.05 power_one_sided 0.182 power_two_sided 0.160 kurtosis 0.088 spec_cnn 0.066  (9s)
    JSR  -21.0 dB  BER 7.40e-04  P(det)@0.05 power_one_sided 0.205 power_two_sided 0.178 kurtosis 0.113 spec_cnn 0.080  (9s)
    JSR  -20.0 dB  BER 1.21e-03  P(det)@0.05 power_one_sided 0.229 power_two_sided 0.186 kurtosis 0.189 spec_cnn 0.066  (10s)
    JSR  -19.0 dB  BER 1.57e-03  P(det)@0.05 power_one_sided 0.285 power_two_sided 0.240 kurtosis 0.234 spec_cnn 0.068  (10s)
    JSR  -18.0 dB  BER 1.96e-03  P(det)@0.05 power_one_sided 0.387 power_two_sided 0.318 kurtosis 0.316 spec_cnn 0.066  (10s)
    JSR  -17.0 dB  BER 2.27e-03  P(det)@0.05 power_one_sided 0.418 power_two_sided 0.365 kurtosis 0.393 spec_cnn 0.078  (10s)
    JSR  -16.0 dB  BER 2.72e-03  P(det)@0.05 power_one_sided 0.580 power_two_sided 0.502 kurtosis 0.494 spec_cnn 0.113  (11s)
    JSR  -15.0 dB  BER 3.04e-03  P(det)@0.05 power_one_sided 0.625 power_two_sided 0.570 kurtosis 0.555 spec_cnn 0.109  (11s)
    JSR  -14.0 dB  BER 3.36e-03  P(det)@0.05 power_one_sided 0.756 power_two_sided 0.721 kurtosis 0.658 spec_cnn 0.111  (11s)
    JSR  -13.0 dB  BER 3.81e-03  P(det)@0.05 power_one_sided 0.795 power_two_sided 0.756 kurtosis 0.730 spec_cnn 0.178  (12s)
    JSR  -12.0 dB  BER 3.62e-03  P(det)@0.05 power_one_sided 0.932 power_two_sided 0.912 kurtosis 0.861 spec_cnn 0.217  (12s)
    JSR  -11.0 dB  BER 4.31e-03  P(det)@0.05 power_one_sided 0.947 power_two_sided 0.930 kurtosis 0.912 spec_cnn 0.188  (12s)
    JSR  -10.0 dB  BER 4.49e-03  P(det)@0.05 power_one_sided 0.982 power_two_sided 0.973 kurtosis 0.982 spec_cnn 0.275  (13s)
    JSR   -9.0 dB  BER 4.94e-03  P(det)@0.05 power_one_sided 0.998 power_two_sided 0.996 kurtosis 0.994 spec_cnn 0.355  (13s)
    JSR   -8.0 dB  BER 6.08e-03  P(det)@0.05 power_one_sided 0.998 power_two_sided 0.996 kurtosis 0.998 spec_cnn 0.461  (13s)
    JSR   -7.0 dB  BER 6.72e-03  P(det)@0.05 power_one_sided 1.000 power_two_sided 1.000 kurtosis 1.000 spec_cnn 0.576  (14s)
    JSR   -6.0 dB  BER 8.03e-03  P(det)@0.05 power_one_sided 1.000 power_two_sided 1.000 kurtosis 1.000 spec_cnn 0.742  (14s)
    JSR   -5.0 dB  BER 9.37e-03  P(det)@0.05 power_one_sided 1.000 power_two_sided 1.000 kurtosis 1.000 spec_cnn 0.828  (14s)
    JSR   -4.0 dB  BER 1.11e-02  P(det)@0.05 power_one_sided 1.000 power_two_sided 1.000 kurtosis 1.000 spec_cnn 0.938  (15s)
    JSR   -3.0 dB  BER 1.39e-02  P(det)@0.05 power_one_sided 1.000 power_two_sided 1.000 kurtosis 1.000 spec_cnn 0.967  (15s)
    JSR   -2.0 dB  BER 1.76e-02  P(det)@0.05 power_one_sided 1.000 power_two_sided 1.000 kurtosis 1.000 spec_cnn 0.996  (15s)
    JSR   -1.0 dB  BER 2.32e-02  P(det)@0.05 power_one_sided 1.000 power_two_sided 1.000 kurtosis 1.000 spec_cnn 0.998  (15s)
    JSR   +0.0 dB  BER 2.97e-02  P(det)@0.05 power_one_sided 1.000 power_two_sided 1.000 kurtosis 1.000 spec_cnn 1.000  (16s)
    JSR   +1.0 dB  BER 3.57e-02  P(det)@0.05 power_one_sided 1.000 power_two_sided 1.000 kurtosis 1.000 spec_cnn 1.000  (16s)
    JSR   +2.0 dB  BER 4.82e-02  P(det)@0.05 power_one_sided 1.000 power_two_sided 1.000 kurtosis 1.000 spec_cnn 1.000  (16s)
    JSR   +3.0 dB  BER 6.25e-02  P(det)@0.05 power_one_sided 1.000 power_two_sided 1.000 kurtosis 1.000 spec_cnn 1.000  (17s)
    JSR   +4.0 dB  BER 8.33e-02  P(det)@0.05 power_one_sided 1.000 power_two_sided 1.000 kurtosis 1.000 spec_cnn 1.000  (17s)
    JSR   +5.0 dB  BER 9.07e-02  P(det)@0.05 power_one_sided 1.000 power_two_sided 1.000 kurtosis 1.000 spec_cnn 1.000  (17s)
    JSR   +6.0 dB  BER 1.21e-01  P(det)@0.05 power_one_sided 1.000 power_two_sided 1.000 kurtosis 1.000 spec_cnn 1.000  (18s)
    JSR   +7.0 dB  BER 1.43e-01  P(det)@0.05 power_one_sided 1.000 power_two_sided 1.000 kurtosis 1.000 spec_cnn 1.000  (18s)
    JSR   +8.0 dB  BER 1.67e-01  P(det)@0.05 power_one_sided 1.000 power_two_sided 1.000 kurtosis 1.000 spec_cnn 1.000  (18s)
    JSR   +9.0 dB  BER 1.91e-01  P(det)@0.05 power_one_sided 1.000 power_two_sided 1.000 kurtosis 1.000 spec_cnn 1.000  (19s)
    JSR  +10.0 dB  BER 2.16e-01  P(det)@0.05 power_one_sided 1.000 power_two_sided 1.000 kurtosis 1.000 spec_cnn 1.000  (19s)
    JSR  +11.0 dB  BER 2.45e-01  P(det)@0.05 power_one_sided 1.000 power_two_sided 1.000 kurtosis 1.000 spec_cnn 1.000  (19s)
    JSR  +12.0 dB  BER 2.62e-01  P(det)@0.05 power_one_sided 1.000 power_two_sided 1.000 kurtosis 1.000 spec_cnn 1.000  (20s)
    JSR  +13.0 dB  BER 2.87e-01  P(det)@0.05 power_one_sided 1.000 power_two_sided 1.000 kurtosis 1.000 spec_cnn 1.000  (20s)
    JSR  +14.0 dB  BER 3.05e-01  P(det)@0.05 power_one_sided 1.000 power_two_sided 1.000 kurtosis 1.000 spec_cnn 1.000  (20s)
    JSR  +15.0 dB  BER 3.25e-01  P(det)@0.05 power_one_sided 1.000 power_two_sided 1.000 kurtosis 1.000 spec_cnn 1.000  (20s)
  [snr_10] spec_cnn_b10 confirmed: {"power_one_sided": {"0.01": {"index": 0, "sweep_ber": 0.0, "sweep_pdet": 0.01171875, "confirmed_ber": 0.0, "confirmed_ser": 0.0, "confirmed_pdet": 0.0087890625, "passed": true}, "0.05": {"index": 0, "sweep_ber": 0.0, "sweep_pdet": 0.04296875, "confirmed_ber": 0.0, "confirmed_ser": 0.0, "confirmed_pdet": 0.05322265625, "passed": true}}, "power_two_sided": {"0.01": {"index": 0, "sweep_ber": 0.0, "sweep_pdet": 0.005859375, "confirmed_ber": 0.0, "confirmed_ser": 0.0, "confirmed_pdet": 0.009033203125, "passed": true}, "0.05": {"index": 0, "sweep_ber": 0.0, "sweep_pdet": 0.048828125, "confirmed_ber": 0.0, "confirmed_ser": 0.0, "confirmed_pdet": 0.05126953125, "passed": true}}, "kurtosis": {"0.01": {"index": 26, "sweep_ber": 3.0517578125e-05, "sweep_pdet": 0.013671875, "confirmed_ber": 3.814697265625e-05, "confirmed_ser": 7.62939453125e-05, "confirmed_pdet": 0.01953125, "passed": false}, "0.05": {"index": 26, "sweep_ber": 3.0517578125e-05, "sweep_pdet": 0.048828125, "confirmed_ber": 4.76837158203125e-05, "confirmed_ser": 9.5367431640625e-05, "confirmed_pdet": 0.07080078125, "passed": false}}, "spec_cnn": {"0.01": {"index": 32, "sweep_ber": 0.00196075439453125, "sweep_pdet": 0.015625, "confirmed_ber": 0.0019006729125976562, "confirmed_ser": 0.0036067962646484375, "confirmed_pdet": 0.017333984375, "passed": false}, "0.05": {"index": 32, "sweep_ber": 0.00196075439453125, "sweep_pdet": 0.06640625, "confirmed_ber": 0.00199127197265625, "confirmed_ser": 0.0037746429443359375, "confirmed_pdet": 0.06591796875, "passed": false}}}  (917s)
  [snr_10] generator spec_cnn_b100 (scale 0.4022)
  JSR  -50.0 dB  BER 0.00e+00  P(det)@0.05 power_one_sided 0.059 power_two_sided 0.055 kurtosis 0.051 spec_cnn 0.064  (0s)
  JSR  -49.0 dB  BER 0.00e+00  P(det)@0.05 power_one_sided 0.047 power_two_sided 0.049 kurtosis 0.053 spec_cnn 0.053  (1s)
  JSR  -48.0 dB  BER 0.00e+00  P(det)@0.05 power_one_sided 0.045 power_two_sided 0.047 kurtosis 0.059 spec_cnn 0.053  (1s)
  JSR  -47.0 dB  BER 0.00e+00  P(det)@0.05 power_one_sided 0.066 power_two_sided 0.066 kurtosis 0.049 spec_cnn 0.053  (1s)
  JSR  -46.0 dB  BER 0.00e+00  P(det)@0.05 power_one_sided 0.068 power_two_sided 0.055 kurtosis 0.047 spec_cnn 0.035  (2s)
  JSR  -45.0 dB  BER 0.00e+00  P(det)@0.05 power_one_sided 0.059 power_two_sided 0.039 kurtosis 0.055 spec_cnn 0.041  (2s)
  JSR  -44.0 dB  BER 0.00e+00  P(det)@0.05 power_one_sided 0.043 power_two_sided 0.049 kurtosis 0.043 spec_cnn 0.055  (2s)
  JSR  -43.0 dB  BER 0.00e+00  P(det)@0.05 power_one_sided 0.055 power_two_sided 0.061 kurtosis 0.049 spec_cnn 0.049  (3s)
  JSR  -42.0 dB  BER 0.00e+00  P(det)@0.05 power_one_sided 0.074 power_two_sided 0.057 kurtosis 0.049 spec_cnn 0.045  (3s)
  JSR  -41.0 dB  BER 0.00e+00  P(det)@0.05 power_one_sided 0.066 power_two_sided 0.062 kurtosis 0.035 spec_cnn 0.047  (3s)
  JSR  -40.0 dB  BER 0.00e+00  P(det)@0.05 power_one_sided 0.055 power_two_sided 0.057 kurtosis 0.035 spec_cnn 0.031  (3s)
  JSR  -39.0 dB  BER 0.00e+00  P(det)@0.05 power_one_sided 0.059 power_two_sided 0.059 kurtosis 0.066 spec_cnn 0.045  (4s)
  JSR  -38.0 dB  BER 0.00e+00  P(det)@0.05 power_one_sided 0.045 power_two_sided 0.035 kurtosis 0.055 spec_cnn 0.045  (4s)
  JSR  -37.0 dB  BER 0.00e+00  P(det)@0.05 power_one_sided 0.068 power_two_sided 0.061 kurtosis 0.059 spec_cnn 0.074  (4s)
  JSR  -36.0 dB  BER 0.00e+00  P(det)@0.05 power_one_sided 0.061 power_two_sided 0.037 kurtosis 0.051 spec_cnn 0.043  (5s)
  JSR  -35.0 dB  BER 0.00e+00  P(det)@0.05 power_one_sided 0.049 power_two_sided 0.045 kurtosis 0.051 spec_cnn 0.051  (5s)
  JSR  -34.0 dB  BER 0.00e+00  P(det)@0.05 power_one_sided 0.037 power_two_sided 0.051 kurtosis 0.057 spec_cnn 0.037  (5s)
  JSR  -33.0 dB  BER 0.00e+00  P(det)@0.05 power_one_sided 0.057 power_two_sided 0.045 kurtosis 0.082 spec_cnn 0.037  (6s)
  JSR  -32.0 dB  BER 0.00e+00  P(det)@0.05 power_one_sided 0.045 power_two_sided 0.035 kurtosis 0.053 spec_cnn 0.062  (6s)
  JSR  -31.0 dB  BER 0.00e+00  P(det)@0.05 power_one_sided 0.033 power_two_sided 0.049 kurtosis 0.045 spec_cnn 0.064  (6s)
  JSR  -30.0 dB  BER 0.00e+00  P(det)@0.05 power_one_sided 0.039 power_two_sided 0.051 kurtosis 0.053 spec_cnn 0.043  (6s)
  JSR  -29.0 dB  BER 0.00e+00  P(det)@0.05 power_one_sided 0.070 power_two_sided 0.064 kurtosis 0.061 spec_cnn 0.053  (7s)
  JSR  -28.0 dB  BER 0.00e+00  P(det)@0.05 power_one_sided 0.070 power_two_sided 0.049 kurtosis 0.057 spec_cnn 0.055  (7s)
  JSR  -27.0 dB  BER 0.00e+00  P(det)@0.05 power_one_sided 0.070 power_two_sided 0.053 kurtosis 0.041 spec_cnn 0.059  (8s)
  JSR  -26.0 dB  BER 0.00e+00  P(det)@0.05 power_one_sided 0.068 power_two_sided 0.057 kurtosis 0.039 spec_cnn 0.057  (8s)
  JSR  -25.0 dB  BER 0.00e+00  P(det)@0.05 power_one_sided 0.084 power_two_sided 0.076 kurtosis 0.070 spec_cnn 0.053  (8s)
  JSR  -24.0 dB  BER 1.53e-05  P(det)@0.05 power_one_sided 0.107 power_two_sided 0.088 kurtosis 0.049 spec_cnn 0.055  (8s)
  JSR  -23.0 dB  BER 3.05e-05  P(det)@0.05 power_one_sided 0.113 power_two_sided 0.078 kurtosis 0.074 spec_cnn 0.053  (9s)
  JSR  -22.0 dB  BER 3.81e-05  P(det)@0.05 power_one_sided 0.131 power_two_sided 0.094 kurtosis 0.064 spec_cnn 0.072  (9s)
  JSR  -21.0 dB  BER 2.67e-04  P(det)@0.05 power_one_sided 0.199 power_two_sided 0.135 kurtosis 0.084 spec_cnn 0.082  (9s)
  JSR  -20.0 dB  BER 4.65e-04  P(det)@0.05 power_one_sided 0.256 power_two_sided 0.189 kurtosis 0.104 spec_cnn 0.092  (10s)
  JSR  -19.0 dB  BER 7.17e-04  P(det)@0.05 power_one_sided 0.312 power_two_sided 0.240 kurtosis 0.129 spec_cnn 0.092  (10s)
  JSR  -18.0 dB  BER 8.01e-04  P(det)@0.05 power_one_sided 0.418 power_two_sided 0.342 kurtosis 0.193 spec_cnn 0.123  (10s)
  JSR  -17.0 dB  BER 1.29e-03  P(det)@0.05 power_one_sided 0.465 power_two_sided 0.393 kurtosis 0.240 spec_cnn 0.141  (11s)
  JSR  -16.0 dB  BER 1.53e-03  P(det)@0.05 power_one_sided 0.639 power_two_sided 0.551 kurtosis 0.289 spec_cnn 0.166  (11s)
  JSR  -15.0 dB  BER 1.87e-03  P(det)@0.05 power_one_sided 0.713 power_two_sided 0.645 kurtosis 0.381 spec_cnn 0.211  (11s)
  JSR  -14.0 dB  BER 2.14e-03  P(det)@0.05 power_one_sided 0.805 power_two_sided 0.762 kurtosis 0.508 spec_cnn 0.289  (12s)
  JSR  -13.0 dB  BER 2.56e-03  P(det)@0.05 power_one_sided 0.883 power_two_sided 0.859 kurtosis 0.635 spec_cnn 0.393  (12s)
  JSR  -12.0 dB  BER 2.57e-03  P(det)@0.05 power_one_sided 0.955 power_two_sided 0.936 kurtosis 0.699 spec_cnn 0.490  (12s)
  JSR  -11.0 dB  BER 3.11e-03  P(det)@0.05 power_one_sided 0.988 power_two_sided 0.979 kurtosis 0.824 spec_cnn 0.568  (13s)
  JSR  -10.0 dB  BER 3.34e-03  P(det)@0.05 power_one_sided 0.996 power_two_sided 0.996 kurtosis 0.900 spec_cnn 0.711  (13s)
  JSR   -9.0 dB  BER 3.77e-03  P(det)@0.05 power_one_sided 1.000 power_two_sided 1.000 kurtosis 0.953 spec_cnn 0.818  (13s)
  JSR   -8.0 dB  BER 3.80e-03  P(det)@0.05 power_one_sided 1.000 power_two_sided 1.000 kurtosis 0.994 spec_cnn 0.924  (13s)
  JSR   -7.0 dB  BER 4.39e-03  P(det)@0.05 power_one_sided 1.000 power_two_sided 1.000 kurtosis 0.996 spec_cnn 0.951  (14s)
  JSR   -6.0 dB  BER 4.92e-03  P(det)@0.05 power_one_sided 1.000 power_two_sided 1.000 kurtosis 1.000 spec_cnn 0.988  (14s)
  JSR   -5.0 dB  BER 5.94e-03  P(det)@0.05 power_one_sided 1.000 power_two_sided 1.000 kurtosis 1.000 spec_cnn 0.992  (14s)
  JSR   -4.0 dB  BER 7.21e-03  P(det)@0.05 power_one_sided 1.000 power_two_sided 1.000 kurtosis 1.000 spec_cnn 1.000  (15s)
  JSR   -3.0 dB  BER 1.08e-02  P(det)@0.05 power_one_sided 1.000 power_two_sided 1.000 kurtosis 1.000 spec_cnn 1.000  (15s)
  JSR   -2.0 dB  BER 1.43e-02  P(det)@0.05 power_one_sided 1.000 power_two_sided 1.000 kurtosis 1.000 spec_cnn 1.000  (15s)
  JSR   -1.0 dB  BER 2.17e-02  P(det)@0.05 power_one_sided 1.000 power_two_sided 1.000 kurtosis 1.000 spec_cnn 1.000  (16s)
  JSR   +0.0 dB  BER 3.08e-02  P(det)@0.05 power_one_sided 1.000 power_two_sided 1.000 kurtosis 1.000 spec_cnn 1.000  (16s)
  JSR   +1.0 dB  BER 4.25e-02  P(det)@0.05 power_one_sided 1.000 power_two_sided 1.000 kurtosis 1.000 spec_cnn 1.000  (16s)
  JSR   +2.0 dB  BER 5.58e-02  P(det)@0.05 power_one_sided 1.000 power_two_sided 1.000 kurtosis 1.000 spec_cnn 1.000  (17s)
  JSR   +3.0 dB  BER 7.31e-02  P(det)@0.05 power_one_sided 1.000 power_two_sided 1.000 kurtosis 1.000 spec_cnn 1.000  (17s)
  JSR   +4.0 dB  BER 9.65e-02  P(det)@0.05 power_one_sided 1.000 power_two_sided 1.000 kurtosis 1.000 spec_cnn 1.000  (17s)
  JSR   +5.0 dB  BER 1.17e-01  P(det)@0.05 power_one_sided 1.000 power_two_sided 1.000 kurtosis 1.000 spec_cnn 1.000  (18s)
  JSR   +6.0 dB  BER 1.39e-01  P(det)@0.05 power_one_sided 1.000 power_two_sided 1.000 kurtosis 1.000 spec_cnn 1.000  (18s)
  JSR   +7.0 dB  BER 1.65e-01  P(det)@0.05 power_one_sided 1.000 power_two_sided 1.000 kurtosis 1.000 spec_cnn 1.000  (18s)
  JSR   +8.0 dB  BER 1.91e-01  P(det)@0.05 power_one_sided 1.000 power_two_sided 1.000 kurtosis 1.000 spec_cnn 1.000  (18s)
  JSR   +9.0 dB  BER 2.18e-01  P(det)@0.05 power_one_sided 1.000 power_two_sided 1.000 kurtosis 1.000 spec_cnn 1.000  (19s)
  JSR  +10.0 dB  BER 2.37e-01  P(det)@0.05 power_one_sided 1.000 power_two_sided 1.000 kurtosis 1.000 spec_cnn 1.000  (19s)
  JSR  +11.0 dB  BER 2.62e-01  P(det)@0.05 power_one_sided 1.000 power_two_sided 1.000 kurtosis 1.000 spec_cnn 1.000  (19s)
  JSR  +12.0 dB  BER 2.85e-01  P(det)@0.05 power_one_sided 1.000 power_two_sided 1.000 kurtosis 1.000 spec_cnn 1.000  (20s)
  JSR  +13.0 dB  BER 3.03e-01  P(det)@0.05 power_one_sided 1.000 power_two_sided 1.000 kurtosis 1.000 spec_cnn 1.000  (20s)
  JSR  +14.0 dB  BER 3.25e-01  P(det)@0.05 power_one_sided 1.000 power_two_sided 1.000 kurtosis 1.000 spec_cnn 1.000  (20s)
  JSR  +15.0 dB  BER 3.42e-01  P(det)@0.05 power_one_sided 1.000 power_two_sided 1.000 kurtosis 1.000 spec_cnn 1.000  (21s)
  [snr_10] spec_cnn_b100 confirmed: {"power_one_sided": {"0.01": {"index": 0, "sweep_ber": 0.0, "sweep_pdet": 0.01171875, "confirmed_ber": 0.0, "confirmed_ser": 0.0, "confirmed_pdet": 0.01025390625, "passed": true}, "0.05": {"index": 0, "sweep_ber": 0.0, "sweep_pdet": 0.05859375, "confirmed_ber": 0.0, "confirmed_ser": 0.0, "confirmed_pdet": 0.04931640625, "passed": true}}, "power_two_sided": {"0.01": {"index": 27, "sweep_ber": 3.0517578125e-05, "sweep_pdet": 0.017578125, "confirmed_ber": 2.384185791015625e-05, "confirmed_ser": 4.76837158203125e-05, "confirmed_pdet": 0.03125, "passed": false}, "0.05": {"index": 0, "sweep_ber": 0.0, "sweep_pdet": 0.0546875, "confirmed_ber": 0.0, "confirmed_ser": 0.0, "confirmed_pdet": 0.055419921875, "passed": true}}, "kurtosis": {"0.01": {"index": 29, "sweep_ber": 0.00026702880859375, "sweep_pdet": 0.015625, "confirmed_ber": 0.00023555755615234375, "confirmed_ser": 0.0004711151123046875, "confirmed_pdet": 0.028076171875, "passed": false}, "0.05": {"index": 28, "sweep_ber": 3.814697265625e-05, "sweep_pdet": 0.064453125, "confirmed_ber": 8.392333984375e-05, "confirmed_ser": 0.0001678466796875, "confirmed_pdet": 0.070556640625, "passed": false}}, "spec_cnn": {"0.01": {"index": 31, "sweep_ber": 0.0007171630859375, "sweep_pdet": 0.017578125, "confirmed_ber": 0.000659942626953125, "confirmed_ser": 0.0013065338134765625, "confirmed_pdet": 0.02294921875, "passed": false}, "0.05": {"index": 27, "sweep_ber": 3.0517578125e-05, "sweep_pdet": 0.052734375, "confirmed_ber": 2.86102294921875e-05, "confirmed_ser": 5.7220458984375e-05, "confirmed_pdet": 0.06591796875, "passed": false}}}  (958s)
  [snr_10] generator spec_cnn_b1000 (scale 0.4022)
  JSR  -50.0 dB  BER 0.00e+00  P(det)@0.05 power_one_sided 0.049 power_two_sided 0.051 kurtosis 0.033 spec_cnn 0.037  (0s)
  JSR  -49.0 dB  BER 0.00e+00  P(det)@0.05 power_one_sided 0.064 power_two_sided 0.041 kurtosis 0.045 spec_cnn 0.041  (0s)
  JSR  -48.0 dB  BER 0.00e+00  P(det)@0.05 power_one_sided 0.057 power_two_sided 0.041 kurtosis 0.051 spec_cnn 0.043  (1s)
  JSR  -47.0 dB  BER 0.00e+00  P(det)@0.05 power_one_sided 0.043 power_two_sided 0.045 kurtosis 0.041 spec_cnn 0.041  (1s)
  JSR  -46.0 dB  BER 0.00e+00  P(det)@0.05 power_one_sided 0.053 power_two_sided 0.053 kurtosis 0.070 spec_cnn 0.039  (2s)
  JSR  -45.0 dB  BER 0.00e+00  P(det)@0.05 power_one_sided 0.041 power_two_sided 0.035 kurtosis 0.053 spec_cnn 0.062  (2s)
  JSR  -44.0 dB  BER 0.00e+00  P(det)@0.05 power_one_sided 0.057 power_two_sided 0.051 kurtosis 0.051 spec_cnn 0.049  (2s)
  JSR  -43.0 dB  BER 0.00e+00  P(det)@0.05 power_one_sided 0.062 power_two_sided 0.055 kurtosis 0.049 spec_cnn 0.039  (3s)
  JSR  -42.0 dB  BER 0.00e+00  P(det)@0.05 power_one_sided 0.049 power_two_sided 0.051 kurtosis 0.047 spec_cnn 0.062  (3s)
  JSR  -41.0 dB  BER 0.00e+00  P(det)@0.05 power_one_sided 0.039 power_two_sided 0.064 kurtosis 0.043 spec_cnn 0.057  (3s)
  JSR  -40.0 dB  BER 0.00e+00  P(det)@0.05 power_one_sided 0.049 power_two_sided 0.053 kurtosis 0.053 spec_cnn 0.062  (3s)
  JSR  -39.0 dB  BER 0.00e+00  P(det)@0.05 power_one_sided 0.041 power_two_sided 0.039 kurtosis 0.057 spec_cnn 0.053  (4s)
  JSR  -38.0 dB  BER 0.00e+00  P(det)@0.05 power_one_sided 0.041 power_two_sided 0.039 kurtosis 0.076 spec_cnn 0.043  (4s)
  JSR  -37.0 dB  BER 0.00e+00  P(det)@0.05 power_one_sided 0.068 power_two_sided 0.062 kurtosis 0.049 spec_cnn 0.049  (4s)
  JSR  -36.0 dB  BER 0.00e+00  P(det)@0.05 power_one_sided 0.055 power_two_sided 0.062 kurtosis 0.041 spec_cnn 0.051  (5s)
  JSR  -35.0 dB  BER 0.00e+00  P(det)@0.05 power_one_sided 0.072 power_two_sided 0.066 kurtosis 0.051 spec_cnn 0.041  (5s)
  JSR  -34.0 dB  BER 0.00e+00  P(det)@0.05 power_one_sided 0.049 power_two_sided 0.053 kurtosis 0.059 spec_cnn 0.043  (5s)
  JSR  -33.0 dB  BER 0.00e+00  P(det)@0.05 power_one_sided 0.088 power_two_sided 0.074 kurtosis 0.061 spec_cnn 0.057  (6s)
  JSR  -32.0 dB  BER 0.00e+00  P(det)@0.05 power_one_sided 0.057 power_two_sided 0.051 kurtosis 0.047 spec_cnn 0.041  (6s)
  JSR  -31.0 dB  BER 0.00e+00  P(det)@0.05 power_one_sided 0.045 power_two_sided 0.057 kurtosis 0.053 spec_cnn 0.049  (6s)
  JSR  -30.0 dB  BER 0.00e+00  P(det)@0.05 power_one_sided 0.068 power_two_sided 0.066 kurtosis 0.057 spec_cnn 0.021  (6s)
  JSR  -29.0 dB  BER 0.00e+00  P(det)@0.05 power_one_sided 0.076 power_two_sided 0.076 kurtosis 0.039 spec_cnn 0.059  (7s)
  JSR  -28.0 dB  BER 0.00e+00  P(det)@0.05 power_one_sided 0.074 power_two_sided 0.059 kurtosis 0.057 spec_cnn 0.068  (7s)
  JSR  -27.0 dB  BER 0.00e+00  P(det)@0.05 power_one_sided 0.072 power_two_sided 0.061 kurtosis 0.066 spec_cnn 0.072  (7s)
  JSR  -26.0 dB  BER 0.00e+00  P(det)@0.05 power_one_sided 0.098 power_two_sided 0.070 kurtosis 0.045 spec_cnn 0.043  (8s)
  JSR  -25.0 dB  BER 0.00e+00  P(det)@0.05 power_one_sided 0.094 power_two_sided 0.072 kurtosis 0.062 spec_cnn 0.061  (8s)
  JSR  -24.0 dB  BER 0.00e+00  P(det)@0.05 power_one_sided 0.125 power_two_sided 0.092 kurtosis 0.043 spec_cnn 0.080  (8s)
  JSR  -23.0 dB  BER 0.00e+00  P(det)@0.05 power_one_sided 0.150 power_two_sided 0.107 kurtosis 0.049 spec_cnn 0.057  (9s)
  JSR  -22.0 dB  BER 0.00e+00  P(det)@0.05 power_one_sided 0.186 power_two_sided 0.123 kurtosis 0.062 spec_cnn 0.064  (9s)
  JSR  -21.0 dB  BER 7.63e-06  P(det)@0.05 power_one_sided 0.238 power_two_sided 0.162 kurtosis 0.059 spec_cnn 0.096  (9s)
  JSR  -20.0 dB  BER 6.10e-05  P(det)@0.05 power_one_sided 0.270 power_two_sided 0.221 kurtosis 0.068 spec_cnn 0.145  (10s)
  JSR  -19.0 dB  BER 1.30e-04  P(det)@0.05 power_one_sided 0.361 power_two_sided 0.279 kurtosis 0.104 spec_cnn 0.102  (10s)
  JSR  -18.0 dB  BER 3.05e-04  P(det)@0.05 power_one_sided 0.475 power_two_sided 0.385 kurtosis 0.100 spec_cnn 0.123  (10s)
  JSR  -17.0 dB  BER 4.20e-04  P(det)@0.05 power_one_sided 0.611 power_two_sided 0.520 kurtosis 0.109 spec_cnn 0.139  (11s)
  JSR  -16.0 dB  BER 6.64e-04  P(det)@0.05 power_one_sided 0.688 power_two_sided 0.613 kurtosis 0.135 spec_cnn 0.201  (11s)
  JSR  -15.0 dB  BER 8.62e-04  P(det)@0.05 power_one_sided 0.818 power_two_sided 0.768 kurtosis 0.197 spec_cnn 0.277  (11s)
  JSR  -14.0 dB  BER 1.05e-03  P(det)@0.05 power_one_sided 0.898 power_two_sided 0.863 kurtosis 0.264 spec_cnn 0.271  (12s)
  JSR  -13.0 dB  BER 1.33e-03  P(det)@0.05 power_one_sided 0.959 power_two_sided 0.939 kurtosis 0.408 spec_cnn 0.396  (12s)
  JSR  -12.0 dB  BER 1.79e-03  P(det)@0.05 power_one_sided 0.986 power_two_sided 0.986 kurtosis 0.516 spec_cnn 0.518  (12s)
  JSR  -11.0 dB  BER 2.01e-03  P(det)@0.05 power_one_sided 0.998 power_two_sided 0.996 kurtosis 0.732 spec_cnn 0.607  (12s)
  JSR  -10.0 dB  BER 2.40e-03  P(det)@0.05 power_one_sided 1.000 power_two_sided 1.000 kurtosis 0.838 spec_cnn 0.742  (13s)
  JSR   -9.0 dB  BER 2.78e-03  P(det)@0.05 power_one_sided 1.000 power_two_sided 1.000 kurtosis 0.922 spec_cnn 0.902  (13s)
  JSR   -8.0 dB  BER 3.49e-03  P(det)@0.05 power_one_sided 1.000 power_two_sided 1.000 kurtosis 0.982 spec_cnn 0.953  (13s)
  JSR   -7.0 dB  BER 4.24e-03  P(det)@0.05 power_one_sided 1.000 power_two_sided 1.000 kurtosis 0.998 spec_cnn 0.992  (14s)
  JSR   -6.0 dB  BER 5.55e-03  P(det)@0.05 power_one_sided 1.000 power_two_sided 1.000 kurtosis 1.000 spec_cnn 0.992  (14s)
  JSR   -5.0 dB  BER 7.84e-03  P(det)@0.05 power_one_sided 1.000 power_two_sided 1.000 kurtosis 1.000 spec_cnn 0.998  (14s)
  JSR   -4.0 dB  BER 1.05e-02  P(det)@0.05 power_one_sided 1.000 power_two_sided 1.000 kurtosis 1.000 spec_cnn 1.000  (15s)
  JSR   -3.0 dB  BER 1.58e-02  P(det)@0.05 power_one_sided 1.000 power_two_sided 1.000 kurtosis 1.000 spec_cnn 1.000  (15s)
  JSR   -2.0 dB  BER 2.19e-02  P(det)@0.05 power_one_sided 1.000 power_two_sided 1.000 kurtosis 1.000 spec_cnn 1.000  (15s)
  JSR   -1.0 dB  BER 2.99e-02  P(det)@0.05 power_one_sided 1.000 power_two_sided 1.000 kurtosis 1.000 spec_cnn 1.000  (15s)
  JSR   +0.0 dB  BER 4.42e-02  P(det)@0.05 power_one_sided 1.000 power_two_sided 1.000 kurtosis 1.000 spec_cnn 1.000  (16s)
  JSR   +1.0 dB  BER 5.74e-02  P(det)@0.05 power_one_sided 1.000 power_two_sided 1.000 kurtosis 1.000 spec_cnn 1.000  (16s)
  JSR   +2.0 dB  BER 7.64e-02  P(det)@0.05 power_one_sided 1.000 power_two_sided 1.000 kurtosis 1.000 spec_cnn 1.000  (16s)
  JSR   +3.0 dB  BER 9.76e-02  P(det)@0.05 power_one_sided 1.000 power_two_sided 1.000 kurtosis 1.000 spec_cnn 1.000  (17s)
  JSR   +4.0 dB  BER 1.21e-01  P(det)@0.05 power_one_sided 1.000 power_two_sided 1.000 kurtosis 1.000 spec_cnn 1.000  (17s)
  JSR   +5.0 dB  BER 1.46e-01  P(det)@0.05 power_one_sided 1.000 power_two_sided 1.000 kurtosis 1.000 spec_cnn 1.000  (17s)
  JSR   +6.0 dB  BER 1.71e-01  P(det)@0.05 power_one_sided 1.000 power_two_sided 1.000 kurtosis 1.000 spec_cnn 1.000  (18s)
  JSR   +7.0 dB  BER 1.97e-01  P(det)@0.05 power_one_sided 1.000 power_two_sided 1.000 kurtosis 1.000 spec_cnn 1.000  (18s)
  JSR   +8.0 dB  BER 2.23e-01  P(det)@0.05 power_one_sided 1.000 power_two_sided 1.000 kurtosis 1.000 spec_cnn 1.000  (18s)
  JSR   +9.0 dB  BER 2.45e-01  P(det)@0.05 power_one_sided 1.000 power_two_sided 1.000 kurtosis 1.000 spec_cnn 1.000  (19s)
  JSR  +10.0 dB  BER 2.68e-01  P(det)@0.05 power_one_sided 1.000 power_two_sided 1.000 kurtosis 1.000 spec_cnn 1.000  (19s)
  JSR  +11.0 dB  BER 2.80e-01  P(det)@0.05 power_one_sided 1.000 power_two_sided 1.000 kurtosis 1.000 spec_cnn 1.000  (19s)
  JSR  +12.0 dB  BER 3.10e-01  P(det)@0.05 power_one_sided 1.000 power_two_sided 1.000 kurtosis 1.000 spec_cnn 1.000  (20s)
  JSR  +13.0 dB  BER 3.33e-01  P(det)@0.05 power_one_sided 1.000 power_two_sided 1.000 kurtosis 1.000 spec_cnn 1.000  (20s)
  JSR  +14.0 dB  BER 3.49e-01  P(det)@0.05 power_one_sided 1.000 power_two_sided 1.000 kurtosis 1.000 spec_cnn 1.000  (20s)
  JSR  +15.0 dB  BER 3.62e-01  P(det)@0.05 power_one_sided 1.000 power_two_sided 1.000 kurtosis 1.000 spec_cnn 1.000  (21s)
  [snr_10] spec_cnn_b1000 confirmed: {"power_one_sided": {"0.01": {"index": 0, "sweep_ber": 0.0, "sweep_pdet": 0.005859375, "confirmed_ber": 0.0, "confirmed_ser": 0.0, "confirmed_pdet": 0.008056640625, "passed": true}, "0.05": {"index": 0, "sweep_ber": 0.0, "sweep_pdet": 0.048828125, "confirmed_ber": 0.0, "confirmed_ser": 0.0, "confirmed_pdet": 0.058837890625, "passed": false}}, "power_two_sided": {"0.01": {"index": 0, "sweep_ber": 0.0, "sweep_pdet": 0.005859375, "confirmed_ber": 0.0, "confirmed_ser": 0.0, "confirmed_pdet": 0.009765625, "passed": true}, "0.05": {"index": 0, "sweep_ber": 0.0, "sweep_pdet": 0.05078125, "confirmed_ber": 0.0, "confirmed_ser": 0.0, "confirmed_pdet": 0.050537109375, "passed": true}}, "kurtosis": {"0.01": {"index": 30, "sweep_ber": 6.103515625e-05, "sweep_pdet": 0.015625, "confirmed_ber": 4.57763671875e-05, "confirmed_ser": 9.1552734375e-05, "confirmed_pdet": 0.01953125, "passed": false}, "0.05": {"index": 30, "sweep_ber": 6.103515625e-05, "sweep_pdet": 0.068359375, "confirmed_ber": 4.482269287109375e-05, "confirmed_ser": 8.96453857421875e-05, "confirmed_pdet": 0.064208984375, "passed": false}}, "spec_cnn": {"0.01": {"index": 29, "sweep_ber": 7.62939453125e-06, "sweep_pdet": 0.017578125, "confirmed_ber": 7.62939453125e-06, "confirmed_ser": 1.52587890625e-05, "confirmed_pdet": 0.02099609375, "passed": false}, "0.05": {"index": 0, "sweep_ber": 0.0, "sweep_pdet": 0.037109375, "confirmed_ber": 0.0, "confirmed_ser": 0.0, "confirmed_pdet": 0.05419921875, "passed": true}}}  (999s)
  [snr_10] generator spec_cnn_b10000 (scale 0.4022)
  JSR  -50.0 dB  BER 0.00e+00  P(det)@0.05 power_one_sided 0.039 power_two_sided 0.037 kurtosis 0.045 spec_cnn 0.039  (0s)
  JSR  -49.0 dB  BER 0.00e+00  P(det)@0.05 power_one_sided 0.037 power_two_sided 0.047 kurtosis 0.053 spec_cnn 0.055  (1s)
  JSR  -48.0 dB  BER 0.00e+00  P(det)@0.05 power_one_sided 0.066 power_two_sided 0.066 kurtosis 0.057 spec_cnn 0.047  (1s)
  JSR  -47.0 dB  BER 0.00e+00  P(det)@0.05 power_one_sided 0.047 power_two_sided 0.039 kurtosis 0.051 spec_cnn 0.049  (1s)
  JSR  -46.0 dB  BER 0.00e+00  P(det)@0.05 power_one_sided 0.088 power_two_sided 0.061 kurtosis 0.045 spec_cnn 0.053  (2s)
  JSR  -45.0 dB  BER 0.00e+00  P(det)@0.05 power_one_sided 0.055 power_two_sided 0.047 kurtosis 0.049 spec_cnn 0.047  (2s)
  JSR  -44.0 dB  BER 0.00e+00  P(det)@0.05 power_one_sided 0.047 power_two_sided 0.039 kurtosis 0.055 spec_cnn 0.037  (2s)
  JSR  -43.0 dB  BER 0.00e+00  P(det)@0.05 power_one_sided 0.045 power_two_sided 0.047 kurtosis 0.055 spec_cnn 0.064  (3s)
  JSR  -42.0 dB  BER 0.00e+00  P(det)@0.05 power_one_sided 0.062 power_two_sided 0.051 kurtosis 0.051 spec_cnn 0.041  (3s)
  JSR  -41.0 dB  BER 0.00e+00  P(det)@0.05 power_one_sided 0.057 power_two_sided 0.066 kurtosis 0.049 spec_cnn 0.045  (3s)
  JSR  -40.0 dB  BER 0.00e+00  P(det)@0.05 power_one_sided 0.039 power_two_sided 0.053 kurtosis 0.061 spec_cnn 0.043  (4s)
  JSR  -39.0 dB  BER 0.00e+00  P(det)@0.05 power_one_sided 0.043 power_two_sided 0.049 kurtosis 0.053 spec_cnn 0.039  (4s)
  JSR  -38.0 dB  BER 0.00e+00  P(det)@0.05 power_one_sided 0.047 power_two_sided 0.051 kurtosis 0.062 spec_cnn 0.053  (4s)
  JSR  -37.0 dB  BER 0.00e+00  P(det)@0.05 power_one_sided 0.053 power_two_sided 0.053 kurtosis 0.061 spec_cnn 0.035  (4s)
  JSR  -36.0 dB  BER 0.00e+00  P(det)@0.05 power_one_sided 0.059 power_two_sided 0.059 kurtosis 0.055 spec_cnn 0.037  (5s)
  JSR  -35.0 dB  BER 0.00e+00  P(det)@0.05 power_one_sided 0.055 power_two_sided 0.045 kurtosis 0.035 spec_cnn 0.051  (5s)
  JSR  -34.0 dB  BER 0.00e+00  P(det)@0.05 power_one_sided 0.068 power_two_sided 0.061 kurtosis 0.033 spec_cnn 0.047  (5s)
  JSR  -33.0 dB  BER 0.00e+00  P(det)@0.05 power_one_sided 0.043 power_two_sided 0.047 kurtosis 0.053 spec_cnn 0.047  (6s)
  JSR  -32.0 dB  BER 0.00e+00  P(det)@0.05 power_one_sided 0.049 power_two_sided 0.041 kurtosis 0.062 spec_cnn 0.041  (6s)
  JSR  -31.0 dB  BER 0.00e+00  P(det)@0.05 power_one_sided 0.082 power_two_sided 0.057 kurtosis 0.061 spec_cnn 0.045  (6s)
  JSR  -30.0 dB  BER 0.00e+00  P(det)@0.05 power_one_sided 0.064 power_two_sided 0.051 kurtosis 0.070 spec_cnn 0.078  (7s)
  JSR  -29.0 dB  BER 0.00e+00  P(det)@0.05 power_one_sided 0.078 power_two_sided 0.062 kurtosis 0.057 spec_cnn 0.066  (7s)
  JSR  -28.0 dB  BER 0.00e+00  P(det)@0.05 power_one_sided 0.072 power_two_sided 0.049 kurtosis 0.045 spec_cnn 0.053  (7s)
  JSR  -27.0 dB  BER 0.00e+00  P(det)@0.05 power_one_sided 0.061 power_two_sided 0.061 kurtosis 0.041 spec_cnn 0.045  (8s)
  JSR  -26.0 dB  BER 0.00e+00  P(det)@0.05 power_one_sided 0.100 power_two_sided 0.082 kurtosis 0.055 spec_cnn 0.062  (8s)
  JSR  -25.0 dB  BER 0.00e+00  P(det)@0.05 power_one_sided 0.094 power_two_sided 0.066 kurtosis 0.055 spec_cnn 0.043  (8s)
  JSR  -24.0 dB  BER 0.00e+00  P(det)@0.05 power_one_sided 0.117 power_two_sided 0.092 kurtosis 0.049 spec_cnn 0.057  (8s)
  JSR  -23.0 dB  BER 0.00e+00  P(det)@0.05 power_one_sided 0.121 power_two_sided 0.090 kurtosis 0.061 spec_cnn 0.084  (9s)
  JSR  -22.0 dB  BER 0.00e+00  P(det)@0.05 power_one_sided 0.199 power_two_sided 0.131 kurtosis 0.049 spec_cnn 0.076  (9s)
  JSR  -21.0 dB  BER 0.00e+00  P(det)@0.05 power_one_sided 0.182 power_two_sided 0.137 kurtosis 0.096 spec_cnn 0.084  (9s)
  JSR  -20.0 dB  BER 7.63e-06  P(det)@0.05 power_one_sided 0.266 power_two_sided 0.201 kurtosis 0.062 spec_cnn 0.086  (10s)
  JSR  -19.0 dB  BER 1.53e-05  P(det)@0.05 power_one_sided 0.359 power_two_sided 0.283 kurtosis 0.076 spec_cnn 0.074  (10s)
  JSR  -18.0 dB  BER 1.53e-05  P(det)@0.05 power_one_sided 0.422 power_two_sided 0.344 kurtosis 0.094 spec_cnn 0.076  (10s)
  JSR  -17.0 dB  BER 6.87e-05  P(det)@0.05 power_one_sided 0.580 power_two_sided 0.496 kurtosis 0.090 spec_cnn 0.113  (11s)
  JSR  -16.0 dB  BER 1.53e-04  P(det)@0.05 power_one_sided 0.707 power_two_sided 0.648 kurtosis 0.104 spec_cnn 0.102  (11s)
  JSR  -15.0 dB  BER 3.43e-04  P(det)@0.05 power_one_sided 0.811 power_two_sided 0.760 kurtosis 0.158 spec_cnn 0.139  (11s)
  JSR  -14.0 dB  BER 6.48e-04  P(det)@0.05 power_one_sided 0.869 power_two_sided 0.814 kurtosis 0.238 spec_cnn 0.135  (12s)
  JSR  -13.0 dB  BER 8.62e-04  P(det)@0.05 power_one_sided 0.928 power_two_sided 0.908 kurtosis 0.299 spec_cnn 0.201  (12s)
  JSR  -12.0 dB  BER 1.36e-03  P(det)@0.05 power_one_sided 0.979 power_two_sided 0.975 kurtosis 0.459 spec_cnn 0.262  (12s)
  JSR  -11.0 dB  BER 1.40e-03  P(det)@0.05 power_one_sided 0.998 power_two_sided 0.996 kurtosis 0.588 spec_cnn 0.232  (12s)
  JSR  -10.0 dB  BER 1.95e-03  P(det)@0.05 power_one_sided 1.000 power_two_sided 0.998 kurtosis 0.752 spec_cnn 0.307  (13s)
  JSR   -9.0 dB  BER 2.20e-03  P(det)@0.05 power_one_sided 1.000 power_two_sided 1.000 kurtosis 0.869 spec_cnn 0.422  (13s)
  JSR   -8.0 dB  BER 3.13e-03  P(det)@0.05 power_one_sided 1.000 power_two_sided 1.000 kurtosis 0.930 spec_cnn 0.510  (13s)
  JSR   -7.0 dB  BER 4.26e-03  P(det)@0.05 power_one_sided 1.000 power_two_sided 1.000 kurtosis 0.988 spec_cnn 0.648  (14s)
  JSR   -6.0 dB  BER 5.88e-03  P(det)@0.05 power_one_sided 1.000 power_two_sided 1.000 kurtosis 0.996 spec_cnn 0.723  (14s)
  JSR   -5.0 dB  BER 9.93e-03  P(det)@0.05 power_one_sided 1.000 power_two_sided 1.000 kurtosis 0.998 spec_cnn 0.795  (14s)
  JSR   -4.0 dB  BER 1.62e-02  P(det)@0.05 power_one_sided 1.000 power_two_sided 1.000 kurtosis 1.000 spec_cnn 0.896  (15s)
  JSR   -3.0 dB  BER 2.53e-02  P(det)@0.05 power_one_sided 1.000 power_two_sided 1.000 kurtosis 1.000 spec_cnn 0.951  (15s)
  JSR   -2.0 dB  BER 3.78e-02  P(det)@0.05 power_one_sided 1.000 power_two_sided 1.000 kurtosis 1.000 spec_cnn 0.986  (15s)
  JSR   -1.0 dB  BER 5.83e-02  P(det)@0.05 power_one_sided 1.000 power_two_sided 1.000 kurtosis 1.000 spec_cnn 0.994  (16s)
  JSR   +0.0 dB  BER 8.01e-02  P(det)@0.05 power_one_sided 1.000 power_two_sided 1.000 kurtosis 1.000 spec_cnn 1.000  (16s)
  JSR   +1.0 dB  BER 1.01e-01  P(det)@0.05 power_one_sided 1.000 power_two_sided 1.000 kurtosis 1.000 spec_cnn 1.000  (16s)
  JSR   +2.0 dB  BER 1.27e-01  P(det)@0.05 power_one_sided 1.000 power_two_sided 1.000 kurtosis 1.000 spec_cnn 1.000  (16s)
  JSR   +3.0 dB  BER 1.54e-01  P(det)@0.05 power_one_sided 1.000 power_two_sided 1.000 kurtosis 1.000 spec_cnn 1.000  (17s)
  JSR   +4.0 dB  BER 1.78e-01  P(det)@0.05 power_one_sided 1.000 power_two_sided 1.000 kurtosis 1.000 spec_cnn 1.000  (17s)
  JSR   +5.0 dB  BER 2.06e-01  P(det)@0.05 power_one_sided 1.000 power_two_sided 1.000 kurtosis 1.000 spec_cnn 1.000  (17s)
  JSR   +6.0 dB  BER 2.28e-01  P(det)@0.05 power_one_sided 1.000 power_two_sided 1.000 kurtosis 1.000 spec_cnn 1.000  (18s)
  JSR   +7.0 dB  BER 2.50e-01  P(det)@0.05 power_one_sided 1.000 power_two_sided 1.000 kurtosis 1.000 spec_cnn 1.000  (18s)
  JSR   +8.0 dB  BER 2.79e-01  P(det)@0.05 power_one_sided 1.000 power_two_sided 1.000 kurtosis 1.000 spec_cnn 1.000  (18s)
  JSR   +9.0 dB  BER 2.93e-01  P(det)@0.05 power_one_sided 1.000 power_two_sided 1.000 kurtosis 1.000 spec_cnn 1.000  (19s)
  JSR  +10.0 dB  BER 3.15e-01  P(det)@0.05 power_one_sided 1.000 power_two_sided 1.000 kurtosis 1.000 spec_cnn 1.000  (19s)
  JSR  +11.0 dB  BER 3.34e-01  P(det)@0.05 power_one_sided 1.000 power_two_sided 1.000 kurtosis 1.000 spec_cnn 1.000  (19s)
  JSR  +12.0 dB  BER 3.50e-01  P(det)@0.05 power_one_sided 1.000 power_two_sided 1.000 kurtosis 1.000 spec_cnn 1.000  (20s)
  JSR  +13.0 dB  BER 3.66e-01  P(det)@0.05 power_one_sided 1.000 power_two_sided 1.000 kurtosis 1.000 spec_cnn 1.000  (20s)
  JSR  +14.0 dB  BER 3.78e-01  P(det)@0.05 power_one_sided 1.000 power_two_sided 1.000 kurtosis 1.000 spec_cnn 1.000  (20s)
  JSR  +15.0 dB  BER 3.90e-01  P(det)@0.05 power_one_sided 1.000 power_two_sided 1.000 kurtosis 1.000 spec_cnn 1.000  (20s)
  [snr_10] spec_cnn_b10000 confirmed: {"power_one_sided": {"0.01": {"index": 0, "sweep_ber": 0.0, "sweep_pdet": 0.00390625, "confirmed_ber": 0.0, "confirmed_ser": 0.0, "confirmed_pdet": 0.0126953125, "passed": true}, "0.05": {"index": 0, "sweep_ber": 0.0, "sweep_pdet": 0.0390625, "confirmed_ber": 0.0, "confirmed_ser": 0.0, "confirmed_pdet": 0.05517578125, "passed": true}}, "power_two_sided": {"0.01": {"index": 0, "sweep_ber": 0.0, "sweep_pdet": 0.0078125, "confirmed_ber": 0.0, "confirmed_ser": 0.0, "confirmed_pdet": 0.010009765625, "passed": true}, "0.05": {"index": 0, "sweep_ber": 0.0, "sweep_pdet": 0.037109375, "confirmed_ber": 0.0, "confirmed_ser": 0.0, "confirmed_pdet": 0.05712890625, "passed": false}}, "kurtosis": {"0.01": {"index": 31, "sweep_ber": 1.52587890625e-05, "sweep_pdet": 0.01171875, "confirmed_ber": 1.9073486328125e-06, "confirmed_ser": 3.814697265625e-06, "confirmed_pdet": 0.020263671875, "passed": false}, "0.05": {"index": 30, "sweep_ber": 7.62939453125e-06, "sweep_pdet": 0.0625, "confirmed_ber": 1.9073486328125e-06, "confirmed_ser": 3.814697265625e-06, "confirmed_pdet": 0.06494140625, "passed": false}}, "spec_cnn": {"0.01": {"index": 32, "sweep_ber": 1.52587890625e-05, "sweep_pdet": 0.01171875, "confirmed_ber": 2.6702880859375e-05, "confirmed_ser": 5.340576171875e-05, "confirmed_pdet": 0.02099609375, "passed": false}, "0.05": {"index": 0, "sweep_ber": 0.0, "sweep_pdet": 0.0390625, "confirmed_ber": 0.0, "confirmed_ser": 0.0, "confirmed_pdet": 0.048828125, "passed": true}}}  (1039s)
  [snr_10] generator spec_cnn_b100000 (scale 0.4022)
  JSR  -50.0 dB  BER 0.00e+00  P(det)@0.05 power_one_sided 0.033 power_two_sided 0.037 kurtosis 0.043 spec_cnn 0.047  (0s)
  JSR  -49.0 dB  BER 0.00e+00  P(det)@0.05 power_one_sided 0.051 power_two_sided 0.057 kurtosis 0.049 spec_cnn 0.035  (1s)
  JSR  -48.0 dB  BER 0.00e+00  P(det)@0.05 power_one_sided 0.055 power_two_sided 0.055 kurtosis 0.053 spec_cnn 0.053  (1s)
  JSR  -47.0 dB  BER 0.00e+00  P(det)@0.05 power_one_sided 0.055 power_two_sided 0.037 kurtosis 0.043 spec_cnn 0.062  (1s)
  JSR  -46.0 dB  BER 0.00e+00  P(det)@0.05 power_one_sided 0.057 power_two_sided 0.068 kurtosis 0.047 spec_cnn 0.029  (2s)
  JSR  -45.0 dB  BER 0.00e+00  P(det)@0.05 power_one_sided 0.045 power_two_sided 0.062 kurtosis 0.055 spec_cnn 0.064  (2s)
  JSR  -44.0 dB  BER 0.00e+00  P(det)@0.05 power_one_sided 0.037 power_two_sided 0.035 kurtosis 0.061 spec_cnn 0.049  (2s)
  JSR  -43.0 dB  BER 0.00e+00  P(det)@0.05 power_one_sided 0.053 power_two_sided 0.041 kurtosis 0.041 spec_cnn 0.043  (3s)
  JSR  -42.0 dB  BER 0.00e+00  P(det)@0.05 power_one_sided 0.062 power_two_sided 0.062 kurtosis 0.047 spec_cnn 0.043  (3s)
  JSR  -41.0 dB  BER 0.00e+00  P(det)@0.05 power_one_sided 0.043 power_two_sided 0.029 kurtosis 0.043 spec_cnn 0.059  (3s)
  JSR  -40.0 dB  BER 0.00e+00  P(det)@0.05 power_one_sided 0.053 power_two_sided 0.055 kurtosis 0.064 spec_cnn 0.047  (3s)
  JSR  -39.0 dB  BER 0.00e+00  P(det)@0.05 power_one_sided 0.037 power_two_sided 0.051 kurtosis 0.043 spec_cnn 0.031  (4s)
  JSR  -38.0 dB  BER 0.00e+00  P(det)@0.05 power_one_sided 0.047 power_two_sided 0.047 kurtosis 0.047 spec_cnn 0.049  (4s)
  JSR  -37.0 dB  BER 0.00e+00  P(det)@0.05 power_one_sided 0.053 power_two_sided 0.055 kurtosis 0.051 spec_cnn 0.053  (4s)
  JSR  -36.0 dB  BER 0.00e+00  P(det)@0.05 power_one_sided 0.072 power_two_sided 0.072 kurtosis 0.061 spec_cnn 0.057  (5s)
  JSR  -35.0 dB  BER 0.00e+00  P(det)@0.05 power_one_sided 0.068 power_two_sided 0.068 kurtosis 0.062 spec_cnn 0.045  (5s)
  JSR  -34.0 dB  BER 0.00e+00  P(det)@0.05 power_one_sided 0.061 power_two_sided 0.070 kurtosis 0.039 spec_cnn 0.061  (5s)
  JSR  -33.0 dB  BER 0.00e+00  P(det)@0.05 power_one_sided 0.051 power_two_sided 0.049 kurtosis 0.045 spec_cnn 0.035  (6s)
  JSR  -32.0 dB  BER 0.00e+00  P(det)@0.05 power_one_sided 0.051 power_two_sided 0.059 kurtosis 0.049 spec_cnn 0.049  (6s)
  JSR  -31.0 dB  BER 0.00e+00  P(det)@0.05 power_one_sided 0.078 power_two_sided 0.059 kurtosis 0.061 spec_cnn 0.049  (6s)
  JSR  -30.0 dB  BER 0.00e+00  P(det)@0.05 power_one_sided 0.078 power_two_sided 0.062 kurtosis 0.051 spec_cnn 0.051  (7s)
  JSR  -29.0 dB  BER 0.00e+00  P(det)@0.05 power_one_sided 0.061 power_two_sided 0.061 kurtosis 0.055 spec_cnn 0.059  (7s)
  JSR  -28.0 dB  BER 0.00e+00  P(det)@0.05 power_one_sided 0.072 power_two_sided 0.070 kurtosis 0.043 spec_cnn 0.039  (7s)
  JSR  -27.0 dB  BER 0.00e+00  P(det)@0.05 power_one_sided 0.082 power_two_sided 0.059 kurtosis 0.047 spec_cnn 0.055  (8s)
  JSR  -26.0 dB  BER 0.00e+00  P(det)@0.05 power_one_sided 0.107 power_two_sided 0.070 kurtosis 0.039 spec_cnn 0.078  (8s)
  JSR  -25.0 dB  BER 0.00e+00  P(det)@0.05 power_one_sided 0.137 power_two_sided 0.090 kurtosis 0.064 spec_cnn 0.055  (8s)
  JSR  -24.0 dB  BER 0.00e+00  P(det)@0.05 power_one_sided 0.102 power_two_sided 0.080 kurtosis 0.057 spec_cnn 0.061  (8s)
  JSR  -23.0 dB  BER 0.00e+00  P(det)@0.05 power_one_sided 0.146 power_two_sided 0.107 kurtosis 0.080 spec_cnn 0.061  (9s)
  JSR  -22.0 dB  BER 0.00e+00  P(det)@0.05 power_one_sided 0.152 power_two_sided 0.131 kurtosis 0.039 spec_cnn 0.053  (9s)
  JSR  -21.0 dB  BER 0.00e+00  P(det)@0.05 power_one_sided 0.197 power_two_sided 0.141 kurtosis 0.049 spec_cnn 0.078  (9s)
  JSR  -20.0 dB  BER 0.00e+00  P(det)@0.05 power_one_sided 0.271 power_two_sided 0.188 kurtosis 0.062 spec_cnn 0.072  (10s)
  JSR  -19.0 dB  BER 0.00e+00  P(det)@0.05 power_one_sided 0.299 power_two_sided 0.221 kurtosis 0.092 spec_cnn 0.072  (10s)
  JSR  -18.0 dB  BER 0.00e+00  P(det)@0.05 power_one_sided 0.404 power_two_sided 0.318 kurtosis 0.084 spec_cnn 0.062  (10s)
  JSR  -17.0 dB  BER 0.00e+00  P(det)@0.05 power_one_sided 0.516 power_two_sided 0.438 kurtosis 0.129 spec_cnn 0.090  (11s)
  JSR  -16.0 dB  BER 0.00e+00  P(det)@0.05 power_one_sided 0.625 power_two_sided 0.557 kurtosis 0.174 spec_cnn 0.094  (11s)
  JSR  -15.0 dB  BER 0.00e+00  P(det)@0.05 power_one_sided 0.748 power_two_sided 0.672 kurtosis 0.203 spec_cnn 0.127  (11s)
  JSR  -14.0 dB  BER 0.00e+00  P(det)@0.05 power_one_sided 0.838 power_two_sided 0.785 kurtosis 0.291 spec_cnn 0.119  (12s)
  JSR  -13.0 dB  BER 0.00e+00  P(det)@0.05 power_one_sided 0.939 power_two_sided 0.916 kurtosis 0.420 spec_cnn 0.137  (12s)
  JSR  -12.0 dB  BER 0.00e+00  P(det)@0.05 power_one_sided 0.971 power_two_sided 0.959 kurtosis 0.555 spec_cnn 0.123  (12s)
  JSR  -11.0 dB  BER 0.00e+00  P(det)@0.05 power_one_sided 0.988 power_two_sided 0.986 kurtosis 0.674 spec_cnn 0.109  (13s)
  JSR  -10.0 dB  BER 1.53e-05  P(det)@0.05 power_one_sided 0.996 power_two_sided 0.996 kurtosis 0.818 spec_cnn 0.154  (13s)
  JSR   -9.0 dB  BER 3.05e-05  P(det)@0.05 power_one_sided 1.000 power_two_sided 1.000 kurtosis 0.938 spec_cnn 0.170  (13s)
  JSR   -8.0 dB  BER 1.37e-04  P(det)@0.05 power_one_sided 1.000 power_two_sided 1.000 kurtosis 0.967 spec_cnn 0.195  (13s)
  JSR   -7.0 dB  BER 6.48e-04  P(det)@0.05 power_one_sided 1.000 power_two_sided 1.000 kurtosis 0.990 spec_cnn 0.205  (14s)
  JSR   -6.0 dB  BER 2.20e-03  P(det)@0.05 power_one_sided 1.000 power_two_sided 1.000 kurtosis 1.000 spec_cnn 0.244  (14s)
  JSR   -5.0 dB  BER 6.45e-03  P(det)@0.05 power_one_sided 1.000 power_two_sided 1.000 kurtosis 0.998 spec_cnn 0.297  (14s)
  JSR   -4.0 dB  BER 1.54e-02  P(det)@0.05 power_one_sided 1.000 power_two_sided 1.000 kurtosis 1.000 spec_cnn 0.387  (15s)
  JSR   -3.0 dB  BER 3.09e-02  P(det)@0.05 power_one_sided 1.000 power_two_sided 1.000 kurtosis 1.000 spec_cnn 0.449  (15s)
  JSR   -2.0 dB  BER 5.40e-02  P(det)@0.05 power_one_sided 1.000 power_two_sided 1.000 kurtosis 1.000 spec_cnn 0.568  (15s)
  JSR   -1.0 dB  BER 8.02e-02  P(det)@0.05 power_one_sided 1.000 power_two_sided 1.000 kurtosis 1.000 spec_cnn 0.646  (16s)
  JSR   +0.0 dB  BER 1.08e-01  P(det)@0.05 power_one_sided 1.000 power_two_sided 1.000 kurtosis 0.998 spec_cnn 0.844  (16s)
  JSR   +1.0 dB  BER 1.37e-01  P(det)@0.05 power_one_sided 1.000 power_two_sided 1.000 kurtosis 1.000 spec_cnn 0.912  (16s)
  JSR   +2.0 dB  BER 1.65e-01  P(det)@0.05 power_one_sided 1.000 power_two_sided 1.000 kurtosis 0.979 spec_cnn 0.973  (16s)
  JSR   +3.0 dB  BER 1.93e-01  P(det)@0.05 power_one_sided 1.000 power_two_sided 1.000 kurtosis 0.943 spec_cnn 0.996  (17s)
  JSR   +4.0 dB  BER 2.16e-01  P(det)@0.05 power_one_sided 1.000 power_two_sided 1.000 kurtosis 0.834 spec_cnn 1.000  (17s)
  JSR   +5.0 dB  BER 2.39e-01  P(det)@0.05 power_one_sided 1.000 power_two_sided 1.000 kurtosis 0.717 spec_cnn 1.000  (17s)
  JSR   +6.0 dB  BER 2.64e-01  P(det)@0.05 power_one_sided 1.000 power_two_sided 1.000 kurtosis 0.570 spec_cnn 1.000  (18s)
  JSR   +7.0 dB  BER 2.84e-01  P(det)@0.05 power_one_sided 1.000 power_two_sided 1.000 kurtosis 0.625 spec_cnn 1.000  (18s)
  JSR   +8.0 dB  BER 3.03e-01  P(det)@0.05 power_one_sided 1.000 power_two_sided 1.000 kurtosis 0.656 spec_cnn 1.000  (18s)
  JSR   +9.0 dB  BER 3.19e-01  P(det)@0.05 power_one_sided 1.000 power_two_sided 1.000 kurtosis 0.668 spec_cnn 1.000  (19s)
  JSR  +10.0 dB  BER 3.36e-01  P(det)@0.05 power_one_sided 1.000 power_two_sided 1.000 kurtosis 0.688 spec_cnn 1.000  (19s)
  JSR  +11.0 dB  BER 3.50e-01  P(det)@0.05 power_one_sided 1.000 power_two_sided 1.000 kurtosis 0.664 spec_cnn 1.000  (19s)
  JSR  +12.0 dB  BER 3.63e-01  P(det)@0.05 power_one_sided 1.000 power_two_sided 1.000 kurtosis 0.662 spec_cnn 1.000  (20s)
  JSR  +13.0 dB  BER 3.77e-01  P(det)@0.05 power_one_sided 1.000 power_two_sided 1.000 kurtosis 0.680 spec_cnn 1.000  (20s)
  JSR  +14.0 dB  BER 3.87e-01  P(det)@0.05 power_one_sided 1.000 power_two_sided 1.000 kurtosis 0.678 spec_cnn 1.000  (20s)
  JSR  +15.0 dB  BER 3.98e-01  P(det)@0.05 power_one_sided 1.000 power_two_sided 1.000 kurtosis 0.680 spec_cnn 1.000  (20s)
  [snr_10] spec_cnn_b100000 confirmed: {"power_one_sided": {"0.01": {"index": 0, "sweep_ber": 0.0, "sweep_pdet": 0.005859375, "confirmed_ber": 0.0, "confirmed_ser": 0.0, "confirmed_pdet": 0.010498046875, "passed": true}, "0.05": {"index": 0, "sweep_ber": 0.0, "sweep_pdet": 0.033203125, "confirmed_ber": 0.0, "confirmed_ser": 0.0, "confirmed_pdet": 0.047119140625, "passed": true}}, "power_two_sided": {"0.01": {"index": 0, "sweep_ber": 0.0, "sweep_pdet": 0.009765625, "confirmed_ber": 0.0, "confirmed_ser": 0.0, "confirmed_pdet": 0.01123046875, "passed": true}, "0.05": {"index": 0, "sweep_ber": 0.0, "sweep_pdet": 0.037109375, "confirmed_ber": 0.0, "confirmed_ser": 0.0, "confirmed_pdet": 0.052734375, "passed": true}}, "kurtosis": {"0.01": {"index": 0, "sweep_ber": 0.0, "sweep_pdet": 0.001953125, "confirmed_ber": 0.0, "confirmed_ser": 0.0, "confirmed_pdet": 0.00830078125, "passed": true}, "0.05": {"index": 0, "sweep_ber": 0.0, "sweep_pdet": 0.04296875, "confirmed_ber": 0.0, "confirmed_ser": 0.0, "confirmed_pdet": 0.051025390625, "passed": true}}, "spec_cnn": {"0.01": {"index": 0, "sweep_ber": 0.0, "sweep_pdet": 0.01171875, "confirmed_ber": 0.0, "confirmed_ser": 0.0, "confirmed_pdet": 0.009033203125, "passed": true}, "0.05": {"index": 0, "sweep_ber": 0.0, "sweep_pdet": 0.046875, "confirmed_ber": 0.0, "confirmed_ser": 0.0, "confirmed_pdet": 0.050048828125, "passed": true}}}  (1080s)
  [snr_10] generator spec_cnn_b1e+06 (scale 0.4022)
  JSR  -50.0 dB  BER 0.00e+00  P(det)@0.05 power_one_sided 0.033 power_two_sided 0.031 kurtosis 0.027 spec_cnn 0.053  (0s)
  JSR  -49.0 dB  BER 0.00e+00  P(det)@0.05 power_one_sided 0.049 power_two_sided 0.039 kurtosis 0.057 spec_cnn 0.039  (1s)
  JSR  -48.0 dB  BER 0.00e+00  P(det)@0.05 power_one_sided 0.043 power_two_sided 0.062 kurtosis 0.047 spec_cnn 0.041  (1s)
  JSR  -47.0 dB  BER 0.00e+00  P(det)@0.05 power_one_sided 0.074 power_two_sided 0.061 kurtosis 0.041 spec_cnn 0.049  (1s)
  JSR  -46.0 dB  BER 0.00e+00  P(det)@0.05 power_one_sided 0.061 power_two_sided 0.047 kurtosis 0.051 spec_cnn 0.051  (2s)
  JSR  -45.0 dB  BER 0.00e+00  P(det)@0.05 power_one_sided 0.041 power_two_sided 0.047 kurtosis 0.033 spec_cnn 0.039  (2s)
  JSR  -44.0 dB  BER 0.00e+00  P(det)@0.05 power_one_sided 0.045 power_two_sided 0.045 kurtosis 0.035 spec_cnn 0.055  (2s)
  JSR  -43.0 dB  BER 0.00e+00  P(det)@0.05 power_one_sided 0.049 power_two_sided 0.059 kurtosis 0.082 spec_cnn 0.055  (3s)
  JSR  -42.0 dB  BER 0.00e+00  P(det)@0.05 power_one_sided 0.062 power_two_sided 0.039 kurtosis 0.062 spec_cnn 0.053  (3s)
  JSR  -41.0 dB  BER 0.00e+00  P(det)@0.05 power_one_sided 0.043 power_two_sided 0.039 kurtosis 0.053 spec_cnn 0.035  (3s)
  JSR  -40.0 dB  BER 0.00e+00  P(det)@0.05 power_one_sided 0.039 power_two_sided 0.039 kurtosis 0.041 spec_cnn 0.053  (3s)
  JSR  -39.0 dB  BER 0.00e+00  P(det)@0.05 power_one_sided 0.053 power_two_sided 0.053 kurtosis 0.051 spec_cnn 0.023  (4s)
  JSR  -38.0 dB  BER 0.00e+00  P(det)@0.05 power_one_sided 0.055 power_two_sided 0.049 kurtosis 0.039 spec_cnn 0.031  (4s)
  JSR  -37.0 dB  BER 0.00e+00  P(det)@0.05 power_one_sided 0.062 power_two_sided 0.062 kurtosis 0.076 spec_cnn 0.051  (4s)
  JSR  -36.0 dB  BER 0.00e+00  P(det)@0.05 power_one_sided 0.055 power_two_sided 0.055 kurtosis 0.061 spec_cnn 0.041  (5s)
  JSR  -35.0 dB  BER 0.00e+00  P(det)@0.05 power_one_sided 0.033 power_two_sided 0.049 kurtosis 0.059 spec_cnn 0.053  (5s)
  JSR  -34.0 dB  BER 0.00e+00  P(det)@0.05 power_one_sided 0.047 power_two_sided 0.059 kurtosis 0.064 spec_cnn 0.062  (5s)
  JSR  -33.0 dB  BER 0.00e+00  P(det)@0.05 power_one_sided 0.035 power_two_sided 0.051 kurtosis 0.064 spec_cnn 0.059  (6s)
  JSR  -32.0 dB  BER 0.00e+00  P(det)@0.05 power_one_sided 0.059 power_two_sided 0.051 kurtosis 0.070 spec_cnn 0.057  (6s)
  JSR  -31.0 dB  BER 0.00e+00  P(det)@0.05 power_one_sided 0.061 power_two_sided 0.045 kurtosis 0.057 spec_cnn 0.059  (6s)
  JSR  -30.0 dB  BER 0.00e+00  P(det)@0.05 power_one_sided 0.070 power_two_sided 0.057 kurtosis 0.043 spec_cnn 0.057  (7s)
  JSR  -29.0 dB  BER 0.00e+00  P(det)@0.05 power_one_sided 0.068 power_two_sided 0.051 kurtosis 0.043 spec_cnn 0.053  (7s)
  JSR  -28.0 dB  BER 0.00e+00  P(det)@0.05 power_one_sided 0.076 power_two_sided 0.068 kurtosis 0.053 spec_cnn 0.062  (7s)
  JSR  -27.0 dB  BER 0.00e+00  P(det)@0.05 power_one_sided 0.084 power_two_sided 0.064 kurtosis 0.049 spec_cnn 0.051  (7s)
  JSR  -26.0 dB  BER 0.00e+00  P(det)@0.05 power_one_sided 0.090 power_two_sided 0.072 kurtosis 0.059 spec_cnn 0.059  (8s)
  JSR  -25.0 dB  BER 0.00e+00  P(det)@0.05 power_one_sided 0.094 power_two_sided 0.080 kurtosis 0.066 spec_cnn 0.051  (8s)
  JSR  -24.0 dB  BER 0.00e+00  P(det)@0.05 power_one_sided 0.123 power_two_sided 0.096 kurtosis 0.049 spec_cnn 0.088  (8s)
  JSR  -23.0 dB  BER 0.00e+00  P(det)@0.05 power_one_sided 0.141 power_two_sided 0.100 kurtosis 0.055 spec_cnn 0.080  (9s)
  JSR  -22.0 dB  BER 0.00e+00  P(det)@0.05 power_one_sided 0.168 power_two_sided 0.133 kurtosis 0.057 spec_cnn 0.051  (9s)
  JSR  -21.0 dB  BER 0.00e+00  P(det)@0.05 power_one_sided 0.199 power_two_sided 0.156 kurtosis 0.055 spec_cnn 0.072  (9s)
  JSR  -20.0 dB  BER 0.00e+00  P(det)@0.05 power_one_sided 0.279 power_two_sided 0.213 kurtosis 0.051 spec_cnn 0.061  (10s)
  JSR  -19.0 dB  BER 0.00e+00  P(det)@0.05 power_one_sided 0.350 power_two_sided 0.250 kurtosis 0.084 spec_cnn 0.070  (10s)
  JSR  -18.0 dB  BER 0.00e+00  P(det)@0.05 power_one_sided 0.424 power_two_sided 0.352 kurtosis 0.090 spec_cnn 0.096  (10s)
  JSR  -17.0 dB  BER 0.00e+00  P(det)@0.05 power_one_sided 0.508 power_two_sided 0.449 kurtosis 0.113 spec_cnn 0.086  (11s)
  JSR  -16.0 dB  BER 0.00e+00  P(det)@0.05 power_one_sided 0.682 power_two_sided 0.596 kurtosis 0.146 spec_cnn 0.086  (11s)
  JSR  -15.0 dB  BER 0.00e+00  P(det)@0.05 power_one_sided 0.756 power_two_sided 0.693 kurtosis 0.203 spec_cnn 0.113  (11s)
  JSR  -14.0 dB  BER 0.00e+00  P(det)@0.05 power_one_sided 0.812 power_two_sided 0.770 kurtosis 0.260 spec_cnn 0.119  (12s)
  JSR  -13.0 dB  BER 0.00e+00  P(det)@0.05 power_one_sided 0.936 power_two_sided 0.922 kurtosis 0.375 spec_cnn 0.113  (12s)
  JSR  -12.0 dB  BER 0.00e+00  P(det)@0.05 power_one_sided 0.967 power_two_sided 0.947 kurtosis 0.518 spec_cnn 0.137  (12s)
  JSR  -11.0 dB  BER 0.00e+00  P(det)@0.05 power_one_sided 0.998 power_two_sided 0.992 kurtosis 0.654 spec_cnn 0.150  (12s)
  JSR  -10.0 dB  BER 0.00e+00  P(det)@0.05 power_one_sided 0.998 power_two_sided 0.996 kurtosis 0.797 spec_cnn 0.172  (13s)
  JSR   -9.0 dB  BER 0.00e+00  P(det)@0.05 power_one_sided 1.000 power_two_sided 1.000 kurtosis 0.871 spec_cnn 0.180  (13s)
  JSR   -8.0 dB  BER 1.14e-04  P(det)@0.05 power_one_sided 1.000 power_two_sided 1.000 kurtosis 0.971 spec_cnn 0.195  (13s)
  JSR   -7.0 dB  BER 5.57e-04  P(det)@0.05 power_one_sided 1.000 power_two_sided 1.000 kurtosis 0.986 spec_cnn 0.217  (14s)
  JSR   -6.0 dB  BER 1.71e-03  P(det)@0.05 power_one_sided 1.000 power_two_sided 1.000 kurtosis 0.996 spec_cnn 0.273  (14s)
  JSR   -5.0 dB  BER 6.33e-03  P(det)@0.05 power_one_sided 1.000 power_two_sided 1.000 kurtosis 0.998 spec_cnn 0.311  (14s)
  JSR   -4.0 dB  BER 1.66e-02  P(det)@0.05 power_one_sided 1.000 power_two_sided 1.000 kurtosis 0.998 spec_cnn 0.369  (15s)
  JSR   -3.0 dB  BER 3.33e-02  P(det)@0.05 power_one_sided 1.000 power_two_sided 1.000 kurtosis 1.000 spec_cnn 0.459  (15s)
  JSR   -2.0 dB  BER 5.67e-02  P(det)@0.05 power_one_sided 1.000 power_two_sided 1.000 kurtosis 0.998 spec_cnn 0.537  (15s)
  JSR   -1.0 dB  BER 8.24e-02  P(det)@0.05 power_one_sided 1.000 power_two_sided 1.000 kurtosis 0.998 spec_cnn 0.645  (16s)
  JSR   +0.0 dB  BER 1.13e-01  P(det)@0.05 power_one_sided 1.000 power_two_sided 1.000 kurtosis 0.988 spec_cnn 0.811  (16s)
  JSR   +1.0 dB  BER 1.41e-01  P(det)@0.05 power_one_sided 1.000 power_two_sided 1.000 kurtosis 0.973 spec_cnn 0.918  (16s)
  JSR   +2.0 dB  BER 1.70e-01  P(det)@0.05 power_one_sided 1.000 power_two_sided 1.000 kurtosis 0.895 spec_cnn 0.975  (17s)
  JSR   +3.0 dB  BER 2.00e-01  P(det)@0.05 power_one_sided 1.000 power_two_sided 1.000 kurtosis 0.791 spec_cnn 0.996  (17s)
  JSR   +4.0 dB  BER 2.27e-01  P(det)@0.05 power_one_sided 1.000 power_two_sided 1.000 kurtosis 0.607 spec_cnn 1.000  (17s)
  JSR   +5.0 dB  BER 2.50e-01  P(det)@0.05 power_one_sided 1.000 power_two_sided 1.000 kurtosis 0.562 spec_cnn 1.000  (17s)
  JSR   +6.0 dB  BER 2.70e-01  P(det)@0.05 power_one_sided 1.000 power_two_sided 1.000 kurtosis 0.615 spec_cnn 1.000  (18s)
  JSR   +7.0 dB  BER 2.92e-01  P(det)@0.05 power_one_sided 1.000 power_two_sided 1.000 kurtosis 0.637 spec_cnn 1.000  (18s)
  JSR   +8.0 dB  BER 3.16e-01  P(det)@0.05 power_one_sided 1.000 power_two_sided 1.000 kurtosis 0.623 spec_cnn 1.000  (18s)
  JSR   +9.0 dB  BER 3.29e-01  P(det)@0.05 power_one_sided 1.000 power_two_sided 1.000 kurtosis 0.643 spec_cnn 1.000  (19s)
  JSR  +10.0 dB  BER 3.47e-01  P(det)@0.05 power_one_sided 1.000 power_two_sided 1.000 kurtosis 0.664 spec_cnn 1.000  (19s)
  JSR  +11.0 dB  BER 3.61e-01  P(det)@0.05 power_one_sided 1.000 power_two_sided 1.000 kurtosis 0.699 spec_cnn 1.000  (19s)
  JSR  +12.0 dB  BER 3.76e-01  P(det)@0.05 power_one_sided 1.000 power_two_sided 1.000 kurtosis 0.699 spec_cnn 1.000  (20s)
  JSR  +13.0 dB  BER 3.91e-01  P(det)@0.05 power_one_sided 1.000 power_two_sided 1.000 kurtosis 0.732 spec_cnn 1.000  (20s)
  JSR  +14.0 dB  BER 4.03e-01  P(det)@0.05 power_one_sided 1.000 power_two_sided 1.000 kurtosis 0.758 spec_cnn 1.000  (20s)
  JSR  +15.0 dB  BER 4.10e-01  P(det)@0.05 power_one_sided 1.000 power_two_sided 1.000 kurtosis 0.773 spec_cnn 1.000  (21s)
  [snr_10] spec_cnn_b1e+06 confirmed: {"power_one_sided": {"0.01": {"index": 0, "sweep_ber": 0.0, "sweep_pdet": 0.005859375, "confirmed_ber": 0.0, "confirmed_ser": 0.0, "confirmed_pdet": 0.009765625, "passed": true}, "0.05": {"index": 0, "sweep_ber": 0.0, "sweep_pdet": 0.033203125, "confirmed_ber": 0.0, "confirmed_ser": 0.0, "confirmed_pdet": 0.04931640625, "passed": true}}, "power_two_sided": {"0.01": {"index": 0, "sweep_ber": 0.0, "sweep_pdet": 0.013671875, "confirmed_ber": 0.0, "confirmed_ser": 0.0, "confirmed_pdet": 0.009521484375, "passed": true}, "0.05": {"index": 0, "sweep_ber": 0.0, "sweep_pdet": 0.03125, "confirmed_ber": 0.0, "confirmed_ser": 0.0, "confirmed_pdet": 0.053466796875, "passed": true}}, "kurtosis": {"0.01": {"index": 0, "sweep_ber": 0.0, "sweep_pdet": 0.00390625, "confirmed_ber": 0.0, "confirmed_ser": 0.0, "confirmed_pdet": 0.01416015625, "passed": false}, "0.05": {"index": 0, "sweep_ber": 0.0, "sweep_pdet": 0.02734375, "confirmed_ber": 0.0, "confirmed_ser": 0.0, "confirmed_pdet": 0.056884765625, "passed": false}}, "spec_cnn": {"0.01": {"index": 0, "sweep_ber": 0.0, "sweep_pdet": 0.009765625, "confirmed_ber": 0.0, "confirmed_ser": 0.0, "confirmed_pdet": 0.009765625, "passed": true}, "0.05": {"index": 0, "sweep_ber": 0.0, "sweep_pdet": 0.052734375, "confirmed_ber": 0.0, "confirmed_ser": 0.0, "confirmed_pdet": 0.052978515625, "passed": true}}}  (1121s)
wrote ../artifacts/cgan/snr_ablation/run002/snr_snr_10.json in 1121s
