node: tikgpu06.ee.ethz.ch | gpu: NVIDIA GeForce RTX 3090
task 8 | snr_40 | SNR 40 dB | device cuda:0
detectors: power_one_sided, power_two_sided, kurtosis, spec_cnn, lrt_noise  (thresholds re-calibrated at this level)
clean: BER 0.000e+00 (closed form 0.000e+00), FAR {"power_one_sided": 0.05517578125, "power_two_sided": 0.05078125, "kurtosis": 0.0517578125, "spec_cnn": 0.0498046875}
  [snr_40] classical noise
    JSR  -50.0 dB  BER 0.00e+00  P(det)@0.05 power_one_sided 0.045 power_two_sided 0.043 kurtosis 0.055 spec_cnn 0.051 lrt_noise 0.049  (0s)
    JSR  -49.0 dB  BER 0.00e+00  P(det)@0.05 power_one_sided 0.074 power_two_sided 0.068 kurtosis 0.055 spec_cnn 0.057 lrt_noise 0.070  (0s)
    JSR  -48.0 dB  BER 0.00e+00  P(det)@0.05 power_one_sided 0.066 power_two_sided 0.057 kurtosis 0.055 spec_cnn 0.061 lrt_noise 0.074  (1s)
    JSR  -47.0 dB  BER 0.00e+00  P(det)@0.05 power_one_sided 0.074 power_two_sided 0.082 kurtosis 0.049 spec_cnn 0.070 lrt_noise 0.088  (1s)
    JSR  -46.0 dB  BER 0.00e+00  P(det)@0.05 power_one_sided 0.066 power_two_sided 0.078 kurtosis 0.035 spec_cnn 0.088 lrt_noise 0.109  (1s)
    JSR  -45.0 dB  BER 0.00e+00  P(det)@0.05 power_one_sided 0.088 power_two_sided 0.080 kurtosis 0.055 spec_cnn 0.062 lrt_noise 0.125  (1s)
    JSR  -44.0 dB  BER 0.00e+00  P(det)@0.05 power_one_sided 0.086 power_two_sided 0.098 kurtosis 0.055 spec_cnn 0.088 lrt_noise 0.139  (1s)
    JSR  -43.0 dB  BER 0.00e+00  P(det)@0.05 power_one_sided 0.111 power_two_sided 0.113 kurtosis 0.049 spec_cnn 0.133 lrt_noise 0.139  (2s)
    JSR  -42.0 dB  BER 0.00e+00  P(det)@0.05 power_one_sided 0.150 power_two_sided 0.156 kurtosis 0.055 spec_cnn 0.139 lrt_noise 0.207  (2s)
    JSR  -41.0 dB  BER 0.00e+00  P(det)@0.05 power_one_sided 0.145 power_two_sided 0.168 kurtosis 0.049 spec_cnn 0.154 lrt_noise 0.293  (2s)
    JSR  -40.0 dB  BER 0.00e+00  P(det)@0.05 power_one_sided 0.188 power_two_sided 0.186 kurtosis 0.047 spec_cnn 0.203 lrt_noise 0.389  (2s)
    JSR  -39.0 dB  BER 0.00e+00  P(det)@0.05 power_one_sided 0.182 power_two_sided 0.176 kurtosis 0.051 spec_cnn 0.227 lrt_noise 0.551  (2s)
    JSR  -38.0 dB  BER 0.00e+00  P(det)@0.05 power_one_sided 0.240 power_two_sided 0.230 kurtosis 0.057 spec_cnn 0.283 lrt_noise 0.729  (3s)
    JSR  -37.0 dB  BER 0.00e+00  P(det)@0.05 power_one_sided 0.256 power_two_sided 0.268 kurtosis 0.061 spec_cnn 0.328 lrt_noise 0.918  (3s)
    JSR  -36.0 dB  BER 0.00e+00  P(det)@0.05 power_one_sided 0.297 power_two_sided 0.318 kurtosis 0.055 spec_cnn 0.371 lrt_noise 0.971  (3s)
    JSR  -35.0 dB  BER 0.00e+00  P(det)@0.05 power_one_sided 0.371 power_two_sided 0.385 kurtosis 0.068 spec_cnn 0.471 lrt_noise 0.996  (3s)
    JSR  -34.0 dB  BER 0.00e+00  P(det)@0.05 power_one_sided 0.414 power_two_sided 0.410 kurtosis 0.053 spec_cnn 0.594 lrt_noise 1.000  (3s)
    JSR  -33.0 dB  BER 0.00e+00  P(det)@0.05 power_one_sided 0.490 power_two_sided 0.525 kurtosis 0.047 spec_cnn 0.723 lrt_noise 1.000  (4s)
    JSR  -32.0 dB  BER 0.00e+00  P(det)@0.05 power_one_sided 0.543 power_two_sided 0.576 kurtosis 0.057 spec_cnn 0.807 lrt_noise 1.000  (4s)
    JSR  -31.0 dB  BER 0.00e+00  P(det)@0.05 power_one_sided 0.580 power_two_sided 0.611 kurtosis 0.061 spec_cnn 0.906 lrt_noise 1.000  (4s)
    JSR  -30.0 dB  BER 0.00e+00  P(det)@0.05 power_one_sided 0.674 power_two_sided 0.693 kurtosis 0.062 spec_cnn 0.969 lrt_noise 1.000  (4s)
    JSR  -29.0 dB  BER 0.00e+00  P(det)@0.05 power_one_sided 0.691 power_two_sided 0.717 kurtosis 0.059 spec_cnn 0.984 lrt_noise 1.000  (4s)
    JSR  -28.0 dB  BER 0.00e+00  P(det)@0.05 power_one_sided 0.736 power_two_sided 0.775 kurtosis 0.045 spec_cnn 0.994 lrt_noise 1.000  (5s)
    JSR  -27.0 dB  BER 0.00e+00  P(det)@0.05 power_one_sided 0.811 power_two_sided 0.816 kurtosis 0.041 spec_cnn 1.000 lrt_noise 1.000  (5s)
    JSR  -26.0 dB  BER 0.00e+00  P(det)@0.05 power_one_sided 0.854 power_two_sided 0.865 kurtosis 0.057 spec_cnn 1.000 lrt_noise 1.000  (5s)
    JSR  -25.0 dB  BER 0.00e+00  P(det)@0.05 power_one_sided 0.906 power_two_sided 0.928 kurtosis 0.057 spec_cnn 1.000 lrt_noise 1.000  (5s)
    JSR  -24.0 dB  BER 0.00e+00  P(det)@0.05 power_one_sided 0.918 power_two_sided 0.928 kurtosis 0.043 spec_cnn 1.000 lrt_noise 1.000  (5s)
    JSR  -23.0 dB  BER 0.00e+00  P(det)@0.05 power_one_sided 0.959 power_two_sided 0.961 kurtosis 0.047 spec_cnn 1.000 lrt_noise 1.000  (5s)
    JSR  -22.0 dB  BER 0.00e+00  P(det)@0.05 power_one_sided 0.973 power_two_sided 0.984 kurtosis 0.076 spec_cnn 1.000 lrt_noise 1.000  (6s)
    JSR  -21.0 dB  BER 0.00e+00  P(det)@0.05 power_one_sided 0.994 power_two_sided 0.994 kurtosis 0.059 spec_cnn 1.000 lrt_noise 1.000  (6s)
    JSR  -20.0 dB  BER 0.00e+00  P(det)@0.05 power_one_sided 0.996 power_two_sided 0.996 kurtosis 0.100 spec_cnn 1.000 lrt_noise 1.000  (6s)
    JSR  -19.0 dB  BER 0.00e+00  P(det)@0.05 power_one_sided 1.000 power_two_sided 1.000 kurtosis 0.096 spec_cnn 1.000 lrt_noise 1.000  (6s)
    JSR  -18.0 dB  BER 0.00e+00  P(det)@0.05 power_one_sided 1.000 power_two_sided 1.000 kurtosis 0.094 spec_cnn 1.000 lrt_noise 1.000  (6s)
    JSR  -17.0 dB  BER 0.00e+00  P(det)@0.05 power_one_sided 1.000 power_two_sided 1.000 kurtosis 0.201 spec_cnn 1.000 lrt_noise 1.000  (7s)
    JSR  -16.0 dB  BER 0.00e+00  P(det)@0.05 power_one_sided 1.000 power_two_sided 1.000 kurtosis 0.238 spec_cnn 1.000 lrt_noise 1.000  (7s)
    JSR  -15.0 dB  BER 0.00e+00  P(det)@0.05 power_one_sided 1.000 power_two_sided 1.000 kurtosis 0.295 spec_cnn 1.000 lrt_noise 1.000  (7s)
    JSR  -14.0 dB  BER 0.00e+00  P(det)@0.05 power_one_sided 1.000 power_two_sided 1.000 kurtosis 0.420 spec_cnn 1.000 lrt_noise 1.000  (7s)
    JSR  -13.0 dB  BER 0.00e+00  P(det)@0.05 power_one_sided 1.000 power_two_sided 1.000 kurtosis 0.574 spec_cnn 1.000 lrt_noise 1.000  (7s)
    JSR  -12.0 dB  BER 0.00e+00  P(det)@0.05 power_one_sided 1.000 power_two_sided 1.000 kurtosis 0.781 spec_cnn 1.000 lrt_noise 1.000  (8s)
    JSR  -11.0 dB  BER 0.00e+00  P(det)@0.05 power_one_sided 1.000 power_two_sided 1.000 kurtosis 0.924 spec_cnn 1.000 lrt_noise 1.000  (8s)
    JSR  -10.0 dB  BER 0.00e+00  P(det)@0.05 power_one_sided 1.000 power_two_sided 1.000 kurtosis 1.000 spec_cnn 1.000 lrt_noise 1.000  (8s)
    JSR   -9.0 dB  BER 0.00e+00  P(det)@0.05 power_one_sided 1.000 power_two_sided 1.000 kurtosis 1.000 spec_cnn 1.000 lrt_noise 1.000  (8s)
    JSR   -8.0 dB  BER 0.00e+00  P(det)@0.05 power_one_sided 1.000 power_two_sided 1.000 kurtosis 1.000 spec_cnn 1.000 lrt_noise 1.000  (8s)
    JSR   -7.0 dB  BER 0.00e+00  P(det)@0.05 power_one_sided 1.000 power_two_sided 1.000 kurtosis 1.000 spec_cnn 1.000 lrt_noise 1.000  (9s)
    JSR   -6.0 dB  BER 0.00e+00  P(det)@0.05 power_one_sided 1.000 power_two_sided 1.000 kurtosis 1.000 spec_cnn 1.000 lrt_noise 1.000  (9s)
    JSR   -5.0 dB  BER 0.00e+00  P(det)@0.05 power_one_sided 1.000 power_two_sided 1.000 kurtosis 1.000 spec_cnn 1.000 lrt_noise 1.000  (9s)
    JSR   -4.0 dB  BER 0.00e+00  P(det)@0.05 power_one_sided 1.000 power_two_sided 1.000 kurtosis 1.000 spec_cnn 1.000 lrt_noise 1.000  (9s)
    JSR   -3.0 dB  BER 3.81e-05  P(det)@0.05 power_one_sided 1.000 power_two_sided 1.000 kurtosis 1.000 spec_cnn 1.000 lrt_noise 1.000  (9s)
    JSR   -2.0 dB  BER 1.53e-04  P(det)@0.05 power_one_sided 1.000 power_two_sided 1.000 kurtosis 1.000 spec_cnn 1.000 lrt_noise 1.000  (10s)
    JSR   -1.0 dB  BER 7.02e-04  P(det)@0.05 power_one_sided 1.000 power_two_sided 1.000 kurtosis 1.000 spec_cnn 1.000 lrt_noise 1.000  (10s)
    JSR   +0.0 dB  BER 2.27e-03  P(det)@0.05 power_one_sided 1.000 power_two_sided 1.000 kurtosis 1.000 spec_cnn 1.000 lrt_noise 1.000  (10s)
    JSR   +1.0 dB  BER 6.29e-03  P(det)@0.05 power_one_sided 1.000 power_two_sided 1.000 kurtosis 1.000 spec_cnn 1.000 lrt_noise 1.000  (10s)
    JSR   +2.0 dB  BER 1.25e-02  P(det)@0.05 power_one_sided 1.000 power_two_sided 1.000 kurtosis 1.000 spec_cnn 1.000 lrt_noise 1.000  (10s)
    JSR   +3.0 dB  BER 2.24e-02  P(det)@0.05 power_one_sided 1.000 power_two_sided 1.000 kurtosis 1.000 spec_cnn 1.000 lrt_noise 1.000  (11s)
    JSR   +4.0 dB  BER 3.77e-02  P(det)@0.05 power_one_sided 1.000 power_two_sided 1.000 kurtosis 1.000 spec_cnn 1.000 lrt_noise 1.000  (11s)
    JSR   +5.0 dB  BER 5.62e-02  P(det)@0.05 power_one_sided 1.000 power_two_sided 1.000 kurtosis 1.000 spec_cnn 1.000 lrt_noise 1.000  (11s)
    JSR   +6.0 dB  BER 7.93e-02  P(det)@0.05 power_one_sided 1.000 power_two_sided 1.000 kurtosis 1.000 spec_cnn 1.000 lrt_noise 1.000  (11s)
    JSR   +7.0 dB  BER 1.04e-01  P(det)@0.05 power_one_sided 1.000 power_two_sided 1.000 kurtosis 1.000 spec_cnn 1.000 lrt_noise 1.000  (11s)
    JSR   +8.0 dB  BER 1.30e-01  P(det)@0.05 power_one_sided 1.000 power_two_sided 1.000 kurtosis 1.000 spec_cnn 1.000 lrt_noise 1.000  (12s)
    JSR   +9.0 dB  BER 1.60e-01  P(det)@0.05 power_one_sided 1.000 power_two_sided 1.000 kurtosis 1.000 spec_cnn 1.000 lrt_noise 1.000  (12s)
    JSR  +10.0 dB  BER 1.87e-01  P(det)@0.05 power_one_sided 1.000 power_two_sided 1.000 kurtosis 1.000 spec_cnn 1.000 lrt_noise 1.000  (12s)
    JSR  +11.0 dB  BER 2.13e-01  P(det)@0.05 power_one_sided 1.000 power_two_sided 1.000 kurtosis 1.000 spec_cnn 1.000 lrt_noise 1.000  (12s)
    JSR  +12.0 dB  BER 2.39e-01  P(det)@0.05 power_one_sided 1.000 power_two_sided 1.000 kurtosis 1.000 spec_cnn 1.000 lrt_noise 1.000  (12s)
    JSR  +13.0 dB  BER 2.63e-01  P(det)@0.05 power_one_sided 1.000 power_two_sided 1.000 kurtosis 1.000 spec_cnn 0.945 lrt_noise 1.000  (13s)
    JSR  +14.0 dB  BER 2.88e-01  P(det)@0.05 power_one_sided 1.000 power_two_sided 1.000 kurtosis 1.000 spec_cnn 0.664 lrt_noise 1.000  (13s)
    JSR  +15.0 dB  BER 3.07e-01  P(det)@0.05 power_one_sided 1.000 power_two_sided 1.000 kurtosis 1.000 spec_cnn 0.303 lrt_noise 1.000  (13s)
  [snr_40] noise confirmed: {"power_one_sided": {"0.01": {"index": 0, "sweep_ber": 0.0, "sweep_pdet": 0.005859375, "confirmed_ber": 0.0, "confirmed_ser": 0.0, "confirmed_pdet": 0.015869140625, "passed": false}, "0.05": {"index": 0, "sweep_ber": 0.0, "sweep_pdet": 0.044921875, "confirmed_ber": 0.0, "confirmed_ser": 0.0, "confirmed_pdet": 0.0693359375, "passed": false}}, "power_two_sided": {"0.01": {"index": 0, "sweep_ber": 0.0, "sweep_pdet": 0.005859375, "confirmed_ber": 0.0, "confirmed_ser": 0.0, "confirmed_pdet": 0.009521484375, "passed": true}, "0.05": {"index": 0, "sweep_ber": 0.0, "sweep_pdet": 0.04296875, "confirmed_ber": 0.0, "confirmed_ser": 0.0, "confirmed_pdet": 0.05859375, "passed": false}}, "kurtosis": {"0.01": {"index": 0, "sweep_ber": 0.0, "sweep_pdet": 0.015625, "confirmed_ber": 0.0, "confirmed_ser": 0.0, "confirmed_pdet": 0.008544921875, "passed": true}, "0.05": {"index": 0, "sweep_ber": 0.0, "sweep_pdet": 0.0546875, "confirmed_ber": 0.0, "confirmed_ser": 0.0, "confirmed_pdet": 0.049072265625, "passed": true}}, "spec_cnn": {"0.01": {"index": 65, "sweep_ber": 0.30727386474609375, "sweep_pdet": 0.0, "confirmed_ber": 0.30785083770751953, "confirmed_ser": 0.5200710296630859, "confirmed_pdet": 0.0, "passed": true}, "0.05": {"index": 0, "sweep_ber": 0.0, "sweep_pdet": 0.05078125, "confirmed_ber": 0.0, "confirmed_ser": 0.0, "confirmed_pdet": 0.06103515625, "passed": false}}, "lrt_noise": {"0.01": {"index": 0, "sweep_ber": 0.0, "sweep_pdet": 0.013671875, "confirmed_ber": 0.0, "confirmed_ser": 0.0, "confirmed_pdet": 0.01513671875, "passed": false}, "0.05": {"index": 0, "sweep_ber": 0.0, "sweep_pdet": 0.048828125, "confirmed_ber": 0.0, "confirmed_ser": 0.0, "confirmed_pdet": 0.060546875, "passed": false}}}  (33s)
  [snr_40] classical pulsed_p1
    JSR  -50.0 dB  BER 0.00e+00  P(det)@0.05 power_one_sided 0.121 power_two_sided 0.141 kurtosis 0.059 spec_cnn 0.064  (0s)
    JSR  -49.0 dB  BER 0.00e+00  P(det)@0.05 power_one_sided 0.121 power_two_sided 0.143 kurtosis 0.055 spec_cnn 0.074  (0s)
    JSR  -48.0 dB  BER 0.00e+00  P(det)@0.05 power_one_sided 0.131 power_two_sided 0.203 kurtosis 0.084 spec_cnn 0.055  (1s)
    JSR  -47.0 dB  BER 0.00e+00  P(det)@0.05 power_one_sided 0.158 power_two_sided 0.230 kurtosis 0.035 spec_cnn 0.059  (1s)
    JSR  -46.0 dB  BER 0.00e+00  P(det)@0.05 power_one_sided 0.168 power_two_sided 0.232 kurtosis 0.057 spec_cnn 0.084  (1s)
    JSR  -45.0 dB  BER 0.00e+00  P(det)@0.05 power_one_sided 0.189 power_two_sided 0.268 kurtosis 0.053 spec_cnn 0.086  (1s)
    JSR  -44.0 dB  BER 0.00e+00  P(det)@0.05 power_one_sided 0.227 power_two_sided 0.332 kurtosis 0.045 spec_cnn 0.072  (1s)
    JSR  -43.0 dB  BER 0.00e+00  P(det)@0.05 power_one_sided 0.262 power_two_sided 0.391 kurtosis 0.064 spec_cnn 0.098  (1s)
    JSR  -42.0 dB  BER 0.00e+00  P(det)@0.05 power_one_sided 0.273 power_two_sided 0.406 kurtosis 0.057 spec_cnn 0.105  (2s)
    JSR  -41.0 dB  BER 0.00e+00  P(det)@0.05 power_one_sided 0.289 power_two_sided 0.436 kurtosis 0.049 spec_cnn 0.135  (2s)
    JSR  -40.0 dB  BER 0.00e+00  P(det)@0.05 power_one_sided 0.336 power_two_sided 0.480 kurtosis 0.051 spec_cnn 0.174  (2s)
    JSR  -39.0 dB  BER 0.00e+00  P(det)@0.05 power_one_sided 0.342 power_two_sided 0.549 kurtosis 0.035 spec_cnn 0.215  (2s)
    JSR  -38.0 dB  BER 0.00e+00  P(det)@0.05 power_one_sided 0.363 power_two_sided 0.557 kurtosis 0.055 spec_cnn 0.273  (2s)
    JSR  -37.0 dB  BER 0.00e+00  P(det)@0.05 power_one_sided 0.373 power_two_sided 0.623 kurtosis 0.059 spec_cnn 0.355  (3s)
    JSR  -36.0 dB  BER 0.00e+00  P(det)@0.05 power_one_sided 0.379 power_two_sided 0.650 kurtosis 0.061 spec_cnn 0.354  (3s)
    JSR  -35.0 dB  BER 0.00e+00  P(det)@0.05 power_one_sided 0.430 power_two_sided 0.691 kurtosis 0.080 spec_cnn 0.451  (3s)
    JSR  -34.0 dB  BER 0.00e+00  P(det)@0.05 power_one_sided 0.490 power_two_sided 0.725 kurtosis 0.043 spec_cnn 0.543  (3s)
    JSR  -33.0 dB  BER 0.00e+00  P(det)@0.05 power_one_sided 0.447 power_two_sided 0.713 kurtosis 0.057 spec_cnn 0.594  (3s)
    JSR  -32.0 dB  BER 0.00e+00  P(det)@0.05 power_one_sided 0.428 power_two_sided 0.768 kurtosis 0.070 spec_cnn 0.637  (3s)
    JSR  -31.0 dB  BER 0.00e+00  P(det)@0.05 power_one_sided 0.498 power_two_sided 0.779 kurtosis 0.055 spec_cnn 0.674  (4s)
    JSR  -30.0 dB  BER 0.00e+00  P(det)@0.05 power_one_sided 0.559 power_two_sided 0.812 kurtosis 0.049 spec_cnn 0.738  (4s)
    JSR  -29.0 dB  BER 0.00e+00  P(det)@0.05 power_one_sided 0.564 power_two_sided 0.863 kurtosis 0.074 spec_cnn 0.779  (4s)
    JSR  -28.0 dB  BER 0.00e+00  P(det)@0.05 power_one_sided 0.590 power_two_sided 0.873 kurtosis 0.051 spec_cnn 0.807  (4s)
    JSR  -27.0 dB  BER 0.00e+00  P(det)@0.05 power_one_sided 0.592 power_two_sided 0.869 kurtosis 0.059 spec_cnn 0.855  (4s)
    JSR  -26.0 dB  BER 0.00e+00  P(det)@0.05 power_one_sided 0.654 power_two_sided 0.893 kurtosis 0.051 spec_cnn 0.873  (5s)
    JSR  -25.0 dB  BER 0.00e+00  P(det)@0.05 power_one_sided 0.691 power_two_sided 0.910 kurtosis 0.061 spec_cnn 0.881  (5s)
    JSR  -24.0 dB  BER 0.00e+00  P(det)@0.05 power_one_sided 0.695 power_two_sided 0.914 kurtosis 0.074 spec_cnn 0.918  (5s)
    JSR  -23.0 dB  BER 0.00e+00  P(det)@0.05 power_one_sided 0.736 power_two_sided 0.922 kurtosis 0.053 spec_cnn 0.895  (5s)
    JSR  -22.0 dB  BER 0.00e+00  P(det)@0.05 power_one_sided 0.725 power_two_sided 0.934 kurtosis 0.080 spec_cnn 0.902  (5s)
    JSR  -21.0 dB  BER 0.00e+00  P(det)@0.05 power_one_sided 0.795 power_two_sided 0.955 kurtosis 0.094 spec_cnn 0.914  (5s)
    JSR  -20.0 dB  BER 0.00e+00  P(det)@0.05 power_one_sided 0.805 power_two_sided 0.947 kurtosis 0.111 spec_cnn 0.896  (6s)
    JSR  -19.0 dB  BER 0.00e+00  P(det)@0.05 power_one_sided 0.842 power_two_sided 0.969 kurtosis 0.117 spec_cnn 0.934  (6s)
    JSR  -18.0 dB  BER 0.00e+00  P(det)@0.05 power_one_sided 0.850 power_two_sided 0.979 kurtosis 0.168 spec_cnn 0.930  (6s)
    JSR  -17.0 dB  BER 0.00e+00  P(det)@0.05 power_one_sided 0.887 power_two_sided 0.988 kurtosis 0.240 spec_cnn 0.934  (6s)
    JSR  -16.0 dB  BER 0.00e+00  P(det)@0.05 power_one_sided 0.928 power_two_sided 0.986 kurtosis 0.330 spec_cnn 0.963  (6s)
    JSR  -15.0 dB  BER 0.00e+00  P(det)@0.05 power_one_sided 0.941 power_two_sided 0.992 kurtosis 0.432 spec_cnn 0.947  (7s)
    JSR  -14.0 dB  BER 0.00e+00  P(det)@0.05 power_one_sided 0.951 power_two_sided 0.994 kurtosis 0.613 spec_cnn 0.955  (7s)
    JSR  -13.0 dB  BER 0.00e+00  P(det)@0.05 power_one_sided 0.975 power_two_sided 0.996 kurtosis 0.814 spec_cnn 0.986  (7s)
    JSR  -12.0 dB  BER 0.00e+00  P(det)@0.05 power_one_sided 0.990 power_two_sided 1.000 kurtosis 0.934 spec_cnn 0.975  (7s)
    JSR  -11.0 dB  BER 0.00e+00  P(det)@0.05 power_one_sided 0.994 power_two_sided 1.000 kurtosis 0.984 spec_cnn 0.986  (7s)
    JSR  -10.0 dB  BER 0.00e+00  P(det)@0.05 power_one_sided 1.000 power_two_sided 1.000 kurtosis 1.000 spec_cnn 0.996  (7s)
    JSR   -9.0 dB  BER 0.00e+00  P(det)@0.05 power_one_sided 0.998 power_two_sided 1.000 kurtosis 0.998 spec_cnn 0.988  (8s)
    JSR   -8.0 dB  BER 0.00e+00  P(det)@0.05 power_one_sided 1.000 power_two_sided 1.000 kurtosis 1.000 spec_cnn 0.996  (8s)
    JSR   -7.0 dB  BER 4.58e-05  P(det)@0.05 power_one_sided 1.000 power_two_sided 1.000 kurtosis 1.000 spec_cnn 1.000  (8s)
    JSR   -6.0 dB  BER 1.52e-03  P(det)@0.05 power_one_sided 1.000 power_two_sided 1.000 kurtosis 1.000 spec_cnn 0.998  (8s)
    JSR   -5.0 dB  BER 7.51e-03  P(det)@0.05 power_one_sided 1.000 power_two_sided 1.000 kurtosis 1.000 spec_cnn 1.000  (8s)
    JSR   -4.0 dB  BER 2.18e-02  P(det)@0.05 power_one_sided 1.000 power_two_sided 1.000 kurtosis 1.000 spec_cnn 1.000  (9s)
    JSR   -3.0 dB  BER 5.25e-02  P(det)@0.05 power_one_sided 1.000 power_two_sided 1.000 kurtosis 1.000 spec_cnn 1.000  (9s)
    JSR   -2.0 dB  BER 1.10e-01  P(det)@0.05 power_one_sided 1.000 power_two_sided 1.000 kurtosis 1.000 spec_cnn 1.000  (9s)
    JSR   -1.0 dB  BER 1.63e-01  P(det)@0.05 power_one_sided 1.000 power_two_sided 1.000 kurtosis 1.000 spec_cnn 1.000  (9s)
    JSR   +0.0 dB  BER 1.99e-01  P(det)@0.05 power_one_sided 1.000 power_two_sided 1.000 kurtosis 1.000 spec_cnn 1.000  (9s)
    JSR   +1.0 dB  BER 2.32e-01  P(det)@0.05 power_one_sided 1.000 power_two_sided 1.000 kurtosis 1.000 spec_cnn 1.000  (9s)
    JSR   +2.0 dB  BER 2.60e-01  P(det)@0.05 power_one_sided 1.000 power_two_sided 1.000 kurtosis 1.000 spec_cnn 1.000  (10s)
    JSR   +3.0 dB  BER 2.89e-01  P(det)@0.05 power_one_sided 1.000 power_two_sided 1.000 kurtosis 1.000 spec_cnn 1.000  (10s)
    JSR   +4.0 dB  BER 3.02e-01  P(det)@0.05 power_one_sided 1.000 power_two_sided 1.000 kurtosis 1.000 spec_cnn 1.000  (10s)
    JSR   +5.0 dB  BER 3.30e-01  P(det)@0.05 power_one_sided 1.000 power_two_sided 1.000 kurtosis 0.998 spec_cnn 1.000  (10s)
    JSR   +6.0 dB  BER 3.50e-01  P(det)@0.05 power_one_sided 1.000 power_two_sided 1.000 kurtosis 0.975 spec_cnn 1.000  (10s)
    JSR   +7.0 dB  BER 3.69e-01  P(det)@0.05 power_one_sided 1.000 power_two_sided 1.000 kurtosis 0.852 spec_cnn 1.000  (11s)
    JSR   +8.0 dB  BER 3.76e-01  P(det)@0.05 power_one_sided 1.000 power_two_sided 1.000 kurtosis 0.539 spec_cnn 1.000  (11s)
    JSR   +9.0 dB  BER 3.92e-01  P(det)@0.05 power_one_sided 1.000 power_two_sided 1.000 kurtosis 0.145 spec_cnn 1.000  (11s)
    JSR  +10.0 dB  BER 4.06e-01  P(det)@0.05 power_one_sided 1.000 power_two_sided 1.000 kurtosis 0.082 spec_cnn 1.000  (11s)
    JSR  +11.0 dB  BER 4.10e-01  P(det)@0.05 power_one_sided 1.000 power_two_sided 1.000 kurtosis 0.262 spec_cnn 1.000  (11s)
    JSR  +12.0 dB  BER 4.19e-01  P(det)@0.05 power_one_sided 1.000 power_two_sided 1.000 kurtosis 0.588 spec_cnn 1.000  (11s)
    JSR  +13.0 dB  BER 4.34e-01  P(det)@0.05 power_one_sided 1.000 power_two_sided 1.000 kurtosis 0.857 spec_cnn 1.000  (12s)
    JSR  +14.0 dB  BER 4.40e-01  P(det)@0.05 power_one_sided 1.000 power_two_sided 1.000 kurtosis 0.932 spec_cnn 1.000  (12s)
    JSR  +15.0 dB  BER 4.42e-01  P(det)@0.05 power_one_sided 1.000 power_two_sided 1.000 kurtosis 0.984 spec_cnn 1.000  (12s)
  [snr_40] pulsed_p1 confirmed: {"power_one_sided": {"0.01": null, "0.05": null}, "power_two_sided": {"0.01": null, "0.05": null}, "kurtosis": {"0.01": {"index": 0, "sweep_ber": 0.0, "sweep_pdet": 0.01171875, "confirmed_ber": 0.0, "confirmed_ser": 0.0, "confirmed_pdet": 0.0107421875, "passed": true}, "0.05": {"index": 0, "sweep_ber": 0.0, "sweep_pdet": 0.05859375, "confirmed_ber": 0.0, "confirmed_ser": 0.0, "confirmed_pdet": 0.05712890625, "passed": false}}, "spec_cnn": {"0.01": {"index": 0, "sweep_ber": 0.0, "sweep_pdet": 0.009765625, "confirmed_ber": 0.0, "confirmed_ser": 0.0, "confirmed_pdet": 0.010498046875, "passed": true}, "0.05": {"index": 0, "sweep_ber": 0.0, "sweep_pdet": 0.064453125, "confirmed_ber": 0.0, "confirmed_ser": 0.0, "confirmed_pdet": 0.057861328125, "passed": false}}}  (51s)
  [snr_40] classical pulsed_p0.5
    JSR  -50.0 dB  BER 0.00e+00  P(det)@0.05 power_one_sided 0.098 power_two_sided 0.141 kurtosis 0.057 spec_cnn 0.053  (0s)
    JSR  -49.0 dB  BER 0.00e+00  P(det)@0.05 power_one_sided 0.123 power_two_sided 0.164 kurtosis 0.055 spec_cnn 0.055  (0s)
    JSR  -48.0 dB  BER 0.00e+00  P(det)@0.05 power_one_sided 0.119 power_two_sided 0.158 kurtosis 0.055 spec_cnn 0.061  (1s)
    JSR  -47.0 dB  BER 0.00e+00  P(det)@0.05 power_one_sided 0.148 power_two_sided 0.191 kurtosis 0.051 spec_cnn 0.082  (1s)
    JSR  -46.0 dB  BER 0.00e+00  P(det)@0.05 power_one_sided 0.174 power_two_sided 0.229 kurtosis 0.059 spec_cnn 0.074  (1s)
    JSR  -45.0 dB  BER 0.00e+00  P(det)@0.05 power_one_sided 0.164 power_two_sided 0.244 kurtosis 0.055 spec_cnn 0.074  (1s)
    JSR  -44.0 dB  BER 0.00e+00  P(det)@0.05 power_one_sided 0.238 power_two_sided 0.350 kurtosis 0.053 spec_cnn 0.084  (1s)
    JSR  -43.0 dB  BER 0.00e+00  P(det)@0.05 power_one_sided 0.234 power_two_sided 0.365 kurtosis 0.047 spec_cnn 0.117  (1s)
    JSR  -42.0 dB  BER 0.00e+00  P(det)@0.05 power_one_sided 0.258 power_two_sided 0.418 kurtosis 0.057 spec_cnn 0.109  (2s)
    JSR  -41.0 dB  BER 0.00e+00  P(det)@0.05 power_one_sided 0.318 power_two_sided 0.424 kurtosis 0.066 spec_cnn 0.156  (2s)
    JSR  -40.0 dB  BER 0.00e+00  P(det)@0.05 power_one_sided 0.320 power_two_sided 0.523 kurtosis 0.064 spec_cnn 0.174  (2s)
    JSR  -39.0 dB  BER 0.00e+00  P(det)@0.05 power_one_sided 0.340 power_two_sided 0.570 kurtosis 0.041 spec_cnn 0.188  (2s)
    JSR  -38.0 dB  BER 0.00e+00  P(det)@0.05 power_one_sided 0.338 power_two_sided 0.562 kurtosis 0.068 spec_cnn 0.248  (2s)
    JSR  -37.0 dB  BER 0.00e+00  P(det)@0.05 power_one_sided 0.354 power_two_sided 0.590 kurtosis 0.062 spec_cnn 0.320  (3s)
    JSR  -36.0 dB  BER 0.00e+00  P(det)@0.05 power_one_sided 0.393 power_two_sided 0.633 kurtosis 0.045 spec_cnn 0.355  (3s)
    JSR  -35.0 dB  BER 0.00e+00  P(det)@0.05 power_one_sided 0.400 power_two_sided 0.670 kurtosis 0.072 spec_cnn 0.436  (3s)
    JSR  -34.0 dB  BER 0.00e+00  P(det)@0.05 power_one_sided 0.418 power_two_sided 0.723 kurtosis 0.053 spec_cnn 0.486  (3s)
    JSR  -33.0 dB  BER 0.00e+00  P(det)@0.05 power_one_sided 0.453 power_two_sided 0.695 kurtosis 0.051 spec_cnn 0.521  (3s)
    JSR  -32.0 dB  BER 0.00e+00  P(det)@0.05 power_one_sided 0.502 power_two_sided 0.811 kurtosis 0.061 spec_cnn 0.562  (3s)
    JSR  -31.0 dB  BER 0.00e+00  P(det)@0.05 power_one_sided 0.508 power_two_sided 0.830 kurtosis 0.051 spec_cnn 0.627  (4s)
    JSR  -30.0 dB  BER 0.00e+00  P(det)@0.05 power_one_sided 0.547 power_two_sided 0.832 kurtosis 0.051 spec_cnn 0.660  (4s)
    JSR  -29.0 dB  BER 0.00e+00  P(det)@0.05 power_one_sided 0.578 power_two_sided 0.857 kurtosis 0.070 spec_cnn 0.725  (4s)
    JSR  -28.0 dB  BER 0.00e+00  P(det)@0.05 power_one_sided 0.582 power_two_sided 0.848 kurtosis 0.051 spec_cnn 0.746  (4s)
    JSR  -27.0 dB  BER 0.00e+00  P(det)@0.05 power_one_sided 0.580 power_two_sided 0.869 kurtosis 0.070 spec_cnn 0.758  (4s)
    JSR  -26.0 dB  BER 0.00e+00  P(det)@0.05 power_one_sided 0.611 power_two_sided 0.895 kurtosis 0.053 spec_cnn 0.805  (5s)
    JSR  -25.0 dB  BER 0.00e+00  P(det)@0.05 power_one_sided 0.672 power_two_sided 0.924 kurtosis 0.051 spec_cnn 0.781  (5s)
    JSR  -24.0 dB  BER 0.00e+00  P(det)@0.05 power_one_sided 0.682 power_two_sided 0.941 kurtosis 0.053 spec_cnn 0.822  (5s)
    JSR  -23.0 dB  BER 0.00e+00  P(det)@0.05 power_one_sided 0.688 power_two_sided 0.936 kurtosis 0.068 spec_cnn 0.814  (5s)
    JSR  -22.0 dB  BER 0.00e+00  P(det)@0.05 power_one_sided 0.750 power_two_sided 0.941 kurtosis 0.090 spec_cnn 0.857  (5s)
    JSR  -21.0 dB  BER 0.00e+00  P(det)@0.05 power_one_sided 0.791 power_two_sided 0.949 kurtosis 0.078 spec_cnn 0.824  (5s)
    JSR  -20.0 dB  BER 0.00e+00  P(det)@0.05 power_one_sided 0.793 power_two_sided 0.959 kurtosis 0.094 spec_cnn 0.879  (6s)
    JSR  -19.0 dB  BER 0.00e+00  P(det)@0.05 power_one_sided 0.828 power_two_sided 0.977 kurtosis 0.137 spec_cnn 0.891  (6s)
    JSR  -18.0 dB  BER 0.00e+00  P(det)@0.05 power_one_sided 0.846 power_two_sided 0.975 kurtosis 0.180 spec_cnn 0.842  (6s)
    JSR  -17.0 dB  BER 0.00e+00  P(det)@0.05 power_one_sided 0.893 power_two_sided 0.982 kurtosis 0.250 spec_cnn 0.885  (6s)
    JSR  -16.0 dB  BER 0.00e+00  P(det)@0.05 power_one_sided 0.896 power_two_sided 0.980 kurtosis 0.363 spec_cnn 0.924  (6s)
    JSR  -15.0 dB  BER 0.00e+00  P(det)@0.05 power_one_sided 0.943 power_two_sided 0.996 kurtosis 0.469 spec_cnn 0.908  (7s)
    JSR  -14.0 dB  BER 0.00e+00  P(det)@0.05 power_one_sided 0.971 power_two_sided 0.994 kurtosis 0.629 spec_cnn 0.926  (7s)
    JSR  -13.0 dB  BER 0.00e+00  P(det)@0.05 power_one_sided 0.975 power_two_sided 0.998 kurtosis 0.824 spec_cnn 0.934  (7s)
    JSR  -12.0 dB  BER 0.00e+00  P(det)@0.05 power_one_sided 0.986 power_two_sided 1.000 kurtosis 0.912 spec_cnn 0.939  (7s)
    JSR  -11.0 dB  BER 0.00e+00  P(det)@0.05 power_one_sided 0.992 power_two_sided 1.000 kurtosis 0.980 spec_cnn 0.971  (7s)
    JSR  -10.0 dB  BER 7.63e-06  P(det)@0.05 power_one_sided 0.996 power_two_sided 1.000 kurtosis 0.998 spec_cnn 0.975  (8s)
    JSR   -9.0 dB  BER 1.53e-04  P(det)@0.05 power_one_sided 1.000 power_two_sided 1.000 kurtosis 1.000 spec_cnn 0.977  (8s)
    JSR   -8.0 dB  BER 1.12e-03  P(det)@0.05 power_one_sided 1.000 power_two_sided 1.000 kurtosis 1.000 spec_cnn 0.986  (8s)
    JSR   -7.0 dB  BER 5.13e-03  P(det)@0.05 power_one_sided 1.000 power_two_sided 1.000 kurtosis 1.000 spec_cnn 0.988  (8s)
    JSR   -6.0 dB  BER 1.88e-02  P(det)@0.05 power_one_sided 1.000 power_two_sided 1.000 kurtosis 1.000 spec_cnn 0.994  (8s)
    JSR   -5.0 dB  BER 4.34e-02  P(det)@0.05 power_one_sided 1.000 power_two_sided 1.000 kurtosis 1.000 spec_cnn 0.994  (8s)
    JSR   -4.0 dB  BER 7.18e-02  P(det)@0.05 power_one_sided 1.000 power_two_sided 1.000 kurtosis 1.000 spec_cnn 1.000  (9s)
    JSR   -3.0 dB  BER 9.50e-02  P(det)@0.05 power_one_sided 1.000 power_two_sided 1.000 kurtosis 1.000 spec_cnn 0.998  (9s)
    JSR   -2.0 dB  BER 1.15e-01  P(det)@0.05 power_one_sided 1.000 power_two_sided 1.000 kurtosis 1.000 spec_cnn 1.000  (9s)
    JSR   -1.0 dB  BER 1.35e-01  P(det)@0.05 power_one_sided 1.000 power_two_sided 1.000 kurtosis 1.000 spec_cnn 1.000  (9s)
    JSR   +0.0 dB  BER 1.55e-01  P(det)@0.05 power_one_sided 1.000 power_two_sided 1.000 kurtosis 1.000 spec_cnn 1.000  (9s)
    JSR   +1.0 dB  BER 1.71e-01  P(det)@0.05 power_one_sided 1.000 power_two_sided 1.000 kurtosis 1.000 spec_cnn 1.000  (10s)
    JSR   +2.0 dB  BER 1.86e-01  P(det)@0.05 power_one_sided 1.000 power_two_sided 1.000 kurtosis 1.000 spec_cnn 1.000  (10s)
    JSR   +3.0 dB  BER 2.00e-01  P(det)@0.05 power_one_sided 1.000 power_two_sided 1.000 kurtosis 1.000 spec_cnn 1.000  (10s)
    JSR   +4.0 dB  BER 2.12e-01  P(det)@0.05 power_one_sided 1.000 power_two_sided 1.000 kurtosis 1.000 spec_cnn 1.000  (10s)
    JSR   +5.0 dB  BER 2.28e-01  P(det)@0.05 power_one_sided 1.000 power_two_sided 1.000 kurtosis 1.000 spec_cnn 1.000  (10s)
    JSR   +6.0 dB  BER 2.33e-01  P(det)@0.05 power_one_sided 1.000 power_two_sided 1.000 kurtosis 1.000 spec_cnn 1.000  (10s)
    JSR   +7.0 dB  BER 2.53e-01  P(det)@0.05 power_one_sided 1.000 power_two_sided 1.000 kurtosis 1.000 spec_cnn 1.000  (11s)
    JSR   +8.0 dB  BER 2.62e-01  P(det)@0.05 power_one_sided 1.000 power_two_sided 1.000 kurtosis 1.000 spec_cnn 1.000  (11s)
    JSR   +9.0 dB  BER 2.80e-01  P(det)@0.05 power_one_sided 1.000 power_two_sided 1.000 kurtosis 1.000 spec_cnn 1.000  (11s)
    JSR  +10.0 dB  BER 2.89e-01  P(det)@0.05 power_one_sided 1.000 power_two_sided 1.000 kurtosis 1.000 spec_cnn 1.000  (11s)
    JSR  +11.0 dB  BER 3.00e-01  P(det)@0.05 power_one_sided 1.000 power_two_sided 1.000 kurtosis 1.000 spec_cnn 1.000  (11s)
    JSR  +12.0 dB  BER 3.14e-01  P(det)@0.05 power_one_sided 1.000 power_two_sided 1.000 kurtosis 1.000 spec_cnn 1.000  (12s)
    JSR  +13.0 dB  BER 3.26e-01  P(det)@0.05 power_one_sided 1.000 power_two_sided 1.000 kurtosis 1.000 spec_cnn 1.000  (12s)
    JSR  +14.0 dB  BER 3.37e-01  P(det)@0.05 power_one_sided 1.000 power_two_sided 1.000 kurtosis 1.000 spec_cnn 1.000  (12s)
    JSR  +15.0 dB  BER 3.43e-01  P(det)@0.05 power_one_sided 1.000 power_two_sided 1.000 kurtosis 1.000 spec_cnn 0.996  (12s)
  [snr_40] pulsed_p0.5 confirmed: {"power_one_sided": {"0.01": null, "0.05": null}, "power_two_sided": {"0.01": null, "0.05": null}, "kurtosis": {"0.01": {"index": 0, "sweep_ber": 0.0, "sweep_pdet": 0.013671875, "confirmed_ber": 0.0, "confirmed_ser": 0.0, "confirmed_pdet": 0.009033203125, "passed": true}, "0.05": {"index": 0, "sweep_ber": 0.0, "sweep_pdet": 0.056640625, "confirmed_ber": 0.0, "confirmed_ser": 0.0, "confirmed_pdet": 0.054443359375, "passed": true}}, "spec_cnn": {"0.01": {"index": 0, "sweep_ber": 0.0, "sweep_pdet": 0.017578125, "confirmed_ber": 0.0, "confirmed_ser": 0.0, "confirmed_pdet": 0.0087890625, "passed": true}, "0.05": {"index": 0, "sweep_ber": 0.0, "sweep_pdet": 0.052734375, "confirmed_ber": 0.0, "confirmed_ser": 0.0, "confirmed_pdet": 0.060546875, "passed": false}}}  (69s)
  [snr_40] classical pulsed_p0.25
    JSR  -50.0 dB  BER 0.00e+00  P(det)@0.05 power_one_sided 0.094 power_two_sided 0.135 kurtosis 0.051 spec_cnn 0.066  (0s)
    JSR  -49.0 dB  BER 0.00e+00  P(det)@0.05 power_one_sided 0.115 power_two_sided 0.160 kurtosis 0.057 spec_cnn 0.057  (0s)
    JSR  -48.0 dB  BER 0.00e+00  P(det)@0.05 power_one_sided 0.150 power_two_sided 0.189 kurtosis 0.045 spec_cnn 0.074  (1s)
    JSR  -47.0 dB  BER 0.00e+00  P(det)@0.05 power_one_sided 0.121 power_two_sided 0.174 kurtosis 0.066 spec_cnn 0.068  (1s)
    JSR  -46.0 dB  BER 0.00e+00  P(det)@0.05 power_one_sided 0.148 power_two_sided 0.244 kurtosis 0.072 spec_cnn 0.086  (1s)
    JSR  -45.0 dB  BER 0.00e+00  P(det)@0.05 power_one_sided 0.209 power_two_sided 0.289 kurtosis 0.031 spec_cnn 0.082  (1s)
    JSR  -44.0 dB  BER 0.00e+00  P(det)@0.05 power_one_sided 0.246 power_two_sided 0.320 kurtosis 0.057 spec_cnn 0.070  (1s)
    JSR  -43.0 dB  BER 0.00e+00  P(det)@0.05 power_one_sided 0.229 power_two_sided 0.363 kurtosis 0.068 spec_cnn 0.107  (1s)
    JSR  -42.0 dB  BER 0.00e+00  P(det)@0.05 power_one_sided 0.242 power_two_sided 0.352 kurtosis 0.051 spec_cnn 0.135  (2s)
    JSR  -41.0 dB  BER 0.00e+00  P(det)@0.05 power_one_sided 0.293 power_two_sided 0.463 kurtosis 0.061 spec_cnn 0.137  (2s)
    JSR  -40.0 dB  BER 0.00e+00  P(det)@0.05 power_one_sided 0.303 power_two_sided 0.490 kurtosis 0.070 spec_cnn 0.168  (2s)
    JSR  -39.0 dB  BER 0.00e+00  P(det)@0.05 power_one_sided 0.330 power_two_sided 0.537 kurtosis 0.049 spec_cnn 0.186  (2s)
    JSR  -38.0 dB  BER 0.00e+00  P(det)@0.05 power_one_sided 0.344 power_two_sided 0.570 kurtosis 0.051 spec_cnn 0.234  (2s)
    JSR  -37.0 dB  BER 0.00e+00  P(det)@0.05 power_one_sided 0.375 power_two_sided 0.623 kurtosis 0.051 spec_cnn 0.299  (3s)
    JSR  -36.0 dB  BER 0.00e+00  P(det)@0.05 power_one_sided 0.412 power_two_sided 0.668 kurtosis 0.045 spec_cnn 0.367  (3s)
    JSR  -35.0 dB  BER 0.00e+00  P(det)@0.05 power_one_sided 0.443 power_two_sided 0.703 kurtosis 0.057 spec_cnn 0.377  (3s)
    JSR  -34.0 dB  BER 0.00e+00  P(det)@0.05 power_one_sided 0.445 power_two_sided 0.721 kurtosis 0.039 spec_cnn 0.430  (3s)
    JSR  -33.0 dB  BER 0.00e+00  P(det)@0.05 power_one_sided 0.490 power_two_sided 0.746 kurtosis 0.055 spec_cnn 0.420  (3s)
    JSR  -32.0 dB  BER 0.00e+00  P(det)@0.05 power_one_sided 0.502 power_two_sided 0.787 kurtosis 0.057 spec_cnn 0.467  (4s)
    JSR  -31.0 dB  BER 0.00e+00  P(det)@0.05 power_one_sided 0.520 power_two_sided 0.816 kurtosis 0.049 spec_cnn 0.455  (4s)
    JSR  -30.0 dB  BER 0.00e+00  P(det)@0.05 power_one_sided 0.564 power_two_sided 0.828 kurtosis 0.061 spec_cnn 0.520  (4s)
    JSR  -29.0 dB  BER 0.00e+00  P(det)@0.05 power_one_sided 0.555 power_two_sided 0.848 kurtosis 0.041 spec_cnn 0.537  (4s)
    JSR  -28.0 dB  BER 0.00e+00  P(det)@0.05 power_one_sided 0.578 power_two_sided 0.893 kurtosis 0.043 spec_cnn 0.578  (4s)
    JSR  -27.0 dB  BER 0.00e+00  P(det)@0.05 power_one_sided 0.617 power_two_sided 0.887 kurtosis 0.078 spec_cnn 0.604  (4s)
    JSR  -26.0 dB  BER 0.00e+00  P(det)@0.05 power_one_sided 0.625 power_two_sided 0.895 kurtosis 0.062 spec_cnn 0.586  (5s)
    JSR  -25.0 dB  BER 0.00e+00  P(det)@0.05 power_one_sided 0.674 power_two_sided 0.908 kurtosis 0.057 spec_cnn 0.658  (5s)
    JSR  -24.0 dB  BER 0.00e+00  P(det)@0.05 power_one_sided 0.688 power_two_sided 0.924 kurtosis 0.059 spec_cnn 0.609  (5s)
    JSR  -23.0 dB  BER 0.00e+00  P(det)@0.05 power_one_sided 0.701 power_two_sided 0.920 kurtosis 0.072 spec_cnn 0.631  (5s)
    JSR  -22.0 dB  BER 0.00e+00  P(det)@0.05 power_one_sided 0.695 power_two_sided 0.930 kurtosis 0.090 spec_cnn 0.670  (5s)
    JSR  -21.0 dB  BER 0.00e+00  P(det)@0.05 power_one_sided 0.752 power_two_sided 0.941 kurtosis 0.086 spec_cnn 0.658  (6s)
    JSR  -20.0 dB  BER 0.00e+00  P(det)@0.05 power_one_sided 0.793 power_two_sided 0.955 kurtosis 0.113 spec_cnn 0.656  (6s)
    JSR  -19.0 dB  BER 0.00e+00  P(det)@0.05 power_one_sided 0.830 power_two_sided 0.977 kurtosis 0.145 spec_cnn 0.709  (6s)
    JSR  -18.0 dB  BER 0.00e+00  P(det)@0.05 power_one_sided 0.891 power_two_sided 0.977 kurtosis 0.215 spec_cnn 0.701  (6s)
    JSR  -17.0 dB  BER 0.00e+00  P(det)@0.05 power_one_sided 0.898 power_two_sided 0.967 kurtosis 0.266 spec_cnn 0.715  (6s)
    JSR  -16.0 dB  BER 0.00e+00  P(det)@0.05 power_one_sided 0.910 power_two_sided 0.979 kurtosis 0.367 spec_cnn 0.725  (6s)
    JSR  -15.0 dB  BER 0.00e+00  P(det)@0.05 power_one_sided 0.941 power_two_sided 0.990 kurtosis 0.527 spec_cnn 0.762  (7s)
    JSR  -14.0 dB  BER 0.00e+00  P(det)@0.05 power_one_sided 0.969 power_two_sided 0.996 kurtosis 0.701 spec_cnn 0.768  (7s)
    JSR  -13.0 dB  BER 0.00e+00  P(det)@0.05 power_one_sided 0.980 power_two_sided 0.992 kurtosis 0.832 spec_cnn 0.789  (7s)
    JSR  -12.0 dB  BER 7.63e-05  P(det)@0.05 power_one_sided 0.984 power_two_sided 0.998 kurtosis 0.959 spec_cnn 0.832  (7s)
    JSR  -11.0 dB  BER 3.43e-04  P(det)@0.05 power_one_sided 0.996 power_two_sided 1.000 kurtosis 0.986 spec_cnn 0.844  (7s)
    JSR  -10.0 dB  BER 1.32e-03  P(det)@0.05 power_one_sided 0.996 power_two_sided 1.000 kurtosis 0.998 spec_cnn 0.887  (8s)
    JSR   -9.0 dB  BER 6.34e-03  P(det)@0.05 power_one_sided 1.000 power_two_sided 1.000 kurtosis 1.000 spec_cnn 0.893  (8s)
    JSR   -8.0 dB  BER 2.00e-02  P(det)@0.05 power_one_sided 1.000 power_two_sided 1.000 kurtosis 1.000 spec_cnn 0.939  (8s)
    JSR   -7.0 dB  BER 3.05e-02  P(det)@0.05 power_one_sided 0.998 power_two_sided 1.000 kurtosis 1.000 spec_cnn 0.945  (8s)
    JSR   -6.0 dB  BER 4.57e-02  P(det)@0.05 power_one_sided 1.000 power_two_sided 1.000 kurtosis 1.000 spec_cnn 0.973  (8s)
    JSR   -5.0 dB  BER 5.74e-02  P(det)@0.05 power_one_sided 1.000 power_two_sided 1.000 kurtosis 1.000 spec_cnn 0.990  (8s)
    JSR   -4.0 dB  BER 6.91e-02  P(det)@0.05 power_one_sided 1.000 power_two_sided 1.000 kurtosis 1.000 spec_cnn 0.992  (9s)
    JSR   -3.0 dB  BER 8.01e-02  P(det)@0.05 power_one_sided 1.000 power_two_sided 1.000 kurtosis 1.000 spec_cnn 0.998  (9s)
    JSR   -2.0 dB  BER 8.90e-02  P(det)@0.05 power_one_sided 1.000 power_two_sided 1.000 kurtosis 1.000 spec_cnn 1.000  (9s)
    JSR   -1.0 dB  BER 9.67e-02  P(det)@0.05 power_one_sided 1.000 power_two_sided 1.000 kurtosis 1.000 spec_cnn 0.996  (9s)
    JSR   +0.0 dB  BER 1.07e-01  P(det)@0.05 power_one_sided 1.000 power_two_sided 1.000 kurtosis 1.000 spec_cnn 1.000  (9s)
    JSR   +1.0 dB  BER 1.13e-01  P(det)@0.05 power_one_sided 1.000 power_two_sided 1.000 kurtosis 1.000 spec_cnn 1.000  (10s)
    JSR   +2.0 dB  BER 1.24e-01  P(det)@0.05 power_one_sided 1.000 power_two_sided 1.000 kurtosis 1.000 spec_cnn 1.000  (10s)
    JSR   +3.0 dB  BER 1.31e-01  P(det)@0.05 power_one_sided 1.000 power_two_sided 1.000 kurtosis 1.000 spec_cnn 1.000  (10s)
    JSR   +4.0 dB  BER 1.40e-01  P(det)@0.05 power_one_sided 1.000 power_two_sided 1.000 kurtosis 1.000 spec_cnn 1.000  (10s)
    JSR   +5.0 dB  BER 1.43e-01  P(det)@0.05 power_one_sided 1.000 power_two_sided 1.000 kurtosis 1.000 spec_cnn 1.000  (10s)
    JSR   +6.0 dB  BER 1.57e-01  P(det)@0.05 power_one_sided 1.000 power_two_sided 1.000 kurtosis 1.000 spec_cnn 1.000  (11s)
    JSR   +7.0 dB  BER 1.64e-01  P(det)@0.05 power_one_sided 1.000 power_two_sided 1.000 kurtosis 1.000 spec_cnn 1.000  (11s)
    JSR   +8.0 dB  BER 1.79e-01  P(det)@0.05 power_one_sided 1.000 power_two_sided 1.000 kurtosis 1.000 spec_cnn 1.000  (11s)
    JSR   +9.0 dB  BER 1.89e-01  P(det)@0.05 power_one_sided 1.000 power_two_sided 1.000 kurtosis 1.000 spec_cnn 1.000  (11s)
    JSR  +10.0 dB  BER 1.97e-01  P(det)@0.05 power_one_sided 1.000 power_two_sided 1.000 kurtosis 1.000 spec_cnn 1.000  (11s)
    JSR  +11.0 dB  BER 2.12e-01  P(det)@0.05 power_one_sided 1.000 power_two_sided 1.000 kurtosis 1.000 spec_cnn 0.998  (11s)
    JSR  +12.0 dB  BER 2.20e-01  P(det)@0.05 power_one_sided 1.000 power_two_sided 1.000 kurtosis 1.000 spec_cnn 1.000  (12s)
    JSR  +13.0 dB  BER 2.25e-01  P(det)@0.05 power_one_sided 1.000 power_two_sided 1.000 kurtosis 1.000 spec_cnn 1.000  (12s)
    JSR  +14.0 dB  BER 2.37e-01  P(det)@0.05 power_one_sided 1.000 power_two_sided 1.000 kurtosis 1.000 spec_cnn 1.000  (12s)
    JSR  +15.0 dB  BER 2.50e-01  P(det)@0.05 power_one_sided 1.000 power_two_sided 1.000 kurtosis 1.000 spec_cnn 0.998  (12s)
  [snr_40] pulsed_p0.25 confirmed: {"power_one_sided": {"0.01": null, "0.05": null}, "power_two_sided": {"0.01": null, "0.05": null}, "kurtosis": {"0.01": {"index": 0, "sweep_ber": 0.0, "sweep_pdet": 0.0078125, "confirmed_ber": 0.0, "confirmed_ser": 0.0, "confirmed_pdet": 0.009765625, "passed": true}, "0.05": {"index": 0, "sweep_ber": 0.0, "sweep_pdet": 0.05078125, "confirmed_ber": 0.0, "confirmed_ser": 0.0, "confirmed_pdet": 0.0546875, "passed": true}}, "spec_cnn": {"0.01": {"index": 0, "sweep_ber": 0.0, "sweep_pdet": 0.01171875, "confirmed_ber": 0.0, "confirmed_ser": 0.0, "confirmed_pdet": 0.00927734375, "passed": true}, "0.05": {"index": 0, "sweep_ber": 0.0, "sweep_pdet": 0.06640625, "confirmed_ber": 0.0, "confirmed_ser": 0.0, "confirmed_pdet": 0.05859375, "passed": false}}}  (87s)
  [snr_40] classical pulsed_p0.1
    JSR  -50.0 dB  BER 0.00e+00  P(det)@0.05 power_one_sided 0.146 power_two_sided 0.150 kurtosis 0.045 spec_cnn 0.080  (0s)
    JSR  -49.0 dB  BER 0.00e+00  P(det)@0.05 power_one_sided 0.135 power_two_sided 0.160 kurtosis 0.059 spec_cnn 0.053  (0s)
    JSR  -48.0 dB  BER 0.00e+00  P(det)@0.05 power_one_sided 0.119 power_two_sided 0.156 kurtosis 0.057 spec_cnn 0.084  (1s)
    JSR  -47.0 dB  BER 0.00e+00  P(det)@0.05 power_one_sided 0.135 power_two_sided 0.205 kurtosis 0.059 spec_cnn 0.062  (1s)
    JSR  -46.0 dB  BER 0.00e+00  P(det)@0.05 power_one_sided 0.139 power_two_sided 0.213 kurtosis 0.062 spec_cnn 0.104  (1s)
    JSR  -45.0 dB  BER 0.00e+00  P(det)@0.05 power_one_sided 0.168 power_two_sided 0.260 kurtosis 0.047 spec_cnn 0.072  (1s)
    JSR  -44.0 dB  BER 0.00e+00  P(det)@0.05 power_one_sided 0.221 power_two_sided 0.320 kurtosis 0.053 spec_cnn 0.102  (1s)
    JSR  -43.0 dB  BER 0.00e+00  P(det)@0.05 power_one_sided 0.209 power_two_sided 0.336 kurtosis 0.053 spec_cnn 0.102  (2s)
    JSR  -42.0 dB  BER 0.00e+00  P(det)@0.05 power_one_sided 0.281 power_two_sided 0.422 kurtosis 0.043 spec_cnn 0.125  (2s)
    JSR  -41.0 dB  BER 0.00e+00  P(det)@0.05 power_one_sided 0.281 power_two_sided 0.457 kurtosis 0.051 spec_cnn 0.152  (2s)
    JSR  -40.0 dB  BER 0.00e+00  P(det)@0.05 power_one_sided 0.311 power_two_sided 0.484 kurtosis 0.039 spec_cnn 0.164  (2s)
    JSR  -39.0 dB  BER 0.00e+00  P(det)@0.05 power_one_sided 0.340 power_two_sided 0.549 kurtosis 0.037 spec_cnn 0.168  (2s)
    JSR  -38.0 dB  BER 0.00e+00  P(det)@0.05 power_one_sided 0.352 power_two_sided 0.598 kurtosis 0.053 spec_cnn 0.186  (2s)
    JSR  -37.0 dB  BER 0.00e+00  P(det)@0.05 power_one_sided 0.412 power_two_sided 0.643 kurtosis 0.055 spec_cnn 0.240  (3s)
    JSR  -36.0 dB  BER 0.00e+00  P(det)@0.05 power_one_sided 0.408 power_two_sided 0.635 kurtosis 0.059 spec_cnn 0.217  (3s)
    JSR  -35.0 dB  BER 0.00e+00  P(det)@0.05 power_one_sided 0.424 power_two_sided 0.699 kurtosis 0.049 spec_cnn 0.266  (3s)
    JSR  -34.0 dB  BER 0.00e+00  P(det)@0.05 power_one_sided 0.475 power_two_sided 0.764 kurtosis 0.055 spec_cnn 0.291  (3s)
    JSR  -33.0 dB  BER 0.00e+00  P(det)@0.05 power_one_sided 0.473 power_two_sided 0.768 kurtosis 0.057 spec_cnn 0.230  (3s)
    JSR  -32.0 dB  BER 0.00e+00  P(det)@0.05 power_one_sided 0.482 power_two_sided 0.779 kurtosis 0.057 spec_cnn 0.279  (4s)
    JSR  -31.0 dB  BER 0.00e+00  P(det)@0.05 power_one_sided 0.527 power_two_sided 0.797 kurtosis 0.057 spec_cnn 0.305  (4s)
    JSR  -30.0 dB  BER 0.00e+00  P(det)@0.05 power_one_sided 0.529 power_two_sided 0.824 kurtosis 0.055 spec_cnn 0.303  (4s)
    JSR  -29.0 dB  BER 0.00e+00  P(det)@0.05 power_one_sided 0.545 power_two_sided 0.863 kurtosis 0.045 spec_cnn 0.303  (4s)
    JSR  -28.0 dB  BER 0.00e+00  P(det)@0.05 power_one_sided 0.576 power_two_sided 0.846 kurtosis 0.061 spec_cnn 0.336  (4s)
    JSR  -27.0 dB  BER 0.00e+00  P(det)@0.05 power_one_sided 0.607 power_two_sided 0.867 kurtosis 0.064 spec_cnn 0.326  (5s)
    JSR  -26.0 dB  BER 0.00e+00  P(det)@0.05 power_one_sided 0.629 power_two_sided 0.891 kurtosis 0.057 spec_cnn 0.326  (5s)
    JSR  -25.0 dB  BER 0.00e+00  P(det)@0.05 power_one_sided 0.688 power_two_sided 0.914 kurtosis 0.053 spec_cnn 0.350  (5s)
    JSR  -24.0 dB  BER 0.00e+00  P(det)@0.05 power_one_sided 0.676 power_two_sided 0.934 kurtosis 0.068 spec_cnn 0.318  (5s)
    JSR  -23.0 dB  BER 0.00e+00  P(det)@0.05 power_one_sided 0.742 power_two_sided 0.930 kurtosis 0.061 spec_cnn 0.287  (5s)
    JSR  -22.0 dB  BER 0.00e+00  P(det)@0.05 power_one_sided 0.781 power_two_sided 0.957 kurtosis 0.088 spec_cnn 0.371  (6s)
    JSR  -21.0 dB  BER 0.00e+00  P(det)@0.05 power_one_sided 0.773 power_two_sided 0.957 kurtosis 0.107 spec_cnn 0.340  (6s)
    JSR  -20.0 dB  BER 0.00e+00  P(det)@0.05 power_one_sided 0.791 power_two_sided 0.953 kurtosis 0.129 spec_cnn 0.373  (6s)
    JSR  -19.0 dB  BER 0.00e+00  P(det)@0.05 power_one_sided 0.846 power_two_sided 0.967 kurtosis 0.160 spec_cnn 0.381  (6s)
    JSR  -18.0 dB  BER 7.63e-06  P(det)@0.05 power_one_sided 0.863 power_two_sided 0.971 kurtosis 0.240 spec_cnn 0.398  (6s)
    JSR  -17.0 dB  BER 0.00e+00  P(det)@0.05 power_one_sided 0.887 power_two_sided 0.982 kurtosis 0.297 spec_cnn 0.381  (7s)
    JSR  -16.0 dB  BER 9.16e-05  P(det)@0.05 power_one_sided 0.922 power_two_sided 0.973 kurtosis 0.451 spec_cnn 0.391  (7s)
    JSR  -15.0 dB  BER 1.37e-04  P(det)@0.05 power_one_sided 0.939 power_two_sided 0.986 kurtosis 0.574 spec_cnn 0.410  (7s)
    JSR  -14.0 dB  BER 7.48e-04  P(det)@0.05 power_one_sided 0.965 power_two_sided 0.996 kurtosis 0.760 spec_cnn 0.465  (7s)
    JSR  -13.0 dB  BER 2.29e-03  P(det)@0.05 power_one_sided 0.986 power_two_sided 1.000 kurtosis 0.871 spec_cnn 0.527  (7s)
    JSR  -12.0 dB  BER 6.61e-03  P(det)@0.05 power_one_sided 0.990 power_two_sided 1.000 kurtosis 0.949 spec_cnn 0.555  (7s)
    JSR  -11.0 dB  BER 1.09e-02  P(det)@0.05 power_one_sided 0.996 power_two_sided 0.998 kurtosis 0.982 spec_cnn 0.576  (8s)
    JSR  -10.0 dB  BER 1.71e-02  P(det)@0.05 power_one_sided 0.998 power_two_sided 1.000 kurtosis 0.990 spec_cnn 0.627  (8s)
    JSR   -9.0 dB  BER 2.20e-02  P(det)@0.05 power_one_sided 1.000 power_two_sided 1.000 kurtosis 1.000 spec_cnn 0.725  (8s)
    JSR   -8.0 dB  BER 2.73e-02  P(det)@0.05 power_one_sided 1.000 power_two_sided 1.000 kurtosis 1.000 spec_cnn 0.738  (8s)
    JSR   -7.0 dB  BER 3.07e-02  P(det)@0.05 power_one_sided 1.000 power_two_sided 1.000 kurtosis 1.000 spec_cnn 0.818  (8s)
    JSR   -6.0 dB  BER 3.40e-02  P(det)@0.05 power_one_sided 1.000 power_two_sided 1.000 kurtosis 1.000 spec_cnn 0.861  (9s)
    JSR   -5.0 dB  BER 4.05e-02  P(det)@0.05 power_one_sided 1.000 power_two_sided 1.000 kurtosis 1.000 spec_cnn 0.924  (9s)
    JSR   -4.0 dB  BER 4.38e-02  P(det)@0.05 power_one_sided 1.000 power_two_sided 1.000 kurtosis 1.000 spec_cnn 0.941  (9s)
    JSR   -3.0 dB  BER 4.69e-02  P(det)@0.05 power_one_sided 1.000 power_two_sided 1.000 kurtosis 1.000 spec_cnn 0.982  (9s)
    JSR   -2.0 dB  BER 5.05e-02  P(det)@0.05 power_one_sided 1.000 power_two_sided 1.000 kurtosis 1.000 spec_cnn 0.990  (9s)
    JSR   -1.0 dB  BER 5.20e-02  P(det)@0.05 power_one_sided 1.000 power_two_sided 1.000 kurtosis 1.000 spec_cnn 0.994  (10s)
    JSR   +0.0 dB  BER 5.61e-02  P(det)@0.05 power_one_sided 1.000 power_two_sided 1.000 kurtosis 1.000 spec_cnn 1.000  (10s)
    JSR   +1.0 dB  BER 6.05e-02  P(det)@0.05 power_one_sided 1.000 power_two_sided 1.000 kurtosis 1.000 spec_cnn 0.998  (10s)
    JSR   +2.0 dB  BER 6.48e-02  P(det)@0.05 power_one_sided 1.000 power_two_sided 1.000 kurtosis 1.000 spec_cnn 1.000  (10s)
    JSR   +3.0 dB  BER 6.80e-02  P(det)@0.05 power_one_sided 1.000 power_two_sided 1.000 kurtosis 1.000 spec_cnn 1.000  (10s)
    JSR   +4.0 dB  BER 7.46e-02  P(det)@0.05 power_one_sided 1.000 power_two_sided 1.000 kurtosis 1.000 spec_cnn 0.994  (11s)
    JSR   +5.0 dB  BER 8.38e-02  P(det)@0.05 power_one_sided 1.000 power_two_sided 1.000 kurtosis 1.000 spec_cnn 0.998  (11s)
    JSR   +6.0 dB  BER 8.99e-02  P(det)@0.05 power_one_sided 1.000 power_two_sided 1.000 kurtosis 1.000 spec_cnn 0.998  (11s)
    JSR   +7.0 dB  BER 9.52e-02  P(det)@0.05 power_one_sided 1.000 power_two_sided 1.000 kurtosis 1.000 spec_cnn 0.996  (11s)
    JSR   +8.0 dB  BER 1.00e-01  P(det)@0.05 power_one_sided 1.000 power_two_sided 1.000 kurtosis 1.000 spec_cnn 0.996  (11s)
    JSR   +9.0 dB  BER 1.07e-01  P(det)@0.05 power_one_sided 1.000 power_two_sided 1.000 kurtosis 1.000 spec_cnn 0.996  (12s)
    JSR  +10.0 dB  BER 1.12e-01  P(det)@0.05 power_one_sided 1.000 power_two_sided 1.000 kurtosis 1.000 spec_cnn 0.994  (12s)
    JSR  +11.0 dB  BER 1.18e-01  P(det)@0.05 power_one_sided 1.000 power_two_sided 1.000 kurtosis 1.000 spec_cnn 0.994  (12s)
    JSR  +12.0 dB  BER 1.20e-01  P(det)@0.05 power_one_sided 1.000 power_two_sided 1.000 kurtosis 1.000 spec_cnn 0.988  (12s)
    JSR  +13.0 dB  BER 1.32e-01  P(det)@0.05 power_one_sided 1.000 power_two_sided 1.000 kurtosis 1.000 spec_cnn 0.988  (12s)
    JSR  +14.0 dB  BER 1.43e-01  P(det)@0.05 power_one_sided 1.000 power_two_sided 1.000 kurtosis 1.000 spec_cnn 0.990  (13s)
    JSR  +15.0 dB  BER 1.48e-01  P(det)@0.05 power_one_sided 1.000 power_two_sided 1.000 kurtosis 1.000 spec_cnn 0.994  (13s)
  [snr_40] pulsed_p0.1 confirmed: {"power_one_sided": {"0.01": null, "0.05": null}, "power_two_sided": {"0.01": null, "0.05": null}, "kurtosis": {"0.01": {"index": 0, "sweep_ber": 0.0, "sweep_pdet": 0.005859375, "confirmed_ber": 0.0, "confirmed_ser": 0.0, "confirmed_pdet": 0.00927734375, "passed": true}, "0.05": {"index": 0, "sweep_ber": 0.0, "sweep_pdet": 0.044921875, "confirmed_ber": 0.0, "confirmed_ser": 0.0, "confirmed_pdet": 0.050048828125, "passed": true}}, "spec_cnn": {"0.01": {"index": 0, "sweep_ber": 0.0, "sweep_pdet": 0.017578125, "confirmed_ber": 0.0, "confirmed_ser": 0.0, "confirmed_pdet": 0.012451171875, "passed": true}, "0.05": {"index": 1, "sweep_ber": 0.0, "sweep_pdet": 0.052734375, "confirmed_ber": 0.0, "confirmed_ser": 0.0, "confirmed_pdet": 0.0615234375, "passed": false}}}  (106s)
  [snr_40] classical omniscient_e0.1
    JSR  -50.0 dB  BER 0.00e+00  P(det)@0.05 power_one_sided 0.047 power_two_sided 0.045 kurtosis 0.055 spec_cnn 0.039  (0s)
    JSR  -49.0 dB  BER 0.00e+00  P(det)@0.05 power_one_sided 0.049 power_two_sided 0.045 kurtosis 0.043 spec_cnn 0.053  (0s)
    JSR  -48.0 dB  BER 0.00e+00  P(det)@0.05 power_one_sided 0.043 power_two_sided 0.061 kurtosis 0.057 spec_cnn 0.057  (1s)
    JSR  -47.0 dB  BER 0.00e+00  P(det)@0.05 power_one_sided 0.055 power_two_sided 0.043 kurtosis 0.059 spec_cnn 0.047  (1s)
    JSR  -46.0 dB  BER 0.00e+00  P(det)@0.05 power_one_sided 0.039 power_two_sided 0.043 kurtosis 0.037 spec_cnn 0.062  (1s)
    JSR  -45.0 dB  BER 0.00e+00  P(det)@0.05 power_one_sided 0.043 power_two_sided 0.029 kurtosis 0.041 spec_cnn 0.045  (1s)
    JSR  -44.0 dB  BER 0.00e+00  P(det)@0.05 power_one_sided 0.057 power_two_sided 0.057 kurtosis 0.068 spec_cnn 0.055  (1s)
    JSR  -43.0 dB  BER 0.00e+00  P(det)@0.05 power_one_sided 0.047 power_two_sided 0.045 kurtosis 0.066 spec_cnn 0.047  (2s)
    JSR  -42.0 dB  BER 0.00e+00  P(det)@0.05 power_one_sided 0.047 power_two_sided 0.053 kurtosis 0.043 spec_cnn 0.039  (2s)
    JSR  -41.0 dB  BER 0.00e+00  P(det)@0.05 power_one_sided 0.051 power_two_sided 0.059 kurtosis 0.062 spec_cnn 0.047  (2s)
    JSR  -40.0 dB  BER 0.00e+00  P(det)@0.05 power_one_sided 0.047 power_two_sided 0.041 kurtosis 0.039 spec_cnn 0.049  (2s)
    JSR  -39.0 dB  BER 0.00e+00  P(det)@0.05 power_one_sided 0.033 power_two_sided 0.031 kurtosis 0.057 spec_cnn 0.047  (2s)
    JSR  -38.0 dB  BER 0.00e+00  P(det)@0.05 power_one_sided 0.047 power_two_sided 0.061 kurtosis 0.043 spec_cnn 0.045  (3s)
    JSR  -37.0 dB  BER 0.00e+00  P(det)@0.05 power_one_sided 0.049 power_two_sided 0.043 kurtosis 0.037 spec_cnn 0.059  (3s)
    JSR  -36.0 dB  BER 0.00e+00  P(det)@0.05 power_one_sided 0.055 power_two_sided 0.051 kurtosis 0.070 spec_cnn 0.045  (3s)
    JSR  -35.0 dB  BER 0.00e+00  P(det)@0.05 power_one_sided 0.039 power_two_sided 0.037 kurtosis 0.057 spec_cnn 0.045  (3s)
    JSR  -34.0 dB  BER 0.00e+00  P(det)@0.05 power_one_sided 0.055 power_two_sided 0.043 kurtosis 0.051 spec_cnn 0.051  (3s)
    JSR  -33.0 dB  BER 0.00e+00  P(det)@0.05 power_one_sided 0.051 power_two_sided 0.053 kurtosis 0.049 spec_cnn 0.043  (4s)
    JSR  -32.0 dB  BER 0.00e+00  P(det)@0.05 power_one_sided 0.039 power_two_sided 0.047 kurtosis 0.062 spec_cnn 0.039  (4s)
    JSR  -31.0 dB  BER 0.00e+00  P(det)@0.05 power_one_sided 0.047 power_two_sided 0.053 kurtosis 0.053 spec_cnn 0.039  (4s)
    JSR  -30.0 dB  BER 0.00e+00  P(det)@0.05 power_one_sided 0.057 power_two_sided 0.055 kurtosis 0.064 spec_cnn 0.031  (4s)
    JSR  -29.0 dB  BER 0.00e+00  P(det)@0.05 power_one_sided 0.068 power_two_sided 0.053 kurtosis 0.039 spec_cnn 0.035  (4s)
    JSR  -28.0 dB  BER 0.00e+00  P(det)@0.05 power_one_sided 0.062 power_two_sided 0.057 kurtosis 0.061 spec_cnn 0.068  (4s)
    JSR  -27.0 dB  BER 0.00e+00  P(det)@0.05 power_one_sided 0.062 power_two_sided 0.055 kurtosis 0.078 spec_cnn 0.037  (5s)
    JSR  -26.0 dB  BER 0.00e+00  P(det)@0.05 power_one_sided 0.037 power_two_sided 0.051 kurtosis 0.049 spec_cnn 0.057  (5s)
    JSR  -25.0 dB  BER 0.00e+00  P(det)@0.05 power_one_sided 0.059 power_two_sided 0.051 kurtosis 0.047 spec_cnn 0.051  (5s)
    JSR  -24.0 dB  BER 0.00e+00  P(det)@0.05 power_one_sided 0.045 power_two_sided 0.049 kurtosis 0.047 spec_cnn 0.061  (5s)
    JSR  -23.0 dB  BER 0.00e+00  P(det)@0.05 power_one_sided 0.055 power_two_sided 0.051 kurtosis 0.057 spec_cnn 0.053  (5s)
    JSR  -22.0 dB  BER 0.00e+00  P(det)@0.05 power_one_sided 0.049 power_two_sided 0.051 kurtosis 0.043 spec_cnn 0.035  (6s)
    JSR  -21.0 dB  BER 0.00e+00  P(det)@0.05 power_one_sided 0.066 power_two_sided 0.053 kurtosis 0.045 spec_cnn 0.045  (6s)
    JSR  -20.0 dB  BER 7.81e-03  P(det)@0.05 power_one_sided 0.000 power_two_sided 1.000 kurtosis 0.068 spec_cnn 0.053  (6s)
    JSR  -19.0 dB  BER 7.81e-03  P(det)@0.05 power_one_sided 0.000 power_two_sided 1.000 kurtosis 0.049 spec_cnn 0.023  (6s)
    JSR  -18.0 dB  BER 7.81e-03  P(det)@0.05 power_one_sided 0.000 power_two_sided 1.000 kurtosis 0.066 spec_cnn 0.047  (7s)
    JSR  -17.0 dB  BER 1.56e-02  P(det)@0.05 power_one_sided 0.000 power_two_sided 1.000 kurtosis 0.141 spec_cnn 0.051  (7s)
    JSR  -16.0 dB  BER 1.56e-02  P(det)@0.05 power_one_sided 0.000 power_two_sided 1.000 kurtosis 0.096 spec_cnn 0.053  (7s)
    JSR  -15.0 dB  BER 2.34e-02  P(det)@0.05 power_one_sided 0.000 power_two_sided 1.000 kurtosis 0.162 spec_cnn 0.045  (7s)
    JSR  -14.0 dB  BER 3.12e-02  P(det)@0.05 power_one_sided 0.000 power_two_sided 1.000 kurtosis 0.248 spec_cnn 0.047  (7s)
    JSR  -13.0 dB  BER 3.91e-02  P(det)@0.05 power_one_sided 0.000 power_two_sided 1.000 kurtosis 0.363 spec_cnn 0.057  (8s)
    JSR  -12.0 dB  BER 4.69e-02  P(det)@0.05 power_one_sided 0.000 power_two_sided 1.000 kurtosis 0.506 spec_cnn 0.031  (8s)
    JSR  -11.0 dB  BER 6.25e-02  P(det)@0.05 power_one_sided 0.000 power_two_sided 1.000 kurtosis 0.750 spec_cnn 0.043  (8s)
    JSR  -10.0 dB  BER 7.81e-02  P(det)@0.05 power_one_sided 0.000 power_two_sided 1.000 kurtosis 0.908 spec_cnn 0.043  (8s)
    JSR   -9.0 dB  BER 1.02e-01  P(det)@0.05 power_one_sided 0.000 power_two_sided 1.000 kurtosis 0.996 spec_cnn 0.045  (9s)
    JSR   -8.0 dB  BER 1.25e-01  P(det)@0.05 power_one_sided 0.000 power_two_sided 1.000 kurtosis 1.000 spec_cnn 0.041  (9s)
    JSR   -7.0 dB  BER 1.64e-01  P(det)@0.05 power_one_sided 0.000 power_two_sided 1.000 kurtosis 1.000 spec_cnn 0.031  (9s)
    JSR   -6.0 dB  BER 2.03e-01  P(det)@0.05 power_one_sided 0.000 power_two_sided 1.000 kurtosis 1.000 spec_cnn 0.021  (9s)
    JSR   -5.0 dB  BER 2.58e-01  P(det)@0.05 power_one_sided 0.000 power_two_sided 1.000 kurtosis 1.000 spec_cnn 0.018  (9s)
    JSR   -4.0 dB  BER 3.28e-01  P(det)@0.05 power_one_sided 0.000 power_two_sided 1.000 kurtosis 1.000 spec_cnn 0.010  (10s)
    JSR   -3.0 dB  BER 4.14e-01  P(det)@0.05 power_one_sided 0.000 power_two_sided 1.000 kurtosis 1.000 spec_cnn 0.002  (10s)
    JSR   -2.0 dB  BER 5.16e-01  P(det)@0.05 power_one_sided 0.000 power_two_sided 1.000 kurtosis 1.000 spec_cnn 0.000  (10s)
    JSR   -1.0 dB  BER 6.56e-01  P(det)@0.05 power_one_sided 0.000 power_two_sided 1.000 kurtosis 1.000 spec_cnn 0.000  (10s)
    JSR   +0.0 dB  BER 8.20e-01  P(det)@0.05 power_one_sided 0.000 power_two_sided 1.000 kurtosis 1.000 spec_cnn 0.000  (11s)
    JSR   +1.0 dB  BER 1.00e+00  P(det)@0.05 power_one_sided 0.000 power_two_sided 1.000 kurtosis 0.080 spec_cnn 0.000  (11s)
    JSR   +2.0 dB  BER 1.00e+00  P(det)@0.05 power_one_sided 0.000 power_two_sided 1.000 kurtosis 0.094 spec_cnn 0.000  (11s)
    JSR   +3.0 dB  BER 1.00e+00  P(det)@0.05 power_one_sided 0.000 power_two_sided 1.000 kurtosis 0.088 spec_cnn 0.000  (11s)
    JSR   +4.0 dB  BER 1.00e+00  P(det)@0.05 power_one_sided 0.000 power_two_sided 1.000 kurtosis 0.080 spec_cnn 0.000  (11s)
    JSR   +5.0 dB  BER 1.00e+00  P(det)@0.05 power_one_sided 0.000 power_two_sided 1.000 kurtosis 0.070 spec_cnn 0.000  (12s)
    JSR   +6.0 dB  BER 1.00e+00  P(det)@0.05 power_one_sided 0.000 power_two_sided 1.000 kurtosis 0.096 spec_cnn 0.000  (12s)
    JSR   +7.0 dB  BER 1.00e+00  P(det)@0.05 power_one_sided 0.000 power_two_sided 1.000 kurtosis 0.078 spec_cnn 0.000  (12s)
    JSR   +8.0 dB  BER 1.00e+00  P(det)@0.05 power_one_sided 0.000 power_two_sided 1.000 kurtosis 0.092 spec_cnn 0.000  (12s)
    JSR   +9.0 dB  BER 1.00e+00  P(det)@0.05 power_one_sided 0.000 power_two_sided 1.000 kurtosis 0.092 spec_cnn 0.000  (12s)
    JSR  +10.0 dB  BER 1.00e+00  P(det)@0.05 power_one_sided 0.000 power_two_sided 1.000 kurtosis 0.080 spec_cnn 0.000  (13s)
    JSR  +11.0 dB  BER 1.00e+00  P(det)@0.05 power_one_sided 0.000 power_two_sided 1.000 kurtosis 0.088 spec_cnn 0.000  (13s)
    JSR  +12.0 dB  BER 1.00e+00  P(det)@0.05 power_one_sided 0.000 power_two_sided 1.000 kurtosis 0.084 spec_cnn 0.000  (13s)
    JSR  +13.0 dB  BER 1.00e+00  P(det)@0.05 power_one_sided 0.000 power_two_sided 1.000 kurtosis 0.072 spec_cnn 0.000  (13s)
    JSR  +14.0 dB  BER 1.00e+00  P(det)@0.05 power_one_sided 0.000 power_two_sided 1.000 kurtosis 0.109 spec_cnn 0.000  (14s)
    JSR  +15.0 dB  BER 1.00e+00  P(det)@0.05 power_one_sided 0.000 power_two_sided 1.000 kurtosis 0.064 spec_cnn 0.000  (14s)
  [snr_40] omniscient_e0.1 confirmed: {"power_one_sided": {"0.01": {"index": 51, "sweep_ber": 1.0, "sweep_pdet": 0.0, "confirmed_ber": 1.0, "confirmed_ser": 1.0, "confirmed_pdet": 0.0, "passed": true}, "0.05": {"index": 51, "sweep_ber": 1.0, "sweep_pdet": 0.0, "confirmed_ber": 1.0, "confirmed_ser": 1.0, "confirmed_pdet": 0.0, "passed": true}}, "power_two_sided": {"0.01": {"index": 0, "sweep_ber": 0.0, "sweep_pdet": 0.005859375, "confirmed_ber": 0.0, "confirmed_ser": 0.0, "confirmed_pdet": 0.0087890625, "passed": true}, "0.05": {"index": 0, "sweep_ber": 0.0, "sweep_pdet": 0.044921875, "confirmed_ber": 0.0, "confirmed_ser": 0.0, "confirmed_pdet": 0.046875, "passed": true}}, "kurtosis": {"0.01": {"index": 52, "sweep_ber": 1.0, "sweep_pdet": 0.017578125, "confirmed_ber": 1.0, "confirmed_ser": 1.0, "confirmed_pdet": 0.02197265625, "passed": false}, "0.05": {"index": 65, "sweep_ber": 1.0, "sweep_pdet": 0.064453125, "confirmed_ber": 1.0, "confirmed_ser": 1.0, "confirmed_pdet": 0.078369140625, "passed": false}}, "spec_cnn": {"0.01": {"index": 51, "sweep_ber": 1.0, "sweep_pdet": 0.0, "confirmed_ber": 1.0, "confirmed_ser": 1.0, "confirmed_pdet": 0.0, "passed": true}, "0.05": {"index": 51, "sweep_ber": 1.0, "sweep_pdet": 0.0, "confirmed_ber": 1.0, "confirmed_ser": 1.0, "confirmed_pdet": 0.0, "passed": true}}}  (136s)
  [snr_40] classical omniscient_e1
    JSR  -50.0 dB  BER 0.00e+00  P(det)@0.05 power_one_sided 0.051 power_two_sided 0.041 kurtosis 0.047 spec_cnn 0.057  (0s)
    JSR  -49.0 dB  BER 0.00e+00  P(det)@0.05 power_one_sided 0.047 power_two_sided 0.064 kurtosis 0.049 spec_cnn 0.076  (1s)
    JSR  -48.0 dB  BER 0.00e+00  P(det)@0.05 power_one_sided 0.061 power_two_sided 0.059 kurtosis 0.051 spec_cnn 0.047  (1s)
    JSR  -47.0 dB  BER 0.00e+00  P(det)@0.05 power_one_sided 0.072 power_two_sided 0.057 kurtosis 0.059 spec_cnn 0.055  (1s)
    JSR  -46.0 dB  BER 0.00e+00  P(det)@0.05 power_one_sided 0.062 power_two_sided 0.051 kurtosis 0.045 spec_cnn 0.047  (1s)
    JSR  -45.0 dB  BER 0.00e+00  P(det)@0.05 power_one_sided 0.051 power_two_sided 0.059 kurtosis 0.057 spec_cnn 0.051  (2s)
    JSR  -44.0 dB  BER 0.00e+00  P(det)@0.05 power_one_sided 0.055 power_two_sided 0.043 kurtosis 0.043 spec_cnn 0.035  (2s)
    JSR  -43.0 dB  BER 0.00e+00  P(det)@0.05 power_one_sided 0.047 power_two_sided 0.033 kurtosis 0.039 spec_cnn 0.051  (2s)
    JSR  -42.0 dB  BER 0.00e+00  P(det)@0.05 power_one_sided 0.053 power_two_sided 0.057 kurtosis 0.045 spec_cnn 0.055  (2s)
    JSR  -41.0 dB  BER 0.00e+00  P(det)@0.05 power_one_sided 0.047 power_two_sided 0.051 kurtosis 0.061 spec_cnn 0.033  (3s)
    JSR  -40.0 dB  BER 0.00e+00  P(det)@0.05 power_one_sided 0.049 power_two_sided 0.053 kurtosis 0.057 spec_cnn 0.055  (3s)
    JSR  -39.0 dB  BER 0.00e+00  P(det)@0.05 power_one_sided 0.037 power_two_sided 0.041 kurtosis 0.049 spec_cnn 0.043  (3s)
    JSR  -38.0 dB  BER 0.00e+00  P(det)@0.05 power_one_sided 0.037 power_two_sided 0.055 kurtosis 0.041 spec_cnn 0.049  (3s)
    JSR  -37.0 dB  BER 0.00e+00  P(det)@0.05 power_one_sided 0.031 power_two_sided 0.047 kurtosis 0.051 spec_cnn 0.039  (4s)
    JSR  -36.0 dB  BER 0.00e+00  P(det)@0.05 power_one_sided 0.049 power_two_sided 0.049 kurtosis 0.059 spec_cnn 0.072  (4s)
    JSR  -35.0 dB  BER 0.00e+00  P(det)@0.05 power_one_sided 0.059 power_two_sided 0.039 kurtosis 0.057 spec_cnn 0.041  (4s)
    JSR  -34.0 dB  BER 0.00e+00  P(det)@0.05 power_one_sided 0.057 power_two_sided 0.070 kurtosis 0.068 spec_cnn 0.043  (5s)
    JSR  -33.0 dB  BER 0.00e+00  P(det)@0.05 power_one_sided 0.051 power_two_sided 0.062 kurtosis 0.031 spec_cnn 0.043  (5s)
    JSR  -32.0 dB  BER 0.00e+00  P(det)@0.05 power_one_sided 0.055 power_two_sided 0.055 kurtosis 0.047 spec_cnn 0.047  (5s)
    JSR  -31.0 dB  BER 0.00e+00  P(det)@0.05 power_one_sided 0.057 power_two_sided 0.049 kurtosis 0.037 spec_cnn 0.076  (5s)
    JSR  -30.0 dB  BER 0.00e+00  P(det)@0.05 power_one_sided 0.045 power_two_sided 0.041 kurtosis 0.059 spec_cnn 0.035  (6s)
    JSR  -29.0 dB  BER 0.00e+00  P(det)@0.05 power_one_sided 0.037 power_two_sided 0.031 kurtosis 0.066 spec_cnn 0.037  (6s)
    JSR  -28.0 dB  BER 0.00e+00  P(det)@0.05 power_one_sided 0.061 power_two_sided 0.047 kurtosis 0.057 spec_cnn 0.049  (6s)
    JSR  -27.0 dB  BER 0.00e+00  P(det)@0.05 power_one_sided 0.061 power_two_sided 0.051 kurtosis 0.072 spec_cnn 0.039  (6s)
    JSR  -26.0 dB  BER 0.00e+00  P(det)@0.05 power_one_sided 0.045 power_two_sided 0.041 kurtosis 0.043 spec_cnn 0.045  (7s)
    JSR  -25.0 dB  BER 0.00e+00  P(det)@0.05 power_one_sided 0.053 power_two_sided 0.049 kurtosis 0.061 spec_cnn 0.059  (7s)
    JSR  -24.0 dB  BER 0.00e+00  P(det)@0.05 power_one_sided 0.057 power_two_sided 0.039 kurtosis 0.049 spec_cnn 0.051  (7s)
    JSR  -23.0 dB  BER 0.00e+00  P(det)@0.05 power_one_sided 0.039 power_two_sided 0.049 kurtosis 0.051 spec_cnn 0.041  (8s)
    JSR  -22.0 dB  BER 0.00e+00  P(det)@0.05 power_one_sided 0.061 power_two_sided 0.062 kurtosis 0.061 spec_cnn 0.027  (8s)
    JSR  -21.0 dB  BER 0.00e+00  P(det)@0.05 power_one_sided 0.059 power_two_sided 0.043 kurtosis 0.049 spec_cnn 0.045  (8s)
    JSR  -20.0 dB  BER 0.00e+00  P(det)@0.05 power_one_sided 0.064 power_two_sided 0.055 kurtosis 0.072 spec_cnn 0.055  (8s)
    JSR  -19.0 dB  BER 0.00e+00  P(det)@0.05 power_one_sided 0.051 power_two_sided 0.057 kurtosis 0.051 spec_cnn 0.051  (9s)
    JSR  -18.0 dB  BER 0.00e+00  P(det)@0.05 power_one_sided 0.051 power_two_sided 0.049 kurtosis 0.041 spec_cnn 0.047  (9s)
    JSR  -17.0 dB  BER 0.00e+00  P(det)@0.05 power_one_sided 0.039 power_two_sided 0.049 kurtosis 0.053 spec_cnn 0.047  (9s)
    JSR  -16.0 dB  BER 0.00e+00  P(det)@0.05 power_one_sided 0.045 power_two_sided 0.051 kurtosis 0.049 spec_cnn 0.049  (9s)
    JSR  -15.0 dB  BER 7.81e-03  P(det)@0.05 power_one_sided 0.049 power_two_sided 0.049 kurtosis 0.041 spec_cnn 0.068  (10s)
    JSR  -14.0 dB  BER 7.81e-03  P(det)@0.05 power_one_sided 0.066 power_two_sided 0.059 kurtosis 0.043 spec_cnn 0.043  (10s)
    JSR  -13.0 dB  BER 7.81e-03  P(det)@0.05 power_one_sided 0.076 power_two_sided 0.055 kurtosis 0.055 spec_cnn 0.045  (10s)
    JSR  -12.0 dB  BER 1.56e-02  P(det)@0.05 power_one_sided 0.059 power_two_sided 0.043 kurtosis 0.072 spec_cnn 0.039  (10s)
    JSR  -11.0 dB  BER 1.56e-02  P(det)@0.05 power_one_sided 0.047 power_two_sided 0.047 kurtosis 0.064 spec_cnn 0.037  (11s)
    JSR  -10.0 dB  BER 2.34e-02  P(det)@0.05 power_one_sided 0.049 power_two_sided 0.053 kurtosis 0.066 spec_cnn 0.053  (11s)
    JSR   -9.0 dB  BER 3.12e-02  P(det)@0.05 power_one_sided 0.062 power_two_sided 0.062 kurtosis 0.045 spec_cnn 0.031  (11s)
    JSR   -8.0 dB  BER 3.91e-02  P(det)@0.05 power_one_sided 0.059 power_two_sided 0.057 kurtosis 0.043 spec_cnn 0.043  (12s)
    JSR   -7.0 dB  BER 4.69e-02  P(det)@0.05 power_one_sided 0.049 power_two_sided 0.049 kurtosis 0.043 spec_cnn 0.055  (12s)
    JSR   -6.0 dB  BER 6.25e-02  P(det)@0.05 power_one_sided 0.062 power_two_sided 0.059 kurtosis 0.047 spec_cnn 0.035  (12s)
    JSR   -5.0 dB  BER 7.81e-02  P(det)@0.05 power_one_sided 0.059 power_two_sided 0.064 kurtosis 0.043 spec_cnn 0.047  (13s)
    JSR   -4.0 dB  BER 9.38e-02  P(det)@0.05 power_one_sided 0.053 power_two_sided 0.059 kurtosis 0.035 spec_cnn 0.043  (13s)
    JSR   -3.0 dB  BER 1.25e-01  P(det)@0.05 power_one_sided 0.045 power_two_sided 0.043 kurtosis 0.053 spec_cnn 0.049  (13s)
    JSR   -2.0 dB  BER 1.56e-01  P(det)@0.05 power_one_sided 0.037 power_two_sided 0.051 kurtosis 0.066 spec_cnn 0.057  (13s)
    JSR   -1.0 dB  BER 1.95e-01  P(det)@0.05 power_one_sided 0.059 power_two_sided 0.045 kurtosis 0.062 spec_cnn 0.055  (14s)
    JSR   +0.0 dB  BER 2.50e-01  P(det)@0.05 power_one_sided 0.041 power_two_sided 0.049 kurtosis 0.055 spec_cnn 0.037  (14s)
    JSR   +1.0 dB  BER 3.12e-01  P(det)@0.05 power_one_sided 0.057 power_two_sided 0.053 kurtosis 0.047 spec_cnn 0.045  (14s)
    JSR   +2.0 dB  BER 3.91e-01  P(det)@0.05 power_one_sided 0.047 power_two_sided 0.051 kurtosis 0.049 spec_cnn 0.053  (15s)
    JSR   +3.0 dB  BER 4.92e-01  P(det)@0.05 power_one_sided 0.039 power_two_sided 0.047 kurtosis 0.062 spec_cnn 0.049  (15s)
    JSR   +4.0 dB  BER 6.25e-01  P(det)@0.05 power_one_sided 0.055 power_two_sided 0.064 kurtosis 0.055 spec_cnn 0.053  (15s)
    JSR   +5.0 dB  BER 7.89e-01  P(det)@0.05 power_one_sided 0.049 power_two_sided 0.045 kurtosis 0.068 spec_cnn 0.041  (15s)
    JSR   +6.0 dB  BER 9.92e-01  P(det)@0.05 power_one_sided 0.066 power_two_sided 0.039 kurtosis 0.049 spec_cnn 0.051  (16s)
    JSR   +7.0 dB  BER 1.00e+00  P(det)@0.05 power_one_sided 0.051 power_two_sided 0.064 kurtosis 0.055 spec_cnn 0.059  (16s)
    JSR   +8.0 dB  BER 1.00e+00  P(det)@0.05 power_one_sided 0.059 power_two_sided 0.041 kurtosis 0.053 spec_cnn 0.049  (16s)
    JSR   +9.0 dB  BER 1.00e+00  P(det)@0.05 power_one_sided 0.051 power_two_sided 0.047 kurtosis 0.051 spec_cnn 0.051  (17s)
    JSR  +10.0 dB  BER 1.00e+00  P(det)@0.05 power_one_sided 0.070 power_two_sided 0.049 kurtosis 0.057 spec_cnn 0.057  (17s)
    JSR  +11.0 dB  BER 1.00e+00  P(det)@0.05 power_one_sided 0.043 power_two_sided 0.033 kurtosis 0.049 spec_cnn 0.045  (17s)
    JSR  +12.0 dB  BER 1.00e+00  P(det)@0.05 power_one_sided 0.078 power_two_sided 0.062 kurtosis 0.047 spec_cnn 0.057  (17s)
    JSR  +13.0 dB  BER 1.00e+00  P(det)@0.05 power_one_sided 0.043 power_two_sided 0.037 kurtosis 0.057 spec_cnn 0.047  (18s)
    JSR  +14.0 dB  BER 1.00e+00  P(det)@0.05 power_one_sided 0.057 power_two_sided 0.047 kurtosis 0.055 spec_cnn 0.051  (18s)
    JSR  +15.0 dB  BER 1.00e+00  P(det)@0.05 power_one_sided 0.039 power_two_sided 0.045 kurtosis 0.051 spec_cnn 0.059  (18s)
  [snr_40] omniscient_e1 confirmed: {"power_one_sided": {"0.01": {"index": 58, "sweep_ber": 1.0, "sweep_pdet": 0.017578125, "confirmed_ber": 1.0, "confirmed_ser": 1.0, "confirmed_pdet": 0.010986328125, "passed": true}, "0.05": {"index": 57, "sweep_ber": 1.0, "sweep_pdet": 0.05078125, "confirmed_ber": 1.0, "confirmed_ser": 1.0, "confirmed_pdet": 0.057861328125, "passed": false}}, "power_two_sided": {"0.01": {"index": 58, "sweep_ber": 1.0, "sweep_pdet": 0.013671875, "confirmed_ber": 1.0, "confirmed_ser": 1.0, "confirmed_pdet": 0.009521484375, "passed": true}, "0.05": {"index": 57, "sweep_ber": 1.0, "sweep_pdet": 0.064453125, "confirmed_ber": 1.0, "confirmed_ser": 1.0, "confirmed_pdet": 0.055419921875, "passed": true}}, "kurtosis": {"0.01": {"index": 57, "sweep_ber": 1.0, "sweep_pdet": 0.0078125, "confirmed_ber": 1.0, "confirmed_ser": 1.0, "confirmed_pdet": 0.007568359375, "passed": true}, "0.05": {"index": 57, "sweep_ber": 1.0, "sweep_pdet": 0.0546875, "confirmed_ber": 1.0, "confirmed_ser": 1.0, "confirmed_pdet": 0.052978515625, "passed": true}}, "spec_cnn": {"0.01": {"index": 57, "sweep_ber": 1.0, "sweep_pdet": 0.009765625, "confirmed_ber": 1.0, "confirmed_ser": 1.0, "confirmed_pdet": 0.009765625, "passed": true}, "0.05": {"index": 57, "sweep_ber": 1.0, "sweep_pdet": 0.05859375, "confirmed_ber": 1.0, "confirmed_ser": 1.0, "confirmed_pdet": 0.049560546875, "passed": true}}}  (174s)
  [snr_40] generator plain_run001 (scale 0.4022)
    JSR  -50.0 dB  BER 0.00e+00  P(det)@0.05 power_one_sided 0.102 power_two_sided 0.139 kurtosis 0.057 spec_cnn 0.045  (0s)
    JSR  -49.0 dB  BER 0.00e+00  P(det)@0.05 power_one_sided 0.088 power_two_sided 0.133 kurtosis 0.047 spec_cnn 0.055  (1s)
    JSR  -48.0 dB  BER 0.00e+00  P(det)@0.05 power_one_sided 0.141 power_two_sided 0.193 kurtosis 0.053 spec_cnn 0.041  (1s)
    JSR  -47.0 dB  BER 0.00e+00  P(det)@0.05 power_one_sided 0.127 power_two_sided 0.191 kurtosis 0.049 spec_cnn 0.055  (1s)
    JSR  -46.0 dB  BER 0.00e+00  P(det)@0.05 power_one_sided 0.148 power_two_sided 0.207 kurtosis 0.033 spec_cnn 0.068  (1s)
    JSR  -45.0 dB  BER 0.00e+00  P(det)@0.05 power_one_sided 0.152 power_two_sided 0.258 kurtosis 0.059 spec_cnn 0.070  (2s)
    JSR  -44.0 dB  BER 0.00e+00  P(det)@0.05 power_one_sided 0.180 power_two_sided 0.275 kurtosis 0.051 spec_cnn 0.113  (2s)
    JSR  -43.0 dB  BER 0.00e+00  P(det)@0.05 power_one_sided 0.252 power_two_sided 0.350 kurtosis 0.045 spec_cnn 0.098  (2s)
    JSR  -42.0 dB  BER 0.00e+00  P(det)@0.05 power_one_sided 0.275 power_two_sided 0.404 kurtosis 0.064 spec_cnn 0.166  (3s)
    JSR  -41.0 dB  BER 0.00e+00  P(det)@0.05 power_one_sided 0.295 power_two_sided 0.439 kurtosis 0.070 spec_cnn 0.184  (3s)
    JSR  -40.0 dB  BER 0.00e+00  P(det)@0.05 power_one_sided 0.281 power_two_sided 0.449 kurtosis 0.061 spec_cnn 0.168  (3s)
    JSR  -39.0 dB  BER 0.00e+00  P(det)@0.05 power_one_sided 0.340 power_two_sided 0.535 kurtosis 0.059 spec_cnn 0.264  (4s)
    JSR  -38.0 dB  BER 0.00e+00  P(det)@0.05 power_one_sided 0.383 power_two_sided 0.588 kurtosis 0.062 spec_cnn 0.340  (4s)
    JSR  -37.0 dB  BER 0.00e+00  P(det)@0.05 power_one_sided 0.377 power_two_sided 0.627 kurtosis 0.051 spec_cnn 0.424  (4s)
    JSR  -36.0 dB  BER 0.00e+00  P(det)@0.05 power_one_sided 0.418 power_two_sided 0.641 kurtosis 0.043 spec_cnn 0.527  (5s)
    JSR  -35.0 dB  BER 0.00e+00  P(det)@0.05 power_one_sided 0.443 power_two_sided 0.686 kurtosis 0.062 spec_cnn 0.602  (5s)
    JSR  -34.0 dB  BER 0.00e+00  P(det)@0.05 power_one_sided 0.447 power_two_sided 0.713 kurtosis 0.059 spec_cnn 0.689  (5s)
    JSR  -33.0 dB  BER 0.00e+00  P(det)@0.05 power_one_sided 0.482 power_two_sided 0.770 kurtosis 0.068 spec_cnn 0.744  (6s)
    JSR  -32.0 dB  BER 0.00e+00  P(det)@0.05 power_one_sided 0.523 power_two_sided 0.764 kurtosis 0.047 spec_cnn 0.836  (6s)
    JSR  -31.0 dB  BER 0.00e+00  P(det)@0.05 power_one_sided 0.516 power_two_sided 0.771 kurtosis 0.043 spec_cnn 0.904  (6s)
    JSR  -30.0 dB  BER 0.00e+00  P(det)@0.05 power_one_sided 0.551 power_two_sided 0.832 kurtosis 0.068 spec_cnn 0.930  (7s)
    JSR  -29.0 dB  BER 0.00e+00  P(det)@0.05 power_one_sided 0.564 power_two_sided 0.842 kurtosis 0.045 spec_cnn 0.955  (7s)
    JSR  -28.0 dB  BER 0.00e+00  P(det)@0.05 power_one_sided 0.600 power_two_sided 0.871 kurtosis 0.057 spec_cnn 0.957  (7s)
    JSR  -27.0 dB  BER 0.00e+00  P(det)@0.05 power_one_sided 0.627 power_two_sided 0.883 kurtosis 0.053 spec_cnn 0.979  (8s)
    JSR  -26.0 dB  BER 0.00e+00  P(det)@0.05 power_one_sided 0.637 power_two_sided 0.869 kurtosis 0.068 spec_cnn 0.988  (8s)
    JSR  -25.0 dB  BER 0.00e+00  P(det)@0.05 power_one_sided 0.693 power_two_sided 0.914 kurtosis 0.053 spec_cnn 0.994  (8s)
    JSR  -24.0 dB  BER 0.00e+00  P(det)@0.05 power_one_sided 0.709 power_two_sided 0.910 kurtosis 0.039 spec_cnn 0.988  (9s)
    JSR  -23.0 dB  BER 0.00e+00  P(det)@0.05 power_one_sided 0.723 power_two_sided 0.938 kurtosis 0.049 spec_cnn 1.000  (9s)
    JSR  -22.0 dB  BER 0.00e+00  P(det)@0.05 power_one_sided 0.775 power_two_sided 0.955 kurtosis 0.074 spec_cnn 0.998  (9s)
    JSR  -21.0 dB  BER 0.00e+00  P(det)@0.05 power_one_sided 0.807 power_two_sided 0.975 kurtosis 0.074 spec_cnn 1.000  (10s)
    JSR  -20.0 dB  BER 0.00e+00  P(det)@0.05 power_one_sided 0.871 power_two_sided 0.973 kurtosis 0.074 spec_cnn 1.000  (10s)
    JSR  -19.0 dB  BER 0.00e+00  P(det)@0.05 power_one_sided 0.871 power_two_sided 0.975 kurtosis 0.068 spec_cnn 1.000  (10s)
    JSR  -18.0 dB  BER 0.00e+00  P(det)@0.05 power_one_sided 0.928 power_two_sided 0.988 kurtosis 0.133 spec_cnn 1.000  (11s)
    JSR  -17.0 dB  BER 0.00e+00  P(det)@0.05 power_one_sided 0.936 power_two_sided 0.988 kurtosis 0.156 spec_cnn 1.000  (11s)
    JSR  -16.0 dB  BER 0.00e+00  P(det)@0.05 power_one_sided 0.953 power_two_sided 0.992 kurtosis 0.244 spec_cnn 1.000  (11s)
    JSR  -15.0 dB  BER 0.00e+00  P(det)@0.05 power_one_sided 0.969 power_two_sided 0.998 kurtosis 0.273 spec_cnn 1.000  (12s)
    JSR  -14.0 dB  BER 0.00e+00  P(det)@0.05 power_one_sided 0.990 power_two_sided 0.994 kurtosis 0.412 spec_cnn 1.000  (12s)
    JSR  -13.0 dB  BER 0.00e+00  P(det)@0.05 power_one_sided 0.992 power_two_sided 0.998 kurtosis 0.576 spec_cnn 1.000  (12s)
    JSR  -12.0 dB  BER 7.63e-06  P(det)@0.05 power_one_sided 0.998 power_two_sided 0.998 kurtosis 0.719 spec_cnn 1.000  (13s)
    JSR  -11.0 dB  BER 0.00e+00  P(det)@0.05 power_one_sided 1.000 power_two_sided 1.000 kurtosis 0.852 spec_cnn 1.000  (13s)
    JSR  -10.0 dB  BER 1.53e-05  P(det)@0.05 power_one_sided 1.000 power_two_sided 1.000 kurtosis 0.963 spec_cnn 1.000  (13s)
    JSR   -9.0 dB  BER 4.58e-05  P(det)@0.05 power_one_sided 1.000 power_two_sided 1.000 kurtosis 0.979 spec_cnn 1.000  (14s)
    JSR   -8.0 dB  BER 4.20e-04  P(det)@0.05 power_one_sided 1.000 power_two_sided 1.000 kurtosis 0.984 spec_cnn 1.000  (14s)
    JSR   -7.0 dB  BER 1.69e-03  P(det)@0.05 power_one_sided 1.000 power_two_sided 1.000 kurtosis 0.992 spec_cnn 1.000  (14s)
    JSR   -6.0 dB  BER 5.35e-03  P(det)@0.05 power_one_sided 1.000 power_two_sided 1.000 kurtosis 1.000 spec_cnn 1.000  (15s)
    JSR   -5.0 dB  BER 1.47e-02  P(det)@0.05 power_one_sided 1.000 power_two_sided 1.000 kurtosis 1.000 spec_cnn 1.000  (15s)
    JSR   -4.0 dB  BER 3.19e-02  P(det)@0.05 power_one_sided 1.000 power_two_sided 1.000 kurtosis 1.000 spec_cnn 1.000  (15s)
    JSR   -3.0 dB  BER 5.86e-02  P(det)@0.05 power_one_sided 1.000 power_two_sided 1.000 kurtosis 1.000 spec_cnn 1.000  (16s)
    JSR   -2.0 dB  BER 9.03e-02  P(det)@0.05 power_one_sided 1.000 power_two_sided 1.000 kurtosis 1.000 spec_cnn 1.000  (16s)
    JSR   -1.0 dB  BER 1.25e-01  P(det)@0.05 power_one_sided 1.000 power_two_sided 1.000 kurtosis 1.000 spec_cnn 1.000  (16s)
    JSR   +0.0 dB  BER 1.59e-01  P(det)@0.05 power_one_sided 1.000 power_two_sided 1.000 kurtosis 1.000 spec_cnn 1.000  (16s)
    JSR   +1.0 dB  BER 1.90e-01  P(det)@0.05 power_one_sided 1.000 power_two_sided 1.000 kurtosis 1.000 spec_cnn 1.000  (17s)
    JSR   +2.0 dB  BER 2.24e-01  P(det)@0.05 power_one_sided 1.000 power_two_sided 1.000 kurtosis 1.000 spec_cnn 1.000  (17s)
    JSR   +3.0 dB  BER 2.49e-01  P(det)@0.05 power_one_sided 1.000 power_two_sided 1.000 kurtosis 1.000 spec_cnn 1.000  (17s)
    JSR   +4.0 dB  BER 2.73e-01  P(det)@0.05 power_one_sided 1.000 power_two_sided 1.000 kurtosis 0.994 spec_cnn 1.000  (18s)
    JSR   +5.0 dB  BER 2.95e-01  P(det)@0.05 power_one_sided 1.000 power_two_sided 1.000 kurtosis 0.992 spec_cnn 1.000  (18s)
    JSR   +6.0 dB  BER 3.15e-01  P(det)@0.05 power_one_sided 1.000 power_two_sided 1.000 kurtosis 0.967 spec_cnn 1.000  (18s)
    JSR   +7.0 dB  BER 3.39e-01  P(det)@0.05 power_one_sided 1.000 power_two_sided 1.000 kurtosis 0.943 spec_cnn 1.000  (19s)
    JSR   +8.0 dB  BER 3.53e-01  P(det)@0.05 power_one_sided 1.000 power_two_sided 1.000 kurtosis 0.887 spec_cnn 1.000  (19s)
    JSR   +9.0 dB  BER 3.68e-01  P(det)@0.05 power_one_sided 1.000 power_two_sided 1.000 kurtosis 0.820 spec_cnn 1.000  (19s)
    JSR  +10.0 dB  BER 3.81e-01  P(det)@0.05 power_one_sided 1.000 power_two_sided 1.000 kurtosis 0.744 spec_cnn 1.000  (20s)
    JSR  +11.0 dB  BER 3.96e-01  P(det)@0.05 power_one_sided 1.000 power_two_sided 1.000 kurtosis 0.709 spec_cnn 1.000  (20s)
    JSR  +12.0 dB  BER 4.05e-01  P(det)@0.05 power_one_sided 1.000 power_two_sided 1.000 kurtosis 0.641 spec_cnn 1.000  (20s)
    JSR  +13.0 dB  BER 4.17e-01  P(det)@0.05 power_one_sided 1.000 power_two_sided 1.000 kurtosis 0.623 spec_cnn 1.000  (21s)
    JSR  +14.0 dB  BER 4.26e-01  P(det)@0.05 power_one_sided 1.000 power_two_sided 1.000 kurtosis 0.611 spec_cnn 1.000  (21s)
    JSR  +15.0 dB  BER 4.31e-01  P(det)@0.05 power_one_sided 1.000 power_two_sided 1.000 kurtosis 0.611 spec_cnn 1.000  (21s)
  [snr_40] plain_run001 confirmed: {"power_one_sided": {"0.01": null, "0.05": null}, "power_two_sided": {"0.01": null, "0.05": null}, "kurtosis": {"0.01": {"index": 0, "sweep_ber": 0.0, "sweep_pdet": 0.0078125, "confirmed_ber": 0.0, "confirmed_ser": 0.0, "confirmed_pdet": 0.00830078125, "passed": true}, "0.05": {"index": 0, "sweep_ber": 0.0, "sweep_pdet": 0.056640625, "confirmed_ber": 0.0, "confirmed_ser": 0.0, "confirmed_pdet": 0.048583984375, "passed": true}}, "spec_cnn": {"0.01": {"index": 0, "sweep_ber": 0.0, "sweep_pdet": 0.01171875, "confirmed_ber": 0.0, "confirmed_ser": 0.0, "confirmed_pdet": 0.0107421875, "passed": true}, "0.05": {"index": 0, "sweep_ber": 0.0, "sweep_pdet": 0.044921875, "confirmed_ber": 0.0, "confirmed_ser": 0.0, "confirmed_pdet": 0.0556640625, "passed": true}}}  (208s)
  [snr_40] generator eff (scale 0.4022)
  JSR  -50.0 dB  BER 0.00e+00  P(det)@0.05 power_one_sided 0.121 power_two_sided 0.129 kurtosis 0.053 spec_cnn 0.053  (0s)
  JSR  -49.0 dB  BER 0.00e+00  P(det)@0.05 power_one_sided 0.127 power_two_sided 0.141 kurtosis 0.059 spec_cnn 0.047  (1s)
  JSR  -48.0 dB  BER 0.00e+00  P(det)@0.05 power_one_sided 0.145 power_two_sided 0.199 kurtosis 0.051 spec_cnn 0.059  (1s)
  JSR  -47.0 dB  BER 0.00e+00  P(det)@0.05 power_one_sided 0.146 power_two_sided 0.195 kurtosis 0.068 spec_cnn 0.041  (1s)
  JSR  -46.0 dB  BER 0.00e+00  P(det)@0.05 power_one_sided 0.170 power_two_sided 0.234 kurtosis 0.092 spec_cnn 0.039  (2s)
  JSR  -45.0 dB  BER 0.00e+00  P(det)@0.05 power_one_sided 0.240 power_two_sided 0.299 kurtosis 0.041 spec_cnn 0.055  (2s)
  JSR  -44.0 dB  BER 0.00e+00  P(det)@0.05 power_one_sided 0.254 power_two_sided 0.387 kurtosis 0.053 spec_cnn 0.055  (2s)
  JSR  -43.0 dB  BER 0.00e+00  P(det)@0.05 power_one_sided 0.287 power_two_sided 0.402 kurtosis 0.066 spec_cnn 0.055  (3s)
  JSR  -42.0 dB  BER 0.00e+00  P(det)@0.05 power_one_sided 0.289 power_two_sided 0.408 kurtosis 0.061 spec_cnn 0.057  (3s)
  JSR  -41.0 dB  BER 0.00e+00  P(det)@0.05 power_one_sided 0.332 power_two_sided 0.471 kurtosis 0.066 spec_cnn 0.072  (3s)
  JSR  -40.0 dB  BER 0.00e+00  P(det)@0.05 power_one_sided 0.369 power_two_sided 0.537 kurtosis 0.047 spec_cnn 0.084  (4s)
  JSR  -39.0 dB  BER 0.00e+00  P(det)@0.05 power_one_sided 0.373 power_two_sided 0.588 kurtosis 0.039 spec_cnn 0.100  (4s)
  JSR  -38.0 dB  BER 0.00e+00  P(det)@0.05 power_one_sided 0.406 power_two_sided 0.609 kurtosis 0.051 spec_cnn 0.125  (4s)
  JSR  -37.0 dB  BER 0.00e+00  P(det)@0.05 power_one_sided 0.459 power_two_sided 0.670 kurtosis 0.064 spec_cnn 0.117  (5s)
  JSR  -36.0 dB  BER 0.00e+00  P(det)@0.05 power_one_sided 0.477 power_two_sided 0.701 kurtosis 0.064 spec_cnn 0.137  (5s)
  JSR  -35.0 dB  BER 0.00e+00  P(det)@0.05 power_one_sided 0.457 power_two_sided 0.729 kurtosis 0.053 spec_cnn 0.164  (5s)
  JSR  -34.0 dB  BER 0.00e+00  P(det)@0.05 power_one_sided 0.545 power_two_sided 0.781 kurtosis 0.072 spec_cnn 0.201  (6s)
  JSR  -33.0 dB  BER 0.00e+00  P(det)@0.05 power_one_sided 0.529 power_two_sided 0.783 kurtosis 0.055 spec_cnn 0.281  (6s)
  JSR  -32.0 dB  BER 0.00e+00  P(det)@0.05 power_one_sided 0.535 power_two_sided 0.789 kurtosis 0.055 spec_cnn 0.369  (7s)
  JSR  -31.0 dB  BER 0.00e+00  P(det)@0.05 power_one_sided 0.572 power_two_sided 0.822 kurtosis 0.055 spec_cnn 0.396  (7s)
  JSR  -30.0 dB  BER 0.00e+00  P(det)@0.05 power_one_sided 0.607 power_two_sided 0.854 kurtosis 0.057 spec_cnn 0.496  (7s)
  JSR  -29.0 dB  BER 0.00e+00  P(det)@0.05 power_one_sided 0.623 power_two_sided 0.857 kurtosis 0.070 spec_cnn 0.566  (8s)
  JSR  -28.0 dB  BER 0.00e+00  P(det)@0.05 power_one_sided 0.652 power_two_sided 0.887 kurtosis 0.055 spec_cnn 0.641  (8s)
  JSR  -27.0 dB  BER 0.00e+00  P(det)@0.05 power_one_sided 0.695 power_two_sided 0.891 kurtosis 0.051 spec_cnn 0.701  (8s)
  JSR  -26.0 dB  BER 0.00e+00  P(det)@0.05 power_one_sided 0.736 power_two_sided 0.932 kurtosis 0.062 spec_cnn 0.770  (9s)
  JSR  -25.0 dB  BER 0.00e+00  P(det)@0.05 power_one_sided 0.754 power_two_sided 0.920 kurtosis 0.049 spec_cnn 0.863  (9s)
  JSR  -24.0 dB  BER 0.00e+00  P(det)@0.05 power_one_sided 0.773 power_two_sided 0.949 kurtosis 0.059 spec_cnn 0.891  (9s)
  JSR  -23.0 dB  BER 2.29e-05  P(det)@0.05 power_one_sided 0.826 power_two_sided 0.947 kurtosis 0.088 spec_cnn 0.930  (10s)
  JSR  -22.0 dB  BER 4.96e-04  P(det)@0.05 power_one_sided 0.846 power_two_sided 0.939 kurtosis 0.086 spec_cnn 0.965  (10s)
  JSR  -21.0 dB  BER 8.09e-04  P(det)@0.05 power_one_sided 0.910 power_two_sided 0.988 kurtosis 0.105 spec_cnn 0.967  (10s)
  JSR  -20.0 dB  BER 1.28e-03  P(det)@0.05 power_one_sided 0.912 power_two_sided 0.979 kurtosis 0.170 spec_cnn 0.979  (11s)
  JSR  -19.0 dB  BER 1.78e-03  P(det)@0.05 power_one_sided 0.957 power_two_sided 0.982 kurtosis 0.211 spec_cnn 0.986  (11s)
  JSR  -18.0 dB  BER 2.17e-03  P(det)@0.05 power_one_sided 0.973 power_two_sided 0.994 kurtosis 0.311 spec_cnn 0.994  (11s)
  JSR  -17.0 dB  BER 2.69e-03  P(det)@0.05 power_one_sided 0.973 power_two_sided 0.990 kurtosis 0.432 spec_cnn 0.994  (12s)
  JSR  -16.0 dB  BER 2.79e-03  P(det)@0.05 power_one_sided 0.996 power_two_sided 0.998 kurtosis 0.557 spec_cnn 0.998  (12s)
  JSR  -15.0 dB  BER 3.35e-03  P(det)@0.05 power_one_sided 0.998 power_two_sided 1.000 kurtosis 0.656 spec_cnn 0.998  (12s)
  JSR  -14.0 dB  BER 3.46e-03  P(det)@0.05 power_one_sided 0.998 power_two_sided 0.998 kurtosis 0.834 spec_cnn 1.000  (13s)
  JSR  -13.0 dB  BER 3.90e-03  P(det)@0.05 power_one_sided 1.000 power_two_sided 1.000 kurtosis 0.906 spec_cnn 1.000  (13s)
  JSR  -12.0 dB  BER 4.00e-03  P(det)@0.05 power_one_sided 1.000 power_two_sided 1.000 kurtosis 0.982 spec_cnn 1.000  (13s)
  JSR  -11.0 dB  BER 4.62e-03  P(det)@0.05 power_one_sided 1.000 power_two_sided 1.000 kurtosis 0.996 spec_cnn 1.000  (14s)
  JSR  -10.0 dB  BER 4.68e-03  P(det)@0.05 power_one_sided 1.000 power_two_sided 1.000 kurtosis 1.000 spec_cnn 1.000  (14s)
  JSR   -9.0 dB  BER 5.11e-03  P(det)@0.05 power_one_sided 1.000 power_two_sided 1.000 kurtosis 1.000 spec_cnn 1.000  (14s)
  JSR   -8.0 dB  BER 5.81e-03  P(det)@0.05 power_one_sided 1.000 power_two_sided 1.000 kurtosis 1.000 spec_cnn 1.000  (15s)
  JSR   -7.0 dB  BER 6.09e-03  P(det)@0.05 power_one_sided 1.000 power_two_sided 1.000 kurtosis 1.000 spec_cnn 1.000  (15s)
  JSR   -6.0 dB  BER 7.45e-03  P(det)@0.05 power_one_sided 1.000 power_two_sided 1.000 kurtosis 1.000 spec_cnn 1.000  (15s)
  JSR   -5.0 dB  BER 7.53e-03  P(det)@0.05 power_one_sided 1.000 power_two_sided 1.000 kurtosis 1.000 spec_cnn 1.000  (16s)
  JSR   -4.0 dB  BER 8.45e-03  P(det)@0.05 power_one_sided 1.000 power_two_sided 1.000 kurtosis 1.000 spec_cnn 1.000  (16s)
  JSR   -3.0 dB  BER 1.01e-02  P(det)@0.05 power_one_sided 1.000 power_two_sided 1.000 kurtosis 1.000 spec_cnn 1.000  (16s)
  JSR   -2.0 dB  BER 1.26e-02  P(det)@0.05 power_one_sided 1.000 power_two_sided 1.000 kurtosis 1.000 spec_cnn 1.000  (17s)
  JSR   -1.0 dB  BER 1.71e-02  P(det)@0.05 power_one_sided 1.000 power_two_sided 1.000 kurtosis 1.000 spec_cnn 1.000  (17s)
  JSR   +0.0 dB  BER 2.23e-02  P(det)@0.05 power_one_sided 1.000 power_two_sided 1.000 kurtosis 1.000 spec_cnn 1.000  (17s)
  JSR   +1.0 dB  BER 3.22e-02  P(det)@0.05 power_one_sided 1.000 power_two_sided 1.000 kurtosis 1.000 spec_cnn 1.000  (18s)
  JSR   +2.0 dB  BER 4.25e-02  P(det)@0.05 power_one_sided 1.000 power_two_sided 1.000 kurtosis 1.000 spec_cnn 1.000  (18s)
  JSR   +3.0 dB  BER 5.72e-02  P(det)@0.05 power_one_sided 1.000 power_two_sided 1.000 kurtosis 1.000 spec_cnn 1.000  (18s)
  JSR   +4.0 dB  BER 7.77e-02  P(det)@0.05 power_one_sided 1.000 power_two_sided 1.000 kurtosis 1.000 spec_cnn 1.000  (19s)
  JSR   +5.0 dB  BER 9.85e-02  P(det)@0.05 power_one_sided 1.000 power_two_sided 1.000 kurtosis 1.000 spec_cnn 1.000  (19s)
  JSR   +6.0 dB  BER 1.25e-01  P(det)@0.05 power_one_sided 1.000 power_two_sided 1.000 kurtosis 1.000 spec_cnn 1.000  (19s)
  JSR   +7.0 dB  BER 1.49e-01  P(det)@0.05 power_one_sided 1.000 power_two_sided 1.000 kurtosis 1.000 spec_cnn 1.000  (20s)
  JSR   +8.0 dB  BER 1.75e-01  P(det)@0.05 power_one_sided 1.000 power_two_sided 1.000 kurtosis 1.000 spec_cnn 1.000  (20s)
  JSR   +9.0 dB  BER 1.98e-01  P(det)@0.05 power_one_sided 1.000 power_two_sided 1.000 kurtosis 1.000 spec_cnn 1.000  (20s)
  JSR  +10.0 dB  BER 2.32e-01  P(det)@0.05 power_one_sided 1.000 power_two_sided 1.000 kurtosis 1.000 spec_cnn 1.000  (21s)
  JSR  +11.0 dB  BER 2.51e-01  P(det)@0.05 power_one_sided 1.000 power_two_sided 1.000 kurtosis 1.000 spec_cnn 1.000  (21s)
  JSR  +12.0 dB  BER 2.73e-01  P(det)@0.05 power_one_sided 1.000 power_two_sided 1.000 kurtosis 1.000 spec_cnn 1.000  (21s)
  JSR  +13.0 dB  BER 2.98e-01  P(det)@0.05 power_one_sided 1.000 power_two_sided 1.000 kurtosis 1.000 spec_cnn 1.000  (22s)
  JSR  +14.0 dB  BER 3.19e-01  P(det)@0.05 power_one_sided 1.000 power_two_sided 1.000 kurtosis 1.000 spec_cnn 1.000  (22s)
  JSR  +15.0 dB  BER 3.38e-01  P(det)@0.05 power_one_sided 1.000 power_two_sided 1.000 kurtosis 1.000 spec_cnn 1.000  (22s)
  [snr_40] eff confirmed: {"power_one_sided": {"0.01": null, "0.05": null}, "power_two_sided": {"0.01": null, "0.05": null}, "kurtosis": {"0.01": {"index": 0, "sweep_ber": 0.0, "sweep_pdet": 0.0078125, "confirmed_ber": 0.0, "confirmed_ser": 0.0, "confirmed_pdet": 0.01025390625, "passed": true}, "0.05": {"index": 0, "sweep_ber": 0.0, "sweep_pdet": 0.052734375, "confirmed_ber": 0.0, "confirmed_ser": 0.0, "confirmed_pdet": 0.0595703125, "passed": false}}, "spec_cnn": {"0.01": {"index": 0, "sweep_ber": 0.0, "sweep_pdet": 0.005859375, "confirmed_ber": 0.0, "confirmed_ser": 0.0, "confirmed_pdet": 0.009521484375, "passed": true}, "0.05": {"index": 0, "sweep_ber": 0.0, "sweep_pdet": 0.052734375, "confirmed_ber": 0.0, "confirmed_ser": 0.0, "confirmed_pdet": 0.048828125, "passed": true}}}  (241s)
  [snr_40] generator power_one_sided_b1 (scale 0.4022)
  JSR  -50.0 dB  BER 0.00e+00  P(det)@0.05 power_one_sided 0.115 power_two_sided 0.152 kurtosis 0.049 spec_cnn 0.061  (0s)
  JSR  -49.0 dB  BER 0.00e+00  P(det)@0.05 power_one_sided 0.098 power_two_sided 0.133 kurtosis 0.061 spec_cnn 0.059  (1s)
  JSR  -48.0 dB  BER 0.00e+00  P(det)@0.05 power_one_sided 0.143 power_two_sided 0.154 kurtosis 0.074 spec_cnn 0.057  (1s)
  JSR  -47.0 dB  BER 0.00e+00  P(det)@0.05 power_one_sided 0.207 power_two_sided 0.252 kurtosis 0.039 spec_cnn 0.051  (1s)
  JSR  -46.0 dB  BER 0.00e+00  P(det)@0.05 power_one_sided 0.205 power_two_sided 0.262 kurtosis 0.057 spec_cnn 0.074  (2s)
  JSR  -45.0 dB  BER 0.00e+00  P(det)@0.05 power_one_sided 0.176 power_two_sided 0.299 kurtosis 0.043 spec_cnn 0.049  (2s)
  JSR  -44.0 dB  BER 0.00e+00  P(det)@0.05 power_one_sided 0.232 power_two_sided 0.295 kurtosis 0.057 spec_cnn 0.070  (2s)
  JSR  -43.0 dB  BER 0.00e+00  P(det)@0.05 power_one_sided 0.264 power_two_sided 0.381 kurtosis 0.053 spec_cnn 0.055  (2s)
  JSR  -42.0 dB  BER 0.00e+00  P(det)@0.05 power_one_sided 0.277 power_two_sided 0.422 kurtosis 0.059 spec_cnn 0.072  (3s)
  JSR  -41.0 dB  BER 0.00e+00  P(det)@0.05 power_one_sided 0.297 power_two_sided 0.479 kurtosis 0.047 spec_cnn 0.068  (3s)
  JSR  -40.0 dB  BER 0.00e+00  P(det)@0.05 power_one_sided 0.307 power_two_sided 0.504 kurtosis 0.047 spec_cnn 0.072  (3s)
  JSR  -39.0 dB  BER 0.00e+00  P(det)@0.05 power_one_sided 0.402 power_two_sided 0.553 kurtosis 0.047 spec_cnn 0.094  (4s)
  JSR  -38.0 dB  BER 0.00e+00  P(det)@0.05 power_one_sided 0.389 power_two_sided 0.619 kurtosis 0.051 spec_cnn 0.152  (4s)
  JSR  -37.0 dB  BER 0.00e+00  P(det)@0.05 power_one_sided 0.414 power_two_sided 0.658 kurtosis 0.061 spec_cnn 0.143  (4s)
  JSR  -36.0 dB  BER 0.00e+00  P(det)@0.05 power_one_sided 0.432 power_two_sided 0.668 kurtosis 0.043 spec_cnn 0.127  (5s)
  JSR  -35.0 dB  BER 0.00e+00  P(det)@0.05 power_one_sided 0.510 power_two_sided 0.730 kurtosis 0.051 spec_cnn 0.184  (5s)
  JSR  -34.0 dB  BER 0.00e+00  P(det)@0.05 power_one_sided 0.531 power_two_sided 0.779 kurtosis 0.045 spec_cnn 0.193  (5s)
  JSR  -33.0 dB  BER 0.00e+00  P(det)@0.05 power_one_sided 0.551 power_two_sided 0.789 kurtosis 0.051 spec_cnn 0.285  (6s)
  JSR  -32.0 dB  BER 0.00e+00  P(det)@0.05 power_one_sided 0.541 power_two_sided 0.807 kurtosis 0.051 spec_cnn 0.299  (6s)
  JSR  -31.0 dB  BER 0.00e+00  P(det)@0.05 power_one_sided 0.584 power_two_sided 0.820 kurtosis 0.057 spec_cnn 0.416  (6s)
  JSR  -30.0 dB  BER 0.00e+00  P(det)@0.05 power_one_sided 0.582 power_two_sided 0.830 kurtosis 0.057 spec_cnn 0.447  (7s)
  JSR  -29.0 dB  BER 0.00e+00  P(det)@0.05 power_one_sided 0.658 power_two_sided 0.877 kurtosis 0.049 spec_cnn 0.537  (7s)
  JSR  -28.0 dB  BER 0.00e+00  P(det)@0.05 power_one_sided 0.631 power_two_sided 0.883 kurtosis 0.047 spec_cnn 0.633  (7s)
  JSR  -27.0 dB  BER 0.00e+00  P(det)@0.05 power_one_sided 0.672 power_two_sided 0.867 kurtosis 0.076 spec_cnn 0.689  (8s)
  JSR  -26.0 dB  BER 0.00e+00  P(det)@0.05 power_one_sided 0.744 power_two_sided 0.916 kurtosis 0.041 spec_cnn 0.777  (8s)
  JSR  -25.0 dB  BER 0.00e+00  P(det)@0.05 power_one_sided 0.764 power_two_sided 0.924 kurtosis 0.074 spec_cnn 0.832  (8s)
  JSR  -24.0 dB  BER 0.00e+00  P(det)@0.05 power_one_sided 0.781 power_two_sided 0.922 kurtosis 0.072 spec_cnn 0.873  (9s)
  JSR  -23.0 dB  BER 2.29e-05  P(det)@0.05 power_one_sided 0.807 power_two_sided 0.945 kurtosis 0.086 spec_cnn 0.918  (9s)
  JSR  -22.0 dB  BER 5.11e-04  P(det)@0.05 power_one_sided 0.834 power_two_sided 0.943 kurtosis 0.070 spec_cnn 0.953  (9s)
  JSR  -21.0 dB  BER 8.70e-04  P(det)@0.05 power_one_sided 0.877 power_two_sided 0.955 kurtosis 0.086 spec_cnn 0.977  (10s)
  JSR  -20.0 dB  BER 1.37e-03  P(det)@0.05 power_one_sided 0.928 power_two_sided 0.980 kurtosis 0.121 spec_cnn 0.988  (10s)
  JSR  -19.0 dB  BER 1.68e-03  P(det)@0.05 power_one_sided 0.951 power_two_sided 0.984 kurtosis 0.217 spec_cnn 0.990  (10s)
  JSR  -18.0 dB  BER 2.17e-03  P(det)@0.05 power_one_sided 0.959 power_two_sided 0.986 kurtosis 0.270 spec_cnn 0.992  (11s)
  JSR  -17.0 dB  BER 2.45e-03  P(det)@0.05 power_one_sided 0.996 power_two_sided 0.998 kurtosis 0.432 spec_cnn 0.996  (11s)
  JSR  -16.0 dB  BER 2.85e-03  P(det)@0.05 power_one_sided 0.994 power_two_sided 0.998 kurtosis 0.539 spec_cnn 1.000  (11s)
  JSR  -15.0 dB  BER 3.19e-03  P(det)@0.05 power_one_sided 0.998 power_two_sided 1.000 kurtosis 0.666 spec_cnn 1.000  (12s)
  JSR  -14.0 dB  BER 3.70e-03  P(det)@0.05 power_one_sided 1.000 power_two_sided 1.000 kurtosis 0.816 spec_cnn 1.000  (12s)
  JSR  -13.0 dB  BER 3.81e-03  P(det)@0.05 power_one_sided 1.000 power_two_sided 1.000 kurtosis 0.936 spec_cnn 1.000  (12s)
  JSR  -12.0 dB  BER 4.26e-03  P(det)@0.05 power_one_sided 1.000 power_two_sided 1.000 kurtosis 0.982 spec_cnn 1.000  (13s)
  JSR  -11.0 dB  BER 4.52e-03  P(det)@0.05 power_one_sided 1.000 power_two_sided 1.000 kurtosis 0.990 spec_cnn 1.000  (13s)
  JSR  -10.0 dB  BER 4.75e-03  P(det)@0.05 power_one_sided 1.000 power_two_sided 1.000 kurtosis 1.000 spec_cnn 1.000  (14s)
  JSR   -9.0 dB  BER 4.94e-03  P(det)@0.05 power_one_sided 1.000 power_two_sided 1.000 kurtosis 1.000 spec_cnn 1.000  (14s)
  JSR   -8.0 dB  BER 5.84e-03  P(det)@0.05 power_one_sided 1.000 power_two_sided 1.000 kurtosis 1.000 spec_cnn 1.000  (14s)
  JSR   -7.0 dB  BER 6.29e-03  P(det)@0.05 power_one_sided 1.000 power_two_sided 1.000 kurtosis 1.000 spec_cnn 1.000  (15s)
  JSR   -6.0 dB  BER 7.55e-03  P(det)@0.05 power_one_sided 1.000 power_two_sided 1.000 kurtosis 1.000 spec_cnn 1.000  (15s)
  JSR   -5.0 dB  BER 7.91e-03  P(det)@0.05 power_one_sided 1.000 power_two_sided 1.000 kurtosis 1.000 spec_cnn 1.000  (15s)
  JSR   -4.0 dB  BER 9.38e-03  P(det)@0.05 power_one_sided 1.000 power_two_sided 1.000 kurtosis 1.000 spec_cnn 1.000  (16s)
  JSR   -3.0 dB  BER 1.14e-02  P(det)@0.05 power_one_sided 1.000 power_two_sided 1.000 kurtosis 1.000 spec_cnn 1.000  (16s)
  JSR   -2.0 dB  BER 1.40e-02  P(det)@0.05 power_one_sided 1.000 power_two_sided 1.000 kurtosis 1.000 spec_cnn 1.000  (17s)
  JSR   -1.0 dB  BER 1.83e-02  P(det)@0.05 power_one_sided 1.000 power_two_sided 1.000 kurtosis 1.000 spec_cnn 1.000  (17s)
  JSR   +0.0 dB  BER 2.66e-02  P(det)@0.05 power_one_sided 1.000 power_two_sided 1.000 kurtosis 1.000 spec_cnn 1.000  (17s)
  JSR   +1.0 dB  BER 3.24e-02  P(det)@0.05 power_one_sided 1.000 power_two_sided 1.000 kurtosis 1.000 spec_cnn 1.000  (18s)
  JSR   +2.0 dB  BER 4.61e-02  P(det)@0.05 power_one_sided 1.000 power_two_sided 1.000 kurtosis 1.000 spec_cnn 1.000  (18s)
  JSR   +3.0 dB  BER 6.16e-02  P(det)@0.05 power_one_sided 1.000 power_two_sided 1.000 kurtosis 1.000 spec_cnn 1.000  (18s)
  JSR   +4.0 dB  BER 8.53e-02  P(det)@0.05 power_one_sided 1.000 power_two_sided 1.000 kurtosis 1.000 spec_cnn 1.000  (19s)
  JSR   +5.0 dB  BER 1.01e-01  P(det)@0.05 power_one_sided 1.000 power_two_sided 1.000 kurtosis 1.000 spec_cnn 1.000  (19s)
  JSR   +6.0 dB  BER 1.25e-01  P(det)@0.05 power_one_sided 1.000 power_two_sided 1.000 kurtosis 1.000 spec_cnn 1.000  (19s)
  JSR   +7.0 dB  BER 1.52e-01  P(det)@0.05 power_one_sided 1.000 power_two_sided 1.000 kurtosis 1.000 spec_cnn 1.000  (20s)
  JSR   +8.0 dB  BER 1.77e-01  P(det)@0.05 power_one_sided 1.000 power_two_sided 1.000 kurtosis 1.000 spec_cnn 1.000  (20s)
  JSR   +9.0 dB  BER 2.03e-01  P(det)@0.05 power_one_sided 1.000 power_two_sided 1.000 kurtosis 1.000 spec_cnn 1.000  (20s)
  JSR  +10.0 dB  BER 2.27e-01  P(det)@0.05 power_one_sided 1.000 power_two_sided 1.000 kurtosis 1.000 spec_cnn 1.000  (21s)
  JSR  +11.0 dB  BER 2.59e-01  P(det)@0.05 power_one_sided 1.000 power_two_sided 1.000 kurtosis 1.000 spec_cnn 1.000  (21s)
  JSR  +12.0 dB  BER 2.80e-01  P(det)@0.05 power_one_sided 1.000 power_two_sided 1.000 kurtosis 1.000 spec_cnn 1.000  (21s)
  JSR  +13.0 dB  BER 3.02e-01  P(det)@0.05 power_one_sided 1.000 power_two_sided 1.000 kurtosis 1.000 spec_cnn 1.000  (22s)
  JSR  +14.0 dB  BER 3.19e-01  P(det)@0.05 power_one_sided 1.000 power_two_sided 1.000 kurtosis 1.000 spec_cnn 1.000  (22s)
  JSR  +15.0 dB  BER 3.40e-01  P(det)@0.05 power_one_sided 1.000 power_two_sided 1.000 kurtosis 1.000 spec_cnn 1.000  (22s)
  [snr_40] power_one_sided_b1 confirmed: {"power_one_sided": {"0.01": null, "0.05": null}, "power_two_sided": {"0.01": null, "0.05": null}, "kurtosis": {"0.01": {"index": 28, "sweep_ber": 0.00051116943359375, "sweep_pdet": 0.013671875, "confirmed_ber": 0.00041294097900390625, "confirmed_ser": 0.0008258819580078125, "confirmed_pdet": 0.022216796875, "passed": false}, "0.05": {"index": 0, "sweep_ber": 0.0, "sweep_pdet": 0.048828125, "confirmed_ber": 0.0, "confirmed_ser": 0.0, "confirmed_pdet": 0.057373046875, "passed": false}}, "spec_cnn": {"0.01": {"index": 0, "sweep_ber": 0.0, "sweep_pdet": 0.009765625, "confirmed_ber": 0.0, "confirmed_ser": 0.0, "confirmed_pdet": 0.00830078125, "passed": true}, "0.05": {"index": 0, "sweep_ber": 0.0, "sweep_pdet": 0.060546875, "confirmed_ber": 0.0, "confirmed_ser": 0.0, "confirmed_pdet": 0.043701171875, "passed": true}}}  (274s)
  [snr_40] generator power_one_sided_b10 (scale 0.4022)
  JSR  -50.0 dB  BER 0.00e+00  P(det)@0.05 power_one_sided 0.127 power_two_sided 0.164 kurtosis 0.059 spec_cnn 0.051  (0s)
  JSR  -49.0 dB  BER 0.00e+00  P(det)@0.05 power_one_sided 0.156 power_two_sided 0.166 kurtosis 0.068 spec_cnn 0.057  (1s)
  JSR  -48.0 dB  BER 0.00e+00  P(det)@0.05 power_one_sided 0.141 power_two_sided 0.178 kurtosis 0.047 spec_cnn 0.086  (1s)
  JSR  -47.0 dB  BER 0.00e+00  P(det)@0.05 power_one_sided 0.154 power_two_sided 0.195 kurtosis 0.064 spec_cnn 0.057  (1s)
  JSR  -46.0 dB  BER 0.00e+00  P(det)@0.05 power_one_sided 0.180 power_two_sided 0.236 kurtosis 0.068 spec_cnn 0.078  (2s)
  JSR  -45.0 dB  BER 0.00e+00  P(det)@0.05 power_one_sided 0.217 power_two_sided 0.275 kurtosis 0.059 spec_cnn 0.105  (2s)
  JSR  -44.0 dB  BER 0.00e+00  P(det)@0.05 power_one_sided 0.223 power_two_sided 0.297 kurtosis 0.059 spec_cnn 0.068  (2s)
  JSR  -43.0 dB  BER 0.00e+00  P(det)@0.05 power_one_sided 0.268 power_two_sided 0.369 kurtosis 0.057 spec_cnn 0.113  (2s)
  JSR  -42.0 dB  BER 0.00e+00  P(det)@0.05 power_one_sided 0.312 power_two_sided 0.449 kurtosis 0.066 spec_cnn 0.117  (3s)
  JSR  -41.0 dB  BER 0.00e+00  P(det)@0.05 power_one_sided 0.348 power_two_sided 0.492 kurtosis 0.062 spec_cnn 0.104  (3s)
  JSR  -40.0 dB  BER 0.00e+00  P(det)@0.05 power_one_sided 0.369 power_two_sided 0.572 kurtosis 0.045 spec_cnn 0.129  (3s)
  JSR  -39.0 dB  BER 0.00e+00  P(det)@0.05 power_one_sided 0.373 power_two_sided 0.580 kurtosis 0.039 spec_cnn 0.180  (4s)
  JSR  -38.0 dB  BER 0.00e+00  P(det)@0.05 power_one_sided 0.406 power_two_sided 0.621 kurtosis 0.047 spec_cnn 0.141  (4s)
  JSR  -37.0 dB  BER 0.00e+00  P(det)@0.05 power_one_sided 0.436 power_two_sided 0.676 kurtosis 0.059 spec_cnn 0.170  (5s)
  JSR  -36.0 dB  BER 0.00e+00  P(det)@0.05 power_one_sided 0.459 power_two_sided 0.684 kurtosis 0.061 spec_cnn 0.223  (5s)
  JSR  -35.0 dB  BER 0.00e+00  P(det)@0.05 power_one_sided 0.465 power_two_sided 0.689 kurtosis 0.051 spec_cnn 0.213  (5s)
  JSR  -34.0 dB  BER 0.00e+00  P(det)@0.05 power_one_sided 0.471 power_two_sided 0.732 kurtosis 0.049 spec_cnn 0.266  (6s)
  JSR  -33.0 dB  BER 0.00e+00  P(det)@0.05 power_one_sided 0.521 power_two_sided 0.779 kurtosis 0.039 spec_cnn 0.268  (6s)
  JSR  -32.0 dB  BER 0.00e+00  P(det)@0.05 power_one_sided 0.559 power_two_sided 0.777 kurtosis 0.041 spec_cnn 0.389  (6s)
  JSR  -31.0 dB  BER 0.00e+00  P(det)@0.05 power_one_sided 0.600 power_two_sided 0.850 kurtosis 0.053 spec_cnn 0.438  (7s)
  JSR  -30.0 dB  BER 0.00e+00  P(det)@0.05 power_one_sided 0.609 power_two_sided 0.832 kurtosis 0.066 spec_cnn 0.482  (7s)
  JSR  -29.0 dB  BER 0.00e+00  P(det)@0.05 power_one_sided 0.646 power_two_sided 0.867 kurtosis 0.055 spec_cnn 0.586  (7s)
  JSR  -28.0 dB  BER 0.00e+00  P(det)@0.05 power_one_sided 0.662 power_two_sided 0.893 kurtosis 0.057 spec_cnn 0.680  (8s)
  JSR  -27.0 dB  BER 0.00e+00  P(det)@0.05 power_one_sided 0.680 power_two_sided 0.883 kurtosis 0.062 spec_cnn 0.771  (8s)
  JSR  -26.0 dB  BER 0.00e+00  P(det)@0.05 power_one_sided 0.775 power_two_sided 0.939 kurtosis 0.062 spec_cnn 0.834  (8s)
  JSR  -25.0 dB  BER 0.00e+00  P(det)@0.05 power_one_sided 0.721 power_two_sided 0.916 kurtosis 0.041 spec_cnn 0.865  (9s)
  JSR  -24.0 dB  BER 0.00e+00  P(det)@0.05 power_one_sided 0.754 power_two_sided 0.934 kurtosis 0.066 spec_cnn 0.924  (9s)
  JSR  -23.0 dB  BER 2.29e-05  P(det)@0.05 power_one_sided 0.811 power_two_sided 0.928 kurtosis 0.076 spec_cnn 0.943  (9s)
  JSR  -22.0 dB  BER 3.28e-04  P(det)@0.05 power_one_sided 0.848 power_two_sided 0.961 kurtosis 0.068 spec_cnn 0.949  (10s)
  JSR  -21.0 dB  BER 7.86e-04  P(det)@0.05 power_one_sided 0.885 power_two_sided 0.971 kurtosis 0.096 spec_cnn 0.977  (10s)
  JSR  -20.0 dB  BER 1.30e-03  P(det)@0.05 power_one_sided 0.932 power_two_sided 0.982 kurtosis 0.137 spec_cnn 0.986  (10s)
  JSR  -19.0 dB  BER 1.66e-03  P(det)@0.05 power_one_sided 0.963 power_two_sided 0.988 kurtosis 0.203 spec_cnn 0.984  (11s)
  JSR  -18.0 dB  BER 2.06e-03  P(det)@0.05 power_one_sided 0.967 power_two_sided 0.982 kurtosis 0.260 spec_cnn 0.994  (11s)
  JSR  -17.0 dB  BER 2.49e-03  P(det)@0.05 power_one_sided 0.982 power_two_sided 0.992 kurtosis 0.389 spec_cnn 0.994  (11s)
  JSR  -16.0 dB  BER 2.75e-03  P(det)@0.05 power_one_sided 0.996 power_two_sided 0.998 kurtosis 0.525 spec_cnn 0.998  (12s)
  JSR  -15.0 dB  BER 3.13e-03  P(det)@0.05 power_one_sided 1.000 power_two_sided 1.000 kurtosis 0.660 spec_cnn 0.998  (12s)
  JSR  -14.0 dB  BER 3.30e-03  P(det)@0.05 power_one_sided 1.000 power_two_sided 1.000 kurtosis 0.793 spec_cnn 1.000  (12s)
  JSR  -13.0 dB  BER 3.80e-03  P(det)@0.05 power_one_sided 1.000 power_two_sided 1.000 kurtosis 0.914 spec_cnn 1.000  (13s)
  JSR  -12.0 dB  BER 4.05e-03  P(det)@0.05 power_one_sided 1.000 power_two_sided 1.000 kurtosis 0.982 spec_cnn 1.000  (13s)
  JSR  -11.0 dB  BER 4.23e-03  P(det)@0.05 power_one_sided 1.000 power_two_sided 1.000 kurtosis 1.000 spec_cnn 1.000  (13s)
  JSR  -10.0 dB  BER 4.33e-03  P(det)@0.05 power_one_sided 1.000 power_two_sided 1.000 kurtosis 1.000 spec_cnn 1.000  (14s)
  JSR   -9.0 dB  BER 5.12e-03  P(det)@0.05 power_one_sided 1.000 power_two_sided 1.000 kurtosis 1.000 spec_cnn 1.000  (14s)
  JSR   -8.0 dB  BER 5.35e-03  P(det)@0.05 power_one_sided 1.000 power_two_sided 1.000 kurtosis 1.000 spec_cnn 1.000  (14s)
  JSR   -7.0 dB  BER 6.15e-03  P(det)@0.05 power_one_sided 1.000 power_two_sided 1.000 kurtosis 1.000 spec_cnn 1.000  (15s)
  JSR   -6.0 dB  BER 6.89e-03  P(det)@0.05 power_one_sided 1.000 power_two_sided 1.000 kurtosis 1.000 spec_cnn 1.000  (15s)
  JSR   -5.0 dB  BER 7.71e-03  P(det)@0.05 power_one_sided 1.000 power_two_sided 1.000 kurtosis 1.000 spec_cnn 1.000  (15s)
  JSR   -4.0 dB  BER 9.21e-03  P(det)@0.05 power_one_sided 1.000 power_two_sided 1.000 kurtosis 1.000 spec_cnn 1.000  (16s)
  JSR   -3.0 dB  BER 1.14e-02  P(det)@0.05 power_one_sided 1.000 power_two_sided 1.000 kurtosis 1.000 spec_cnn 1.000  (16s)
  JSR   -2.0 dB  BER 1.44e-02  P(det)@0.05 power_one_sided 1.000 power_two_sided 1.000 kurtosis 1.000 spec_cnn 1.000  (16s)
  JSR   -1.0 dB  BER 1.85e-02  P(det)@0.05 power_one_sided 1.000 power_two_sided 1.000 kurtosis 1.000 spec_cnn 1.000  (17s)
  JSR   +0.0 dB  BER 2.71e-02  P(det)@0.05 power_one_sided 1.000 power_two_sided 1.000 kurtosis 1.000 spec_cnn 1.000  (17s)
  JSR   +1.0 dB  BER 3.81e-02  P(det)@0.05 power_one_sided 1.000 power_two_sided 1.000 kurtosis 1.000 spec_cnn 1.000  (17s)
  JSR   +2.0 dB  BER 5.19e-02  P(det)@0.05 power_one_sided 1.000 power_two_sided 1.000 kurtosis 1.000 spec_cnn 1.000  (18s)
  JSR   +3.0 dB  BER 6.93e-02  P(det)@0.05 power_one_sided 1.000 power_two_sided 1.000 kurtosis 1.000 spec_cnn 1.000  (18s)
  JSR   +4.0 dB  BER 9.11e-02  P(det)@0.05 power_one_sided 1.000 power_two_sided 1.000 kurtosis 1.000 spec_cnn 1.000  (18s)
  JSR   +5.0 dB  BER 1.14e-01  P(det)@0.05 power_one_sided 1.000 power_two_sided 1.000 kurtosis 1.000 spec_cnn 1.000  (19s)
  JSR   +6.0 dB  BER 1.36e-01  P(det)@0.05 power_one_sided 1.000 power_two_sided 1.000 kurtosis 1.000 spec_cnn 1.000  (19s)
  JSR   +7.0 dB  BER 1.64e-01  P(det)@0.05 power_one_sided 1.000 power_two_sided 1.000 kurtosis 1.000 spec_cnn 1.000  (19s)
  JSR   +8.0 dB  BER 1.89e-01  P(det)@0.05 power_one_sided 1.000 power_two_sided 1.000 kurtosis 1.000 spec_cnn 1.000  (20s)
  JSR   +9.0 dB  BER 2.19e-01  P(det)@0.05 power_one_sided 1.000 power_two_sided 1.000 kurtosis 1.000 spec_cnn 1.000  (20s)
  JSR  +10.0 dB  BER 2.41e-01  P(det)@0.05 power_one_sided 1.000 power_two_sided 1.000 kurtosis 1.000 spec_cnn 1.000  (20s)
  JSR  +11.0 dB  BER 2.64e-01  P(det)@0.05 power_one_sided 1.000 power_two_sided 1.000 kurtosis 1.000 spec_cnn 1.000  (21s)
  JSR  +12.0 dB  BER 2.86e-01  P(det)@0.05 power_one_sided 1.000 power_two_sided 1.000 kurtosis 1.000 spec_cnn 1.000  (21s)
  JSR  +13.0 dB  BER 3.08e-01  P(det)@0.05 power_one_sided 1.000 power_two_sided 1.000 kurtosis 1.000 spec_cnn 1.000  (21s)
  JSR  +14.0 dB  BER 3.27e-01  P(det)@0.05 power_one_sided 1.000 power_two_sided 1.000 kurtosis 1.000 spec_cnn 1.000  (22s)
  JSR  +15.0 dB  BER 3.45e-01  P(det)@0.05 power_one_sided 1.000 power_two_sided 1.000 kurtosis 1.000 spec_cnn 1.000  (22s)
  [snr_40] power_one_sided_b10 confirmed: {"power_one_sided": {"0.01": null, "0.05": null}, "power_two_sided": {"0.01": null, "0.05": null}, "kurtosis": {"0.01": {"index": 29, "sweep_ber": 0.00078582763671875, "sweep_pdet": 0.015625, "confirmed_ber": 0.0008153915405273438, "confirmed_ser": 0.0016307830810546875, "confirmed_pdet": 0.037109375, "passed": false}, "0.05": {"index": 28, "sweep_ber": 0.00032806396484375, "sweep_pdet": 0.068359375, "confirmed_ber": 0.00035572052001953125, "confirmed_ser": 0.0007114410400390625, "confirmed_pdet": 0.072265625, "passed": false}}, "spec_cnn": {"0.01": {"index": 0, "sweep_ber": 0.0, "sweep_pdet": 0.009765625, "confirmed_ber": 0.0, "confirmed_ser": 0.0, "confirmed_pdet": 0.011474609375, "passed": true}, "0.05": {"index": 0, "sweep_ber": 0.0, "sweep_pdet": 0.05078125, "confirmed_ber": 0.0, "confirmed_ser": 0.0, "confirmed_pdet": 0.063232421875, "passed": false}}}  (306s)
  [snr_40] generator power_one_sided_b100 (scale 0.4022)
  JSR  -50.0 dB  BER 0.00e+00  P(det)@0.05 power_one_sided 0.104 power_two_sided 0.148 kurtosis 0.041 spec_cnn 0.035  (0s)
  JSR  -49.0 dB  BER 0.00e+00  P(det)@0.05 power_one_sided 0.150 power_two_sided 0.168 kurtosis 0.051 spec_cnn 0.043  (1s)
  JSR  -48.0 dB  BER 0.00e+00  P(det)@0.05 power_one_sided 0.135 power_two_sided 0.182 kurtosis 0.061 spec_cnn 0.053  (1s)
  JSR  -47.0 dB  BER 0.00e+00  P(det)@0.05 power_one_sided 0.172 power_two_sided 0.217 kurtosis 0.053 spec_cnn 0.035  (1s)
  JSR  -46.0 dB  BER 0.00e+00  P(det)@0.05 power_one_sided 0.170 power_two_sided 0.248 kurtosis 0.045 spec_cnn 0.045  (2s)
  JSR  -45.0 dB  BER 0.00e+00  P(det)@0.05 power_one_sided 0.232 power_two_sided 0.318 kurtosis 0.072 spec_cnn 0.059  (2s)
  JSR  -44.0 dB  BER 0.00e+00  P(det)@0.05 power_one_sided 0.236 power_two_sided 0.320 kurtosis 0.066 spec_cnn 0.061  (2s)
  JSR  -43.0 dB  BER 0.00e+00  P(det)@0.05 power_one_sided 0.266 power_two_sided 0.348 kurtosis 0.049 spec_cnn 0.064  (3s)
  JSR  -42.0 dB  BER 0.00e+00  P(det)@0.05 power_one_sided 0.279 power_two_sided 0.408 kurtosis 0.068 spec_cnn 0.051  (3s)
  JSR  -41.0 dB  BER 0.00e+00  P(det)@0.05 power_one_sided 0.322 power_two_sided 0.486 kurtosis 0.066 spec_cnn 0.072  (3s)
  JSR  -40.0 dB  BER 0.00e+00  P(det)@0.05 power_one_sided 0.338 power_two_sided 0.518 kurtosis 0.045 spec_cnn 0.107  (4s)
  JSR  -39.0 dB  BER 0.00e+00  P(det)@0.05 power_one_sided 0.396 power_two_sided 0.590 kurtosis 0.043 spec_cnn 0.107  (4s)
  JSR  -38.0 dB  BER 0.00e+00  P(det)@0.05 power_one_sided 0.377 power_two_sided 0.617 kurtosis 0.039 spec_cnn 0.072  (4s)
  JSR  -37.0 dB  BER 0.00e+00  P(det)@0.05 power_one_sided 0.453 power_two_sided 0.691 kurtosis 0.037 spec_cnn 0.113  (5s)
  JSR  -36.0 dB  BER 0.00e+00  P(det)@0.05 power_one_sided 0.418 power_two_sided 0.668 kurtosis 0.061 spec_cnn 0.156  (5s)
  JSR  -35.0 dB  BER 0.00e+00  P(det)@0.05 power_one_sided 0.461 power_two_sided 0.689 kurtosis 0.061 spec_cnn 0.186  (5s)
  JSR  -34.0 dB  BER 0.00e+00  P(det)@0.05 power_one_sided 0.488 power_two_sided 0.732 kurtosis 0.045 spec_cnn 0.184  (6s)
  JSR  -33.0 dB  BER 0.00e+00  P(det)@0.05 power_one_sided 0.557 power_two_sided 0.754 kurtosis 0.051 spec_cnn 0.260  (6s)
  JSR  -32.0 dB  BER 0.00e+00  P(det)@0.05 power_one_sided 0.584 power_two_sided 0.828 kurtosis 0.059 spec_cnn 0.279  (6s)
  JSR  -31.0 dB  BER 0.00e+00  P(det)@0.05 power_one_sided 0.613 power_two_sided 0.814 kurtosis 0.062 spec_cnn 0.338  (7s)
  JSR  -30.0 dB  BER 0.00e+00  P(det)@0.05 power_one_sided 0.600 power_two_sided 0.834 kurtosis 0.057 spec_cnn 0.432  (7s)
  JSR  -29.0 dB  BER 0.00e+00  P(det)@0.05 power_one_sided 0.656 power_two_sided 0.875 kurtosis 0.053 spec_cnn 0.492  (7s)
  JSR  -28.0 dB  BER 0.00e+00  P(det)@0.05 power_one_sided 0.660 power_two_sided 0.887 kurtosis 0.064 spec_cnn 0.545  (8s)
  JSR  -27.0 dB  BER 0.00e+00  P(det)@0.05 power_one_sided 0.680 power_two_sided 0.904 kurtosis 0.062 spec_cnn 0.613  (8s)
  JSR  -26.0 dB  BER 0.00e+00  P(det)@0.05 power_one_sided 0.695 power_two_sided 0.922 kurtosis 0.047 spec_cnn 0.744  (8s)
  JSR  -25.0 dB  BER 0.00e+00  P(det)@0.05 power_one_sided 0.754 power_two_sided 0.926 kurtosis 0.055 spec_cnn 0.756  (9s)
  JSR  -24.0 dB  BER 0.00e+00  P(det)@0.05 power_one_sided 0.746 power_two_sided 0.941 kurtosis 0.072 spec_cnn 0.842  (9s)
  JSR  -23.0 dB  BER 3.05e-05  P(det)@0.05 power_one_sided 0.834 power_two_sided 0.947 kurtosis 0.082 spec_cnn 0.893  (10s)
  JSR  -22.0 dB  BER 5.11e-04  P(det)@0.05 power_one_sided 0.844 power_two_sided 0.961 kurtosis 0.072 spec_cnn 0.934  (10s)
  JSR  -21.0 dB  BER 9.16e-04  P(det)@0.05 power_one_sided 0.896 power_two_sided 0.969 kurtosis 0.090 spec_cnn 0.961  (10s)
  JSR  -20.0 dB  BER 1.29e-03  P(det)@0.05 power_one_sided 0.900 power_two_sided 0.961 kurtosis 0.129 spec_cnn 0.973  (11s)
  JSR  -19.0 dB  BER 1.76e-03  P(det)@0.05 power_one_sided 0.961 power_two_sided 0.982 kurtosis 0.230 spec_cnn 0.988  (11s)
  JSR  -18.0 dB  BER 1.90e-03  P(det)@0.05 power_one_sided 0.986 power_two_sided 0.996 kurtosis 0.363 spec_cnn 0.988  (12s)
  JSR  -17.0 dB  BER 2.66e-03  P(det)@0.05 power_one_sided 0.984 power_two_sided 0.994 kurtosis 0.416 spec_cnn 0.994  (12s)
  JSR  -16.0 dB  BER 3.01e-03  P(det)@0.05 power_one_sided 0.994 power_two_sided 0.998 kurtosis 0.537 spec_cnn 0.994  (12s)
  JSR  -15.0 dB  BER 3.29e-03  P(det)@0.05 power_one_sided 0.998 power_two_sided 1.000 kurtosis 0.686 spec_cnn 1.000  (13s)
  JSR  -14.0 dB  BER 3.43e-03  P(det)@0.05 power_one_sided 1.000 power_two_sided 1.000 kurtosis 0.826 spec_cnn 1.000  (13s)
  JSR  -13.0 dB  BER 3.68e-03  P(det)@0.05 power_one_sided 1.000 power_two_sided 1.000 kurtosis 0.957 spec_cnn 0.998  (13s)
  JSR  -12.0 dB  BER 4.23e-03  P(det)@0.05 power_one_sided 1.000 power_two_sided 1.000 kurtosis 0.996 spec_cnn 1.000  (14s)
  JSR  -11.0 dB  BER 4.39e-03  P(det)@0.05 power_one_sided 1.000 power_two_sided 1.000 kurtosis 0.998 spec_cnn 1.000  (14s)
  JSR  -10.0 dB  BER 4.78e-03  P(det)@0.05 power_one_sided 1.000 power_two_sided 1.000 kurtosis 0.998 spec_cnn 1.000  (14s)
  JSR   -9.0 dB  BER 5.14e-03  P(det)@0.05 power_one_sided 1.000 power_two_sided 1.000 kurtosis 1.000 spec_cnn 1.000  (15s)
  JSR   -8.0 dB  BER 5.77e-03  P(det)@0.05 power_one_sided 1.000 power_two_sided 1.000 kurtosis 1.000 spec_cnn 1.000  (15s)
  JSR   -7.0 dB  BER 6.49e-03  P(det)@0.05 power_one_sided 1.000 power_two_sided 1.000 kurtosis 1.000 spec_cnn 1.000  (15s)
  JSR   -6.0 dB  BER 6.97e-03  P(det)@0.05 power_one_sided 1.000 power_two_sided 1.000 kurtosis 1.000 spec_cnn 1.000  (16s)
  JSR   -5.0 dB  BER 7.81e-03  P(det)@0.05 power_one_sided 1.000 power_two_sided 1.000 kurtosis 1.000 spec_cnn 1.000  (16s)
  JSR   -4.0 dB  BER 8.74e-03  P(det)@0.05 power_one_sided 1.000 power_two_sided 1.000 kurtosis 1.000 spec_cnn 1.000  (16s)
  JSR   -3.0 dB  BER 1.02e-02  P(det)@0.05 power_one_sided 1.000 power_two_sided 1.000 kurtosis 1.000 spec_cnn 1.000  (17s)
  JSR   -2.0 dB  BER 1.25e-02  P(det)@0.05 power_one_sided 1.000 power_two_sided 1.000 kurtosis 1.000 spec_cnn 1.000  (17s)
  JSR   -1.0 dB  BER 1.64e-02  P(det)@0.05 power_one_sided 1.000 power_two_sided 1.000 kurtosis 1.000 spec_cnn 1.000  (17s)
  JSR   +0.0 dB  BER 2.18e-02  P(det)@0.05 power_one_sided 1.000 power_two_sided 1.000 kurtosis 1.000 spec_cnn 1.000  (18s)
  JSR   +1.0 dB  BER 2.87e-02  P(det)@0.05 power_one_sided 1.000 power_two_sided 1.000 kurtosis 1.000 spec_cnn 1.000  (18s)
  JSR   +2.0 dB  BER 4.27e-02  P(det)@0.05 power_one_sided 1.000 power_two_sided 1.000 kurtosis 1.000 spec_cnn 1.000  (18s)
  JSR   +3.0 dB  BER 5.70e-02  P(det)@0.05 power_one_sided 1.000 power_two_sided 1.000 kurtosis 1.000 spec_cnn 1.000  (18s)
  JSR   +4.0 dB  BER 7.56e-02  P(det)@0.05 power_one_sided 1.000 power_two_sided 1.000 kurtosis 1.000 spec_cnn 1.000  (19s)
  JSR   +5.0 dB  BER 9.68e-02  P(det)@0.05 power_one_sided 1.000 power_two_sided 1.000 kurtosis 1.000 spec_cnn 1.000  (19s)
  JSR   +6.0 dB  BER 1.22e-01  P(det)@0.05 power_one_sided 1.000 power_two_sided 1.000 kurtosis 1.000 spec_cnn 1.000  (19s)
  JSR   +7.0 dB  BER 1.48e-01  P(det)@0.05 power_one_sided 1.000 power_two_sided 1.000 kurtosis 1.000 spec_cnn 1.000  (20s)
  JSR   +8.0 dB  BER 1.75e-01  P(det)@0.05 power_one_sided 1.000 power_two_sided 1.000 kurtosis 1.000 spec_cnn 1.000  (20s)
  JSR   +9.0 dB  BER 2.02e-01  P(det)@0.05 power_one_sided 1.000 power_two_sided 1.000 kurtosis 1.000 spec_cnn 1.000  (20s)
  JSR  +10.0 dB  BER 2.26e-01  P(det)@0.05 power_one_sided 1.000 power_two_sided 1.000 kurtosis 1.000 spec_cnn 1.000  (21s)
  JSR  +11.0 dB  BER 2.50e-01  P(det)@0.05 power_one_sided 1.000 power_two_sided 1.000 kurtosis 1.000 spec_cnn 1.000  (21s)
  JSR  +12.0 dB  BER 2.74e-01  P(det)@0.05 power_one_sided 1.000 power_two_sided 1.000 kurtosis 1.000 spec_cnn 1.000  (21s)
  JSR  +13.0 dB  BER 2.96e-01  P(det)@0.05 power_one_sided 1.000 power_two_sided 1.000 kurtosis 1.000 spec_cnn 1.000  (22s)
  JSR  +14.0 dB  BER 3.12e-01  P(det)@0.05 power_one_sided 1.000 power_two_sided 1.000 kurtosis 1.000 spec_cnn 1.000  (22s)
  JSR  +15.0 dB  BER 3.36e-01  P(det)@0.05 power_one_sided 1.000 power_two_sided 1.000 kurtosis 1.000 spec_cnn 1.000  (22s)
  [snr_40] power_one_sided_b100 confirmed: {"power_one_sided": {"0.01": null, "0.05": null}, "power_two_sided": {"0.01": null, "0.05": null}, "kurtosis": {"0.01": {"index": 27, "sweep_ber": 3.0517578125e-05, "sweep_pdet": 0.013671875, "confirmed_ber": 4.76837158203125e-05, "confirmed_ser": 9.5367431640625e-05, "confirmed_pdet": 0.01904296875, "passed": false}, "0.05": {"index": 0, "sweep_ber": 0.0, "sweep_pdet": 0.041015625, "confirmed_ber": 0.0, "confirmed_ser": 0.0, "confirmed_pdet": 0.0537109375, "passed": true}}, "spec_cnn": {"0.01": {"index": 0, "sweep_ber": 0.0, "sweep_pdet": 0.01171875, "confirmed_ber": 0.0, "confirmed_ser": 0.0, "confirmed_pdet": 0.0048828125, "passed": true}, "0.05": {"index": 0, "sweep_ber": 0.0, "sweep_pdet": 0.03515625, "confirmed_ber": 0.0, "confirmed_ser": 0.0, "confirmed_pdet": 0.0419921875, "passed": true}}}  (340s)
  [snr_40] generator power_one_sided_b1000 (scale 0.4022)
  JSR  -50.0 dB  BER 0.00e+00  P(det)@0.05 power_one_sided 0.121 power_two_sided 0.141 kurtosis 0.045 spec_cnn 0.027  (0s)
  JSR  -49.0 dB  BER 0.00e+00  P(det)@0.05 power_one_sided 0.102 power_two_sided 0.152 kurtosis 0.061 spec_cnn 0.064  (1s)
  JSR  -48.0 dB  BER 0.00e+00  P(det)@0.05 power_one_sided 0.115 power_two_sided 0.139 kurtosis 0.041 spec_cnn 0.057  (1s)
  JSR  -47.0 dB  BER 0.00e+00  P(det)@0.05 power_one_sided 0.172 power_two_sided 0.186 kurtosis 0.043 spec_cnn 0.051  (1s)
  JSR  -46.0 dB  BER 0.00e+00  P(det)@0.05 power_one_sided 0.164 power_two_sided 0.254 kurtosis 0.033 spec_cnn 0.051  (2s)
  JSR  -45.0 dB  BER 0.00e+00  P(det)@0.05 power_one_sided 0.197 power_two_sided 0.287 kurtosis 0.053 spec_cnn 0.049  (2s)
  JSR  -44.0 dB  BER 0.00e+00  P(det)@0.05 power_one_sided 0.254 power_two_sided 0.330 kurtosis 0.051 spec_cnn 0.047  (2s)
  JSR  -43.0 dB  BER 0.00e+00  P(det)@0.05 power_one_sided 0.244 power_two_sided 0.383 kurtosis 0.035 spec_cnn 0.057  (3s)
  JSR  -42.0 dB  BER 0.00e+00  P(det)@0.05 power_one_sided 0.260 power_two_sided 0.391 kurtosis 0.043 spec_cnn 0.057  (3s)
  JSR  -41.0 dB  BER 0.00e+00  P(det)@0.05 power_one_sided 0.297 power_two_sided 0.443 kurtosis 0.066 spec_cnn 0.076  (3s)
  JSR  -40.0 dB  BER 0.00e+00  P(det)@0.05 power_one_sided 0.342 power_two_sided 0.512 kurtosis 0.062 spec_cnn 0.078  (4s)
  JSR  -39.0 dB  BER 0.00e+00  P(det)@0.05 power_one_sided 0.346 power_two_sided 0.537 kurtosis 0.045 spec_cnn 0.115  (4s)
  JSR  -38.0 dB  BER 0.00e+00  P(det)@0.05 power_one_sided 0.357 power_two_sided 0.576 kurtosis 0.041 spec_cnn 0.119  (4s)
  JSR  -37.0 dB  BER 0.00e+00  P(det)@0.05 power_one_sided 0.402 power_two_sided 0.633 kurtosis 0.039 spec_cnn 0.113  (5s)
  JSR  -36.0 dB  BER 0.00e+00  P(det)@0.05 power_one_sided 0.445 power_two_sided 0.654 kurtosis 0.080 spec_cnn 0.137  (5s)
  JSR  -35.0 dB  BER 0.00e+00  P(det)@0.05 power_one_sided 0.400 power_two_sided 0.660 kurtosis 0.062 spec_cnn 0.150  (5s)
  JSR  -34.0 dB  BER 0.00e+00  P(det)@0.05 power_one_sided 0.438 power_two_sided 0.727 kurtosis 0.037 spec_cnn 0.186  (6s)
  JSR  -33.0 dB  BER 0.00e+00  P(det)@0.05 power_one_sided 0.455 power_two_sided 0.750 kurtosis 0.035 spec_cnn 0.197  (6s)
  JSR  -32.0 dB  BER 0.00e+00  P(det)@0.05 power_one_sided 0.500 power_two_sided 0.756 kurtosis 0.064 spec_cnn 0.244  (6s)
  JSR  -31.0 dB  BER 0.00e+00  P(det)@0.05 power_one_sided 0.582 power_two_sided 0.850 kurtosis 0.066 spec_cnn 0.316  (7s)
  JSR  -30.0 dB  BER 0.00e+00  P(det)@0.05 power_one_sided 0.596 power_two_sided 0.848 kurtosis 0.068 spec_cnn 0.369  (7s)
  JSR  -29.0 dB  BER 0.00e+00  P(det)@0.05 power_one_sided 0.621 power_two_sided 0.879 kurtosis 0.039 spec_cnn 0.381  (7s)
  JSR  -28.0 dB  BER 0.00e+00  P(det)@0.05 power_one_sided 0.656 power_two_sided 0.871 kurtosis 0.061 spec_cnn 0.488  (8s)
  JSR  -27.0 dB  BER 0.00e+00  P(det)@0.05 power_one_sided 0.633 power_two_sided 0.869 kurtosis 0.041 spec_cnn 0.557  (8s)
  JSR  -26.0 dB  BER 0.00e+00  P(det)@0.05 power_one_sided 0.668 power_two_sided 0.912 kurtosis 0.066 spec_cnn 0.607  (8s)
  JSR  -25.0 dB  BER 0.00e+00  P(det)@0.05 power_one_sided 0.670 power_two_sided 0.908 kurtosis 0.062 spec_cnn 0.754  (9s)
  JSR  -24.0 dB  BER 0.00e+00  P(det)@0.05 power_one_sided 0.715 power_two_sided 0.938 kurtosis 0.043 spec_cnn 0.729  (9s)
  JSR  -23.0 dB  BER 0.00e+00  P(det)@0.05 power_one_sided 0.740 power_two_sided 0.930 kurtosis 0.055 spec_cnn 0.799  (9s)
  JSR  -22.0 dB  BER 0.00e+00  P(det)@0.05 power_one_sided 0.789 power_two_sided 0.947 kurtosis 0.068 spec_cnn 0.893  (10s)
  JSR  -21.0 dB  BER 0.00e+00  P(det)@0.05 power_one_sided 0.834 power_two_sided 0.963 kurtosis 0.066 spec_cnn 0.893  (10s)
  JSR  -20.0 dB  BER 7.63e-05  P(det)@0.05 power_one_sided 0.854 power_two_sided 0.953 kurtosis 0.090 spec_cnn 0.924  (10s)
  JSR  -19.0 dB  BER 2.37e-04  P(det)@0.05 power_one_sided 0.889 power_two_sided 0.984 kurtosis 0.143 spec_cnn 0.965  (11s)
  JSR  -18.0 dB  BER 4.43e-04  P(det)@0.05 power_one_sided 0.893 power_two_sided 0.975 kurtosis 0.156 spec_cnn 0.973  (11s)
  JSR  -17.0 dB  BER 7.86e-04  P(det)@0.05 power_one_sided 0.963 power_two_sided 0.996 kurtosis 0.213 spec_cnn 0.982  (11s)
  JSR  -16.0 dB  BER 1.05e-03  P(det)@0.05 power_one_sided 0.951 power_two_sided 0.988 kurtosis 0.324 spec_cnn 0.988  (12s)
  JSR  -15.0 dB  BER 1.51e-03  P(det)@0.05 power_one_sided 0.967 power_two_sided 0.984 kurtosis 0.455 spec_cnn 0.994  (12s)
  JSR  -14.0 dB  BER 2.01e-03  P(det)@0.05 power_one_sided 0.988 power_two_sided 0.996 kurtosis 0.602 spec_cnn 0.998  (12s)
  JSR  -13.0 dB  BER 2.26e-03  P(det)@0.05 power_one_sided 0.988 power_two_sided 1.000 kurtosis 0.801 spec_cnn 1.000  (13s)
  JSR  -12.0 dB  BER 2.71e-03  P(det)@0.05 power_one_sided 0.994 power_two_sided 1.000 kurtosis 0.900 spec_cnn 1.000  (13s)
  JSR  -11.0 dB  BER 2.98e-03  P(det)@0.05 power_one_sided 1.000 power_two_sided 1.000 kurtosis 0.984 spec_cnn 1.000  (13s)
  JSR  -10.0 dB  BER 3.36e-03  P(det)@0.05 power_one_sided 1.000 power_two_sided 1.000 kurtosis 1.000 spec_cnn 1.000  (14s)
  JSR   -9.0 dB  BER 3.97e-03  P(det)@0.05 power_one_sided 1.000 power_two_sided 1.000 kurtosis 1.000 spec_cnn 1.000  (14s)
  JSR   -8.0 dB  BER 5.68e-03  P(det)@0.05 power_one_sided 1.000 power_two_sided 1.000 kurtosis 1.000 spec_cnn 1.000  (14s)
  JSR   -7.0 dB  BER 9.29e-03  P(det)@0.05 power_one_sided 1.000 power_two_sided 1.000 kurtosis 1.000 spec_cnn 1.000  (14s)
  JSR   -6.0 dB  BER 1.64e-02  P(det)@0.05 power_one_sided 1.000 power_two_sided 1.000 kurtosis 1.000 spec_cnn 1.000  (15s)
  JSR   -5.0 dB  BER 2.49e-02  P(det)@0.05 power_one_sided 1.000 power_two_sided 1.000 kurtosis 1.000 spec_cnn 1.000  (15s)
  JSR   -4.0 dB  BER 3.82e-02  P(det)@0.05 power_one_sided 1.000 power_two_sided 1.000 kurtosis 1.000 spec_cnn 1.000  (15s)
  JSR   -3.0 dB  BER 5.46e-02  P(det)@0.05 power_one_sided 1.000 power_two_sided 1.000 kurtosis 1.000 spec_cnn 1.000  (16s)
  JSR   -2.0 dB  BER 7.01e-02  P(det)@0.05 power_one_sided 1.000 power_two_sided 1.000 kurtosis 1.000 spec_cnn 1.000  (16s)
  JSR   -1.0 dB  BER 9.14e-02  P(det)@0.05 power_one_sided 1.000 power_two_sided 1.000 kurtosis 1.000 spec_cnn 1.000  (16s)
  JSR   +0.0 dB  BER 1.12e-01  P(det)@0.05 power_one_sided 1.000 power_two_sided 1.000 kurtosis 1.000 spec_cnn 1.000  (17s)
  JSR   +1.0 dB  BER 1.35e-01  P(det)@0.05 power_one_sided 1.000 power_two_sided 1.000 kurtosis 1.000 spec_cnn 1.000  (17s)
  JSR   +2.0 dB  BER 1.56e-01  P(det)@0.05 power_one_sided 1.000 power_two_sided 1.000 kurtosis 1.000 spec_cnn 1.000  (17s)
  JSR   +3.0 dB  BER 1.75e-01  P(det)@0.05 power_one_sided 1.000 power_two_sided 1.000 kurtosis 1.000 spec_cnn 1.000  (18s)
  JSR   +4.0 dB  BER 1.99e-01  P(det)@0.05 power_one_sided 1.000 power_two_sided 1.000 kurtosis 1.000 spec_cnn 1.000  (18s)
  JSR   +5.0 dB  BER 2.20e-01  P(det)@0.05 power_one_sided 1.000 power_two_sided 1.000 kurtosis 1.000 spec_cnn 1.000  (18s)
  JSR   +6.0 dB  BER 2.40e-01  P(det)@0.05 power_one_sided 1.000 power_two_sided 1.000 kurtosis 1.000 spec_cnn 1.000  (19s)
  JSR   +7.0 dB  BER 2.61e-01  P(det)@0.05 power_one_sided 1.000 power_two_sided 1.000 kurtosis 1.000 spec_cnn 1.000  (19s)
  JSR   +8.0 dB  BER 2.82e-01  P(det)@0.05 power_one_sided 1.000 power_two_sided 1.000 kurtosis 1.000 spec_cnn 1.000  (19s)
  JSR   +9.0 dB  BER 3.00e-01  P(det)@0.05 power_one_sided 1.000 power_two_sided 1.000 kurtosis 1.000 spec_cnn 1.000  (20s)
  JSR  +10.0 dB  BER 3.16e-01  P(det)@0.05 power_one_sided 1.000 power_two_sided 1.000 kurtosis 1.000 spec_cnn 1.000  (20s)
  JSR  +11.0 dB  BER 3.32e-01  P(det)@0.05 power_one_sided 1.000 power_two_sided 1.000 kurtosis 1.000 spec_cnn 1.000  (20s)
  JSR  +12.0 dB  BER 3.49e-01  P(det)@0.05 power_one_sided 1.000 power_two_sided 1.000 kurtosis 1.000 spec_cnn 1.000  (21s)
  JSR  +13.0 dB  BER 3.64e-01  P(det)@0.05 power_one_sided 1.000 power_two_sided 1.000 kurtosis 1.000 spec_cnn 1.000  (21s)
  JSR  +14.0 dB  BER 3.76e-01  P(det)@0.05 power_one_sided 1.000 power_two_sided 1.000 kurtosis 1.000 spec_cnn 1.000  (21s)
  JSR  +15.0 dB  BER 3.89e-01  P(det)@0.05 power_one_sided 1.000 power_two_sided 1.000 kurtosis 1.000 spec_cnn 1.000  (22s)
  [snr_40] power_one_sided_b1000 confirmed: {"power_one_sided": {"0.01": null, "0.05": null}, "power_two_sided": {"0.01": null, "0.05": null}, "kurtosis": {"0.01": {"index": 0, "sweep_ber": 0.0, "sweep_pdet": 0.015625, "confirmed_ber": 0.0, "confirmed_ser": 0.0, "confirmed_pdet": 0.010009765625, "passed": true}, "0.05": {"index": 0, "sweep_ber": 0.0, "sweep_pdet": 0.044921875, "confirmed_ber": 0.0, "confirmed_ser": 0.0, "confirmed_pdet": 0.05859375, "passed": false}}, "spec_cnn": {"0.01": {"index": 0, "sweep_ber": 0.0, "sweep_pdet": 0.00390625, "confirmed_ber": 0.0, "confirmed_ser": 0.0, "confirmed_pdet": 0.009521484375, "passed": true}, "0.05": {"index": 0, "sweep_ber": 0.0, "sweep_pdet": 0.02734375, "confirmed_ber": 0.0, "confirmed_ser": 0.0, "confirmed_pdet": 0.046630859375, "passed": true}}}  (373s)
  [snr_40] generator power_two_sided_b1 (scale 0.4022)
  JSR  -50.0 dB  BER 0.00e+00  P(det)@0.05 power_one_sided 0.104 power_two_sided 0.133 kurtosis 0.039 spec_cnn 0.041  (0s)
  JSR  -49.0 dB  BER 0.00e+00  P(det)@0.05 power_one_sided 0.141 power_two_sided 0.154 kurtosis 0.043 spec_cnn 0.076  (1s)
  JSR  -48.0 dB  BER 0.00e+00  P(det)@0.05 power_one_sided 0.131 power_two_sided 0.186 kurtosis 0.043 spec_cnn 0.078  (1s)
  JSR  -47.0 dB  BER 0.00e+00  P(det)@0.05 power_one_sided 0.182 power_two_sided 0.236 kurtosis 0.059 spec_cnn 0.072  (1s)
  JSR  -46.0 dB  BER 0.00e+00  P(det)@0.05 power_one_sided 0.195 power_two_sided 0.260 kurtosis 0.047 spec_cnn 0.092  (2s)
  JSR  -45.0 dB  BER 0.00e+00  P(det)@0.05 power_one_sided 0.166 power_two_sided 0.273 kurtosis 0.051 spec_cnn 0.098  (2s)
  JSR  -44.0 dB  BER 0.00e+00  P(det)@0.05 power_one_sided 0.236 power_two_sided 0.322 kurtosis 0.045 spec_cnn 0.086  (2s)
  JSR  -43.0 dB  BER 0.00e+00  P(det)@0.05 power_one_sided 0.242 power_two_sided 0.367 kurtosis 0.043 spec_cnn 0.125  (3s)
  JSR  -42.0 dB  BER 0.00e+00  P(det)@0.05 power_one_sided 0.289 power_two_sided 0.434 kurtosis 0.061 spec_cnn 0.092  (3s)
  JSR  -41.0 dB  BER 0.00e+00  P(det)@0.05 power_one_sided 0.332 power_two_sided 0.498 kurtosis 0.041 spec_cnn 0.111  (3s)
  JSR  -40.0 dB  BER 0.00e+00  P(det)@0.05 power_one_sided 0.355 power_two_sided 0.566 kurtosis 0.055 spec_cnn 0.129  (4s)
  JSR  -39.0 dB  BER 0.00e+00  P(det)@0.05 power_one_sided 0.381 power_two_sided 0.535 kurtosis 0.049 spec_cnn 0.107  (4s)
  JSR  -38.0 dB  BER 0.00e+00  P(det)@0.05 power_one_sided 0.404 power_two_sided 0.607 kurtosis 0.041 spec_cnn 0.141  (4s)
  JSR  -37.0 dB  BER 0.00e+00  P(det)@0.05 power_one_sided 0.430 power_two_sided 0.625 kurtosis 0.076 spec_cnn 0.141  (5s)
  JSR  -36.0 dB  BER 0.00e+00  P(det)@0.05 power_one_sided 0.498 power_two_sided 0.721 kurtosis 0.053 spec_cnn 0.191  (5s)
  JSR  -35.0 dB  BER 0.00e+00  P(det)@0.05 power_one_sided 0.506 power_two_sided 0.744 kurtosis 0.045 spec_cnn 0.205  (5s)
  JSR  -34.0 dB  BER 0.00e+00  P(det)@0.05 power_one_sided 0.510 power_two_sided 0.742 kurtosis 0.053 spec_cnn 0.260  (6s)
  JSR  -33.0 dB  BER 0.00e+00  P(det)@0.05 power_one_sided 0.516 power_two_sided 0.773 kurtosis 0.064 spec_cnn 0.277  (6s)
  JSR  -32.0 dB  BER 0.00e+00  P(det)@0.05 power_one_sided 0.576 power_two_sided 0.803 kurtosis 0.057 spec_cnn 0.361  (6s)
  JSR  -31.0 dB  BER 0.00e+00  P(det)@0.05 power_one_sided 0.586 power_two_sided 0.867 kurtosis 0.055 spec_cnn 0.393  (7s)
  JSR  -30.0 dB  BER 0.00e+00  P(det)@0.05 power_one_sided 0.588 power_two_sided 0.852 kurtosis 0.043 spec_cnn 0.477  (7s)
  JSR  -29.0 dB  BER 0.00e+00  P(det)@0.05 power_one_sided 0.656 power_two_sided 0.865 kurtosis 0.055 spec_cnn 0.518  (7s)
  JSR  -28.0 dB  BER 0.00e+00  P(det)@0.05 power_one_sided 0.680 power_two_sided 0.869 kurtosis 0.064 spec_cnn 0.619  (7s)
  JSR  -27.0 dB  BER 0.00e+00  P(det)@0.05 power_one_sided 0.703 power_two_sided 0.908 kurtosis 0.061 spec_cnn 0.715  (8s)
  JSR  -26.0 dB  BER 0.00e+00  P(det)@0.05 power_one_sided 0.729 power_two_sided 0.916 kurtosis 0.057 spec_cnn 0.779  (8s)
  JSR  -25.0 dB  BER 0.00e+00  P(det)@0.05 power_one_sided 0.756 power_two_sided 0.930 kurtosis 0.047 spec_cnn 0.803  (8s)
  JSR  -24.0 dB  BER 0.00e+00  P(det)@0.05 power_one_sided 0.771 power_two_sided 0.910 kurtosis 0.088 spec_cnn 0.867  (9s)
  JSR  -23.0 dB  BER 3.81e-05  P(det)@0.05 power_one_sided 0.848 power_two_sided 0.965 kurtosis 0.062 spec_cnn 0.926  (9s)
  JSR  -22.0 dB  BER 3.59e-04  P(det)@0.05 power_one_sided 0.873 power_two_sided 0.959 kurtosis 0.084 spec_cnn 0.939  (9s)
  JSR  -21.0 dB  BER 7.25e-04  P(det)@0.05 power_one_sided 0.904 power_two_sided 0.967 kurtosis 0.096 spec_cnn 0.963  (10s)
  JSR  -20.0 dB  BER 1.21e-03  P(det)@0.05 power_one_sided 0.916 power_two_sided 0.980 kurtosis 0.168 spec_cnn 0.967  (10s)
  JSR  -19.0 dB  BER 1.69e-03  P(det)@0.05 power_one_sided 0.963 power_two_sided 0.988 kurtosis 0.227 spec_cnn 0.988  (10s)
  JSR  -18.0 dB  BER 2.10e-03  P(det)@0.05 power_one_sided 0.975 power_two_sided 0.984 kurtosis 0.314 spec_cnn 1.000  (11s)
  JSR  -17.0 dB  BER 2.51e-03  P(det)@0.05 power_one_sided 0.975 power_two_sided 0.992 kurtosis 0.418 spec_cnn 0.990  (11s)
  JSR  -16.0 dB  BER 2.71e-03  P(det)@0.05 power_one_sided 0.996 power_two_sided 0.998 kurtosis 0.586 spec_cnn 1.000  (11s)
  JSR  -15.0 dB  BER 3.28e-03  P(det)@0.05 power_one_sided 0.998 power_two_sided 0.998 kurtosis 0.672 spec_cnn 0.998  (12s)
  JSR  -14.0 dB  BER 3.43e-03  P(det)@0.05 power_one_sided 1.000 power_two_sided 1.000 kurtosis 0.861 spec_cnn 0.998  (12s)
  JSR  -13.0 dB  BER 3.75e-03  P(det)@0.05 power_one_sided 1.000 power_two_sided 1.000 kurtosis 0.920 spec_cnn 1.000  (13s)
  JSR  -12.0 dB  BER 3.85e-03  P(det)@0.05 power_one_sided 1.000 power_two_sided 1.000 kurtosis 0.984 spec_cnn 1.000  (13s)
  JSR  -11.0 dB  BER 4.23e-03  P(det)@0.05 power_one_sided 1.000 power_two_sided 1.000 kurtosis 0.992 spec_cnn 1.000  (13s)
  JSR  -10.0 dB  BER 4.81e-03  P(det)@0.05 power_one_sided 1.000 power_two_sided 1.000 kurtosis 1.000 spec_cnn 1.000  (14s)
  JSR   -9.0 dB  BER 4.97e-03  P(det)@0.05 power_one_sided 1.000 power_two_sided 1.000 kurtosis 1.000 spec_cnn 1.000  (14s)
  JSR   -8.0 dB  BER 5.78e-03  P(det)@0.05 power_one_sided 1.000 power_two_sided 1.000 kurtosis 0.998 spec_cnn 1.000  (14s)
  JSR   -7.0 dB  BER 6.44e-03  P(det)@0.05 power_one_sided 1.000 power_two_sided 1.000 kurtosis 1.000 spec_cnn 1.000  (15s)
  JSR   -6.0 dB  BER 7.58e-03  P(det)@0.05 power_one_sided 1.000 power_two_sided 1.000 kurtosis 1.000 spec_cnn 1.000  (15s)
  JSR   -5.0 dB  BER 8.51e-03  P(det)@0.05 power_one_sided 1.000 power_two_sided 1.000 kurtosis 1.000 spec_cnn 1.000  (15s)
  JSR   -4.0 dB  BER 9.87e-03  P(det)@0.05 power_one_sided 1.000 power_two_sided 1.000 kurtosis 1.000 spec_cnn 1.000  (16s)
  JSR   -3.0 dB  BER 1.15e-02  P(det)@0.05 power_one_sided 1.000 power_two_sided 1.000 kurtosis 1.000 spec_cnn 1.000  (16s)
  JSR   -2.0 dB  BER 1.47e-02  P(det)@0.05 power_one_sided 1.000 power_two_sided 1.000 kurtosis 1.000 spec_cnn 1.000  (16s)
  JSR   -1.0 dB  BER 1.91e-02  P(det)@0.05 power_one_sided 1.000 power_two_sided 1.000 kurtosis 1.000 spec_cnn 1.000  (17s)
  JSR   +0.0 dB  BER 2.61e-02  P(det)@0.05 power_one_sided 1.000 power_two_sided 1.000 kurtosis 1.000 spec_cnn 1.000  (17s)
  JSR   +1.0 dB  BER 3.51e-02  P(det)@0.05 power_one_sided 1.000 power_two_sided 1.000 kurtosis 1.000 spec_cnn 1.000  (17s)
  JSR   +2.0 dB  BER 4.70e-02  P(det)@0.05 power_one_sided 1.000 power_two_sided 1.000 kurtosis 1.000 spec_cnn 1.000  (18s)
  JSR   +3.0 dB  BER 6.60e-02  P(det)@0.05 power_one_sided 1.000 power_two_sided 1.000 kurtosis 1.000 spec_cnn 1.000  (18s)
  JSR   +4.0 dB  BER 8.40e-02  P(det)@0.05 power_one_sided 1.000 power_two_sided 1.000 kurtosis 1.000 spec_cnn 1.000  (18s)
  JSR   +5.0 dB  BER 1.06e-01  P(det)@0.05 power_one_sided 1.000 power_two_sided 1.000 kurtosis 1.000 spec_cnn 1.000  (19s)
  JSR   +6.0 dB  BER 1.28e-01  P(det)@0.05 power_one_sided 1.000 power_two_sided 1.000 kurtosis 1.000 spec_cnn 1.000  (19s)
  JSR   +7.0 dB  BER 1.54e-01  P(det)@0.05 power_one_sided 1.000 power_two_sided 1.000 kurtosis 1.000 spec_cnn 1.000  (19s)
  JSR   +8.0 dB  BER 1.78e-01  P(det)@0.05 power_one_sided 1.000 power_two_sided 1.000 kurtosis 1.000 spec_cnn 1.000  (20s)
  JSR   +9.0 dB  BER 2.06e-01  P(det)@0.05 power_one_sided 1.000 power_two_sided 1.000 kurtosis 1.000 spec_cnn 1.000  (20s)
  JSR  +10.0 dB  BER 2.31e-01  P(det)@0.05 power_one_sided 1.000 power_two_sided 1.000 kurtosis 1.000 spec_cnn 1.000  (21s)
  JSR  +11.0 dB  BER 2.54e-01  P(det)@0.05 power_one_sided 1.000 power_two_sided 1.000 kurtosis 1.000 spec_cnn 1.000  (21s)
  JSR  +12.0 dB  BER 2.76e-01  P(det)@0.05 power_one_sided 1.000 power_two_sided 1.000 kurtosis 1.000 spec_cnn 1.000  (21s)
  JSR  +13.0 dB  BER 2.99e-01  P(det)@0.05 power_one_sided 1.000 power_two_sided 1.000 kurtosis 1.000 spec_cnn 1.000  (22s)
  JSR  +14.0 dB  BER 3.20e-01  P(det)@0.05 power_one_sided 1.000 power_two_sided 1.000 kurtosis 1.000 spec_cnn 1.000  (22s)
  JSR  +15.0 dB  BER 3.36e-01  P(det)@0.05 power_one_sided 1.000 power_two_sided 1.000 kurtosis 1.000 spec_cnn 1.000  (22s)
  [snr_40] power_two_sided_b1 confirmed: {"power_one_sided": {"0.01": null, "0.05": null}, "power_two_sided": {"0.01": null, "0.05": null}, "kurtosis": {"0.01": {"index": 27, "sweep_ber": 3.814697265625e-05, "sweep_pdet": 0.0078125, "confirmed_ber": 5.817413330078125e-05, "confirmed_ser": 0.0001163482666015625, "confirmed_pdet": 0.01953125, "passed": false}, "0.05": {"index": 27, "sweep_ber": 3.814697265625e-05, "sweep_pdet": 0.0625, "confirmed_ber": 3.528594970703125e-05, "confirmed_ser": 7.05718994140625e-05, "confirmed_pdet": 0.069580078125, "passed": false}}, "spec_cnn": {"0.01": {"index": 0, "sweep_ber": 0.0, "sweep_pdet": 0.001953125, "confirmed_ber": 0.0, "confirmed_ser": 0.0, "confirmed_pdet": 0.013427734375, "passed": false}, "0.05": {"index": 0, "sweep_ber": 0.0, "sweep_pdet": 0.041015625, "confirmed_ber": 0.0, "confirmed_ser": 0.0, "confirmed_pdet": 0.0615234375, "passed": false}}}  (406s)
  [snr_40] generator power_two_sided_b10 (scale 0.4022)
  JSR  -50.0 dB  BER 0.00e+00  P(det)@0.05 power_one_sided 0.098 power_two_sided 0.141 kurtosis 0.047 spec_cnn 0.055  (0s)
  JSR  -49.0 dB  BER 0.00e+00  P(det)@0.05 power_one_sided 0.109 power_two_sided 0.121 kurtosis 0.059 spec_cnn 0.039  (1s)
  JSR  -48.0 dB  BER 0.00e+00  P(det)@0.05 power_one_sided 0.143 power_two_sided 0.170 kurtosis 0.053 spec_cnn 0.068  (1s)
  JSR  -47.0 dB  BER 0.00e+00  P(det)@0.05 power_one_sided 0.184 power_two_sided 0.227 kurtosis 0.045 spec_cnn 0.049  (1s)
  JSR  -46.0 dB  BER 0.00e+00  P(det)@0.05 power_one_sided 0.207 power_two_sided 0.250 kurtosis 0.061 spec_cnn 0.047  (1s)
  JSR  -45.0 dB  BER 0.00e+00  P(det)@0.05 power_one_sided 0.215 power_two_sided 0.299 kurtosis 0.041 spec_cnn 0.062  (2s)
  JSR  -44.0 dB  BER 0.00e+00  P(det)@0.05 power_one_sided 0.248 power_two_sided 0.344 kurtosis 0.064 spec_cnn 0.066  (2s)
  JSR  -43.0 dB  BER 0.00e+00  P(det)@0.05 power_one_sided 0.279 power_two_sided 0.398 kurtosis 0.051 spec_cnn 0.055  (2s)
  JSR  -42.0 dB  BER 0.00e+00  P(det)@0.05 power_one_sided 0.264 power_two_sided 0.385 kurtosis 0.062 spec_cnn 0.049  (3s)
  JSR  -41.0 dB  BER 0.00e+00  P(det)@0.05 power_one_sided 0.328 power_two_sided 0.514 kurtosis 0.064 spec_cnn 0.074  (3s)
  JSR  -40.0 dB  BER 0.00e+00  P(det)@0.05 power_one_sided 0.359 power_two_sided 0.543 kurtosis 0.049 spec_cnn 0.070  (3s)
  JSR  -39.0 dB  BER 0.00e+00  P(det)@0.05 power_one_sided 0.359 power_two_sided 0.570 kurtosis 0.055 spec_cnn 0.086  (4s)
  JSR  -38.0 dB  BER 0.00e+00  P(det)@0.05 power_one_sided 0.367 power_two_sided 0.625 kurtosis 0.053 spec_cnn 0.084  (4s)
  JSR  -37.0 dB  BER 0.00e+00  P(det)@0.05 power_one_sided 0.441 power_two_sided 0.676 kurtosis 0.053 spec_cnn 0.125  (4s)
  JSR  -36.0 dB  BER 0.00e+00  P(det)@0.05 power_one_sided 0.480 power_two_sided 0.705 kurtosis 0.059 spec_cnn 0.145  (5s)
  JSR  -35.0 dB  BER 0.00e+00  P(det)@0.05 power_one_sided 0.467 power_two_sided 0.740 kurtosis 0.057 spec_cnn 0.148  (5s)
  JSR  -34.0 dB  BER 0.00e+00  P(det)@0.05 power_one_sided 0.508 power_two_sided 0.760 kurtosis 0.070 spec_cnn 0.219  (5s)
  JSR  -33.0 dB  BER 0.00e+00  P(det)@0.05 power_one_sided 0.529 power_two_sided 0.793 kurtosis 0.070 spec_cnn 0.258  (6s)
  JSR  -32.0 dB  BER 0.00e+00  P(det)@0.05 power_one_sided 0.537 power_two_sided 0.820 kurtosis 0.057 spec_cnn 0.301  (6s)
  JSR  -31.0 dB  BER 0.00e+00  P(det)@0.05 power_one_sided 0.557 power_two_sided 0.830 kurtosis 0.045 spec_cnn 0.395  (6s)
  JSR  -30.0 dB  BER 0.00e+00  P(det)@0.05 power_one_sided 0.537 power_two_sided 0.844 kurtosis 0.051 spec_cnn 0.445  (7s)
  JSR  -29.0 dB  BER 0.00e+00  P(det)@0.05 power_one_sided 0.650 power_two_sided 0.885 kurtosis 0.059 spec_cnn 0.549  (7s)
  JSR  -28.0 dB  BER 0.00e+00  P(det)@0.05 power_one_sided 0.654 power_two_sided 0.893 kurtosis 0.045 spec_cnn 0.646  (7s)
  JSR  -27.0 dB  BER 0.00e+00  P(det)@0.05 power_one_sided 0.672 power_two_sided 0.898 kurtosis 0.043 spec_cnn 0.713  (8s)
  JSR  -26.0 dB  BER 0.00e+00  P(det)@0.05 power_one_sided 0.693 power_two_sided 0.902 kurtosis 0.053 spec_cnn 0.770  (8s)
  JSR  -25.0 dB  BER 0.00e+00  P(det)@0.05 power_one_sided 0.727 power_two_sided 0.918 kurtosis 0.057 spec_cnn 0.871  (9s)
  JSR  -24.0 dB  BER 0.00e+00  P(det)@0.05 power_one_sided 0.789 power_two_sided 0.926 kurtosis 0.043 spec_cnn 0.912  (9s)
  JSR  -23.0 dB  BER 4.58e-05  P(det)@0.05 power_one_sided 0.801 power_two_sided 0.955 kurtosis 0.053 spec_cnn 0.951  (9s)
  JSR  -22.0 dB  BER 4.58e-04  P(det)@0.05 power_one_sided 0.828 power_two_sided 0.951 kurtosis 0.078 spec_cnn 0.949  (10s)
  JSR  -21.0 dB  BER 7.48e-04  P(det)@0.05 power_one_sided 0.893 power_two_sided 0.963 kurtosis 0.105 spec_cnn 0.984  (10s)
  JSR  -20.0 dB  BER 1.23e-03  P(det)@0.05 power_one_sided 0.908 power_two_sided 0.971 kurtosis 0.141 spec_cnn 0.984  (10s)
  JSR  -19.0 dB  BER 1.69e-03  P(det)@0.05 power_one_sided 0.963 power_two_sided 0.984 kurtosis 0.209 spec_cnn 0.990  (11s)
  JSR  -18.0 dB  BER 1.93e-03  P(det)@0.05 power_one_sided 0.965 power_two_sided 0.986 kurtosis 0.320 spec_cnn 0.996  (11s)
  JSR  -17.0 dB  BER 2.21e-03  P(det)@0.05 power_one_sided 0.998 power_two_sided 1.000 kurtosis 0.438 spec_cnn 0.994  (11s)
  JSR  -16.0 dB  BER 2.81e-03  P(det)@0.05 power_one_sided 0.986 power_two_sided 0.998 kurtosis 0.521 spec_cnn 0.998  (12s)
  JSR  -15.0 dB  BER 3.13e-03  P(det)@0.05 power_one_sided 1.000 power_two_sided 1.000 kurtosis 0.662 spec_cnn 1.000  (12s)
  JSR  -14.0 dB  BER 3.28e-03  P(det)@0.05 power_one_sided 1.000 power_two_sided 1.000 kurtosis 0.807 spec_cnn 1.000  (12s)
  JSR  -13.0 dB  BER 3.72e-03  P(det)@0.05 power_one_sided 1.000 power_two_sided 1.000 kurtosis 0.936 spec_cnn 1.000  (13s)
  JSR  -12.0 dB  BER 4.07e-03  P(det)@0.05 power_one_sided 1.000 power_two_sided 1.000 kurtosis 0.988 spec_cnn 0.998  (13s)
  JSR  -11.0 dB  BER 4.03e-03  P(det)@0.05 power_one_sided 1.000 power_two_sided 1.000 kurtosis 0.996 spec_cnn 1.000  (13s)
  JSR  -10.0 dB  BER 4.79e-03  P(det)@0.05 power_one_sided 1.000 power_two_sided 1.000 kurtosis 1.000 spec_cnn 1.000  (14s)
  JSR   -9.0 dB  BER 4.88e-03  P(det)@0.05 power_one_sided 1.000 power_two_sided 1.000 kurtosis 1.000 spec_cnn 1.000  (14s)
  JSR   -8.0 dB  BER 5.10e-03  P(det)@0.05 power_one_sided 1.000 power_two_sided 1.000 kurtosis 1.000 spec_cnn 1.000  (14s)
  JSR   -7.0 dB  BER 5.36e-03  P(det)@0.05 power_one_sided 1.000 power_two_sided 1.000 kurtosis 1.000 spec_cnn 1.000  (15s)
  JSR   -6.0 dB  BER 6.24e-03  P(det)@0.05 power_one_sided 1.000 power_two_sided 1.000 kurtosis 1.000 spec_cnn 1.000  (15s)
  JSR   -5.0 dB  BER 7.68e-03  P(det)@0.05 power_one_sided 1.000 power_two_sided 1.000 kurtosis 1.000 spec_cnn 1.000  (15s)
  JSR   -4.0 dB  BER 9.17e-03  P(det)@0.05 power_one_sided 1.000 power_two_sided 1.000 kurtosis 1.000 spec_cnn 1.000  (16s)
  JSR   -3.0 dB  BER 1.07e-02  P(det)@0.05 power_one_sided 1.000 power_two_sided 1.000 kurtosis 1.000 spec_cnn 1.000  (16s)
  JSR   -2.0 dB  BER 1.36e-02  P(det)@0.05 power_one_sided 1.000 power_two_sided 1.000 kurtosis 1.000 spec_cnn 1.000  (16s)
  JSR   -1.0 dB  BER 1.95e-02  P(det)@0.05 power_one_sided 1.000 power_two_sided 1.000 kurtosis 1.000 spec_cnn 1.000  (17s)
  JSR   +0.0 dB  BER 2.57e-02  P(det)@0.05 power_one_sided 1.000 power_two_sided 1.000 kurtosis 1.000 spec_cnn 1.000  (17s)
  JSR   +1.0 dB  BER 3.72e-02  P(det)@0.05 power_one_sided 1.000 power_two_sided 1.000 kurtosis 1.000 spec_cnn 1.000  (17s)
  JSR   +2.0 dB  BER 5.17e-02  P(det)@0.05 power_one_sided 1.000 power_two_sided 1.000 kurtosis 1.000 spec_cnn 1.000  (18s)
  JSR   +3.0 dB  BER 6.96e-02  P(det)@0.05 power_one_sided 1.000 power_two_sided 1.000 kurtosis 1.000 spec_cnn 1.000  (18s)
  JSR   +4.0 dB  BER 9.16e-02  P(det)@0.05 power_one_sided 1.000 power_two_sided 1.000 kurtosis 1.000 spec_cnn 1.000  (18s)
  JSR   +5.0 dB  BER 1.13e-01  P(det)@0.05 power_one_sided 1.000 power_two_sided 1.000 kurtosis 1.000 spec_cnn 1.000  (19s)
  JSR   +6.0 dB  BER 1.38e-01  P(det)@0.05 power_one_sided 1.000 power_two_sided 1.000 kurtosis 1.000 spec_cnn 1.000  (19s)
  JSR   +7.0 dB  BER 1.64e-01  P(det)@0.05 power_one_sided 1.000 power_two_sided 1.000 kurtosis 1.000 spec_cnn 1.000  (19s)
  JSR   +8.0 dB  BER 1.90e-01  P(det)@0.05 power_one_sided 1.000 power_two_sided 1.000 kurtosis 1.000 spec_cnn 1.000  (20s)
  JSR   +9.0 dB  BER 2.15e-01  P(det)@0.05 power_one_sided 1.000 power_two_sided 1.000 kurtosis 1.000 spec_cnn 1.000  (20s)
  JSR  +10.0 dB  BER 2.45e-01  P(det)@0.05 power_one_sided 1.000 power_two_sided 1.000 kurtosis 1.000 spec_cnn 1.000  (20s)
  JSR  +11.0 dB  BER 2.66e-01  P(det)@0.05 power_one_sided 1.000 power_two_sided 1.000 kurtosis 1.000 spec_cnn 1.000  (21s)
  JSR  +12.0 dB  BER 2.85e-01  P(det)@0.05 power_one_sided 1.000 power_two_sided 1.000 kurtosis 1.000 spec_cnn 1.000  (21s)
  JSR  +13.0 dB  BER 3.10e-01  P(det)@0.05 power_one_sided 1.000 power_two_sided 1.000 kurtosis 1.000 spec_cnn 1.000  (21s)
  JSR  +14.0 dB  BER 3.30e-01  P(det)@0.05 power_one_sided 1.000 power_two_sided 1.000 kurtosis 1.000 spec_cnn 1.000  (22s)
  JSR  +15.0 dB  BER 3.48e-01  P(det)@0.05 power_one_sided 1.000 power_two_sided 1.000 kurtosis 1.000 spec_cnn 1.000  (22s)
  [snr_40] power_two_sided_b10 confirmed: {"power_one_sided": {"0.01": null, "0.05": null}, "power_two_sided": {"0.01": null, "0.05": null}, "kurtosis": {"0.01": {"index": 27, "sweep_ber": 4.57763671875e-05, "sweep_pdet": 0.013671875, "confirmed_ber": 2.574920654296875e-05, "confirmed_ser": 5.14984130859375e-05, "confirmed_pdet": 0.0166015625, "passed": false}, "0.05": {"index": 27, "sweep_ber": 4.57763671875e-05, "sweep_pdet": 0.052734375, "confirmed_ber": 4.00543212890625e-05, "confirmed_ser": 8.0108642578125e-05, "confirmed_pdet": 0.06689453125, "passed": false}}, "spec_cnn": {"0.01": {"index": 0, "sweep_ber": 0.0, "sweep_pdet": 0.009765625, "confirmed_ber": 0.0, "confirmed_ser": 0.0, "confirmed_pdet": 0.007568359375, "passed": true}, "0.05": {"index": 0, "sweep_ber": 0.0, "sweep_pdet": 0.0546875, "confirmed_ber": 0.0, "confirmed_ser": 0.0, "confirmed_pdet": 0.04638671875, "passed": true}}}  (439s)
  [snr_40] generator power_two_sided_b100 (scale 0.4022)
  JSR  -50.0 dB  BER 0.00e+00  P(det)@0.05 power_one_sided 0.111 power_two_sided 0.152 kurtosis 0.051 spec_cnn 0.049  (0s)
  JSR  -49.0 dB  BER 0.00e+00  P(det)@0.05 power_one_sided 0.166 power_two_sided 0.172 kurtosis 0.051 spec_cnn 0.045  (1s)
  JSR  -48.0 dB  BER 0.00e+00  P(det)@0.05 power_one_sided 0.143 power_two_sided 0.188 kurtosis 0.061 spec_cnn 0.051  (1s)
  JSR  -47.0 dB  BER 0.00e+00  P(det)@0.05 power_one_sided 0.148 power_two_sided 0.207 kurtosis 0.047 spec_cnn 0.047  (1s)
  JSR  -46.0 dB  BER 0.00e+00  P(det)@0.05 power_one_sided 0.195 power_two_sided 0.252 kurtosis 0.047 spec_cnn 0.047  (2s)
  JSR  -45.0 dB  BER 0.00e+00  P(det)@0.05 power_one_sided 0.203 power_two_sided 0.307 kurtosis 0.037 spec_cnn 0.062  (2s)
  JSR  -44.0 dB  BER 0.00e+00  P(det)@0.05 power_one_sided 0.238 power_two_sided 0.287 kurtosis 0.066 spec_cnn 0.057  (2s)
  JSR  -43.0 dB  BER 0.00e+00  P(det)@0.05 power_one_sided 0.242 power_two_sided 0.395 kurtosis 0.051 spec_cnn 0.066  (3s)
  JSR  -42.0 dB  BER 0.00e+00  P(det)@0.05 power_one_sided 0.279 power_two_sided 0.414 kurtosis 0.055 spec_cnn 0.064  (3s)
  JSR  -41.0 dB  BER 0.00e+00  P(det)@0.05 power_one_sided 0.334 power_two_sided 0.465 kurtosis 0.062 spec_cnn 0.066  (3s)
  JSR  -40.0 dB  BER 0.00e+00  P(det)@0.05 power_one_sided 0.400 power_two_sided 0.553 kurtosis 0.059 spec_cnn 0.094  (3s)
  JSR  -39.0 dB  BER 0.00e+00  P(det)@0.05 power_one_sided 0.361 power_two_sided 0.553 kurtosis 0.062 spec_cnn 0.092  (4s)
  JSR  -38.0 dB  BER 0.00e+00  P(det)@0.05 power_one_sided 0.369 power_two_sided 0.615 kurtosis 0.055 spec_cnn 0.119  (4s)
  JSR  -37.0 dB  BER 0.00e+00  P(det)@0.05 power_one_sided 0.424 power_two_sided 0.652 kurtosis 0.047 spec_cnn 0.121  (5s)
  JSR  -36.0 dB  BER 0.00e+00  P(det)@0.05 power_one_sided 0.430 power_two_sided 0.684 kurtosis 0.057 spec_cnn 0.145  (5s)
  JSR  -35.0 dB  BER 0.00e+00  P(det)@0.05 power_one_sided 0.453 power_two_sided 0.750 kurtosis 0.047 spec_cnn 0.201  (5s)
  JSR  -34.0 dB  BER 0.00e+00  P(det)@0.05 power_one_sided 0.520 power_two_sided 0.771 kurtosis 0.059 spec_cnn 0.262  (6s)
  JSR  -33.0 dB  BER 0.00e+00  P(det)@0.05 power_one_sided 0.537 power_two_sided 0.787 kurtosis 0.051 spec_cnn 0.311  (6s)
  JSR  -32.0 dB  BER 0.00e+00  P(det)@0.05 power_one_sided 0.557 power_two_sided 0.809 kurtosis 0.059 spec_cnn 0.363  (6s)
  JSR  -31.0 dB  BER 0.00e+00  P(det)@0.05 power_one_sided 0.559 power_two_sided 0.822 kurtosis 0.047 spec_cnn 0.430  (7s)
  JSR  -30.0 dB  BER 0.00e+00  P(det)@0.05 power_one_sided 0.590 power_two_sided 0.875 kurtosis 0.053 spec_cnn 0.512  (7s)
  JSR  -29.0 dB  BER 0.00e+00  P(det)@0.05 power_one_sided 0.637 power_two_sided 0.885 kurtosis 0.053 spec_cnn 0.607  (7s)
  JSR  -28.0 dB  BER 0.00e+00  P(det)@0.05 power_one_sided 0.662 power_two_sided 0.875 kurtosis 0.053 spec_cnn 0.660  (8s)
  JSR  -27.0 dB  BER 0.00e+00  P(det)@0.05 power_one_sided 0.695 power_two_sided 0.910 kurtosis 0.059 spec_cnn 0.727  (8s)
  JSR  -26.0 dB  BER 0.00e+00  P(det)@0.05 power_one_sided 0.764 power_two_sided 0.924 kurtosis 0.045 spec_cnn 0.803  (8s)
  JSR  -25.0 dB  BER 0.00e+00  P(det)@0.05 power_one_sided 0.701 power_two_sided 0.916 kurtosis 0.057 spec_cnn 0.877  (8s)
  JSR  -24.0 dB  BER 0.00e+00  P(det)@0.05 power_one_sided 0.764 power_two_sided 0.943 kurtosis 0.043 spec_cnn 0.891  (9s)
  JSR  -23.0 dB  BER 1.53e-05  P(det)@0.05 power_one_sided 0.840 power_two_sided 0.947 kurtosis 0.070 spec_cnn 0.943  (9s)
  JSR  -22.0 dB  BER 4.27e-04  P(det)@0.05 power_one_sided 0.871 power_two_sided 0.963 kurtosis 0.062 spec_cnn 0.979  (9s)
  JSR  -21.0 dB  BER 8.01e-04  P(det)@0.05 power_one_sided 0.902 power_two_sided 0.971 kurtosis 0.131 spec_cnn 0.959  (10s)
  JSR  -20.0 dB  BER 1.16e-03  P(det)@0.05 power_one_sided 0.922 power_two_sided 0.980 kurtosis 0.135 spec_cnn 0.984  (10s)
  JSR  -19.0 dB  BER 1.63e-03  P(det)@0.05 power_one_sided 0.949 power_two_sided 0.979 kurtosis 0.246 spec_cnn 0.996  (10s)
  JSR  -18.0 dB  BER 2.14e-03  P(det)@0.05 power_one_sided 0.963 power_two_sided 0.988 kurtosis 0.301 spec_cnn 0.994  (11s)
  JSR  -17.0 dB  BER 2.43e-03  P(det)@0.05 power_one_sided 0.982 power_two_sided 0.994 kurtosis 0.416 spec_cnn 1.000  (11s)
  JSR  -16.0 dB  BER 2.75e-03  P(det)@0.05 power_one_sided 0.994 power_two_sided 1.000 kurtosis 0.525 spec_cnn 1.000  (11s)
  JSR  -15.0 dB  BER 3.17e-03  P(det)@0.05 power_one_sided 0.998 power_two_sided 0.998 kurtosis 0.666 spec_cnn 1.000  (12s)
  JSR  -14.0 dB  BER 3.81e-03  P(det)@0.05 power_one_sided 1.000 power_two_sided 1.000 kurtosis 0.779 spec_cnn 1.000  (12s)
  JSR  -13.0 dB  BER 3.77e-03  P(det)@0.05 power_one_sided 1.000 power_two_sided 1.000 kurtosis 0.936 spec_cnn 1.000  (12s)
  JSR  -12.0 dB  BER 4.13e-03  P(det)@0.05 power_one_sided 1.000 power_two_sided 1.000 kurtosis 0.988 spec_cnn 1.000  (13s)
  JSR  -11.0 dB  BER 4.39e-03  P(det)@0.05 power_one_sided 1.000 power_two_sided 1.000 kurtosis 0.994 spec_cnn 1.000  (13s)
  JSR  -10.0 dB  BER 4.43e-03  P(det)@0.05 power_one_sided 1.000 power_two_sided 1.000 kurtosis 1.000 spec_cnn 1.000  (13s)
  JSR   -9.0 dB  BER 4.97e-03  P(det)@0.05 power_one_sided 1.000 power_two_sided 1.000 kurtosis 1.000 spec_cnn 1.000  (14s)
  JSR   -8.0 dB  BER 5.39e-03  P(det)@0.05 power_one_sided 1.000 power_two_sided 1.000 kurtosis 1.000 spec_cnn 1.000  (14s)
  JSR   -7.0 dB  BER 5.94e-03  P(det)@0.05 power_one_sided 1.000 power_two_sided 1.000 kurtosis 1.000 spec_cnn 1.000  (14s)
  JSR   -6.0 dB  BER 6.77e-03  P(det)@0.05 power_one_sided 1.000 power_two_sided 1.000 kurtosis 1.000 spec_cnn 1.000  (15s)
  JSR   -5.0 dB  BER 7.33e-03  P(det)@0.05 power_one_sided 1.000 power_two_sided 1.000 kurtosis 1.000 spec_cnn 1.000  (15s)
  JSR   -4.0 dB  BER 8.89e-03  P(det)@0.05 power_one_sided 1.000 power_two_sided 1.000 kurtosis 1.000 spec_cnn 1.000  (15s)
  JSR   -3.0 dB  BER 1.11e-02  P(det)@0.05 power_one_sided 1.000 power_two_sided 1.000 kurtosis 1.000 spec_cnn 1.000  (16s)
  JSR   -2.0 dB  BER 1.46e-02  P(det)@0.05 power_one_sided 1.000 power_two_sided 1.000 kurtosis 1.000 spec_cnn 1.000  (16s)
  JSR   -1.0 dB  BER 1.97e-02  P(det)@0.05 power_one_sided 1.000 power_two_sided 1.000 kurtosis 1.000 spec_cnn 1.000  (16s)
  JSR   +0.0 dB  BER 2.69e-02  P(det)@0.05 power_one_sided 1.000 power_two_sided 1.000 kurtosis 1.000 spec_cnn 1.000  (17s)
  JSR   +1.0 dB  BER 3.85e-02  P(det)@0.05 power_one_sided 1.000 power_two_sided 1.000 kurtosis 1.000 spec_cnn 1.000  (17s)
  JSR   +2.0 dB  BER 5.13e-02  P(det)@0.05 power_one_sided 1.000 power_two_sided 1.000 kurtosis 1.000 spec_cnn 1.000  (17s)
  JSR   +3.0 dB  BER 6.98e-02  P(det)@0.05 power_one_sided 1.000 power_two_sided 1.000 kurtosis 1.000 spec_cnn 1.000  (18s)
  JSR   +4.0 dB  BER 9.30e-02  P(det)@0.05 power_one_sided 1.000 power_two_sided 1.000 kurtosis 1.000 spec_cnn 1.000  (18s)
  JSR   +5.0 dB  BER 1.13e-01  P(det)@0.05 power_one_sided 1.000 power_two_sided 1.000 kurtosis 1.000 spec_cnn 1.000  (18s)
  JSR   +6.0 dB  BER 1.43e-01  P(det)@0.05 power_one_sided 1.000 power_two_sided 1.000 kurtosis 1.000 spec_cnn 1.000  (19s)
  JSR   +7.0 dB  BER 1.64e-01  P(det)@0.05 power_one_sided 1.000 power_two_sided 1.000 kurtosis 1.000 spec_cnn 1.000  (19s)
  JSR   +8.0 dB  BER 1.91e-01  P(det)@0.05 power_one_sided 1.000 power_two_sided 1.000 kurtosis 1.000 spec_cnn 1.000  (19s)
  JSR   +9.0 dB  BER 2.17e-01  P(det)@0.05 power_one_sided 1.000 power_two_sided 1.000 kurtosis 1.000 spec_cnn 1.000  (20s)
  JSR  +10.0 dB  BER 2.41e-01  P(det)@0.05 power_one_sided 1.000 power_two_sided 1.000 kurtosis 1.000 spec_cnn 1.000  (20s)
  JSR  +11.0 dB  BER 2.62e-01  P(det)@0.05 power_one_sided 1.000 power_two_sided 1.000 kurtosis 1.000 spec_cnn 1.000  (20s)
  JSR  +12.0 dB  BER 2.88e-01  P(det)@0.05 power_one_sided 1.000 power_two_sided 1.000 kurtosis 1.000 spec_cnn 1.000  (21s)
  JSR  +13.0 dB  BER 3.10e-01  P(det)@0.05 power_one_sided 1.000 power_two_sided 1.000 kurtosis 1.000 spec_cnn 1.000  (21s)
  JSR  +14.0 dB  BER 3.27e-01  P(det)@0.05 power_one_sided 1.000 power_two_sided 1.000 kurtosis 1.000 spec_cnn 1.000  (21s)
  JSR  +15.0 dB  BER 3.46e-01  P(det)@0.05 power_one_sided 1.000 power_two_sided 1.000 kurtosis 1.000 spec_cnn 1.000  (22s)
  [snr_40] power_two_sided_b100 confirmed: {"power_one_sided": {"0.01": null, "0.05": null}, "power_two_sided": {"0.01": null, "0.05": null}, "kurtosis": {"0.01": {"index": 28, "sweep_ber": 0.00042724609375, "sweep_pdet": 0.015625, "confirmed_ber": 0.0003833770751953125, "confirmed_ser": 0.000766754150390625, "confirmed_pdet": 0.024658203125, "passed": false}, "0.05": {"index": 28, "sweep_ber": 0.00042724609375, "sweep_pdet": 0.0625, "confirmed_ber": 0.00034999847412109375, "confirmed_ser": 0.0006999969482421875, "confirmed_pdet": 0.072998046875, "passed": false}}, "spec_cnn": {"0.01": {"index": 0, "sweep_ber": 0.0, "sweep_pdet": 0.0078125, "confirmed_ber": 0.0, "confirmed_ser": 0.0, "confirmed_pdet": 0.0068359375, "passed": true}, "0.05": {"index": 0, "sweep_ber": 0.0, "sweep_pdet": 0.048828125, "confirmed_ber": 0.0, "confirmed_ser": 0.0, "confirmed_pdet": 0.04345703125, "passed": true}}}  (472s)
  [snr_40] generator power_two_sided_b1000 (scale 0.4022)
  JSR  -50.0 dB  BER 0.00e+00  P(det)@0.05 power_one_sided 0.121 power_two_sided 0.145 kurtosis 0.068 spec_cnn 0.047  (0s)
  JSR  -49.0 dB  BER 0.00e+00  P(det)@0.05 power_one_sided 0.115 power_two_sided 0.135 kurtosis 0.049 spec_cnn 0.049  (1s)
  JSR  -48.0 dB  BER 0.00e+00  P(det)@0.05 power_one_sided 0.131 power_two_sided 0.188 kurtosis 0.053 spec_cnn 0.066  (1s)
  JSR  -47.0 dB  BER 0.00e+00  P(det)@0.05 power_one_sided 0.150 power_two_sided 0.205 kurtosis 0.053 spec_cnn 0.057  (1s)
  JSR  -46.0 dB  BER 0.00e+00  P(det)@0.05 power_one_sided 0.184 power_two_sided 0.238 kurtosis 0.051 spec_cnn 0.053  (2s)
  JSR  -45.0 dB  BER 0.00e+00  P(det)@0.05 power_one_sided 0.176 power_two_sided 0.227 kurtosis 0.051 spec_cnn 0.049  (2s)
  JSR  -44.0 dB  BER 0.00e+00  P(det)@0.05 power_one_sided 0.182 power_two_sided 0.271 kurtosis 0.055 spec_cnn 0.070  (2s)
  JSR  -43.0 dB  BER 0.00e+00  P(det)@0.05 power_one_sided 0.285 power_two_sided 0.416 kurtosis 0.045 spec_cnn 0.049  (3s)
  JSR  -42.0 dB  BER 0.00e+00  P(det)@0.05 power_one_sided 0.273 power_two_sided 0.410 kurtosis 0.072 spec_cnn 0.064  (3s)
  JSR  -41.0 dB  BER 0.00e+00  P(det)@0.05 power_one_sided 0.305 power_two_sided 0.443 kurtosis 0.035 spec_cnn 0.098  (3s)
  JSR  -40.0 dB  BER 0.00e+00  P(det)@0.05 power_one_sided 0.334 power_two_sided 0.521 kurtosis 0.066 spec_cnn 0.076  (3s)
  JSR  -39.0 dB  BER 0.00e+00  P(det)@0.05 power_one_sided 0.316 power_two_sided 0.473 kurtosis 0.070 spec_cnn 0.109  (4s)
  JSR  -38.0 dB  BER 0.00e+00  P(det)@0.05 power_one_sided 0.359 power_two_sided 0.564 kurtosis 0.061 spec_cnn 0.129  (4s)
  JSR  -37.0 dB  BER 0.00e+00  P(det)@0.05 power_one_sided 0.414 power_two_sided 0.631 kurtosis 0.059 spec_cnn 0.156  (4s)
  JSR  -36.0 dB  BER 0.00e+00  P(det)@0.05 power_one_sided 0.402 power_two_sided 0.633 kurtosis 0.061 spec_cnn 0.217  (5s)
  JSR  -35.0 dB  BER 0.00e+00  P(det)@0.05 power_one_sided 0.490 power_two_sided 0.701 kurtosis 0.029 spec_cnn 0.281  (5s)
  JSR  -34.0 dB  BER 0.00e+00  P(det)@0.05 power_one_sided 0.484 power_two_sided 0.707 kurtosis 0.051 spec_cnn 0.350  (5s)
  JSR  -33.0 dB  BER 0.00e+00  P(det)@0.05 power_one_sided 0.471 power_two_sided 0.732 kurtosis 0.059 spec_cnn 0.393  (6s)
  JSR  -32.0 dB  BER 0.00e+00  P(det)@0.05 power_one_sided 0.486 power_two_sided 0.775 kurtosis 0.057 spec_cnn 0.449  (6s)
  JSR  -31.0 dB  BER 0.00e+00  P(det)@0.05 power_one_sided 0.537 power_two_sided 0.779 kurtosis 0.047 spec_cnn 0.541  (6s)
  JSR  -30.0 dB  BER 0.00e+00  P(det)@0.05 power_one_sided 0.604 power_two_sided 0.814 kurtosis 0.059 spec_cnn 0.621  (7s)
  JSR  -29.0 dB  BER 0.00e+00  P(det)@0.05 power_one_sided 0.602 power_two_sided 0.861 kurtosis 0.039 spec_cnn 0.760  (7s)
  JSR  -28.0 dB  BER 0.00e+00  P(det)@0.05 power_one_sided 0.641 power_two_sided 0.865 kurtosis 0.064 spec_cnn 0.779  (7s)
  JSR  -27.0 dB  BER 0.00e+00  P(det)@0.05 power_one_sided 0.646 power_two_sided 0.869 kurtosis 0.059 spec_cnn 0.828  (8s)
  JSR  -26.0 dB  BER 0.00e+00  P(det)@0.05 power_one_sided 0.688 power_two_sided 0.908 kurtosis 0.047 spec_cnn 0.889  (8s)
  JSR  -25.0 dB  BER 0.00e+00  P(det)@0.05 power_one_sided 0.711 power_two_sided 0.895 kurtosis 0.061 spec_cnn 0.908  (8s)
  JSR  -24.0 dB  BER 0.00e+00  P(det)@0.05 power_one_sided 0.734 power_two_sided 0.910 kurtosis 0.055 spec_cnn 0.928  (9s)
  JSR  -23.0 dB  BER 0.00e+00  P(det)@0.05 power_one_sided 0.787 power_two_sided 0.939 kurtosis 0.066 spec_cnn 0.969  (9s)
  JSR  -22.0 dB  BER 0.00e+00  P(det)@0.05 power_one_sided 0.791 power_two_sided 0.957 kurtosis 0.074 spec_cnn 0.988  (9s)
  JSR  -21.0 dB  BER 2.29e-05  P(det)@0.05 power_one_sided 0.824 power_two_sided 0.957 kurtosis 0.080 spec_cnn 0.982  (9s)
  JSR  -20.0 dB  BER 1.60e-04  P(det)@0.05 power_one_sided 0.869 power_two_sided 0.973 kurtosis 0.059 spec_cnn 0.990  (10s)
  JSR  -19.0 dB  BER 2.98e-04  P(det)@0.05 power_one_sided 0.910 power_two_sided 0.979 kurtosis 0.117 spec_cnn 0.990  (10s)
  JSR  -18.0 dB  BER 6.71e-04  P(det)@0.05 power_one_sided 0.930 power_two_sided 0.994 kurtosis 0.164 spec_cnn 0.996  (10s)
  JSR  -17.0 dB  BER 1.07e-03  P(det)@0.05 power_one_sided 0.955 power_two_sided 0.992 kurtosis 0.213 spec_cnn 0.998  (11s)
  JSR  -16.0 dB  BER 1.41e-03  P(det)@0.05 power_one_sided 0.977 power_two_sided 0.998 kurtosis 0.334 spec_cnn 1.000  (11s)
  JSR  -15.0 dB  BER 1.72e-03  P(det)@0.05 power_one_sided 0.990 power_two_sided 1.000 kurtosis 0.404 spec_cnn 1.000  (11s)
  JSR  -14.0 dB  BER 2.11e-03  P(det)@0.05 power_one_sided 0.998 power_two_sided 1.000 kurtosis 0.600 spec_cnn 0.998  (12s)
  JSR  -13.0 dB  BER 2.53e-03  P(det)@0.05 power_one_sided 0.992 power_two_sided 0.998 kurtosis 0.727 spec_cnn 1.000  (12s)
  JSR  -12.0 dB  BER 2.94e-03  P(det)@0.05 power_one_sided 1.000 power_two_sided 1.000 kurtosis 0.867 spec_cnn 1.000  (12s)
  JSR  -11.0 dB  BER 2.96e-03  P(det)@0.05 power_one_sided 1.000 power_two_sided 1.000 kurtosis 0.967 spec_cnn 1.000  (13s)
  JSR  -10.0 dB  BER 3.65e-03  P(det)@0.05 power_one_sided 1.000 power_two_sided 1.000 kurtosis 0.986 spec_cnn 1.000  (13s)
  JSR   -9.0 dB  BER 3.94e-03  P(det)@0.05 power_one_sided 1.000 power_two_sided 1.000 kurtosis 0.998 spec_cnn 1.000  (13s)
  JSR   -8.0 dB  BER 4.88e-03  P(det)@0.05 power_one_sided 1.000 power_two_sided 1.000 kurtosis 1.000 spec_cnn 1.000  (14s)
  JSR   -7.0 dB  BER 6.77e-03  P(det)@0.05 power_one_sided 1.000 power_two_sided 1.000 kurtosis 1.000 spec_cnn 1.000  (14s)
  JSR   -6.0 dB  BER 9.99e-03  P(det)@0.05 power_one_sided 1.000 power_two_sided 1.000 kurtosis 1.000 spec_cnn 1.000  (14s)
  JSR   -5.0 dB  BER 1.60e-02  P(det)@0.05 power_one_sided 1.000 power_two_sided 1.000 kurtosis 1.000 spec_cnn 1.000  (15s)
  JSR   -4.0 dB  BER 2.58e-02  P(det)@0.05 power_one_sided 1.000 power_two_sided 1.000 kurtosis 1.000 spec_cnn 1.000  (15s)
  JSR   -3.0 dB  BER 3.72e-02  P(det)@0.05 power_one_sided 1.000 power_two_sided 1.000 kurtosis 1.000 spec_cnn 1.000  (15s)
  JSR   -2.0 dB  BER 5.40e-02  P(det)@0.05 power_one_sided 1.000 power_two_sided 1.000 kurtosis 1.000 spec_cnn 1.000  (15s)
  JSR   -1.0 dB  BER 7.23e-02  P(det)@0.05 power_one_sided 1.000 power_two_sided 1.000 kurtosis 1.000 spec_cnn 1.000  (16s)
  JSR   +0.0 dB  BER 9.50e-02  P(det)@0.05 power_one_sided 1.000 power_two_sided 1.000 kurtosis 1.000 spec_cnn 1.000  (16s)
  JSR   +1.0 dB  BER 1.20e-01  P(det)@0.05 power_one_sided 1.000 power_two_sided 1.000 kurtosis 1.000 spec_cnn 1.000  (17s)
  JSR   +2.0 dB  BER 1.43e-01  P(det)@0.05 power_one_sided 1.000 power_two_sided 1.000 kurtosis 1.000 spec_cnn 1.000  (17s)
  JSR   +3.0 dB  BER 1.70e-01  P(det)@0.05 power_one_sided 1.000 power_two_sided 1.000 kurtosis 1.000 spec_cnn 1.000  (17s)
  JSR   +4.0 dB  BER 1.95e-01  P(det)@0.05 power_one_sided 1.000 power_two_sided 1.000 kurtosis 1.000 spec_cnn 1.000  (18s)
  JSR   +5.0 dB  BER 2.21e-01  P(det)@0.05 power_one_sided 1.000 power_two_sided 1.000 kurtosis 1.000 spec_cnn 1.000  (18s)
  JSR   +6.0 dB  BER 2.47e-01  P(det)@0.05 power_one_sided 1.000 power_two_sided 1.000 kurtosis 1.000 spec_cnn 1.000  (18s)
  JSR   +7.0 dB  BER 2.66e-01  P(det)@0.05 power_one_sided 1.000 power_two_sided 1.000 kurtosis 1.000 spec_cnn 1.000  (19s)
  JSR   +8.0 dB  BER 2.92e-01  P(det)@0.05 power_one_sided 1.000 power_two_sided 1.000 kurtosis 1.000 spec_cnn 1.000  (19s)
  JSR   +9.0 dB  BER 3.14e-01  P(det)@0.05 power_one_sided 1.000 power_two_sided 1.000 kurtosis 1.000 spec_cnn 1.000  (19s)
  JSR  +10.0 dB  BER 3.29e-01  P(det)@0.05 power_one_sided 1.000 power_two_sided 1.000 kurtosis 1.000 spec_cnn 1.000  (20s)
  JSR  +11.0 dB  BER 3.47e-01  P(det)@0.05 power_one_sided 1.000 power_two_sided 1.000 kurtosis 1.000 spec_cnn 1.000  (20s)
  JSR  +12.0 dB  BER 3.65e-01  P(det)@0.05 power_one_sided 1.000 power_two_sided 1.000 kurtosis 1.000 spec_cnn 1.000  (20s)
  JSR  +13.0 dB  BER 3.79e-01  P(det)@0.05 power_one_sided 1.000 power_two_sided 1.000 kurtosis 1.000 spec_cnn 1.000  (21s)
  JSR  +14.0 dB  BER 3.91e-01  P(det)@0.05 power_one_sided 1.000 power_two_sided 1.000 kurtosis 1.000 spec_cnn 1.000  (21s)
  JSR  +15.0 dB  BER 4.05e-01  P(det)@0.05 power_one_sided 1.000 power_two_sided 1.000 kurtosis 1.000 spec_cnn 1.000  (21s)
  [snr_40] power_two_sided_b1000 confirmed: {"power_one_sided": {"0.01": null, "0.05": null}, "power_two_sided": {"0.01": null, "0.05": null}, "kurtosis": {"0.01": {"index": 30, "sweep_ber": 0.00016021728515625, "sweep_pdet": 0.01171875, "confirmed_ber": 0.00013256072998046875, "confirmed_ser": 0.0002651214599609375, "confirmed_pdet": 0.018798828125, "passed": false}, "0.05": {"index": 30, "sweep_ber": 0.00016021728515625, "sweep_pdet": 0.05859375, "confirmed_ber": 0.00013446807861328125, "confirmed_ser": 0.0002689361572265625, "confirmed_pdet": 0.084228515625, "passed": false}}, "spec_cnn": {"0.01": {"index": 0, "sweep_ber": 0.0, "sweep_pdet": 0.005859375, "confirmed_ber": 0.0, "confirmed_ser": 0.0, "confirmed_pdet": 0.009033203125, "passed": true}, "0.05": {"index": 0, "sweep_ber": 0.0, "sweep_pdet": 0.046875, "confirmed_ber": 0.0, "confirmed_ser": 0.0, "confirmed_pdet": 0.047607421875, "passed": true}}}  (504s)
  [snr_40] generator kurtosis_b1 (scale 0.4022)
  JSR  -50.0 dB  BER 0.00e+00  P(det)@0.05 power_one_sided 0.117 power_two_sided 0.145 kurtosis 0.053 spec_cnn 0.061  (0s)
  JSR  -49.0 dB  BER 0.00e+00  P(det)@0.05 power_one_sided 0.088 power_two_sided 0.135 kurtosis 0.057 spec_cnn 0.072  (1s)
  JSR  -48.0 dB  BER 0.00e+00  P(det)@0.05 power_one_sided 0.143 power_two_sided 0.229 kurtosis 0.045 spec_cnn 0.064  (1s)
  JSR  -47.0 dB  BER 0.00e+00  P(det)@0.05 power_one_sided 0.150 power_two_sided 0.195 kurtosis 0.047 spec_cnn 0.074  (1s)
  JSR  -46.0 dB  BER 0.00e+00  P(det)@0.05 power_one_sided 0.207 power_two_sided 0.264 kurtosis 0.053 spec_cnn 0.082  (2s)
  JSR  -45.0 dB  BER 0.00e+00  P(det)@0.05 power_one_sided 0.207 power_two_sided 0.283 kurtosis 0.037 spec_cnn 0.072  (2s)
  JSR  -44.0 dB  BER 0.00e+00  P(det)@0.05 power_one_sided 0.250 power_two_sided 0.316 kurtosis 0.049 spec_cnn 0.086  (2s)
  JSR  -43.0 dB  BER 0.00e+00  P(det)@0.05 power_one_sided 0.254 power_two_sided 0.363 kurtosis 0.074 spec_cnn 0.084  (3s)
  JSR  -42.0 dB  BER 0.00e+00  P(det)@0.05 power_one_sided 0.277 power_two_sided 0.449 kurtosis 0.057 spec_cnn 0.098  (3s)
  JSR  -41.0 dB  BER 0.00e+00  P(det)@0.05 power_one_sided 0.328 power_two_sided 0.496 kurtosis 0.049 spec_cnn 0.094  (3s)
  JSR  -40.0 dB  BER 0.00e+00  P(det)@0.05 power_one_sided 0.332 power_two_sided 0.523 kurtosis 0.045 spec_cnn 0.107  (4s)
  JSR  -39.0 dB  BER 0.00e+00  P(det)@0.05 power_one_sided 0.367 power_two_sided 0.582 kurtosis 0.064 spec_cnn 0.121  (4s)
  JSR  -38.0 dB  BER 0.00e+00  P(det)@0.05 power_one_sided 0.383 power_two_sided 0.635 kurtosis 0.059 spec_cnn 0.143  (4s)
  JSR  -37.0 dB  BER 0.00e+00  P(det)@0.05 power_one_sided 0.426 power_two_sided 0.668 kurtosis 0.045 spec_cnn 0.199  (5s)
  JSR  -36.0 dB  BER 0.00e+00  P(det)@0.05 power_one_sided 0.402 power_two_sided 0.635 kurtosis 0.068 spec_cnn 0.186  (5s)
  JSR  -35.0 dB  BER 0.00e+00  P(det)@0.05 power_one_sided 0.432 power_two_sided 0.705 kurtosis 0.059 spec_cnn 0.193  (5s)
  JSR  -34.0 dB  BER 0.00e+00  P(det)@0.05 power_one_sided 0.488 power_two_sided 0.740 kurtosis 0.055 spec_cnn 0.301  (6s)
  JSR  -33.0 dB  BER 0.00e+00  P(det)@0.05 power_one_sided 0.553 power_two_sided 0.805 kurtosis 0.055 spec_cnn 0.320  (6s)
  JSR  -32.0 dB  BER 0.00e+00  P(det)@0.05 power_one_sided 0.570 power_two_sided 0.824 kurtosis 0.051 spec_cnn 0.400  (6s)
  JSR  -31.0 dB  BER 0.00e+00  P(det)@0.05 power_one_sided 0.598 power_two_sided 0.818 kurtosis 0.051 spec_cnn 0.436  (7s)
  JSR  -30.0 dB  BER 0.00e+00  P(det)@0.05 power_one_sided 0.568 power_two_sided 0.824 kurtosis 0.070 spec_cnn 0.504  (7s)
  JSR  -29.0 dB  BER 0.00e+00  P(det)@0.05 power_one_sided 0.590 power_two_sided 0.859 kurtosis 0.051 spec_cnn 0.648  (7s)
  JSR  -28.0 dB  BER 0.00e+00  P(det)@0.05 power_one_sided 0.672 power_two_sided 0.900 kurtosis 0.047 spec_cnn 0.711  (8s)
  JSR  -27.0 dB  BER 0.00e+00  P(det)@0.05 power_one_sided 0.684 power_two_sided 0.912 kurtosis 0.057 spec_cnn 0.781  (8s)
  JSR  -26.0 dB  BER 0.00e+00  P(det)@0.05 power_one_sided 0.727 power_two_sided 0.939 kurtosis 0.070 spec_cnn 0.857  (9s)
  JSR  -25.0 dB  BER 0.00e+00  P(det)@0.05 power_one_sided 0.746 power_two_sided 0.912 kurtosis 0.068 spec_cnn 0.879  (9s)
  JSR  -24.0 dB  BER 0.00e+00  P(det)@0.05 power_one_sided 0.812 power_two_sided 0.926 kurtosis 0.045 spec_cnn 0.926  (9s)
  JSR  -23.0 dB  BER 7.63e-06  P(det)@0.05 power_one_sided 0.824 power_two_sided 0.951 kurtosis 0.064 spec_cnn 0.947  (10s)
  JSR  -22.0 dB  BER 2.14e-04  P(det)@0.05 power_one_sided 0.826 power_two_sided 0.957 kurtosis 0.096 spec_cnn 0.963  (10s)
  JSR  -21.0 dB  BER 6.10e-04  P(det)@0.05 power_one_sided 0.910 power_two_sided 0.971 kurtosis 0.090 spec_cnn 0.969  (10s)
  JSR  -20.0 dB  BER 1.11e-03  P(det)@0.05 power_one_sided 0.898 power_two_sided 0.969 kurtosis 0.148 spec_cnn 0.996  (11s)
  JSR  -19.0 dB  BER 1.68e-03  P(det)@0.05 power_one_sided 0.959 power_two_sided 0.988 kurtosis 0.178 spec_cnn 0.994  (11s)
  JSR  -18.0 dB  BER 1.75e-03  P(det)@0.05 power_one_sided 0.971 power_two_sided 0.988 kurtosis 0.299 spec_cnn 0.996  (11s)
  JSR  -17.0 dB  BER 2.27e-03  P(det)@0.05 power_one_sided 0.979 power_two_sided 0.994 kurtosis 0.404 spec_cnn 0.998  (12s)
  JSR  -16.0 dB  BER 2.75e-03  P(det)@0.05 power_one_sided 0.990 power_two_sided 0.994 kurtosis 0.525 spec_cnn 0.998  (12s)
  JSR  -15.0 dB  BER 3.09e-03  P(det)@0.05 power_one_sided 0.996 power_two_sided 1.000 kurtosis 0.648 spec_cnn 1.000  (12s)
  JSR  -14.0 dB  BER 3.52e-03  P(det)@0.05 power_one_sided 1.000 power_two_sided 1.000 kurtosis 0.824 spec_cnn 1.000  (13s)
  JSR  -13.0 dB  BER 3.87e-03  P(det)@0.05 power_one_sided 1.000 power_two_sided 1.000 kurtosis 0.918 spec_cnn 1.000  (13s)
  JSR  -12.0 dB  BER 4.01e-03  P(det)@0.05 power_one_sided 1.000 power_two_sided 1.000 kurtosis 0.957 spec_cnn 1.000  (13s)
  JSR  -11.0 dB  BER 4.39e-03  P(det)@0.05 power_one_sided 1.000 power_two_sided 1.000 kurtosis 0.988 spec_cnn 1.000  (14s)
  JSR  -10.0 dB  BER 4.65e-03  P(det)@0.05 power_one_sided 1.000 power_two_sided 1.000 kurtosis 1.000 spec_cnn 1.000  (14s)
  JSR   -9.0 dB  BER 4.99e-03  P(det)@0.05 power_one_sided 1.000 power_two_sided 1.000 kurtosis 1.000 spec_cnn 1.000  (14s)
  JSR   -8.0 dB  BER 5.19e-03  P(det)@0.05 power_one_sided 1.000 power_two_sided 1.000 kurtosis 1.000 spec_cnn 1.000  (15s)
  JSR   -7.0 dB  BER 5.98e-03  P(det)@0.05 power_one_sided 1.000 power_two_sided 1.000 kurtosis 1.000 spec_cnn 1.000  (15s)
  JSR   -6.0 dB  BER 6.65e-03  P(det)@0.05 power_one_sided 1.000 power_two_sided 1.000 kurtosis 1.000 spec_cnn 1.000  (15s)
  JSR   -5.0 dB  BER 7.85e-03  P(det)@0.05 power_one_sided 1.000 power_two_sided 1.000 kurtosis 1.000 spec_cnn 1.000  (16s)
  JSR   -4.0 dB  BER 9.56e-03  P(det)@0.05 power_one_sided 1.000 power_two_sided 1.000 kurtosis 1.000 spec_cnn 1.000  (16s)
  JSR   -3.0 dB  BER 1.26e-02  P(det)@0.05 power_one_sided 1.000 power_two_sided 1.000 kurtosis 1.000 spec_cnn 1.000  (16s)
  JSR   -2.0 dB  BER 1.74e-02  P(det)@0.05 power_one_sided 1.000 power_two_sided 1.000 kurtosis 1.000 spec_cnn 1.000  (17s)
  JSR   -1.0 dB  BER 2.48e-02  P(det)@0.05 power_one_sided 1.000 power_two_sided 1.000 kurtosis 1.000 spec_cnn 1.000  (17s)
  JSR   +0.0 dB  BER 3.36e-02  P(det)@0.05 power_one_sided 1.000 power_two_sided 1.000 kurtosis 1.000 spec_cnn 1.000  (17s)
  JSR   +1.0 dB  BER 4.41e-02  P(det)@0.05 power_one_sided 1.000 power_two_sided 1.000 kurtosis 1.000 spec_cnn 1.000  (18s)
  JSR   +2.0 dB  BER 6.02e-02  P(det)@0.05 power_one_sided 1.000 power_two_sided 1.000 kurtosis 1.000 spec_cnn 1.000  (18s)
  JSR   +3.0 dB  BER 8.23e-02  P(det)@0.05 power_one_sided 1.000 power_two_sided 1.000 kurtosis 1.000 spec_cnn 1.000  (18s)
  JSR   +4.0 dB  BER 1.06e-01  P(det)@0.05 power_one_sided 1.000 power_two_sided 1.000 kurtosis 1.000 spec_cnn 1.000  (19s)
  JSR   +5.0 dB  BER 1.31e-01  P(det)@0.05 power_one_sided 1.000 power_two_sided 1.000 kurtosis 1.000 spec_cnn 1.000  (19s)
  JSR   +6.0 dB  BER 1.58e-01  P(det)@0.05 power_one_sided 1.000 power_two_sided 1.000 kurtosis 1.000 spec_cnn 1.000  (19s)
  JSR   +7.0 dB  BER 1.88e-01  P(det)@0.05 power_one_sided 1.000 power_two_sided 1.000 kurtosis 1.000 spec_cnn 1.000  (20s)
  JSR   +8.0 dB  BER 2.12e-01  P(det)@0.05 power_one_sided 1.000 power_two_sided 1.000 kurtosis 1.000 spec_cnn 1.000  (20s)
  JSR   +9.0 dB  BER 2.36e-01  P(det)@0.05 power_one_sided 1.000 power_two_sided 1.000 kurtosis 1.000 spec_cnn 1.000  (20s)
  JSR  +10.0 dB  BER 2.59e-01  P(det)@0.05 power_one_sided 1.000 power_two_sided 1.000 kurtosis 1.000 spec_cnn 1.000  (21s)
  JSR  +11.0 dB  BER 2.79e-01  P(det)@0.05 power_one_sided 1.000 power_two_sided 1.000 kurtosis 1.000 spec_cnn 1.000  (21s)
  JSR  +12.0 dB  BER 3.02e-01  P(det)@0.05 power_one_sided 1.000 power_two_sided 1.000 kurtosis 1.000 spec_cnn 1.000  (21s)
  JSR  +13.0 dB  BER 3.22e-01  P(det)@0.05 power_one_sided 1.000 power_two_sided 1.000 kurtosis 1.000 spec_cnn 1.000  (22s)
  JSR  +14.0 dB  BER 3.42e-01  P(det)@0.05 power_one_sided 1.000 power_two_sided 1.000 kurtosis 1.000 spec_cnn 1.000  (22s)
  JSR  +15.0 dB  BER 3.59e-01  P(det)@0.05 power_one_sided 1.000 power_two_sided 1.000 kurtosis 1.000 spec_cnn 1.000  (22s)
  [snr_40] kurtosis_b1 confirmed: {"power_one_sided": {"0.01": null, "0.05": null}, "power_two_sided": {"0.01": null, "0.05": null}, "kurtosis": {"0.01": {"index": 27, "sweep_ber": 7.62939453125e-06, "sweep_pdet": 0.009765625, "confirmed_ber": 9.5367431640625e-06, "confirmed_ser": 1.9073486328125e-05, "confirmed_pdet": 0.018310546875, "passed": false}, "0.05": {"index": 27, "sweep_ber": 7.62939453125e-06, "sweep_pdet": 0.064453125, "confirmed_ber": 1.430511474609375e-05, "confirmed_ser": 2.86102294921875e-05, "confirmed_pdet": 0.068603515625, "passed": false}}, "spec_cnn": {"0.01": {"index": 0, "sweep_ber": 0.0, "sweep_pdet": 0.0078125, "confirmed_ber": 0.0, "confirmed_ser": 0.0, "confirmed_pdet": 0.0107421875, "passed": true}, "0.05": {"index": 0, "sweep_ber": 0.0, "sweep_pdet": 0.060546875, "confirmed_ber": 0.0, "confirmed_ser": 0.0, "confirmed_pdet": 0.0517578125, "passed": true}}}  (539s)
  [snr_40] generator kurtosis_b10 (scale 0.4022)
  JSR  -50.0 dB  BER 0.00e+00  P(det)@0.05 power_one_sided 0.100 power_two_sided 0.143 kurtosis 0.057 spec_cnn 0.049  (0s)
  JSR  -49.0 dB  BER 0.00e+00  P(det)@0.05 power_one_sided 0.131 power_two_sided 0.160 kurtosis 0.053 spec_cnn 0.045  (1s)
  JSR  -48.0 dB  BER 0.00e+00  P(det)@0.05 power_one_sided 0.154 power_two_sided 0.186 kurtosis 0.045 spec_cnn 0.039  (1s)
  JSR  -47.0 dB  BER 0.00e+00  P(det)@0.05 power_one_sided 0.154 power_two_sided 0.211 kurtosis 0.031 spec_cnn 0.053  (1s)
  JSR  -46.0 dB  BER 0.00e+00  P(det)@0.05 power_one_sided 0.201 power_two_sided 0.238 kurtosis 0.043 spec_cnn 0.033  (2s)
  JSR  -45.0 dB  BER 0.00e+00  P(det)@0.05 power_one_sided 0.207 power_two_sided 0.297 kurtosis 0.047 spec_cnn 0.057  (2s)
  JSR  -44.0 dB  BER 0.00e+00  P(det)@0.05 power_one_sided 0.244 power_two_sided 0.322 kurtosis 0.055 spec_cnn 0.041  (2s)
  JSR  -43.0 dB  BER 0.00e+00  P(det)@0.05 power_one_sided 0.262 power_two_sided 0.387 kurtosis 0.053 spec_cnn 0.055  (3s)
  JSR  -42.0 dB  BER 0.00e+00  P(det)@0.05 power_one_sided 0.279 power_two_sided 0.434 kurtosis 0.047 spec_cnn 0.055  (3s)
  JSR  -41.0 dB  BER 0.00e+00  P(det)@0.05 power_one_sided 0.305 power_two_sided 0.500 kurtosis 0.061 spec_cnn 0.059  (3s)
  JSR  -40.0 dB  BER 0.00e+00  P(det)@0.05 power_one_sided 0.375 power_two_sided 0.539 kurtosis 0.061 spec_cnn 0.080  (4s)
  JSR  -39.0 dB  BER 0.00e+00  P(det)@0.05 power_one_sided 0.338 power_two_sided 0.545 kurtosis 0.064 spec_cnn 0.100  (4s)
  JSR  -38.0 dB  BER 0.00e+00  P(det)@0.05 power_one_sided 0.379 power_two_sided 0.592 kurtosis 0.051 spec_cnn 0.119  (4s)
  JSR  -37.0 dB  BER 0.00e+00  P(det)@0.05 power_one_sided 0.400 power_two_sided 0.621 kurtosis 0.059 spec_cnn 0.129  (5s)
  JSR  -36.0 dB  BER 0.00e+00  P(det)@0.05 power_one_sided 0.461 power_two_sided 0.701 kurtosis 0.061 spec_cnn 0.139  (5s)
  JSR  -35.0 dB  BER 0.00e+00  P(det)@0.05 power_one_sided 0.438 power_two_sided 0.717 kurtosis 0.055 spec_cnn 0.174  (6s)
  JSR  -34.0 dB  BER 0.00e+00  P(det)@0.05 power_one_sided 0.510 power_two_sided 0.777 kurtosis 0.047 spec_cnn 0.215  (6s)
  JSR  -33.0 dB  BER 0.00e+00  P(det)@0.05 power_one_sided 0.578 power_two_sided 0.783 kurtosis 0.076 spec_cnn 0.256  (6s)
  JSR  -32.0 dB  BER 0.00e+00  P(det)@0.05 power_one_sided 0.551 power_two_sided 0.809 kurtosis 0.055 spec_cnn 0.346  (7s)
  JSR  -31.0 dB  BER 0.00e+00  P(det)@0.05 power_one_sided 0.588 power_two_sided 0.848 kurtosis 0.070 spec_cnn 0.406  (7s)
  JSR  -30.0 dB  BER 0.00e+00  P(det)@0.05 power_one_sided 0.588 power_two_sided 0.861 kurtosis 0.041 spec_cnn 0.514  (8s)
  JSR  -29.0 dB  BER 0.00e+00  P(det)@0.05 power_one_sided 0.641 power_two_sided 0.877 kurtosis 0.055 spec_cnn 0.568  (8s)
  JSR  -28.0 dB  BER 0.00e+00  P(det)@0.05 power_one_sided 0.666 power_two_sided 0.869 kurtosis 0.051 spec_cnn 0.674  (8s)
  JSR  -27.0 dB  BER 0.00e+00  P(det)@0.05 power_one_sided 0.719 power_two_sided 0.908 kurtosis 0.055 spec_cnn 0.742  (9s)
  JSR  -26.0 dB  BER 0.00e+00  P(det)@0.05 power_one_sided 0.709 power_two_sided 0.920 kurtosis 0.053 spec_cnn 0.830  (9s)
  JSR  -25.0 dB  BER 0.00e+00  P(det)@0.05 power_one_sided 0.719 power_two_sided 0.902 kurtosis 0.076 spec_cnn 0.850  (9s)
  JSR  -24.0 dB  BER 0.00e+00  P(det)@0.05 power_one_sided 0.756 power_two_sided 0.902 kurtosis 0.076 spec_cnn 0.902  (10s)
  JSR  -23.0 dB  BER 2.29e-05  P(det)@0.05 power_one_sided 0.840 power_two_sided 0.953 kurtosis 0.055 spec_cnn 0.939  (10s)
  JSR  -22.0 dB  BER 3.59e-04  P(det)@0.05 power_one_sided 0.865 power_two_sided 0.943 kurtosis 0.070 spec_cnn 0.955  (11s)
  JSR  -21.0 dB  BER 7.25e-04  P(det)@0.05 power_one_sided 0.910 power_two_sided 0.979 kurtosis 0.102 spec_cnn 0.969  (11s)
  JSR  -20.0 dB  BER 1.26e-03  P(det)@0.05 power_one_sided 0.902 power_two_sided 0.971 kurtosis 0.115 spec_cnn 0.988  (11s)
  JSR  -19.0 dB  BER 1.44e-03  P(det)@0.05 power_one_sided 0.949 power_two_sided 0.988 kurtosis 0.225 spec_cnn 0.986  (12s)
  JSR  -18.0 dB  BER 1.90e-03  P(det)@0.05 power_one_sided 0.973 power_two_sided 0.996 kurtosis 0.289 spec_cnn 0.994  (12s)
  JSR  -17.0 dB  BER 2.46e-03  P(det)@0.05 power_one_sided 0.982 power_two_sided 0.994 kurtosis 0.424 spec_cnn 1.000  (13s)
  JSR  -16.0 dB  BER 2.81e-03  P(det)@0.05 power_one_sided 0.996 power_two_sided 1.000 kurtosis 0.527 spec_cnn 1.000  (13s)
  JSR  -15.0 dB  BER 3.14e-03  P(det)@0.05 power_one_sided 0.996 power_two_sided 0.998 kurtosis 0.668 spec_cnn 1.000  (13s)
  JSR  -14.0 dB  BER 3.23e-03  P(det)@0.05 power_one_sided 1.000 power_two_sided 1.000 kurtosis 0.816 spec_cnn 1.000  (14s)
  JSR  -13.0 dB  BER 3.56e-03  P(det)@0.05 power_one_sided 1.000 power_two_sided 1.000 kurtosis 0.932 spec_cnn 1.000  (14s)
  JSR  -12.0 dB  BER 4.00e-03  P(det)@0.05 power_one_sided 1.000 power_two_sided 1.000 kurtosis 0.959 spec_cnn 1.000  (15s)
  JSR  -11.0 dB  BER 4.30e-03  P(det)@0.05 power_one_sided 1.000 power_two_sided 1.000 kurtosis 0.994 spec_cnn 1.000  (15s)
  JSR  -10.0 dB  BER 4.40e-03  P(det)@0.05 power_one_sided 1.000 power_two_sided 1.000 kurtosis 0.998 spec_cnn 1.000  (15s)
  JSR   -9.0 dB  BER 5.10e-03  P(det)@0.05 power_one_sided 1.000 power_two_sided 1.000 kurtosis 1.000 spec_cnn 1.000  (16s)
  JSR   -8.0 dB  BER 5.38e-03  P(det)@0.05 power_one_sided 1.000 power_two_sided 1.000 kurtosis 1.000 spec_cnn 1.000  (16s)
  JSR   -7.0 dB  BER 6.54e-03  P(det)@0.05 power_one_sided 1.000 power_two_sided 1.000 kurtosis 1.000 spec_cnn 1.000  (17s)
  JSR   -6.0 dB  BER 7.49e-03  P(det)@0.05 power_one_sided 1.000 power_two_sided 1.000 kurtosis 1.000 spec_cnn 1.000  (17s)
  JSR   -5.0 dB  BER 8.35e-03  P(det)@0.05 power_one_sided 1.000 power_two_sided 1.000 kurtosis 1.000 spec_cnn 1.000  (17s)
  JSR   -4.0 dB  BER 1.04e-02  P(det)@0.05 power_one_sided 1.000 power_two_sided 1.000 kurtosis 1.000 spec_cnn 1.000  (18s)
  JSR   -3.0 dB  BER 1.28e-02  P(det)@0.05 power_one_sided 1.000 power_two_sided 1.000 kurtosis 1.000 spec_cnn 1.000  (18s)
  JSR   -2.0 dB  BER 1.67e-02  P(det)@0.05 power_one_sided 1.000 power_two_sided 1.000 kurtosis 1.000 spec_cnn 1.000  (19s)
  JSR   -1.0 dB  BER 2.25e-02  P(det)@0.05 power_one_sided 1.000 power_two_sided 1.000 kurtosis 1.000 spec_cnn 1.000  (19s)
  JSR   +0.0 dB  BER 2.99e-02  P(det)@0.05 power_one_sided 1.000 power_two_sided 1.000 kurtosis 1.000 spec_cnn 1.000  (19s)
  JSR   +1.0 dB  BER 4.15e-02  P(det)@0.05 power_one_sided 1.000 power_two_sided 1.000 kurtosis 1.000 spec_cnn 1.000  (20s)
  JSR   +2.0 dB  BER 5.48e-02  P(det)@0.05 power_one_sided 1.000 power_two_sided 1.000 kurtosis 1.000 spec_cnn 1.000  (20s)
  JSR   +3.0 dB  BER 7.40e-02  P(det)@0.05 power_one_sided 1.000 power_two_sided 1.000 kurtosis 1.000 spec_cnn 1.000  (20s)
  JSR   +4.0 dB  BER 9.43e-02  P(det)@0.05 power_one_sided 1.000 power_two_sided 1.000 kurtosis 1.000 spec_cnn 1.000  (21s)
  JSR   +5.0 dB  BER 1.21e-01  P(det)@0.05 power_one_sided 1.000 power_two_sided 1.000 kurtosis 1.000 spec_cnn 1.000  (21s)
  JSR   +6.0 dB  BER 1.50e-01  P(det)@0.05 power_one_sided 1.000 power_two_sided 1.000 kurtosis 1.000 spec_cnn 1.000  (21s)
  JSR   +7.0 dB  BER 1.71e-01  P(det)@0.05 power_one_sided 1.000 power_two_sided 1.000 kurtosis 1.000 spec_cnn 1.000  (22s)
  JSR   +8.0 dB  BER 1.98e-01  P(det)@0.05 power_one_sided 1.000 power_two_sided 1.000 kurtosis 1.000 spec_cnn 1.000  (22s)
  JSR   +9.0 dB  BER 2.24e-01  P(det)@0.05 power_one_sided 1.000 power_two_sided 1.000 kurtosis 1.000 spec_cnn 1.000  (23s)
  JSR  +10.0 dB  BER 2.52e-01  P(det)@0.05 power_one_sided 1.000 power_two_sided 1.000 kurtosis 1.000 spec_cnn 1.000  (23s)
  JSR  +11.0 dB  BER 2.71e-01  P(det)@0.05 power_one_sided 1.000 power_two_sided 1.000 kurtosis 1.000 spec_cnn 1.000  (23s)
  JSR  +12.0 dB  BER 2.95e-01  P(det)@0.05 power_one_sided 1.000 power_two_sided 1.000 kurtosis 1.000 spec_cnn 1.000  (24s)
  JSR  +13.0 dB  BER 3.19e-01  P(det)@0.05 power_one_sided 1.000 power_two_sided 1.000 kurtosis 1.000 spec_cnn 1.000  (24s)
  JSR  +14.0 dB  BER 3.34e-01  P(det)@0.05 power_one_sided 1.000 power_two_sided 1.000 kurtosis 1.000 spec_cnn 1.000  (25s)
  JSR  +15.0 dB  BER 3.50e-01  P(det)@0.05 power_one_sided 1.000 power_two_sided 1.000 kurtosis 1.000 spec_cnn 1.000  (25s)
  [snr_40] kurtosis_b10 confirmed: {"power_one_sided": {"0.01": null, "0.05": null}, "power_two_sided": {"0.01": null, "0.05": null}, "kurtosis": {"0.01": {"index": 28, "sweep_ber": 0.00035858154296875, "sweep_pdet": 0.017578125, "confirmed_ber": 0.00035381317138671875, "confirmed_ser": 0.0007076263427734375, "confirmed_pdet": 0.020263671875, "passed": false}, "0.05": {"index": 27, "sweep_ber": 2.288818359375e-05, "sweep_pdet": 0.0546875, "confirmed_ber": 2.574920654296875e-05, "confirmed_ser": 5.14984130859375e-05, "confirmed_pdet": 0.0654296875, "passed": false}}, "spec_cnn": {"0.01": {"index": 0, "sweep_ber": 0.0, "sweep_pdet": 0.0078125, "confirmed_ber": 0.0, "confirmed_ser": 0.0, "confirmed_pdet": 0.008056640625, "passed": true}, "0.05": {"index": 0, "sweep_ber": 0.0, "sweep_pdet": 0.048828125, "confirmed_ber": 0.0, "confirmed_ser": 0.0, "confirmed_pdet": 0.04150390625, "passed": true}}}  (575s)
  [snr_40] generator kurtosis_b100 (scale 0.4022)
  JSR  -50.0 dB  BER 0.00e+00  P(det)@0.05 power_one_sided 0.121 power_two_sided 0.150 kurtosis 0.045 spec_cnn 0.039  (0s)
  JSR  -49.0 dB  BER 0.00e+00  P(det)@0.05 power_one_sided 0.121 power_two_sided 0.137 kurtosis 0.059 spec_cnn 0.059  (1s)
  JSR  -48.0 dB  BER 0.00e+00  P(det)@0.05 power_one_sided 0.154 power_two_sided 0.189 kurtosis 0.047 spec_cnn 0.061  (1s)
  JSR  -47.0 dB  BER 0.00e+00  P(det)@0.05 power_one_sided 0.168 power_two_sided 0.201 kurtosis 0.059 spec_cnn 0.039  (1s)
  JSR  -46.0 dB  BER 0.00e+00  P(det)@0.05 power_one_sided 0.203 power_two_sided 0.260 kurtosis 0.041 spec_cnn 0.053  (2s)
  JSR  -45.0 dB  BER 0.00e+00  P(det)@0.05 power_one_sided 0.221 power_two_sided 0.275 kurtosis 0.059 spec_cnn 0.047  (2s)
  JSR  -44.0 dB  BER 0.00e+00  P(det)@0.05 power_one_sided 0.199 power_two_sided 0.324 kurtosis 0.057 spec_cnn 0.049  (2s)
  JSR  -43.0 dB  BER 0.00e+00  P(det)@0.05 power_one_sided 0.254 power_two_sided 0.371 kurtosis 0.059 spec_cnn 0.057  (3s)
  JSR  -42.0 dB  BER 0.00e+00  P(det)@0.05 power_one_sided 0.289 power_two_sided 0.439 kurtosis 0.053 spec_cnn 0.064  (3s)
  JSR  -41.0 dB  BER 0.00e+00  P(det)@0.05 power_one_sided 0.326 power_two_sided 0.461 kurtosis 0.064 spec_cnn 0.059  (3s)
  JSR  -40.0 dB  BER 0.00e+00  P(det)@0.05 power_one_sided 0.338 power_two_sided 0.539 kurtosis 0.051 spec_cnn 0.070  (4s)
  JSR  -39.0 dB  BER 0.00e+00  P(det)@0.05 power_one_sided 0.373 power_two_sided 0.572 kurtosis 0.055 spec_cnn 0.115  (4s)
  JSR  -38.0 dB  BER 0.00e+00  P(det)@0.05 power_one_sided 0.420 power_two_sided 0.635 kurtosis 0.045 spec_cnn 0.086  (5s)
  JSR  -37.0 dB  BER 0.00e+00  P(det)@0.05 power_one_sided 0.424 power_two_sided 0.652 kurtosis 0.057 spec_cnn 0.113  (5s)
  JSR  -36.0 dB  BER 0.00e+00  P(det)@0.05 power_one_sided 0.490 power_two_sided 0.707 kurtosis 0.043 spec_cnn 0.158  (5s)
  JSR  -35.0 dB  BER 0.00e+00  P(det)@0.05 power_one_sided 0.438 power_two_sided 0.723 kurtosis 0.049 spec_cnn 0.176  (6s)
  JSR  -34.0 dB  BER 0.00e+00  P(det)@0.05 power_one_sided 0.494 power_two_sided 0.748 kurtosis 0.057 spec_cnn 0.225  (6s)
  JSR  -33.0 dB  BER 0.00e+00  P(det)@0.05 power_one_sided 0.480 power_two_sided 0.795 kurtosis 0.057 spec_cnn 0.299  (6s)
  JSR  -32.0 dB  BER 0.00e+00  P(det)@0.05 power_one_sided 0.547 power_two_sided 0.795 kurtosis 0.059 spec_cnn 0.311  (7s)
  JSR  -31.0 dB  BER 0.00e+00  P(det)@0.05 power_one_sided 0.592 power_two_sided 0.857 kurtosis 0.062 spec_cnn 0.447  (7s)
  JSR  -30.0 dB  BER 0.00e+00  P(det)@0.05 power_one_sided 0.590 power_two_sided 0.846 kurtosis 0.062 spec_cnn 0.457  (7s)
  JSR  -29.0 dB  BER 0.00e+00  P(det)@0.05 power_one_sided 0.592 power_two_sided 0.865 kurtosis 0.049 spec_cnn 0.562  (8s)
  JSR  -28.0 dB  BER 0.00e+00  P(det)@0.05 power_one_sided 0.658 power_two_sided 0.908 kurtosis 0.053 spec_cnn 0.656  (8s)
  JSR  -27.0 dB  BER 0.00e+00  P(det)@0.05 power_one_sided 0.678 power_two_sided 0.908 kurtosis 0.041 spec_cnn 0.717  (9s)
  JSR  -26.0 dB  BER 0.00e+00  P(det)@0.05 power_one_sided 0.705 power_two_sided 0.906 kurtosis 0.045 spec_cnn 0.787  (9s)
  JSR  -25.0 dB  BER 0.00e+00  P(det)@0.05 power_one_sided 0.715 power_two_sided 0.904 kurtosis 0.045 spec_cnn 0.842  (9s)
  JSR  -24.0 dB  BER 0.00e+00  P(det)@0.05 power_one_sided 0.797 power_two_sided 0.951 kurtosis 0.072 spec_cnn 0.906  (10s)
  JSR  -23.0 dB  BER 1.53e-05  P(det)@0.05 power_one_sided 0.818 power_two_sided 0.947 kurtosis 0.072 spec_cnn 0.920  (10s)
  JSR  -22.0 dB  BER 3.51e-04  P(det)@0.05 power_one_sided 0.855 power_two_sided 0.957 kurtosis 0.119 spec_cnn 0.957  (10s)
  JSR  -21.0 dB  BER 8.62e-04  P(det)@0.05 power_one_sided 0.912 power_two_sided 0.971 kurtosis 0.096 spec_cnn 0.973  (11s)
  JSR  -20.0 dB  BER 1.34e-03  P(det)@0.05 power_one_sided 0.924 power_two_sided 0.980 kurtosis 0.111 spec_cnn 0.992  (11s)
  JSR  -19.0 dB  BER 1.74e-03  P(det)@0.05 power_one_sided 0.955 power_two_sided 0.980 kurtosis 0.213 spec_cnn 0.986  (11s)
  JSR  -18.0 dB  BER 2.09e-03  P(det)@0.05 power_one_sided 0.969 power_two_sided 0.994 kurtosis 0.285 spec_cnn 0.992  (12s)
  JSR  -17.0 dB  BER 2.39e-03  P(det)@0.05 power_one_sided 0.990 power_two_sided 0.994 kurtosis 0.404 spec_cnn 0.998  (12s)
  JSR  -16.0 dB  BER 2.62e-03  P(det)@0.05 power_one_sided 0.994 power_two_sided 1.000 kurtosis 0.545 spec_cnn 0.996  (13s)
  JSR  -15.0 dB  BER 3.18e-03  P(det)@0.05 power_one_sided 1.000 power_two_sided 1.000 kurtosis 0.648 spec_cnn 0.998  (13s)
  JSR  -14.0 dB  BER 3.43e-03  P(det)@0.05 power_one_sided 1.000 power_two_sided 1.000 kurtosis 0.779 spec_cnn 1.000  (14s)
  JSR  -13.0 dB  BER 3.78e-03  P(det)@0.05 power_one_sided 1.000 power_two_sided 1.000 kurtosis 0.928 spec_cnn 1.000  (14s)
  JSR  -12.0 dB  BER 3.97e-03  P(det)@0.05 power_one_sided 1.000 power_two_sided 1.000 kurtosis 0.988 spec_cnn 1.000  (14s)
  JSR  -11.0 dB  BER 4.39e-03  P(det)@0.05 power_one_sided 1.000 power_two_sided 1.000 kurtosis 0.994 spec_cnn 1.000  (15s)
  JSR  -10.0 dB  BER 4.47e-03  P(det)@0.05 power_one_sided 1.000 power_two_sided 1.000 kurtosis 1.000 spec_cnn 1.000  (15s)
  JSR   -9.0 dB  BER 4.91e-03  P(det)@0.05 power_one_sided 1.000 power_two_sided 1.000 kurtosis 1.000 spec_cnn 1.000  (16s)
  JSR   -8.0 dB  BER 5.58e-03  P(det)@0.05 power_one_sided 1.000 power_two_sided 1.000 kurtosis 1.000 spec_cnn 1.000  (16s)
  JSR   -7.0 dB  BER 6.49e-03  P(det)@0.05 power_one_sided 1.000 power_two_sided 1.000 kurtosis 1.000 spec_cnn 1.000  (16s)
  JSR   -6.0 dB  BER 6.91e-03  P(det)@0.05 power_one_sided 1.000 power_two_sided 1.000 kurtosis 1.000 spec_cnn 1.000  (17s)
  JSR   -5.0 dB  BER 7.87e-03  P(det)@0.05 power_one_sided 1.000 power_two_sided 1.000 kurtosis 1.000 spec_cnn 1.000  (17s)
  JSR   -4.0 dB  BER 9.19e-03  P(det)@0.05 power_one_sided 1.000 power_two_sided 1.000 kurtosis 1.000 spec_cnn 1.000  (18s)
  JSR   -3.0 dB  BER 1.08e-02  P(det)@0.05 power_one_sided 1.000 power_two_sided 1.000 kurtosis 1.000 spec_cnn 1.000  (18s)
  JSR   -2.0 dB  BER 1.42e-02  P(det)@0.05 power_one_sided 1.000 power_two_sided 1.000 kurtosis 1.000 spec_cnn 1.000  (18s)
  JSR   -1.0 dB  BER 1.75e-02  P(det)@0.05 power_one_sided 1.000 power_two_sided 1.000 kurtosis 1.000 spec_cnn 1.000  (19s)
  JSR   +0.0 dB  BER 2.46e-02  P(det)@0.05 power_one_sided 1.000 power_two_sided 1.000 kurtosis 1.000 spec_cnn 1.000  (19s)
  JSR   +1.0 dB  BER 3.41e-02  P(det)@0.05 power_one_sided 1.000 power_two_sided 1.000 kurtosis 1.000 spec_cnn 1.000  (19s)
  JSR   +2.0 dB  BER 4.51e-02  P(det)@0.05 power_one_sided 1.000 power_two_sided 1.000 kurtosis 1.000 spec_cnn 1.000  (20s)
  JSR   +3.0 dB  BER 6.17e-02  P(det)@0.05 power_one_sided 1.000 power_two_sided 1.000 kurtosis 1.000 spec_cnn 1.000  (20s)
  JSR   +4.0 dB  BER 8.42e-02  P(det)@0.05 power_one_sided 1.000 power_two_sided 1.000 kurtosis 1.000 spec_cnn 1.000  (20s)
  JSR   +5.0 dB  BER 1.04e-01  P(det)@0.05 power_one_sided 1.000 power_two_sided 1.000 kurtosis 1.000 spec_cnn 1.000  (21s)
  JSR   +6.0 dB  BER 1.29e-01  P(det)@0.05 power_one_sided 1.000 power_two_sided 1.000 kurtosis 1.000 spec_cnn 1.000  (21s)
  JSR   +7.0 dB  BER 1.57e-01  P(det)@0.05 power_one_sided 1.000 power_two_sided 1.000 kurtosis 1.000 spec_cnn 1.000  (22s)
  JSR   +8.0 dB  BER 1.79e-01  P(det)@0.05 power_one_sided 1.000 power_two_sided 1.000 kurtosis 1.000 spec_cnn 1.000  (22s)
  JSR   +9.0 dB  BER 2.09e-01  P(det)@0.05 power_one_sided 1.000 power_two_sided 1.000 kurtosis 1.000 spec_cnn 1.000  (22s)
  JSR  +10.0 dB  BER 2.33e-01  P(det)@0.05 power_one_sided 1.000 power_two_sided 1.000 kurtosis 1.000 spec_cnn 1.000  (23s)
  JSR  +11.0 dB  BER 2.59e-01  P(det)@0.05 power_one_sided 1.000 power_two_sided 1.000 kurtosis 1.000 spec_cnn 1.000  (23s)
  JSR  +12.0 dB  BER 2.82e-01  P(det)@0.05 power_one_sided 1.000 power_two_sided 1.000 kurtosis 1.000 spec_cnn 1.000  (23s)
  JSR  +13.0 dB  BER 3.06e-01  P(det)@0.05 power_one_sided 1.000 power_two_sided 1.000 kurtosis 1.000 spec_cnn 1.000  (24s)
  JSR  +14.0 dB  BER 3.21e-01  P(det)@0.05 power_one_sided 1.000 power_two_sided 1.000 kurtosis 1.000 spec_cnn 1.000  (24s)
  JSR  +15.0 dB  BER 3.42e-01  P(det)@0.05 power_one_sided 1.000 power_two_sided 1.000 kurtosis 1.000 spec_cnn 1.000  (25s)
  [snr_40] kurtosis_b100 confirmed: {"power_one_sided": {"0.01": null, "0.05": null}, "power_two_sided": {"0.01": null, "0.05": null}, "kurtosis": {"0.01": {"index": 0, "sweep_ber": 0.0, "sweep_pdet": 0.013671875, "confirmed_ber": 0.0, "confirmed_ser": 0.0, "confirmed_pdet": 0.01123046875, "passed": true}, "0.05": {"index": 0, "sweep_ber": 0.0, "sweep_pdet": 0.044921875, "confirmed_ber": 0.0, "confirmed_ser": 0.0, "confirmed_pdet": 0.053466796875, "passed": true}}, "spec_cnn": {"0.01": {"index": 0, "sweep_ber": 0.0, "sweep_pdet": 0.009765625, "confirmed_ber": 0.0, "confirmed_ser": 0.0, "confirmed_pdet": 0.0087890625, "passed": true}, "0.05": {"index": 0, "sweep_ber": 0.0, "sweep_pdet": 0.0390625, "confirmed_ber": 0.0, "confirmed_ser": 0.0, "confirmed_pdet": 0.045166015625, "passed": true}}}  (612s)
  [snr_40] generator kurtosis_b1000 (scale 0.4022)
  JSR  -50.0 dB  BER 0.00e+00  P(det)@0.05 power_one_sided 0.119 power_two_sided 0.123 kurtosis 0.080 spec_cnn 0.072  (0s)
  JSR  -49.0 dB  BER 0.00e+00  P(det)@0.05 power_one_sided 0.117 power_two_sided 0.137 kurtosis 0.037 spec_cnn 0.078  (1s)
  JSR  -48.0 dB  BER 0.00e+00  P(det)@0.05 power_one_sided 0.104 power_two_sided 0.150 kurtosis 0.068 spec_cnn 0.102  (1s)
  JSR  -47.0 dB  BER 0.00e+00  P(det)@0.05 power_one_sided 0.135 power_two_sided 0.168 kurtosis 0.053 spec_cnn 0.109  (1s)
  JSR  -46.0 dB  BER 0.00e+00  P(det)@0.05 power_one_sided 0.154 power_two_sided 0.176 kurtosis 0.057 spec_cnn 0.117  (2s)
  JSR  -45.0 dB  BER 0.00e+00  P(det)@0.05 power_one_sided 0.197 power_two_sided 0.256 kurtosis 0.043 spec_cnn 0.176  (2s)
  JSR  -44.0 dB  BER 0.00e+00  P(det)@0.05 power_one_sided 0.162 power_two_sided 0.270 kurtosis 0.043 spec_cnn 0.186  (3s)
  JSR  -43.0 dB  BER 0.00e+00  P(det)@0.05 power_one_sided 0.266 power_two_sided 0.354 kurtosis 0.062 spec_cnn 0.242  (3s)
  JSR  -42.0 dB  BER 0.00e+00  P(det)@0.05 power_one_sided 0.236 power_two_sided 0.375 kurtosis 0.059 spec_cnn 0.314  (3s)
  JSR  -41.0 dB  BER 0.00e+00  P(det)@0.05 power_one_sided 0.287 power_two_sided 0.434 kurtosis 0.041 spec_cnn 0.393  (4s)
  JSR  -40.0 dB  BER 0.00e+00  P(det)@0.05 power_one_sided 0.336 power_two_sided 0.480 kurtosis 0.051 spec_cnn 0.465  (4s)
  JSR  -39.0 dB  BER 0.00e+00  P(det)@0.05 power_one_sided 0.352 power_two_sided 0.527 kurtosis 0.064 spec_cnn 0.555  (5s)
  JSR  -38.0 dB  BER 0.00e+00  P(det)@0.05 power_one_sided 0.354 power_two_sided 0.496 kurtosis 0.066 spec_cnn 0.631  (5s)
  JSR  -37.0 dB  BER 0.00e+00  P(det)@0.05 power_one_sided 0.404 power_two_sided 0.596 kurtosis 0.070 spec_cnn 0.682  (5s)
  JSR  -36.0 dB  BER 0.00e+00  P(det)@0.05 power_one_sided 0.424 power_two_sided 0.639 kurtosis 0.070 spec_cnn 0.773  (6s)
  JSR  -35.0 dB  BER 0.00e+00  P(det)@0.05 power_one_sided 0.465 power_two_sided 0.678 kurtosis 0.061 spec_cnn 0.832  (6s)
  JSR  -34.0 dB  BER 0.00e+00  P(det)@0.05 power_one_sided 0.494 power_two_sided 0.715 kurtosis 0.059 spec_cnn 0.893  (6s)
  JSR  -33.0 dB  BER 0.00e+00  P(det)@0.05 power_one_sided 0.518 power_two_sided 0.734 kurtosis 0.049 spec_cnn 0.928  (7s)
  JSR  -32.0 dB  BER 0.00e+00  P(det)@0.05 power_one_sided 0.566 power_two_sided 0.775 kurtosis 0.072 spec_cnn 0.941  (7s)
  JSR  -31.0 dB  BER 0.00e+00  P(det)@0.05 power_one_sided 0.576 power_two_sided 0.801 kurtosis 0.059 spec_cnn 0.973  (8s)
  JSR  -30.0 dB  BER 0.00e+00  P(det)@0.05 power_one_sided 0.596 power_two_sided 0.799 kurtosis 0.053 spec_cnn 0.959  (8s)
  JSR  -29.0 dB  BER 0.00e+00  P(det)@0.05 power_one_sided 0.676 power_two_sided 0.850 kurtosis 0.062 spec_cnn 0.977  (8s)
  JSR  -28.0 dB  BER 0.00e+00  P(det)@0.05 power_one_sided 0.656 power_two_sided 0.836 kurtosis 0.035 spec_cnn 0.973  (9s)
  JSR  -27.0 dB  BER 0.00e+00  P(det)@0.05 power_one_sided 0.736 power_two_sided 0.908 kurtosis 0.049 spec_cnn 0.982  (9s)
  JSR  -26.0 dB  BER 0.00e+00  P(det)@0.05 power_one_sided 0.756 power_two_sided 0.914 kurtosis 0.059 spec_cnn 0.994  (9s)
  JSR  -25.0 dB  BER 0.00e+00  P(det)@0.05 power_one_sided 0.740 power_two_sided 0.893 kurtosis 0.055 spec_cnn 0.986  (10s)
  JSR  -24.0 dB  BER 0.00e+00  P(det)@0.05 power_one_sided 0.799 power_two_sided 0.928 kurtosis 0.039 spec_cnn 0.998  (10s)
  JSR  -23.0 dB  BER 0.00e+00  P(det)@0.05 power_one_sided 0.822 power_two_sided 0.947 kurtosis 0.049 spec_cnn 0.988  (10s)
  JSR  -22.0 dB  BER 0.00e+00  P(det)@0.05 power_one_sided 0.857 power_two_sided 0.963 kurtosis 0.066 spec_cnn 1.000  (11s)
  JSR  -21.0 dB  BER 0.00e+00  P(det)@0.05 power_one_sided 0.914 power_two_sided 0.969 kurtosis 0.070 spec_cnn 1.000  (11s)
  JSR  -20.0 dB  BER 0.00e+00  P(det)@0.05 power_one_sided 0.945 power_two_sided 0.984 kurtosis 0.043 spec_cnn 0.994  (12s)
  JSR  -19.0 dB  BER 0.00e+00  P(det)@0.05 power_one_sided 0.941 power_two_sided 0.984 kurtosis 0.090 spec_cnn 1.000  (12s)
  JSR  -18.0 dB  BER 0.00e+00  P(det)@0.05 power_one_sided 0.980 power_two_sided 0.998 kurtosis 0.047 spec_cnn 1.000  (12s)
  JSR  -17.0 dB  BER 0.00e+00  P(det)@0.05 power_one_sided 0.980 power_two_sided 0.990 kurtosis 0.049 spec_cnn 1.000  (13s)
  JSR  -16.0 dB  BER 0.00e+00  P(det)@0.05 power_one_sided 0.988 power_two_sided 1.000 kurtosis 0.053 spec_cnn 1.000  (13s)
  JSR  -15.0 dB  BER 7.63e-06  P(det)@0.05 power_one_sided 0.996 power_two_sided 0.998 kurtosis 0.061 spec_cnn 1.000  (13s)
  JSR  -14.0 dB  BER 3.05e-05  P(det)@0.05 power_one_sided 1.000 power_two_sided 1.000 kurtosis 0.074 spec_cnn 1.000  (14s)
  JSR  -13.0 dB  BER 7.63e-05  P(det)@0.05 power_one_sided 1.000 power_two_sided 1.000 kurtosis 0.068 spec_cnn 1.000  (14s)
  JSR  -12.0 dB  BER 2.44e-04  P(det)@0.05 power_one_sided 1.000 power_two_sided 1.000 kurtosis 0.109 spec_cnn 1.000  (14s)
  JSR  -11.0 dB  BER 1.02e-03  P(det)@0.05 power_one_sided 1.000 power_two_sided 1.000 kurtosis 0.105 spec_cnn 1.000  (15s)
  JSR  -10.0 dB  BER 2.27e-03  P(det)@0.05 power_one_sided 1.000 power_two_sided 1.000 kurtosis 0.133 spec_cnn 1.000  (15s)
  JSR   -9.0 dB  BER 4.44e-03  P(det)@0.05 power_one_sided 1.000 power_two_sided 1.000 kurtosis 0.154 spec_cnn 1.000  (15s)
  JSR   -8.0 dB  BER 8.49e-03  P(det)@0.05 power_one_sided 1.000 power_two_sided 1.000 kurtosis 0.186 spec_cnn 1.000  (16s)
  JSR   -7.0 dB  BER 1.51e-02  P(det)@0.05 power_one_sided 1.000 power_two_sided 1.000 kurtosis 0.303 spec_cnn 1.000  (16s)
  JSR   -6.0 dB  BER 2.42e-02  P(det)@0.05 power_one_sided 1.000 power_two_sided 1.000 kurtosis 0.361 spec_cnn 1.000  (16s)
  JSR   -5.0 dB  BER 3.37e-02  P(det)@0.05 power_one_sided 1.000 power_two_sided 1.000 kurtosis 0.498 spec_cnn 1.000  (17s)
  JSR   -4.0 dB  BER 4.27e-02  P(det)@0.05 power_one_sided 1.000 power_two_sided 1.000 kurtosis 0.662 spec_cnn 1.000  (17s)
  JSR   -3.0 dB  BER 5.28e-02  P(det)@0.05 power_one_sided 1.000 power_two_sided 1.000 kurtosis 0.807 spec_cnn 1.000  (17s)
  JSR   -2.0 dB  BER 6.33e-02  P(det)@0.05 power_one_sided 1.000 power_two_sided 1.000 kurtosis 0.900 spec_cnn 1.000  (18s)
  JSR   -1.0 dB  BER 7.52e-02  P(det)@0.05 power_one_sided 1.000 power_two_sided 1.000 kurtosis 0.957 spec_cnn 1.000  (18s)
  JSR   +0.0 dB  BER 8.85e-02  P(det)@0.05 power_one_sided 1.000 power_two_sided 1.000 kurtosis 0.984 spec_cnn 1.000  (19s)
  JSR   +1.0 dB  BER 1.05e-01  P(det)@0.05 power_one_sided 1.000 power_two_sided 1.000 kurtosis 0.984 spec_cnn 1.000  (19s)
  JSR   +2.0 dB  BER 1.25e-01  P(det)@0.05 power_one_sided 1.000 power_two_sided 1.000 kurtosis 0.992 spec_cnn 1.000  (19s)
  JSR   +3.0 dB  BER 1.49e-01  P(det)@0.05 power_one_sided 1.000 power_two_sided 1.000 kurtosis 0.996 spec_cnn 1.000  (20s)
  JSR   +4.0 dB  BER 1.72e-01  P(det)@0.05 power_one_sided 1.000 power_two_sided 1.000 kurtosis 0.996 spec_cnn 1.000  (20s)
  JSR   +5.0 dB  BER 2.00e-01  P(det)@0.05 power_one_sided 1.000 power_two_sided 1.000 kurtosis 1.000 spec_cnn 1.000  (20s)
  JSR   +6.0 dB  BER 2.29e-01  P(det)@0.05 power_one_sided 1.000 power_two_sided 1.000 kurtosis 1.000 spec_cnn 1.000  (21s)
  JSR   +7.0 dB  BER 2.52e-01  P(det)@0.05 power_one_sided 1.000 power_two_sided 1.000 kurtosis 1.000 spec_cnn 1.000  (21s)
  JSR   +8.0 dB  BER 2.80e-01  P(det)@0.05 power_one_sided 1.000 power_two_sided 1.000 kurtosis 1.000 spec_cnn 1.000  (22s)
  JSR   +9.0 dB  BER 3.02e-01  P(det)@0.05 power_one_sided 1.000 power_two_sided 1.000 kurtosis 1.000 spec_cnn 1.000  (22s)
  JSR  +10.0 dB  BER 3.20e-01  P(det)@0.05 power_one_sided 1.000 power_two_sided 1.000 kurtosis 1.000 spec_cnn 1.000  (22s)
  JSR  +11.0 dB  BER 3.42e-01  P(det)@0.05 power_one_sided 1.000 power_two_sided 1.000 kurtosis 1.000 spec_cnn 1.000  (23s)
  JSR  +12.0 dB  BER 3.56e-01  P(det)@0.05 power_one_sided 1.000 power_two_sided 1.000 kurtosis 1.000 spec_cnn 1.000  (23s)
  JSR  +13.0 dB  BER 3.73e-01  P(det)@0.05 power_one_sided 1.000 power_two_sided 1.000 kurtosis 1.000 spec_cnn 1.000  (23s)
  JSR  +14.0 dB  BER 3.87e-01  P(det)@0.05 power_one_sided 1.000 power_two_sided 1.000 kurtosis 1.000 spec_cnn 1.000  (24s)
  JSR  +15.0 dB  BER 3.95e-01  P(det)@0.05 power_one_sided 1.000 power_two_sided 1.000 kurtosis 1.000 spec_cnn 1.000  (24s)
  [snr_40] kurtosis_b1000 confirmed: {"power_one_sided": {"0.01": null, "0.05": null}, "power_two_sided": {"0.01": null, "0.05": null}, "kurtosis": {"0.01": {"index": 37, "sweep_ber": 7.62939453125e-05, "sweep_pdet": 0.01171875, "confirmed_ber": 6.008148193359375e-05, "confirmed_ser": 0.0001201629638671875, "confirmed_pdet": 0.01953125, "passed": false}, "0.05": {"index": 37, "sweep_ber": 7.62939453125e-05, "sweep_pdet": 0.068359375, "confirmed_ber": 8.0108642578125e-05, "confirmed_ser": 0.00016021728515625, "confirmed_pdet": 0.070068359375, "passed": false}}, "spec_cnn": {"0.01": {"index": 0, "sweep_ber": 0.0, "sweep_pdet": 0.01171875, "confirmed_ber": 0.0, "confirmed_ser": 0.0, "confirmed_pdet": 0.01416015625, "passed": false}, "0.05": null}}  (645s)
  [snr_40] generator spec_cnn_b1 (scale 0.4022)
  JSR  -50.0 dB  BER 0.00e+00  P(det)@0.05 power_one_sided 0.137 power_two_sided 0.156 kurtosis 0.059 spec_cnn 0.072  (0s)
  JSR  -49.0 dB  BER 0.00e+00  P(det)@0.05 power_one_sided 0.115 power_two_sided 0.148 kurtosis 0.047 spec_cnn 0.080  (1s)
  JSR  -48.0 dB  BER 0.00e+00  P(det)@0.05 power_one_sided 0.135 power_two_sided 0.166 kurtosis 0.061 spec_cnn 0.078  (1s)
  JSR  -47.0 dB  BER 0.00e+00  P(det)@0.05 power_one_sided 0.129 power_two_sided 0.184 kurtosis 0.053 spec_cnn 0.074  (1s)
  JSR  -46.0 dB  BER 0.00e+00  P(det)@0.05 power_one_sided 0.182 power_two_sided 0.234 kurtosis 0.039 spec_cnn 0.061  (2s)
  JSR  -45.0 dB  BER 0.00e+00  P(det)@0.05 power_one_sided 0.201 power_two_sided 0.279 kurtosis 0.059 spec_cnn 0.076  (2s)
  JSR  -44.0 dB  BER 0.00e+00  P(det)@0.05 power_one_sided 0.217 power_two_sided 0.344 kurtosis 0.043 spec_cnn 0.113  (3s)
  JSR  -43.0 dB  BER 0.00e+00  P(det)@0.05 power_one_sided 0.293 power_two_sided 0.408 kurtosis 0.051 spec_cnn 0.090  (3s)
  JSR  -42.0 dB  BER 0.00e+00  P(det)@0.05 power_one_sided 0.312 power_two_sided 0.475 kurtosis 0.049 spec_cnn 0.127  (3s)
  JSR  -41.0 dB  BER 0.00e+00  P(det)@0.05 power_one_sided 0.311 power_two_sided 0.486 kurtosis 0.045 spec_cnn 0.102  (4s)
  JSR  -40.0 dB  BER 0.00e+00  P(det)@0.05 power_one_sided 0.352 power_two_sided 0.555 kurtosis 0.049 spec_cnn 0.094  (4s)
  JSR  -39.0 dB  BER 0.00e+00  P(det)@0.05 power_one_sided 0.357 power_two_sided 0.562 kurtosis 0.057 spec_cnn 0.115  (4s)
  JSR  -38.0 dB  BER 0.00e+00  P(det)@0.05 power_one_sided 0.418 power_two_sided 0.656 kurtosis 0.037 spec_cnn 0.107  (5s)
  JSR  -37.0 dB  BER 0.00e+00  P(det)@0.05 power_one_sided 0.418 power_two_sided 0.680 kurtosis 0.062 spec_cnn 0.115  (5s)
  JSR  -36.0 dB  BER 0.00e+00  P(det)@0.05 power_one_sided 0.490 power_two_sided 0.752 kurtosis 0.039 spec_cnn 0.180  (6s)
  JSR  -35.0 dB  BER 0.00e+00  P(det)@0.05 power_one_sided 0.479 power_two_sided 0.734 kurtosis 0.031 spec_cnn 0.178  (6s)
  JSR  -34.0 dB  BER 0.00e+00  P(det)@0.05 power_one_sided 0.506 power_two_sided 0.807 kurtosis 0.064 spec_cnn 0.201  (6s)
  JSR  -33.0 dB  BER 0.00e+00  P(det)@0.05 power_one_sided 0.539 power_two_sided 0.820 kurtosis 0.041 spec_cnn 0.186  (7s)
  JSR  -32.0 dB  BER 0.00e+00  P(det)@0.05 power_one_sided 0.566 power_two_sided 0.820 kurtosis 0.047 spec_cnn 0.236  (7s)
  JSR  -31.0 dB  BER 0.00e+00  P(det)@0.05 power_one_sided 0.605 power_two_sided 0.844 kurtosis 0.047 spec_cnn 0.285  (7s)
  JSR  -30.0 dB  BER 0.00e+00  P(det)@0.05 power_one_sided 0.590 power_two_sided 0.855 kurtosis 0.053 spec_cnn 0.350  (8s)
  JSR  -29.0 dB  BER 0.00e+00  P(det)@0.05 power_one_sided 0.605 power_two_sided 0.855 kurtosis 0.070 spec_cnn 0.402  (8s)
  JSR  -28.0 dB  BER 0.00e+00  P(det)@0.05 power_one_sided 0.621 power_two_sided 0.875 kurtosis 0.062 spec_cnn 0.426  (9s)
  JSR  -27.0 dB  BER 0.00e+00  P(det)@0.05 power_one_sided 0.678 power_two_sided 0.904 kurtosis 0.055 spec_cnn 0.568  (9s)
  JSR  -26.0 dB  BER 0.00e+00  P(det)@0.05 power_one_sided 0.689 power_two_sided 0.898 kurtosis 0.068 spec_cnn 0.613  (9s)
  JSR  -25.0 dB  BER 0.00e+00  P(det)@0.05 power_one_sided 0.721 power_two_sided 0.902 kurtosis 0.078 spec_cnn 0.711  (10s)
  JSR  -24.0 dB  BER 0.00e+00  P(det)@0.05 power_one_sided 0.777 power_two_sided 0.930 kurtosis 0.066 spec_cnn 0.811  (10s)
  JSR  -23.0 dB  BER 2.06e-04  P(det)@0.05 power_one_sided 0.812 power_two_sided 0.945 kurtosis 0.078 spec_cnn 0.848  (10s)
  JSR  -22.0 dB  BER 5.87e-04  P(det)@0.05 power_one_sided 0.891 power_two_sided 0.969 kurtosis 0.088 spec_cnn 0.900  (11s)
  JSR  -21.0 dB  BER 1.15e-03  P(det)@0.05 power_one_sided 0.930 power_two_sided 0.961 kurtosis 0.123 spec_cnn 0.928  (11s)
  JSR  -20.0 dB  BER 1.56e-03  P(det)@0.05 power_one_sided 0.947 power_two_sided 0.971 kurtosis 0.162 spec_cnn 0.936  (12s)
  JSR  -19.0 dB  BER 1.88e-03  P(det)@0.05 power_one_sided 0.975 power_two_sided 0.986 kurtosis 0.248 spec_cnn 0.973  (12s)
  JSR  -18.0 dB  BER 2.35e-03  P(det)@0.05 power_one_sided 0.992 power_two_sided 0.994 kurtosis 0.340 spec_cnn 0.982  (12s)
  JSR  -17.0 dB  BER 2.68e-03  P(det)@0.05 power_one_sided 0.988 power_two_sided 0.996 kurtosis 0.467 spec_cnn 0.986  (13s)
  JSR  -16.0 dB  BER 2.63e-03  P(det)@0.05 power_one_sided 1.000 power_two_sided 1.000 kurtosis 0.621 spec_cnn 0.994  (13s)
  JSR  -15.0 dB  BER 3.29e-03  P(det)@0.05 power_one_sided 1.000 power_two_sided 1.000 kurtosis 0.740 spec_cnn 0.988  (13s)
  JSR  -14.0 dB  BER 3.56e-03  P(det)@0.05 power_one_sided 1.000 power_two_sided 1.000 kurtosis 0.914 spec_cnn 1.000  (14s)
  JSR  -13.0 dB  BER 4.06e-03  P(det)@0.05 power_one_sided 1.000 power_two_sided 1.000 kurtosis 0.979 spec_cnn 0.998  (14s)
  JSR  -12.0 dB  BER 4.30e-03  P(det)@0.05 power_one_sided 1.000 power_two_sided 1.000 kurtosis 0.982 spec_cnn 0.998  (14s)
  JSR  -11.0 dB  BER 4.58e-03  P(det)@0.05 power_one_sided 1.000 power_two_sided 1.000 kurtosis 0.996 spec_cnn 1.000  (15s)
  JSR  -10.0 dB  BER 4.57e-03  P(det)@0.05 power_one_sided 1.000 power_two_sided 1.000 kurtosis 1.000 spec_cnn 1.000  (15s)
  JSR   -9.0 dB  BER 5.10e-03  P(det)@0.05 power_one_sided 1.000 power_two_sided 1.000 kurtosis 1.000 spec_cnn 1.000  (15s)
  JSR   -8.0 dB  BER 5.58e-03  P(det)@0.05 power_one_sided 1.000 power_two_sided 1.000 kurtosis 1.000 spec_cnn 1.000  (16s)
  JSR   -7.0 dB  BER 6.41e-03  P(det)@0.05 power_one_sided 1.000 power_two_sided 1.000 kurtosis 1.000 spec_cnn 1.000  (16s)
  JSR   -6.0 dB  BER 6.97e-03  P(det)@0.05 power_one_sided 1.000 power_two_sided 1.000 kurtosis 1.000 spec_cnn 1.000  (16s)
  JSR   -5.0 dB  BER 8.01e-03  P(det)@0.05 power_one_sided 1.000 power_two_sided 1.000 kurtosis 1.000 spec_cnn 1.000  (17s)
  JSR   -4.0 dB  BER 8.78e-03  P(det)@0.05 power_one_sided 1.000 power_two_sided 1.000 kurtosis 1.000 spec_cnn 1.000  (17s)
  JSR   -3.0 dB  BER 9.06e-03  P(det)@0.05 power_one_sided 1.000 power_two_sided 1.000 kurtosis 1.000 spec_cnn 1.000  (18s)
  JSR   -2.0 dB  BER 1.02e-02  P(det)@0.05 power_one_sided 1.000 power_two_sided 1.000 kurtosis 1.000 spec_cnn 1.000  (18s)
  JSR   -1.0 dB  BER 1.15e-02  P(det)@0.05 power_one_sided 1.000 power_two_sided 1.000 kurtosis 1.000 spec_cnn 1.000  (18s)
  JSR   +0.0 dB  BER 1.35e-02  P(det)@0.05 power_one_sided 1.000 power_two_sided 1.000 kurtosis 1.000 spec_cnn 1.000  (19s)
  JSR   +1.0 dB  BER 1.62e-02  P(det)@0.05 power_one_sided 1.000 power_two_sided 1.000 kurtosis 1.000 spec_cnn 1.000  (19s)
  JSR   +2.0 dB  BER 2.12e-02  P(det)@0.05 power_one_sided 1.000 power_two_sided 1.000 kurtosis 1.000 spec_cnn 1.000  (19s)
  JSR   +3.0 dB  BER 2.73e-02  P(det)@0.05 power_one_sided 1.000 power_two_sided 1.000 kurtosis 1.000 spec_cnn 1.000  (20s)
  JSR   +4.0 dB  BER 3.76e-02  P(det)@0.05 power_one_sided 1.000 power_two_sided 1.000 kurtosis 1.000 spec_cnn 1.000  (20s)
  JSR   +5.0 dB  BER 5.20e-02  P(det)@0.05 power_one_sided 1.000 power_two_sided 1.000 kurtosis 1.000 spec_cnn 1.000  (21s)
  JSR   +6.0 dB  BER 6.83e-02  P(det)@0.05 power_one_sided 1.000 power_two_sided 1.000 kurtosis 1.000 spec_cnn 1.000  (21s)
  JSR   +7.0 dB  BER 8.66e-02  P(det)@0.05 power_one_sided 1.000 power_two_sided 1.000 kurtosis 1.000 spec_cnn 1.000  (21s)
  JSR   +8.0 dB  BER 1.15e-01  P(det)@0.05 power_one_sided 1.000 power_two_sided 1.000 kurtosis 1.000 spec_cnn 1.000  (22s)
  JSR   +9.0 dB  BER 1.39e-01  P(det)@0.05 power_one_sided 1.000 power_two_sided 1.000 kurtosis 1.000 spec_cnn 1.000  (22s)
  JSR  +10.0 dB  BER 1.59e-01  P(det)@0.05 power_one_sided 1.000 power_two_sided 1.000 kurtosis 1.000 spec_cnn 1.000  (22s)
  JSR  +11.0 dB  BER 1.87e-01  P(det)@0.05 power_one_sided 1.000 power_two_sided 1.000 kurtosis 1.000 spec_cnn 1.000  (23s)
  JSR  +12.0 dB  BER 2.13e-01  P(det)@0.05 power_one_sided 1.000 power_two_sided 1.000 kurtosis 1.000 spec_cnn 1.000  (23s)
  JSR  +13.0 dB  BER 2.35e-01  P(det)@0.05 power_one_sided 1.000 power_two_sided 1.000 kurtosis 1.000 spec_cnn 1.000  (24s)
  JSR  +14.0 dB  BER 2.65e-01  P(det)@0.05 power_one_sided 1.000 power_two_sided 1.000 kurtosis 1.000 spec_cnn 1.000  (24s)
  JSR  +15.0 dB  BER 2.86e-01  P(det)@0.05 power_one_sided 1.000 power_two_sided 1.000 kurtosis 1.000 spec_cnn 1.000  (24s)
  [snr_40] spec_cnn_b1 confirmed: {"power_one_sided": {"0.01": null, "0.05": null}, "power_two_sided": {"0.01": null, "0.05": null}, "kurtosis": {"0.01": {"index": 0, "sweep_ber": 0.0, "sweep_pdet": 0.01171875, "confirmed_ber": 0.0, "confirmed_ser": 0.0, "confirmed_pdet": 0.010986328125, "passed": true}, "0.05": {"index": 0, "sweep_ber": 0.0, "sweep_pdet": 0.05859375, "confirmed_ber": 0.0, "confirmed_ser": 0.0, "confirmed_pdet": 0.048583984375, "passed": true}}, "spec_cnn": {"0.01": {"index": 0, "sweep_ber": 0.0, "sweep_pdet": 0.015625, "confirmed_ber": 0.0, "confirmed_ser": 0.0, "confirmed_pdet": 0.0146484375, "passed": false}, "0.05": {"index": 4, "sweep_ber": 0.0, "sweep_pdet": 0.060546875, "confirmed_ber": 0.0, "confirmed_ser": 0.0, "confirmed_pdet": 0.08544921875, "passed": false}}}  (681s)
  [snr_40] generator spec_cnn_b10 (scale 0.4022)
    JSR  -50.0 dB  BER 0.00e+00  P(det)@0.05 power_one_sided 0.113 power_two_sided 0.123 kurtosis 0.057 spec_cnn 0.039  (0s)
    JSR  -49.0 dB  BER 0.00e+00  P(det)@0.05 power_one_sided 0.107 power_two_sided 0.150 kurtosis 0.051 spec_cnn 0.053  (1s)
    JSR  -48.0 dB  BER 0.00e+00  P(det)@0.05 power_one_sided 0.119 power_two_sided 0.158 kurtosis 0.057 spec_cnn 0.051  (1s)
    JSR  -47.0 dB  BER 0.00e+00  P(det)@0.05 power_one_sided 0.152 power_two_sided 0.223 kurtosis 0.062 spec_cnn 0.055  (1s)
    JSR  -46.0 dB  BER 0.00e+00  P(det)@0.05 power_one_sided 0.166 power_two_sided 0.219 kurtosis 0.049 spec_cnn 0.070  (2s)
    JSR  -45.0 dB  BER 0.00e+00  P(det)@0.05 power_one_sided 0.207 power_two_sided 0.293 kurtosis 0.047 spec_cnn 0.047  (2s)
    JSR  -44.0 dB  BER 0.00e+00  P(det)@0.05 power_one_sided 0.209 power_two_sided 0.305 kurtosis 0.074 spec_cnn 0.062  (2s)
    JSR  -43.0 dB  BER 0.00e+00  P(det)@0.05 power_one_sided 0.260 power_two_sided 0.383 kurtosis 0.051 spec_cnn 0.068  (3s)
    JSR  -42.0 dB  BER 0.00e+00  P(det)@0.05 power_one_sided 0.240 power_two_sided 0.398 kurtosis 0.051 spec_cnn 0.049  (3s)
    JSR  -41.0 dB  BER 0.00e+00  P(det)@0.05 power_one_sided 0.244 power_two_sided 0.430 kurtosis 0.031 spec_cnn 0.078  (3s)
    JSR  -40.0 dB  BER 0.00e+00  P(det)@0.05 power_one_sided 0.320 power_two_sided 0.545 kurtosis 0.061 spec_cnn 0.084  (4s)
    JSR  -39.0 dB  BER 0.00e+00  P(det)@0.05 power_one_sided 0.375 power_two_sided 0.598 kurtosis 0.057 spec_cnn 0.080  (4s)
    JSR  -38.0 dB  BER 0.00e+00  P(det)@0.05 power_one_sided 0.404 power_two_sided 0.666 kurtosis 0.068 spec_cnn 0.098  (4s)
    JSR  -37.0 dB  BER 0.00e+00  P(det)@0.05 power_one_sided 0.383 power_two_sided 0.643 kurtosis 0.061 spec_cnn 0.078  (5s)
    JSR  -36.0 dB  BER 0.00e+00  P(det)@0.05 power_one_sided 0.383 power_two_sided 0.666 kurtosis 0.053 spec_cnn 0.160  (5s)
    JSR  -35.0 dB  BER 0.00e+00  P(det)@0.05 power_one_sided 0.410 power_two_sided 0.701 kurtosis 0.047 spec_cnn 0.189  (5s)
    JSR  -34.0 dB  BER 0.00e+00  P(det)@0.05 power_one_sided 0.469 power_two_sided 0.781 kurtosis 0.055 spec_cnn 0.219  (6s)
    JSR  -33.0 dB  BER 0.00e+00  P(det)@0.05 power_one_sided 0.447 power_two_sided 0.777 kurtosis 0.061 spec_cnn 0.266  (6s)
    JSR  -32.0 dB  BER 0.00e+00  P(det)@0.05 power_one_sided 0.502 power_two_sided 0.771 kurtosis 0.041 spec_cnn 0.320  (6s)
    JSR  -31.0 dB  BER 0.00e+00  P(det)@0.05 power_one_sided 0.461 power_two_sided 0.824 kurtosis 0.057 spec_cnn 0.416  (7s)
    JSR  -30.0 dB  BER 0.00e+00  P(det)@0.05 power_one_sided 0.502 power_two_sided 0.842 kurtosis 0.055 spec_cnn 0.500  (7s)
    JSR  -29.0 dB  BER 0.00e+00  P(det)@0.05 power_one_sided 0.521 power_two_sided 0.850 kurtosis 0.062 spec_cnn 0.582  (7s)
    JSR  -28.0 dB  BER 0.00e+00  P(det)@0.05 power_one_sided 0.590 power_two_sided 0.883 kurtosis 0.055 spec_cnn 0.668  (8s)
    JSR  -27.0 dB  BER 0.00e+00  P(det)@0.05 power_one_sided 0.598 power_two_sided 0.891 kurtosis 0.086 spec_cnn 0.746  (8s)
    JSR  -26.0 dB  BER 0.00e+00  P(det)@0.05 power_one_sided 0.596 power_two_sided 0.887 kurtosis 0.072 spec_cnn 0.809  (8s)
    JSR  -25.0 dB  BER 0.00e+00  P(det)@0.05 power_one_sided 0.645 power_two_sided 0.924 kurtosis 0.057 spec_cnn 0.869  (9s)
    JSR  -24.0 dB  BER 0.00e+00  P(det)@0.05 power_one_sided 0.652 power_two_sided 0.941 kurtosis 0.062 spec_cnn 0.932  (9s)
    JSR  -23.0 dB  BER 9.16e-05  P(det)@0.05 power_one_sided 0.684 power_two_sided 0.953 kurtosis 0.092 spec_cnn 0.967  (9s)
    JSR  -22.0 dB  BER 4.27e-04  P(det)@0.05 power_one_sided 0.691 power_two_sided 0.918 kurtosis 0.102 spec_cnn 0.965  (10s)
    JSR  -21.0 dB  BER 7.86e-04  P(det)@0.05 power_one_sided 0.748 power_two_sided 0.963 kurtosis 0.166 spec_cnn 0.980  (10s)
    JSR  -20.0 dB  BER 1.08e-03  P(det)@0.05 power_one_sided 0.791 power_two_sided 0.957 kurtosis 0.217 spec_cnn 0.992  (11s)
    JSR  -19.0 dB  BER 1.63e-03  P(det)@0.05 power_one_sided 0.795 power_two_sided 0.961 kurtosis 0.303 spec_cnn 0.994  (11s)
    JSR  -18.0 dB  BER 1.92e-03  P(det)@0.05 power_one_sided 0.828 power_two_sided 0.965 kurtosis 0.414 spec_cnn 1.000  (11s)
    JSR  -17.0 dB  BER 2.36e-03  P(det)@0.05 power_one_sided 0.875 power_two_sided 0.969 kurtosis 0.455 spec_cnn 1.000  (12s)
    JSR  -16.0 dB  BER 2.58e-03  P(det)@0.05 power_one_sided 0.912 power_two_sided 0.986 kurtosis 0.508 spec_cnn 1.000  (12s)
    JSR  -15.0 dB  BER 2.92e-03  P(det)@0.05 power_one_sided 0.959 power_two_sided 0.990 kurtosis 0.688 spec_cnn 1.000  (13s)
    JSR  -14.0 dB  BER 3.14e-03  P(det)@0.05 power_one_sided 0.969 power_two_sided 0.996 kurtosis 0.740 spec_cnn 1.000  (13s)
    JSR  -13.0 dB  BER 3.57e-03  P(det)@0.05 power_one_sided 0.994 power_two_sided 0.998 kurtosis 0.789 spec_cnn 1.000  (13s)
    JSR  -12.0 dB  BER 3.90e-03  P(det)@0.05 power_one_sided 0.998 power_two_sided 1.000 kurtosis 0.881 spec_cnn 1.000  (14s)
    JSR  -11.0 dB  BER 4.12e-03  P(det)@0.05 power_one_sided 0.998 power_two_sided 1.000 kurtosis 0.953 spec_cnn 1.000  (14s)
    JSR  -10.0 dB  BER 4.48e-03  P(det)@0.05 power_one_sided 0.998 power_two_sided 1.000 kurtosis 0.996 spec_cnn 1.000  (14s)
    JSR   -9.0 dB  BER 4.93e-03  P(det)@0.05 power_one_sided 1.000 power_two_sided 1.000 kurtosis 0.998 spec_cnn 1.000  (15s)
    JSR   -8.0 dB  BER 5.70e-03  P(det)@0.05 power_one_sided 1.000 power_two_sided 1.000 kurtosis 1.000 spec_cnn 1.000  (15s)
    JSR   -7.0 dB  BER 6.57e-03  P(det)@0.05 power_one_sided 1.000 power_two_sided 1.000 kurtosis 1.000 spec_cnn 1.000  (16s)
    JSR   -6.0 dB  BER 7.36e-03  P(det)@0.05 power_one_sided 1.000 power_two_sided 1.000 kurtosis 1.000 spec_cnn 1.000  (16s)
    JSR   -5.0 dB  BER 8.80e-03  P(det)@0.05 power_one_sided 1.000 power_two_sided 1.000 kurtosis 1.000 spec_cnn 1.000  (16s)
    JSR   -4.0 dB  BER 1.03e-02  P(det)@0.05 power_one_sided 1.000 power_two_sided 1.000 kurtosis 1.000 spec_cnn 1.000  (17s)
    JSR   -3.0 dB  BER 1.29e-02  P(det)@0.05 power_one_sided 1.000 power_two_sided 1.000 kurtosis 1.000 spec_cnn 1.000  (17s)
    JSR   -2.0 dB  BER 1.61e-02  P(det)@0.05 power_one_sided 1.000 power_two_sided 1.000 kurtosis 1.000 spec_cnn 1.000  (17s)
    JSR   -1.0 dB  BER 2.10e-02  P(det)@0.05 power_one_sided 1.000 power_two_sided 1.000 kurtosis 1.000 spec_cnn 1.000  (18s)
    JSR   +0.0 dB  BER 2.71e-02  P(det)@0.05 power_one_sided 1.000 power_two_sided 1.000 kurtosis 1.000 spec_cnn 1.000  (18s)
    JSR   +1.0 dB  BER 3.24e-02  P(det)@0.05 power_one_sided 1.000 power_two_sided 1.000 kurtosis 1.000 spec_cnn 1.000  (18s)
    JSR   +2.0 dB  BER 4.39e-02  P(det)@0.05 power_one_sided 1.000 power_two_sided 1.000 kurtosis 1.000 spec_cnn 1.000  (19s)
    JSR   +3.0 dB  BER 5.94e-02  P(det)@0.05 power_one_sided 1.000 power_two_sided 1.000 kurtosis 1.000 spec_cnn 1.000  (19s)
    JSR   +4.0 dB  BER 7.74e-02  P(det)@0.05 power_one_sided 1.000 power_two_sided 1.000 kurtosis 1.000 spec_cnn 1.000  (19s)
    JSR   +5.0 dB  BER 9.97e-02  P(det)@0.05 power_one_sided 1.000 power_two_sided 1.000 kurtosis 1.000 spec_cnn 1.000  (20s)
    JSR   +6.0 dB  BER 1.17e-01  P(det)@0.05 power_one_sided 1.000 power_two_sided 1.000 kurtosis 1.000 spec_cnn 1.000  (20s)
    JSR   +7.0 dB  BER 1.40e-01  P(det)@0.05 power_one_sided 1.000 power_two_sided 1.000 kurtosis 1.000 spec_cnn 1.000  (21s)
    JSR   +8.0 dB  BER 1.63e-01  P(det)@0.05 power_one_sided 1.000 power_two_sided 1.000 kurtosis 1.000 spec_cnn 1.000  (21s)
    JSR   +9.0 dB  BER 1.92e-01  P(det)@0.05 power_one_sided 1.000 power_two_sided 1.000 kurtosis 1.000 spec_cnn 1.000  (21s)
    JSR  +10.0 dB  BER 2.12e-01  P(det)@0.05 power_one_sided 1.000 power_two_sided 1.000 kurtosis 1.000 spec_cnn 1.000  (22s)
    JSR  +11.0 dB  BER 2.36e-01  P(det)@0.05 power_one_sided 1.000 power_two_sided 1.000 kurtosis 1.000 spec_cnn 1.000  (22s)
    JSR  +12.0 dB  BER 2.63e-01  P(det)@0.05 power_one_sided 1.000 power_two_sided 1.000 kurtosis 1.000 spec_cnn 1.000  (22s)
    JSR  +13.0 dB  BER 2.84e-01  P(det)@0.05 power_one_sided 1.000 power_two_sided 1.000 kurtosis 1.000 spec_cnn 1.000  (23s)
    JSR  +14.0 dB  BER 3.07e-01  P(det)@0.05 power_one_sided 1.000 power_two_sided 1.000 kurtosis 1.000 spec_cnn 1.000  (23s)
    JSR  +15.0 dB  BER 3.24e-01  P(det)@0.05 power_one_sided 1.000 power_two_sided 1.000 kurtosis 1.000 spec_cnn 1.000  (23s)
  [snr_40] spec_cnn_b10 confirmed: {"power_one_sided": {"0.01": null, "0.05": null}, "power_two_sided": {"0.01": null, "0.05": null}, "kurtosis": {"0.01": {"index": 0, "sweep_ber": 0.0, "sweep_pdet": 0.005859375, "confirmed_ber": 0.0, "confirmed_ser": 0.0, "confirmed_pdet": 0.0107421875, "passed": true}, "0.05": {"index": 0, "sweep_ber": 0.0, "sweep_pdet": 0.056640625, "confirmed_ber": 0.0, "confirmed_ser": 0.0, "confirmed_pdet": 0.050048828125, "passed": true}}, "spec_cnn": {"0.01": {"index": 0, "sweep_ber": 0.0, "sweep_pdet": 0.009765625, "confirmed_ber": 0.0, "confirmed_ser": 0.0, "confirmed_pdet": 0.010009765625, "passed": true}, "0.05": {"index": 0, "sweep_ber": 0.0, "sweep_pdet": 0.0390625, "confirmed_ber": 0.0, "confirmed_ser": 0.0, "confirmed_pdet": 0.051513671875, "passed": true}}}  (715s)
  [snr_40] generator spec_cnn_b100 (scale 0.4022)
  JSR  -50.0 dB  BER 0.00e+00  P(det)@0.05 power_one_sided 0.090 power_two_sided 0.105 kurtosis 0.045 spec_cnn 0.025  (0s)
  JSR  -49.0 dB  BER 0.00e+00  P(det)@0.05 power_one_sided 0.102 power_two_sided 0.111 kurtosis 0.037 spec_cnn 0.041  (1s)
  JSR  -48.0 dB  BER 0.00e+00  P(det)@0.05 power_one_sided 0.121 power_two_sided 0.139 kurtosis 0.057 spec_cnn 0.047  (1s)
  JSR  -47.0 dB  BER 0.00e+00  P(det)@0.05 power_one_sided 0.102 power_two_sided 0.168 kurtosis 0.055 spec_cnn 0.068  (1s)
  JSR  -46.0 dB  BER 0.00e+00  P(det)@0.05 power_one_sided 0.150 power_two_sided 0.197 kurtosis 0.051 spec_cnn 0.055  (2s)
  JSR  -45.0 dB  BER 0.00e+00  P(det)@0.05 power_one_sided 0.158 power_two_sided 0.219 kurtosis 0.057 spec_cnn 0.057  (2s)
  JSR  -44.0 dB  BER 0.00e+00  P(det)@0.05 power_one_sided 0.180 power_two_sided 0.260 kurtosis 0.066 spec_cnn 0.066  (2s)
  JSR  -43.0 dB  BER 0.00e+00  P(det)@0.05 power_one_sided 0.189 power_two_sided 0.277 kurtosis 0.053 spec_cnn 0.076  (2s)
  JSR  -42.0 dB  BER 0.00e+00  P(det)@0.05 power_one_sided 0.225 power_two_sided 0.312 kurtosis 0.051 spec_cnn 0.092  (3s)
  JSR  -41.0 dB  BER 0.00e+00  P(det)@0.05 power_one_sided 0.277 power_two_sided 0.398 kurtosis 0.055 spec_cnn 0.086  (3s)
  JSR  -40.0 dB  BER 0.00e+00  P(det)@0.05 power_one_sided 0.314 power_two_sided 0.479 kurtosis 0.049 spec_cnn 0.104  (3s)
  JSR  -39.0 dB  BER 0.00e+00  P(det)@0.05 power_one_sided 0.350 power_two_sided 0.508 kurtosis 0.035 spec_cnn 0.178  (4s)
  JSR  -38.0 dB  BER 0.00e+00  P(det)@0.05 power_one_sided 0.322 power_two_sided 0.512 kurtosis 0.049 spec_cnn 0.168  (4s)
  JSR  -37.0 dB  BER 0.00e+00  P(det)@0.05 power_one_sided 0.357 power_two_sided 0.551 kurtosis 0.045 spec_cnn 0.219  (4s)
  JSR  -36.0 dB  BER 0.00e+00  P(det)@0.05 power_one_sided 0.400 power_two_sided 0.588 kurtosis 0.064 spec_cnn 0.277  (5s)
  JSR  -35.0 dB  BER 0.00e+00  P(det)@0.05 power_one_sided 0.373 power_two_sided 0.629 kurtosis 0.049 spec_cnn 0.330  (5s)
  JSR  -34.0 dB  BER 0.00e+00  P(det)@0.05 power_one_sided 0.445 power_two_sided 0.668 kurtosis 0.072 spec_cnn 0.436  (5s)
  JSR  -33.0 dB  BER 0.00e+00  P(det)@0.05 power_one_sided 0.477 power_two_sided 0.711 kurtosis 0.041 spec_cnn 0.461  (6s)
  JSR  -32.0 dB  BER 0.00e+00  P(det)@0.05 power_one_sided 0.480 power_two_sided 0.760 kurtosis 0.047 spec_cnn 0.598  (6s)
  JSR  -31.0 dB  BER 0.00e+00  P(det)@0.05 power_one_sided 0.510 power_two_sided 0.756 kurtosis 0.062 spec_cnn 0.699  (6s)
  JSR  -30.0 dB  BER 0.00e+00  P(det)@0.05 power_one_sided 0.555 power_two_sided 0.828 kurtosis 0.051 spec_cnn 0.766  (7s)
  JSR  -29.0 dB  BER 0.00e+00  P(det)@0.05 power_one_sided 0.582 power_two_sided 0.797 kurtosis 0.055 spec_cnn 0.828  (7s)
  JSR  -28.0 dB  BER 0.00e+00  P(det)@0.05 power_one_sided 0.627 power_two_sided 0.863 kurtosis 0.057 spec_cnn 0.889  (7s)
  JSR  -27.0 dB  BER 0.00e+00  P(det)@0.05 power_one_sided 0.654 power_two_sided 0.867 kurtosis 0.049 spec_cnn 0.916  (8s)
  JSR  -26.0 dB  BER 0.00e+00  P(det)@0.05 power_one_sided 0.666 power_two_sided 0.861 kurtosis 0.066 spec_cnn 0.953  (8s)
  JSR  -25.0 dB  BER 0.00e+00  P(det)@0.05 power_one_sided 0.697 power_two_sided 0.896 kurtosis 0.057 spec_cnn 0.986  (9s)
  JSR  -24.0 dB  BER 0.00e+00  P(det)@0.05 power_one_sided 0.709 power_two_sided 0.910 kurtosis 0.070 spec_cnn 0.998  (9s)
  JSR  -23.0 dB  BER 0.00e+00  P(det)@0.05 power_one_sided 0.779 power_two_sided 0.916 kurtosis 0.064 spec_cnn 0.996  (9s)
  JSR  -22.0 dB  BER 2.29e-05  P(det)@0.05 power_one_sided 0.801 power_two_sided 0.936 kurtosis 0.078 spec_cnn 1.000  (10s)
  JSR  -21.0 dB  BER 2.21e-04  P(det)@0.05 power_one_sided 0.818 power_two_sided 0.939 kurtosis 0.092 spec_cnn 1.000  (10s)
  JSR  -20.0 dB  BER 3.13e-04  P(det)@0.05 power_one_sided 0.854 power_two_sided 0.957 kurtosis 0.139 spec_cnn 1.000  (10s)
  JSR  -19.0 dB  BER 6.56e-04  P(det)@0.05 power_one_sided 0.896 power_two_sided 0.982 kurtosis 0.197 spec_cnn 1.000  (11s)
  JSR  -18.0 dB  BER 8.39e-04  P(det)@0.05 power_one_sided 0.930 power_two_sided 0.986 kurtosis 0.271 spec_cnn 1.000  (11s)
  JSR  -17.0 dB  BER 1.28e-03  P(det)@0.05 power_one_sided 0.951 power_two_sided 0.980 kurtosis 0.342 spec_cnn 1.000  (11s)
  JSR  -16.0 dB  BER 1.66e-03  P(det)@0.05 power_one_sided 0.982 power_two_sided 0.994 kurtosis 0.420 spec_cnn 1.000  (12s)
  JSR  -15.0 dB  BER 1.99e-03  P(det)@0.05 power_one_sided 0.980 power_two_sided 0.990 kurtosis 0.498 spec_cnn 1.000  (12s)
  JSR  -14.0 dB  BER 2.01e-03  P(det)@0.05 power_one_sided 0.992 power_two_sided 1.000 kurtosis 0.582 spec_cnn 1.000  (12s)
  JSR  -13.0 dB  BER 2.15e-03  P(det)@0.05 power_one_sided 1.000 power_two_sided 1.000 kurtosis 0.725 spec_cnn 1.000  (13s)
  JSR  -12.0 dB  BER 2.70e-03  P(det)@0.05 power_one_sided 1.000 power_two_sided 1.000 kurtosis 0.816 spec_cnn 1.000  (13s)
  JSR  -11.0 dB  BER 3.15e-03  P(det)@0.05 power_one_sided 1.000 power_two_sided 1.000 kurtosis 0.906 spec_cnn 1.000  (14s)
  JSR  -10.0 dB  BER 3.40e-03  P(det)@0.05 power_one_sided 1.000 power_two_sided 1.000 kurtosis 0.988 spec_cnn 1.000  (14s)
  JSR   -9.0 dB  BER 3.69e-03  P(det)@0.05 power_one_sided 1.000 power_two_sided 1.000 kurtosis 0.996 spec_cnn 1.000  (14s)
  JSR   -8.0 dB  BER 3.89e-03  P(det)@0.05 power_one_sided 1.000 power_two_sided 1.000 kurtosis 1.000 spec_cnn 1.000  (15s)
  JSR   -7.0 dB  BER 4.04e-03  P(det)@0.05 power_one_sided 1.000 power_two_sided 1.000 kurtosis 1.000 spec_cnn 1.000  (15s)
  JSR   -6.0 dB  BER 4.65e-03  P(det)@0.05 power_one_sided 1.000 power_two_sided 1.000 kurtosis 1.000 spec_cnn 1.000  (15s)
  JSR   -5.0 dB  BER 5.44e-03  P(det)@0.05 power_one_sided 1.000 power_two_sided 1.000 kurtosis 1.000 spec_cnn 1.000  (16s)
  JSR   -4.0 dB  BER 6.79e-03  P(det)@0.05 power_one_sided 1.000 power_two_sided 1.000 kurtosis 1.000 spec_cnn 1.000  (16s)
  JSR   -3.0 dB  BER 9.21e-03  P(det)@0.05 power_one_sided 1.000 power_two_sided 1.000 kurtosis 1.000 spec_cnn 1.000  (16s)
  JSR   -2.0 dB  BER 1.32e-02  P(det)@0.05 power_one_sided 1.000 power_two_sided 1.000 kurtosis 1.000 spec_cnn 1.000  (17s)
  JSR   -1.0 dB  BER 1.97e-02  P(det)@0.05 power_one_sided 1.000 power_two_sided 1.000 kurtosis 1.000 spec_cnn 1.000  (17s)
  JSR   +0.0 dB  BER 2.86e-02  P(det)@0.05 power_one_sided 1.000 power_two_sided 1.000 kurtosis 1.000 spec_cnn 1.000  (17s)
  JSR   +1.0 dB  BER 3.97e-02  P(det)@0.05 power_one_sided 1.000 power_two_sided 1.000 kurtosis 1.000 spec_cnn 1.000  (18s)
  JSR   +2.0 dB  BER 5.50e-02  P(det)@0.05 power_one_sided 1.000 power_two_sided 1.000 kurtosis 1.000 spec_cnn 1.000  (18s)
  JSR   +3.0 dB  BER 7.12e-02  P(det)@0.05 power_one_sided 1.000 power_two_sided 1.000 kurtosis 1.000 spec_cnn 1.000  (18s)
  JSR   +4.0 dB  BER 9.24e-02  P(det)@0.05 power_one_sided 1.000 power_two_sided 1.000 kurtosis 1.000 spec_cnn 1.000  (19s)
  JSR   +5.0 dB  BER 1.14e-01  P(det)@0.05 power_one_sided 1.000 power_two_sided 1.000 kurtosis 1.000 spec_cnn 1.000  (19s)
  JSR   +6.0 dB  BER 1.39e-01  P(det)@0.05 power_one_sided 1.000 power_two_sided 1.000 kurtosis 1.000 spec_cnn 1.000  (19s)
  JSR   +7.0 dB  BER 1.61e-01  P(det)@0.05 power_one_sided 1.000 power_two_sided 1.000 kurtosis 1.000 spec_cnn 1.000  (20s)
  JSR   +8.0 dB  BER 1.87e-01  P(det)@0.05 power_one_sided 1.000 power_two_sided 1.000 kurtosis 1.000 spec_cnn 1.000  (20s)
  JSR   +9.0 dB  BER 2.15e-01  P(det)@0.05 power_one_sided 1.000 power_two_sided 1.000 kurtosis 1.000 spec_cnn 1.000  (20s)
  JSR  +10.0 dB  BER 2.35e-01  P(det)@0.05 power_one_sided 1.000 power_two_sided 1.000 kurtosis 1.000 spec_cnn 1.000  (21s)
  JSR  +11.0 dB  BER 2.62e-01  P(det)@0.05 power_one_sided 1.000 power_two_sided 1.000 kurtosis 1.000 spec_cnn 1.000  (21s)
  JSR  +12.0 dB  BER 2.81e-01  P(det)@0.05 power_one_sided 1.000 power_two_sided 1.000 kurtosis 1.000 spec_cnn 1.000  (21s)
  JSR  +13.0 dB  BER 3.06e-01  P(det)@0.05 power_one_sided 1.000 power_two_sided 1.000 kurtosis 1.000 spec_cnn 0.996  (22s)
  JSR  +14.0 dB  BER 3.22e-01  P(det)@0.05 power_one_sided 1.000 power_two_sided 1.000 kurtosis 1.000 spec_cnn 0.957  (22s)
  JSR  +15.0 dB  BER 3.41e-01  P(det)@0.05 power_one_sided 1.000 power_two_sided 1.000 kurtosis 1.000 spec_cnn 0.893  (22s)
  [snr_40] spec_cnn_b100 confirmed: {"power_one_sided": {"0.01": null, "0.05": null}, "power_two_sided": {"0.01": null, "0.05": null}, "kurtosis": {"0.01": {"index": 0, "sweep_ber": 0.0, "sweep_pdet": 0.00390625, "confirmed_ber": 0.0, "confirmed_ser": 0.0, "confirmed_pdet": 0.012451171875, "passed": true}, "0.05": {"index": 0, "sweep_ber": 0.0, "sweep_pdet": 0.044921875, "confirmed_ber": 0.0, "confirmed_ser": 0.0, "confirmed_pdet": 0.0546875, "passed": true}}, "spec_cnn": {"0.01": {"index": 0, "sweep_ber": 0.0, "sweep_pdet": 0.005859375, "confirmed_ber": 0.0, "confirmed_ser": 0.0, "confirmed_pdet": 0.00927734375, "passed": true}, "0.05": {"index": 0, "sweep_ber": 0.0, "sweep_pdet": 0.025390625, "confirmed_ber": 0.0, "confirmed_ser": 0.0, "confirmed_pdet": 0.047119140625, "passed": true}}}  (748s)
  [snr_40] generator spec_cnn_b1000 (scale 0.4022)
  JSR  -50.0 dB  BER 0.00e+00  P(det)@0.05 power_one_sided 0.090 power_two_sided 0.107 kurtosis 0.059 spec_cnn 0.037  (0s)
  JSR  -49.0 dB  BER 0.00e+00  P(det)@0.05 power_one_sided 0.090 power_two_sided 0.109 kurtosis 0.062 spec_cnn 0.047  (1s)
  JSR  -48.0 dB  BER 0.00e+00  P(det)@0.05 power_one_sided 0.104 power_two_sided 0.094 kurtosis 0.057 spec_cnn 0.051  (1s)
  JSR  -47.0 dB  BER 0.00e+00  P(det)@0.05 power_one_sided 0.113 power_two_sided 0.137 kurtosis 0.051 spec_cnn 0.045  (1s)
  JSR  -46.0 dB  BER 0.00e+00  P(det)@0.05 power_one_sided 0.121 power_two_sided 0.152 kurtosis 0.049 spec_cnn 0.055  (2s)
  JSR  -45.0 dB  BER 0.00e+00  P(det)@0.05 power_one_sided 0.146 power_two_sided 0.217 kurtosis 0.057 spec_cnn 0.053  (2s)
  JSR  -44.0 dB  BER 0.00e+00  P(det)@0.05 power_one_sided 0.164 power_two_sided 0.215 kurtosis 0.055 spec_cnn 0.043  (2s)
  JSR  -43.0 dB  BER 0.00e+00  P(det)@0.05 power_one_sided 0.180 power_two_sided 0.256 kurtosis 0.072 spec_cnn 0.049  (3s)
  JSR  -42.0 dB  BER 0.00e+00  P(det)@0.05 power_one_sided 0.217 power_two_sided 0.268 kurtosis 0.064 spec_cnn 0.057  (3s)
  JSR  -41.0 dB  BER 0.00e+00  P(det)@0.05 power_one_sided 0.240 power_two_sided 0.324 kurtosis 0.049 spec_cnn 0.072  (3s)
  JSR  -40.0 dB  BER 0.00e+00  P(det)@0.05 power_one_sided 0.227 power_two_sided 0.352 kurtosis 0.061 spec_cnn 0.068  (4s)
  JSR  -39.0 dB  BER 0.00e+00  P(det)@0.05 power_one_sided 0.309 power_two_sided 0.406 kurtosis 0.061 spec_cnn 0.111  (4s)
  JSR  -38.0 dB  BER 0.00e+00  P(det)@0.05 power_one_sided 0.346 power_two_sided 0.463 kurtosis 0.051 spec_cnn 0.115  (4s)
  JSR  -37.0 dB  BER 0.00e+00  P(det)@0.05 power_one_sided 0.342 power_two_sided 0.494 kurtosis 0.039 spec_cnn 0.162  (5s)
  JSR  -36.0 dB  BER 0.00e+00  P(det)@0.05 power_one_sided 0.412 power_two_sided 0.598 kurtosis 0.059 spec_cnn 0.188  (5s)
  JSR  -35.0 dB  BER 0.00e+00  P(det)@0.05 power_one_sided 0.449 power_two_sided 0.578 kurtosis 0.051 spec_cnn 0.242  (5s)
  JSR  -34.0 dB  BER 0.00e+00  P(det)@0.05 power_one_sided 0.492 power_two_sided 0.646 kurtosis 0.078 spec_cnn 0.270  (6s)
  JSR  -33.0 dB  BER 0.00e+00  P(det)@0.05 power_one_sided 0.467 power_two_sided 0.670 kurtosis 0.072 spec_cnn 0.318  (6s)
  JSR  -32.0 dB  BER 0.00e+00  P(det)@0.05 power_one_sided 0.547 power_two_sided 0.730 kurtosis 0.047 spec_cnn 0.385  (6s)
  JSR  -31.0 dB  BER 0.00e+00  P(det)@0.05 power_one_sided 0.557 power_two_sided 0.740 kurtosis 0.062 spec_cnn 0.453  (7s)
  JSR  -30.0 dB  BER 0.00e+00  P(det)@0.05 power_one_sided 0.604 power_two_sided 0.793 kurtosis 0.059 spec_cnn 0.516  (7s)
  JSR  -29.0 dB  BER 0.00e+00  P(det)@0.05 power_one_sided 0.633 power_two_sided 0.824 kurtosis 0.049 spec_cnn 0.693  (7s)
  JSR  -28.0 dB  BER 0.00e+00  P(det)@0.05 power_one_sided 0.688 power_two_sided 0.852 kurtosis 0.057 spec_cnn 0.785  (8s)
  JSR  -27.0 dB  BER 0.00e+00  P(det)@0.05 power_one_sided 0.727 power_two_sided 0.867 kurtosis 0.061 spec_cnn 0.846  (8s)
  JSR  -26.0 dB  BER 0.00e+00  P(det)@0.05 power_one_sided 0.758 power_two_sided 0.891 kurtosis 0.049 spec_cnn 0.951  (8s)
  JSR  -25.0 dB  BER 0.00e+00  P(det)@0.05 power_one_sided 0.771 power_two_sided 0.918 kurtosis 0.055 spec_cnn 0.957  (9s)
  JSR  -24.0 dB  BER 0.00e+00  P(det)@0.05 power_one_sided 0.822 power_two_sided 0.936 kurtosis 0.066 spec_cnn 0.982  (9s)
  JSR  -23.0 dB  BER 0.00e+00  P(det)@0.05 power_one_sided 0.834 power_two_sided 0.945 kurtosis 0.066 spec_cnn 0.998  (10s)
  JSR  -22.0 dB  BER 0.00e+00  P(det)@0.05 power_one_sided 0.895 power_two_sided 0.961 kurtosis 0.078 spec_cnn 0.994  (10s)
  JSR  -21.0 dB  BER 0.00e+00  P(det)@0.05 power_one_sided 0.910 power_two_sided 0.975 kurtosis 0.059 spec_cnn 1.000  (10s)
  JSR  -20.0 dB  BER 0.00e+00  P(det)@0.05 power_one_sided 0.930 power_two_sided 0.975 kurtosis 0.061 spec_cnn 1.000  (11s)
  JSR  -19.0 dB  BER 4.58e-05  P(det)@0.05 power_one_sided 0.936 power_two_sided 0.975 kurtosis 0.074 spec_cnn 1.000  (11s)
  JSR  -18.0 dB  BER 1.91e-04  P(det)@0.05 power_one_sided 0.977 power_two_sided 0.982 kurtosis 0.129 spec_cnn 1.000  (11s)
  JSR  -17.0 dB  BER 3.43e-04  P(det)@0.05 power_one_sided 0.988 power_two_sided 0.998 kurtosis 0.146 spec_cnn 1.000  (12s)
  JSR  -16.0 dB  BER 6.48e-04  P(det)@0.05 power_one_sided 0.988 power_two_sided 0.998 kurtosis 0.189 spec_cnn 1.000  (12s)
  JSR  -15.0 dB  BER 7.78e-04  P(det)@0.05 power_one_sided 0.994 power_two_sided 1.000 kurtosis 0.314 spec_cnn 1.000  (12s)
  JSR  -14.0 dB  BER 9.54e-04  P(det)@0.05 power_one_sided 1.000 power_two_sided 1.000 kurtosis 0.389 spec_cnn 1.000  (13s)
  JSR  -13.0 dB  BER 1.43e-03  P(det)@0.05 power_one_sided 0.998 power_two_sided 1.000 kurtosis 0.588 spec_cnn 1.000  (13s)
  JSR  -12.0 dB  BER 1.59e-03  P(det)@0.05 power_one_sided 1.000 power_two_sided 1.000 kurtosis 0.762 spec_cnn 1.000  (13s)
  JSR  -11.0 dB  BER 1.90e-03  P(det)@0.05 power_one_sided 1.000 power_two_sided 1.000 kurtosis 0.900 spec_cnn 1.000  (14s)
  JSR  -10.0 dB  BER 2.14e-03  P(det)@0.05 power_one_sided 1.000 power_two_sided 1.000 kurtosis 0.963 spec_cnn 1.000  (14s)
  JSR   -9.0 dB  BER 2.60e-03  P(det)@0.05 power_one_sided 1.000 power_two_sided 1.000 kurtosis 0.994 spec_cnn 1.000  (14s)
  JSR   -8.0 dB  BER 3.08e-03  P(det)@0.05 power_one_sided 1.000 power_two_sided 1.000 kurtosis 0.998 spec_cnn 1.000  (15s)
  JSR   -7.0 dB  BER 4.07e-03  P(det)@0.05 power_one_sided 1.000 power_two_sided 1.000 kurtosis 1.000 spec_cnn 1.000  (15s)
  JSR   -6.0 dB  BER 4.82e-03  P(det)@0.05 power_one_sided 1.000 power_two_sided 1.000 kurtosis 1.000 spec_cnn 1.000  (15s)
  JSR   -5.0 dB  BER 7.46e-03  P(det)@0.05 power_one_sided 1.000 power_two_sided 1.000 kurtosis 1.000 spec_cnn 1.000  (16s)
  JSR   -4.0 dB  BER 1.00e-02  P(det)@0.05 power_one_sided 1.000 power_two_sided 1.000 kurtosis 1.000 spec_cnn 1.000  (16s)
  JSR   -3.0 dB  BER 1.38e-02  P(det)@0.05 power_one_sided 1.000 power_two_sided 1.000 kurtosis 1.000 spec_cnn 1.000  (16s)
  JSR   -2.0 dB  BER 2.07e-02  P(det)@0.05 power_one_sided 1.000 power_two_sided 1.000 kurtosis 1.000 spec_cnn 1.000  (17s)
  JSR   -1.0 dB  BER 2.94e-02  P(det)@0.05 power_one_sided 1.000 power_two_sided 1.000 kurtosis 1.000 spec_cnn 1.000  (17s)
  JSR   +0.0 dB  BER 4.19e-02  P(det)@0.05 power_one_sided 1.000 power_two_sided 1.000 kurtosis 1.000 spec_cnn 1.000  (17s)
  JSR   +1.0 dB  BER 5.84e-02  P(det)@0.05 power_one_sided 1.000 power_two_sided 1.000 kurtosis 1.000 spec_cnn 1.000  (18s)
  JSR   +2.0 dB  BER 7.14e-02  P(det)@0.05 power_one_sided 1.000 power_two_sided 1.000 kurtosis 1.000 spec_cnn 1.000  (18s)
  JSR   +3.0 dB  BER 9.60e-02  P(det)@0.05 power_one_sided 1.000 power_two_sided 1.000 kurtosis 1.000 spec_cnn 1.000  (18s)
  JSR   +4.0 dB  BER 1.19e-01  P(det)@0.05 power_one_sided 1.000 power_two_sided 1.000 kurtosis 1.000 spec_cnn 1.000  (18s)
  JSR   +5.0 dB  BER 1.46e-01  P(det)@0.05 power_one_sided 1.000 power_two_sided 1.000 kurtosis 1.000 spec_cnn 1.000  (19s)
  JSR   +6.0 dB  BER 1.69e-01  P(det)@0.05 power_one_sided 1.000 power_two_sided 1.000 kurtosis 1.000 spec_cnn 1.000  (19s)
  JSR   +7.0 dB  BER 1.95e-01  P(det)@0.05 power_one_sided 1.000 power_two_sided 1.000 kurtosis 1.000 spec_cnn 1.000  (19s)
  JSR   +8.0 dB  BER 2.19e-01  P(det)@0.05 power_one_sided 1.000 power_two_sided 1.000 kurtosis 1.000 spec_cnn 1.000  (20s)
  JSR   +9.0 dB  BER 2.41e-01  P(det)@0.05 power_one_sided 1.000 power_two_sided 1.000 kurtosis 1.000 spec_cnn 1.000  (20s)
  JSR  +10.0 dB  BER 2.68e-01  P(det)@0.05 power_one_sided 1.000 power_two_sided 1.000 kurtosis 1.000 spec_cnn 1.000  (21s)
  JSR  +11.0 dB  BER 2.92e-01  P(det)@0.05 power_one_sided 1.000 power_two_sided 1.000 kurtosis 1.000 spec_cnn 1.000  (21s)
  JSR  +12.0 dB  BER 3.14e-01  P(det)@0.05 power_one_sided 1.000 power_two_sided 1.000 kurtosis 1.000 spec_cnn 0.998  (21s)
  JSR  +13.0 dB  BER 3.27e-01  P(det)@0.05 power_one_sided 1.000 power_two_sided 1.000 kurtosis 1.000 spec_cnn 0.998  (22s)
  JSR  +14.0 dB  BER 3.46e-01  P(det)@0.05 power_one_sided 1.000 power_two_sided 1.000 kurtosis 1.000 spec_cnn 0.961  (22s)
  JSR  +15.0 dB  BER 3.64e-01  P(det)@0.05 power_one_sided 1.000 power_two_sided 1.000 kurtosis 1.000 spec_cnn 0.857  (22s)
  [snr_40] spec_cnn_b1000 confirmed: {"power_one_sided": {"0.01": null, "0.05": null}, "power_two_sided": {"0.01": null, "0.05": null}, "kurtosis": {"0.01": {"index": 0, "sweep_ber": 0.0, "sweep_pdet": 0.01171875, "confirmed_ber": 0.0, "confirmed_ser": 0.0, "confirmed_pdet": 0.01171875, "passed": true}, "0.05": {"index": 0, "sweep_ber": 0.0, "sweep_pdet": 0.05859375, "confirmed_ber": 0.0, "confirmed_ser": 0.0, "confirmed_pdet": 0.05517578125, "passed": true}}, "spec_cnn": {"0.01": {"index": 65, "sweep_ber": 0.3639984130859375, "sweep_pdet": 0.0, "confirmed_ber": 0.36333560943603516, "confirmed_ser": 0.5937576293945312, "confirmed_pdet": 0.00048828125, "passed": true}, "0.05": {"index": 0, "sweep_ber": 0.0, "sweep_pdet": 0.037109375, "confirmed_ber": 0.0, "confirmed_ser": 0.0, "confirmed_pdet": 0.051025390625, "passed": true}}}  (782s)
  [snr_40] generator spec_cnn_b10000 (scale 0.4022)
  JSR  -50.0 dB  BER 0.00e+00  P(det)@0.05 power_one_sided 0.090 power_two_sided 0.100 kurtosis 0.061 spec_cnn 0.045  (0s)
  JSR  -49.0 dB  BER 0.00e+00  P(det)@0.05 power_one_sided 0.111 power_two_sided 0.139 kurtosis 0.057 spec_cnn 0.053  (1s)
  JSR  -48.0 dB  BER 0.00e+00  P(det)@0.05 power_one_sided 0.129 power_two_sided 0.148 kurtosis 0.051 spec_cnn 0.037  (1s)
  JSR  -47.0 dB  BER 0.00e+00  P(det)@0.05 power_one_sided 0.115 power_two_sided 0.150 kurtosis 0.049 spec_cnn 0.043  (1s)
  JSR  -46.0 dB  BER 0.00e+00  P(det)@0.05 power_one_sided 0.158 power_two_sided 0.176 kurtosis 0.051 spec_cnn 0.039  (2s)
  JSR  -45.0 dB  BER 0.00e+00  P(det)@0.05 power_one_sided 0.148 power_two_sided 0.180 kurtosis 0.049 spec_cnn 0.051  (2s)
  JSR  -44.0 dB  BER 0.00e+00  P(det)@0.05 power_one_sided 0.168 power_two_sided 0.203 kurtosis 0.066 spec_cnn 0.037  (2s)
  JSR  -43.0 dB  BER 0.00e+00  P(det)@0.05 power_one_sided 0.205 power_two_sided 0.303 kurtosis 0.047 spec_cnn 0.041  (3s)
  JSR  -42.0 dB  BER 0.00e+00  P(det)@0.05 power_one_sided 0.225 power_two_sided 0.307 kurtosis 0.049 spec_cnn 0.049  (3s)
  JSR  -41.0 dB  BER 0.00e+00  P(det)@0.05 power_one_sided 0.270 power_two_sided 0.375 kurtosis 0.049 spec_cnn 0.059  (3s)
  JSR  -40.0 dB  BER 0.00e+00  P(det)@0.05 power_one_sided 0.297 power_two_sided 0.426 kurtosis 0.051 spec_cnn 0.053  (4s)
  JSR  -39.0 dB  BER 0.00e+00  P(det)@0.05 power_one_sided 0.326 power_two_sided 0.482 kurtosis 0.045 spec_cnn 0.064  (4s)
  JSR  -38.0 dB  BER 0.00e+00  P(det)@0.05 power_one_sided 0.377 power_two_sided 0.531 kurtosis 0.057 spec_cnn 0.066  (4s)
  JSR  -37.0 dB  BER 0.00e+00  P(det)@0.05 power_one_sided 0.354 power_two_sided 0.537 kurtosis 0.062 spec_cnn 0.074  (4s)
  JSR  -36.0 dB  BER 0.00e+00  P(det)@0.05 power_one_sided 0.387 power_two_sided 0.586 kurtosis 0.051 spec_cnn 0.080  (5s)
  JSR  -35.0 dB  BER 0.00e+00  P(det)@0.05 power_one_sided 0.441 power_two_sided 0.629 kurtosis 0.053 spec_cnn 0.090  (5s)
  JSR  -34.0 dB  BER 0.00e+00  P(det)@0.05 power_one_sided 0.453 power_two_sided 0.646 kurtosis 0.055 spec_cnn 0.113  (5s)
  JSR  -33.0 dB  BER 0.00e+00  P(det)@0.05 power_one_sided 0.484 power_two_sided 0.705 kurtosis 0.049 spec_cnn 0.107  (6s)
  JSR  -32.0 dB  BER 0.00e+00  P(det)@0.05 power_one_sided 0.531 power_two_sided 0.760 kurtosis 0.045 spec_cnn 0.152  (6s)
  JSR  -31.0 dB  BER 0.00e+00  P(det)@0.05 power_one_sided 0.607 power_two_sided 0.783 kurtosis 0.066 spec_cnn 0.205  (6s)
  JSR  -30.0 dB  BER 0.00e+00  P(det)@0.05 power_one_sided 0.566 power_two_sided 0.754 kurtosis 0.045 spec_cnn 0.227  (7s)
  JSR  -29.0 dB  BER 0.00e+00  P(det)@0.05 power_one_sided 0.596 power_two_sided 0.818 kurtosis 0.068 spec_cnn 0.250  (7s)
  JSR  -28.0 dB  BER 0.00e+00  P(det)@0.05 power_one_sided 0.660 power_two_sided 0.848 kurtosis 0.068 spec_cnn 0.277  (7s)
  JSR  -27.0 dB  BER 0.00e+00  P(det)@0.05 power_one_sided 0.684 power_two_sided 0.857 kurtosis 0.043 spec_cnn 0.383  (8s)
  JSR  -26.0 dB  BER 0.00e+00  P(det)@0.05 power_one_sided 0.684 power_two_sided 0.887 kurtosis 0.084 spec_cnn 0.424  (8s)
  JSR  -25.0 dB  BER 0.00e+00  P(det)@0.05 power_one_sided 0.766 power_two_sided 0.916 kurtosis 0.057 spec_cnn 0.484  (8s)
  JSR  -24.0 dB  BER 0.00e+00  P(det)@0.05 power_one_sided 0.754 power_two_sided 0.900 kurtosis 0.051 spec_cnn 0.619  (9s)
  JSR  -23.0 dB  BER 0.00e+00  P(det)@0.05 power_one_sided 0.820 power_two_sided 0.951 kurtosis 0.068 spec_cnn 0.686  (9s)
  JSR  -22.0 dB  BER 0.00e+00  P(det)@0.05 power_one_sided 0.852 power_two_sided 0.957 kurtosis 0.064 spec_cnn 0.797  (9s)
  JSR  -21.0 dB  BER 0.00e+00  P(det)@0.05 power_one_sided 0.893 power_two_sided 0.971 kurtosis 0.057 spec_cnn 0.852  (10s)
  JSR  -20.0 dB  BER 0.00e+00  P(det)@0.05 power_one_sided 0.924 power_two_sided 0.979 kurtosis 0.084 spec_cnn 0.900  (10s)
  JSR  -19.0 dB  BER 0.00e+00  P(det)@0.05 power_one_sided 0.943 power_two_sided 0.984 kurtosis 0.078 spec_cnn 0.967  (10s)
  JSR  -18.0 dB  BER 1.53e-05  P(det)@0.05 power_one_sided 0.951 power_two_sided 0.988 kurtosis 0.092 spec_cnn 0.986  (11s)
  JSR  -17.0 dB  BER 4.58e-05  P(det)@0.05 power_one_sided 0.973 power_two_sided 0.992 kurtosis 0.105 spec_cnn 0.996  (11s)
  JSR  -16.0 dB  BER 2.44e-04  P(det)@0.05 power_one_sided 0.982 power_two_sided 0.996 kurtosis 0.211 spec_cnn 1.000  (11s)
  JSR  -15.0 dB  BER 3.97e-04  P(det)@0.05 power_one_sided 0.988 power_two_sided 0.998 kurtosis 0.270 spec_cnn 0.998  (12s)
  JSR  -14.0 dB  BER 5.80e-04  P(det)@0.05 power_one_sided 0.998 power_two_sided 0.998 kurtosis 0.377 spec_cnn 1.000  (12s)
  JSR  -13.0 dB  BER 1.02e-03  P(det)@0.05 power_one_sided 0.998 power_two_sided 0.998 kurtosis 0.525 spec_cnn 1.000  (12s)
  JSR  -12.0 dB  BER 1.21e-03  P(det)@0.05 power_one_sided 1.000 power_two_sided 1.000 kurtosis 0.670 spec_cnn 1.000  (13s)
  JSR  -11.0 dB  BER 1.63e-03  P(det)@0.05 power_one_sided 1.000 power_two_sided 1.000 kurtosis 0.836 spec_cnn 1.000  (13s)
  JSR  -10.0 dB  BER 1.79e-03  P(det)@0.05 power_one_sided 1.000 power_two_sided 1.000 kurtosis 0.938 spec_cnn 1.000  (13s)
  JSR   -9.0 dB  BER 2.33e-03  P(det)@0.05 power_one_sided 1.000 power_two_sided 1.000 kurtosis 0.986 spec_cnn 1.000  (14s)
  JSR   -8.0 dB  BER 2.79e-03  P(det)@0.05 power_one_sided 1.000 power_two_sided 1.000 kurtosis 0.994 spec_cnn 1.000  (14s)
  JSR   -7.0 dB  BER 3.87e-03  P(det)@0.05 power_one_sided 1.000 power_two_sided 1.000 kurtosis 1.000 spec_cnn 1.000  (14s)
  JSR   -6.0 dB  BER 5.69e-03  P(det)@0.05 power_one_sided 1.000 power_two_sided 1.000 kurtosis 1.000 spec_cnn 1.000  (14s)
  JSR   -5.0 dB  BER 8.03e-03  P(det)@0.05 power_one_sided 1.000 power_two_sided 1.000 kurtosis 1.000 spec_cnn 1.000  (15s)
  JSR   -4.0 dB  BER 1.37e-02  P(det)@0.05 power_one_sided 1.000 power_two_sided 1.000 kurtosis 1.000 spec_cnn 1.000  (15s)
  JSR   -3.0 dB  BER 2.24e-02  P(det)@0.05 power_one_sided 1.000 power_two_sided 1.000 kurtosis 1.000 spec_cnn 1.000  (15s)
  JSR   -2.0 dB  BER 3.65e-02  P(det)@0.05 power_one_sided 1.000 power_two_sided 1.000 kurtosis 1.000 spec_cnn 1.000  (16s)
  JSR   -1.0 dB  BER 5.37e-02  P(det)@0.05 power_one_sided 1.000 power_two_sided 1.000 kurtosis 1.000 spec_cnn 1.000  (16s)
  JSR   +0.0 dB  BER 7.65e-02  P(det)@0.05 power_one_sided 1.000 power_two_sided 1.000 kurtosis 1.000 spec_cnn 1.000  (16s)
  JSR   +1.0 dB  BER 1.00e-01  P(det)@0.05 power_one_sided 1.000 power_two_sided 1.000 kurtosis 1.000 spec_cnn 1.000  (17s)
  JSR   +2.0 dB  BER 1.26e-01  P(det)@0.05 power_one_sided 1.000 power_two_sided 1.000 kurtosis 1.000 spec_cnn 1.000  (17s)
  JSR   +3.0 dB  BER 1.50e-01  P(det)@0.05 power_one_sided 1.000 power_two_sided 1.000 kurtosis 1.000 spec_cnn 1.000  (17s)
  JSR   +4.0 dB  BER 1.77e-01  P(det)@0.05 power_one_sided 1.000 power_two_sided 1.000 kurtosis 1.000 spec_cnn 1.000  (18s)
  JSR   +5.0 dB  BER 2.06e-01  P(det)@0.05 power_one_sided 1.000 power_two_sided 1.000 kurtosis 1.000 spec_cnn 1.000  (18s)
  JSR   +6.0 dB  BER 2.26e-01  P(det)@0.05 power_one_sided 1.000 power_two_sided 1.000 kurtosis 1.000 spec_cnn 1.000  (18s)
  JSR   +7.0 dB  BER 2.52e-01  P(det)@0.05 power_one_sided 1.000 power_two_sided 1.000 kurtosis 1.000 spec_cnn 1.000  (19s)
  JSR   +8.0 dB  BER 2.76e-01  P(det)@0.05 power_one_sided 1.000 power_two_sided 1.000 kurtosis 1.000 spec_cnn 1.000  (19s)
  JSR   +9.0 dB  BER 2.98e-01  P(det)@0.05 power_one_sided 1.000 power_two_sided 1.000 kurtosis 1.000 spec_cnn 1.000  (19s)
  JSR  +10.0 dB  BER 3.15e-01  P(det)@0.05 power_one_sided 1.000 power_two_sided 1.000 kurtosis 1.000 spec_cnn 1.000  (20s)
  JSR  +11.0 dB  BER 3.32e-01  P(det)@0.05 power_one_sided 1.000 power_two_sided 1.000 kurtosis 1.000 spec_cnn 1.000  (20s)
  JSR  +12.0 dB  BER 3.49e-01  P(det)@0.05 power_one_sided 1.000 power_two_sided 1.000 kurtosis 1.000 spec_cnn 1.000  (21s)
  JSR  +13.0 dB  BER 3.61e-01  P(det)@0.05 power_one_sided 1.000 power_two_sided 1.000 kurtosis 1.000 spec_cnn 1.000  (21s)
  JSR  +14.0 dB  BER 3.80e-01  P(det)@0.05 power_one_sided 1.000 power_two_sided 1.000 kurtosis 1.000 spec_cnn 0.971  (21s)
  JSR  +15.0 dB  BER 3.92e-01  P(det)@0.05 power_one_sided 1.000 power_two_sided 1.000 kurtosis 1.000 spec_cnn 0.883  (22s)
  [snr_40] spec_cnn_b10000 confirmed: {"power_one_sided": {"0.01": {"index": 0, "sweep_ber": 0.0, "sweep_pdet": 0.017578125, "confirmed_ber": 0.0, "confirmed_ser": 0.0, "confirmed_pdet": 0.0302734375, "passed": false}, "0.05": null}, "power_two_sided": {"0.01": {"index": 0, "sweep_ber": 0.0, "sweep_pdet": 0.017578125, "confirmed_ber": 0.0, "confirmed_ser": 0.0, "confirmed_pdet": 0.03466796875, "passed": false}, "0.05": null}, "kurtosis": {"0.01": {"index": 0, "sweep_ber": 0.0, "sweep_pdet": 0.005859375, "confirmed_ber": 0.0, "confirmed_ser": 0.0, "confirmed_pdet": 0.010986328125, "passed": true}, "0.05": {"index": 0, "sweep_ber": 0.0, "sweep_pdet": 0.060546875, "confirmed_ber": 0.0, "confirmed_ser": 0.0, "confirmed_pdet": 0.052490234375, "passed": true}}, "spec_cnn": {"0.01": {"index": 65, "sweep_ber": 0.3918304443359375, "sweep_pdet": 0.0, "confirmed_ber": 0.3912534713745117, "confirmed_ser": 0.6273918151855469, "confirmed_pdet": 0.00146484375, "passed": true}, "0.05": {"index": 0, "sweep_ber": 0.0, "sweep_pdet": 0.044921875, "confirmed_ber": 0.0, "confirmed_ser": 0.0, "confirmed_pdet": 0.04296875, "passed": true}}}  (821s)
  [snr_40] generator spec_cnn_b100000 (scale 0.4022)
  JSR  -50.0 dB  BER 0.00e+00  P(det)@0.05 power_one_sided 0.094 power_two_sided 0.107 kurtosis 0.062 spec_cnn 0.047  (0s)
  JSR  -49.0 dB  BER 0.00e+00  P(det)@0.05 power_one_sided 0.107 power_two_sided 0.119 kurtosis 0.061 spec_cnn 0.037  (1s)
  JSR  -48.0 dB  BER 0.00e+00  P(det)@0.05 power_one_sided 0.119 power_two_sided 0.148 kurtosis 0.061 spec_cnn 0.041  (1s)
  JSR  -47.0 dB  BER 0.00e+00  P(det)@0.05 power_one_sided 0.123 power_two_sided 0.133 kurtosis 0.059 spec_cnn 0.070  (1s)
  JSR  -46.0 dB  BER 0.00e+00  P(det)@0.05 power_one_sided 0.160 power_two_sided 0.205 kurtosis 0.062 spec_cnn 0.051  (2s)
  JSR  -45.0 dB  BER 0.00e+00  P(det)@0.05 power_one_sided 0.150 power_two_sided 0.189 kurtosis 0.049 spec_cnn 0.031  (2s)
  JSR  -44.0 dB  BER 0.00e+00  P(det)@0.05 power_one_sided 0.211 power_two_sided 0.260 kurtosis 0.049 spec_cnn 0.037  (2s)
  JSR  -43.0 dB  BER 0.00e+00  P(det)@0.05 power_one_sided 0.191 power_two_sided 0.279 kurtosis 0.059 spec_cnn 0.020  (3s)
  JSR  -42.0 dB  BER 0.00e+00  P(det)@0.05 power_one_sided 0.205 power_two_sided 0.297 kurtosis 0.064 spec_cnn 0.021  (3s)
  JSR  -41.0 dB  BER 0.00e+00  P(det)@0.05 power_one_sided 0.254 power_two_sided 0.348 kurtosis 0.059 spec_cnn 0.031  (3s)
  JSR  -40.0 dB  BER 0.00e+00  P(det)@0.05 power_one_sided 0.264 power_two_sided 0.412 kurtosis 0.062 spec_cnn 0.020  (4s)
  JSR  -39.0 dB  BER 0.00e+00  P(det)@0.05 power_one_sided 0.270 power_two_sided 0.422 kurtosis 0.061 spec_cnn 0.023  (4s)
  JSR  -38.0 dB  BER 0.00e+00  P(det)@0.05 power_one_sided 0.346 power_two_sided 0.496 kurtosis 0.039 spec_cnn 0.016  (4s)
  JSR  -37.0 dB  BER 0.00e+00  P(det)@0.05 power_one_sided 0.365 power_two_sided 0.568 kurtosis 0.047 spec_cnn 0.021  (4s)
  JSR  -36.0 dB  BER 0.00e+00  P(det)@0.05 power_one_sided 0.361 power_two_sided 0.529 kurtosis 0.053 spec_cnn 0.018  (5s)
  JSR  -35.0 dB  BER 0.00e+00  P(det)@0.05 power_one_sided 0.445 power_two_sided 0.652 kurtosis 0.062 spec_cnn 0.008  (5s)
  JSR  -34.0 dB  BER 0.00e+00  P(det)@0.05 power_one_sided 0.443 power_two_sided 0.654 kurtosis 0.057 spec_cnn 0.004  (6s)
  JSR  -33.0 dB  BER 0.00e+00  P(det)@0.05 power_one_sided 0.447 power_two_sided 0.676 kurtosis 0.045 spec_cnn 0.006  (6s)
  JSR  -32.0 dB  BER 0.00e+00  P(det)@0.05 power_one_sided 0.529 power_two_sided 0.750 kurtosis 0.057 spec_cnn 0.000  (6s)
  JSR  -31.0 dB  BER 0.00e+00  P(det)@0.05 power_one_sided 0.514 power_two_sided 0.764 kurtosis 0.068 spec_cnn 0.000  (7s)
  JSR  -30.0 dB  BER 0.00e+00  P(det)@0.05 power_one_sided 0.568 power_two_sided 0.801 kurtosis 0.066 spec_cnn 0.000  (7s)
  JSR  -29.0 dB  BER 0.00e+00  P(det)@0.05 power_one_sided 0.598 power_two_sided 0.826 kurtosis 0.049 spec_cnn 0.000  (7s)
  JSR  -28.0 dB  BER 0.00e+00  P(det)@0.05 power_one_sided 0.623 power_two_sided 0.836 kurtosis 0.062 spec_cnn 0.000  (8s)
  JSR  -27.0 dB  BER 0.00e+00  P(det)@0.05 power_one_sided 0.658 power_two_sided 0.881 kurtosis 0.074 spec_cnn 0.000  (8s)
  JSR  -26.0 dB  BER 0.00e+00  P(det)@0.05 power_one_sided 0.670 power_two_sided 0.859 kurtosis 0.066 spec_cnn 0.004  (8s)
  JSR  -25.0 dB  BER 0.00e+00  P(det)@0.05 power_one_sided 0.705 power_two_sided 0.873 kurtosis 0.066 spec_cnn 0.000  (9s)
  JSR  -24.0 dB  BER 0.00e+00  P(det)@0.05 power_one_sided 0.760 power_two_sided 0.922 kurtosis 0.057 spec_cnn 0.004  (9s)
  JSR  -23.0 dB  BER 0.00e+00  P(det)@0.05 power_one_sided 0.783 power_two_sided 0.918 kurtosis 0.068 spec_cnn 0.014  (9s)
  JSR  -22.0 dB  BER 0.00e+00  P(det)@0.05 power_one_sided 0.775 power_two_sided 0.918 kurtosis 0.086 spec_cnn 0.010  (10s)
  JSR  -21.0 dB  BER 0.00e+00  P(det)@0.05 power_one_sided 0.814 power_two_sided 0.947 kurtosis 0.094 spec_cnn 0.043  (10s)
  JSR  -20.0 dB  BER 0.00e+00  P(det)@0.05 power_one_sided 0.883 power_two_sided 0.971 kurtosis 0.076 spec_cnn 0.125  (10s)
  JSR  -19.0 dB  BER 0.00e+00  P(det)@0.05 power_one_sided 0.936 power_two_sided 0.990 kurtosis 0.109 spec_cnn 0.234  (11s)
  JSR  -18.0 dB  BER 0.00e+00  P(det)@0.05 power_one_sided 0.938 power_two_sided 0.990 kurtosis 0.133 spec_cnn 0.436  (11s)
  JSR  -17.0 dB  BER 0.00e+00  P(det)@0.05 power_one_sided 0.973 power_two_sided 0.992 kurtosis 0.170 spec_cnn 0.652  (11s)
  JSR  -16.0 dB  BER 0.00e+00  P(det)@0.05 power_one_sided 0.986 power_two_sided 0.994 kurtosis 0.215 spec_cnn 0.836  (12s)
  JSR  -15.0 dB  BER 0.00e+00  P(det)@0.05 power_one_sided 0.990 power_two_sided 0.998 kurtosis 0.338 spec_cnn 0.951  (12s)
  JSR  -14.0 dB  BER 0.00e+00  P(det)@0.05 power_one_sided 0.998 power_two_sided 1.000 kurtosis 0.449 spec_cnn 0.971  (13s)
  JSR  -13.0 dB  BER 0.00e+00  P(det)@0.05 power_one_sided 1.000 power_two_sided 1.000 kurtosis 0.625 spec_cnn 0.996  (13s)
  JSR  -12.0 dB  BER 0.00e+00  P(det)@0.05 power_one_sided 0.998 power_two_sided 1.000 kurtosis 0.811 spec_cnn 1.000  (13s)
  JSR  -11.0 dB  BER 0.00e+00  P(det)@0.05 power_one_sided 1.000 power_two_sided 1.000 kurtosis 0.922 spec_cnn 1.000  (14s)
  JSR  -10.0 dB  BER 0.00e+00  P(det)@0.05 power_one_sided 1.000 power_two_sided 1.000 kurtosis 0.979 spec_cnn 1.000  (14s)
  JSR   -9.0 dB  BER 0.00e+00  P(det)@0.05 power_one_sided 1.000 power_two_sided 1.000 kurtosis 1.000 spec_cnn 1.000  (14s)
  JSR   -8.0 dB  BER 0.00e+00  P(det)@0.05 power_one_sided 1.000 power_two_sided 1.000 kurtosis 1.000 spec_cnn 1.000  (15s)
  JSR   -7.0 dB  BER 9.92e-05  P(det)@0.05 power_one_sided 1.000 power_two_sided 1.000 kurtosis 1.000 spec_cnn 1.000  (15s)
  JSR   -6.0 dB  BER 9.46e-04  P(det)@0.05 power_one_sided 1.000 power_two_sided 1.000 kurtosis 1.000 spec_cnn 1.000  (15s)
  JSR   -5.0 dB  BER 3.16e-03  P(det)@0.05 power_one_sided 1.000 power_two_sided 1.000 kurtosis 1.000 spec_cnn 1.000  (16s)
  JSR   -4.0 dB  BER 1.10e-02  P(det)@0.05 power_one_sided 1.000 power_two_sided 1.000 kurtosis 1.000 spec_cnn 1.000  (16s)
  JSR   -3.0 dB  BER 2.62e-02  P(det)@0.05 power_one_sided 1.000 power_two_sided 1.000 kurtosis 1.000 spec_cnn 1.000  (16s)
  JSR   -2.0 dB  BER 5.12e-02  P(det)@0.05 power_one_sided 1.000 power_two_sided 1.000 kurtosis 1.000 spec_cnn 1.000  (17s)
  JSR   -1.0 dB  BER 7.93e-02  P(det)@0.05 power_one_sided 1.000 power_two_sided 1.000 kurtosis 1.000 spec_cnn 1.000  (17s)
  JSR   +0.0 dB  BER 1.09e-01  P(det)@0.05 power_one_sided 1.000 power_two_sided 1.000 kurtosis 1.000 spec_cnn 1.000  (17s)
  JSR   +1.0 dB  BER 1.37e-01  P(det)@0.05 power_one_sided 1.000 power_two_sided 1.000 kurtosis 1.000 spec_cnn 1.000  (18s)
  JSR   +2.0 dB  BER 1.66e-01  P(det)@0.05 power_one_sided 1.000 power_two_sided 1.000 kurtosis 1.000 spec_cnn 1.000  (18s)
  JSR   +3.0 dB  BER 1.93e-01  P(det)@0.05 power_one_sided 1.000 power_two_sided 1.000 kurtosis 1.000 spec_cnn 1.000  (18s)
  JSR   +4.0 dB  BER 2.18e-01  P(det)@0.05 power_one_sided 1.000 power_two_sided 1.000 kurtosis 1.000 spec_cnn 1.000  (19s)
  JSR   +5.0 dB  BER 2.41e-01  P(det)@0.05 power_one_sided 1.000 power_two_sided 1.000 kurtosis 0.979 spec_cnn 1.000  (19s)
  JSR   +6.0 dB  BER 2.65e-01  P(det)@0.05 power_one_sided 1.000 power_two_sided 1.000 kurtosis 0.965 spec_cnn 1.000  (19s)
  JSR   +7.0 dB  BER 2.82e-01  P(det)@0.05 power_one_sided 1.000 power_two_sided 1.000 kurtosis 0.844 spec_cnn 1.000  (20s)
  JSR   +8.0 dB  BER 3.01e-01  P(det)@0.05 power_one_sided 1.000 power_two_sided 1.000 kurtosis 0.699 spec_cnn 1.000  (20s)
  JSR   +9.0 dB  BER 3.21e-01  P(det)@0.05 power_one_sided 1.000 power_two_sided 1.000 kurtosis 0.643 spec_cnn 1.000  (20s)
  JSR  +10.0 dB  BER 3.32e-01  P(det)@0.05 power_one_sided 1.000 power_two_sided 1.000 kurtosis 0.664 spec_cnn 1.000  (21s)
  JSR  +11.0 dB  BER 3.48e-01  P(det)@0.05 power_one_sided 1.000 power_two_sided 1.000 kurtosis 0.664 spec_cnn 1.000  (21s)
  JSR  +12.0 dB  BER 3.64e-01  P(det)@0.05 power_one_sided 1.000 power_two_sided 1.000 kurtosis 0.674 spec_cnn 1.000  (21s)
  JSR  +13.0 dB  BER 3.75e-01  P(det)@0.05 power_one_sided 1.000 power_two_sided 1.000 kurtosis 0.699 spec_cnn 1.000  (22s)
  JSR  +14.0 dB  BER 3.87e-01  P(det)@0.05 power_one_sided 1.000 power_two_sided 1.000 kurtosis 0.723 spec_cnn 1.000  (22s)
  JSR  +15.0 dB  BER 3.98e-01  P(det)@0.05 power_one_sided 1.000 power_two_sided 1.000 kurtosis 0.746 spec_cnn 1.000  (22s)
  [snr_40] spec_cnn_b100000 confirmed: {"power_one_sided": {"0.01": null, "0.05": null}, "power_two_sided": {"0.01": null, "0.05": null}, "kurtosis": {"0.01": {"index": 0, "sweep_ber": 0.0, "sweep_pdet": 0.0078125, "confirmed_ber": 0.0, "confirmed_ser": 0.0, "confirmed_pdet": 0.01220703125, "passed": true}, "0.05": {"index": 0, "sweep_ber": 0.0, "sweep_pdet": 0.0625, "confirmed_ber": 0.0, "confirmed_ser": 0.0, "confirmed_pdet": 0.05224609375, "passed": true}}, "spec_cnn": {"0.01": {"index": 65, "sweep_ber": 0.39777374267578125, "sweep_pdet": 0.001953125, "confirmed_ber": 0.3992929458618164, "confirmed_ser": 0.6339244842529297, "confirmed_pdet": 0.0009765625, "passed": true}, "0.05": {"index": 0, "sweep_ber": 0.0, "sweep_pdet": 0.046875, "confirmed_ber": 0.0, "confirmed_ser": 0.0, "confirmed_pdet": 0.045654296875, "passed": true}}}  (854s)
  [snr_40] generator spec_cnn_b1e+06 (scale 0.4022)
  JSR  -50.0 dB  BER 0.00e+00  P(det)@0.05 power_one_sided 0.090 power_two_sided 0.096 kurtosis 0.043 spec_cnn 0.047  (0s)
  JSR  -49.0 dB  BER 0.00e+00  P(det)@0.05 power_one_sided 0.104 power_two_sided 0.121 kurtosis 0.059 spec_cnn 0.031  (1s)
  JSR  -48.0 dB  BER 0.00e+00  P(det)@0.05 power_one_sided 0.119 power_two_sided 0.137 kurtosis 0.055 spec_cnn 0.033  (1s)
  JSR  -47.0 dB  BER 0.00e+00  P(det)@0.05 power_one_sided 0.135 power_two_sided 0.170 kurtosis 0.053 spec_cnn 0.025  (1s)
  JSR  -46.0 dB  BER 0.00e+00  P(det)@0.05 power_one_sided 0.127 power_two_sided 0.162 kurtosis 0.066 spec_cnn 0.035  (2s)
  JSR  -45.0 dB  BER 0.00e+00  P(det)@0.05 power_one_sided 0.137 power_two_sided 0.221 kurtosis 0.061 spec_cnn 0.025  (2s)
  JSR  -44.0 dB  BER 0.00e+00  P(det)@0.05 power_one_sided 0.191 power_two_sided 0.258 kurtosis 0.053 spec_cnn 0.025  (2s)
  JSR  -43.0 dB  BER 0.00e+00  P(det)@0.05 power_one_sided 0.201 power_two_sided 0.299 kurtosis 0.057 spec_cnn 0.033  (3s)
  JSR  -42.0 dB  BER 0.00e+00  P(det)@0.05 power_one_sided 0.221 power_two_sided 0.305 kurtosis 0.064 spec_cnn 0.027  (3s)
  JSR  -41.0 dB  BER 0.00e+00  P(det)@0.05 power_one_sided 0.238 power_two_sided 0.334 kurtosis 0.045 spec_cnn 0.012  (3s)
  JSR  -40.0 dB  BER 0.00e+00  P(det)@0.05 power_one_sided 0.256 power_two_sided 0.436 kurtosis 0.059 spec_cnn 0.025  (4s)
  JSR  -39.0 dB  BER 0.00e+00  P(det)@0.05 power_one_sided 0.357 power_two_sided 0.488 kurtosis 0.076 spec_cnn 0.008  (4s)
  JSR  -38.0 dB  BER 0.00e+00  P(det)@0.05 power_one_sided 0.350 power_two_sided 0.494 kurtosis 0.037 spec_cnn 0.010  (4s)
  JSR  -37.0 dB  BER 0.00e+00  P(det)@0.05 power_one_sided 0.357 power_two_sided 0.543 kurtosis 0.062 spec_cnn 0.008  (5s)
  JSR  -36.0 dB  BER 0.00e+00  P(det)@0.05 power_one_sided 0.393 power_two_sided 0.604 kurtosis 0.055 spec_cnn 0.006  (5s)
  JSR  -35.0 dB  BER 0.00e+00  P(det)@0.05 power_one_sided 0.436 power_two_sided 0.652 kurtosis 0.059 spec_cnn 0.002  (5s)
  JSR  -34.0 dB  BER 0.00e+00  P(det)@0.05 power_one_sided 0.449 power_two_sided 0.676 kurtosis 0.045 spec_cnn 0.002  (6s)
  JSR  -33.0 dB  BER 0.00e+00  P(det)@0.05 power_one_sided 0.459 power_two_sided 0.697 kurtosis 0.037 spec_cnn 0.000  (6s)
  JSR  -32.0 dB  BER 0.00e+00  P(det)@0.05 power_one_sided 0.488 power_two_sided 0.719 kurtosis 0.057 spec_cnn 0.004  (7s)
  JSR  -31.0 dB  BER 0.00e+00  P(det)@0.05 power_one_sided 0.535 power_two_sided 0.734 kurtosis 0.055 spec_cnn 0.002  (7s)
  JSR  -30.0 dB  BER 0.00e+00  P(det)@0.05 power_one_sided 0.553 power_two_sided 0.805 kurtosis 0.055 spec_cnn 0.002  (7s)
  JSR  -29.0 dB  BER 0.00e+00  P(det)@0.05 power_one_sided 0.592 power_two_sided 0.830 kurtosis 0.059 spec_cnn 0.000  (8s)
  JSR  -28.0 dB  BER 0.00e+00  P(det)@0.05 power_one_sided 0.600 power_two_sided 0.834 kurtosis 0.055 spec_cnn 0.000  (8s)
  JSR  -27.0 dB  BER 0.00e+00  P(det)@0.05 power_one_sided 0.648 power_two_sided 0.857 kurtosis 0.047 spec_cnn 0.000  (8s)
  JSR  -26.0 dB  BER 0.00e+00  P(det)@0.05 power_one_sided 0.707 power_two_sided 0.877 kurtosis 0.049 spec_cnn 0.002  (9s)
  JSR  -25.0 dB  BER 0.00e+00  P(det)@0.05 power_one_sided 0.701 power_two_sided 0.906 kurtosis 0.066 spec_cnn 0.000  (9s)
  JSR  -24.0 dB  BER 0.00e+00  P(det)@0.05 power_one_sided 0.744 power_two_sided 0.906 kurtosis 0.053 spec_cnn 0.004  (9s)
  JSR  -23.0 dB  BER 0.00e+00  P(det)@0.05 power_one_sided 0.799 power_two_sided 0.934 kurtosis 0.076 spec_cnn 0.002  (10s)
  JSR  -22.0 dB  BER 0.00e+00  P(det)@0.05 power_one_sided 0.838 power_two_sided 0.943 kurtosis 0.045 spec_cnn 0.006  (10s)
  JSR  -21.0 dB  BER 0.00e+00  P(det)@0.05 power_one_sided 0.840 power_two_sided 0.949 kurtosis 0.068 spec_cnn 0.016  (10s)
  JSR  -20.0 dB  BER 0.00e+00  P(det)@0.05 power_one_sided 0.875 power_two_sided 0.973 kurtosis 0.104 spec_cnn 0.072  (11s)
  JSR  -19.0 dB  BER 0.00e+00  P(det)@0.05 power_one_sided 0.932 power_two_sided 0.986 kurtosis 0.105 spec_cnn 0.166  (11s)
  JSR  -18.0 dB  BER 0.00e+00  P(det)@0.05 power_one_sided 0.939 power_two_sided 0.992 kurtosis 0.117 spec_cnn 0.314  (11s)
  JSR  -17.0 dB  BER 0.00e+00  P(det)@0.05 power_one_sided 0.947 power_two_sided 0.988 kurtosis 0.184 spec_cnn 0.578  (12s)
  JSR  -16.0 dB  BER 0.00e+00  P(det)@0.05 power_one_sided 0.977 power_two_sided 0.998 kurtosis 0.244 spec_cnn 0.830  (12s)
  JSR  -15.0 dB  BER 0.00e+00  P(det)@0.05 power_one_sided 0.980 power_two_sided 0.994 kurtosis 0.330 spec_cnn 0.938  (12s)
  JSR  -14.0 dB  BER 0.00e+00  P(det)@0.05 power_one_sided 0.994 power_two_sided 1.000 kurtosis 0.453 spec_cnn 0.986  (13s)
  JSR  -13.0 dB  BER 0.00e+00  P(det)@0.05 power_one_sided 0.994 power_two_sided 1.000 kurtosis 0.613 spec_cnn 0.996  (13s)
  JSR  -12.0 dB  BER 0.00e+00  P(det)@0.05 power_one_sided 1.000 power_two_sided 1.000 kurtosis 0.785 spec_cnn 1.000  (13s)
  JSR  -11.0 dB  BER 0.00e+00  P(det)@0.05 power_one_sided 1.000 power_two_sided 1.000 kurtosis 0.895 spec_cnn 1.000  (14s)
  JSR  -10.0 dB  BER 0.00e+00  P(det)@0.05 power_one_sided 1.000 power_two_sided 1.000 kurtosis 0.975 spec_cnn 1.000  (14s)
  JSR   -9.0 dB  BER 0.00e+00  P(det)@0.05 power_one_sided 1.000 power_two_sided 1.000 kurtosis 0.994 spec_cnn 1.000  (14s)
  JSR   -8.0 dB  BER 0.00e+00  P(det)@0.05 power_one_sided 1.000 power_two_sided 1.000 kurtosis 1.000 spec_cnn 1.000  (15s)
  JSR   -7.0 dB  BER 4.58e-05  P(det)@0.05 power_one_sided 1.000 power_two_sided 1.000 kurtosis 1.000 spec_cnn 1.000  (15s)
  JSR   -6.0 dB  BER 5.49e-04  P(det)@0.05 power_one_sided 1.000 power_two_sided 1.000 kurtosis 1.000 spec_cnn 1.000  (15s)
  JSR   -5.0 dB  BER 2.48e-03  P(det)@0.05 power_one_sided 1.000 power_two_sided 1.000 kurtosis 1.000 spec_cnn 1.000  (16s)
  JSR   -4.0 dB  BER 1.22e-02  P(det)@0.05 power_one_sided 1.000 power_two_sided 1.000 kurtosis 1.000 spec_cnn 1.000  (16s)
  JSR   -3.0 dB  BER 3.12e-02  P(det)@0.05 power_one_sided 1.000 power_two_sided 1.000 kurtosis 1.000 spec_cnn 1.000  (16s)
  JSR   -2.0 dB  BER 5.25e-02  P(det)@0.05 power_one_sided 1.000 power_two_sided 1.000 kurtosis 1.000 spec_cnn 1.000  (17s)
  JSR   -1.0 dB  BER 8.03e-02  P(det)@0.05 power_one_sided 1.000 power_two_sided 1.000 kurtosis 1.000 spec_cnn 1.000  (17s)
  JSR   +0.0 dB  BER 1.11e-01  P(det)@0.05 power_one_sided 1.000 power_two_sided 1.000 kurtosis 1.000 spec_cnn 1.000  (17s)
  JSR   +1.0 dB  BER 1.41e-01  P(det)@0.05 power_one_sided 1.000 power_two_sided 1.000 kurtosis 1.000 spec_cnn 1.000  (18s)
  JSR   +2.0 dB  BER 1.70e-01  P(det)@0.05 power_one_sided 1.000 power_two_sided 1.000 kurtosis 0.998 spec_cnn 1.000  (18s)
  JSR   +3.0 dB  BER 2.01e-01  P(det)@0.05 power_one_sided 1.000 power_two_sided 1.000 kurtosis 0.992 spec_cnn 1.000  (18s)
  JSR   +4.0 dB  BER 2.25e-01  P(det)@0.05 power_one_sided 1.000 power_two_sided 1.000 kurtosis 0.963 spec_cnn 1.000  (19s)
  JSR   +5.0 dB  BER 2.55e-01  P(det)@0.05 power_one_sided 1.000 power_two_sided 1.000 kurtosis 0.838 spec_cnn 1.000  (19s)
  JSR   +6.0 dB  BER 2.73e-01  P(det)@0.05 power_one_sided 1.000 power_two_sided 1.000 kurtosis 0.701 spec_cnn 1.000  (19s)
  JSR   +7.0 dB  BER 2.93e-01  P(det)@0.05 power_one_sided 1.000 power_two_sided 1.000 kurtosis 0.625 spec_cnn 1.000  (19s)
  JSR   +8.0 dB  BER 3.13e-01  P(det)@0.05 power_one_sided 1.000 power_two_sided 1.000 kurtosis 0.619 spec_cnn 1.000  (20s)
  JSR   +9.0 dB  BER 3.27e-01  P(det)@0.05 power_one_sided 1.000 power_two_sided 1.000 kurtosis 0.650 spec_cnn 1.000  (20s)
  JSR  +10.0 dB  BER 3.47e-01  P(det)@0.05 power_one_sided 1.000 power_two_sided 1.000 kurtosis 0.707 spec_cnn 1.000  (20s)
  JSR  +11.0 dB  BER 3.62e-01  P(det)@0.05 power_one_sided 1.000 power_two_sided 1.000 kurtosis 0.730 spec_cnn 1.000  (21s)
  JSR  +12.0 dB  BER 3.75e-01  P(det)@0.05 power_one_sided 1.000 power_two_sided 1.000 kurtosis 0.748 spec_cnn 1.000  (21s)
  JSR  +13.0 dB  BER 3.88e-01  P(det)@0.05 power_one_sided 1.000 power_two_sided 1.000 kurtosis 0.723 spec_cnn 1.000  (21s)
  JSR  +14.0 dB  BER 4.02e-01  P(det)@0.05 power_one_sided 1.000 power_two_sided 1.000 kurtosis 0.713 spec_cnn 1.000  (22s)
  JSR  +15.0 dB  BER 4.11e-01  P(det)@0.05 power_one_sided 1.000 power_two_sided 1.000 kurtosis 0.711 spec_cnn 1.000  (22s)
  [snr_40] spec_cnn_b1e+06 confirmed: {"power_one_sided": {"0.01": null, "0.05": null}, "power_two_sided": {"0.01": null, "0.05": null}, "kurtosis": {"0.01": {"index": 0, "sweep_ber": 0.0, "sweep_pdet": 0.0078125, "confirmed_ber": 0.0, "confirmed_ser": 0.0, "confirmed_pdet": 0.006103515625, "passed": true}, "0.05": {"index": 0, "sweep_ber": 0.0, "sweep_pdet": 0.04296875, "confirmed_ber": 0.0, "confirmed_ser": 0.0, "confirmed_pdet": 0.049072265625, "passed": true}}, "spec_cnn": {"0.01": {"index": 65, "sweep_ber": 0.41106414794921875, "sweep_pdet": 0.0, "confirmed_ber": 0.4103879928588867, "confirmed_ser": 0.6504383087158203, "confirmed_pdet": 0.0009765625, "passed": true}, "0.05": {"index": 0, "sweep_ber": 0.0, "sweep_pdet": 0.046875, "confirmed_ber": 0.0, "confirmed_ser": 0.0, "confirmed_pdet": 0.0380859375, "passed": true}}}  (887s)
wrote ../artifacts/cgan/snr_ablation/run002/snr_snr_40.json in 887s
