node: artongpu05.ee.ethz.ch | gpu: NVIDIA GeForce RTX 2080 Ti
task 2 | shadow_0.03 | SNR 30 dB | device cuda:0
shadowing 0.03 dB | detectors: power_one_sided, power_csi, power_two_sided, kurtosis, spec_cnn  (CNN retrained + calibrated on shadowed frames)
clean: BER 0.000e+00 (closed form 0.000e+00), FAR {"power_one_sided": 0.0576171875, "power_two_sided": 0.0576171875, "power_csi": 0.05517578125, "kurtosis": 0.056640625, "spec_cnn": 0.046875}
  [shadow_0.03] classical noise
    JSR  -50.0 dB  BER 0.00e+00  P(det)@0.05 power_one_sided 0.059 power_two_sided 0.045 power_csi 0.047 kurtosis 0.057 spec_cnn 0.062  (0s)
    JSR  -49.0 dB  BER 0.00e+00  P(det)@0.05 power_one_sided 0.045 power_two_sided 0.061 power_csi 0.043 kurtosis 0.053 spec_cnn 0.051  (1s)
    JSR  -48.0 dB  BER 0.00e+00  P(det)@0.05 power_one_sided 0.043 power_two_sided 0.045 power_csi 0.074 kurtosis 0.062 spec_cnn 0.064  (1s)
    JSR  -47.0 dB  BER 0.00e+00  P(det)@0.05 power_one_sided 0.043 power_two_sided 0.062 power_csi 0.057 kurtosis 0.047 spec_cnn 0.031  (1s)
    JSR  -46.0 dB  BER 0.00e+00  P(det)@0.05 power_one_sided 0.070 power_two_sided 0.080 power_csi 0.055 kurtosis 0.055 spec_cnn 0.037  (1s)
    JSR  -45.0 dB  BER 0.00e+00  P(det)@0.05 power_one_sided 0.049 power_two_sided 0.051 power_csi 0.061 kurtosis 0.049 spec_cnn 0.057  (2s)
    JSR  -44.0 dB  BER 0.00e+00  P(det)@0.05 power_one_sided 0.041 power_two_sided 0.053 power_csi 0.045 kurtosis 0.068 spec_cnn 0.045  (2s)
    JSR  -43.0 dB  BER 0.00e+00  P(det)@0.05 power_one_sided 0.051 power_two_sided 0.055 power_csi 0.059 kurtosis 0.023 spec_cnn 0.045  (2s)
    JSR  -42.0 dB  BER 0.00e+00  P(det)@0.05 power_one_sided 0.055 power_two_sided 0.062 power_csi 0.057 kurtosis 0.055 spec_cnn 0.053  (2s)
    JSR  -41.0 dB  BER 0.00e+00  P(det)@0.05 power_one_sided 0.059 power_two_sided 0.074 power_csi 0.049 kurtosis 0.041 spec_cnn 0.053  (3s)
    JSR  -40.0 dB  BER 0.00e+00  P(det)@0.05 power_one_sided 0.057 power_two_sided 0.053 power_csi 0.066 kurtosis 0.041 spec_cnn 0.055  (3s)
    JSR  -39.0 dB  BER 0.00e+00  P(det)@0.05 power_one_sided 0.066 power_two_sided 0.066 power_csi 0.074 kurtosis 0.039 spec_cnn 0.061  (3s)
    JSR  -38.0 dB  BER 0.00e+00  P(det)@0.05 power_one_sided 0.053 power_two_sided 0.031 power_csi 0.068 kurtosis 0.045 spec_cnn 0.076  (4s)
    JSR  -37.0 dB  BER 0.00e+00  P(det)@0.05 power_one_sided 0.055 power_two_sided 0.055 power_csi 0.100 kurtosis 0.049 spec_cnn 0.061  (4s)
    JSR  -36.0 dB  BER 0.00e+00  P(det)@0.05 power_one_sided 0.059 power_two_sided 0.064 power_csi 0.076 kurtosis 0.051 spec_cnn 0.082  (4s)
    JSR  -35.0 dB  BER 0.00e+00  P(det)@0.05 power_one_sided 0.070 power_two_sided 0.045 power_csi 0.113 kurtosis 0.053 spec_cnn 0.088  (4s)
    JSR  -34.0 dB  BER 0.00e+00  P(det)@0.05 power_one_sided 0.043 power_two_sided 0.059 power_csi 0.125 kurtosis 0.033 spec_cnn 0.109  (5s)
    JSR  -33.0 dB  BER 0.00e+00  P(det)@0.05 power_one_sided 0.051 power_two_sided 0.074 power_csi 0.137 kurtosis 0.043 spec_cnn 0.135  (5s)
    JSR  -32.0 dB  BER 0.00e+00  P(det)@0.05 power_one_sided 0.061 power_two_sided 0.059 power_csi 0.176 kurtosis 0.047 spec_cnn 0.178  (5s)
    JSR  -31.0 dB  BER 0.00e+00  P(det)@0.05 power_one_sided 0.074 power_two_sided 0.051 power_csi 0.240 kurtosis 0.055 spec_cnn 0.180  (5s)
    JSR  -30.0 dB  BER 0.00e+00  P(det)@0.05 power_one_sided 0.070 power_two_sided 0.053 power_csi 0.270 kurtosis 0.061 spec_cnn 0.340  (6s)
    JSR  -29.0 dB  BER 0.00e+00  P(det)@0.05 power_one_sided 0.068 power_two_sided 0.047 power_csi 0.361 kurtosis 0.066 spec_cnn 0.434  (6s)
    JSR  -28.0 dB  BER 0.00e+00  P(det)@0.05 power_one_sided 0.088 power_two_sided 0.086 power_csi 0.424 kurtosis 0.043 spec_cnn 0.623  (6s)
    JSR  -27.0 dB  BER 0.00e+00  P(det)@0.05 power_one_sided 0.135 power_two_sided 0.098 power_csi 0.512 kurtosis 0.049 spec_cnn 0.787  (7s)
    JSR  -26.0 dB  BER 0.00e+00  P(det)@0.05 power_one_sided 0.133 power_two_sided 0.088 power_csi 0.635 kurtosis 0.055 spec_cnn 0.947  (7s)
    JSR  -25.0 dB  BER 0.00e+00  P(det)@0.05 power_one_sided 0.139 power_two_sided 0.102 power_csi 0.725 kurtosis 0.072 spec_cnn 0.994  (7s)
    JSR  -24.0 dB  BER 0.00e+00  P(det)@0.05 power_one_sided 0.189 power_two_sided 0.139 power_csi 0.799 kurtosis 0.059 spec_cnn 1.000  (7s)
    JSR  -23.0 dB  BER 0.00e+00  P(det)@0.05 power_one_sided 0.234 power_two_sided 0.170 power_csi 0.877 kurtosis 0.082 spec_cnn 1.000  (8s)
    JSR  -22.0 dB  BER 0.00e+00  P(det)@0.05 power_one_sided 0.352 power_two_sided 0.252 power_csi 0.918 kurtosis 0.070 spec_cnn 1.000  (8s)
    JSR  -21.0 dB  BER 0.00e+00  P(det)@0.05 power_one_sided 0.414 power_two_sided 0.334 power_csi 0.959 kurtosis 0.080 spec_cnn 1.000  (8s)
    JSR  -20.0 dB  BER 0.00e+00  P(det)@0.05 power_one_sided 0.535 power_two_sided 0.447 power_csi 0.980 kurtosis 0.061 spec_cnn 1.000  (8s)
    JSR  -19.0 dB  BER 0.00e+00  P(det)@0.05 power_one_sided 0.705 power_two_sided 0.613 power_csi 0.996 kurtosis 0.096 spec_cnn 1.000  (9s)
    JSR  -18.0 dB  BER 0.00e+00  P(det)@0.05 power_one_sided 0.789 power_two_sided 0.721 power_csi 1.000 kurtosis 0.119 spec_cnn 1.000  (9s)
    JSR  -17.0 dB  BER 0.00e+00  P(det)@0.05 power_one_sided 0.902 power_two_sided 0.877 power_csi 1.000 kurtosis 0.143 spec_cnn 1.000  (9s)
    JSR  -16.0 dB  BER 0.00e+00  P(det)@0.05 power_one_sided 0.979 power_two_sided 0.967 power_csi 1.000 kurtosis 0.211 spec_cnn 1.000  (10s)
    JSR  -15.0 dB  BER 0.00e+00  P(det)@0.05 power_one_sided 0.996 power_two_sided 0.996 power_csi 1.000 kurtosis 0.283 spec_cnn 1.000  (10s)
    JSR  -14.0 dB  BER 0.00e+00  P(det)@0.05 power_one_sided 1.000 power_two_sided 1.000 power_csi 1.000 kurtosis 0.404 spec_cnn 1.000  (10s)
    JSR  -13.0 dB  BER 0.00e+00  P(det)@0.05 power_one_sided 1.000 power_two_sided 1.000 power_csi 1.000 kurtosis 0.562 spec_cnn 1.000  (10s)
    JSR  -12.0 dB  BER 0.00e+00  P(det)@0.05 power_one_sided 1.000 power_two_sided 1.000 power_csi 1.000 kurtosis 0.754 spec_cnn 1.000  (11s)
    JSR  -11.0 dB  BER 0.00e+00  P(det)@0.05 power_one_sided 1.000 power_two_sided 1.000 power_csi 1.000 kurtosis 0.932 spec_cnn 1.000  (11s)
    JSR  -10.0 dB  BER 0.00e+00  P(det)@0.05 power_one_sided 1.000 power_two_sided 1.000 power_csi 1.000 kurtosis 0.984 spec_cnn 1.000  (11s)
    JSR   -9.0 dB  BER 0.00e+00  P(det)@0.05 power_one_sided 1.000 power_two_sided 1.000 power_csi 1.000 kurtosis 1.000 spec_cnn 1.000  (11s)
    JSR   -8.0 dB  BER 0.00e+00  P(det)@0.05 power_one_sided 1.000 power_two_sided 1.000 power_csi 1.000 kurtosis 1.000 spec_cnn 1.000  (12s)
    JSR   -7.0 dB  BER 0.00e+00  P(det)@0.05 power_one_sided 1.000 power_two_sided 1.000 power_csi 1.000 kurtosis 1.000 spec_cnn 1.000  (12s)
    JSR   -6.0 dB  BER 0.00e+00  P(det)@0.05 power_one_sided 1.000 power_two_sided 1.000 power_csi 1.000 kurtosis 1.000 spec_cnn 1.000  (12s)
    JSR   -5.0 dB  BER 0.00e+00  P(det)@0.05 power_one_sided 1.000 power_two_sided 1.000 power_csi 1.000 kurtosis 1.000 spec_cnn 1.000  (13s)
    JSR   -4.0 dB  BER 0.00e+00  P(det)@0.05 power_one_sided 1.000 power_two_sided 1.000 power_csi 1.000 kurtosis 1.000 spec_cnn 1.000  (13s)
    JSR   -3.0 dB  BER 2.29e-05  P(det)@0.05 power_one_sided 1.000 power_two_sided 1.000 power_csi 1.000 kurtosis 1.000 spec_cnn 1.000  (13s)
    JSR   -2.0 dB  BER 1.83e-04  P(det)@0.05 power_one_sided 1.000 power_two_sided 1.000 power_csi 1.000 kurtosis 1.000 spec_cnn 1.000  (13s)
    JSR   -1.0 dB  BER 8.39e-04  P(det)@0.05 power_one_sided 1.000 power_two_sided 1.000 power_csi 1.000 kurtosis 1.000 spec_cnn 1.000  (14s)
    JSR   +0.0 dB  BER 2.20e-03  P(det)@0.05 power_one_sided 1.000 power_two_sided 1.000 power_csi 1.000 kurtosis 1.000 spec_cnn 1.000  (14s)
    JSR   +1.0 dB  BER 5.73e-03  P(det)@0.05 power_one_sided 1.000 power_two_sided 1.000 power_csi 1.000 kurtosis 1.000 spec_cnn 1.000  (14s)
    JSR   +2.0 dB  BER 1.26e-02  P(det)@0.05 power_one_sided 1.000 power_two_sided 1.000 power_csi 1.000 kurtosis 1.000 spec_cnn 1.000  (15s)
    JSR   +3.0 dB  BER 2.25e-02  P(det)@0.05 power_one_sided 1.000 power_two_sided 1.000 power_csi 1.000 kurtosis 1.000 spec_cnn 1.000  (15s)
    JSR   +4.0 dB  BER 3.84e-02  P(det)@0.05 power_one_sided 1.000 power_two_sided 1.000 power_csi 1.000 kurtosis 1.000 spec_cnn 1.000  (15s)
    JSR   +5.0 dB  BER 5.58e-02  P(det)@0.05 power_one_sided 1.000 power_two_sided 1.000 power_csi 1.000 kurtosis 1.000 spec_cnn 1.000  (15s)
    JSR   +6.0 dB  BER 7.82e-02  P(det)@0.05 power_one_sided 1.000 power_two_sided 1.000 power_csi 1.000 kurtosis 1.000 spec_cnn 1.000  (16s)
    JSR   +7.0 dB  BER 1.04e-01  P(det)@0.05 power_one_sided 1.000 power_two_sided 1.000 power_csi 1.000 kurtosis 1.000 spec_cnn 1.000  (16s)
    JSR   +8.0 dB  BER 1.30e-01  P(det)@0.05 power_one_sided 1.000 power_two_sided 1.000 power_csi 1.000 kurtosis 1.000 spec_cnn 1.000  (16s)
    JSR   +9.0 dB  BER 1.58e-01  P(det)@0.05 power_one_sided 1.000 power_two_sided 1.000 power_csi 1.000 kurtosis 1.000 spec_cnn 1.000  (16s)
    JSR  +10.0 dB  BER 1.85e-01  P(det)@0.05 power_one_sided 1.000 power_two_sided 1.000 power_csi 1.000 kurtosis 1.000 spec_cnn 1.000  (17s)
    JSR  +11.0 dB  BER 2.14e-01  P(det)@0.05 power_one_sided 1.000 power_two_sided 1.000 power_csi 1.000 kurtosis 1.000 spec_cnn 1.000  (17s)
    JSR  +12.0 dB  BER 2.38e-01  P(det)@0.05 power_one_sided 1.000 power_two_sided 1.000 power_csi 1.000 kurtosis 1.000 spec_cnn 1.000  (17s)
    JSR  +13.0 dB  BER 2.62e-01  P(det)@0.05 power_one_sided 1.000 power_two_sided 1.000 power_csi 1.000 kurtosis 1.000 spec_cnn 1.000  (18s)
    JSR  +14.0 dB  BER 2.85e-01  P(det)@0.05 power_one_sided 1.000 power_two_sided 1.000 power_csi 1.000 kurtosis 1.000 spec_cnn 1.000  (18s)
    JSR  +15.0 dB  BER 3.06e-01  P(det)@0.05 power_one_sided 1.000 power_two_sided 1.000 power_csi 1.000 kurtosis 1.000 spec_cnn 1.000  (18s)
  [shadow_0.03] noise confirmed: {"power_one_sided": {"0.01": {"index": 0, "sweep_ber": 0.0, "sweep_pdet": 0.013671875, "confirmed_ber": 0.0, "confirmed_ser": 0.0, "confirmed_pdet": 0.011962890625, "passed": true}, "0.05": {"index": 0, "sweep_ber": 0.0, "sweep_pdet": 0.05859375, "confirmed_ber": 0.0, "confirmed_ser": 0.0, "confirmed_pdet": 0.048583984375, "passed": true}}, "power_csi": {"0.01": {"index": 0, "sweep_ber": 0.0, "sweep_pdet": 0.013671875, "confirmed_ber": 0.0, "confirmed_ser": 0.0, "confirmed_pdet": 0.01611328125, "passed": false}, "0.05": {"index": 0, "sweep_ber": 0.0, "sweep_pdet": 0.046875, "confirmed_ber": 0.0, "confirmed_ser": 0.0, "confirmed_pdet": 0.04931640625, "passed": true}}, "power_two_sided": {"0.01": {"index": 0, "sweep_ber": 0.0, "sweep_pdet": 0.013671875, "confirmed_ber": 0.0, "confirmed_ser": 0.0, "confirmed_pdet": 0.008544921875, "passed": true}, "0.05": {"index": 0, "sweep_ber": 0.0, "sweep_pdet": 0.044921875, "confirmed_ber": 0.0, "confirmed_ser": 0.0, "confirmed_pdet": 0.05029296875, "passed": true}}, "kurtosis": {"0.01": {"index": 0, "sweep_ber": 0.0, "sweep_pdet": 0.00390625, "confirmed_ber": 0.0, "confirmed_ser": 0.0, "confirmed_pdet": 0.010498046875, "passed": true}, "0.05": {"index": 0, "sweep_ber": 0.0, "sweep_pdet": 0.056640625, "confirmed_ber": 0.0, "confirmed_ser": 0.0, "confirmed_pdet": 0.053955078125, "passed": true}}, "spec_cnn": {"0.01": {"index": 0, "sweep_ber": 0.0, "sweep_pdet": 0.00390625, "confirmed_ber": 0.0, "confirmed_ser": 0.0, "confirmed_pdet": 0.012939453125, "passed": true}, "0.05": {"index": 0, "sweep_ber": 0.0, "sweep_pdet": 0.0625, "confirmed_ber": 0.0, "confirmed_ser": 0.0, "confirmed_pdet": 0.0498046875, "passed": true}}}  (46s)
  [shadow_0.03] classical pulsed_p1
    JSR  -50.0 dB  BER 0.00e+00  P(det)@0.05 power_one_sided 0.037 power_two_sided 0.037 power_csi 0.045 kurtosis 0.045 spec_cnn 0.076  (0s)
    JSR  -49.0 dB  BER 0.00e+00  P(det)@0.05 power_one_sided 0.068 power_two_sided 0.061 power_csi 0.057 kurtosis 0.049 spec_cnn 0.049  (1s)
    JSR  -48.0 dB  BER 0.00e+00  P(det)@0.05 power_one_sided 0.045 power_two_sided 0.039 power_csi 0.057 kurtosis 0.057 spec_cnn 0.055  (1s)
    JSR  -47.0 dB  BER 0.00e+00  P(det)@0.05 power_one_sided 0.047 power_two_sided 0.037 power_csi 0.070 kurtosis 0.057 spec_cnn 0.047  (1s)
    JSR  -46.0 dB  BER 0.00e+00  P(det)@0.05 power_one_sided 0.062 power_two_sided 0.078 power_csi 0.062 kurtosis 0.049 spec_cnn 0.057  (2s)
    JSR  -45.0 dB  BER 0.00e+00  P(det)@0.05 power_one_sided 0.061 power_two_sided 0.053 power_csi 0.076 kurtosis 0.047 spec_cnn 0.061  (2s)
    JSR  -44.0 dB  BER 0.00e+00  P(det)@0.05 power_one_sided 0.051 power_two_sided 0.047 power_csi 0.094 kurtosis 0.053 spec_cnn 0.037  (2s)
    JSR  -43.0 dB  BER 0.00e+00  P(det)@0.05 power_one_sided 0.051 power_two_sided 0.072 power_csi 0.076 kurtosis 0.047 spec_cnn 0.068  (2s)
    JSR  -42.0 dB  BER 0.00e+00  P(det)@0.05 power_one_sided 0.035 power_two_sided 0.049 power_csi 0.066 kurtosis 0.057 spec_cnn 0.086  (3s)
    JSR  -41.0 dB  BER 0.00e+00  P(det)@0.05 power_one_sided 0.053 power_two_sided 0.068 power_csi 0.096 kurtosis 0.037 spec_cnn 0.055  (3s)
    JSR  -40.0 dB  BER 0.00e+00  P(det)@0.05 power_one_sided 0.068 power_two_sided 0.062 power_csi 0.092 kurtosis 0.041 spec_cnn 0.070  (3s)
    JSR  -39.0 dB  BER 0.00e+00  P(det)@0.05 power_one_sided 0.053 power_two_sided 0.066 power_csi 0.133 kurtosis 0.047 spec_cnn 0.061  (4s)
    JSR  -38.0 dB  BER 0.00e+00  P(det)@0.05 power_one_sided 0.057 power_two_sided 0.066 power_csi 0.141 kurtosis 0.049 spec_cnn 0.088  (4s)
    JSR  -37.0 dB  BER 0.00e+00  P(det)@0.05 power_one_sided 0.072 power_two_sided 0.053 power_csi 0.154 kurtosis 0.047 spec_cnn 0.078  (4s)
    JSR  -36.0 dB  BER 0.00e+00  P(det)@0.05 power_one_sided 0.062 power_two_sided 0.066 power_csi 0.170 kurtosis 0.053 spec_cnn 0.150  (4s)
    JSR  -35.0 dB  BER 0.00e+00  P(det)@0.05 power_one_sided 0.053 power_two_sided 0.061 power_csi 0.219 kurtosis 0.055 spec_cnn 0.139  (5s)
    JSR  -34.0 dB  BER 0.00e+00  P(det)@0.05 power_one_sided 0.062 power_two_sided 0.078 power_csi 0.229 kurtosis 0.039 spec_cnn 0.160  (5s)
    JSR  -33.0 dB  BER 0.00e+00  P(det)@0.05 power_one_sided 0.076 power_two_sided 0.088 power_csi 0.264 kurtosis 0.047 spec_cnn 0.172  (5s)
    JSR  -32.0 dB  BER 0.00e+00  P(det)@0.05 power_one_sided 0.088 power_two_sided 0.072 power_csi 0.312 kurtosis 0.059 spec_cnn 0.229  (5s)
    JSR  -31.0 dB  BER 0.00e+00  P(det)@0.05 power_one_sided 0.074 power_two_sided 0.070 power_csi 0.289 kurtosis 0.041 spec_cnn 0.307  (6s)
    JSR  -30.0 dB  BER 0.00e+00  P(det)@0.05 power_one_sided 0.107 power_two_sided 0.104 power_csi 0.389 kurtosis 0.051 spec_cnn 0.354  (6s)
    JSR  -29.0 dB  BER 0.00e+00  P(det)@0.05 power_one_sided 0.135 power_two_sided 0.113 power_csi 0.418 kurtosis 0.051 spec_cnn 0.406  (6s)
    JSR  -28.0 dB  BER 0.00e+00  P(det)@0.05 power_one_sided 0.131 power_two_sided 0.109 power_csi 0.469 kurtosis 0.043 spec_cnn 0.467  (7s)
    JSR  -27.0 dB  BER 0.00e+00  P(det)@0.05 power_one_sided 0.135 power_two_sided 0.137 power_csi 0.457 kurtosis 0.057 spec_cnn 0.533  (7s)
    JSR  -26.0 dB  BER 0.00e+00  P(det)@0.05 power_one_sided 0.193 power_two_sided 0.168 power_csi 0.510 kurtosis 0.064 spec_cnn 0.592  (7s)
    JSR  -25.0 dB  BER 0.00e+00  P(det)@0.05 power_one_sided 0.227 power_two_sided 0.203 power_csi 0.582 kurtosis 0.049 spec_cnn 0.658  (7s)
    JSR  -24.0 dB  BER 0.00e+00  P(det)@0.05 power_one_sided 0.229 power_two_sided 0.217 power_csi 0.539 kurtosis 0.051 spec_cnn 0.736  (8s)
    JSR  -23.0 dB  BER 0.00e+00  P(det)@0.05 power_one_sided 0.279 power_two_sided 0.240 power_csi 0.641 kurtosis 0.074 spec_cnn 0.805  (8s)
    JSR  -22.0 dB  BER 0.00e+00  P(det)@0.05 power_one_sided 0.377 power_two_sided 0.348 power_csi 0.740 kurtosis 0.074 spec_cnn 0.764  (8s)
    JSR  -21.0 dB  BER 0.00e+00  P(det)@0.05 power_one_sided 0.430 power_two_sided 0.385 power_csi 0.764 kurtosis 0.064 spec_cnn 0.836  (9s)
    JSR  -20.0 dB  BER 0.00e+00  P(det)@0.05 power_one_sided 0.477 power_two_sided 0.473 power_csi 0.719 kurtosis 0.111 spec_cnn 0.848  (9s)
    JSR  -19.0 dB  BER 0.00e+00  P(det)@0.05 power_one_sided 0.551 power_two_sided 0.533 power_csi 0.818 kurtosis 0.117 spec_cnn 0.854  (9s)
    JSR  -18.0 dB  BER 0.00e+00  P(det)@0.05 power_one_sided 0.623 power_two_sided 0.615 power_csi 0.842 kurtosis 0.160 spec_cnn 0.908  (9s)
    JSR  -17.0 dB  BER 0.00e+00  P(det)@0.05 power_one_sided 0.686 power_two_sided 0.676 power_csi 0.854 kurtosis 0.260 spec_cnn 0.930  (10s)
    JSR  -16.0 dB  BER 0.00e+00  P(det)@0.05 power_one_sided 0.789 power_two_sided 0.771 power_csi 0.906 kurtosis 0.316 spec_cnn 0.965  (10s)
    JSR  -15.0 dB  BER 0.00e+00  P(det)@0.05 power_one_sided 0.855 power_two_sided 0.844 power_csi 0.945 kurtosis 0.436 spec_cnn 0.943  (10s)
    JSR  -14.0 dB  BER 0.00e+00  P(det)@0.05 power_one_sided 0.936 power_two_sided 0.920 power_csi 0.975 kurtosis 0.625 spec_cnn 0.969  (11s)
    JSR  -13.0 dB  BER 0.00e+00  P(det)@0.05 power_one_sided 0.951 power_two_sided 0.945 power_csi 0.979 kurtosis 0.773 spec_cnn 0.986  (11s)
    JSR  -12.0 dB  BER 0.00e+00  P(det)@0.05 power_one_sided 0.969 power_two_sided 0.971 power_csi 0.992 kurtosis 0.928 spec_cnn 0.984  (11s)
    JSR  -11.0 dB  BER 0.00e+00  P(det)@0.05 power_one_sided 0.988 power_two_sided 0.992 power_csi 0.996 kurtosis 0.990 spec_cnn 0.998  (11s)
    JSR  -10.0 dB  BER 0.00e+00  P(det)@0.05 power_one_sided 0.994 power_two_sided 0.992 power_csi 0.998 kurtosis 0.998 spec_cnn 0.998  (12s)
    JSR   -9.0 dB  BER 0.00e+00  P(det)@0.05 power_one_sided 0.998 power_two_sided 0.998 power_csi 1.000 kurtosis 0.998 spec_cnn 1.000  (12s)
    JSR   -8.0 dB  BER 0.00e+00  P(det)@0.05 power_one_sided 1.000 power_two_sided 1.000 power_csi 1.000 kurtosis 1.000 spec_cnn 1.000  (12s)
    JSR   -7.0 dB  BER 7.63e-05  P(det)@0.05 power_one_sided 1.000 power_two_sided 1.000 power_csi 1.000 kurtosis 1.000 spec_cnn 1.000  (12s)
    JSR   -6.0 dB  BER 1.61e-03  P(det)@0.05 power_one_sided 1.000 power_two_sided 1.000 power_csi 1.000 kurtosis 1.000 spec_cnn 1.000  (13s)
    JSR   -5.0 dB  BER 6.56e-03  P(det)@0.05 power_one_sided 1.000 power_two_sided 1.000 power_csi 1.000 kurtosis 1.000 spec_cnn 1.000  (13s)
    JSR   -4.0 dB  BER 2.29e-02  P(det)@0.05 power_one_sided 1.000 power_two_sided 1.000 power_csi 1.000 kurtosis 1.000 spec_cnn 1.000  (13s)
    JSR   -3.0 dB  BER 5.39e-02  P(det)@0.05 power_one_sided 1.000 power_two_sided 1.000 power_csi 1.000 kurtosis 1.000 spec_cnn 1.000  (14s)
    JSR   -2.0 dB  BER 1.13e-01  P(det)@0.05 power_one_sided 1.000 power_two_sided 1.000 power_csi 1.000 kurtosis 1.000 spec_cnn 1.000  (14s)
    JSR   -1.0 dB  BER 1.62e-01  P(det)@0.05 power_one_sided 1.000 power_two_sided 1.000 power_csi 1.000 kurtosis 1.000 spec_cnn 1.000  (14s)
    JSR   +0.0 dB  BER 1.98e-01  P(det)@0.05 power_one_sided 1.000 power_two_sided 1.000 power_csi 1.000 kurtosis 1.000 spec_cnn 1.000  (14s)
    JSR   +1.0 dB  BER 2.37e-01  P(det)@0.05 power_one_sided 1.000 power_two_sided 1.000 power_csi 1.000 kurtosis 1.000 spec_cnn 1.000  (15s)
    JSR   +2.0 dB  BER 2.63e-01  P(det)@0.05 power_one_sided 1.000 power_two_sided 1.000 power_csi 1.000 kurtosis 1.000 spec_cnn 1.000  (15s)
    JSR   +3.0 dB  BER 2.87e-01  P(det)@0.05 power_one_sided 1.000 power_two_sided 1.000 power_csi 1.000 kurtosis 1.000 spec_cnn 1.000  (15s)
    JSR   +4.0 dB  BER 3.19e-01  P(det)@0.05 power_one_sided 1.000 power_two_sided 1.000 power_csi 1.000 kurtosis 1.000 spec_cnn 1.000  (16s)
    JSR   +5.0 dB  BER 3.24e-01  P(det)@0.05 power_one_sided 1.000 power_two_sided 1.000 power_csi 1.000 kurtosis 1.000 spec_cnn 1.000  (16s)
    JSR   +6.0 dB  BER 3.46e-01  P(det)@0.05 power_one_sided 1.000 power_two_sided 1.000 power_csi 1.000 kurtosis 0.965 spec_cnn 1.000  (16s)
    JSR   +7.0 dB  BER 3.63e-01  P(det)@0.05 power_one_sided 1.000 power_two_sided 1.000 power_csi 1.000 kurtosis 0.854 spec_cnn 1.000  (16s)
    JSR   +8.0 dB  BER 3.80e-01  P(det)@0.05 power_one_sided 1.000 power_two_sided 1.000 power_csi 1.000 kurtosis 0.521 spec_cnn 1.000  (17s)
    JSR   +9.0 dB  BER 3.87e-01  P(det)@0.05 power_one_sided 1.000 power_two_sided 1.000 power_csi 1.000 kurtosis 0.160 spec_cnn 1.000  (17s)
    JSR  +10.0 dB  BER 3.99e-01  P(det)@0.05 power_one_sided 1.000 power_two_sided 1.000 power_csi 1.000 kurtosis 0.102 spec_cnn 1.000  (17s)
    JSR  +11.0 dB  BER 4.09e-01  P(det)@0.05 power_one_sided 1.000 power_two_sided 1.000 power_csi 1.000 kurtosis 0.312 spec_cnn 1.000  (18s)
    JSR  +12.0 dB  BER 4.14e-01  P(det)@0.05 power_one_sided 1.000 power_two_sided 1.000 power_csi 1.000 kurtosis 0.584 spec_cnn 1.000  (18s)
    JSR  +13.0 dB  BER 4.30e-01  P(det)@0.05 power_one_sided 1.000 power_two_sided 1.000 power_csi 1.000 kurtosis 0.824 spec_cnn 1.000  (18s)
    JSR  +14.0 dB  BER 4.35e-01  P(det)@0.05 power_one_sided 1.000 power_two_sided 1.000 power_csi 1.000 kurtosis 0.953 spec_cnn 1.000  (18s)
    JSR  +15.0 dB  BER 4.45e-01  P(det)@0.05 power_one_sided 1.000 power_two_sided 1.000 power_csi 1.000 kurtosis 0.979 spec_cnn 1.000  (19s)
  [shadow_0.03] pulsed_p1 confirmed: {"power_one_sided": {"0.01": {"index": 0, "sweep_ber": 0.0, "sweep_pdet": 0.005859375, "confirmed_ber": 0.0, "confirmed_ser": 0.0, "confirmed_pdet": 0.01171875, "passed": true}, "0.05": {"index": 0, "sweep_ber": 0.0, "sweep_pdet": 0.037109375, "confirmed_ber": 0.0, "confirmed_ser": 0.0, "confirmed_pdet": 0.048828125, "passed": true}}, "power_csi": {"0.01": {"index": 0, "sweep_ber": 0.0, "sweep_pdet": 0.015625, "confirmed_ber": 0.0, "confirmed_ser": 0.0, "confirmed_pdet": 0.0126953125, "passed": true}, "0.05": {"index": 0, "sweep_ber": 0.0, "sweep_pdet": 0.044921875, "confirmed_ber": 0.0, "confirmed_ser": 0.0, "confirmed_pdet": 0.0546875, "passed": true}}, "power_two_sided": {"0.01": {"index": 0, "sweep_ber": 0.0, "sweep_pdet": 0.01171875, "confirmed_ber": 0.0, "confirmed_ser": 0.0, "confirmed_pdet": 0.010009765625, "passed": true}, "0.05": {"index": 0, "sweep_ber": 0.0, "sweep_pdet": 0.037109375, "confirmed_ber": 0.0, "confirmed_ser": 0.0, "confirmed_pdet": 0.058349609375, "passed": false}}, "kurtosis": {"0.01": {"index": 0, "sweep_ber": 0.0, "sweep_pdet": 0.01171875, "confirmed_ber": 0.0, "confirmed_ser": 0.0, "confirmed_pdet": 0.011962890625, "passed": true}, "0.05": {"index": 0, "sweep_ber": 0.0, "sweep_pdet": 0.044921875, "confirmed_ber": 0.0, "confirmed_ser": 0.0, "confirmed_pdet": 0.04443359375, "passed": true}}, "spec_cnn": {"0.01": {"index": 0, "sweep_ber": 0.0, "sweep_pdet": 0.009765625, "confirmed_ber": 0.0, "confirmed_ser": 0.0, "confirmed_pdet": 0.009521484375, "passed": true}, "0.05": {"index": 1, "sweep_ber": 0.0, "sweep_pdet": 0.048828125, "confirmed_ber": 0.0, "confirmed_ser": 0.0, "confirmed_pdet": 0.048583984375, "passed": true}}}  (87s)
  [shadow_0.03] classical pulsed_p0.5
    JSR  -50.0 dB  BER 0.00e+00  P(det)@0.05 power_one_sided 0.061 power_two_sided 0.049 power_csi 0.047 kurtosis 0.064 spec_cnn 0.059  (0s)
    JSR  -49.0 dB  BER 0.00e+00  P(det)@0.05 power_one_sided 0.064 power_two_sided 0.055 power_csi 0.068 kurtosis 0.041 spec_cnn 0.068  (1s)
    JSR  -48.0 dB  BER 0.00e+00  P(det)@0.05 power_one_sided 0.049 power_two_sided 0.064 power_csi 0.072 kurtosis 0.080 spec_cnn 0.035  (1s)
    JSR  -47.0 dB  BER 0.00e+00  P(det)@0.05 power_one_sided 0.059 power_two_sided 0.062 power_csi 0.061 kurtosis 0.039 spec_cnn 0.051  (1s)
    JSR  -46.0 dB  BER 0.00e+00  P(det)@0.05 power_one_sided 0.053 power_two_sided 0.061 power_csi 0.090 kurtosis 0.033 spec_cnn 0.055  (1s)
    JSR  -45.0 dB  BER 0.00e+00  P(det)@0.05 power_one_sided 0.025 power_two_sided 0.051 power_csi 0.080 kurtosis 0.072 spec_cnn 0.047  (2s)
    JSR  -44.0 dB  BER 0.00e+00  P(det)@0.05 power_one_sided 0.051 power_two_sided 0.051 power_csi 0.061 kurtosis 0.037 spec_cnn 0.061  (2s)
    JSR  -43.0 dB  BER 0.00e+00  P(det)@0.05 power_one_sided 0.039 power_two_sided 0.037 power_csi 0.053 kurtosis 0.051 spec_cnn 0.066  (2s)
    JSR  -42.0 dB  BER 0.00e+00  P(det)@0.05 power_one_sided 0.070 power_two_sided 0.049 power_csi 0.090 kurtosis 0.041 spec_cnn 0.074  (3s)
    JSR  -41.0 dB  BER 0.00e+00  P(det)@0.05 power_one_sided 0.068 power_two_sided 0.070 power_csi 0.100 kurtosis 0.031 spec_cnn 0.072  (3s)
    JSR  -40.0 dB  BER 0.00e+00  P(det)@0.05 power_one_sided 0.057 power_two_sided 0.049 power_csi 0.115 kurtosis 0.035 spec_cnn 0.076  (3s)
    JSR  -39.0 dB  BER 0.00e+00  P(det)@0.05 power_one_sided 0.080 power_two_sided 0.082 power_csi 0.125 kurtosis 0.045 spec_cnn 0.092  (3s)
    JSR  -38.0 dB  BER 0.00e+00  P(det)@0.05 power_one_sided 0.064 power_two_sided 0.059 power_csi 0.131 kurtosis 0.053 spec_cnn 0.084  (4s)
    JSR  -37.0 dB  BER 0.00e+00  P(det)@0.05 power_one_sided 0.070 power_two_sided 0.061 power_csi 0.172 kurtosis 0.064 spec_cnn 0.080  (4s)
    JSR  -36.0 dB  BER 0.00e+00  P(det)@0.05 power_one_sided 0.078 power_two_sided 0.078 power_csi 0.193 kurtosis 0.041 spec_cnn 0.113  (4s)
    JSR  -35.0 dB  BER 0.00e+00  P(det)@0.05 power_one_sided 0.057 power_two_sided 0.062 power_csi 0.227 kurtosis 0.037 spec_cnn 0.129  (5s)
    JSR  -34.0 dB  BER 0.00e+00  P(det)@0.05 power_one_sided 0.062 power_two_sided 0.061 power_csi 0.256 kurtosis 0.055 spec_cnn 0.158  (5s)
    JSR  -33.0 dB  BER 0.00e+00  P(det)@0.05 power_one_sided 0.084 power_two_sided 0.076 power_csi 0.330 kurtosis 0.062 spec_cnn 0.199  (5s)
    JSR  -32.0 dB  BER 0.00e+00  P(det)@0.05 power_one_sided 0.074 power_two_sided 0.066 power_csi 0.316 kurtosis 0.051 spec_cnn 0.178  (5s)
    JSR  -31.0 dB  BER 0.00e+00  P(det)@0.05 power_one_sided 0.086 power_two_sided 0.082 power_csi 0.375 kurtosis 0.037 spec_cnn 0.260  (6s)
    JSR  -30.0 dB  BER 0.00e+00  P(det)@0.05 power_one_sided 0.096 power_two_sided 0.090 power_csi 0.408 kurtosis 0.062 spec_cnn 0.348  (6s)
    JSR  -29.0 dB  BER 0.00e+00  P(det)@0.05 power_one_sided 0.105 power_two_sided 0.084 power_csi 0.426 kurtosis 0.049 spec_cnn 0.395  (6s)
    JSR  -28.0 dB  BER 0.00e+00  P(det)@0.05 power_one_sided 0.125 power_two_sided 0.111 power_csi 0.418 kurtosis 0.043 spec_cnn 0.443  (7s)
    JSR  -27.0 dB  BER 0.00e+00  P(det)@0.05 power_one_sided 0.162 power_two_sided 0.135 power_csi 0.479 kurtosis 0.049 spec_cnn 0.479  (7s)
    JSR  -26.0 dB  BER 0.00e+00  P(det)@0.05 power_one_sided 0.152 power_two_sided 0.139 power_csi 0.516 kurtosis 0.049 spec_cnn 0.584  (7s)
    JSR  -25.0 dB  BER 0.00e+00  P(det)@0.05 power_one_sided 0.211 power_two_sided 0.191 power_csi 0.582 kurtosis 0.035 spec_cnn 0.586  (8s)
    JSR  -24.0 dB  BER 0.00e+00  P(det)@0.05 power_one_sided 0.271 power_two_sided 0.262 power_csi 0.654 kurtosis 0.043 spec_cnn 0.607  (8s)
    JSR  -23.0 dB  BER 0.00e+00  P(det)@0.05 power_one_sided 0.287 power_two_sided 0.256 power_csi 0.605 kurtosis 0.084 spec_cnn 0.658  (8s)
    JSR  -22.0 dB  BER 0.00e+00  P(det)@0.05 power_one_sided 0.365 power_two_sided 0.344 power_csi 0.668 kurtosis 0.061 spec_cnn 0.748  (8s)
    JSR  -21.0 dB  BER 0.00e+00  P(det)@0.05 power_one_sided 0.420 power_two_sided 0.389 power_csi 0.729 kurtosis 0.088 spec_cnn 0.775  (9s)
    JSR  -20.0 dB  BER 0.00e+00  P(det)@0.05 power_one_sided 0.490 power_two_sided 0.471 power_csi 0.777 kurtosis 0.104 spec_cnn 0.785  (9s)
    JSR  -19.0 dB  BER 0.00e+00  P(det)@0.05 power_one_sided 0.543 power_two_sided 0.514 power_csi 0.812 kurtosis 0.143 spec_cnn 0.832  (9s)
    JSR  -18.0 dB  BER 0.00e+00  P(det)@0.05 power_one_sided 0.646 power_two_sided 0.631 power_csi 0.826 kurtosis 0.166 spec_cnn 0.867  (10s)
    JSR  -17.0 dB  BER 0.00e+00  P(det)@0.05 power_one_sided 0.715 power_two_sided 0.717 power_csi 0.879 kurtosis 0.258 spec_cnn 0.865  (10s)
    JSR  -16.0 dB  BER 0.00e+00  P(det)@0.05 power_one_sided 0.807 power_two_sided 0.793 power_csi 0.924 kurtosis 0.299 spec_cnn 0.883  (10s)
    JSR  -15.0 dB  BER 0.00e+00  P(det)@0.05 power_one_sided 0.848 power_two_sided 0.834 power_csi 0.932 kurtosis 0.479 spec_cnn 0.906  (10s)
    JSR  -14.0 dB  BER 0.00e+00  P(det)@0.05 power_one_sided 0.902 power_two_sided 0.902 power_csi 0.949 kurtosis 0.621 spec_cnn 0.920  (11s)
    JSR  -13.0 dB  BER 0.00e+00  P(det)@0.05 power_one_sided 0.936 power_two_sided 0.939 power_csi 0.975 kurtosis 0.783 spec_cnn 0.939  (11s)
    JSR  -12.0 dB  BER 0.00e+00  P(det)@0.05 power_one_sided 0.963 power_two_sided 0.959 power_csi 0.990 kurtosis 0.924 spec_cnn 0.963  (11s)
    JSR  -11.0 dB  BER 0.00e+00  P(det)@0.05 power_one_sided 0.975 power_two_sided 0.971 power_csi 0.994 kurtosis 0.982 spec_cnn 0.967  (12s)
    JSR  -10.0 dB  BER 0.00e+00  P(det)@0.05 power_one_sided 0.996 power_two_sided 0.994 power_csi 1.000 kurtosis 0.996 spec_cnn 0.980  (12s)
    JSR   -9.0 dB  BER 1.53e-04  P(det)@0.05 power_one_sided 1.000 power_two_sided 1.000 power_csi 1.000 kurtosis 1.000 spec_cnn 0.988  (12s)
    JSR   -8.0 dB  BER 1.39e-03  P(det)@0.05 power_one_sided 1.000 power_two_sided 1.000 power_csi 1.000 kurtosis 1.000 spec_cnn 0.998  (12s)
    JSR   -7.0 dB  BER 5.33e-03  P(det)@0.05 power_one_sided 1.000 power_two_sided 1.000 power_csi 1.000 kurtosis 1.000 spec_cnn 1.000  (13s)
    JSR   -6.0 dB  BER 1.72e-02  P(det)@0.05 power_one_sided 1.000 power_two_sided 1.000 power_csi 1.000 kurtosis 1.000 spec_cnn 0.998  (13s)
    JSR   -5.0 dB  BER 4.28e-02  P(det)@0.05 power_one_sided 1.000 power_two_sided 1.000 power_csi 1.000 kurtosis 1.000 spec_cnn 1.000  (13s)
    JSR   -4.0 dB  BER 7.12e-02  P(det)@0.05 power_one_sided 1.000 power_two_sided 1.000 power_csi 1.000 kurtosis 1.000 spec_cnn 1.000  (14s)
    JSR   -3.0 dB  BER 9.58e-02  P(det)@0.05 power_one_sided 1.000 power_two_sided 1.000 power_csi 1.000 kurtosis 1.000 spec_cnn 1.000  (14s)
    JSR   -2.0 dB  BER 1.16e-01  P(det)@0.05 power_one_sided 1.000 power_two_sided 1.000 power_csi 1.000 kurtosis 1.000 spec_cnn 1.000  (14s)
    JSR   -1.0 dB  BER 1.38e-01  P(det)@0.05 power_one_sided 1.000 power_two_sided 1.000 power_csi 1.000 kurtosis 1.000 spec_cnn 1.000  (14s)
    JSR   +0.0 dB  BER 1.53e-01  P(det)@0.05 power_one_sided 1.000 power_two_sided 1.000 power_csi 1.000 kurtosis 1.000 spec_cnn 1.000  (15s)
    JSR   +1.0 dB  BER 1.69e-01  P(det)@0.05 power_one_sided 1.000 power_two_sided 1.000 power_csi 1.000 kurtosis 1.000 spec_cnn 1.000  (15s)
    JSR   +2.0 dB  BER 1.83e-01  P(det)@0.05 power_one_sided 1.000 power_two_sided 1.000 power_csi 1.000 kurtosis 1.000 spec_cnn 1.000  (15s)
    JSR   +3.0 dB  BER 1.98e-01  P(det)@0.05 power_one_sided 1.000 power_two_sided 1.000 power_csi 1.000 kurtosis 1.000 spec_cnn 1.000  (16s)
    JSR   +4.0 dB  BER 2.15e-01  P(det)@0.05 power_one_sided 1.000 power_two_sided 1.000 power_csi 1.000 kurtosis 1.000 spec_cnn 1.000  (16s)
    JSR   +5.0 dB  BER 2.32e-01  P(det)@0.05 power_one_sided 1.000 power_two_sided 1.000 power_csi 1.000 kurtosis 1.000 spec_cnn 1.000  (16s)
    JSR   +6.0 dB  BER 2.42e-01  P(det)@0.05 power_one_sided 1.000 power_two_sided 1.000 power_csi 1.000 kurtosis 1.000 spec_cnn 1.000  (17s)
    JSR   +7.0 dB  BER 2.55e-01  P(det)@0.05 power_one_sided 1.000 power_two_sided 1.000 power_csi 1.000 kurtosis 1.000 spec_cnn 1.000  (17s)
    JSR   +8.0 dB  BER 2.65e-01  P(det)@0.05 power_one_sided 1.000 power_two_sided 1.000 power_csi 1.000 kurtosis 1.000 spec_cnn 1.000  (17s)
    JSR   +9.0 dB  BER 2.81e-01  P(det)@0.05 power_one_sided 1.000 power_two_sided 1.000 power_csi 1.000 kurtosis 1.000 spec_cnn 1.000  (17s)
    JSR  +10.0 dB  BER 2.87e-01  P(det)@0.05 power_one_sided 1.000 power_two_sided 1.000 power_csi 1.000 kurtosis 1.000 spec_cnn 1.000  (18s)
    JSR  +11.0 dB  BER 3.01e-01  P(det)@0.05 power_one_sided 1.000 power_two_sided 1.000 power_csi 1.000 kurtosis 1.000 spec_cnn 1.000  (18s)
    JSR  +12.0 dB  BER 3.17e-01  P(det)@0.05 power_one_sided 1.000 power_two_sided 1.000 power_csi 1.000 kurtosis 1.000 spec_cnn 1.000  (18s)
    JSR  +13.0 dB  BER 3.17e-01  P(det)@0.05 power_one_sided 1.000 power_two_sided 1.000 power_csi 1.000 kurtosis 1.000 spec_cnn 1.000  (19s)
    JSR  +14.0 dB  BER 3.39e-01  P(det)@0.05 power_one_sided 1.000 power_two_sided 1.000 power_csi 1.000 kurtosis 1.000 spec_cnn 1.000  (19s)
    JSR  +15.0 dB  BER 3.44e-01  P(det)@0.05 power_one_sided 1.000 power_two_sided 1.000 power_csi 1.000 kurtosis 1.000 spec_cnn 1.000  (19s)
  [shadow_0.03] pulsed_p0.5 confirmed: {"power_one_sided": {"0.01": {"index": 0, "sweep_ber": 0.0, "sweep_pdet": 0.009765625, "confirmed_ber": 0.0, "confirmed_ser": 0.0, "confirmed_pdet": 0.01220703125, "passed": true}, "0.05": {"index": 0, "sweep_ber": 0.0, "sweep_pdet": 0.060546875, "confirmed_ber": 0.0, "confirmed_ser": 0.0, "confirmed_pdet": 0.053955078125, "passed": true}}, "power_csi": {"0.01": {"index": 0, "sweep_ber": 0.0, "sweep_pdet": 0.005859375, "confirmed_ber": 0.0, "confirmed_ser": 0.0, "confirmed_pdet": 0.01611328125, "passed": false}, "0.05": {"index": 0, "sweep_ber": 0.0, "sweep_pdet": 0.046875, "confirmed_ber": 0.0, "confirmed_ser": 0.0, "confirmed_pdet": 0.052734375, "passed": true}}, "power_two_sided": {"0.01": {"index": 0, "sweep_ber": 0.0, "sweep_pdet": 0.0078125, "confirmed_ber": 0.0, "confirmed_ser": 0.0, "confirmed_pdet": 0.011962890625, "passed": true}, "0.05": {"index": 0, "sweep_ber": 0.0, "sweep_pdet": 0.048828125, "confirmed_ber": 0.0, "confirmed_ser": 0.0, "confirmed_pdet": 0.046630859375, "passed": true}}, "kurtosis": {"0.01": {"index": 0, "sweep_ber": 0.0, "sweep_pdet": 0.017578125, "confirmed_ber": 0.0, "confirmed_ser": 0.0, "confirmed_pdet": 0.007080078125, "passed": true}, "0.05": {"index": 0, "sweep_ber": 0.0, "sweep_pdet": 0.064453125, "confirmed_ber": 0.0, "confirmed_ser": 0.0, "confirmed_pdet": 0.049072265625, "passed": true}}, "spec_cnn": {"0.01": {"index": 0, "sweep_ber": 0.0, "sweep_pdet": 0.013671875, "confirmed_ber": 0.0, "confirmed_ser": 0.0, "confirmed_pdet": 0.011962890625, "passed": true}, "0.05": {"index": 0, "sweep_ber": 0.0, "sweep_pdet": 0.05859375, "confirmed_ber": 0.0, "confirmed_ser": 0.0, "confirmed_pdet": 0.05908203125, "passed": false}}}  (130s)
  [shadow_0.03] classical pulsed_p0.25
    JSR  -50.0 dB  BER 0.00e+00  P(det)@0.05 power_one_sided 0.047 power_two_sided 0.039 power_csi 0.062 kurtosis 0.051 spec_cnn 0.057  (0s)
    JSR  -49.0 dB  BER 0.00e+00  P(det)@0.05 power_one_sided 0.066 power_two_sided 0.061 power_csi 0.053 kurtosis 0.043 spec_cnn 0.051  (1s)
    JSR  -48.0 dB  BER 0.00e+00  P(det)@0.05 power_one_sided 0.031 power_two_sided 0.047 power_csi 0.064 kurtosis 0.047 spec_cnn 0.066  (1s)
    JSR  -47.0 dB  BER 0.00e+00  P(det)@0.05 power_one_sided 0.051 power_two_sided 0.057 power_csi 0.066 kurtosis 0.045 spec_cnn 0.045  (1s)
    JSR  -46.0 dB  BER 0.00e+00  P(det)@0.05 power_one_sided 0.082 power_two_sided 0.074 power_csi 0.068 kurtosis 0.045 spec_cnn 0.043  (1s)
    JSR  -45.0 dB  BER 0.00e+00  P(det)@0.05 power_one_sided 0.053 power_two_sided 0.055 power_csi 0.064 kurtosis 0.068 spec_cnn 0.064  (2s)
    JSR  -44.0 dB  BER 0.00e+00  P(det)@0.05 power_one_sided 0.064 power_two_sided 0.055 power_csi 0.070 kurtosis 0.061 spec_cnn 0.078  (2s)
    JSR  -43.0 dB  BER 0.00e+00  P(det)@0.05 power_one_sided 0.049 power_two_sided 0.072 power_csi 0.088 kurtosis 0.031 spec_cnn 0.064  (2s)
    JSR  -42.0 dB  BER 0.00e+00  P(det)@0.05 power_one_sided 0.053 power_two_sided 0.062 power_csi 0.086 kurtosis 0.076 spec_cnn 0.068  (3s)
    JSR  -41.0 dB  BER 0.00e+00  P(det)@0.05 power_one_sided 0.062 power_two_sided 0.062 power_csi 0.086 kurtosis 0.045 spec_cnn 0.078  (3s)
    JSR  -40.0 dB  BER 0.00e+00  P(det)@0.05 power_one_sided 0.070 power_two_sided 0.076 power_csi 0.117 kurtosis 0.047 spec_cnn 0.072  (3s)
    JSR  -39.0 dB  BER 0.00e+00  P(det)@0.05 power_one_sided 0.053 power_two_sided 0.053 power_csi 0.139 kurtosis 0.064 spec_cnn 0.082  (4s)
    JSR  -38.0 dB  BER 0.00e+00  P(det)@0.05 power_one_sided 0.049 power_two_sided 0.047 power_csi 0.160 kurtosis 0.043 spec_cnn 0.086  (4s)
    JSR  -37.0 dB  BER 0.00e+00  P(det)@0.05 power_one_sided 0.072 power_two_sided 0.084 power_csi 0.148 kurtosis 0.053 spec_cnn 0.105  (4s)
    JSR  -36.0 dB  BER 0.00e+00  P(det)@0.05 power_one_sided 0.047 power_two_sided 0.051 power_csi 0.176 kurtosis 0.045 spec_cnn 0.123  (4s)
    JSR  -35.0 dB  BER 0.00e+00  P(det)@0.05 power_one_sided 0.049 power_two_sided 0.064 power_csi 0.223 kurtosis 0.043 spec_cnn 0.168  (5s)
    JSR  -34.0 dB  BER 0.00e+00  P(det)@0.05 power_one_sided 0.072 power_two_sided 0.078 power_csi 0.244 kurtosis 0.064 spec_cnn 0.170  (5s)
    JSR  -33.0 dB  BER 0.00e+00  P(det)@0.05 power_one_sided 0.074 power_two_sided 0.070 power_csi 0.285 kurtosis 0.053 spec_cnn 0.186  (5s)
    JSR  -32.0 dB  BER 0.00e+00  P(det)@0.05 power_one_sided 0.107 power_two_sided 0.105 power_csi 0.324 kurtosis 0.053 spec_cnn 0.232  (6s)
    JSR  -31.0 dB  BER 0.00e+00  P(det)@0.05 power_one_sided 0.072 power_two_sided 0.074 power_csi 0.307 kurtosis 0.055 spec_cnn 0.244  (6s)
    JSR  -30.0 dB  BER 0.00e+00  P(det)@0.05 power_one_sided 0.086 power_two_sided 0.102 power_csi 0.381 kurtosis 0.047 spec_cnn 0.336  (6s)
    JSR  -29.0 dB  BER 0.00e+00  P(det)@0.05 power_one_sided 0.111 power_two_sided 0.090 power_csi 0.455 kurtosis 0.045 spec_cnn 0.369  (6s)
    JSR  -28.0 dB  BER 0.00e+00  P(det)@0.05 power_one_sided 0.123 power_two_sided 0.123 power_csi 0.441 kurtosis 0.035 spec_cnn 0.416  (7s)
    JSR  -27.0 dB  BER 0.00e+00  P(det)@0.05 power_one_sided 0.145 power_two_sided 0.127 power_csi 0.477 kurtosis 0.072 spec_cnn 0.406  (7s)
    JSR  -26.0 dB  BER 0.00e+00  P(det)@0.05 power_one_sided 0.160 power_two_sided 0.162 power_csi 0.498 kurtosis 0.068 spec_cnn 0.447  (7s)
    JSR  -25.0 dB  BER 0.00e+00  P(det)@0.05 power_one_sided 0.215 power_two_sided 0.225 power_csi 0.600 kurtosis 0.043 spec_cnn 0.539  (8s)
    JSR  -24.0 dB  BER 0.00e+00  P(det)@0.05 power_one_sided 0.246 power_two_sided 0.191 power_csi 0.613 kurtosis 0.045 spec_cnn 0.529  (8s)
    JSR  -23.0 dB  BER 0.00e+00  P(det)@0.05 power_one_sided 0.297 power_two_sided 0.258 power_csi 0.672 kurtosis 0.078 spec_cnn 0.561  (8s)
    JSR  -22.0 dB  BER 0.00e+00  P(det)@0.05 power_one_sided 0.375 power_two_sided 0.363 power_csi 0.670 kurtosis 0.078 spec_cnn 0.568  (8s)
    JSR  -21.0 dB  BER 0.00e+00  P(det)@0.05 power_one_sided 0.432 power_two_sided 0.408 power_csi 0.723 kurtosis 0.098 spec_cnn 0.617  (9s)
    JSR  -20.0 dB  BER 0.00e+00  P(det)@0.05 power_one_sided 0.486 power_two_sided 0.469 power_csi 0.756 kurtosis 0.125 spec_cnn 0.623  (9s)
    JSR  -19.0 dB  BER 0.00e+00  P(det)@0.05 power_one_sided 0.553 power_two_sided 0.539 power_csi 0.783 kurtosis 0.117 spec_cnn 0.672  (9s)
    JSR  -18.0 dB  BER 0.00e+00  P(det)@0.05 power_one_sided 0.598 power_two_sided 0.574 power_csi 0.828 kurtosis 0.176 spec_cnn 0.691  (10s)
    JSR  -17.0 dB  BER 0.00e+00  P(det)@0.05 power_one_sided 0.727 power_two_sided 0.701 power_csi 0.891 kurtosis 0.232 spec_cnn 0.701  (10s)
    JSR  -16.0 dB  BER 0.00e+00  P(det)@0.05 power_one_sided 0.793 power_two_sided 0.789 power_csi 0.900 kurtosis 0.332 spec_cnn 0.748  (10s)
    JSR  -15.0 dB  BER 0.00e+00  P(det)@0.05 power_one_sided 0.836 power_two_sided 0.834 power_csi 0.928 kurtosis 0.480 spec_cnn 0.721  (11s)
    JSR  -14.0 dB  BER 0.00e+00  P(det)@0.05 power_one_sided 0.908 power_two_sided 0.896 power_csi 0.963 kurtosis 0.680 spec_cnn 0.789  (11s)
    JSR  -13.0 dB  BER 0.00e+00  P(det)@0.05 power_one_sided 0.938 power_two_sided 0.936 power_csi 0.975 kurtosis 0.832 spec_cnn 0.766  (11s)
    JSR  -12.0 dB  BER 2.29e-05  P(det)@0.05 power_one_sided 0.980 power_two_sided 0.979 power_csi 0.994 kurtosis 0.943 spec_cnn 0.855  (11s)
    JSR  -11.0 dB  BER 2.82e-04  P(det)@0.05 power_one_sided 0.982 power_two_sided 0.979 power_csi 0.994 kurtosis 0.982 spec_cnn 0.875  (12s)
    JSR  -10.0 dB  BER 1.59e-03  P(det)@0.05 power_one_sided 0.994 power_two_sided 0.992 power_csi 0.996 kurtosis 0.992 spec_cnn 0.945  (12s)
    JSR   -9.0 dB  BER 7.11e-03  P(det)@0.05 power_one_sided 0.998 power_two_sided 0.998 power_csi 0.998 kurtosis 1.000 spec_cnn 0.963  (12s)
    JSR   -8.0 dB  BER 1.62e-02  P(det)@0.05 power_one_sided 1.000 power_two_sided 1.000 power_csi 1.000 kurtosis 1.000 spec_cnn 0.963  (13s)
    JSR   -7.0 dB  BER 3.20e-02  P(det)@0.05 power_one_sided 1.000 power_two_sided 1.000 power_csi 1.000 kurtosis 1.000 spec_cnn 0.990  (13s)
    JSR   -6.0 dB  BER 4.55e-02  P(det)@0.05 power_one_sided 1.000 power_two_sided 1.000 power_csi 1.000 kurtosis 1.000 spec_cnn 0.990  (13s)
    JSR   -5.0 dB  BER 5.58e-02  P(det)@0.05 power_one_sided 1.000 power_two_sided 1.000 power_csi 1.000 kurtosis 1.000 spec_cnn 0.996  (13s)
    JSR   -4.0 dB  BER 6.93e-02  P(det)@0.05 power_one_sided 1.000 power_two_sided 1.000 power_csi 1.000 kurtosis 1.000 spec_cnn 0.998  (14s)
    JSR   -3.0 dB  BER 7.78e-02  P(det)@0.05 power_one_sided 1.000 power_two_sided 1.000 power_csi 1.000 kurtosis 1.000 spec_cnn 1.000  (14s)
    JSR   -2.0 dB  BER 8.88e-02  P(det)@0.05 power_one_sided 1.000 power_two_sided 1.000 power_csi 1.000 kurtosis 1.000 spec_cnn 1.000  (14s)
    JSR   -1.0 dB  BER 9.81e-02  P(det)@0.05 power_one_sided 1.000 power_two_sided 1.000 power_csi 1.000 kurtosis 1.000 spec_cnn 1.000  (15s)
    JSR   +0.0 dB  BER 1.06e-01  P(det)@0.05 power_one_sided 1.000 power_two_sided 1.000 power_csi 1.000 kurtosis 1.000 spec_cnn 1.000  (15s)
    JSR   +1.0 dB  BER 1.15e-01  P(det)@0.05 power_one_sided 1.000 power_two_sided 1.000 power_csi 1.000 kurtosis 1.000 spec_cnn 1.000  (15s)
    JSR   +2.0 dB  BER 1.20e-01  P(det)@0.05 power_one_sided 1.000 power_two_sided 1.000 power_csi 1.000 kurtosis 1.000 spec_cnn 1.000  (15s)
    JSR   +3.0 dB  BER 1.30e-01  P(det)@0.05 power_one_sided 1.000 power_two_sided 1.000 power_csi 1.000 kurtosis 1.000 spec_cnn 1.000  (16s)
    JSR   +4.0 dB  BER 1.36e-01  P(det)@0.05 power_one_sided 1.000 power_two_sided 1.000 power_csi 1.000 kurtosis 1.000 spec_cnn 1.000  (16s)
    JSR   +5.0 dB  BER 1.42e-01  P(det)@0.05 power_one_sided 1.000 power_two_sided 1.000 power_csi 1.000 kurtosis 1.000 spec_cnn 1.000  (16s)
    JSR   +6.0 dB  BER 1.54e-01  P(det)@0.05 power_one_sided 1.000 power_two_sided 1.000 power_csi 1.000 kurtosis 1.000 spec_cnn 1.000  (17s)
    JSR   +7.0 dB  BER 1.63e-01  P(det)@0.05 power_one_sided 1.000 power_two_sided 1.000 power_csi 1.000 kurtosis 1.000 spec_cnn 1.000  (17s)
    JSR   +8.0 dB  BER 1.77e-01  P(det)@0.05 power_one_sided 1.000 power_two_sided 1.000 power_csi 1.000 kurtosis 1.000 spec_cnn 1.000  (17s)
    JSR   +9.0 dB  BER 1.82e-01  P(det)@0.05 power_one_sided 1.000 power_two_sided 1.000 power_csi 1.000 kurtosis 1.000 spec_cnn 1.000  (18s)
    JSR  +10.0 dB  BER 2.00e-01  P(det)@0.05 power_one_sided 1.000 power_two_sided 1.000 power_csi 1.000 kurtosis 1.000 spec_cnn 1.000  (18s)
    JSR  +11.0 dB  BER 2.11e-01  P(det)@0.05 power_one_sided 1.000 power_two_sided 1.000 power_csi 1.000 kurtosis 1.000 spec_cnn 1.000  (18s)
    JSR  +12.0 dB  BER 2.20e-01  P(det)@0.05 power_one_sided 1.000 power_two_sided 1.000 power_csi 1.000 kurtosis 1.000 spec_cnn 1.000  (18s)
    JSR  +13.0 dB  BER 2.27e-01  P(det)@0.05 power_one_sided 1.000 power_two_sided 1.000 power_csi 1.000 kurtosis 1.000 spec_cnn 1.000  (19s)
    JSR  +14.0 dB  BER 2.39e-01  P(det)@0.05 power_one_sided 1.000 power_two_sided 1.000 power_csi 1.000 kurtosis 1.000 spec_cnn 1.000  (19s)
    JSR  +15.0 dB  BER 2.52e-01  P(det)@0.05 power_one_sided 1.000 power_two_sided 1.000 power_csi 1.000 kurtosis 1.000 spec_cnn 1.000  (19s)
  [shadow_0.03] pulsed_p0.25 confirmed: {"power_one_sided": {"0.01": {"index": 0, "sweep_ber": 0.0, "sweep_pdet": 0.01171875, "confirmed_ber": 0.0, "confirmed_ser": 0.0, "confirmed_pdet": 0.010986328125, "passed": true}, "0.05": {"index": 0, "sweep_ber": 0.0, "sweep_pdet": 0.046875, "confirmed_ber": 0.0, "confirmed_ser": 0.0, "confirmed_pdet": 0.04833984375, "passed": true}}, "power_csi": {"0.01": {"index": 0, "sweep_ber": 0.0, "sweep_pdet": 0.009765625, "confirmed_ber": 0.0, "confirmed_ser": 0.0, "confirmed_pdet": 0.01513671875, "passed": false}, "0.05": {"index": 0, "sweep_ber": 0.0, "sweep_pdet": 0.0625, "confirmed_ber": 0.0, "confirmed_ser": 0.0, "confirmed_pdet": 0.058349609375, "passed": false}}, "power_two_sided": {"0.01": {"index": 0, "sweep_ber": 0.0, "sweep_pdet": 0.01171875, "confirmed_ber": 0.0, "confirmed_ser": 0.0, "confirmed_pdet": 0.012939453125, "passed": true}, "0.05": {"index": 0, "sweep_ber": 0.0, "sweep_pdet": 0.0390625, "confirmed_ber": 0.0, "confirmed_ser": 0.0, "confirmed_pdet": 0.051513671875, "passed": true}}, "kurtosis": {"0.01": {"index": 0, "sweep_ber": 0.0, "sweep_pdet": 0.00390625, "confirmed_ber": 0.0, "confirmed_ser": 0.0, "confirmed_pdet": 0.010498046875, "passed": true}, "0.05": {"index": 0, "sweep_ber": 0.0, "sweep_pdet": 0.05078125, "confirmed_ber": 0.0, "confirmed_ser": 0.0, "confirmed_pdet": 0.048095703125, "passed": true}}, "spec_cnn": {"0.01": {"index": 0, "sweep_ber": 0.0, "sweep_pdet": 0.01171875, "confirmed_ber": 0.0, "confirmed_ser": 0.0, "confirmed_pdet": 0.008544921875, "passed": true}, "0.05": {"index": 0, "sweep_ber": 0.0, "sweep_pdet": 0.056640625, "confirmed_ber": 0.0, "confirmed_ser": 0.0, "confirmed_pdet": 0.047119140625, "passed": true}}}  (172s)
  [shadow_0.03] classical pulsed_p0.1
    JSR  -50.0 dB  BER 0.00e+00  P(det)@0.05 power_one_sided 0.053 power_two_sided 0.051 power_csi 0.057 kurtosis 0.027 spec_cnn 0.039  (0s)
    JSR  -49.0 dB  BER 0.00e+00  P(det)@0.05 power_one_sided 0.041 power_two_sided 0.049 power_csi 0.057 kurtosis 0.053 spec_cnn 0.061  (1s)
    JSR  -48.0 dB  BER 0.00e+00  P(det)@0.05 power_one_sided 0.047 power_two_sided 0.037 power_csi 0.059 kurtosis 0.025 spec_cnn 0.037  (1s)
    JSR  -47.0 dB  BER 0.00e+00  P(det)@0.05 power_one_sided 0.057 power_two_sided 0.047 power_csi 0.062 kurtosis 0.041 spec_cnn 0.053  (1s)
    JSR  -46.0 dB  BER 0.00e+00  P(det)@0.05 power_one_sided 0.051 power_two_sided 0.041 power_csi 0.074 kurtosis 0.043 spec_cnn 0.051  (1s)
    JSR  -45.0 dB  BER 0.00e+00  P(det)@0.05 power_one_sided 0.041 power_two_sided 0.070 power_csi 0.062 kurtosis 0.049 spec_cnn 0.051  (2s)
    JSR  -44.0 dB  BER 0.00e+00  P(det)@0.05 power_one_sided 0.072 power_two_sided 0.057 power_csi 0.084 kurtosis 0.059 spec_cnn 0.041  (2s)
    JSR  -43.0 dB  BER 0.00e+00  P(det)@0.05 power_one_sided 0.059 power_two_sided 0.061 power_csi 0.098 kurtosis 0.033 spec_cnn 0.068  (2s)
    JSR  -42.0 dB  BER 0.00e+00  P(det)@0.05 power_one_sided 0.062 power_two_sided 0.064 power_csi 0.094 kurtosis 0.051 spec_cnn 0.068  (3s)
    JSR  -41.0 dB  BER 0.00e+00  P(det)@0.05 power_one_sided 0.057 power_two_sided 0.049 power_csi 0.111 kurtosis 0.055 spec_cnn 0.074  (3s)
    JSR  -40.0 dB  BER 0.00e+00  P(det)@0.05 power_one_sided 0.074 power_two_sided 0.064 power_csi 0.100 kurtosis 0.074 spec_cnn 0.061  (3s)
    JSR  -39.0 dB  BER 0.00e+00  P(det)@0.05 power_one_sided 0.053 power_two_sided 0.043 power_csi 0.113 kurtosis 0.045 spec_cnn 0.100  (4s)
    JSR  -38.0 dB  BER 0.00e+00  P(det)@0.05 power_one_sided 0.051 power_two_sided 0.059 power_csi 0.158 kurtosis 0.053 spec_cnn 0.117  (4s)
    JSR  -37.0 dB  BER 0.00e+00  P(det)@0.05 power_one_sided 0.057 power_two_sided 0.070 power_csi 0.172 kurtosis 0.062 spec_cnn 0.086  (4s)
    JSR  -36.0 dB  BER 0.00e+00  P(det)@0.05 power_one_sided 0.068 power_two_sided 0.068 power_csi 0.199 kurtosis 0.066 spec_cnn 0.109  (4s)
    JSR  -35.0 dB  BER 0.00e+00  P(det)@0.05 power_one_sided 0.062 power_two_sided 0.062 power_csi 0.232 kurtosis 0.074 spec_cnn 0.148  (5s)
    JSR  -34.0 dB  BER 0.00e+00  P(det)@0.05 power_one_sided 0.086 power_two_sided 0.070 power_csi 0.236 kurtosis 0.053 spec_cnn 0.150  (5s)
    JSR  -33.0 dB  BER 0.00e+00  P(det)@0.05 power_one_sided 0.078 power_two_sided 0.088 power_csi 0.283 kurtosis 0.041 spec_cnn 0.156  (5s)
    JSR  -32.0 dB  BER 0.00e+00  P(det)@0.05 power_one_sided 0.066 power_two_sided 0.072 power_csi 0.295 kurtosis 0.035 spec_cnn 0.166  (6s)
    JSR  -31.0 dB  BER 0.00e+00  P(det)@0.05 power_one_sided 0.059 power_two_sided 0.066 power_csi 0.326 kurtosis 0.061 spec_cnn 0.188  (6s)
    JSR  -30.0 dB  BER 0.00e+00  P(det)@0.05 power_one_sided 0.080 power_two_sided 0.088 power_csi 0.367 kurtosis 0.051 spec_cnn 0.213  (6s)
    JSR  -29.0 dB  BER 0.00e+00  P(det)@0.05 power_one_sided 0.092 power_two_sided 0.105 power_csi 0.387 kurtosis 0.045 spec_cnn 0.211  (6s)
    JSR  -28.0 dB  BER 0.00e+00  P(det)@0.05 power_one_sided 0.146 power_two_sided 0.148 power_csi 0.471 kurtosis 0.049 spec_cnn 0.250  (7s)
    JSR  -27.0 dB  BER 0.00e+00  P(det)@0.05 power_one_sided 0.135 power_two_sided 0.125 power_csi 0.480 kurtosis 0.041 spec_cnn 0.262  (7s)
    JSR  -26.0 dB  BER 0.00e+00  P(det)@0.05 power_one_sided 0.182 power_two_sided 0.176 power_csi 0.523 kurtosis 0.043 spec_cnn 0.303  (7s)
    JSR  -25.0 dB  BER 0.00e+00  P(det)@0.05 power_one_sided 0.240 power_two_sided 0.199 power_csi 0.637 kurtosis 0.045 spec_cnn 0.301  (8s)
    JSR  -24.0 dB  BER 0.00e+00  P(det)@0.05 power_one_sided 0.229 power_two_sided 0.209 power_csi 0.557 kurtosis 0.074 spec_cnn 0.312  (8s)
    JSR  -23.0 dB  BER 0.00e+00  P(det)@0.05 power_one_sided 0.279 power_two_sided 0.256 power_csi 0.611 kurtosis 0.051 spec_cnn 0.352  (8s)
    JSR  -22.0 dB  BER 0.00e+00  P(det)@0.05 power_one_sided 0.363 power_two_sided 0.334 power_csi 0.703 kurtosis 0.068 spec_cnn 0.324  (8s)
    JSR  -21.0 dB  BER 0.00e+00  P(det)@0.05 power_one_sided 0.398 power_two_sided 0.363 power_csi 0.697 kurtosis 0.105 spec_cnn 0.328  (9s)
    JSR  -20.0 dB  BER 0.00e+00  P(det)@0.05 power_one_sided 0.477 power_two_sided 0.477 power_csi 0.754 kurtosis 0.096 spec_cnn 0.393  (9s)
    JSR  -19.0 dB  BER 0.00e+00  P(det)@0.05 power_one_sided 0.559 power_two_sided 0.559 power_csi 0.781 kurtosis 0.141 spec_cnn 0.369  (9s)
    JSR  -18.0 dB  BER 0.00e+00  P(det)@0.05 power_one_sided 0.627 power_two_sided 0.600 power_csi 0.854 kurtosis 0.217 spec_cnn 0.402  (10s)
    JSR  -17.0 dB  BER 7.63e-06  P(det)@0.05 power_one_sided 0.748 power_two_sided 0.721 power_csi 0.893 kurtosis 0.316 spec_cnn 0.408  (10s)
    JSR  -16.0 dB  BER 3.05e-05  P(det)@0.05 power_one_sided 0.820 power_two_sided 0.816 power_csi 0.912 kurtosis 0.453 spec_cnn 0.443  (10s)
    JSR  -15.0 dB  BER 1.37e-04  P(det)@0.05 power_one_sided 0.869 power_two_sided 0.869 power_csi 0.941 kurtosis 0.588 spec_cnn 0.521  (11s)
    JSR  -14.0 dB  BER 8.85e-04  P(det)@0.05 power_one_sided 0.889 power_two_sided 0.891 power_csi 0.943 kurtosis 0.746 spec_cnn 0.480  (11s)
    JSR  -13.0 dB  BER 2.43e-03  P(det)@0.05 power_one_sided 0.939 power_two_sided 0.932 power_csi 0.971 kurtosis 0.889 spec_cnn 0.559  (11s)
    JSR  -12.0 dB  BER 6.26e-03  P(det)@0.05 power_one_sided 0.969 power_two_sided 0.965 power_csi 0.988 kurtosis 0.955 spec_cnn 0.611  (11s)
    JSR  -11.0 dB  BER 1.15e-02  P(det)@0.05 power_one_sided 0.984 power_two_sided 0.984 power_csi 0.998 kurtosis 0.982 spec_cnn 0.666  (12s)
    JSR  -10.0 dB  BER 1.63e-02  P(det)@0.05 power_one_sided 0.994 power_two_sided 0.994 power_csi 1.000 kurtosis 0.996 spec_cnn 0.736  (12s)
    JSR   -9.0 dB  BER 2.20e-02  P(det)@0.05 power_one_sided 0.998 power_two_sided 0.998 power_csi 1.000 kurtosis 1.000 spec_cnn 0.811  (12s)
    JSR   -8.0 dB  BER 2.65e-02  P(det)@0.05 power_one_sided 0.998 power_two_sided 0.998 power_csi 1.000 kurtosis 1.000 spec_cnn 0.863  (13s)
    JSR   -7.0 dB  BER 3.10e-02  P(det)@0.05 power_one_sided 1.000 power_two_sided 1.000 power_csi 1.000 kurtosis 1.000 spec_cnn 0.936  (13s)
    JSR   -6.0 dB  BER 3.56e-02  P(det)@0.05 power_one_sided 1.000 power_two_sided 1.000 power_csi 1.000 kurtosis 1.000 spec_cnn 0.977  (13s)
    JSR   -5.0 dB  BER 3.92e-02  P(det)@0.05 power_one_sided 1.000 power_two_sided 1.000 power_csi 1.000 kurtosis 1.000 spec_cnn 0.986  (13s)
    JSR   -4.0 dB  BER 4.33e-02  P(det)@0.05 power_one_sided 1.000 power_two_sided 1.000 power_csi 1.000 kurtosis 1.000 spec_cnn 0.994  (14s)
    JSR   -3.0 dB  BER 4.57e-02  P(det)@0.05 power_one_sided 1.000 power_two_sided 1.000 power_csi 1.000 kurtosis 1.000 spec_cnn 0.998  (14s)
    JSR   -2.0 dB  BER 4.84e-02  P(det)@0.05 power_one_sided 1.000 power_two_sided 1.000 power_csi 1.000 kurtosis 1.000 spec_cnn 1.000  (14s)
    JSR   -1.0 dB  BER 5.46e-02  P(det)@0.05 power_one_sided 1.000 power_two_sided 1.000 power_csi 1.000 kurtosis 1.000 spec_cnn 1.000  (15s)
    JSR   +0.0 dB  BER 5.63e-02  P(det)@0.05 power_one_sided 1.000 power_two_sided 1.000 power_csi 1.000 kurtosis 1.000 spec_cnn 1.000  (15s)
    JSR   +1.0 dB  BER 6.11e-02  P(det)@0.05 power_one_sided 1.000 power_two_sided 1.000 power_csi 1.000 kurtosis 1.000 spec_cnn 1.000  (15s)
    JSR   +2.0 dB  BER 6.49e-02  P(det)@0.05 power_one_sided 1.000 power_two_sided 1.000 power_csi 1.000 kurtosis 1.000 spec_cnn 1.000  (16s)
    JSR   +3.0 dB  BER 6.97e-02  P(det)@0.05 power_one_sided 1.000 power_two_sided 1.000 power_csi 1.000 kurtosis 1.000 spec_cnn 1.000  (16s)
    JSR   +4.0 dB  BER 7.62e-02  P(det)@0.05 power_one_sided 1.000 power_two_sided 1.000 power_csi 1.000 kurtosis 1.000 spec_cnn 1.000  (16s)
    JSR   +5.0 dB  BER 8.49e-02  P(det)@0.05 power_one_sided 1.000 power_two_sided 1.000 power_csi 1.000 kurtosis 1.000 spec_cnn 1.000  (16s)
    JSR   +6.0 dB  BER 8.87e-02  P(det)@0.05 power_one_sided 1.000 power_two_sided 1.000 power_csi 1.000 kurtosis 1.000 spec_cnn 1.000  (17s)
    JSR   +7.0 dB  BER 9.39e-02  P(det)@0.05 power_one_sided 1.000 power_two_sided 1.000 power_csi 1.000 kurtosis 1.000 spec_cnn 1.000  (17s)
    JSR   +8.0 dB  BER 1.02e-01  P(det)@0.05 power_one_sided 1.000 power_two_sided 1.000 power_csi 1.000 kurtosis 1.000 spec_cnn 1.000  (17s)
    JSR   +9.0 dB  BER 1.07e-01  P(det)@0.05 power_one_sided 1.000 power_two_sided 1.000 power_csi 1.000 kurtosis 1.000 spec_cnn 1.000  (18s)
    JSR  +10.0 dB  BER 1.09e-01  P(det)@0.05 power_one_sided 1.000 power_two_sided 1.000 power_csi 1.000 kurtosis 1.000 spec_cnn 1.000  (18s)
    JSR  +11.0 dB  BER 1.22e-01  P(det)@0.05 power_one_sided 1.000 power_two_sided 1.000 power_csi 1.000 kurtosis 1.000 spec_cnn 1.000  (18s)
    JSR  +12.0 dB  BER 1.20e-01  P(det)@0.05 power_one_sided 1.000 power_two_sided 1.000 power_csi 1.000 kurtosis 1.000 spec_cnn 1.000  (18s)
    JSR  +13.0 dB  BER 1.28e-01  P(det)@0.05 power_one_sided 1.000 power_two_sided 1.000 power_csi 1.000 kurtosis 1.000 spec_cnn 1.000  (19s)
    JSR  +14.0 dB  BER 1.35e-01  P(det)@0.05 power_one_sided 1.000 power_two_sided 1.000 power_csi 1.000 kurtosis 1.000 spec_cnn 1.000  (19s)
    JSR  +15.0 dB  BER 1.45e-01  P(det)@0.05 power_one_sided 1.000 power_two_sided 1.000 power_csi 1.000 kurtosis 1.000 spec_cnn 1.000  (19s)
  [shadow_0.03] pulsed_p0.1 confirmed: {"power_one_sided": {"0.01": {"index": 0, "sweep_ber": 0.0, "sweep_pdet": 0.013671875, "confirmed_ber": 0.0, "confirmed_ser": 0.0, "confirmed_pdet": 0.010986328125, "passed": true}, "0.05": {"index": 0, "sweep_ber": 0.0, "sweep_pdet": 0.052734375, "confirmed_ber": 0.0, "confirmed_ser": 0.0, "confirmed_pdet": 0.043701171875, "passed": true}}, "power_csi": {"0.01": {"index": 0, "sweep_ber": 0.0, "sweep_pdet": 0.009765625, "confirmed_ber": 0.0, "confirmed_ser": 0.0, "confirmed_pdet": 0.012939453125, "passed": true}, "0.05": {"index": 0, "sweep_ber": 0.0, "sweep_pdet": 0.056640625, "confirmed_ber": 0.0, "confirmed_ser": 0.0, "confirmed_pdet": 0.058837890625, "passed": false}}, "power_two_sided": {"0.01": {"index": 0, "sweep_ber": 0.0, "sweep_pdet": 0.013671875, "confirmed_ber": 0.0, "confirmed_ser": 0.0, "confirmed_pdet": 0.010009765625, "passed": true}, "0.05": {"index": 0, "sweep_ber": 0.0, "sweep_pdet": 0.05078125, "confirmed_ber": 0.0, "confirmed_ser": 0.0, "confirmed_pdet": 0.052490234375, "passed": true}}, "kurtosis": {"0.01": {"index": 0, "sweep_ber": 0.0, "sweep_pdet": 0.001953125, "confirmed_ber": 0.0, "confirmed_ser": 0.0, "confirmed_pdet": 0.008544921875, "passed": true}, "0.05": {"index": 0, "sweep_ber": 0.0, "sweep_pdet": 0.02734375, "confirmed_ber": 0.0, "confirmed_ser": 0.0, "confirmed_pdet": 0.045166015625, "passed": true}}, "spec_cnn": {"0.01": {"index": 0, "sweep_ber": 0.0, "sweep_pdet": 0.00390625, "confirmed_ber": 0.0, "confirmed_ser": 0.0, "confirmed_pdet": 0.009765625, "passed": true}, "0.05": {"index": 0, "sweep_ber": 0.0, "sweep_pdet": 0.0390625, "confirmed_ber": 0.0, "confirmed_ser": 0.0, "confirmed_pdet": 0.05322265625, "passed": true}}}  (215s)
  [shadow_0.03] classical omniscient_e0.1
    JSR  -50.0 dB  BER 0.00e+00  P(det)@0.05 power_one_sided 0.045 power_two_sided 0.039 power_csi 0.051 kurtosis 0.029 spec_cnn 0.039  (0s)
    JSR  -49.0 dB  BER 0.00e+00  P(det)@0.05 power_one_sided 0.043 power_two_sided 0.043 power_csi 0.037 kurtosis 0.043 spec_cnn 0.041  (1s)
    JSR  -48.0 dB  BER 0.00e+00  P(det)@0.05 power_one_sided 0.057 power_two_sided 0.068 power_csi 0.049 kurtosis 0.049 spec_cnn 0.039  (1s)
    JSR  -47.0 dB  BER 0.00e+00  P(det)@0.05 power_one_sided 0.062 power_two_sided 0.055 power_csi 0.057 kurtosis 0.033 spec_cnn 0.064  (1s)
    JSR  -46.0 dB  BER 0.00e+00  P(det)@0.05 power_one_sided 0.068 power_two_sided 0.062 power_csi 0.035 kurtosis 0.045 spec_cnn 0.055  (1s)
    JSR  -45.0 dB  BER 0.00e+00  P(det)@0.05 power_one_sided 0.039 power_two_sided 0.053 power_csi 0.043 kurtosis 0.066 spec_cnn 0.043  (2s)
    JSR  -44.0 dB  BER 0.00e+00  P(det)@0.05 power_one_sided 0.049 power_two_sided 0.061 power_csi 0.037 kurtosis 0.041 spec_cnn 0.041  (2s)
    JSR  -43.0 dB  BER 0.00e+00  P(det)@0.05 power_one_sided 0.039 power_two_sided 0.047 power_csi 0.031 kurtosis 0.061 spec_cnn 0.047  (2s)
    JSR  -42.0 dB  BER 0.00e+00  P(det)@0.05 power_one_sided 0.059 power_two_sided 0.068 power_csi 0.043 kurtosis 0.045 spec_cnn 0.037  (3s)
    JSR  -41.0 dB  BER 0.00e+00  P(det)@0.05 power_one_sided 0.047 power_two_sided 0.055 power_csi 0.047 kurtosis 0.066 spec_cnn 0.062  (3s)
    JSR  -40.0 dB  BER 0.00e+00  P(det)@0.05 power_one_sided 0.043 power_two_sided 0.033 power_csi 0.064 kurtosis 0.045 spec_cnn 0.055  (3s)
    JSR  -39.0 dB  BER 0.00e+00  P(det)@0.05 power_one_sided 0.053 power_two_sided 0.045 power_csi 0.061 kurtosis 0.047 spec_cnn 0.062  (3s)
    JSR  -38.0 dB  BER 0.00e+00  P(det)@0.05 power_one_sided 0.047 power_two_sided 0.047 power_csi 0.059 kurtosis 0.053 spec_cnn 0.053  (4s)
    JSR  -37.0 dB  BER 0.00e+00  P(det)@0.05 power_one_sided 0.053 power_two_sided 0.043 power_csi 0.033 kurtosis 0.064 spec_cnn 0.047  (4s)
    JSR  -36.0 dB  BER 0.00e+00  P(det)@0.05 power_one_sided 0.027 power_two_sided 0.043 power_csi 0.049 kurtosis 0.053 spec_cnn 0.053  (4s)
    JSR  -35.0 dB  BER 0.00e+00  P(det)@0.05 power_one_sided 0.045 power_two_sided 0.068 power_csi 0.051 kurtosis 0.037 spec_cnn 0.047  (5s)
    JSR  -34.0 dB  BER 0.00e+00  P(det)@0.05 power_one_sided 0.023 power_two_sided 0.023 power_csi 0.047 kurtosis 0.041 spec_cnn 0.039  (5s)
    JSR  -33.0 dB  BER 0.00e+00  P(det)@0.05 power_one_sided 0.035 power_two_sided 0.041 power_csi 0.061 kurtosis 0.043 spec_cnn 0.043  (5s)
    JSR  -32.0 dB  BER 0.00e+00  P(det)@0.05 power_one_sided 0.041 power_two_sided 0.053 power_csi 0.061 kurtosis 0.057 spec_cnn 0.053  (6s)
    JSR  -31.0 dB  BER 0.00e+00  P(det)@0.05 power_one_sided 0.039 power_two_sided 0.049 power_csi 0.053 kurtosis 0.057 spec_cnn 0.062  (6s)
    JSR  -30.0 dB  BER 0.00e+00  P(det)@0.05 power_one_sided 0.059 power_two_sided 0.061 power_csi 0.055 kurtosis 0.062 spec_cnn 0.047  (6s)
    JSR  -29.0 dB  BER 0.00e+00  P(det)@0.05 power_one_sided 0.062 power_two_sided 0.074 power_csi 0.047 kurtosis 0.051 spec_cnn 0.051  (6s)
    JSR  -28.0 dB  BER 0.00e+00  P(det)@0.05 power_one_sided 0.049 power_two_sided 0.051 power_csi 0.055 kurtosis 0.055 spec_cnn 0.061  (7s)
    JSR  -27.0 dB  BER 0.00e+00  P(det)@0.05 power_one_sided 0.043 power_two_sided 0.055 power_csi 0.064 kurtosis 0.043 spec_cnn 0.059  (7s)
    JSR  -26.0 dB  BER 0.00e+00  P(det)@0.05 power_one_sided 0.068 power_two_sided 0.064 power_csi 0.062 kurtosis 0.070 spec_cnn 0.053  (7s)
    JSR  -25.0 dB  BER 0.00e+00  P(det)@0.05 power_one_sided 0.045 power_two_sided 0.055 power_csi 0.045 kurtosis 0.033 spec_cnn 0.053  (8s)
    JSR  -24.0 dB  BER 0.00e+00  P(det)@0.05 power_one_sided 0.037 power_two_sided 0.049 power_csi 0.047 kurtosis 0.062 spec_cnn 0.051  (8s)
    JSR  -23.0 dB  BER 0.00e+00  P(det)@0.05 power_one_sided 0.055 power_two_sided 0.059 power_csi 0.057 kurtosis 0.062 spec_cnn 0.043  (8s)
    JSR  -22.0 dB  BER 0.00e+00  P(det)@0.05 power_one_sided 0.057 power_two_sided 0.051 power_csi 0.062 kurtosis 0.053 spec_cnn 0.049  (8s)
    JSR  -21.0 dB  BER 0.00e+00  P(det)@0.05 power_one_sided 0.045 power_two_sided 0.068 power_csi 0.043 kurtosis 0.053 spec_cnn 0.061  (9s)
    JSR  -20.0 dB  BER 7.81e-03  P(det)@0.05 power_one_sided 0.004 power_two_sided 0.221 power_csi 0.000 kurtosis 0.043 spec_cnn 0.061  (9s)
    JSR  -19.0 dB  BER 7.81e-03  P(det)@0.05 power_one_sided 0.006 power_two_sided 0.182 power_csi 0.000 kurtosis 0.066 spec_cnn 0.041  (9s)
    JSR  -18.0 dB  BER 7.81e-03  P(det)@0.05 power_one_sided 0.002 power_two_sided 0.203 power_csi 0.000 kurtosis 0.055 spec_cnn 0.049  (10s)
    JSR  -17.0 dB  BER 1.56e-02  P(det)@0.05 power_one_sided 0.000 power_two_sided 0.615 power_csi 0.000 kurtosis 0.055 spec_cnn 0.059  (10s)
    JSR  -16.0 dB  BER 1.56e-02  P(det)@0.05 power_one_sided 0.000 power_two_sided 0.613 power_csi 0.000 kurtosis 0.098 spec_cnn 0.064  (10s)
    JSR  -15.0 dB  BER 2.34e-02  P(det)@0.05 power_one_sided 0.000 power_two_sided 0.916 power_csi 0.000 kurtosis 0.182 spec_cnn 0.043  (10s)
    JSR  -14.0 dB  BER 3.12e-02  P(det)@0.05 power_one_sided 0.000 power_two_sided 0.990 power_csi 0.000 kurtosis 0.234 spec_cnn 0.047  (11s)
    JSR  -13.0 dB  BER 3.91e-02  P(det)@0.05 power_one_sided 0.000 power_two_sided 1.000 power_csi 0.000 kurtosis 0.355 spec_cnn 0.043  (11s)
    JSR  -12.0 dB  BER 4.69e-02  P(det)@0.05 power_one_sided 0.000 power_two_sided 1.000 power_csi 0.000 kurtosis 0.535 spec_cnn 0.064  (11s)
    JSR  -11.0 dB  BER 6.25e-02  P(det)@0.05 power_one_sided 0.000 power_two_sided 1.000 power_csi 0.000 kurtosis 0.740 spec_cnn 0.051  (12s)
    JSR  -10.0 dB  BER 7.81e-02  P(det)@0.05 power_one_sided 0.000 power_two_sided 1.000 power_csi 0.000 kurtosis 0.900 spec_cnn 0.039  (12s)
    JSR   -9.0 dB  BER 1.02e-01  P(det)@0.05 power_one_sided 0.000 power_two_sided 1.000 power_csi 0.000 kurtosis 0.996 spec_cnn 0.053  (12s)
    JSR   -8.0 dB  BER 1.25e-01  P(det)@0.05 power_one_sided 0.000 power_two_sided 1.000 power_csi 0.000 kurtosis 1.000 spec_cnn 0.031  (12s)
    JSR   -7.0 dB  BER 1.64e-01  P(det)@0.05 power_one_sided 0.000 power_two_sided 1.000 power_csi 0.000 kurtosis 1.000 spec_cnn 0.039  (13s)
    JSR   -6.0 dB  BER 2.03e-01  P(det)@0.05 power_one_sided 0.000 power_two_sided 1.000 power_csi 0.000 kurtosis 1.000 spec_cnn 0.031  (13s)
    JSR   -5.0 dB  BER 2.58e-01  P(det)@0.05 power_one_sided 0.000 power_two_sided 1.000 power_csi 0.000 kurtosis 1.000 spec_cnn 0.035  (13s)
    JSR   -4.0 dB  BER 3.28e-01  P(det)@0.05 power_one_sided 0.000 power_two_sided 1.000 power_csi 0.000 kurtosis 1.000 spec_cnn 0.033  (14s)
    JSR   -3.0 dB  BER 4.14e-01  P(det)@0.05 power_one_sided 0.000 power_two_sided 1.000 power_csi 0.000 kurtosis 1.000 spec_cnn 0.033  (14s)
    JSR   -2.0 dB  BER 5.16e-01  P(det)@0.05 power_one_sided 0.000 power_two_sided 1.000 power_csi 0.000 kurtosis 1.000 spec_cnn 0.004  (14s)
    JSR   -1.0 dB  BER 6.56e-01  P(det)@0.05 power_one_sided 0.000 power_two_sided 1.000 power_csi 0.000 kurtosis 1.000 spec_cnn 0.002  (15s)
    JSR   +0.0 dB  BER 8.20e-01  P(det)@0.05 power_one_sided 0.000 power_two_sided 1.000 power_csi 0.000 kurtosis 1.000 spec_cnn 0.000  (15s)
    JSR   +1.0 dB  BER 1.00e+00  P(det)@0.05 power_one_sided 0.000 power_two_sided 1.000 power_csi 0.000 kurtosis 0.975 spec_cnn 0.000  (15s)
    JSR   +2.0 dB  BER 1.00e+00  P(det)@0.05 power_one_sided 0.000 power_two_sided 1.000 power_csi 0.000 kurtosis 0.992 spec_cnn 0.000  (15s)
    JSR   +3.0 dB  BER 1.00e+00  P(det)@0.05 power_one_sided 0.000 power_two_sided 1.000 power_csi 0.000 kurtosis 0.982 spec_cnn 0.000  (16s)
    JSR   +4.0 dB  BER 1.00e+00  P(det)@0.05 power_one_sided 0.000 power_two_sided 1.000 power_csi 0.000 kurtosis 0.988 spec_cnn 0.000  (16s)
    JSR   +5.0 dB  BER 1.00e+00  P(det)@0.05 power_one_sided 0.000 power_two_sided 1.000 power_csi 0.000 kurtosis 0.980 spec_cnn 0.000  (16s)
    JSR   +6.0 dB  BER 1.00e+00  P(det)@0.05 power_one_sided 0.000 power_two_sided 1.000 power_csi 0.000 kurtosis 0.967 spec_cnn 0.000  (17s)
    JSR   +7.0 dB  BER 1.00e+00  P(det)@0.05 power_one_sided 0.000 power_two_sided 1.000 power_csi 0.000 kurtosis 0.988 spec_cnn 0.000  (17s)
    JSR   +8.0 dB  BER 1.00e+00  P(det)@0.05 power_one_sided 0.000 power_two_sided 1.000 power_csi 0.000 kurtosis 0.975 spec_cnn 0.000  (17s)
    JSR   +9.0 dB  BER 1.00e+00  P(det)@0.05 power_one_sided 0.000 power_two_sided 1.000 power_csi 0.000 kurtosis 0.988 spec_cnn 0.000  (17s)
    JSR  +10.0 dB  BER 1.00e+00  P(det)@0.05 power_one_sided 0.000 power_two_sided 1.000 power_csi 0.000 kurtosis 0.982 spec_cnn 0.000  (18s)
    JSR  +11.0 dB  BER 1.00e+00  P(det)@0.05 power_one_sided 0.000 power_two_sided 1.000 power_csi 0.000 kurtosis 0.984 spec_cnn 0.000  (18s)
    JSR  +12.0 dB  BER 1.00e+00  P(det)@0.05 power_one_sided 0.000 power_two_sided 1.000 power_csi 0.000 kurtosis 0.996 spec_cnn 0.000  (18s)
    JSR  +13.0 dB  BER 1.00e+00  P(det)@0.05 power_one_sided 0.000 power_two_sided 1.000 power_csi 0.000 kurtosis 0.994 spec_cnn 0.000  (19s)
    JSR  +14.0 dB  BER 1.00e+00  P(det)@0.05 power_one_sided 0.000 power_two_sided 1.000 power_csi 0.000 kurtosis 0.988 spec_cnn 0.000  (19s)
    JSR  +15.0 dB  BER 1.00e+00  P(det)@0.05 power_one_sided 0.000 power_two_sided 1.000 power_csi 0.000 kurtosis 0.990 spec_cnn 0.000  (19s)
  [shadow_0.03] omniscient_e0.1 confirmed: {"power_one_sided": {"0.01": {"index": 51, "sweep_ber": 1.0, "sweep_pdet": 0.0, "confirmed_ber": 1.0, "confirmed_ser": 1.0, "confirmed_pdet": 0.0, "passed": true}, "0.05": {"index": 51, "sweep_ber": 1.0, "sweep_pdet": 0.0, "confirmed_ber": 1.0, "confirmed_ser": 1.0, "confirmed_pdet": 0.0, "passed": true}}, "power_csi": {"0.01": {"index": 51, "sweep_ber": 1.0, "sweep_pdet": 0.0, "confirmed_ber": 1.0, "confirmed_ser": 1.0, "confirmed_pdet": 0.0, "passed": true}, "0.05": {"index": 51, "sweep_ber": 1.0, "sweep_pdet": 0.0, "confirmed_ber": 1.0, "confirmed_ser": 1.0, "confirmed_pdet": 0.0, "passed": true}}, "power_two_sided": {"0.01": {"index": 0, "sweep_ber": 0.0, "sweep_pdet": 0.013671875, "confirmed_ber": 0.0, "confirmed_ser": 0.0, "confirmed_pdet": 0.01123046875, "passed": true}, "0.05": {"index": 0, "sweep_ber": 0.0, "sweep_pdet": 0.0390625, "confirmed_ber": 0.0, "confirmed_ser": 0.0, "confirmed_pdet": 0.05419921875, "passed": true}}, "kurtosis": {"0.01": {"index": 30, "sweep_ber": 0.0078125, "sweep_pdet": 0.015625, "confirmed_ber": 0.0078125, "confirmed_ser": 0.0078125, "confirmed_pdet": 0.017578125, "passed": false}, "0.05": {"index": 33, "sweep_ber": 0.015625, "sweep_pdet": 0.0546875, "confirmed_ber": 0.015625, "confirmed_ser": 0.015625, "confirmed_pdet": 0.09814453125, "passed": false}}, "spec_cnn": {"0.01": {"index": 51, "sweep_ber": 1.0, "sweep_pdet": 0.0, "confirmed_ber": 1.0, "confirmed_ser": 1.0, "confirmed_pdet": 0.0, "passed": true}, "0.05": {"index": 51, "sweep_ber": 1.0, "sweep_pdet": 0.0, "confirmed_ber": 1.0, "confirmed_ser": 1.0, "confirmed_pdet": 0.0, "passed": true}}}  (257s)
  [shadow_0.03] classical omniscient_e1
    JSR  -50.0 dB  BER 0.00e+00  P(det)@0.05 power_one_sided 0.066 power_two_sided 0.055 power_csi 0.029 kurtosis 0.039 spec_cnn 0.061  (0s)
    JSR  -49.0 dB  BER 0.00e+00  P(det)@0.05 power_one_sided 0.039 power_two_sided 0.059 power_csi 0.066 kurtosis 0.049 spec_cnn 0.088  (1s)
    JSR  -48.0 dB  BER 0.00e+00  P(det)@0.05 power_one_sided 0.037 power_two_sided 0.047 power_csi 0.037 kurtosis 0.031 spec_cnn 0.041  (1s)
    JSR  -47.0 dB  BER 0.00e+00  P(det)@0.05 power_one_sided 0.047 power_two_sided 0.064 power_csi 0.047 kurtosis 0.047 spec_cnn 0.062  (1s)
    JSR  -46.0 dB  BER 0.00e+00  P(det)@0.05 power_one_sided 0.043 power_two_sided 0.053 power_csi 0.049 kurtosis 0.062 spec_cnn 0.057  (1s)
    JSR  -45.0 dB  BER 0.00e+00  P(det)@0.05 power_one_sided 0.057 power_two_sided 0.070 power_csi 0.049 kurtosis 0.045 spec_cnn 0.057  (2s)
    JSR  -44.0 dB  BER 0.00e+00  P(det)@0.05 power_one_sided 0.049 power_two_sided 0.043 power_csi 0.035 kurtosis 0.049 spec_cnn 0.059  (2s)
    JSR  -43.0 dB  BER 0.00e+00  P(det)@0.05 power_one_sided 0.045 power_two_sided 0.045 power_csi 0.043 kurtosis 0.049 spec_cnn 0.049  (2s)
    JSR  -42.0 dB  BER 0.00e+00  P(det)@0.05 power_one_sided 0.041 power_two_sided 0.047 power_csi 0.053 kurtosis 0.059 spec_cnn 0.049  (3s)
    JSR  -41.0 dB  BER 0.00e+00  P(det)@0.05 power_one_sided 0.045 power_two_sided 0.062 power_csi 0.051 kurtosis 0.051 spec_cnn 0.057  (3s)
    JSR  -40.0 dB  BER 0.00e+00  P(det)@0.05 power_one_sided 0.043 power_two_sided 0.047 power_csi 0.045 kurtosis 0.064 spec_cnn 0.049  (3s)
    JSR  -39.0 dB  BER 0.00e+00  P(det)@0.05 power_one_sided 0.045 power_two_sided 0.064 power_csi 0.037 kurtosis 0.045 spec_cnn 0.051  (3s)
    JSR  -38.0 dB  BER 0.00e+00  P(det)@0.05 power_one_sided 0.055 power_two_sided 0.049 power_csi 0.031 kurtosis 0.041 spec_cnn 0.033  (4s)
    JSR  -37.0 dB  BER 0.00e+00  P(det)@0.05 power_one_sided 0.047 power_two_sided 0.055 power_csi 0.049 kurtosis 0.051 spec_cnn 0.045  (4s)
    JSR  -36.0 dB  BER 0.00e+00  P(det)@0.05 power_one_sided 0.068 power_two_sided 0.053 power_csi 0.045 kurtosis 0.061 spec_cnn 0.031  (4s)
    JSR  -35.0 dB  BER 0.00e+00  P(det)@0.05 power_one_sided 0.041 power_two_sided 0.055 power_csi 0.039 kurtosis 0.045 spec_cnn 0.047  (5s)
    JSR  -34.0 dB  BER 0.00e+00  P(det)@0.05 power_one_sided 0.057 power_two_sided 0.061 power_csi 0.061 kurtosis 0.062 spec_cnn 0.039  (5s)
    JSR  -33.0 dB  BER 0.00e+00  P(det)@0.05 power_one_sided 0.053 power_two_sided 0.045 power_csi 0.055 kurtosis 0.057 spec_cnn 0.051  (5s)
    JSR  -32.0 dB  BER 0.00e+00  P(det)@0.05 power_one_sided 0.039 power_two_sided 0.033 power_csi 0.049 kurtosis 0.055 spec_cnn 0.070  (6s)
    JSR  -31.0 dB  BER 0.00e+00  P(det)@0.05 power_one_sided 0.037 power_two_sided 0.043 power_csi 0.039 kurtosis 0.049 spec_cnn 0.043  (6s)
    JSR  -30.0 dB  BER 0.00e+00  P(det)@0.05 power_one_sided 0.061 power_two_sided 0.055 power_csi 0.033 kurtosis 0.045 spec_cnn 0.043  (6s)
    JSR  -29.0 dB  BER 0.00e+00  P(det)@0.05 power_one_sided 0.047 power_two_sided 0.049 power_csi 0.062 kurtosis 0.055 spec_cnn 0.045  (6s)
    JSR  -28.0 dB  BER 0.00e+00  P(det)@0.05 power_one_sided 0.062 power_two_sided 0.059 power_csi 0.045 kurtosis 0.049 spec_cnn 0.041  (7s)
    JSR  -27.0 dB  BER 0.00e+00  P(det)@0.05 power_one_sided 0.045 power_two_sided 0.043 power_csi 0.043 kurtosis 0.061 spec_cnn 0.061  (7s)
    JSR  -26.0 dB  BER 0.00e+00  P(det)@0.05 power_one_sided 0.047 power_two_sided 0.049 power_csi 0.047 kurtosis 0.049 spec_cnn 0.053  (7s)
    JSR  -25.0 dB  BER 0.00e+00  P(det)@0.05 power_one_sided 0.033 power_two_sided 0.037 power_csi 0.051 kurtosis 0.047 spec_cnn 0.031  (8s)
    JSR  -24.0 dB  BER 0.00e+00  P(det)@0.05 power_one_sided 0.061 power_two_sided 0.051 power_csi 0.049 kurtosis 0.039 spec_cnn 0.029  (8s)
    JSR  -23.0 dB  BER 0.00e+00  P(det)@0.05 power_one_sided 0.049 power_two_sided 0.047 power_csi 0.041 kurtosis 0.053 spec_cnn 0.039  (8s)
    JSR  -22.0 dB  BER 0.00e+00  P(det)@0.05 power_one_sided 0.043 power_two_sided 0.047 power_csi 0.043 kurtosis 0.061 spec_cnn 0.023  (8s)
    JSR  -21.0 dB  BER 0.00e+00  P(det)@0.05 power_one_sided 0.053 power_two_sided 0.047 power_csi 0.055 kurtosis 0.059 spec_cnn 0.033  (9s)
    JSR  -20.0 dB  BER 0.00e+00  P(det)@0.05 power_one_sided 0.072 power_two_sided 0.066 power_csi 0.074 kurtosis 0.051 spec_cnn 0.061  (9s)
    JSR  -19.0 dB  BER 0.00e+00  P(det)@0.05 power_one_sided 0.064 power_two_sided 0.064 power_csi 0.045 kurtosis 0.051 spec_cnn 0.041  (9s)
    JSR  -18.0 dB  BER 0.00e+00  P(det)@0.05 power_one_sided 0.031 power_two_sided 0.041 power_csi 0.047 kurtosis 0.043 spec_cnn 0.043  (10s)
    JSR  -17.0 dB  BER 0.00e+00  P(det)@0.05 power_one_sided 0.023 power_two_sided 0.041 power_csi 0.047 kurtosis 0.061 spec_cnn 0.057  (10s)
    JSR  -16.0 dB  BER 0.00e+00  P(det)@0.05 power_one_sided 0.055 power_two_sided 0.061 power_csi 0.055 kurtosis 0.068 spec_cnn 0.057  (10s)
    JSR  -15.0 dB  BER 7.81e-03  P(det)@0.05 power_one_sided 0.041 power_two_sided 0.061 power_csi 0.068 kurtosis 0.070 spec_cnn 0.053  (10s)
    JSR  -14.0 dB  BER 7.81e-03  P(det)@0.05 power_one_sided 0.053 power_two_sided 0.068 power_csi 0.055 kurtosis 0.057 spec_cnn 0.053  (11s)
    JSR  -13.0 dB  BER 7.81e-03  P(det)@0.05 power_one_sided 0.062 power_two_sided 0.053 power_csi 0.043 kurtosis 0.037 spec_cnn 0.043  (11s)
    JSR  -12.0 dB  BER 1.56e-02  P(det)@0.05 power_one_sided 0.051 power_two_sided 0.053 power_csi 0.051 kurtosis 0.031 spec_cnn 0.051  (11s)
    JSR  -11.0 dB  BER 1.56e-02  P(det)@0.05 power_one_sided 0.041 power_two_sided 0.059 power_csi 0.029 kurtosis 0.055 spec_cnn 0.041  (12s)
    JSR  -10.0 dB  BER 2.34e-02  P(det)@0.05 power_one_sided 0.043 power_two_sided 0.033 power_csi 0.041 kurtosis 0.055 spec_cnn 0.055  (12s)
    JSR   -9.0 dB  BER 3.12e-02  P(det)@0.05 power_one_sided 0.033 power_two_sided 0.045 power_csi 0.045 kurtosis 0.070 spec_cnn 0.053  (12s)
    JSR   -8.0 dB  BER 3.91e-02  P(det)@0.05 power_one_sided 0.066 power_two_sided 0.061 power_csi 0.064 kurtosis 0.053 spec_cnn 0.039  (12s)
    JSR   -7.0 dB  BER 4.69e-02  P(det)@0.05 power_one_sided 0.053 power_two_sided 0.059 power_csi 0.027 kurtosis 0.039 spec_cnn 0.049  (13s)
    JSR   -6.0 dB  BER 6.25e-02  P(det)@0.05 power_one_sided 0.055 power_two_sided 0.062 power_csi 0.062 kurtosis 0.053 spec_cnn 0.035  (13s)
    JSR   -5.0 dB  BER 7.81e-02  P(det)@0.05 power_one_sided 0.059 power_two_sided 0.053 power_csi 0.033 kurtosis 0.059 spec_cnn 0.057  (13s)
    JSR   -4.0 dB  BER 9.38e-02  P(det)@0.05 power_one_sided 0.057 power_two_sided 0.062 power_csi 0.055 kurtosis 0.047 spec_cnn 0.055  (14s)
    JSR   -3.0 dB  BER 1.25e-01  P(det)@0.05 power_one_sided 0.041 power_two_sided 0.045 power_csi 0.041 kurtosis 0.033 spec_cnn 0.062  (14s)
    JSR   -2.0 dB  BER 1.56e-01  P(det)@0.05 power_one_sided 0.045 power_two_sided 0.059 power_csi 0.037 kurtosis 0.057 spec_cnn 0.062  (14s)
    JSR   -1.0 dB  BER 1.95e-01  P(det)@0.05 power_one_sided 0.053 power_two_sided 0.059 power_csi 0.051 kurtosis 0.062 spec_cnn 0.049  (15s)
    JSR   +0.0 dB  BER 2.50e-01  P(det)@0.05 power_one_sided 0.070 power_two_sided 0.047 power_csi 0.033 kurtosis 0.041 spec_cnn 0.043  (15s)
    JSR   +1.0 dB  BER 3.12e-01  P(det)@0.05 power_one_sided 0.049 power_two_sided 0.041 power_csi 0.049 kurtosis 0.055 spec_cnn 0.031  (15s)
    JSR   +2.0 dB  BER 3.91e-01  P(det)@0.05 power_one_sided 0.053 power_two_sided 0.051 power_csi 0.035 kurtosis 0.051 spec_cnn 0.061  (15s)
    JSR   +3.0 dB  BER 4.92e-01  P(det)@0.05 power_one_sided 0.055 power_two_sided 0.045 power_csi 0.049 kurtosis 0.041 spec_cnn 0.047  (16s)
    JSR   +4.0 dB  BER 6.25e-01  P(det)@0.05 power_one_sided 0.057 power_two_sided 0.061 power_csi 0.045 kurtosis 0.055 spec_cnn 0.049  (16s)
    JSR   +5.0 dB  BER 7.89e-01  P(det)@0.05 power_one_sided 0.066 power_two_sided 0.059 power_csi 0.055 kurtosis 0.035 spec_cnn 0.047  (16s)
    JSR   +6.0 dB  BER 9.92e-01  P(det)@0.05 power_one_sided 0.047 power_two_sided 0.049 power_csi 0.059 kurtosis 0.049 spec_cnn 0.059  (17s)
    JSR   +7.0 dB  BER 1.00e+00  P(det)@0.05 power_one_sided 0.055 power_two_sided 0.070 power_csi 0.033 kurtosis 0.066 spec_cnn 0.062  (17s)
    JSR   +8.0 dB  BER 1.00e+00  P(det)@0.05 power_one_sided 0.051 power_two_sided 0.055 power_csi 0.033 kurtosis 0.068 spec_cnn 0.055  (17s)
    JSR   +9.0 dB  BER 1.00e+00  P(det)@0.05 power_one_sided 0.041 power_two_sided 0.062 power_csi 0.031 kurtosis 0.059 spec_cnn 0.025  (17s)
    JSR  +10.0 dB  BER 1.00e+00  P(det)@0.05 power_one_sided 0.055 power_two_sided 0.053 power_csi 0.064 kurtosis 0.059 spec_cnn 0.053  (18s)
    JSR  +11.0 dB  BER 1.00e+00  P(det)@0.05 power_one_sided 0.043 power_two_sided 0.049 power_csi 0.068 kurtosis 0.051 spec_cnn 0.033  (18s)
    JSR  +12.0 dB  BER 1.00e+00  P(det)@0.05 power_one_sided 0.047 power_two_sided 0.043 power_csi 0.033 kurtosis 0.027 spec_cnn 0.037  (18s)
    JSR  +13.0 dB  BER 1.00e+00  P(det)@0.05 power_one_sided 0.055 power_two_sided 0.051 power_csi 0.053 kurtosis 0.051 spec_cnn 0.053  (19s)
    JSR  +14.0 dB  BER 1.00e+00  P(det)@0.05 power_one_sided 0.037 power_two_sided 0.037 power_csi 0.055 kurtosis 0.066 spec_cnn 0.045  (19s)
    JSR  +15.0 dB  BER 1.00e+00  P(det)@0.05 power_one_sided 0.059 power_two_sided 0.055 power_csi 0.051 kurtosis 0.029 spec_cnn 0.062  (19s)
  [shadow_0.03] omniscient_e1 confirmed: {"power_one_sided": {"0.01": {"index": 58, "sweep_ber": 1.0, "sweep_pdet": 0.009765625, "confirmed_ber": 1.0, "confirmed_ser": 1.0, "confirmed_pdet": 0.010986328125, "passed": true}, "0.05": {"index": 57, "sweep_ber": 1.0, "sweep_pdet": 0.0546875, "confirmed_ber": 1.0, "confirmed_ser": 1.0, "confirmed_pdet": 0.049560546875, "passed": true}}, "power_csi": {"0.01": {"index": 57, "sweep_ber": 1.0, "sweep_pdet": 0.0078125, "confirmed_ber": 1.0, "confirmed_ser": 1.0, "confirmed_pdet": 0.01123046875, "passed": true}, "0.05": {"index": 57, "sweep_ber": 1.0, "sweep_pdet": 0.033203125, "confirmed_ber": 1.0, "confirmed_ser": 1.0, "confirmed_pdet": 0.05224609375, "passed": true}}, "power_two_sided": {"0.01": {"index": 57, "sweep_ber": 1.0, "sweep_pdet": 0.017578125, "confirmed_ber": 1.0, "confirmed_ser": 1.0, "confirmed_pdet": 0.010986328125, "passed": true}, "0.05": {"index": 58, "sweep_ber": 1.0, "sweep_pdet": 0.0546875, "confirmed_ber": 1.0, "confirmed_ser": 1.0, "confirmed_pdet": 0.055419921875, "passed": true}}, "kurtosis": {"0.01": {"index": 57, "sweep_ber": 1.0, "sweep_pdet": 0.01171875, "confirmed_ber": 1.0, "confirmed_ser": 1.0, "confirmed_pdet": 0.010986328125, "passed": true}, "0.05": {"index": 57, "sweep_ber": 1.0, "sweep_pdet": 0.06640625, "confirmed_ber": 1.0, "confirmed_ser": 1.0, "confirmed_pdet": 0.0517578125, "passed": true}}, "spec_cnn": {"0.01": {"index": 57, "sweep_ber": 1.0, "sweep_pdet": 0.0078125, "confirmed_ber": 1.0, "confirmed_ser": 1.0, "confirmed_pdet": 0.008056640625, "passed": true}, "0.05": {"index": 57, "sweep_ber": 1.0, "sweep_pdet": 0.0625, "confirmed_ber": 1.0, "confirmed_ser": 1.0, "confirmed_pdet": 0.048828125, "passed": true}}}  (300s)
  [shadow_0.03] generator plain_run001 (scale 0.4022)
    JSR  -50.0 dB  BER 0.00e+00  P(det)@0.05 power_one_sided 0.053 power_two_sided 0.051 power_csi 0.057 kurtosis 0.045 spec_cnn 0.064  (0s)
    JSR  -49.0 dB  BER 0.00e+00  P(det)@0.05 power_one_sided 0.059 power_two_sided 0.061 power_csi 0.057 kurtosis 0.043 spec_cnn 0.049  (1s)
    JSR  -48.0 dB  BER 0.00e+00  P(det)@0.05 power_one_sided 0.057 power_two_sided 0.061 power_csi 0.064 kurtosis 0.045 spec_cnn 0.031  (1s)
    JSR  -47.0 dB  BER 0.00e+00  P(det)@0.05 power_one_sided 0.039 power_two_sided 0.033 power_csi 0.055 kurtosis 0.072 spec_cnn 0.062  (1s)
    JSR  -46.0 dB  BER 0.00e+00  P(det)@0.05 power_one_sided 0.051 power_two_sided 0.064 power_csi 0.078 kurtosis 0.059 spec_cnn 0.043  (2s)
    JSR  -45.0 dB  BER 0.00e+00  P(det)@0.05 power_one_sided 0.051 power_two_sided 0.049 power_csi 0.074 kurtosis 0.043 spec_cnn 0.061  (2s)
    JSR  -44.0 dB  BER 0.00e+00  P(det)@0.05 power_one_sided 0.045 power_two_sided 0.043 power_csi 0.057 kurtosis 0.039 spec_cnn 0.055  (2s)
    JSR  -43.0 dB  BER 0.00e+00  P(det)@0.05 power_one_sided 0.066 power_two_sided 0.076 power_csi 0.078 kurtosis 0.049 spec_cnn 0.059  (2s)
    JSR  -42.0 dB  BER 0.00e+00  P(det)@0.05 power_one_sided 0.068 power_two_sided 0.053 power_csi 0.072 kurtosis 0.041 spec_cnn 0.070  (3s)
    JSR  -41.0 dB  BER 0.00e+00  P(det)@0.05 power_one_sided 0.053 power_two_sided 0.051 power_csi 0.098 kurtosis 0.057 spec_cnn 0.068  (3s)
    JSR  -40.0 dB  BER 0.00e+00  P(det)@0.05 power_one_sided 0.053 power_two_sided 0.070 power_csi 0.090 kurtosis 0.059 spec_cnn 0.064  (3s)
    JSR  -39.0 dB  BER 0.00e+00  P(det)@0.05 power_one_sided 0.062 power_two_sided 0.061 power_csi 0.107 kurtosis 0.051 spec_cnn 0.082  (4s)
    JSR  -38.0 dB  BER 0.00e+00  P(det)@0.05 power_one_sided 0.066 power_two_sided 0.068 power_csi 0.141 kurtosis 0.035 spec_cnn 0.080  (4s)
    JSR  -37.0 dB  BER 0.00e+00  P(det)@0.05 power_one_sided 0.070 power_two_sided 0.059 power_csi 0.156 kurtosis 0.045 spec_cnn 0.113  (4s)
    JSR  -36.0 dB  BER 0.00e+00  P(det)@0.05 power_one_sided 0.066 power_two_sided 0.057 power_csi 0.166 kurtosis 0.061 spec_cnn 0.150  (5s)
    JSR  -35.0 dB  BER 0.00e+00  P(det)@0.05 power_one_sided 0.049 power_two_sided 0.074 power_csi 0.223 kurtosis 0.035 spec_cnn 0.160  (5s)
    JSR  -34.0 dB  BER 0.00e+00  P(det)@0.05 power_one_sided 0.070 power_two_sided 0.072 power_csi 0.295 kurtosis 0.051 spec_cnn 0.225  (5s)
    JSR  -33.0 dB  BER 0.00e+00  P(det)@0.05 power_one_sided 0.049 power_two_sided 0.051 power_csi 0.264 kurtosis 0.037 spec_cnn 0.297  (5s)
    JSR  -32.0 dB  BER 0.00e+00  P(det)@0.05 power_one_sided 0.080 power_two_sided 0.076 power_csi 0.314 kurtosis 0.061 spec_cnn 0.371  (6s)
    JSR  -31.0 dB  BER 0.00e+00  P(det)@0.05 power_one_sided 0.104 power_two_sided 0.094 power_csi 0.365 kurtosis 0.049 spec_cnn 0.482  (6s)
    JSR  -30.0 dB  BER 0.00e+00  P(det)@0.05 power_one_sided 0.092 power_two_sided 0.094 power_csi 0.367 kurtosis 0.062 spec_cnn 0.561  (6s)
    JSR  -29.0 dB  BER 0.00e+00  P(det)@0.05 power_one_sided 0.105 power_two_sided 0.104 power_csi 0.434 kurtosis 0.053 spec_cnn 0.684  (7s)
    JSR  -28.0 dB  BER 0.00e+00  P(det)@0.05 power_one_sided 0.137 power_two_sided 0.115 power_csi 0.518 kurtosis 0.059 spec_cnn 0.766  (7s)
    JSR  -27.0 dB  BER 0.00e+00  P(det)@0.05 power_one_sided 0.135 power_two_sided 0.129 power_csi 0.521 kurtosis 0.053 spec_cnn 0.863  (7s)
    JSR  -26.0 dB  BER 0.00e+00  P(det)@0.05 power_one_sided 0.141 power_two_sided 0.113 power_csi 0.545 kurtosis 0.055 spec_cnn 0.887  (8s)
    JSR  -25.0 dB  BER 0.00e+00  P(det)@0.05 power_one_sided 0.221 power_two_sided 0.166 power_csi 0.600 kurtosis 0.049 spec_cnn 0.947  (8s)
    JSR  -24.0 dB  BER 0.00e+00  P(det)@0.05 power_one_sided 0.244 power_two_sided 0.201 power_csi 0.627 kurtosis 0.041 spec_cnn 0.965  (8s)
    JSR  -23.0 dB  BER 0.00e+00  P(det)@0.05 power_one_sided 0.312 power_two_sided 0.275 power_csi 0.684 kurtosis 0.051 spec_cnn 0.980  (9s)
    JSR  -22.0 dB  BER 0.00e+00  P(det)@0.05 power_one_sided 0.391 power_two_sided 0.352 power_csi 0.723 kurtosis 0.041 spec_cnn 0.994  (9s)
    JSR  -21.0 dB  BER 0.00e+00  P(det)@0.05 power_one_sided 0.416 power_two_sided 0.395 power_csi 0.771 kurtosis 0.059 spec_cnn 0.996  (9s)
    JSR  -20.0 dB  BER 0.00e+00  P(det)@0.05 power_one_sided 0.523 power_two_sided 0.494 power_csi 0.811 kurtosis 0.080 spec_cnn 0.996  (9s)
    JSR  -19.0 dB  BER 0.00e+00  P(det)@0.05 power_one_sided 0.602 power_two_sided 0.592 power_csi 0.846 kurtosis 0.096 spec_cnn 1.000  (10s)
    JSR  -18.0 dB  BER 0.00e+00  P(det)@0.05 power_one_sided 0.688 power_two_sided 0.676 power_csi 0.898 kurtosis 0.131 spec_cnn 1.000  (10s)
    JSR  -17.0 dB  BER 0.00e+00  P(det)@0.05 power_one_sided 0.793 power_two_sided 0.760 power_csi 0.936 kurtosis 0.121 spec_cnn 1.000  (10s)
    JSR  -16.0 dB  BER 0.00e+00  P(det)@0.05 power_one_sided 0.852 power_two_sided 0.844 power_csi 0.953 kurtosis 0.215 spec_cnn 1.000  (11s)
    JSR  -15.0 dB  BER 0.00e+00  P(det)@0.05 power_one_sided 0.900 power_two_sided 0.896 power_csi 0.973 kurtosis 0.293 spec_cnn 1.000  (11s)
    JSR  -14.0 dB  BER 0.00e+00  P(det)@0.05 power_one_sided 0.943 power_two_sided 0.941 power_csi 0.980 kurtosis 0.398 spec_cnn 1.000  (11s)
    JSR  -13.0 dB  BER 0.00e+00  P(det)@0.05 power_one_sided 0.971 power_two_sided 0.965 power_csi 0.988 kurtosis 0.547 spec_cnn 1.000  (12s)
    JSR  -12.0 dB  BER 0.00e+00  P(det)@0.05 power_one_sided 0.992 power_two_sided 0.992 power_csi 0.998 kurtosis 0.750 spec_cnn 1.000  (12s)
    JSR  -11.0 dB  BER 7.63e-06  P(det)@0.05 power_one_sided 0.994 power_two_sided 0.996 power_csi 0.998 kurtosis 0.869 spec_cnn 1.000  (12s)
    JSR  -10.0 dB  BER 1.53e-05  P(det)@0.05 power_one_sided 1.000 power_two_sided 1.000 power_csi 1.000 kurtosis 0.918 spec_cnn 1.000  (13s)
    JSR   -9.0 dB  BER 9.92e-05  P(det)@0.05 power_one_sided 1.000 power_two_sided 1.000 power_csi 1.000 kurtosis 0.969 spec_cnn 1.000  (13s)
    JSR   -8.0 dB  BER 4.73e-04  P(det)@0.05 power_one_sided 1.000 power_two_sided 1.000 power_csi 1.000 kurtosis 0.982 spec_cnn 1.000  (13s)
    JSR   -7.0 dB  BER 1.59e-03  P(det)@0.05 power_one_sided 1.000 power_two_sided 1.000 power_csi 1.000 kurtosis 1.000 spec_cnn 1.000  (13s)
    JSR   -6.0 dB  BER 5.59e-03  P(det)@0.05 power_one_sided 1.000 power_two_sided 1.000 power_csi 1.000 kurtosis 1.000 spec_cnn 1.000  (14s)
    JSR   -5.0 dB  BER 1.49e-02  P(det)@0.05 power_one_sided 1.000 power_two_sided 1.000 power_csi 1.000 kurtosis 1.000 spec_cnn 1.000  (14s)
    JSR   -4.0 dB  BER 3.13e-02  P(det)@0.05 power_one_sided 1.000 power_two_sided 1.000 power_csi 1.000 kurtosis 1.000 spec_cnn 1.000  (14s)
    JSR   -3.0 dB  BER 5.79e-02  P(det)@0.05 power_one_sided 1.000 power_two_sided 1.000 power_csi 1.000 kurtosis 1.000 spec_cnn 1.000  (15s)
    JSR   -2.0 dB  BER 9.13e-02  P(det)@0.05 power_one_sided 1.000 power_two_sided 1.000 power_csi 1.000 kurtosis 1.000 spec_cnn 1.000  (15s)
    JSR   -1.0 dB  BER 1.26e-01  P(det)@0.05 power_one_sided 1.000 power_two_sided 1.000 power_csi 1.000 kurtosis 1.000 spec_cnn 1.000  (15s)
    JSR   +0.0 dB  BER 1.63e-01  P(det)@0.05 power_one_sided 1.000 power_two_sided 1.000 power_csi 1.000 kurtosis 1.000 spec_cnn 1.000  (16s)
    JSR   +1.0 dB  BER 1.95e-01  P(det)@0.05 power_one_sided 1.000 power_two_sided 1.000 power_csi 1.000 kurtosis 1.000 spec_cnn 1.000  (16s)
    JSR   +2.0 dB  BER 2.26e-01  P(det)@0.05 power_one_sided 1.000 power_two_sided 1.000 power_csi 1.000 kurtosis 1.000 spec_cnn 1.000  (16s)
    JSR   +3.0 dB  BER 2.49e-01  P(det)@0.05 power_one_sided 1.000 power_two_sided 1.000 power_csi 1.000 kurtosis 0.998 spec_cnn 1.000  (17s)
    JSR   +4.0 dB  BER 2.76e-01  P(det)@0.05 power_one_sided 1.000 power_two_sided 1.000 power_csi 1.000 kurtosis 0.998 spec_cnn 1.000  (17s)
    JSR   +5.0 dB  BER 2.92e-01  P(det)@0.05 power_one_sided 1.000 power_two_sided 1.000 power_csi 1.000 kurtosis 0.992 spec_cnn 1.000  (17s)
    JSR   +6.0 dB  BER 3.16e-01  P(det)@0.05 power_one_sided 1.000 power_two_sided 1.000 power_csi 1.000 kurtosis 0.975 spec_cnn 1.000  (17s)
    JSR   +7.0 dB  BER 3.34e-01  P(det)@0.05 power_one_sided 1.000 power_two_sided 1.000 power_csi 1.000 kurtosis 0.951 spec_cnn 1.000  (18s)
    JSR   +8.0 dB  BER 3.58e-01  P(det)@0.05 power_one_sided 1.000 power_two_sided 1.000 power_csi 1.000 kurtosis 0.887 spec_cnn 1.000  (18s)
    JSR   +9.0 dB  BER 3.68e-01  P(det)@0.05 power_one_sided 1.000 power_two_sided 1.000 power_csi 1.000 kurtosis 0.793 spec_cnn 1.000  (18s)
    JSR  +10.0 dB  BER 3.79e-01  P(det)@0.05 power_one_sided 1.000 power_two_sided 1.000 power_csi 1.000 kurtosis 0.727 spec_cnn 1.000  (19s)
    JSR  +11.0 dB  BER 3.97e-01  P(det)@0.05 power_one_sided 1.000 power_two_sided 1.000 power_csi 1.000 kurtosis 0.686 spec_cnn 1.000  (19s)
    JSR  +12.0 dB  BER 4.07e-01  P(det)@0.05 power_one_sided 1.000 power_two_sided 1.000 power_csi 1.000 kurtosis 0.629 spec_cnn 1.000  (19s)
    JSR  +13.0 dB  BER 4.16e-01  P(det)@0.05 power_one_sided 1.000 power_two_sided 1.000 power_csi 1.000 kurtosis 0.615 spec_cnn 1.000  (20s)
    JSR  +14.0 dB  BER 4.23e-01  P(det)@0.05 power_one_sided 1.000 power_two_sided 1.000 power_csi 1.000 kurtosis 0.555 spec_cnn 1.000  (20s)
    JSR  +15.0 dB  BER 4.32e-01  P(det)@0.05 power_one_sided 1.000 power_two_sided 1.000 power_csi 1.000 kurtosis 0.596 spec_cnn 1.000  (20s)
  [shadow_0.03] plain_run001 confirmed: {"power_one_sided": {"0.01": {"index": 0, "sweep_ber": 0.0, "sweep_pdet": 0.013671875, "confirmed_ber": 0.0, "confirmed_ser": 0.0, "confirmed_pdet": 0.01123046875, "passed": true}, "0.05": {"index": 0, "sweep_ber": 0.0, "sweep_pdet": 0.052734375, "confirmed_ber": 0.0, "confirmed_ser": 0.0, "confirmed_pdet": 0.05908203125, "passed": false}}, "power_csi": {"0.01": {"index": 0, "sweep_ber": 0.0, "sweep_pdet": 0.015625, "confirmed_ber": 0.0, "confirmed_ser": 0.0, "confirmed_pdet": 0.0126953125, "passed": true}, "0.05": {"index": 0, "sweep_ber": 0.0, "sweep_pdet": 0.056640625, "confirmed_ber": 0.0, "confirmed_ser": 0.0, "confirmed_pdet": 0.060302734375, "passed": false}}, "power_two_sided": {"0.01": {"index": 0, "sweep_ber": 0.0, "sweep_pdet": 0.013671875, "confirmed_ber": 0.0, "confirmed_ser": 0.0, "confirmed_pdet": 0.011962890625, "passed": true}, "0.05": {"index": 0, "sweep_ber": 0.0, "sweep_pdet": 0.05078125, "confirmed_ber": 0.0, "confirmed_ser": 0.0, "confirmed_pdet": 0.05615234375, "passed": true}}, "kurtosis": {"0.01": {"index": 0, "sweep_ber": 0.0, "sweep_pdet": 0.0078125, "confirmed_ber": 0.0, "confirmed_ser": 0.0, "confirmed_pdet": 0.013427734375, "passed": false}, "0.05": {"index": 0, "sweep_ber": 0.0, "sweep_pdet": 0.044921875, "confirmed_ber": 0.0, "confirmed_ser": 0.0, "confirmed_pdet": 0.0458984375, "passed": true}}, "spec_cnn": {"0.01": {"index": 0, "sweep_ber": 0.0, "sweep_pdet": 0.013671875, "confirmed_ber": 0.0, "confirmed_ser": 0.0, "confirmed_pdet": 0.009033203125, "passed": true}, "0.05": {"index": 0, "sweep_ber": 0.0, "sweep_pdet": 0.064453125, "confirmed_ber": 0.0, "confirmed_ser": 0.0, "confirmed_pdet": 0.050537109375, "passed": true}}}  (345s)
  [shadow_0.03] generator eff (scale 1.0000)
  JSR  -50.0 dB  BER 0.00e+00  P(det)@0.05 power_one_sided 0.045 power_two_sided 0.049 power_csi 0.029 kurtosis 0.039 spec_cnn 0.049  (0s)
  JSR  -49.0 dB  BER 0.00e+00  P(det)@0.05 power_one_sided 0.055 power_two_sided 0.088 power_csi 0.045 kurtosis 0.055 spec_cnn 0.059  (1s)
  JSR  -48.0 dB  BER 0.00e+00  P(det)@0.05 power_one_sided 0.049 power_two_sided 0.064 power_csi 0.070 kurtosis 0.059 spec_cnn 0.039  (1s)
  JSR  -47.0 dB  BER 0.00e+00  P(det)@0.05 power_one_sided 0.051 power_two_sided 0.049 power_csi 0.066 kurtosis 0.043 spec_cnn 0.051  (1s)
  JSR  -46.0 dB  BER 0.00e+00  P(det)@0.05 power_one_sided 0.059 power_two_sided 0.051 power_csi 0.082 kurtosis 0.049 spec_cnn 0.055  (2s)
  JSR  -45.0 dB  BER 0.00e+00  P(det)@0.05 power_one_sided 0.051 power_two_sided 0.051 power_csi 0.049 kurtosis 0.051 spec_cnn 0.029  (2s)
  JSR  -44.0 dB  BER 0.00e+00  P(det)@0.05 power_one_sided 0.049 power_two_sided 0.047 power_csi 0.068 kurtosis 0.035 spec_cnn 0.053  (2s)
  JSR  -43.0 dB  BER 0.00e+00  P(det)@0.05 power_one_sided 0.045 power_two_sided 0.041 power_csi 0.068 kurtosis 0.062 spec_cnn 0.043  (2s)
  JSR  -42.0 dB  BER 0.00e+00  P(det)@0.05 power_one_sided 0.059 power_two_sided 0.062 power_csi 0.090 kurtosis 0.043 spec_cnn 0.078  (3s)
  JSR  -41.0 dB  BER 0.00e+00  P(det)@0.05 power_one_sided 0.066 power_two_sided 0.057 power_csi 0.076 kurtosis 0.053 spec_cnn 0.057  (3s)
  JSR  -40.0 dB  BER 0.00e+00  P(det)@0.05 power_one_sided 0.051 power_two_sided 0.049 power_csi 0.076 kurtosis 0.055 spec_cnn 0.078  (3s)
  JSR  -39.0 dB  BER 0.00e+00  P(det)@0.05 power_one_sided 0.053 power_two_sided 0.061 power_csi 0.115 kurtosis 0.059 spec_cnn 0.074  (4s)
  JSR  -38.0 dB  BER 0.00e+00  P(det)@0.05 power_one_sided 0.064 power_two_sided 0.068 power_csi 0.111 kurtosis 0.055 spec_cnn 0.107  (4s)
  JSR  -37.0 dB  BER 0.00e+00  P(det)@0.05 power_one_sided 0.047 power_two_sided 0.053 power_csi 0.154 kurtosis 0.062 spec_cnn 0.100  (4s)
  JSR  -36.0 dB  BER 0.00e+00  P(det)@0.05 power_one_sided 0.061 power_two_sided 0.061 power_csi 0.184 kurtosis 0.051 spec_cnn 0.102  (5s)
  JSR  -35.0 dB  BER 0.00e+00  P(det)@0.05 power_one_sided 0.062 power_two_sided 0.078 power_csi 0.236 kurtosis 0.033 spec_cnn 0.105  (5s)
  JSR  -34.0 dB  BER 0.00e+00  P(det)@0.05 power_one_sided 0.064 power_two_sided 0.051 power_csi 0.227 kurtosis 0.047 spec_cnn 0.117  (5s)
  JSR  -33.0 dB  BER 0.00e+00  P(det)@0.05 power_one_sided 0.061 power_two_sided 0.047 power_csi 0.311 kurtosis 0.039 spec_cnn 0.133  (5s)
  JSR  -32.0 dB  BER 0.00e+00  P(det)@0.05 power_one_sided 0.061 power_two_sided 0.057 power_csi 0.311 kurtosis 0.057 spec_cnn 0.133  (6s)
  JSR  -31.0 dB  BER 0.00e+00  P(det)@0.05 power_one_sided 0.072 power_two_sided 0.059 power_csi 0.400 kurtosis 0.039 spec_cnn 0.188  (6s)
  JSR  -30.0 dB  BER 0.00e+00  P(det)@0.05 power_one_sided 0.094 power_two_sided 0.086 power_csi 0.439 kurtosis 0.045 spec_cnn 0.191  (6s)
  JSR  -29.0 dB  BER 0.00e+00  P(det)@0.05 power_one_sided 0.127 power_two_sided 0.109 power_csi 0.508 kurtosis 0.057 spec_cnn 0.213  (7s)
  JSR  -28.0 dB  BER 0.00e+00  P(det)@0.05 power_one_sided 0.131 power_two_sided 0.117 power_csi 0.525 kurtosis 0.059 spec_cnn 0.281  (7s)
  JSR  -27.0 dB  BER 0.00e+00  P(det)@0.05 power_one_sided 0.154 power_two_sided 0.119 power_csi 0.605 kurtosis 0.049 spec_cnn 0.311  (7s)
  JSR  -26.0 dB  BER 0.00e+00  P(det)@0.05 power_one_sided 0.193 power_two_sided 0.164 power_csi 0.627 kurtosis 0.047 spec_cnn 0.422  (8s)
  JSR  -25.0 dB  BER 0.00e+00  P(det)@0.05 power_one_sided 0.246 power_two_sided 0.201 power_csi 0.699 kurtosis 0.043 spec_cnn 0.555  (8s)
  JSR  -24.0 dB  BER 0.00e+00  P(det)@0.05 power_one_sided 0.289 power_two_sided 0.232 power_csi 0.695 kurtosis 0.053 spec_cnn 0.695  (8s)
  JSR  -23.0 dB  BER 0.00e+00  P(det)@0.05 power_one_sided 0.400 power_two_sided 0.324 power_csi 0.811 kurtosis 0.055 spec_cnn 0.848  (9s)
  JSR  -22.0 dB  BER 0.00e+00  P(det)@0.05 power_one_sided 0.502 power_two_sided 0.426 power_csi 0.885 kurtosis 0.053 spec_cnn 0.951  (9s)
  JSR  -21.0 dB  BER 1.07e-04  P(det)@0.05 power_one_sided 0.584 power_two_sided 0.516 power_csi 0.922 kurtosis 0.045 spec_cnn 0.988  (9s)
  JSR  -20.0 dB  BER 7.02e-04  P(det)@0.05 power_one_sided 0.670 power_two_sided 0.592 power_csi 0.959 kurtosis 0.094 spec_cnn 1.000  (9s)
  JSR  -19.0 dB  BER 9.61e-04  P(det)@0.05 power_one_sided 0.775 power_two_sided 0.732 power_csi 0.986 kurtosis 0.092 spec_cnn 1.000  (10s)
  JSR  -18.0 dB  BER 1.54e-03  P(det)@0.05 power_one_sided 0.844 power_two_sided 0.809 power_csi 0.994 kurtosis 0.139 spec_cnn 1.000  (10s)
  JSR  -17.0 dB  BER 1.86e-03  P(det)@0.05 power_one_sided 0.936 power_two_sided 0.908 power_csi 1.000 kurtosis 0.182 spec_cnn 1.000  (10s)
  JSR  -16.0 dB  BER 2.44e-03  P(det)@0.05 power_one_sided 0.980 power_two_sided 0.973 power_csi 1.000 kurtosis 0.271 spec_cnn 1.000  (11s)
  JSR  -15.0 dB  BER 2.53e-03  P(det)@0.05 power_one_sided 1.000 power_two_sided 1.000 power_csi 1.000 kurtosis 0.436 spec_cnn 1.000  (11s)
  JSR  -14.0 dB  BER 3.00e-03  P(det)@0.05 power_one_sided 1.000 power_two_sided 1.000 power_csi 1.000 kurtosis 0.523 spec_cnn 1.000  (11s)
  JSR  -13.0 dB  BER 3.39e-03  P(det)@0.05 power_one_sided 1.000 power_two_sided 1.000 power_csi 1.000 kurtosis 0.652 spec_cnn 1.000  (12s)
  JSR  -12.0 dB  BER 3.63e-03  P(det)@0.05 power_one_sided 1.000 power_two_sided 1.000 power_csi 1.000 kurtosis 0.834 spec_cnn 1.000  (12s)
  JSR  -11.0 dB  BER 3.98e-03  P(det)@0.05 power_one_sided 1.000 power_two_sided 1.000 power_csi 1.000 kurtosis 0.973 spec_cnn 1.000  (12s)
  JSR  -10.0 dB  BER 4.14e-03  P(det)@0.05 power_one_sided 1.000 power_two_sided 1.000 power_csi 1.000 kurtosis 0.998 spec_cnn 1.000  (13s)
  JSR   -9.0 dB  BER 4.49e-03  P(det)@0.05 power_one_sided 1.000 power_two_sided 1.000 power_csi 1.000 kurtosis 1.000 spec_cnn 1.000  (13s)
  JSR   -8.0 dB  BER 4.66e-03  P(det)@0.05 power_one_sided 1.000 power_two_sided 1.000 power_csi 1.000 kurtosis 1.000 spec_cnn 1.000  (13s)
  JSR   -7.0 dB  BER 4.84e-03  P(det)@0.05 power_one_sided 1.000 power_two_sided 1.000 power_csi 1.000 kurtosis 1.000 spec_cnn 1.000  (13s)
  JSR   -6.0 dB  BER 5.89e-03  P(det)@0.05 power_one_sided 1.000 power_two_sided 1.000 power_csi 1.000 kurtosis 1.000 spec_cnn 1.000  (14s)
  JSR   -5.0 dB  BER 6.36e-03  P(det)@0.05 power_one_sided 1.000 power_two_sided 1.000 power_csi 1.000 kurtosis 1.000 spec_cnn 1.000  (14s)
  JSR   -4.0 dB  BER 6.79e-03  P(det)@0.05 power_one_sided 1.000 power_two_sided 1.000 power_csi 1.000 kurtosis 1.000 spec_cnn 1.000  (14s)
  JSR   -3.0 dB  BER 7.59e-03  P(det)@0.05 power_one_sided 1.000 power_two_sided 1.000 power_csi 1.000 kurtosis 1.000 spec_cnn 1.000  (15s)
  JSR   -2.0 dB  BER 8.32e-03  P(det)@0.05 power_one_sided 1.000 power_two_sided 1.000 power_csi 1.000 kurtosis 1.000 spec_cnn 1.000  (15s)
  JSR   -1.0 dB  BER 9.09e-03  P(det)@0.05 power_one_sided 1.000 power_two_sided 1.000 power_csi 1.000 kurtosis 1.000 spec_cnn 1.000  (15s)
  JSR   +0.0 dB  BER 9.99e-03  P(det)@0.05 power_one_sided 1.000 power_two_sided 1.000 power_csi 1.000 kurtosis 1.000 spec_cnn 1.000  (16s)
  JSR   +1.0 dB  BER 1.01e-02  P(det)@0.05 power_one_sided 1.000 power_two_sided 1.000 power_csi 1.000 kurtosis 1.000 spec_cnn 1.000  (16s)
  JSR   +2.0 dB  BER 1.14e-02  P(det)@0.05 power_one_sided 1.000 power_two_sided 1.000 power_csi 1.000 kurtosis 1.000 spec_cnn 1.000  (16s)
  JSR   +3.0 dB  BER 1.31e-02  P(det)@0.05 power_one_sided 1.000 power_two_sided 1.000 power_csi 1.000 kurtosis 1.000 spec_cnn 1.000  (16s)
  JSR   +4.0 dB  BER 1.60e-02  P(det)@0.05 power_one_sided 1.000 power_two_sided 1.000 power_csi 1.000 kurtosis 1.000 spec_cnn 1.000  (17s)
  JSR   +5.0 dB  BER 2.13e-02  P(det)@0.05 power_one_sided 1.000 power_two_sided 1.000 power_csi 1.000 kurtosis 1.000 spec_cnn 1.000  (17s)
  JSR   +6.0 dB  BER 2.80e-02  P(det)@0.05 power_one_sided 1.000 power_two_sided 1.000 power_csi 1.000 kurtosis 1.000 spec_cnn 1.000  (17s)
  JSR   +7.0 dB  BER 3.90e-02  P(det)@0.05 power_one_sided 1.000 power_two_sided 1.000 power_csi 1.000 kurtosis 1.000 spec_cnn 1.000  (18s)
  JSR   +8.0 dB  BER 5.51e-02  P(det)@0.05 power_one_sided 1.000 power_two_sided 1.000 power_csi 1.000 kurtosis 1.000 spec_cnn 1.000  (18s)
  JSR   +9.0 dB  BER 7.03e-02  P(det)@0.05 power_one_sided 1.000 power_two_sided 1.000 power_csi 1.000 kurtosis 1.000 spec_cnn 1.000  (18s)
  JSR  +10.0 dB  BER 8.83e-02  P(det)@0.05 power_one_sided 1.000 power_two_sided 1.000 power_csi 1.000 kurtosis 1.000 spec_cnn 1.000  (19s)
  JSR  +11.0 dB  BER 1.13e-01  P(det)@0.05 power_one_sided 1.000 power_two_sided 1.000 power_csi 1.000 kurtosis 1.000 spec_cnn 1.000  (19s)
  JSR  +12.0 dB  BER 1.38e-01  P(det)@0.05 power_one_sided 1.000 power_two_sided 1.000 power_csi 1.000 kurtosis 1.000 spec_cnn 1.000  (19s)
  JSR  +13.0 dB  BER 1.63e-01  P(det)@0.05 power_one_sided 1.000 power_two_sided 1.000 power_csi 1.000 kurtosis 1.000 spec_cnn 1.000  (20s)
  JSR  +14.0 dB  BER 1.91e-01  P(det)@0.05 power_one_sided 1.000 power_two_sided 1.000 power_csi 1.000 kurtosis 1.000 spec_cnn 1.000  (20s)
  JSR  +15.0 dB  BER 2.18e-01  P(det)@0.05 power_one_sided 1.000 power_two_sided 1.000 power_csi 1.000 kurtosis 1.000 spec_cnn 1.000  (20s)
  [shadow_0.03] eff confirmed: {"power_one_sided": {"0.01": {"index": 0, "sweep_ber": 0.0, "sweep_pdet": 0.00390625, "confirmed_ber": 0.0, "confirmed_ser": 0.0, "confirmed_pdet": 0.011962890625, "passed": true}, "0.05": {"index": 0, "sweep_ber": 0.0, "sweep_pdet": 0.044921875, "confirmed_ber": 0.0, "confirmed_ser": 0.0, "confirmed_pdet": 0.052490234375, "passed": true}}, "power_csi": {"0.01": {"index": 0, "sweep_ber": 0.0, "sweep_pdet": 0.0078125, "confirmed_ber": 0.0, "confirmed_ser": 0.0, "confirmed_pdet": 0.011962890625, "passed": true}, "0.05": {"index": 0, "sweep_ber": 0.0, "sweep_pdet": 0.029296875, "confirmed_ber": 0.0, "confirmed_ser": 0.0, "confirmed_pdet": 0.057861328125, "passed": false}}, "power_two_sided": {"0.01": {"index": 0, "sweep_ber": 0.0, "sweep_pdet": 0.005859375, "confirmed_ber": 0.0, "confirmed_ser": 0.0, "confirmed_pdet": 0.0107421875, "passed": true}, "0.05": {"index": 0, "sweep_ber": 0.0, "sweep_pdet": 0.048828125, "confirmed_ber": 0.0, "confirmed_ser": 0.0, "confirmed_pdet": 0.0517578125, "passed": true}}, "kurtosis": {"0.01": {"index": 30, "sweep_ber": 0.000701904296875, "sweep_pdet": 0.017578125, "confirmed_ber": 0.0005521774291992188, "confirmed_ser": 0.0011043548583984375, "confirmed_pdet": 0.02197265625, "passed": false}, "0.05": {"index": 29, "sweep_ber": 0.0001068115234375, "sweep_pdet": 0.044921875, "confirmed_ber": 0.00011920928955078125, "confirmed_ser": 0.0002384185791015625, "confirmed_pdet": 0.062255859375, "passed": false}}, "spec_cnn": {"0.01": {"index": 0, "sweep_ber": 0.0, "sweep_pdet": 0.00390625, "confirmed_ber": 0.0, "confirmed_ser": 0.0, "confirmed_pdet": 0.00732421875, "passed": true}, "0.05": {"index": 0, "sweep_ber": 0.0, "sweep_pdet": 0.048828125, "confirmed_ber": 0.0, "confirmed_ser": 0.0, "confirmed_pdet": 0.052001953125, "passed": true}}}  (389s)
  [shadow_0.03] generator power_one_sided_b1 (scale 1.0000)
  JSR  -50.0 dB  BER 0.00e+00  P(det)@0.05 power_one_sided 0.037 power_two_sided 0.064 power_csi 0.049 kurtosis 0.051 spec_cnn 0.035  (0s)
  JSR  -49.0 dB  BER 0.00e+00  P(det)@0.05 power_one_sided 0.039 power_two_sided 0.059 power_csi 0.068 kurtosis 0.059 spec_cnn 0.029  (1s)
  JSR  -48.0 dB  BER 0.00e+00  P(det)@0.05 power_one_sided 0.045 power_two_sided 0.051 power_csi 0.057 kurtosis 0.041 spec_cnn 0.049  (1s)
  JSR  -47.0 dB  BER 0.00e+00  P(det)@0.05 power_one_sided 0.039 power_two_sided 0.043 power_csi 0.068 kurtosis 0.057 spec_cnn 0.049  (1s)
  JSR  -46.0 dB  BER 0.00e+00  P(det)@0.05 power_one_sided 0.057 power_two_sided 0.059 power_csi 0.061 kurtosis 0.051 spec_cnn 0.072  (2s)
  JSR  -45.0 dB  BER 0.00e+00  P(det)@0.05 power_one_sided 0.057 power_two_sided 0.049 power_csi 0.080 kurtosis 0.061 spec_cnn 0.053  (2s)
  JSR  -44.0 dB  BER 0.00e+00  P(det)@0.05 power_one_sided 0.059 power_two_sided 0.053 power_csi 0.059 kurtosis 0.074 spec_cnn 0.070  (2s)
  JSR  -43.0 dB  BER 0.00e+00  P(det)@0.05 power_one_sided 0.070 power_two_sided 0.064 power_csi 0.074 kurtosis 0.062 spec_cnn 0.064  (2s)
  JSR  -42.0 dB  BER 0.00e+00  P(det)@0.05 power_one_sided 0.070 power_two_sided 0.066 power_csi 0.062 kurtosis 0.045 spec_cnn 0.057  (3s)
  JSR  -41.0 dB  BER 0.00e+00  P(det)@0.05 power_one_sided 0.043 power_two_sided 0.061 power_csi 0.078 kurtosis 0.061 spec_cnn 0.045  (3s)
  JSR  -40.0 dB  BER 0.00e+00  P(det)@0.05 power_one_sided 0.053 power_two_sided 0.059 power_csi 0.084 kurtosis 0.045 spec_cnn 0.049  (3s)
  JSR  -39.0 dB  BER 0.00e+00  P(det)@0.05 power_one_sided 0.062 power_two_sided 0.062 power_csi 0.102 kurtosis 0.055 spec_cnn 0.059  (4s)
  JSR  -38.0 dB  BER 0.00e+00  P(det)@0.05 power_one_sided 0.062 power_two_sided 0.064 power_csi 0.100 kurtosis 0.043 spec_cnn 0.062  (4s)
  JSR  -37.0 dB  BER 0.00e+00  P(det)@0.05 power_one_sided 0.068 power_two_sided 0.055 power_csi 0.146 kurtosis 0.051 spec_cnn 0.078  (4s)
  JSR  -36.0 dB  BER 0.00e+00  P(det)@0.05 power_one_sided 0.074 power_two_sided 0.084 power_csi 0.137 kurtosis 0.053 spec_cnn 0.059  (5s)
  JSR  -35.0 dB  BER 0.00e+00  P(det)@0.05 power_one_sided 0.072 power_two_sided 0.064 power_csi 0.178 kurtosis 0.031 spec_cnn 0.066  (5s)
  JSR  -34.0 dB  BER 0.00e+00  P(det)@0.05 power_one_sided 0.064 power_two_sided 0.070 power_csi 0.207 kurtosis 0.051 spec_cnn 0.084  (5s)
  JSR  -33.0 dB  BER 0.00e+00  P(det)@0.05 power_one_sided 0.064 power_two_sided 0.062 power_csi 0.223 kurtosis 0.043 spec_cnn 0.088  (5s)
  JSR  -32.0 dB  BER 0.00e+00  P(det)@0.05 power_one_sided 0.059 power_two_sided 0.059 power_csi 0.281 kurtosis 0.059 spec_cnn 0.086  (6s)
  JSR  -31.0 dB  BER 0.00e+00  P(det)@0.05 power_one_sided 0.041 power_two_sided 0.053 power_csi 0.324 kurtosis 0.043 spec_cnn 0.119  (6s)
  JSR  -30.0 dB  BER 0.00e+00  P(det)@0.05 power_one_sided 0.094 power_two_sided 0.074 power_csi 0.350 kurtosis 0.045 spec_cnn 0.154  (6s)
  JSR  -29.0 dB  BER 0.00e+00  P(det)@0.05 power_one_sided 0.098 power_two_sided 0.092 power_csi 0.391 kurtosis 0.039 spec_cnn 0.162  (7s)
  JSR  -28.0 dB  BER 0.00e+00  P(det)@0.05 power_one_sided 0.070 power_two_sided 0.059 power_csi 0.402 kurtosis 0.043 spec_cnn 0.201  (7s)
  JSR  -27.0 dB  BER 0.00e+00  P(det)@0.05 power_one_sided 0.127 power_two_sided 0.088 power_csi 0.557 kurtosis 0.053 spec_cnn 0.277  (7s)
  JSR  -26.0 dB  BER 0.00e+00  P(det)@0.05 power_one_sided 0.141 power_two_sided 0.104 power_csi 0.545 kurtosis 0.066 spec_cnn 0.451  (8s)
  JSR  -25.0 dB  BER 0.00e+00  P(det)@0.05 power_one_sided 0.203 power_two_sided 0.164 power_csi 0.617 kurtosis 0.039 spec_cnn 0.600  (8s)
  JSR  -24.0 dB  BER 0.00e+00  P(det)@0.05 power_one_sided 0.250 power_two_sided 0.188 power_csi 0.678 kurtosis 0.062 spec_cnn 0.740  (8s)
  JSR  -23.0 dB  BER 0.00e+00  P(det)@0.05 power_one_sided 0.287 power_two_sided 0.240 power_csi 0.705 kurtosis 0.053 spec_cnn 0.914  (9s)
  JSR  -22.0 dB  BER 0.00e+00  P(det)@0.05 power_one_sided 0.338 power_two_sided 0.258 power_csi 0.764 kurtosis 0.074 spec_cnn 0.967  (9s)
  JSR  -21.0 dB  BER 1.53e-05  P(det)@0.05 power_one_sided 0.414 power_two_sided 0.352 power_csi 0.814 kurtosis 0.061 spec_cnn 0.994  (9s)
  JSR  -20.0 dB  BER 9.16e-05  P(det)@0.05 power_one_sided 0.525 power_two_sided 0.469 power_csi 0.861 kurtosis 0.100 spec_cnn 0.998  (9s)
  JSR  -19.0 dB  BER 1.45e-04  P(det)@0.05 power_one_sided 0.672 power_two_sided 0.605 power_csi 0.945 kurtosis 0.119 spec_cnn 1.000  (10s)
  JSR  -18.0 dB  BER 5.80e-04  P(det)@0.05 power_one_sided 0.721 power_two_sided 0.658 power_csi 0.945 kurtosis 0.164 spec_cnn 1.000  (10s)
  JSR  -17.0 dB  BER 8.85e-04  P(det)@0.05 power_one_sided 0.803 power_two_sided 0.756 power_csi 0.979 kurtosis 0.242 spec_cnn 1.000  (10s)
  JSR  -16.0 dB  BER 1.23e-03  P(det)@0.05 power_one_sided 0.904 power_two_sided 0.869 power_csi 0.992 kurtosis 0.340 spec_cnn 1.000  (11s)
  JSR  -15.0 dB  BER 1.77e-03  P(det)@0.05 power_one_sided 0.955 power_two_sided 0.939 power_csi 1.000 kurtosis 0.467 spec_cnn 1.000  (11s)
  JSR  -14.0 dB  BER 2.28e-03  P(det)@0.05 power_one_sided 0.979 power_two_sided 0.977 power_csi 1.000 kurtosis 0.559 spec_cnn 1.000  (11s)
  JSR  -13.0 dB  BER 2.51e-03  P(det)@0.05 power_one_sided 0.994 power_two_sided 0.994 power_csi 1.000 kurtosis 0.686 spec_cnn 1.000  (12s)
  JSR  -12.0 dB  BER 3.15e-03  P(det)@0.05 power_one_sided 1.000 power_two_sided 1.000 power_csi 1.000 kurtosis 0.768 spec_cnn 1.000  (12s)
  JSR  -11.0 dB  BER 3.43e-03  P(det)@0.05 power_one_sided 1.000 power_two_sided 1.000 power_csi 1.000 kurtosis 0.896 spec_cnn 1.000  (12s)
  JSR  -10.0 dB  BER 4.04e-03  P(det)@0.05 power_one_sided 1.000 power_two_sided 1.000 power_csi 1.000 kurtosis 0.930 spec_cnn 1.000  (13s)
  JSR   -9.0 dB  BER 4.39e-03  P(det)@0.05 power_one_sided 1.000 power_two_sided 1.000 power_csi 1.000 kurtosis 0.977 spec_cnn 1.000  (13s)
  JSR   -8.0 dB  BER 5.08e-03  P(det)@0.05 power_one_sided 1.000 power_two_sided 1.000 power_csi 1.000 kurtosis 0.996 spec_cnn 1.000  (13s)
  JSR   -7.0 dB  BER 5.46e-03  P(det)@0.05 power_one_sided 1.000 power_two_sided 1.000 power_csi 1.000 kurtosis 1.000 spec_cnn 1.000  (13s)
  JSR   -6.0 dB  BER 5.78e-03  P(det)@0.05 power_one_sided 1.000 power_two_sided 1.000 power_csi 1.000 kurtosis 1.000 spec_cnn 1.000  (14s)
  JSR   -5.0 dB  BER 6.72e-03  P(det)@0.05 power_one_sided 1.000 power_two_sided 1.000 power_csi 1.000 kurtosis 1.000 spec_cnn 1.000  (14s)
  JSR   -4.0 dB  BER 7.42e-03  P(det)@0.05 power_one_sided 1.000 power_two_sided 1.000 power_csi 1.000 kurtosis 1.000 spec_cnn 1.000  (14s)
  JSR   -3.0 dB  BER 8.36e-03  P(det)@0.05 power_one_sided 1.000 power_two_sided 1.000 power_csi 1.000 kurtosis 1.000 spec_cnn 1.000  (15s)
  JSR   -2.0 dB  BER 9.06e-03  P(det)@0.05 power_one_sided 1.000 power_two_sided 1.000 power_csi 1.000 kurtosis 1.000 spec_cnn 1.000  (15s)
  JSR   -1.0 dB  BER 1.03e-02  P(det)@0.05 power_one_sided 1.000 power_two_sided 1.000 power_csi 1.000 kurtosis 1.000 spec_cnn 1.000  (15s)
  JSR   +0.0 dB  BER 1.01e-02  P(det)@0.05 power_one_sided 1.000 power_two_sided 1.000 power_csi 1.000 kurtosis 1.000 spec_cnn 1.000  (16s)
  JSR   +1.0 dB  BER 1.32e-02  P(det)@0.05 power_one_sided 1.000 power_two_sided 1.000 power_csi 1.000 kurtosis 1.000 spec_cnn 1.000  (16s)
  JSR   +2.0 dB  BER 1.61e-02  P(det)@0.05 power_one_sided 1.000 power_two_sided 1.000 power_csi 1.000 kurtosis 1.000 spec_cnn 1.000  (16s)
  JSR   +3.0 dB  BER 1.94e-02  P(det)@0.05 power_one_sided 1.000 power_two_sided 1.000 power_csi 1.000 kurtosis 1.000 spec_cnn 1.000  (16s)
  JSR   +4.0 dB  BER 2.58e-02  P(det)@0.05 power_one_sided 1.000 power_two_sided 1.000 power_csi 1.000 kurtosis 1.000 spec_cnn 1.000  (17s)
  JSR   +5.0 dB  BER 3.41e-02  P(det)@0.05 power_one_sided 1.000 power_two_sided 1.000 power_csi 1.000 kurtosis 1.000 spec_cnn 1.000  (17s)
  JSR   +6.0 dB  BER 4.40e-02  P(det)@0.05 power_one_sided 1.000 power_two_sided 1.000 power_csi 1.000 kurtosis 1.000 spec_cnn 1.000  (17s)
  JSR   +7.0 dB  BER 5.95e-02  P(det)@0.05 power_one_sided 1.000 power_two_sided 1.000 power_csi 1.000 kurtosis 1.000 spec_cnn 1.000  (18s)
  JSR   +8.0 dB  BER 7.99e-02  P(det)@0.05 power_one_sided 1.000 power_two_sided 1.000 power_csi 1.000 kurtosis 1.000 spec_cnn 1.000  (18s)
  JSR   +9.0 dB  BER 1.01e-01  P(det)@0.05 power_one_sided 1.000 power_two_sided 1.000 power_csi 1.000 kurtosis 1.000 spec_cnn 1.000  (18s)
  JSR  +10.0 dB  BER 1.28e-01  P(det)@0.05 power_one_sided 1.000 power_two_sided 1.000 power_csi 1.000 kurtosis 1.000 spec_cnn 1.000  (19s)
  JSR  +11.0 dB  BER 1.54e-01  P(det)@0.05 power_one_sided 1.000 power_two_sided 1.000 power_csi 1.000 kurtosis 1.000 spec_cnn 1.000  (19s)
  JSR  +12.0 dB  BER 1.80e-01  P(det)@0.05 power_one_sided 1.000 power_two_sided 1.000 power_csi 1.000 kurtosis 1.000 spec_cnn 1.000  (19s)
  JSR  +13.0 dB  BER 2.09e-01  P(det)@0.05 power_one_sided 1.000 power_two_sided 1.000 power_csi 1.000 kurtosis 1.000 spec_cnn 1.000  (20s)
  JSR  +14.0 dB  BER 2.34e-01  P(det)@0.05 power_one_sided 1.000 power_two_sided 1.000 power_csi 1.000 kurtosis 1.000 spec_cnn 1.000  (20s)
  JSR  +15.0 dB  BER 2.60e-01  P(det)@0.05 power_one_sided 1.000 power_two_sided 1.000 power_csi 1.000 kurtosis 1.000 spec_cnn 1.000  (20s)
  [shadow_0.03] power_one_sided_b1 confirmed: {"power_one_sided": {"0.01": {"index": 0, "sweep_ber": 0.0, "sweep_pdet": 0.0078125, "confirmed_ber": 0.0, "confirmed_ser": 0.0, "confirmed_pdet": 0.01171875, "passed": true}, "0.05": {"index": 0, "sweep_ber": 0.0, "sweep_pdet": 0.037109375, "confirmed_ber": 0.0, "confirmed_ser": 0.0, "confirmed_pdet": 0.052734375, "passed": true}}, "power_csi": {"0.01": {"index": 0, "sweep_ber": 0.0, "sweep_pdet": 0.005859375, "confirmed_ber": 0.0, "confirmed_ser": 0.0, "confirmed_pdet": 0.009521484375, "passed": true}, "0.05": {"index": 0, "sweep_ber": 0.0, "sweep_pdet": 0.048828125, "confirmed_ber": 0.0, "confirmed_ser": 0.0, "confirmed_pdet": 0.05224609375, "passed": true}}, "power_two_sided": {"0.01": {"index": 0, "sweep_ber": 0.0, "sweep_pdet": 0.01171875, "confirmed_ber": 0.0, "confirmed_ser": 0.0, "confirmed_pdet": 0.00927734375, "passed": true}, "0.05": {"index": 0, "sweep_ber": 0.0, "sweep_pdet": 0.064453125, "confirmed_ber": 0.0, "confirmed_ser": 0.0, "confirmed_pdet": 0.05322265625, "passed": true}}, "kurtosis": {"0.01": {"index": 29, "sweep_ber": 1.52587890625e-05, "sweep_pdet": 0.0078125, "confirmed_ber": 1.9073486328125e-06, "confirmed_ser": 3.814697265625e-06, "confirmed_pdet": 0.018798828125, "passed": false}, "0.05": {"index": 29, "sweep_ber": 1.52587890625e-05, "sweep_pdet": 0.060546875, "confirmed_ber": 1.9073486328125e-06, "confirmed_ser": 3.814697265625e-06, "confirmed_pdet": 0.078125, "passed": false}}, "spec_cnn": {"0.01": {"index": 0, "sweep_ber": 0.0, "sweep_pdet": 0.01171875, "confirmed_ber": 0.0, "confirmed_ser": 0.0, "confirmed_pdet": 0.01025390625, "passed": true}, "0.05": {"index": 0, "sweep_ber": 0.0, "sweep_pdet": 0.03515625, "confirmed_ber": 0.0, "confirmed_ser": 0.0, "confirmed_pdet": 0.05224609375, "passed": true}}}  (434s)
  [shadow_0.03] generator power_one_sided_b10 (scale 1.0000)
  JSR  -50.0 dB  BER 0.00e+00  P(det)@0.05 power_one_sided 0.037 power_two_sided 0.053 power_csi 0.064 kurtosis 0.051 spec_cnn 0.047  (0s)
  JSR  -49.0 dB  BER 0.00e+00  P(det)@0.05 power_one_sided 0.037 power_two_sided 0.043 power_csi 0.053 kurtosis 0.047 spec_cnn 0.059  (1s)
  JSR  -48.0 dB  BER 0.00e+00  P(det)@0.05 power_one_sided 0.051 power_two_sided 0.051 power_csi 0.062 kurtosis 0.035 spec_cnn 0.037  (1s)
  JSR  -47.0 dB  BER 0.00e+00  P(det)@0.05 power_one_sided 0.045 power_two_sided 0.045 power_csi 0.062 kurtosis 0.037 spec_cnn 0.051  (1s)
  JSR  -46.0 dB  BER 0.00e+00  P(det)@0.05 power_one_sided 0.062 power_two_sided 0.082 power_csi 0.055 kurtosis 0.043 spec_cnn 0.049  (2s)
  JSR  -45.0 dB  BER 0.00e+00  P(det)@0.05 power_one_sided 0.049 power_two_sided 0.043 power_csi 0.062 kurtosis 0.061 spec_cnn 0.059  (2s)
  JSR  -44.0 dB  BER 0.00e+00  P(det)@0.05 power_one_sided 0.033 power_two_sided 0.045 power_csi 0.068 kurtosis 0.033 spec_cnn 0.047  (2s)
  JSR  -43.0 dB  BER 0.00e+00  P(det)@0.05 power_one_sided 0.049 power_two_sided 0.062 power_csi 0.076 kurtosis 0.053 spec_cnn 0.049  (2s)
  JSR  -42.0 dB  BER 0.00e+00  P(det)@0.05 power_one_sided 0.053 power_two_sided 0.051 power_csi 0.072 kurtosis 0.047 spec_cnn 0.055  (3s)
  JSR  -41.0 dB  BER 0.00e+00  P(det)@0.05 power_one_sided 0.047 power_two_sided 0.047 power_csi 0.096 kurtosis 0.057 spec_cnn 0.059  (3s)
  JSR  -40.0 dB  BER 0.00e+00  P(det)@0.05 power_one_sided 0.047 power_two_sided 0.029 power_csi 0.062 kurtosis 0.043 spec_cnn 0.047  (3s)
  JSR  -39.0 dB  BER 0.00e+00  P(det)@0.05 power_one_sided 0.041 power_two_sided 0.043 power_csi 0.086 kurtosis 0.047 spec_cnn 0.047  (4s)
  JSR  -38.0 dB  BER 0.00e+00  P(det)@0.05 power_one_sided 0.062 power_two_sided 0.068 power_csi 0.125 kurtosis 0.043 spec_cnn 0.057  (4s)
  JSR  -37.0 dB  BER 0.00e+00  P(det)@0.05 power_one_sided 0.061 power_two_sided 0.059 power_csi 0.119 kurtosis 0.055 spec_cnn 0.072  (4s)
  JSR  -36.0 dB  BER 0.00e+00  P(det)@0.05 power_one_sided 0.031 power_two_sided 0.049 power_csi 0.150 kurtosis 0.043 spec_cnn 0.070  (5s)
  JSR  -35.0 dB  BER 0.00e+00  P(det)@0.05 power_one_sided 0.068 power_two_sided 0.084 power_csi 0.188 kurtosis 0.064 spec_cnn 0.076  (5s)
  JSR  -34.0 dB  BER 0.00e+00  P(det)@0.05 power_one_sided 0.070 power_two_sided 0.078 power_csi 0.209 kurtosis 0.043 spec_cnn 0.098  (5s)
  JSR  -33.0 dB  BER 0.00e+00  P(det)@0.05 power_one_sided 0.057 power_two_sided 0.047 power_csi 0.236 kurtosis 0.041 spec_cnn 0.078  (5s)
  JSR  -32.0 dB  BER 0.00e+00  P(det)@0.05 power_one_sided 0.076 power_two_sided 0.078 power_csi 0.307 kurtosis 0.053 spec_cnn 0.092  (6s)
  JSR  -31.0 dB  BER 0.00e+00  P(det)@0.05 power_one_sided 0.049 power_two_sided 0.074 power_csi 0.346 kurtosis 0.041 spec_cnn 0.113  (6s)
  JSR  -30.0 dB  BER 0.00e+00  P(det)@0.05 power_one_sided 0.102 power_two_sided 0.088 power_csi 0.387 kurtosis 0.051 spec_cnn 0.164  (6s)
  JSR  -29.0 dB  BER 0.00e+00  P(det)@0.05 power_one_sided 0.096 power_two_sided 0.088 power_csi 0.416 kurtosis 0.047 spec_cnn 0.182  (7s)
  JSR  -28.0 dB  BER 0.00e+00  P(det)@0.05 power_one_sided 0.096 power_two_sided 0.096 power_csi 0.436 kurtosis 0.051 spec_cnn 0.244  (7s)
  JSR  -27.0 dB  BER 0.00e+00  P(det)@0.05 power_one_sided 0.148 power_two_sided 0.117 power_csi 0.496 kurtosis 0.053 spec_cnn 0.336  (7s)
  JSR  -26.0 dB  BER 0.00e+00  P(det)@0.05 power_one_sided 0.146 power_two_sided 0.121 power_csi 0.539 kurtosis 0.051 spec_cnn 0.459  (8s)
  JSR  -25.0 dB  BER 0.00e+00  P(det)@0.05 power_one_sided 0.184 power_two_sided 0.150 power_csi 0.566 kurtosis 0.072 spec_cnn 0.627  (8s)
  JSR  -24.0 dB  BER 0.00e+00  P(det)@0.05 power_one_sided 0.189 power_two_sided 0.148 power_csi 0.623 kurtosis 0.061 spec_cnn 0.801  (8s)
  JSR  -23.0 dB  BER 0.00e+00  P(det)@0.05 power_one_sided 0.275 power_two_sided 0.232 power_csi 0.684 kurtosis 0.070 spec_cnn 0.918  (9s)
  JSR  -22.0 dB  BER 0.00e+00  P(det)@0.05 power_one_sided 0.336 power_two_sided 0.279 power_csi 0.723 kurtosis 0.090 spec_cnn 0.986  (9s)
  JSR  -21.0 dB  BER 7.63e-05  P(det)@0.05 power_one_sided 0.416 power_two_sided 0.369 power_csi 0.768 kurtosis 0.094 spec_cnn 0.994  (9s)
  JSR  -20.0 dB  BER 3.97e-04  P(det)@0.05 power_one_sided 0.492 power_two_sided 0.430 power_csi 0.826 kurtosis 0.135 spec_cnn 1.000  (9s)
  JSR  -19.0 dB  BER 8.09e-04  P(det)@0.05 power_one_sided 0.584 power_two_sided 0.543 power_csi 0.855 kurtosis 0.170 spec_cnn 1.000  (10s)
  JSR  -18.0 dB  BER 1.22e-03  P(det)@0.05 power_one_sided 0.668 power_two_sided 0.609 power_csi 0.920 kurtosis 0.240 spec_cnn 1.000  (10s)
  JSR  -17.0 dB  BER 1.55e-03  P(det)@0.05 power_one_sided 0.777 power_two_sided 0.734 power_csi 0.973 kurtosis 0.359 spec_cnn 1.000  (10s)
  JSR  -16.0 dB  BER 1.99e-03  P(det)@0.05 power_one_sided 0.855 power_two_sided 0.818 power_csi 0.979 kurtosis 0.434 spec_cnn 1.000  (11s)
  JSR  -15.0 dB  BER 2.40e-03  P(det)@0.05 power_one_sided 0.914 power_two_sided 0.885 power_csi 0.988 kurtosis 0.568 spec_cnn 1.000  (11s)
  JSR  -14.0 dB  BER 2.45e-03  P(det)@0.05 power_one_sided 0.977 power_two_sided 0.965 power_csi 1.000 kurtosis 0.686 spec_cnn 1.000  (11s)
  JSR  -13.0 dB  BER 2.93e-03  P(det)@0.05 power_one_sided 0.990 power_two_sided 0.988 power_csi 1.000 kurtosis 0.752 spec_cnn 1.000  (12s)
  JSR  -12.0 dB  BER 3.36e-03  P(det)@0.05 power_one_sided 1.000 power_two_sided 1.000 power_csi 1.000 kurtosis 0.840 spec_cnn 1.000  (12s)
  JSR  -11.0 dB  BER 3.65e-03  P(det)@0.05 power_one_sided 1.000 power_two_sided 1.000 power_csi 1.000 kurtosis 0.910 spec_cnn 1.000  (12s)
  JSR  -10.0 dB  BER 4.06e-03  P(det)@0.05 power_one_sided 1.000 power_two_sided 1.000 power_csi 1.000 kurtosis 0.957 spec_cnn 1.000  (13s)
  JSR   -9.0 dB  BER 4.39e-03  P(det)@0.05 power_one_sided 1.000 power_two_sided 1.000 power_csi 1.000 kurtosis 0.998 spec_cnn 1.000  (13s)
  JSR   -8.0 dB  BER 5.14e-03  P(det)@0.05 power_one_sided 1.000 power_two_sided 1.000 power_csi 1.000 kurtosis 1.000 spec_cnn 1.000  (13s)
  JSR   -7.0 dB  BER 5.44e-03  P(det)@0.05 power_one_sided 1.000 power_two_sided 1.000 power_csi 1.000 kurtosis 1.000 spec_cnn 1.000  (13s)
  JSR   -6.0 dB  BER 6.12e-03  P(det)@0.05 power_one_sided 1.000 power_two_sided 1.000 power_csi 1.000 kurtosis 1.000 spec_cnn 1.000  (14s)
  JSR   -5.0 dB  BER 6.87e-03  P(det)@0.05 power_one_sided 1.000 power_two_sided 1.000 power_csi 1.000 kurtosis 1.000 spec_cnn 1.000  (14s)
  JSR   -4.0 dB  BER 7.29e-03  P(det)@0.05 power_one_sided 1.000 power_two_sided 1.000 power_csi 1.000 kurtosis 1.000 spec_cnn 1.000  (14s)
  JSR   -3.0 dB  BER 8.13e-03  P(det)@0.05 power_one_sided 1.000 power_two_sided 1.000 power_csi 1.000 kurtosis 1.000 spec_cnn 1.000  (15s)
  JSR   -2.0 dB  BER 8.83e-03  P(det)@0.05 power_one_sided 1.000 power_two_sided 1.000 power_csi 1.000 kurtosis 1.000 spec_cnn 1.000  (15s)
  JSR   -1.0 dB  BER 9.91e-03  P(det)@0.05 power_one_sided 1.000 power_two_sided 1.000 power_csi 1.000 kurtosis 1.000 spec_cnn 1.000  (15s)
  JSR   +0.0 dB  BER 1.07e-02  P(det)@0.05 power_one_sided 1.000 power_two_sided 1.000 power_csi 1.000 kurtosis 1.000 spec_cnn 1.000  (16s)
  JSR   +1.0 dB  BER 1.28e-02  P(det)@0.05 power_one_sided 1.000 power_two_sided 1.000 power_csi 1.000 kurtosis 1.000 spec_cnn 1.000  (16s)
  JSR   +2.0 dB  BER 1.48e-02  P(det)@0.05 power_one_sided 1.000 power_two_sided 1.000 power_csi 1.000 kurtosis 1.000 spec_cnn 1.000  (16s)
  JSR   +3.0 dB  BER 1.71e-02  P(det)@0.05 power_one_sided 1.000 power_two_sided 1.000 power_csi 1.000 kurtosis 1.000 spec_cnn 1.000  (16s)
  JSR   +4.0 dB  BER 2.15e-02  P(det)@0.05 power_one_sided 1.000 power_two_sided 1.000 power_csi 1.000 kurtosis 1.000 spec_cnn 1.000  (17s)
  JSR   +5.0 dB  BER 2.81e-02  P(det)@0.05 power_one_sided 1.000 power_two_sided 1.000 power_csi 1.000 kurtosis 1.000 spec_cnn 1.000  (17s)
  JSR   +6.0 dB  BER 3.72e-02  P(det)@0.05 power_one_sided 1.000 power_two_sided 1.000 power_csi 1.000 kurtosis 1.000 spec_cnn 1.000  (17s)
  JSR   +7.0 dB  BER 5.08e-02  P(det)@0.05 power_one_sided 1.000 power_two_sided 1.000 power_csi 1.000 kurtosis 1.000 spec_cnn 1.000  (18s)
  JSR   +8.0 dB  BER 6.37e-02  P(det)@0.05 power_one_sided 1.000 power_two_sided 1.000 power_csi 1.000 kurtosis 1.000 spec_cnn 1.000  (18s)
  JSR   +9.0 dB  BER 8.39e-02  P(det)@0.05 power_one_sided 1.000 power_two_sided 1.000 power_csi 1.000 kurtosis 1.000 spec_cnn 1.000  (18s)
  JSR  +10.0 dB  BER 1.06e-01  P(det)@0.05 power_one_sided 1.000 power_two_sided 1.000 power_csi 1.000 kurtosis 1.000 spec_cnn 1.000  (19s)
  JSR  +11.0 dB  BER 1.29e-01  P(det)@0.05 power_one_sided 1.000 power_two_sided 1.000 power_csi 1.000 kurtosis 1.000 spec_cnn 1.000  (19s)
  JSR  +12.0 dB  BER 1.52e-01  P(det)@0.05 power_one_sided 1.000 power_two_sided 1.000 power_csi 1.000 kurtosis 1.000 spec_cnn 1.000  (19s)
  JSR  +13.0 dB  BER 1.78e-01  P(det)@0.05 power_one_sided 1.000 power_two_sided 1.000 power_csi 1.000 kurtosis 1.000 spec_cnn 1.000  (20s)
  JSR  +14.0 dB  BER 2.06e-01  P(det)@0.05 power_one_sided 1.000 power_two_sided 1.000 power_csi 1.000 kurtosis 1.000 spec_cnn 1.000  (20s)
  JSR  +15.0 dB  BER 2.30e-01  P(det)@0.05 power_one_sided 1.000 power_two_sided 1.000 power_csi 1.000 kurtosis 1.000 spec_cnn 1.000  (20s)
  [shadow_0.03] power_one_sided_b10 confirmed: {"power_one_sided": {"0.01": {"index": 0, "sweep_ber": 0.0, "sweep_pdet": 0.009765625, "confirmed_ber": 0.0, "confirmed_ser": 0.0, "confirmed_pdet": 0.009765625, "passed": true}, "0.05": {"index": 0, "sweep_ber": 0.0, "sweep_pdet": 0.037109375, "confirmed_ber": 0.0, "confirmed_ser": 0.0, "confirmed_pdet": 0.04833984375, "passed": true}}, "power_csi": {"0.01": {"index": 0, "sweep_ber": 0.0, "sweep_pdet": 0.013671875, "confirmed_ber": 0.0, "confirmed_ser": 0.0, "confirmed_pdet": 0.012939453125, "passed": true}, "0.05": {"index": 0, "sweep_ber": 0.0, "sweep_pdet": 0.064453125, "confirmed_ber": 0.0, "confirmed_ser": 0.0, "confirmed_pdet": 0.04931640625, "passed": true}}, "power_two_sided": {"0.01": {"index": 0, "sweep_ber": 0.0, "sweep_pdet": 0.017578125, "confirmed_ber": 0.0, "confirmed_ser": 0.0, "confirmed_pdet": 0.00927734375, "passed": true}, "0.05": {"index": 0, "sweep_ber": 0.0, "sweep_pdet": 0.052734375, "confirmed_ber": 0.0, "confirmed_ser": 0.0, "confirmed_pdet": 0.052734375, "passed": true}}, "kurtosis": {"0.01": {"index": 0, "sweep_ber": 0.0, "sweep_pdet": 0.009765625, "confirmed_ber": 0.0, "confirmed_ser": 0.0, "confirmed_pdet": 0.008544921875, "passed": true}, "0.05": {"index": 0, "sweep_ber": 0.0, "sweep_pdet": 0.05078125, "confirmed_ber": 0.0, "confirmed_ser": 0.0, "confirmed_pdet": 0.0537109375, "passed": true}}, "spec_cnn": {"0.01": {"index": 0, "sweep_ber": 0.0, "sweep_pdet": 0.005859375, "confirmed_ber": 0.0, "confirmed_ser": 0.0, "confirmed_pdet": 0.0107421875, "passed": true}, "0.05": {"index": 0, "sweep_ber": 0.0, "sweep_pdet": 0.046875, "confirmed_ber": 0.0, "confirmed_ser": 0.0, "confirmed_pdet": 0.051513671875, "passed": true}}}  (479s)
  [shadow_0.03] generator power_one_sided_b100 (scale 1.0000)
  JSR  -50.0 dB  BER 0.00e+00  P(det)@0.05 power_one_sided 0.039 power_two_sided 0.039 power_csi 0.049 kurtosis 0.047 spec_cnn 0.047  (0s)
  JSR  -49.0 dB  BER 0.00e+00  P(det)@0.05 power_one_sided 0.055 power_two_sided 0.057 power_csi 0.053 kurtosis 0.057 spec_cnn 0.051  (1s)
  JSR  -48.0 dB  BER 0.00e+00  P(det)@0.05 power_one_sided 0.037 power_two_sided 0.049 power_csi 0.049 kurtosis 0.051 spec_cnn 0.055  (1s)
  JSR  -47.0 dB  BER 0.00e+00  P(det)@0.05 power_one_sided 0.059 power_two_sided 0.066 power_csi 0.051 kurtosis 0.051 spec_cnn 0.049  (1s)
  JSR  -46.0 dB  BER 0.00e+00  P(det)@0.05 power_one_sided 0.068 power_two_sided 0.057 power_csi 0.064 kurtosis 0.053 spec_cnn 0.055  (2s)
  JSR  -45.0 dB  BER 0.00e+00  P(det)@0.05 power_one_sided 0.029 power_two_sided 0.041 power_csi 0.072 kurtosis 0.033 spec_cnn 0.043  (2s)
  JSR  -44.0 dB  BER 0.00e+00  P(det)@0.05 power_one_sided 0.035 power_two_sided 0.053 power_csi 0.055 kurtosis 0.039 spec_cnn 0.047  (2s)
  JSR  -43.0 dB  BER 0.00e+00  P(det)@0.05 power_one_sided 0.070 power_two_sided 0.051 power_csi 0.074 kurtosis 0.057 spec_cnn 0.072  (2s)
  JSR  -42.0 dB  BER 0.00e+00  P(det)@0.05 power_one_sided 0.055 power_two_sided 0.047 power_csi 0.086 kurtosis 0.043 spec_cnn 0.039  (3s)
  JSR  -41.0 dB  BER 0.00e+00  P(det)@0.05 power_one_sided 0.061 power_two_sided 0.064 power_csi 0.088 kurtosis 0.049 spec_cnn 0.041  (3s)
  JSR  -40.0 dB  BER 0.00e+00  P(det)@0.05 power_one_sided 0.055 power_two_sided 0.057 power_csi 0.096 kurtosis 0.041 spec_cnn 0.041  (3s)
  JSR  -39.0 dB  BER 0.00e+00  P(det)@0.05 power_one_sided 0.055 power_two_sided 0.041 power_csi 0.121 kurtosis 0.055 spec_cnn 0.064  (4s)
  JSR  -38.0 dB  BER 0.00e+00  P(det)@0.05 power_one_sided 0.041 power_two_sided 0.059 power_csi 0.109 kurtosis 0.064 spec_cnn 0.043  (4s)
  JSR  -37.0 dB  BER 0.00e+00  P(det)@0.05 power_one_sided 0.053 power_two_sided 0.051 power_csi 0.154 kurtosis 0.043 spec_cnn 0.072  (4s)
  JSR  -36.0 dB  BER 0.00e+00  P(det)@0.05 power_one_sided 0.053 power_two_sided 0.055 power_csi 0.170 kurtosis 0.047 spec_cnn 0.062  (5s)
  JSR  -35.0 dB  BER 0.00e+00  P(det)@0.05 power_one_sided 0.057 power_two_sided 0.066 power_csi 0.166 kurtosis 0.037 spec_cnn 0.076  (5s)
  JSR  -34.0 dB  BER 0.00e+00  P(det)@0.05 power_one_sided 0.053 power_two_sided 0.059 power_csi 0.223 kurtosis 0.049 spec_cnn 0.064  (5s)
  JSR  -33.0 dB  BER 0.00e+00  P(det)@0.05 power_one_sided 0.090 power_two_sided 0.078 power_csi 0.254 kurtosis 0.055 spec_cnn 0.070  (5s)
  JSR  -32.0 dB  BER 0.00e+00  P(det)@0.05 power_one_sided 0.072 power_two_sided 0.064 power_csi 0.309 kurtosis 0.057 spec_cnn 0.088  (6s)
  JSR  -31.0 dB  BER 0.00e+00  P(det)@0.05 power_one_sided 0.072 power_two_sided 0.076 power_csi 0.330 kurtosis 0.031 spec_cnn 0.113  (6s)
  JSR  -30.0 dB  BER 0.00e+00  P(det)@0.05 power_one_sided 0.096 power_two_sided 0.082 power_csi 0.367 kurtosis 0.057 spec_cnn 0.125  (6s)
  JSR  -29.0 dB  BER 0.00e+00  P(det)@0.05 power_one_sided 0.076 power_two_sided 0.074 power_csi 0.422 kurtosis 0.057 spec_cnn 0.109  (7s)
  JSR  -28.0 dB  BER 0.00e+00  P(det)@0.05 power_one_sided 0.094 power_two_sided 0.076 power_csi 0.477 kurtosis 0.039 spec_cnn 0.162  (7s)
  JSR  -27.0 dB  BER 0.00e+00  P(det)@0.05 power_one_sided 0.123 power_two_sided 0.121 power_csi 0.514 kurtosis 0.049 spec_cnn 0.219  (7s)
  JSR  -26.0 dB  BER 0.00e+00  P(det)@0.05 power_one_sided 0.150 power_two_sided 0.133 power_csi 0.535 kurtosis 0.064 spec_cnn 0.291  (8s)
  JSR  -25.0 dB  BER 0.00e+00  P(det)@0.05 power_one_sided 0.184 power_two_sided 0.164 power_csi 0.586 kurtosis 0.047 spec_cnn 0.371  (8s)
  JSR  -24.0 dB  BER 0.00e+00  P(det)@0.05 power_one_sided 0.225 power_two_sided 0.189 power_csi 0.668 kurtosis 0.051 spec_cnn 0.518  (8s)
  JSR  -23.0 dB  BER 0.00e+00  P(det)@0.05 power_one_sided 0.285 power_two_sided 0.234 power_csi 0.686 kurtosis 0.062 spec_cnn 0.725  (9s)
  JSR  -22.0 dB  BER 0.00e+00  P(det)@0.05 power_one_sided 0.342 power_two_sided 0.297 power_csi 0.729 kurtosis 0.070 spec_cnn 0.842  (9s)
  JSR  -21.0 dB  BER 1.30e-04  P(det)@0.05 power_one_sided 0.416 power_two_sided 0.350 power_csi 0.783 kurtosis 0.109 spec_cnn 0.943  (9s)
  JSR  -20.0 dB  BER 5.87e-04  P(det)@0.05 power_one_sided 0.521 power_two_sided 0.484 power_csi 0.807 kurtosis 0.109 spec_cnn 0.992  (9s)
  JSR  -19.0 dB  BER 9.00e-04  P(det)@0.05 power_one_sided 0.611 power_two_sided 0.561 power_csi 0.898 kurtosis 0.160 spec_cnn 1.000  (10s)
  JSR  -18.0 dB  BER 1.54e-03  P(det)@0.05 power_one_sided 0.689 power_two_sided 0.637 power_csi 0.910 kurtosis 0.199 spec_cnn 1.000  (10s)
  JSR  -17.0 dB  BER 1.98e-03  P(det)@0.05 power_one_sided 0.812 power_two_sided 0.770 power_csi 0.969 kurtosis 0.352 spec_cnn 1.000  (10s)
  JSR  -16.0 dB  BER 2.42e-03  P(det)@0.05 power_one_sided 0.861 power_two_sided 0.842 power_csi 0.986 kurtosis 0.477 spec_cnn 1.000  (11s)
  JSR  -15.0 dB  BER 2.59e-03  P(det)@0.05 power_one_sided 0.934 power_two_sided 0.918 power_csi 0.992 kurtosis 0.549 spec_cnn 1.000  (11s)
  JSR  -14.0 dB  BER 3.29e-03  P(det)@0.05 power_one_sided 0.975 power_two_sided 0.965 power_csi 1.000 kurtosis 0.623 spec_cnn 1.000  (11s)
  JSR  -13.0 dB  BER 3.59e-03  P(det)@0.05 power_one_sided 0.990 power_two_sided 0.986 power_csi 1.000 kurtosis 0.734 spec_cnn 1.000  (12s)
  JSR  -12.0 dB  BER 3.70e-03  P(det)@0.05 power_one_sided 1.000 power_two_sided 1.000 power_csi 1.000 kurtosis 0.855 spec_cnn 1.000  (12s)
  JSR  -11.0 dB  BER 4.19e-03  P(det)@0.05 power_one_sided 1.000 power_two_sided 1.000 power_csi 1.000 kurtosis 0.928 spec_cnn 1.000  (12s)
  JSR  -10.0 dB  BER 4.70e-03  P(det)@0.05 power_one_sided 1.000 power_two_sided 1.000 power_csi 1.000 kurtosis 0.975 spec_cnn 1.000  (13s)
  JSR   -9.0 dB  BER 5.12e-03  P(det)@0.05 power_one_sided 1.000 power_two_sided 1.000 power_csi 1.000 kurtosis 0.996 spec_cnn 1.000  (13s)
  JSR   -8.0 dB  BER 5.37e-03  P(det)@0.05 power_one_sided 1.000 power_two_sided 1.000 power_csi 1.000 kurtosis 1.000 spec_cnn 1.000  (13s)
  JSR   -7.0 dB  BER 6.05e-03  P(det)@0.05 power_one_sided 1.000 power_two_sided 1.000 power_csi 1.000 kurtosis 1.000 spec_cnn 1.000  (13s)
  JSR   -6.0 dB  BER 6.63e-03  P(det)@0.05 power_one_sided 1.000 power_two_sided 1.000 power_csi 1.000 kurtosis 1.000 spec_cnn 1.000  (14s)
  JSR   -5.0 dB  BER 7.48e-03  P(det)@0.05 power_one_sided 1.000 power_two_sided 1.000 power_csi 1.000 kurtosis 1.000 spec_cnn 1.000  (14s)
  JSR   -4.0 dB  BER 8.03e-03  P(det)@0.05 power_one_sided 1.000 power_two_sided 1.000 power_csi 1.000 kurtosis 1.000 spec_cnn 1.000  (14s)
  JSR   -3.0 dB  BER 8.78e-03  P(det)@0.05 power_one_sided 1.000 power_two_sided 1.000 power_csi 1.000 kurtosis 1.000 spec_cnn 1.000  (15s)
  JSR   -2.0 dB  BER 9.99e-03  P(det)@0.05 power_one_sided 1.000 power_two_sided 1.000 power_csi 1.000 kurtosis 1.000 spec_cnn 1.000  (15s)
  JSR   -1.0 dB  BER 1.09e-02  P(det)@0.05 power_one_sided 1.000 power_two_sided 1.000 power_csi 1.000 kurtosis 1.000 spec_cnn 1.000  (15s)
  JSR   +0.0 dB  BER 1.22e-02  P(det)@0.05 power_one_sided 1.000 power_two_sided 1.000 power_csi 1.000 kurtosis 1.000 spec_cnn 1.000  (16s)
  JSR   +1.0 dB  BER 1.31e-02  P(det)@0.05 power_one_sided 1.000 power_two_sided 1.000 power_csi 1.000 kurtosis 1.000 spec_cnn 1.000  (16s)
  JSR   +2.0 dB  BER 1.65e-02  P(det)@0.05 power_one_sided 1.000 power_two_sided 1.000 power_csi 1.000 kurtosis 1.000 spec_cnn 1.000  (16s)
  JSR   +3.0 dB  BER 2.02e-02  P(det)@0.05 power_one_sided 1.000 power_two_sided 1.000 power_csi 1.000 kurtosis 1.000 spec_cnn 1.000  (17s)
  JSR   +4.0 dB  BER 2.88e-02  P(det)@0.05 power_one_sided 1.000 power_two_sided 1.000 power_csi 1.000 kurtosis 1.000 spec_cnn 1.000  (17s)
  JSR   +5.0 dB  BER 4.01e-02  P(det)@0.05 power_one_sided 1.000 power_two_sided 1.000 power_csi 1.000 kurtosis 1.000 spec_cnn 1.000  (17s)
  JSR   +6.0 dB  BER 5.69e-02  P(det)@0.05 power_one_sided 1.000 power_two_sided 1.000 power_csi 1.000 kurtosis 1.000 spec_cnn 1.000  (17s)
  JSR   +7.0 dB  BER 7.47e-02  P(det)@0.05 power_one_sided 1.000 power_two_sided 1.000 power_csi 1.000 kurtosis 1.000 spec_cnn 1.000  (18s)
  JSR   +8.0 dB  BER 9.47e-02  P(det)@0.05 power_one_sided 1.000 power_two_sided 1.000 power_csi 1.000 kurtosis 1.000 spec_cnn 1.000  (18s)
  JSR   +9.0 dB  BER 1.18e-01  P(det)@0.05 power_one_sided 1.000 power_two_sided 1.000 power_csi 1.000 kurtosis 1.000 spec_cnn 1.000  (18s)
  JSR  +10.0 dB  BER 1.43e-01  P(det)@0.05 power_one_sided 1.000 power_two_sided 1.000 power_csi 1.000 kurtosis 1.000 spec_cnn 1.000  (19s)
  JSR  +11.0 dB  BER 1.71e-01  P(det)@0.05 power_one_sided 1.000 power_two_sided 1.000 power_csi 1.000 kurtosis 1.000 spec_cnn 1.000  (19s)
  JSR  +12.0 dB  BER 2.01e-01  P(det)@0.05 power_one_sided 1.000 power_two_sided 1.000 power_csi 1.000 kurtosis 1.000 spec_cnn 1.000  (19s)
  JSR  +13.0 dB  BER 2.24e-01  P(det)@0.05 power_one_sided 1.000 power_two_sided 1.000 power_csi 1.000 kurtosis 1.000 spec_cnn 1.000  (20s)
  JSR  +14.0 dB  BER 2.47e-01  P(det)@0.05 power_one_sided 1.000 power_two_sided 1.000 power_csi 1.000 kurtosis 1.000 spec_cnn 1.000  (20s)
  JSR  +15.0 dB  BER 2.70e-01  P(det)@0.05 power_one_sided 1.000 power_two_sided 1.000 power_csi 1.000 kurtosis 1.000 spec_cnn 1.000  (20s)
  [shadow_0.03] power_one_sided_b100 confirmed: {"power_one_sided": {"0.01": {"index": 0, "sweep_ber": 0.0, "sweep_pdet": 0.00390625, "confirmed_ber": 0.0, "confirmed_ser": 0.0, "confirmed_pdet": 0.013671875, "passed": false}, "0.05": {"index": 0, "sweep_ber": 0.0, "sweep_pdet": 0.0390625, "confirmed_ber": 0.0, "confirmed_ser": 0.0, "confirmed_pdet": 0.05078125, "passed": true}}, "power_csi": {"0.01": {"index": 0, "sweep_ber": 0.0, "sweep_pdet": 0.013671875, "confirmed_ber": 0.0, "confirmed_ser": 0.0, "confirmed_pdet": 0.01416015625, "passed": false}, "0.05": {"index": 0, "sweep_ber": 0.0, "sweep_pdet": 0.048828125, "confirmed_ber": 0.0, "confirmed_ser": 0.0, "confirmed_pdet": 0.046142578125, "passed": true}}, "power_two_sided": {"0.01": {"index": 0, "sweep_ber": 0.0, "sweep_pdet": 0.001953125, "confirmed_ber": 0.0, "confirmed_ser": 0.0, "confirmed_pdet": 0.011474609375, "passed": true}, "0.05": {"index": 0, "sweep_ber": 0.0, "sweep_pdet": 0.0390625, "confirmed_ber": 0.0, "confirmed_ser": 0.0, "confirmed_pdet": 0.053955078125, "passed": true}}, "kurtosis": {"0.01": {"index": 0, "sweep_ber": 0.0, "sweep_pdet": 0.013671875, "confirmed_ber": 0.0, "confirmed_ser": 0.0, "confirmed_pdet": 0.010498046875, "passed": true}, "0.05": {"index": 0, "sweep_ber": 0.0, "sweep_pdet": 0.046875, "confirmed_ber": 0.0, "confirmed_ser": 0.0, "confirmed_pdet": 0.048095703125, "passed": true}}, "spec_cnn": {"0.01": {"index": 0, "sweep_ber": 0.0, "sweep_pdet": 0.009765625, "confirmed_ber": 0.0, "confirmed_ser": 0.0, "confirmed_pdet": 0.0087890625, "passed": true}, "0.05": {"index": 0, "sweep_ber": 0.0, "sweep_pdet": 0.046875, "confirmed_ber": 0.0, "confirmed_ser": 0.0, "confirmed_pdet": 0.048095703125, "passed": true}}}  (524s)
  [shadow_0.03] generator power_one_sided_b1000 (scale 1.0000)
  JSR  -50.0 dB  BER 0.00e+00  P(det)@0.05 power_one_sided 0.043 power_two_sided 0.043 power_csi 0.049 kurtosis 0.051 spec_cnn 0.059  (0s)
  JSR  -49.0 dB  BER 0.00e+00  P(det)@0.05 power_one_sided 0.047 power_two_sided 0.062 power_csi 0.066 kurtosis 0.043 spec_cnn 0.055  (1s)
  JSR  -48.0 dB  BER 0.00e+00  P(det)@0.05 power_one_sided 0.045 power_two_sided 0.059 power_csi 0.053 kurtosis 0.053 spec_cnn 0.066  (1s)
  JSR  -47.0 dB  BER 0.00e+00  P(det)@0.05 power_one_sided 0.057 power_two_sided 0.039 power_csi 0.057 kurtosis 0.053 spec_cnn 0.061  (1s)
  JSR  -46.0 dB  BER 0.00e+00  P(det)@0.05 power_one_sided 0.059 power_two_sided 0.055 power_csi 0.059 kurtosis 0.053 spec_cnn 0.049  (2s)
  JSR  -45.0 dB  BER 0.00e+00  P(det)@0.05 power_one_sided 0.074 power_two_sided 0.076 power_csi 0.057 kurtosis 0.049 spec_cnn 0.043  (2s)
  JSR  -44.0 dB  BER 0.00e+00  P(det)@0.05 power_one_sided 0.059 power_two_sided 0.074 power_csi 0.074 kurtosis 0.041 spec_cnn 0.045  (2s)
  JSR  -43.0 dB  BER 0.00e+00  P(det)@0.05 power_one_sided 0.053 power_two_sided 0.057 power_csi 0.104 kurtosis 0.053 spec_cnn 0.043  (2s)
  JSR  -42.0 dB  BER 0.00e+00  P(det)@0.05 power_one_sided 0.053 power_two_sided 0.043 power_csi 0.080 kurtosis 0.029 spec_cnn 0.068  (3s)
  JSR  -41.0 dB  BER 0.00e+00  P(det)@0.05 power_one_sided 0.055 power_two_sided 0.061 power_csi 0.086 kurtosis 0.051 spec_cnn 0.059  (3s)
  JSR  -40.0 dB  BER 0.00e+00  P(det)@0.05 power_one_sided 0.053 power_two_sided 0.053 power_csi 0.086 kurtosis 0.051 spec_cnn 0.074  (3s)
  JSR  -39.0 dB  BER 0.00e+00  P(det)@0.05 power_one_sided 0.057 power_two_sided 0.049 power_csi 0.127 kurtosis 0.037 spec_cnn 0.059  (4s)
  JSR  -38.0 dB  BER 0.00e+00  P(det)@0.05 power_one_sided 0.062 power_two_sided 0.057 power_csi 0.156 kurtosis 0.064 spec_cnn 0.057  (4s)
  JSR  -37.0 dB  BER 0.00e+00  P(det)@0.05 power_one_sided 0.047 power_two_sided 0.057 power_csi 0.166 kurtosis 0.037 spec_cnn 0.068  (4s)
  JSR  -36.0 dB  BER 0.00e+00  P(det)@0.05 power_one_sided 0.074 power_two_sided 0.057 power_csi 0.201 kurtosis 0.047 spec_cnn 0.064  (5s)
  JSR  -35.0 dB  BER 0.00e+00  P(det)@0.05 power_one_sided 0.053 power_two_sided 0.055 power_csi 0.199 kurtosis 0.051 spec_cnn 0.094  (5s)
  JSR  -34.0 dB  BER 0.00e+00  P(det)@0.05 power_one_sided 0.051 power_two_sided 0.053 power_csi 0.230 kurtosis 0.049 spec_cnn 0.086  (5s)
  JSR  -33.0 dB  BER 0.00e+00  P(det)@0.05 power_one_sided 0.055 power_two_sided 0.068 power_csi 0.275 kurtosis 0.066 spec_cnn 0.113  (5s)
  JSR  -32.0 dB  BER 0.00e+00  P(det)@0.05 power_one_sided 0.098 power_two_sided 0.070 power_csi 0.293 kurtosis 0.053 spec_cnn 0.111  (6s)
  JSR  -31.0 dB  BER 0.00e+00  P(det)@0.05 power_one_sided 0.049 power_two_sided 0.064 power_csi 0.314 kurtosis 0.061 spec_cnn 0.146  (6s)
  JSR  -30.0 dB  BER 0.00e+00  P(det)@0.05 power_one_sided 0.080 power_two_sided 0.090 power_csi 0.402 kurtosis 0.059 spec_cnn 0.172  (6s)
  JSR  -29.0 dB  BER 0.00e+00  P(det)@0.05 power_one_sided 0.096 power_two_sided 0.094 power_csi 0.471 kurtosis 0.059 spec_cnn 0.223  (7s)
  JSR  -28.0 dB  BER 0.00e+00  P(det)@0.05 power_one_sided 0.131 power_two_sided 0.115 power_csi 0.461 kurtosis 0.068 spec_cnn 0.236  (7s)
  JSR  -27.0 dB  BER 0.00e+00  P(det)@0.05 power_one_sided 0.143 power_two_sided 0.148 power_csi 0.461 kurtosis 0.057 spec_cnn 0.334  (7s)
  JSR  -26.0 dB  BER 0.00e+00  P(det)@0.05 power_one_sided 0.150 power_two_sided 0.143 power_csi 0.521 kurtosis 0.068 spec_cnn 0.420  (8s)
  JSR  -25.0 dB  BER 0.00e+00  P(det)@0.05 power_one_sided 0.223 power_two_sided 0.189 power_csi 0.562 kurtosis 0.041 spec_cnn 0.484  (8s)
  JSR  -24.0 dB  BER 0.00e+00  P(det)@0.05 power_one_sided 0.189 power_two_sided 0.174 power_csi 0.590 kurtosis 0.062 spec_cnn 0.551  (8s)
  JSR  -23.0 dB  BER 0.00e+00  P(det)@0.05 power_one_sided 0.297 power_two_sided 0.273 power_csi 0.656 kurtosis 0.080 spec_cnn 0.691  (9s)
  JSR  -22.0 dB  BER 0.00e+00  P(det)@0.05 power_one_sided 0.340 power_two_sided 0.316 power_csi 0.678 kurtosis 0.082 spec_cnn 0.775  (9s)
  JSR  -21.0 dB  BER 0.00e+00  P(det)@0.05 power_one_sided 0.377 power_two_sided 0.361 power_csi 0.719 kurtosis 0.092 spec_cnn 0.873  (9s)
  JSR  -20.0 dB  BER 0.00e+00  P(det)@0.05 power_one_sided 0.463 power_two_sided 0.445 power_csi 0.770 kurtosis 0.102 spec_cnn 0.939  (9s)
  JSR  -19.0 dB  BER 0.00e+00  P(det)@0.05 power_one_sided 0.549 power_two_sided 0.510 power_csi 0.803 kurtosis 0.164 spec_cnn 0.963  (10s)
  JSR  -18.0 dB  BER 7.63e-06  P(det)@0.05 power_one_sided 0.639 power_two_sided 0.621 power_csi 0.855 kurtosis 0.180 spec_cnn 0.984  (10s)
  JSR  -17.0 dB  BER 1.30e-04  P(det)@0.05 power_one_sided 0.727 power_two_sided 0.707 power_csi 0.881 kurtosis 0.258 spec_cnn 0.992  (10s)
  JSR  -16.0 dB  BER 3.81e-04  P(det)@0.05 power_one_sided 0.787 power_two_sided 0.768 power_csi 0.918 kurtosis 0.385 spec_cnn 0.998  (11s)
  JSR  -15.0 dB  BER 8.09e-04  P(det)@0.05 power_one_sided 0.857 power_two_sided 0.848 power_csi 0.941 kurtosis 0.553 spec_cnn 0.998  (11s)
  JSR  -14.0 dB  BER 1.32e-03  P(det)@0.05 power_one_sided 0.900 power_two_sided 0.895 power_csi 0.969 kurtosis 0.701 spec_cnn 1.000  (11s)
  JSR  -13.0 dB  BER 1.65e-03  P(det)@0.05 power_one_sided 0.953 power_two_sided 0.945 power_csi 0.986 kurtosis 0.842 spec_cnn 1.000  (12s)
  JSR  -12.0 dB  BER 2.10e-03  P(det)@0.05 power_one_sided 0.971 power_two_sided 0.967 power_csi 0.988 kurtosis 0.969 spec_cnn 1.000  (12s)
  JSR  -11.0 dB  BER 2.64e-03  P(det)@0.05 power_one_sided 0.984 power_two_sided 0.984 power_csi 0.992 kurtosis 0.986 spec_cnn 1.000  (12s)
  JSR  -10.0 dB  BER 2.97e-03  P(det)@0.05 power_one_sided 0.996 power_two_sided 0.996 power_csi 0.996 kurtosis 0.998 spec_cnn 1.000  (13s)
  JSR   -9.0 dB  BER 3.40e-03  P(det)@0.05 power_one_sided 1.000 power_two_sided 1.000 power_csi 1.000 kurtosis 1.000 spec_cnn 1.000  (13s)
  JSR   -8.0 dB  BER 4.49e-03  P(det)@0.05 power_one_sided 1.000 power_two_sided 1.000 power_csi 1.000 kurtosis 1.000 spec_cnn 1.000  (13s)
  JSR   -7.0 dB  BER 7.26e-03  P(det)@0.05 power_one_sided 1.000 power_two_sided 1.000 power_csi 1.000 kurtosis 1.000 spec_cnn 1.000  (13s)
  JSR   -6.0 dB  BER 1.36e-02  P(det)@0.05 power_one_sided 1.000 power_two_sided 1.000 power_csi 1.000 kurtosis 1.000 spec_cnn 1.000  (14s)
  JSR   -5.0 dB  BER 2.34e-02  P(det)@0.05 power_one_sided 1.000 power_two_sided 1.000 power_csi 1.000 kurtosis 1.000 spec_cnn 1.000  (14s)
  JSR   -4.0 dB  BER 3.63e-02  P(det)@0.05 power_one_sided 1.000 power_two_sided 1.000 power_csi 1.000 kurtosis 1.000 spec_cnn 1.000  (14s)
  JSR   -3.0 dB  BER 5.18e-02  P(det)@0.05 power_one_sided 1.000 power_two_sided 1.000 power_csi 1.000 kurtosis 1.000 spec_cnn 1.000  (15s)
  JSR   -2.0 dB  BER 7.11e-02  P(det)@0.05 power_one_sided 1.000 power_two_sided 1.000 power_csi 1.000 kurtosis 1.000 spec_cnn 1.000  (15s)
  JSR   -1.0 dB  BER 9.21e-02  P(det)@0.05 power_one_sided 1.000 power_two_sided 1.000 power_csi 1.000 kurtosis 1.000 spec_cnn 1.000  (15s)
  JSR   +0.0 dB  BER 1.17e-01  P(det)@0.05 power_one_sided 1.000 power_two_sided 1.000 power_csi 1.000 kurtosis 1.000 spec_cnn 1.000  (16s)
  JSR   +1.0 dB  BER 1.43e-01  P(det)@0.05 power_one_sided 1.000 power_two_sided 1.000 power_csi 1.000 kurtosis 1.000 spec_cnn 1.000  (16s)
  JSR   +2.0 dB  BER 1.68e-01  P(det)@0.05 power_one_sided 1.000 power_two_sided 1.000 power_csi 1.000 kurtosis 1.000 spec_cnn 1.000  (16s)
  JSR   +3.0 dB  BER 1.95e-01  P(det)@0.05 power_one_sided 1.000 power_two_sided 1.000 power_csi 1.000 kurtosis 1.000 spec_cnn 1.000  (16s)
  JSR   +4.0 dB  BER 2.20e-01  P(det)@0.05 power_one_sided 1.000 power_two_sided 1.000 power_csi 1.000 kurtosis 1.000 spec_cnn 1.000  (17s)
  JSR   +5.0 dB  BER 2.46e-01  P(det)@0.05 power_one_sided 1.000 power_two_sided 1.000 power_csi 1.000 kurtosis 1.000 spec_cnn 1.000  (17s)
  JSR   +6.0 dB  BER 2.71e-01  P(det)@0.05 power_one_sided 1.000 power_two_sided 1.000 power_csi 1.000 kurtosis 1.000 spec_cnn 1.000  (17s)
  JSR   +7.0 dB  BER 2.92e-01  P(det)@0.05 power_one_sided 1.000 power_two_sided 1.000 power_csi 1.000 kurtosis 1.000 spec_cnn 1.000  (18s)
  JSR   +8.0 dB  BER 3.15e-01  P(det)@0.05 power_one_sided 1.000 power_two_sided 1.000 power_csi 1.000 kurtosis 1.000 spec_cnn 1.000  (18s)
  JSR   +9.0 dB  BER 3.32e-01  P(det)@0.05 power_one_sided 1.000 power_two_sided 1.000 power_csi 1.000 kurtosis 1.000 spec_cnn 1.000  (18s)
  JSR  +10.0 dB  BER 3.49e-01  P(det)@0.05 power_one_sided 1.000 power_two_sided 1.000 power_csi 1.000 kurtosis 1.000 spec_cnn 1.000  (19s)
  JSR  +11.0 dB  BER 3.65e-01  P(det)@0.05 power_one_sided 1.000 power_two_sided 1.000 power_csi 1.000 kurtosis 1.000 spec_cnn 1.000  (19s)
  JSR  +12.0 dB  BER 3.81e-01  P(det)@0.05 power_one_sided 1.000 power_two_sided 1.000 power_csi 1.000 kurtosis 1.000 spec_cnn 1.000  (19s)
  JSR  +13.0 dB  BER 3.95e-01  P(det)@0.05 power_one_sided 1.000 power_two_sided 1.000 power_csi 1.000 kurtosis 1.000 spec_cnn 1.000  (20s)
  JSR  +14.0 dB  BER 4.05e-01  P(det)@0.05 power_one_sided 1.000 power_two_sided 1.000 power_csi 1.000 kurtosis 1.000 spec_cnn 1.000  (20s)
  JSR  +15.0 dB  BER 4.15e-01  P(det)@0.05 power_one_sided 1.000 power_two_sided 1.000 power_csi 1.000 kurtosis 1.000 spec_cnn 1.000  (20s)
  [shadow_0.03] power_one_sided_b1000 confirmed: {"power_one_sided": {"0.01": {"index": 0, "sweep_ber": 0.0, "sweep_pdet": 0.005859375, "confirmed_ber": 0.0, "confirmed_ser": 0.0, "confirmed_pdet": 0.009765625, "passed": true}, "0.05": {"index": 0, "sweep_ber": 0.0, "sweep_pdet": 0.04296875, "confirmed_ber": 0.0, "confirmed_ser": 0.0, "confirmed_pdet": 0.049560546875, "passed": true}}, "power_csi": {"0.01": {"index": 0, "sweep_ber": 0.0, "sweep_pdet": 0.013671875, "confirmed_ber": 0.0, "confirmed_ser": 0.0, "confirmed_pdet": 0.012939453125, "passed": true}, "0.05": {"index": 0, "sweep_ber": 0.0, "sweep_pdet": 0.048828125, "confirmed_ber": 0.0, "confirmed_ser": 0.0, "confirmed_pdet": 0.05712890625, "passed": false}}, "power_two_sided": {"0.01": {"index": 0, "sweep_ber": 0.0, "sweep_pdet": 0.009765625, "confirmed_ber": 0.0, "confirmed_ser": 0.0, "confirmed_pdet": 0.01318359375, "passed": false}, "0.05": {"index": 0, "sweep_ber": 0.0, "sweep_pdet": 0.04296875, "confirmed_ber": 0.0, "confirmed_ser": 0.0, "confirmed_pdet": 0.052978515625, "passed": true}}, "kurtosis": {"0.01": {"index": 0, "sweep_ber": 0.0, "sweep_pdet": 0.01171875, "confirmed_ber": 0.0, "confirmed_ser": 0.0, "confirmed_pdet": 0.00927734375, "passed": true}, "0.05": {"index": 0, "sweep_ber": 0.0, "sweep_pdet": 0.05078125, "confirmed_ber": 0.0, "confirmed_ser": 0.0, "confirmed_pdet": 0.05029296875, "passed": true}}, "spec_cnn": {"0.01": {"index": 0, "sweep_ber": 0.0, "sweep_pdet": 0.005859375, "confirmed_ber": 0.0, "confirmed_ser": 0.0, "confirmed_pdet": 0.00830078125, "passed": true}, "0.05": {"index": 0, "sweep_ber": 0.0, "sweep_pdet": 0.05859375, "confirmed_ber": 0.0, "confirmed_ser": 0.0, "confirmed_pdet": 0.050048828125, "passed": true}}}  (569s)
  [shadow_0.03] generator power_two_sided_b1 (scale 1.0000)
  JSR  -50.0 dB  BER 0.00e+00  P(det)@0.05 power_one_sided 0.041 power_two_sided 0.035 power_csi 0.039 kurtosis 0.037 spec_cnn 0.059  (0s)
  JSR  -49.0 dB  BER 0.00e+00  P(det)@0.05 power_one_sided 0.051 power_two_sided 0.057 power_csi 0.055 kurtosis 0.053 spec_cnn 0.059  (1s)
  JSR  -48.0 dB  BER 0.00e+00  P(det)@0.05 power_one_sided 0.049 power_two_sided 0.053 power_csi 0.057 kurtosis 0.053 spec_cnn 0.062  (1s)
  JSR  -47.0 dB  BER 0.00e+00  P(det)@0.05 power_one_sided 0.047 power_two_sided 0.041 power_csi 0.053 kurtosis 0.061 spec_cnn 0.055  (1s)
  JSR  -46.0 dB  BER 0.00e+00  P(det)@0.05 power_one_sided 0.057 power_two_sided 0.061 power_csi 0.061 kurtosis 0.047 spec_cnn 0.047  (2s)
  JSR  -45.0 dB  BER 0.00e+00  P(det)@0.05 power_one_sided 0.039 power_two_sided 0.043 power_csi 0.059 kurtosis 0.051 spec_cnn 0.047  (2s)
  JSR  -44.0 dB  BER 0.00e+00  P(det)@0.05 power_one_sided 0.043 power_two_sided 0.057 power_csi 0.070 kurtosis 0.059 spec_cnn 0.053  (2s)
  JSR  -43.0 dB  BER 0.00e+00  P(det)@0.05 power_one_sided 0.047 power_two_sided 0.059 power_csi 0.082 kurtosis 0.059 spec_cnn 0.033  (2s)
  JSR  -42.0 dB  BER 0.00e+00  P(det)@0.05 power_one_sided 0.057 power_two_sided 0.059 power_csi 0.074 kurtosis 0.061 spec_cnn 0.035  (3s)
  JSR  -41.0 dB  BER 0.00e+00  P(det)@0.05 power_one_sided 0.064 power_two_sided 0.055 power_csi 0.113 kurtosis 0.049 spec_cnn 0.061  (3s)
  JSR  -40.0 dB  BER 0.00e+00  P(det)@0.05 power_one_sided 0.039 power_two_sided 0.053 power_csi 0.092 kurtosis 0.047 spec_cnn 0.080  (3s)
  JSR  -39.0 dB  BER 0.00e+00  P(det)@0.05 power_one_sided 0.055 power_two_sided 0.049 power_csi 0.107 kurtosis 0.045 spec_cnn 0.062  (4s)
  JSR  -38.0 dB  BER 0.00e+00  P(det)@0.05 power_one_sided 0.055 power_two_sided 0.062 power_csi 0.125 kurtosis 0.045 spec_cnn 0.051  (4s)
  JSR  -37.0 dB  BER 0.00e+00  P(det)@0.05 power_one_sided 0.072 power_two_sided 0.062 power_csi 0.158 kurtosis 0.051 spec_cnn 0.062  (4s)
  JSR  -36.0 dB  BER 0.00e+00  P(det)@0.05 power_one_sided 0.076 power_two_sided 0.051 power_csi 0.166 kurtosis 0.049 spec_cnn 0.086  (5s)
  JSR  -35.0 dB  BER 0.00e+00  P(det)@0.05 power_one_sided 0.064 power_two_sided 0.053 power_csi 0.182 kurtosis 0.047 spec_cnn 0.049  (5s)
  JSR  -34.0 dB  BER 0.00e+00  P(det)@0.05 power_one_sided 0.059 power_two_sided 0.084 power_csi 0.209 kurtosis 0.047 spec_cnn 0.061  (5s)
  JSR  -33.0 dB  BER 0.00e+00  P(det)@0.05 power_one_sided 0.066 power_two_sided 0.074 power_csi 0.234 kurtosis 0.062 spec_cnn 0.072  (5s)
  JSR  -32.0 dB  BER 0.00e+00  P(det)@0.05 power_one_sided 0.078 power_two_sided 0.070 power_csi 0.295 kurtosis 0.037 spec_cnn 0.092  (6s)
  JSR  -31.0 dB  BER 0.00e+00  P(det)@0.05 power_one_sided 0.090 power_two_sided 0.059 power_csi 0.379 kurtosis 0.055 spec_cnn 0.082  (6s)
  JSR  -30.0 dB  BER 0.00e+00  P(det)@0.05 power_one_sided 0.102 power_two_sided 0.100 power_csi 0.379 kurtosis 0.041 spec_cnn 0.094  (6s)
  JSR  -29.0 dB  BER 0.00e+00  P(det)@0.05 power_one_sided 0.098 power_two_sided 0.078 power_csi 0.457 kurtosis 0.061 spec_cnn 0.125  (7s)
  JSR  -28.0 dB  BER 0.00e+00  P(det)@0.05 power_one_sided 0.094 power_two_sided 0.092 power_csi 0.445 kurtosis 0.049 spec_cnn 0.127  (7s)
  JSR  -27.0 dB  BER 0.00e+00  P(det)@0.05 power_one_sided 0.137 power_two_sided 0.102 power_csi 0.504 kurtosis 0.053 spec_cnn 0.152  (7s)
  JSR  -26.0 dB  BER 0.00e+00  P(det)@0.05 power_one_sided 0.158 power_two_sided 0.141 power_csi 0.545 kurtosis 0.055 spec_cnn 0.268  (8s)
  JSR  -25.0 dB  BER 0.00e+00  P(det)@0.05 power_one_sided 0.176 power_two_sided 0.129 power_csi 0.578 kurtosis 0.074 spec_cnn 0.297  (8s)
  JSR  -24.0 dB  BER 0.00e+00  P(det)@0.05 power_one_sided 0.223 power_two_sided 0.197 power_csi 0.600 kurtosis 0.070 spec_cnn 0.383  (8s)
  JSR  -23.0 dB  BER 0.00e+00  P(det)@0.05 power_one_sided 0.303 power_two_sided 0.264 power_csi 0.639 kurtosis 0.070 spec_cnn 0.559  (9s)
  JSR  -22.0 dB  BER 1.07e-04  P(det)@0.05 power_one_sided 0.307 power_two_sided 0.271 power_csi 0.652 kurtosis 0.078 spec_cnn 0.701  (9s)
  JSR  -21.0 dB  BER 5.72e-04  P(det)@0.05 power_one_sided 0.391 power_two_sided 0.350 power_csi 0.689 kurtosis 0.137 spec_cnn 0.867  (9s)
  JSR  -20.0 dB  BER 9.99e-04  P(det)@0.05 power_one_sided 0.473 power_two_sided 0.432 power_csi 0.762 kurtosis 0.182 spec_cnn 0.975  (9s)
  JSR  -19.0 dB  BER 1.40e-03  P(det)@0.05 power_one_sided 0.568 power_two_sided 0.516 power_csi 0.807 kurtosis 0.264 spec_cnn 0.998  (10s)
  JSR  -18.0 dB  BER 1.80e-03  P(det)@0.05 power_one_sided 0.648 power_two_sided 0.621 power_csi 0.867 kurtosis 0.395 spec_cnn 1.000  (10s)
  JSR  -17.0 dB  BER 2.31e-03  P(det)@0.05 power_one_sided 0.670 power_two_sided 0.641 power_csi 0.900 kurtosis 0.449 spec_cnn 1.000  (10s)
  JSR  -16.0 dB  BER 2.68e-03  P(det)@0.05 power_one_sided 0.787 power_two_sided 0.760 power_csi 0.945 kurtosis 0.539 spec_cnn 1.000  (11s)
  JSR  -15.0 dB  BER 2.89e-03  P(det)@0.05 power_one_sided 0.854 power_two_sided 0.832 power_csi 0.973 kurtosis 0.648 spec_cnn 1.000  (11s)
  JSR  -14.0 dB  BER 3.50e-03  P(det)@0.05 power_one_sided 0.932 power_two_sided 0.910 power_csi 0.996 kurtosis 0.721 spec_cnn 1.000  (11s)
  JSR  -13.0 dB  BER 3.93e-03  P(det)@0.05 power_one_sided 0.984 power_two_sided 0.969 power_csi 1.000 kurtosis 0.771 spec_cnn 1.000  (12s)
  JSR  -12.0 dB  BER 4.09e-03  P(det)@0.05 power_one_sided 0.994 power_two_sided 0.990 power_csi 1.000 kurtosis 0.867 spec_cnn 1.000  (12s)
  JSR  -11.0 dB  BER 4.26e-03  P(det)@0.05 power_one_sided 1.000 power_two_sided 1.000 power_csi 1.000 kurtosis 0.961 spec_cnn 1.000  (12s)
  JSR  -10.0 dB  BER 4.72e-03  P(det)@0.05 power_one_sided 1.000 power_two_sided 1.000 power_csi 1.000 kurtosis 0.992 spec_cnn 1.000  (13s)
  JSR   -9.0 dB  BER 4.73e-03  P(det)@0.05 power_one_sided 1.000 power_two_sided 1.000 power_csi 1.000 kurtosis 0.998 spec_cnn 1.000  (13s)
  JSR   -8.0 dB  BER 5.23e-03  P(det)@0.05 power_one_sided 1.000 power_two_sided 1.000 power_csi 1.000 kurtosis 1.000 spec_cnn 1.000  (13s)
  JSR   -7.0 dB  BER 4.92e-03  P(det)@0.05 power_one_sided 1.000 power_two_sided 1.000 power_csi 1.000 kurtosis 1.000 spec_cnn 1.000  (13s)
  JSR   -6.0 dB  BER 5.84e-03  P(det)@0.05 power_one_sided 1.000 power_two_sided 1.000 power_csi 1.000 kurtosis 1.000 spec_cnn 1.000  (14s)
  JSR   -5.0 dB  BER 6.33e-03  P(det)@0.05 power_one_sided 1.000 power_two_sided 1.000 power_csi 1.000 kurtosis 1.000 spec_cnn 1.000  (14s)
  JSR   -4.0 dB  BER 6.73e-03  P(det)@0.05 power_one_sided 1.000 power_two_sided 1.000 power_csi 1.000 kurtosis 1.000 spec_cnn 1.000  (14s)
  JSR   -3.0 dB  BER 7.09e-03  P(det)@0.05 power_one_sided 1.000 power_two_sided 1.000 power_csi 1.000 kurtosis 1.000 spec_cnn 1.000  (15s)
  JSR   -2.0 dB  BER 8.12e-03  P(det)@0.05 power_one_sided 1.000 power_two_sided 1.000 power_csi 1.000 kurtosis 1.000 spec_cnn 1.000  (15s)
  JSR   -1.0 dB  BER 8.67e-03  P(det)@0.05 power_one_sided 1.000 power_two_sided 1.000 power_csi 1.000 kurtosis 1.000 spec_cnn 1.000  (15s)
  JSR   +0.0 dB  BER 8.75e-03  P(det)@0.05 power_one_sided 1.000 power_two_sided 1.000 power_csi 1.000 kurtosis 1.000 spec_cnn 1.000  (16s)
  JSR   +1.0 dB  BER 9.94e-03  P(det)@0.05 power_one_sided 1.000 power_two_sided 1.000 power_csi 1.000 kurtosis 1.000 spec_cnn 1.000  (16s)
  JSR   +2.0 dB  BER 1.06e-02  P(det)@0.05 power_one_sided 1.000 power_two_sided 1.000 power_csi 1.000 kurtosis 1.000 spec_cnn 1.000  (16s)
  JSR   +3.0 dB  BER 1.10e-02  P(det)@0.05 power_one_sided 1.000 power_two_sided 1.000 power_csi 1.000 kurtosis 1.000 spec_cnn 1.000  (16s)
  JSR   +4.0 dB  BER 1.31e-02  P(det)@0.05 power_one_sided 1.000 power_two_sided 1.000 power_csi 1.000 kurtosis 1.000 spec_cnn 1.000  (17s)
  JSR   +5.0 dB  BER 1.47e-02  P(det)@0.05 power_one_sided 1.000 power_two_sided 1.000 power_csi 1.000 kurtosis 1.000 spec_cnn 1.000  (17s)
  JSR   +6.0 dB  BER 1.82e-02  P(det)@0.05 power_one_sided 1.000 power_two_sided 1.000 power_csi 1.000 kurtosis 1.000 spec_cnn 1.000  (17s)
  JSR   +7.0 dB  BER 2.28e-02  P(det)@0.05 power_one_sided 1.000 power_two_sided 1.000 power_csi 1.000 kurtosis 1.000 spec_cnn 1.000  (18s)
  JSR   +8.0 dB  BER 3.12e-02  P(det)@0.05 power_one_sided 1.000 power_two_sided 1.000 power_csi 1.000 kurtosis 1.000 spec_cnn 1.000  (18s)
  JSR   +9.0 dB  BER 4.06e-02  P(det)@0.05 power_one_sided 1.000 power_two_sided 1.000 power_csi 1.000 kurtosis 1.000 spec_cnn 1.000  (18s)
  JSR  +10.0 dB  BER 5.59e-02  P(det)@0.05 power_one_sided 1.000 power_two_sided 1.000 power_csi 1.000 kurtosis 1.000 spec_cnn 1.000  (19s)
  JSR  +11.0 dB  BER 7.49e-02  P(det)@0.05 power_one_sided 1.000 power_two_sided 1.000 power_csi 1.000 kurtosis 1.000 spec_cnn 1.000  (19s)
  JSR  +12.0 dB  BER 9.70e-02  P(det)@0.05 power_one_sided 1.000 power_two_sided 1.000 power_csi 1.000 kurtosis 1.000 spec_cnn 1.000  (19s)
  JSR  +13.0 dB  BER 1.21e-01  P(det)@0.05 power_one_sided 1.000 power_two_sided 1.000 power_csi 1.000 kurtosis 1.000 spec_cnn 1.000  (20s)
  JSR  +14.0 dB  BER 1.46e-01  P(det)@0.05 power_one_sided 1.000 power_two_sided 1.000 power_csi 1.000 kurtosis 1.000 spec_cnn 1.000  (20s)
  JSR  +15.0 dB  BER 1.74e-01  P(det)@0.05 power_one_sided 1.000 power_two_sided 1.000 power_csi 1.000 kurtosis 1.000 spec_cnn 1.000  (20s)
  [shadow_0.03] power_two_sided_b1 confirmed: {"power_one_sided": {"0.01": {"index": 0, "sweep_ber": 0.0, "sweep_pdet": 0.009765625, "confirmed_ber": 0.0, "confirmed_ser": 0.0, "confirmed_pdet": 0.01171875, "passed": true}, "0.05": {"index": 0, "sweep_ber": 0.0, "sweep_pdet": 0.041015625, "confirmed_ber": 0.0, "confirmed_ser": 0.0, "confirmed_pdet": 0.053955078125, "passed": true}}, "power_csi": {"0.01": {"index": 0, "sweep_ber": 0.0, "sweep_pdet": 0.00390625, "confirmed_ber": 0.0, "confirmed_ser": 0.0, "confirmed_pdet": 0.013916015625, "passed": false}, "0.05": {"index": 0, "sweep_ber": 0.0, "sweep_pdet": 0.0390625, "confirmed_ber": 0.0, "confirmed_ser": 0.0, "confirmed_pdet": 0.056884765625, "passed": false}}, "power_two_sided": {"0.01": {"index": 0, "sweep_ber": 0.0, "sweep_pdet": 0.00390625, "confirmed_ber": 0.0, "confirmed_ser": 0.0, "confirmed_pdet": 0.011474609375, "passed": true}, "0.05": {"index": 0, "sweep_ber": 0.0, "sweep_pdet": 0.03515625, "confirmed_ber": 0.0, "confirmed_ser": 0.0, "confirmed_pdet": 0.05859375, "passed": false}}, "kurtosis": {"0.01": {"index": 0, "sweep_ber": 0.0, "sweep_pdet": 0.00390625, "confirmed_ber": 0.0, "confirmed_ser": 0.0, "confirmed_pdet": 0.01025390625, "passed": true}, "0.05": {"index": 0, "sweep_ber": 0.0, "sweep_pdet": 0.037109375, "confirmed_ber": 0.0, "confirmed_ser": 0.0, "confirmed_pdet": 0.051513671875, "passed": true}}, "spec_cnn": {"0.01": {"index": 0, "sweep_ber": 0.0, "sweep_pdet": 0.015625, "confirmed_ber": 0.0, "confirmed_ser": 0.0, "confirmed_pdet": 0.00830078125, "passed": true}, "0.05": {"index": 0, "sweep_ber": 0.0, "sweep_pdet": 0.05859375, "confirmed_ber": 0.0, "confirmed_ser": 0.0, "confirmed_pdet": 0.050048828125, "passed": true}}}  (613s)
  [shadow_0.03] generator power_two_sided_b10 (scale 1.0000)
  JSR  -50.0 dB  BER 0.00e+00  P(det)@0.05 power_one_sided 0.043 power_two_sided 0.049 power_csi 0.045 kurtosis 0.062 spec_cnn 0.064  (0s)
  JSR  -49.0 dB  BER 0.00e+00  P(det)@0.05 power_one_sided 0.041 power_two_sided 0.041 power_csi 0.049 kurtosis 0.061 spec_cnn 0.059  (1s)
  JSR  -48.0 dB  BER 0.00e+00  P(det)@0.05 power_one_sided 0.057 power_two_sided 0.053 power_csi 0.076 kurtosis 0.064 spec_cnn 0.064  (1s)
  JSR  -47.0 dB  BER 0.00e+00  P(det)@0.05 power_one_sided 0.053 power_two_sided 0.068 power_csi 0.070 kurtosis 0.049 spec_cnn 0.064  (1s)
  JSR  -46.0 dB  BER 0.00e+00  P(det)@0.05 power_one_sided 0.047 power_two_sided 0.051 power_csi 0.080 kurtosis 0.047 spec_cnn 0.062  (2s)
  JSR  -45.0 dB  BER 0.00e+00  P(det)@0.05 power_one_sided 0.072 power_two_sided 0.062 power_csi 0.072 kurtosis 0.045 spec_cnn 0.064  (2s)
  JSR  -44.0 dB  BER 0.00e+00  P(det)@0.05 power_one_sided 0.047 power_two_sided 0.037 power_csi 0.074 kurtosis 0.039 spec_cnn 0.059  (2s)
  JSR  -43.0 dB  BER 0.00e+00  P(det)@0.05 power_one_sided 0.039 power_two_sided 0.039 power_csi 0.070 kurtosis 0.041 spec_cnn 0.045  (2s)
  JSR  -42.0 dB  BER 0.00e+00  P(det)@0.05 power_one_sided 0.047 power_two_sided 0.057 power_csi 0.080 kurtosis 0.051 spec_cnn 0.068  (3s)
  JSR  -41.0 dB  BER 0.00e+00  P(det)@0.05 power_one_sided 0.061 power_two_sided 0.055 power_csi 0.070 kurtosis 0.045 spec_cnn 0.107  (3s)
  JSR  -40.0 dB  BER 0.00e+00  P(det)@0.05 power_one_sided 0.055 power_two_sided 0.061 power_csi 0.098 kurtosis 0.037 spec_cnn 0.090  (3s)
  JSR  -39.0 dB  BER 0.00e+00  P(det)@0.05 power_one_sided 0.047 power_two_sided 0.037 power_csi 0.135 kurtosis 0.057 spec_cnn 0.102  (4s)
  JSR  -38.0 dB  BER 0.00e+00  P(det)@0.05 power_one_sided 0.059 power_two_sided 0.070 power_csi 0.143 kurtosis 0.045 spec_cnn 0.146  (4s)
  JSR  -37.0 dB  BER 0.00e+00  P(det)@0.05 power_one_sided 0.057 power_two_sided 0.061 power_csi 0.166 kurtosis 0.053 spec_cnn 0.150  (4s)
  JSR  -36.0 dB  BER 0.00e+00  P(det)@0.05 power_one_sided 0.066 power_two_sided 0.072 power_csi 0.229 kurtosis 0.043 spec_cnn 0.174  (5s)
  JSR  -35.0 dB  BER 0.00e+00  P(det)@0.05 power_one_sided 0.039 power_two_sided 0.053 power_csi 0.213 kurtosis 0.057 spec_cnn 0.203  (5s)
  JSR  -34.0 dB  BER 0.00e+00  P(det)@0.05 power_one_sided 0.066 power_two_sided 0.057 power_csi 0.217 kurtosis 0.045 spec_cnn 0.238  (5s)
  JSR  -33.0 dB  BER 0.00e+00  P(det)@0.05 power_one_sided 0.074 power_two_sided 0.070 power_csi 0.342 kurtosis 0.049 spec_cnn 0.238  (5s)
  JSR  -32.0 dB  BER 0.00e+00  P(det)@0.05 power_one_sided 0.084 power_two_sided 0.088 power_csi 0.334 kurtosis 0.055 spec_cnn 0.271  (6s)
  JSR  -31.0 dB  BER 0.00e+00  P(det)@0.05 power_one_sided 0.096 power_two_sided 0.082 power_csi 0.410 kurtosis 0.051 spec_cnn 0.371  (6s)
  JSR  -30.0 dB  BER 0.00e+00  P(det)@0.05 power_one_sided 0.090 power_two_sided 0.076 power_csi 0.449 kurtosis 0.051 spec_cnn 0.373  (6s)
  JSR  -29.0 dB  BER 0.00e+00  P(det)@0.05 power_one_sided 0.135 power_two_sided 0.111 power_csi 0.508 kurtosis 0.035 spec_cnn 0.498  (7s)
  JSR  -28.0 dB  BER 0.00e+00  P(det)@0.05 power_one_sided 0.146 power_two_sided 0.107 power_csi 0.564 kurtosis 0.057 spec_cnn 0.525  (7s)
  JSR  -27.0 dB  BER 0.00e+00  P(det)@0.05 power_one_sided 0.148 power_two_sided 0.121 power_csi 0.566 kurtosis 0.047 spec_cnn 0.631  (7s)
  JSR  -26.0 dB  BER 0.00e+00  P(det)@0.05 power_one_sided 0.197 power_two_sided 0.150 power_csi 0.648 kurtosis 0.057 spec_cnn 0.730  (8s)
  JSR  -25.0 dB  BER 0.00e+00  P(det)@0.05 power_one_sided 0.230 power_two_sided 0.189 power_csi 0.650 kurtosis 0.039 spec_cnn 0.805  (8s)
  JSR  -24.0 dB  BER 0.00e+00  P(det)@0.05 power_one_sided 0.307 power_two_sided 0.246 power_csi 0.738 kurtosis 0.041 spec_cnn 0.896  (8s)
  JSR  -23.0 dB  BER 0.00e+00  P(det)@0.05 power_one_sided 0.350 power_two_sided 0.270 power_csi 0.785 kurtosis 0.051 spec_cnn 0.943  (9s)
  JSR  -22.0 dB  BER 3.81e-05  P(det)@0.05 power_one_sided 0.471 power_two_sided 0.393 power_csi 0.830 kurtosis 0.068 spec_cnn 0.990  (9s)
  JSR  -21.0 dB  BER 3.20e-04  P(det)@0.05 power_one_sided 0.561 power_two_sided 0.496 power_csi 0.896 kurtosis 0.072 spec_cnn 0.998  (9s)
  JSR  -20.0 dB  BER 5.95e-04  P(det)@0.05 power_one_sided 0.666 power_two_sided 0.590 power_csi 0.959 kurtosis 0.084 spec_cnn 1.000  (9s)
  JSR  -19.0 dB  BER 1.05e-03  P(det)@0.05 power_one_sided 0.773 power_two_sided 0.725 power_csi 0.973 kurtosis 0.117 spec_cnn 1.000  (10s)
  JSR  -18.0 dB  BER 1.56e-03  P(det)@0.05 power_one_sided 0.883 power_two_sided 0.854 power_csi 0.994 kurtosis 0.160 spec_cnn 1.000  (10s)
  JSR  -17.0 dB  BER 1.83e-03  P(det)@0.05 power_one_sided 0.928 power_two_sided 0.889 power_csi 0.998 kurtosis 0.268 spec_cnn 1.000  (10s)
  JSR  -16.0 dB  BER 2.20e-03  P(det)@0.05 power_one_sided 0.980 power_two_sided 0.973 power_csi 0.998 kurtosis 0.361 spec_cnn 1.000  (11s)
  JSR  -15.0 dB  BER 2.59e-03  P(det)@0.05 power_one_sided 0.992 power_two_sided 0.986 power_csi 1.000 kurtosis 0.449 spec_cnn 1.000  (11s)
  JSR  -14.0 dB  BER 3.17e-03  P(det)@0.05 power_one_sided 0.998 power_two_sided 0.998 power_csi 1.000 kurtosis 0.582 spec_cnn 1.000  (11s)
  JSR  -13.0 dB  BER 3.23e-03  P(det)@0.05 power_one_sided 1.000 power_two_sided 1.000 power_csi 1.000 kurtosis 0.785 spec_cnn 1.000  (12s)
  JSR  -12.0 dB  BER 3.60e-03  P(det)@0.05 power_one_sided 1.000 power_two_sided 1.000 power_csi 1.000 kurtosis 0.920 spec_cnn 1.000  (12s)
  JSR  -11.0 dB  BER 3.98e-03  P(det)@0.05 power_one_sided 1.000 power_two_sided 1.000 power_csi 1.000 kurtosis 0.980 spec_cnn 1.000  (12s)
  JSR  -10.0 dB  BER 4.55e-03  P(det)@0.05 power_one_sided 1.000 power_two_sided 1.000 power_csi 1.000 kurtosis 0.998 spec_cnn 1.000  (13s)
  JSR   -9.0 dB  BER 5.04e-03  P(det)@0.05 power_one_sided 1.000 power_two_sided 1.000 power_csi 1.000 kurtosis 1.000 spec_cnn 1.000  (13s)
  JSR   -8.0 dB  BER 5.52e-03  P(det)@0.05 power_one_sided 1.000 power_two_sided 1.000 power_csi 1.000 kurtosis 1.000 spec_cnn 1.000  (13s)
  JSR   -7.0 dB  BER 5.78e-03  P(det)@0.05 power_one_sided 1.000 power_two_sided 1.000 power_csi 1.000 kurtosis 1.000 spec_cnn 1.000  (13s)
  JSR   -6.0 dB  BER 6.66e-03  P(det)@0.05 power_one_sided 1.000 power_two_sided 1.000 power_csi 1.000 kurtosis 1.000 spec_cnn 1.000  (14s)
  JSR   -5.0 dB  BER 6.98e-03  P(det)@0.05 power_one_sided 1.000 power_two_sided 1.000 power_csi 1.000 kurtosis 1.000 spec_cnn 1.000  (14s)
  JSR   -4.0 dB  BER 7.64e-03  P(det)@0.05 power_one_sided 1.000 power_two_sided 1.000 power_csi 1.000 kurtosis 1.000 spec_cnn 1.000  (14s)
  JSR   -3.0 dB  BER 8.45e-03  P(det)@0.05 power_one_sided 1.000 power_two_sided 1.000 power_csi 1.000 kurtosis 1.000 spec_cnn 1.000  (15s)
  JSR   -2.0 dB  BER 9.17e-03  P(det)@0.05 power_one_sided 1.000 power_two_sided 1.000 power_csi 1.000 kurtosis 1.000 spec_cnn 1.000  (15s)
  JSR   -1.0 dB  BER 9.95e-03  P(det)@0.05 power_one_sided 1.000 power_two_sided 1.000 power_csi 1.000 kurtosis 1.000 spec_cnn 1.000  (15s)
  JSR   +0.0 dB  BER 1.10e-02  P(det)@0.05 power_one_sided 1.000 power_two_sided 1.000 power_csi 1.000 kurtosis 1.000 spec_cnn 1.000  (16s)
  JSR   +1.0 dB  BER 1.19e-02  P(det)@0.05 power_one_sided 1.000 power_two_sided 1.000 power_csi 1.000 kurtosis 1.000 spec_cnn 1.000  (16s)
  JSR   +2.0 dB  BER 1.29e-02  P(det)@0.05 power_one_sided 1.000 power_two_sided 1.000 power_csi 1.000 kurtosis 1.000 spec_cnn 1.000  (16s)
  JSR   +3.0 dB  BER 1.44e-02  P(det)@0.05 power_one_sided 1.000 power_two_sided 1.000 power_csi 1.000 kurtosis 1.000 spec_cnn 1.000  (16s)
  JSR   +4.0 dB  BER 1.68e-02  P(det)@0.05 power_one_sided 1.000 power_two_sided 1.000 power_csi 1.000 kurtosis 1.000 spec_cnn 1.000  (17s)
  JSR   +5.0 dB  BER 1.91e-02  P(det)@0.05 power_one_sided 1.000 power_two_sided 1.000 power_csi 1.000 kurtosis 1.000 spec_cnn 1.000  (17s)
  JSR   +6.0 dB  BER 2.53e-02  P(det)@0.05 power_one_sided 1.000 power_two_sided 1.000 power_csi 1.000 kurtosis 1.000 spec_cnn 1.000  (17s)
  JSR   +7.0 dB  BER 3.32e-02  P(det)@0.05 power_one_sided 1.000 power_two_sided 1.000 power_csi 1.000 kurtosis 1.000 spec_cnn 1.000  (18s)
  JSR   +8.0 dB  BER 4.27e-02  P(det)@0.05 power_one_sided 1.000 power_two_sided 1.000 power_csi 1.000 kurtosis 1.000 spec_cnn 1.000  (18s)
  JSR   +9.0 dB  BER 5.81e-02  P(det)@0.05 power_one_sided 1.000 power_two_sided 1.000 power_csi 1.000 kurtosis 1.000 spec_cnn 1.000  (18s)
  JSR  +10.0 dB  BER 7.69e-02  P(det)@0.05 power_one_sided 1.000 power_two_sided 1.000 power_csi 1.000 kurtosis 1.000 spec_cnn 1.000  (19s)
  JSR  +11.0 dB  BER 9.91e-02  P(det)@0.05 power_one_sided 1.000 power_two_sided 1.000 power_csi 1.000 kurtosis 1.000 spec_cnn 1.000  (19s)
  JSR  +12.0 dB  BER 1.18e-01  P(det)@0.05 power_one_sided 1.000 power_two_sided 1.000 power_csi 1.000 kurtosis 1.000 spec_cnn 1.000  (19s)
  JSR  +13.0 dB  BER 1.46e-01  P(det)@0.05 power_one_sided 1.000 power_two_sided 1.000 power_csi 1.000 kurtosis 1.000 spec_cnn 1.000  (20s)
  JSR  +14.0 dB  BER 1.71e-01  P(det)@0.05 power_one_sided 1.000 power_two_sided 1.000 power_csi 1.000 kurtosis 1.000 spec_cnn 1.000  (20s)
  JSR  +15.0 dB  BER 1.97e-01  P(det)@0.05 power_one_sided 1.000 power_two_sided 1.000 power_csi 1.000 kurtosis 1.000 spec_cnn 1.000  (20s)
  [shadow_0.03] power_two_sided_b10 confirmed: {"power_one_sided": {"0.01": {"index": 0, "sweep_ber": 0.0, "sweep_pdet": 0.017578125, "confirmed_ber": 0.0, "confirmed_ser": 0.0, "confirmed_pdet": 0.01318359375, "passed": false}, "0.05": {"index": 0, "sweep_ber": 0.0, "sweep_pdet": 0.04296875, "confirmed_ber": 0.0, "confirmed_ser": 0.0, "confirmed_pdet": 0.05517578125, "passed": true}}, "power_csi": {"0.01": {"index": 0, "sweep_ber": 0.0, "sweep_pdet": 0.01171875, "confirmed_ber": 0.0, "confirmed_ser": 0.0, "confirmed_pdet": 0.011474609375, "passed": true}, "0.05": {"index": 0, "sweep_ber": 0.0, "sweep_pdet": 0.044921875, "confirmed_ber": 0.0, "confirmed_ser": 0.0, "confirmed_pdet": 0.060302734375, "passed": false}}, "power_two_sided": {"0.01": {"index": 0, "sweep_ber": 0.0, "sweep_pdet": 0.013671875, "confirmed_ber": 0.0, "confirmed_ser": 0.0, "confirmed_pdet": 0.011962890625, "passed": true}, "0.05": {"index": 0, "sweep_ber": 0.0, "sweep_pdet": 0.048828125, "confirmed_ber": 0.0, "confirmed_ser": 0.0, "confirmed_pdet": 0.04931640625, "passed": true}}, "kurtosis": {"0.01": {"index": 0, "sweep_ber": 0.0, "sweep_pdet": 0.015625, "confirmed_ber": 0.0, "confirmed_ser": 0.0, "confirmed_pdet": 0.009033203125, "passed": true}, "0.05": {"index": 28, "sweep_ber": 3.814697265625e-05, "sweep_pdet": 0.068359375, "confirmed_ber": 4.482269287109375e-05, "confirmed_ser": 8.96453857421875e-05, "confirmed_pdet": 0.057373046875, "passed": false}}, "spec_cnn": {"0.01": {"index": 0, "sweep_ber": 0.0, "sweep_pdet": 0.00390625, "confirmed_ber": 0.0, "confirmed_ser": 0.0, "confirmed_pdet": 0.009521484375, "passed": true}, "0.05": {"index": 0, "sweep_ber": 0.0, "sweep_pdet": 0.064453125, "confirmed_ber": 0.0, "confirmed_ser": 0.0, "confirmed_pdet": 0.044677734375, "passed": true}}}  (658s)
  [shadow_0.03] generator power_two_sided_b100 (scale 1.0000)
  JSR  -50.0 dB  BER 0.00e+00  P(det)@0.05 power_one_sided 0.043 power_two_sided 0.055 power_csi 0.053 kurtosis 0.059 spec_cnn 0.061  (0s)
  JSR  -49.0 dB  BER 0.00e+00  P(det)@0.05 power_one_sided 0.062 power_two_sided 0.053 power_csi 0.049 kurtosis 0.057 spec_cnn 0.049  (1s)
  JSR  -48.0 dB  BER 0.00e+00  P(det)@0.05 power_one_sided 0.039 power_two_sided 0.064 power_csi 0.062 kurtosis 0.053 spec_cnn 0.051  (1s)
  JSR  -47.0 dB  BER 0.00e+00  P(det)@0.05 power_one_sided 0.055 power_two_sided 0.059 power_csi 0.068 kurtosis 0.055 spec_cnn 0.051  (1s)
  JSR  -46.0 dB  BER 0.00e+00  P(det)@0.05 power_one_sided 0.043 power_two_sided 0.055 power_csi 0.068 kurtosis 0.055 spec_cnn 0.051  (2s)
  JSR  -45.0 dB  BER 0.00e+00  P(det)@0.05 power_one_sided 0.062 power_two_sided 0.055 power_csi 0.059 kurtosis 0.041 spec_cnn 0.055  (2s)
  JSR  -44.0 dB  BER 0.00e+00  P(det)@0.05 power_one_sided 0.047 power_two_sided 0.051 power_csi 0.062 kurtosis 0.045 spec_cnn 0.027  (2s)
  JSR  -43.0 dB  BER 0.00e+00  P(det)@0.05 power_one_sided 0.078 power_two_sided 0.061 power_csi 0.090 kurtosis 0.035 spec_cnn 0.053  (2s)
  JSR  -42.0 dB  BER 0.00e+00  P(det)@0.05 power_one_sided 0.031 power_two_sided 0.047 power_csi 0.066 kurtosis 0.049 spec_cnn 0.057  (3s)
  JSR  -41.0 dB  BER 0.00e+00  P(det)@0.05 power_one_sided 0.057 power_two_sided 0.068 power_csi 0.092 kurtosis 0.053 spec_cnn 0.053  (3s)
  JSR  -40.0 dB  BER 0.00e+00  P(det)@0.05 power_one_sided 0.049 power_two_sided 0.051 power_csi 0.100 kurtosis 0.053 spec_cnn 0.037  (3s)
  JSR  -39.0 dB  BER 0.00e+00  P(det)@0.05 power_one_sided 0.041 power_two_sided 0.049 power_csi 0.121 kurtosis 0.045 spec_cnn 0.061  (4s)
  JSR  -38.0 dB  BER 0.00e+00  P(det)@0.05 power_one_sided 0.047 power_two_sided 0.033 power_csi 0.148 kurtosis 0.035 spec_cnn 0.094  (4s)
  JSR  -37.0 dB  BER 0.00e+00  P(det)@0.05 power_one_sided 0.059 power_two_sided 0.059 power_csi 0.154 kurtosis 0.041 spec_cnn 0.074  (4s)
  JSR  -36.0 dB  BER 0.00e+00  P(det)@0.05 power_one_sided 0.078 power_two_sided 0.062 power_csi 0.164 kurtosis 0.049 spec_cnn 0.055  (5s)
  JSR  -35.0 dB  BER 0.00e+00  P(det)@0.05 power_one_sided 0.068 power_two_sided 0.057 power_csi 0.188 kurtosis 0.059 spec_cnn 0.066  (5s)
  JSR  -34.0 dB  BER 0.00e+00  P(det)@0.05 power_one_sided 0.092 power_two_sided 0.066 power_csi 0.236 kurtosis 0.039 spec_cnn 0.088  (5s)
  JSR  -33.0 dB  BER 0.00e+00  P(det)@0.05 power_one_sided 0.074 power_two_sided 0.072 power_csi 0.285 kurtosis 0.047 spec_cnn 0.105  (5s)
  JSR  -32.0 dB  BER 0.00e+00  P(det)@0.05 power_one_sided 0.080 power_two_sided 0.062 power_csi 0.293 kurtosis 0.045 spec_cnn 0.123  (6s)
  JSR  -31.0 dB  BER 0.00e+00  P(det)@0.05 power_one_sided 0.057 power_two_sided 0.066 power_csi 0.367 kurtosis 0.062 spec_cnn 0.150  (6s)
  JSR  -30.0 dB  BER 0.00e+00  P(det)@0.05 power_one_sided 0.092 power_two_sided 0.086 power_csi 0.416 kurtosis 0.053 spec_cnn 0.174  (6s)
  JSR  -29.0 dB  BER 0.00e+00  P(det)@0.05 power_one_sided 0.102 power_two_sided 0.082 power_csi 0.393 kurtosis 0.039 spec_cnn 0.178  (7s)
  JSR  -28.0 dB  BER 0.00e+00  P(det)@0.05 power_one_sided 0.129 power_two_sided 0.098 power_csi 0.480 kurtosis 0.066 spec_cnn 0.291  (7s)
  JSR  -27.0 dB  BER 0.00e+00  P(det)@0.05 power_one_sided 0.176 power_two_sided 0.125 power_csi 0.596 kurtosis 0.039 spec_cnn 0.350  (7s)
  JSR  -26.0 dB  BER 0.00e+00  P(det)@0.05 power_one_sided 0.193 power_two_sided 0.152 power_csi 0.643 kurtosis 0.051 spec_cnn 0.406  (8s)
  JSR  -25.0 dB  BER 0.00e+00  P(det)@0.05 power_one_sided 0.205 power_two_sided 0.156 power_csi 0.670 kurtosis 0.049 spec_cnn 0.586  (8s)
  JSR  -24.0 dB  BER 0.00e+00  P(det)@0.05 power_one_sided 0.277 power_two_sided 0.242 power_csi 0.732 kurtosis 0.068 spec_cnn 0.666  (8s)
  JSR  -23.0 dB  BER 0.00e+00  P(det)@0.05 power_one_sided 0.389 power_two_sided 0.316 power_csi 0.797 kurtosis 0.057 spec_cnn 0.832  (9s)
  JSR  -22.0 dB  BER 0.00e+00  P(det)@0.05 power_one_sided 0.404 power_two_sided 0.344 power_csi 0.850 kurtosis 0.059 spec_cnn 0.965  (9s)
  JSR  -21.0 dB  BER 7.63e-06  P(det)@0.05 power_one_sided 0.527 power_two_sided 0.465 power_csi 0.877 kurtosis 0.074 spec_cnn 0.984  (9s)
  JSR  -20.0 dB  BER 1.98e-04  P(det)@0.05 power_one_sided 0.654 power_two_sided 0.592 power_csi 0.916 kurtosis 0.090 spec_cnn 1.000  (9s)
  JSR  -19.0 dB  BER 4.20e-04  P(det)@0.05 power_one_sided 0.744 power_two_sided 0.699 power_csi 0.969 kurtosis 0.094 spec_cnn 1.000  (10s)
  JSR  -18.0 dB  BER 8.54e-04  P(det)@0.05 power_one_sided 0.836 power_two_sided 0.799 power_csi 0.986 kurtosis 0.104 spec_cnn 1.000  (10s)
  JSR  -17.0 dB  BER 1.35e-03  P(det)@0.05 power_one_sided 0.906 power_two_sided 0.887 power_csi 0.992 kurtosis 0.203 spec_cnn 1.000  (10s)
  JSR  -16.0 dB  BER 1.89e-03  P(det)@0.05 power_one_sided 0.965 power_two_sided 0.945 power_csi 1.000 kurtosis 0.219 spec_cnn 1.000  (11s)
  JSR  -15.0 dB  BER 2.20e-03  P(det)@0.05 power_one_sided 0.986 power_two_sided 0.979 power_csi 0.996 kurtosis 0.369 spec_cnn 1.000  (11s)
  JSR  -14.0 dB  BER 2.64e-03  P(det)@0.05 power_one_sided 0.998 power_two_sided 0.998 power_csi 1.000 kurtosis 0.490 spec_cnn 1.000  (11s)
  JSR  -13.0 dB  BER 3.01e-03  P(det)@0.05 power_one_sided 1.000 power_two_sided 0.998 power_csi 1.000 kurtosis 0.594 spec_cnn 1.000  (12s)
  JSR  -12.0 dB  BER 3.26e-03  P(det)@0.05 power_one_sided 1.000 power_two_sided 1.000 power_csi 1.000 kurtosis 0.775 spec_cnn 1.000  (12s)
  JSR  -11.0 dB  BER 3.68e-03  P(det)@0.05 power_one_sided 1.000 power_two_sided 1.000 power_csi 1.000 kurtosis 0.914 spec_cnn 1.000  (12s)
  JSR  -10.0 dB  BER 4.20e-03  P(det)@0.05 power_one_sided 1.000 power_two_sided 1.000 power_csi 1.000 kurtosis 0.994 spec_cnn 1.000  (13s)
  JSR   -9.0 dB  BER 4.40e-03  P(det)@0.05 power_one_sided 1.000 power_two_sided 1.000 power_csi 1.000 kurtosis 0.996 spec_cnn 1.000  (13s)
  JSR   -8.0 dB  BER 4.59e-03  P(det)@0.05 power_one_sided 1.000 power_two_sided 1.000 power_csi 1.000 kurtosis 1.000 spec_cnn 1.000  (13s)
  JSR   -7.0 dB  BER 5.08e-03  P(det)@0.05 power_one_sided 1.000 power_two_sided 1.000 power_csi 1.000 kurtosis 1.000 spec_cnn 1.000  (13s)
  JSR   -6.0 dB  BER 5.63e-03  P(det)@0.05 power_one_sided 1.000 power_two_sided 1.000 power_csi 1.000 kurtosis 1.000 spec_cnn 1.000  (14s)
  JSR   -5.0 dB  BER 5.97e-03  P(det)@0.05 power_one_sided 1.000 power_two_sided 1.000 power_csi 1.000 kurtosis 1.000 spec_cnn 1.000  (14s)
  JSR   -4.0 dB  BER 6.84e-03  P(det)@0.05 power_one_sided 1.000 power_two_sided 1.000 power_csi 1.000 kurtosis 1.000 spec_cnn 1.000  (14s)
  JSR   -3.0 dB  BER 7.70e-03  P(det)@0.05 power_one_sided 1.000 power_two_sided 1.000 power_csi 1.000 kurtosis 1.000 spec_cnn 1.000  (15s)
  JSR   -2.0 dB  BER 8.77e-03  P(det)@0.05 power_one_sided 1.000 power_two_sided 1.000 power_csi 1.000 kurtosis 1.000 spec_cnn 1.000  (15s)
  JSR   -1.0 dB  BER 1.06e-02  P(det)@0.05 power_one_sided 1.000 power_two_sided 1.000 power_csi 1.000 kurtosis 1.000 spec_cnn 1.000  (15s)
  JSR   +0.0 dB  BER 1.54e-02  P(det)@0.05 power_one_sided 1.000 power_two_sided 1.000 power_csi 1.000 kurtosis 1.000 spec_cnn 1.000  (16s)
  JSR   +1.0 dB  BER 2.26e-02  P(det)@0.05 power_one_sided 1.000 power_two_sided 1.000 power_csi 1.000 kurtosis 1.000 spec_cnn 1.000  (16s)
  JSR   +2.0 dB  BER 3.29e-02  P(det)@0.05 power_one_sided 1.000 power_two_sided 1.000 power_csi 1.000 kurtosis 1.000 spec_cnn 1.000  (16s)
  JSR   +3.0 dB  BER 4.88e-02  P(det)@0.05 power_one_sided 1.000 power_two_sided 1.000 power_csi 1.000 kurtosis 1.000 spec_cnn 1.000  (16s)
  JSR   +4.0 dB  BER 6.75e-02  P(det)@0.05 power_one_sided 1.000 power_two_sided 1.000 power_csi 1.000 kurtosis 1.000 spec_cnn 1.000  (17s)
  JSR   +5.0 dB  BER 9.02e-02  P(det)@0.05 power_one_sided 1.000 power_two_sided 1.000 power_csi 1.000 kurtosis 1.000 spec_cnn 1.000  (17s)
  JSR   +6.0 dB  BER 1.13e-01  P(det)@0.05 power_one_sided 1.000 power_two_sided 1.000 power_csi 1.000 kurtosis 1.000 spec_cnn 1.000  (17s)
  JSR   +7.0 dB  BER 1.40e-01  P(det)@0.05 power_one_sided 1.000 power_two_sided 1.000 power_csi 1.000 kurtosis 1.000 spec_cnn 1.000  (18s)
  JSR   +8.0 dB  BER 1.66e-01  P(det)@0.05 power_one_sided 1.000 power_two_sided 1.000 power_csi 1.000 kurtosis 1.000 spec_cnn 1.000  (18s)
  JSR   +9.0 dB  BER 1.94e-01  P(det)@0.05 power_one_sided 1.000 power_two_sided 1.000 power_csi 1.000 kurtosis 1.000 spec_cnn 1.000  (18s)
  JSR  +10.0 dB  BER 2.18e-01  P(det)@0.05 power_one_sided 1.000 power_two_sided 1.000 power_csi 1.000 kurtosis 1.000 spec_cnn 1.000  (19s)
  JSR  +11.0 dB  BER 2.43e-01  P(det)@0.05 power_one_sided 1.000 power_two_sided 1.000 power_csi 1.000 kurtosis 1.000 spec_cnn 1.000  (19s)
  JSR  +12.0 dB  BER 2.64e-01  P(det)@0.05 power_one_sided 1.000 power_two_sided 1.000 power_csi 1.000 kurtosis 1.000 spec_cnn 1.000  (19s)
  JSR  +13.0 dB  BER 2.89e-01  P(det)@0.05 power_one_sided 1.000 power_two_sided 1.000 power_csi 1.000 kurtosis 1.000 spec_cnn 1.000  (20s)
  JSR  +14.0 dB  BER 3.11e-01  P(det)@0.05 power_one_sided 1.000 power_two_sided 1.000 power_csi 1.000 kurtosis 1.000 spec_cnn 1.000  (20s)
  JSR  +15.0 dB  BER 3.28e-01  P(det)@0.05 power_one_sided 1.000 power_two_sided 1.000 power_csi 1.000 kurtosis 1.000 spec_cnn 1.000  (20s)
  [shadow_0.03] power_two_sided_b100 confirmed: {"power_one_sided": {"0.01": {"index": 0, "sweep_ber": 0.0, "sweep_pdet": 0.0078125, "confirmed_ber": 0.0, "confirmed_ser": 0.0, "confirmed_pdet": 0.010986328125, "passed": true}, "0.05": {"index": 0, "sweep_ber": 0.0, "sweep_pdet": 0.04296875, "confirmed_ber": 0.0, "confirmed_ser": 0.0, "confirmed_pdet": 0.050048828125, "passed": true}}, "power_csi": {"0.01": {"index": 0, "sweep_ber": 0.0, "sweep_pdet": 0.009765625, "confirmed_ber": 0.0, "confirmed_ser": 0.0, "confirmed_pdet": 0.0126953125, "passed": true}, "0.05": {"index": 0, "sweep_ber": 0.0, "sweep_pdet": 0.052734375, "confirmed_ber": 0.0, "confirmed_ser": 0.0, "confirmed_pdet": 0.05517578125, "passed": true}}, "power_two_sided": {"0.01": {"index": 0, "sweep_ber": 0.0, "sweep_pdet": 0.0078125, "confirmed_ber": 0.0, "confirmed_ser": 0.0, "confirmed_pdet": 0.011474609375, "passed": true}, "0.05": {"index": 0, "sweep_ber": 0.0, "sweep_pdet": 0.0546875, "confirmed_ber": 0.0, "confirmed_ser": 0.0, "confirmed_pdet": 0.05859375, "passed": false}}, "kurtosis": {"0.01": {"index": 0, "sweep_ber": 0.0, "sweep_pdet": 0.005859375, "confirmed_ber": 0.0, "confirmed_ser": 0.0, "confirmed_pdet": 0.0087890625, "passed": true}, "0.05": {"index": 0, "sweep_ber": 0.0, "sweep_pdet": 0.05859375, "confirmed_ber": 0.0, "confirmed_ser": 0.0, "confirmed_pdet": 0.05126953125, "passed": true}}, "spec_cnn": {"0.01": {"index": 0, "sweep_ber": 0.0, "sweep_pdet": 0.0078125, "confirmed_ber": 0.0, "confirmed_ser": 0.0, "confirmed_pdet": 0.009521484375, "passed": true}, "0.05": {"index": 0, "sweep_ber": 0.0, "sweep_pdet": 0.060546875, "confirmed_ber": 0.0, "confirmed_ser": 0.0, "confirmed_pdet": 0.05126953125, "passed": true}}}  (703s)
  [shadow_0.03] generator power_two_sided_b1000 (scale 1.0000)
  JSR  -50.0 dB  BER 0.00e+00  P(det)@0.05 power_one_sided 0.057 power_two_sided 0.053 power_csi 0.037 kurtosis 0.035 spec_cnn 0.029  (0s)
  JSR  -49.0 dB  BER 0.00e+00  P(det)@0.05 power_one_sided 0.055 power_two_sided 0.059 power_csi 0.059 kurtosis 0.033 spec_cnn 0.051  (1s)
  JSR  -48.0 dB  BER 0.00e+00  P(det)@0.05 power_one_sided 0.051 power_two_sided 0.039 power_csi 0.057 kurtosis 0.055 spec_cnn 0.051  (1s)
  JSR  -47.0 dB  BER 0.00e+00  P(det)@0.05 power_one_sided 0.045 power_two_sided 0.061 power_csi 0.057 kurtosis 0.057 spec_cnn 0.053  (1s)
  JSR  -46.0 dB  BER 0.00e+00  P(det)@0.05 power_one_sided 0.047 power_two_sided 0.035 power_csi 0.074 kurtosis 0.064 spec_cnn 0.074  (2s)
  JSR  -45.0 dB  BER 0.00e+00  P(det)@0.05 power_one_sided 0.037 power_two_sided 0.041 power_csi 0.096 kurtosis 0.045 spec_cnn 0.045  (2s)
  JSR  -44.0 dB  BER 0.00e+00  P(det)@0.05 power_one_sided 0.053 power_two_sided 0.053 power_csi 0.051 kurtosis 0.041 spec_cnn 0.064  (2s)
  JSR  -43.0 dB  BER 0.00e+00  P(det)@0.05 power_one_sided 0.057 power_two_sided 0.053 power_csi 0.088 kurtosis 0.041 spec_cnn 0.053  (2s)
  JSR  -42.0 dB  BER 0.00e+00  P(det)@0.05 power_one_sided 0.051 power_two_sided 0.051 power_csi 0.111 kurtosis 0.051 spec_cnn 0.062  (3s)
  JSR  -41.0 dB  BER 0.00e+00  P(det)@0.05 power_one_sided 0.061 power_two_sided 0.055 power_csi 0.096 kurtosis 0.039 spec_cnn 0.055  (3s)
  JSR  -40.0 dB  BER 0.00e+00  P(det)@0.05 power_one_sided 0.051 power_two_sided 0.057 power_csi 0.098 kurtosis 0.061 spec_cnn 0.055  (3s)
  JSR  -39.0 dB  BER 0.00e+00  P(det)@0.05 power_one_sided 0.053 power_two_sided 0.066 power_csi 0.117 kurtosis 0.041 spec_cnn 0.064  (4s)
  JSR  -38.0 dB  BER 0.00e+00  P(det)@0.05 power_one_sided 0.049 power_two_sided 0.051 power_csi 0.154 kurtosis 0.035 spec_cnn 0.096  (4s)
  JSR  -37.0 dB  BER 0.00e+00  P(det)@0.05 power_one_sided 0.068 power_two_sided 0.072 power_csi 0.141 kurtosis 0.051 spec_cnn 0.072  (4s)
  JSR  -36.0 dB  BER 0.00e+00  P(det)@0.05 power_one_sided 0.061 power_two_sided 0.072 power_csi 0.162 kurtosis 0.045 spec_cnn 0.086  (5s)
  JSR  -35.0 dB  BER 0.00e+00  P(det)@0.05 power_one_sided 0.047 power_two_sided 0.043 power_csi 0.207 kurtosis 0.062 spec_cnn 0.096  (5s)
  JSR  -34.0 dB  BER 0.00e+00  P(det)@0.05 power_one_sided 0.076 power_two_sided 0.082 power_csi 0.209 kurtosis 0.047 spec_cnn 0.145  (5s)
  JSR  -33.0 dB  BER 0.00e+00  P(det)@0.05 power_one_sided 0.078 power_two_sided 0.078 power_csi 0.254 kurtosis 0.061 spec_cnn 0.119  (5s)
  JSR  -32.0 dB  BER 0.00e+00  P(det)@0.05 power_one_sided 0.072 power_two_sided 0.066 power_csi 0.307 kurtosis 0.061 spec_cnn 0.145  (6s)
  JSR  -31.0 dB  BER 0.00e+00  P(det)@0.05 power_one_sided 0.086 power_two_sided 0.078 power_csi 0.285 kurtosis 0.057 spec_cnn 0.211  (6s)
  JSR  -30.0 dB  BER 0.00e+00  P(det)@0.05 power_one_sided 0.094 power_two_sided 0.102 power_csi 0.398 kurtosis 0.043 spec_cnn 0.236  (6s)
  JSR  -29.0 dB  BER 0.00e+00  P(det)@0.05 power_one_sided 0.090 power_two_sided 0.098 power_csi 0.393 kurtosis 0.053 spec_cnn 0.271  (7s)
  JSR  -28.0 dB  BER 0.00e+00  P(det)@0.05 power_one_sided 0.125 power_two_sided 0.123 power_csi 0.494 kurtosis 0.059 spec_cnn 0.371  (7s)
  JSR  -27.0 dB  BER 0.00e+00  P(det)@0.05 power_one_sided 0.170 power_two_sided 0.129 power_csi 0.508 kurtosis 0.057 spec_cnn 0.430  (7s)
  JSR  -26.0 dB  BER 0.00e+00  P(det)@0.05 power_one_sided 0.145 power_two_sided 0.129 power_csi 0.520 kurtosis 0.053 spec_cnn 0.475  (8s)
  JSR  -25.0 dB  BER 0.00e+00  P(det)@0.05 power_one_sided 0.221 power_two_sided 0.191 power_csi 0.602 kurtosis 0.070 spec_cnn 0.602  (8s)
  JSR  -24.0 dB  BER 0.00e+00  P(det)@0.05 power_one_sided 0.279 power_two_sided 0.230 power_csi 0.637 kurtosis 0.045 spec_cnn 0.699  (8s)
  JSR  -23.0 dB  BER 0.00e+00  P(det)@0.05 power_one_sided 0.293 power_two_sided 0.250 power_csi 0.658 kurtosis 0.066 spec_cnn 0.766  (9s)
  JSR  -22.0 dB  BER 0.00e+00  P(det)@0.05 power_one_sided 0.334 power_two_sided 0.303 power_csi 0.691 kurtosis 0.070 spec_cnn 0.848  (9s)
  JSR  -21.0 dB  BER 0.00e+00  P(det)@0.05 power_one_sided 0.436 power_two_sided 0.422 power_csi 0.754 kurtosis 0.078 spec_cnn 0.893  (9s)
  JSR  -20.0 dB  BER 0.00e+00  P(det)@0.05 power_one_sided 0.549 power_two_sided 0.512 power_csi 0.799 kurtosis 0.111 spec_cnn 0.955  (9s)
  JSR  -19.0 dB  BER 0.00e+00  P(det)@0.05 power_one_sided 0.564 power_two_sided 0.539 power_csi 0.809 kurtosis 0.125 spec_cnn 0.961  (10s)
  JSR  -18.0 dB  BER 5.34e-05  P(det)@0.05 power_one_sided 0.676 power_two_sided 0.645 power_csi 0.883 kurtosis 0.176 spec_cnn 0.973  (10s)
  JSR  -17.0 dB  BER 2.82e-04  P(det)@0.05 power_one_sided 0.773 power_two_sided 0.752 power_csi 0.906 kurtosis 0.215 spec_cnn 0.990  (10s)
  JSR  -16.0 dB  BER 6.48e-04  P(det)@0.05 power_one_sided 0.816 power_two_sided 0.803 power_csi 0.932 kurtosis 0.328 spec_cnn 0.998  (11s)
  JSR  -15.0 dB  BER 1.07e-03  P(det)@0.05 power_one_sided 0.895 power_two_sided 0.883 power_csi 0.963 kurtosis 0.447 spec_cnn 1.000  (11s)
  JSR  -14.0 dB  BER 1.44e-03  P(det)@0.05 power_one_sided 0.916 power_two_sided 0.908 power_csi 0.980 kurtosis 0.646 spec_cnn 1.000  (11s)
  JSR  -13.0 dB  BER 1.88e-03  P(det)@0.05 power_one_sided 0.975 power_two_sided 0.969 power_csi 0.990 kurtosis 0.764 spec_cnn 1.000  (12s)
  JSR  -12.0 dB  BER 2.27e-03  P(det)@0.05 power_one_sided 0.984 power_two_sided 0.982 power_csi 0.992 kurtosis 0.863 spec_cnn 1.000  (12s)
  JSR  -11.0 dB  BER 2.69e-03  P(det)@0.05 power_one_sided 0.998 power_two_sided 0.996 power_csi 1.000 kurtosis 0.947 spec_cnn 1.000  (12s)
  JSR  -10.0 dB  BER 2.94e-03  P(det)@0.05 power_one_sided 0.998 power_two_sided 0.998 power_csi 1.000 kurtosis 0.980 spec_cnn 1.000  (13s)
  JSR   -9.0 dB  BER 3.56e-03  P(det)@0.05 power_one_sided 1.000 power_two_sided 1.000 power_csi 1.000 kurtosis 0.992 spec_cnn 1.000  (13s)
  JSR   -8.0 dB  BER 4.36e-03  P(det)@0.05 power_one_sided 1.000 power_two_sided 1.000 power_csi 1.000 kurtosis 1.000 spec_cnn 1.000  (13s)
  JSR   -7.0 dB  BER 5.13e-03  P(det)@0.05 power_one_sided 1.000 power_two_sided 1.000 power_csi 1.000 kurtosis 0.996 spec_cnn 1.000  (13s)
  JSR   -6.0 dB  BER 8.05e-03  P(det)@0.05 power_one_sided 1.000 power_two_sided 1.000 power_csi 1.000 kurtosis 0.998 spec_cnn 1.000  (14s)
  JSR   -5.0 dB  BER 1.43e-02  P(det)@0.05 power_one_sided 1.000 power_two_sided 1.000 power_csi 1.000 kurtosis 1.000 spec_cnn 1.000  (14s)
  JSR   -4.0 dB  BER 2.29e-02  P(det)@0.05 power_one_sided 1.000 power_two_sided 1.000 power_csi 1.000 kurtosis 1.000 spec_cnn 1.000  (14s)
  JSR   -3.0 dB  BER 3.76e-02  P(det)@0.05 power_one_sided 1.000 power_two_sided 1.000 power_csi 1.000 kurtosis 1.000 spec_cnn 1.000  (15s)
  JSR   -2.0 dB  BER 5.37e-02  P(det)@0.05 power_one_sided 1.000 power_two_sided 1.000 power_csi 1.000 kurtosis 1.000 spec_cnn 1.000  (15s)
  JSR   -1.0 dB  BER 7.77e-02  P(det)@0.05 power_one_sided 1.000 power_two_sided 1.000 power_csi 1.000 kurtosis 1.000 spec_cnn 1.000  (15s)
  JSR   +0.0 dB  BER 1.01e-01  P(det)@0.05 power_one_sided 1.000 power_two_sided 1.000 power_csi 1.000 kurtosis 1.000 spec_cnn 1.000  (16s)
  JSR   +1.0 dB  BER 1.28e-01  P(det)@0.05 power_one_sided 1.000 power_two_sided 1.000 power_csi 1.000 kurtosis 1.000 spec_cnn 1.000  (16s)
  JSR   +2.0 dB  BER 1.52e-01  P(det)@0.05 power_one_sided 1.000 power_two_sided 1.000 power_csi 1.000 kurtosis 1.000 spec_cnn 1.000  (16s)
  JSR   +3.0 dB  BER 1.82e-01  P(det)@0.05 power_one_sided 1.000 power_two_sided 1.000 power_csi 1.000 kurtosis 1.000 spec_cnn 1.000  (16s)
  JSR   +4.0 dB  BER 2.05e-01  P(det)@0.05 power_one_sided 1.000 power_two_sided 1.000 power_csi 1.000 kurtosis 1.000 spec_cnn 1.000  (17s)
  JSR   +5.0 dB  BER 2.35e-01  P(det)@0.05 power_one_sided 1.000 power_two_sided 1.000 power_csi 1.000 kurtosis 1.000 spec_cnn 1.000  (17s)
  JSR   +6.0 dB  BER 2.57e-01  P(det)@0.05 power_one_sided 1.000 power_two_sided 1.000 power_csi 1.000 kurtosis 1.000 spec_cnn 1.000  (17s)
  JSR   +7.0 dB  BER 2.80e-01  P(det)@0.05 power_one_sided 1.000 power_two_sided 1.000 power_csi 1.000 kurtosis 1.000 spec_cnn 1.000  (18s)
  JSR   +8.0 dB  BER 3.04e-01  P(det)@0.05 power_one_sided 1.000 power_two_sided 1.000 power_csi 1.000 kurtosis 1.000 spec_cnn 1.000  (18s)
  JSR   +9.0 dB  BER 3.21e-01  P(det)@0.05 power_one_sided 1.000 power_two_sided 1.000 power_csi 1.000 kurtosis 1.000 spec_cnn 1.000  (18s)
  JSR  +10.0 dB  BER 3.40e-01  P(det)@0.05 power_one_sided 1.000 power_two_sided 1.000 power_csi 1.000 kurtosis 1.000 spec_cnn 1.000  (19s)
  JSR  +11.0 dB  BER 3.58e-01  P(det)@0.05 power_one_sided 1.000 power_two_sided 1.000 power_csi 1.000 kurtosis 1.000 spec_cnn 1.000  (19s)
  JSR  +12.0 dB  BER 3.72e-01  P(det)@0.05 power_one_sided 1.000 power_two_sided 1.000 power_csi 1.000 kurtosis 1.000 spec_cnn 1.000  (19s)
  JSR  +13.0 dB  BER 3.85e-01  P(det)@0.05 power_one_sided 1.000 power_two_sided 1.000 power_csi 1.000 kurtosis 1.000 spec_cnn 1.000  (20s)
  JSR  +14.0 dB  BER 3.99e-01  P(det)@0.05 power_one_sided 1.000 power_two_sided 1.000 power_csi 1.000 kurtosis 1.000 spec_cnn 1.000  (20s)
  JSR  +15.0 dB  BER 4.09e-01  P(det)@0.05 power_one_sided 1.000 power_two_sided 1.000 power_csi 1.000 kurtosis 1.000 spec_cnn 1.000  (20s)
  [shadow_0.03] power_two_sided_b1000 confirmed: {"power_one_sided": {"0.01": {"index": 0, "sweep_ber": 0.0, "sweep_pdet": 0.013671875, "confirmed_ber": 0.0, "confirmed_ser": 0.0, "confirmed_pdet": 0.01220703125, "passed": true}, "0.05": {"index": 0, "sweep_ber": 0.0, "sweep_pdet": 0.056640625, "confirmed_ber": 0.0, "confirmed_ser": 0.0, "confirmed_pdet": 0.052734375, "passed": true}}, "power_csi": {"0.01": {"index": 0, "sweep_ber": 0.0, "sweep_pdet": 0.005859375, "confirmed_ber": 0.0, "confirmed_ser": 0.0, "confirmed_pdet": 0.0146484375, "passed": false}, "0.05": {"index": 0, "sweep_ber": 0.0, "sweep_pdet": 0.037109375, "confirmed_ber": 0.0, "confirmed_ser": 0.0, "confirmed_pdet": 0.053466796875, "passed": true}}, "power_two_sided": {"0.01": {"index": 0, "sweep_ber": 0.0, "sweep_pdet": 0.015625, "confirmed_ber": 0.0, "confirmed_ser": 0.0, "confirmed_pdet": 0.013671875, "passed": false}, "0.05": {"index": 0, "sweep_ber": 0.0, "sweep_pdet": 0.052734375, "confirmed_ber": 0.0, "confirmed_ser": 0.0, "confirmed_pdet": 0.05419921875, "passed": true}}, "kurtosis": {"0.01": {"index": 0, "sweep_ber": 0.0, "sweep_pdet": 0.005859375, "confirmed_ber": 0.0, "confirmed_ser": 0.0, "confirmed_pdet": 0.0087890625, "passed": true}, "0.05": {"index": 0, "sweep_ber": 0.0, "sweep_pdet": 0.03515625, "confirmed_ber": 0.0, "confirmed_ser": 0.0, "confirmed_pdet": 0.044677734375, "passed": true}}, "spec_cnn": {"0.01": {"index": 0, "sweep_ber": 0.0, "sweep_pdet": 0.005859375, "confirmed_ber": 0.0, "confirmed_ser": 0.0, "confirmed_pdet": 0.01123046875, "passed": true}, "0.05": {"index": 0, "sweep_ber": 0.0, "sweep_pdet": 0.029296875, "confirmed_ber": 0.0, "confirmed_ser": 0.0, "confirmed_pdet": 0.052001953125, "passed": true}}}  (748s)
  [shadow_0.03] generator kurtosis_b1 (scale 1.0000)
  JSR  -50.0 dB  BER 0.00e+00  P(det)@0.05 power_one_sided 0.059 power_two_sided 0.059 power_csi 0.037 kurtosis 0.055 spec_cnn 0.051  (0s)
  JSR  -49.0 dB  BER 0.00e+00  P(det)@0.05 power_one_sided 0.053 power_two_sided 0.061 power_csi 0.053 kurtosis 0.055 spec_cnn 0.045  (1s)
  JSR  -48.0 dB  BER 0.00e+00  P(det)@0.05 power_one_sided 0.051 power_two_sided 0.068 power_csi 0.062 kurtosis 0.061 spec_cnn 0.051  (1s)
  JSR  -47.0 dB  BER 0.00e+00  P(det)@0.05 power_one_sided 0.039 power_two_sided 0.061 power_csi 0.061 kurtosis 0.064 spec_cnn 0.061  (1s)
  JSR  -46.0 dB  BER 0.00e+00  P(det)@0.05 power_one_sided 0.061 power_two_sided 0.070 power_csi 0.043 kurtosis 0.053 spec_cnn 0.055  (2s)
  JSR  -45.0 dB  BER 0.00e+00  P(det)@0.05 power_one_sided 0.070 power_two_sided 0.057 power_csi 0.062 kurtosis 0.068 spec_cnn 0.051  (2s)
  JSR  -44.0 dB  BER 0.00e+00  P(det)@0.05 power_one_sided 0.057 power_two_sided 0.068 power_csi 0.035 kurtosis 0.066 spec_cnn 0.037  (2s)
  JSR  -43.0 dB  BER 0.00e+00  P(det)@0.05 power_one_sided 0.057 power_two_sided 0.055 power_csi 0.064 kurtosis 0.047 spec_cnn 0.076  (2s)
  JSR  -42.0 dB  BER 0.00e+00  P(det)@0.05 power_one_sided 0.057 power_two_sided 0.059 power_csi 0.059 kurtosis 0.045 spec_cnn 0.045  (3s)
  JSR  -41.0 dB  BER 0.00e+00  P(det)@0.05 power_one_sided 0.051 power_two_sided 0.066 power_csi 0.092 kurtosis 0.041 spec_cnn 0.074  (3s)
  JSR  -40.0 dB  BER 0.00e+00  P(det)@0.05 power_one_sided 0.049 power_two_sided 0.033 power_csi 0.088 kurtosis 0.037 spec_cnn 0.074  (3s)
  JSR  -39.0 dB  BER 0.00e+00  P(det)@0.05 power_one_sided 0.051 power_two_sided 0.066 power_csi 0.076 kurtosis 0.055 spec_cnn 0.062  (4s)
  JSR  -38.0 dB  BER 0.00e+00  P(det)@0.05 power_one_sided 0.064 power_two_sided 0.051 power_csi 0.100 kurtosis 0.053 spec_cnn 0.049  (4s)
  JSR  -37.0 dB  BER 0.00e+00  P(det)@0.05 power_one_sided 0.064 power_two_sided 0.080 power_csi 0.119 kurtosis 0.059 spec_cnn 0.074  (4s)
  JSR  -36.0 dB  BER 0.00e+00  P(det)@0.05 power_one_sided 0.045 power_two_sided 0.055 power_csi 0.129 kurtosis 0.062 spec_cnn 0.068  (5s)
  JSR  -35.0 dB  BER 0.00e+00  P(det)@0.05 power_one_sided 0.041 power_two_sided 0.043 power_csi 0.156 kurtosis 0.027 spec_cnn 0.084  (5s)
  JSR  -34.0 dB  BER 0.00e+00  P(det)@0.05 power_one_sided 0.061 power_two_sided 0.066 power_csi 0.188 kurtosis 0.049 spec_cnn 0.092  (5s)
  JSR  -33.0 dB  BER 0.00e+00  P(det)@0.05 power_one_sided 0.070 power_two_sided 0.062 power_csi 0.219 kurtosis 0.039 spec_cnn 0.111  (5s)
  JSR  -32.0 dB  BER 0.00e+00  P(det)@0.05 power_one_sided 0.049 power_two_sided 0.041 power_csi 0.244 kurtosis 0.051 spec_cnn 0.117  (6s)
  JSR  -31.0 dB  BER 0.00e+00  P(det)@0.05 power_one_sided 0.070 power_two_sided 0.072 power_csi 0.291 kurtosis 0.045 spec_cnn 0.141  (6s)
  JSR  -30.0 dB  BER 0.00e+00  P(det)@0.05 power_one_sided 0.094 power_two_sided 0.078 power_csi 0.344 kurtosis 0.051 spec_cnn 0.207  (6s)
  JSR  -29.0 dB  BER 0.00e+00  P(det)@0.05 power_one_sided 0.100 power_two_sided 0.072 power_csi 0.387 kurtosis 0.037 spec_cnn 0.240  (7s)
  JSR  -28.0 dB  BER 0.00e+00  P(det)@0.05 power_one_sided 0.078 power_two_sided 0.055 power_csi 0.436 kurtosis 0.039 spec_cnn 0.350  (7s)
  JSR  -27.0 dB  BER 0.00e+00  P(det)@0.05 power_one_sided 0.146 power_two_sided 0.121 power_csi 0.484 kurtosis 0.041 spec_cnn 0.475  (7s)
  JSR  -26.0 dB  BER 0.00e+00  P(det)@0.05 power_one_sided 0.146 power_two_sided 0.119 power_csi 0.580 kurtosis 0.070 spec_cnn 0.578  (8s)
  JSR  -25.0 dB  BER 0.00e+00  P(det)@0.05 power_one_sided 0.176 power_two_sided 0.152 power_csi 0.656 kurtosis 0.045 spec_cnn 0.756  (8s)
  JSR  -24.0 dB  BER 0.00e+00  P(det)@0.05 power_one_sided 0.229 power_two_sided 0.178 power_csi 0.678 kurtosis 0.049 spec_cnn 0.932  (8s)
  JSR  -23.0 dB  BER 0.00e+00  P(det)@0.05 power_one_sided 0.254 power_two_sided 0.201 power_csi 0.721 kurtosis 0.061 spec_cnn 0.994  (9s)
  JSR  -22.0 dB  BER 0.00e+00  P(det)@0.05 power_one_sided 0.316 power_two_sided 0.254 power_csi 0.766 kurtosis 0.070 spec_cnn 0.998  (9s)
  JSR  -21.0 dB  BER 0.00e+00  P(det)@0.05 power_one_sided 0.406 power_two_sided 0.328 power_csi 0.854 kurtosis 0.074 spec_cnn 1.000  (9s)
  JSR  -20.0 dB  BER 7.63e-06  P(det)@0.05 power_one_sided 0.529 power_two_sided 0.447 power_csi 0.877 kurtosis 0.111 spec_cnn 1.000  (9s)
  JSR  -19.0 dB  BER 7.63e-05  P(det)@0.05 power_one_sided 0.609 power_two_sided 0.545 power_csi 0.945 kurtosis 0.105 spec_cnn 1.000  (10s)
  JSR  -18.0 dB  BER 3.43e-04  P(det)@0.05 power_one_sided 0.701 power_two_sided 0.641 power_csi 0.938 kurtosis 0.176 spec_cnn 1.000  (10s)
  JSR  -17.0 dB  BER 6.33e-04  P(det)@0.05 power_one_sided 0.867 power_two_sided 0.814 power_csi 0.986 kurtosis 0.291 spec_cnn 1.000  (10s)
  JSR  -16.0 dB  BER 9.54e-04  P(det)@0.05 power_one_sided 0.902 power_two_sided 0.869 power_csi 0.998 kurtosis 0.377 spec_cnn 1.000  (11s)
  JSR  -15.0 dB  BER 1.37e-03  P(det)@0.05 power_one_sided 0.965 power_two_sided 0.947 power_csi 0.996 kurtosis 0.494 spec_cnn 1.000  (11s)
  JSR  -14.0 dB  BER 1.86e-03  P(det)@0.05 power_one_sided 0.992 power_two_sided 0.984 power_csi 1.000 kurtosis 0.660 spec_cnn 1.000  (11s)
  JSR  -13.0 dB  BER 2.21e-03  P(det)@0.05 power_one_sided 0.994 power_two_sided 0.994 power_csi 1.000 kurtosis 0.758 spec_cnn 1.000  (12s)
  JSR  -12.0 dB  BER 2.91e-03  P(det)@0.05 power_one_sided 0.998 power_two_sided 0.998 power_csi 1.000 kurtosis 0.840 spec_cnn 1.000  (12s)
  JSR  -11.0 dB  BER 3.44e-03  P(det)@0.05 power_one_sided 1.000 power_two_sided 1.000 power_csi 1.000 kurtosis 0.930 spec_cnn 1.000  (12s)
  JSR  -10.0 dB  BER 4.10e-03  P(det)@0.05 power_one_sided 1.000 power_two_sided 1.000 power_csi 1.000 kurtosis 0.971 spec_cnn 1.000  (13s)
  JSR   -9.0 dB  BER 4.52e-03  P(det)@0.05 power_one_sided 1.000 power_two_sided 1.000 power_csi 1.000 kurtosis 0.998 spec_cnn 1.000  (13s)
  JSR   -8.0 dB  BER 5.03e-03  P(det)@0.05 power_one_sided 1.000 power_two_sided 1.000 power_csi 1.000 kurtosis 1.000 spec_cnn 1.000  (13s)
  JSR   -7.0 dB  BER 5.55e-03  P(det)@0.05 power_one_sided 1.000 power_two_sided 1.000 power_csi 1.000 kurtosis 1.000 spec_cnn 1.000  (13s)
  JSR   -6.0 dB  BER 6.36e-03  P(det)@0.05 power_one_sided 1.000 power_two_sided 1.000 power_csi 1.000 kurtosis 1.000 spec_cnn 1.000  (14s)
  JSR   -5.0 dB  BER 6.72e-03  P(det)@0.05 power_one_sided 1.000 power_two_sided 1.000 power_csi 1.000 kurtosis 1.000 spec_cnn 1.000  (14s)
  JSR   -4.0 dB  BER 7.39e-03  P(det)@0.05 power_one_sided 1.000 power_two_sided 1.000 power_csi 1.000 kurtosis 1.000 spec_cnn 1.000  (14s)
  JSR   -3.0 dB  BER 7.71e-03  P(det)@0.05 power_one_sided 1.000 power_two_sided 1.000 power_csi 1.000 kurtosis 1.000 spec_cnn 1.000  (15s)
  JSR   -2.0 dB  BER 8.91e-03  P(det)@0.05 power_one_sided 1.000 power_two_sided 1.000 power_csi 1.000 kurtosis 1.000 spec_cnn 1.000  (15s)
  JSR   -1.0 dB  BER 9.19e-03  P(det)@0.05 power_one_sided 1.000 power_two_sided 1.000 power_csi 1.000 kurtosis 1.000 spec_cnn 1.000  (15s)
  JSR   +0.0 dB  BER 1.04e-02  P(det)@0.05 power_one_sided 1.000 power_two_sided 1.000 power_csi 1.000 kurtosis 1.000 spec_cnn 1.000  (16s)
  JSR   +1.0 dB  BER 1.14e-02  P(det)@0.05 power_one_sided 1.000 power_two_sided 1.000 power_csi 1.000 kurtosis 1.000 spec_cnn 1.000  (16s)
  JSR   +2.0 dB  BER 1.40e-02  P(det)@0.05 power_one_sided 1.000 power_two_sided 1.000 power_csi 1.000 kurtosis 1.000 spec_cnn 1.000  (16s)
  JSR   +3.0 dB  BER 1.78e-02  P(det)@0.05 power_one_sided 1.000 power_two_sided 1.000 power_csi 1.000 kurtosis 1.000 spec_cnn 1.000  (16s)
  JSR   +4.0 dB  BER 2.27e-02  P(det)@0.05 power_one_sided 1.000 power_two_sided 1.000 power_csi 1.000 kurtosis 1.000 spec_cnn 1.000  (17s)
  JSR   +5.0 dB  BER 3.27e-02  P(det)@0.05 power_one_sided 1.000 power_two_sided 1.000 power_csi 1.000 kurtosis 1.000 spec_cnn 1.000  (17s)
  JSR   +6.0 dB  BER 4.63e-02  P(det)@0.05 power_one_sided 1.000 power_two_sided 1.000 power_csi 1.000 kurtosis 1.000 spec_cnn 1.000  (17s)
  JSR   +7.0 dB  BER 6.57e-02  P(det)@0.05 power_one_sided 1.000 power_two_sided 1.000 power_csi 1.000 kurtosis 1.000 spec_cnn 1.000  (18s)
  JSR   +8.0 dB  BER 8.62e-02  P(det)@0.05 power_one_sided 1.000 power_two_sided 1.000 power_csi 1.000 kurtosis 1.000 spec_cnn 1.000  (18s)
  JSR   +9.0 dB  BER 1.09e-01  P(det)@0.05 power_one_sided 1.000 power_two_sided 1.000 power_csi 1.000 kurtosis 1.000 spec_cnn 1.000  (18s)
  JSR  +10.0 dB  BER 1.37e-01  P(det)@0.05 power_one_sided 1.000 power_two_sided 1.000 power_csi 1.000 kurtosis 1.000 spec_cnn 1.000  (19s)
  JSR  +11.0 dB  BER 1.61e-01  P(det)@0.05 power_one_sided 1.000 power_two_sided 1.000 power_csi 1.000 kurtosis 1.000 spec_cnn 1.000  (19s)
  JSR  +12.0 dB  BER 1.89e-01  P(det)@0.05 power_one_sided 1.000 power_two_sided 1.000 power_csi 1.000 kurtosis 1.000 spec_cnn 1.000  (19s)
  JSR  +13.0 dB  BER 2.12e-01  P(det)@0.05 power_one_sided 1.000 power_two_sided 1.000 power_csi 1.000 kurtosis 1.000 spec_cnn 1.000  (20s)
  JSR  +14.0 dB  BER 2.39e-01  P(det)@0.05 power_one_sided 1.000 power_two_sided 1.000 power_csi 1.000 kurtosis 1.000 spec_cnn 1.000  (20s)
  JSR  +15.0 dB  BER 2.65e-01  P(det)@0.05 power_one_sided 1.000 power_two_sided 1.000 power_csi 1.000 kurtosis 1.000 spec_cnn 1.000  (20s)
  [shadow_0.03] kurtosis_b1 confirmed: {"power_one_sided": {"0.01": {"index": 0, "sweep_ber": 0.0, "sweep_pdet": 0.013671875, "confirmed_ber": 0.0, "confirmed_ser": 0.0, "confirmed_pdet": 0.00927734375, "passed": true}, "0.05": {"index": 0, "sweep_ber": 0.0, "sweep_pdet": 0.05859375, "confirmed_ber": 0.0, "confirmed_ser": 0.0, "confirmed_pdet": 0.05859375, "passed": false}}, "power_csi": {"0.01": {"index": 0, "sweep_ber": 0.0, "sweep_pdet": 0.005859375, "confirmed_ber": 0.0, "confirmed_ser": 0.0, "confirmed_pdet": 0.01318359375, "passed": false}, "0.05": {"index": 0, "sweep_ber": 0.0, "sweep_pdet": 0.037109375, "confirmed_ber": 0.0, "confirmed_ser": 0.0, "confirmed_pdet": 0.05224609375, "passed": true}}, "power_two_sided": {"0.01": {"index": 0, "sweep_ber": 0.0, "sweep_pdet": 0.01171875, "confirmed_ber": 0.0, "confirmed_ser": 0.0, "confirmed_pdet": 0.01318359375, "passed": false}, "0.05": {"index": 0, "sweep_ber": 0.0, "sweep_pdet": 0.05859375, "confirmed_ber": 0.0, "confirmed_ser": 0.0, "confirmed_pdet": 0.053955078125, "passed": true}}, "kurtosis": {"0.01": {"index": 0, "sweep_ber": 0.0, "sweep_pdet": 0.01171875, "confirmed_ber": 0.0, "confirmed_ser": 0.0, "confirmed_pdet": 0.0107421875, "passed": true}, "0.05": {"index": 0, "sweep_ber": 0.0, "sweep_pdet": 0.0546875, "confirmed_ber": 0.0, "confirmed_ser": 0.0, "confirmed_pdet": 0.0537109375, "passed": true}}, "spec_cnn": {"0.01": {"index": 0, "sweep_ber": 0.0, "sweep_pdet": 0.017578125, "confirmed_ber": 0.0, "confirmed_ser": 0.0, "confirmed_pdet": 0.0107421875, "passed": true}, "0.05": {"index": 0, "sweep_ber": 0.0, "sweep_pdet": 0.05078125, "confirmed_ber": 0.0, "confirmed_ser": 0.0, "confirmed_pdet": 0.044189453125, "passed": true}}}  (792s)
  [shadow_0.03] generator kurtosis_b10 (scale 1.0000)
  JSR  -50.0 dB  BER 0.00e+00  P(det)@0.05 power_one_sided 0.053 power_two_sided 0.055 power_csi 0.051 kurtosis 0.043 spec_cnn 0.041  (0s)
  JSR  -49.0 dB  BER 0.00e+00  P(det)@0.05 power_one_sided 0.047 power_two_sided 0.031 power_csi 0.072 kurtosis 0.066 spec_cnn 0.045  (1s)
  JSR  -48.0 dB  BER 0.00e+00  P(det)@0.05 power_one_sided 0.037 power_two_sided 0.047 power_csi 0.055 kurtosis 0.068 spec_cnn 0.061  (1s)
  JSR  -47.0 dB  BER 0.00e+00  P(det)@0.05 power_one_sided 0.041 power_two_sided 0.064 power_csi 0.070 kurtosis 0.062 spec_cnn 0.025  (1s)
  JSR  -46.0 dB  BER 0.00e+00  P(det)@0.05 power_one_sided 0.035 power_two_sided 0.047 power_csi 0.061 kurtosis 0.047 spec_cnn 0.057  (2s)
  JSR  -45.0 dB  BER 0.00e+00  P(det)@0.05 power_one_sided 0.064 power_two_sided 0.051 power_csi 0.053 kurtosis 0.051 spec_cnn 0.055  (2s)
  JSR  -44.0 dB  BER 0.00e+00  P(det)@0.05 power_one_sided 0.059 power_two_sided 0.055 power_csi 0.076 kurtosis 0.041 spec_cnn 0.057  (2s)
  JSR  -43.0 dB  BER 0.00e+00  P(det)@0.05 power_one_sided 0.047 power_two_sided 0.051 power_csi 0.074 kurtosis 0.080 spec_cnn 0.055  (2s)
  JSR  -42.0 dB  BER 0.00e+00  P(det)@0.05 power_one_sided 0.057 power_two_sided 0.051 power_csi 0.088 kurtosis 0.055 spec_cnn 0.057  (3s)
  JSR  -41.0 dB  BER 0.00e+00  P(det)@0.05 power_one_sided 0.053 power_two_sided 0.057 power_csi 0.080 kurtosis 0.053 spec_cnn 0.049  (3s)
  JSR  -40.0 dB  BER 0.00e+00  P(det)@0.05 power_one_sided 0.051 power_two_sided 0.053 power_csi 0.113 kurtosis 0.061 spec_cnn 0.074  (3s)
  JSR  -39.0 dB  BER 0.00e+00  P(det)@0.05 power_one_sided 0.047 power_two_sided 0.055 power_csi 0.086 kurtosis 0.037 spec_cnn 0.070  (4s)
  JSR  -38.0 dB  BER 0.00e+00  P(det)@0.05 power_one_sided 0.039 power_two_sided 0.047 power_csi 0.115 kurtosis 0.051 spec_cnn 0.072  (4s)
  JSR  -37.0 dB  BER 0.00e+00  P(det)@0.05 power_one_sided 0.059 power_two_sided 0.049 power_csi 0.139 kurtosis 0.051 spec_cnn 0.068  (4s)
  JSR  -36.0 dB  BER 0.00e+00  P(det)@0.05 power_one_sided 0.061 power_two_sided 0.053 power_csi 0.156 kurtosis 0.051 spec_cnn 0.076  (5s)
  JSR  -35.0 dB  BER 0.00e+00  P(det)@0.05 power_one_sided 0.059 power_two_sided 0.059 power_csi 0.176 kurtosis 0.037 spec_cnn 0.092  (5s)
  JSR  -34.0 dB  BER 0.00e+00  P(det)@0.05 power_one_sided 0.059 power_two_sided 0.061 power_csi 0.221 kurtosis 0.061 spec_cnn 0.094  (5s)
  JSR  -33.0 dB  BER 0.00e+00  P(det)@0.05 power_one_sided 0.086 power_two_sided 0.076 power_csi 0.283 kurtosis 0.061 spec_cnn 0.123  (5s)
  JSR  -32.0 dB  BER 0.00e+00  P(det)@0.05 power_one_sided 0.080 power_two_sided 0.076 power_csi 0.312 kurtosis 0.039 spec_cnn 0.146  (6s)
  JSR  -31.0 dB  BER 0.00e+00  P(det)@0.05 power_one_sided 0.098 power_two_sided 0.096 power_csi 0.408 kurtosis 0.064 spec_cnn 0.203  (6s)
  JSR  -30.0 dB  BER 0.00e+00  P(det)@0.05 power_one_sided 0.107 power_two_sided 0.072 power_csi 0.434 kurtosis 0.070 spec_cnn 0.229  (6s)
  JSR  -29.0 dB  BER 0.00e+00  P(det)@0.05 power_one_sided 0.127 power_two_sided 0.104 power_csi 0.533 kurtosis 0.047 spec_cnn 0.285  (7s)
  JSR  -28.0 dB  BER 0.00e+00  P(det)@0.05 power_one_sided 0.139 power_two_sided 0.096 power_csi 0.576 kurtosis 0.045 spec_cnn 0.320  (7s)
  JSR  -27.0 dB  BER 0.00e+00  P(det)@0.05 power_one_sided 0.152 power_two_sided 0.119 power_csi 0.598 kurtosis 0.031 spec_cnn 0.447  (7s)
  JSR  -26.0 dB  BER 0.00e+00  P(det)@0.05 power_one_sided 0.172 power_two_sided 0.123 power_csi 0.709 kurtosis 0.037 spec_cnn 0.520  (8s)
  JSR  -25.0 dB  BER 0.00e+00  P(det)@0.05 power_one_sided 0.254 power_two_sided 0.221 power_csi 0.736 kurtosis 0.051 spec_cnn 0.592  (8s)
  JSR  -24.0 dB  BER 0.00e+00  P(det)@0.05 power_one_sided 0.287 power_two_sided 0.225 power_csi 0.777 kurtosis 0.057 spec_cnn 0.697  (8s)
  JSR  -23.0 dB  BER 0.00e+00  P(det)@0.05 power_one_sided 0.398 power_two_sided 0.320 power_csi 0.869 kurtosis 0.037 spec_cnn 0.812  (9s)
  JSR  -22.0 dB  BER 0.00e+00  P(det)@0.05 power_one_sided 0.506 power_two_sided 0.430 power_csi 0.904 kurtosis 0.055 spec_cnn 0.881  (9s)
  JSR  -21.0 dB  BER 7.63e-06  P(det)@0.05 power_one_sided 0.598 power_two_sided 0.525 power_csi 0.953 kurtosis 0.076 spec_cnn 0.953  (9s)
  JSR  -20.0 dB  BER 1.30e-04  P(det)@0.05 power_one_sided 0.732 power_two_sided 0.662 power_csi 0.967 kurtosis 0.053 spec_cnn 0.992  (9s)
  JSR  -19.0 dB  BER 3.13e-04  P(det)@0.05 power_one_sided 0.854 power_two_sided 0.807 power_csi 0.988 kurtosis 0.057 spec_cnn 0.996  (10s)
  JSR  -18.0 dB  BER 6.26e-04  P(det)@0.05 power_one_sided 0.918 power_two_sided 0.889 power_csi 0.998 kurtosis 0.098 spec_cnn 1.000  (10s)
  JSR  -17.0 dB  BER 1.14e-03  P(det)@0.05 power_one_sided 0.947 power_two_sided 0.926 power_csi 1.000 kurtosis 0.113 spec_cnn 1.000  (10s)
  JSR  -16.0 dB  BER 1.42e-03  P(det)@0.05 power_one_sided 0.984 power_two_sided 0.977 power_csi 1.000 kurtosis 0.186 spec_cnn 1.000  (11s)
  JSR  -15.0 dB  BER 1.68e-03  P(det)@0.05 power_one_sided 0.998 power_two_sided 0.998 power_csi 1.000 kurtosis 0.270 spec_cnn 1.000  (11s)
  JSR  -14.0 dB  BER 2.11e-03  P(det)@0.05 power_one_sided 1.000 power_two_sided 1.000 power_csi 1.000 kurtosis 0.430 spec_cnn 1.000  (11s)
  JSR  -13.0 dB  BER 2.83e-03  P(det)@0.05 power_one_sided 1.000 power_two_sided 1.000 power_csi 1.000 kurtosis 0.607 spec_cnn 1.000  (12s)
  JSR  -12.0 dB  BER 3.30e-03  P(det)@0.05 power_one_sided 1.000 power_two_sided 1.000 power_csi 1.000 kurtosis 0.773 spec_cnn 1.000  (12s)
  JSR  -11.0 dB  BER 4.20e-03  P(det)@0.05 power_one_sided 1.000 power_two_sided 1.000 power_csi 1.000 kurtosis 0.908 spec_cnn 1.000  (12s)
  JSR  -10.0 dB  BER 4.66e-03  P(det)@0.05 power_one_sided 1.000 power_two_sided 1.000 power_csi 1.000 kurtosis 0.980 spec_cnn 1.000  (13s)
  JSR   -9.0 dB  BER 5.27e-03  P(det)@0.05 power_one_sided 1.000 power_two_sided 1.000 power_csi 1.000 kurtosis 0.996 spec_cnn 1.000  (13s)
  JSR   -8.0 dB  BER 5.94e-03  P(det)@0.05 power_one_sided 1.000 power_two_sided 1.000 power_csi 1.000 kurtosis 1.000 spec_cnn 1.000  (13s)
  JSR   -7.0 dB  BER 6.97e-03  P(det)@0.05 power_one_sided 1.000 power_two_sided 1.000 power_csi 1.000 kurtosis 1.000 spec_cnn 1.000  (13s)
  JSR   -6.0 dB  BER 7.55e-03  P(det)@0.05 power_one_sided 1.000 power_two_sided 1.000 power_csi 1.000 kurtosis 1.000 spec_cnn 1.000  (14s)
  JSR   -5.0 dB  BER 8.09e-03  P(det)@0.05 power_one_sided 1.000 power_two_sided 1.000 power_csi 1.000 kurtosis 1.000 spec_cnn 1.000  (14s)
  JSR   -4.0 dB  BER 8.55e-03  P(det)@0.05 power_one_sided 1.000 power_two_sided 1.000 power_csi 1.000 kurtosis 1.000 spec_cnn 1.000  (14s)
  JSR   -3.0 dB  BER 9.51e-03  P(det)@0.05 power_one_sided 1.000 power_two_sided 1.000 power_csi 1.000 kurtosis 1.000 spec_cnn 1.000  (15s)
  JSR   -2.0 dB  BER 1.02e-02  P(det)@0.05 power_one_sided 1.000 power_two_sided 1.000 power_csi 1.000 kurtosis 1.000 spec_cnn 1.000  (15s)
  JSR   -1.0 dB  BER 1.10e-02  P(det)@0.05 power_one_sided 1.000 power_two_sided 1.000 power_csi 1.000 kurtosis 1.000 spec_cnn 1.000  (15s)
  JSR   +0.0 dB  BER 1.16e-02  P(det)@0.05 power_one_sided 1.000 power_two_sided 1.000 power_csi 1.000 kurtosis 1.000 spec_cnn 1.000  (16s)
  JSR   +1.0 dB  BER 1.26e-02  P(det)@0.05 power_one_sided 1.000 power_two_sided 1.000 power_csi 1.000 kurtosis 1.000 spec_cnn 1.000  (16s)
  JSR   +2.0 dB  BER 1.34e-02  P(det)@0.05 power_one_sided 1.000 power_two_sided 1.000 power_csi 1.000 kurtosis 1.000 spec_cnn 1.000  (16s)
  JSR   +3.0 dB  BER 1.57e-02  P(det)@0.05 power_one_sided 1.000 power_two_sided 1.000 power_csi 1.000 kurtosis 1.000 spec_cnn 1.000  (16s)
  JSR   +4.0 dB  BER 1.69e-02  P(det)@0.05 power_one_sided 1.000 power_two_sided 1.000 power_csi 1.000 kurtosis 1.000 spec_cnn 1.000  (17s)
  JSR   +5.0 dB  BER 2.01e-02  P(det)@0.05 power_one_sided 1.000 power_two_sided 1.000 power_csi 1.000 kurtosis 1.000 spec_cnn 1.000  (17s)
  JSR   +6.0 dB  BER 2.41e-02  P(det)@0.05 power_one_sided 1.000 power_two_sided 1.000 power_csi 1.000 kurtosis 1.000 spec_cnn 1.000  (17s)
  JSR   +7.0 dB  BER 3.09e-02  P(det)@0.05 power_one_sided 1.000 power_two_sided 1.000 power_csi 1.000 kurtosis 1.000 spec_cnn 1.000  (18s)
  JSR   +8.0 dB  BER 4.01e-02  P(det)@0.05 power_one_sided 1.000 power_two_sided 1.000 power_csi 1.000 kurtosis 1.000 spec_cnn 1.000  (18s)
  JSR   +9.0 dB  BER 5.26e-02  P(det)@0.05 power_one_sided 1.000 power_two_sided 1.000 power_csi 1.000 kurtosis 1.000 spec_cnn 1.000  (18s)
  JSR  +10.0 dB  BER 7.03e-02  P(det)@0.05 power_one_sided 1.000 power_two_sided 1.000 power_csi 1.000 kurtosis 1.000 spec_cnn 1.000  (19s)
  JSR  +11.0 dB  BER 8.73e-02  P(det)@0.05 power_one_sided 1.000 power_two_sided 1.000 power_csi 1.000 kurtosis 1.000 spec_cnn 1.000  (19s)
  JSR  +12.0 dB  BER 1.10e-01  P(det)@0.05 power_one_sided 1.000 power_two_sided 1.000 power_csi 1.000 kurtosis 1.000 spec_cnn 1.000  (19s)
  JSR  +13.0 dB  BER 1.38e-01  P(det)@0.05 power_one_sided 1.000 power_two_sided 1.000 power_csi 1.000 kurtosis 1.000 spec_cnn 1.000  (20s)
  JSR  +14.0 dB  BER 1.58e-01  P(det)@0.05 power_one_sided 1.000 power_two_sided 1.000 power_csi 1.000 kurtosis 1.000 spec_cnn 1.000  (20s)
  JSR  +15.0 dB  BER 1.89e-01  P(det)@0.05 power_one_sided 1.000 power_two_sided 1.000 power_csi 1.000 kurtosis 1.000 spec_cnn 1.000  (20s)
  [shadow_0.03] kurtosis_b10 confirmed: {"power_one_sided": {"0.01": {"index": 0, "sweep_ber": 0.0, "sweep_pdet": 0.005859375, "confirmed_ber": 0.0, "confirmed_ser": 0.0, "confirmed_pdet": 0.011474609375, "passed": true}, "0.05": {"index": 0, "sweep_ber": 0.0, "sweep_pdet": 0.052734375, "confirmed_ber": 0.0, "confirmed_ser": 0.0, "confirmed_pdet": 0.0537109375, "passed": true}}, "power_csi": {"0.01": {"index": 0, "sweep_ber": 0.0, "sweep_pdet": 0.01171875, "confirmed_ber": 0.0, "confirmed_ser": 0.0, "confirmed_pdet": 0.01171875, "passed": true}, "0.05": {"index": 0, "sweep_ber": 0.0, "sweep_pdet": 0.05078125, "confirmed_ber": 0.0, "confirmed_ser": 0.0, "confirmed_pdet": 0.054931640625, "passed": true}}, "power_two_sided": {"0.01": {"index": 0, "sweep_ber": 0.0, "sweep_pdet": 0.009765625, "confirmed_ber": 0.0, "confirmed_ser": 0.0, "confirmed_pdet": 0.01220703125, "passed": true}, "0.05": {"index": 0, "sweep_ber": 0.0, "sweep_pdet": 0.0546875, "confirmed_ber": 0.0, "confirmed_ser": 0.0, "confirmed_pdet": 0.0546875, "passed": true}}, "kurtosis": {"0.01": {"index": 31, "sweep_ber": 0.00031280517578125, "sweep_pdet": 0.009765625, "confirmed_ber": 0.000324249267578125, "confirmed_ser": 0.00064849853515625, "confirmed_pdet": 0.01513671875, "passed": false}, "0.05": {"index": 31, "sweep_ber": 0.00031280517578125, "sweep_pdet": 0.056640625, "confirmed_ber": 0.00032806396484375, "confirmed_ser": 0.0006561279296875, "confirmed_pdet": 0.06884765625, "passed": false}}, "spec_cnn": {"0.01": {"index": 0, "sweep_ber": 0.0, "sweep_pdet": 0.005859375, "confirmed_ber": 0.0, "confirmed_ser": 0.0, "confirmed_pdet": 0.007080078125, "passed": true}, "0.05": {"index": 0, "sweep_ber": 0.0, "sweep_pdet": 0.041015625, "confirmed_ber": 0.0, "confirmed_ser": 0.0, "confirmed_pdet": 0.050537109375, "passed": true}}}  (837s)
  [shadow_0.03] generator kurtosis_b100 (scale 1.0000)
  JSR  -50.0 dB  BER 0.00e+00  P(det)@0.05 power_one_sided 0.033 power_two_sided 0.062 power_csi 0.043 kurtosis 0.055 spec_cnn 0.045  (0s)
  JSR  -49.0 dB  BER 0.00e+00  P(det)@0.05 power_one_sided 0.055 power_two_sided 0.053 power_csi 0.059 kurtosis 0.047 spec_cnn 0.043  (1s)
  JSR  -48.0 dB  BER 0.00e+00  P(det)@0.05 power_one_sided 0.039 power_two_sided 0.051 power_csi 0.047 kurtosis 0.035 spec_cnn 0.043  (1s)
  JSR  -47.0 dB  BER 0.00e+00  P(det)@0.05 power_one_sided 0.035 power_two_sided 0.045 power_csi 0.062 kurtosis 0.068 spec_cnn 0.051  (1s)
  JSR  -46.0 dB  BER 0.00e+00  P(det)@0.05 power_one_sided 0.041 power_two_sided 0.051 power_csi 0.053 kurtosis 0.055 spec_cnn 0.051  (2s)
  JSR  -45.0 dB  BER 0.00e+00  P(det)@0.05 power_one_sided 0.055 power_two_sided 0.047 power_csi 0.062 kurtosis 0.047 spec_cnn 0.053  (2s)
  JSR  -44.0 dB  BER 0.00e+00  P(det)@0.05 power_one_sided 0.039 power_two_sided 0.043 power_csi 0.066 kurtosis 0.051 spec_cnn 0.057  (2s)
  JSR  -43.0 dB  BER 0.00e+00  P(det)@0.05 power_one_sided 0.068 power_two_sided 0.062 power_csi 0.068 kurtosis 0.053 spec_cnn 0.057  (2s)
  JSR  -42.0 dB  BER 0.00e+00  P(det)@0.05 power_one_sided 0.049 power_two_sided 0.064 power_csi 0.070 kurtosis 0.045 spec_cnn 0.039  (3s)
  JSR  -41.0 dB  BER 0.00e+00  P(det)@0.05 power_one_sided 0.049 power_two_sided 0.053 power_csi 0.074 kurtosis 0.047 spec_cnn 0.047  (3s)
  JSR  -40.0 dB  BER 0.00e+00  P(det)@0.05 power_one_sided 0.045 power_two_sided 0.053 power_csi 0.064 kurtosis 0.041 spec_cnn 0.078  (3s)
  JSR  -39.0 dB  BER 0.00e+00  P(det)@0.05 power_one_sided 0.047 power_two_sided 0.057 power_csi 0.143 kurtosis 0.055 spec_cnn 0.064  (4s)
  JSR  -38.0 dB  BER 0.00e+00  P(det)@0.05 power_one_sided 0.055 power_two_sided 0.043 power_csi 0.123 kurtosis 0.031 spec_cnn 0.082  (4s)
  JSR  -37.0 dB  BER 0.00e+00  P(det)@0.05 power_one_sided 0.064 power_two_sided 0.053 power_csi 0.154 kurtosis 0.051 spec_cnn 0.076  (4s)
  JSR  -36.0 dB  BER 0.00e+00  P(det)@0.05 power_one_sided 0.053 power_two_sided 0.055 power_csi 0.162 kurtosis 0.055 spec_cnn 0.070  (5s)
  JSR  -35.0 dB  BER 0.00e+00  P(det)@0.05 power_one_sided 0.074 power_two_sided 0.076 power_csi 0.211 kurtosis 0.049 spec_cnn 0.055  (5s)
  JSR  -34.0 dB  BER 0.00e+00  P(det)@0.05 power_one_sided 0.064 power_two_sided 0.059 power_csi 0.225 kurtosis 0.051 spec_cnn 0.096  (5s)
  JSR  -33.0 dB  BER 0.00e+00  P(det)@0.05 power_one_sided 0.064 power_two_sided 0.053 power_csi 0.213 kurtosis 0.057 spec_cnn 0.115  (5s)
  JSR  -32.0 dB  BER 0.00e+00  P(det)@0.05 power_one_sided 0.082 power_two_sided 0.072 power_csi 0.281 kurtosis 0.039 spec_cnn 0.123  (6s)
  JSR  -31.0 dB  BER 0.00e+00  P(det)@0.05 power_one_sided 0.111 power_two_sided 0.084 power_csi 0.352 kurtosis 0.049 spec_cnn 0.156  (6s)
  JSR  -30.0 dB  BER 0.00e+00  P(det)@0.05 power_one_sided 0.090 power_two_sided 0.096 power_csi 0.412 kurtosis 0.031 spec_cnn 0.172  (6s)
  JSR  -29.0 dB  BER 0.00e+00  P(det)@0.05 power_one_sided 0.119 power_two_sided 0.092 power_csi 0.414 kurtosis 0.045 spec_cnn 0.234  (7s)
  JSR  -28.0 dB  BER 0.00e+00  P(det)@0.05 power_one_sided 0.102 power_two_sided 0.086 power_csi 0.465 kurtosis 0.045 spec_cnn 0.303  (7s)
  JSR  -27.0 dB  BER 0.00e+00  P(det)@0.05 power_one_sided 0.123 power_two_sided 0.100 power_csi 0.529 kurtosis 0.053 spec_cnn 0.375  (7s)
  JSR  -26.0 dB  BER 0.00e+00  P(det)@0.05 power_one_sided 0.129 power_two_sided 0.100 power_csi 0.531 kurtosis 0.037 spec_cnn 0.537  (8s)
  JSR  -25.0 dB  BER 0.00e+00  P(det)@0.05 power_one_sided 0.182 power_two_sided 0.152 power_csi 0.629 kurtosis 0.045 spec_cnn 0.650  (8s)
  JSR  -24.0 dB  BER 0.00e+00  P(det)@0.05 power_one_sided 0.234 power_two_sided 0.182 power_csi 0.691 kurtosis 0.061 spec_cnn 0.770  (8s)
  JSR  -23.0 dB  BER 0.00e+00  P(det)@0.05 power_one_sided 0.270 power_two_sided 0.211 power_csi 0.693 kurtosis 0.068 spec_cnn 0.881  (9s)
  JSR  -22.0 dB  BER 0.00e+00  P(det)@0.05 power_one_sided 0.316 power_two_sided 0.268 power_csi 0.738 kurtosis 0.086 spec_cnn 0.957  (9s)
  JSR  -21.0 dB  BER 7.63e-06  P(det)@0.05 power_one_sided 0.414 power_two_sided 0.365 power_csi 0.805 kurtosis 0.080 spec_cnn 0.994  (9s)
  JSR  -20.0 dB  BER 1.45e-04  P(det)@0.05 power_one_sided 0.566 power_two_sided 0.486 power_csi 0.887 kurtosis 0.098 spec_cnn 1.000  (9s)
  JSR  -19.0 dB  BER 6.79e-04  P(det)@0.05 power_one_sided 0.646 power_two_sided 0.570 power_csi 0.924 kurtosis 0.137 spec_cnn 1.000  (10s)
  JSR  -18.0 dB  BER 8.93e-04  P(det)@0.05 power_one_sided 0.742 power_two_sided 0.691 power_csi 0.957 kurtosis 0.176 spec_cnn 1.000  (10s)
  JSR  -17.0 dB  BER 1.37e-03  P(det)@0.05 power_one_sided 0.816 power_two_sided 0.764 power_csi 0.980 kurtosis 0.238 spec_cnn 1.000  (10s)
  JSR  -16.0 dB  BER 1.68e-03  P(det)@0.05 power_one_sided 0.891 power_two_sided 0.863 power_csi 0.996 kurtosis 0.355 spec_cnn 1.000  (11s)
  JSR  -15.0 dB  BER 2.11e-03  P(det)@0.05 power_one_sided 0.957 power_two_sided 0.934 power_csi 0.998 kurtosis 0.479 spec_cnn 1.000  (11s)
  JSR  -14.0 dB  BER 2.41e-03  P(det)@0.05 power_one_sided 0.992 power_two_sided 0.990 power_csi 1.000 kurtosis 0.586 spec_cnn 1.000  (11s)
  JSR  -13.0 dB  BER 3.10e-03  P(det)@0.05 power_one_sided 0.998 power_two_sided 0.998 power_csi 1.000 kurtosis 0.699 spec_cnn 1.000  (12s)
  JSR  -12.0 dB  BER 3.46e-03  P(det)@0.05 power_one_sided 1.000 power_two_sided 1.000 power_csi 1.000 kurtosis 0.789 spec_cnn 1.000  (12s)
  JSR  -11.0 dB  BER 3.98e-03  P(det)@0.05 power_one_sided 1.000 power_two_sided 1.000 power_csi 1.000 kurtosis 0.838 spec_cnn 1.000  (12s)
  JSR  -10.0 dB  BER 4.63e-03  P(det)@0.05 power_one_sided 1.000 power_two_sided 1.000 power_csi 1.000 kurtosis 0.938 spec_cnn 1.000  (13s)
  JSR   -9.0 dB  BER 4.96e-03  P(det)@0.05 power_one_sided 1.000 power_two_sided 1.000 power_csi 1.000 kurtosis 0.980 spec_cnn 1.000  (13s)
  JSR   -8.0 dB  BER 5.39e-03  P(det)@0.05 power_one_sided 1.000 power_two_sided 1.000 power_csi 1.000 kurtosis 0.996 spec_cnn 1.000  (13s)
  JSR   -7.0 dB  BER 5.96e-03  P(det)@0.05 power_one_sided 1.000 power_two_sided 1.000 power_csi 1.000 kurtosis 1.000 spec_cnn 1.000  (13s)
  JSR   -6.0 dB  BER 6.51e-03  P(det)@0.05 power_one_sided 1.000 power_two_sided 1.000 power_csi 1.000 kurtosis 1.000 spec_cnn 1.000  (14s)
  JSR   -5.0 dB  BER 6.93e-03  P(det)@0.05 power_one_sided 1.000 power_two_sided 1.000 power_csi 1.000 kurtosis 1.000 spec_cnn 1.000  (14s)
  JSR   -4.0 dB  BER 7.85e-03  P(det)@0.05 power_one_sided 1.000 power_two_sided 1.000 power_csi 1.000 kurtosis 1.000 spec_cnn 1.000  (14s)
  JSR   -3.0 dB  BER 9.29e-03  P(det)@0.05 power_one_sided 1.000 power_two_sided 1.000 power_csi 1.000 kurtosis 1.000 spec_cnn 1.000  (15s)
  JSR   -2.0 dB  BER 1.05e-02  P(det)@0.05 power_one_sided 1.000 power_two_sided 1.000 power_csi 1.000 kurtosis 1.000 spec_cnn 1.000  (15s)
  JSR   -1.0 dB  BER 1.16e-02  P(det)@0.05 power_one_sided 1.000 power_two_sided 1.000 power_csi 1.000 kurtosis 1.000 spec_cnn 1.000  (15s)
  JSR   +0.0 dB  BER 1.37e-02  P(det)@0.05 power_one_sided 1.000 power_two_sided 1.000 power_csi 1.000 kurtosis 1.000 spec_cnn 1.000  (16s)
  JSR   +1.0 dB  BER 1.65e-02  P(det)@0.05 power_one_sided 1.000 power_two_sided 1.000 power_csi 1.000 kurtosis 1.000 spec_cnn 1.000  (16s)
  JSR   +2.0 dB  BER 1.92e-02  P(det)@0.05 power_one_sided 1.000 power_two_sided 1.000 power_csi 1.000 kurtosis 1.000 spec_cnn 1.000  (16s)
  JSR   +3.0 dB  BER 2.40e-02  P(det)@0.05 power_one_sided 1.000 power_two_sided 1.000 power_csi 1.000 kurtosis 1.000 spec_cnn 1.000  (16s)
  JSR   +4.0 dB  BER 2.93e-02  P(det)@0.05 power_one_sided 1.000 power_two_sided 1.000 power_csi 1.000 kurtosis 1.000 spec_cnn 1.000  (17s)
  JSR   +5.0 dB  BER 3.67e-02  P(det)@0.05 power_one_sided 1.000 power_two_sided 1.000 power_csi 1.000 kurtosis 1.000 spec_cnn 1.000  (17s)
  JSR   +6.0 dB  BER 4.45e-02  P(det)@0.05 power_one_sided 1.000 power_two_sided 1.000 power_csi 1.000 kurtosis 1.000 spec_cnn 1.000  (17s)
  JSR   +7.0 dB  BER 5.35e-02  P(det)@0.05 power_one_sided 1.000 power_two_sided 1.000 power_csi 1.000 kurtosis 1.000 spec_cnn 1.000  (18s)
  JSR   +8.0 dB  BER 6.65e-02  P(det)@0.05 power_one_sided 1.000 power_two_sided 1.000 power_csi 1.000 kurtosis 1.000 spec_cnn 1.000  (18s)
  JSR   +9.0 dB  BER 8.09e-02  P(det)@0.05 power_one_sided 1.000 power_two_sided 1.000 power_csi 1.000 kurtosis 1.000 spec_cnn 1.000  (18s)
  JSR  +10.0 dB  BER 9.58e-02  P(det)@0.05 power_one_sided 1.000 power_two_sided 1.000 power_csi 1.000 kurtosis 1.000 spec_cnn 1.000  (19s)
  JSR  +11.0 dB  BER 1.12e-01  P(det)@0.05 power_one_sided 1.000 power_two_sided 1.000 power_csi 1.000 kurtosis 1.000 spec_cnn 1.000  (19s)
  JSR  +12.0 dB  BER 1.35e-01  P(det)@0.05 power_one_sided 1.000 power_two_sided 1.000 power_csi 1.000 kurtosis 1.000 spec_cnn 1.000  (19s)
  JSR  +13.0 dB  BER 1.56e-01  P(det)@0.05 power_one_sided 1.000 power_two_sided 1.000 power_csi 1.000 kurtosis 1.000 spec_cnn 1.000  (20s)
  JSR  +14.0 dB  BER 1.79e-01  P(det)@0.05 power_one_sided 1.000 power_two_sided 1.000 power_csi 1.000 kurtosis 1.000 spec_cnn 1.000  (20s)
  JSR  +15.0 dB  BER 2.04e-01  P(det)@0.05 power_one_sided 1.000 power_two_sided 1.000 power_csi 1.000 kurtosis 1.000 spec_cnn 1.000  (20s)
  [shadow_0.03] kurtosis_b100 confirmed: {"power_one_sided": {"0.01": {"index": 0, "sweep_ber": 0.0, "sweep_pdet": 0.0078125, "confirmed_ber": 0.0, "confirmed_ser": 0.0, "confirmed_pdet": 0.01171875, "passed": true}, "0.05": {"index": 0, "sweep_ber": 0.0, "sweep_pdet": 0.033203125, "confirmed_ber": 0.0, "confirmed_ser": 0.0, "confirmed_pdet": 0.047119140625, "passed": true}}, "power_csi": {"0.01": {"index": 0, "sweep_ber": 0.0, "sweep_pdet": 0.01171875, "confirmed_ber": 0.0, "confirmed_ser": 0.0, "confirmed_pdet": 0.012451171875, "passed": true}, "0.05": {"index": 0, "sweep_ber": 0.0, "sweep_pdet": 0.04296875, "confirmed_ber": 0.0, "confirmed_ser": 0.0, "confirmed_pdet": 0.05029296875, "passed": true}}, "power_two_sided": {"0.01": {"index": 0, "sweep_ber": 0.0, "sweep_pdet": 0.013671875, "confirmed_ber": 0.0, "confirmed_ser": 0.0, "confirmed_pdet": 0.010009765625, "passed": true}, "0.05": {"index": 0, "sweep_ber": 0.0, "sweep_pdet": 0.0625, "confirmed_ber": 0.0, "confirmed_ser": 0.0, "confirmed_pdet": 0.0556640625, "passed": true}}, "kurtosis": {"0.01": {"index": 0, "sweep_ber": 0.0, "sweep_pdet": 0.01171875, "confirmed_ber": 0.0, "confirmed_ser": 0.0, "confirmed_pdet": 0.010498046875, "passed": true}, "0.05": {"index": 0, "sweep_ber": 0.0, "sweep_pdet": 0.0546875, "confirmed_ber": 0.0, "confirmed_ser": 0.0, "confirmed_pdet": 0.051513671875, "passed": true}}, "spec_cnn": {"0.01": {"index": 0, "sweep_ber": 0.0, "sweep_pdet": 0.013671875, "confirmed_ber": 0.0, "confirmed_ser": 0.0, "confirmed_pdet": 0.009521484375, "passed": true}, "0.05": {"index": 0, "sweep_ber": 0.0, "sweep_pdet": 0.044921875, "confirmed_ber": 0.0, "confirmed_ser": 0.0, "confirmed_pdet": 0.0478515625, "passed": true}}}  (882s)
  [shadow_0.03] generator kurtosis_b1000 (scale 1.0000)
  JSR  -50.0 dB  BER 0.00e+00  P(det)@0.05 power_one_sided 0.064 power_two_sided 0.061 power_csi 0.055 kurtosis 0.037 spec_cnn 0.045  (0s)
  JSR  -49.0 dB  BER 0.00e+00  P(det)@0.05 power_one_sided 0.045 power_two_sided 0.037 power_csi 0.043 kurtosis 0.055 spec_cnn 0.057  (1s)
  JSR  -48.0 dB  BER 0.00e+00  P(det)@0.05 power_one_sided 0.047 power_two_sided 0.049 power_csi 0.039 kurtosis 0.033 spec_cnn 0.051  (1s)
  JSR  -47.0 dB  BER 0.00e+00  P(det)@0.05 power_one_sided 0.041 power_two_sided 0.033 power_csi 0.057 kurtosis 0.062 spec_cnn 0.072  (1s)
  JSR  -46.0 dB  BER 0.00e+00  P(det)@0.05 power_one_sided 0.047 power_two_sided 0.070 power_csi 0.053 kurtosis 0.041 spec_cnn 0.047  (2s)
  JSR  -45.0 dB  BER 0.00e+00  P(det)@0.05 power_one_sided 0.059 power_two_sided 0.045 power_csi 0.053 kurtosis 0.053 spec_cnn 0.068  (2s)
  JSR  -44.0 dB  BER 0.00e+00  P(det)@0.05 power_one_sided 0.049 power_two_sided 0.039 power_csi 0.049 kurtosis 0.066 spec_cnn 0.059  (2s)
  JSR  -43.0 dB  BER 0.00e+00  P(det)@0.05 power_one_sided 0.053 power_two_sided 0.061 power_csi 0.066 kurtosis 0.049 spec_cnn 0.076  (2s)
  JSR  -42.0 dB  BER 0.00e+00  P(det)@0.05 power_one_sided 0.041 power_two_sided 0.057 power_csi 0.059 kurtosis 0.045 spec_cnn 0.092  (3s)
  JSR  -41.0 dB  BER 0.00e+00  P(det)@0.05 power_one_sided 0.062 power_two_sided 0.055 power_csi 0.066 kurtosis 0.043 spec_cnn 0.088  (3s)
  JSR  -40.0 dB  BER 0.00e+00  P(det)@0.05 power_one_sided 0.053 power_two_sided 0.049 power_csi 0.080 kurtosis 0.055 spec_cnn 0.098  (3s)
  JSR  -39.0 dB  BER 0.00e+00  P(det)@0.05 power_one_sided 0.047 power_two_sided 0.055 power_csi 0.080 kurtosis 0.055 spec_cnn 0.090  (4s)
  JSR  -38.0 dB  BER 0.00e+00  P(det)@0.05 power_one_sided 0.043 power_two_sided 0.037 power_csi 0.074 kurtosis 0.045 spec_cnn 0.086  (4s)
  JSR  -37.0 dB  BER 0.00e+00  P(det)@0.05 power_one_sided 0.051 power_two_sided 0.062 power_csi 0.084 kurtosis 0.049 spec_cnn 0.123  (4s)
  JSR  -36.0 dB  BER 0.00e+00  P(det)@0.05 power_one_sided 0.066 power_two_sided 0.057 power_csi 0.088 kurtosis 0.037 spec_cnn 0.129  (5s)
  JSR  -35.0 dB  BER 0.00e+00  P(det)@0.05 power_one_sided 0.055 power_two_sided 0.049 power_csi 0.121 kurtosis 0.049 spec_cnn 0.119  (5s)
  JSR  -34.0 dB  BER 0.00e+00  P(det)@0.05 power_one_sided 0.070 power_two_sided 0.053 power_csi 0.162 kurtosis 0.072 spec_cnn 0.129  (5s)
  JSR  -33.0 dB  BER 0.00e+00  P(det)@0.05 power_one_sided 0.057 power_two_sided 0.055 power_csi 0.162 kurtosis 0.055 spec_cnn 0.129  (5s)
  JSR  -32.0 dB  BER 0.00e+00  P(det)@0.05 power_one_sided 0.084 power_two_sided 0.074 power_csi 0.172 kurtosis 0.041 spec_cnn 0.129  (6s)
  JSR  -31.0 dB  BER 0.00e+00  P(det)@0.05 power_one_sided 0.074 power_two_sided 0.055 power_csi 0.227 kurtosis 0.043 spec_cnn 0.137  (6s)
  JSR  -30.0 dB  BER 0.00e+00  P(det)@0.05 power_one_sided 0.070 power_two_sided 0.051 power_csi 0.254 kurtosis 0.053 spec_cnn 0.107  (6s)
  JSR  -29.0 dB  BER 0.00e+00  P(det)@0.05 power_one_sided 0.068 power_two_sided 0.041 power_csi 0.355 kurtosis 0.057 spec_cnn 0.117  (7s)
  JSR  -28.0 dB  BER 0.00e+00  P(det)@0.05 power_one_sided 0.100 power_two_sided 0.074 power_csi 0.449 kurtosis 0.043 spec_cnn 0.100  (7s)
  JSR  -27.0 dB  BER 0.00e+00  P(det)@0.05 power_one_sided 0.104 power_two_sided 0.066 power_csi 0.561 kurtosis 0.055 spec_cnn 0.119  (7s)
  JSR  -26.0 dB  BER 0.00e+00  P(det)@0.05 power_one_sided 0.135 power_two_sided 0.086 power_csi 0.721 kurtosis 0.055 spec_cnn 0.117  (8s)
  JSR  -25.0 dB  BER 0.00e+00  P(det)@0.05 power_one_sided 0.139 power_two_sided 0.090 power_csi 0.781 kurtosis 0.053 spec_cnn 0.113  (8s)
  JSR  -24.0 dB  BER 0.00e+00  P(det)@0.05 power_one_sided 0.197 power_two_sided 0.135 power_csi 0.934 kurtosis 0.037 spec_cnn 0.111  (8s)
  JSR  -23.0 dB  BER 0.00e+00  P(det)@0.05 power_one_sided 0.240 power_two_sided 0.176 power_csi 0.949 kurtosis 0.057 spec_cnn 0.146  (9s)
  JSR  -22.0 dB  BER 0.00e+00  P(det)@0.05 power_one_sided 0.311 power_two_sided 0.230 power_csi 0.990 kurtosis 0.051 spec_cnn 0.158  (9s)
  JSR  -21.0 dB  BER 0.00e+00  P(det)@0.05 power_one_sided 0.479 power_two_sided 0.355 power_csi 1.000 kurtosis 0.047 spec_cnn 0.172  (9s)
  JSR  -20.0 dB  BER 0.00e+00  P(det)@0.05 power_one_sided 0.658 power_two_sided 0.553 power_csi 0.996 kurtosis 0.066 spec_cnn 0.197  (9s)
  JSR  -19.0 dB  BER 7.63e-06  P(det)@0.05 power_one_sided 0.709 power_two_sided 0.609 power_csi 1.000 kurtosis 0.066 spec_cnn 0.162  (10s)
  JSR  -18.0 dB  BER 5.34e-05  P(det)@0.05 power_one_sided 0.883 power_two_sided 0.822 power_csi 1.000 kurtosis 0.100 spec_cnn 0.180  (10s)
  JSR  -17.0 dB  BER 1.07e-04  P(det)@0.05 power_one_sided 0.959 power_two_sided 0.932 power_csi 1.000 kurtosis 0.152 spec_cnn 0.184  (10s)
  JSR  -16.0 dB  BER 1.60e-04  P(det)@0.05 power_one_sided 0.992 power_two_sided 0.986 power_csi 1.000 kurtosis 0.211 spec_cnn 0.217  (11s)
  JSR  -15.0 dB  BER 2.59e-04  P(det)@0.05 power_one_sided 1.000 power_two_sided 1.000 power_csi 1.000 kurtosis 0.303 spec_cnn 0.223  (11s)
  JSR  -14.0 dB  BER 3.74e-04  P(det)@0.05 power_one_sided 1.000 power_two_sided 1.000 power_csi 1.000 kurtosis 0.414 spec_cnn 0.195  (11s)
  JSR  -13.0 dB  BER 4.88e-04  P(det)@0.05 power_one_sided 1.000 power_two_sided 1.000 power_csi 1.000 kurtosis 0.541 spec_cnn 0.227  (12s)
  JSR  -12.0 dB  BER 5.34e-04  P(det)@0.05 power_one_sided 1.000 power_two_sided 1.000 power_csi 1.000 kurtosis 0.770 spec_cnn 0.260  (12s)
  JSR  -11.0 dB  BER 7.93e-04  P(det)@0.05 power_one_sided 1.000 power_two_sided 1.000 power_csi 1.000 kurtosis 0.859 spec_cnn 0.264  (12s)
  JSR  -10.0 dB  BER 7.78e-04  P(det)@0.05 power_one_sided 1.000 power_two_sided 1.000 power_csi 1.000 kurtosis 0.951 spec_cnn 0.309  (12s)
  JSR   -9.0 dB  BER 8.77e-04  P(det)@0.05 power_one_sided 1.000 power_two_sided 1.000 power_csi 1.000 kurtosis 0.994 spec_cnn 0.332  (13s)
  JSR   -8.0 dB  BER 1.27e-03  P(det)@0.05 power_one_sided 1.000 power_two_sided 1.000 power_csi 1.000 kurtosis 0.996 spec_cnn 0.352  (13s)
  JSR   -7.0 dB  BER 1.60e-03  P(det)@0.05 power_one_sided 1.000 power_two_sided 1.000 power_csi 1.000 kurtosis 0.994 spec_cnn 0.455  (13s)
  JSR   -6.0 dB  BER 1.75e-03  P(det)@0.05 power_one_sided 1.000 power_two_sided 1.000 power_csi 1.000 kurtosis 1.000 spec_cnn 0.506  (14s)
  JSR   -5.0 dB  BER 1.87e-03  P(det)@0.05 power_one_sided 1.000 power_two_sided 1.000 power_csi 1.000 kurtosis 1.000 spec_cnn 0.547  (14s)
  JSR   -4.0 dB  BER 2.56e-03  P(det)@0.05 power_one_sided 1.000 power_two_sided 1.000 power_csi 1.000 kurtosis 1.000 spec_cnn 0.578  (14s)
  JSR   -3.0 dB  BER 3.02e-03  P(det)@0.05 power_one_sided 1.000 power_two_sided 1.000 power_csi 1.000 kurtosis 1.000 spec_cnn 0.645  (15s)
  JSR   -2.0 dB  BER 3.27e-03  P(det)@0.05 power_one_sided 1.000 power_two_sided 1.000 power_csi 1.000 kurtosis 0.998 spec_cnn 0.670  (15s)
  JSR   -1.0 dB  BER 4.30e-03  P(det)@0.05 power_one_sided 1.000 power_two_sided 1.000 power_csi 1.000 kurtosis 0.992 spec_cnn 0.727  (15s)
  JSR   +0.0 dB  BER 4.55e-03  P(det)@0.05 power_one_sided 1.000 power_two_sided 1.000 power_csi 1.000 kurtosis 0.951 spec_cnn 0.805  (16s)
  JSR   +1.0 dB  BER 4.97e-03  P(det)@0.05 power_one_sided 1.000 power_two_sided 1.000 power_csi 1.000 kurtosis 0.729 spec_cnn 0.871  (16s)
  JSR   +2.0 dB  BER 5.41e-03  P(det)@0.05 power_one_sided 1.000 power_two_sided 1.000 power_csi 1.000 kurtosis 0.492 spec_cnn 0.951  (16s)
  JSR   +3.0 dB  BER 6.10e-03  P(det)@0.05 power_one_sided 1.000 power_two_sided 1.000 power_csi 1.000 kurtosis 0.637 spec_cnn 0.977  (16s)
  JSR   +4.0 dB  BER 6.30e-03  P(det)@0.05 power_one_sided 1.000 power_two_sided 1.000 power_csi 1.000 kurtosis 0.881 spec_cnn 0.994  (17s)
  JSR   +5.0 dB  BER 7.03e-03  P(det)@0.05 power_one_sided 1.000 power_two_sided 1.000 power_csi 1.000 kurtosis 0.932 spec_cnn 1.000  (17s)
  JSR   +6.0 dB  BER 7.30e-03  P(det)@0.05 power_one_sided 1.000 power_two_sided 1.000 power_csi 1.000 kurtosis 0.955 spec_cnn 1.000  (17s)
  JSR   +7.0 dB  BER 8.13e-03  P(det)@0.05 power_one_sided 1.000 power_two_sided 1.000 power_csi 1.000 kurtosis 0.969 spec_cnn 1.000  (18s)
  JSR   +8.0 dB  BER 7.94e-03  P(det)@0.05 power_one_sided 1.000 power_two_sided 1.000 power_csi 1.000 kurtosis 0.971 spec_cnn 1.000  (18s)
  JSR   +9.0 dB  BER 8.39e-03  P(det)@0.05 power_one_sided 1.000 power_two_sided 1.000 power_csi 1.000 kurtosis 0.977 spec_cnn 1.000  (18s)
  JSR  +10.0 dB  BER 8.90e-03  P(det)@0.05 power_one_sided 1.000 power_two_sided 1.000 power_csi 1.000 kurtosis 0.973 spec_cnn 1.000  (19s)
  JSR  +11.0 dB  BER 9.48e-03  P(det)@0.05 power_one_sided 1.000 power_two_sided 1.000 power_csi 1.000 kurtosis 0.973 spec_cnn 1.000  (19s)
  JSR  +12.0 dB  BER 1.06e-02  P(det)@0.05 power_one_sided 1.000 power_two_sided 1.000 power_csi 1.000 kurtosis 0.979 spec_cnn 1.000  (19s)
  JSR  +13.0 dB  BER 1.06e-02  P(det)@0.05 power_one_sided 1.000 power_two_sided 1.000 power_csi 1.000 kurtosis 0.992 spec_cnn 1.000  (20s)
  JSR  +14.0 dB  BER 1.12e-02  P(det)@0.05 power_one_sided 1.000 power_two_sided 1.000 power_csi 1.000 kurtosis 0.982 spec_cnn 1.000  (20s)
  JSR  +15.0 dB  BER 1.16e-02  P(det)@0.05 power_one_sided 1.000 power_two_sided 1.000 power_csi 1.000 kurtosis 0.988 spec_cnn 1.000  (20s)
  [shadow_0.03] kurtosis_b1000 confirmed: {"power_one_sided": {"0.01": {"index": 0, "sweep_ber": 0.0, "sweep_pdet": 0.009765625, "confirmed_ber": 0.0, "confirmed_ser": 0.0, "confirmed_pdet": 0.01171875, "passed": true}, "0.05": {"index": 0, "sweep_ber": 0.0, "sweep_pdet": 0.064453125, "confirmed_ber": 0.0, "confirmed_ser": 0.0, "confirmed_pdet": 0.050048828125, "passed": true}}, "power_csi": {"0.01": {"index": 1, "sweep_ber": 0.0, "sweep_pdet": 0.0078125, "confirmed_ber": 0.0, "confirmed_ser": 0.0, "confirmed_pdet": 0.013427734375, "passed": false}, "0.05": {"index": 0, "sweep_ber": 0.0, "sweep_pdet": 0.0546875, "confirmed_ber": 0.0, "confirmed_ser": 0.0, "confirmed_pdet": 0.050048828125, "passed": true}}, "power_two_sided": {"0.01": {"index": 0, "sweep_ber": 0.0, "sweep_pdet": 0.013671875, "confirmed_ber": 0.0, "confirmed_ser": 0.0, "confirmed_pdet": 0.00830078125, "passed": true}, "0.05": {"index": 0, "sweep_ber": 0.0, "sweep_pdet": 0.060546875, "confirmed_ber": 0.0, "confirmed_ser": 0.0, "confirmed_pdet": 0.05078125, "passed": true}}, "kurtosis": {"0.01": {"index": 31, "sweep_ber": 7.62939453125e-06, "sweep_pdet": 0.013671875, "confirmed_ber": 1.1444091796875e-05, "confirmed_ser": 2.288818359375e-05, "confirmed_pdet": 0.023681640625, "passed": false}, "0.05": {"index": 31, "sweep_ber": 7.62939453125e-06, "sweep_pdet": 0.06640625, "confirmed_ber": 1.71661376953125e-05, "confirmed_ser": 3.4332275390625e-05, "confirmed_pdet": 0.082763671875, "passed": false}}, "spec_cnn": {"0.01": {"index": 31, "sweep_ber": 7.62939453125e-06, "sweep_pdet": 0.015625, "confirmed_ber": 1.33514404296875e-05, "confirmed_ser": 2.6702880859375e-05, "confirmed_pdet": 0.02783203125, "passed": false}, "0.05": {"index": 0, "sweep_ber": 0.0, "sweep_pdet": 0.044921875, "confirmed_ber": 0.0, "confirmed_ser": 0.0, "confirmed_pdet": 0.0546875, "passed": true}}}  (927s)
  [shadow_0.03] generator spec_cnn_b1 (scale 1.0000)
  JSR  -50.0 dB  BER 0.00e+00  P(det)@0.05 power_one_sided 0.061 power_two_sided 0.076 power_csi 0.061 kurtosis 0.047 spec_cnn 0.027  (0s)
  JSR  -49.0 dB  BER 0.00e+00  P(det)@0.05 power_one_sided 0.078 power_two_sided 0.057 power_csi 0.059 kurtosis 0.057 spec_cnn 0.045  (1s)
  JSR  -48.0 dB  BER 0.00e+00  P(det)@0.05 power_one_sided 0.049 power_two_sided 0.049 power_csi 0.062 kurtosis 0.029 spec_cnn 0.037  (1s)
  JSR  -47.0 dB  BER 0.00e+00  P(det)@0.05 power_one_sided 0.043 power_two_sided 0.053 power_csi 0.078 kurtosis 0.064 spec_cnn 0.055  (1s)
  JSR  -46.0 dB  BER 0.00e+00  P(det)@0.05 power_one_sided 0.068 power_two_sided 0.068 power_csi 0.051 kurtosis 0.055 spec_cnn 0.061  (2s)
  JSR  -45.0 dB  BER 0.00e+00  P(det)@0.05 power_one_sided 0.047 power_two_sided 0.051 power_csi 0.086 kurtosis 0.059 spec_cnn 0.070  (2s)
  JSR  -44.0 dB  BER 0.00e+00  P(det)@0.05 power_one_sided 0.059 power_two_sided 0.076 power_csi 0.084 kurtosis 0.043 spec_cnn 0.047  (2s)
  JSR  -43.0 dB  BER 0.00e+00  P(det)@0.05 power_one_sided 0.051 power_two_sided 0.064 power_csi 0.086 kurtosis 0.057 spec_cnn 0.051  (2s)
  JSR  -42.0 dB  BER 0.00e+00  P(det)@0.05 power_one_sided 0.064 power_two_sided 0.066 power_csi 0.109 kurtosis 0.031 spec_cnn 0.053  (3s)
  JSR  -41.0 dB  BER 0.00e+00  P(det)@0.05 power_one_sided 0.049 power_two_sided 0.045 power_csi 0.109 kurtosis 0.055 spec_cnn 0.047  (3s)
  JSR  -40.0 dB  BER 0.00e+00  P(det)@0.05 power_one_sided 0.070 power_two_sided 0.059 power_csi 0.098 kurtosis 0.039 spec_cnn 0.037  (3s)
  JSR  -39.0 dB  BER 0.00e+00  P(det)@0.05 power_one_sided 0.076 power_two_sided 0.070 power_csi 0.158 kurtosis 0.053 spec_cnn 0.043  (4s)
  JSR  -38.0 dB  BER 0.00e+00  P(det)@0.05 power_one_sided 0.031 power_two_sided 0.037 power_csi 0.145 kurtosis 0.053 spec_cnn 0.062  (4s)
  JSR  -37.0 dB  BER 0.00e+00  P(det)@0.05 power_one_sided 0.082 power_two_sided 0.084 power_csi 0.176 kurtosis 0.051 spec_cnn 0.055  (4s)
  JSR  -36.0 dB  BER 0.00e+00  P(det)@0.05 power_one_sided 0.057 power_two_sided 0.047 power_csi 0.205 kurtosis 0.055 spec_cnn 0.043  (5s)
  JSR  -35.0 dB  BER 0.00e+00  P(det)@0.05 power_one_sided 0.064 power_two_sided 0.057 power_csi 0.199 kurtosis 0.055 spec_cnn 0.043  (5s)
  JSR  -34.0 dB  BER 0.00e+00  P(det)@0.05 power_one_sided 0.080 power_two_sided 0.068 power_csi 0.273 kurtosis 0.066 spec_cnn 0.059  (5s)
  JSR  -33.0 dB  BER 0.00e+00  P(det)@0.05 power_one_sided 0.076 power_two_sided 0.066 power_csi 0.334 kurtosis 0.045 spec_cnn 0.037  (5s)
  JSR  -32.0 dB  BER 0.00e+00  P(det)@0.05 power_one_sided 0.088 power_two_sided 0.082 power_csi 0.328 kurtosis 0.064 spec_cnn 0.061  (6s)
  JSR  -31.0 dB  BER 0.00e+00  P(det)@0.05 power_one_sided 0.062 power_two_sided 0.059 power_csi 0.350 kurtosis 0.078 spec_cnn 0.035  (6s)
  JSR  -30.0 dB  BER 0.00e+00  P(det)@0.05 power_one_sided 0.084 power_two_sided 0.084 power_csi 0.379 kurtosis 0.053 spec_cnn 0.061  (6s)
  JSR  -29.0 dB  BER 0.00e+00  P(det)@0.05 power_one_sided 0.123 power_two_sided 0.125 power_csi 0.434 kurtosis 0.037 spec_cnn 0.043  (7s)
  JSR  -28.0 dB  BER 0.00e+00  P(det)@0.05 power_one_sided 0.117 power_two_sided 0.117 power_csi 0.426 kurtosis 0.051 spec_cnn 0.047  (7s)
  JSR  -27.0 dB  BER 0.00e+00  P(det)@0.05 power_one_sided 0.152 power_two_sided 0.131 power_csi 0.492 kurtosis 0.049 spec_cnn 0.080  (7s)
  JSR  -26.0 dB  BER 0.00e+00  P(det)@0.05 power_one_sided 0.189 power_two_sided 0.166 power_csi 0.492 kurtosis 0.043 spec_cnn 0.064  (8s)
  JSR  -25.0 dB  BER 0.00e+00  P(det)@0.05 power_one_sided 0.188 power_two_sided 0.193 power_csi 0.539 kurtosis 0.080 spec_cnn 0.059  (8s)
  JSR  -24.0 dB  BER 0.00e+00  P(det)@0.05 power_one_sided 0.215 power_two_sided 0.215 power_csi 0.551 kurtosis 0.090 spec_cnn 0.049  (8s)
  JSR  -23.0 dB  BER 2.98e-04  P(det)@0.05 power_one_sided 0.279 power_two_sided 0.248 power_csi 0.604 kurtosis 0.107 spec_cnn 0.070  (9s)
  JSR  -22.0 dB  BER 7.63e-04  P(det)@0.05 power_one_sided 0.350 power_two_sided 0.318 power_csi 0.646 kurtosis 0.104 spec_cnn 0.092  (9s)
  JSR  -21.0 dB  BER 1.17e-03  P(det)@0.05 power_one_sided 0.373 power_two_sided 0.352 power_csi 0.643 kurtosis 0.145 spec_cnn 0.123  (9s)
  JSR  -20.0 dB  BER 1.67e-03  P(det)@0.05 power_one_sided 0.469 power_two_sided 0.453 power_csi 0.693 kurtosis 0.238 spec_cnn 0.186  (9s)
  JSR  -19.0 dB  BER 2.10e-03  P(det)@0.05 power_one_sided 0.520 power_two_sided 0.506 power_csi 0.738 kurtosis 0.326 spec_cnn 0.172  (10s)
  JSR  -18.0 dB  BER 2.40e-03  P(det)@0.05 power_one_sided 0.574 power_two_sided 0.580 power_csi 0.754 kurtosis 0.430 spec_cnn 0.229  (10s)
  JSR  -17.0 dB  BER 2.65e-03  P(det)@0.05 power_one_sided 0.660 power_two_sided 0.648 power_csi 0.814 kurtosis 0.529 spec_cnn 0.275  (10s)
  JSR  -16.0 dB  BER 3.17e-03  P(det)@0.05 power_one_sided 0.715 power_two_sided 0.684 power_csi 0.873 kurtosis 0.598 spec_cnn 0.414  (11s)
  JSR  -15.0 dB  BER 3.62e-03  P(det)@0.05 power_one_sided 0.744 power_two_sided 0.725 power_csi 0.934 kurtosis 0.652 spec_cnn 0.527  (11s)
  JSR  -14.0 dB  BER 3.96e-03  P(det)@0.05 power_one_sided 0.830 power_two_sided 0.797 power_csi 0.959 kurtosis 0.736 spec_cnn 0.730  (11s)
  JSR  -13.0 dB  BER 4.14e-03  P(det)@0.05 power_one_sided 0.928 power_two_sided 0.916 power_csi 0.984 kurtosis 0.814 spec_cnn 0.859  (12s)
  JSR  -12.0 dB  BER 4.26e-03  P(det)@0.05 power_one_sided 0.982 power_two_sided 0.973 power_csi 1.000 kurtosis 0.912 spec_cnn 0.979  (12s)
  JSR  -11.0 dB  BER 4.63e-03  P(det)@0.05 power_one_sided 0.996 power_two_sided 0.996 power_csi 1.000 kurtosis 0.957 spec_cnn 0.998  (12s)
  JSR  -10.0 dB  BER 4.66e-03  P(det)@0.05 power_one_sided 1.000 power_two_sided 1.000 power_csi 1.000 kurtosis 0.996 spec_cnn 1.000  (13s)
  JSR   -9.0 dB  BER 5.24e-03  P(det)@0.05 power_one_sided 1.000 power_two_sided 1.000 power_csi 1.000 kurtosis 1.000 spec_cnn 1.000  (13s)
  JSR   -8.0 dB  BER 5.74e-03  P(det)@0.05 power_one_sided 1.000 power_two_sided 1.000 power_csi 1.000 kurtosis 1.000 spec_cnn 1.000  (13s)
  JSR   -7.0 dB  BER 6.61e-03  P(det)@0.05 power_one_sided 1.000 power_two_sided 1.000 power_csi 1.000 kurtosis 1.000 spec_cnn 1.000  (13s)
  JSR   -6.0 dB  BER 7.28e-03  P(det)@0.05 power_one_sided 1.000 power_two_sided 1.000 power_csi 1.000 kurtosis 1.000 spec_cnn 1.000  (14s)
  JSR   -5.0 dB  BER 8.16e-03  P(det)@0.05 power_one_sided 1.000 power_two_sided 1.000 power_csi 1.000 kurtosis 1.000 spec_cnn 1.000  (14s)
  JSR   -4.0 dB  BER 8.63e-03  P(det)@0.05 power_one_sided 1.000 power_two_sided 1.000 power_csi 1.000 kurtosis 1.000 spec_cnn 1.000  (14s)
  JSR   -3.0 dB  BER 8.93e-03  P(det)@0.05 power_one_sided 1.000 power_two_sided 1.000 power_csi 1.000 kurtosis 1.000 spec_cnn 1.000  (15s)
  JSR   -2.0 dB  BER 9.80e-03  P(det)@0.05 power_one_sided 1.000 power_two_sided 1.000 power_csi 1.000 kurtosis 1.000 spec_cnn 1.000  (15s)
  JSR   -1.0 dB  BER 9.95e-03  P(det)@0.05 power_one_sided 1.000 power_two_sided 1.000 power_csi 1.000 kurtosis 1.000 spec_cnn 1.000  (15s)
  JSR   +0.0 dB  BER 1.11e-02  P(det)@0.05 power_one_sided 1.000 power_two_sided 1.000 power_csi 1.000 kurtosis 1.000 spec_cnn 1.000  (16s)
  JSR   +1.0 dB  BER 1.16e-02  P(det)@0.05 power_one_sided 1.000 power_two_sided 1.000 power_csi 1.000 kurtosis 1.000 spec_cnn 1.000  (16s)
  JSR   +2.0 dB  BER 1.30e-02  P(det)@0.05 power_one_sided 1.000 power_two_sided 1.000 power_csi 1.000 kurtosis 1.000 spec_cnn 1.000  (16s)
  JSR   +3.0 dB  BER 1.34e-02  P(det)@0.05 power_one_sided 1.000 power_two_sided 1.000 power_csi 1.000 kurtosis 1.000 spec_cnn 1.000  (16s)
  JSR   +4.0 dB  BER 1.45e-02  P(det)@0.05 power_one_sided 1.000 power_two_sided 1.000 power_csi 1.000 kurtosis 1.000 spec_cnn 1.000  (17s)
  JSR   +5.0 dB  BER 1.46e-02  P(det)@0.05 power_one_sided 1.000 power_two_sided 1.000 power_csi 1.000 kurtosis 1.000 spec_cnn 1.000  (17s)
  JSR   +6.0 dB  BER 1.57e-02  P(det)@0.05 power_one_sided 1.000 power_two_sided 1.000 power_csi 1.000 kurtosis 1.000 spec_cnn 1.000  (17s)
  JSR   +7.0 dB  BER 1.56e-02  P(det)@0.05 power_one_sided 1.000 power_two_sided 1.000 power_csi 1.000 kurtosis 1.000 spec_cnn 1.000  (18s)
  JSR   +8.0 dB  BER 1.73e-02  P(det)@0.05 power_one_sided 1.000 power_two_sided 1.000 power_csi 1.000 kurtosis 1.000 spec_cnn 1.000  (18s)
  JSR   +9.0 dB  BER 1.72e-02  P(det)@0.05 power_one_sided 1.000 power_two_sided 1.000 power_csi 1.000 kurtosis 1.000 spec_cnn 1.000  (18s)
  JSR  +10.0 dB  BER 1.80e-02  P(det)@0.05 power_one_sided 1.000 power_two_sided 1.000 power_csi 1.000 kurtosis 1.000 spec_cnn 1.000  (19s)
  JSR  +11.0 dB  BER 1.92e-02  P(det)@0.05 power_one_sided 1.000 power_two_sided 1.000 power_csi 1.000 kurtosis 1.000 spec_cnn 1.000  (19s)
  JSR  +12.0 dB  BER 2.07e-02  P(det)@0.05 power_one_sided 1.000 power_two_sided 1.000 power_csi 1.000 kurtosis 1.000 spec_cnn 1.000  (19s)
  JSR  +13.0 dB  BER 2.24e-02  P(det)@0.05 power_one_sided 1.000 power_two_sided 1.000 power_csi 1.000 kurtosis 1.000 spec_cnn 1.000  (20s)
  JSR  +14.0 dB  BER 2.44e-02  P(det)@0.05 power_one_sided 1.000 power_two_sided 1.000 power_csi 1.000 kurtosis 1.000 spec_cnn 1.000  (20s)
  JSR  +15.0 dB  BER 2.87e-02  P(det)@0.05 power_one_sided 1.000 power_two_sided 1.000 power_csi 1.000 kurtosis 1.000 spec_cnn 1.000  (20s)
  [shadow_0.03] spec_cnn_b1 confirmed: {"power_one_sided": {"0.01": {"index": 1, "sweep_ber": 0.0, "sweep_pdet": 0.017578125, "confirmed_ber": 0.0, "confirmed_ser": 0.0, "confirmed_pdet": 0.014404296875, "passed": false}, "0.05": {"index": 0, "sweep_ber": 0.0, "sweep_pdet": 0.060546875, "confirmed_ber": 0.0, "confirmed_ser": 0.0, "confirmed_pdet": 0.05029296875, "passed": true}}, "power_csi": {"0.01": {"index": 0, "sweep_ber": 0.0, "sweep_pdet": 0.017578125, "confirmed_ber": 0.0, "confirmed_ser": 0.0, "confirmed_pdet": 0.01220703125, "passed": true}, "0.05": {"index": 0, "sweep_ber": 0.0, "sweep_pdet": 0.060546875, "confirmed_ber": 0.0, "confirmed_ser": 0.0, "confirmed_pdet": 0.0546875, "passed": true}}, "power_two_sided": {"0.01": {"index": 0, "sweep_ber": 0.0, "sweep_pdet": 0.01171875, "confirmed_ber": 0.0, "confirmed_ser": 0.0, "confirmed_pdet": 0.01220703125, "passed": true}, "0.05": {"index": 1, "sweep_ber": 0.0, "sweep_pdet": 0.056640625, "confirmed_ber": 0.0, "confirmed_ser": 0.0, "confirmed_pdet": 0.051513671875, "passed": true}}, "kurtosis": {"0.01": {"index": 0, "sweep_ber": 0.0, "sweep_pdet": 0.013671875, "confirmed_ber": 0.0, "confirmed_ser": 0.0, "confirmed_pdet": 0.010498046875, "passed": true}, "0.05": {"index": 0, "sweep_ber": 0.0, "sweep_pdet": 0.046875, "confirmed_ber": 0.0, "confirmed_ser": 0.0, "confirmed_pdet": 0.050537109375, "passed": true}}, "spec_cnn": {"0.01": {"index": 27, "sweep_ber": 0.00029754638671875, "sweep_pdet": 0.015625, "confirmed_ber": 0.00030612945556640625, "confirmed_ser": 0.0006122589111328125, "confirmed_pdet": 0.023193359375, "passed": false}, "0.05": {"index": 0, "sweep_ber": 0.0, "sweep_pdet": 0.02734375, "confirmed_ber": 0.0, "confirmed_ser": 0.0, "confirmed_pdet": 0.047607421875, "passed": true}}}  (971s)
  [shadow_0.03] generator spec_cnn_b10 (scale 1.0000)
    JSR  -50.0 dB  BER 0.00e+00  P(det)@0.05 power_one_sided 0.059 power_two_sided 0.061 power_csi 0.059 kurtosis 0.055 spec_cnn 0.041  (0s)
    JSR  -49.0 dB  BER 0.00e+00  P(det)@0.05 power_one_sided 0.049 power_two_sided 0.043 power_csi 0.055 kurtosis 0.045 spec_cnn 0.053  (1s)
    JSR  -48.0 dB  BER 0.00e+00  P(det)@0.05 power_one_sided 0.064 power_two_sided 0.047 power_csi 0.055 kurtosis 0.047 spec_cnn 0.055  (1s)
    JSR  -47.0 dB  BER 0.00e+00  P(det)@0.05 power_one_sided 0.051 power_two_sided 0.061 power_csi 0.062 kurtosis 0.020 spec_cnn 0.047  (1s)
    JSR  -46.0 dB  BER 0.00e+00  P(det)@0.05 power_one_sided 0.057 power_two_sided 0.047 power_csi 0.078 kurtosis 0.047 spec_cnn 0.045  (2s)
    JSR  -45.0 dB  BER 0.00e+00  P(det)@0.05 power_one_sided 0.041 power_two_sided 0.039 power_csi 0.080 kurtosis 0.039 spec_cnn 0.047  (2s)
    JSR  -44.0 dB  BER 0.00e+00  P(det)@0.05 power_one_sided 0.061 power_two_sided 0.066 power_csi 0.080 kurtosis 0.061 spec_cnn 0.053  (2s)
    JSR  -43.0 dB  BER 0.00e+00  P(det)@0.05 power_one_sided 0.061 power_two_sided 0.055 power_csi 0.109 kurtosis 0.041 spec_cnn 0.043  (2s)
    JSR  -42.0 dB  BER 0.00e+00  P(det)@0.05 power_one_sided 0.049 power_two_sided 0.049 power_csi 0.090 kurtosis 0.070 spec_cnn 0.037  (3s)
    JSR  -41.0 dB  BER 0.00e+00  P(det)@0.05 power_one_sided 0.070 power_two_sided 0.066 power_csi 0.113 kurtosis 0.039 spec_cnn 0.039  (3s)
    JSR  -40.0 dB  BER 0.00e+00  P(det)@0.05 power_one_sided 0.051 power_two_sided 0.043 power_csi 0.117 kurtosis 0.039 spec_cnn 0.053  (3s)
    JSR  -39.0 dB  BER 0.00e+00  P(det)@0.05 power_one_sided 0.043 power_two_sided 0.041 power_csi 0.100 kurtosis 0.053 spec_cnn 0.047  (4s)
    JSR  -38.0 dB  BER 0.00e+00  P(det)@0.05 power_one_sided 0.070 power_two_sided 0.078 power_csi 0.172 kurtosis 0.047 spec_cnn 0.059  (4s)
    JSR  -37.0 dB  BER 0.00e+00  P(det)@0.05 power_one_sided 0.051 power_two_sided 0.049 power_csi 0.178 kurtosis 0.045 spec_cnn 0.051  (4s)
    JSR  -36.0 dB  BER 0.00e+00  P(det)@0.05 power_one_sided 0.068 power_two_sided 0.082 power_csi 0.199 kurtosis 0.047 spec_cnn 0.059  (5s)
    JSR  -35.0 dB  BER 0.00e+00  P(det)@0.05 power_one_sided 0.055 power_two_sided 0.064 power_csi 0.250 kurtosis 0.049 spec_cnn 0.047  (5s)
    JSR  -34.0 dB  BER 0.00e+00  P(det)@0.05 power_one_sided 0.059 power_two_sided 0.074 power_csi 0.252 kurtosis 0.059 spec_cnn 0.049  (5s)
    JSR  -33.0 dB  BER 0.00e+00  P(det)@0.05 power_one_sided 0.066 power_two_sided 0.066 power_csi 0.281 kurtosis 0.047 spec_cnn 0.076  (5s)
    JSR  -32.0 dB  BER 0.00e+00  P(det)@0.05 power_one_sided 0.072 power_two_sided 0.055 power_csi 0.336 kurtosis 0.049 spec_cnn 0.047  (6s)
    JSR  -31.0 dB  BER 0.00e+00  P(det)@0.05 power_one_sided 0.109 power_two_sided 0.104 power_csi 0.387 kurtosis 0.047 spec_cnn 0.070  (6s)
    JSR  -30.0 dB  BER 0.00e+00  P(det)@0.05 power_one_sided 0.082 power_two_sided 0.072 power_csi 0.404 kurtosis 0.035 spec_cnn 0.037  (6s)
    JSR  -29.0 dB  BER 0.00e+00  P(det)@0.05 power_one_sided 0.090 power_two_sided 0.078 power_csi 0.410 kurtosis 0.070 spec_cnn 0.057  (7s)
    JSR  -28.0 dB  BER 0.00e+00  P(det)@0.05 power_one_sided 0.127 power_two_sided 0.086 power_csi 0.439 kurtosis 0.045 spec_cnn 0.045  (7s)
    JSR  -27.0 dB  BER 0.00e+00  P(det)@0.05 power_one_sided 0.154 power_two_sided 0.145 power_csi 0.486 kurtosis 0.055 spec_cnn 0.082  (7s)
    JSR  -26.0 dB  BER 0.00e+00  P(det)@0.05 power_one_sided 0.145 power_two_sided 0.137 power_csi 0.516 kurtosis 0.057 spec_cnn 0.055  (8s)
    JSR  -25.0 dB  BER 0.00e+00  P(det)@0.05 power_one_sided 0.184 power_two_sided 0.168 power_csi 0.541 kurtosis 0.078 spec_cnn 0.066  (8s)
    JSR  -24.0 dB  BER 0.00e+00  P(det)@0.05 power_one_sided 0.273 power_two_sided 0.225 power_csi 0.588 kurtosis 0.062 spec_cnn 0.090  (8s)
    JSR  -23.0 dB  BER 2.98e-04  P(det)@0.05 power_one_sided 0.283 power_two_sided 0.262 power_csi 0.609 kurtosis 0.072 spec_cnn 0.078  (9s)
    JSR  -22.0 dB  BER 8.70e-04  P(det)@0.05 power_one_sided 0.344 power_two_sided 0.346 power_csi 0.627 kurtosis 0.115 spec_cnn 0.084  (9s)
    JSR  -21.0 dB  BER 1.31e-03  P(det)@0.05 power_one_sided 0.428 power_two_sided 0.391 power_csi 0.668 kurtosis 0.168 spec_cnn 0.115  (9s)
    JSR  -20.0 dB  BER 1.83e-03  P(det)@0.05 power_one_sided 0.451 power_two_sided 0.439 power_csi 0.662 kurtosis 0.242 spec_cnn 0.123  (9s)
    JSR  -19.0 dB  BER 2.01e-03  P(det)@0.05 power_one_sided 0.529 power_two_sided 0.508 power_csi 0.738 kurtosis 0.379 spec_cnn 0.172  (10s)
    JSR  -18.0 dB  BER 2.46e-03  P(det)@0.05 power_one_sided 0.588 power_two_sided 0.562 power_csi 0.791 kurtosis 0.461 spec_cnn 0.230  (10s)
    JSR  -17.0 dB  BER 3.11e-03  P(det)@0.05 power_one_sided 0.592 power_two_sided 0.576 power_csi 0.773 kurtosis 0.488 spec_cnn 0.295  (10s)
    JSR  -16.0 dB  BER 3.32e-03  P(det)@0.05 power_one_sided 0.709 power_two_sided 0.688 power_csi 0.867 kurtosis 0.574 spec_cnn 0.385  (11s)
    JSR  -15.0 dB  BER 3.44e-03  P(det)@0.05 power_one_sided 0.797 power_two_sided 0.775 power_csi 0.934 kurtosis 0.693 spec_cnn 0.535  (11s)
    JSR  -14.0 dB  BER 3.88e-03  P(det)@0.05 power_one_sided 0.840 power_two_sided 0.812 power_csi 0.969 kurtosis 0.723 spec_cnn 0.703  (11s)
    JSR  -13.0 dB  BER 4.30e-03  P(det)@0.05 power_one_sided 0.932 power_two_sided 0.918 power_csi 0.986 kurtosis 0.836 spec_cnn 0.844  (12s)
    JSR  -12.0 dB  BER 4.46e-03  P(det)@0.05 power_one_sided 0.979 power_two_sided 0.967 power_csi 0.998 kurtosis 0.895 spec_cnn 0.949  (12s)
    JSR  -11.0 dB  BER 4.84e-03  P(det)@0.05 power_one_sided 0.992 power_two_sided 0.992 power_csi 1.000 kurtosis 0.975 spec_cnn 0.988  (12s)
    JSR  -10.0 dB  BER 4.88e-03  P(det)@0.05 power_one_sided 1.000 power_two_sided 1.000 power_csi 1.000 kurtosis 0.998 spec_cnn 1.000  (13s)
    JSR   -9.0 dB  BER 5.16e-03  P(det)@0.05 power_one_sided 1.000 power_two_sided 1.000 power_csi 1.000 kurtosis 1.000 spec_cnn 1.000  (13s)
    JSR   -8.0 dB  BER 5.46e-03  P(det)@0.05 power_one_sided 1.000 power_two_sided 1.000 power_csi 1.000 kurtosis 1.000 spec_cnn 1.000  (13s)
    JSR   -7.0 dB  BER 6.36e-03  P(det)@0.05 power_one_sided 1.000 power_two_sided 1.000 power_csi 1.000 kurtosis 1.000 spec_cnn 1.000  (13s)
    JSR   -6.0 dB  BER 6.77e-03  P(det)@0.05 power_one_sided 1.000 power_two_sided 1.000 power_csi 1.000 kurtosis 1.000 spec_cnn 1.000  (14s)
    JSR   -5.0 dB  BER 7.51e-03  P(det)@0.05 power_one_sided 1.000 power_two_sided 1.000 power_csi 1.000 kurtosis 1.000 spec_cnn 1.000  (14s)
    JSR   -4.0 dB  BER 8.09e-03  P(det)@0.05 power_one_sided 1.000 power_two_sided 1.000 power_csi 1.000 kurtosis 1.000 spec_cnn 1.000  (14s)
    JSR   -3.0 dB  BER 9.19e-03  P(det)@0.05 power_one_sided 1.000 power_two_sided 1.000 power_csi 1.000 kurtosis 1.000 spec_cnn 1.000  (15s)
    JSR   -2.0 dB  BER 9.11e-03  P(det)@0.05 power_one_sided 1.000 power_two_sided 1.000 power_csi 1.000 kurtosis 1.000 spec_cnn 1.000  (15s)
    JSR   -1.0 dB  BER 9.86e-03  P(det)@0.05 power_one_sided 1.000 power_two_sided 1.000 power_csi 1.000 kurtosis 1.000 spec_cnn 1.000  (15s)
    JSR   +0.0 dB  BER 1.02e-02  P(det)@0.05 power_one_sided 1.000 power_two_sided 1.000 power_csi 1.000 kurtosis 1.000 spec_cnn 1.000  (16s)
    JSR   +1.0 dB  BER 1.11e-02  P(det)@0.05 power_one_sided 1.000 power_two_sided 1.000 power_csi 1.000 kurtosis 1.000 spec_cnn 1.000  (16s)
    JSR   +2.0 dB  BER 1.21e-02  P(det)@0.05 power_one_sided 1.000 power_two_sided 1.000 power_csi 1.000 kurtosis 1.000 spec_cnn 1.000  (16s)
    JSR   +3.0 dB  BER 1.31e-02  P(det)@0.05 power_one_sided 1.000 power_two_sided 1.000 power_csi 1.000 kurtosis 1.000 spec_cnn 1.000  (17s)
    JSR   +4.0 dB  BER 1.34e-02  P(det)@0.05 power_one_sided 1.000 power_two_sided 1.000 power_csi 1.000 kurtosis 1.000 spec_cnn 1.000  (17s)
    JSR   +5.0 dB  BER 1.51e-02  P(det)@0.05 power_one_sided 1.000 power_two_sided 1.000 power_csi 1.000 kurtosis 1.000 spec_cnn 1.000  (17s)
    JSR   +6.0 dB  BER 1.52e-02  P(det)@0.05 power_one_sided 1.000 power_two_sided 1.000 power_csi 1.000 kurtosis 1.000 spec_cnn 1.000  (17s)
    JSR   +7.0 dB  BER 1.64e-02  P(det)@0.05 power_one_sided 1.000 power_two_sided 1.000 power_csi 1.000 kurtosis 1.000 spec_cnn 1.000  (18s)
    JSR   +8.0 dB  BER 1.62e-02  P(det)@0.05 power_one_sided 1.000 power_two_sided 1.000 power_csi 1.000 kurtosis 1.000 spec_cnn 1.000  (18s)
    JSR   +9.0 dB  BER 1.70e-02  P(det)@0.05 power_one_sided 1.000 power_two_sided 1.000 power_csi 1.000 kurtosis 1.000 spec_cnn 1.000  (18s)
    JSR  +10.0 dB  BER 1.83e-02  P(det)@0.05 power_one_sided 1.000 power_two_sided 1.000 power_csi 1.000 kurtosis 1.000 spec_cnn 1.000  (19s)
    JSR  +11.0 dB  BER 1.90e-02  P(det)@0.05 power_one_sided 1.000 power_two_sided 1.000 power_csi 1.000 kurtosis 1.000 spec_cnn 1.000  (19s)
    JSR  +12.0 dB  BER 1.95e-02  P(det)@0.05 power_one_sided 1.000 power_two_sided 1.000 power_csi 1.000 kurtosis 1.000 spec_cnn 1.000  (19s)
    JSR  +13.0 dB  BER 2.12e-02  P(det)@0.05 power_one_sided 1.000 power_two_sided 1.000 power_csi 1.000 kurtosis 1.000 spec_cnn 1.000  (20s)
    JSR  +14.0 dB  BER 2.24e-02  P(det)@0.05 power_one_sided 1.000 power_two_sided 1.000 power_csi 1.000 kurtosis 1.000 spec_cnn 1.000  (20s)
    JSR  +15.0 dB  BER 2.44e-02  P(det)@0.05 power_one_sided 1.000 power_two_sided 1.000 power_csi 1.000 kurtosis 1.000 spec_cnn 1.000  (20s)
  [shadow_0.03] spec_cnn_b10 confirmed: {"power_one_sided": {"0.01": {"index": 0, "sweep_ber": 0.0, "sweep_pdet": 0.017578125, "confirmed_ber": 0.0, "confirmed_ser": 0.0, "confirmed_pdet": 0.01220703125, "passed": true}, "0.05": {"index": 0, "sweep_ber": 0.0, "sweep_pdet": 0.05859375, "confirmed_ber": 0.0, "confirmed_ser": 0.0, "confirmed_pdet": 0.060546875, "passed": false}}, "power_csi": {"0.01": {"index": 0, "sweep_ber": 0.0, "sweep_pdet": 0.01171875, "confirmed_ber": 0.0, "confirmed_ser": 0.0, "confirmed_pdet": 0.014404296875, "passed": false}, "0.05": {"index": 0, "sweep_ber": 0.0, "sweep_pdet": 0.05859375, "confirmed_ber": 0.0, "confirmed_ser": 0.0, "confirmed_pdet": 0.058349609375, "passed": false}}, "power_two_sided": {"0.01": {"index": 0, "sweep_ber": 0.0, "sweep_pdet": 0.0078125, "confirmed_ber": 0.0, "confirmed_ser": 0.0, "confirmed_pdet": 0.010498046875, "passed": true}, "0.05": {"index": 0, "sweep_ber": 0.0, "sweep_pdet": 0.060546875, "confirmed_ber": 0.0, "confirmed_ser": 0.0, "confirmed_pdet": 0.05419921875, "passed": true}}, "kurtosis": {"0.01": {"index": 0, "sweep_ber": 0.0, "sweep_pdet": 0.017578125, "confirmed_ber": 0.0, "confirmed_ser": 0.0, "confirmed_pdet": 0.00927734375, "passed": true}, "0.05": {"index": 0, "sweep_ber": 0.0, "sweep_pdet": 0.0546875, "confirmed_ber": 0.0, "confirmed_ser": 0.0, "confirmed_pdet": 0.0478515625, "passed": true}}, "spec_cnn": {"0.01": {"index": 28, "sweep_ber": 0.0008697509765625, "sweep_pdet": 0.013671875, "confirmed_ber": 0.0008935928344726562, "confirmed_ser": 0.0017871856689453125, "confirmed_pdet": 0.024658203125, "passed": false}, "0.05": {"index": 0, "sweep_ber": 0.0, "sweep_pdet": 0.041015625, "confirmed_ber": 0.0, "confirmed_ser": 0.0, "confirmed_pdet": 0.054443359375, "passed": true}}}  (1016s)
  [shadow_0.03] generator spec_cnn_b100 (scale 1.0000)
  JSR  -50.0 dB  BER 0.00e+00  P(det)@0.05 power_one_sided 0.043 power_two_sided 0.051 power_csi 0.051 kurtosis 0.061 spec_cnn 0.059  (0s)
  JSR  -49.0 dB  BER 0.00e+00  P(det)@0.05 power_one_sided 0.057 power_two_sided 0.064 power_csi 0.047 kurtosis 0.041 spec_cnn 0.051  (1s)
  JSR  -48.0 dB  BER 0.00e+00  P(det)@0.05 power_one_sided 0.053 power_two_sided 0.051 power_csi 0.066 kurtosis 0.062 spec_cnn 0.039  (1s)
  JSR  -47.0 dB  BER 0.00e+00  P(det)@0.05 power_one_sided 0.035 power_two_sided 0.053 power_csi 0.049 kurtosis 0.059 spec_cnn 0.047  (1s)
  JSR  -46.0 dB  BER 0.00e+00  P(det)@0.05 power_one_sided 0.053 power_two_sided 0.047 power_csi 0.074 kurtosis 0.061 spec_cnn 0.037  (2s)
  JSR  -45.0 dB  BER 0.00e+00  P(det)@0.05 power_one_sided 0.041 power_two_sided 0.051 power_csi 0.078 kurtosis 0.049 spec_cnn 0.039  (2s)
  JSR  -44.0 dB  BER 0.00e+00  P(det)@0.05 power_one_sided 0.062 power_two_sided 0.074 power_csi 0.064 kurtosis 0.041 spec_cnn 0.043  (2s)
  JSR  -43.0 dB  BER 0.00e+00  P(det)@0.05 power_one_sided 0.033 power_two_sided 0.049 power_csi 0.068 kurtosis 0.047 spec_cnn 0.053  (2s)
  JSR  -42.0 dB  BER 0.00e+00  P(det)@0.05 power_one_sided 0.045 power_two_sided 0.061 power_csi 0.068 kurtosis 0.062 spec_cnn 0.047  (3s)
  JSR  -41.0 dB  BER 0.00e+00  P(det)@0.05 power_one_sided 0.043 power_two_sided 0.049 power_csi 0.104 kurtosis 0.043 spec_cnn 0.047  (3s)
  JSR  -40.0 dB  BER 0.00e+00  P(det)@0.05 power_one_sided 0.057 power_two_sided 0.053 power_csi 0.100 kurtosis 0.031 spec_cnn 0.057  (3s)
  JSR  -39.0 dB  BER 0.00e+00  P(det)@0.05 power_one_sided 0.078 power_two_sided 0.074 power_csi 0.098 kurtosis 0.053 spec_cnn 0.045  (4s)
  JSR  -38.0 dB  BER 0.00e+00  P(det)@0.05 power_one_sided 0.076 power_two_sided 0.072 power_csi 0.145 kurtosis 0.049 spec_cnn 0.049  (4s)
  JSR  -37.0 dB  BER 0.00e+00  P(det)@0.05 power_one_sided 0.059 power_two_sided 0.066 power_csi 0.174 kurtosis 0.059 spec_cnn 0.047  (4s)
  JSR  -36.0 dB  BER 0.00e+00  P(det)@0.05 power_one_sided 0.072 power_two_sided 0.061 power_csi 0.184 kurtosis 0.059 spec_cnn 0.051  (5s)
  JSR  -35.0 dB  BER 0.00e+00  P(det)@0.05 power_one_sided 0.047 power_two_sided 0.049 power_csi 0.176 kurtosis 0.035 spec_cnn 0.043  (5s)
  JSR  -34.0 dB  BER 0.00e+00  P(det)@0.05 power_one_sided 0.061 power_two_sided 0.059 power_csi 0.252 kurtosis 0.064 spec_cnn 0.059  (5s)
  JSR  -33.0 dB  BER 0.00e+00  P(det)@0.05 power_one_sided 0.088 power_two_sided 0.096 power_csi 0.254 kurtosis 0.047 spec_cnn 0.053  (5s)
  JSR  -32.0 dB  BER 0.00e+00  P(det)@0.05 power_one_sided 0.090 power_two_sided 0.082 power_csi 0.318 kurtosis 0.039 spec_cnn 0.064  (6s)
  JSR  -31.0 dB  BER 0.00e+00  P(det)@0.05 power_one_sided 0.084 power_two_sided 0.098 power_csi 0.320 kurtosis 0.039 spec_cnn 0.055  (6s)
  JSR  -30.0 dB  BER 0.00e+00  P(det)@0.05 power_one_sided 0.084 power_two_sided 0.084 power_csi 0.396 kurtosis 0.037 spec_cnn 0.062  (6s)
  JSR  -29.0 dB  BER 0.00e+00  P(det)@0.05 power_one_sided 0.104 power_two_sided 0.115 power_csi 0.385 kurtosis 0.061 spec_cnn 0.078  (7s)
  JSR  -28.0 dB  BER 0.00e+00  P(det)@0.05 power_one_sided 0.125 power_two_sided 0.094 power_csi 0.461 kurtosis 0.043 spec_cnn 0.086  (7s)
  JSR  -27.0 dB  BER 0.00e+00  P(det)@0.05 power_one_sided 0.146 power_two_sided 0.113 power_csi 0.510 kurtosis 0.041 spec_cnn 0.074  (7s)
  JSR  -26.0 dB  BER 0.00e+00  P(det)@0.05 power_one_sided 0.156 power_two_sided 0.119 power_csi 0.516 kurtosis 0.068 spec_cnn 0.104  (8s)
  JSR  -25.0 dB  BER 0.00e+00  P(det)@0.05 power_one_sided 0.166 power_two_sided 0.139 power_csi 0.516 kurtosis 0.068 spec_cnn 0.121  (8s)
  JSR  -24.0 dB  BER 0.00e+00  P(det)@0.05 power_one_sided 0.242 power_two_sided 0.207 power_csi 0.588 kurtosis 0.059 spec_cnn 0.156  (8s)
  JSR  -23.0 dB  BER 0.00e+00  P(det)@0.05 power_one_sided 0.248 power_two_sided 0.227 power_csi 0.586 kurtosis 0.074 spec_cnn 0.238  (9s)
  JSR  -22.0 dB  BER 2.14e-04  P(det)@0.05 power_one_sided 0.348 power_two_sided 0.295 power_csi 0.705 kurtosis 0.100 spec_cnn 0.420  (9s)
  JSR  -21.0 dB  BER 7.32e-04  P(det)@0.05 power_one_sided 0.375 power_two_sided 0.355 power_csi 0.674 kurtosis 0.127 spec_cnn 0.520  (9s)
  JSR  -20.0 dB  BER 9.61e-04  P(det)@0.05 power_one_sided 0.523 power_two_sided 0.488 power_csi 0.771 kurtosis 0.193 spec_cnn 0.805  (9s)
  JSR  -19.0 dB  BER 1.59e-03  P(det)@0.05 power_one_sided 0.557 power_two_sided 0.529 power_csi 0.773 kurtosis 0.236 spec_cnn 0.930  (10s)
  JSR  -18.0 dB  BER 1.92e-03  P(det)@0.05 power_one_sided 0.623 power_two_sided 0.580 power_csi 0.838 kurtosis 0.383 spec_cnn 0.992  (10s)
  JSR  -17.0 dB  BER 2.46e-03  P(det)@0.05 power_one_sided 0.711 power_two_sided 0.672 power_csi 0.887 kurtosis 0.490 spec_cnn 1.000  (10s)
  JSR  -16.0 dB  BER 2.79e-03  P(det)@0.05 power_one_sided 0.789 power_two_sided 0.750 power_csi 0.945 kurtosis 0.582 spec_cnn 1.000  (11s)
  JSR  -15.0 dB  BER 3.12e-03  P(det)@0.05 power_one_sided 0.826 power_two_sided 0.793 power_csi 0.959 kurtosis 0.652 spec_cnn 1.000  (11s)
  JSR  -14.0 dB  BER 3.33e-03  P(det)@0.05 power_one_sided 0.934 power_two_sided 0.906 power_csi 0.990 kurtosis 0.744 spec_cnn 1.000  (11s)
  JSR  -13.0 dB  BER 3.87e-03  P(det)@0.05 power_one_sided 0.959 power_two_sided 0.957 power_csi 0.998 kurtosis 0.805 spec_cnn 1.000  (12s)
  JSR  -12.0 dB  BER 4.07e-03  P(det)@0.05 power_one_sided 0.992 power_two_sided 0.992 power_csi 1.000 kurtosis 0.891 spec_cnn 1.000  (12s)
  JSR  -11.0 dB  BER 4.22e-03  P(det)@0.05 power_one_sided 0.998 power_two_sided 0.998 power_csi 1.000 kurtosis 0.963 spec_cnn 1.000  (12s)
  JSR  -10.0 dB  BER 4.64e-03  P(det)@0.05 power_one_sided 1.000 power_two_sided 1.000 power_csi 1.000 kurtosis 0.988 spec_cnn 1.000  (13s)
  JSR   -9.0 dB  BER 5.33e-03  P(det)@0.05 power_one_sided 1.000 power_two_sided 1.000 power_csi 1.000 kurtosis 0.992 spec_cnn 1.000  (13s)
  JSR   -8.0 dB  BER 5.61e-03  P(det)@0.05 power_one_sided 1.000 power_two_sided 1.000 power_csi 1.000 kurtosis 1.000 spec_cnn 1.000  (13s)
  JSR   -7.0 dB  BER 6.45e-03  P(det)@0.05 power_one_sided 1.000 power_two_sided 1.000 power_csi 1.000 kurtosis 1.000 spec_cnn 1.000  (13s)
  JSR   -6.0 dB  BER 7.11e-03  P(det)@0.05 power_one_sided 1.000 power_two_sided 1.000 power_csi 1.000 kurtosis 1.000 spec_cnn 1.000  (14s)
  JSR   -5.0 dB  BER 8.00e-03  P(det)@0.05 power_one_sided 1.000 power_two_sided 1.000 power_csi 1.000 kurtosis 1.000 spec_cnn 1.000  (14s)
  JSR   -4.0 dB  BER 8.89e-03  P(det)@0.05 power_one_sided 1.000 power_two_sided 1.000 power_csi 1.000 kurtosis 1.000 spec_cnn 1.000  (14s)
  JSR   -3.0 dB  BER 9.15e-03  P(det)@0.05 power_one_sided 1.000 power_two_sided 1.000 power_csi 1.000 kurtosis 1.000 spec_cnn 1.000  (15s)
  JSR   -2.0 dB  BER 9.79e-03  P(det)@0.05 power_one_sided 1.000 power_two_sided 1.000 power_csi 1.000 kurtosis 1.000 spec_cnn 1.000  (15s)
  JSR   -1.0 dB  BER 1.08e-02  P(det)@0.05 power_one_sided 1.000 power_two_sided 1.000 power_csi 1.000 kurtosis 1.000 spec_cnn 1.000  (15s)
  JSR   +0.0 dB  BER 1.15e-02  P(det)@0.05 power_one_sided 1.000 power_two_sided 1.000 power_csi 1.000 kurtosis 1.000 spec_cnn 1.000  (16s)
  JSR   +1.0 dB  BER 1.23e-02  P(det)@0.05 power_one_sided 1.000 power_two_sided 1.000 power_csi 1.000 kurtosis 1.000 spec_cnn 1.000  (16s)
  JSR   +2.0 dB  BER 1.35e-02  P(det)@0.05 power_one_sided 1.000 power_two_sided 1.000 power_csi 1.000 kurtosis 1.000 spec_cnn 1.000  (16s)
  JSR   +3.0 dB  BER 1.45e-02  P(det)@0.05 power_one_sided 1.000 power_two_sided 1.000 power_csi 1.000 kurtosis 1.000 spec_cnn 1.000  (16s)
  JSR   +4.0 dB  BER 1.51e-02  P(det)@0.05 power_one_sided 1.000 power_two_sided 1.000 power_csi 1.000 kurtosis 1.000 spec_cnn 1.000  (17s)
  JSR   +5.0 dB  BER 1.58e-02  P(det)@0.05 power_one_sided 1.000 power_two_sided 1.000 power_csi 1.000 kurtosis 1.000 spec_cnn 1.000  (17s)
  JSR   +6.0 dB  BER 1.82e-02  P(det)@0.05 power_one_sided 1.000 power_two_sided 1.000 power_csi 1.000 kurtosis 1.000 spec_cnn 1.000  (17s)
  JSR   +7.0 dB  BER 1.98e-02  P(det)@0.05 power_one_sided 1.000 power_two_sided 1.000 power_csi 1.000 kurtosis 1.000 spec_cnn 1.000  (18s)
  JSR   +8.0 dB  BER 2.13e-02  P(det)@0.05 power_one_sided 1.000 power_two_sided 1.000 power_csi 1.000 kurtosis 1.000 spec_cnn 1.000  (18s)
  JSR   +9.0 dB  BER 2.42e-02  P(det)@0.05 power_one_sided 1.000 power_two_sided 1.000 power_csi 1.000 kurtosis 1.000 spec_cnn 1.000  (18s)
  JSR  +10.0 dB  BER 2.84e-02  P(det)@0.05 power_one_sided 1.000 power_two_sided 1.000 power_csi 1.000 kurtosis 1.000 spec_cnn 1.000  (19s)
  JSR  +11.0 dB  BER 3.26e-02  P(det)@0.05 power_one_sided 1.000 power_two_sided 1.000 power_csi 1.000 kurtosis 1.000 spec_cnn 1.000  (19s)
  JSR  +12.0 dB  BER 3.64e-02  P(det)@0.05 power_one_sided 1.000 power_two_sided 1.000 power_csi 1.000 kurtosis 1.000 spec_cnn 1.000  (19s)
  JSR  +13.0 dB  BER 4.05e-02  P(det)@0.05 power_one_sided 1.000 power_two_sided 1.000 power_csi 1.000 kurtosis 1.000 spec_cnn 1.000  (20s)
  JSR  +14.0 dB  BER 4.55e-02  P(det)@0.05 power_one_sided 1.000 power_two_sided 1.000 power_csi 1.000 kurtosis 1.000 spec_cnn 1.000  (20s)
  JSR  +15.0 dB  BER 5.11e-02  P(det)@0.05 power_one_sided 1.000 power_two_sided 1.000 power_csi 1.000 kurtosis 1.000 spec_cnn 1.000  (20s)
  [shadow_0.03] spec_cnn_b100 confirmed: {"power_one_sided": {"0.01": {"index": 0, "sweep_ber": 0.0, "sweep_pdet": 0.01171875, "confirmed_ber": 0.0, "confirmed_ser": 0.0, "confirmed_pdet": 0.01171875, "passed": true}, "0.05": {"index": 0, "sweep_ber": 0.0, "sweep_pdet": 0.04296875, "confirmed_ber": 0.0, "confirmed_ser": 0.0, "confirmed_pdet": 0.048828125, "passed": true}}, "power_csi": {"0.01": {"index": 0, "sweep_ber": 0.0, "sweep_pdet": 0.013671875, "confirmed_ber": 0.0, "confirmed_ser": 0.0, "confirmed_pdet": 0.008544921875, "passed": true}, "0.05": {"index": 0, "sweep_ber": 0.0, "sweep_pdet": 0.05078125, "confirmed_ber": 0.0, "confirmed_ser": 0.0, "confirmed_pdet": 0.053466796875, "passed": true}}, "power_two_sided": {"0.01": {"index": 0, "sweep_ber": 0.0, "sweep_pdet": 0.00390625, "confirmed_ber": 0.0, "confirmed_ser": 0.0, "confirmed_pdet": 0.010498046875, "passed": true}, "0.05": {"index": 0, "sweep_ber": 0.0, "sweep_pdet": 0.05078125, "confirmed_ber": 0.0, "confirmed_ser": 0.0, "confirmed_pdet": 0.048583984375, "passed": true}}, "kurtosis": {"0.01": {"index": 0, "sweep_ber": 0.0, "sweep_pdet": 0.013671875, "confirmed_ber": 0.0, "confirmed_ser": 0.0, "confirmed_pdet": 0.011962890625, "passed": true}, "0.05": {"index": 0, "sweep_ber": 0.0, "sweep_pdet": 0.060546875, "confirmed_ber": 0.0, "confirmed_ser": 0.0, "confirmed_pdet": 0.0537109375, "passed": true}}, "spec_cnn": {"0.01": {"index": 0, "sweep_ber": 0.0, "sweep_pdet": 0.015625, "confirmed_ber": 0.0, "confirmed_ser": 0.0, "confirmed_pdet": 0.008544921875, "passed": true}, "0.05": {"index": 0, "sweep_ber": 0.0, "sweep_pdet": 0.05859375, "confirmed_ber": 0.0, "confirmed_ser": 0.0, "confirmed_pdet": 0.050537109375, "passed": true}}}  (1061s)
  [shadow_0.03] generator spec_cnn_b1000 (scale 1.0000)
  JSR  -50.0 dB  BER 0.00e+00  P(det)@0.05 power_one_sided 0.049 power_two_sided 0.059 power_csi 0.041 kurtosis 0.043 spec_cnn 0.061  (0s)
  JSR  -49.0 dB  BER 0.00e+00  P(det)@0.05 power_one_sided 0.039 power_two_sided 0.053 power_csi 0.043 kurtosis 0.041 spec_cnn 0.049  (1s)
  JSR  -48.0 dB  BER 0.00e+00  P(det)@0.05 power_one_sided 0.041 power_two_sided 0.066 power_csi 0.031 kurtosis 0.068 spec_cnn 0.068  (1s)
  JSR  -47.0 dB  BER 0.00e+00  P(det)@0.05 power_one_sided 0.059 power_two_sided 0.068 power_csi 0.047 kurtosis 0.057 spec_cnn 0.055  (1s)
  JSR  -46.0 dB  BER 0.00e+00  P(det)@0.05 power_one_sided 0.055 power_two_sided 0.059 power_csi 0.045 kurtosis 0.053 spec_cnn 0.055  (2s)
  JSR  -45.0 dB  BER 0.00e+00  P(det)@0.05 power_one_sided 0.066 power_two_sided 0.068 power_csi 0.047 kurtosis 0.037 spec_cnn 0.039  (2s)
  JSR  -44.0 dB  BER 0.00e+00  P(det)@0.05 power_one_sided 0.051 power_two_sided 0.062 power_csi 0.059 kurtosis 0.049 spec_cnn 0.041  (2s)
  JSR  -43.0 dB  BER 0.00e+00  P(det)@0.05 power_one_sided 0.041 power_two_sided 0.051 power_csi 0.061 kurtosis 0.039 spec_cnn 0.035  (2s)
  JSR  -42.0 dB  BER 0.00e+00  P(det)@0.05 power_one_sided 0.041 power_two_sided 0.074 power_csi 0.055 kurtosis 0.049 spec_cnn 0.053  (3s)
  JSR  -41.0 dB  BER 0.00e+00  P(det)@0.05 power_one_sided 0.041 power_two_sided 0.043 power_csi 0.055 kurtosis 0.088 spec_cnn 0.051  (3s)
  JSR  -40.0 dB  BER 0.00e+00  P(det)@0.05 power_one_sided 0.051 power_two_sided 0.072 power_csi 0.066 kurtosis 0.051 spec_cnn 0.031  (3s)
  JSR  -39.0 dB  BER 0.00e+00  P(det)@0.05 power_one_sided 0.051 power_two_sided 0.033 power_csi 0.076 kurtosis 0.047 spec_cnn 0.057  (4s)
  JSR  -38.0 dB  BER 0.00e+00  P(det)@0.05 power_one_sided 0.061 power_two_sided 0.059 power_csi 0.068 kurtosis 0.055 spec_cnn 0.053  (4s)
  JSR  -37.0 dB  BER 0.00e+00  P(det)@0.05 power_one_sided 0.055 power_two_sided 0.049 power_csi 0.086 kurtosis 0.049 spec_cnn 0.053  (4s)
  JSR  -36.0 dB  BER 0.00e+00  P(det)@0.05 power_one_sided 0.043 power_two_sided 0.049 power_csi 0.109 kurtosis 0.041 spec_cnn 0.055  (5s)
  JSR  -35.0 dB  BER 0.00e+00  P(det)@0.05 power_one_sided 0.057 power_two_sided 0.057 power_csi 0.107 kurtosis 0.049 spec_cnn 0.057  (5s)
  JSR  -34.0 dB  BER 0.00e+00  P(det)@0.05 power_one_sided 0.078 power_two_sided 0.076 power_csi 0.137 kurtosis 0.062 spec_cnn 0.068  (5s)
  JSR  -33.0 dB  BER 0.00e+00  P(det)@0.05 power_one_sided 0.061 power_two_sided 0.051 power_csi 0.197 kurtosis 0.045 spec_cnn 0.051  (5s)
  JSR  -32.0 dB  BER 0.00e+00  P(det)@0.05 power_one_sided 0.078 power_two_sided 0.061 power_csi 0.201 kurtosis 0.047 spec_cnn 0.055  (6s)
  JSR  -31.0 dB  BER 0.00e+00  P(det)@0.05 power_one_sided 0.082 power_two_sided 0.055 power_csi 0.217 kurtosis 0.053 spec_cnn 0.064  (6s)
  JSR  -30.0 dB  BER 0.00e+00  P(det)@0.05 power_one_sided 0.086 power_two_sided 0.059 power_csi 0.297 kurtosis 0.031 spec_cnn 0.078  (6s)
  JSR  -29.0 dB  BER 0.00e+00  P(det)@0.05 power_one_sided 0.082 power_two_sided 0.066 power_csi 0.371 kurtosis 0.047 spec_cnn 0.123  (7s)
  JSR  -28.0 dB  BER 0.00e+00  P(det)@0.05 power_one_sided 0.086 power_two_sided 0.064 power_csi 0.453 kurtosis 0.037 spec_cnn 0.100  (7s)
  JSR  -27.0 dB  BER 0.00e+00  P(det)@0.05 power_one_sided 0.078 power_two_sided 0.074 power_csi 0.500 kurtosis 0.045 spec_cnn 0.168  (7s)
  JSR  -26.0 dB  BER 0.00e+00  P(det)@0.05 power_one_sided 0.123 power_two_sided 0.090 power_csi 0.604 kurtosis 0.043 spec_cnn 0.314  (8s)
  JSR  -25.0 dB  BER 0.00e+00  P(det)@0.05 power_one_sided 0.141 power_two_sided 0.086 power_csi 0.729 kurtosis 0.031 spec_cnn 0.510  (8s)
  JSR  -24.0 dB  BER 0.00e+00  P(det)@0.05 power_one_sided 0.188 power_two_sided 0.135 power_csi 0.809 kurtosis 0.039 spec_cnn 0.799  (8s)
  JSR  -23.0 dB  BER 0.00e+00  P(det)@0.05 power_one_sided 0.244 power_two_sided 0.156 power_csi 0.869 kurtosis 0.029 spec_cnn 0.941  (9s)
  JSR  -22.0 dB  BER 0.00e+00  P(det)@0.05 power_one_sided 0.344 power_two_sided 0.260 power_csi 0.908 kurtosis 0.076 spec_cnn 0.994  (9s)
  JSR  -21.0 dB  BER 0.00e+00  P(det)@0.05 power_one_sided 0.441 power_two_sided 0.342 power_csi 0.971 kurtosis 0.092 spec_cnn 1.000  (9s)
  JSR  -20.0 dB  BER 0.00e+00  P(det)@0.05 power_one_sided 0.514 power_two_sided 0.400 power_csi 0.969 kurtosis 0.076 spec_cnn 1.000  (9s)
  JSR  -19.0 dB  BER 0.00e+00  P(det)@0.05 power_one_sided 0.684 power_two_sided 0.602 power_csi 0.990 kurtosis 0.102 spec_cnn 1.000  (10s)
  JSR  -18.0 dB  BER 0.00e+00  P(det)@0.05 power_one_sided 0.803 power_two_sided 0.734 power_csi 0.996 kurtosis 0.107 spec_cnn 1.000  (10s)
  JSR  -17.0 dB  BER 0.00e+00  P(det)@0.05 power_one_sided 0.902 power_two_sided 0.869 power_csi 0.998 kurtosis 0.139 spec_cnn 1.000  (10s)
  JSR  -16.0 dB  BER 0.00e+00  P(det)@0.05 power_one_sided 0.961 power_two_sided 0.947 power_csi 1.000 kurtosis 0.189 spec_cnn 1.000  (11s)
  JSR  -15.0 dB  BER 0.00e+00  P(det)@0.05 power_one_sided 0.996 power_two_sided 0.992 power_csi 1.000 kurtosis 0.266 spec_cnn 1.000  (11s)
  JSR  -14.0 dB  BER 0.00e+00  P(det)@0.05 power_one_sided 0.998 power_two_sided 0.998 power_csi 1.000 kurtosis 0.410 spec_cnn 1.000  (11s)
  JSR  -13.0 dB  BER 0.00e+00  P(det)@0.05 power_one_sided 1.000 power_two_sided 1.000 power_csi 1.000 kurtosis 0.578 spec_cnn 1.000  (12s)
  JSR  -12.0 dB  BER 0.00e+00  P(det)@0.05 power_one_sided 1.000 power_two_sided 1.000 power_csi 1.000 kurtosis 0.771 spec_cnn 1.000  (12s)
  JSR  -11.0 dB  BER 0.00e+00  P(det)@0.05 power_one_sided 1.000 power_two_sided 1.000 power_csi 1.000 kurtosis 0.895 spec_cnn 1.000  (12s)
  JSR  -10.0 dB  BER 0.00e+00  P(det)@0.05 power_one_sided 1.000 power_two_sided 1.000 power_csi 1.000 kurtosis 0.971 spec_cnn 1.000  (12s)
  JSR   -9.0 dB  BER 0.00e+00  P(det)@0.05 power_one_sided 1.000 power_two_sided 1.000 power_csi 1.000 kurtosis 0.982 spec_cnn 1.000  (13s)
  JSR   -8.0 dB  BER 0.00e+00  P(det)@0.05 power_one_sided 1.000 power_two_sided 1.000 power_csi 1.000 kurtosis 1.000 spec_cnn 1.000  (13s)
  JSR   -7.0 dB  BER 0.00e+00  P(det)@0.05 power_one_sided 1.000 power_two_sided 1.000 power_csi 1.000 kurtosis 1.000 spec_cnn 1.000  (13s)
  JSR   -6.0 dB  BER 3.05e-04  P(det)@0.05 power_one_sided 1.000 power_two_sided 1.000 power_csi 1.000 kurtosis 1.000 spec_cnn 1.000  (14s)
  JSR   -5.0 dB  BER 7.86e-04  P(det)@0.05 power_one_sided 1.000 power_two_sided 1.000 power_csi 1.000 kurtosis 1.000 spec_cnn 1.000  (14s)
  JSR   -4.0 dB  BER 1.14e-03  P(det)@0.05 power_one_sided 1.000 power_two_sided 1.000 power_csi 1.000 kurtosis 1.000 spec_cnn 1.000  (14s)
  JSR   -3.0 dB  BER 1.37e-03  P(det)@0.05 power_one_sided 1.000 power_two_sided 1.000 power_csi 1.000 kurtosis 1.000 spec_cnn 1.000  (15s)
  JSR   -2.0 dB  BER 1.85e-03  P(det)@0.05 power_one_sided 1.000 power_two_sided 1.000 power_csi 1.000 kurtosis 1.000 spec_cnn 1.000  (15s)
  JSR   -1.0 dB  BER 2.68e-03  P(det)@0.05 power_one_sided 1.000 power_two_sided 1.000 power_csi 1.000 kurtosis 1.000 spec_cnn 1.000  (15s)
  JSR   +0.0 dB  BER 4.06e-03  P(det)@0.05 power_one_sided 1.000 power_two_sided 1.000 power_csi 1.000 kurtosis 0.994 spec_cnn 1.000  (16s)
  JSR   +1.0 dB  BER 7.82e-03  P(det)@0.05 power_one_sided 1.000 power_two_sided 1.000 power_csi 1.000 kurtosis 0.938 spec_cnn 1.000  (16s)
  JSR   +2.0 dB  BER 1.54e-02  P(det)@0.05 power_one_sided 1.000 power_two_sided 1.000 power_csi 1.000 kurtosis 0.768 spec_cnn 1.000  (16s)
  JSR   +3.0 dB  BER 2.73e-02  P(det)@0.05 power_one_sided 1.000 power_two_sided 1.000 power_csi 1.000 kurtosis 0.650 spec_cnn 1.000  (16s)
  JSR   +4.0 dB  BER 4.53e-02  P(det)@0.05 power_one_sided 1.000 power_two_sided 1.000 power_csi 1.000 kurtosis 0.789 spec_cnn 1.000  (17s)
  JSR   +5.0 dB  BER 6.64e-02  P(det)@0.05 power_one_sided 1.000 power_two_sided 1.000 power_csi 1.000 kurtosis 0.848 spec_cnn 1.000  (17s)
  JSR   +6.0 dB  BER 8.79e-02  P(det)@0.05 power_one_sided 1.000 power_two_sided 1.000 power_csi 1.000 kurtosis 0.848 spec_cnn 1.000  (17s)
  JSR   +7.0 dB  BER 1.15e-01  P(det)@0.05 power_one_sided 1.000 power_two_sided 1.000 power_csi 1.000 kurtosis 0.871 spec_cnn 1.000  (18s)
  JSR   +8.0 dB  BER 1.42e-01  P(det)@0.05 power_one_sided 1.000 power_two_sided 1.000 power_csi 1.000 kurtosis 0.861 spec_cnn 1.000  (18s)
  JSR   +9.0 dB  BER 1.70e-01  P(det)@0.05 power_one_sided 1.000 power_two_sided 1.000 power_csi 1.000 kurtosis 0.879 spec_cnn 1.000  (18s)
  JSR  +10.0 dB  BER 1.96e-01  P(det)@0.05 power_one_sided 1.000 power_two_sided 1.000 power_csi 1.000 kurtosis 0.875 spec_cnn 1.000  (19s)
  JSR  +11.0 dB  BER 2.25e-01  P(det)@0.05 power_one_sided 1.000 power_two_sided 1.000 power_csi 1.000 kurtosis 0.871 spec_cnn 1.000  (19s)
  JSR  +12.0 dB  BER 2.47e-01  P(det)@0.05 power_one_sided 1.000 power_two_sided 1.000 power_csi 1.000 kurtosis 0.891 spec_cnn 1.000  (19s)
  JSR  +13.0 dB  BER 2.76e-01  P(det)@0.05 power_one_sided 1.000 power_two_sided 1.000 power_csi 1.000 kurtosis 0.840 spec_cnn 1.000  (19s)
  JSR  +14.0 dB  BER 2.95e-01  P(det)@0.05 power_one_sided 1.000 power_two_sided 1.000 power_csi 1.000 kurtosis 0.877 spec_cnn 1.000  (20s)
  JSR  +15.0 dB  BER 3.15e-01  P(det)@0.05 power_one_sided 1.000 power_two_sided 1.000 power_csi 1.000 kurtosis 0.883 spec_cnn 1.000  (20s)
  [shadow_0.03] spec_cnn_b1000 confirmed: {"power_one_sided": {"0.01": {"index": 0, "sweep_ber": 0.0, "sweep_pdet": 0.01171875, "confirmed_ber": 0.0, "confirmed_ser": 0.0, "confirmed_pdet": 0.010498046875, "passed": true}, "0.05": {"index": 0, "sweep_ber": 0.0, "sweep_pdet": 0.048828125, "confirmed_ber": 0.0, "confirmed_ser": 0.0, "confirmed_pdet": 0.052734375, "passed": true}}, "power_csi": {"0.01": {"index": 0, "sweep_ber": 0.0, "sweep_pdet": 0.0078125, "confirmed_ber": 0.0, "confirmed_ser": 0.0, "confirmed_pdet": 0.00927734375, "passed": true}, "0.05": {"index": 0, "sweep_ber": 0.0, "sweep_pdet": 0.041015625, "confirmed_ber": 0.0, "confirmed_ser": 0.0, "confirmed_pdet": 0.044189453125, "passed": true}}, "power_two_sided": {"0.01": {"index": 0, "sweep_ber": 0.0, "sweep_pdet": 0.005859375, "confirmed_ber": 0.0, "confirmed_ser": 0.0, "confirmed_pdet": 0.009033203125, "passed": true}, "0.05": {"index": 0, "sweep_ber": 0.0, "sweep_pdet": 0.05859375, "confirmed_ber": 0.0, "confirmed_ser": 0.0, "confirmed_pdet": 0.054443359375, "passed": true}}, "kurtosis": {"0.01": {"index": 0, "sweep_ber": 0.0, "sweep_pdet": 0.009765625, "confirmed_ber": 0.0, "confirmed_ser": 0.0, "confirmed_pdet": 0.00927734375, "passed": true}, "0.05": {"index": 0, "sweep_ber": 0.0, "sweep_pdet": 0.04296875, "confirmed_ber": 0.0, "confirmed_ser": 0.0, "confirmed_pdet": 0.045654296875, "passed": true}}, "spec_cnn": {"0.01": {"index": 0, "sweep_ber": 0.0, "sweep_pdet": 0.017578125, "confirmed_ber": 0.0, "confirmed_ser": 0.0, "confirmed_pdet": 0.007080078125, "passed": true}, "0.05": {"index": 0, "sweep_ber": 0.0, "sweep_pdet": 0.060546875, "confirmed_ber": 0.0, "confirmed_ser": 0.0, "confirmed_pdet": 0.05224609375, "passed": true}}}  (1106s)
  [shadow_0.03] generator spec_cnn_b10000 (scale 1.0000)
  JSR  -50.0 dB  BER 0.00e+00  P(det)@0.05 power_one_sided 0.047 power_two_sided 0.051 power_csi 0.049 kurtosis 0.029 spec_cnn 0.062  (0s)
  JSR  -49.0 dB  BER 0.00e+00  P(det)@0.05 power_one_sided 0.049 power_two_sided 0.053 power_csi 0.062 kurtosis 0.051 spec_cnn 0.057  (1s)
  JSR  -48.0 dB  BER 0.00e+00  P(det)@0.05 power_one_sided 0.049 power_two_sided 0.057 power_csi 0.059 kurtosis 0.035 spec_cnn 0.055  (1s)
  JSR  -47.0 dB  BER 0.00e+00  P(det)@0.05 power_one_sided 0.047 power_two_sided 0.057 power_csi 0.072 kurtosis 0.047 spec_cnn 0.057  (1s)
  JSR  -46.0 dB  BER 0.00e+00  P(det)@0.05 power_one_sided 0.043 power_two_sided 0.053 power_csi 0.049 kurtosis 0.059 spec_cnn 0.039  (2s)
  JSR  -45.0 dB  BER 0.00e+00  P(det)@0.05 power_one_sided 0.039 power_two_sided 0.053 power_csi 0.045 kurtosis 0.047 spec_cnn 0.037  (2s)
  JSR  -44.0 dB  BER 0.00e+00  P(det)@0.05 power_one_sided 0.043 power_two_sided 0.051 power_csi 0.074 kurtosis 0.051 spec_cnn 0.062  (2s)
  JSR  -43.0 dB  BER 0.00e+00  P(det)@0.05 power_one_sided 0.045 power_two_sided 0.055 power_csi 0.047 kurtosis 0.047 spec_cnn 0.043  (2s)
  JSR  -42.0 dB  BER 0.00e+00  P(det)@0.05 power_one_sided 0.041 power_two_sided 0.070 power_csi 0.047 kurtosis 0.064 spec_cnn 0.057  (3s)
  JSR  -41.0 dB  BER 0.00e+00  P(det)@0.05 power_one_sided 0.031 power_two_sided 0.041 power_csi 0.055 kurtosis 0.049 spec_cnn 0.041  (3s)
  JSR  -40.0 dB  BER 0.00e+00  P(det)@0.05 power_one_sided 0.035 power_two_sided 0.045 power_csi 0.061 kurtosis 0.062 spec_cnn 0.070  (3s)
  JSR  -39.0 dB  BER 0.00e+00  P(det)@0.05 power_one_sided 0.059 power_two_sided 0.041 power_csi 0.072 kurtosis 0.045 spec_cnn 0.043  (4s)
  JSR  -38.0 dB  BER 0.00e+00  P(det)@0.05 power_one_sided 0.064 power_two_sided 0.057 power_csi 0.068 kurtosis 0.043 spec_cnn 0.045  (4s)
  JSR  -37.0 dB  BER 0.00e+00  P(det)@0.05 power_one_sided 0.055 power_two_sided 0.053 power_csi 0.100 kurtosis 0.041 spec_cnn 0.057  (4s)
  JSR  -36.0 dB  BER 0.00e+00  P(det)@0.05 power_one_sided 0.051 power_two_sided 0.059 power_csi 0.102 kurtosis 0.061 spec_cnn 0.047  (5s)
  JSR  -35.0 dB  BER 0.00e+00  P(det)@0.05 power_one_sided 0.066 power_two_sided 0.064 power_csi 0.105 kurtosis 0.049 spec_cnn 0.049  (5s)
  JSR  -34.0 dB  BER 0.00e+00  P(det)@0.05 power_one_sided 0.062 power_two_sided 0.061 power_csi 0.129 kurtosis 0.053 spec_cnn 0.037  (5s)
  JSR  -33.0 dB  BER 0.00e+00  P(det)@0.05 power_one_sided 0.049 power_two_sided 0.061 power_csi 0.186 kurtosis 0.061 spec_cnn 0.018  (5s)
  JSR  -32.0 dB  BER 0.00e+00  P(det)@0.05 power_one_sided 0.072 power_two_sided 0.062 power_csi 0.199 kurtosis 0.062 spec_cnn 0.025  (6s)
  JSR  -31.0 dB  BER 0.00e+00  P(det)@0.05 power_one_sided 0.068 power_two_sided 0.059 power_csi 0.244 kurtosis 0.043 spec_cnn 0.043  (6s)
  JSR  -30.0 dB  BER 0.00e+00  P(det)@0.05 power_one_sided 0.074 power_two_sided 0.066 power_csi 0.279 kurtosis 0.033 spec_cnn 0.045  (6s)
  JSR  -29.0 dB  BER 0.00e+00  P(det)@0.05 power_one_sided 0.080 power_two_sided 0.070 power_csi 0.354 kurtosis 0.041 spec_cnn 0.041  (7s)
  JSR  -28.0 dB  BER 0.00e+00  P(det)@0.05 power_one_sided 0.084 power_two_sided 0.062 power_csi 0.453 kurtosis 0.037 spec_cnn 0.045  (7s)
  JSR  -27.0 dB  BER 0.00e+00  P(det)@0.05 power_one_sided 0.080 power_two_sided 0.059 power_csi 0.535 kurtosis 0.045 spec_cnn 0.059  (7s)
  JSR  -26.0 dB  BER 0.00e+00  P(det)@0.05 power_one_sided 0.102 power_two_sided 0.080 power_csi 0.625 kurtosis 0.064 spec_cnn 0.104  (8s)
  JSR  -25.0 dB  BER 0.00e+00  P(det)@0.05 power_one_sided 0.178 power_two_sided 0.096 power_csi 0.689 kurtosis 0.066 spec_cnn 0.197  (8s)
  JSR  -24.0 dB  BER 0.00e+00  P(det)@0.05 power_one_sided 0.201 power_two_sided 0.150 power_csi 0.805 kurtosis 0.076 spec_cnn 0.398  (8s)
  JSR  -23.0 dB  BER 0.00e+00  P(det)@0.05 power_one_sided 0.238 power_two_sided 0.166 power_csi 0.877 kurtosis 0.049 spec_cnn 0.637  (9s)
  JSR  -22.0 dB  BER 0.00e+00  P(det)@0.05 power_one_sided 0.281 power_two_sided 0.176 power_csi 0.904 kurtosis 0.055 spec_cnn 0.885  (9s)
  JSR  -21.0 dB  BER 0.00e+00  P(det)@0.05 power_one_sided 0.414 power_two_sided 0.318 power_csi 0.957 kurtosis 0.068 spec_cnn 0.965  (9s)
  JSR  -20.0 dB  BER 0.00e+00  P(det)@0.05 power_one_sided 0.543 power_two_sided 0.434 power_csi 0.980 kurtosis 0.066 spec_cnn 0.998  (9s)
  JSR  -19.0 dB  BER 0.00e+00  P(det)@0.05 power_one_sided 0.689 power_two_sided 0.605 power_csi 0.994 kurtosis 0.076 spec_cnn 1.000  (10s)
  JSR  -18.0 dB  BER 0.00e+00  P(det)@0.05 power_one_sided 0.807 power_two_sided 0.746 power_csi 1.000 kurtosis 0.094 spec_cnn 1.000  (10s)
  JSR  -17.0 dB  BER 0.00e+00  P(det)@0.05 power_one_sided 0.934 power_two_sided 0.871 power_csi 0.998 kurtosis 0.168 spec_cnn 1.000  (10s)
  JSR  -16.0 dB  BER 0.00e+00  P(det)@0.05 power_one_sided 0.980 power_two_sided 0.959 power_csi 1.000 kurtosis 0.193 spec_cnn 1.000  (11s)
  JSR  -15.0 dB  BER 0.00e+00  P(det)@0.05 power_one_sided 0.992 power_two_sided 0.988 power_csi 1.000 kurtosis 0.271 spec_cnn 1.000  (11s)
  JSR  -14.0 dB  BER 0.00e+00  P(det)@0.05 power_one_sided 1.000 power_two_sided 1.000 power_csi 1.000 kurtosis 0.418 spec_cnn 1.000  (11s)
  JSR  -13.0 dB  BER 0.00e+00  P(det)@0.05 power_one_sided 1.000 power_two_sided 1.000 power_csi 1.000 kurtosis 0.512 spec_cnn 1.000  (12s)
  JSR  -12.0 dB  BER 0.00e+00  P(det)@0.05 power_one_sided 1.000 power_two_sided 1.000 power_csi 1.000 kurtosis 0.715 spec_cnn 1.000  (12s)
  JSR  -11.0 dB  BER 0.00e+00  P(det)@0.05 power_one_sided 1.000 power_two_sided 1.000 power_csi 1.000 kurtosis 0.910 spec_cnn 1.000  (12s)
  JSR  -10.0 dB  BER 0.00e+00  P(det)@0.05 power_one_sided 1.000 power_two_sided 1.000 power_csi 1.000 kurtosis 0.957 spec_cnn 1.000  (12s)
  JSR   -9.0 dB  BER 0.00e+00  P(det)@0.05 power_one_sided 1.000 power_two_sided 1.000 power_csi 1.000 kurtosis 0.998 spec_cnn 1.000  (13s)
  JSR   -8.0 dB  BER 0.00e+00  P(det)@0.05 power_one_sided 1.000 power_two_sided 1.000 power_csi 1.000 kurtosis 1.000 spec_cnn 1.000  (13s)
  JSR   -7.0 dB  BER 0.00e+00  P(det)@0.05 power_one_sided 1.000 power_two_sided 1.000 power_csi 1.000 kurtosis 1.000 spec_cnn 1.000  (13s)
  JSR   -6.0 dB  BER 6.87e-05  P(det)@0.05 power_one_sided 1.000 power_two_sided 1.000 power_csi 1.000 kurtosis 1.000 spec_cnn 1.000  (14s)
  JSR   -5.0 dB  BER 4.88e-04  P(det)@0.05 power_one_sided 1.000 power_two_sided 1.000 power_csi 1.000 kurtosis 1.000 spec_cnn 1.000  (14s)
  JSR   -4.0 dB  BER 8.32e-04  P(det)@0.05 power_one_sided 1.000 power_two_sided 1.000 power_csi 1.000 kurtosis 1.000 spec_cnn 1.000  (14s)
  JSR   -3.0 dB  BER 1.43e-03  P(det)@0.05 power_one_sided 1.000 power_two_sided 1.000 power_csi 1.000 kurtosis 1.000 spec_cnn 1.000  (15s)
  JSR   -2.0 dB  BER 1.55e-03  P(det)@0.05 power_one_sided 1.000 power_two_sided 1.000 power_csi 1.000 kurtosis 1.000 spec_cnn 1.000  (15s)
  JSR   -1.0 dB  BER 2.62e-03  P(det)@0.05 power_one_sided 1.000 power_two_sided 1.000 power_csi 1.000 kurtosis 1.000 spec_cnn 1.000  (15s)
  JSR   +0.0 dB  BER 5.00e-03  P(det)@0.05 power_one_sided 1.000 power_two_sided 1.000 power_csi 1.000 kurtosis 0.994 spec_cnn 1.000  (16s)
  JSR   +1.0 dB  BER 9.67e-03  P(det)@0.05 power_one_sided 1.000 power_two_sided 1.000 power_csi 1.000 kurtosis 0.908 spec_cnn 1.000  (16s)
  JSR   +2.0 dB  BER 1.69e-02  P(det)@0.05 power_one_sided 1.000 power_two_sided 1.000 power_csi 1.000 kurtosis 0.746 spec_cnn 1.000  (16s)
  JSR   +3.0 dB  BER 2.73e-02  P(det)@0.05 power_one_sided 1.000 power_two_sided 1.000 power_csi 1.000 kurtosis 0.648 spec_cnn 1.000  (16s)
  JSR   +4.0 dB  BER 4.17e-02  P(det)@0.05 power_one_sided 1.000 power_two_sided 1.000 power_csi 1.000 kurtosis 0.799 spec_cnn 1.000  (17s)
  JSR   +5.0 dB  BER 6.01e-02  P(det)@0.05 power_one_sided 1.000 power_two_sided 1.000 power_csi 1.000 kurtosis 0.834 spec_cnn 1.000  (17s)
  JSR   +6.0 dB  BER 8.19e-02  P(det)@0.05 power_one_sided 1.000 power_two_sided 1.000 power_csi 1.000 kurtosis 0.834 spec_cnn 1.000  (17s)
  JSR   +7.0 dB  BER 1.08e-01  P(det)@0.05 power_one_sided 1.000 power_two_sided 1.000 power_csi 1.000 kurtosis 0.855 spec_cnn 1.000  (18s)
  JSR   +8.0 dB  BER 1.33e-01  P(det)@0.05 power_one_sided 1.000 power_two_sided 1.000 power_csi 1.000 kurtosis 0.854 spec_cnn 1.000  (18s)
  JSR   +9.0 dB  BER 1.61e-01  P(det)@0.05 power_one_sided 1.000 power_two_sided 1.000 power_csi 1.000 kurtosis 0.871 spec_cnn 1.000  (18s)
  JSR  +10.0 dB  BER 1.84e-01  P(det)@0.05 power_one_sided 1.000 power_two_sided 1.000 power_csi 1.000 kurtosis 0.891 spec_cnn 1.000  (19s)
  JSR  +11.0 dB  BER 2.12e-01  P(det)@0.05 power_one_sided 1.000 power_two_sided 1.000 power_csi 1.000 kurtosis 0.900 spec_cnn 1.000  (19s)
  JSR  +12.0 dB  BER 2.37e-01  P(det)@0.05 power_one_sided 1.000 power_two_sided 1.000 power_csi 1.000 kurtosis 0.871 spec_cnn 1.000  (19s)
  JSR  +13.0 dB  BER 2.62e-01  P(det)@0.05 power_one_sided 1.000 power_two_sided 1.000 power_csi 1.000 kurtosis 0.865 spec_cnn 1.000  (19s)
  JSR  +14.0 dB  BER 2.85e-01  P(det)@0.05 power_one_sided 1.000 power_two_sided 1.000 power_csi 1.000 kurtosis 0.863 spec_cnn 1.000  (20s)
  JSR  +15.0 dB  BER 3.07e-01  P(det)@0.05 power_one_sided 1.000 power_two_sided 1.000 power_csi 1.000 kurtosis 0.873 spec_cnn 1.000  (20s)
  [shadow_0.03] spec_cnn_b10000 confirmed: {"power_one_sided": {"0.01": {"index": 0, "sweep_ber": 0.0, "sweep_pdet": 0.0078125, "confirmed_ber": 0.0, "confirmed_ser": 0.0, "confirmed_pdet": 0.00830078125, "passed": true}, "0.05": {"index": 0, "sweep_ber": 0.0, "sweep_pdet": 0.046875, "confirmed_ber": 0.0, "confirmed_ser": 0.0, "confirmed_pdet": 0.05224609375, "passed": true}}, "power_csi": {"0.01": {"index": 0, "sweep_ber": 0.0, "sweep_pdet": 0.015625, "confirmed_ber": 0.0, "confirmed_ser": 0.0, "confirmed_pdet": 0.009765625, "passed": true}, "0.05": {"index": 0, "sweep_ber": 0.0, "sweep_pdet": 0.048828125, "confirmed_ber": 0.0, "confirmed_ser": 0.0, "confirmed_pdet": 0.047607421875, "passed": true}}, "power_two_sided": {"0.01": {"index": 0, "sweep_ber": 0.0, "sweep_pdet": 0.017578125, "confirmed_ber": 0.0, "confirmed_ser": 0.0, "confirmed_pdet": 0.0107421875, "passed": true}, "0.05": {"index": 0, "sweep_ber": 0.0, "sweep_pdet": 0.05078125, "confirmed_ber": 0.0, "confirmed_ser": 0.0, "confirmed_pdet": 0.05029296875, "passed": true}}, "kurtosis": {"0.01": {"index": 0, "sweep_ber": 0.0, "sweep_pdet": 0.01171875, "confirmed_ber": 0.0, "confirmed_ser": 0.0, "confirmed_pdet": 0.0078125, "passed": true}, "0.05": {"index": 0, "sweep_ber": 0.0, "sweep_pdet": 0.029296875, "confirmed_ber": 0.0, "confirmed_ser": 0.0, "confirmed_pdet": 0.052001953125, "passed": true}}, "spec_cnn": {"0.01": {"index": 0, "sweep_ber": 0.0, "sweep_pdet": 0.0078125, "confirmed_ber": 0.0, "confirmed_ser": 0.0, "confirmed_pdet": 0.01025390625, "passed": true}, "0.05": {"index": 0, "sweep_ber": 0.0, "sweep_pdet": 0.0625, "confirmed_ber": 0.0, "confirmed_ser": 0.0, "confirmed_pdet": 0.046875, "passed": true}}}  (1151s)
  [shadow_0.03] generator spec_cnn_b100000 (scale 1.0000)
  JSR  -50.0 dB  BER 0.00e+00  P(det)@0.05 power_one_sided 0.053 power_two_sided 0.066 power_csi 0.043 kurtosis 0.045 spec_cnn 0.041  (0s)
  JSR  -49.0 dB  BER 0.00e+00  P(det)@0.05 power_one_sided 0.064 power_two_sided 0.059 power_csi 0.047 kurtosis 0.055 spec_cnn 0.043  (1s)
  JSR  -48.0 dB  BER 0.00e+00  P(det)@0.05 power_one_sided 0.045 power_two_sided 0.055 power_csi 0.057 kurtosis 0.037 spec_cnn 0.047  (1s)
  JSR  -47.0 dB  BER 0.00e+00  P(det)@0.05 power_one_sided 0.035 power_two_sided 0.053 power_csi 0.041 kurtosis 0.053 spec_cnn 0.045  (1s)
  JSR  -46.0 dB  BER 0.00e+00  P(det)@0.05 power_one_sided 0.039 power_two_sided 0.041 power_csi 0.049 kurtosis 0.051 spec_cnn 0.035  (2s)
  JSR  -45.0 dB  BER 0.00e+00  P(det)@0.05 power_one_sided 0.053 power_two_sided 0.066 power_csi 0.043 kurtosis 0.051 spec_cnn 0.047  (2s)
  JSR  -44.0 dB  BER 0.00e+00  P(det)@0.05 power_one_sided 0.059 power_two_sided 0.059 power_csi 0.070 kurtosis 0.055 spec_cnn 0.035  (2s)
  JSR  -43.0 dB  BER 0.00e+00  P(det)@0.05 power_one_sided 0.049 power_two_sided 0.049 power_csi 0.055 kurtosis 0.041 spec_cnn 0.018  (2s)
  JSR  -42.0 dB  BER 0.00e+00  P(det)@0.05 power_one_sided 0.057 power_two_sided 0.049 power_csi 0.082 kurtosis 0.045 spec_cnn 0.055  (3s)
  JSR  -41.0 dB  BER 0.00e+00  P(det)@0.05 power_one_sided 0.047 power_two_sided 0.037 power_csi 0.068 kurtosis 0.045 spec_cnn 0.041  (3s)
  JSR  -40.0 dB  BER 0.00e+00  P(det)@0.05 power_one_sided 0.057 power_two_sided 0.064 power_csi 0.055 kurtosis 0.043 spec_cnn 0.049  (3s)
  JSR  -39.0 dB  BER 0.00e+00  P(det)@0.05 power_one_sided 0.043 power_two_sided 0.066 power_csi 0.061 kurtosis 0.053 spec_cnn 0.049  (4s)
  JSR  -38.0 dB  BER 0.00e+00  P(det)@0.05 power_one_sided 0.045 power_two_sided 0.041 power_csi 0.062 kurtosis 0.027 spec_cnn 0.029  (4s)
  JSR  -37.0 dB  BER 0.00e+00  P(det)@0.05 power_one_sided 0.055 power_two_sided 0.051 power_csi 0.100 kurtosis 0.045 spec_cnn 0.045  (4s)
  JSR  -36.0 dB  BER 0.00e+00  P(det)@0.05 power_one_sided 0.068 power_two_sided 0.061 power_csi 0.117 kurtosis 0.047 spec_cnn 0.045  (5s)
  JSR  -35.0 dB  BER 0.00e+00  P(det)@0.05 power_one_sided 0.053 power_two_sided 0.041 power_csi 0.133 kurtosis 0.061 spec_cnn 0.047  (5s)
  JSR  -34.0 dB  BER 0.00e+00  P(det)@0.05 power_one_sided 0.070 power_two_sided 0.057 power_csi 0.137 kurtosis 0.059 spec_cnn 0.045  (5s)
  JSR  -33.0 dB  BER 0.00e+00  P(det)@0.05 power_one_sided 0.049 power_two_sided 0.053 power_csi 0.141 kurtosis 0.062 spec_cnn 0.029  (5s)
  JSR  -32.0 dB  BER 0.00e+00  P(det)@0.05 power_one_sided 0.094 power_two_sided 0.090 power_csi 0.201 kurtosis 0.055 spec_cnn 0.037  (6s)
  JSR  -31.0 dB  BER 0.00e+00  P(det)@0.05 power_one_sided 0.062 power_two_sided 0.059 power_csi 0.225 kurtosis 0.045 spec_cnn 0.033  (6s)
  JSR  -30.0 dB  BER 0.00e+00  P(det)@0.05 power_one_sided 0.061 power_two_sided 0.053 power_csi 0.311 kurtosis 0.045 spec_cnn 0.047  (6s)
  JSR  -29.0 dB  BER 0.00e+00  P(det)@0.05 power_one_sided 0.074 power_two_sided 0.064 power_csi 0.332 kurtosis 0.057 spec_cnn 0.043  (7s)
  JSR  -28.0 dB  BER 0.00e+00  P(det)@0.05 power_one_sided 0.109 power_two_sided 0.068 power_csi 0.414 kurtosis 0.051 spec_cnn 0.033  (7s)
  JSR  -27.0 dB  BER 0.00e+00  P(det)@0.05 power_one_sided 0.084 power_two_sided 0.070 power_csi 0.504 kurtosis 0.057 spec_cnn 0.080  (7s)
  JSR  -26.0 dB  BER 0.00e+00  P(det)@0.05 power_one_sided 0.135 power_two_sided 0.082 power_csi 0.570 kurtosis 0.057 spec_cnn 0.129  (8s)
  JSR  -25.0 dB  BER 0.00e+00  P(det)@0.05 power_one_sided 0.154 power_two_sided 0.102 power_csi 0.684 kurtosis 0.041 spec_cnn 0.188  (8s)
  JSR  -24.0 dB  BER 0.00e+00  P(det)@0.05 power_one_sided 0.203 power_two_sided 0.156 power_csi 0.805 kurtosis 0.059 spec_cnn 0.455  (8s)
  JSR  -23.0 dB  BER 0.00e+00  P(det)@0.05 power_one_sided 0.199 power_two_sided 0.156 power_csi 0.871 kurtosis 0.072 spec_cnn 0.725  (9s)
  JSR  -22.0 dB  BER 0.00e+00  P(det)@0.05 power_one_sided 0.342 power_two_sided 0.238 power_csi 0.932 kurtosis 0.070 spec_cnn 0.953  (9s)
  JSR  -21.0 dB  BER 0.00e+00  P(det)@0.05 power_one_sided 0.461 power_two_sided 0.357 power_csi 0.977 kurtosis 0.066 spec_cnn 0.998  (9s)
  JSR  -20.0 dB  BER 0.00e+00  P(det)@0.05 power_one_sided 0.561 power_two_sided 0.469 power_csi 0.980 kurtosis 0.072 spec_cnn 1.000  (9s)
  JSR  -19.0 dB  BER 0.00e+00  P(det)@0.05 power_one_sided 0.688 power_two_sided 0.584 power_csi 0.996 kurtosis 0.107 spec_cnn 1.000  (10s)
  JSR  -18.0 dB  BER 0.00e+00  P(det)@0.05 power_one_sided 0.805 power_two_sided 0.736 power_csi 0.998 kurtosis 0.127 spec_cnn 1.000  (10s)
  JSR  -17.0 dB  BER 0.00e+00  P(det)@0.05 power_one_sided 0.910 power_two_sided 0.885 power_csi 1.000 kurtosis 0.166 spec_cnn 1.000  (10s)
  JSR  -16.0 dB  BER 0.00e+00  P(det)@0.05 power_one_sided 0.980 power_two_sided 0.967 power_csi 1.000 kurtosis 0.207 spec_cnn 1.000  (11s)
  JSR  -15.0 dB  BER 0.00e+00  P(det)@0.05 power_one_sided 0.998 power_two_sided 0.996 power_csi 1.000 kurtosis 0.240 spec_cnn 1.000  (11s)
  JSR  -14.0 dB  BER 0.00e+00  P(det)@0.05 power_one_sided 1.000 power_two_sided 1.000 power_csi 1.000 kurtosis 0.414 spec_cnn 1.000  (11s)
  JSR  -13.0 dB  BER 0.00e+00  P(det)@0.05 power_one_sided 1.000 power_two_sided 1.000 power_csi 1.000 kurtosis 0.543 spec_cnn 1.000  (12s)
  JSR  -12.0 dB  BER 0.00e+00  P(det)@0.05 power_one_sided 1.000 power_two_sided 1.000 power_csi 1.000 kurtosis 0.727 spec_cnn 1.000  (12s)
  JSR  -11.0 dB  BER 0.00e+00  P(det)@0.05 power_one_sided 1.000 power_two_sided 1.000 power_csi 1.000 kurtosis 0.902 spec_cnn 1.000  (12s)
  JSR  -10.0 dB  BER 0.00e+00  P(det)@0.05 power_one_sided 1.000 power_two_sided 1.000 power_csi 1.000 kurtosis 0.973 spec_cnn 1.000  (12s)
  JSR   -9.0 dB  BER 0.00e+00  P(det)@0.05 power_one_sided 1.000 power_two_sided 1.000 power_csi 1.000 kurtosis 0.996 spec_cnn 1.000  (13s)
  JSR   -8.0 dB  BER 0.00e+00  P(det)@0.05 power_one_sided 1.000 power_two_sided 1.000 power_csi 1.000 kurtosis 1.000 spec_cnn 1.000  (13s)
  JSR   -7.0 dB  BER 0.00e+00  P(det)@0.05 power_one_sided 1.000 power_two_sided 1.000 power_csi 1.000 kurtosis 1.000 spec_cnn 1.000  (13s)
  JSR   -6.0 dB  BER 0.00e+00  P(det)@0.05 power_one_sided 1.000 power_two_sided 1.000 power_csi 1.000 kurtosis 1.000 spec_cnn 1.000  (14s)
  JSR   -5.0 dB  BER 0.00e+00  P(det)@0.05 power_one_sided 1.000 power_two_sided 1.000 power_csi 1.000 kurtosis 1.000 spec_cnn 1.000  (14s)
  JSR   -4.0 dB  BER 0.00e+00  P(det)@0.05 power_one_sided 1.000 power_two_sided 1.000 power_csi 1.000 kurtosis 1.000 spec_cnn 1.000  (14s)
  JSR   -3.0 dB  BER 0.00e+00  P(det)@0.05 power_one_sided 1.000 power_two_sided 1.000 power_csi 1.000 kurtosis 1.000 spec_cnn 1.000  (15s)
  JSR   -2.0 dB  BER 4.12e-04  P(det)@0.05 power_one_sided 1.000 power_two_sided 1.000 power_csi 1.000 kurtosis 1.000 spec_cnn 1.000  (15s)
  JSR   -1.0 dB  BER 1.52e-03  P(det)@0.05 power_one_sided 1.000 power_two_sided 1.000 power_csi 1.000 kurtosis 1.000 spec_cnn 1.000  (15s)
  JSR   +0.0 dB  BER 4.59e-03  P(det)@0.05 power_one_sided 1.000 power_two_sided 1.000 power_csi 1.000 kurtosis 0.998 spec_cnn 1.000  (16s)
  JSR   +1.0 dB  BER 8.70e-03  P(det)@0.05 power_one_sided 1.000 power_two_sided 1.000 power_csi 1.000 kurtosis 0.922 spec_cnn 1.000  (16s)
  JSR   +2.0 dB  BER 1.57e-02  P(det)@0.05 power_one_sided 1.000 power_two_sided 1.000 power_csi 1.000 kurtosis 0.707 spec_cnn 1.000  (16s)
  JSR   +3.0 dB  BER 2.47e-02  P(det)@0.05 power_one_sided 1.000 power_two_sided 1.000 power_csi 1.000 kurtosis 0.693 spec_cnn 1.000  (16s)
  JSR   +4.0 dB  BER 3.68e-02  P(det)@0.05 power_one_sided 1.000 power_two_sided 1.000 power_csi 1.000 kurtosis 0.766 spec_cnn 1.000  (17s)
  JSR   +5.0 dB  BER 5.51e-02  P(det)@0.05 power_one_sided 1.000 power_two_sided 1.000 power_csi 1.000 kurtosis 0.828 spec_cnn 1.000  (17s)
  JSR   +6.0 dB  BER 7.49e-02  P(det)@0.05 power_one_sided 1.000 power_two_sided 1.000 power_csi 1.000 kurtosis 0.850 spec_cnn 1.000  (17s)
  JSR   +7.0 dB  BER 9.88e-02  P(det)@0.05 power_one_sided 1.000 power_two_sided 1.000 power_csi 1.000 kurtosis 0.877 spec_cnn 1.000  (18s)
  JSR   +8.0 dB  BER 1.23e-01  P(det)@0.05 power_one_sided 1.000 power_two_sided 1.000 power_csi 1.000 kurtosis 0.844 spec_cnn 1.000  (18s)
  JSR   +9.0 dB  BER 1.52e-01  P(det)@0.05 power_one_sided 1.000 power_two_sided 1.000 power_csi 1.000 kurtosis 0.875 spec_cnn 1.000  (18s)
  JSR  +10.0 dB  BER 1.79e-01  P(det)@0.05 power_one_sided 1.000 power_two_sided 1.000 power_csi 1.000 kurtosis 0.842 spec_cnn 1.000  (19s)
  JSR  +11.0 dB  BER 2.03e-01  P(det)@0.05 power_one_sided 1.000 power_two_sided 1.000 power_csi 1.000 kurtosis 0.855 spec_cnn 1.000  (19s)
  JSR  +12.0 dB  BER 2.30e-01  P(det)@0.05 power_one_sided 1.000 power_two_sided 1.000 power_csi 1.000 kurtosis 0.855 spec_cnn 1.000  (19s)
  JSR  +13.0 dB  BER 2.53e-01  P(det)@0.05 power_one_sided 1.000 power_two_sided 1.000 power_csi 1.000 kurtosis 0.855 spec_cnn 1.000  (19s)
  JSR  +14.0 dB  BER 2.78e-01  P(det)@0.05 power_one_sided 1.000 power_two_sided 1.000 power_csi 1.000 kurtosis 0.842 spec_cnn 1.000  (20s)
  JSR  +15.0 dB  BER 3.01e-01  P(det)@0.05 power_one_sided 1.000 power_two_sided 1.000 power_csi 1.000 kurtosis 0.824 spec_cnn 1.000  (20s)
  [shadow_0.03] spec_cnn_b100000 confirmed: {"power_one_sided": {"0.01": {"index": 0, "sweep_ber": 0.0, "sweep_pdet": 0.013671875, "confirmed_ber": 0.0, "confirmed_ser": 0.0, "confirmed_pdet": 0.0107421875, "passed": true}, "0.05": {"index": 0, "sweep_ber": 0.0, "sweep_pdet": 0.052734375, "confirmed_ber": 0.0, "confirmed_ser": 0.0, "confirmed_pdet": 0.052001953125, "passed": true}}, "power_csi": {"0.01": {"index": 0, "sweep_ber": 0.0, "sweep_pdet": 0.001953125, "confirmed_ber": 0.0, "confirmed_ser": 0.0, "confirmed_pdet": 0.01025390625, "passed": true}, "0.05": {"index": 0, "sweep_ber": 0.0, "sweep_pdet": 0.04296875, "confirmed_ber": 0.0, "confirmed_ser": 0.0, "confirmed_pdet": 0.05029296875, "passed": true}}, "power_two_sided": {"0.01": {"index": 0, "sweep_ber": 0.0, "sweep_pdet": 0.013671875, "confirmed_ber": 0.0, "confirmed_ser": 0.0, "confirmed_pdet": 0.0126953125, "passed": true}, "0.05": {"index": 0, "sweep_ber": 0.0, "sweep_pdet": 0.06640625, "confirmed_ber": 0.0, "confirmed_ser": 0.0, "confirmed_pdet": 0.048583984375, "passed": true}}, "kurtosis": {"0.01": {"index": 0, "sweep_ber": 0.0, "sweep_pdet": 0.009765625, "confirmed_ber": 0.0, "confirmed_ser": 0.0, "confirmed_pdet": 0.008544921875, "passed": true}, "0.05": {"index": 0, "sweep_ber": 0.0, "sweep_pdet": 0.044921875, "confirmed_ber": 0.0, "confirmed_ser": 0.0, "confirmed_pdet": 0.049560546875, "passed": true}}, "spec_cnn": {"0.01": {"index": 0, "sweep_ber": 0.0, "sweep_pdet": 0.015625, "confirmed_ber": 0.0, "confirmed_ser": 0.0, "confirmed_pdet": 0.010009765625, "passed": true}, "0.05": {"index": 0, "sweep_ber": 0.0, "sweep_pdet": 0.041015625, "confirmed_ber": 0.0, "confirmed_ser": 0.0, "confirmed_pdet": 0.048095703125, "passed": true}}}  (1195s)
  [shadow_0.03] generator spec_cnn_b1e+06 (scale 1.0000)
  JSR  -50.0 dB  BER 0.00e+00  P(det)@0.05 power_one_sided 0.041 power_two_sided 0.035 power_csi 0.057 kurtosis 0.055 spec_cnn 0.043  (0s)
  JSR  -49.0 dB  BER 0.00e+00  P(det)@0.05 power_one_sided 0.053 power_two_sided 0.053 power_csi 0.047 kurtosis 0.055 spec_cnn 0.035  (1s)
  JSR  -48.0 dB  BER 0.00e+00  P(det)@0.05 power_one_sided 0.064 power_two_sided 0.053 power_csi 0.061 kurtosis 0.070 spec_cnn 0.057  (1s)
  JSR  -47.0 dB  BER 0.00e+00  P(det)@0.05 power_one_sided 0.035 power_two_sided 0.041 power_csi 0.047 kurtosis 0.035 spec_cnn 0.055  (1s)
  JSR  -46.0 dB  BER 0.00e+00  P(det)@0.05 power_one_sided 0.055 power_two_sided 0.078 power_csi 0.049 kurtosis 0.055 spec_cnn 0.043  (2s)
  JSR  -45.0 dB  BER 0.00e+00  P(det)@0.05 power_one_sided 0.033 power_two_sided 0.043 power_csi 0.053 kurtosis 0.064 spec_cnn 0.039  (2s)
  JSR  -44.0 dB  BER 0.00e+00  P(det)@0.05 power_one_sided 0.045 power_two_sided 0.055 power_csi 0.047 kurtosis 0.062 spec_cnn 0.057  (2s)
  JSR  -43.0 dB  BER 0.00e+00  P(det)@0.05 power_one_sided 0.045 power_two_sided 0.045 power_csi 0.049 kurtosis 0.043 spec_cnn 0.039  (2s)
  JSR  -42.0 dB  BER 0.00e+00  P(det)@0.05 power_one_sided 0.051 power_two_sided 0.061 power_csi 0.057 kurtosis 0.055 spec_cnn 0.035  (3s)
  JSR  -41.0 dB  BER 0.00e+00  P(det)@0.05 power_one_sided 0.062 power_two_sided 0.066 power_csi 0.057 kurtosis 0.043 spec_cnn 0.045  (3s)
  JSR  -40.0 dB  BER 0.00e+00  P(det)@0.05 power_one_sided 0.053 power_two_sided 0.049 power_csi 0.062 kurtosis 0.045 spec_cnn 0.035  (3s)
  JSR  -39.0 dB  BER 0.00e+00  P(det)@0.05 power_one_sided 0.049 power_two_sided 0.059 power_csi 0.070 kurtosis 0.066 spec_cnn 0.031  (4s)
  JSR  -38.0 dB  BER 0.00e+00  P(det)@0.05 power_one_sided 0.055 power_two_sided 0.041 power_csi 0.074 kurtosis 0.045 spec_cnn 0.045  (4s)
  JSR  -37.0 dB  BER 0.00e+00  P(det)@0.05 power_one_sided 0.041 power_two_sided 0.047 power_csi 0.098 kurtosis 0.055 spec_cnn 0.039  (4s)
  JSR  -36.0 dB  BER 0.00e+00  P(det)@0.05 power_one_sided 0.053 power_two_sided 0.041 power_csi 0.100 kurtosis 0.033 spec_cnn 0.045  (5s)
  JSR  -35.0 dB  BER 0.00e+00  P(det)@0.05 power_one_sided 0.053 power_two_sided 0.043 power_csi 0.109 kurtosis 0.051 spec_cnn 0.039  (5s)
  JSR  -34.0 dB  BER 0.00e+00  P(det)@0.05 power_one_sided 0.061 power_two_sided 0.078 power_csi 0.152 kurtosis 0.037 spec_cnn 0.029  (5s)
  JSR  -33.0 dB  BER 0.00e+00  P(det)@0.05 power_one_sided 0.061 power_two_sided 0.039 power_csi 0.166 kurtosis 0.061 spec_cnn 0.045  (5s)
  JSR  -32.0 dB  BER 0.00e+00  P(det)@0.05 power_one_sided 0.061 power_two_sided 0.059 power_csi 0.193 kurtosis 0.055 spec_cnn 0.025  (6s)
  JSR  -31.0 dB  BER 0.00e+00  P(det)@0.05 power_one_sided 0.072 power_two_sided 0.059 power_csi 0.230 kurtosis 0.047 spec_cnn 0.025  (6s)
  JSR  -30.0 dB  BER 0.00e+00  P(det)@0.05 power_one_sided 0.086 power_two_sided 0.045 power_csi 0.314 kurtosis 0.045 spec_cnn 0.027  (6s)
  JSR  -29.0 dB  BER 0.00e+00  P(det)@0.05 power_one_sided 0.084 power_two_sided 0.070 power_csi 0.359 kurtosis 0.041 spec_cnn 0.027  (7s)
  JSR  -28.0 dB  BER 0.00e+00  P(det)@0.05 power_one_sided 0.094 power_two_sided 0.064 power_csi 0.457 kurtosis 0.041 spec_cnn 0.029  (7s)
  JSR  -27.0 dB  BER 0.00e+00  P(det)@0.05 power_one_sided 0.113 power_two_sided 0.084 power_csi 0.527 kurtosis 0.051 spec_cnn 0.072  (7s)
  JSR  -26.0 dB  BER 0.00e+00  P(det)@0.05 power_one_sided 0.135 power_two_sided 0.096 power_csi 0.623 kurtosis 0.043 spec_cnn 0.100  (8s)
  JSR  -25.0 dB  BER 0.00e+00  P(det)@0.05 power_one_sided 0.143 power_two_sided 0.102 power_csi 0.686 kurtosis 0.045 spec_cnn 0.199  (8s)
  JSR  -24.0 dB  BER 0.00e+00  P(det)@0.05 power_one_sided 0.203 power_two_sided 0.139 power_csi 0.773 kurtosis 0.039 spec_cnn 0.416  (8s)
  JSR  -23.0 dB  BER 0.00e+00  P(det)@0.05 power_one_sided 0.232 power_two_sided 0.168 power_csi 0.850 kurtosis 0.057 spec_cnn 0.709  (9s)
  JSR  -22.0 dB  BER 0.00e+00  P(det)@0.05 power_one_sided 0.342 power_two_sided 0.260 power_csi 0.889 kurtosis 0.045 spec_cnn 0.924  (9s)
  JSR  -21.0 dB  BER 0.00e+00  P(det)@0.05 power_one_sided 0.436 power_two_sided 0.334 power_csi 0.953 kurtosis 0.057 spec_cnn 0.992  (9s)
  JSR  -20.0 dB  BER 0.00e+00  P(det)@0.05 power_one_sided 0.529 power_two_sided 0.443 power_csi 0.982 kurtosis 0.082 spec_cnn 0.998  (9s)
  JSR  -19.0 dB  BER 0.00e+00  P(det)@0.05 power_one_sided 0.672 power_two_sided 0.592 power_csi 0.986 kurtosis 0.074 spec_cnn 1.000  (10s)
  JSR  -18.0 dB  BER 0.00e+00  P(det)@0.05 power_one_sided 0.811 power_two_sided 0.729 power_csi 1.000 kurtosis 0.131 spec_cnn 1.000  (10s)
  JSR  -17.0 dB  BER 0.00e+00  P(det)@0.05 power_one_sided 0.930 power_two_sided 0.885 power_csi 1.000 kurtosis 0.182 spec_cnn 1.000  (10s)
  JSR  -16.0 dB  BER 0.00e+00  P(det)@0.05 power_one_sided 0.979 power_two_sided 0.965 power_csi 1.000 kurtosis 0.201 spec_cnn 1.000  (11s)
  JSR  -15.0 dB  BER 0.00e+00  P(det)@0.05 power_one_sided 0.992 power_two_sided 0.992 power_csi 1.000 kurtosis 0.291 spec_cnn 1.000  (11s)
  JSR  -14.0 dB  BER 0.00e+00  P(det)@0.05 power_one_sided 0.998 power_two_sided 0.998 power_csi 1.000 kurtosis 0.412 spec_cnn 1.000  (11s)
  JSR  -13.0 dB  BER 0.00e+00  P(det)@0.05 power_one_sided 1.000 power_two_sided 1.000 power_csi 1.000 kurtosis 0.551 spec_cnn 1.000  (12s)
  JSR  -12.0 dB  BER 0.00e+00  P(det)@0.05 power_one_sided 1.000 power_two_sided 1.000 power_csi 1.000 kurtosis 0.729 spec_cnn 1.000  (12s)
  JSR  -11.0 dB  BER 0.00e+00  P(det)@0.05 power_one_sided 1.000 power_two_sided 1.000 power_csi 1.000 kurtosis 0.873 spec_cnn 1.000  (12s)
  JSR  -10.0 dB  BER 0.00e+00  P(det)@0.05 power_one_sided 1.000 power_two_sided 1.000 power_csi 1.000 kurtosis 0.975 spec_cnn 1.000  (12s)
  JSR   -9.0 dB  BER 0.00e+00  P(det)@0.05 power_one_sided 1.000 power_two_sided 1.000 power_csi 1.000 kurtosis 0.998 spec_cnn 1.000  (13s)
  JSR   -8.0 dB  BER 0.00e+00  P(det)@0.05 power_one_sided 1.000 power_two_sided 1.000 power_csi 1.000 kurtosis 1.000 spec_cnn 1.000  (13s)
  JSR   -7.0 dB  BER 0.00e+00  P(det)@0.05 power_one_sided 1.000 power_two_sided 1.000 power_csi 1.000 kurtosis 1.000 spec_cnn 1.000  (13s)
  JSR   -6.0 dB  BER 0.00e+00  P(det)@0.05 power_one_sided 1.000 power_two_sided 1.000 power_csi 1.000 kurtosis 1.000 spec_cnn 1.000  (14s)
  JSR   -5.0 dB  BER 0.00e+00  P(det)@0.05 power_one_sided 1.000 power_two_sided 1.000 power_csi 1.000 kurtosis 1.000 spec_cnn 1.000  (14s)
  JSR   -4.0 dB  BER 0.00e+00  P(det)@0.05 power_one_sided 1.000 power_two_sided 1.000 power_csi 1.000 kurtosis 1.000 spec_cnn 1.000  (14s)
  JSR   -3.0 dB  BER 0.00e+00  P(det)@0.05 power_one_sided 1.000 power_two_sided 1.000 power_csi 1.000 kurtosis 1.000 spec_cnn 1.000  (15s)
  JSR   -2.0 dB  BER 2.67e-04  P(det)@0.05 power_one_sided 1.000 power_two_sided 1.000 power_csi 1.000 kurtosis 1.000 spec_cnn 1.000  (15s)
  JSR   -1.0 dB  BER 1.11e-03  P(det)@0.05 power_one_sided 1.000 power_two_sided 1.000 power_csi 1.000 kurtosis 1.000 spec_cnn 1.000  (15s)
  JSR   +0.0 dB  BER 3.33e-03  P(det)@0.05 power_one_sided 1.000 power_two_sided 1.000 power_csi 1.000 kurtosis 0.996 spec_cnn 1.000  (16s)
  JSR   +1.0 dB  BER 8.94e-03  P(det)@0.05 power_one_sided 1.000 power_two_sided 1.000 power_csi 1.000 kurtosis 0.922 spec_cnn 1.000  (16s)
  JSR   +2.0 dB  BER 1.83e-02  P(det)@0.05 power_one_sided 1.000 power_two_sided 1.000 power_csi 1.000 kurtosis 0.727 spec_cnn 1.000  (16s)
  JSR   +3.0 dB  BER 3.08e-02  P(det)@0.05 power_one_sided 1.000 power_two_sided 1.000 power_csi 1.000 kurtosis 0.652 spec_cnn 1.000  (16s)
  JSR   +4.0 dB  BER 4.67e-02  P(det)@0.05 power_one_sided 1.000 power_two_sided 1.000 power_csi 1.000 kurtosis 0.762 spec_cnn 1.000  (17s)
  JSR   +5.0 dB  BER 6.83e-02  P(det)@0.05 power_one_sided 1.000 power_two_sided 1.000 power_csi 1.000 kurtosis 0.811 spec_cnn 1.000  (17s)
  JSR   +6.0 dB  BER 9.38e-02  P(det)@0.05 power_one_sided 1.000 power_two_sided 1.000 power_csi 1.000 kurtosis 0.850 spec_cnn 1.000  (17s)
  JSR   +7.0 dB  BER 1.20e-01  P(det)@0.05 power_one_sided 1.000 power_two_sided 1.000 power_csi 1.000 kurtosis 0.867 spec_cnn 1.000  (18s)
  JSR   +8.0 dB  BER 1.50e-01  P(det)@0.05 power_one_sided 1.000 power_two_sided 1.000 power_csi 1.000 kurtosis 0.848 spec_cnn 1.000  (18s)
  JSR   +9.0 dB  BER 1.79e-01  P(det)@0.05 power_one_sided 1.000 power_two_sided 1.000 power_csi 1.000 kurtosis 0.867 spec_cnn 1.000  (18s)
  JSR  +10.0 dB  BER 2.09e-01  P(det)@0.05 power_one_sided 1.000 power_two_sided 1.000 power_csi 1.000 kurtosis 0.873 spec_cnn 1.000  (19s)
  JSR  +11.0 dB  BER 2.37e-01  P(det)@0.05 power_one_sided 1.000 power_two_sided 1.000 power_csi 1.000 kurtosis 0.859 spec_cnn 1.000  (19s)
  JSR  +12.0 dB  BER 2.63e-01  P(det)@0.05 power_one_sided 1.000 power_two_sided 1.000 power_csi 1.000 kurtosis 0.844 spec_cnn 1.000  (19s)
  JSR  +13.0 dB  BER 2.88e-01  P(det)@0.05 power_one_sided 1.000 power_two_sided 1.000 power_csi 1.000 kurtosis 0.850 spec_cnn 1.000  (19s)
  JSR  +14.0 dB  BER 3.09e-01  P(det)@0.05 power_one_sided 1.000 power_two_sided 1.000 power_csi 1.000 kurtosis 0.865 spec_cnn 1.000  (20s)
  JSR  +15.0 dB  BER 3.28e-01  P(det)@0.05 power_one_sided 1.000 power_two_sided 1.000 power_csi 1.000 kurtosis 0.852 spec_cnn 1.000  (20s)
  [shadow_0.03] spec_cnn_b1e+06 confirmed: {"power_one_sided": {"0.01": {"index": 0, "sweep_ber": 0.0, "sweep_pdet": 0.005859375, "confirmed_ber": 0.0, "confirmed_ser": 0.0, "confirmed_pdet": 0.009765625, "passed": true}, "0.05": {"index": 0, "sweep_ber": 0.0, "sweep_pdet": 0.041015625, "confirmed_ber": 0.0, "confirmed_ser": 0.0, "confirmed_pdet": 0.051513671875, "passed": true}}, "power_csi": {"0.01": {"index": 0, "sweep_ber": 0.0, "sweep_pdet": 0.015625, "confirmed_ber": 0.0, "confirmed_ser": 0.0, "confirmed_pdet": 0.010986328125, "passed": true}, "0.05": {"index": 0, "sweep_ber": 0.0, "sweep_pdet": 0.056640625, "confirmed_ber": 0.0, "confirmed_ser": 0.0, "confirmed_pdet": 0.05419921875, "passed": true}}, "power_two_sided": {"0.01": {"index": 0, "sweep_ber": 0.0, "sweep_pdet": 0.0078125, "confirmed_ber": 0.0, "confirmed_ser": 0.0, "confirmed_pdet": 0.010986328125, "passed": true}, "0.05": {"index": 0, "sweep_ber": 0.0, "sweep_pdet": 0.03515625, "confirmed_ber": 0.0, "confirmed_ser": 0.0, "confirmed_pdet": 0.054931640625, "passed": true}}, "kurtosis": {"0.01": {"index": 0, "sweep_ber": 0.0, "sweep_pdet": 0.017578125, "confirmed_ber": 0.0, "confirmed_ser": 0.0, "confirmed_pdet": 0.01025390625, "passed": true}, "0.05": {"index": 0, "sweep_ber": 0.0, "sweep_pdet": 0.0546875, "confirmed_ber": 0.0, "confirmed_ser": 0.0, "confirmed_pdet": 0.047607421875, "passed": true}}, "spec_cnn": {"0.01": {"index": 0, "sweep_ber": 0.0, "sweep_pdet": 0.001953125, "confirmed_ber": 0.0, "confirmed_ser": 0.0, "confirmed_pdet": 0.00927734375, "passed": true}, "0.05": {"index": 0, "sweep_ber": 0.0, "sweep_pdet": 0.04296875, "confirmed_ber": 0.0, "confirmed_ser": 0.0, "confirmed_pdet": 0.049560546875, "passed": true}}}  (1240s)
wrote ../artifacts/cgan/snr_ablation/shadow_run003/shadow_0.03.json in 1240s
