node: artongpu06.ee.ethz.ch | gpu: NVIDIA GeForce RTX 2080 Ti
task 4 | snr_20 | SNR 20 dB | device cuda:0
  [snr_20] scale vmin -34.34 vmax 39.31 dB, n0 1.250e-03  (1s)
  [snr_20] clean BER 2.698e-176, power mean 0.10124, kurtosis mean 1.5082, lrt on  (19s)
detectors: power_one_sided, power_two_sided, kurtosis, spec_cnn, lrt_noise  (thresholds re-calibrated at this level)
clean: BER 0.000e+00 (closed form 2.698e-176), FAR {"power_one_sided": 0.04736328125, "power_two_sided": 0.0537109375, "kurtosis": 0.05517578125, "spec_cnn": 0.04150390625}
  [snr_20] classical noise
    JSR  -50.0 dB  BER 0.00e+00  P(det)@0.05 power_one_sided 0.035 power_two_sided 0.045 kurtosis 0.045 spec_cnn 0.043 lrt_noise 0.072  (0s)
    JSR  -49.0 dB  BER 0.00e+00  P(det)@0.05 power_one_sided 0.047 power_two_sided 0.035 kurtosis 0.061 spec_cnn 0.047 lrt_noise 0.070  (1s)
    JSR  -48.0 dB  BER 0.00e+00  P(det)@0.05 power_one_sided 0.045 power_two_sided 0.051 kurtosis 0.045 spec_cnn 0.043 lrt_noise 0.068  (1s)
    JSR  -47.0 dB  BER 0.00e+00  P(det)@0.05 power_one_sided 0.059 power_two_sided 0.061 kurtosis 0.047 spec_cnn 0.053 lrt_noise 0.059  (1s)
    JSR  -46.0 dB  BER 0.00e+00  P(det)@0.05 power_one_sided 0.055 power_two_sided 0.045 kurtosis 0.035 spec_cnn 0.051 lrt_noise 0.074  (2s)
    JSR  -45.0 dB  BER 0.00e+00  P(det)@0.05 power_one_sided 0.055 power_two_sided 0.053 kurtosis 0.031 spec_cnn 0.045 lrt_noise 0.051  (2s)
    JSR  -44.0 dB  BER 0.00e+00  P(det)@0.05 power_one_sided 0.059 power_two_sided 0.059 kurtosis 0.035 spec_cnn 0.043 lrt_noise 0.070  (2s)
    JSR  -43.0 dB  BER 0.00e+00  P(det)@0.05 power_one_sided 0.055 power_two_sided 0.053 kurtosis 0.047 spec_cnn 0.057 lrt_noise 0.092  (2s)
    JSR  -42.0 dB  BER 0.00e+00  P(det)@0.05 power_one_sided 0.061 power_two_sided 0.043 kurtosis 0.062 spec_cnn 0.066 lrt_noise 0.102  (3s)
    JSR  -41.0 dB  BER 0.00e+00  P(det)@0.05 power_one_sided 0.070 power_two_sided 0.057 kurtosis 0.049 spec_cnn 0.057 lrt_noise 0.102  (3s)
    JSR  -40.0 dB  BER 0.00e+00  P(det)@0.05 power_one_sided 0.070 power_two_sided 0.084 kurtosis 0.039 spec_cnn 0.062 lrt_noise 0.092  (3s)
    JSR  -39.0 dB  BER 0.00e+00  P(det)@0.05 power_one_sided 0.068 power_two_sided 0.070 kurtosis 0.041 spec_cnn 0.057 lrt_noise 0.119  (4s)
    JSR  -38.0 dB  BER 0.00e+00  P(det)@0.05 power_one_sided 0.072 power_two_sided 0.080 kurtosis 0.033 spec_cnn 0.059 lrt_noise 0.166  (4s)
    JSR  -37.0 dB  BER 0.00e+00  P(det)@0.05 power_one_sided 0.068 power_two_sided 0.061 kurtosis 0.055 spec_cnn 0.061 lrt_noise 0.172  (4s)
    JSR  -36.0 dB  BER 0.00e+00  P(det)@0.05 power_one_sided 0.068 power_two_sided 0.057 kurtosis 0.045 spec_cnn 0.051 lrt_noise 0.230  (5s)
    JSR  -35.0 dB  BER 0.00e+00  P(det)@0.05 power_one_sided 0.076 power_two_sided 0.076 kurtosis 0.055 spec_cnn 0.064 lrt_noise 0.270  (5s)
    JSR  -34.0 dB  BER 0.00e+00  P(det)@0.05 power_one_sided 0.078 power_two_sided 0.076 kurtosis 0.057 spec_cnn 0.072 lrt_noise 0.373  (5s)
    JSR  -33.0 dB  BER 0.00e+00  P(det)@0.05 power_one_sided 0.078 power_two_sided 0.066 kurtosis 0.059 spec_cnn 0.078 lrt_noise 0.527  (6s)
    JSR  -32.0 dB  BER 0.00e+00  P(det)@0.05 power_one_sided 0.084 power_two_sided 0.059 kurtosis 0.047 spec_cnn 0.064 lrt_noise 0.670  (6s)
    JSR  -31.0 dB  BER 0.00e+00  P(det)@0.05 power_one_sided 0.084 power_two_sided 0.049 kurtosis 0.051 spec_cnn 0.070 lrt_noise 0.838  (6s)
    JSR  -30.0 dB  BER 0.00e+00  P(det)@0.05 power_one_sided 0.096 power_two_sided 0.072 kurtosis 0.043 spec_cnn 0.104 lrt_noise 0.939  (6s)
    JSR  -29.0 dB  BER 0.00e+00  P(det)@0.05 power_one_sided 0.141 power_two_sided 0.096 kurtosis 0.066 spec_cnn 0.119 lrt_noise 0.998  (7s)
    JSR  -28.0 dB  BER 0.00e+00  P(det)@0.05 power_one_sided 0.150 power_two_sided 0.105 kurtosis 0.062 spec_cnn 0.096 lrt_noise 1.000  (7s)
    JSR  -27.0 dB  BER 0.00e+00  P(det)@0.05 power_one_sided 0.188 power_two_sided 0.133 kurtosis 0.053 spec_cnn 0.158 lrt_noise 1.000  (7s)
    JSR  -26.0 dB  BER 0.00e+00  P(det)@0.05 power_one_sided 0.221 power_two_sided 0.170 kurtosis 0.053 spec_cnn 0.189 lrt_noise 1.000  (8s)
    JSR  -25.0 dB  BER 0.00e+00  P(det)@0.05 power_one_sided 0.281 power_two_sided 0.203 kurtosis 0.051 spec_cnn 0.275 lrt_noise 1.000  (8s)
    JSR  -24.0 dB  BER 0.00e+00  P(det)@0.05 power_one_sided 0.320 power_two_sided 0.223 kurtosis 0.037 spec_cnn 0.375 lrt_noise 1.000  (8s)
    JSR  -23.0 dB  BER 0.00e+00  P(det)@0.05 power_one_sided 0.451 power_two_sided 0.348 kurtosis 0.037 spec_cnn 0.482 lrt_noise 1.000  (9s)
    JSR  -22.0 dB  BER 0.00e+00  P(det)@0.05 power_one_sided 0.564 power_two_sided 0.461 kurtosis 0.057 spec_cnn 0.648 lrt_noise 1.000  (9s)
    JSR  -21.0 dB  BER 0.00e+00  P(det)@0.05 power_one_sided 0.648 power_two_sided 0.582 kurtosis 0.049 spec_cnn 0.859 lrt_noise 1.000  (9s)
    JSR  -20.0 dB  BER 0.00e+00  P(det)@0.05 power_one_sided 0.789 power_two_sided 0.740 kurtosis 0.066 spec_cnn 0.951 lrt_noise 1.000  (10s)
    JSR  -19.0 dB  BER 0.00e+00  P(det)@0.05 power_one_sided 0.898 power_two_sided 0.855 kurtosis 0.105 spec_cnn 0.994 lrt_noise 1.000  (10s)
    JSR  -18.0 dB  BER 0.00e+00  P(det)@0.05 power_one_sided 0.969 power_two_sided 0.949 kurtosis 0.141 spec_cnn 1.000 lrt_noise 1.000  (10s)
    JSR  -17.0 dB  BER 0.00e+00  P(det)@0.05 power_one_sided 0.992 power_two_sided 0.990 kurtosis 0.127 spec_cnn 1.000 lrt_noise 1.000  (11s)
    JSR  -16.0 dB  BER 0.00e+00  P(det)@0.05 power_one_sided 1.000 power_two_sided 0.998 kurtosis 0.230 spec_cnn 1.000 lrt_noise 1.000  (11s)
    JSR  -15.0 dB  BER 0.00e+00  P(det)@0.05 power_one_sided 1.000 power_two_sided 1.000 kurtosis 0.295 spec_cnn 1.000 lrt_noise 1.000  (11s)
    JSR  -14.0 dB  BER 0.00e+00  P(det)@0.05 power_one_sided 1.000 power_two_sided 1.000 kurtosis 0.408 spec_cnn 1.000 lrt_noise 1.000  (11s)
    JSR  -13.0 dB  BER 0.00e+00  P(det)@0.05 power_one_sided 1.000 power_two_sided 1.000 kurtosis 0.543 spec_cnn 1.000 lrt_noise 1.000  (12s)
    JSR  -12.0 dB  BER 0.00e+00  P(det)@0.05 power_one_sided 1.000 power_two_sided 1.000 kurtosis 0.713 spec_cnn 1.000 lrt_noise 1.000  (12s)
    JSR  -11.0 dB  BER 0.00e+00  P(det)@0.05 power_one_sided 1.000 power_two_sided 1.000 kurtosis 0.904 spec_cnn 1.000 lrt_noise 1.000  (12s)
    JSR  -10.0 dB  BER 0.00e+00  P(det)@0.05 power_one_sided 1.000 power_two_sided 1.000 kurtosis 0.980 spec_cnn 1.000 lrt_noise 1.000  (13s)
    JSR   -9.0 dB  BER 0.00e+00  P(det)@0.05 power_one_sided 1.000 power_two_sided 1.000 kurtosis 1.000 spec_cnn 1.000 lrt_noise 1.000  (13s)
    JSR   -8.0 dB  BER 0.00e+00  P(det)@0.05 power_one_sided 1.000 power_two_sided 1.000 kurtosis 1.000 spec_cnn 1.000 lrt_noise 1.000  (13s)
    JSR   -7.0 dB  BER 0.00e+00  P(det)@0.05 power_one_sided 1.000 power_two_sided 1.000 kurtosis 1.000 spec_cnn 1.000 lrt_noise 1.000  (14s)
    JSR   -6.0 dB  BER 0.00e+00  P(det)@0.05 power_one_sided 1.000 power_two_sided 1.000 kurtosis 1.000 spec_cnn 1.000 lrt_noise 1.000  (14s)
    JSR   -5.0 dB  BER 0.00e+00  P(det)@0.05 power_one_sided 1.000 power_two_sided 1.000 kurtosis 1.000 spec_cnn 1.000 lrt_noise 1.000  (14s)
    JSR   -4.0 dB  BER 1.53e-05  P(det)@0.05 power_one_sided 1.000 power_two_sided 1.000 kurtosis 1.000 spec_cnn 1.000 lrt_noise 1.000  (15s)
    JSR   -3.0 dB  BER 1.53e-05  P(det)@0.05 power_one_sided 1.000 power_two_sided 1.000 kurtosis 1.000 spec_cnn 1.000 lrt_noise 1.000  (15s)
    JSR   -2.0 dB  BER 2.14e-04  P(det)@0.05 power_one_sided 1.000 power_two_sided 1.000 kurtosis 1.000 spec_cnn 1.000 lrt_noise 1.000  (15s)
    JSR   -1.0 dB  BER 7.71e-04  P(det)@0.05 power_one_sided 1.000 power_two_sided 1.000 kurtosis 1.000 spec_cnn 1.000 lrt_noise 1.000  (15s)
    JSR   +0.0 dB  BER 2.46e-03  P(det)@0.05 power_one_sided 1.000 power_two_sided 1.000 kurtosis 1.000 spec_cnn 1.000 lrt_noise 1.000  (16s)
    JSR   +1.0 dB  BER 5.80e-03  P(det)@0.05 power_one_sided 1.000 power_two_sided 1.000 kurtosis 1.000 spec_cnn 1.000 lrt_noise 1.000  (16s)
    JSR   +2.0 dB  BER 1.29e-02  P(det)@0.05 power_one_sided 1.000 power_two_sided 1.000 kurtosis 1.000 spec_cnn 1.000 lrt_noise 1.000  (16s)
    JSR   +3.0 dB  BER 2.27e-02  P(det)@0.05 power_one_sided 1.000 power_two_sided 1.000 kurtosis 1.000 spec_cnn 1.000 lrt_noise 1.000  (17s)
    JSR   +4.0 dB  BER 3.70e-02  P(det)@0.05 power_one_sided 1.000 power_two_sided 1.000 kurtosis 1.000 spec_cnn 1.000 lrt_noise 1.000  (17s)
    JSR   +5.0 dB  BER 5.65e-02  P(det)@0.05 power_one_sided 1.000 power_two_sided 1.000 kurtosis 1.000 spec_cnn 1.000 lrt_noise 1.000  (17s)
    JSR   +6.0 dB  BER 7.86e-02  P(det)@0.05 power_one_sided 1.000 power_two_sided 1.000 kurtosis 1.000 spec_cnn 1.000 lrt_noise 1.000  (18s)
    JSR   +7.0 dB  BER 1.04e-01  P(det)@0.05 power_one_sided 1.000 power_two_sided 1.000 kurtosis 1.000 spec_cnn 1.000 lrt_noise 1.000  (18s)
    JSR   +8.0 dB  BER 1.31e-01  P(det)@0.05 power_one_sided 1.000 power_two_sided 1.000 kurtosis 1.000 spec_cnn 1.000 lrt_noise 1.000  (18s)
    JSR   +9.0 dB  BER 1.58e-01  P(det)@0.05 power_one_sided 1.000 power_two_sided 1.000 kurtosis 1.000 spec_cnn 1.000 lrt_noise 1.000  (19s)
    JSR  +10.0 dB  BER 1.85e-01  P(det)@0.05 power_one_sided 1.000 power_two_sided 1.000 kurtosis 1.000 spec_cnn 1.000 lrt_noise 1.000  (19s)
    JSR  +11.0 dB  BER 2.13e-01  P(det)@0.05 power_one_sided 1.000 power_two_sided 1.000 kurtosis 1.000 spec_cnn 1.000 lrt_noise 1.000  (19s)
    JSR  +12.0 dB  BER 2.38e-01  P(det)@0.05 power_one_sided 1.000 power_two_sided 1.000 kurtosis 1.000 spec_cnn 1.000 lrt_noise 1.000  (19s)
    JSR  +13.0 dB  BER 2.63e-01  P(det)@0.05 power_one_sided 1.000 power_two_sided 1.000 kurtosis 1.000 spec_cnn 1.000 lrt_noise 1.000  (20s)
    JSR  +14.0 dB  BER 2.87e-01  P(det)@0.05 power_one_sided 1.000 power_two_sided 1.000 kurtosis 1.000 spec_cnn 1.000 lrt_noise 1.000  (20s)
    JSR  +15.0 dB  BER 3.09e-01  P(det)@0.05 power_one_sided 1.000 power_two_sided 1.000 kurtosis 1.000 spec_cnn 1.000 lrt_noise 1.000  (20s)
  [snr_20] noise confirmed: {"power_one_sided": {"0.01": {"index": 0, "sweep_ber": 0.0, "sweep_pdet": 0.0078125, "confirmed_ber": 0.0, "confirmed_ser": 0.0, "confirmed_pdet": 0.01171875, "passed": true}, "0.05": {"index": 0, "sweep_ber": 0.0, "sweep_pdet": 0.03515625, "confirmed_ber": 0.0, "confirmed_ser": 0.0, "confirmed_pdet": 0.058349609375, "passed": false}}, "power_two_sided": {"0.01": {"index": 0, "sweep_ber": 0.0, "sweep_pdet": 0.009765625, "confirmed_ber": 0.0, "confirmed_ser": 0.0, "confirmed_pdet": 0.0087890625, "passed": true}, "0.05": {"index": 0, "sweep_ber": 0.0, "sweep_pdet": 0.044921875, "confirmed_ber": 0.0, "confirmed_ser": 0.0, "confirmed_pdet": 0.048583984375, "passed": true}}, "kurtosis": {"0.01": {"index": 0, "sweep_ber": 0.0, "sweep_pdet": 0.005859375, "confirmed_ber": 0.0, "confirmed_ser": 0.0, "confirmed_pdet": 0.0068359375, "passed": true}, "0.05": {"index": 0, "sweep_ber": 0.0, "sweep_pdet": 0.044921875, "confirmed_ber": 0.0, "confirmed_ser": 0.0, "confirmed_pdet": 0.0546875, "passed": true}}, "spec_cnn": {"0.01": {"index": 0, "sweep_ber": 0.0, "sweep_pdet": 0.013671875, "confirmed_ber": 0.0, "confirmed_ser": 0.0, "confirmed_pdet": 0.012939453125, "passed": true}, "0.05": {"index": 0, "sweep_ber": 0.0, "sweep_pdet": 0.04296875, "confirmed_ber": 0.0, "confirmed_ser": 0.0, "confirmed_pdet": 0.0478515625, "passed": true}}, "lrt_noise": {"0.01": {"index": 0, "sweep_ber": 0.0, "sweep_pdet": 0.013671875, "confirmed_ber": 0.0, "confirmed_ser": 0.0, "confirmed_pdet": 0.00927734375, "passed": true}, "0.05": {"index": 2, "sweep_ber": 0.0, "sweep_pdet": 0.068359375, "confirmed_ber": 0.0, "confirmed_ser": 0.0, "confirmed_pdet": 0.058349609375, "passed": false}}}  (65s)
  [snr_20] classical pulsed_p1
    JSR  -50.0 dB  BER 0.00e+00  P(det)@0.05 power_one_sided 0.047 power_two_sided 0.047 kurtosis 0.049 spec_cnn 0.051  (0s)
    JSR  -49.0 dB  BER 0.00e+00  P(det)@0.05 power_one_sided 0.059 power_two_sided 0.057 kurtosis 0.064 spec_cnn 0.043  (1s)
    JSR  -48.0 dB  BER 0.00e+00  P(det)@0.05 power_one_sided 0.059 power_two_sided 0.051 kurtosis 0.051 spec_cnn 0.059  (1s)
    JSR  -47.0 dB  BER 0.00e+00  P(det)@0.05 power_one_sided 0.061 power_two_sided 0.068 kurtosis 0.047 spec_cnn 0.041  (1s)
    JSR  -46.0 dB  BER 0.00e+00  P(det)@0.05 power_one_sided 0.062 power_two_sided 0.043 kurtosis 0.066 spec_cnn 0.035  (2s)
    JSR  -45.0 dB  BER 0.00e+00  P(det)@0.05 power_one_sided 0.053 power_two_sided 0.051 kurtosis 0.053 spec_cnn 0.045  (2s)
    JSR  -44.0 dB  BER 0.00e+00  P(det)@0.05 power_one_sided 0.057 power_two_sided 0.049 kurtosis 0.039 spec_cnn 0.051  (2s)
    JSR  -43.0 dB  BER 0.00e+00  P(det)@0.05 power_one_sided 0.051 power_two_sided 0.053 kurtosis 0.053 spec_cnn 0.059  (3s)
    JSR  -42.0 dB  BER 0.00e+00  P(det)@0.05 power_one_sided 0.055 power_two_sided 0.062 kurtosis 0.059 spec_cnn 0.064  (3s)
    JSR  -41.0 dB  BER 0.00e+00  P(det)@0.05 power_one_sided 0.082 power_two_sided 0.064 kurtosis 0.049 spec_cnn 0.053  (3s)
    JSR  -40.0 dB  BER 0.00e+00  P(det)@0.05 power_one_sided 0.078 power_two_sided 0.070 kurtosis 0.059 spec_cnn 0.053  (3s)
    JSR  -39.0 dB  BER 0.00e+00  P(det)@0.05 power_one_sided 0.051 power_two_sided 0.051 kurtosis 0.035 spec_cnn 0.049  (4s)
    JSR  -38.0 dB  BER 0.00e+00  P(det)@0.05 power_one_sided 0.064 power_two_sided 0.062 kurtosis 0.035 spec_cnn 0.049  (4s)
    JSR  -37.0 dB  BER 0.00e+00  P(det)@0.05 power_one_sided 0.084 power_two_sided 0.088 kurtosis 0.045 spec_cnn 0.051  (4s)
    JSR  -36.0 dB  BER 0.00e+00  P(det)@0.05 power_one_sided 0.062 power_two_sided 0.084 kurtosis 0.043 spec_cnn 0.051  (5s)
    JSR  -35.0 dB  BER 0.00e+00  P(det)@0.05 power_one_sided 0.107 power_two_sided 0.096 kurtosis 0.055 spec_cnn 0.066  (5s)
    JSR  -34.0 dB  BER 0.00e+00  P(det)@0.05 power_one_sided 0.111 power_two_sided 0.104 kurtosis 0.055 spec_cnn 0.072  (5s)
    JSR  -33.0 dB  BER 0.00e+00  P(det)@0.05 power_one_sided 0.088 power_two_sided 0.092 kurtosis 0.068 spec_cnn 0.064  (6s)
    JSR  -32.0 dB  BER 0.00e+00  P(det)@0.05 power_one_sided 0.109 power_two_sided 0.094 kurtosis 0.057 spec_cnn 0.055  (6s)
    JSR  -31.0 dB  BER 0.00e+00  P(det)@0.05 power_one_sided 0.145 power_two_sided 0.141 kurtosis 0.064 spec_cnn 0.092  (6s)
    JSR  -30.0 dB  BER 0.00e+00  P(det)@0.05 power_one_sided 0.137 power_two_sided 0.150 kurtosis 0.045 spec_cnn 0.084  (7s)
    JSR  -29.0 dB  BER 0.00e+00  P(det)@0.05 power_one_sided 0.152 power_two_sided 0.160 kurtosis 0.045 spec_cnn 0.082  (7s)
    JSR  -28.0 dB  BER 0.00e+00  P(det)@0.05 power_one_sided 0.182 power_two_sided 0.170 kurtosis 0.043 spec_cnn 0.113  (7s)
    JSR  -27.0 dB  BER 0.00e+00  P(det)@0.05 power_one_sided 0.242 power_two_sided 0.250 kurtosis 0.057 spec_cnn 0.156  (7s)
    JSR  -26.0 dB  BER 0.00e+00  P(det)@0.05 power_one_sided 0.270 power_two_sided 0.275 kurtosis 0.062 spec_cnn 0.121  (8s)
    JSR  -25.0 dB  BER 0.00e+00  P(det)@0.05 power_one_sided 0.320 power_two_sided 0.338 kurtosis 0.041 spec_cnn 0.197  (8s)
    JSR  -24.0 dB  BER 0.00e+00  P(det)@0.05 power_one_sided 0.369 power_two_sided 0.365 kurtosis 0.057 spec_cnn 0.188  (8s)
    JSR  -23.0 dB  BER 0.00e+00  P(det)@0.05 power_one_sided 0.447 power_two_sided 0.482 kurtosis 0.057 spec_cnn 0.213  (9s)
    JSR  -22.0 dB  BER 0.00e+00  P(det)@0.05 power_one_sided 0.498 power_two_sided 0.492 kurtosis 0.074 spec_cnn 0.275  (9s)
    JSR  -21.0 dB  BER 0.00e+00  P(det)@0.05 power_one_sided 0.592 power_two_sided 0.598 kurtosis 0.094 spec_cnn 0.322  (9s)
    JSR  -20.0 dB  BER 0.00e+00  P(det)@0.05 power_one_sided 0.670 power_two_sided 0.684 kurtosis 0.094 spec_cnn 0.381  (10s)
    JSR  -19.0 dB  BER 0.00e+00  P(det)@0.05 power_one_sided 0.680 power_two_sided 0.705 kurtosis 0.115 spec_cnn 0.398  (10s)
    JSR  -18.0 dB  BER 0.00e+00  P(det)@0.05 power_one_sided 0.729 power_two_sided 0.744 kurtosis 0.164 spec_cnn 0.484  (10s)
    JSR  -17.0 dB  BER 0.00e+00  P(det)@0.05 power_one_sided 0.826 power_two_sided 0.844 kurtosis 0.191 spec_cnn 0.533  (11s)
    JSR  -16.0 dB  BER 0.00e+00  P(det)@0.05 power_one_sided 0.846 power_two_sided 0.859 kurtosis 0.318 spec_cnn 0.549  (11s)
    JSR  -15.0 dB  BER 0.00e+00  P(det)@0.05 power_one_sided 0.885 power_two_sided 0.900 kurtosis 0.439 spec_cnn 0.631  (11s)
    JSR  -14.0 dB  BER 0.00e+00  P(det)@0.05 power_one_sided 0.932 power_two_sided 0.932 kurtosis 0.588 spec_cnn 0.660  (12s)
    JSR  -13.0 dB  BER 0.00e+00  P(det)@0.05 power_one_sided 0.969 power_two_sided 0.971 kurtosis 0.773 spec_cnn 0.684  (12s)
    JSR  -12.0 dB  BER 0.00e+00  P(det)@0.05 power_one_sided 0.977 power_two_sided 0.979 kurtosis 0.896 spec_cnn 0.697  (12s)
    JSR  -11.0 dB  BER 0.00e+00  P(det)@0.05 power_one_sided 0.994 power_two_sided 0.996 kurtosis 0.973 spec_cnn 0.814  (12s)
    JSR  -10.0 dB  BER 0.00e+00  P(det)@0.05 power_one_sided 0.998 power_two_sided 0.998 kurtosis 0.994 spec_cnn 0.805  (13s)
    JSR   -9.0 dB  BER 0.00e+00  P(det)@0.05 power_one_sided 0.998 power_two_sided 0.998 kurtosis 1.000 spec_cnn 0.848  (13s)
    JSR   -8.0 dB  BER 0.00e+00  P(det)@0.05 power_one_sided 1.000 power_two_sided 1.000 kurtosis 1.000 spec_cnn 0.869  (13s)
    JSR   -7.0 dB  BER 7.63e-05  P(det)@0.05 power_one_sided 1.000 power_two_sided 1.000 kurtosis 1.000 spec_cnn 0.914  (14s)
    JSR   -6.0 dB  BER 1.75e-03  P(det)@0.05 power_one_sided 1.000 power_two_sided 1.000 kurtosis 1.000 spec_cnn 0.918  (14s)
    JSR   -5.0 dB  BER 7.75e-03  P(det)@0.05 power_one_sided 1.000 power_two_sided 1.000 kurtosis 1.000 spec_cnn 0.959  (14s)
    JSR   -4.0 dB  BER 2.40e-02  P(det)@0.05 power_one_sided 1.000 power_two_sided 1.000 kurtosis 1.000 spec_cnn 0.969  (15s)
    JSR   -3.0 dB  BER 5.84e-02  P(det)@0.05 power_one_sided 1.000 power_two_sided 1.000 kurtosis 1.000 spec_cnn 0.982  (15s)
    JSR   -2.0 dB  BER 1.13e-01  P(det)@0.05 power_one_sided 1.000 power_two_sided 1.000 kurtosis 1.000 spec_cnn 0.996  (15s)
    JSR   -1.0 dB  BER 1.55e-01  P(det)@0.05 power_one_sided 1.000 power_two_sided 1.000 kurtosis 1.000 spec_cnn 0.998  (16s)
    JSR   +0.0 dB  BER 1.98e-01  P(det)@0.05 power_one_sided 1.000 power_two_sided 1.000 kurtosis 1.000 spec_cnn 1.000  (16s)
    JSR   +1.0 dB  BER 2.36e-01  P(det)@0.05 power_one_sided 1.000 power_two_sided 1.000 kurtosis 1.000 spec_cnn 1.000  (16s)
    JSR   +2.0 dB  BER 2.67e-01  P(det)@0.05 power_one_sided 1.000 power_two_sided 1.000 kurtosis 1.000 spec_cnn 1.000  (17s)
    JSR   +3.0 dB  BER 2.90e-01  P(det)@0.05 power_one_sided 1.000 power_two_sided 1.000 kurtosis 1.000 spec_cnn 1.000  (17s)
    JSR   +4.0 dB  BER 3.13e-01  P(det)@0.05 power_one_sided 1.000 power_two_sided 1.000 kurtosis 1.000 spec_cnn 1.000  (17s)
    JSR   +5.0 dB  BER 3.24e-01  P(det)@0.05 power_one_sided 1.000 power_two_sided 1.000 kurtosis 0.988 spec_cnn 1.000  (18s)
    JSR   +6.0 dB  BER 3.52e-01  P(det)@0.05 power_one_sided 1.000 power_two_sided 1.000 kurtosis 0.961 spec_cnn 1.000  (18s)
    JSR   +7.0 dB  BER 3.63e-01  P(det)@0.05 power_one_sided 1.000 power_two_sided 1.000 kurtosis 0.768 spec_cnn 1.000  (18s)
    JSR   +8.0 dB  BER 3.76e-01  P(det)@0.05 power_one_sided 1.000 power_two_sided 1.000 kurtosis 0.322 spec_cnn 1.000  (19s)
    JSR   +9.0 dB  BER 3.90e-01  P(det)@0.05 power_one_sided 1.000 power_two_sided 1.000 kurtosis 0.104 spec_cnn 1.000  (19s)
    JSR  +10.0 dB  BER 4.03e-01  P(det)@0.05 power_one_sided 1.000 power_two_sided 1.000 kurtosis 0.121 spec_cnn 1.000  (19s)
    JSR  +11.0 dB  BER 4.14e-01  P(det)@0.05 power_one_sided 1.000 power_two_sided 1.000 kurtosis 0.455 spec_cnn 1.000  (20s)
    JSR  +12.0 dB  BER 4.20e-01  P(det)@0.05 power_one_sided 1.000 power_two_sided 1.000 kurtosis 0.719 spec_cnn 1.000  (20s)
    JSR  +13.0 dB  BER 4.32e-01  P(det)@0.05 power_one_sided 1.000 power_two_sided 1.000 kurtosis 0.906 spec_cnn 1.000  (20s)
    JSR  +14.0 dB  BER 4.37e-01  P(det)@0.05 power_one_sided 1.000 power_two_sided 1.000 kurtosis 0.977 spec_cnn 1.000  (21s)
    JSR  +15.0 dB  BER 4.43e-01  P(det)@0.05 power_one_sided 1.000 power_two_sided 1.000 kurtosis 0.992 spec_cnn 1.000  (21s)
  [snr_20] pulsed_p1 confirmed: {"power_one_sided": {"0.01": {"index": 0, "sweep_ber": 0.0, "sweep_pdet": 0.013671875, "confirmed_ber": 0.0, "confirmed_ser": 0.0, "confirmed_pdet": 0.014892578125, "passed": false}, "0.05": {"index": 0, "sweep_ber": 0.0, "sweep_pdet": 0.046875, "confirmed_ber": 0.0, "confirmed_ser": 0.0, "confirmed_pdet": 0.0595703125, "passed": false}}, "power_two_sided": {"0.01": {"index": 0, "sweep_ber": 0.0, "sweep_pdet": 0.00390625, "confirmed_ber": 0.0, "confirmed_ser": 0.0, "confirmed_pdet": 0.01025390625, "passed": true}, "0.05": {"index": 0, "sweep_ber": 0.0, "sweep_pdet": 0.046875, "confirmed_ber": 0.0, "confirmed_ser": 0.0, "confirmed_pdet": 0.058837890625, "passed": false}}, "kurtosis": {"0.01": {"index": 0, "sweep_ber": 0.0, "sweep_pdet": 0.013671875, "confirmed_ber": 0.0, "confirmed_ser": 0.0, "confirmed_pdet": 0.0087890625, "passed": true}, "0.05": {"index": 0, "sweep_ber": 0.0, "sweep_pdet": 0.048828125, "confirmed_ber": 0.0, "confirmed_ser": 0.0, "confirmed_pdet": 0.03857421875, "passed": true}}, "spec_cnn": {"0.01": {"index": 0, "sweep_ber": 0.0, "sweep_pdet": 0.009765625, "confirmed_ber": 0.0, "confirmed_ser": 0.0, "confirmed_pdet": 0.0087890625, "passed": true}, "0.05": {"index": 0, "sweep_ber": 0.0, "sweep_pdet": 0.05078125, "confirmed_ber": 0.0, "confirmed_ser": 0.0, "confirmed_pdet": 0.060791015625, "passed": false}}}  (108s)
  [snr_20] classical pulsed_p0.5
    JSR  -50.0 dB  BER 0.00e+00  P(det)@0.05 power_one_sided 0.055 power_two_sided 0.061 kurtosis 0.061 spec_cnn 0.049  (0s)
    JSR  -49.0 dB  BER 0.00e+00  P(det)@0.05 power_one_sided 0.062 power_two_sided 0.051 kurtosis 0.041 spec_cnn 0.041  (1s)
    JSR  -48.0 dB  BER 0.00e+00  P(det)@0.05 power_one_sided 0.035 power_two_sided 0.049 kurtosis 0.051 spec_cnn 0.053  (1s)
    JSR  -47.0 dB  BER 0.00e+00  P(det)@0.05 power_one_sided 0.055 power_two_sided 0.062 kurtosis 0.049 spec_cnn 0.033  (1s)
    JSR  -46.0 dB  BER 0.00e+00  P(det)@0.05 power_one_sided 0.072 power_two_sided 0.078 kurtosis 0.037 spec_cnn 0.064  (2s)
    JSR  -45.0 dB  BER 0.00e+00  P(det)@0.05 power_one_sided 0.082 power_two_sided 0.066 kurtosis 0.047 spec_cnn 0.057  (2s)
    JSR  -44.0 dB  BER 0.00e+00  P(det)@0.05 power_one_sided 0.080 power_two_sided 0.057 kurtosis 0.051 spec_cnn 0.053  (2s)
    JSR  -43.0 dB  BER 0.00e+00  P(det)@0.05 power_one_sided 0.061 power_two_sided 0.047 kurtosis 0.041 spec_cnn 0.062  (3s)
    JSR  -42.0 dB  BER 0.00e+00  P(det)@0.05 power_one_sided 0.041 power_two_sided 0.047 kurtosis 0.045 spec_cnn 0.049  (3s)
    JSR  -41.0 dB  BER 0.00e+00  P(det)@0.05 power_one_sided 0.076 power_two_sided 0.061 kurtosis 0.047 spec_cnn 0.057  (4s)
    JSR  -40.0 dB  BER 0.00e+00  P(det)@0.05 power_one_sided 0.064 power_two_sided 0.055 kurtosis 0.041 spec_cnn 0.053  (4s)
    JSR  -39.0 dB  BER 0.00e+00  P(det)@0.05 power_one_sided 0.080 power_two_sided 0.055 kurtosis 0.070 spec_cnn 0.047  (4s)
    JSR  -38.0 dB  BER 0.00e+00  P(det)@0.05 power_one_sided 0.049 power_two_sided 0.055 kurtosis 0.068 spec_cnn 0.055  (5s)
    JSR  -37.0 dB  BER 0.00e+00  P(det)@0.05 power_one_sided 0.072 power_two_sided 0.059 kurtosis 0.043 spec_cnn 0.043  (5s)
    JSR  -36.0 dB  BER 0.00e+00  P(det)@0.05 power_one_sided 0.057 power_two_sided 0.049 kurtosis 0.061 spec_cnn 0.055  (5s)
    JSR  -35.0 dB  BER 0.00e+00  P(det)@0.05 power_one_sided 0.076 power_two_sided 0.078 kurtosis 0.047 spec_cnn 0.049  (6s)
    JSR  -34.0 dB  BER 0.00e+00  P(det)@0.05 power_one_sided 0.078 power_two_sided 0.105 kurtosis 0.043 spec_cnn 0.068  (6s)
    JSR  -33.0 dB  BER 0.00e+00  P(det)@0.05 power_one_sided 0.121 power_two_sided 0.100 kurtosis 0.023 spec_cnn 0.070  (6s)
    JSR  -32.0 dB  BER 0.00e+00  P(det)@0.05 power_one_sided 0.111 power_two_sided 0.115 kurtosis 0.043 spec_cnn 0.098  (7s)
    JSR  -31.0 dB  BER 0.00e+00  P(det)@0.05 power_one_sided 0.119 power_two_sided 0.133 kurtosis 0.051 spec_cnn 0.084  (7s)
    JSR  -30.0 dB  BER 0.00e+00  P(det)@0.05 power_one_sided 0.141 power_two_sided 0.119 kurtosis 0.055 spec_cnn 0.094  (7s)
    JSR  -29.0 dB  BER 0.00e+00  P(det)@0.05 power_one_sided 0.205 power_two_sided 0.211 kurtosis 0.057 spec_cnn 0.096  (8s)
    JSR  -28.0 dB  BER 0.00e+00  P(det)@0.05 power_one_sided 0.221 power_two_sided 0.201 kurtosis 0.047 spec_cnn 0.096  (8s)
    JSR  -27.0 dB  BER 0.00e+00  P(det)@0.05 power_one_sided 0.248 power_two_sided 0.254 kurtosis 0.053 spec_cnn 0.115  (8s)
    JSR  -26.0 dB  BER 0.00e+00  P(det)@0.05 power_one_sided 0.297 power_two_sided 0.322 kurtosis 0.051 spec_cnn 0.156  (9s)
    JSR  -25.0 dB  BER 0.00e+00  P(det)@0.05 power_one_sided 0.355 power_two_sided 0.318 kurtosis 0.062 spec_cnn 0.145  (9s)
    JSR  -24.0 dB  BER 0.00e+00  P(det)@0.05 power_one_sided 0.381 power_two_sided 0.385 kurtosis 0.062 spec_cnn 0.199  (10s)
    JSR  -23.0 dB  BER 0.00e+00  P(det)@0.05 power_one_sided 0.447 power_two_sided 0.447 kurtosis 0.059 spec_cnn 0.248  (10s)
    JSR  -22.0 dB  BER 0.00e+00  P(det)@0.05 power_one_sided 0.498 power_two_sided 0.516 kurtosis 0.061 spec_cnn 0.275  (10s)
    JSR  -21.0 dB  BER 0.00e+00  P(det)@0.05 power_one_sided 0.553 power_two_sided 0.549 kurtosis 0.076 spec_cnn 0.322  (11s)
    JSR  -20.0 dB  BER 0.00e+00  P(det)@0.05 power_one_sided 0.666 power_two_sided 0.662 kurtosis 0.094 spec_cnn 0.354  (11s)
    JSR  -19.0 dB  BER 0.00e+00  P(det)@0.05 power_one_sided 0.652 power_two_sided 0.678 kurtosis 0.098 spec_cnn 0.381  (11s)
    JSR  -18.0 dB  BER 0.00e+00  P(det)@0.05 power_one_sided 0.771 power_two_sided 0.764 kurtosis 0.176 spec_cnn 0.461  (12s)
    JSR  -17.0 dB  BER 0.00e+00  P(det)@0.05 power_one_sided 0.801 power_two_sided 0.797 kurtosis 0.211 spec_cnn 0.471  (12s)
    JSR  -16.0 dB  BER 0.00e+00  P(det)@0.05 power_one_sided 0.869 power_two_sided 0.889 kurtosis 0.330 spec_cnn 0.500  (12s)
    JSR  -15.0 dB  BER 0.00e+00  P(det)@0.05 power_one_sided 0.896 power_two_sided 0.918 kurtosis 0.455 spec_cnn 0.584  (13s)
    JSR  -14.0 dB  BER 0.00e+00  P(det)@0.05 power_one_sided 0.941 power_two_sided 0.945 kurtosis 0.631 spec_cnn 0.623  (13s)
    JSR  -13.0 dB  BER 0.00e+00  P(det)@0.05 power_one_sided 0.967 power_two_sided 0.973 kurtosis 0.801 spec_cnn 0.645  (13s)
    JSR  -12.0 dB  BER 0.00e+00  P(det)@0.05 power_one_sided 0.977 power_two_sided 0.980 kurtosis 0.920 spec_cnn 0.646  (14s)
    JSR  -11.0 dB  BER 0.00e+00  P(det)@0.05 power_one_sided 0.984 power_two_sided 0.986 kurtosis 0.977 spec_cnn 0.705  (14s)
    JSR  -10.0 dB  BER 7.63e-06  P(det)@0.05 power_one_sided 1.000 power_two_sided 1.000 kurtosis 0.996 spec_cnn 0.740  (15s)
    JSR   -9.0 dB  BER 2.14e-04  P(det)@0.05 power_one_sided 0.998 power_two_sided 0.998 kurtosis 0.998 spec_cnn 0.803  (15s)
    JSR   -8.0 dB  BER 1.30e-03  P(det)@0.05 power_one_sided 1.000 power_two_sided 1.000 kurtosis 1.000 spec_cnn 0.828  (15s)
    JSR   -7.0 dB  BER 5.93e-03  P(det)@0.05 power_one_sided 1.000 power_two_sided 1.000 kurtosis 1.000 spec_cnn 0.848  (16s)
    JSR   -6.0 dB  BER 1.85e-02  P(det)@0.05 power_one_sided 1.000 power_two_sided 1.000 kurtosis 1.000 spec_cnn 0.863  (16s)
    JSR   -5.0 dB  BER 4.26e-02  P(det)@0.05 power_one_sided 1.000 power_two_sided 1.000 kurtosis 1.000 spec_cnn 0.910  (16s)
    JSR   -4.0 dB  BER 6.91e-02  P(det)@0.05 power_one_sided 1.000 power_two_sided 1.000 kurtosis 1.000 spec_cnn 0.971  (17s)
    JSR   -3.0 dB  BER 9.41e-02  P(det)@0.05 power_one_sided 1.000 power_two_sided 1.000 kurtosis 1.000 spec_cnn 0.980  (17s)
    JSR   -2.0 dB  BER 1.15e-01  P(det)@0.05 power_one_sided 1.000 power_two_sided 1.000 kurtosis 1.000 spec_cnn 0.998  (17s)
    JSR   -1.0 dB  BER 1.38e-01  P(det)@0.05 power_one_sided 1.000 power_two_sided 1.000 kurtosis 1.000 spec_cnn 0.998  (18s)
    JSR   +0.0 dB  BER 1.53e-01  P(det)@0.05 power_one_sided 1.000 power_two_sided 1.000 kurtosis 1.000 spec_cnn 1.000  (18s)
    JSR   +1.0 dB  BER 1.71e-01  P(det)@0.05 power_one_sided 1.000 power_two_sided 1.000 kurtosis 1.000 spec_cnn 1.000  (19s)
    JSR   +2.0 dB  BER 1.88e-01  P(det)@0.05 power_one_sided 1.000 power_two_sided 1.000 kurtosis 1.000 spec_cnn 1.000  (19s)
    JSR   +3.0 dB  BER 2.01e-01  P(det)@0.05 power_one_sided 1.000 power_two_sided 1.000 kurtosis 1.000 spec_cnn 1.000  (19s)
    JSR   +4.0 dB  BER 2.12e-01  P(det)@0.05 power_one_sided 1.000 power_two_sided 1.000 kurtosis 1.000 spec_cnn 1.000  (20s)
    JSR   +5.0 dB  BER 2.27e-01  P(det)@0.05 power_one_sided 1.000 power_two_sided 1.000 kurtosis 1.000 spec_cnn 1.000  (20s)
    JSR   +6.0 dB  BER 2.39e-01  P(det)@0.05 power_one_sided 1.000 power_two_sided 1.000 kurtosis 1.000 spec_cnn 1.000  (20s)
    JSR   +7.0 dB  BER 2.49e-01  P(det)@0.05 power_one_sided 1.000 power_two_sided 1.000 kurtosis 1.000 spec_cnn 1.000  (21s)
    JSR   +8.0 dB  BER 2.65e-01  P(det)@0.05 power_one_sided 1.000 power_two_sided 1.000 kurtosis 1.000 spec_cnn 1.000  (21s)
    JSR   +9.0 dB  BER 2.78e-01  P(det)@0.05 power_one_sided 1.000 power_two_sided 1.000 kurtosis 1.000 spec_cnn 1.000  (21s)
    JSR  +10.0 dB  BER 2.90e-01  P(det)@0.05 power_one_sided 1.000 power_two_sided 1.000 kurtosis 1.000 spec_cnn 1.000  (22s)
    JSR  +11.0 dB  BER 2.97e-01  P(det)@0.05 power_one_sided 1.000 power_two_sided 1.000 kurtosis 1.000 spec_cnn 1.000  (22s)
    JSR  +12.0 dB  BER 3.13e-01  P(det)@0.05 power_one_sided 1.000 power_two_sided 1.000 kurtosis 1.000 spec_cnn 1.000  (22s)
    JSR  +13.0 dB  BER 3.22e-01  P(det)@0.05 power_one_sided 1.000 power_two_sided 1.000 kurtosis 1.000 spec_cnn 1.000  (23s)
    JSR  +14.0 dB  BER 3.35e-01  P(det)@0.05 power_one_sided 1.000 power_two_sided 1.000 kurtosis 1.000 spec_cnn 1.000  (23s)
    JSR  +15.0 dB  BER 3.39e-01  P(det)@0.05 power_one_sided 1.000 power_two_sided 1.000 kurtosis 1.000 spec_cnn 1.000  (24s)
  [snr_20] pulsed_p0.5 confirmed: {"power_one_sided": {"0.01": {"index": 0, "sweep_ber": 0.0, "sweep_pdet": 0.009765625, "confirmed_ber": 0.0, "confirmed_ser": 0.0, "confirmed_pdet": 0.01123046875, "passed": true}, "0.05": {"index": 0, "sweep_ber": 0.0, "sweep_pdet": 0.0546875, "confirmed_ber": 0.0, "confirmed_ser": 0.0, "confirmed_pdet": 0.056396484375, "passed": true}}, "power_two_sided": {"0.01": {"index": 0, "sweep_ber": 0.0, "sweep_pdet": 0.013671875, "confirmed_ber": 0.0, "confirmed_ser": 0.0, "confirmed_pdet": 0.0087890625, "passed": true}, "0.05": {"index": 0, "sweep_ber": 0.0, "sweep_pdet": 0.060546875, "confirmed_ber": 0.0, "confirmed_ser": 0.0, "confirmed_pdet": 0.058837890625, "passed": false}}, "kurtosis": {"0.01": {"index": 0, "sweep_ber": 0.0, "sweep_pdet": 0.005859375, "confirmed_ber": 0.0, "confirmed_ser": 0.0, "confirmed_pdet": 0.00927734375, "passed": true}, "0.05": {"index": 0, "sweep_ber": 0.0, "sweep_pdet": 0.060546875, "confirmed_ber": 0.0, "confirmed_ser": 0.0, "confirmed_pdet": 0.045166015625, "passed": true}}, "spec_cnn": {"0.01": {"index": 0, "sweep_ber": 0.0, "sweep_pdet": 0.01171875, "confirmed_ber": 0.0, "confirmed_ser": 0.0, "confirmed_pdet": 0.007568359375, "passed": true}, "0.05": {"index": 0, "sweep_ber": 0.0, "sweep_pdet": 0.048828125, "confirmed_ber": 0.0, "confirmed_ser": 0.0, "confirmed_pdet": 0.052490234375, "passed": true}}}  (154s)
  [snr_20] classical pulsed_p0.25
    JSR  -50.0 dB  BER 0.00e+00  P(det)@0.05 power_one_sided 0.062 power_two_sided 0.051 kurtosis 0.051 spec_cnn 0.061  (0s)
    JSR  -49.0 dB  BER 0.00e+00  P(det)@0.05 power_one_sided 0.055 power_two_sided 0.066 kurtosis 0.043 spec_cnn 0.051  (1s)
    JSR  -48.0 dB  BER 0.00e+00  P(det)@0.05 power_one_sided 0.068 power_two_sided 0.068 kurtosis 0.047 spec_cnn 0.037  (1s)
    JSR  -47.0 dB  BER 0.00e+00  P(det)@0.05 power_one_sided 0.051 power_two_sided 0.053 kurtosis 0.039 spec_cnn 0.062  (1s)
    JSR  -46.0 dB  BER 0.00e+00  P(det)@0.05 power_one_sided 0.059 power_two_sided 0.076 kurtosis 0.045 spec_cnn 0.039  (2s)
    JSR  -45.0 dB  BER 0.00e+00  P(det)@0.05 power_one_sided 0.057 power_two_sided 0.045 kurtosis 0.041 spec_cnn 0.053  (2s)
    JSR  -44.0 dB  BER 0.00e+00  P(det)@0.05 power_one_sided 0.047 power_two_sided 0.047 kurtosis 0.047 spec_cnn 0.057  (2s)
    JSR  -43.0 dB  BER 0.00e+00  P(det)@0.05 power_one_sided 0.068 power_two_sided 0.055 kurtosis 0.029 spec_cnn 0.047  (3s)
    JSR  -42.0 dB  BER 0.00e+00  P(det)@0.05 power_one_sided 0.062 power_two_sided 0.059 kurtosis 0.045 spec_cnn 0.041  (3s)
    JSR  -41.0 dB  BER 0.00e+00  P(det)@0.05 power_one_sided 0.051 power_two_sided 0.051 kurtosis 0.055 spec_cnn 0.049  (4s)
    JSR  -40.0 dB  BER 0.00e+00  P(det)@0.05 power_one_sided 0.051 power_two_sided 0.033 kurtosis 0.039 spec_cnn 0.055  (4s)
    JSR  -39.0 dB  BER 0.00e+00  P(det)@0.05 power_one_sided 0.055 power_two_sided 0.070 kurtosis 0.033 spec_cnn 0.035  (4s)
    JSR  -38.0 dB  BER 0.00e+00  P(det)@0.05 power_one_sided 0.047 power_two_sided 0.047 kurtosis 0.053 spec_cnn 0.061  (5s)
    JSR  -37.0 dB  BER 0.00e+00  P(det)@0.05 power_one_sided 0.076 power_two_sided 0.068 kurtosis 0.051 spec_cnn 0.051  (5s)
    JSR  -36.0 dB  BER 0.00e+00  P(det)@0.05 power_one_sided 0.080 power_two_sided 0.092 kurtosis 0.051 spec_cnn 0.064  (5s)
    JSR  -35.0 dB  BER 0.00e+00  P(det)@0.05 power_one_sided 0.072 power_two_sided 0.076 kurtosis 0.035 spec_cnn 0.041  (6s)
    JSR  -34.0 dB  BER 0.00e+00  P(det)@0.05 power_one_sided 0.076 power_two_sided 0.078 kurtosis 0.057 spec_cnn 0.061  (6s)
    JSR  -33.0 dB  BER 0.00e+00  P(det)@0.05 power_one_sided 0.098 power_two_sided 0.096 kurtosis 0.061 spec_cnn 0.072  (6s)
    JSR  -32.0 dB  BER 0.00e+00  P(det)@0.05 power_one_sided 0.131 power_two_sided 0.111 kurtosis 0.061 spec_cnn 0.074  (7s)
    JSR  -31.0 dB  BER 0.00e+00  P(det)@0.05 power_one_sided 0.111 power_two_sided 0.117 kurtosis 0.066 spec_cnn 0.068  (7s)
    JSR  -30.0 dB  BER 0.00e+00  P(det)@0.05 power_one_sided 0.131 power_two_sided 0.133 kurtosis 0.045 spec_cnn 0.088  (8s)
    JSR  -29.0 dB  BER 0.00e+00  P(det)@0.05 power_one_sided 0.195 power_two_sided 0.180 kurtosis 0.047 spec_cnn 0.109  (8s)
    JSR  -28.0 dB  BER 0.00e+00  P(det)@0.05 power_one_sided 0.221 power_two_sided 0.188 kurtosis 0.051 spec_cnn 0.125  (8s)
    JSR  -27.0 dB  BER 0.00e+00  P(det)@0.05 power_one_sided 0.238 power_two_sided 0.252 kurtosis 0.041 spec_cnn 0.125  (9s)
    JSR  -26.0 dB  BER 0.00e+00  P(det)@0.05 power_one_sided 0.271 power_two_sided 0.256 kurtosis 0.059 spec_cnn 0.129  (9s)
    JSR  -25.0 dB  BER 0.00e+00  P(det)@0.05 power_one_sided 0.330 power_two_sided 0.355 kurtosis 0.062 spec_cnn 0.188  (9s)
    JSR  -24.0 dB  BER 0.00e+00  P(det)@0.05 power_one_sided 0.344 power_two_sided 0.379 kurtosis 0.049 spec_cnn 0.182  (10s)
    JSR  -23.0 dB  BER 0.00e+00  P(det)@0.05 power_one_sided 0.430 power_two_sided 0.441 kurtosis 0.064 spec_cnn 0.232  (10s)
    JSR  -22.0 dB  BER 0.00e+00  P(det)@0.05 power_one_sided 0.498 power_two_sided 0.500 kurtosis 0.076 spec_cnn 0.277  (10s)
    JSR  -21.0 dB  BER 0.00e+00  P(det)@0.05 power_one_sided 0.562 power_two_sided 0.592 kurtosis 0.084 spec_cnn 0.240  (11s)
    JSR  -20.0 dB  BER 0.00e+00  P(det)@0.05 power_one_sided 0.596 power_two_sided 0.611 kurtosis 0.092 spec_cnn 0.305  (11s)
    JSR  -19.0 dB  BER 0.00e+00  P(det)@0.05 power_one_sided 0.709 power_two_sided 0.695 kurtosis 0.113 spec_cnn 0.332  (12s)
    JSR  -18.0 dB  BER 0.00e+00  P(det)@0.05 power_one_sided 0.758 power_two_sided 0.770 kurtosis 0.166 spec_cnn 0.340  (12s)
    JSR  -17.0 dB  BER 0.00e+00  P(det)@0.05 power_one_sided 0.795 power_two_sided 0.799 kurtosis 0.217 spec_cnn 0.383  (12s)
    JSR  -16.0 dB  BER 0.00e+00  P(det)@0.05 power_one_sided 0.854 power_two_sided 0.875 kurtosis 0.309 spec_cnn 0.443  (13s)
    JSR  -15.0 dB  BER 0.00e+00  P(det)@0.05 power_one_sided 0.910 power_two_sided 0.914 kurtosis 0.504 spec_cnn 0.426  (13s)
    JSR  -14.0 dB  BER 0.00e+00  P(det)@0.05 power_one_sided 0.936 power_two_sided 0.953 kurtosis 0.633 spec_cnn 0.457  (13s)
    JSR  -13.0 dB  BER 0.00e+00  P(det)@0.05 power_one_sided 0.959 power_two_sided 0.967 kurtosis 0.793 spec_cnn 0.508  (14s)
    JSR  -12.0 dB  BER 7.63e-05  P(det)@0.05 power_one_sided 0.973 power_two_sided 0.982 kurtosis 0.926 spec_cnn 0.547  (14s)
    JSR  -11.0 dB  BER 2.98e-04  P(det)@0.05 power_one_sided 0.992 power_two_sided 0.994 kurtosis 0.977 spec_cnn 0.523  (14s)
    JSR  -10.0 dB  BER 1.84e-03  P(det)@0.05 power_one_sided 0.996 power_two_sided 0.998 kurtosis 0.998 spec_cnn 0.588  (15s)
    JSR   -9.0 dB  BER 6.91e-03  P(det)@0.05 power_one_sided 0.998 power_two_sided 0.998 kurtosis 0.998 spec_cnn 0.625  (15s)
    JSR   -8.0 dB  BER 1.77e-02  P(det)@0.05 power_one_sided 1.000 power_two_sided 1.000 kurtosis 0.998 spec_cnn 0.711  (15s)
    JSR   -7.0 dB  BER 3.14e-02  P(det)@0.05 power_one_sided 1.000 power_two_sided 1.000 kurtosis 1.000 spec_cnn 0.760  (16s)
    JSR   -6.0 dB  BER 4.55e-02  P(det)@0.05 power_one_sided 1.000 power_two_sided 1.000 kurtosis 1.000 spec_cnn 0.777  (16s)
    JSR   -5.0 dB  BER 5.68e-02  P(det)@0.05 power_one_sided 1.000 power_two_sided 1.000 kurtosis 1.000 spec_cnn 0.846  (17s)
    JSR   -4.0 dB  BER 7.04e-02  P(det)@0.05 power_one_sided 1.000 power_two_sided 1.000 kurtosis 1.000 spec_cnn 0.879  (17s)
    JSR   -3.0 dB  BER 8.11e-02  P(det)@0.05 power_one_sided 1.000 power_two_sided 1.000 kurtosis 1.000 spec_cnn 0.957  (17s)
    JSR   -2.0 dB  BER 8.95e-02  P(det)@0.05 power_one_sided 1.000 power_two_sided 1.000 kurtosis 1.000 spec_cnn 0.982  (18s)
    JSR   -1.0 dB  BER 9.71e-02  P(det)@0.05 power_one_sided 1.000 power_two_sided 1.000 kurtosis 1.000 spec_cnn 0.990  (18s)
    JSR   +0.0 dB  BER 1.07e-01  P(det)@0.05 power_one_sided 1.000 power_two_sided 1.000 kurtosis 1.000 spec_cnn 1.000  (18s)
    JSR   +1.0 dB  BER 1.15e-01  P(det)@0.05 power_one_sided 1.000 power_two_sided 1.000 kurtosis 1.000 spec_cnn 1.000  (19s)
    JSR   +2.0 dB  BER 1.24e-01  P(det)@0.05 power_one_sided 1.000 power_two_sided 1.000 kurtosis 1.000 spec_cnn 1.000  (19s)
    JSR   +3.0 dB  BER 1.29e-01  P(det)@0.05 power_one_sided 1.000 power_two_sided 1.000 kurtosis 1.000 spec_cnn 1.000  (19s)
    JSR   +4.0 dB  BER 1.39e-01  P(det)@0.05 power_one_sided 1.000 power_two_sided 1.000 kurtosis 1.000 spec_cnn 1.000  (20s)
    JSR   +5.0 dB  BER 1.43e-01  P(det)@0.05 power_one_sided 1.000 power_two_sided 1.000 kurtosis 1.000 spec_cnn 1.000  (20s)
    JSR   +6.0 dB  BER 1.56e-01  P(det)@0.05 power_one_sided 1.000 power_two_sided 1.000 kurtosis 1.000 spec_cnn 1.000  (21s)
    JSR   +7.0 dB  BER 1.63e-01  P(det)@0.05 power_one_sided 1.000 power_two_sided 1.000 kurtosis 1.000 spec_cnn 1.000  (21s)
    JSR   +8.0 dB  BER 1.71e-01  P(det)@0.05 power_one_sided 1.000 power_two_sided 1.000 kurtosis 1.000 spec_cnn 1.000  (21s)
    JSR   +9.0 dB  BER 1.92e-01  P(det)@0.05 power_one_sided 1.000 power_two_sided 1.000 kurtosis 1.000 spec_cnn 1.000  (22s)
    JSR  +10.0 dB  BER 2.02e-01  P(det)@0.05 power_one_sided 1.000 power_two_sided 1.000 kurtosis 1.000 spec_cnn 1.000  (22s)
    JSR  +11.0 dB  BER 2.05e-01  P(det)@0.05 power_one_sided 1.000 power_two_sided 1.000 kurtosis 1.000 spec_cnn 1.000  (22s)
    JSR  +12.0 dB  BER 2.14e-01  P(det)@0.05 power_one_sided 1.000 power_two_sided 1.000 kurtosis 1.000 spec_cnn 1.000  (23s)
    JSR  +13.0 dB  BER 2.25e-01  P(det)@0.05 power_one_sided 1.000 power_two_sided 1.000 kurtosis 1.000 spec_cnn 1.000  (23s)
    JSR  +14.0 dB  BER 2.42e-01  P(det)@0.05 power_one_sided 1.000 power_two_sided 1.000 kurtosis 1.000 spec_cnn 1.000  (23s)
    JSR  +15.0 dB  BER 2.38e-01  P(det)@0.05 power_one_sided 1.000 power_two_sided 1.000 kurtosis 1.000 spec_cnn 1.000  (24s)
  [snr_20] pulsed_p0.25 confirmed: {"power_one_sided": {"0.01": {"index": 0, "sweep_ber": 0.0, "sweep_pdet": 0.01171875, "confirmed_ber": 0.0, "confirmed_ser": 0.0, "confirmed_pdet": 0.0107421875, "passed": true}, "0.05": {"index": 0, "sweep_ber": 0.0, "sweep_pdet": 0.0625, "confirmed_ber": 0.0, "confirmed_ser": 0.0, "confirmed_pdet": 0.057373046875, "passed": false}}, "power_two_sided": {"0.01": {"index": 0, "sweep_ber": 0.0, "sweep_pdet": 0.009765625, "confirmed_ber": 0.0, "confirmed_ser": 0.0, "confirmed_pdet": 0.01025390625, "passed": true}, "0.05": {"index": 0, "sweep_ber": 0.0, "sweep_pdet": 0.05078125, "confirmed_ber": 0.0, "confirmed_ser": 0.0, "confirmed_pdet": 0.061767578125, "passed": false}}, "kurtosis": {"0.01": {"index": 0, "sweep_ber": 0.0, "sweep_pdet": 0.0078125, "confirmed_ber": 0.0, "confirmed_ser": 0.0, "confirmed_pdet": 0.01123046875, "passed": true}, "0.05": {"index": 0, "sweep_ber": 0.0, "sweep_pdet": 0.05078125, "confirmed_ber": 0.0, "confirmed_ser": 0.0, "confirmed_pdet": 0.0478515625, "passed": true}}, "spec_cnn": {"0.01": {"index": 1, "sweep_ber": 0.0, "sweep_pdet": 0.0078125, "confirmed_ber": 0.0, "confirmed_ser": 0.0, "confirmed_pdet": 0.010986328125, "passed": true}, "0.05": {"index": 0, "sweep_ber": 0.0, "sweep_pdet": 0.060546875, "confirmed_ber": 0.0, "confirmed_ser": 0.0, "confirmed_pdet": 0.04638671875, "passed": true}}}  (201s)
  [snr_20] classical pulsed_p0.1
    JSR  -50.0 dB  BER 0.00e+00  P(det)@0.05 power_one_sided 0.057 power_two_sided 0.062 kurtosis 0.057 spec_cnn 0.047  (0s)
    JSR  -49.0 dB  BER 0.00e+00  P(det)@0.05 power_one_sided 0.068 power_two_sided 0.053 kurtosis 0.066 spec_cnn 0.072  (1s)
    JSR  -48.0 dB  BER 0.00e+00  P(det)@0.05 power_one_sided 0.045 power_two_sided 0.045 kurtosis 0.051 spec_cnn 0.053  (1s)
    JSR  -47.0 dB  BER 0.00e+00  P(det)@0.05 power_one_sided 0.072 power_two_sided 0.074 kurtosis 0.049 spec_cnn 0.055  (1s)
    JSR  -46.0 dB  BER 0.00e+00  P(det)@0.05 power_one_sided 0.049 power_two_sided 0.055 kurtosis 0.047 spec_cnn 0.074  (2s)
    JSR  -45.0 dB  BER 0.00e+00  P(det)@0.05 power_one_sided 0.053 power_two_sided 0.043 kurtosis 0.053 spec_cnn 0.053  (2s)
    JSR  -44.0 dB  BER 0.00e+00  P(det)@0.05 power_one_sided 0.055 power_two_sided 0.049 kurtosis 0.041 spec_cnn 0.029  (3s)
    JSR  -43.0 dB  BER 0.00e+00  P(det)@0.05 power_one_sided 0.053 power_two_sided 0.064 kurtosis 0.045 spec_cnn 0.068  (3s)
    JSR  -42.0 dB  BER 0.00e+00  P(det)@0.05 power_one_sided 0.070 power_two_sided 0.057 kurtosis 0.043 spec_cnn 0.051  (3s)
    JSR  -41.0 dB  BER 0.00e+00  P(det)@0.05 power_one_sided 0.043 power_two_sided 0.070 kurtosis 0.049 spec_cnn 0.051  (4s)
    JSR  -40.0 dB  BER 0.00e+00  P(det)@0.05 power_one_sided 0.055 power_two_sided 0.072 kurtosis 0.049 spec_cnn 0.051  (4s)
    JSR  -39.0 dB  BER 0.00e+00  P(det)@0.05 power_one_sided 0.064 power_two_sided 0.064 kurtosis 0.047 spec_cnn 0.049  (4s)
    JSR  -38.0 dB  BER 0.00e+00  P(det)@0.05 power_one_sided 0.066 power_two_sided 0.045 kurtosis 0.045 spec_cnn 0.061  (5s)
    JSR  -37.0 dB  BER 0.00e+00  P(det)@0.05 power_one_sided 0.068 power_two_sided 0.068 kurtosis 0.039 spec_cnn 0.055  (5s)
    JSR  -36.0 dB  BER 0.00e+00  P(det)@0.05 power_one_sided 0.049 power_two_sided 0.064 kurtosis 0.035 spec_cnn 0.061  (6s)
    JSR  -35.0 dB  BER 0.00e+00  P(det)@0.05 power_one_sided 0.084 power_two_sided 0.076 kurtosis 0.057 spec_cnn 0.051  (6s)
    JSR  -34.0 dB  BER 0.00e+00  P(det)@0.05 power_one_sided 0.072 power_two_sided 0.070 kurtosis 0.039 spec_cnn 0.072  (6s)
    JSR  -33.0 dB  BER 0.00e+00  P(det)@0.05 power_one_sided 0.082 power_two_sided 0.090 kurtosis 0.049 spec_cnn 0.088  (7s)
    JSR  -32.0 dB  BER 0.00e+00  P(det)@0.05 power_one_sided 0.111 power_two_sided 0.125 kurtosis 0.043 spec_cnn 0.078  (7s)
    JSR  -31.0 dB  BER 0.00e+00  P(det)@0.05 power_one_sided 0.113 power_two_sided 0.115 kurtosis 0.055 spec_cnn 0.096  (7s)
    JSR  -30.0 dB  BER 0.00e+00  P(det)@0.05 power_one_sided 0.174 power_two_sided 0.152 kurtosis 0.051 spec_cnn 0.098  (8s)
    JSR  -29.0 dB  BER 0.00e+00  P(det)@0.05 power_one_sided 0.156 power_two_sided 0.170 kurtosis 0.061 spec_cnn 0.082  (8s)
    JSR  -28.0 dB  BER 0.00e+00  P(det)@0.05 power_one_sided 0.230 power_two_sided 0.256 kurtosis 0.055 spec_cnn 0.098  (8s)
    JSR  -27.0 dB  BER 0.00e+00  P(det)@0.05 power_one_sided 0.238 power_two_sided 0.262 kurtosis 0.051 spec_cnn 0.135  (9s)
    JSR  -26.0 dB  BER 0.00e+00  P(det)@0.05 power_one_sided 0.279 power_two_sided 0.297 kurtosis 0.049 spec_cnn 0.131  (9s)
    JSR  -25.0 dB  BER 0.00e+00  P(det)@0.05 power_one_sided 0.342 power_two_sided 0.346 kurtosis 0.064 spec_cnn 0.137  (10s)
    JSR  -24.0 dB  BER 0.00e+00  P(det)@0.05 power_one_sided 0.377 power_two_sided 0.389 kurtosis 0.041 spec_cnn 0.156  (10s)
    JSR  -23.0 dB  BER 0.00e+00  P(det)@0.05 power_one_sided 0.451 power_two_sided 0.447 kurtosis 0.053 spec_cnn 0.143  (10s)
    JSR  -22.0 dB  BER 0.00e+00  P(det)@0.05 power_one_sided 0.494 power_two_sided 0.490 kurtosis 0.066 spec_cnn 0.195  (11s)
    JSR  -21.0 dB  BER 0.00e+00  P(det)@0.05 power_one_sided 0.547 power_two_sided 0.586 kurtosis 0.072 spec_cnn 0.199  (11s)
    JSR  -20.0 dB  BER 0.00e+00  P(det)@0.05 power_one_sided 0.609 power_two_sided 0.621 kurtosis 0.078 spec_cnn 0.215  (11s)
    JSR  -19.0 dB  BER 0.00e+00  P(det)@0.05 power_one_sided 0.709 power_two_sided 0.725 kurtosis 0.143 spec_cnn 0.219  (12s)
    JSR  -18.0 dB  BER 0.00e+00  P(det)@0.05 power_one_sided 0.740 power_two_sided 0.734 kurtosis 0.182 spec_cnn 0.262  (12s)
    JSR  -17.0 dB  BER 1.53e-05  P(det)@0.05 power_one_sided 0.799 power_two_sided 0.812 kurtosis 0.270 spec_cnn 0.205  (12s)
    JSR  -16.0 dB  BER 1.53e-05  P(det)@0.05 power_one_sided 0.848 power_two_sided 0.857 kurtosis 0.410 spec_cnn 0.264  (13s)
    JSR  -15.0 dB  BER 2.37e-04  P(det)@0.05 power_one_sided 0.906 power_two_sided 0.914 kurtosis 0.582 spec_cnn 0.309  (13s)
    JSR  -14.0 dB  BER 9.00e-04  P(det)@0.05 power_one_sided 0.939 power_two_sided 0.941 kurtosis 0.729 spec_cnn 0.244  (13s)
    JSR  -13.0 dB  BER 2.91e-03  P(det)@0.05 power_one_sided 0.951 power_two_sided 0.947 kurtosis 0.875 spec_cnn 0.270  (14s)
    JSR  -12.0 dB  BER 6.42e-03  P(det)@0.05 power_one_sided 0.975 power_two_sided 0.982 kurtosis 0.955 spec_cnn 0.287  (14s)
    JSR  -11.0 dB  BER 1.06e-02  P(det)@0.05 power_one_sided 0.992 power_two_sided 0.992 kurtosis 0.980 spec_cnn 0.336  (15s)
    JSR  -10.0 dB  BER 1.62e-02  P(det)@0.05 power_one_sided 0.998 power_two_sided 0.996 kurtosis 0.990 spec_cnn 0.404  (15s)
    JSR   -9.0 dB  BER 2.12e-02  P(det)@0.05 power_one_sided 1.000 power_two_sided 1.000 kurtosis 1.000 spec_cnn 0.412  (15s)
    JSR   -8.0 dB  BER 2.70e-02  P(det)@0.05 power_one_sided 0.998 power_two_sided 0.998 kurtosis 1.000 spec_cnn 0.430  (16s)
    JSR   -7.0 dB  BER 3.19e-02  P(det)@0.05 power_one_sided 1.000 power_two_sided 1.000 kurtosis 1.000 spec_cnn 0.537  (16s)
    JSR   -6.0 dB  BER 3.48e-02  P(det)@0.05 power_one_sided 1.000 power_two_sided 1.000 kurtosis 1.000 spec_cnn 0.602  (16s)
    JSR   -5.0 dB  BER 3.92e-02  P(det)@0.05 power_one_sided 1.000 power_two_sided 1.000 kurtosis 1.000 spec_cnn 0.756  (17s)
    JSR   -4.0 dB  BER 4.26e-02  P(det)@0.05 power_one_sided 1.000 power_two_sided 1.000 kurtosis 1.000 spec_cnn 0.848  (17s)
    JSR   -3.0 dB  BER 4.66e-02  P(det)@0.05 power_one_sided 1.000 power_two_sided 1.000 kurtosis 1.000 spec_cnn 0.939  (17s)
    JSR   -2.0 dB  BER 4.99e-02  P(det)@0.05 power_one_sided 1.000 power_two_sided 1.000 kurtosis 1.000 spec_cnn 0.977  (18s)
    JSR   -1.0 dB  BER 5.37e-02  P(det)@0.05 power_one_sided 1.000 power_two_sided 1.000 kurtosis 1.000 spec_cnn 0.998  (18s)
    JSR   +0.0 dB  BER 5.63e-02  P(det)@0.05 power_one_sided 1.000 power_two_sided 1.000 kurtosis 1.000 spec_cnn 1.000  (19s)
    JSR   +1.0 dB  BER 6.00e-02  P(det)@0.05 power_one_sided 1.000 power_two_sided 1.000 kurtosis 1.000 spec_cnn 1.000  (19s)
    JSR   +2.0 dB  BER 6.25e-02  P(det)@0.05 power_one_sided 1.000 power_two_sided 1.000 kurtosis 1.000 spec_cnn 1.000  (19s)
    JSR   +3.0 dB  BER 6.97e-02  P(det)@0.05 power_one_sided 1.000 power_two_sided 1.000 kurtosis 1.000 spec_cnn 1.000  (20s)
    JSR   +4.0 dB  BER 7.57e-02  P(det)@0.05 power_one_sided 1.000 power_two_sided 1.000 kurtosis 1.000 spec_cnn 1.000  (20s)
    JSR   +5.0 dB  BER 8.04e-02  P(det)@0.05 power_one_sided 1.000 power_two_sided 1.000 kurtosis 1.000 spec_cnn 1.000  (20s)
    JSR   +6.0 dB  BER 8.99e-02  P(det)@0.05 power_one_sided 1.000 power_two_sided 1.000 kurtosis 1.000 spec_cnn 1.000  (21s)
    JSR   +7.0 dB  BER 9.44e-02  P(det)@0.05 power_one_sided 1.000 power_two_sided 1.000 kurtosis 1.000 spec_cnn 1.000  (21s)
    JSR   +8.0 dB  BER 9.87e-02  P(det)@0.05 power_one_sided 1.000 power_two_sided 1.000 kurtosis 1.000 spec_cnn 1.000  (21s)
    JSR   +9.0 dB  BER 1.06e-01  P(det)@0.05 power_one_sided 1.000 power_two_sided 1.000 kurtosis 1.000 spec_cnn 1.000  (22s)
    JSR  +10.0 dB  BER 1.07e-01  P(det)@0.05 power_one_sided 1.000 power_two_sided 1.000 kurtosis 1.000 spec_cnn 1.000  (22s)
    JSR  +11.0 dB  BER 1.17e-01  P(det)@0.05 power_one_sided 1.000 power_two_sided 1.000 kurtosis 1.000 spec_cnn 1.000  (22s)
    JSR  +12.0 dB  BER 1.23e-01  P(det)@0.05 power_one_sided 1.000 power_two_sided 1.000 kurtosis 1.000 spec_cnn 1.000  (23s)
    JSR  +13.0 dB  BER 1.30e-01  P(det)@0.05 power_one_sided 1.000 power_two_sided 1.000 kurtosis 1.000 spec_cnn 1.000  (23s)
    JSR  +14.0 dB  BER 1.37e-01  P(det)@0.05 power_one_sided 1.000 power_two_sided 1.000 kurtosis 1.000 spec_cnn 1.000  (24s)
    JSR  +15.0 dB  BER 1.46e-01  P(det)@0.05 power_one_sided 1.000 power_two_sided 1.000 kurtosis 1.000 spec_cnn 1.000  (24s)
  [snr_20] pulsed_p0.1 confirmed: {"power_one_sided": {"0.01": {"index": 1, "sweep_ber": 0.0, "sweep_pdet": 0.01171875, "confirmed_ber": 0.0, "confirmed_ser": 0.0, "confirmed_pdet": 0.008056640625, "passed": true}, "0.05": {"index": 0, "sweep_ber": 0.0, "sweep_pdet": 0.056640625, "confirmed_ber": 0.0, "confirmed_ser": 0.0, "confirmed_pdet": 0.052490234375, "passed": true}}, "power_two_sided": {"0.01": {"index": 0, "sweep_ber": 0.0, "sweep_pdet": 0.015625, "confirmed_ber": 0.0, "confirmed_ser": 0.0, "confirmed_pdet": 0.011962890625, "passed": true}, "0.05": {"index": 0, "sweep_ber": 0.0, "sweep_pdet": 0.0625, "confirmed_ber": 0.0, "confirmed_ser": 0.0, "confirmed_pdet": 0.049560546875, "passed": true}}, "kurtosis": {"0.01": {"index": 0, "sweep_ber": 0.0, "sweep_pdet": 0.0078125, "confirmed_ber": 0.0, "confirmed_ser": 0.0, "confirmed_pdet": 0.009521484375, "passed": true}, "0.05": {"index": 0, "sweep_ber": 0.0, "sweep_pdet": 0.056640625, "confirmed_ber": 0.0, "confirmed_ser": 0.0, "confirmed_pdet": 0.050537109375, "passed": true}}, "spec_cnn": {"0.01": {"index": 0, "sweep_ber": 0.0, "sweep_pdet": 0.00390625, "confirmed_ber": 0.0, "confirmed_ser": 0.0, "confirmed_pdet": 0.008544921875, "passed": true}, "0.05": {"index": 0, "sweep_ber": 0.0, "sweep_pdet": 0.046875, "confirmed_ber": 0.0, "confirmed_ser": 0.0, "confirmed_pdet": 0.050048828125, "passed": true}}}  (248s)
  [snr_20] classical omniscient_e0.1
    JSR  -50.0 dB  BER 0.00e+00  P(det)@0.05 power_one_sided 0.059 power_two_sided 0.051 kurtosis 0.053 spec_cnn 0.051  (0s)
    JSR  -49.0 dB  BER 0.00e+00  P(det)@0.05 power_one_sided 0.057 power_two_sided 0.051 kurtosis 0.047 spec_cnn 0.051  (1s)
    JSR  -48.0 dB  BER 0.00e+00  P(det)@0.05 power_one_sided 0.041 power_two_sided 0.051 kurtosis 0.055 spec_cnn 0.049  (1s)
    JSR  -47.0 dB  BER 0.00e+00  P(det)@0.05 power_one_sided 0.035 power_two_sided 0.043 kurtosis 0.041 spec_cnn 0.055  (1s)
    JSR  -46.0 dB  BER 0.00e+00  P(det)@0.05 power_one_sided 0.059 power_two_sided 0.047 kurtosis 0.066 spec_cnn 0.049  (2s)
    JSR  -45.0 dB  BER 0.00e+00  P(det)@0.05 power_one_sided 0.051 power_two_sided 0.059 kurtosis 0.053 spec_cnn 0.049  (2s)
    JSR  -44.0 dB  BER 0.00e+00  P(det)@0.05 power_one_sided 0.059 power_two_sided 0.061 kurtosis 0.041 spec_cnn 0.043  (3s)
    JSR  -43.0 dB  BER 0.00e+00  P(det)@0.05 power_one_sided 0.043 power_two_sided 0.059 kurtosis 0.051 spec_cnn 0.051  (3s)
    JSR  -42.0 dB  BER 0.00e+00  P(det)@0.05 power_one_sided 0.059 power_two_sided 0.051 kurtosis 0.045 spec_cnn 0.055  (3s)
    JSR  -41.0 dB  BER 0.00e+00  P(det)@0.05 power_one_sided 0.049 power_two_sided 0.043 kurtosis 0.045 spec_cnn 0.066  (4s)
    JSR  -40.0 dB  BER 0.00e+00  P(det)@0.05 power_one_sided 0.055 power_two_sided 0.057 kurtosis 0.051 spec_cnn 0.047  (4s)
    JSR  -39.0 dB  BER 0.00e+00  P(det)@0.05 power_one_sided 0.047 power_two_sided 0.047 kurtosis 0.053 spec_cnn 0.041  (4s)
    JSR  -38.0 dB  BER 0.00e+00  P(det)@0.05 power_one_sided 0.057 power_two_sided 0.053 kurtosis 0.047 spec_cnn 0.041  (5s)
    JSR  -37.0 dB  BER 0.00e+00  P(det)@0.05 power_one_sided 0.059 power_two_sided 0.053 kurtosis 0.051 spec_cnn 0.061  (5s)
    JSR  -36.0 dB  BER 0.00e+00  P(det)@0.05 power_one_sided 0.031 power_two_sided 0.031 kurtosis 0.041 spec_cnn 0.066  (5s)
    JSR  -35.0 dB  BER 0.00e+00  P(det)@0.05 power_one_sided 0.045 power_two_sided 0.062 kurtosis 0.049 spec_cnn 0.055  (6s)
    JSR  -34.0 dB  BER 0.00e+00  P(det)@0.05 power_one_sided 0.057 power_two_sided 0.053 kurtosis 0.062 spec_cnn 0.047  (6s)
    JSR  -33.0 dB  BER 0.00e+00  P(det)@0.05 power_one_sided 0.064 power_two_sided 0.047 kurtosis 0.051 spec_cnn 0.045  (7s)
    JSR  -32.0 dB  BER 0.00e+00  P(det)@0.05 power_one_sided 0.055 power_two_sided 0.066 kurtosis 0.074 spec_cnn 0.037  (7s)
    JSR  -31.0 dB  BER 0.00e+00  P(det)@0.05 power_one_sided 0.062 power_two_sided 0.076 kurtosis 0.053 spec_cnn 0.045  (7s)
    JSR  -30.0 dB  BER 0.00e+00  P(det)@0.05 power_one_sided 0.064 power_two_sided 0.049 kurtosis 0.049 spec_cnn 0.061  (8s)
    JSR  -29.0 dB  BER 0.00e+00  P(det)@0.05 power_one_sided 0.082 power_two_sided 0.066 kurtosis 0.059 spec_cnn 0.035  (8s)
    JSR  -28.0 dB  BER 0.00e+00  P(det)@0.05 power_one_sided 0.045 power_two_sided 0.047 kurtosis 0.049 spec_cnn 0.053  (8s)
    JSR  -27.0 dB  BER 0.00e+00  P(det)@0.05 power_one_sided 0.061 power_two_sided 0.061 kurtosis 0.029 spec_cnn 0.064  (9s)
    JSR  -26.0 dB  BER 0.00e+00  P(det)@0.05 power_one_sided 0.045 power_two_sided 0.045 kurtosis 0.047 spec_cnn 0.064  (9s)
    JSR  -25.0 dB  BER 0.00e+00  P(det)@0.05 power_one_sided 0.047 power_two_sided 0.047 kurtosis 0.053 spec_cnn 0.043  (9s)
    JSR  -24.0 dB  BER 0.00e+00  P(det)@0.05 power_one_sided 0.047 power_two_sided 0.055 kurtosis 0.045 spec_cnn 0.049  (10s)
    JSR  -23.0 dB  BER 0.00e+00  P(det)@0.05 power_one_sided 0.057 power_two_sided 0.059 kurtosis 0.035 spec_cnn 0.045  (10s)
    JSR  -22.0 dB  BER 0.00e+00  P(det)@0.05 power_one_sided 0.055 power_two_sided 0.051 kurtosis 0.051 spec_cnn 0.051  (11s)
    JSR  -21.0 dB  BER 0.00e+00  P(det)@0.05 power_one_sided 0.043 power_two_sided 0.039 kurtosis 0.045 spec_cnn 0.084  (11s)
    JSR  -20.0 dB  BER 7.80e-03  P(det)@0.05 power_one_sided 0.000 power_two_sided 0.389 kurtosis 0.053 spec_cnn 0.045  (11s)
    JSR  -19.0 dB  BER 7.78e-03  P(det)@0.05 power_one_sided 0.000 power_two_sided 0.445 kurtosis 0.070 spec_cnn 0.049  (12s)
    JSR  -18.0 dB  BER 7.80e-03  P(det)@0.05 power_one_sided 0.000 power_two_sided 0.416 kurtosis 0.062 spec_cnn 0.049  (12s)
    JSR  -17.0 dB  BER 1.56e-02  P(det)@0.05 power_one_sided 0.000 power_two_sided 0.926 kurtosis 0.096 spec_cnn 0.041  (12s)
    JSR  -16.0 dB  BER 1.56e-02  P(det)@0.05 power_one_sided 0.000 power_two_sided 0.947 kurtosis 0.098 spec_cnn 0.051  (13s)
    JSR  -15.0 dB  BER 2.34e-02  P(det)@0.05 power_one_sided 0.000 power_two_sided 0.998 kurtosis 0.125 spec_cnn 0.045  (13s)
    JSR  -14.0 dB  BER 3.12e-02  P(det)@0.05 power_one_sided 0.000 power_two_sided 1.000 kurtosis 0.258 spec_cnn 0.057  (14s)
    JSR  -13.0 dB  BER 3.90e-02  P(det)@0.05 power_one_sided 0.000 power_two_sided 1.000 kurtosis 0.365 spec_cnn 0.074  (14s)
    JSR  -12.0 dB  BER 4.68e-02  P(det)@0.05 power_one_sided 0.000 power_two_sided 1.000 kurtosis 0.477 spec_cnn 0.057  (14s)
    JSR  -11.0 dB  BER 6.24e-02  P(det)@0.05 power_one_sided 0.000 power_two_sided 1.000 kurtosis 0.682 spec_cnn 0.055  (15s)
    JSR  -10.0 dB  BER 7.80e-02  P(det)@0.05 power_one_sided 0.000 power_two_sided 1.000 kurtosis 0.918 spec_cnn 0.047  (15s)
    JSR   -9.0 dB  BER 1.01e-01  P(det)@0.05 power_one_sided 0.000 power_two_sided 1.000 kurtosis 0.992 spec_cnn 0.080  (15s)
    JSR   -8.0 dB  BER 1.25e-01  P(det)@0.05 power_one_sided 0.000 power_two_sided 1.000 kurtosis 1.000 spec_cnn 0.080  (16s)
    JSR   -7.0 dB  BER 1.64e-01  P(det)@0.05 power_one_sided 0.000 power_two_sided 1.000 kurtosis 1.000 spec_cnn 0.072  (16s)
    JSR   -6.0 dB  BER 2.03e-01  P(det)@0.05 power_one_sided 0.000 power_two_sided 1.000 kurtosis 1.000 spec_cnn 0.074  (16s)
    JSR   -5.0 dB  BER 2.57e-01  P(det)@0.05 power_one_sided 0.000 power_two_sided 1.000 kurtosis 1.000 spec_cnn 0.072  (17s)
    JSR   -4.0 dB  BER 3.27e-01  P(det)@0.05 power_one_sided 0.000 power_two_sided 1.000 kurtosis 1.000 spec_cnn 0.072  (17s)
    JSR   -3.0 dB  BER 4.13e-01  P(det)@0.05 power_one_sided 0.000 power_two_sided 1.000 kurtosis 1.000 spec_cnn 0.051  (17s)
    JSR   -2.0 dB  BER 5.14e-01  P(det)@0.05 power_one_sided 0.000 power_two_sided 1.000 kurtosis 1.000 spec_cnn 0.049  (18s)
    JSR   -1.0 dB  BER 6.55e-01  P(det)@0.05 power_one_sided 0.000 power_two_sided 1.000 kurtosis 1.000 spec_cnn 0.035  (18s)
    JSR   +0.0 dB  BER 8.18e-01  P(det)@0.05 power_one_sided 0.000 power_two_sided 1.000 kurtosis 1.000 spec_cnn 0.016  (19s)
    JSR   +1.0 dB  BER 9.97e-01  P(det)@0.05 power_one_sided 0.000 power_two_sided 1.000 kurtosis 1.000 spec_cnn 0.000  (19s)
    JSR   +2.0 dB  BER 9.98e-01  P(det)@0.05 power_one_sided 0.000 power_two_sided 1.000 kurtosis 1.000 spec_cnn 0.000  (19s)
    JSR   +3.0 dB  BER 9.98e-01  P(det)@0.05 power_one_sided 0.000 power_two_sided 1.000 kurtosis 1.000 spec_cnn 0.000  (20s)
    JSR   +4.0 dB  BER 9.98e-01  P(det)@0.05 power_one_sided 0.000 power_two_sided 1.000 kurtosis 1.000 spec_cnn 0.000  (20s)
    JSR   +5.0 dB  BER 9.98e-01  P(det)@0.05 power_one_sided 0.000 power_two_sided 1.000 kurtosis 1.000 spec_cnn 0.000  (20s)
    JSR   +6.0 dB  BER 9.98e-01  P(det)@0.05 power_one_sided 0.000 power_two_sided 1.000 kurtosis 1.000 spec_cnn 0.000  (21s)
    JSR   +7.0 dB  BER 9.98e-01  P(det)@0.05 power_one_sided 0.000 power_two_sided 1.000 kurtosis 1.000 spec_cnn 0.000  (21s)
    JSR   +8.0 dB  BER 9.98e-01  P(det)@0.05 power_one_sided 0.000 power_two_sided 1.000 kurtosis 1.000 spec_cnn 0.000  (21s)
    JSR   +9.0 dB  BER 9.97e-01  P(det)@0.05 power_one_sided 0.000 power_two_sided 1.000 kurtosis 1.000 spec_cnn 0.000  (22s)
    JSR  +10.0 dB  BER 9.98e-01  P(det)@0.05 power_one_sided 0.000 power_two_sided 1.000 kurtosis 1.000 spec_cnn 0.000  (22s)
    JSR  +11.0 dB  BER 9.98e-01  P(det)@0.05 power_one_sided 0.000 power_two_sided 1.000 kurtosis 1.000 spec_cnn 0.000  (22s)
    JSR  +12.0 dB  BER 9.97e-01  P(det)@0.05 power_one_sided 0.000 power_two_sided 1.000 kurtosis 1.000 spec_cnn 0.000  (23s)
    JSR  +13.0 dB  BER 9.98e-01  P(det)@0.05 power_one_sided 0.000 power_two_sided 1.000 kurtosis 1.000 spec_cnn 0.000  (23s)
    JSR  +14.0 dB  BER 9.98e-01  P(det)@0.05 power_one_sided 0.000 power_two_sided 1.000 kurtosis 1.000 spec_cnn 0.000  (24s)
    JSR  +15.0 dB  BER 9.98e-01  P(det)@0.05 power_one_sided 0.000 power_two_sided 1.000 kurtosis 1.000 spec_cnn 0.000  (24s)
  [snr_20] omniscient_e0.1 confirmed: {"power_one_sided": {"0.01": {"index": 56, "sweep_ber": 0.99786376953125, "sweep_pdet": 0.0, "confirmed_ber": 0.9975557327270508, "confirmed_ser": 0.9999923706054688, "confirmed_pdet": 0.0, "passed": true}, "0.05": {"index": 56, "sweep_ber": 0.99786376953125, "sweep_pdet": 0.0, "confirmed_ber": 0.997650146484375, "confirmed_ser": 0.9999942779541016, "confirmed_pdet": 0.0, "passed": true}}, "power_two_sided": {"0.01": {"index": 0, "sweep_ber": 0.0, "sweep_pdet": 0.0078125, "confirmed_ber": 0.0, "confirmed_ser": 0.0, "confirmed_pdet": 0.009521484375, "passed": true}, "0.05": {"index": 0, "sweep_ber": 0.0, "sweep_pdet": 0.05078125, "confirmed_ber": 0.0, "confirmed_ser": 0.0, "confirmed_pdet": 0.0556640625, "passed": true}}, "kurtosis": {"0.01": {"index": 32, "sweep_ber": 0.00780487060546875, "sweep_pdet": 0.015625, "confirmed_ber": 0.007794380187988281, "confirmed_ser": 0.0078125, "confirmed_pdet": 0.0146484375, "passed": false}, "0.05": {"index": 32, "sweep_ber": 0.00780487060546875, "sweep_pdet": 0.0625, "confirmed_ber": 0.007793426513671875, "confirmed_ser": 0.0078125, "confirmed_pdet": 0.05712890625, "passed": false}}, "spec_cnn": {"0.01": {"index": 56, "sweep_ber": 0.99786376953125, "sweep_pdet": 0.0, "confirmed_ber": 0.9977045059204102, "confirmed_ser": 0.9999961853027344, "confirmed_pdet": 0.0, "passed": true}, "0.05": {"index": 56, "sweep_ber": 0.99786376953125, "sweep_pdet": 0.0, "confirmed_ber": 0.9976997375488281, "confirmed_ser": 0.9999942779541016, "confirmed_pdet": 0.0, "passed": true}}}  (295s)
  [snr_20] classical omniscient_e1
    JSR  -50.0 dB  BER 0.00e+00  P(det)@0.05 power_one_sided 0.057 power_two_sided 0.049 kurtosis 0.055 spec_cnn 0.049  (0s)
    JSR  -49.0 dB  BER 0.00e+00  P(det)@0.05 power_one_sided 0.057 power_two_sided 0.057 kurtosis 0.031 spec_cnn 0.055  (1s)
    JSR  -48.0 dB  BER 0.00e+00  P(det)@0.05 power_one_sided 0.047 power_two_sided 0.043 kurtosis 0.037 spec_cnn 0.039  (1s)
    JSR  -47.0 dB  BER 0.00e+00  P(det)@0.05 power_one_sided 0.057 power_two_sided 0.055 kurtosis 0.047 spec_cnn 0.055  (1s)
    JSR  -46.0 dB  BER 0.00e+00  P(det)@0.05 power_one_sided 0.057 power_two_sided 0.059 kurtosis 0.043 spec_cnn 0.057  (2s)
    JSR  -45.0 dB  BER 0.00e+00  P(det)@0.05 power_one_sided 0.066 power_two_sided 0.051 kurtosis 0.051 spec_cnn 0.057  (2s)
    JSR  -44.0 dB  BER 0.00e+00  P(det)@0.05 power_one_sided 0.043 power_two_sided 0.059 kurtosis 0.062 spec_cnn 0.051  (3s)
    JSR  -43.0 dB  BER 0.00e+00  P(det)@0.05 power_one_sided 0.045 power_two_sided 0.051 kurtosis 0.029 spec_cnn 0.045  (3s)
    JSR  -42.0 dB  BER 0.00e+00  P(det)@0.05 power_one_sided 0.068 power_two_sided 0.057 kurtosis 0.037 spec_cnn 0.055  (3s)
    JSR  -41.0 dB  BER 0.00e+00  P(det)@0.05 power_one_sided 0.045 power_two_sided 0.041 kurtosis 0.045 spec_cnn 0.047  (4s)
    JSR  -40.0 dB  BER 0.00e+00  P(det)@0.05 power_one_sided 0.053 power_two_sided 0.051 kurtosis 0.057 spec_cnn 0.051  (4s)
    JSR  -39.0 dB  BER 0.00e+00  P(det)@0.05 power_one_sided 0.041 power_two_sided 0.045 kurtosis 0.041 spec_cnn 0.033  (4s)
    JSR  -38.0 dB  BER 0.00e+00  P(det)@0.05 power_one_sided 0.045 power_two_sided 0.039 kurtosis 0.039 spec_cnn 0.070  (5s)
    JSR  -37.0 dB  BER 0.00e+00  P(det)@0.05 power_one_sided 0.062 power_two_sided 0.064 kurtosis 0.037 spec_cnn 0.062  (5s)
    JSR  -36.0 dB  BER 0.00e+00  P(det)@0.05 power_one_sided 0.055 power_two_sided 0.049 kurtosis 0.039 spec_cnn 0.037  (5s)
    JSR  -35.0 dB  BER 0.00e+00  P(det)@0.05 power_one_sided 0.039 power_two_sided 0.049 kurtosis 0.041 spec_cnn 0.066  (6s)
    JSR  -34.0 dB  BER 0.00e+00  P(det)@0.05 power_one_sided 0.062 power_two_sided 0.059 kurtosis 0.061 spec_cnn 0.061  (6s)
    JSR  -33.0 dB  BER 0.00e+00  P(det)@0.05 power_one_sided 0.043 power_two_sided 0.039 kurtosis 0.045 spec_cnn 0.047  (6s)
    JSR  -32.0 dB  BER 0.00e+00  P(det)@0.05 power_one_sided 0.062 power_two_sided 0.068 kurtosis 0.062 spec_cnn 0.061  (7s)
    JSR  -31.0 dB  BER 0.00e+00  P(det)@0.05 power_one_sided 0.059 power_two_sided 0.053 kurtosis 0.062 spec_cnn 0.047  (7s)
    JSR  -30.0 dB  BER 0.00e+00  P(det)@0.05 power_one_sided 0.062 power_two_sided 0.059 kurtosis 0.053 spec_cnn 0.053  (8s)
    JSR  -29.0 dB  BER 0.00e+00  P(det)@0.05 power_one_sided 0.039 power_two_sided 0.057 kurtosis 0.057 spec_cnn 0.062  (8s)
    JSR  -28.0 dB  BER 0.00e+00  P(det)@0.05 power_one_sided 0.053 power_two_sided 0.064 kurtosis 0.041 spec_cnn 0.043  (8s)
    JSR  -27.0 dB  BER 0.00e+00  P(det)@0.05 power_one_sided 0.041 power_two_sided 0.053 kurtosis 0.037 spec_cnn 0.035  (9s)
    JSR  -26.0 dB  BER 0.00e+00  P(det)@0.05 power_one_sided 0.061 power_two_sided 0.062 kurtosis 0.033 spec_cnn 0.057  (9s)
    JSR  -25.0 dB  BER 0.00e+00  P(det)@0.05 power_one_sided 0.057 power_two_sided 0.057 kurtosis 0.039 spec_cnn 0.027  (9s)
    JSR  -24.0 dB  BER 0.00e+00  P(det)@0.05 power_one_sided 0.047 power_two_sided 0.057 kurtosis 0.039 spec_cnn 0.066  (10s)
    JSR  -23.0 dB  BER 0.00e+00  P(det)@0.05 power_one_sided 0.072 power_two_sided 0.055 kurtosis 0.041 spec_cnn 0.055  (10s)
    JSR  -22.0 dB  BER 0.00e+00  P(det)@0.05 power_one_sided 0.055 power_two_sided 0.035 kurtosis 0.035 spec_cnn 0.043  (10s)
    JSR  -21.0 dB  BER 0.00e+00  P(det)@0.05 power_one_sided 0.039 power_two_sided 0.049 kurtosis 0.055 spec_cnn 0.055  (11s)
    JSR  -20.0 dB  BER 0.00e+00  P(det)@0.05 power_one_sided 0.057 power_two_sided 0.055 kurtosis 0.039 spec_cnn 0.055  (11s)
    JSR  -19.0 dB  BER 0.00e+00  P(det)@0.05 power_one_sided 0.055 power_two_sided 0.049 kurtosis 0.055 spec_cnn 0.049  (12s)
    JSR  -18.0 dB  BER 0.00e+00  P(det)@0.05 power_one_sided 0.043 power_two_sided 0.041 kurtosis 0.057 spec_cnn 0.043  (12s)
    JSR  -17.0 dB  BER 0.00e+00  P(det)@0.05 power_one_sided 0.051 power_two_sided 0.023 kurtosis 0.057 spec_cnn 0.037  (12s)
    JSR  -16.0 dB  BER 0.00e+00  P(det)@0.05 power_one_sided 0.045 power_two_sided 0.035 kurtosis 0.053 spec_cnn 0.062  (13s)
    JSR  -15.0 dB  BER 7.81e-03  P(det)@0.05 power_one_sided 0.049 power_two_sided 0.033 kurtosis 0.039 spec_cnn 0.062  (13s)
    JSR  -14.0 dB  BER 7.81e-03  P(det)@0.05 power_one_sided 0.043 power_two_sided 0.051 kurtosis 0.043 spec_cnn 0.055  (13s)
    JSR  -13.0 dB  BER 7.81e-03  P(det)@0.05 power_one_sided 0.061 power_two_sided 0.047 kurtosis 0.051 spec_cnn 0.047  (14s)
    JSR  -12.0 dB  BER 1.56e-02  P(det)@0.05 power_one_sided 0.061 power_two_sided 0.053 kurtosis 0.066 spec_cnn 0.049  (14s)
    JSR  -11.0 dB  BER 1.56e-02  P(det)@0.05 power_one_sided 0.033 power_two_sided 0.037 kurtosis 0.055 spec_cnn 0.055  (14s)
    JSR  -10.0 dB  BER 2.34e-02  P(det)@0.05 power_one_sided 0.037 power_two_sided 0.035 kurtosis 0.025 spec_cnn 0.080  (15s)
    JSR   -9.0 dB  BER 3.12e-02  P(det)@0.05 power_one_sided 0.068 power_two_sided 0.049 kurtosis 0.031 spec_cnn 0.057  (15s)
    JSR   -8.0 dB  BER 3.91e-02  P(det)@0.05 power_one_sided 0.043 power_two_sided 0.057 kurtosis 0.041 spec_cnn 0.062  (15s)
    JSR   -7.0 dB  BER 4.69e-02  P(det)@0.05 power_one_sided 0.062 power_two_sided 0.053 kurtosis 0.068 spec_cnn 0.039  (16s)
    JSR   -6.0 dB  BER 6.25e-02  P(det)@0.05 power_one_sided 0.051 power_two_sided 0.051 kurtosis 0.037 spec_cnn 0.061  (16s)
    JSR   -5.0 dB  BER 7.81e-02  P(det)@0.05 power_one_sided 0.059 power_two_sided 0.057 kurtosis 0.053 spec_cnn 0.064  (17s)
    JSR   -4.0 dB  BER 9.38e-02  P(det)@0.05 power_one_sided 0.049 power_two_sided 0.053 kurtosis 0.045 spec_cnn 0.053  (17s)
    JSR   -3.0 dB  BER 1.25e-01  P(det)@0.05 power_one_sided 0.047 power_two_sided 0.051 kurtosis 0.061 spec_cnn 0.053  (17s)
    JSR   -2.0 dB  BER 1.56e-01  P(det)@0.05 power_one_sided 0.043 power_two_sided 0.047 kurtosis 0.039 spec_cnn 0.039  (18s)
    JSR   -1.0 dB  BER 1.95e-01  P(det)@0.05 power_one_sided 0.061 power_two_sided 0.053 kurtosis 0.062 spec_cnn 0.061  (18s)
    JSR   +0.0 dB  BER 2.50e-01  P(det)@0.05 power_one_sided 0.051 power_two_sided 0.031 kurtosis 0.041 spec_cnn 0.037  (18s)
    JSR   +1.0 dB  BER 3.12e-01  P(det)@0.05 power_one_sided 0.057 power_two_sided 0.049 kurtosis 0.057 spec_cnn 0.041  (19s)
    JSR   +2.0 dB  BER 3.91e-01  P(det)@0.05 power_one_sided 0.049 power_two_sided 0.043 kurtosis 0.043 spec_cnn 0.043  (19s)
    JSR   +3.0 dB  BER 4.92e-01  P(det)@0.05 power_one_sided 0.045 power_two_sided 0.055 kurtosis 0.055 spec_cnn 0.047  (19s)
    JSR   +4.0 dB  BER 6.25e-01  P(det)@0.05 power_one_sided 0.064 power_two_sided 0.064 kurtosis 0.041 spec_cnn 0.037  (20s)
    JSR   +5.0 dB  BER 7.89e-01  P(det)@0.05 power_one_sided 0.039 power_two_sided 0.053 kurtosis 0.043 spec_cnn 0.059  (20s)
    JSR   +6.0 dB  BER 9.92e-01  P(det)@0.05 power_one_sided 0.043 power_two_sided 0.055 kurtosis 0.053 spec_cnn 0.061  (21s)
    JSR   +7.0 dB  BER 1.00e+00  P(det)@0.05 power_one_sided 0.053 power_two_sided 0.045 kurtosis 0.023 spec_cnn 0.049  (21s)
    JSR   +8.0 dB  BER 1.00e+00  P(det)@0.05 power_one_sided 0.061 power_two_sided 0.055 kurtosis 0.049 spec_cnn 0.057  (21s)
    JSR   +9.0 dB  BER 1.00e+00  P(det)@0.05 power_one_sided 0.055 power_two_sided 0.055 kurtosis 0.037 spec_cnn 0.057  (22s)
    JSR  +10.0 dB  BER 1.00e+00  P(det)@0.05 power_one_sided 0.062 power_two_sided 0.049 kurtosis 0.049 spec_cnn 0.053  (22s)
    JSR  +11.0 dB  BER 1.00e+00  P(det)@0.05 power_one_sided 0.082 power_two_sided 0.061 kurtosis 0.055 spec_cnn 0.055  (22s)
    JSR  +12.0 dB  BER 1.00e+00  P(det)@0.05 power_one_sided 0.055 power_two_sided 0.047 kurtosis 0.059 spec_cnn 0.045  (23s)
    JSR  +13.0 dB  BER 1.00e+00  P(det)@0.05 power_one_sided 0.051 power_two_sided 0.045 kurtosis 0.062 spec_cnn 0.061  (23s)
    JSR  +14.0 dB  BER 1.00e+00  P(det)@0.05 power_one_sided 0.047 power_two_sided 0.053 kurtosis 0.031 spec_cnn 0.066  (23s)
    JSR  +15.0 dB  BER 1.00e+00  P(det)@0.05 power_one_sided 0.059 power_two_sided 0.055 kurtosis 0.057 spec_cnn 0.062  (24s)
  [snr_20] omniscient_e1 confirmed: {"power_one_sided": {"0.01": {"index": 57, "sweep_ber": 1.0, "sweep_pdet": 0.009765625, "confirmed_ber": 1.0, "confirmed_ser": 1.0, "confirmed_pdet": 0.010498046875, "passed": true}, "0.05": {"index": 57, "sweep_ber": 1.0, "sweep_pdet": 0.052734375, "confirmed_ber": 1.0, "confirmed_ser": 1.0, "confirmed_pdet": 0.052734375, "passed": true}}, "power_two_sided": {"0.01": {"index": 57, "sweep_ber": 1.0, "sweep_pdet": 0.0078125, "confirmed_ber": 1.0, "confirmed_ser": 1.0, "confirmed_pdet": 0.0107421875, "passed": true}, "0.05": {"index": 57, "sweep_ber": 1.0, "sweep_pdet": 0.044921875, "confirmed_ber": 1.0, "confirmed_ser": 1.0, "confirmed_pdet": 0.049072265625, "passed": true}}, "kurtosis": {"0.01": {"index": 57, "sweep_ber": 1.0, "sweep_pdet": 0.005859375, "confirmed_ber": 1.0, "confirmed_ser": 1.0, "confirmed_pdet": 0.0078125, "passed": true}, "0.05": {"index": 57, "sweep_ber": 1.0, "sweep_pdet": 0.0234375, "confirmed_ber": 1.0, "confirmed_ser": 1.0, "confirmed_pdet": 0.045654296875, "passed": true}}, "spec_cnn": {"0.01": {"index": 57, "sweep_ber": 1.0, "sweep_pdet": 0.01171875, "confirmed_ber": 1.0, "confirmed_ser": 1.0, "confirmed_pdet": 0.010009765625, "passed": true}, "0.05": {"index": 57, "sweep_ber": 1.0, "sweep_pdet": 0.048828125, "confirmed_ber": 1.0, "confirmed_ser": 1.0, "confirmed_pdet": 0.05615234375, "passed": true}}}  (342s)
  [snr_20] generator plain_run001 (scale 0.4022)
    JSR  -50.0 dB  BER 0.00e+00  P(det)@0.05 power_one_sided 0.039 power_two_sided 0.062 kurtosis 0.045 spec_cnn 0.039  (0s)
    JSR  -49.0 dB  BER 0.00e+00  P(det)@0.05 power_one_sided 0.055 power_two_sided 0.053 kurtosis 0.051 spec_cnn 0.066  (1s)
    JSR  -48.0 dB  BER 0.00e+00  P(det)@0.05 power_one_sided 0.072 power_two_sided 0.078 kurtosis 0.037 spec_cnn 0.045  (1s)
    JSR  -47.0 dB  BER 0.00e+00  P(det)@0.05 power_one_sided 0.061 power_two_sided 0.039 kurtosis 0.064 spec_cnn 0.039  (1s)
    JSR  -46.0 dB  BER 0.00e+00  P(det)@0.05 power_one_sided 0.070 power_two_sided 0.061 kurtosis 0.049 spec_cnn 0.061  (2s)
    JSR  -45.0 dB  BER 0.00e+00  P(det)@0.05 power_one_sided 0.051 power_two_sided 0.043 kurtosis 0.047 spec_cnn 0.066  (2s)
    JSR  -44.0 dB  BER 0.00e+00  P(det)@0.05 power_one_sided 0.059 power_two_sided 0.049 kurtosis 0.055 spec_cnn 0.051  (2s)
    JSR  -43.0 dB  BER 0.00e+00  P(det)@0.05 power_one_sided 0.053 power_two_sided 0.051 kurtosis 0.047 spec_cnn 0.057  (3s)
    JSR  -42.0 dB  BER 0.00e+00  P(det)@0.05 power_one_sided 0.043 power_two_sided 0.043 kurtosis 0.051 spec_cnn 0.059  (3s)
    JSR  -41.0 dB  BER 0.00e+00  P(det)@0.05 power_one_sided 0.055 power_two_sided 0.049 kurtosis 0.066 spec_cnn 0.055  (4s)
    JSR  -40.0 dB  BER 0.00e+00  P(det)@0.05 power_one_sided 0.061 power_two_sided 0.047 kurtosis 0.057 spec_cnn 0.051  (4s)
    JSR  -39.0 dB  BER 0.00e+00  P(det)@0.05 power_one_sided 0.062 power_two_sided 0.059 kurtosis 0.029 spec_cnn 0.037  (4s)
    JSR  -38.0 dB  BER 0.00e+00  P(det)@0.05 power_one_sided 0.061 power_two_sided 0.074 kurtosis 0.049 spec_cnn 0.045  (5s)
    JSR  -37.0 dB  BER 0.00e+00  P(det)@0.05 power_one_sided 0.068 power_two_sided 0.061 kurtosis 0.047 spec_cnn 0.066  (5s)
    JSR  -36.0 dB  BER 0.00e+00  P(det)@0.05 power_one_sided 0.082 power_two_sided 0.084 kurtosis 0.031 spec_cnn 0.057  (6s)
    JSR  -35.0 dB  BER 0.00e+00  P(det)@0.05 power_one_sided 0.062 power_two_sided 0.057 kurtosis 0.045 spec_cnn 0.066  (6s)
    JSR  -34.0 dB  BER 0.00e+00  P(det)@0.05 power_one_sided 0.092 power_two_sided 0.070 kurtosis 0.041 spec_cnn 0.068  (6s)
    JSR  -33.0 dB  BER 0.00e+00  P(det)@0.05 power_one_sided 0.098 power_two_sided 0.084 kurtosis 0.045 spec_cnn 0.086  (7s)
    JSR  -32.0 dB  BER 0.00e+00  P(det)@0.05 power_one_sided 0.109 power_two_sided 0.115 kurtosis 0.064 spec_cnn 0.086  (7s)
    JSR  -31.0 dB  BER 0.00e+00  P(det)@0.05 power_one_sided 0.154 power_two_sided 0.119 kurtosis 0.029 spec_cnn 0.088  (7s)
    JSR  -30.0 dB  BER 0.00e+00  P(det)@0.05 power_one_sided 0.141 power_two_sided 0.135 kurtosis 0.047 spec_cnn 0.086  (8s)
    JSR  -29.0 dB  BER 0.00e+00  P(det)@0.05 power_one_sided 0.211 power_two_sided 0.191 kurtosis 0.057 spec_cnn 0.123  (8s)
    JSR  -28.0 dB  BER 0.00e+00  P(det)@0.05 power_one_sided 0.207 power_two_sided 0.199 kurtosis 0.047 spec_cnn 0.113  (9s)
    JSR  -27.0 dB  BER 0.00e+00  P(det)@0.05 power_one_sided 0.277 power_two_sided 0.258 kurtosis 0.037 spec_cnn 0.139  (9s)
    JSR  -26.0 dB  BER 0.00e+00  P(det)@0.05 power_one_sided 0.252 power_two_sided 0.279 kurtosis 0.062 spec_cnn 0.193  (9s)
    JSR  -25.0 dB  BER 0.00e+00  P(det)@0.05 power_one_sided 0.332 power_two_sided 0.328 kurtosis 0.045 spec_cnn 0.254  (10s)
    JSR  -24.0 dB  BER 0.00e+00  P(det)@0.05 power_one_sided 0.410 power_two_sided 0.396 kurtosis 0.041 spec_cnn 0.293  (10s)
    JSR  -23.0 dB  BER 0.00e+00  P(det)@0.05 power_one_sided 0.453 power_two_sided 0.443 kurtosis 0.053 spec_cnn 0.398  (10s)
    JSR  -22.0 dB  BER 0.00e+00  P(det)@0.05 power_one_sided 0.551 power_two_sided 0.547 kurtosis 0.064 spec_cnn 0.455  (11s)
    JSR  -21.0 dB  BER 0.00e+00  P(det)@0.05 power_one_sided 0.621 power_two_sided 0.605 kurtosis 0.059 spec_cnn 0.506  (11s)
    JSR  -20.0 dB  BER 0.00e+00  P(det)@0.05 power_one_sided 0.707 power_two_sided 0.705 kurtosis 0.072 spec_cnn 0.629  (12s)
    JSR  -19.0 dB  BER 0.00e+00  P(det)@0.05 power_one_sided 0.756 power_two_sided 0.744 kurtosis 0.119 spec_cnn 0.744  (12s)
    JSR  -18.0 dB  BER 0.00e+00  P(det)@0.05 power_one_sided 0.803 power_two_sided 0.811 kurtosis 0.125 spec_cnn 0.816  (12s)
    JSR  -17.0 dB  BER 0.00e+00  P(det)@0.05 power_one_sided 0.846 power_two_sided 0.857 kurtosis 0.137 spec_cnn 0.869  (13s)
    JSR  -16.0 dB  BER 0.00e+00  P(det)@0.05 power_one_sided 0.865 power_two_sided 0.873 kurtosis 0.197 spec_cnn 0.900  (13s)
    JSR  -15.0 dB  BER 0.00e+00  P(det)@0.05 power_one_sided 0.945 power_two_sided 0.949 kurtosis 0.271 spec_cnn 0.932  (13s)
    JSR  -14.0 dB  BER 0.00e+00  P(det)@0.05 power_one_sided 0.969 power_two_sided 0.969 kurtosis 0.361 spec_cnn 0.965  (14s)
    JSR  -13.0 dB  BER 0.00e+00  P(det)@0.05 power_one_sided 0.979 power_two_sided 0.988 kurtosis 0.498 spec_cnn 0.965  (14s)
    JSR  -12.0 dB  BER 0.00e+00  P(det)@0.05 power_one_sided 0.998 power_two_sided 0.996 kurtosis 0.695 spec_cnn 0.977  (15s)
    JSR  -11.0 dB  BER 0.00e+00  P(det)@0.05 power_one_sided 1.000 power_two_sided 1.000 kurtosis 0.811 spec_cnn 0.982  (15s)
    JSR  -10.0 dB  BER 2.29e-05  P(det)@0.05 power_one_sided 0.998 power_two_sided 1.000 kurtosis 0.906 spec_cnn 0.990  (15s)
    JSR   -9.0 dB  BER 1.45e-04  P(det)@0.05 power_one_sided 1.000 power_two_sided 1.000 kurtosis 0.967 spec_cnn 0.996  (16s)
    JSR   -8.0 dB  BER 4.96e-04  P(det)@0.05 power_one_sided 1.000 power_two_sided 1.000 kurtosis 0.990 spec_cnn 1.000  (16s)
    JSR   -7.0 dB  BER 1.79e-03  P(det)@0.05 power_one_sided 1.000 power_two_sided 1.000 kurtosis 0.998 spec_cnn 1.000  (16s)
    JSR   -6.0 dB  BER 5.33e-03  P(det)@0.05 power_one_sided 1.000 power_two_sided 1.000 kurtosis 0.998 spec_cnn 1.000  (17s)
    JSR   -5.0 dB  BER 1.37e-02  P(det)@0.05 power_one_sided 1.000 power_two_sided 1.000 kurtosis 0.998 spec_cnn 1.000  (17s)
    JSR   -4.0 dB  BER 3.18e-02  P(det)@0.05 power_one_sided 1.000 power_two_sided 1.000 kurtosis 1.000 spec_cnn 1.000  (18s)
    JSR   -3.0 dB  BER 5.79e-02  P(det)@0.05 power_one_sided 1.000 power_two_sided 1.000 kurtosis 1.000 spec_cnn 1.000  (18s)
    JSR   -2.0 dB  BER 9.21e-02  P(det)@0.05 power_one_sided 1.000 power_two_sided 1.000 kurtosis 1.000 spec_cnn 1.000  (18s)
    JSR   -1.0 dB  BER 1.28e-01  P(det)@0.05 power_one_sided 1.000 power_two_sided 1.000 kurtosis 1.000 spec_cnn 1.000  (19s)
    JSR   +0.0 dB  BER 1.62e-01  P(det)@0.05 power_one_sided 1.000 power_two_sided 1.000 kurtosis 1.000 spec_cnn 1.000  (19s)
    JSR   +1.0 dB  BER 1.91e-01  P(det)@0.05 power_one_sided 1.000 power_two_sided 1.000 kurtosis 1.000 spec_cnn 1.000  (19s)
    JSR   +2.0 dB  BER 2.21e-01  P(det)@0.05 power_one_sided 1.000 power_two_sided 1.000 kurtosis 0.998 spec_cnn 1.000  (20s)
    JSR   +3.0 dB  BER 2.51e-01  P(det)@0.05 power_one_sided 1.000 power_two_sided 1.000 kurtosis 1.000 spec_cnn 1.000  (20s)
    JSR   +4.0 dB  BER 2.74e-01  P(det)@0.05 power_one_sided 1.000 power_two_sided 1.000 kurtosis 0.998 spec_cnn 1.000  (21s)
    JSR   +5.0 dB  BER 2.98e-01  P(det)@0.05 power_one_sided 1.000 power_two_sided 1.000 kurtosis 0.979 spec_cnn 1.000  (21s)
    JSR   +6.0 dB  BER 3.21e-01  P(det)@0.05 power_one_sided 1.000 power_two_sided 1.000 kurtosis 0.963 spec_cnn 1.000  (21s)
    JSR   +7.0 dB  BER 3.37e-01  P(det)@0.05 power_one_sided 1.000 power_two_sided 1.000 kurtosis 0.938 spec_cnn 1.000  (22s)
    JSR   +8.0 dB  BER 3.55e-01  P(det)@0.05 power_one_sided 1.000 power_two_sided 1.000 kurtosis 0.854 spec_cnn 1.000  (22s)
    JSR   +9.0 dB  BER 3.69e-01  P(det)@0.05 power_one_sided 1.000 power_two_sided 1.000 kurtosis 0.799 spec_cnn 1.000  (22s)
    JSR  +10.0 dB  BER 3.87e-01  P(det)@0.05 power_one_sided 1.000 power_two_sided 1.000 kurtosis 0.654 spec_cnn 1.000  (23s)
    JSR  +11.0 dB  BER 3.93e-01  P(det)@0.05 power_one_sided 1.000 power_two_sided 1.000 kurtosis 0.670 spec_cnn 1.000  (23s)
    JSR  +12.0 dB  BER 4.04e-01  P(det)@0.05 power_one_sided 1.000 power_two_sided 1.000 kurtosis 0.639 spec_cnn 1.000  (24s)
    JSR  +13.0 dB  BER 4.15e-01  P(det)@0.05 power_one_sided 1.000 power_two_sided 1.000 kurtosis 0.594 spec_cnn 1.000  (24s)
    JSR  +14.0 dB  BER 4.23e-01  P(det)@0.05 power_one_sided 1.000 power_two_sided 1.000 kurtosis 0.557 spec_cnn 1.000  (24s)
    JSR  +15.0 dB  BER 4.36e-01  P(det)@0.05 power_one_sided 1.000 power_two_sided 1.000 kurtosis 0.600 spec_cnn 1.000  (25s)
  [snr_20] plain_run001 confirmed: {"power_one_sided": {"0.01": {"index": 0, "sweep_ber": 0.0, "sweep_pdet": 0.0078125, "confirmed_ber": 0.0, "confirmed_ser": 0.0, "confirmed_pdet": 0.01025390625, "passed": true}, "0.05": {"index": 0, "sweep_ber": 0.0, "sweep_pdet": 0.0390625, "confirmed_ber": 0.0, "confirmed_ser": 0.0, "confirmed_pdet": 0.0498046875, "passed": true}}, "power_two_sided": {"0.01": {"index": 0, "sweep_ber": 0.0, "sweep_pdet": 0.00390625, "confirmed_ber": 0.0, "confirmed_ser": 0.0, "confirmed_pdet": 0.009033203125, "passed": true}, "0.05": {"index": 0, "sweep_ber": 0.0, "sweep_pdet": 0.0625, "confirmed_ber": 0.0, "confirmed_ser": 0.0, "confirmed_pdet": 0.05322265625, "passed": true}}, "kurtosis": {"0.01": {"index": 0, "sweep_ber": 0.0, "sweep_pdet": 0.015625, "confirmed_ber": 0.0, "confirmed_ser": 0.0, "confirmed_pdet": 0.007568359375, "passed": true}, "0.05": {"index": 0, "sweep_ber": 0.0, "sweep_pdet": 0.044921875, "confirmed_ber": 0.0, "confirmed_ser": 0.0, "confirmed_pdet": 0.0419921875, "passed": true}}, "spec_cnn": {"0.01": {"index": 0, "sweep_ber": 0.0, "sweep_pdet": 0.005859375, "confirmed_ber": 0.0, "confirmed_ser": 0.0, "confirmed_pdet": 0.010986328125, "passed": true}, "0.05": {"index": 0, "sweep_ber": 0.0, "sweep_pdet": 0.0390625, "confirmed_ber": 0.0, "confirmed_ser": 0.0, "confirmed_pdet": 0.056884765625, "passed": false}}}  (392s)
  [snr_20] generator eff (scale 0.4022)
  JSR  -50.0 dB  BER 0.00e+00  P(det)@0.05 power_one_sided 0.051 power_two_sided 0.041 kurtosis 0.053 spec_cnn 0.057  (0s)
  JSR  -49.0 dB  BER 0.00e+00  P(det)@0.05 power_one_sided 0.057 power_two_sided 0.041 kurtosis 0.049 spec_cnn 0.053  (1s)
  JSR  -48.0 dB  BER 0.00e+00  P(det)@0.05 power_one_sided 0.055 power_two_sided 0.072 kurtosis 0.061 spec_cnn 0.043  (1s)
  JSR  -47.0 dB  BER 0.00e+00  P(det)@0.05 power_one_sided 0.057 power_two_sided 0.037 kurtosis 0.051 spec_cnn 0.045  (2s)
  JSR  -46.0 dB  BER 0.00e+00  P(det)@0.05 power_one_sided 0.068 power_two_sided 0.057 kurtosis 0.062 spec_cnn 0.059  (2s)
  JSR  -45.0 dB  BER 0.00e+00  P(det)@0.05 power_one_sided 0.047 power_two_sided 0.064 kurtosis 0.049 spec_cnn 0.045  (2s)
  JSR  -44.0 dB  BER 0.00e+00  P(det)@0.05 power_one_sided 0.066 power_two_sided 0.062 kurtosis 0.062 spec_cnn 0.047  (3s)
  JSR  -43.0 dB  BER 0.00e+00  P(det)@0.05 power_one_sided 0.062 power_two_sided 0.053 kurtosis 0.053 spec_cnn 0.049  (3s)
  JSR  -42.0 dB  BER 0.00e+00  P(det)@0.05 power_one_sided 0.047 power_two_sided 0.037 kurtosis 0.045 spec_cnn 0.049  (3s)
  JSR  -41.0 dB  BER 0.00e+00  P(det)@0.05 power_one_sided 0.059 power_two_sided 0.062 kurtosis 0.051 spec_cnn 0.064  (4s)
  JSR  -40.0 dB  BER 0.00e+00  P(det)@0.05 power_one_sided 0.047 power_two_sided 0.053 kurtosis 0.047 spec_cnn 0.053  (4s)
  JSR  -39.0 dB  BER 0.00e+00  P(det)@0.05 power_one_sided 0.055 power_two_sided 0.041 kurtosis 0.045 spec_cnn 0.047  (5s)
  JSR  -38.0 dB  BER 0.00e+00  P(det)@0.05 power_one_sided 0.078 power_two_sided 0.070 kurtosis 0.029 spec_cnn 0.062  (5s)
  JSR  -37.0 dB  BER 0.00e+00  P(det)@0.05 power_one_sided 0.084 power_two_sided 0.068 kurtosis 0.053 spec_cnn 0.064  (5s)
  JSR  -36.0 dB  BER 0.00e+00  P(det)@0.05 power_one_sided 0.078 power_two_sided 0.064 kurtosis 0.051 spec_cnn 0.061  (6s)
  JSR  -35.0 dB  BER 0.00e+00  P(det)@0.05 power_one_sided 0.090 power_two_sided 0.086 kurtosis 0.051 spec_cnn 0.070  (6s)
  JSR  -34.0 dB  BER 0.00e+00  P(det)@0.05 power_one_sided 0.072 power_two_sided 0.074 kurtosis 0.045 spec_cnn 0.059  (6s)
  JSR  -33.0 dB  BER 0.00e+00  P(det)@0.05 power_one_sided 0.105 power_two_sided 0.098 kurtosis 0.043 spec_cnn 0.033  (7s)
  JSR  -32.0 dB  BER 0.00e+00  P(det)@0.05 power_one_sided 0.129 power_two_sided 0.109 kurtosis 0.053 spec_cnn 0.098  (7s)
  JSR  -31.0 dB  BER 0.00e+00  P(det)@0.05 power_one_sided 0.150 power_two_sided 0.123 kurtosis 0.049 spec_cnn 0.082  (8s)
  JSR  -30.0 dB  BER 0.00e+00  P(det)@0.05 power_one_sided 0.154 power_two_sided 0.143 kurtosis 0.047 spec_cnn 0.084  (8s)
  JSR  -29.0 dB  BER 0.00e+00  P(det)@0.05 power_one_sided 0.174 power_two_sided 0.178 kurtosis 0.033 spec_cnn 0.082  (8s)
  JSR  -28.0 dB  BER 0.00e+00  P(det)@0.05 power_one_sided 0.201 power_two_sided 0.213 kurtosis 0.043 spec_cnn 0.107  (9s)
  JSR  -27.0 dB  BER 0.00e+00  P(det)@0.05 power_one_sided 0.250 power_two_sided 0.230 kurtosis 0.047 spec_cnn 0.133  (9s)
  JSR  -26.0 dB  BER 0.00e+00  P(det)@0.05 power_one_sided 0.357 power_two_sided 0.309 kurtosis 0.057 spec_cnn 0.166  (9s)
  JSR  -25.0 dB  BER 0.00e+00  P(det)@0.05 power_one_sided 0.379 power_two_sided 0.350 kurtosis 0.043 spec_cnn 0.209  (10s)
  JSR  -24.0 dB  BER 0.00e+00  P(det)@0.05 power_one_sided 0.432 power_two_sided 0.434 kurtosis 0.041 spec_cnn 0.203  (10s)
  JSR  -23.0 dB  BER 0.00e+00  P(det)@0.05 power_one_sided 0.516 power_two_sided 0.486 kurtosis 0.043 spec_cnn 0.303  (11s)
  JSR  -22.0 dB  BER 0.00e+00  P(det)@0.05 power_one_sided 0.615 power_two_sided 0.605 kurtosis 0.049 spec_cnn 0.350  (11s)
  JSR  -21.0 dB  BER 5.34e-05  P(det)@0.05 power_one_sided 0.676 power_two_sided 0.646 kurtosis 0.086 spec_cnn 0.412  (11s)
  JSR  -20.0 dB  BER 1.60e-04  P(det)@0.05 power_one_sided 0.740 power_two_sided 0.736 kurtosis 0.064 spec_cnn 0.494  (12s)
  JSR  -19.0 dB  BER 4.58e-04  P(det)@0.05 power_one_sided 0.791 power_two_sided 0.744 kurtosis 0.076 spec_cnn 0.555  (12s)
  JSR  -18.0 dB  BER 6.94e-04  P(det)@0.05 power_one_sided 0.879 power_two_sided 0.852 kurtosis 0.104 spec_cnn 0.660  (13s)
  JSR  -17.0 dB  BER 1.06e-03  P(det)@0.05 power_one_sided 0.920 power_two_sided 0.910 kurtosis 0.156 spec_cnn 0.666  (13s)
  JSR  -16.0 dB  BER 1.41e-03  P(det)@0.05 power_one_sided 0.949 power_two_sided 0.951 kurtosis 0.266 spec_cnn 0.723  (13s)
  JSR  -15.0 dB  BER 1.88e-03  P(det)@0.05 power_one_sided 0.965 power_two_sided 0.967 kurtosis 0.348 spec_cnn 0.830  (14s)
  JSR  -14.0 dB  BER 2.25e-03  P(det)@0.05 power_one_sided 0.971 power_two_sided 0.969 kurtosis 0.484 spec_cnn 0.877  (14s)
  JSR  -13.0 dB  BER 2.62e-03  P(det)@0.05 power_one_sided 0.996 power_two_sided 0.996 kurtosis 0.613 spec_cnn 0.928  (14s)
  JSR  -12.0 dB  BER 3.27e-03  P(det)@0.05 power_one_sided 1.000 power_two_sided 1.000 kurtosis 0.754 spec_cnn 0.959  (15s)
  JSR  -11.0 dB  BER 3.50e-03  P(det)@0.05 power_one_sided 1.000 power_two_sided 1.000 kurtosis 0.891 spec_cnn 0.979  (15s)
  JSR  -10.0 dB  BER 3.85e-03  P(det)@0.05 power_one_sided 1.000 power_two_sided 1.000 kurtosis 0.971 spec_cnn 0.979  (16s)
  JSR   -9.0 dB  BER 4.23e-03  P(det)@0.05 power_one_sided 1.000 power_two_sided 1.000 kurtosis 0.994 spec_cnn 1.000  (16s)
  JSR   -8.0 dB  BER 4.79e-03  P(det)@0.05 power_one_sided 1.000 power_two_sided 1.000 kurtosis 1.000 spec_cnn 0.998  (16s)
  JSR   -7.0 dB  BER 6.05e-03  P(det)@0.05 power_one_sided 1.000 power_two_sided 1.000 kurtosis 1.000 spec_cnn 1.000  (17s)
  JSR   -6.0 dB  BER 8.67e-03  P(det)@0.05 power_one_sided 1.000 power_two_sided 1.000 kurtosis 1.000 spec_cnn 1.000  (17s)
  JSR   -5.0 dB  BER 1.27e-02  P(det)@0.05 power_one_sided 1.000 power_two_sided 1.000 kurtosis 1.000 spec_cnn 1.000  (17s)
  JSR   -4.0 dB  BER 2.09e-02  P(det)@0.05 power_one_sided 1.000 power_two_sided 1.000 kurtosis 1.000 spec_cnn 1.000  (18s)
  JSR   -3.0 dB  BER 3.24e-02  P(det)@0.05 power_one_sided 1.000 power_two_sided 1.000 kurtosis 1.000 spec_cnn 1.000  (18s)
  JSR   -2.0 dB  BER 4.80e-02  P(det)@0.05 power_one_sided 1.000 power_two_sided 1.000 kurtosis 1.000 spec_cnn 1.000  (19s)
  JSR   -1.0 dB  BER 6.59e-02  P(det)@0.05 power_one_sided 1.000 power_two_sided 1.000 kurtosis 1.000 spec_cnn 1.000  (19s)
  JSR   +0.0 dB  BER 9.01e-02  P(det)@0.05 power_one_sided 1.000 power_two_sided 1.000 kurtosis 1.000 spec_cnn 1.000  (19s)
  JSR   +1.0 dB  BER 1.13e-01  P(det)@0.05 power_one_sided 1.000 power_two_sided 1.000 kurtosis 1.000 spec_cnn 1.000  (20s)
  JSR   +2.0 dB  BER 1.38e-01  P(det)@0.05 power_one_sided 1.000 power_two_sided 1.000 kurtosis 1.000 spec_cnn 1.000  (20s)
  JSR   +3.0 dB  BER 1.68e-01  P(det)@0.05 power_one_sided 1.000 power_two_sided 1.000 kurtosis 1.000 spec_cnn 1.000  (20s)
  JSR   +4.0 dB  BER 1.97e-01  P(det)@0.05 power_one_sided 1.000 power_two_sided 1.000 kurtosis 1.000 spec_cnn 1.000  (21s)
  JSR   +5.0 dB  BER 2.25e-01  P(det)@0.05 power_one_sided 1.000 power_two_sided 1.000 kurtosis 1.000 spec_cnn 1.000  (21s)
  JSR   +6.0 dB  BER 2.46e-01  P(det)@0.05 power_one_sided 1.000 power_two_sided 1.000 kurtosis 1.000 spec_cnn 1.000  (22s)
  JSR   +7.0 dB  BER 2.67e-01  P(det)@0.05 power_one_sided 1.000 power_two_sided 1.000 kurtosis 1.000 spec_cnn 1.000  (22s)
  JSR   +8.0 dB  BER 2.94e-01  P(det)@0.05 power_one_sided 1.000 power_two_sided 1.000 kurtosis 1.000 spec_cnn 1.000  (22s)
  JSR   +9.0 dB  BER 3.14e-01  P(det)@0.05 power_one_sided 1.000 power_two_sided 1.000 kurtosis 1.000 spec_cnn 1.000  (23s)
  JSR  +10.0 dB  BER 3.33e-01  P(det)@0.05 power_one_sided 1.000 power_two_sided 1.000 kurtosis 1.000 spec_cnn 1.000  (23s)
  JSR  +11.0 dB  BER 3.49e-01  P(det)@0.05 power_one_sided 1.000 power_two_sided 1.000 kurtosis 1.000 spec_cnn 1.000  (24s)
  JSR  +12.0 dB  BER 3.63e-01  P(det)@0.05 power_one_sided 1.000 power_two_sided 1.000 kurtosis 1.000 spec_cnn 1.000  (24s)
  JSR  +13.0 dB  BER 3.77e-01  P(det)@0.05 power_one_sided 1.000 power_two_sided 1.000 kurtosis 1.000 spec_cnn 1.000  (24s)
  JSR  +14.0 dB  BER 3.89e-01  P(det)@0.05 power_one_sided 1.000 power_two_sided 1.000 kurtosis 1.000 spec_cnn 1.000  (25s)
  JSR  +15.0 dB  BER 4.04e-01  P(det)@0.05 power_one_sided 1.000 power_two_sided 1.000 kurtosis 1.000 spec_cnn 1.000  (25s)
  [snr_20] eff confirmed: {"power_one_sided": {"0.01": {"index": 0, "sweep_ber": 0.0, "sweep_pdet": 0.01171875, "confirmed_ber": 0.0, "confirmed_ser": 0.0, "confirmed_pdet": 0.010498046875, "passed": true}, "0.05": {"index": 0, "sweep_ber": 0.0, "sweep_pdet": 0.05078125, "confirmed_ber": 0.0, "confirmed_ser": 0.0, "confirmed_pdet": 0.052734375, "passed": true}}, "power_two_sided": {"0.01": {"index": 0, "sweep_ber": 0.0, "sweep_pdet": 0.005859375, "confirmed_ber": 0.0, "confirmed_ser": 0.0, "confirmed_pdet": 0.009521484375, "passed": true}, "0.05": {"index": 0, "sweep_ber": 0.0, "sweep_pdet": 0.041015625, "confirmed_ber": 0.0, "confirmed_ser": 0.0, "confirmed_pdet": 0.052001953125, "passed": true}}, "kurtosis": {"0.01": {"index": 31, "sweep_ber": 0.000457763671875, "sweep_pdet": 0.015625, "confirmed_ber": 0.00038909912109375, "confirmed_ser": 0.0007781982421875, "confirmed_pdet": 0.028564453125, "passed": false}, "0.05": {"index": 30, "sweep_ber": 0.00016021728515625, "sweep_pdet": 0.064453125, "confirmed_ber": 0.00017452239990234375, "confirmed_ser": 0.0003490447998046875, "confirmed_pdet": 0.073486328125, "passed": false}}, "spec_cnn": {"0.01": {"index": 0, "sweep_ber": 0.0, "sweep_pdet": 0.009765625, "confirmed_ber": 0.0, "confirmed_ser": 0.0, "confirmed_pdet": 0.014892578125, "passed": false}, "0.05": {"index": 0, "sweep_ber": 0.0, "sweep_pdet": 0.056640625, "confirmed_ber": 0.0, "confirmed_ser": 0.0, "confirmed_pdet": 0.05224609375, "passed": true}}}  (442s)
  [snr_20] generator power_one_sided_b1 (scale 0.4022)
  JSR  -50.0 dB  BER 0.00e+00  P(det)@0.05 power_one_sided 0.055 power_two_sided 0.045 kurtosis 0.061 spec_cnn 0.049  (0s)
  JSR  -49.0 dB  BER 0.00e+00  P(det)@0.05 power_one_sided 0.061 power_two_sided 0.064 kurtosis 0.039 spec_cnn 0.061  (1s)
  JSR  -48.0 dB  BER 0.00e+00  P(det)@0.05 power_one_sided 0.039 power_two_sided 0.047 kurtosis 0.035 spec_cnn 0.031  (1s)
  JSR  -47.0 dB  BER 0.00e+00  P(det)@0.05 power_one_sided 0.062 power_two_sided 0.064 kurtosis 0.047 spec_cnn 0.037  (1s)
  JSR  -46.0 dB  BER 0.00e+00  P(det)@0.05 power_one_sided 0.064 power_two_sided 0.053 kurtosis 0.043 spec_cnn 0.062  (2s)
  JSR  -45.0 dB  BER 0.00e+00  P(det)@0.05 power_one_sided 0.064 power_two_sided 0.066 kurtosis 0.061 spec_cnn 0.082  (2s)
  JSR  -44.0 dB  BER 0.00e+00  P(det)@0.05 power_one_sided 0.057 power_two_sided 0.037 kurtosis 0.053 spec_cnn 0.055  (3s)
  JSR  -43.0 dB  BER 0.00e+00  P(det)@0.05 power_one_sided 0.066 power_two_sided 0.062 kurtosis 0.062 spec_cnn 0.057  (3s)
  JSR  -42.0 dB  BER 0.00e+00  P(det)@0.05 power_one_sided 0.051 power_two_sided 0.062 kurtosis 0.049 spec_cnn 0.041  (3s)
  JSR  -41.0 dB  BER 0.00e+00  P(det)@0.05 power_one_sided 0.070 power_two_sided 0.066 kurtosis 0.045 spec_cnn 0.068  (4s)
  JSR  -40.0 dB  BER 0.00e+00  P(det)@0.05 power_one_sided 0.092 power_two_sided 0.059 kurtosis 0.055 spec_cnn 0.053  (4s)
  JSR  -39.0 dB  BER 0.00e+00  P(det)@0.05 power_one_sided 0.037 power_two_sided 0.051 kurtosis 0.053 spec_cnn 0.064  (5s)
  JSR  -38.0 dB  BER 0.00e+00  P(det)@0.05 power_one_sided 0.064 power_two_sided 0.070 kurtosis 0.057 spec_cnn 0.059  (5s)
  JSR  -37.0 dB  BER 0.00e+00  P(det)@0.05 power_one_sided 0.064 power_two_sided 0.051 kurtosis 0.043 spec_cnn 0.055  (5s)
  JSR  -36.0 dB  BER 0.00e+00  P(det)@0.05 power_one_sided 0.076 power_two_sided 0.074 kurtosis 0.039 spec_cnn 0.051  (6s)
  JSR  -35.0 dB  BER 0.00e+00  P(det)@0.05 power_one_sided 0.070 power_two_sided 0.057 kurtosis 0.051 spec_cnn 0.062  (6s)
  JSR  -34.0 dB  BER 0.00e+00  P(det)@0.05 power_one_sided 0.098 power_two_sided 0.100 kurtosis 0.047 spec_cnn 0.070  (6s)
  JSR  -33.0 dB  BER 0.00e+00  P(det)@0.05 power_one_sided 0.082 power_two_sided 0.082 kurtosis 0.043 spec_cnn 0.076  (7s)
  JSR  -32.0 dB  BER 0.00e+00  P(det)@0.05 power_one_sided 0.148 power_two_sided 0.119 kurtosis 0.062 spec_cnn 0.084  (7s)
  JSR  -31.0 dB  BER 0.00e+00  P(det)@0.05 power_one_sided 0.148 power_two_sided 0.135 kurtosis 0.029 spec_cnn 0.066  (8s)
  JSR  -30.0 dB  BER 0.00e+00  P(det)@0.05 power_one_sided 0.160 power_two_sided 0.145 kurtosis 0.064 spec_cnn 0.082  (8s)
  JSR  -29.0 dB  BER 0.00e+00  P(det)@0.05 power_one_sided 0.203 power_two_sided 0.156 kurtosis 0.053 spec_cnn 0.082  (8s)
  JSR  -28.0 dB  BER 0.00e+00  P(det)@0.05 power_one_sided 0.199 power_two_sided 0.166 kurtosis 0.041 spec_cnn 0.109  (9s)
  JSR  -27.0 dB  BER 0.00e+00  P(det)@0.05 power_one_sided 0.246 power_two_sided 0.213 kurtosis 0.061 spec_cnn 0.145  (9s)
  JSR  -26.0 dB  BER 0.00e+00  P(det)@0.05 power_one_sided 0.316 power_two_sided 0.291 kurtosis 0.053 spec_cnn 0.133  (9s)
  JSR  -25.0 dB  BER 0.00e+00  P(det)@0.05 power_one_sided 0.424 power_two_sided 0.381 kurtosis 0.059 spec_cnn 0.182  (10s)
  JSR  -24.0 dB  BER 0.00e+00  P(det)@0.05 power_one_sided 0.482 power_two_sided 0.475 kurtosis 0.057 spec_cnn 0.219  (10s)
  JSR  -23.0 dB  BER 0.00e+00  P(det)@0.05 power_one_sided 0.545 power_two_sided 0.506 kurtosis 0.049 spec_cnn 0.246  (11s)
  JSR  -22.0 dB  BER 7.63e-06  P(det)@0.05 power_one_sided 0.607 power_two_sided 0.588 kurtosis 0.055 spec_cnn 0.316  (11s)
  JSR  -21.0 dB  BER 7.63e-05  P(det)@0.05 power_one_sided 0.684 power_two_sided 0.674 kurtosis 0.072 spec_cnn 0.369  (11s)
  JSR  -20.0 dB  BER 2.29e-04  P(det)@0.05 power_one_sided 0.762 power_two_sided 0.742 kurtosis 0.051 spec_cnn 0.457  (12s)
  JSR  -19.0 dB  BER 5.87e-04  P(det)@0.05 power_one_sided 0.805 power_two_sided 0.801 kurtosis 0.109 spec_cnn 0.496  (12s)
  JSR  -18.0 dB  BER 8.85e-04  P(det)@0.05 power_one_sided 0.865 power_two_sided 0.855 kurtosis 0.117 spec_cnn 0.590  (13s)
  JSR  -17.0 dB  BER 1.28e-03  P(det)@0.05 power_one_sided 0.908 power_two_sided 0.908 kurtosis 0.174 spec_cnn 0.666  (13s)
  JSR  -16.0 dB  BER 1.69e-03  P(det)@0.05 power_one_sided 0.959 power_two_sided 0.961 kurtosis 0.252 spec_cnn 0.746  (13s)
  JSR  -15.0 dB  BER 2.16e-03  P(det)@0.05 power_one_sided 0.969 power_two_sided 0.967 kurtosis 0.367 spec_cnn 0.807  (14s)
  JSR  -14.0 dB  BER 2.56e-03  P(det)@0.05 power_one_sided 0.986 power_two_sided 0.980 kurtosis 0.473 spec_cnn 0.875  (14s)
  JSR  -13.0 dB  BER 2.82e-03  P(det)@0.05 power_one_sided 0.998 power_two_sided 0.994 kurtosis 0.652 spec_cnn 0.951  (14s)
  JSR  -12.0 dB  BER 3.36e-03  P(det)@0.05 power_one_sided 0.996 power_two_sided 0.998 kurtosis 0.801 spec_cnn 0.955  (15s)
  JSR  -11.0 dB  BER 3.55e-03  P(det)@0.05 power_one_sided 0.998 power_two_sided 0.998 kurtosis 0.920 spec_cnn 0.975  (15s)
  JSR  -10.0 dB  BER 4.01e-03  P(det)@0.05 power_one_sided 1.000 power_two_sided 1.000 kurtosis 0.984 spec_cnn 0.986  (16s)
  JSR   -9.0 dB  BER 4.47e-03  P(det)@0.05 power_one_sided 1.000 power_two_sided 1.000 kurtosis 0.998 spec_cnn 1.000  (16s)
  JSR   -8.0 dB  BER 5.35e-03  P(det)@0.05 power_one_sided 1.000 power_two_sided 1.000 kurtosis 1.000 spec_cnn 0.998  (16s)
  JSR   -7.0 dB  BER 6.28e-03  P(det)@0.05 power_one_sided 1.000 power_two_sided 1.000 kurtosis 1.000 spec_cnn 0.998  (17s)
  JSR   -6.0 dB  BER 8.26e-03  P(det)@0.05 power_one_sided 1.000 power_two_sided 1.000 kurtosis 1.000 spec_cnn 1.000  (17s)
  JSR   -5.0 dB  BER 1.27e-02  P(det)@0.05 power_one_sided 1.000 power_two_sided 1.000 kurtosis 1.000 spec_cnn 1.000  (18s)
  JSR   -4.0 dB  BER 1.92e-02  P(det)@0.05 power_one_sided 1.000 power_two_sided 1.000 kurtosis 1.000 spec_cnn 1.000  (18s)
  JSR   -3.0 dB  BER 2.86e-02  P(det)@0.05 power_one_sided 1.000 power_two_sided 1.000 kurtosis 1.000 spec_cnn 1.000  (18s)
  JSR   -2.0 dB  BER 4.41e-02  P(det)@0.05 power_one_sided 1.000 power_two_sided 1.000 kurtosis 1.000 spec_cnn 1.000  (19s)
  JSR   -1.0 dB  BER 6.16e-02  P(det)@0.05 power_one_sided 1.000 power_two_sided 1.000 kurtosis 1.000 spec_cnn 1.000  (19s)
  JSR   +0.0 dB  BER 8.01e-02  P(det)@0.05 power_one_sided 1.000 power_two_sided 1.000 kurtosis 1.000 spec_cnn 1.000  (20s)
  JSR   +1.0 dB  BER 1.09e-01  P(det)@0.05 power_one_sided 1.000 power_two_sided 1.000 kurtosis 1.000 spec_cnn 1.000  (20s)
  JSR   +2.0 dB  BER 1.32e-01  P(det)@0.05 power_one_sided 1.000 power_two_sided 1.000 kurtosis 1.000 spec_cnn 1.000  (20s)
  JSR   +3.0 dB  BER 1.61e-01  P(det)@0.05 power_one_sided 1.000 power_two_sided 1.000 kurtosis 1.000 spec_cnn 1.000  (21s)
  JSR   +4.0 dB  BER 1.87e-01  P(det)@0.05 power_one_sided 1.000 power_two_sided 1.000 kurtosis 1.000 spec_cnn 1.000  (21s)
  JSR   +5.0 dB  BER 2.14e-01  P(det)@0.05 power_one_sided 1.000 power_two_sided 1.000 kurtosis 1.000 spec_cnn 1.000  (21s)
  JSR   +6.0 dB  BER 2.40e-01  P(det)@0.05 power_one_sided 1.000 power_two_sided 1.000 kurtosis 1.000 spec_cnn 1.000  (22s)
  JSR   +7.0 dB  BER 2.65e-01  P(det)@0.05 power_one_sided 1.000 power_two_sided 1.000 kurtosis 1.000 spec_cnn 1.000  (22s)
  JSR   +8.0 dB  BER 2.87e-01  P(det)@0.05 power_one_sided 1.000 power_two_sided 1.000 kurtosis 1.000 spec_cnn 1.000  (23s)
  JSR   +9.0 dB  BER 3.10e-01  P(det)@0.05 power_one_sided 1.000 power_two_sided 1.000 kurtosis 1.000 spec_cnn 1.000  (23s)
  JSR  +10.0 dB  BER 3.25e-01  P(det)@0.05 power_one_sided 1.000 power_two_sided 1.000 kurtosis 1.000 spec_cnn 1.000  (23s)
  JSR  +11.0 dB  BER 3.45e-01  P(det)@0.05 power_one_sided 1.000 power_two_sided 1.000 kurtosis 1.000 spec_cnn 1.000  (24s)
  JSR  +12.0 dB  BER 3.62e-01  P(det)@0.05 power_one_sided 1.000 power_two_sided 1.000 kurtosis 1.000 spec_cnn 1.000  (24s)
  JSR  +13.0 dB  BER 3.73e-01  P(det)@0.05 power_one_sided 1.000 power_two_sided 1.000 kurtosis 1.000 spec_cnn 1.000  (24s)
  JSR  +14.0 dB  BER 3.87e-01  P(det)@0.05 power_one_sided 1.000 power_two_sided 1.000 kurtosis 1.000 spec_cnn 1.000  (25s)
  JSR  +15.0 dB  BER 4.00e-01  P(det)@0.05 power_one_sided 1.000 power_two_sided 1.000 kurtosis 1.000 spec_cnn 1.000  (25s)
  [snr_20] power_one_sided_b1 confirmed: {"power_one_sided": {"0.01": {"index": 0, "sweep_ber": 0.0, "sweep_pdet": 0.005859375, "confirmed_ber": 0.0, "confirmed_ser": 0.0, "confirmed_pdet": 0.01318359375, "passed": false}, "0.05": {"index": 0, "sweep_ber": 0.0, "sweep_pdet": 0.0546875, "confirmed_ber": 0.0, "confirmed_ser": 0.0, "confirmed_pdet": 0.054443359375, "passed": true}}, "power_two_sided": {"0.01": {"index": 0, "sweep_ber": 0.0, "sweep_pdet": 0.001953125, "confirmed_ber": 0.0, "confirmed_ser": 0.0, "confirmed_pdet": 0.009521484375, "passed": true}, "0.05": {"index": 0, "sweep_ber": 0.0, "sweep_pdet": 0.044921875, "confirmed_ber": 0.0, "confirmed_ser": 0.0, "confirmed_pdet": 0.05322265625, "passed": true}}, "kurtosis": {"0.01": {"index": 30, "sweep_ber": 0.0002288818359375, "sweep_pdet": 0.0078125, "confirmed_ber": 0.00024700164794921875, "confirmed_ser": 0.0004940032958984375, "confirmed_pdet": 0.021240234375, "passed": false}, "0.05": {"index": 30, "sweep_ber": 0.0002288818359375, "sweep_pdet": 0.05078125, "confirmed_ber": 0.000232696533203125, "confirmed_ser": 0.00046539306640625, "confirmed_pdet": 0.078125, "passed": false}}, "spec_cnn": {"0.01": {"index": 0, "sweep_ber": 0.0, "sweep_pdet": 0.009765625, "confirmed_ber": 0.0, "confirmed_ser": 0.0, "confirmed_pdet": 0.009033203125, "passed": true}, "0.05": {"index": 0, "sweep_ber": 0.0, "sweep_pdet": 0.048828125, "confirmed_ber": 0.0, "confirmed_ser": 0.0, "confirmed_pdet": 0.045654296875, "passed": true}}}  (492s)
  [snr_20] generator power_one_sided_b10 (scale 0.4022)
  JSR  -50.0 dB  BER 0.00e+00  P(det)@0.05 power_one_sided 0.059 power_two_sided 0.076 kurtosis 0.049 spec_cnn 0.027  (0s)
  JSR  -49.0 dB  BER 0.00e+00  P(det)@0.05 power_one_sided 0.074 power_two_sided 0.061 kurtosis 0.047 spec_cnn 0.049  (1s)
  JSR  -48.0 dB  BER 0.00e+00  P(det)@0.05 power_one_sided 0.051 power_two_sided 0.064 kurtosis 0.043 spec_cnn 0.047  (1s)
  JSR  -47.0 dB  BER 0.00e+00  P(det)@0.05 power_one_sided 0.057 power_two_sided 0.062 kurtosis 0.059 spec_cnn 0.061  (1s)
  JSR  -46.0 dB  BER 0.00e+00  P(det)@0.05 power_one_sided 0.047 power_two_sided 0.051 kurtosis 0.057 spec_cnn 0.057  (2s)
  JSR  -45.0 dB  BER 0.00e+00  P(det)@0.05 power_one_sided 0.049 power_two_sided 0.061 kurtosis 0.045 spec_cnn 0.059  (2s)
  JSR  -44.0 dB  BER 0.00e+00  P(det)@0.05 power_one_sided 0.045 power_two_sided 0.049 kurtosis 0.051 spec_cnn 0.055  (3s)
  JSR  -43.0 dB  BER 0.00e+00  P(det)@0.05 power_one_sided 0.041 power_two_sided 0.055 kurtosis 0.053 spec_cnn 0.047  (3s)
  JSR  -42.0 dB  BER 0.00e+00  P(det)@0.05 power_one_sided 0.064 power_two_sided 0.057 kurtosis 0.047 spec_cnn 0.057  (3s)
  JSR  -41.0 dB  BER 0.00e+00  P(det)@0.05 power_one_sided 0.062 power_two_sided 0.055 kurtosis 0.047 spec_cnn 0.049  (4s)
  JSR  -40.0 dB  BER 0.00e+00  P(det)@0.05 power_one_sided 0.064 power_two_sided 0.080 kurtosis 0.037 spec_cnn 0.041  (4s)
  JSR  -39.0 dB  BER 0.00e+00  P(det)@0.05 power_one_sided 0.074 power_two_sided 0.074 kurtosis 0.043 spec_cnn 0.062  (5s)
  JSR  -38.0 dB  BER 0.00e+00  P(det)@0.05 power_one_sided 0.049 power_two_sided 0.043 kurtosis 0.051 spec_cnn 0.047  (5s)
  JSR  -37.0 dB  BER 0.00e+00  P(det)@0.05 power_one_sided 0.061 power_two_sided 0.053 kurtosis 0.041 spec_cnn 0.084  (5s)
  JSR  -36.0 dB  BER 0.00e+00  P(det)@0.05 power_one_sided 0.072 power_two_sided 0.082 kurtosis 0.033 spec_cnn 0.066  (6s)
  JSR  -35.0 dB  BER 0.00e+00  P(det)@0.05 power_one_sided 0.086 power_two_sided 0.074 kurtosis 0.062 spec_cnn 0.051  (6s)
  JSR  -34.0 dB  BER 0.00e+00  P(det)@0.05 power_one_sided 0.074 power_two_sided 0.084 kurtosis 0.047 spec_cnn 0.051  (6s)
  JSR  -33.0 dB  BER 0.00e+00  P(det)@0.05 power_one_sided 0.090 power_two_sided 0.092 kurtosis 0.064 spec_cnn 0.057  (7s)
  JSR  -32.0 dB  BER 0.00e+00  P(det)@0.05 power_one_sided 0.115 power_two_sided 0.117 kurtosis 0.051 spec_cnn 0.055  (7s)
  JSR  -31.0 dB  BER 0.00e+00  P(det)@0.05 power_one_sided 0.131 power_two_sided 0.113 kurtosis 0.057 spec_cnn 0.100  (8s)
  JSR  -30.0 dB  BER 0.00e+00  P(det)@0.05 power_one_sided 0.141 power_two_sided 0.137 kurtosis 0.037 spec_cnn 0.115  (8s)
  JSR  -29.0 dB  BER 0.00e+00  P(det)@0.05 power_one_sided 0.201 power_two_sided 0.172 kurtosis 0.043 spec_cnn 0.133  (8s)
  JSR  -28.0 dB  BER 0.00e+00  P(det)@0.05 power_one_sided 0.201 power_two_sided 0.180 kurtosis 0.033 spec_cnn 0.162  (9s)
  JSR  -27.0 dB  BER 0.00e+00  P(det)@0.05 power_one_sided 0.252 power_two_sided 0.260 kurtosis 0.045 spec_cnn 0.168  (9s)
  JSR  -26.0 dB  BER 0.00e+00  P(det)@0.05 power_one_sided 0.307 power_two_sided 0.279 kurtosis 0.084 spec_cnn 0.234  (10s)
  JSR  -25.0 dB  BER 0.00e+00  P(det)@0.05 power_one_sided 0.342 power_two_sided 0.318 kurtosis 0.059 spec_cnn 0.260  (10s)
  JSR  -24.0 dB  BER 0.00e+00  P(det)@0.05 power_one_sided 0.430 power_two_sided 0.428 kurtosis 0.074 spec_cnn 0.260  (10s)
  JSR  -23.0 dB  BER 0.00e+00  P(det)@0.05 power_one_sided 0.508 power_two_sided 0.482 kurtosis 0.043 spec_cnn 0.293  (11s)
  JSR  -22.0 dB  BER 0.00e+00  P(det)@0.05 power_one_sided 0.611 power_two_sided 0.576 kurtosis 0.061 spec_cnn 0.350  (11s)
  JSR  -21.0 dB  BER 3.81e-05  P(det)@0.05 power_one_sided 0.635 power_two_sided 0.605 kurtosis 0.070 spec_cnn 0.441  (11s)
  JSR  -20.0 dB  BER 3.05e-05  P(det)@0.05 power_one_sided 0.715 power_two_sided 0.695 kurtosis 0.082 spec_cnn 0.535  (12s)
  JSR  -19.0 dB  BER 3.28e-04  P(det)@0.05 power_one_sided 0.797 power_two_sided 0.777 kurtosis 0.086 spec_cnn 0.559  (12s)
  JSR  -18.0 dB  BER 5.19e-04  P(det)@0.05 power_one_sided 0.857 power_two_sided 0.846 kurtosis 0.123 spec_cnn 0.660  (13s)
  JSR  -17.0 dB  BER 8.85e-04  P(det)@0.05 power_one_sided 0.906 power_two_sided 0.908 kurtosis 0.152 spec_cnn 0.730  (13s)
  JSR  -16.0 dB  BER 1.23e-03  P(det)@0.05 power_one_sided 0.936 power_two_sided 0.934 kurtosis 0.219 spec_cnn 0.732  (13s)
  JSR  -15.0 dB  BER 1.65e-03  P(det)@0.05 power_one_sided 0.979 power_two_sided 0.977 kurtosis 0.293 spec_cnn 0.871  (14s)
  JSR  -14.0 dB  BER 2.01e-03  P(det)@0.05 power_one_sided 0.988 power_two_sided 0.984 kurtosis 0.428 spec_cnn 0.885  (14s)
  JSR  -13.0 dB  BER 2.17e-03  P(det)@0.05 power_one_sided 0.998 power_two_sided 0.998 kurtosis 0.607 spec_cnn 0.939  (15s)
  JSR  -12.0 dB  BER 2.80e-03  P(det)@0.05 power_one_sided 0.998 power_two_sided 0.998 kurtosis 0.732 spec_cnn 0.953  (15s)
  JSR  -11.0 dB  BER 3.36e-03  P(det)@0.05 power_one_sided 1.000 power_two_sided 1.000 kurtosis 0.838 spec_cnn 0.980  (15s)
  JSR  -10.0 dB  BER 3.77e-03  P(det)@0.05 power_one_sided 1.000 power_two_sided 1.000 kurtosis 0.945 spec_cnn 0.996  (16s)
  JSR   -9.0 dB  BER 4.63e-03  P(det)@0.05 power_one_sided 1.000 power_two_sided 1.000 kurtosis 0.982 spec_cnn 0.996  (16s)
  JSR   -8.0 dB  BER 5.30e-03  P(det)@0.05 power_one_sided 1.000 power_two_sided 1.000 kurtosis 0.994 spec_cnn 1.000  (16s)
  JSR   -7.0 dB  BER 7.18e-03  P(det)@0.05 power_one_sided 1.000 power_two_sided 1.000 kurtosis 1.000 spec_cnn 1.000  (17s)
  JSR   -6.0 dB  BER 9.86e-03  P(det)@0.05 power_one_sided 1.000 power_two_sided 1.000 kurtosis 1.000 spec_cnn 1.000  (17s)
  JSR   -5.0 dB  BER 1.52e-02  P(det)@0.05 power_one_sided 1.000 power_two_sided 1.000 kurtosis 1.000 spec_cnn 1.000  (18s)
  JSR   -4.0 dB  BER 2.44e-02  P(det)@0.05 power_one_sided 1.000 power_two_sided 1.000 kurtosis 1.000 spec_cnn 1.000  (18s)
  JSR   -3.0 dB  BER 3.57e-02  P(det)@0.05 power_one_sided 1.000 power_two_sided 1.000 kurtosis 1.000 spec_cnn 1.000  (18s)
  JSR   -2.0 dB  BER 5.30e-02  P(det)@0.05 power_one_sided 1.000 power_two_sided 1.000 kurtosis 1.000 spec_cnn 1.000  (19s)
  JSR   -1.0 dB  BER 7.10e-02  P(det)@0.05 power_one_sided 1.000 power_two_sided 1.000 kurtosis 1.000 spec_cnn 1.000  (19s)
  JSR   +0.0 dB  BER 9.29e-02  P(det)@0.05 power_one_sided 1.000 power_two_sided 1.000 kurtosis 1.000 spec_cnn 1.000  (19s)
  JSR   +1.0 dB  BER 1.18e-01  P(det)@0.05 power_one_sided 1.000 power_two_sided 1.000 kurtosis 1.000 spec_cnn 1.000  (20s)
  JSR   +2.0 dB  BER 1.43e-01  P(det)@0.05 power_one_sided 1.000 power_two_sided 1.000 kurtosis 1.000 spec_cnn 1.000  (20s)
  JSR   +3.0 dB  BER 1.73e-01  P(det)@0.05 power_one_sided 1.000 power_two_sided 1.000 kurtosis 1.000 spec_cnn 1.000  (21s)
  JSR   +4.0 dB  BER 2.00e-01  P(det)@0.05 power_one_sided 1.000 power_two_sided 1.000 kurtosis 1.000 spec_cnn 1.000  (21s)
  JSR   +5.0 dB  BER 2.28e-01  P(det)@0.05 power_one_sided 1.000 power_two_sided 1.000 kurtosis 1.000 spec_cnn 1.000  (21s)
  JSR   +6.0 dB  BER 2.50e-01  P(det)@0.05 power_one_sided 1.000 power_two_sided 1.000 kurtosis 1.000 spec_cnn 1.000  (22s)
  JSR   +7.0 dB  BER 2.75e-01  P(det)@0.05 power_one_sided 1.000 power_two_sided 1.000 kurtosis 1.000 spec_cnn 1.000  (22s)
  JSR   +8.0 dB  BER 2.95e-01  P(det)@0.05 power_one_sided 1.000 power_two_sided 1.000 kurtosis 1.000 spec_cnn 1.000  (22s)
  JSR   +9.0 dB  BER 3.16e-01  P(det)@0.05 power_one_sided 1.000 power_two_sided 1.000 kurtosis 1.000 spec_cnn 1.000  (23s)
  JSR  +10.0 dB  BER 3.33e-01  P(det)@0.05 power_one_sided 1.000 power_two_sided 1.000 kurtosis 1.000 spec_cnn 1.000  (23s)
  JSR  +11.0 dB  BER 3.49e-01  P(det)@0.05 power_one_sided 1.000 power_two_sided 1.000 kurtosis 1.000 spec_cnn 1.000  (24s)
  JSR  +12.0 dB  BER 3.67e-01  P(det)@0.05 power_one_sided 1.000 power_two_sided 1.000 kurtosis 1.000 spec_cnn 1.000  (24s)
  JSR  +13.0 dB  BER 3.80e-01  P(det)@0.05 power_one_sided 1.000 power_two_sided 1.000 kurtosis 1.000 spec_cnn 1.000  (24s)
  JSR  +14.0 dB  BER 3.92e-01  P(det)@0.05 power_one_sided 1.000 power_two_sided 1.000 kurtosis 1.000 spec_cnn 1.000  (25s)
  JSR  +15.0 dB  BER 4.03e-01  P(det)@0.05 power_one_sided 1.000 power_two_sided 1.000 kurtosis 1.000 spec_cnn 1.000  (25s)
  [snr_20] power_one_sided_b10 confirmed: {"power_one_sided": {"0.01": {"index": 0, "sweep_ber": 0.0, "sweep_pdet": 0.01171875, "confirmed_ber": 0.0, "confirmed_ser": 0.0, "confirmed_pdet": 0.01171875, "passed": true}, "0.05": {"index": 0, "sweep_ber": 0.0, "sweep_pdet": 0.05859375, "confirmed_ber": 0.0, "confirmed_ser": 0.0, "confirmed_pdet": 0.05908203125, "passed": false}}, "power_two_sided": {"0.01": {"index": 0, "sweep_ber": 0.0, "sweep_pdet": 0.0078125, "confirmed_ber": 0.0, "confirmed_ser": 0.0, "confirmed_pdet": 0.011962890625, "passed": true}, "0.05": {"index": 1, "sweep_ber": 0.0, "sweep_pdet": 0.060546875, "confirmed_ber": 0.0, "confirmed_ser": 0.0, "confirmed_pdet": 0.049072265625, "passed": true}}, "kurtosis": {"0.01": {"index": 31, "sweep_ber": 0.00032806396484375, "sweep_pdet": 0.013671875, "confirmed_ber": 0.00025177001953125, "confirmed_ser": 0.0005035400390625, "confirmed_pdet": 0.025146484375, "passed": false}, "0.05": {"index": 0, "sweep_ber": 0.0, "sweep_pdet": 0.048828125, "confirmed_ber": 0.0, "confirmed_ser": 0.0, "confirmed_pdet": 0.046630859375, "passed": true}}, "spec_cnn": {"0.01": {"index": 0, "sweep_ber": 0.0, "sweep_pdet": 0.00390625, "confirmed_ber": 0.0, "confirmed_ser": 0.0, "confirmed_pdet": 0.011962890625, "passed": true}, "0.05": {"index": 0, "sweep_ber": 0.0, "sweep_pdet": 0.02734375, "confirmed_ber": 0.0, "confirmed_ser": 0.0, "confirmed_pdet": 0.051025390625, "passed": true}}}  (542s)
  [snr_20] generator power_one_sided_b100 (scale 0.4022)
  JSR  -50.0 dB  BER 0.00e+00  P(det)@0.05 power_one_sided 0.049 power_two_sided 0.043 kurtosis 0.055 spec_cnn 0.043  (0s)
  JSR  -49.0 dB  BER 0.00e+00  P(det)@0.05 power_one_sided 0.047 power_two_sided 0.045 kurtosis 0.066 spec_cnn 0.064  (1s)
  JSR  -48.0 dB  BER 0.00e+00  P(det)@0.05 power_one_sided 0.076 power_two_sided 0.055 kurtosis 0.057 spec_cnn 0.055  (1s)
  JSR  -47.0 dB  BER 0.00e+00  P(det)@0.05 power_one_sided 0.053 power_two_sided 0.057 kurtosis 0.045 spec_cnn 0.057  (1s)
  JSR  -46.0 dB  BER 0.00e+00  P(det)@0.05 power_one_sided 0.055 power_two_sided 0.049 kurtosis 0.068 spec_cnn 0.051  (2s)
  JSR  -45.0 dB  BER 0.00e+00  P(det)@0.05 power_one_sided 0.045 power_two_sided 0.047 kurtosis 0.045 spec_cnn 0.059  (2s)
  JSR  -44.0 dB  BER 0.00e+00  P(det)@0.05 power_one_sided 0.053 power_two_sided 0.062 kurtosis 0.051 spec_cnn 0.070  (3s)
  JSR  -43.0 dB  BER 0.00e+00  P(det)@0.05 power_one_sided 0.051 power_two_sided 0.041 kurtosis 0.055 spec_cnn 0.045  (3s)
  JSR  -42.0 dB  BER 0.00e+00  P(det)@0.05 power_one_sided 0.062 power_two_sided 0.045 kurtosis 0.033 spec_cnn 0.043  (3s)
  JSR  -41.0 dB  BER 0.00e+00  P(det)@0.05 power_one_sided 0.055 power_two_sided 0.059 kurtosis 0.053 spec_cnn 0.064  (4s)
  JSR  -40.0 dB  BER 0.00e+00  P(det)@0.05 power_one_sided 0.062 power_two_sided 0.061 kurtosis 0.053 spec_cnn 0.053  (4s)
  JSR  -39.0 dB  BER 0.00e+00  P(det)@0.05 power_one_sided 0.059 power_two_sided 0.066 kurtosis 0.039 spec_cnn 0.068  (4s)
  JSR  -38.0 dB  BER 0.00e+00  P(det)@0.05 power_one_sided 0.076 power_two_sided 0.076 kurtosis 0.070 spec_cnn 0.059  (5s)
  JSR  -37.0 dB  BER 0.00e+00  P(det)@0.05 power_one_sided 0.062 power_two_sided 0.061 kurtosis 0.041 spec_cnn 0.080  (5s)
  JSR  -36.0 dB  BER 0.00e+00  P(det)@0.05 power_one_sided 0.072 power_two_sided 0.080 kurtosis 0.055 spec_cnn 0.055  (6s)
  JSR  -35.0 dB  BER 0.00e+00  P(det)@0.05 power_one_sided 0.102 power_two_sided 0.088 kurtosis 0.041 spec_cnn 0.049  (6s)
  JSR  -34.0 dB  BER 0.00e+00  P(det)@0.05 power_one_sided 0.115 power_two_sided 0.100 kurtosis 0.064 spec_cnn 0.061  (6s)
  JSR  -33.0 dB  BER 0.00e+00  P(det)@0.05 power_one_sided 0.111 power_two_sided 0.092 kurtosis 0.033 spec_cnn 0.082  (7s)
  JSR  -32.0 dB  BER 0.00e+00  P(det)@0.05 power_one_sided 0.129 power_two_sided 0.131 kurtosis 0.047 spec_cnn 0.074  (7s)
  JSR  -31.0 dB  BER 0.00e+00  P(det)@0.05 power_one_sided 0.139 power_two_sided 0.125 kurtosis 0.049 spec_cnn 0.076  (8s)
  JSR  -30.0 dB  BER 0.00e+00  P(det)@0.05 power_one_sided 0.174 power_two_sided 0.160 kurtosis 0.045 spec_cnn 0.109  (8s)
  JSR  -29.0 dB  BER 0.00e+00  P(det)@0.05 power_one_sided 0.201 power_two_sided 0.189 kurtosis 0.045 spec_cnn 0.102  (8s)
  JSR  -28.0 dB  BER 0.00e+00  P(det)@0.05 power_one_sided 0.234 power_two_sided 0.189 kurtosis 0.061 spec_cnn 0.121  (9s)
  JSR  -27.0 dB  BER 0.00e+00  P(det)@0.05 power_one_sided 0.250 power_two_sided 0.258 kurtosis 0.045 spec_cnn 0.133  (9s)
  JSR  -26.0 dB  BER 0.00e+00  P(det)@0.05 power_one_sided 0.342 power_two_sided 0.344 kurtosis 0.055 spec_cnn 0.184  (9s)
  JSR  -25.0 dB  BER 0.00e+00  P(det)@0.05 power_one_sided 0.385 power_two_sided 0.367 kurtosis 0.047 spec_cnn 0.193  (10s)
  JSR  -24.0 dB  BER 0.00e+00  P(det)@0.05 power_one_sided 0.432 power_two_sided 0.416 kurtosis 0.045 spec_cnn 0.211  (10s)
  JSR  -23.0 dB  BER 0.00e+00  P(det)@0.05 power_one_sided 0.539 power_two_sided 0.523 kurtosis 0.057 spec_cnn 0.285  (11s)
  JSR  -22.0 dB  BER 0.00e+00  P(det)@0.05 power_one_sided 0.617 power_two_sided 0.611 kurtosis 0.059 spec_cnn 0.332  (11s)
  JSR  -21.0 dB  BER 4.58e-05  P(det)@0.05 power_one_sided 0.662 power_two_sided 0.664 kurtosis 0.068 spec_cnn 0.424  (11s)
  JSR  -20.0 dB  BER 1.75e-04  P(det)@0.05 power_one_sided 0.719 power_two_sided 0.725 kurtosis 0.064 spec_cnn 0.449  (12s)
  JSR  -19.0 dB  BER 5.04e-04  P(det)@0.05 power_one_sided 0.828 power_two_sided 0.822 kurtosis 0.107 spec_cnn 0.574  (12s)
  JSR  -18.0 dB  BER 8.01e-04  P(det)@0.05 power_one_sided 0.867 power_two_sided 0.865 kurtosis 0.098 spec_cnn 0.635  (12s)
  JSR  -17.0 dB  BER 1.13e-03  P(det)@0.05 power_one_sided 0.928 power_two_sided 0.926 kurtosis 0.148 spec_cnn 0.701  (13s)
  JSR  -16.0 dB  BER 1.70e-03  P(det)@0.05 power_one_sided 0.947 power_two_sided 0.943 kurtosis 0.240 spec_cnn 0.777  (13s)
  JSR  -15.0 dB  BER 1.72e-03  P(det)@0.05 power_one_sided 0.975 power_two_sided 0.982 kurtosis 0.350 spec_cnn 0.820  (14s)
  JSR  -14.0 dB  BER 2.30e-03  P(det)@0.05 power_one_sided 0.988 power_two_sided 0.988 kurtosis 0.494 spec_cnn 0.875  (14s)
  JSR  -13.0 dB  BER 2.75e-03  P(det)@0.05 power_one_sided 0.996 power_two_sided 0.996 kurtosis 0.600 spec_cnn 0.912  (14s)
  JSR  -12.0 dB  BER 2.91e-03  P(det)@0.05 power_one_sided 0.998 power_two_sided 0.998 kurtosis 0.797 spec_cnn 0.951  (15s)
  JSR  -11.0 dB  BER 3.40e-03  P(det)@0.05 power_one_sided 0.998 power_two_sided 0.998 kurtosis 0.887 spec_cnn 0.973  (15s)
  JSR  -10.0 dB  BER 3.75e-03  P(det)@0.05 power_one_sided 1.000 power_two_sided 1.000 kurtosis 0.969 spec_cnn 0.982  (15s)
  JSR   -9.0 dB  BER 4.44e-03  P(det)@0.05 power_one_sided 1.000 power_two_sided 1.000 kurtosis 0.990 spec_cnn 0.998  (16s)
  JSR   -8.0 dB  BER 5.29e-03  P(det)@0.05 power_one_sided 1.000 power_two_sided 1.000 kurtosis 1.000 spec_cnn 1.000  (16s)
  JSR   -7.0 dB  BER 6.55e-03  P(det)@0.05 power_one_sided 1.000 power_two_sided 1.000 kurtosis 1.000 spec_cnn 1.000  (17s)
  JSR   -6.0 dB  BER 9.46e-03  P(det)@0.05 power_one_sided 1.000 power_two_sided 1.000 kurtosis 1.000 spec_cnn 1.000  (17s)
  JSR   -5.0 dB  BER 1.43e-02  P(det)@0.05 power_one_sided 1.000 power_two_sided 1.000 kurtosis 1.000 spec_cnn 1.000  (17s)
  JSR   -4.0 dB  BER 2.27e-02  P(det)@0.05 power_one_sided 1.000 power_two_sided 1.000 kurtosis 1.000 spec_cnn 1.000  (18s)
  JSR   -3.0 dB  BER 3.20e-02  P(det)@0.05 power_one_sided 1.000 power_two_sided 1.000 kurtosis 1.000 spec_cnn 1.000  (18s)
  JSR   -2.0 dB  BER 4.77e-02  P(det)@0.05 power_one_sided 1.000 power_two_sided 1.000 kurtosis 1.000 spec_cnn 1.000  (18s)
  JSR   -1.0 dB  BER 6.65e-02  P(det)@0.05 power_one_sided 1.000 power_two_sided 1.000 kurtosis 1.000 spec_cnn 1.000  (19s)
  JSR   +0.0 dB  BER 8.93e-02  P(det)@0.05 power_one_sided 1.000 power_two_sided 1.000 kurtosis 1.000 spec_cnn 1.000  (19s)
  JSR   +1.0 dB  BER 1.12e-01  P(det)@0.05 power_one_sided 1.000 power_two_sided 1.000 kurtosis 1.000 spec_cnn 1.000  (20s)
  JSR   +2.0 dB  BER 1.38e-01  P(det)@0.05 power_one_sided 1.000 power_two_sided 1.000 kurtosis 1.000 spec_cnn 1.000  (20s)
  JSR   +3.0 dB  BER 1.63e-01  P(det)@0.05 power_one_sided 1.000 power_two_sided 1.000 kurtosis 1.000 spec_cnn 1.000  (20s)
  JSR   +4.0 dB  BER 1.92e-01  P(det)@0.05 power_one_sided 1.000 power_two_sided 1.000 kurtosis 1.000 spec_cnn 1.000  (21s)
  JSR   +5.0 dB  BER 2.21e-01  P(det)@0.05 power_one_sided 1.000 power_two_sided 1.000 kurtosis 1.000 spec_cnn 1.000  (21s)
  JSR   +6.0 dB  BER 2.45e-01  P(det)@0.05 power_one_sided 1.000 power_two_sided 1.000 kurtosis 1.000 spec_cnn 1.000  (22s)
  JSR   +7.0 dB  BER 2.67e-01  P(det)@0.05 power_one_sided 1.000 power_two_sided 1.000 kurtosis 1.000 spec_cnn 1.000  (22s)
  JSR   +8.0 dB  BER 2.90e-01  P(det)@0.05 power_one_sided 1.000 power_two_sided 1.000 kurtosis 1.000 spec_cnn 1.000  (22s)
  JSR   +9.0 dB  BER 3.13e-01  P(det)@0.05 power_one_sided 1.000 power_two_sided 1.000 kurtosis 1.000 spec_cnn 1.000  (23s)
  JSR  +10.0 dB  BER 3.31e-01  P(det)@0.05 power_one_sided 1.000 power_two_sided 1.000 kurtosis 1.000 spec_cnn 1.000  (23s)
  JSR  +11.0 dB  BER 3.47e-01  P(det)@0.05 power_one_sided 1.000 power_two_sided 1.000 kurtosis 1.000 spec_cnn 1.000  (23s)
  JSR  +12.0 dB  BER 3.61e-01  P(det)@0.05 power_one_sided 1.000 power_two_sided 1.000 kurtosis 1.000 spec_cnn 1.000  (24s)
  JSR  +13.0 dB  BER 3.78e-01  P(det)@0.05 power_one_sided 1.000 power_two_sided 1.000 kurtosis 1.000 spec_cnn 1.000  (24s)
  JSR  +14.0 dB  BER 3.90e-01  P(det)@0.05 power_one_sided 1.000 power_two_sided 1.000 kurtosis 1.000 spec_cnn 1.000  (25s)
  JSR  +15.0 dB  BER 4.01e-01  P(det)@0.05 power_one_sided 1.000 power_two_sided 1.000 kurtosis 1.000 spec_cnn 1.000  (25s)
  [snr_20] power_one_sided_b100 confirmed: {"power_one_sided": {"0.01": {"index": 0, "sweep_ber": 0.0, "sweep_pdet": 0.0078125, "confirmed_ber": 0.0, "confirmed_ser": 0.0, "confirmed_pdet": 0.010498046875, "passed": true}, "0.05": {"index": 0, "sweep_ber": 0.0, "sweep_pdet": 0.048828125, "confirmed_ber": 0.0, "confirmed_ser": 0.0, "confirmed_pdet": 0.05517578125, "passed": true}}, "power_two_sided": {"0.01": {"index": 0, "sweep_ber": 0.0, "sweep_pdet": 0.0078125, "confirmed_ber": 0.0, "confirmed_ser": 0.0, "confirmed_pdet": 0.007080078125, "passed": true}, "0.05": {"index": 0, "sweep_ber": 0.0, "sweep_pdet": 0.04296875, "confirmed_ber": 0.0, "confirmed_ser": 0.0, "confirmed_pdet": 0.053955078125, "passed": true}}, "kurtosis": {"0.01": {"index": 30, "sweep_ber": 0.00017547607421875, "sweep_pdet": 0.01171875, "confirmed_ber": 0.00017452239990234375, "confirmed_ser": 0.0003490447998046875, "confirmed_pdet": 0.021240234375, "passed": false}, "0.05": {"index": 30, "sweep_ber": 0.00017547607421875, "sweep_pdet": 0.064453125, "confirmed_ber": 0.00018787384033203125, "confirmed_ser": 0.0003757476806640625, "confirmed_pdet": 0.068359375, "passed": false}}, "spec_cnn": {"0.01": {"index": 0, "sweep_ber": 0.0, "sweep_pdet": 0.009765625, "confirmed_ber": 0.0, "confirmed_ser": 0.0, "confirmed_pdet": 0.009521484375, "passed": true}, "0.05": {"index": 0, "sweep_ber": 0.0, "sweep_pdet": 0.04296875, "confirmed_ber": 0.0, "confirmed_ser": 0.0, "confirmed_pdet": 0.055908203125, "passed": true}}}  (591s)
  [snr_20] generator power_one_sided_b1000 (scale 0.4022)
  JSR  -50.0 dB  BER 0.00e+00  P(det)@0.05 power_one_sided 0.053 power_two_sided 0.049 kurtosis 0.047 spec_cnn 0.041  (0s)
  JSR  -49.0 dB  BER 0.00e+00  P(det)@0.05 power_one_sided 0.047 power_two_sided 0.051 kurtosis 0.035 spec_cnn 0.043  (1s)
  JSR  -48.0 dB  BER 0.00e+00  P(det)@0.05 power_one_sided 0.039 power_two_sided 0.045 kurtosis 0.049 spec_cnn 0.047  (1s)
  JSR  -47.0 dB  BER 0.00e+00  P(det)@0.05 power_one_sided 0.051 power_two_sided 0.043 kurtosis 0.049 spec_cnn 0.055  (1s)
  JSR  -46.0 dB  BER 0.00e+00  P(det)@0.05 power_one_sided 0.051 power_two_sided 0.049 kurtosis 0.045 spec_cnn 0.039  (2s)
  JSR  -45.0 dB  BER 0.00e+00  P(det)@0.05 power_one_sided 0.041 power_two_sided 0.041 kurtosis 0.051 spec_cnn 0.059  (2s)
  JSR  -44.0 dB  BER 0.00e+00  P(det)@0.05 power_one_sided 0.064 power_two_sided 0.059 kurtosis 0.061 spec_cnn 0.064  (3s)
  JSR  -43.0 dB  BER 0.00e+00  P(det)@0.05 power_one_sided 0.062 power_two_sided 0.037 kurtosis 0.047 spec_cnn 0.053  (3s)
  JSR  -42.0 dB  BER 0.00e+00  P(det)@0.05 power_one_sided 0.049 power_two_sided 0.051 kurtosis 0.066 spec_cnn 0.080  (3s)
  JSR  -41.0 dB  BER 0.00e+00  P(det)@0.05 power_one_sided 0.057 power_two_sided 0.059 kurtosis 0.057 spec_cnn 0.059  (4s)
  JSR  -40.0 dB  BER 0.00e+00  P(det)@0.05 power_one_sided 0.064 power_two_sided 0.059 kurtosis 0.037 spec_cnn 0.049  (4s)
  JSR  -39.0 dB  BER 0.00e+00  P(det)@0.05 power_one_sided 0.072 power_two_sided 0.055 kurtosis 0.049 spec_cnn 0.049  (4s)
  JSR  -38.0 dB  BER 0.00e+00  P(det)@0.05 power_one_sided 0.066 power_two_sided 0.074 kurtosis 0.043 spec_cnn 0.061  (5s)
  JSR  -37.0 dB  BER 0.00e+00  P(det)@0.05 power_one_sided 0.088 power_two_sided 0.092 kurtosis 0.041 spec_cnn 0.061  (5s)
  JSR  -36.0 dB  BER 0.00e+00  P(det)@0.05 power_one_sided 0.074 power_two_sided 0.064 kurtosis 0.061 spec_cnn 0.043  (6s)
  JSR  -35.0 dB  BER 0.00e+00  P(det)@0.05 power_one_sided 0.074 power_two_sided 0.074 kurtosis 0.053 spec_cnn 0.053  (6s)
  JSR  -34.0 dB  BER 0.00e+00  P(det)@0.05 power_one_sided 0.092 power_two_sided 0.082 kurtosis 0.043 spec_cnn 0.070  (6s)
  JSR  -33.0 dB  BER 0.00e+00  P(det)@0.05 power_one_sided 0.086 power_two_sided 0.072 kurtosis 0.053 spec_cnn 0.080  (7s)
  JSR  -32.0 dB  BER 0.00e+00  P(det)@0.05 power_one_sided 0.098 power_two_sided 0.107 kurtosis 0.055 spec_cnn 0.066  (7s)
  JSR  -31.0 dB  BER 0.00e+00  P(det)@0.05 power_one_sided 0.125 power_two_sided 0.131 kurtosis 0.049 spec_cnn 0.070  (7s)
  JSR  -30.0 dB  BER 0.00e+00  P(det)@0.05 power_one_sided 0.160 power_two_sided 0.137 kurtosis 0.053 spec_cnn 0.074  (8s)
  JSR  -29.0 dB  BER 0.00e+00  P(det)@0.05 power_one_sided 0.195 power_two_sided 0.182 kurtosis 0.039 spec_cnn 0.098  (8s)
  JSR  -28.0 dB  BER 0.00e+00  P(det)@0.05 power_one_sided 0.211 power_two_sided 0.201 kurtosis 0.068 spec_cnn 0.102  (9s)
  JSR  -27.0 dB  BER 0.00e+00  P(det)@0.05 power_one_sided 0.279 power_two_sided 0.230 kurtosis 0.045 spec_cnn 0.127  (9s)
  JSR  -26.0 dB  BER 0.00e+00  P(det)@0.05 power_one_sided 0.338 power_two_sided 0.293 kurtosis 0.051 spec_cnn 0.148  (9s)
  JSR  -25.0 dB  BER 0.00e+00  P(det)@0.05 power_one_sided 0.369 power_two_sided 0.379 kurtosis 0.055 spec_cnn 0.135  (10s)
  JSR  -24.0 dB  BER 0.00e+00  P(det)@0.05 power_one_sided 0.400 power_two_sided 0.391 kurtosis 0.047 spec_cnn 0.201  (10s)
  JSR  -23.0 dB  BER 0.00e+00  P(det)@0.05 power_one_sided 0.465 power_two_sided 0.459 kurtosis 0.062 spec_cnn 0.254  (10s)
  JSR  -22.0 dB  BER 0.00e+00  P(det)@0.05 power_one_sided 0.572 power_two_sided 0.553 kurtosis 0.055 spec_cnn 0.293  (11s)
  JSR  -21.0 dB  BER 1.53e-05  P(det)@0.05 power_one_sided 0.645 power_two_sided 0.617 kurtosis 0.059 spec_cnn 0.375  (11s)
  JSR  -20.0 dB  BER 2.29e-05  P(det)@0.05 power_one_sided 0.691 power_two_sided 0.676 kurtosis 0.078 spec_cnn 0.422  (12s)
  JSR  -19.0 dB  BER 1.30e-04  P(det)@0.05 power_one_sided 0.748 power_two_sided 0.742 kurtosis 0.084 spec_cnn 0.562  (12s)
  JSR  -18.0 dB  BER 3.28e-04  P(det)@0.05 power_one_sided 0.828 power_two_sided 0.840 kurtosis 0.098 spec_cnn 0.609  (12s)
  JSR  -17.0 dB  BER 5.80e-04  P(det)@0.05 power_one_sided 0.900 power_two_sided 0.902 kurtosis 0.145 spec_cnn 0.641  (13s)
  JSR  -16.0 dB  BER 8.09e-04  P(det)@0.05 power_one_sided 0.922 power_two_sided 0.918 kurtosis 0.219 spec_cnn 0.713  (13s)
  JSR  -15.0 dB  BER 1.19e-03  P(det)@0.05 power_one_sided 0.959 power_two_sided 0.959 kurtosis 0.258 spec_cnn 0.795  (13s)
  JSR  -14.0 dB  BER 1.93e-03  P(det)@0.05 power_one_sided 0.973 power_two_sided 0.973 kurtosis 0.367 spec_cnn 0.834  (14s)
  JSR  -13.0 dB  BER 2.01e-03  P(det)@0.05 power_one_sided 0.992 power_two_sided 0.988 kurtosis 0.562 spec_cnn 0.916  (14s)
  JSR  -12.0 dB  BER 2.52e-03  P(det)@0.05 power_one_sided 0.996 power_two_sided 0.996 kurtosis 0.752 spec_cnn 0.951  (15s)
  JSR  -11.0 dB  BER 2.84e-03  P(det)@0.05 power_one_sided 0.998 power_two_sided 0.998 kurtosis 0.889 spec_cnn 0.971  (15s)
  JSR  -10.0 dB  BER 3.25e-03  P(det)@0.05 power_one_sided 1.000 power_two_sided 1.000 kurtosis 0.953 spec_cnn 0.984  (15s)
  JSR   -9.0 dB  BER 3.62e-03  P(det)@0.05 power_one_sided 1.000 power_two_sided 1.000 kurtosis 0.990 spec_cnn 0.994  (16s)
  JSR   -8.0 dB  BER 4.94e-03  P(det)@0.05 power_one_sided 1.000 power_two_sided 1.000 kurtosis 1.000 spec_cnn 1.000  (16s)
  JSR   -7.0 dB  BER 7.26e-03  P(det)@0.05 power_one_sided 1.000 power_two_sided 1.000 kurtosis 1.000 spec_cnn 0.998  (16s)
  JSR   -6.0 dB  BER 1.13e-02  P(det)@0.05 power_one_sided 1.000 power_two_sided 1.000 kurtosis 1.000 spec_cnn 1.000  (17s)
  JSR   -5.0 dB  BER 1.78e-02  P(det)@0.05 power_one_sided 1.000 power_two_sided 1.000 kurtosis 1.000 spec_cnn 1.000  (17s)
  JSR   -4.0 dB  BER 2.89e-02  P(det)@0.05 power_one_sided 1.000 power_two_sided 1.000 kurtosis 1.000 spec_cnn 1.000  (17s)
  JSR   -3.0 dB  BER 4.32e-02  P(det)@0.05 power_one_sided 1.000 power_two_sided 1.000 kurtosis 1.000 spec_cnn 1.000  (18s)
  JSR   -2.0 dB  BER 6.28e-02  P(det)@0.05 power_one_sided 1.000 power_two_sided 1.000 kurtosis 1.000 spec_cnn 1.000  (18s)
  JSR   -1.0 dB  BER 8.46e-02  P(det)@0.05 power_one_sided 1.000 power_two_sided 1.000 kurtosis 1.000 spec_cnn 1.000  (19s)
  JSR   +0.0 dB  BER 1.11e-01  P(det)@0.05 power_one_sided 1.000 power_two_sided 1.000 kurtosis 1.000 spec_cnn 1.000  (19s)
  JSR   +1.0 dB  BER 1.39e-01  P(det)@0.05 power_one_sided 1.000 power_two_sided 1.000 kurtosis 1.000 spec_cnn 1.000  (19s)
  JSR   +2.0 dB  BER 1.64e-01  P(det)@0.05 power_one_sided 1.000 power_two_sided 1.000 kurtosis 1.000 spec_cnn 1.000  (20s)
  JSR   +3.0 dB  BER 1.92e-01  P(det)@0.05 power_one_sided 1.000 power_two_sided 1.000 kurtosis 1.000 spec_cnn 1.000  (20s)
  JSR   +4.0 dB  BER 2.19e-01  P(det)@0.05 power_one_sided 1.000 power_two_sided 1.000 kurtosis 1.000 spec_cnn 1.000  (20s)
  JSR   +5.0 dB  BER 2.46e-01  P(det)@0.05 power_one_sided 1.000 power_two_sided 1.000 kurtosis 1.000 spec_cnn 1.000  (21s)
  JSR   +6.0 dB  BER 2.70e-01  P(det)@0.05 power_one_sided 1.000 power_two_sided 1.000 kurtosis 1.000 spec_cnn 1.000  (21s)
  JSR   +7.0 dB  BER 2.93e-01  P(det)@0.05 power_one_sided 1.000 power_two_sided 1.000 kurtosis 1.000 spec_cnn 1.000  (22s)
  JSR   +8.0 dB  BER 3.10e-01  P(det)@0.05 power_one_sided 1.000 power_two_sided 1.000 kurtosis 1.000 spec_cnn 1.000  (22s)
  JSR   +9.0 dB  BER 3.30e-01  P(det)@0.05 power_one_sided 1.000 power_two_sided 1.000 kurtosis 1.000 spec_cnn 1.000  (22s)
  JSR  +10.0 dB  BER 3.48e-01  P(det)@0.05 power_one_sided 1.000 power_two_sided 1.000 kurtosis 1.000 spec_cnn 1.000  (23s)
  JSR  +11.0 dB  BER 3.63e-01  P(det)@0.05 power_one_sided 1.000 power_two_sided 1.000 kurtosis 1.000 spec_cnn 1.000  (23s)
  JSR  +12.0 dB  BER 3.77e-01  P(det)@0.05 power_one_sided 1.000 power_two_sided 1.000 kurtosis 1.000 spec_cnn 1.000  (24s)
  JSR  +13.0 dB  BER 3.92e-01  P(det)@0.05 power_one_sided 1.000 power_two_sided 1.000 kurtosis 1.000 spec_cnn 1.000  (24s)
  JSR  +14.0 dB  BER 4.02e-01  P(det)@0.05 power_one_sided 1.000 power_two_sided 1.000 kurtosis 1.000 spec_cnn 1.000  (24s)
  JSR  +15.0 dB  BER 4.13e-01  P(det)@0.05 power_one_sided 1.000 power_two_sided 1.000 kurtosis 1.000 spec_cnn 1.000  (25s)
  [snr_20] power_one_sided_b1000 confirmed: {"power_one_sided": {"0.01": {"index": 0, "sweep_ber": 0.0, "sweep_pdet": 0.009765625, "confirmed_ber": 0.0, "confirmed_ser": 0.0, "confirmed_pdet": 0.01025390625, "passed": true}, "0.05": {"index": 0, "sweep_ber": 0.0, "sweep_pdet": 0.052734375, "confirmed_ber": 0.0, "confirmed_ser": 0.0, "confirmed_pdet": 0.055908203125, "passed": true}}, "power_two_sided": {"0.01": {"index": 0, "sweep_ber": 0.0, "sweep_pdet": 0.0078125, "confirmed_ber": 0.0, "confirmed_ser": 0.0, "confirmed_pdet": 0.008056640625, "passed": true}, "0.05": {"index": 0, "sweep_ber": 0.0, "sweep_pdet": 0.048828125, "confirmed_ber": 0.0, "confirmed_ser": 0.0, "confirmed_pdet": 0.052490234375, "passed": true}}, "kurtosis": {"0.01": {"index": 29, "sweep_ber": 1.52587890625e-05, "sweep_pdet": 0.009765625, "confirmed_ber": 9.5367431640625e-07, "confirmed_ser": 1.9073486328125e-06, "confirmed_pdet": 0.013427734375, "passed": false}, "0.05": {"index": 29, "sweep_ber": 1.52587890625e-05, "sweep_pdet": 0.05859375, "confirmed_ber": 1.9073486328125e-06, "confirmed_ser": 3.814697265625e-06, "confirmed_pdet": 0.05908203125, "passed": false}}, "spec_cnn": {"0.01": {"index": 0, "sweep_ber": 0.0, "sweep_pdet": 0.0078125, "confirmed_ber": 0.0, "confirmed_ser": 0.0, "confirmed_pdet": 0.010009765625, "passed": true}, "0.05": {"index": 0, "sweep_ber": 0.0, "sweep_pdet": 0.041015625, "confirmed_ber": 0.0, "confirmed_ser": 0.0, "confirmed_pdet": 0.0537109375, "passed": true}}}  (640s)
  [snr_20] generator power_two_sided_b1 (scale 0.4022)
  JSR  -50.0 dB  BER 0.00e+00  P(det)@0.05 power_one_sided 0.051 power_two_sided 0.055 kurtosis 0.043 spec_cnn 0.057  (0s)
  JSR  -49.0 dB  BER 0.00e+00  P(det)@0.05 power_one_sided 0.047 power_two_sided 0.057 kurtosis 0.031 spec_cnn 0.051  (1s)
  JSR  -48.0 dB  BER 0.00e+00  P(det)@0.05 power_one_sided 0.059 power_two_sided 0.049 kurtosis 0.041 spec_cnn 0.064  (1s)
  JSR  -47.0 dB  BER 0.00e+00  P(det)@0.05 power_one_sided 0.033 power_two_sided 0.037 kurtosis 0.051 spec_cnn 0.051  (1s)
  JSR  -46.0 dB  BER 0.00e+00  P(det)@0.05 power_one_sided 0.055 power_two_sided 0.053 kurtosis 0.047 spec_cnn 0.053  (2s)
  JSR  -45.0 dB  BER 0.00e+00  P(det)@0.05 power_one_sided 0.045 power_two_sided 0.051 kurtosis 0.037 spec_cnn 0.057  (2s)
  JSR  -44.0 dB  BER 0.00e+00  P(det)@0.05 power_one_sided 0.037 power_two_sided 0.041 kurtosis 0.043 spec_cnn 0.033  (3s)
  JSR  -43.0 dB  BER 0.00e+00  P(det)@0.05 power_one_sided 0.043 power_two_sided 0.045 kurtosis 0.051 spec_cnn 0.057  (3s)
  JSR  -42.0 dB  BER 0.00e+00  P(det)@0.05 power_one_sided 0.068 power_two_sided 0.064 kurtosis 0.033 spec_cnn 0.057  (3s)
  JSR  -41.0 dB  BER 0.00e+00  P(det)@0.05 power_one_sided 0.061 power_two_sided 0.057 kurtosis 0.068 spec_cnn 0.037  (4s)
  JSR  -40.0 dB  BER 0.00e+00  P(det)@0.05 power_one_sided 0.072 power_two_sided 0.068 kurtosis 0.035 spec_cnn 0.059  (4s)
  JSR  -39.0 dB  BER 0.00e+00  P(det)@0.05 power_one_sided 0.094 power_two_sided 0.084 kurtosis 0.047 spec_cnn 0.062  (4s)
  JSR  -38.0 dB  BER 0.00e+00  P(det)@0.05 power_one_sided 0.061 power_two_sided 0.053 kurtosis 0.041 spec_cnn 0.049  (5s)
  JSR  -37.0 dB  BER 0.00e+00  P(det)@0.05 power_one_sided 0.057 power_two_sided 0.059 kurtosis 0.037 spec_cnn 0.045  (5s)
  JSR  -36.0 dB  BER 0.00e+00  P(det)@0.05 power_one_sided 0.074 power_two_sided 0.066 kurtosis 0.045 spec_cnn 0.061  (6s)
  JSR  -35.0 dB  BER 0.00e+00  P(det)@0.05 power_one_sided 0.070 power_two_sided 0.074 kurtosis 0.047 spec_cnn 0.084  (6s)
  JSR  -34.0 dB  BER 0.00e+00  P(det)@0.05 power_one_sided 0.125 power_two_sided 0.104 kurtosis 0.039 spec_cnn 0.070  (6s)
  JSR  -33.0 dB  BER 0.00e+00  P(det)@0.05 power_one_sided 0.131 power_two_sided 0.113 kurtosis 0.051 spec_cnn 0.084  (7s)
  JSR  -32.0 dB  BER 0.00e+00  P(det)@0.05 power_one_sided 0.117 power_two_sided 0.115 kurtosis 0.045 spec_cnn 0.082  (7s)
  JSR  -31.0 dB  BER 0.00e+00  P(det)@0.05 power_one_sided 0.133 power_two_sided 0.105 kurtosis 0.051 spec_cnn 0.074  (7s)
  JSR  -30.0 dB  BER 0.00e+00  P(det)@0.05 power_one_sided 0.158 power_two_sided 0.150 kurtosis 0.061 spec_cnn 0.107  (8s)
  JSR  -29.0 dB  BER 0.00e+00  P(det)@0.05 power_one_sided 0.215 power_two_sided 0.184 kurtosis 0.037 spec_cnn 0.139  (8s)
  JSR  -28.0 dB  BER 0.00e+00  P(det)@0.05 power_one_sided 0.240 power_two_sided 0.213 kurtosis 0.035 spec_cnn 0.131  (9s)
  JSR  -27.0 dB  BER 0.00e+00  P(det)@0.05 power_one_sided 0.260 power_two_sided 0.229 kurtosis 0.049 spec_cnn 0.150  (9s)
  JSR  -26.0 dB  BER 0.00e+00  P(det)@0.05 power_one_sided 0.303 power_two_sided 0.266 kurtosis 0.041 spec_cnn 0.211  (9s)
  JSR  -25.0 dB  BER 0.00e+00  P(det)@0.05 power_one_sided 0.367 power_two_sided 0.340 kurtosis 0.051 spec_cnn 0.238  (10s)
  JSR  -24.0 dB  BER 0.00e+00  P(det)@0.05 power_one_sided 0.420 power_two_sided 0.400 kurtosis 0.064 spec_cnn 0.303  (10s)
  JSR  -23.0 dB  BER 0.00e+00  P(det)@0.05 power_one_sided 0.490 power_two_sided 0.484 kurtosis 0.068 spec_cnn 0.322  (10s)
  JSR  -22.0 dB  BER 0.00e+00  P(det)@0.05 power_one_sided 0.582 power_two_sided 0.562 kurtosis 0.053 spec_cnn 0.404  (11s)
  JSR  -21.0 dB  BER 0.00e+00  P(det)@0.05 power_one_sided 0.639 power_two_sided 0.617 kurtosis 0.066 spec_cnn 0.455  (11s)
  JSR  -20.0 dB  BER 3.81e-05  P(det)@0.05 power_one_sided 0.736 power_two_sided 0.736 kurtosis 0.066 spec_cnn 0.500  (12s)
  JSR  -19.0 dB  BER 1.68e-04  P(det)@0.05 power_one_sided 0.781 power_two_sided 0.783 kurtosis 0.090 spec_cnn 0.512  (12s)
  JSR  -18.0 dB  BER 2.29e-04  P(det)@0.05 power_one_sided 0.840 power_two_sided 0.844 kurtosis 0.092 spec_cnn 0.646  (12s)
  JSR  -17.0 dB  BER 4.58e-04  P(det)@0.05 power_one_sided 0.893 power_two_sided 0.891 kurtosis 0.115 spec_cnn 0.688  (13s)
  JSR  -16.0 dB  BER 8.62e-04  P(det)@0.05 power_one_sided 0.938 power_two_sided 0.947 kurtosis 0.209 spec_cnn 0.744  (13s)
  JSR  -15.0 dB  BER 1.21e-03  P(det)@0.05 power_one_sided 0.975 power_two_sided 0.971 kurtosis 0.264 spec_cnn 0.850  (13s)
  JSR  -14.0 dB  BER 1.57e-03  P(det)@0.05 power_one_sided 0.965 power_two_sided 0.969 kurtosis 0.430 spec_cnn 0.893  (14s)
  JSR  -13.0 dB  BER 1.91e-03  P(det)@0.05 power_one_sided 0.994 power_two_sided 0.994 kurtosis 0.531 spec_cnn 0.957  (14s)
  JSR  -12.0 dB  BER 2.33e-03  P(det)@0.05 power_one_sided 0.996 power_two_sided 0.996 kurtosis 0.699 spec_cnn 0.973  (15s)
  JSR  -11.0 dB  BER 3.05e-03  P(det)@0.05 power_one_sided 0.998 power_two_sided 0.998 kurtosis 0.795 spec_cnn 0.980  (15s)
  JSR  -10.0 dB  BER 3.73e-03  P(det)@0.05 power_one_sided 1.000 power_two_sided 1.000 kurtosis 0.918 spec_cnn 0.998  (15s)
  JSR   -9.0 dB  BER 4.55e-03  P(det)@0.05 power_one_sided 1.000 power_two_sided 1.000 kurtosis 0.990 spec_cnn 1.000  (16s)
  JSR   -8.0 dB  BER 5.42e-03  P(det)@0.05 power_one_sided 1.000 power_two_sided 1.000 kurtosis 0.996 spec_cnn 1.000  (16s)
  JSR   -7.0 dB  BER 7.74e-03  P(det)@0.05 power_one_sided 1.000 power_two_sided 1.000 kurtosis 1.000 spec_cnn 1.000  (16s)
  JSR   -6.0 dB  BER 1.16e-02  P(det)@0.05 power_one_sided 1.000 power_two_sided 1.000 kurtosis 1.000 spec_cnn 1.000  (17s)
  JSR   -5.0 dB  BER 1.85e-02  P(det)@0.05 power_one_sided 1.000 power_two_sided 1.000 kurtosis 1.000 spec_cnn 1.000  (17s)
  JSR   -4.0 dB  BER 2.84e-02  P(det)@0.05 power_one_sided 1.000 power_two_sided 1.000 kurtosis 1.000 spec_cnn 1.000  (18s)
  JSR   -3.0 dB  BER 4.29e-02  P(det)@0.05 power_one_sided 1.000 power_two_sided 1.000 kurtosis 1.000 spec_cnn 1.000  (18s)
  JSR   -2.0 dB  BER 5.86e-02  P(det)@0.05 power_one_sided 1.000 power_two_sided 1.000 kurtosis 1.000 spec_cnn 1.000  (18s)
  JSR   -1.0 dB  BER 8.10e-02  P(det)@0.05 power_one_sided 1.000 power_two_sided 1.000 kurtosis 1.000 spec_cnn 1.000  (19s)
  JSR   +0.0 dB  BER 1.03e-01  P(det)@0.05 power_one_sided 1.000 power_two_sided 1.000 kurtosis 1.000 spec_cnn 1.000  (19s)
  JSR   +1.0 dB  BER 1.29e-01  P(det)@0.05 power_one_sided 1.000 power_two_sided 1.000 kurtosis 1.000 spec_cnn 1.000  (20s)
  JSR   +2.0 dB  BER 1.57e-01  P(det)@0.05 power_one_sided 1.000 power_two_sided 1.000 kurtosis 1.000 spec_cnn 1.000  (20s)
  JSR   +3.0 dB  BER 1.83e-01  P(det)@0.05 power_one_sided 1.000 power_two_sided 1.000 kurtosis 1.000 spec_cnn 1.000  (20s)
  JSR   +4.0 dB  BER 2.12e-01  P(det)@0.05 power_one_sided 1.000 power_two_sided 1.000 kurtosis 1.000 spec_cnn 1.000  (21s)
  JSR   +5.0 dB  BER 2.35e-01  P(det)@0.05 power_one_sided 1.000 power_two_sided 1.000 kurtosis 1.000 spec_cnn 1.000  (21s)
  JSR   +6.0 dB  BER 2.60e-01  P(det)@0.05 power_one_sided 1.000 power_two_sided 1.000 kurtosis 1.000 spec_cnn 1.000  (21s)
  JSR   +7.0 dB  BER 2.83e-01  P(det)@0.05 power_one_sided 1.000 power_two_sided 1.000 kurtosis 1.000 spec_cnn 1.000  (22s)
  JSR   +8.0 dB  BER 3.05e-01  P(det)@0.05 power_one_sided 1.000 power_two_sided 1.000 kurtosis 1.000 spec_cnn 1.000  (22s)
  JSR   +9.0 dB  BER 3.25e-01  P(det)@0.05 power_one_sided 1.000 power_two_sided 1.000 kurtosis 1.000 spec_cnn 1.000  (23s)
  JSR  +10.0 dB  BER 3.41e-01  P(det)@0.05 power_one_sided 1.000 power_two_sided 1.000 kurtosis 1.000 spec_cnn 1.000  (23s)
  JSR  +11.0 dB  BER 3.59e-01  P(det)@0.05 power_one_sided 1.000 power_two_sided 1.000 kurtosis 1.000 spec_cnn 1.000  (23s)
  JSR  +12.0 dB  BER 3.76e-01  P(det)@0.05 power_one_sided 1.000 power_two_sided 1.000 kurtosis 1.000 spec_cnn 1.000  (24s)
  JSR  +13.0 dB  BER 3.85e-01  P(det)@0.05 power_one_sided 1.000 power_two_sided 1.000 kurtosis 1.000 spec_cnn 1.000  (24s)
  JSR  +14.0 dB  BER 3.97e-01  P(det)@0.05 power_one_sided 1.000 power_two_sided 1.000 kurtosis 1.000 spec_cnn 1.000  (24s)
  JSR  +15.0 dB  BER 4.10e-01  P(det)@0.05 power_one_sided 1.000 power_two_sided 1.000 kurtosis 1.000 spec_cnn 1.000  (25s)
  [snr_20] power_two_sided_b1 confirmed: {"power_one_sided": {"0.01": {"index": 0, "sweep_ber": 0.0, "sweep_pdet": 0.01171875, "confirmed_ber": 0.0, "confirmed_ser": 0.0, "confirmed_pdet": 0.010986328125, "passed": true}, "0.05": {"index": 0, "sweep_ber": 0.0, "sweep_pdet": 0.05078125, "confirmed_ber": 0.0, "confirmed_ser": 0.0, "confirmed_pdet": 0.048828125, "passed": true}}, "power_two_sided": {"0.01": {"index": 0, "sweep_ber": 0.0, "sweep_pdet": 0.01171875, "confirmed_ber": 0.0, "confirmed_ser": 0.0, "confirmed_pdet": 0.008056640625, "passed": true}, "0.05": {"index": 0, "sweep_ber": 0.0, "sweep_pdet": 0.0546875, "confirmed_ber": 0.0, "confirmed_ser": 0.0, "confirmed_pdet": 0.052490234375, "passed": true}}, "kurtosis": {"0.01": {"index": 30, "sweep_ber": 3.814697265625e-05, "sweep_pdet": 0.015625, "confirmed_ber": 2.47955322265625e-05, "confirmed_ser": 4.9591064453125e-05, "confirmed_pdet": 0.020751953125, "passed": false}, "0.05": {"index": 30, "sweep_ber": 3.814697265625e-05, "sweep_pdet": 0.06640625, "confirmed_ber": 4.38690185546875e-05, "confirmed_ser": 8.7738037109375e-05, "confirmed_pdet": 0.06640625, "passed": false}}, "spec_cnn": {"0.01": {"index": 0, "sweep_ber": 0.0, "sweep_pdet": 0.01171875, "confirmed_ber": 0.0, "confirmed_ser": 0.0, "confirmed_pdet": 0.01025390625, "passed": true}, "0.05": {"index": 0, "sweep_ber": 0.0, "sweep_pdet": 0.056640625, "confirmed_ber": 0.0, "confirmed_ser": 0.0, "confirmed_pdet": 0.046630859375, "passed": true}}}  (688s)
  [snr_20] generator power_two_sided_b10 (scale 0.4022)
  JSR  -50.0 dB  BER 0.00e+00  P(det)@0.05 power_one_sided 0.047 power_two_sided 0.064 kurtosis 0.041 spec_cnn 0.045  (0s)
  JSR  -49.0 dB  BER 0.00e+00  P(det)@0.05 power_one_sided 0.057 power_two_sided 0.035 kurtosis 0.062 spec_cnn 0.053  (1s)
  JSR  -48.0 dB  BER 0.00e+00  P(det)@0.05 power_one_sided 0.055 power_two_sided 0.041 kurtosis 0.061 spec_cnn 0.059  (1s)
  JSR  -47.0 dB  BER 0.00e+00  P(det)@0.05 power_one_sided 0.045 power_two_sided 0.051 kurtosis 0.057 spec_cnn 0.055  (1s)
  JSR  -46.0 dB  BER 0.00e+00  P(det)@0.05 power_one_sided 0.064 power_two_sided 0.072 kurtosis 0.064 spec_cnn 0.059  (2s)
  JSR  -45.0 dB  BER 0.00e+00  P(det)@0.05 power_one_sided 0.059 power_two_sided 0.064 kurtosis 0.047 spec_cnn 0.064  (2s)
  JSR  -44.0 dB  BER 0.00e+00  P(det)@0.05 power_one_sided 0.059 power_two_sided 0.074 kurtosis 0.049 spec_cnn 0.047  (3s)
  JSR  -43.0 dB  BER 0.00e+00  P(det)@0.05 power_one_sided 0.068 power_two_sided 0.070 kurtosis 0.047 spec_cnn 0.062  (3s)
  JSR  -42.0 dB  BER 0.00e+00  P(det)@0.05 power_one_sided 0.057 power_two_sided 0.057 kurtosis 0.039 spec_cnn 0.049  (3s)
  JSR  -41.0 dB  BER 0.00e+00  P(det)@0.05 power_one_sided 0.072 power_two_sided 0.062 kurtosis 0.053 spec_cnn 0.062  (4s)
  JSR  -40.0 dB  BER 0.00e+00  P(det)@0.05 power_one_sided 0.076 power_two_sided 0.062 kurtosis 0.049 spec_cnn 0.068  (4s)
  JSR  -39.0 dB  BER 0.00e+00  P(det)@0.05 power_one_sided 0.061 power_two_sided 0.062 kurtosis 0.057 spec_cnn 0.061  (4s)
  JSR  -38.0 dB  BER 0.00e+00  P(det)@0.05 power_one_sided 0.088 power_two_sided 0.072 kurtosis 0.053 spec_cnn 0.059  (5s)
  JSR  -37.0 dB  BER 0.00e+00  P(det)@0.05 power_one_sided 0.064 power_two_sided 0.062 kurtosis 0.070 spec_cnn 0.057  (5s)
  JSR  -36.0 dB  BER 0.00e+00  P(det)@0.05 power_one_sided 0.064 power_two_sided 0.045 kurtosis 0.045 spec_cnn 0.059  (6s)
  JSR  -35.0 dB  BER 0.00e+00  P(det)@0.05 power_one_sided 0.102 power_two_sided 0.082 kurtosis 0.053 spec_cnn 0.074  (6s)
  JSR  -34.0 dB  BER 0.00e+00  P(det)@0.05 power_one_sided 0.088 power_two_sided 0.068 kurtosis 0.049 spec_cnn 0.064  (6s)
  JSR  -33.0 dB  BER 0.00e+00  P(det)@0.05 power_one_sided 0.100 power_two_sided 0.096 kurtosis 0.068 spec_cnn 0.070  (7s)
  JSR  -32.0 dB  BER 0.00e+00  P(det)@0.05 power_one_sided 0.121 power_two_sided 0.102 kurtosis 0.039 spec_cnn 0.096  (7s)
  JSR  -31.0 dB  BER 0.00e+00  P(det)@0.05 power_one_sided 0.139 power_two_sided 0.125 kurtosis 0.049 spec_cnn 0.109  (7s)
  JSR  -30.0 dB  BER 0.00e+00  P(det)@0.05 power_one_sided 0.146 power_two_sided 0.145 kurtosis 0.043 spec_cnn 0.090  (8s)
  JSR  -29.0 dB  BER 0.00e+00  P(det)@0.05 power_one_sided 0.162 power_two_sided 0.156 kurtosis 0.049 spec_cnn 0.123  (8s)
  JSR  -28.0 dB  BER 0.00e+00  P(det)@0.05 power_one_sided 0.205 power_two_sided 0.189 kurtosis 0.041 spec_cnn 0.139  (9s)
  JSR  -27.0 dB  BER 0.00e+00  P(det)@0.05 power_one_sided 0.291 power_two_sided 0.266 kurtosis 0.059 spec_cnn 0.125  (9s)
  JSR  -26.0 dB  BER 0.00e+00  P(det)@0.05 power_one_sided 0.311 power_two_sided 0.303 kurtosis 0.057 spec_cnn 0.146  (9s)
  JSR  -25.0 dB  BER 0.00e+00  P(det)@0.05 power_one_sided 0.363 power_two_sided 0.338 kurtosis 0.059 spec_cnn 0.189  (10s)
  JSR  -24.0 dB  BER 0.00e+00  P(det)@0.05 power_one_sided 0.428 power_two_sided 0.404 kurtosis 0.049 spec_cnn 0.227  (10s)
  JSR  -23.0 dB  BER 0.00e+00  P(det)@0.05 power_one_sided 0.531 power_two_sided 0.523 kurtosis 0.062 spec_cnn 0.318  (10s)
  JSR  -22.0 dB  BER 0.00e+00  P(det)@0.05 power_one_sided 0.580 power_two_sided 0.584 kurtosis 0.047 spec_cnn 0.334  (11s)
  JSR  -21.0 dB  BER 7.63e-06  P(det)@0.05 power_one_sided 0.645 power_two_sided 0.633 kurtosis 0.057 spec_cnn 0.412  (11s)
  JSR  -20.0 dB  BER 1.14e-04  P(det)@0.05 power_one_sided 0.740 power_two_sided 0.734 kurtosis 0.066 spec_cnn 0.471  (11s)
  JSR  -19.0 dB  BER 3.20e-04  P(det)@0.05 power_one_sided 0.781 power_two_sided 0.764 kurtosis 0.102 spec_cnn 0.520  (12s)
  JSR  -18.0 dB  BER 6.64e-04  P(det)@0.05 power_one_sided 0.836 power_two_sided 0.840 kurtosis 0.102 spec_cnn 0.621  (12s)
  JSR  -17.0 dB  BER 9.84e-04  P(det)@0.05 power_one_sided 0.910 power_two_sided 0.910 kurtosis 0.133 spec_cnn 0.750  (13s)
  JSR  -16.0 dB  BER 1.32e-03  P(det)@0.05 power_one_sided 0.930 power_two_sided 0.926 kurtosis 0.232 spec_cnn 0.730  (13s)
  JSR  -15.0 dB  BER 1.92e-03  P(det)@0.05 power_one_sided 0.967 power_two_sided 0.973 kurtosis 0.330 spec_cnn 0.797  (13s)
  JSR  -14.0 dB  BER 2.27e-03  P(det)@0.05 power_one_sided 0.969 power_two_sided 0.971 kurtosis 0.451 spec_cnn 0.863  (14s)
  JSR  -13.0 dB  BER 2.68e-03  P(det)@0.05 power_one_sided 0.992 power_two_sided 0.992 kurtosis 0.580 spec_cnn 0.918  (14s)
  JSR  -12.0 dB  BER 2.98e-03  P(det)@0.05 power_one_sided 0.998 power_two_sided 0.998 kurtosis 0.721 spec_cnn 0.943  (14s)
  JSR  -11.0 dB  BER 3.40e-03  P(det)@0.05 power_one_sided 1.000 power_two_sided 1.000 kurtosis 0.859 spec_cnn 0.973  (15s)
  JSR  -10.0 dB  BER 3.56e-03  P(det)@0.05 power_one_sided 1.000 power_two_sided 1.000 kurtosis 0.955 spec_cnn 0.984  (15s)
  JSR   -9.0 dB  BER 4.13e-03  P(det)@0.05 power_one_sided 1.000 power_two_sided 1.000 kurtosis 0.990 spec_cnn 0.996  (16s)
  JSR   -8.0 dB  BER 4.78e-03  P(det)@0.05 power_one_sided 1.000 power_two_sided 1.000 kurtosis 0.996 spec_cnn 1.000  (16s)
  JSR   -7.0 dB  BER 6.48e-03  P(det)@0.05 power_one_sided 1.000 power_two_sided 1.000 kurtosis 1.000 spec_cnn 1.000  (16s)
  JSR   -6.0 dB  BER 9.28e-03  P(det)@0.05 power_one_sided 1.000 power_two_sided 1.000 kurtosis 1.000 spec_cnn 1.000  (17s)
  JSR   -5.0 dB  BER 1.42e-02  P(det)@0.05 power_one_sided 1.000 power_two_sided 1.000 kurtosis 1.000 spec_cnn 1.000  (17s)
  JSR   -4.0 dB  BER 2.29e-02  P(det)@0.05 power_one_sided 1.000 power_two_sided 1.000 kurtosis 1.000 spec_cnn 1.000  (17s)
  JSR   -3.0 dB  BER 3.58e-02  P(det)@0.05 power_one_sided 1.000 power_two_sided 1.000 kurtosis 1.000 spec_cnn 1.000  (18s)
  JSR   -2.0 dB  BER 5.13e-02  P(det)@0.05 power_one_sided 1.000 power_two_sided 1.000 kurtosis 1.000 spec_cnn 1.000  (18s)
  JSR   -1.0 dB  BER 7.15e-02  P(det)@0.05 power_one_sided 1.000 power_two_sided 1.000 kurtosis 1.000 spec_cnn 1.000  (19s)
  JSR   +0.0 dB  BER 9.40e-02  P(det)@0.05 power_one_sided 1.000 power_two_sided 1.000 kurtosis 1.000 spec_cnn 1.000  (19s)
  JSR   +1.0 dB  BER 1.21e-01  P(det)@0.05 power_one_sided 1.000 power_two_sided 1.000 kurtosis 1.000 spec_cnn 1.000  (19s)
  JSR   +2.0 dB  BER 1.49e-01  P(det)@0.05 power_one_sided 1.000 power_two_sided 1.000 kurtosis 1.000 spec_cnn 1.000  (20s)
  JSR   +3.0 dB  BER 1.74e-01  P(det)@0.05 power_one_sided 1.000 power_two_sided 1.000 kurtosis 1.000 spec_cnn 1.000  (20s)
  JSR   +4.0 dB  BER 1.99e-01  P(det)@0.05 power_one_sided 1.000 power_two_sided 1.000 kurtosis 1.000 spec_cnn 1.000  (21s)
  JSR   +5.0 dB  BER 2.27e-01  P(det)@0.05 power_one_sided 1.000 power_two_sided 1.000 kurtosis 1.000 spec_cnn 1.000  (21s)
  JSR   +6.0 dB  BER 2.52e-01  P(det)@0.05 power_one_sided 1.000 power_two_sided 1.000 kurtosis 1.000 spec_cnn 1.000  (21s)
  JSR   +7.0 dB  BER 2.78e-01  P(det)@0.05 power_one_sided 1.000 power_two_sided 1.000 kurtosis 1.000 spec_cnn 1.000  (22s)
  JSR   +8.0 dB  BER 2.97e-01  P(det)@0.05 power_one_sided 1.000 power_two_sided 1.000 kurtosis 1.000 spec_cnn 1.000  (22s)
  JSR   +9.0 dB  BER 3.19e-01  P(det)@0.05 power_one_sided 1.000 power_two_sided 1.000 kurtosis 1.000 spec_cnn 1.000  (22s)
  JSR  +10.0 dB  BER 3.37e-01  P(det)@0.05 power_one_sided 1.000 power_two_sided 1.000 kurtosis 1.000 spec_cnn 1.000  (23s)
  JSR  +11.0 dB  BER 3.53e-01  P(det)@0.05 power_one_sided 1.000 power_two_sided 1.000 kurtosis 1.000 spec_cnn 1.000  (23s)
  JSR  +12.0 dB  BER 3.66e-01  P(det)@0.05 power_one_sided 1.000 power_two_sided 1.000 kurtosis 1.000 spec_cnn 1.000  (23s)
  JSR  +13.0 dB  BER 3.81e-01  P(det)@0.05 power_one_sided 1.000 power_two_sided 1.000 kurtosis 1.000 spec_cnn 1.000  (24s)
  JSR  +14.0 dB  BER 3.94e-01  P(det)@0.05 power_one_sided 1.000 power_two_sided 1.000 kurtosis 1.000 spec_cnn 1.000  (24s)
  JSR  +15.0 dB  BER 4.06e-01  P(det)@0.05 power_one_sided 1.000 power_two_sided 1.000 kurtosis 1.000 spec_cnn 1.000  (25s)
  [snr_20] power_two_sided_b10 confirmed: {"power_one_sided": {"0.01": {"index": 0, "sweep_ber": 0.0, "sweep_pdet": 0.013671875, "confirmed_ber": 0.0, "confirmed_ser": 0.0, "confirmed_pdet": 0.01025390625, "passed": true}, "0.05": {"index": 0, "sweep_ber": 0.0, "sweep_pdet": 0.046875, "confirmed_ber": 0.0, "confirmed_ser": 0.0, "confirmed_pdet": 0.048828125, "passed": true}}, "power_two_sided": {"0.01": {"index": 0, "sweep_ber": 0.0, "sweep_pdet": 0.015625, "confirmed_ber": 0.0, "confirmed_ser": 0.0, "confirmed_pdet": 0.011474609375, "passed": true}, "0.05": {"index": 0, "sweep_ber": 0.0, "sweep_pdet": 0.064453125, "confirmed_ber": 0.0, "confirmed_ser": 0.0, "confirmed_pdet": 0.05029296875, "passed": true}}, "kurtosis": {"0.01": {"index": 30, "sweep_ber": 0.00011444091796875, "sweep_pdet": 0.01171875, "confirmed_ber": 0.0001316070556640625, "confirmed_ser": 0.000263214111328125, "confirmed_pdet": 0.017578125, "passed": false}, "0.05": {"index": 30, "sweep_ber": 0.00011444091796875, "sweep_pdet": 0.06640625, "confirmed_ber": 0.00014019012451171875, "confirmed_ser": 0.0002803802490234375, "confirmed_pdet": 0.06982421875, "passed": false}}, "spec_cnn": {"0.01": {"index": 0, "sweep_ber": 0.0, "sweep_pdet": 0.00390625, "confirmed_ber": 0.0, "confirmed_ser": 0.0, "confirmed_pdet": 0.007080078125, "passed": true}, "0.05": {"index": 0, "sweep_ber": 0.0, "sweep_pdet": 0.044921875, "confirmed_ber": 0.0, "confirmed_ser": 0.0, "confirmed_pdet": 0.052001953125, "passed": true}}}  (737s)
  [snr_20] generator power_two_sided_b100 (scale 0.4022)
  JSR  -50.0 dB  BER 0.00e+00  P(det)@0.05 power_one_sided 0.039 power_two_sided 0.062 kurtosis 0.037 spec_cnn 0.057  (0s)
  JSR  -49.0 dB  BER 0.00e+00  P(det)@0.05 power_one_sided 0.066 power_two_sided 0.057 kurtosis 0.055 spec_cnn 0.055  (1s)
  JSR  -48.0 dB  BER 0.00e+00  P(det)@0.05 power_one_sided 0.047 power_two_sided 0.070 kurtosis 0.043 spec_cnn 0.053  (1s)
  JSR  -47.0 dB  BER 0.00e+00  P(det)@0.05 power_one_sided 0.053 power_two_sided 0.055 kurtosis 0.062 spec_cnn 0.051  (1s)
  JSR  -46.0 dB  BER 0.00e+00  P(det)@0.05 power_one_sided 0.037 power_two_sided 0.033 kurtosis 0.035 spec_cnn 0.062  (2s)
  JSR  -45.0 dB  BER 0.00e+00  P(det)@0.05 power_one_sided 0.049 power_two_sided 0.061 kurtosis 0.045 spec_cnn 0.062  (2s)
  JSR  -44.0 dB  BER 0.00e+00  P(det)@0.05 power_one_sided 0.035 power_two_sided 0.039 kurtosis 0.057 spec_cnn 0.053  (3s)
  JSR  -43.0 dB  BER 0.00e+00  P(det)@0.05 power_one_sided 0.051 power_two_sided 0.064 kurtosis 0.039 spec_cnn 0.061  (3s)
  JSR  -42.0 dB  BER 0.00e+00  P(det)@0.05 power_one_sided 0.066 power_two_sided 0.068 kurtosis 0.033 spec_cnn 0.061  (3s)
  JSR  -41.0 dB  BER 0.00e+00  P(det)@0.05 power_one_sided 0.064 power_two_sided 0.061 kurtosis 0.045 spec_cnn 0.059  (4s)
  JSR  -40.0 dB  BER 0.00e+00  P(det)@0.05 power_one_sided 0.047 power_two_sided 0.062 kurtosis 0.035 spec_cnn 0.047  (4s)
  JSR  -39.0 dB  BER 0.00e+00  P(det)@0.05 power_one_sided 0.059 power_two_sided 0.045 kurtosis 0.055 spec_cnn 0.062  (5s)
  JSR  -38.0 dB  BER 0.00e+00  P(det)@0.05 power_one_sided 0.068 power_two_sided 0.061 kurtosis 0.045 spec_cnn 0.057  (5s)
  JSR  -37.0 dB  BER 0.00e+00  P(det)@0.05 power_one_sided 0.059 power_two_sided 0.066 kurtosis 0.039 spec_cnn 0.049  (5s)
  JSR  -36.0 dB  BER 0.00e+00  P(det)@0.05 power_one_sided 0.074 power_two_sided 0.072 kurtosis 0.047 spec_cnn 0.068  (6s)
  JSR  -35.0 dB  BER 0.00e+00  P(det)@0.05 power_one_sided 0.102 power_two_sided 0.070 kurtosis 0.037 spec_cnn 0.066  (6s)
  JSR  -34.0 dB  BER 0.00e+00  P(det)@0.05 power_one_sided 0.094 power_two_sided 0.096 kurtosis 0.039 spec_cnn 0.061  (6s)
  JSR  -33.0 dB  BER 0.00e+00  P(det)@0.05 power_one_sided 0.105 power_two_sided 0.104 kurtosis 0.047 spec_cnn 0.061  (7s)
  JSR  -32.0 dB  BER 0.00e+00  P(det)@0.05 power_one_sided 0.127 power_two_sided 0.115 kurtosis 0.043 spec_cnn 0.062  (7s)
  JSR  -31.0 dB  BER 0.00e+00  P(det)@0.05 power_one_sided 0.160 power_two_sided 0.141 kurtosis 0.041 spec_cnn 0.086  (8s)
  JSR  -30.0 dB  BER 0.00e+00  P(det)@0.05 power_one_sided 0.146 power_two_sided 0.148 kurtosis 0.062 spec_cnn 0.090  (8s)
  JSR  -29.0 dB  BER 0.00e+00  P(det)@0.05 power_one_sided 0.215 power_two_sided 0.168 kurtosis 0.049 spec_cnn 0.094  (8s)
  JSR  -28.0 dB  BER 0.00e+00  P(det)@0.05 power_one_sided 0.254 power_two_sided 0.211 kurtosis 0.037 spec_cnn 0.117  (9s)
  JSR  -27.0 dB  BER 0.00e+00  P(det)@0.05 power_one_sided 0.264 power_two_sided 0.234 kurtosis 0.045 spec_cnn 0.135  (9s)
  JSR  -26.0 dB  BER 0.00e+00  P(det)@0.05 power_one_sided 0.334 power_two_sided 0.305 kurtosis 0.049 spec_cnn 0.109  (9s)
  JSR  -25.0 dB  BER 0.00e+00  P(det)@0.05 power_one_sided 0.393 power_two_sided 0.383 kurtosis 0.066 spec_cnn 0.166  (10s)
  JSR  -24.0 dB  BER 0.00e+00  P(det)@0.05 power_one_sided 0.439 power_two_sided 0.400 kurtosis 0.041 spec_cnn 0.205  (10s)
  JSR  -23.0 dB  BER 0.00e+00  P(det)@0.05 power_one_sided 0.514 power_two_sided 0.480 kurtosis 0.072 spec_cnn 0.256  (11s)
  JSR  -22.0 dB  BER 7.63e-06  P(det)@0.05 power_one_sided 0.584 power_two_sided 0.537 kurtosis 0.045 spec_cnn 0.336  (11s)
  JSR  -21.0 dB  BER 0.00e+00  P(det)@0.05 power_one_sided 0.643 power_two_sided 0.639 kurtosis 0.055 spec_cnn 0.344  (11s)
  JSR  -20.0 dB  BER 9.92e-05  P(det)@0.05 power_one_sided 0.701 power_two_sided 0.674 kurtosis 0.066 spec_cnn 0.504  (12s)
  JSR  -19.0 dB  BER 3.13e-04  P(det)@0.05 power_one_sided 0.777 power_two_sided 0.766 kurtosis 0.082 spec_cnn 0.529  (12s)
  JSR  -18.0 dB  BER 7.10e-04  P(det)@0.05 power_one_sided 0.869 power_two_sided 0.852 kurtosis 0.107 spec_cnn 0.629  (12s)
  JSR  -17.0 dB  BER 1.13e-03  P(det)@0.05 power_one_sided 0.887 power_two_sided 0.906 kurtosis 0.203 spec_cnn 0.721  (13s)
  JSR  -16.0 dB  BER 1.46e-03  P(det)@0.05 power_one_sided 0.955 power_two_sided 0.951 kurtosis 0.209 spec_cnn 0.754  (13s)
  JSR  -15.0 dB  BER 1.99e-03  P(det)@0.05 power_one_sided 0.975 power_two_sided 0.977 kurtosis 0.340 spec_cnn 0.826  (14s)
  JSR  -14.0 dB  BER 2.32e-03  P(det)@0.05 power_one_sided 0.992 power_two_sided 0.992 kurtosis 0.457 spec_cnn 0.881  (14s)
  JSR  -13.0 dB  BER 2.63e-03  P(det)@0.05 power_one_sided 0.994 power_two_sided 0.992 kurtosis 0.598 spec_cnn 0.922  (14s)
  JSR  -12.0 dB  BER 2.99e-03  P(det)@0.05 power_one_sided 1.000 power_two_sided 1.000 kurtosis 0.715 spec_cnn 0.957  (15s)
  JSR  -11.0 dB  BER 3.28e-03  P(det)@0.05 power_one_sided 1.000 power_two_sided 1.000 kurtosis 0.889 spec_cnn 0.980  (15s)
  JSR  -10.0 dB  BER 3.67e-03  P(det)@0.05 power_one_sided 1.000 power_two_sided 1.000 kurtosis 0.965 spec_cnn 0.994  (15s)
  JSR   -9.0 dB  BER 4.39e-03  P(det)@0.05 power_one_sided 1.000 power_two_sided 1.000 kurtosis 0.988 spec_cnn 1.000  (16s)
  JSR   -8.0 dB  BER 4.72e-03  P(det)@0.05 power_one_sided 1.000 power_two_sided 1.000 kurtosis 0.998 spec_cnn 1.000  (16s)
  JSR   -7.0 dB  BER 6.71e-03  P(det)@0.05 power_one_sided 1.000 power_two_sided 1.000 kurtosis 1.000 spec_cnn 1.000  (17s)
  JSR   -6.0 dB  BER 9.12e-03  P(det)@0.05 power_one_sided 1.000 power_two_sided 1.000 kurtosis 1.000 spec_cnn 1.000  (17s)
  JSR   -5.0 dB  BER 1.34e-02  P(det)@0.05 power_one_sided 1.000 power_two_sided 1.000 kurtosis 1.000 spec_cnn 1.000  (17s)
  JSR   -4.0 dB  BER 2.14e-02  P(det)@0.05 power_one_sided 1.000 power_two_sided 1.000 kurtosis 1.000 spec_cnn 1.000  (18s)
  JSR   -3.0 dB  BER 3.25e-02  P(det)@0.05 power_one_sided 1.000 power_two_sided 1.000 kurtosis 1.000 spec_cnn 1.000  (18s)
  JSR   -2.0 dB  BER 5.02e-02  P(det)@0.05 power_one_sided 1.000 power_two_sided 1.000 kurtosis 1.000 spec_cnn 1.000  (18s)
  JSR   -1.0 dB  BER 6.79e-02  P(det)@0.05 power_one_sided 1.000 power_two_sided 1.000 kurtosis 1.000 spec_cnn 1.000  (19s)
  JSR   +0.0 dB  BER 8.95e-02  P(det)@0.05 power_one_sided 1.000 power_two_sided 1.000 kurtosis 1.000 spec_cnn 1.000  (19s)
  JSR   +1.0 dB  BER 1.15e-01  P(det)@0.05 power_one_sided 1.000 power_two_sided 1.000 kurtosis 1.000 spec_cnn 1.000  (20s)
  JSR   +2.0 dB  BER 1.41e-01  P(det)@0.05 power_one_sided 1.000 power_two_sided 1.000 kurtosis 1.000 spec_cnn 1.000  (20s)
  JSR   +3.0 dB  BER 1.70e-01  P(det)@0.05 power_one_sided 1.000 power_two_sided 1.000 kurtosis 1.000 spec_cnn 1.000  (20s)
  JSR   +4.0 dB  BER 1.95e-01  P(det)@0.05 power_one_sided 1.000 power_two_sided 1.000 kurtosis 1.000 spec_cnn 1.000  (21s)
  JSR   +5.0 dB  BER 2.22e-01  P(det)@0.05 power_one_sided 1.000 power_two_sided 1.000 kurtosis 1.000 spec_cnn 1.000  (21s)
  JSR   +6.0 dB  BER 2.48e-01  P(det)@0.05 power_one_sided 1.000 power_two_sided 1.000 kurtosis 1.000 spec_cnn 1.000  (21s)
  JSR   +7.0 dB  BER 2.69e-01  P(det)@0.05 power_one_sided 1.000 power_two_sided 1.000 kurtosis 1.000 spec_cnn 1.000  (22s)
  JSR   +8.0 dB  BER 2.95e-01  P(det)@0.05 power_one_sided 1.000 power_two_sided 1.000 kurtosis 1.000 spec_cnn 1.000  (22s)
  JSR   +9.0 dB  BER 3.10e-01  P(det)@0.05 power_one_sided 1.000 power_two_sided 1.000 kurtosis 1.000 spec_cnn 1.000  (23s)
  JSR  +10.0 dB  BER 3.36e-01  P(det)@0.05 power_one_sided 1.000 power_two_sided 1.000 kurtosis 1.000 spec_cnn 1.000  (23s)
  JSR  +11.0 dB  BER 3.47e-01  P(det)@0.05 power_one_sided 1.000 power_two_sided 1.000 kurtosis 1.000 spec_cnn 1.000  (23s)
  JSR  +12.0 dB  BER 3.68e-01  P(det)@0.05 power_one_sided 1.000 power_two_sided 1.000 kurtosis 1.000 spec_cnn 1.000  (24s)
  JSR  +13.0 dB  BER 3.82e-01  P(det)@0.05 power_one_sided 1.000 power_two_sided 1.000 kurtosis 1.000 spec_cnn 1.000  (24s)
  JSR  +14.0 dB  BER 3.96e-01  P(det)@0.05 power_one_sided 1.000 power_two_sided 1.000 kurtosis 1.000 spec_cnn 1.000  (24s)
  JSR  +15.0 dB  BER 4.03e-01  P(det)@0.05 power_one_sided 1.000 power_two_sided 1.000 kurtosis 1.000 spec_cnn 1.000  (25s)
  [snr_20] power_two_sided_b100 confirmed: {"power_one_sided": {"0.01": {"index": 0, "sweep_ber": 0.0, "sweep_pdet": 0.01171875, "confirmed_ber": 0.0, "confirmed_ser": 0.0, "confirmed_pdet": 0.010009765625, "passed": true}, "0.05": {"index": 0, "sweep_ber": 0.0, "sweep_pdet": 0.0390625, "confirmed_ber": 0.0, "confirmed_ser": 0.0, "confirmed_pdet": 0.055419921875, "passed": true}}, "power_two_sided": {"0.01": {"index": 0, "sweep_ber": 0.0, "sweep_pdet": 0.0078125, "confirmed_ber": 0.0, "confirmed_ser": 0.0, "confirmed_pdet": 0.012451171875, "passed": true}, "0.05": {"index": 0, "sweep_ber": 0.0, "sweep_pdet": 0.0625, "confirmed_ber": 0.0, "confirmed_ser": 0.0, "confirmed_pdet": 0.050537109375, "passed": true}}, "kurtosis": {"0.01": {"index": 30, "sweep_ber": 9.918212890625e-05, "sweep_pdet": 0.015625, "confirmed_ber": 0.00014972686767578125, "confirmed_ser": 0.0002994537353515625, "confirmed_pdet": 0.015869140625, "passed": false}, "0.05": {"index": 30, "sweep_ber": 9.918212890625e-05, "sweep_pdet": 0.06640625, "confirmed_ber": 0.00012683868408203125, "confirmed_ser": 0.0002536773681640625, "confirmed_pdet": 0.06982421875, "passed": false}}, "spec_cnn": {"0.01": {"index": 0, "sweep_ber": 0.0, "sweep_pdet": 0.017578125, "confirmed_ber": 0.0, "confirmed_ser": 0.0, "confirmed_pdet": 0.01025390625, "passed": true}, "0.05": {"index": 0, "sweep_ber": 0.0, "sweep_pdet": 0.056640625, "confirmed_ber": 0.0, "confirmed_ser": 0.0, "confirmed_pdet": 0.055908203125, "passed": true}}}  (786s)
  [snr_20] generator power_two_sided_b1000 (scale 0.4022)
  JSR  -50.0 dB  BER 0.00e+00  P(det)@0.05 power_one_sided 0.062 power_two_sided 0.053 kurtosis 0.037 spec_cnn 0.051  (0s)
  JSR  -49.0 dB  BER 0.00e+00  P(det)@0.05 power_one_sided 0.041 power_two_sided 0.062 kurtosis 0.035 spec_cnn 0.047  (1s)
  JSR  -48.0 dB  BER 0.00e+00  P(det)@0.05 power_one_sided 0.059 power_two_sided 0.053 kurtosis 0.055 spec_cnn 0.043  (1s)
  JSR  -47.0 dB  BER 0.00e+00  P(det)@0.05 power_one_sided 0.039 power_two_sided 0.039 kurtosis 0.053 spec_cnn 0.053  (1s)
  JSR  -46.0 dB  BER 0.00e+00  P(det)@0.05 power_one_sided 0.064 power_two_sided 0.055 kurtosis 0.061 spec_cnn 0.057  (2s)
  JSR  -45.0 dB  BER 0.00e+00  P(det)@0.05 power_one_sided 0.049 power_two_sided 0.047 kurtosis 0.053 spec_cnn 0.037  (2s)
  JSR  -44.0 dB  BER 0.00e+00  P(det)@0.05 power_one_sided 0.053 power_two_sided 0.045 kurtosis 0.047 spec_cnn 0.047  (3s)
  JSR  -43.0 dB  BER 0.00e+00  P(det)@0.05 power_one_sided 0.041 power_two_sided 0.041 kurtosis 0.041 spec_cnn 0.039  (3s)
  JSR  -42.0 dB  BER 0.00e+00  P(det)@0.05 power_one_sided 0.037 power_two_sided 0.041 kurtosis 0.068 spec_cnn 0.057  (3s)
  JSR  -41.0 dB  BER 0.00e+00  P(det)@0.05 power_one_sided 0.078 power_two_sided 0.062 kurtosis 0.043 spec_cnn 0.053  (4s)
  JSR  -40.0 dB  BER 0.00e+00  P(det)@0.05 power_one_sided 0.033 power_two_sided 0.035 kurtosis 0.059 spec_cnn 0.070  (4s)
  JSR  -39.0 dB  BER 0.00e+00  P(det)@0.05 power_one_sided 0.059 power_two_sided 0.076 kurtosis 0.045 spec_cnn 0.074  (4s)
  JSR  -38.0 dB  BER 0.00e+00  P(det)@0.05 power_one_sided 0.062 power_two_sided 0.057 kurtosis 0.033 spec_cnn 0.047  (5s)
  JSR  -37.0 dB  BER 0.00e+00  P(det)@0.05 power_one_sided 0.076 power_two_sided 0.068 kurtosis 0.037 spec_cnn 0.059  (5s)
  JSR  -36.0 dB  BER 0.00e+00  P(det)@0.05 power_one_sided 0.074 power_two_sided 0.074 kurtosis 0.068 spec_cnn 0.076  (6s)
  JSR  -35.0 dB  BER 0.00e+00  P(det)@0.05 power_one_sided 0.090 power_two_sided 0.082 kurtosis 0.043 spec_cnn 0.051  (6s)
  JSR  -34.0 dB  BER 0.00e+00  P(det)@0.05 power_one_sided 0.078 power_two_sided 0.076 kurtosis 0.047 spec_cnn 0.055  (6s)
  JSR  -33.0 dB  BER 0.00e+00  P(det)@0.05 power_one_sided 0.105 power_two_sided 0.109 kurtosis 0.043 spec_cnn 0.066  (7s)
  JSR  -32.0 dB  BER 0.00e+00  P(det)@0.05 power_one_sided 0.127 power_two_sided 0.096 kurtosis 0.037 spec_cnn 0.068  (7s)
  JSR  -31.0 dB  BER 0.00e+00  P(det)@0.05 power_one_sided 0.131 power_two_sided 0.119 kurtosis 0.051 spec_cnn 0.068  (7s)
  JSR  -30.0 dB  BER 0.00e+00  P(det)@0.05 power_one_sided 0.127 power_two_sided 0.117 kurtosis 0.047 spec_cnn 0.084  (8s)
  JSR  -29.0 dB  BER 0.00e+00  P(det)@0.05 power_one_sided 0.156 power_two_sided 0.156 kurtosis 0.049 spec_cnn 0.096  (8s)
  JSR  -28.0 dB  BER 0.00e+00  P(det)@0.05 power_one_sided 0.184 power_two_sided 0.172 kurtosis 0.047 spec_cnn 0.121  (9s)
  JSR  -27.0 dB  BER 0.00e+00  P(det)@0.05 power_one_sided 0.254 power_two_sided 0.240 kurtosis 0.057 spec_cnn 0.113  (9s)
  JSR  -26.0 dB  BER 0.00e+00  P(det)@0.05 power_one_sided 0.285 power_two_sided 0.275 kurtosis 0.035 spec_cnn 0.158  (9s)
  JSR  -25.0 dB  BER 0.00e+00  P(det)@0.05 power_one_sided 0.330 power_two_sided 0.312 kurtosis 0.059 spec_cnn 0.225  (10s)
  JSR  -24.0 dB  BER 0.00e+00  P(det)@0.05 power_one_sided 0.424 power_two_sided 0.396 kurtosis 0.059 spec_cnn 0.242  (10s)
  JSR  -23.0 dB  BER 0.00e+00  P(det)@0.05 power_one_sided 0.494 power_two_sided 0.479 kurtosis 0.033 spec_cnn 0.270  (10s)
  JSR  -22.0 dB  BER 0.00e+00  P(det)@0.05 power_one_sided 0.539 power_two_sided 0.545 kurtosis 0.053 spec_cnn 0.326  (11s)
  JSR  -21.0 dB  BER 0.00e+00  P(det)@0.05 power_one_sided 0.648 power_two_sided 0.648 kurtosis 0.064 spec_cnn 0.367  (11s)
  JSR  -20.0 dB  BER 0.00e+00  P(det)@0.05 power_one_sided 0.686 power_two_sided 0.688 kurtosis 0.082 spec_cnn 0.449  (12s)
  JSR  -19.0 dB  BER 3.05e-05  P(det)@0.05 power_one_sided 0.797 power_two_sided 0.791 kurtosis 0.070 spec_cnn 0.551  (12s)
  JSR  -18.0 dB  BER 1.14e-04  P(det)@0.05 power_one_sided 0.834 power_two_sided 0.828 kurtosis 0.088 spec_cnn 0.598  (12s)
  JSR  -17.0 dB  BER 2.37e-04  P(det)@0.05 power_one_sided 0.871 power_two_sided 0.871 kurtosis 0.115 spec_cnn 0.717  (13s)
  JSR  -16.0 dB  BER 4.81e-04  P(det)@0.05 power_one_sided 0.932 power_two_sided 0.930 kurtosis 0.154 spec_cnn 0.754  (13s)
  JSR  -15.0 dB  BER 7.71e-04  P(det)@0.05 power_one_sided 0.965 power_two_sided 0.959 kurtosis 0.264 spec_cnn 0.832  (13s)
  JSR  -14.0 dB  BER 9.08e-04  P(det)@0.05 power_one_sided 0.982 power_two_sided 0.977 kurtosis 0.363 spec_cnn 0.895  (14s)
  JSR  -13.0 dB  BER 1.63e-03  P(det)@0.05 power_one_sided 0.998 power_two_sided 0.996 kurtosis 0.504 spec_cnn 0.887  (14s)
  JSR  -12.0 dB  BER 1.78e-03  P(det)@0.05 power_one_sided 0.992 power_two_sided 0.994 kurtosis 0.670 spec_cnn 0.947  (15s)
  JSR  -11.0 dB  BER 2.31e-03  P(det)@0.05 power_one_sided 0.998 power_two_sided 0.998 kurtosis 0.811 spec_cnn 0.977  (15s)
  JSR  -10.0 dB  BER 2.49e-03  P(det)@0.05 power_one_sided 0.998 power_two_sided 0.998 kurtosis 0.916 spec_cnn 0.986  (15s)
  JSR   -9.0 dB  BER 3.40e-03  P(det)@0.05 power_one_sided 0.998 power_two_sided 0.998 kurtosis 0.975 spec_cnn 1.000  (16s)
  JSR   -8.0 dB  BER 4.87e-03  P(det)@0.05 power_one_sided 1.000 power_two_sided 1.000 kurtosis 0.996 spec_cnn 1.000  (16s)
  JSR   -7.0 dB  BER 6.42e-03  P(det)@0.05 power_one_sided 1.000 power_two_sided 1.000 kurtosis 0.998 spec_cnn 1.000  (16s)
  JSR   -6.0 dB  BER 1.14e-02  P(det)@0.05 power_one_sided 1.000 power_two_sided 1.000 kurtosis 1.000 spec_cnn 1.000  (17s)
  JSR   -5.0 dB  BER 1.87e-02  P(det)@0.05 power_one_sided 1.000 power_two_sided 1.000 kurtosis 1.000 spec_cnn 1.000  (17s)
  JSR   -4.0 dB  BER 3.05e-02  P(det)@0.05 power_one_sided 1.000 power_two_sided 1.000 kurtosis 1.000 spec_cnn 1.000  (17s)
  JSR   -3.0 dB  BER 4.65e-02  P(det)@0.05 power_one_sided 1.000 power_two_sided 1.000 kurtosis 1.000 spec_cnn 1.000  (18s)
  JSR   -2.0 dB  BER 6.54e-02  P(det)@0.05 power_one_sided 1.000 power_two_sided 1.000 kurtosis 1.000 spec_cnn 1.000  (18s)
  JSR   -1.0 dB  BER 9.10e-02  P(det)@0.05 power_one_sided 1.000 power_two_sided 1.000 kurtosis 1.000 spec_cnn 1.000  (19s)
  JSR   +0.0 dB  BER 1.17e-01  P(det)@0.05 power_one_sided 1.000 power_two_sided 1.000 kurtosis 1.000 spec_cnn 1.000  (19s)
  JSR   +1.0 dB  BER 1.45e-01  P(det)@0.05 power_one_sided 1.000 power_two_sided 1.000 kurtosis 1.000 spec_cnn 1.000  (19s)
  JSR   +2.0 dB  BER 1.72e-01  P(det)@0.05 power_one_sided 1.000 power_two_sided 1.000 kurtosis 1.000 spec_cnn 1.000  (20s)
  JSR   +3.0 dB  BER 1.98e-01  P(det)@0.05 power_one_sided 1.000 power_two_sided 1.000 kurtosis 1.000 spec_cnn 1.000  (20s)
  JSR   +4.0 dB  BER 2.27e-01  P(det)@0.05 power_one_sided 1.000 power_two_sided 1.000 kurtosis 1.000 spec_cnn 1.000  (20s)
  JSR   +5.0 dB  BER 2.50e-01  P(det)@0.05 power_one_sided 1.000 power_two_sided 1.000 kurtosis 1.000 spec_cnn 1.000  (21s)
  JSR   +6.0 dB  BER 2.73e-01  P(det)@0.05 power_one_sided 1.000 power_two_sided 1.000 kurtosis 1.000 spec_cnn 1.000  (21s)
  JSR   +7.0 dB  BER 2.94e-01  P(det)@0.05 power_one_sided 1.000 power_two_sided 1.000 kurtosis 1.000 spec_cnn 1.000  (22s)
  JSR   +8.0 dB  BER 3.17e-01  P(det)@0.05 power_one_sided 1.000 power_two_sided 1.000 kurtosis 1.000 spec_cnn 1.000  (22s)
  JSR   +9.0 dB  BER 3.36e-01  P(det)@0.05 power_one_sided 1.000 power_two_sided 1.000 kurtosis 1.000 spec_cnn 1.000  (22s)
  JSR  +10.0 dB  BER 3.51e-01  P(det)@0.05 power_one_sided 1.000 power_two_sided 1.000 kurtosis 1.000 spec_cnn 1.000  (23s)
  JSR  +11.0 dB  BER 3.66e-01  P(det)@0.05 power_one_sided 1.000 power_two_sided 1.000 kurtosis 1.000 spec_cnn 1.000  (23s)
  JSR  +12.0 dB  BER 3.80e-01  P(det)@0.05 power_one_sided 1.000 power_two_sided 1.000 kurtosis 1.000 spec_cnn 1.000  (23s)
  JSR  +13.0 dB  BER 3.95e-01  P(det)@0.05 power_one_sided 1.000 power_two_sided 1.000 kurtosis 1.000 spec_cnn 1.000  (24s)
  JSR  +14.0 dB  BER 4.04e-01  P(det)@0.05 power_one_sided 1.000 power_two_sided 1.000 kurtosis 1.000 spec_cnn 1.000  (24s)
  JSR  +15.0 dB  BER 4.14e-01  P(det)@0.05 power_one_sided 1.000 power_two_sided 1.000 kurtosis 1.000 spec_cnn 1.000  (25s)
  [snr_20] power_two_sided_b1000 confirmed: {"power_one_sided": {"0.01": {"index": 1, "sweep_ber": 0.0, "sweep_pdet": 0.009765625, "confirmed_ber": 0.0, "confirmed_ser": 0.0, "confirmed_pdet": 0.01025390625, "passed": true}, "0.05": {"index": 0, "sweep_ber": 0.0, "sweep_pdet": 0.0625, "confirmed_ber": 0.0, "confirmed_ser": 0.0, "confirmed_pdet": 0.050537109375, "passed": true}}, "power_two_sided": {"0.01": {"index": 0, "sweep_ber": 0.0, "sweep_pdet": 0.009765625, "confirmed_ber": 0.0, "confirmed_ser": 0.0, "confirmed_pdet": 0.0107421875, "passed": true}, "0.05": {"index": 0, "sweep_ber": 0.0, "sweep_pdet": 0.052734375, "confirmed_ber": 0.0, "confirmed_ser": 0.0, "confirmed_pdet": 0.048583984375, "passed": true}}, "kurtosis": {"0.01": {"index": 0, "sweep_ber": 0.0, "sweep_pdet": 0.009765625, "confirmed_ber": 0.0, "confirmed_ser": 0.0, "confirmed_pdet": 0.0087890625, "passed": true}, "0.05": {"index": 0, "sweep_ber": 0.0, "sweep_pdet": 0.037109375, "confirmed_ber": 0.0, "confirmed_ser": 0.0, "confirmed_pdet": 0.04541015625, "passed": true}}, "spec_cnn": {"0.01": {"index": 0, "sweep_ber": 0.0, "sweep_pdet": 0.013671875, "confirmed_ber": 0.0, "confirmed_ser": 0.0, "confirmed_pdet": 0.009521484375, "passed": true}, "0.05": {"index": 0, "sweep_ber": 0.0, "sweep_pdet": 0.05078125, "confirmed_ber": 0.0, "confirmed_ser": 0.0, "confirmed_pdet": 0.047607421875, "passed": true}}}  (835s)
  [snr_20] generator kurtosis_b1 (scale 0.4022)
  JSR  -50.0 dB  BER 0.00e+00  P(det)@0.05 power_one_sided 0.051 power_two_sided 0.061 kurtosis 0.033 spec_cnn 0.064  (0s)
  JSR  -49.0 dB  BER 0.00e+00  P(det)@0.05 power_one_sided 0.053 power_two_sided 0.057 kurtosis 0.061 spec_cnn 0.045  (1s)
  JSR  -48.0 dB  BER 0.00e+00  P(det)@0.05 power_one_sided 0.057 power_two_sided 0.055 kurtosis 0.053 spec_cnn 0.047  (1s)
  JSR  -47.0 dB  BER 0.00e+00  P(det)@0.05 power_one_sided 0.037 power_two_sided 0.066 kurtosis 0.049 spec_cnn 0.061  (1s)
  JSR  -46.0 dB  BER 0.00e+00  P(det)@0.05 power_one_sided 0.047 power_two_sided 0.049 kurtosis 0.049 spec_cnn 0.061  (2s)
  JSR  -45.0 dB  BER 0.00e+00  P(det)@0.05 power_one_sided 0.053 power_two_sided 0.064 kurtosis 0.041 spec_cnn 0.049  (2s)
  JSR  -44.0 dB  BER 0.00e+00  P(det)@0.05 power_one_sided 0.059 power_two_sided 0.057 kurtosis 0.041 spec_cnn 0.045  (3s)
  JSR  -43.0 dB  BER 0.00e+00  P(det)@0.05 power_one_sided 0.062 power_two_sided 0.049 kurtosis 0.037 spec_cnn 0.062  (3s)
  JSR  -42.0 dB  BER 0.00e+00  P(det)@0.05 power_one_sided 0.053 power_two_sided 0.043 kurtosis 0.047 spec_cnn 0.053  (3s)
  JSR  -41.0 dB  BER 0.00e+00  P(det)@0.05 power_one_sided 0.059 power_two_sided 0.086 kurtosis 0.041 spec_cnn 0.053  (4s)
  JSR  -40.0 dB  BER 0.00e+00  P(det)@0.05 power_one_sided 0.061 power_two_sided 0.041 kurtosis 0.061 spec_cnn 0.057  (4s)
  JSR  -39.0 dB  BER 0.00e+00  P(det)@0.05 power_one_sided 0.080 power_two_sided 0.061 kurtosis 0.037 spec_cnn 0.053  (4s)
  JSR  -38.0 dB  BER 0.00e+00  P(det)@0.05 power_one_sided 0.080 power_two_sided 0.088 kurtosis 0.045 spec_cnn 0.066  (5s)
  JSR  -37.0 dB  BER 0.00e+00  P(det)@0.05 power_one_sided 0.057 power_two_sided 0.061 kurtosis 0.047 spec_cnn 0.064  (5s)
  JSR  -36.0 dB  BER 0.00e+00  P(det)@0.05 power_one_sided 0.088 power_two_sided 0.109 kurtosis 0.045 spec_cnn 0.059  (6s)
  JSR  -35.0 dB  BER 0.00e+00  P(det)@0.05 power_one_sided 0.076 power_two_sided 0.076 kurtosis 0.025 spec_cnn 0.049  (6s)
  JSR  -34.0 dB  BER 0.00e+00  P(det)@0.05 power_one_sided 0.107 power_two_sided 0.105 kurtosis 0.064 spec_cnn 0.070  (6s)
  JSR  -33.0 dB  BER 0.00e+00  P(det)@0.05 power_one_sided 0.104 power_two_sided 0.082 kurtosis 0.049 spec_cnn 0.102  (7s)
  JSR  -32.0 dB  BER 0.00e+00  P(det)@0.05 power_one_sided 0.137 power_two_sided 0.094 kurtosis 0.033 spec_cnn 0.094  (7s)
  JSR  -31.0 dB  BER 0.00e+00  P(det)@0.05 power_one_sided 0.152 power_two_sided 0.143 kurtosis 0.053 spec_cnn 0.061  (7s)
  JSR  -30.0 dB  BER 0.00e+00  P(det)@0.05 power_one_sided 0.164 power_two_sided 0.160 kurtosis 0.039 spec_cnn 0.100  (8s)
  JSR  -29.0 dB  BER 0.00e+00  P(det)@0.05 power_one_sided 0.188 power_two_sided 0.186 kurtosis 0.053 spec_cnn 0.127  (8s)
  JSR  -28.0 dB  BER 0.00e+00  P(det)@0.05 power_one_sided 0.211 power_two_sided 0.201 kurtosis 0.047 spec_cnn 0.133  (9s)
  JSR  -27.0 dB  BER 0.00e+00  P(det)@0.05 power_one_sided 0.258 power_two_sided 0.242 kurtosis 0.061 spec_cnn 0.162  (9s)
  JSR  -26.0 dB  BER 0.00e+00  P(det)@0.05 power_one_sided 0.336 power_two_sided 0.334 kurtosis 0.043 spec_cnn 0.193  (9s)
  JSR  -25.0 dB  BER 0.00e+00  P(det)@0.05 power_one_sided 0.371 power_two_sided 0.350 kurtosis 0.047 spec_cnn 0.234  (10s)
  JSR  -24.0 dB  BER 0.00e+00  P(det)@0.05 power_one_sided 0.467 power_two_sided 0.438 kurtosis 0.035 spec_cnn 0.268  (10s)
  JSR  -23.0 dB  BER 0.00e+00  P(det)@0.05 power_one_sided 0.480 power_two_sided 0.447 kurtosis 0.057 spec_cnn 0.357  (10s)
  JSR  -22.0 dB  BER 0.00e+00  P(det)@0.05 power_one_sided 0.578 power_two_sided 0.574 kurtosis 0.049 spec_cnn 0.369  (11s)
  JSR  -21.0 dB  BER 7.63e-06  P(det)@0.05 power_one_sided 0.664 power_two_sided 0.676 kurtosis 0.057 spec_cnn 0.471  (11s)
  JSR  -20.0 dB  BER 6.87e-05  P(det)@0.05 power_one_sided 0.711 power_two_sided 0.699 kurtosis 0.076 spec_cnn 0.514  (12s)
  JSR  -19.0 dB  BER 2.14e-04  P(det)@0.05 power_one_sided 0.799 power_two_sided 0.791 kurtosis 0.070 spec_cnn 0.572  (12s)
  JSR  -18.0 dB  BER 6.10e-04  P(det)@0.05 power_one_sided 0.875 power_two_sided 0.881 kurtosis 0.107 spec_cnn 0.625  (12s)
  JSR  -17.0 dB  BER 9.23e-04  P(det)@0.05 power_one_sided 0.916 power_two_sided 0.898 kurtosis 0.119 spec_cnn 0.725  (13s)
  JSR  -16.0 dB  BER 1.39e-03  P(det)@0.05 power_one_sided 0.959 power_two_sided 0.961 kurtosis 0.205 spec_cnn 0.785  (13s)
  JSR  -15.0 dB  BER 1.61e-03  P(det)@0.05 power_one_sided 0.969 power_two_sided 0.971 kurtosis 0.297 spec_cnn 0.816  (13s)
  JSR  -14.0 dB  BER 2.24e-03  P(det)@0.05 power_one_sided 0.977 power_two_sided 0.975 kurtosis 0.387 spec_cnn 0.904  (14s)
  JSR  -13.0 dB  BER 2.33e-03  P(det)@0.05 power_one_sided 0.990 power_two_sided 0.990 kurtosis 0.527 spec_cnn 0.938  (14s)
  JSR  -12.0 dB  BER 2.84e-03  P(det)@0.05 power_one_sided 1.000 power_two_sided 1.000 kurtosis 0.670 spec_cnn 0.955  (15s)
  JSR  -11.0 dB  BER 2.98e-03  P(det)@0.05 power_one_sided 1.000 power_two_sided 1.000 kurtosis 0.859 spec_cnn 0.982  (15s)
  JSR  -10.0 dB  BER 3.62e-03  P(det)@0.05 power_one_sided 1.000 power_two_sided 1.000 kurtosis 0.924 spec_cnn 0.998  (15s)
  JSR   -9.0 dB  BER 4.37e-03  P(det)@0.05 power_one_sided 1.000 power_two_sided 1.000 kurtosis 0.982 spec_cnn 0.998  (16s)
  JSR   -8.0 dB  BER 5.76e-03  P(det)@0.05 power_one_sided 1.000 power_two_sided 1.000 kurtosis 1.000 spec_cnn 1.000  (16s)
  JSR   -7.0 dB  BER 7.53e-03  P(det)@0.05 power_one_sided 1.000 power_two_sided 1.000 kurtosis 1.000 spec_cnn 1.000  (16s)
  JSR   -6.0 dB  BER 1.14e-02  P(det)@0.05 power_one_sided 1.000 power_two_sided 1.000 kurtosis 1.000 spec_cnn 1.000  (17s)
  JSR   -5.0 dB  BER 1.67e-02  P(det)@0.05 power_one_sided 1.000 power_two_sided 1.000 kurtosis 1.000 spec_cnn 1.000  (17s)
  JSR   -4.0 dB  BER 2.46e-02  P(det)@0.05 power_one_sided 1.000 power_two_sided 1.000 kurtosis 1.000 spec_cnn 1.000  (18s)
  JSR   -3.0 dB  BER 3.71e-02  P(det)@0.05 power_one_sided 1.000 power_two_sided 1.000 kurtosis 1.000 spec_cnn 1.000  (18s)
  JSR   -2.0 dB  BER 5.28e-02  P(det)@0.05 power_one_sided 1.000 power_two_sided 1.000 kurtosis 1.000 spec_cnn 1.000  (18s)
  JSR   -1.0 dB  BER 7.29e-02  P(det)@0.05 power_one_sided 1.000 power_two_sided 1.000 kurtosis 1.000 spec_cnn 1.000  (19s)
  JSR   +0.0 dB  BER 9.62e-02  P(det)@0.05 power_one_sided 1.000 power_two_sided 1.000 kurtosis 1.000 spec_cnn 1.000  (19s)
  JSR   +1.0 dB  BER 1.18e-01  P(det)@0.05 power_one_sided 1.000 power_two_sided 1.000 kurtosis 1.000 spec_cnn 1.000  (19s)
  JSR   +2.0 dB  BER 1.45e-01  P(det)@0.05 power_one_sided 1.000 power_two_sided 1.000 kurtosis 1.000 spec_cnn 1.000  (20s)
  JSR   +3.0 dB  BER 1.71e-01  P(det)@0.05 power_one_sided 1.000 power_two_sided 1.000 kurtosis 1.000 spec_cnn 1.000  (20s)
  JSR   +4.0 dB  BER 2.02e-01  P(det)@0.05 power_one_sided 1.000 power_two_sided 1.000 kurtosis 1.000 spec_cnn 1.000  (21s)
  JSR   +5.0 dB  BER 2.26e-01  P(det)@0.05 power_one_sided 1.000 power_two_sided 1.000 kurtosis 1.000 spec_cnn 1.000  (21s)
  JSR   +6.0 dB  BER 2.46e-01  P(det)@0.05 power_one_sided 1.000 power_two_sided 1.000 kurtosis 1.000 spec_cnn 1.000  (21s)
  JSR   +7.0 dB  BER 2.71e-01  P(det)@0.05 power_one_sided 1.000 power_two_sided 1.000 kurtosis 1.000 spec_cnn 1.000  (22s)
  JSR   +8.0 dB  BER 2.98e-01  P(det)@0.05 power_one_sided 1.000 power_two_sided 1.000 kurtosis 1.000 spec_cnn 1.000  (22s)
  JSR   +9.0 dB  BER 3.16e-01  P(det)@0.05 power_one_sided 1.000 power_two_sided 1.000 kurtosis 1.000 spec_cnn 1.000  (22s)
  JSR  +10.0 dB  BER 3.32e-01  P(det)@0.05 power_one_sided 1.000 power_two_sided 1.000 kurtosis 1.000 spec_cnn 1.000  (23s)
  JSR  +11.0 dB  BER 3.50e-01  P(det)@0.05 power_one_sided 1.000 power_two_sided 1.000 kurtosis 1.000 spec_cnn 1.000  (23s)
  JSR  +12.0 dB  BER 3.68e-01  P(det)@0.05 power_one_sided 1.000 power_two_sided 1.000 kurtosis 1.000 spec_cnn 1.000  (23s)
  JSR  +13.0 dB  BER 3.81e-01  P(det)@0.05 power_one_sided 1.000 power_two_sided 1.000 kurtosis 1.000 spec_cnn 1.000  (24s)
  JSR  +14.0 dB  BER 3.93e-01  P(det)@0.05 power_one_sided 1.000 power_two_sided 1.000 kurtosis 1.000 spec_cnn 1.000  (24s)
  JSR  +15.0 dB  BER 4.04e-01  P(det)@0.05 power_one_sided 1.000 power_two_sided 1.000 kurtosis 1.000 spec_cnn 1.000  (25s)
  [snr_20] kurtosis_b1 confirmed: {"power_one_sided": {"0.01": {"index": 0, "sweep_ber": 0.0, "sweep_pdet": 0.009765625, "confirmed_ber": 0.0, "confirmed_ser": 0.0, "confirmed_pdet": 0.009765625, "passed": true}, "0.05": {"index": 0, "sweep_ber": 0.0, "sweep_pdet": 0.05078125, "confirmed_ber": 0.0, "confirmed_ser": 0.0, "confirmed_pdet": 0.0546875, "passed": true}}, "power_two_sided": {"0.01": {"index": 0, "sweep_ber": 0.0, "sweep_pdet": 0.0078125, "confirmed_ber": 0.0, "confirmed_ser": 0.0, "confirmed_pdet": 0.009765625, "passed": true}, "0.05": {"index": 0, "sweep_ber": 0.0, "sweep_pdet": 0.060546875, "confirmed_ber": 0.0, "confirmed_ser": 0.0, "confirmed_pdet": 0.051025390625, "passed": true}}, "kurtosis": {"0.01": {"index": 29, "sweep_ber": 7.62939453125e-06, "sweep_pdet": 0.0078125, "confirmed_ber": 1.1444091796875e-05, "confirmed_ser": 2.288818359375e-05, "confirmed_pdet": 0.01318359375, "passed": false}, "0.05": {"index": 29, "sweep_ber": 7.62939453125e-06, "sweep_pdet": 0.056640625, "confirmed_ber": 1.71661376953125e-05, "confirmed_ser": 3.4332275390625e-05, "confirmed_pdet": 0.0556640625, "passed": true}}, "spec_cnn": {"0.01": {"index": 0, "sweep_ber": 0.0, "sweep_pdet": 0.01171875, "confirmed_ber": 0.0, "confirmed_ser": 0.0, "confirmed_pdet": 0.011474609375, "passed": true}, "0.05": {"index": 0, "sweep_ber": 0.0, "sweep_pdet": 0.064453125, "confirmed_ber": 0.0, "confirmed_ser": 0.0, "confirmed_pdet": 0.056396484375, "passed": true}}}  (883s)
  [snr_20] generator kurtosis_b10 (scale 0.4022)
  JSR  -50.0 dB  BER 0.00e+00  P(det)@0.05 power_one_sided 0.059 power_two_sided 0.061 kurtosis 0.035 spec_cnn 0.053  (0s)
  JSR  -49.0 dB  BER 0.00e+00  P(det)@0.05 power_one_sided 0.051 power_two_sided 0.041 kurtosis 0.055 spec_cnn 0.062  (1s)
  JSR  -48.0 dB  BER 0.00e+00  P(det)@0.05 power_one_sided 0.033 power_two_sided 0.039 kurtosis 0.053 spec_cnn 0.047  (1s)
  JSR  -47.0 dB  BER 0.00e+00  P(det)@0.05 power_one_sided 0.061 power_two_sided 0.057 kurtosis 0.057 spec_cnn 0.047  (1s)
  JSR  -46.0 dB  BER 0.00e+00  P(det)@0.05 power_one_sided 0.080 power_two_sided 0.066 kurtosis 0.055 spec_cnn 0.059  (2s)
  JSR  -45.0 dB  BER 0.00e+00  P(det)@0.05 power_one_sided 0.059 power_two_sided 0.064 kurtosis 0.039 spec_cnn 0.066  (2s)
  JSR  -44.0 dB  BER 0.00e+00  P(det)@0.05 power_one_sided 0.062 power_two_sided 0.041 kurtosis 0.047 spec_cnn 0.043  (3s)
  JSR  -43.0 dB  BER 0.00e+00  P(det)@0.05 power_one_sided 0.057 power_two_sided 0.059 kurtosis 0.049 spec_cnn 0.047  (3s)
  JSR  -42.0 dB  BER 0.00e+00  P(det)@0.05 power_one_sided 0.051 power_two_sided 0.047 kurtosis 0.045 spec_cnn 0.049  (3s)
  JSR  -41.0 dB  BER 0.00e+00  P(det)@0.05 power_one_sided 0.049 power_two_sided 0.055 kurtosis 0.053 spec_cnn 0.045  (4s)
  JSR  -40.0 dB  BER 0.00e+00  P(det)@0.05 power_one_sided 0.041 power_two_sided 0.055 kurtosis 0.047 spec_cnn 0.049  (4s)
  JSR  -39.0 dB  BER 0.00e+00  P(det)@0.05 power_one_sided 0.062 power_two_sided 0.064 kurtosis 0.051 spec_cnn 0.068  (4s)
  JSR  -38.0 dB  BER 0.00e+00  P(det)@0.05 power_one_sided 0.043 power_two_sided 0.064 kurtosis 0.041 spec_cnn 0.066  (5s)
  JSR  -37.0 dB  BER 0.00e+00  P(det)@0.05 power_one_sided 0.076 power_two_sided 0.078 kurtosis 0.055 spec_cnn 0.068  (5s)
  JSR  -36.0 dB  BER 0.00e+00  P(det)@0.05 power_one_sided 0.084 power_two_sided 0.066 kurtosis 0.045 spec_cnn 0.057  (5s)
  JSR  -35.0 dB  BER 0.00e+00  P(det)@0.05 power_one_sided 0.088 power_two_sided 0.070 kurtosis 0.057 spec_cnn 0.051  (6s)
  JSR  -34.0 dB  BER 0.00e+00  P(det)@0.05 power_one_sided 0.104 power_two_sided 0.104 kurtosis 0.053 spec_cnn 0.082  (6s)
  JSR  -33.0 dB  BER 0.00e+00  P(det)@0.05 power_one_sided 0.086 power_two_sided 0.086 kurtosis 0.035 spec_cnn 0.064  (7s)
  JSR  -32.0 dB  BER 0.00e+00  P(det)@0.05 power_one_sided 0.084 power_two_sided 0.092 kurtosis 0.047 spec_cnn 0.072  (7s)
  JSR  -31.0 dB  BER 0.00e+00  P(det)@0.05 power_one_sided 0.148 power_two_sided 0.141 kurtosis 0.064 spec_cnn 0.100  (7s)
  JSR  -30.0 dB  BER 0.00e+00  P(det)@0.05 power_one_sided 0.176 power_two_sided 0.160 kurtosis 0.057 spec_cnn 0.092  (8s)
  JSR  -29.0 dB  BER 0.00e+00  P(det)@0.05 power_one_sided 0.174 power_two_sided 0.172 kurtosis 0.037 spec_cnn 0.098  (8s)
  JSR  -28.0 dB  BER 0.00e+00  P(det)@0.05 power_one_sided 0.230 power_two_sided 0.201 kurtosis 0.041 spec_cnn 0.105  (9s)
  JSR  -27.0 dB  BER 0.00e+00  P(det)@0.05 power_one_sided 0.273 power_two_sided 0.266 kurtosis 0.051 spec_cnn 0.127  (9s)
  JSR  -26.0 dB  BER 0.00e+00  P(det)@0.05 power_one_sided 0.312 power_two_sided 0.301 kurtosis 0.051 spec_cnn 0.150  (9s)
  JSR  -25.0 dB  BER 0.00e+00  P(det)@0.05 power_one_sided 0.395 power_two_sided 0.385 kurtosis 0.051 spec_cnn 0.186  (10s)
  JSR  -24.0 dB  BER 0.00e+00  P(det)@0.05 power_one_sided 0.465 power_two_sided 0.455 kurtosis 0.053 spec_cnn 0.260  (10s)
  JSR  -23.0 dB  BER 0.00e+00  P(det)@0.05 power_one_sided 0.512 power_two_sided 0.490 kurtosis 0.064 spec_cnn 0.295  (10s)
  JSR  -22.0 dB  BER 0.00e+00  P(det)@0.05 power_one_sided 0.561 power_two_sided 0.543 kurtosis 0.061 spec_cnn 0.371  (11s)
  JSR  -21.0 dB  BER 4.58e-05  P(det)@0.05 power_one_sided 0.633 power_two_sided 0.607 kurtosis 0.066 spec_cnn 0.430  (11s)
  JSR  -20.0 dB  BER 1.53e-04  P(det)@0.05 power_one_sided 0.740 power_two_sided 0.732 kurtosis 0.062 spec_cnn 0.531  (12s)
  JSR  -19.0 dB  BER 4.04e-04  P(det)@0.05 power_one_sided 0.812 power_two_sided 0.795 kurtosis 0.096 spec_cnn 0.576  (12s)
  JSR  -18.0 dB  BER 6.94e-04  P(det)@0.05 power_one_sided 0.869 power_two_sided 0.859 kurtosis 0.123 spec_cnn 0.615  (12s)
  JSR  -17.0 dB  BER 9.84e-04  P(det)@0.05 power_one_sided 0.922 power_two_sided 0.924 kurtosis 0.148 spec_cnn 0.693  (13s)
  JSR  -16.0 dB  BER 1.35e-03  P(det)@0.05 power_one_sided 0.943 power_two_sided 0.941 kurtosis 0.191 spec_cnn 0.812  (13s)
  JSR  -15.0 dB  BER 1.75e-03  P(det)@0.05 power_one_sided 0.977 power_two_sided 0.975 kurtosis 0.332 spec_cnn 0.816  (13s)
  JSR  -14.0 dB  BER 2.34e-03  P(det)@0.05 power_one_sided 0.988 power_two_sided 0.988 kurtosis 0.436 spec_cnn 0.895  (14s)
  JSR  -13.0 dB  BER 2.66e-03  P(det)@0.05 power_one_sided 0.994 power_two_sided 0.994 kurtosis 0.609 spec_cnn 0.900  (14s)
  JSR  -12.0 dB  BER 2.80e-03  P(det)@0.05 power_one_sided 0.996 power_two_sided 0.996 kurtosis 0.732 spec_cnn 0.951  (15s)
  JSR  -11.0 dB  BER 3.14e-03  P(det)@0.05 power_one_sided 1.000 power_two_sided 1.000 kurtosis 0.861 spec_cnn 0.982  (15s)
  JSR  -10.0 dB  BER 3.98e-03  P(det)@0.05 power_one_sided 1.000 power_two_sided 1.000 kurtosis 0.963 spec_cnn 0.992  (15s)
  JSR   -9.0 dB  BER 4.19e-03  P(det)@0.05 power_one_sided 1.000 power_two_sided 1.000 kurtosis 0.992 spec_cnn 1.000  (16s)
  JSR   -8.0 dB  BER 4.94e-03  P(det)@0.05 power_one_sided 1.000 power_two_sided 1.000 kurtosis 0.998 spec_cnn 1.000  (16s)
  JSR   -7.0 dB  BER 6.41e-03  P(det)@0.05 power_one_sided 1.000 power_two_sided 1.000 kurtosis 1.000 spec_cnn 1.000  (16s)
  JSR   -6.0 dB  BER 9.02e-03  P(det)@0.05 power_one_sided 1.000 power_two_sided 1.000 kurtosis 1.000 spec_cnn 1.000  (17s)
  JSR   -5.0 dB  BER 1.46e-02  P(det)@0.05 power_one_sided 1.000 power_two_sided 1.000 kurtosis 1.000 spec_cnn 1.000  (17s)
  JSR   -4.0 dB  BER 2.26e-02  P(det)@0.05 power_one_sided 1.000 power_two_sided 1.000 kurtosis 1.000 spec_cnn 1.000  (18s)
  JSR   -3.0 dB  BER 3.37e-02  P(det)@0.05 power_one_sided 1.000 power_two_sided 1.000 kurtosis 1.000 spec_cnn 1.000  (18s)
  JSR   -2.0 dB  BER 4.96e-02  P(det)@0.05 power_one_sided 1.000 power_two_sided 1.000 kurtosis 1.000 spec_cnn 1.000  (18s)
  JSR   -1.0 dB  BER 6.87e-02  P(det)@0.05 power_one_sided 1.000 power_two_sided 1.000 kurtosis 1.000 spec_cnn 1.000  (19s)
  JSR   +0.0 dB  BER 9.13e-02  P(det)@0.05 power_one_sided 1.000 power_two_sided 1.000 kurtosis 1.000 spec_cnn 1.000  (19s)
  JSR   +1.0 dB  BER 1.21e-01  P(det)@0.05 power_one_sided 1.000 power_two_sided 1.000 kurtosis 1.000 spec_cnn 1.000  (19s)
  JSR   +2.0 dB  BER 1.45e-01  P(det)@0.05 power_one_sided 1.000 power_two_sided 1.000 kurtosis 1.000 spec_cnn 1.000  (20s)
  JSR   +3.0 dB  BER 1.71e-01  P(det)@0.05 power_one_sided 1.000 power_two_sided 1.000 kurtosis 1.000 spec_cnn 1.000  (20s)
  JSR   +4.0 dB  BER 2.00e-01  P(det)@0.05 power_one_sided 1.000 power_two_sided 1.000 kurtosis 1.000 spec_cnn 1.000  (21s)
  JSR   +5.0 dB  BER 2.22e-01  P(det)@0.05 power_one_sided 1.000 power_two_sided 1.000 kurtosis 1.000 spec_cnn 1.000  (21s)
  JSR   +6.0 dB  BER 2.51e-01  P(det)@0.05 power_one_sided 1.000 power_two_sided 1.000 kurtosis 1.000 spec_cnn 1.000  (21s)
  JSR   +7.0 dB  BER 2.74e-01  P(det)@0.05 power_one_sided 1.000 power_two_sided 1.000 kurtosis 1.000 spec_cnn 1.000  (22s)
  JSR   +8.0 dB  BER 2.97e-01  P(det)@0.05 power_one_sided 1.000 power_two_sided 1.000 kurtosis 1.000 spec_cnn 1.000  (22s)
  JSR   +9.0 dB  BER 3.15e-01  P(det)@0.05 power_one_sided 1.000 power_two_sided 1.000 kurtosis 1.000 spec_cnn 1.000  (22s)
  JSR  +10.0 dB  BER 3.35e-01  P(det)@0.05 power_one_sided 1.000 power_two_sided 1.000 kurtosis 1.000 spec_cnn 1.000  (23s)
  JSR  +11.0 dB  BER 3.52e-01  P(det)@0.05 power_one_sided 1.000 power_two_sided 1.000 kurtosis 1.000 spec_cnn 1.000  (23s)
  JSR  +12.0 dB  BER 3.69e-01  P(det)@0.05 power_one_sided 1.000 power_two_sided 1.000 kurtosis 1.000 spec_cnn 1.000  (24s)
  JSR  +13.0 dB  BER 3.81e-01  P(det)@0.05 power_one_sided 1.000 power_two_sided 1.000 kurtosis 1.000 spec_cnn 1.000  (24s)
  JSR  +14.0 dB  BER 3.93e-01  P(det)@0.05 power_one_sided 1.000 power_two_sided 1.000 kurtosis 1.000 spec_cnn 1.000  (24s)
  JSR  +15.0 dB  BER 4.07e-01  P(det)@0.05 power_one_sided 1.000 power_two_sided 1.000 kurtosis 1.000 spec_cnn 1.000  (25s)
  [snr_20] kurtosis_b10 confirmed: {"power_one_sided": {"0.01": {"index": 0, "sweep_ber": 0.0, "sweep_pdet": 0.01171875, "confirmed_ber": 0.0, "confirmed_ser": 0.0, "confirmed_pdet": 0.01171875, "passed": true}, "0.05": {"index": 0, "sweep_ber": 0.0, "sweep_pdet": 0.05859375, "confirmed_ber": 0.0, "confirmed_ser": 0.0, "confirmed_pdet": 0.05615234375, "passed": true}}, "power_two_sided": {"0.01": {"index": 0, "sweep_ber": 0.0, "sweep_pdet": 0.013671875, "confirmed_ber": 0.0, "confirmed_ser": 0.0, "confirmed_pdet": 0.01171875, "passed": true}, "0.05": {"index": 0, "sweep_ber": 0.0, "sweep_pdet": 0.060546875, "confirmed_ber": 0.0, "confirmed_ser": 0.0, "confirmed_pdet": 0.0517578125, "passed": true}}, "kurtosis": {"0.01": {"index": 30, "sweep_ber": 0.000152587890625, "sweep_pdet": 0.017578125, "confirmed_ber": 0.00017547607421875, "confirmed_ser": 0.0003509521484375, "confirmed_pdet": 0.016845703125, "passed": false}, "0.05": {"index": 30, "sweep_ber": 0.000152587890625, "sweep_pdet": 0.0625, "confirmed_ber": 0.00014495849609375, "confirmed_ser": 0.0002899169921875, "confirmed_pdet": 0.064697265625, "passed": false}}, "spec_cnn": {"0.01": {"index": 0, "sweep_ber": 0.0, "sweep_pdet": 0.005859375, "confirmed_ber": 0.0, "confirmed_ser": 0.0, "confirmed_pdet": 0.0078125, "passed": true}, "0.05": {"index": 0, "sweep_ber": 0.0, "sweep_pdet": 0.052734375, "confirmed_ber": 0.0, "confirmed_ser": 0.0, "confirmed_pdet": 0.054443359375, "passed": true}}}  (932s)
  [snr_20] generator kurtosis_b100 (scale 0.4022)
  JSR  -50.0 dB  BER 0.00e+00  P(det)@0.05 power_one_sided 0.045 power_two_sided 0.039 kurtosis 0.029 spec_cnn 0.033  (0s)
  JSR  -49.0 dB  BER 0.00e+00  P(det)@0.05 power_one_sided 0.055 power_two_sided 0.041 kurtosis 0.047 spec_cnn 0.061  (1s)
  JSR  -48.0 dB  BER 0.00e+00  P(det)@0.05 power_one_sided 0.059 power_two_sided 0.074 kurtosis 0.045 spec_cnn 0.057  (1s)
  JSR  -47.0 dB  BER 0.00e+00  P(det)@0.05 power_one_sided 0.051 power_two_sided 0.055 kurtosis 0.074 spec_cnn 0.047  (1s)
  JSR  -46.0 dB  BER 0.00e+00  P(det)@0.05 power_one_sided 0.035 power_two_sided 0.045 kurtosis 0.066 spec_cnn 0.047  (2s)
  JSR  -45.0 dB  BER 0.00e+00  P(det)@0.05 power_one_sided 0.068 power_two_sided 0.064 kurtosis 0.027 spec_cnn 0.072  (2s)
  JSR  -44.0 dB  BER 0.00e+00  P(det)@0.05 power_one_sided 0.066 power_two_sided 0.066 kurtosis 0.043 spec_cnn 0.064  (2s)
  JSR  -43.0 dB  BER 0.00e+00  P(det)@0.05 power_one_sided 0.043 power_two_sided 0.051 kurtosis 0.041 spec_cnn 0.037  (3s)
  JSR  -42.0 dB  BER 0.00e+00  P(det)@0.05 power_one_sided 0.057 power_two_sided 0.068 kurtosis 0.041 spec_cnn 0.037  (3s)
  JSR  -41.0 dB  BER 0.00e+00  P(det)@0.05 power_one_sided 0.059 power_two_sided 0.053 kurtosis 0.037 spec_cnn 0.055  (4s)
  JSR  -40.0 dB  BER 0.00e+00  P(det)@0.05 power_one_sided 0.068 power_two_sided 0.055 kurtosis 0.076 spec_cnn 0.064  (4s)
  JSR  -39.0 dB  BER 0.00e+00  P(det)@0.05 power_one_sided 0.059 power_two_sided 0.068 kurtosis 0.061 spec_cnn 0.080  (4s)
  JSR  -38.0 dB  BER 0.00e+00  P(det)@0.05 power_one_sided 0.057 power_two_sided 0.064 kurtosis 0.039 spec_cnn 0.053  (5s)
  JSR  -37.0 dB  BER 0.00e+00  P(det)@0.05 power_one_sided 0.092 power_two_sided 0.061 kurtosis 0.041 spec_cnn 0.064  (5s)
  JSR  -36.0 dB  BER 0.00e+00  P(det)@0.05 power_one_sided 0.096 power_two_sided 0.082 kurtosis 0.059 spec_cnn 0.066  (5s)
  JSR  -35.0 dB  BER 0.00e+00  P(det)@0.05 power_one_sided 0.092 power_two_sided 0.082 kurtosis 0.059 spec_cnn 0.064  (6s)
  JSR  -34.0 dB  BER 0.00e+00  P(det)@0.05 power_one_sided 0.109 power_two_sided 0.088 kurtosis 0.051 spec_cnn 0.070  (6s)
  JSR  -33.0 dB  BER 0.00e+00  P(det)@0.05 power_one_sided 0.113 power_two_sided 0.111 kurtosis 0.055 spec_cnn 0.072  (7s)
  JSR  -32.0 dB  BER 0.00e+00  P(det)@0.05 power_one_sided 0.104 power_two_sided 0.111 kurtosis 0.051 spec_cnn 0.074  (7s)
  JSR  -31.0 dB  BER 0.00e+00  P(det)@0.05 power_one_sided 0.127 power_two_sided 0.121 kurtosis 0.059 spec_cnn 0.080  (7s)
  JSR  -30.0 dB  BER 0.00e+00  P(det)@0.05 power_one_sided 0.170 power_two_sided 0.160 kurtosis 0.057 spec_cnn 0.084  (8s)
  JSR  -29.0 dB  BER 0.00e+00  P(det)@0.05 power_one_sided 0.180 power_two_sided 0.174 kurtosis 0.035 spec_cnn 0.109  (8s)
  JSR  -28.0 dB  BER 0.00e+00  P(det)@0.05 power_one_sided 0.229 power_two_sided 0.205 kurtosis 0.045 spec_cnn 0.104  (9s)
  JSR  -27.0 dB  BER 0.00e+00  P(det)@0.05 power_one_sided 0.293 power_two_sided 0.293 kurtosis 0.037 spec_cnn 0.121  (9s)
  JSR  -26.0 dB  BER 0.00e+00  P(det)@0.05 power_one_sided 0.348 power_two_sided 0.285 kurtosis 0.066 spec_cnn 0.158  (9s)
  JSR  -25.0 dB  BER 0.00e+00  P(det)@0.05 power_one_sided 0.385 power_two_sided 0.373 kurtosis 0.041 spec_cnn 0.150  (10s)
  JSR  -24.0 dB  BER 0.00e+00  P(det)@0.05 power_one_sided 0.486 power_two_sided 0.477 kurtosis 0.049 spec_cnn 0.227  (10s)
  JSR  -23.0 dB  BER 0.00e+00  P(det)@0.05 power_one_sided 0.520 power_two_sided 0.498 kurtosis 0.062 spec_cnn 0.240  (10s)
  JSR  -22.0 dB  BER 7.63e-06  P(det)@0.05 power_one_sided 0.596 power_two_sided 0.592 kurtosis 0.043 spec_cnn 0.314  (11s)
  JSR  -21.0 dB  BER 6.10e-05  P(det)@0.05 power_one_sided 0.656 power_two_sided 0.631 kurtosis 0.059 spec_cnn 0.396  (11s)
  JSR  -20.0 dB  BER 3.43e-04  P(det)@0.05 power_one_sided 0.738 power_two_sided 0.729 kurtosis 0.088 spec_cnn 0.436  (12s)
  JSR  -19.0 dB  BER 6.48e-04  P(det)@0.05 power_one_sided 0.830 power_two_sided 0.822 kurtosis 0.086 spec_cnn 0.533  (12s)
  JSR  -18.0 dB  BER 1.08e-03  P(det)@0.05 power_one_sided 0.852 power_two_sided 0.854 kurtosis 0.117 spec_cnn 0.596  (12s)
  JSR  -17.0 dB  BER 1.40e-03  P(det)@0.05 power_one_sided 0.916 power_two_sided 0.912 kurtosis 0.164 spec_cnn 0.668  (13s)
  JSR  -16.0 dB  BER 1.82e-03  P(det)@0.05 power_one_sided 0.967 power_two_sided 0.963 kurtosis 0.283 spec_cnn 0.764  (13s)
  JSR  -15.0 dB  BER 2.24e-03  P(det)@0.05 power_one_sided 0.967 power_two_sided 0.963 kurtosis 0.354 spec_cnn 0.803  (13s)
  JSR  -14.0 dB  BER 2.58e-03  P(det)@0.05 power_one_sided 0.994 power_two_sided 0.996 kurtosis 0.506 spec_cnn 0.848  (14s)
  JSR  -13.0 dB  BER 2.88e-03  P(det)@0.05 power_one_sided 0.994 power_two_sided 0.994 kurtosis 0.670 spec_cnn 0.898  (14s)
  JSR  -12.0 dB  BER 3.42e-03  P(det)@0.05 power_one_sided 0.998 power_two_sided 0.998 kurtosis 0.818 spec_cnn 0.957  (15s)
  JSR  -11.0 dB  BER 3.55e-03  P(det)@0.05 power_one_sided 1.000 power_two_sided 1.000 kurtosis 0.926 spec_cnn 0.982  (15s)
  JSR  -10.0 dB  BER 4.13e-03  P(det)@0.05 power_one_sided 1.000 power_two_sided 1.000 kurtosis 0.979 spec_cnn 0.990  (15s)
  JSR   -9.0 dB  BER 4.68e-03  P(det)@0.05 power_one_sided 1.000 power_two_sided 1.000 kurtosis 0.994 spec_cnn 0.992  (16s)
  JSR   -8.0 dB  BER 5.14e-03  P(det)@0.05 power_one_sided 1.000 power_two_sided 1.000 kurtosis 1.000 spec_cnn 1.000  (16s)
  JSR   -7.0 dB  BER 5.97e-03  P(det)@0.05 power_one_sided 1.000 power_two_sided 1.000 kurtosis 1.000 spec_cnn 1.000  (16s)
  JSR   -6.0 dB  BER 8.01e-03  P(det)@0.05 power_one_sided 1.000 power_two_sided 1.000 kurtosis 1.000 spec_cnn 1.000  (17s)
  JSR   -5.0 dB  BER 1.15e-02  P(det)@0.05 power_one_sided 1.000 power_two_sided 1.000 kurtosis 1.000 spec_cnn 1.000  (17s)
  JSR   -4.0 dB  BER 1.73e-02  P(det)@0.05 power_one_sided 1.000 power_two_sided 1.000 kurtosis 1.000 spec_cnn 1.000  (18s)
  JSR   -3.0 dB  BER 2.72e-02  P(det)@0.05 power_one_sided 1.000 power_two_sided 1.000 kurtosis 1.000 spec_cnn 1.000  (18s)
  JSR   -2.0 dB  BER 4.05e-02  P(det)@0.05 power_one_sided 1.000 power_two_sided 1.000 kurtosis 1.000 spec_cnn 1.000  (18s)
  JSR   -1.0 dB  BER 5.72e-02  P(det)@0.05 power_one_sided 1.000 power_two_sided 1.000 kurtosis 1.000 spec_cnn 1.000  (19s)
  JSR   +0.0 dB  BER 7.71e-02  P(det)@0.05 power_one_sided 1.000 power_two_sided 1.000 kurtosis 1.000 spec_cnn 1.000  (19s)
  JSR   +1.0 dB  BER 1.02e-01  P(det)@0.05 power_one_sided 1.000 power_two_sided 1.000 kurtosis 1.000 spec_cnn 1.000  (19s)
  JSR   +2.0 dB  BER 1.26e-01  P(det)@0.05 power_one_sided 1.000 power_two_sided 1.000 kurtosis 1.000 spec_cnn 1.000  (20s)
  JSR   +3.0 dB  BER 1.54e-01  P(det)@0.05 power_one_sided 1.000 power_two_sided 1.000 kurtosis 1.000 spec_cnn 1.000  (20s)
  JSR   +4.0 dB  BER 1.76e-01  P(det)@0.05 power_one_sided 1.000 power_two_sided 1.000 kurtosis 1.000 spec_cnn 1.000  (21s)
  JSR   +5.0 dB  BER 2.07e-01  P(det)@0.05 power_one_sided 1.000 power_two_sided 1.000 kurtosis 1.000 spec_cnn 1.000  (21s)
  JSR   +6.0 dB  BER 2.30e-01  P(det)@0.05 power_one_sided 1.000 power_two_sided 1.000 kurtosis 1.000 spec_cnn 1.000  (21s)
  JSR   +7.0 dB  BER 2.60e-01  P(det)@0.05 power_one_sided 1.000 power_two_sided 1.000 kurtosis 1.000 spec_cnn 1.000  (22s)
  JSR   +8.0 dB  BER 2.79e-01  P(det)@0.05 power_one_sided 1.000 power_two_sided 1.000 kurtosis 1.000 spec_cnn 1.000  (22s)
  JSR   +9.0 dB  BER 2.99e-01  P(det)@0.05 power_one_sided 1.000 power_two_sided 1.000 kurtosis 1.000 spec_cnn 1.000  (22s)
  JSR  +10.0 dB  BER 3.24e-01  P(det)@0.05 power_one_sided 1.000 power_two_sided 1.000 kurtosis 1.000 spec_cnn 1.000  (23s)
  JSR  +11.0 dB  BER 3.40e-01  P(det)@0.05 power_one_sided 1.000 power_two_sided 1.000 kurtosis 1.000 spec_cnn 1.000  (23s)
  JSR  +12.0 dB  BER 3.55e-01  P(det)@0.05 power_one_sided 1.000 power_two_sided 1.000 kurtosis 1.000 spec_cnn 1.000  (24s)
  JSR  +13.0 dB  BER 3.69e-01  P(det)@0.05 power_one_sided 1.000 power_two_sided 1.000 kurtosis 1.000 spec_cnn 1.000  (24s)
  JSR  +14.0 dB  BER 3.83e-01  P(det)@0.05 power_one_sided 1.000 power_two_sided 1.000 kurtosis 1.000 spec_cnn 1.000  (24s)
  JSR  +15.0 dB  BER 3.94e-01  P(det)@0.05 power_one_sided 1.000 power_two_sided 1.000 kurtosis 1.000 spec_cnn 1.000  (25s)
  [snr_20] kurtosis_b100 confirmed: {"power_one_sided": {"0.01": {"index": 0, "sweep_ber": 0.0, "sweep_pdet": 0.00390625, "confirmed_ber": 0.0, "confirmed_ser": 0.0, "confirmed_pdet": 0.0146484375, "passed": false}, "0.05": {"index": 0, "sweep_ber": 0.0, "sweep_pdet": 0.044921875, "confirmed_ber": 0.0, "confirmed_ser": 0.0, "confirmed_pdet": 0.057861328125, "passed": false}}, "power_two_sided": {"0.01": {"index": 0, "sweep_ber": 0.0, "sweep_pdet": 0.001953125, "confirmed_ber": 0.0, "confirmed_ser": 0.0, "confirmed_pdet": 0.01025390625, "passed": true}, "0.05": {"index": 0, "sweep_ber": 0.0, "sweep_pdet": 0.0390625, "confirmed_ber": 0.0, "confirmed_ser": 0.0, "confirmed_pdet": 0.056396484375, "passed": true}}, "kurtosis": {"0.01": {"index": 29, "sweep_ber": 6.103515625e-05, "sweep_pdet": 0.015625, "confirmed_ber": 8.678436279296875e-05, "confirmed_ser": 0.0001735687255859375, "confirmed_pdet": 0.0146484375, "passed": false}, "0.05": {"index": 29, "sweep_ber": 6.103515625e-05, "sweep_pdet": 0.05859375, "confirmed_ber": 8.96453857421875e-05, "confirmed_ser": 0.000179290771484375, "confirmed_pdet": 0.059814453125, "passed": false}}, "spec_cnn": {"0.01": {"index": 0, "sweep_ber": 0.0, "sweep_pdet": 0.005859375, "confirmed_ber": 0.0, "confirmed_ser": 0.0, "confirmed_pdet": 0.01025390625, "passed": true}, "0.05": {"index": 0, "sweep_ber": 0.0, "sweep_pdet": 0.033203125, "confirmed_ber": 0.0, "confirmed_ser": 0.0, "confirmed_pdet": 0.057861328125, "passed": false}}}  (981s)
  [snr_20] generator kurtosis_b1000 (scale 0.4022)
  JSR  -50.0 dB  BER 0.00e+00  P(det)@0.05 power_one_sided 0.037 power_two_sided 0.043 kurtosis 0.047 spec_cnn 0.045  (0s)
  JSR  -49.0 dB  BER 0.00e+00  P(det)@0.05 power_one_sided 0.055 power_two_sided 0.072 kurtosis 0.059 spec_cnn 0.047  (1s)
  JSR  -48.0 dB  BER 0.00e+00  P(det)@0.05 power_one_sided 0.057 power_two_sided 0.076 kurtosis 0.037 spec_cnn 0.051  (1s)
  JSR  -47.0 dB  BER 0.00e+00  P(det)@0.05 power_one_sided 0.055 power_two_sided 0.055 kurtosis 0.047 spec_cnn 0.049  (1s)
  JSR  -46.0 dB  BER 0.00e+00  P(det)@0.05 power_one_sided 0.059 power_two_sided 0.057 kurtosis 0.045 spec_cnn 0.064  (2s)
  JSR  -45.0 dB  BER 0.00e+00  P(det)@0.05 power_one_sided 0.055 power_two_sided 0.062 kurtosis 0.039 spec_cnn 0.039  (2s)
  JSR  -44.0 dB  BER 0.00e+00  P(det)@0.05 power_one_sided 0.061 power_two_sided 0.055 kurtosis 0.053 spec_cnn 0.057  (3s)
  JSR  -43.0 dB  BER 0.00e+00  P(det)@0.05 power_one_sided 0.055 power_two_sided 0.053 kurtosis 0.053 spec_cnn 0.047  (3s)
  JSR  -42.0 dB  BER 0.00e+00  P(det)@0.05 power_one_sided 0.070 power_two_sided 0.045 kurtosis 0.068 spec_cnn 0.055  (3s)
  JSR  -41.0 dB  BER 0.00e+00  P(det)@0.05 power_one_sided 0.062 power_two_sided 0.045 kurtosis 0.043 spec_cnn 0.062  (4s)
  JSR  -40.0 dB  BER 0.00e+00  P(det)@0.05 power_one_sided 0.082 power_two_sided 0.078 kurtosis 0.068 spec_cnn 0.051  (4s)
  JSR  -39.0 dB  BER 0.00e+00  P(det)@0.05 power_one_sided 0.062 power_two_sided 0.068 kurtosis 0.041 spec_cnn 0.041  (4s)
  JSR  -38.0 dB  BER 0.00e+00  P(det)@0.05 power_one_sided 0.057 power_two_sided 0.059 kurtosis 0.045 spec_cnn 0.053  (5s)
  JSR  -37.0 dB  BER 0.00e+00  P(det)@0.05 power_one_sided 0.078 power_two_sided 0.076 kurtosis 0.041 spec_cnn 0.072  (5s)
  JSR  -36.0 dB  BER 0.00e+00  P(det)@0.05 power_one_sided 0.086 power_two_sided 0.068 kurtosis 0.051 spec_cnn 0.066  (6s)
  JSR  -35.0 dB  BER 0.00e+00  P(det)@0.05 power_one_sided 0.105 power_two_sided 0.078 kurtosis 0.051 spec_cnn 0.080  (6s)
  JSR  -34.0 dB  BER 0.00e+00  P(det)@0.05 power_one_sided 0.107 power_two_sided 0.096 kurtosis 0.049 spec_cnn 0.053  (6s)
  JSR  -33.0 dB  BER 0.00e+00  P(det)@0.05 power_one_sided 0.111 power_two_sided 0.107 kurtosis 0.045 spec_cnn 0.074  (7s)
  JSR  -32.0 dB  BER 0.00e+00  P(det)@0.05 power_one_sided 0.146 power_two_sided 0.117 kurtosis 0.049 spec_cnn 0.094  (7s)
  JSR  -31.0 dB  BER 0.00e+00  P(det)@0.05 power_one_sided 0.145 power_two_sided 0.139 kurtosis 0.053 spec_cnn 0.137  (7s)
  JSR  -30.0 dB  BER 0.00e+00  P(det)@0.05 power_one_sided 0.191 power_two_sided 0.176 kurtosis 0.059 spec_cnn 0.115  (8s)
  JSR  -29.0 dB  BER 0.00e+00  P(det)@0.05 power_one_sided 0.209 power_two_sided 0.193 kurtosis 0.049 spec_cnn 0.135  (8s)
  JSR  -28.0 dB  BER 0.00e+00  P(det)@0.05 power_one_sided 0.234 power_two_sided 0.217 kurtosis 0.047 spec_cnn 0.180  (9s)
  JSR  -27.0 dB  BER 0.00e+00  P(det)@0.05 power_one_sided 0.291 power_two_sided 0.264 kurtosis 0.076 spec_cnn 0.162  (9s)
  JSR  -26.0 dB  BER 0.00e+00  P(det)@0.05 power_one_sided 0.322 power_two_sided 0.301 kurtosis 0.053 spec_cnn 0.246  (9s)
  JSR  -25.0 dB  BER 0.00e+00  P(det)@0.05 power_one_sided 0.420 power_two_sided 0.381 kurtosis 0.029 spec_cnn 0.260  (10s)
  JSR  -24.0 dB  BER 0.00e+00  P(det)@0.05 power_one_sided 0.496 power_two_sided 0.475 kurtosis 0.049 spec_cnn 0.311  (10s)
  JSR  -23.0 dB  BER 0.00e+00  P(det)@0.05 power_one_sided 0.553 power_two_sided 0.529 kurtosis 0.055 spec_cnn 0.375  (10s)
  JSR  -22.0 dB  BER 0.00e+00  P(det)@0.05 power_one_sided 0.586 power_two_sided 0.555 kurtosis 0.041 spec_cnn 0.475  (11s)
  JSR  -21.0 dB  BER 1.53e-05  P(det)@0.05 power_one_sided 0.695 power_two_sided 0.672 kurtosis 0.061 spec_cnn 0.508  (11s)
  JSR  -20.0 dB  BER 3.05e-05  P(det)@0.05 power_one_sided 0.748 power_two_sided 0.730 kurtosis 0.064 spec_cnn 0.631  (12s)
  JSR  -19.0 dB  BER 2.52e-04  P(det)@0.05 power_one_sided 0.791 power_two_sided 0.787 kurtosis 0.068 spec_cnn 0.613  (12s)
  JSR  -18.0 dB  BER 4.20e-04  P(det)@0.05 power_one_sided 0.885 power_two_sided 0.895 kurtosis 0.080 spec_cnn 0.719  (12s)
  JSR  -17.0 dB  BER 5.95e-04  P(det)@0.05 power_one_sided 0.924 power_two_sided 0.922 kurtosis 0.102 spec_cnn 0.750  (13s)
  JSR  -16.0 dB  BER 1.21e-03  P(det)@0.05 power_one_sided 0.957 power_two_sided 0.953 kurtosis 0.143 spec_cnn 0.832  (13s)
  JSR  -15.0 dB  BER 1.43e-03  P(det)@0.05 power_one_sided 0.977 power_two_sided 0.971 kurtosis 0.240 spec_cnn 0.871  (13s)
  JSR  -14.0 dB  BER 1.66e-03  P(det)@0.05 power_one_sided 0.992 power_two_sided 0.994 kurtosis 0.320 spec_cnn 0.938  (14s)
  JSR  -13.0 dB  BER 2.01e-03  P(det)@0.05 power_one_sided 0.994 power_two_sided 0.998 kurtosis 0.424 spec_cnn 0.947  (14s)
  JSR  -12.0 dB  BER 2.46e-03  P(det)@0.05 power_one_sided 1.000 power_two_sided 1.000 kurtosis 0.529 spec_cnn 0.979  (15s)
  JSR  -11.0 dB  BER 2.92e-03  P(det)@0.05 power_one_sided 1.000 power_two_sided 1.000 kurtosis 0.680 spec_cnn 0.988  (15s)
  JSR  -10.0 dB  BER 3.39e-03  P(det)@0.05 power_one_sided 1.000 power_two_sided 1.000 kurtosis 0.814 spec_cnn 1.000  (15s)
  JSR   -9.0 dB  BER 4.54e-03  P(det)@0.05 power_one_sided 1.000 power_two_sided 1.000 kurtosis 0.918 spec_cnn 1.000  (16s)
  JSR   -8.0 dB  BER 6.25e-03  P(det)@0.05 power_one_sided 1.000 power_two_sided 1.000 kurtosis 0.949 spec_cnn 1.000  (16s)
  JSR   -7.0 dB  BER 8.91e-03  P(det)@0.05 power_one_sided 1.000 power_two_sided 1.000 kurtosis 0.986 spec_cnn 1.000  (17s)
  JSR   -6.0 dB  BER 1.25e-02  P(det)@0.05 power_one_sided 1.000 power_two_sided 1.000 kurtosis 0.992 spec_cnn 1.000  (17s)
  JSR   -5.0 dB  BER 1.87e-02  P(det)@0.05 power_one_sided 1.000 power_two_sided 1.000 kurtosis 0.998 spec_cnn 1.000  (17s)
  JSR   -4.0 dB  BER 2.66e-02  P(det)@0.05 power_one_sided 1.000 power_two_sided 1.000 kurtosis 1.000 spec_cnn 1.000  (18s)
  JSR   -3.0 dB  BER 3.75e-02  P(det)@0.05 power_one_sided 1.000 power_two_sided 1.000 kurtosis 1.000 spec_cnn 1.000  (18s)
  JSR   -2.0 dB  BER 5.18e-02  P(det)@0.05 power_one_sided 1.000 power_two_sided 1.000 kurtosis 1.000 spec_cnn 1.000  (18s)
  JSR   -1.0 dB  BER 7.06e-02  P(det)@0.05 power_one_sided 1.000 power_two_sided 1.000 kurtosis 1.000 spec_cnn 1.000  (19s)
  JSR   +0.0 dB  BER 9.00e-02  P(det)@0.05 power_one_sided 1.000 power_two_sided 1.000 kurtosis 1.000 spec_cnn 1.000  (19s)
  JSR   +1.0 dB  BER 1.15e-01  P(det)@0.05 power_one_sided 1.000 power_two_sided 1.000 kurtosis 1.000 spec_cnn 1.000  (20s)
  JSR   +2.0 dB  BER 1.40e-01  P(det)@0.05 power_one_sided 1.000 power_two_sided 1.000 kurtosis 1.000 spec_cnn 1.000  (20s)
  JSR   +3.0 dB  BER 1.62e-01  P(det)@0.05 power_one_sided 1.000 power_two_sided 1.000 kurtosis 1.000 spec_cnn 1.000  (20s)
  JSR   +4.0 dB  BER 1.95e-01  P(det)@0.05 power_one_sided 1.000 power_two_sided 1.000 kurtosis 1.000 spec_cnn 1.000  (21s)
  JSR   +5.0 dB  BER 2.19e-01  P(det)@0.05 power_one_sided 1.000 power_two_sided 1.000 kurtosis 1.000 spec_cnn 1.000  (21s)
  JSR   +6.0 dB  BER 2.41e-01  P(det)@0.05 power_one_sided 1.000 power_two_sided 1.000 kurtosis 1.000 spec_cnn 1.000  (22s)
  JSR   +7.0 dB  BER 2.66e-01  P(det)@0.05 power_one_sided 1.000 power_two_sided 1.000 kurtosis 1.000 spec_cnn 1.000  (22s)
  JSR   +8.0 dB  BER 2.89e-01  P(det)@0.05 power_one_sided 1.000 power_two_sided 1.000 kurtosis 1.000 spec_cnn 1.000  (22s)
  JSR   +9.0 dB  BER 3.09e-01  P(det)@0.05 power_one_sided 1.000 power_two_sided 1.000 kurtosis 1.000 spec_cnn 1.000  (23s)
  JSR  +10.0 dB  BER 3.28e-01  P(det)@0.05 power_one_sided 1.000 power_two_sided 1.000 kurtosis 1.000 spec_cnn 1.000  (23s)
  JSR  +11.0 dB  BER 3.46e-01  P(det)@0.05 power_one_sided 1.000 power_two_sided 1.000 kurtosis 1.000 spec_cnn 1.000  (23s)
  JSR  +12.0 dB  BER 3.64e-01  P(det)@0.05 power_one_sided 1.000 power_two_sided 1.000 kurtosis 1.000 spec_cnn 1.000  (24s)
  JSR  +13.0 dB  BER 3.78e-01  P(det)@0.05 power_one_sided 1.000 power_two_sided 1.000 kurtosis 1.000 spec_cnn 1.000  (24s)
  JSR  +14.0 dB  BER 3.89e-01  P(det)@0.05 power_one_sided 1.000 power_two_sided 1.000 kurtosis 1.000 spec_cnn 1.000  (25s)
  JSR  +15.0 dB  BER 4.03e-01  P(det)@0.05 power_one_sided 1.000 power_two_sided 1.000 kurtosis 1.000 spec_cnn 1.000  (25s)
  [snr_20] kurtosis_b1000 confirmed: {"power_one_sided": {"0.01": {"index": 0, "sweep_ber": 0.0, "sweep_pdet": 0.009765625, "confirmed_ber": 0.0, "confirmed_ser": 0.0, "confirmed_pdet": 0.01123046875, "passed": true}, "0.05": {"index": 0, "sweep_ber": 0.0, "sweep_pdet": 0.037109375, "confirmed_ber": 0.0, "confirmed_ser": 0.0, "confirmed_pdet": 0.051513671875, "passed": true}}, "power_two_sided": {"0.01": {"index": 0, "sweep_ber": 0.0, "sweep_pdet": 0.009765625, "confirmed_ber": 0.0, "confirmed_ser": 0.0, "confirmed_pdet": 0.009033203125, "passed": true}, "0.05": {"index": 0, "sweep_ber": 0.0, "sweep_pdet": 0.04296875, "confirmed_ber": 0.0, "confirmed_ser": 0.0, "confirmed_pdet": 0.051513671875, "passed": true}}, "kurtosis": {"0.01": {"index": 32, "sweep_ber": 0.00041961669921875, "sweep_pdet": 0.01171875, "confirmed_ber": 0.00044536590576171875, "confirmed_ser": 0.0008907318115234375, "confirmed_pdet": 0.033447265625, "passed": false}, "0.05": {"index": 31, "sweep_ber": 0.00025177001953125, "sweep_pdet": 0.068359375, "confirmed_ber": 0.0001773834228515625, "confirmed_ser": 0.000354766845703125, "confirmed_pdet": 0.081787109375, "passed": false}}, "spec_cnn": {"0.01": {"index": 0, "sweep_ber": 0.0, "sweep_pdet": 0.017578125, "confirmed_ber": 0.0, "confirmed_ser": 0.0, "confirmed_pdet": 0.011474609375, "passed": true}, "0.05": {"index": 0, "sweep_ber": 0.0, "sweep_pdet": 0.044921875, "confirmed_ber": 0.0, "confirmed_ser": 0.0, "confirmed_pdet": 0.052001953125, "passed": true}}}  (1030s)
  [snr_20] generator spec_cnn_b1 (scale 0.4022)
  JSR  -50.0 dB  BER 0.00e+00  P(det)@0.05 power_one_sided 0.078 power_two_sided 0.059 kurtosis 0.051 spec_cnn 0.031  (0s)
  JSR  -49.0 dB  BER 0.00e+00  P(det)@0.05 power_one_sided 0.076 power_two_sided 0.070 kurtosis 0.049 spec_cnn 0.041  (1s)
  JSR  -48.0 dB  BER 0.00e+00  P(det)@0.05 power_one_sided 0.055 power_two_sided 0.053 kurtosis 0.031 spec_cnn 0.045  (1s)
  JSR  -47.0 dB  BER 0.00e+00  P(det)@0.05 power_one_sided 0.053 power_two_sided 0.043 kurtosis 0.053 spec_cnn 0.041  (1s)
  JSR  -46.0 dB  BER 0.00e+00  P(det)@0.05 power_one_sided 0.066 power_two_sided 0.047 kurtosis 0.053 spec_cnn 0.053  (2s)
  JSR  -45.0 dB  BER 0.00e+00  P(det)@0.05 power_one_sided 0.049 power_two_sided 0.053 kurtosis 0.066 spec_cnn 0.051  (2s)
  JSR  -44.0 dB  BER 0.00e+00  P(det)@0.05 power_one_sided 0.053 power_two_sided 0.055 kurtosis 0.039 spec_cnn 0.041  (3s)
  JSR  -43.0 dB  BER 0.00e+00  P(det)@0.05 power_one_sided 0.062 power_two_sided 0.047 kurtosis 0.037 spec_cnn 0.037  (3s)
  JSR  -42.0 dB  BER 0.00e+00  P(det)@0.05 power_one_sided 0.064 power_two_sided 0.064 kurtosis 0.049 spec_cnn 0.068  (3s)
  JSR  -41.0 dB  BER 0.00e+00  P(det)@0.05 power_one_sided 0.059 power_two_sided 0.057 kurtosis 0.037 spec_cnn 0.062  (4s)
  JSR  -40.0 dB  BER 0.00e+00  P(det)@0.05 power_one_sided 0.086 power_two_sided 0.076 kurtosis 0.043 spec_cnn 0.080  (4s)
  JSR  -39.0 dB  BER 0.00e+00  P(det)@0.05 power_one_sided 0.080 power_two_sided 0.068 kurtosis 0.051 spec_cnn 0.055  (4s)
  JSR  -38.0 dB  BER 0.00e+00  P(det)@0.05 power_one_sided 0.062 power_two_sided 0.066 kurtosis 0.061 spec_cnn 0.078  (5s)
  JSR  -37.0 dB  BER 0.00e+00  P(det)@0.05 power_one_sided 0.105 power_two_sided 0.107 kurtosis 0.041 spec_cnn 0.062  (5s)
  JSR  -36.0 dB  BER 0.00e+00  P(det)@0.05 power_one_sided 0.082 power_two_sided 0.076 kurtosis 0.051 spec_cnn 0.057  (6s)
  JSR  -35.0 dB  BER 0.00e+00  P(det)@0.05 power_one_sided 0.070 power_two_sided 0.080 kurtosis 0.045 spec_cnn 0.074  (6s)
  JSR  -34.0 dB  BER 0.00e+00  P(det)@0.05 power_one_sided 0.090 power_two_sided 0.074 kurtosis 0.074 spec_cnn 0.051  (6s)
  JSR  -33.0 dB  BER 0.00e+00  P(det)@0.05 power_one_sided 0.131 power_two_sided 0.117 kurtosis 0.049 spec_cnn 0.053  (7s)
  JSR  -32.0 dB  BER 0.00e+00  P(det)@0.05 power_one_sided 0.143 power_two_sided 0.123 kurtosis 0.051 spec_cnn 0.064  (7s)
  JSR  -31.0 dB  BER 0.00e+00  P(det)@0.05 power_one_sided 0.121 power_two_sided 0.111 kurtosis 0.047 spec_cnn 0.074  (7s)
  JSR  -30.0 dB  BER 0.00e+00  P(det)@0.05 power_one_sided 0.158 power_two_sided 0.131 kurtosis 0.045 spec_cnn 0.078  (8s)
  JSR  -29.0 dB  BER 0.00e+00  P(det)@0.05 power_one_sided 0.174 power_two_sided 0.188 kurtosis 0.049 spec_cnn 0.068  (8s)
  JSR  -28.0 dB  BER 0.00e+00  P(det)@0.05 power_one_sided 0.215 power_two_sided 0.211 kurtosis 0.051 spec_cnn 0.111  (9s)
  JSR  -27.0 dB  BER 0.00e+00  P(det)@0.05 power_one_sided 0.271 power_two_sided 0.244 kurtosis 0.062 spec_cnn 0.100  (9s)
  JSR  -26.0 dB  BER 0.00e+00  P(det)@0.05 power_one_sided 0.348 power_two_sided 0.320 kurtosis 0.066 spec_cnn 0.102  (9s)
  JSR  -25.0 dB  BER 0.00e+00  P(det)@0.05 power_one_sided 0.406 power_two_sided 0.414 kurtosis 0.043 spec_cnn 0.148  (10s)
  JSR  -24.0 dB  BER 0.00e+00  P(det)@0.05 power_one_sided 0.521 power_two_sided 0.500 kurtosis 0.053 spec_cnn 0.145  (10s)
  JSR  -23.0 dB  BER 7.63e-06  P(det)@0.05 power_one_sided 0.568 power_two_sided 0.568 kurtosis 0.037 spec_cnn 0.205  (10s)
  JSR  -22.0 dB  BER 2.29e-05  P(det)@0.05 power_one_sided 0.631 power_two_sided 0.602 kurtosis 0.064 spec_cnn 0.248  (11s)
  JSR  -21.0 dB  BER 3.74e-04  P(det)@0.05 power_one_sided 0.691 power_two_sided 0.678 kurtosis 0.059 spec_cnn 0.275  (11s)
  JSR  -20.0 dB  BER 6.64e-04  P(det)@0.05 power_one_sided 0.756 power_two_sided 0.740 kurtosis 0.080 spec_cnn 0.348  (12s)
  JSR  -19.0 dB  BER 1.02e-03  P(det)@0.05 power_one_sided 0.844 power_two_sided 0.816 kurtosis 0.084 spec_cnn 0.400  (12s)
  JSR  -18.0 dB  BER 1.36e-03  P(det)@0.05 power_one_sided 0.902 power_two_sided 0.896 kurtosis 0.180 spec_cnn 0.443  (12s)
  JSR  -17.0 dB  BER 1.89e-03  P(det)@0.05 power_one_sided 0.941 power_two_sided 0.932 kurtosis 0.262 spec_cnn 0.539  (13s)
  JSR  -16.0 dB  BER 2.46e-03  P(det)@0.05 power_one_sided 0.971 power_two_sided 0.961 kurtosis 0.332 spec_cnn 0.629  (13s)
  JSR  -15.0 dB  BER 2.79e-03  P(det)@0.05 power_one_sided 0.984 power_two_sided 0.984 kurtosis 0.480 spec_cnn 0.695  (13s)
  JSR  -14.0 dB  BER 3.08e-03  P(det)@0.05 power_one_sided 0.988 power_two_sided 0.990 kurtosis 0.635 spec_cnn 0.795  (14s)
  JSR  -13.0 dB  BER 3.46e-03  P(det)@0.05 power_one_sided 0.998 power_two_sided 0.998 kurtosis 0.777 spec_cnn 0.822  (14s)
  JSR  -12.0 dB  BER 3.99e-03  P(det)@0.05 power_one_sided 1.000 power_two_sided 1.000 kurtosis 0.895 spec_cnn 0.908  (15s)
  JSR  -11.0 dB  BER 4.14e-03  P(det)@0.05 power_one_sided 1.000 power_two_sided 1.000 kurtosis 0.977 spec_cnn 0.930  (15s)
  JSR  -10.0 dB  BER 4.56e-03  P(det)@0.05 power_one_sided 1.000 power_two_sided 1.000 kurtosis 0.998 spec_cnn 0.961  (15s)
  JSR   -9.0 dB  BER 4.94e-03  P(det)@0.05 power_one_sided 1.000 power_two_sided 1.000 kurtosis 0.996 spec_cnn 0.988  (16s)
  JSR   -8.0 dB  BER 5.82e-03  P(det)@0.05 power_one_sided 1.000 power_two_sided 1.000 kurtosis 1.000 spec_cnn 0.998  (16s)
  JSR   -7.0 dB  BER 6.68e-03  P(det)@0.05 power_one_sided 1.000 power_two_sided 1.000 kurtosis 1.000 spec_cnn 1.000  (16s)
  JSR   -6.0 dB  BER 8.09e-03  P(det)@0.05 power_one_sided 1.000 power_two_sided 1.000 kurtosis 1.000 spec_cnn 1.000  (17s)
  JSR   -5.0 dB  BER 1.05e-02  P(det)@0.05 power_one_sided 1.000 power_two_sided 1.000 kurtosis 1.000 spec_cnn 1.000  (17s)
  JSR   -4.0 dB  BER 1.41e-02  P(det)@0.05 power_one_sided 1.000 power_two_sided 1.000 kurtosis 1.000 spec_cnn 1.000  (18s)
  JSR   -3.0 dB  BER 1.99e-02  P(det)@0.05 power_one_sided 1.000 power_two_sided 1.000 kurtosis 1.000 spec_cnn 1.000  (18s)
  JSR   -2.0 dB  BER 2.81e-02  P(det)@0.05 power_one_sided 1.000 power_two_sided 1.000 kurtosis 1.000 spec_cnn 1.000  (18s)
  JSR   -1.0 dB  BER 3.93e-02  P(det)@0.05 power_one_sided 1.000 power_two_sided 1.000 kurtosis 1.000 spec_cnn 1.000  (19s)
  JSR   +0.0 dB  BER 5.21e-02  P(det)@0.05 power_one_sided 1.000 power_two_sided 1.000 kurtosis 1.000 spec_cnn 1.000  (19s)
  JSR   +1.0 dB  BER 7.22e-02  P(det)@0.05 power_one_sided 1.000 power_two_sided 1.000 kurtosis 1.000 spec_cnn 1.000  (19s)
  JSR   +2.0 dB  BER 9.32e-02  P(det)@0.05 power_one_sided 1.000 power_two_sided 1.000 kurtosis 1.000 spec_cnn 1.000  (20s)
  JSR   +3.0 dB  BER 1.18e-01  P(det)@0.05 power_one_sided 1.000 power_two_sided 1.000 kurtosis 1.000 spec_cnn 1.000  (20s)
  JSR   +4.0 dB  BER 1.45e-01  P(det)@0.05 power_one_sided 1.000 power_two_sided 1.000 kurtosis 1.000 spec_cnn 1.000  (21s)
  JSR   +5.0 dB  BER 1.69e-01  P(det)@0.05 power_one_sided 1.000 power_two_sided 1.000 kurtosis 1.000 spec_cnn 1.000  (21s)
  JSR   +6.0 dB  BER 1.94e-01  P(det)@0.05 power_one_sided 1.000 power_two_sided 1.000 kurtosis 1.000 spec_cnn 1.000  (21s)
  JSR   +7.0 dB  BER 2.20e-01  P(det)@0.05 power_one_sided 1.000 power_two_sided 1.000 kurtosis 1.000 spec_cnn 1.000  (22s)
  JSR   +8.0 dB  BER 2.47e-01  P(det)@0.05 power_one_sided 1.000 power_two_sided 1.000 kurtosis 1.000 spec_cnn 1.000  (22s)
  JSR   +9.0 dB  BER 2.72e-01  P(det)@0.05 power_one_sided 1.000 power_two_sided 1.000 kurtosis 1.000 spec_cnn 1.000  (22s)
  JSR  +10.0 dB  BER 2.90e-01  P(det)@0.05 power_one_sided 1.000 power_two_sided 1.000 kurtosis 1.000 spec_cnn 1.000  (23s)
  JSR  +11.0 dB  BER 3.12e-01  P(det)@0.05 power_one_sided 1.000 power_two_sided 1.000 kurtosis 1.000 spec_cnn 1.000  (23s)
  JSR  +12.0 dB  BER 3.29e-01  P(det)@0.05 power_one_sided 1.000 power_two_sided 1.000 kurtosis 1.000 spec_cnn 1.000  (24s)
  JSR  +13.0 dB  BER 3.48e-01  P(det)@0.05 power_one_sided 1.000 power_two_sided 1.000 kurtosis 1.000 spec_cnn 1.000  (24s)
  JSR  +14.0 dB  BER 3.61e-01  P(det)@0.05 power_one_sided 1.000 power_two_sided 1.000 kurtosis 1.000 spec_cnn 1.000  (24s)
  JSR  +15.0 dB  BER 3.80e-01  P(det)@0.05 power_one_sided 1.000 power_two_sided 1.000 kurtosis 1.000 spec_cnn 1.000  (25s)
  [snr_20] spec_cnn_b1 confirmed: {"power_one_sided": {"0.01": {"index": 2, "sweep_ber": 0.0, "sweep_pdet": 0.009765625, "confirmed_ber": 0.0, "confirmed_ser": 0.0, "confirmed_pdet": 0.010986328125, "passed": true}, "0.05": {"index": 2, "sweep_ber": 0.0, "sweep_pdet": 0.0546875, "confirmed_ber": 0.0, "confirmed_ser": 0.0, "confirmed_pdet": 0.057373046875, "passed": false}}, "power_two_sided": {"0.01": {"index": 0, "sweep_ber": 0.0, "sweep_pdet": 0.005859375, "confirmed_ber": 0.0, "confirmed_ser": 0.0, "confirmed_pdet": 0.0107421875, "passed": true}, "0.05": {"index": 0, "sweep_ber": 0.0, "sweep_pdet": 0.05859375, "confirmed_ber": 0.0, "confirmed_ser": 0.0, "confirmed_pdet": 0.061767578125, "passed": false}}, "kurtosis": {"0.01": {"index": 31, "sweep_ber": 0.0010223388671875, "sweep_pdet": 0.017578125, "confirmed_ber": 0.0010356903076171875, "confirmed_ser": 0.0020618438720703125, "confirmed_pdet": 0.03173828125, "passed": false}, "0.05": {"index": 29, "sweep_ber": 0.00037384033203125, "sweep_pdet": 0.05859375, "confirmed_ber": 0.00031566619873046875, "confirmed_ser": 0.0006313323974609375, "confirmed_pdet": 0.0654296875, "passed": false}}, "spec_cnn": {"0.01": {"index": 0, "sweep_ber": 0.0, "sweep_pdet": 0.013671875, "confirmed_ber": 0.0, "confirmed_ser": 0.0, "confirmed_pdet": 0.011474609375, "passed": true}, "0.05": {"index": 0, "sweep_ber": 0.0, "sweep_pdet": 0.03125, "confirmed_ber": 0.0, "confirmed_ser": 0.0, "confirmed_pdet": 0.05419921875, "passed": true}}}  (1079s)
  [snr_20] generator spec_cnn_b10 (scale 0.4022)
    JSR  -50.0 dB  BER 0.00e+00  P(det)@0.05 power_one_sided 0.062 power_two_sided 0.057 kurtosis 0.045 spec_cnn 0.047  (0s)
    JSR  -49.0 dB  BER 0.00e+00  P(det)@0.05 power_one_sided 0.049 power_two_sided 0.055 kurtosis 0.041 spec_cnn 0.055  (1s)
    JSR  -48.0 dB  BER 0.00e+00  P(det)@0.05 power_one_sided 0.037 power_two_sided 0.037 kurtosis 0.051 spec_cnn 0.041  (1s)
    JSR  -47.0 dB  BER 0.00e+00  P(det)@0.05 power_one_sided 0.057 power_two_sided 0.055 kurtosis 0.043 spec_cnn 0.053  (1s)
    JSR  -46.0 dB  BER 0.00e+00  P(det)@0.05 power_one_sided 0.049 power_two_sided 0.051 kurtosis 0.049 spec_cnn 0.051  (2s)
    JSR  -45.0 dB  BER 0.00e+00  P(det)@0.05 power_one_sided 0.043 power_two_sided 0.043 kurtosis 0.055 spec_cnn 0.047  (2s)
    JSR  -44.0 dB  BER 0.00e+00  P(det)@0.05 power_one_sided 0.061 power_two_sided 0.055 kurtosis 0.039 spec_cnn 0.062  (3s)
    JSR  -43.0 dB  BER 0.00e+00  P(det)@0.05 power_one_sided 0.068 power_two_sided 0.068 kurtosis 0.053 spec_cnn 0.055  (3s)
    JSR  -42.0 dB  BER 0.00e+00  P(det)@0.05 power_one_sided 0.080 power_two_sided 0.068 kurtosis 0.039 spec_cnn 0.061  (3s)
    JSR  -41.0 dB  BER 0.00e+00  P(det)@0.05 power_one_sided 0.051 power_two_sided 0.049 kurtosis 0.049 spec_cnn 0.047  (4s)
    JSR  -40.0 dB  BER 0.00e+00  P(det)@0.05 power_one_sided 0.051 power_two_sided 0.066 kurtosis 0.041 spec_cnn 0.041  (4s)
    JSR  -39.0 dB  BER 0.00e+00  P(det)@0.05 power_one_sided 0.064 power_two_sided 0.061 kurtosis 0.061 spec_cnn 0.045  (4s)
    JSR  -38.0 dB  BER 0.00e+00  P(det)@0.05 power_one_sided 0.064 power_two_sided 0.049 kurtosis 0.035 spec_cnn 0.064  (5s)
    JSR  -37.0 dB  BER 0.00e+00  P(det)@0.05 power_one_sided 0.074 power_two_sided 0.066 kurtosis 0.037 spec_cnn 0.049  (5s)
    JSR  -36.0 dB  BER 0.00e+00  P(det)@0.05 power_one_sided 0.080 power_two_sided 0.066 kurtosis 0.045 spec_cnn 0.047  (6s)
    JSR  -35.0 dB  BER 0.00e+00  P(det)@0.05 power_one_sided 0.084 power_two_sided 0.066 kurtosis 0.035 spec_cnn 0.061  (6s)
    JSR  -34.0 dB  BER 0.00e+00  P(det)@0.05 power_one_sided 0.088 power_two_sided 0.090 kurtosis 0.047 spec_cnn 0.062  (6s)
    JSR  -33.0 dB  BER 0.00e+00  P(det)@0.05 power_one_sided 0.115 power_two_sided 0.117 kurtosis 0.047 spec_cnn 0.070  (7s)
    JSR  -32.0 dB  BER 0.00e+00  P(det)@0.05 power_one_sided 0.104 power_two_sided 0.104 kurtosis 0.043 spec_cnn 0.066  (7s)
    JSR  -31.0 dB  BER 0.00e+00  P(det)@0.05 power_one_sided 0.125 power_two_sided 0.125 kurtosis 0.047 spec_cnn 0.062  (7s)
    JSR  -30.0 dB  BER 0.00e+00  P(det)@0.05 power_one_sided 0.143 power_two_sided 0.119 kurtosis 0.057 spec_cnn 0.066  (8s)
    JSR  -29.0 dB  BER 0.00e+00  P(det)@0.05 power_one_sided 0.205 power_two_sided 0.176 kurtosis 0.049 spec_cnn 0.082  (8s)
    JSR  -28.0 dB  BER 0.00e+00  P(det)@0.05 power_one_sided 0.195 power_two_sided 0.223 kurtosis 0.064 spec_cnn 0.066  (9s)
    JSR  -27.0 dB  BER 0.00e+00  P(det)@0.05 power_one_sided 0.244 power_two_sided 0.219 kurtosis 0.061 spec_cnn 0.086  (9s)
    JSR  -26.0 dB  BER 0.00e+00  P(det)@0.05 power_one_sided 0.287 power_two_sided 0.283 kurtosis 0.057 spec_cnn 0.084  (9s)
    JSR  -25.0 dB  BER 0.00e+00  P(det)@0.05 power_one_sided 0.373 power_two_sided 0.369 kurtosis 0.047 spec_cnn 0.127  (10s)
    JSR  -24.0 dB  BER 0.00e+00  P(det)@0.05 power_one_sided 0.373 power_two_sided 0.398 kurtosis 0.057 spec_cnn 0.127  (10s)
    JSR  -23.0 dB  BER 7.63e-06  P(det)@0.05 power_one_sided 0.463 power_two_sided 0.445 kurtosis 0.080 spec_cnn 0.131  (10s)
    JSR  -22.0 dB  BER 7.63e-05  P(det)@0.05 power_one_sided 0.480 power_two_sided 0.482 kurtosis 0.100 spec_cnn 0.186  (11s)
    JSR  -21.0 dB  BER 4.20e-04  P(det)@0.05 power_one_sided 0.559 power_two_sided 0.590 kurtosis 0.119 spec_cnn 0.236  (11s)
    JSR  -20.0 dB  BER 8.32e-04  P(det)@0.05 power_one_sided 0.619 power_two_sided 0.623 kurtosis 0.143 spec_cnn 0.270  (11s)
    JSR  -19.0 dB  BER 1.27e-03  P(det)@0.05 power_one_sided 0.666 power_two_sided 0.684 kurtosis 0.217 spec_cnn 0.283  (12s)
    JSR  -18.0 dB  BER 1.80e-03  P(det)@0.05 power_one_sided 0.717 power_two_sided 0.738 kurtosis 0.320 spec_cnn 0.383  (12s)
    JSR  -17.0 dB  BER 2.06e-03  P(det)@0.05 power_one_sided 0.775 power_two_sided 0.797 kurtosis 0.391 spec_cnn 0.510  (13s)
    JSR  -16.0 dB  BER 2.51e-03  P(det)@0.05 power_one_sided 0.828 power_two_sided 0.836 kurtosis 0.512 spec_cnn 0.578  (13s)
    JSR  -15.0 dB  BER 2.90e-03  P(det)@0.05 power_one_sided 0.867 power_two_sided 0.875 kurtosis 0.604 spec_cnn 0.621  (13s)
    JSR  -14.0 dB  BER 3.31e-03  P(det)@0.05 power_one_sided 0.939 power_two_sided 0.938 kurtosis 0.680 spec_cnn 0.760  (14s)
    JSR  -13.0 dB  BER 3.71e-03  P(det)@0.05 power_one_sided 0.957 power_two_sided 0.955 kurtosis 0.770 spec_cnn 0.844  (14s)
    JSR  -12.0 dB  BER 3.58e-03  P(det)@0.05 power_one_sided 0.988 power_two_sided 0.988 kurtosis 0.855 spec_cnn 0.895  (14s)
    JSR  -11.0 dB  BER 4.32e-03  P(det)@0.05 power_one_sided 0.990 power_two_sided 0.988 kurtosis 0.916 spec_cnn 0.938  (15s)
    JSR  -10.0 dB  BER 4.53e-03  P(det)@0.05 power_one_sided 0.996 power_two_sided 0.996 kurtosis 0.967 spec_cnn 0.973  (15s)
    JSR   -9.0 dB  BER 4.91e-03  P(det)@0.05 power_one_sided 1.000 power_two_sided 1.000 kurtosis 0.998 spec_cnn 0.996  (16s)
    JSR   -8.0 dB  BER 5.68e-03  P(det)@0.05 power_one_sided 1.000 power_two_sided 1.000 kurtosis 1.000 spec_cnn 0.998  (16s)
    JSR   -7.0 dB  BER 6.70e-03  P(det)@0.05 power_one_sided 1.000 power_two_sided 1.000 kurtosis 1.000 spec_cnn 1.000  (16s)
    JSR   -6.0 dB  BER 7.47e-03  P(det)@0.05 power_one_sided 1.000 power_two_sided 1.000 kurtosis 1.000 spec_cnn 1.000  (17s)
    JSR   -5.0 dB  BER 9.51e-03  P(det)@0.05 power_one_sided 1.000 power_two_sided 1.000 kurtosis 1.000 spec_cnn 1.000  (17s)
    JSR   -4.0 dB  BER 1.17e-02  P(det)@0.05 power_one_sided 1.000 power_two_sided 1.000 kurtosis 1.000 spec_cnn 1.000  (17s)
    JSR   -3.0 dB  BER 1.65e-02  P(det)@0.05 power_one_sided 1.000 power_two_sided 1.000 kurtosis 1.000 spec_cnn 1.000  (18s)
    JSR   -2.0 dB  BER 2.26e-02  P(det)@0.05 power_one_sided 1.000 power_two_sided 1.000 kurtosis 1.000 spec_cnn 1.000  (18s)
    JSR   -1.0 dB  BER 3.26e-02  P(det)@0.05 power_one_sided 1.000 power_two_sided 1.000 kurtosis 1.000 spec_cnn 1.000  (19s)
    JSR   +0.0 dB  BER 4.63e-02  P(det)@0.05 power_one_sided 1.000 power_two_sided 1.000 kurtosis 1.000 spec_cnn 1.000  (19s)
    JSR   +1.0 dB  BER 6.34e-02  P(det)@0.05 power_one_sided 1.000 power_two_sided 1.000 kurtosis 1.000 spec_cnn 1.000  (19s)
    JSR   +2.0 dB  BER 8.42e-02  P(det)@0.05 power_one_sided 1.000 power_two_sided 1.000 kurtosis 1.000 spec_cnn 1.000  (20s)
    JSR   +3.0 dB  BER 1.09e-01  P(det)@0.05 power_one_sided 1.000 power_two_sided 1.000 kurtosis 1.000 spec_cnn 1.000  (20s)
    JSR   +4.0 dB  BER 1.34e-01  P(det)@0.05 power_one_sided 1.000 power_two_sided 1.000 kurtosis 1.000 spec_cnn 1.000  (20s)
    JSR   +5.0 dB  BER 1.59e-01  P(det)@0.05 power_one_sided 1.000 power_two_sided 1.000 kurtosis 1.000 spec_cnn 1.000  (21s)
    JSR   +6.0 dB  BER 1.85e-01  P(det)@0.05 power_one_sided 1.000 power_two_sided 1.000 kurtosis 1.000 spec_cnn 1.000  (21s)
    JSR   +7.0 dB  BER 2.18e-01  P(det)@0.05 power_one_sided 1.000 power_two_sided 1.000 kurtosis 1.000 spec_cnn 1.000  (22s)
    JSR   +8.0 dB  BER 2.37e-01  P(det)@0.05 power_one_sided 1.000 power_two_sided 1.000 kurtosis 1.000 spec_cnn 1.000  (22s)
    JSR   +9.0 dB  BER 2.61e-01  P(det)@0.05 power_one_sided 1.000 power_two_sided 1.000 kurtosis 1.000 spec_cnn 1.000  (22s)
    JSR  +10.0 dB  BER 2.87e-01  P(det)@0.05 power_one_sided 1.000 power_two_sided 1.000 kurtosis 1.000 spec_cnn 1.000  (23s)
    JSR  +11.0 dB  BER 3.07e-01  P(det)@0.05 power_one_sided 1.000 power_two_sided 1.000 kurtosis 1.000 spec_cnn 1.000  (23s)
    JSR  +12.0 dB  BER 3.26e-01  P(det)@0.05 power_one_sided 1.000 power_two_sided 1.000 kurtosis 1.000 spec_cnn 1.000  (23s)
    JSR  +13.0 dB  BER 3.43e-01  P(det)@0.05 power_one_sided 1.000 power_two_sided 1.000 kurtosis 1.000 spec_cnn 1.000  (24s)
    JSR  +14.0 dB  BER 3.63e-01  P(det)@0.05 power_one_sided 1.000 power_two_sided 1.000 kurtosis 1.000 spec_cnn 1.000  (24s)
    JSR  +15.0 dB  BER 3.76e-01  P(det)@0.05 power_one_sided 1.000 power_two_sided 1.000 kurtosis 1.000 spec_cnn 1.000  (24s)
  [snr_20] spec_cnn_b10 confirmed: {"power_one_sided": {"0.01": {"index": 0, "sweep_ber": 0.0, "sweep_pdet": 0.01171875, "confirmed_ber": 0.0, "confirmed_ser": 0.0, "confirmed_pdet": 0.00927734375, "passed": true}, "0.05": {"index": 0, "sweep_ber": 0.0, "sweep_pdet": 0.0625, "confirmed_ber": 0.0, "confirmed_ser": 0.0, "confirmed_pdet": 0.051513671875, "passed": true}}, "power_two_sided": {"0.01": {"index": 0, "sweep_ber": 0.0, "sweep_pdet": 0.015625, "confirmed_ber": 0.0, "confirmed_ser": 0.0, "confirmed_pdet": 0.01025390625, "passed": true}, "0.05": {"index": 0, "sweep_ber": 0.0, "sweep_pdet": 0.056640625, "confirmed_ber": 0.0, "confirmed_ser": 0.0, "confirmed_pdet": 0.059326171875, "passed": false}}, "kurtosis": {"0.01": {"index": 0, "sweep_ber": 0.0, "sweep_pdet": 0.0078125, "confirmed_ber": 0.0, "confirmed_ser": 0.0, "confirmed_pdet": 0.0078125, "passed": true}, "0.05": {"index": 0, "sweep_ber": 0.0, "sweep_pdet": 0.044921875, "confirmed_ber": 0.0, "confirmed_ser": 0.0, "confirmed_pdet": 0.05517578125, "passed": true}}, "spec_cnn": {"0.01": {"index": 0, "sweep_ber": 0.0, "sweep_pdet": 0.01171875, "confirmed_ber": 0.0, "confirmed_ser": 0.0, "confirmed_pdet": 0.011474609375, "passed": true}, "0.05": {"index": 0, "sweep_ber": 0.0, "sweep_pdet": 0.046875, "confirmed_ber": 0.0, "confirmed_ser": 0.0, "confirmed_pdet": 0.057861328125, "passed": false}}}  (1128s)
  [snr_20] generator spec_cnn_b100 (scale 0.4022)
  JSR  -50.0 dB  BER 0.00e+00  P(det)@0.05 power_one_sided 0.051 power_two_sided 0.062 kurtosis 0.037 spec_cnn 0.039  (0s)
  JSR  -49.0 dB  BER 0.00e+00  P(det)@0.05 power_one_sided 0.045 power_two_sided 0.047 kurtosis 0.055 spec_cnn 0.055  (1s)
  JSR  -48.0 dB  BER 0.00e+00  P(det)@0.05 power_one_sided 0.059 power_two_sided 0.051 kurtosis 0.043 spec_cnn 0.059  (1s)
  JSR  -47.0 dB  BER 0.00e+00  P(det)@0.05 power_one_sided 0.064 power_two_sided 0.053 kurtosis 0.027 spec_cnn 0.051  (1s)
  JSR  -46.0 dB  BER 0.00e+00  P(det)@0.05 power_one_sided 0.070 power_two_sided 0.074 kurtosis 0.053 spec_cnn 0.061  (2s)
  JSR  -45.0 dB  BER 0.00e+00  P(det)@0.05 power_one_sided 0.053 power_two_sided 0.055 kurtosis 0.029 spec_cnn 0.074  (2s)
  JSR  -44.0 dB  BER 0.00e+00  P(det)@0.05 power_one_sided 0.055 power_two_sided 0.053 kurtosis 0.057 spec_cnn 0.053  (3s)
  JSR  -43.0 dB  BER 0.00e+00  P(det)@0.05 power_one_sided 0.070 power_two_sided 0.061 kurtosis 0.041 spec_cnn 0.051  (3s)
  JSR  -42.0 dB  BER 0.00e+00  P(det)@0.05 power_one_sided 0.078 power_two_sided 0.066 kurtosis 0.059 spec_cnn 0.035  (3s)
  JSR  -41.0 dB  BER 0.00e+00  P(det)@0.05 power_one_sided 0.055 power_two_sided 0.059 kurtosis 0.055 spec_cnn 0.045  (4s)
  JSR  -40.0 dB  BER 0.00e+00  P(det)@0.05 power_one_sided 0.057 power_two_sided 0.055 kurtosis 0.039 spec_cnn 0.064  (4s)
  JSR  -39.0 dB  BER 0.00e+00  P(det)@0.05 power_one_sided 0.072 power_two_sided 0.062 kurtosis 0.041 spec_cnn 0.053  (4s)
  JSR  -38.0 dB  BER 0.00e+00  P(det)@0.05 power_one_sided 0.070 power_two_sided 0.070 kurtosis 0.045 spec_cnn 0.055  (5s)
  JSR  -37.0 dB  BER 0.00e+00  P(det)@0.05 power_one_sided 0.066 power_two_sided 0.057 kurtosis 0.039 spec_cnn 0.045  (5s)
  JSR  -36.0 dB  BER 0.00e+00  P(det)@0.05 power_one_sided 0.086 power_two_sided 0.084 kurtosis 0.043 spec_cnn 0.061  (6s)
  JSR  -35.0 dB  BER 0.00e+00  P(det)@0.05 power_one_sided 0.086 power_two_sided 0.053 kurtosis 0.039 spec_cnn 0.055  (6s)
  JSR  -34.0 dB  BER 0.00e+00  P(det)@0.05 power_one_sided 0.094 power_two_sided 0.078 kurtosis 0.041 spec_cnn 0.061  (6s)
  JSR  -33.0 dB  BER 0.00e+00  P(det)@0.05 power_one_sided 0.109 power_two_sided 0.092 kurtosis 0.039 spec_cnn 0.057  (7s)
  JSR  -32.0 dB  BER 0.00e+00  P(det)@0.05 power_one_sided 0.098 power_two_sided 0.094 kurtosis 0.045 spec_cnn 0.064  (7s)
  JSR  -31.0 dB  BER 0.00e+00  P(det)@0.05 power_one_sided 0.127 power_two_sided 0.098 kurtosis 0.057 spec_cnn 0.062  (7s)
  JSR  -30.0 dB  BER 0.00e+00  P(det)@0.05 power_one_sided 0.176 power_two_sided 0.154 kurtosis 0.043 spec_cnn 0.070  (8s)
  JSR  -29.0 dB  BER 0.00e+00  P(det)@0.05 power_one_sided 0.166 power_two_sided 0.154 kurtosis 0.053 spec_cnn 0.090  (8s)
  JSR  -28.0 dB  BER 0.00e+00  P(det)@0.05 power_one_sided 0.213 power_two_sided 0.193 kurtosis 0.053 spec_cnn 0.072  (8s)
  JSR  -27.0 dB  BER 0.00e+00  P(det)@0.05 power_one_sided 0.293 power_two_sided 0.277 kurtosis 0.043 spec_cnn 0.104  (9s)
  JSR  -26.0 dB  BER 0.00e+00  P(det)@0.05 power_one_sided 0.314 power_two_sided 0.283 kurtosis 0.053 spec_cnn 0.121  (9s)
  JSR  -25.0 dB  BER 0.00e+00  P(det)@0.05 power_one_sided 0.391 power_two_sided 0.357 kurtosis 0.047 spec_cnn 0.111  (10s)
  JSR  -24.0 dB  BER 0.00e+00  P(det)@0.05 power_one_sided 0.457 power_two_sided 0.422 kurtosis 0.041 spec_cnn 0.154  (10s)
  JSR  -23.0 dB  BER 0.00e+00  P(det)@0.05 power_one_sided 0.516 power_two_sided 0.494 kurtosis 0.029 spec_cnn 0.195  (10s)
  JSR  -22.0 dB  BER 0.00e+00  P(det)@0.05 power_one_sided 0.605 power_two_sided 0.586 kurtosis 0.064 spec_cnn 0.244  (11s)
  JSR  -21.0 dB  BER 1.07e-04  P(det)@0.05 power_one_sided 0.691 power_two_sided 0.662 kurtosis 0.051 spec_cnn 0.283  (11s)
  JSR  -20.0 dB  BER 2.90e-04  P(det)@0.05 power_one_sided 0.775 power_two_sided 0.760 kurtosis 0.059 spec_cnn 0.363  (12s)
  JSR  -19.0 dB  BER 6.87e-04  P(det)@0.05 power_one_sided 0.830 power_two_sided 0.809 kurtosis 0.072 spec_cnn 0.436  (12s)
  JSR  -18.0 dB  BER 9.16e-04  P(det)@0.05 power_one_sided 0.898 power_two_sided 0.891 kurtosis 0.135 spec_cnn 0.551  (12s)
  JSR  -17.0 dB  BER 1.72e-03  P(det)@0.05 power_one_sided 0.922 power_two_sided 0.922 kurtosis 0.172 spec_cnn 0.666  (13s)
  JSR  -16.0 dB  BER 1.95e-03  P(det)@0.05 power_one_sided 0.961 power_two_sided 0.961 kurtosis 0.295 spec_cnn 0.766  (13s)
  JSR  -15.0 dB  BER 2.28e-03  P(det)@0.05 power_one_sided 0.980 power_two_sided 0.979 kurtosis 0.379 spec_cnn 0.877  (13s)
  JSR  -14.0 dB  BER 2.86e-03  P(det)@0.05 power_one_sided 0.992 power_two_sided 0.992 kurtosis 0.479 spec_cnn 0.922  (14s)
  JSR  -13.0 dB  BER 2.96e-03  P(det)@0.05 power_one_sided 1.000 power_two_sided 1.000 kurtosis 0.650 spec_cnn 0.963  (14s)
  JSR  -12.0 dB  BER 3.33e-03  P(det)@0.05 power_one_sided 0.998 power_two_sided 0.998 kurtosis 0.822 spec_cnn 0.990  (14s)
  JSR  -11.0 dB  BER 4.08e-03  P(det)@0.05 power_one_sided 1.000 power_two_sided 1.000 kurtosis 0.924 spec_cnn 0.994  (15s)
  JSR  -10.0 dB  BER 4.27e-03  P(det)@0.05 power_one_sided 1.000 power_two_sided 1.000 kurtosis 0.988 spec_cnn 1.000  (15s)
  JSR   -9.0 dB  BER 4.62e-03  P(det)@0.05 power_one_sided 1.000 power_two_sided 1.000 kurtosis 0.994 spec_cnn 1.000  (16s)
  JSR   -8.0 dB  BER 5.23e-03  P(det)@0.05 power_one_sided 1.000 power_two_sided 1.000 kurtosis 1.000 spec_cnn 1.000  (16s)
  JSR   -7.0 dB  BER 5.78e-03  P(det)@0.05 power_one_sided 1.000 power_two_sided 1.000 kurtosis 1.000 spec_cnn 1.000  (16s)
  JSR   -6.0 dB  BER 6.87e-03  P(det)@0.05 power_one_sided 1.000 power_two_sided 1.000 kurtosis 1.000 spec_cnn 1.000  (17s)
  JSR   -5.0 dB  BER 8.86e-03  P(det)@0.05 power_one_sided 1.000 power_two_sided 1.000 kurtosis 1.000 spec_cnn 1.000  (17s)
  JSR   -4.0 dB  BER 1.21e-02  P(det)@0.05 power_one_sided 1.000 power_two_sided 1.000 kurtosis 1.000 spec_cnn 1.000  (17s)
  JSR   -3.0 dB  BER 1.77e-02  P(det)@0.05 power_one_sided 1.000 power_two_sided 1.000 kurtosis 1.000 spec_cnn 1.000  (18s)
  JSR   -2.0 dB  BER 2.67e-02  P(det)@0.05 power_one_sided 1.000 power_two_sided 1.000 kurtosis 1.000 spec_cnn 1.000  (18s)
  JSR   -1.0 dB  BER 3.95e-02  P(det)@0.05 power_one_sided 1.000 power_two_sided 1.000 kurtosis 1.000 spec_cnn 1.000  (19s)
  JSR   +0.0 dB  BER 5.46e-02  P(det)@0.05 power_one_sided 1.000 power_two_sided 1.000 kurtosis 1.000 spec_cnn 1.000  (19s)
  JSR   +1.0 dB  BER 7.86e-02  P(det)@0.05 power_one_sided 1.000 power_two_sided 1.000 kurtosis 1.000 spec_cnn 1.000  (19s)
  JSR   +2.0 dB  BER 1.05e-01  P(det)@0.05 power_one_sided 1.000 power_two_sided 1.000 kurtosis 1.000 spec_cnn 1.000  (20s)
  JSR   +3.0 dB  BER 1.26e-01  P(det)@0.05 power_one_sided 1.000 power_two_sided 1.000 kurtosis 1.000 spec_cnn 1.000  (20s)
  JSR   +4.0 dB  BER 1.57e-01  P(det)@0.05 power_one_sided 1.000 power_two_sided 1.000 kurtosis 1.000 spec_cnn 1.000  (20s)
  JSR   +5.0 dB  BER 1.84e-01  P(det)@0.05 power_one_sided 1.000 power_two_sided 1.000 kurtosis 1.000 spec_cnn 1.000  (21s)
  JSR   +6.0 dB  BER 2.12e-01  P(det)@0.05 power_one_sided 1.000 power_two_sided 1.000 kurtosis 1.000 spec_cnn 1.000  (21s)
  JSR   +7.0 dB  BER 2.34e-01  P(det)@0.05 power_one_sided 1.000 power_two_sided 1.000 kurtosis 1.000 spec_cnn 1.000  (22s)
  JSR   +8.0 dB  BER 2.57e-01  P(det)@0.05 power_one_sided 1.000 power_two_sided 1.000 kurtosis 1.000 spec_cnn 1.000  (22s)
  JSR   +9.0 dB  BER 2.85e-01  P(det)@0.05 power_one_sided 1.000 power_two_sided 1.000 kurtosis 1.000 spec_cnn 1.000  (22s)
  JSR  +10.0 dB  BER 3.04e-01  P(det)@0.05 power_one_sided 1.000 power_two_sided 1.000 kurtosis 1.000 spec_cnn 1.000  (23s)
  JSR  +11.0 dB  BER 3.21e-01  P(det)@0.05 power_one_sided 1.000 power_two_sided 1.000 kurtosis 1.000 spec_cnn 1.000  (23s)
  JSR  +12.0 dB  BER 3.39e-01  P(det)@0.05 power_one_sided 1.000 power_two_sided 1.000 kurtosis 1.000 spec_cnn 1.000  (23s)
  JSR  +13.0 dB  BER 3.57e-01  P(det)@0.05 power_one_sided 1.000 power_two_sided 1.000 kurtosis 1.000 spec_cnn 1.000  (24s)
  JSR  +14.0 dB  BER 3.71e-01  P(det)@0.05 power_one_sided 1.000 power_two_sided 1.000 kurtosis 1.000 spec_cnn 1.000  (24s)
  JSR  +15.0 dB  BER 3.87e-01  P(det)@0.05 power_one_sided 1.000 power_two_sided 1.000 kurtosis 1.000 spec_cnn 1.000  (24s)
  [snr_20] spec_cnn_b100 confirmed: {"power_one_sided": {"0.01": {"index": 0, "sweep_ber": 0.0, "sweep_pdet": 0.009765625, "confirmed_ber": 0.0, "confirmed_ser": 0.0, "confirmed_pdet": 0.011474609375, "passed": true}, "0.05": {"index": 0, "sweep_ber": 0.0, "sweep_pdet": 0.05078125, "confirmed_ber": 0.0, "confirmed_ser": 0.0, "confirmed_pdet": 0.05224609375, "passed": true}}, "power_two_sided": {"0.01": {"index": 0, "sweep_ber": 0.0, "sweep_pdet": 0.005859375, "confirmed_ber": 0.0, "confirmed_ser": 0.0, "confirmed_pdet": 0.0078125, "passed": true}, "0.05": {"index": 0, "sweep_ber": 0.0, "sweep_pdet": 0.0625, "confirmed_ber": 0.0, "confirmed_ser": 0.0, "confirmed_pdet": 0.04833984375, "passed": true}}, "kurtosis": {"0.01": {"index": 30, "sweep_ber": 0.0002899169921875, "sweep_pdet": 0.01171875, "confirmed_ber": 0.0003337860107421875, "confirmed_ser": 0.000667572021484375, "confirmed_pdet": 0.018798828125, "passed": false}, "0.05": {"index": 30, "sweep_ber": 0.0002899169921875, "sweep_pdet": 0.05859375, "confirmed_ber": 0.000354766845703125, "confirmed_ser": 0.00070953369140625, "confirmed_pdet": 0.066650390625, "passed": false}}, "spec_cnn": {"0.01": {"index": 0, "sweep_ber": 0.0, "sweep_pdet": 0.00390625, "confirmed_ber": 0.0, "confirmed_ser": 0.0, "confirmed_pdet": 0.009033203125, "passed": true}, "0.05": {"index": 0, "sweep_ber": 0.0, "sweep_pdet": 0.0390625, "confirmed_ber": 0.0, "confirmed_ser": 0.0, "confirmed_pdet": 0.05224609375, "passed": true}}}  (1176s)
  [snr_20] generator spec_cnn_b1000 (scale 0.4022)
  JSR  -50.0 dB  BER 0.00e+00  P(det)@0.05 power_one_sided 0.053 power_two_sided 0.047 kurtosis 0.059 spec_cnn 0.070  (0s)
  JSR  -49.0 dB  BER 0.00e+00  P(det)@0.05 power_one_sided 0.045 power_two_sided 0.049 kurtosis 0.053 spec_cnn 0.061  (1s)
  JSR  -48.0 dB  BER 0.00e+00  P(det)@0.05 power_one_sided 0.047 power_two_sided 0.045 kurtosis 0.039 spec_cnn 0.057  (1s)
  JSR  -47.0 dB  BER 0.00e+00  P(det)@0.05 power_one_sided 0.053 power_two_sided 0.043 kurtosis 0.029 spec_cnn 0.049  (1s)
  JSR  -46.0 dB  BER 0.00e+00  P(det)@0.05 power_one_sided 0.045 power_two_sided 0.043 kurtosis 0.055 spec_cnn 0.061  (2s)
  JSR  -45.0 dB  BER 0.00e+00  P(det)@0.05 power_one_sided 0.051 power_two_sided 0.039 kurtosis 0.051 spec_cnn 0.068  (2s)
  JSR  -44.0 dB  BER 0.00e+00  P(det)@0.05 power_one_sided 0.070 power_two_sided 0.061 kurtosis 0.053 spec_cnn 0.041  (3s)
  JSR  -43.0 dB  BER 0.00e+00  P(det)@0.05 power_one_sided 0.043 power_two_sided 0.043 kurtosis 0.047 spec_cnn 0.057  (3s)
  JSR  -42.0 dB  BER 0.00e+00  P(det)@0.05 power_one_sided 0.055 power_two_sided 0.062 kurtosis 0.061 spec_cnn 0.049  (3s)
  JSR  -41.0 dB  BER 0.00e+00  P(det)@0.05 power_one_sided 0.062 power_two_sided 0.051 kurtosis 0.053 spec_cnn 0.045  (4s)
  JSR  -40.0 dB  BER 0.00e+00  P(det)@0.05 power_one_sided 0.057 power_two_sided 0.062 kurtosis 0.051 spec_cnn 0.053  (4s)
  JSR  -39.0 dB  BER 0.00e+00  P(det)@0.05 power_one_sided 0.053 power_two_sided 0.070 kurtosis 0.055 spec_cnn 0.053  (4s)
  JSR  -38.0 dB  BER 0.00e+00  P(det)@0.05 power_one_sided 0.053 power_two_sided 0.061 kurtosis 0.057 spec_cnn 0.041  (5s)
  JSR  -37.0 dB  BER 0.00e+00  P(det)@0.05 power_one_sided 0.064 power_two_sided 0.062 kurtosis 0.049 spec_cnn 0.076  (5s)
  JSR  -36.0 dB  BER 0.00e+00  P(det)@0.05 power_one_sided 0.066 power_two_sided 0.074 kurtosis 0.047 spec_cnn 0.074  (5s)
  JSR  -35.0 dB  BER 0.00e+00  P(det)@0.05 power_one_sided 0.084 power_two_sided 0.074 kurtosis 0.059 spec_cnn 0.078  (6s)
  JSR  -34.0 dB  BER 0.00e+00  P(det)@0.05 power_one_sided 0.074 power_two_sided 0.076 kurtosis 0.047 spec_cnn 0.059  (6s)
  JSR  -33.0 dB  BER 0.00e+00  P(det)@0.05 power_one_sided 0.104 power_two_sided 0.100 kurtosis 0.051 spec_cnn 0.051  (7s)
  JSR  -32.0 dB  BER 0.00e+00  P(det)@0.05 power_one_sided 0.129 power_two_sided 0.117 kurtosis 0.043 spec_cnn 0.080  (7s)
  JSR  -31.0 dB  BER 0.00e+00  P(det)@0.05 power_one_sided 0.141 power_two_sided 0.143 kurtosis 0.051 spec_cnn 0.068  (7s)
  JSR  -30.0 dB  BER 0.00e+00  P(det)@0.05 power_one_sided 0.139 power_two_sided 0.113 kurtosis 0.053 spec_cnn 0.062  (8s)
  JSR  -29.0 dB  BER 0.00e+00  P(det)@0.05 power_one_sided 0.160 power_two_sided 0.141 kurtosis 0.047 spec_cnn 0.080  (8s)
  JSR  -28.0 dB  BER 0.00e+00  P(det)@0.05 power_one_sided 0.215 power_two_sided 0.191 kurtosis 0.049 spec_cnn 0.092  (8s)
  JSR  -27.0 dB  BER 0.00e+00  P(det)@0.05 power_one_sided 0.242 power_two_sided 0.227 kurtosis 0.053 spec_cnn 0.154  (9s)
  JSR  -26.0 dB  BER 0.00e+00  P(det)@0.05 power_one_sided 0.266 power_two_sided 0.232 kurtosis 0.059 spec_cnn 0.146  (9s)
  JSR  -25.0 dB  BER 0.00e+00  P(det)@0.05 power_one_sided 0.312 power_two_sided 0.285 kurtosis 0.053 spec_cnn 0.166  (9s)
  JSR  -24.0 dB  BER 0.00e+00  P(det)@0.05 power_one_sided 0.387 power_two_sided 0.367 kurtosis 0.043 spec_cnn 0.203  (10s)
  JSR  -23.0 dB  BER 0.00e+00  P(det)@0.05 power_one_sided 0.418 power_two_sided 0.391 kurtosis 0.055 spec_cnn 0.248  (10s)
  JSR  -22.0 dB  BER 0.00e+00  P(det)@0.05 power_one_sided 0.518 power_two_sided 0.508 kurtosis 0.074 spec_cnn 0.305  (11s)
  JSR  -21.0 dB  BER 0.00e+00  P(det)@0.05 power_one_sided 0.602 power_two_sided 0.566 kurtosis 0.082 spec_cnn 0.406  (11s)
  JSR  -20.0 dB  BER 1.53e-05  P(det)@0.05 power_one_sided 0.678 power_two_sided 0.670 kurtosis 0.070 spec_cnn 0.514  (11s)
  JSR  -19.0 dB  BER 1.37e-04  P(det)@0.05 power_one_sided 0.787 power_two_sided 0.781 kurtosis 0.119 spec_cnn 0.678  (12s)
  JSR  -18.0 dB  BER 2.67e-04  P(det)@0.05 power_one_sided 0.809 power_two_sided 0.791 kurtosis 0.119 spec_cnn 0.756  (12s)
  JSR  -17.0 dB  BER 6.10e-04  P(det)@0.05 power_one_sided 0.850 power_two_sided 0.848 kurtosis 0.193 spec_cnn 0.855  (12s)
  JSR  -16.0 dB  BER 9.69e-04  P(det)@0.05 power_one_sided 0.912 power_two_sided 0.924 kurtosis 0.283 spec_cnn 0.971  (13s)
  JSR  -15.0 dB  BER 1.37e-03  P(det)@0.05 power_one_sided 0.945 power_two_sided 0.953 kurtosis 0.398 spec_cnn 0.979  (13s)
  JSR  -14.0 dB  BER 1.61e-03  P(det)@0.05 power_one_sided 0.969 power_two_sided 0.971 kurtosis 0.543 spec_cnn 0.994  (13s)
  JSR  -13.0 dB  BER 1.97e-03  P(det)@0.05 power_one_sided 0.984 power_two_sided 0.990 kurtosis 0.689 spec_cnn 1.000  (14s)
  JSR  -12.0 dB  BER 2.23e-03  P(det)@0.05 power_one_sided 0.996 power_two_sided 0.996 kurtosis 0.799 spec_cnn 0.998  (14s)
  JSR  -11.0 dB  BER 2.81e-03  P(det)@0.05 power_one_sided 1.000 power_two_sided 1.000 kurtosis 0.902 spec_cnn 1.000  (15s)
  JSR  -10.0 dB  BER 3.46e-03  P(det)@0.05 power_one_sided 0.998 power_two_sided 0.998 kurtosis 0.930 spec_cnn 1.000  (15s)
  JSR   -9.0 dB  BER 3.56e-03  P(det)@0.05 power_one_sided 1.000 power_two_sided 1.000 kurtosis 0.977 spec_cnn 1.000  (15s)
  JSR   -8.0 dB  BER 4.03e-03  P(det)@0.05 power_one_sided 1.000 power_two_sided 1.000 kurtosis 0.996 spec_cnn 1.000  (16s)
  JSR   -7.0 dB  BER 5.36e-03  P(det)@0.05 power_one_sided 1.000 power_two_sided 1.000 kurtosis 0.996 spec_cnn 1.000  (16s)
  JSR   -6.0 dB  BER 7.05e-03  P(det)@0.05 power_one_sided 1.000 power_two_sided 1.000 kurtosis 1.000 spec_cnn 1.000  (16s)
  JSR   -5.0 dB  BER 1.10e-02  P(det)@0.05 power_one_sided 1.000 power_two_sided 1.000 kurtosis 1.000 spec_cnn 1.000  (17s)
  JSR   -4.0 dB  BER 1.69e-02  P(det)@0.05 power_one_sided 1.000 power_two_sided 1.000 kurtosis 1.000 spec_cnn 1.000  (17s)
  JSR   -3.0 dB  BER 2.62e-02  P(det)@0.05 power_one_sided 1.000 power_two_sided 1.000 kurtosis 1.000 spec_cnn 1.000  (17s)
  JSR   -2.0 dB  BER 3.90e-02  P(det)@0.05 power_one_sided 1.000 power_two_sided 1.000 kurtosis 1.000 spec_cnn 1.000  (18s)
  JSR   -1.0 dB  BER 5.61e-02  P(det)@0.05 power_one_sided 1.000 power_two_sided 1.000 kurtosis 1.000 spec_cnn 1.000  (18s)
  JSR   +0.0 dB  BER 7.26e-02  P(det)@0.05 power_one_sided 1.000 power_two_sided 1.000 kurtosis 1.000 spec_cnn 1.000  (19s)
  JSR   +1.0 dB  BER 9.61e-02  P(det)@0.05 power_one_sided 1.000 power_two_sided 1.000 kurtosis 1.000 spec_cnn 1.000  (19s)
  JSR   +2.0 dB  BER 1.19e-01  P(det)@0.05 power_one_sided 1.000 power_two_sided 1.000 kurtosis 1.000 spec_cnn 1.000  (19s)
  JSR   +3.0 dB  BER 1.43e-01  P(det)@0.05 power_one_sided 1.000 power_two_sided 1.000 kurtosis 1.000 spec_cnn 1.000  (20s)
  JSR   +4.0 dB  BER 1.68e-01  P(det)@0.05 power_one_sided 1.000 power_two_sided 1.000 kurtosis 1.000 spec_cnn 1.000  (20s)
  JSR   +5.0 dB  BER 1.98e-01  P(det)@0.05 power_one_sided 1.000 power_two_sided 1.000 kurtosis 1.000 spec_cnn 1.000  (20s)
  JSR   +6.0 dB  BER 2.22e-01  P(det)@0.05 power_one_sided 1.000 power_two_sided 1.000 kurtosis 1.000 spec_cnn 1.000  (21s)
  JSR   +7.0 dB  BER 2.50e-01  P(det)@0.05 power_one_sided 1.000 power_two_sided 1.000 kurtosis 1.000 spec_cnn 1.000  (21s)
  JSR   +8.0 dB  BER 2.76e-01  P(det)@0.05 power_one_sided 1.000 power_two_sided 1.000 kurtosis 1.000 spec_cnn 1.000  (22s)
  JSR   +9.0 dB  BER 2.93e-01  P(det)@0.05 power_one_sided 1.000 power_two_sided 1.000 kurtosis 1.000 spec_cnn 1.000  (22s)
  JSR  +10.0 dB  BER 3.12e-01  P(det)@0.05 power_one_sided 1.000 power_two_sided 1.000 kurtosis 1.000 spec_cnn 1.000  (22s)
  JSR  +11.0 dB  BER 3.30e-01  P(det)@0.05 power_one_sided 1.000 power_two_sided 1.000 kurtosis 1.000 spec_cnn 1.000  (23s)
  JSR  +12.0 dB  BER 3.50e-01  P(det)@0.05 power_one_sided 1.000 power_two_sided 1.000 kurtosis 1.000 spec_cnn 1.000  (23s)
  JSR  +13.0 dB  BER 3.67e-01  P(det)@0.05 power_one_sided 1.000 power_two_sided 1.000 kurtosis 1.000 spec_cnn 1.000  (23s)
  JSR  +14.0 dB  BER 3.80e-01  P(det)@0.05 power_one_sided 1.000 power_two_sided 1.000 kurtosis 1.000 spec_cnn 1.000  (24s)
  JSR  +15.0 dB  BER 3.93e-01  P(det)@0.05 power_one_sided 1.000 power_two_sided 1.000 kurtosis 1.000 spec_cnn 1.000  (24s)
  [snr_20] spec_cnn_b1000 confirmed: {"power_one_sided": {"0.01": {"index": 0, "sweep_ber": 0.0, "sweep_pdet": 0.01171875, "confirmed_ber": 0.0, "confirmed_ser": 0.0, "confirmed_pdet": 0.0068359375, "passed": true}, "0.05": {"index": 0, "sweep_ber": 0.0, "sweep_pdet": 0.052734375, "confirmed_ber": 0.0, "confirmed_ser": 0.0, "confirmed_pdet": 0.05224609375, "passed": true}}, "power_two_sided": {"0.01": {"index": 0, "sweep_ber": 0.0, "sweep_pdet": 0.0078125, "confirmed_ber": 0.0, "confirmed_ser": 0.0, "confirmed_pdet": 0.01025390625, "passed": true}, "0.05": {"index": 0, "sweep_ber": 0.0, "sweep_pdet": 0.046875, "confirmed_ber": 0.0, "confirmed_ser": 0.0, "confirmed_pdet": 0.0556640625, "passed": true}}, "kurtosis": {"0.01": {"index": 0, "sweep_ber": 0.0, "sweep_pdet": 0.013671875, "confirmed_ber": 0.0, "confirmed_ser": 0.0, "confirmed_pdet": 0.01025390625, "passed": true}, "0.05": {"index": 0, "sweep_ber": 0.0, "sweep_pdet": 0.05859375, "confirmed_ber": 0.0, "confirmed_ser": 0.0, "confirmed_pdet": 0.043212890625, "passed": true}}, "spec_cnn": {"0.01": {"index": 2, "sweep_ber": 0.0, "sweep_pdet": 0.017578125, "confirmed_ber": 0.0, "confirmed_ser": 0.0, "confirmed_pdet": 0.009765625, "passed": true}, "0.05": {"index": 1, "sweep_ber": 0.0, "sweep_pdet": 0.060546875, "confirmed_ber": 0.0, "confirmed_ser": 0.0, "confirmed_pdet": 0.049072265625, "passed": true}}}  (1225s)
  [snr_20] generator spec_cnn_b10000 (scale 0.4022)
  JSR  -50.0 dB  BER 0.00e+00  P(det)@0.05 power_one_sided 0.053 power_two_sided 0.051 kurtosis 0.049 spec_cnn 0.047  (0s)
  JSR  -49.0 dB  BER 0.00e+00  P(det)@0.05 power_one_sided 0.064 power_two_sided 0.061 kurtosis 0.057 spec_cnn 0.051  (1s)
  JSR  -48.0 dB  BER 0.00e+00  P(det)@0.05 power_one_sided 0.061 power_two_sided 0.070 kurtosis 0.051 spec_cnn 0.037  (1s)
  JSR  -47.0 dB  BER 0.00e+00  P(det)@0.05 power_one_sided 0.059 power_two_sided 0.055 kurtosis 0.049 spec_cnn 0.062  (1s)
  JSR  -46.0 dB  BER 0.00e+00  P(det)@0.05 power_one_sided 0.061 power_two_sided 0.047 kurtosis 0.045 spec_cnn 0.049  (2s)
  JSR  -45.0 dB  BER 0.00e+00  P(det)@0.05 power_one_sided 0.051 power_two_sided 0.051 kurtosis 0.061 spec_cnn 0.055  (2s)
  JSR  -44.0 dB  BER 0.00e+00  P(det)@0.05 power_one_sided 0.049 power_two_sided 0.059 kurtosis 0.061 spec_cnn 0.051  (2s)
  JSR  -43.0 dB  BER 0.00e+00  P(det)@0.05 power_one_sided 0.055 power_two_sided 0.051 kurtosis 0.051 spec_cnn 0.053  (3s)
  JSR  -42.0 dB  BER 0.00e+00  P(det)@0.05 power_one_sided 0.061 power_two_sided 0.074 kurtosis 0.047 spec_cnn 0.041  (3s)
  JSR  -41.0 dB  BER 0.00e+00  P(det)@0.05 power_one_sided 0.057 power_two_sided 0.053 kurtosis 0.055 spec_cnn 0.057  (4s)
  JSR  -40.0 dB  BER 0.00e+00  P(det)@0.05 power_one_sided 0.041 power_two_sided 0.055 kurtosis 0.041 spec_cnn 0.062  (4s)
  JSR  -39.0 dB  BER 0.00e+00  P(det)@0.05 power_one_sided 0.061 power_two_sided 0.062 kurtosis 0.041 spec_cnn 0.055  (4s)
  JSR  -38.0 dB  BER 0.00e+00  P(det)@0.05 power_one_sided 0.066 power_two_sided 0.068 kurtosis 0.047 spec_cnn 0.045  (5s)
  JSR  -37.0 dB  BER 0.00e+00  P(det)@0.05 power_one_sided 0.045 power_two_sided 0.047 kurtosis 0.074 spec_cnn 0.043  (5s)
  JSR  -36.0 dB  BER 0.00e+00  P(det)@0.05 power_one_sided 0.066 power_two_sided 0.059 kurtosis 0.037 spec_cnn 0.051  (5s)
  JSR  -35.0 dB  BER 0.00e+00  P(det)@0.05 power_one_sided 0.086 power_two_sided 0.080 kurtosis 0.062 spec_cnn 0.057  (6s)
  JSR  -34.0 dB  BER 0.00e+00  P(det)@0.05 power_one_sided 0.074 power_two_sided 0.082 kurtosis 0.059 spec_cnn 0.047  (6s)
  JSR  -33.0 dB  BER 0.00e+00  P(det)@0.05 power_one_sided 0.076 power_two_sided 0.078 kurtosis 0.066 spec_cnn 0.072  (6s)
  JSR  -32.0 dB  BER 0.00e+00  P(det)@0.05 power_one_sided 0.131 power_two_sided 0.117 kurtosis 0.047 spec_cnn 0.055  (7s)
  JSR  -31.0 dB  BER 0.00e+00  P(det)@0.05 power_one_sided 0.137 power_two_sided 0.113 kurtosis 0.051 spec_cnn 0.061  (7s)
  JSR  -30.0 dB  BER 0.00e+00  P(det)@0.05 power_one_sided 0.145 power_two_sided 0.146 kurtosis 0.043 spec_cnn 0.053  (8s)
  JSR  -29.0 dB  BER 0.00e+00  P(det)@0.05 power_one_sided 0.172 power_two_sided 0.162 kurtosis 0.045 spec_cnn 0.068  (8s)
  JSR  -28.0 dB  BER 0.00e+00  P(det)@0.05 power_one_sided 0.203 power_two_sided 0.184 kurtosis 0.041 spec_cnn 0.088  (8s)
  JSR  -27.0 dB  BER 0.00e+00  P(det)@0.05 power_one_sided 0.221 power_two_sided 0.217 kurtosis 0.035 spec_cnn 0.100  (9s)
  JSR  -26.0 dB  BER 0.00e+00  P(det)@0.05 power_one_sided 0.262 power_two_sided 0.244 kurtosis 0.047 spec_cnn 0.078  (9s)
  JSR  -25.0 dB  BER 0.00e+00  P(det)@0.05 power_one_sided 0.342 power_two_sided 0.332 kurtosis 0.061 spec_cnn 0.123  (9s)
  JSR  -24.0 dB  BER 0.00e+00  P(det)@0.05 power_one_sided 0.398 power_two_sided 0.387 kurtosis 0.053 spec_cnn 0.117  (10s)
  JSR  -23.0 dB  BER 0.00e+00  P(det)@0.05 power_one_sided 0.457 power_two_sided 0.438 kurtosis 0.061 spec_cnn 0.141  (10s)
  JSR  -22.0 dB  BER 0.00e+00  P(det)@0.05 power_one_sided 0.500 power_two_sided 0.486 kurtosis 0.064 spec_cnn 0.150  (11s)
  JSR  -21.0 dB  BER 0.00e+00  P(det)@0.05 power_one_sided 0.590 power_two_sided 0.598 kurtosis 0.062 spec_cnn 0.166  (11s)
  JSR  -20.0 dB  BER 0.00e+00  P(det)@0.05 power_one_sided 0.672 power_two_sided 0.674 kurtosis 0.064 spec_cnn 0.191  (11s)
  JSR  -19.0 dB  BER 0.00e+00  P(det)@0.05 power_one_sided 0.721 power_two_sided 0.719 kurtosis 0.104 spec_cnn 0.262  (12s)
  JSR  -18.0 dB  BER 0.00e+00  P(det)@0.05 power_one_sided 0.814 power_two_sided 0.811 kurtosis 0.119 spec_cnn 0.303  (12s)
  JSR  -17.0 dB  BER 0.00e+00  P(det)@0.05 power_one_sided 0.838 power_two_sided 0.832 kurtosis 0.143 spec_cnn 0.383  (12s)
  JSR  -16.0 dB  BER 0.00e+00  P(det)@0.05 power_one_sided 0.938 power_two_sided 0.941 kurtosis 0.197 spec_cnn 0.479  (13s)
  JSR  -15.0 dB  BER 0.00e+00  P(det)@0.05 power_one_sided 0.955 power_two_sided 0.959 kurtosis 0.303 spec_cnn 0.645  (13s)
  JSR  -14.0 dB  BER 0.00e+00  P(det)@0.05 power_one_sided 0.969 power_two_sided 0.977 kurtosis 0.439 spec_cnn 0.727  (14s)
  JSR  -13.0 dB  BER 2.29e-05  P(det)@0.05 power_one_sided 0.984 power_two_sided 0.986 kurtosis 0.572 spec_cnn 0.838  (14s)
  JSR  -12.0 dB  BER 1.07e-04  P(det)@0.05 power_one_sided 0.992 power_two_sided 0.990 kurtosis 0.760 spec_cnn 0.947  (14s)
  JSR  -11.0 dB  BER 2.21e-04  P(det)@0.05 power_one_sided 1.000 power_two_sided 1.000 kurtosis 0.885 spec_cnn 0.984  (15s)
  JSR  -10.0 dB  BER 5.87e-04  P(det)@0.05 power_one_sided 1.000 power_two_sided 1.000 kurtosis 0.965 spec_cnn 0.998  (15s)
  JSR   -9.0 dB  BER 1.50e-03  P(det)@0.05 power_one_sided 1.000 power_two_sided 1.000 kurtosis 0.988 spec_cnn 1.000  (15s)
  JSR   -8.0 dB  BER 2.98e-03  P(det)@0.05 power_one_sided 1.000 power_two_sided 1.000 kurtosis 0.996 spec_cnn 1.000  (16s)
  JSR   -7.0 dB  BER 4.91e-03  P(det)@0.05 power_one_sided 1.000 power_two_sided 1.000 kurtosis 1.000 spec_cnn 1.000  (16s)
  JSR   -6.0 dB  BER 8.89e-03  P(det)@0.05 power_one_sided 1.000 power_two_sided 1.000 kurtosis 1.000 spec_cnn 1.000  (17s)
  JSR   -5.0 dB  BER 1.61e-02  P(det)@0.05 power_one_sided 1.000 power_two_sided 1.000 kurtosis 1.000 spec_cnn 1.000  (17s)
  JSR   -4.0 dB  BER 3.01e-02  P(det)@0.05 power_one_sided 1.000 power_two_sided 1.000 kurtosis 1.000 spec_cnn 1.000  (17s)
  JSR   -3.0 dB  BER 4.81e-02  P(det)@0.05 power_one_sided 1.000 power_two_sided 1.000 kurtosis 1.000 spec_cnn 1.000  (18s)
  JSR   -2.0 dB  BER 7.26e-02  P(det)@0.05 power_one_sided 1.000 power_two_sided 1.000 kurtosis 1.000 spec_cnn 1.000  (18s)
  JSR   -1.0 dB  BER 9.94e-02  P(det)@0.05 power_one_sided 1.000 power_two_sided 1.000 kurtosis 1.000 spec_cnn 1.000  (18s)
  JSR   +0.0 dB  BER 1.28e-01  P(det)@0.05 power_one_sided 1.000 power_two_sided 1.000 kurtosis 1.000 spec_cnn 1.000  (19s)
  JSR   +1.0 dB  BER 1.60e-01  P(det)@0.05 power_one_sided 1.000 power_two_sided 1.000 kurtosis 1.000 spec_cnn 1.000  (19s)
  JSR   +2.0 dB  BER 1.90e-01  P(det)@0.05 power_one_sided 1.000 power_two_sided 1.000 kurtosis 1.000 spec_cnn 1.000  (20s)
  JSR   +3.0 dB  BER 2.18e-01  P(det)@0.05 power_one_sided 1.000 power_two_sided 1.000 kurtosis 1.000 spec_cnn 1.000  (20s)
  JSR   +4.0 dB  BER 2.42e-01  P(det)@0.05 power_one_sided 1.000 power_two_sided 1.000 kurtosis 1.000 spec_cnn 1.000  (20s)
  JSR   +5.0 dB  BER 2.67e-01  P(det)@0.05 power_one_sided 1.000 power_two_sided 1.000 kurtosis 1.000 spec_cnn 1.000  (21s)
  JSR   +6.0 dB  BER 2.91e-01  P(det)@0.05 power_one_sided 1.000 power_two_sided 1.000 kurtosis 1.000 spec_cnn 1.000  (21s)
  JSR   +7.0 dB  BER 3.09e-01  P(det)@0.05 power_one_sided 1.000 power_two_sided 1.000 kurtosis 1.000 spec_cnn 1.000  (22s)
  JSR   +8.0 dB  BER 3.31e-01  P(det)@0.05 power_one_sided 1.000 power_two_sided 1.000 kurtosis 1.000 spec_cnn 1.000  (22s)
  JSR   +9.0 dB  BER 3.47e-01  P(det)@0.05 power_one_sided 1.000 power_two_sided 1.000 kurtosis 1.000 spec_cnn 1.000  (22s)
  JSR  +10.0 dB  BER 3.66e-01  P(det)@0.05 power_one_sided 1.000 power_two_sided 1.000 kurtosis 0.996 spec_cnn 1.000  (23s)
  JSR  +11.0 dB  BER 3.78e-01  P(det)@0.05 power_one_sided 1.000 power_two_sided 1.000 kurtosis 0.996 spec_cnn 1.000  (23s)
  JSR  +12.0 dB  BER 3.92e-01  P(det)@0.05 power_one_sided 1.000 power_two_sided 1.000 kurtosis 0.994 spec_cnn 1.000  (23s)
  JSR  +13.0 dB  BER 4.00e-01  P(det)@0.05 power_one_sided 1.000 power_two_sided 1.000 kurtosis 0.992 spec_cnn 1.000  (24s)
  JSR  +14.0 dB  BER 4.13e-01  P(det)@0.05 power_one_sided 1.000 power_two_sided 1.000 kurtosis 0.992 spec_cnn 1.000  (24s)
  JSR  +15.0 dB  BER 4.26e-01  P(det)@0.05 power_one_sided 1.000 power_two_sided 1.000 kurtosis 0.982 spec_cnn 1.000  (25s)
  [snr_20] spec_cnn_b10000 confirmed: {"power_one_sided": {"0.01": {"index": 0, "sweep_ber": 0.0, "sweep_pdet": 0.013671875, "confirmed_ber": 0.0, "confirmed_ser": 0.0, "confirmed_pdet": 0.008544921875, "passed": true}, "0.05": {"index": 0, "sweep_ber": 0.0, "sweep_pdet": 0.052734375, "confirmed_ber": 0.0, "confirmed_ser": 0.0, "confirmed_pdet": 0.048583984375, "passed": true}}, "power_two_sided": {"0.01": {"index": 0, "sweep_ber": 0.0, "sweep_pdet": 0.01171875, "confirmed_ber": 0.0, "confirmed_ser": 0.0, "confirmed_pdet": 0.01025390625, "passed": true}, "0.05": {"index": 0, "sweep_ber": 0.0, "sweep_pdet": 0.05078125, "confirmed_ber": 0.0, "confirmed_ser": 0.0, "confirmed_pdet": 0.05615234375, "passed": true}}, "kurtosis": {"0.01": {"index": 0, "sweep_ber": 0.0, "sweep_pdet": 0.0078125, "confirmed_ber": 0.0, "confirmed_ser": 0.0, "confirmed_pdet": 0.0087890625, "passed": true}, "0.05": {"index": 0, "sweep_ber": 0.0, "sweep_pdet": 0.048828125, "confirmed_ber": 0.0, "confirmed_ser": 0.0, "confirmed_pdet": 0.046142578125, "passed": true}}, "spec_cnn": {"0.01": {"index": 0, "sweep_ber": 0.0, "sweep_pdet": 0.01171875, "confirmed_ber": 0.0, "confirmed_ser": 0.0, "confirmed_pdet": 0.0126953125, "passed": true}, "0.05": {"index": 0, "sweep_ber": 0.0, "sweep_pdet": 0.046875, "confirmed_ber": 0.0, "confirmed_ser": 0.0, "confirmed_pdet": 0.056884765625, "passed": false}}}  (1273s)
  [snr_20] generator spec_cnn_b100000 (scale 0.4022)
  JSR  -50.0 dB  BER 0.00e+00  P(det)@0.05 power_one_sided 0.039 power_two_sided 0.049 kurtosis 0.057 spec_cnn 0.059  (0s)
  JSR  -49.0 dB  BER 0.00e+00  P(det)@0.05 power_one_sided 0.057 power_two_sided 0.053 kurtosis 0.066 spec_cnn 0.061  (1s)
  JSR  -48.0 dB  BER 0.00e+00  P(det)@0.05 power_one_sided 0.055 power_two_sided 0.039 kurtosis 0.041 spec_cnn 0.062  (1s)
  JSR  -47.0 dB  BER 0.00e+00  P(det)@0.05 power_one_sided 0.059 power_two_sided 0.064 kurtosis 0.057 spec_cnn 0.066  (1s)
  JSR  -46.0 dB  BER 0.00e+00  P(det)@0.05 power_one_sided 0.057 power_two_sided 0.051 kurtosis 0.033 spec_cnn 0.047  (2s)
  JSR  -45.0 dB  BER 0.00e+00  P(det)@0.05 power_one_sided 0.072 power_two_sided 0.061 kurtosis 0.041 spec_cnn 0.068  (2s)
  JSR  -44.0 dB  BER 0.00e+00  P(det)@0.05 power_one_sided 0.070 power_two_sided 0.074 kurtosis 0.045 spec_cnn 0.055  (3s)
  JSR  -43.0 dB  BER 0.00e+00  P(det)@0.05 power_one_sided 0.051 power_two_sided 0.043 kurtosis 0.049 spec_cnn 0.057  (3s)
  JSR  -42.0 dB  BER 0.00e+00  P(det)@0.05 power_one_sided 0.047 power_two_sided 0.055 kurtosis 0.025 spec_cnn 0.053  (3s)
  JSR  -41.0 dB  BER 0.00e+00  P(det)@0.05 power_one_sided 0.062 power_two_sided 0.057 kurtosis 0.057 spec_cnn 0.041  (4s)
  JSR  -40.0 dB  BER 0.00e+00  P(det)@0.05 power_one_sided 0.068 power_two_sided 0.062 kurtosis 0.033 spec_cnn 0.076  (4s)
  JSR  -39.0 dB  BER 0.00e+00  P(det)@0.05 power_one_sided 0.082 power_two_sided 0.066 kurtosis 0.059 spec_cnn 0.062  (4s)
  JSR  -38.0 dB  BER 0.00e+00  P(det)@0.05 power_one_sided 0.070 power_two_sided 0.064 kurtosis 0.051 spec_cnn 0.051  (5s)
  JSR  -37.0 dB  BER 0.00e+00  P(det)@0.05 power_one_sided 0.078 power_two_sided 0.068 kurtosis 0.047 spec_cnn 0.045  (5s)
  JSR  -36.0 dB  BER 0.00e+00  P(det)@0.05 power_one_sided 0.066 power_two_sided 0.059 kurtosis 0.051 spec_cnn 0.059  (5s)
  JSR  -35.0 dB  BER 0.00e+00  P(det)@0.05 power_one_sided 0.102 power_two_sided 0.092 kurtosis 0.059 spec_cnn 0.053  (6s)
  JSR  -34.0 dB  BER 0.00e+00  P(det)@0.05 power_one_sided 0.088 power_two_sided 0.088 kurtosis 0.043 spec_cnn 0.062  (6s)
  JSR  -33.0 dB  BER 0.00e+00  P(det)@0.05 power_one_sided 0.113 power_two_sided 0.102 kurtosis 0.055 spec_cnn 0.064  (7s)
  JSR  -32.0 dB  BER 0.00e+00  P(det)@0.05 power_one_sided 0.119 power_two_sided 0.109 kurtosis 0.039 spec_cnn 0.064  (7s)
  JSR  -31.0 dB  BER 0.00e+00  P(det)@0.05 power_one_sided 0.115 power_two_sided 0.123 kurtosis 0.059 spec_cnn 0.057  (7s)
  JSR  -30.0 dB  BER 0.00e+00  P(det)@0.05 power_one_sided 0.182 power_two_sided 0.152 kurtosis 0.045 spec_cnn 0.068  (8s)
  JSR  -29.0 dB  BER 0.00e+00  P(det)@0.05 power_one_sided 0.168 power_two_sided 0.166 kurtosis 0.035 spec_cnn 0.086  (8s)
  JSR  -28.0 dB  BER 0.00e+00  P(det)@0.05 power_one_sided 0.189 power_two_sided 0.203 kurtosis 0.061 spec_cnn 0.078  (8s)
  JSR  -27.0 dB  BER 0.00e+00  P(det)@0.05 power_one_sided 0.225 power_two_sided 0.227 kurtosis 0.037 spec_cnn 0.082  (9s)
  JSR  -26.0 dB  BER 0.00e+00  P(det)@0.05 power_one_sided 0.238 power_two_sided 0.246 kurtosis 0.047 spec_cnn 0.068  (9s)
  JSR  -25.0 dB  BER 0.00e+00  P(det)@0.05 power_one_sided 0.391 power_two_sided 0.342 kurtosis 0.059 spec_cnn 0.098  (10s)
  JSR  -24.0 dB  BER 0.00e+00  P(det)@0.05 power_one_sided 0.387 power_two_sided 0.346 kurtosis 0.061 spec_cnn 0.109  (10s)
  JSR  -23.0 dB  BER 0.00e+00  P(det)@0.05 power_one_sided 0.471 power_two_sided 0.457 kurtosis 0.076 spec_cnn 0.121  (10s)
  JSR  -22.0 dB  BER 0.00e+00  P(det)@0.05 power_one_sided 0.525 power_two_sided 0.527 kurtosis 0.064 spec_cnn 0.139  (11s)
  JSR  -21.0 dB  BER 0.00e+00  P(det)@0.05 power_one_sided 0.578 power_two_sided 0.580 kurtosis 0.070 spec_cnn 0.139  (11s)
  JSR  -20.0 dB  BER 0.00e+00  P(det)@0.05 power_one_sided 0.645 power_two_sided 0.656 kurtosis 0.074 spec_cnn 0.156  (11s)
  JSR  -19.0 dB  BER 0.00e+00  P(det)@0.05 power_one_sided 0.715 power_two_sided 0.703 kurtosis 0.096 spec_cnn 0.207  (12s)
  JSR  -18.0 dB  BER 0.00e+00  P(det)@0.05 power_one_sided 0.822 power_two_sided 0.826 kurtosis 0.133 spec_cnn 0.211  (12s)
  JSR  -17.0 dB  BER 0.00e+00  P(det)@0.05 power_one_sided 0.867 power_two_sided 0.883 kurtosis 0.180 spec_cnn 0.271  (13s)
  JSR  -16.0 dB  BER 0.00e+00  P(det)@0.05 power_one_sided 0.916 power_two_sided 0.918 kurtosis 0.240 spec_cnn 0.373  (13s)
  JSR  -15.0 dB  BER 0.00e+00  P(det)@0.05 power_one_sided 0.932 power_two_sided 0.924 kurtosis 0.318 spec_cnn 0.453  (13s)
  JSR  -14.0 dB  BER 0.00e+00  P(det)@0.05 power_one_sided 0.939 power_two_sided 0.951 kurtosis 0.469 spec_cnn 0.514  (14s)
  JSR  -13.0 dB  BER 0.00e+00  P(det)@0.05 power_one_sided 0.979 power_two_sided 0.975 kurtosis 0.600 spec_cnn 0.682  (14s)
  JSR  -12.0 dB  BER 0.00e+00  P(det)@0.05 power_one_sided 0.998 power_two_sided 1.000 kurtosis 0.766 spec_cnn 0.793  (14s)
  JSR  -11.0 dB  BER 7.63e-06  P(det)@0.05 power_one_sided 0.992 power_two_sided 0.992 kurtosis 0.918 spec_cnn 0.904  (15s)
  JSR  -10.0 dB  BER 4.58e-05  P(det)@0.05 power_one_sided 1.000 power_two_sided 1.000 kurtosis 0.957 spec_cnn 0.969  (15s)
  JSR   -9.0 dB  BER 1.53e-04  P(det)@0.05 power_one_sided 0.998 power_two_sided 1.000 kurtosis 0.986 spec_cnn 0.994  (16s)
  JSR   -8.0 dB  BER 8.24e-04  P(det)@0.05 power_one_sided 1.000 power_two_sided 1.000 kurtosis 0.996 spec_cnn 0.998  (16s)
  JSR   -7.0 dB  BER 2.32e-03  P(det)@0.05 power_one_sided 1.000 power_two_sided 1.000 kurtosis 0.998 spec_cnn 1.000  (16s)
  JSR   -6.0 dB  BER 6.28e-03  P(det)@0.05 power_one_sided 1.000 power_two_sided 1.000 kurtosis 1.000 spec_cnn 1.000  (17s)
  JSR   -5.0 dB  BER 1.38e-02  P(det)@0.05 power_one_sided 1.000 power_two_sided 1.000 kurtosis 1.000 spec_cnn 1.000  (17s)
  JSR   -4.0 dB  BER 3.02e-02  P(det)@0.05 power_one_sided 1.000 power_two_sided 1.000 kurtosis 1.000 spec_cnn 1.000  (17s)
  JSR   -3.0 dB  BER 5.40e-02  P(det)@0.05 power_one_sided 1.000 power_two_sided 1.000 kurtosis 1.000 spec_cnn 1.000  (18s)
  JSR   -2.0 dB  BER 8.16e-02  P(det)@0.05 power_one_sided 1.000 power_two_sided 1.000 kurtosis 1.000 spec_cnn 1.000  (18s)
  JSR   -1.0 dB  BER 1.12e-01  P(det)@0.05 power_one_sided 1.000 power_two_sided 1.000 kurtosis 1.000 spec_cnn 1.000  (18s)
  JSR   +0.0 dB  BER 1.45e-01  P(det)@0.05 power_one_sided 1.000 power_two_sided 1.000 kurtosis 1.000 spec_cnn 1.000  (19s)
  JSR   +1.0 dB  BER 1.72e-01  P(det)@0.05 power_one_sided 1.000 power_two_sided 1.000 kurtosis 1.000 spec_cnn 1.000  (19s)
  JSR   +2.0 dB  BER 2.07e-01  P(det)@0.05 power_one_sided 1.000 power_two_sided 1.000 kurtosis 1.000 spec_cnn 1.000  (20s)
  JSR   +3.0 dB  BER 2.32e-01  P(det)@0.05 power_one_sided 1.000 power_two_sided 1.000 kurtosis 1.000 spec_cnn 1.000  (20s)
  JSR   +4.0 dB  BER 2.60e-01  P(det)@0.05 power_one_sided 1.000 power_two_sided 1.000 kurtosis 1.000 spec_cnn 1.000  (20s)
  JSR   +5.0 dB  BER 2.84e-01  P(det)@0.05 power_one_sided 1.000 power_two_sided 1.000 kurtosis 1.000 spec_cnn 1.000  (21s)
  JSR   +6.0 dB  BER 3.05e-01  P(det)@0.05 power_one_sided 1.000 power_two_sided 1.000 kurtosis 0.994 spec_cnn 1.000  (21s)
  JSR   +7.0 dB  BER 3.28e-01  P(det)@0.05 power_one_sided 1.000 power_two_sided 1.000 kurtosis 0.979 spec_cnn 1.000  (21s)
  JSR   +8.0 dB  BER 3.42e-01  P(det)@0.05 power_one_sided 1.000 power_two_sided 1.000 kurtosis 0.947 spec_cnn 1.000  (22s)
  JSR   +9.0 dB  BER 3.61e-01  P(det)@0.05 power_one_sided 1.000 power_two_sided 1.000 kurtosis 0.918 spec_cnn 1.000  (22s)
  JSR  +10.0 dB  BER 3.77e-01  P(det)@0.05 power_one_sided 1.000 power_two_sided 1.000 kurtosis 0.832 spec_cnn 1.000  (23s)
  JSR  +11.0 dB  BER 3.91e-01  P(det)@0.05 power_one_sided 1.000 power_two_sided 1.000 kurtosis 0.795 spec_cnn 1.000  (23s)
  JSR  +12.0 dB  BER 4.03e-01  P(det)@0.05 power_one_sided 1.000 power_two_sided 1.000 kurtosis 0.773 spec_cnn 1.000  (23s)
  JSR  +13.0 dB  BER 4.12e-01  P(det)@0.05 power_one_sided 1.000 power_two_sided 1.000 kurtosis 0.756 spec_cnn 1.000  (24s)
  JSR  +14.0 dB  BER 4.25e-01  P(det)@0.05 power_one_sided 1.000 power_two_sided 1.000 kurtosis 0.762 spec_cnn 1.000  (24s)
  JSR  +15.0 dB  BER 4.29e-01  P(det)@0.05 power_one_sided 1.000 power_two_sided 1.000 kurtosis 0.738 spec_cnn 1.000  (24s)
  [snr_20] spec_cnn_b100000 confirmed: {"power_one_sided": {"0.01": {"index": 0, "sweep_ber": 0.0, "sweep_pdet": 0.00390625, "confirmed_ber": 0.0, "confirmed_ser": 0.0, "confirmed_pdet": 0.00927734375, "passed": true}, "0.05": {"index": 0, "sweep_ber": 0.0, "sweep_pdet": 0.0390625, "confirmed_ber": 0.0, "confirmed_ser": 0.0, "confirmed_pdet": 0.048583984375, "passed": true}}, "power_two_sided": {"0.01": {"index": 0, "sweep_ber": 0.0, "sweep_pdet": 0.009765625, "confirmed_ber": 0.0, "confirmed_ser": 0.0, "confirmed_pdet": 0.012451171875, "passed": true}, "0.05": {"index": 0, "sweep_ber": 0.0, "sweep_pdet": 0.048828125, "confirmed_ber": 0.0, "confirmed_ser": 0.0, "confirmed_pdet": 0.0576171875, "passed": false}}, "kurtosis": {"0.01": {"index": 0, "sweep_ber": 0.0, "sweep_pdet": 0.013671875, "confirmed_ber": 0.0, "confirmed_ser": 0.0, "confirmed_pdet": 0.00830078125, "passed": true}, "0.05": {"index": 0, "sweep_ber": 0.0, "sweep_pdet": 0.056640625, "confirmed_ber": 0.0, "confirmed_ser": 0.0, "confirmed_pdet": 0.05126953125, "passed": true}}, "spec_cnn": {"0.01": {"index": 0, "sweep_ber": 0.0, "sweep_pdet": 0.005859375, "confirmed_ber": 0.0, "confirmed_ser": 0.0, "confirmed_pdet": 0.012451171875, "passed": true}, "0.05": {"index": 0, "sweep_ber": 0.0, "sweep_pdet": 0.05859375, "confirmed_ber": 0.0, "confirmed_ser": 0.0, "confirmed_pdet": 0.05322265625, "passed": true}}}  (1322s)
  [snr_20] generator spec_cnn_b1e+06 (scale 0.4022)
  JSR  -50.0 dB  BER 0.00e+00  P(det)@0.05 power_one_sided 0.043 power_two_sided 0.045 kurtosis 0.062 spec_cnn 0.051  (0s)
  JSR  -49.0 dB  BER 0.00e+00  P(det)@0.05 power_one_sided 0.055 power_two_sided 0.057 kurtosis 0.043 spec_cnn 0.051  (1s)
  JSR  -48.0 dB  BER 0.00e+00  P(det)@0.05 power_one_sided 0.059 power_two_sided 0.045 kurtosis 0.074 spec_cnn 0.027  (1s)
  JSR  -47.0 dB  BER 0.00e+00  P(det)@0.05 power_one_sided 0.045 power_two_sided 0.053 kurtosis 0.037 spec_cnn 0.041  (1s)
  JSR  -46.0 dB  BER 0.00e+00  P(det)@0.05 power_one_sided 0.049 power_two_sided 0.039 kurtosis 0.049 spec_cnn 0.041  (2s)
  JSR  -45.0 dB  BER 0.00e+00  P(det)@0.05 power_one_sided 0.062 power_two_sided 0.070 kurtosis 0.049 spec_cnn 0.035  (2s)
  JSR  -44.0 dB  BER 0.00e+00  P(det)@0.05 power_one_sided 0.043 power_two_sided 0.047 kurtosis 0.061 spec_cnn 0.059  (3s)
  JSR  -43.0 dB  BER 0.00e+00  P(det)@0.05 power_one_sided 0.061 power_two_sided 0.055 kurtosis 0.051 spec_cnn 0.055  (3s)
  JSR  -42.0 dB  BER 0.00e+00  P(det)@0.05 power_one_sided 0.047 power_two_sided 0.064 kurtosis 0.061 spec_cnn 0.053  (3s)
  JSR  -41.0 dB  BER 0.00e+00  P(det)@0.05 power_one_sided 0.066 power_two_sided 0.070 kurtosis 0.037 spec_cnn 0.053  (4s)
  JSR  -40.0 dB  BER 0.00e+00  P(det)@0.05 power_one_sided 0.066 power_two_sided 0.062 kurtosis 0.055 spec_cnn 0.045  (4s)
  JSR  -39.0 dB  BER 0.00e+00  P(det)@0.05 power_one_sided 0.061 power_two_sided 0.049 kurtosis 0.049 spec_cnn 0.047  (4s)
  JSR  -38.0 dB  BER 0.00e+00  P(det)@0.05 power_one_sided 0.066 power_two_sided 0.070 kurtosis 0.047 spec_cnn 0.051  (5s)
  JSR  -37.0 dB  BER 0.00e+00  P(det)@0.05 power_one_sided 0.064 power_two_sided 0.068 kurtosis 0.043 spec_cnn 0.033  (5s)
  JSR  -36.0 dB  BER 0.00e+00  P(det)@0.05 power_one_sided 0.086 power_two_sided 0.055 kurtosis 0.049 spec_cnn 0.037  (6s)
  JSR  -35.0 dB  BER 0.00e+00  P(det)@0.05 power_one_sided 0.062 power_two_sided 0.059 kurtosis 0.057 spec_cnn 0.064  (6s)
  JSR  -34.0 dB  BER 0.00e+00  P(det)@0.05 power_one_sided 0.064 power_two_sided 0.068 kurtosis 0.037 spec_cnn 0.061  (6s)
  JSR  -33.0 dB  BER 0.00e+00  P(det)@0.05 power_one_sided 0.100 power_two_sided 0.102 kurtosis 0.047 spec_cnn 0.080  (7s)
  JSR  -32.0 dB  BER 0.00e+00  P(det)@0.05 power_one_sided 0.109 power_two_sided 0.102 kurtosis 0.059 spec_cnn 0.049  (7s)
  JSR  -31.0 dB  BER 0.00e+00  P(det)@0.05 power_one_sided 0.133 power_two_sided 0.119 kurtosis 0.059 spec_cnn 0.080  (8s)
  JSR  -30.0 dB  BER 0.00e+00  P(det)@0.05 power_one_sided 0.145 power_two_sided 0.166 kurtosis 0.068 spec_cnn 0.053  (8s)
  JSR  -29.0 dB  BER 0.00e+00  P(det)@0.05 power_one_sided 0.170 power_two_sided 0.176 kurtosis 0.049 spec_cnn 0.059  (8s)
  JSR  -28.0 dB  BER 0.00e+00  P(det)@0.05 power_one_sided 0.227 power_two_sided 0.205 kurtosis 0.059 spec_cnn 0.074  (9s)
  JSR  -27.0 dB  BER 0.00e+00  P(det)@0.05 power_one_sided 0.244 power_two_sided 0.221 kurtosis 0.057 spec_cnn 0.057  (9s)
  JSR  -26.0 dB  BER 0.00e+00  P(det)@0.05 power_one_sided 0.258 power_two_sided 0.271 kurtosis 0.045 spec_cnn 0.066  (9s)
  JSR  -25.0 dB  BER 0.00e+00  P(det)@0.05 power_one_sided 0.330 power_two_sided 0.299 kurtosis 0.051 spec_cnn 0.082  (10s)
  JSR  -24.0 dB  BER 0.00e+00  P(det)@0.05 power_one_sided 0.396 power_two_sided 0.422 kurtosis 0.059 spec_cnn 0.113  (10s)
  JSR  -23.0 dB  BER 0.00e+00  P(det)@0.05 power_one_sided 0.426 power_two_sided 0.416 kurtosis 0.047 spec_cnn 0.125  (11s)
  JSR  -22.0 dB  BER 0.00e+00  P(det)@0.05 power_one_sided 0.514 power_two_sided 0.506 kurtosis 0.061 spec_cnn 0.133  (11s)
  JSR  -21.0 dB  BER 0.00e+00  P(det)@0.05 power_one_sided 0.594 power_two_sided 0.607 kurtosis 0.066 spec_cnn 0.141  (11s)
  JSR  -20.0 dB  BER 0.00e+00  P(det)@0.05 power_one_sided 0.639 power_two_sided 0.654 kurtosis 0.080 spec_cnn 0.164  (12s)
  JSR  -19.0 dB  BER 0.00e+00  P(det)@0.05 power_one_sided 0.732 power_two_sided 0.725 kurtosis 0.088 spec_cnn 0.145  (12s)
  JSR  -18.0 dB  BER 0.00e+00  P(det)@0.05 power_one_sided 0.799 power_two_sided 0.807 kurtosis 0.113 spec_cnn 0.223  (13s)
  JSR  -17.0 dB  BER 0.00e+00  P(det)@0.05 power_one_sided 0.869 power_two_sided 0.871 kurtosis 0.174 spec_cnn 0.297  (13s)
  JSR  -16.0 dB  BER 0.00e+00  P(det)@0.05 power_one_sided 0.910 power_two_sided 0.918 kurtosis 0.225 spec_cnn 0.340  (13s)
  JSR  -15.0 dB  BER 0.00e+00  P(det)@0.05 power_one_sided 0.934 power_two_sided 0.938 kurtosis 0.311 spec_cnn 0.420  (14s)
  JSR  -14.0 dB  BER 0.00e+00  P(det)@0.05 power_one_sided 0.969 power_two_sided 0.975 kurtosis 0.445 spec_cnn 0.527  (14s)
  JSR  -13.0 dB  BER 0.00e+00  P(det)@0.05 power_one_sided 0.980 power_two_sided 0.977 kurtosis 0.656 spec_cnn 0.717  (14s)
  JSR  -12.0 dB  BER 0.00e+00  P(det)@0.05 power_one_sided 0.992 power_two_sided 0.994 kurtosis 0.754 spec_cnn 0.832  (15s)
  JSR  -11.0 dB  BER 7.63e-06  P(det)@0.05 power_one_sided 0.998 power_two_sided 0.998 kurtosis 0.889 spec_cnn 0.945  (15s)
  JSR  -10.0 dB  BER 0.00e+00  P(det)@0.05 power_one_sided 1.000 power_two_sided 1.000 kurtosis 0.977 spec_cnn 0.980  (16s)
  JSR   -9.0 dB  BER 9.92e-05  P(det)@0.05 power_one_sided 1.000 power_two_sided 1.000 kurtosis 0.988 spec_cnn 0.998  (16s)
  JSR   -8.0 dB  BER 2.21e-04  P(det)@0.05 power_one_sided 1.000 power_two_sided 1.000 kurtosis 0.996 spec_cnn 1.000  (16s)
  JSR   -7.0 dB  BER 1.30e-03  P(det)@0.05 power_one_sided 1.000 power_two_sided 1.000 kurtosis 1.000 spec_cnn 1.000  (17s)
  JSR   -6.0 dB  BER 4.22e-03  P(det)@0.05 power_one_sided 1.000 power_two_sided 1.000 kurtosis 1.000 spec_cnn 1.000  (17s)
  JSR   -5.0 dB  BER 1.21e-02  P(det)@0.05 power_one_sided 1.000 power_two_sided 1.000 kurtosis 1.000 spec_cnn 1.000  (17s)
  JSR   -4.0 dB  BER 2.70e-02  P(det)@0.05 power_one_sided 1.000 power_two_sided 1.000 kurtosis 1.000 spec_cnn 1.000  (18s)
  JSR   -3.0 dB  BER 5.09e-02  P(det)@0.05 power_one_sided 1.000 power_two_sided 1.000 kurtosis 1.000 spec_cnn 1.000  (18s)
  JSR   -2.0 dB  BER 7.85e-02  P(det)@0.05 power_one_sided 1.000 power_two_sided 1.000 kurtosis 1.000 spec_cnn 1.000  (19s)
  JSR   -1.0 dB  BER 1.12e-01  P(det)@0.05 power_one_sided 1.000 power_two_sided 1.000 kurtosis 1.000 spec_cnn 1.000  (19s)
  JSR   +0.0 dB  BER 1.40e-01  P(det)@0.05 power_one_sided 1.000 power_two_sided 1.000 kurtosis 1.000 spec_cnn 1.000  (19s)
  JSR   +1.0 dB  BER 1.71e-01  P(det)@0.05 power_one_sided 1.000 power_two_sided 1.000 kurtosis 1.000 spec_cnn 1.000  (20s)
  JSR   +2.0 dB  BER 2.03e-01  P(det)@0.05 power_one_sided 1.000 power_two_sided 1.000 kurtosis 1.000 spec_cnn 1.000  (20s)
  JSR   +3.0 dB  BER 2.34e-01  P(det)@0.05 power_one_sided 1.000 power_two_sided 1.000 kurtosis 1.000 spec_cnn 1.000  (21s)
  JSR   +4.0 dB  BER 2.60e-01  P(det)@0.05 power_one_sided 1.000 power_two_sided 1.000 kurtosis 1.000 spec_cnn 1.000  (21s)
  JSR   +5.0 dB  BER 2.82e-01  P(det)@0.05 power_one_sided 1.000 power_two_sided 1.000 kurtosis 0.998 spec_cnn 1.000  (21s)
  JSR   +6.0 dB  BER 3.05e-01  P(det)@0.05 power_one_sided 1.000 power_two_sided 1.000 kurtosis 0.986 spec_cnn 1.000  (22s)
  JSR   +7.0 dB  BER 3.24e-01  P(det)@0.05 power_one_sided 1.000 power_two_sided 1.000 kurtosis 0.955 spec_cnn 1.000  (22s)
  JSR   +8.0 dB  BER 3.44e-01  P(det)@0.05 power_one_sided 1.000 power_two_sided 1.000 kurtosis 0.922 spec_cnn 1.000  (22s)
  JSR   +9.0 dB  BER 3.57e-01  P(det)@0.05 power_one_sided 1.000 power_two_sided 1.000 kurtosis 0.867 spec_cnn 1.000  (23s)
  JSR  +10.0 dB  BER 3.75e-01  P(det)@0.05 power_one_sided 1.000 power_two_sided 1.000 kurtosis 0.816 spec_cnn 1.000  (23s)
  JSR  +11.0 dB  BER 3.88e-01  P(det)@0.05 power_one_sided 1.000 power_two_sided 1.000 kurtosis 0.779 spec_cnn 1.000  (24s)
  JSR  +12.0 dB  BER 4.00e-01  P(det)@0.05 power_one_sided 1.000 power_two_sided 1.000 kurtosis 0.715 spec_cnn 1.000  (24s)
  JSR  +13.0 dB  BER 4.12e-01  P(det)@0.05 power_one_sided 1.000 power_two_sided 1.000 kurtosis 0.656 spec_cnn 1.000  (24s)
  JSR  +14.0 dB  BER 4.19e-01  P(det)@0.05 power_one_sided 1.000 power_two_sided 1.000 kurtosis 0.654 spec_cnn 1.000  (25s)
  JSR  +15.0 dB  BER 4.27e-01  P(det)@0.05 power_one_sided 1.000 power_two_sided 1.000 kurtosis 0.631 spec_cnn 1.000  (25s)
  [snr_20] spec_cnn_b1e+06 confirmed: {"power_one_sided": {"0.01": {"index": 0, "sweep_ber": 0.0, "sweep_pdet": 0.00390625, "confirmed_ber": 0.0, "confirmed_ser": 0.0, "confirmed_pdet": 0.010986328125, "passed": true}, "0.05": {"index": 0, "sweep_ber": 0.0, "sweep_pdet": 0.04296875, "confirmed_ber": 0.0, "confirmed_ser": 0.0, "confirmed_pdet": 0.05712890625, "passed": false}}, "power_two_sided": {"0.01": {"index": 0, "sweep_ber": 0.0, "sweep_pdet": 0.00390625, "confirmed_ber": 0.0, "confirmed_ser": 0.0, "confirmed_pdet": 0.00927734375, "passed": true}, "0.05": {"index": 0, "sweep_ber": 0.0, "sweep_pdet": 0.044921875, "confirmed_ber": 0.0, "confirmed_ser": 0.0, "confirmed_pdet": 0.05029296875, "passed": true}}, "kurtosis": {"0.01": {"index": 0, "sweep_ber": 0.0, "sweep_pdet": 0.0078125, "confirmed_ber": 0.0, "confirmed_ser": 0.0, "confirmed_pdet": 0.008056640625, "passed": true}, "0.05": {"index": 0, "sweep_ber": 0.0, "sweep_pdet": 0.0625, "confirmed_ber": 0.0, "confirmed_ser": 0.0, "confirmed_pdet": 0.051025390625, "passed": true}}, "spec_cnn": {"0.01": {"index": 0, "sweep_ber": 0.0, "sweep_pdet": 0.0078125, "confirmed_ber": 0.0, "confirmed_ser": 0.0, "confirmed_pdet": 0.009033203125, "passed": true}, "0.05": {"index": 0, "sweep_ber": 0.0, "sweep_pdet": 0.05078125, "confirmed_ber": 0.0, "confirmed_ser": 0.0, "confirmed_pdet": 0.052978515625, "passed": true}}}  (1372s)
wrote ../artifacts/cgan/snr_ablation/run001/snr_snr_20.json in 1372s
