node: artongpu03.ee.ethz.ch | gpu: NVIDIA GeForce RTX 2080 Ti
task 1 | snr_5 | SNR 5 dB | device cuda:0
  [snr_5] scale vmin -19.55 vmax 39.56 dB, n0 3.953e-02  (1s)
  [snr_5] clean BER 2.456e-07, power mean 0.13956, kurtosis mean 1.7399, lrt on  (19s)
detectors: power_one_sided, power_two_sided, kurtosis, spec_cnn, lrt_noise  (thresholds re-calibrated at this level)
clean: BER 0.000e+00 (closed form 2.456e-07), FAR {"power_one_sided": 0.044921875, "power_two_sided": 0.04443359375, "kurtosis": 0.05322265625, "spec_cnn": 0.05419921875}
  [snr_5] classical noise
    JSR  -50.0 dB  BER 0.00e+00  P(det)@0.05 power_one_sided 0.059 power_two_sided 0.055 kurtosis 0.029 spec_cnn 0.061 lrt_noise 0.039  (0s)
    JSR  -49.0 dB  BER 0.00e+00  P(det)@0.05 power_one_sided 0.061 power_two_sided 0.062 kurtosis 0.049 spec_cnn 0.045 lrt_noise 0.059  (1s)
    JSR  -48.0 dB  BER 0.00e+00  P(det)@0.05 power_one_sided 0.057 power_two_sided 0.053 kurtosis 0.037 spec_cnn 0.041 lrt_noise 0.049  (1s)
    JSR  -47.0 dB  BER 0.00e+00  P(det)@0.05 power_one_sided 0.057 power_two_sided 0.037 kurtosis 0.053 spec_cnn 0.061 lrt_noise 0.057  (1s)
    JSR  -46.0 dB  BER 0.00e+00  P(det)@0.05 power_one_sided 0.043 power_two_sided 0.061 kurtosis 0.049 spec_cnn 0.064 lrt_noise 0.066  (2s)
    JSR  -45.0 dB  BER 0.00e+00  P(det)@0.05 power_one_sided 0.072 power_two_sided 0.062 kurtosis 0.041 spec_cnn 0.062 lrt_noise 0.061  (2s)
    JSR  -44.0 dB  BER 0.00e+00  P(det)@0.05 power_one_sided 0.062 power_two_sided 0.066 kurtosis 0.047 spec_cnn 0.057 lrt_noise 0.035  (2s)
    JSR  -43.0 dB  BER 0.00e+00  P(det)@0.05 power_one_sided 0.066 power_two_sided 0.053 kurtosis 0.033 spec_cnn 0.057 lrt_noise 0.041  (2s)
    JSR  -42.0 dB  BER 0.00e+00  P(det)@0.05 power_one_sided 0.049 power_two_sided 0.045 kurtosis 0.037 spec_cnn 0.035 lrt_noise 0.041  (3s)
    JSR  -41.0 dB  BER 0.00e+00  P(det)@0.05 power_one_sided 0.051 power_two_sided 0.045 kurtosis 0.039 spec_cnn 0.039 lrt_noise 0.043  (3s)
    JSR  -40.0 dB  BER 7.63e-06  P(det)@0.05 power_one_sided 0.047 power_two_sided 0.047 kurtosis 0.043 spec_cnn 0.047 lrt_noise 0.066  (3s)
    JSR  -39.0 dB  BER 0.00e+00  P(det)@0.05 power_one_sided 0.066 power_two_sided 0.055 kurtosis 0.070 spec_cnn 0.051 lrt_noise 0.037  (4s)
    JSR  -38.0 dB  BER 0.00e+00  P(det)@0.05 power_one_sided 0.061 power_two_sided 0.053 kurtosis 0.047 spec_cnn 0.049 lrt_noise 0.039  (4s)
    JSR  -37.0 dB  BER 0.00e+00  P(det)@0.05 power_one_sided 0.049 power_two_sided 0.062 kurtosis 0.070 spec_cnn 0.049 lrt_noise 0.055  (4s)
    JSR  -36.0 dB  BER 0.00e+00  P(det)@0.05 power_one_sided 0.037 power_two_sided 0.043 kurtosis 0.072 spec_cnn 0.059 lrt_noise 0.049  (5s)
    JSR  -35.0 dB  BER 0.00e+00  P(det)@0.05 power_one_sided 0.053 power_two_sided 0.055 kurtosis 0.057 spec_cnn 0.043 lrt_noise 0.037  (5s)
    JSR  -34.0 dB  BER 0.00e+00  P(det)@0.05 power_one_sided 0.039 power_two_sided 0.051 kurtosis 0.033 spec_cnn 0.053 lrt_noise 0.072  (5s)
    JSR  -33.0 dB  BER 0.00e+00  P(det)@0.05 power_one_sided 0.053 power_two_sided 0.059 kurtosis 0.047 spec_cnn 0.045 lrt_noise 0.066  (5s)
    JSR  -32.0 dB  BER 0.00e+00  P(det)@0.05 power_one_sided 0.045 power_two_sided 0.066 kurtosis 0.066 spec_cnn 0.053 lrt_noise 0.053  (6s)
    JSR  -31.0 dB  BER 0.00e+00  P(det)@0.05 power_one_sided 0.037 power_two_sided 0.045 kurtosis 0.047 spec_cnn 0.029 lrt_noise 0.062  (6s)
    JSR  -30.0 dB  BER 0.00e+00  P(det)@0.05 power_one_sided 0.061 power_two_sided 0.041 kurtosis 0.047 spec_cnn 0.068 lrt_noise 0.055  (6s)
    JSR  -29.0 dB  BER 0.00e+00  P(det)@0.05 power_one_sided 0.064 power_two_sided 0.059 kurtosis 0.045 spec_cnn 0.064 lrt_noise 0.080  (7s)
    JSR  -28.0 dB  BER 0.00e+00  P(det)@0.05 power_one_sided 0.061 power_two_sided 0.049 kurtosis 0.043 spec_cnn 0.045 lrt_noise 0.092  (7s)
    JSR  -27.0 dB  BER 0.00e+00  P(det)@0.05 power_one_sided 0.061 power_two_sided 0.039 kurtosis 0.051 spec_cnn 0.051 lrt_noise 0.084  (7s)
    JSR  -26.0 dB  BER 0.00e+00  P(det)@0.05 power_one_sided 0.066 power_two_sided 0.039 kurtosis 0.045 spec_cnn 0.045 lrt_noise 0.066  (8s)
    JSR  -25.0 dB  BER 0.00e+00  P(det)@0.05 power_one_sided 0.090 power_two_sided 0.072 kurtosis 0.039 spec_cnn 0.047 lrt_noise 0.121  (8s)
    JSR  -24.0 dB  BER 0.00e+00  P(det)@0.05 power_one_sided 0.080 power_two_sided 0.061 kurtosis 0.039 spec_cnn 0.047 lrt_noise 0.100  (8s)
    JSR  -23.0 dB  BER 0.00e+00  P(det)@0.05 power_one_sided 0.064 power_two_sided 0.045 kurtosis 0.055 spec_cnn 0.064 lrt_noise 0.129  (9s)
    JSR  -22.0 dB  BER 0.00e+00  P(det)@0.05 power_one_sided 0.076 power_two_sided 0.057 kurtosis 0.047 spec_cnn 0.047 lrt_noise 0.191  (9s)
    JSR  -21.0 dB  BER 0.00e+00  P(det)@0.05 power_one_sided 0.117 power_two_sided 0.076 kurtosis 0.053 spec_cnn 0.049 lrt_noise 0.203  (9s)
    JSR  -20.0 dB  BER 0.00e+00  P(det)@0.05 power_one_sided 0.129 power_two_sided 0.080 kurtosis 0.041 spec_cnn 0.086 lrt_noise 0.311  (9s)
    JSR  -19.0 dB  BER 0.00e+00  P(det)@0.05 power_one_sided 0.129 power_two_sided 0.086 kurtosis 0.041 spec_cnn 0.055 lrt_noise 0.371  (10s)
    JSR  -18.0 dB  BER 0.00e+00  P(det)@0.05 power_one_sided 0.158 power_two_sided 0.086 kurtosis 0.066 spec_cnn 0.084 lrt_noise 0.551  (10s)
    JSR  -17.0 dB  BER 0.00e+00  P(det)@0.05 power_one_sided 0.223 power_two_sided 0.137 kurtosis 0.074 spec_cnn 0.105 lrt_noise 0.697  (10s)
    JSR  -16.0 dB  BER 7.63e-06  P(det)@0.05 power_one_sided 0.320 power_two_sided 0.213 kurtosis 0.061 spec_cnn 0.111 lrt_noise 0.848  (11s)
    JSR  -15.0 dB  BER 0.00e+00  P(det)@0.05 power_one_sided 0.410 power_two_sided 0.295 kurtosis 0.059 spec_cnn 0.133 lrt_noise 0.951  (11s)
    JSR  -14.0 dB  BER 0.00e+00  P(det)@0.05 power_one_sided 0.607 power_two_sided 0.486 kurtosis 0.111 spec_cnn 0.178 lrt_noise 0.998  (11s)
    JSR  -13.0 dB  BER 0.00e+00  P(det)@0.05 power_one_sided 0.717 power_two_sided 0.605 kurtosis 0.127 spec_cnn 0.193 lrt_noise 1.000  (12s)
    JSR  -12.0 dB  BER 7.63e-06  P(det)@0.05 power_one_sided 0.863 power_two_sided 0.805 kurtosis 0.139 spec_cnn 0.232 lrt_noise 1.000  (12s)
    JSR  -11.0 dB  BER 7.63e-06  P(det)@0.05 power_one_sided 0.967 power_two_sided 0.934 kurtosis 0.213 spec_cnn 0.348 lrt_noise 1.000  (12s)
    JSR  -10.0 dB  BER 7.63e-06  P(det)@0.05 power_one_sided 0.988 power_two_sided 0.977 kurtosis 0.219 spec_cnn 0.467 lrt_noise 1.000  (13s)
    JSR   -9.0 dB  BER 0.00e+00  P(det)@0.05 power_one_sided 0.998 power_two_sided 0.998 kurtosis 0.373 spec_cnn 0.545 lrt_noise 1.000  (13s)
    JSR   -8.0 dB  BER 7.63e-06  P(det)@0.05 power_one_sided 1.000 power_two_sided 1.000 kurtosis 0.445 spec_cnn 0.723 lrt_noise 1.000  (13s)
    JSR   -7.0 dB  BER 4.58e-05  P(det)@0.05 power_one_sided 1.000 power_two_sided 1.000 kurtosis 0.578 spec_cnn 0.793 lrt_noise 1.000  (13s)
    JSR   -6.0 dB  BER 9.92e-05  P(det)@0.05 power_one_sided 1.000 power_two_sided 1.000 kurtosis 0.742 spec_cnn 0.941 lrt_noise 1.000  (14s)
    JSR   -5.0 dB  BER 2.98e-04  P(det)@0.05 power_one_sided 1.000 power_two_sided 1.000 kurtosis 0.855 spec_cnn 0.977 lrt_noise 1.000  (14s)
    JSR   -4.0 dB  BER 4.43e-04  P(det)@0.05 power_one_sided 1.000 power_two_sided 1.000 kurtosis 0.896 spec_cnn 0.994 lrt_noise 1.000  (14s)
    JSR   -3.0 dB  BER 1.15e-03  P(det)@0.05 power_one_sided 1.000 power_two_sided 1.000 kurtosis 0.957 spec_cnn 0.996 lrt_noise 1.000  (15s)
    JSR   -2.0 dB  BER 1.77e-03  P(det)@0.05 power_one_sided 1.000 power_two_sided 1.000 kurtosis 0.982 spec_cnn 1.000 lrt_noise 1.000  (15s)
    JSR   -1.0 dB  BER 3.72e-03  P(det)@0.05 power_one_sided 1.000 power_two_sided 1.000 kurtosis 0.996 spec_cnn 1.000 lrt_noise 1.000  (15s)
    JSR   +0.0 dB  BER 6.65e-03  P(det)@0.05 power_one_sided 1.000 power_two_sided 1.000 kurtosis 1.000 spec_cnn 1.000 lrt_noise 1.000  (16s)
    JSR   +1.0 dB  BER 1.21e-02  P(det)@0.05 power_one_sided 1.000 power_two_sided 1.000 kurtosis 1.000 spec_cnn 1.000 lrt_noise 1.000  (16s)
    JSR   +2.0 dB  BER 1.98e-02  P(det)@0.05 power_one_sided 1.000 power_two_sided 1.000 kurtosis 1.000 spec_cnn 1.000 lrt_noise 1.000  (16s)
    JSR   +3.0 dB  BER 3.14e-02  P(det)@0.05 power_one_sided 1.000 power_two_sided 1.000 kurtosis 1.000 spec_cnn 1.000 lrt_noise 1.000  (17s)
    JSR   +4.0 dB  BER 4.61e-02  P(det)@0.05 power_one_sided 1.000 power_two_sided 1.000 kurtosis 1.000 spec_cnn 1.000 lrt_noise 1.000  (17s)
    JSR   +5.0 dB  BER 6.49e-02  P(det)@0.05 power_one_sided 1.000 power_two_sided 1.000 kurtosis 1.000 spec_cnn 1.000 lrt_noise 1.000  (17s)
    JSR   +6.0 dB  BER 8.50e-02  P(det)@0.05 power_one_sided 1.000 power_two_sided 1.000 kurtosis 1.000 spec_cnn 1.000 lrt_noise 1.000  (17s)
    JSR   +7.0 dB  BER 1.11e-01  P(det)@0.05 power_one_sided 1.000 power_two_sided 1.000 kurtosis 1.000 spec_cnn 1.000 lrt_noise 1.000  (18s)
    JSR   +8.0 dB  BER 1.36e-01  P(det)@0.05 power_one_sided 1.000 power_two_sided 1.000 kurtosis 1.000 spec_cnn 1.000 lrt_noise 1.000  (18s)
    JSR   +9.0 dB  BER 1.63e-01  P(det)@0.05 power_one_sided 1.000 power_two_sided 1.000 kurtosis 1.000 spec_cnn 1.000 lrt_noise 1.000  (18s)
    JSR  +10.0 dB  BER 1.89e-01  P(det)@0.05 power_one_sided 1.000 power_two_sided 1.000 kurtosis 1.000 spec_cnn 1.000 lrt_noise 1.000  (19s)
    JSR  +11.0 dB  BER 2.16e-01  P(det)@0.05 power_one_sided 1.000 power_two_sided 1.000 kurtosis 1.000 spec_cnn 1.000 lrt_noise 1.000  (19s)
    JSR  +12.0 dB  BER 2.41e-01  P(det)@0.05 power_one_sided 1.000 power_two_sided 1.000 kurtosis 1.000 spec_cnn 1.000 lrt_noise 1.000  (19s)
    JSR  +13.0 dB  BER 2.67e-01  P(det)@0.05 power_one_sided 1.000 power_two_sided 1.000 kurtosis 1.000 spec_cnn 1.000 lrt_noise 1.000  (20s)
    JSR  +14.0 dB  BER 2.88e-01  P(det)@0.05 power_one_sided 1.000 power_two_sided 1.000 kurtosis 1.000 spec_cnn 1.000 lrt_noise 1.000  (20s)
    JSR  +15.0 dB  BER 3.08e-01  P(det)@0.05 power_one_sided 1.000 power_two_sided 1.000 kurtosis 1.000 spec_cnn 1.000 lrt_noise 1.000  (20s)
  [snr_5] noise confirmed: {"power_one_sided": {"0.01": {"index": 10, "sweep_ber": 7.62939453125e-06, "sweep_pdet": 0.009765625, "confirmed_ber": 0.0, "confirmed_ser": 0.0, "confirmed_pdet": 0.0078125, "passed": true}, "0.05": {"index": 10, "sweep_ber": 7.62939453125e-06, "sweep_pdet": 0.046875, "confirmed_ber": 0.0, "confirmed_ser": 0.0, "confirmed_pdet": 0.05126953125, "passed": true}}, "power_two_sided": {"0.01": {"index": 10, "sweep_ber": 7.62939453125e-06, "sweep_pdet": 0.009765625, "confirmed_ber": 9.5367431640625e-07, "confirmed_ser": 1.9073486328125e-06, "confirmed_pdet": 0.008544921875, "passed": true}, "0.05": {"index": 10, "sweep_ber": 7.62939453125e-06, "sweep_pdet": 0.046875, "confirmed_ber": 0.0, "confirmed_ser": 0.0, "confirmed_pdet": 0.0537109375, "passed": true}}, "kurtosis": {"0.01": {"index": 10, "sweep_ber": 7.62939453125e-06, "sweep_pdet": 0.009765625, "confirmed_ber": 0.0, "confirmed_ser": 0.0, "confirmed_pdet": 0.007568359375, "passed": true}, "0.05": {"index": 10, "sweep_ber": 7.62939453125e-06, "sweep_pdet": 0.04296875, "confirmed_ber": 0.0, "confirmed_ser": 0.0, "confirmed_pdet": 0.052490234375, "passed": true}}, "spec_cnn": {"0.01": {"index": 10, "sweep_ber": 7.62939453125e-06, "sweep_pdet": 0.005859375, "confirmed_ber": 0.0, "confirmed_ser": 0.0, "confirmed_pdet": 0.0107421875, "passed": true}, "0.05": {"index": 10, "sweep_ber": 7.62939453125e-06, "sweep_pdet": 0.046875, "confirmed_ber": 0.0, "confirmed_ser": 0.0, "confirmed_pdet": 0.04833984375, "passed": true}}, "lrt_noise": {"0.01": {"index": 10, "sweep_ber": 7.62939453125e-06, "sweep_pdet": 0.009765625, "confirmed_ber": 0.0, "confirmed_ser": 0.0, "confirmed_pdet": 0.00830078125, "passed": true}, "0.05": {"index": 10, "sweep_ber": 7.62939453125e-06, "sweep_pdet": 0.06640625, "confirmed_ber": 0.0, "confirmed_ser": 0.0, "confirmed_pdet": 0.051513671875, "passed": true}}}  (64s)
  [snr_5] classical pulsed_p1
    JSR  -50.0 dB  BER 0.00e+00  P(det)@0.05 power_one_sided 0.037 power_two_sided 0.039 kurtosis 0.061 spec_cnn 0.035  (0s)
    JSR  -49.0 dB  BER 0.00e+00  P(det)@0.05 power_one_sided 0.051 power_two_sided 0.051 kurtosis 0.045 spec_cnn 0.057  (1s)
    JSR  -48.0 dB  BER 0.00e+00  P(det)@0.05 power_one_sided 0.043 power_two_sided 0.047 kurtosis 0.057 spec_cnn 0.049  (1s)
    JSR  -47.0 dB  BER 0.00e+00  P(det)@0.05 power_one_sided 0.053 power_two_sided 0.045 kurtosis 0.047 spec_cnn 0.061  (1s)
    JSR  -46.0 dB  BER 0.00e+00  P(det)@0.05 power_one_sided 0.045 power_two_sided 0.039 kurtosis 0.047 spec_cnn 0.039  (2s)
    JSR  -45.0 dB  BER 0.00e+00  P(det)@0.05 power_one_sided 0.049 power_two_sided 0.057 kurtosis 0.033 spec_cnn 0.055  (2s)
    JSR  -44.0 dB  BER 0.00e+00  P(det)@0.05 power_one_sided 0.047 power_two_sided 0.049 kurtosis 0.029 spec_cnn 0.037  (2s)
    JSR  -43.0 dB  BER 0.00e+00  P(det)@0.05 power_one_sided 0.041 power_two_sided 0.031 kurtosis 0.049 spec_cnn 0.062  (3s)
    JSR  -42.0 dB  BER 0.00e+00  P(det)@0.05 power_one_sided 0.055 power_two_sided 0.057 kurtosis 0.037 spec_cnn 0.051  (3s)
    JSR  -41.0 dB  BER 0.00e+00  P(det)@0.05 power_one_sided 0.051 power_two_sided 0.045 kurtosis 0.055 spec_cnn 0.039  (3s)
    JSR  -40.0 dB  BER 0.00e+00  P(det)@0.05 power_one_sided 0.053 power_two_sided 0.047 kurtosis 0.061 spec_cnn 0.033  (3s)
    JSR  -39.0 dB  BER 0.00e+00  P(det)@0.05 power_one_sided 0.045 power_two_sided 0.037 kurtosis 0.068 spec_cnn 0.039  (4s)
    JSR  -38.0 dB  BER 0.00e+00  P(det)@0.05 power_one_sided 0.043 power_two_sided 0.049 kurtosis 0.049 spec_cnn 0.039  (4s)
    JSR  -37.0 dB  BER 0.00e+00  P(det)@0.05 power_one_sided 0.055 power_two_sided 0.045 kurtosis 0.062 spec_cnn 0.064  (4s)
    JSR  -36.0 dB  BER 0.00e+00  P(det)@0.05 power_one_sided 0.039 power_two_sided 0.035 kurtosis 0.051 spec_cnn 0.059  (5s)
    JSR  -35.0 dB  BER 7.63e-06  P(det)@0.05 power_one_sided 0.045 power_two_sided 0.047 kurtosis 0.059 spec_cnn 0.043  (5s)
    JSR  -34.0 dB  BER 0.00e+00  P(det)@0.05 power_one_sided 0.059 power_two_sided 0.059 kurtosis 0.051 spec_cnn 0.045  (5s)
    JSR  -33.0 dB  BER 0.00e+00  P(det)@0.05 power_one_sided 0.049 power_two_sided 0.035 kurtosis 0.072 spec_cnn 0.053  (5s)
    JSR  -32.0 dB  BER 0.00e+00  P(det)@0.05 power_one_sided 0.059 power_two_sided 0.053 kurtosis 0.064 spec_cnn 0.043  (6s)
    JSR  -31.0 dB  BER 0.00e+00  P(det)@0.05 power_one_sided 0.025 power_two_sided 0.053 kurtosis 0.051 spec_cnn 0.041  (6s)
    JSR  -30.0 dB  BER 0.00e+00  P(det)@0.05 power_one_sided 0.061 power_two_sided 0.047 kurtosis 0.055 spec_cnn 0.051  (6s)
    JSR  -29.0 dB  BER 0.00e+00  P(det)@0.05 power_one_sided 0.061 power_two_sided 0.064 kurtosis 0.051 spec_cnn 0.049  (7s)
    JSR  -28.0 dB  BER 0.00e+00  P(det)@0.05 power_one_sided 0.057 power_two_sided 0.061 kurtosis 0.059 spec_cnn 0.061  (7s)
    JSR  -27.0 dB  BER 0.00e+00  P(det)@0.05 power_one_sided 0.059 power_two_sided 0.051 kurtosis 0.084 spec_cnn 0.051  (7s)
    JSR  -26.0 dB  BER 0.00e+00  P(det)@0.05 power_one_sided 0.051 power_two_sided 0.057 kurtosis 0.041 spec_cnn 0.039  (8s)
    JSR  -25.0 dB  BER 0.00e+00  P(det)@0.05 power_one_sided 0.076 power_two_sided 0.055 kurtosis 0.062 spec_cnn 0.059  (8s)
    JSR  -24.0 dB  BER 0.00e+00  P(det)@0.05 power_one_sided 0.104 power_two_sided 0.072 kurtosis 0.039 spec_cnn 0.055  (8s)
    JSR  -23.0 dB  BER 0.00e+00  P(det)@0.05 power_one_sided 0.066 power_two_sided 0.072 kurtosis 0.053 spec_cnn 0.055  (8s)
    JSR  -22.0 dB  BER 0.00e+00  P(det)@0.05 power_one_sided 0.090 power_two_sided 0.059 kurtosis 0.049 spec_cnn 0.059  (9s)
    JSR  -21.0 dB  BER 0.00e+00  P(det)@0.05 power_one_sided 0.105 power_two_sided 0.084 kurtosis 0.057 spec_cnn 0.061  (9s)
    JSR  -20.0 dB  BER 0.00e+00  P(det)@0.05 power_one_sided 0.145 power_two_sided 0.090 kurtosis 0.059 spec_cnn 0.051  (9s)
    JSR  -19.0 dB  BER 0.00e+00  P(det)@0.05 power_one_sided 0.162 power_two_sided 0.104 kurtosis 0.082 spec_cnn 0.070  (10s)
    JSR  -18.0 dB  BER 0.00e+00  P(det)@0.05 power_one_sided 0.189 power_two_sided 0.127 kurtosis 0.088 spec_cnn 0.055  (10s)
    JSR  -17.0 dB  BER 0.00e+00  P(det)@0.05 power_one_sided 0.205 power_two_sided 0.152 kurtosis 0.086 spec_cnn 0.059  (10s)
    JSR  -16.0 dB  BER 2.29e-05  P(det)@0.05 power_one_sided 0.293 power_two_sided 0.223 kurtosis 0.113 spec_cnn 0.068  (10s)
    JSR  -15.0 dB  BER 7.63e-06  P(det)@0.05 power_one_sided 0.369 power_two_sided 0.291 kurtosis 0.133 spec_cnn 0.066  (11s)
    JSR  -14.0 dB  BER 4.58e-05  P(det)@0.05 power_one_sided 0.498 power_two_sided 0.396 kurtosis 0.129 spec_cnn 0.088  (11s)
    JSR  -13.0 dB  BER 9.92e-05  P(det)@0.05 power_one_sided 0.582 power_two_sided 0.508 kurtosis 0.195 spec_cnn 0.082  (11s)
    JSR  -12.0 dB  BER 1.75e-04  P(det)@0.05 power_one_sided 0.729 power_two_sided 0.654 kurtosis 0.256 spec_cnn 0.090  (12s)
    JSR  -11.0 dB  BER 2.90e-04  P(det)@0.05 power_one_sided 0.834 power_two_sided 0.791 kurtosis 0.348 spec_cnn 0.094  (12s)
    JSR  -10.0 dB  BER 6.56e-04  P(det)@0.05 power_one_sided 0.916 power_two_sided 0.881 kurtosis 0.436 spec_cnn 0.148  (12s)
    JSR   -9.0 dB  BER 1.53e-03  P(det)@0.05 power_one_sided 0.951 power_two_sided 0.945 kurtosis 0.537 spec_cnn 0.123  (13s)
    JSR   -8.0 dB  BER 3.19e-03  P(det)@0.05 power_one_sided 0.990 power_two_sided 0.988 kurtosis 0.658 spec_cnn 0.168  (13s)
    JSR   -7.0 dB  BER 7.31e-03  P(det)@0.05 power_one_sided 0.998 power_two_sided 0.998 kurtosis 0.799 spec_cnn 0.156  (13s)
    JSR   -6.0 dB  BER 1.33e-02  P(det)@0.05 power_one_sided 1.000 power_two_sided 1.000 kurtosis 0.893 spec_cnn 0.217  (13s)
    JSR   -5.0 dB  BER 2.67e-02  P(det)@0.05 power_one_sided 1.000 power_two_sided 1.000 kurtosis 0.926 spec_cnn 0.232  (14s)
    JSR   -4.0 dB  BER 4.82e-02  P(det)@0.05 power_one_sided 1.000 power_two_sided 1.000 kurtosis 0.922 spec_cnn 0.324  (14s)
    JSR   -3.0 dB  BER 8.01e-02  P(det)@0.05 power_one_sided 1.000 power_two_sided 1.000 kurtosis 0.955 spec_cnn 0.373  (14s)
    JSR   -2.0 dB  BER 1.15e-01  P(det)@0.05 power_one_sided 1.000 power_two_sided 1.000 kurtosis 0.959 spec_cnn 0.475  (15s)
    JSR   -1.0 dB  BER 1.58e-01  P(det)@0.05 power_one_sided 1.000 power_two_sided 1.000 kurtosis 0.949 spec_cnn 0.545  (15s)
    JSR   +0.0 dB  BER 1.96e-01  P(det)@0.05 power_one_sided 1.000 power_two_sided 1.000 kurtosis 0.906 spec_cnn 0.684  (15s)
    JSR   +1.0 dB  BER 2.33e-01  P(det)@0.05 power_one_sided 1.000 power_two_sided 1.000 kurtosis 0.863 spec_cnn 0.734  (15s)
    JSR   +2.0 dB  BER 2.61e-01  P(det)@0.05 power_one_sided 1.000 power_two_sided 1.000 kurtosis 0.705 spec_cnn 0.885  (16s)
    JSR   +3.0 dB  BER 2.92e-01  P(det)@0.05 power_one_sided 1.000 power_two_sided 1.000 kurtosis 0.477 spec_cnn 0.949  (16s)
    JSR   +4.0 dB  BER 3.10e-01  P(det)@0.05 power_one_sided 1.000 power_two_sided 1.000 kurtosis 0.238 spec_cnn 0.984  (16s)
    JSR   +5.0 dB  BER 3.20e-01  P(det)@0.05 power_one_sided 1.000 power_two_sided 1.000 kurtosis 0.221 spec_cnn 0.998  (17s)
    JSR   +6.0 dB  BER 3.48e-01  P(det)@0.05 power_one_sided 1.000 power_two_sided 1.000 kurtosis 0.533 spec_cnn 1.000  (17s)
    JSR   +7.0 dB  BER 3.62e-01  P(det)@0.05 power_one_sided 1.000 power_two_sided 1.000 kurtosis 0.895 spec_cnn 1.000  (17s)
    JSR   +8.0 dB  BER 3.85e-01  P(det)@0.05 power_one_sided 1.000 power_two_sided 1.000 kurtosis 0.990 spec_cnn 1.000  (18s)
    JSR   +9.0 dB  BER 3.92e-01  P(det)@0.05 power_one_sided 1.000 power_two_sided 1.000 kurtosis 1.000 spec_cnn 1.000  (18s)
    JSR  +10.0 dB  BER 4.03e-01  P(det)@0.05 power_one_sided 1.000 power_two_sided 1.000 kurtosis 1.000 spec_cnn 1.000  (18s)
    JSR  +11.0 dB  BER 4.12e-01  P(det)@0.05 power_one_sided 1.000 power_two_sided 1.000 kurtosis 1.000 spec_cnn 1.000  (18s)
    JSR  +12.0 dB  BER 4.19e-01  P(det)@0.05 power_one_sided 1.000 power_two_sided 1.000 kurtosis 1.000 spec_cnn 1.000  (19s)
    JSR  +13.0 dB  BER 4.25e-01  P(det)@0.05 power_one_sided 1.000 power_two_sided 1.000 kurtosis 1.000 spec_cnn 1.000  (19s)
    JSR  +14.0 dB  BER 4.37e-01  P(det)@0.05 power_one_sided 1.000 power_two_sided 1.000 kurtosis 1.000 spec_cnn 1.000  (19s)
    JSR  +15.0 dB  BER 4.41e-01  P(det)@0.05 power_one_sided 1.000 power_two_sided 1.000 kurtosis 1.000 spec_cnn 1.000  (20s)
  [snr_5] pulsed_p1 confirmed: {"power_one_sided": {"0.01": {"index": 15, "sweep_ber": 7.62939453125e-06, "sweep_pdet": 0.0078125, "confirmed_ber": 9.5367431640625e-07, "confirmed_ser": 1.9073486328125e-06, "confirmed_pdet": 0.00927734375, "passed": true}, "0.05": {"index": 15, "sweep_ber": 7.62939453125e-06, "sweep_pdet": 0.044921875, "confirmed_ber": 0.0, "confirmed_ser": 0.0, "confirmed_pdet": 0.05615234375, "passed": true}}, "power_two_sided": {"0.01": {"index": 15, "sweep_ber": 7.62939453125e-06, "sweep_pdet": 0.005859375, "confirmed_ber": 0.0, "confirmed_ser": 0.0, "confirmed_pdet": 0.010498046875, "passed": true}, "0.05": {"index": 15, "sweep_ber": 7.62939453125e-06, "sweep_pdet": 0.046875, "confirmed_ber": 0.0, "confirmed_ser": 0.0, "confirmed_pdet": 0.057373046875, "passed": false}}, "kurtosis": {"0.01": {"index": 15, "sweep_ber": 7.62939453125e-06, "sweep_pdet": 0.005859375, "confirmed_ber": 0.0, "confirmed_ser": 0.0, "confirmed_pdet": 0.01123046875, "passed": true}, "0.05": {"index": 15, "sweep_ber": 7.62939453125e-06, "sweep_pdet": 0.05859375, "confirmed_ber": 9.5367431640625e-07, "confirmed_ser": 1.9073486328125e-06, "confirmed_pdet": 0.049072265625, "passed": true}}, "spec_cnn": {"0.01": {"index": 37, "sweep_ber": 9.918212890625e-05, "sweep_pdet": 0.015625, "confirmed_ber": 6.389617919921875e-05, "confirmed_ser": 0.0001277923583984375, "confirmed_pdet": 0.025146484375, "passed": false}, "0.05": {"index": 34, "sweep_ber": 2.288818359375e-05, "sweep_pdet": 0.068359375, "confirmed_ber": 1.33514404296875e-05, "confirmed_ser": 2.6702880859375e-05, "confirmed_pdet": 0.066162109375, "passed": false}}}  (103s)
  [snr_5] classical pulsed_p0.5
    JSR  -50.0 dB  BER 0.00e+00  P(det)@0.05 power_one_sided 0.043 power_two_sided 0.039 kurtosis 0.041 spec_cnn 0.035  (0s)
    JSR  -49.0 dB  BER 0.00e+00  P(det)@0.05 power_one_sided 0.045 power_two_sided 0.039 kurtosis 0.055 spec_cnn 0.043  (1s)
    JSR  -48.0 dB  BER 0.00e+00  P(det)@0.05 power_one_sided 0.041 power_two_sided 0.055 kurtosis 0.039 spec_cnn 0.037  (1s)
    JSR  -47.0 dB  BER 0.00e+00  P(det)@0.05 power_one_sided 0.064 power_two_sided 0.053 kurtosis 0.064 spec_cnn 0.051  (1s)
    JSR  -46.0 dB  BER 0.00e+00  P(det)@0.05 power_one_sided 0.047 power_two_sided 0.049 kurtosis 0.045 spec_cnn 0.059  (2s)
    JSR  -45.0 dB  BER 0.00e+00  P(det)@0.05 power_one_sided 0.031 power_two_sided 0.033 kurtosis 0.062 spec_cnn 0.068  (2s)
    JSR  -44.0 dB  BER 0.00e+00  P(det)@0.05 power_one_sided 0.064 power_two_sided 0.061 kurtosis 0.033 spec_cnn 0.043  (2s)
    JSR  -43.0 dB  BER 0.00e+00  P(det)@0.05 power_one_sided 0.045 power_two_sided 0.059 kurtosis 0.047 spec_cnn 0.037  (2s)
    JSR  -42.0 dB  BER 0.00e+00  P(det)@0.05 power_one_sided 0.047 power_two_sided 0.035 kurtosis 0.041 spec_cnn 0.049  (3s)
    JSR  -41.0 dB  BER 0.00e+00  P(det)@0.05 power_one_sided 0.057 power_two_sided 0.033 kurtosis 0.066 spec_cnn 0.051  (3s)
    JSR  -40.0 dB  BER 0.00e+00  P(det)@0.05 power_one_sided 0.043 power_two_sided 0.049 kurtosis 0.049 spec_cnn 0.072  (3s)
    JSR  -39.0 dB  BER 0.00e+00  P(det)@0.05 power_one_sided 0.043 power_two_sided 0.047 kurtosis 0.059 spec_cnn 0.045  (4s)
    JSR  -38.0 dB  BER 0.00e+00  P(det)@0.05 power_one_sided 0.029 power_two_sided 0.037 kurtosis 0.062 spec_cnn 0.059  (4s)
    JSR  -37.0 dB  BER 0.00e+00  P(det)@0.05 power_one_sided 0.051 power_two_sided 0.037 kurtosis 0.049 spec_cnn 0.061  (4s)
    JSR  -36.0 dB  BER 0.00e+00  P(det)@0.05 power_one_sided 0.061 power_two_sided 0.059 kurtosis 0.055 spec_cnn 0.059  (5s)
    JSR  -35.0 dB  BER 0.00e+00  P(det)@0.05 power_one_sided 0.055 power_two_sided 0.072 kurtosis 0.061 spec_cnn 0.061  (5s)
    JSR  -34.0 dB  BER 0.00e+00  P(det)@0.05 power_one_sided 0.039 power_two_sided 0.057 kurtosis 0.041 spec_cnn 0.057  (5s)
    JSR  -33.0 dB  BER 0.00e+00  P(det)@0.05 power_one_sided 0.049 power_two_sided 0.055 kurtosis 0.068 spec_cnn 0.049  (5s)
    JSR  -32.0 dB  BER 0.00e+00  P(det)@0.05 power_one_sided 0.049 power_two_sided 0.035 kurtosis 0.049 spec_cnn 0.062  (6s)
    JSR  -31.0 dB  BER 0.00e+00  P(det)@0.05 power_one_sided 0.045 power_two_sided 0.055 kurtosis 0.051 spec_cnn 0.055  (6s)
    JSR  -30.0 dB  BER 0.00e+00  P(det)@0.05 power_one_sided 0.076 power_two_sided 0.061 kurtosis 0.059 spec_cnn 0.047  (6s)
    JSR  -29.0 dB  BER 0.00e+00  P(det)@0.05 power_one_sided 0.053 power_two_sided 0.047 kurtosis 0.059 spec_cnn 0.062  (7s)
    JSR  -28.0 dB  BER 0.00e+00  P(det)@0.05 power_one_sided 0.066 power_two_sided 0.072 kurtosis 0.049 spec_cnn 0.049  (7s)
    JSR  -27.0 dB  BER 0.00e+00  P(det)@0.05 power_one_sided 0.061 power_two_sided 0.070 kurtosis 0.045 spec_cnn 0.068  (7s)
    JSR  -26.0 dB  BER 0.00e+00  P(det)@0.05 power_one_sided 0.072 power_two_sided 0.059 kurtosis 0.059 spec_cnn 0.055  (8s)
    JSR  -25.0 dB  BER 0.00e+00  P(det)@0.05 power_one_sided 0.061 power_two_sided 0.062 kurtosis 0.041 spec_cnn 0.043  (8s)
    JSR  -24.0 dB  BER 0.00e+00  P(det)@0.05 power_one_sided 0.061 power_two_sided 0.051 kurtosis 0.041 spec_cnn 0.055  (8s)
    JSR  -23.0 dB  BER 0.00e+00  P(det)@0.05 power_one_sided 0.078 power_two_sided 0.059 kurtosis 0.072 spec_cnn 0.045  (8s)
    JSR  -22.0 dB  BER 0.00e+00  P(det)@0.05 power_one_sided 0.086 power_two_sided 0.086 kurtosis 0.086 spec_cnn 0.055  (9s)
    JSR  -21.0 dB  BER 0.00e+00  P(det)@0.05 power_one_sided 0.098 power_two_sided 0.057 kurtosis 0.045 spec_cnn 0.039  (9s)
    JSR  -20.0 dB  BER 0.00e+00  P(det)@0.05 power_one_sided 0.111 power_two_sided 0.084 kurtosis 0.070 spec_cnn 0.057  (9s)
    JSR  -19.0 dB  BER 0.00e+00  P(det)@0.05 power_one_sided 0.131 power_two_sided 0.098 kurtosis 0.047 spec_cnn 0.059  (10s)
    JSR  -18.0 dB  BER 7.63e-06  P(det)@0.05 power_one_sided 0.201 power_two_sided 0.148 kurtosis 0.072 spec_cnn 0.080  (10s)
    JSR  -17.0 dB  BER 7.63e-06  P(det)@0.05 power_one_sided 0.277 power_two_sided 0.205 kurtosis 0.076 spec_cnn 0.062  (10s)
    JSR  -16.0 dB  BER 7.63e-06  P(det)@0.05 power_one_sided 0.309 power_two_sided 0.225 kurtosis 0.092 spec_cnn 0.059  (11s)
    JSR  -15.0 dB  BER 4.58e-05  P(det)@0.05 power_one_sided 0.369 power_two_sided 0.283 kurtosis 0.123 spec_cnn 0.086  (11s)
    JSR  -14.0 dB  BER 1.53e-04  P(det)@0.05 power_one_sided 0.512 power_two_sided 0.406 kurtosis 0.145 spec_cnn 0.074  (11s)
    JSR  -13.0 dB  BER 2.14e-04  P(det)@0.05 power_one_sided 0.615 power_two_sided 0.518 kurtosis 0.219 spec_cnn 0.076  (11s)
    JSR  -12.0 dB  BER 3.36e-04  P(det)@0.05 power_one_sided 0.725 power_two_sided 0.645 kurtosis 0.268 spec_cnn 0.066  (12s)
    JSR  -11.0 dB  BER 9.38e-04  P(det)@0.05 power_one_sided 0.824 power_two_sided 0.768 kurtosis 0.381 spec_cnn 0.092  (12s)
    JSR  -10.0 dB  BER 2.38e-03  P(det)@0.05 power_one_sided 0.918 power_two_sided 0.885 kurtosis 0.473 spec_cnn 0.123  (12s)
    JSR   -9.0 dB  BER 4.69e-03  P(det)@0.05 power_one_sided 0.971 power_two_sided 0.965 kurtosis 0.609 spec_cnn 0.143  (13s)
    JSR   -8.0 dB  BER 1.02e-02  P(det)@0.05 power_one_sided 0.990 power_two_sided 0.986 kurtosis 0.766 spec_cnn 0.178  (13s)
    JSR   -7.0 dB  BER 1.88e-02  P(det)@0.05 power_one_sided 0.996 power_two_sided 0.996 kurtosis 0.865 spec_cnn 0.164  (13s)
    JSR   -6.0 dB  BER 3.38e-02  P(det)@0.05 power_one_sided 1.000 power_two_sided 0.998 kurtosis 0.957 spec_cnn 0.209  (14s)
    JSR   -5.0 dB  BER 4.97e-02  P(det)@0.05 power_one_sided 1.000 power_two_sided 1.000 kurtosis 0.988 spec_cnn 0.232  (14s)
    JSR   -4.0 dB  BER 7.42e-02  P(det)@0.05 power_one_sided 1.000 power_two_sided 1.000 kurtosis 0.996 spec_cnn 0.326  (14s)
    JSR   -3.0 dB  BER 9.39e-02  P(det)@0.05 power_one_sided 1.000 power_two_sided 1.000 kurtosis 1.000 spec_cnn 0.328  (15s)
    JSR   -2.0 dB  BER 1.17e-01  P(det)@0.05 power_one_sided 1.000 power_two_sided 1.000 kurtosis 1.000 spec_cnn 0.465  (15s)
    JSR   -1.0 dB  BER 1.38e-01  P(det)@0.05 power_one_sided 1.000 power_two_sided 1.000 kurtosis 1.000 spec_cnn 0.561  (15s)
    JSR   +0.0 dB  BER 1.52e-01  P(det)@0.05 power_one_sided 1.000 power_two_sided 1.000 kurtosis 1.000 spec_cnn 0.709  (15s)
    JSR   +1.0 dB  BER 1.75e-01  P(det)@0.05 power_one_sided 1.000 power_two_sided 1.000 kurtosis 1.000 spec_cnn 0.773  (16s)
    JSR   +2.0 dB  BER 1.84e-01  P(det)@0.05 power_one_sided 1.000 power_two_sided 1.000 kurtosis 1.000 spec_cnn 0.895  (16s)
    JSR   +3.0 dB  BER 1.96e-01  P(det)@0.05 power_one_sided 1.000 power_two_sided 1.000 kurtosis 1.000 spec_cnn 0.967  (16s)
    JSR   +4.0 dB  BER 2.18e-01  P(det)@0.05 power_one_sided 1.000 power_two_sided 1.000 kurtosis 1.000 spec_cnn 0.992  (17s)
    JSR   +5.0 dB  BER 2.29e-01  P(det)@0.05 power_one_sided 1.000 power_two_sided 1.000 kurtosis 1.000 spec_cnn 1.000  (17s)
    JSR   +6.0 dB  BER 2.46e-01  P(det)@0.05 power_one_sided 1.000 power_two_sided 1.000 kurtosis 1.000 spec_cnn 1.000  (17s)
    JSR   +7.0 dB  BER 2.51e-01  P(det)@0.05 power_one_sided 1.000 power_two_sided 1.000 kurtosis 1.000 spec_cnn 1.000  (18s)
    JSR   +8.0 dB  BER 2.69e-01  P(det)@0.05 power_one_sided 1.000 power_two_sided 1.000 kurtosis 1.000 spec_cnn 1.000  (18s)
    JSR   +9.0 dB  BER 2.77e-01  P(det)@0.05 power_one_sided 1.000 power_two_sided 1.000 kurtosis 1.000 spec_cnn 1.000  (18s)
    JSR  +10.0 dB  BER 2.84e-01  P(det)@0.05 power_one_sided 1.000 power_two_sided 1.000 kurtosis 1.000 spec_cnn 1.000  (18s)
    JSR  +11.0 dB  BER 3.01e-01  P(det)@0.05 power_one_sided 1.000 power_two_sided 1.000 kurtosis 1.000 spec_cnn 1.000  (19s)
    JSR  +12.0 dB  BER 3.14e-01  P(det)@0.05 power_one_sided 1.000 power_two_sided 1.000 kurtosis 1.000 spec_cnn 1.000  (19s)
    JSR  +13.0 dB  BER 3.24e-01  P(det)@0.05 power_one_sided 1.000 power_two_sided 1.000 kurtosis 1.000 spec_cnn 1.000  (19s)
    JSR  +14.0 dB  BER 3.35e-01  P(det)@0.05 power_one_sided 1.000 power_two_sided 1.000 kurtosis 1.000 spec_cnn 1.000  (20s)
    JSR  +15.0 dB  BER 3.43e-01  P(det)@0.05 power_one_sided 1.000 power_two_sided 1.000 kurtosis 1.000 spec_cnn 1.000  (20s)
  [snr_5] pulsed_p0.5 confirmed: {"power_one_sided": {"0.01": {"index": 0, "sweep_ber": 0.0, "sweep_pdet": 0.0078125, "confirmed_ber": 9.5367431640625e-07, "confirmed_ser": 1.9073486328125e-06, "confirmed_pdet": 0.01025390625, "passed": true}, "0.05": {"index": 0, "sweep_ber": 0.0, "sweep_pdet": 0.04296875, "confirmed_ber": 9.5367431640625e-07, "confirmed_ser": 1.9073486328125e-06, "confirmed_pdet": 0.045166015625, "passed": true}}, "power_two_sided": {"0.01": {"index": 0, "sweep_ber": 0.0, "sweep_pdet": 0.009765625, "confirmed_ber": 0.0, "confirmed_ser": 0.0, "confirmed_pdet": 0.00830078125, "passed": true}, "0.05": {"index": 0, "sweep_ber": 0.0, "sweep_pdet": 0.0390625, "confirmed_ber": 0.0, "confirmed_ser": 0.0, "confirmed_pdet": 0.05322265625, "passed": true}}, "kurtosis": {"0.01": {"index": 32, "sweep_ber": 7.62939453125e-06, "sweep_pdet": 0.017578125, "confirmed_ber": 8.58306884765625e-06, "confirmed_ser": 1.71661376953125e-05, "confirmed_pdet": 0.0205078125, "passed": false}, "0.05": {"index": 0, "sweep_ber": 0.0, "sweep_pdet": 0.041015625, "confirmed_ber": 0.0, "confirmed_ser": 0.0, "confirmed_pdet": 0.0556640625, "passed": true}}, "spec_cnn": {"0.01": {"index": 38, "sweep_ber": 0.000335693359375, "sweep_pdet": 0.01171875, "confirmed_ber": 0.00046634674072265625, "confirmed_ser": 0.0009326934814453125, "confirmed_pdet": 0.023681640625, "passed": false}, "0.05": {"index": 38, "sweep_ber": 0.000335693359375, "sweep_pdet": 0.06640625, "confirmed_ber": 0.0004634857177734375, "confirmed_ser": 0.000926971435546875, "confirmed_pdet": 0.09716796875, "passed": false}}}  (143s)
  [snr_5] classical pulsed_p0.25
    JSR  -50.0 dB  BER 0.00e+00  P(det)@0.05 power_one_sided 0.041 power_two_sided 0.043 kurtosis 0.049 spec_cnn 0.045  (0s)
    JSR  -49.0 dB  BER 0.00e+00  P(det)@0.05 power_one_sided 0.053 power_two_sided 0.049 kurtosis 0.047 spec_cnn 0.043  (1s)
    JSR  -48.0 dB  BER 0.00e+00  P(det)@0.05 power_one_sided 0.045 power_two_sided 0.055 kurtosis 0.037 spec_cnn 0.049  (1s)
    JSR  -47.0 dB  BER 0.00e+00  P(det)@0.05 power_one_sided 0.043 power_two_sided 0.051 kurtosis 0.057 spec_cnn 0.045  (1s)
    JSR  -46.0 dB  BER 0.00e+00  P(det)@0.05 power_one_sided 0.043 power_two_sided 0.039 kurtosis 0.051 spec_cnn 0.047  (2s)
    JSR  -45.0 dB  BER 0.00e+00  P(det)@0.05 power_one_sided 0.053 power_two_sided 0.045 kurtosis 0.064 spec_cnn 0.051  (2s)
    JSR  -44.0 dB  BER 0.00e+00  P(det)@0.05 power_one_sided 0.074 power_two_sided 0.059 kurtosis 0.059 spec_cnn 0.039  (2s)
    JSR  -43.0 dB  BER 0.00e+00  P(det)@0.05 power_one_sided 0.057 power_two_sided 0.047 kurtosis 0.039 spec_cnn 0.053  (2s)
    JSR  -42.0 dB  BER 0.00e+00  P(det)@0.05 power_one_sided 0.043 power_two_sided 0.043 kurtosis 0.092 spec_cnn 0.057  (3s)
    JSR  -41.0 dB  BER 7.63e-06  P(det)@0.05 power_one_sided 0.043 power_two_sided 0.045 kurtosis 0.057 spec_cnn 0.037  (3s)
    JSR  -40.0 dB  BER 0.00e+00  P(det)@0.05 power_one_sided 0.061 power_two_sided 0.062 kurtosis 0.053 spec_cnn 0.055  (3s)
    JSR  -39.0 dB  BER 0.00e+00  P(det)@0.05 power_one_sided 0.043 power_two_sided 0.045 kurtosis 0.055 spec_cnn 0.051  (4s)
    JSR  -38.0 dB  BER 0.00e+00  P(det)@0.05 power_one_sided 0.045 power_two_sided 0.045 kurtosis 0.057 spec_cnn 0.037  (4s)
    JSR  -37.0 dB  BER 0.00e+00  P(det)@0.05 power_one_sided 0.045 power_two_sided 0.055 kurtosis 0.047 spec_cnn 0.059  (4s)
    JSR  -36.0 dB  BER 0.00e+00  P(det)@0.05 power_one_sided 0.051 power_two_sided 0.047 kurtosis 0.055 spec_cnn 0.055  (5s)
    JSR  -35.0 dB  BER 0.00e+00  P(det)@0.05 power_one_sided 0.051 power_two_sided 0.051 kurtosis 0.053 spec_cnn 0.043  (5s)
    JSR  -34.0 dB  BER 0.00e+00  P(det)@0.05 power_one_sided 0.062 power_two_sided 0.064 kurtosis 0.057 spec_cnn 0.039  (5s)
    JSR  -33.0 dB  BER 0.00e+00  P(det)@0.05 power_one_sided 0.057 power_two_sided 0.053 kurtosis 0.070 spec_cnn 0.047  (6s)
    JSR  -32.0 dB  BER 0.00e+00  P(det)@0.05 power_one_sided 0.057 power_two_sided 0.045 kurtosis 0.061 spec_cnn 0.041  (6s)
    JSR  -31.0 dB  BER 0.00e+00  P(det)@0.05 power_one_sided 0.068 power_two_sided 0.045 kurtosis 0.059 spec_cnn 0.055  (6s)
    JSR  -30.0 dB  BER 0.00e+00  P(det)@0.05 power_one_sided 0.059 power_two_sided 0.047 kurtosis 0.055 spec_cnn 0.049  (6s)
    JSR  -29.0 dB  BER 0.00e+00  P(det)@0.05 power_one_sided 0.062 power_two_sided 0.055 kurtosis 0.051 spec_cnn 0.045  (7s)
    JSR  -28.0 dB  BER 0.00e+00  P(det)@0.05 power_one_sided 0.055 power_two_sided 0.055 kurtosis 0.055 spec_cnn 0.045  (7s)
    JSR  -27.0 dB  BER 0.00e+00  P(det)@0.05 power_one_sided 0.061 power_two_sided 0.051 kurtosis 0.049 spec_cnn 0.035  (7s)
    JSR  -26.0 dB  BER 0.00e+00  P(det)@0.05 power_one_sided 0.047 power_two_sided 0.041 kurtosis 0.055 spec_cnn 0.039  (8s)
    JSR  -25.0 dB  BER 0.00e+00  P(det)@0.05 power_one_sided 0.066 power_two_sided 0.049 kurtosis 0.053 spec_cnn 0.057  (8s)
    JSR  -24.0 dB  BER 0.00e+00  P(det)@0.05 power_one_sided 0.076 power_two_sided 0.057 kurtosis 0.061 spec_cnn 0.061  (8s)
    JSR  -23.0 dB  BER 0.00e+00  P(det)@0.05 power_one_sided 0.090 power_two_sided 0.061 kurtosis 0.039 spec_cnn 0.049  (9s)
    JSR  -22.0 dB  BER 7.63e-06  P(det)@0.05 power_one_sided 0.094 power_two_sided 0.076 kurtosis 0.051 spec_cnn 0.070  (9s)
    JSR  -21.0 dB  BER 0.00e+00  P(det)@0.05 power_one_sided 0.109 power_two_sided 0.078 kurtosis 0.059 spec_cnn 0.045  (9s)
    JSR  -20.0 dB  BER 0.00e+00  P(det)@0.05 power_one_sided 0.127 power_two_sided 0.107 kurtosis 0.074 spec_cnn 0.070  (9s)
    JSR  -19.0 dB  BER 7.63e-06  P(det)@0.05 power_one_sided 0.156 power_two_sided 0.104 kurtosis 0.086 spec_cnn 0.070  (10s)
    JSR  -18.0 dB  BER 1.53e-05  P(det)@0.05 power_one_sided 0.178 power_two_sided 0.113 kurtosis 0.074 spec_cnn 0.072  (10s)
    JSR  -17.0 dB  BER 3.81e-05  P(det)@0.05 power_one_sided 0.230 power_two_sided 0.160 kurtosis 0.070 spec_cnn 0.066  (10s)
    JSR  -16.0 dB  BER 1.07e-04  P(det)@0.05 power_one_sided 0.277 power_two_sided 0.195 kurtosis 0.086 spec_cnn 0.068  (11s)
    JSR  -15.0 dB  BER 1.60e-04  P(det)@0.05 power_one_sided 0.400 power_two_sided 0.283 kurtosis 0.131 spec_cnn 0.070  (11s)
    JSR  -14.0 dB  BER 3.97e-04  P(det)@0.05 power_one_sided 0.494 power_two_sided 0.434 kurtosis 0.191 spec_cnn 0.043  (11s)
    JSR  -13.0 dB  BER 9.23e-04  P(det)@0.05 power_one_sided 0.629 power_two_sided 0.523 kurtosis 0.199 spec_cnn 0.100  (12s)
    JSR  -12.0 dB  BER 1.95e-03  P(det)@0.05 power_one_sided 0.719 power_two_sided 0.654 kurtosis 0.330 spec_cnn 0.090  (12s)
    JSR  -11.0 dB  BER 3.90e-03  P(det)@0.05 power_one_sided 0.846 power_two_sided 0.793 kurtosis 0.465 spec_cnn 0.102  (12s)
    JSR  -10.0 dB  BER 8.29e-03  P(det)@0.05 power_one_sided 0.908 power_two_sided 0.873 kurtosis 0.590 spec_cnn 0.127  (13s)
    JSR   -9.0 dB  BER 1.44e-02  P(det)@0.05 power_one_sided 0.969 power_two_sided 0.957 kurtosis 0.779 spec_cnn 0.141  (13s)
    JSR   -8.0 dB  BER 2.19e-02  P(det)@0.05 power_one_sided 0.992 power_two_sided 0.988 kurtosis 0.895 spec_cnn 0.152  (13s)
    JSR   -7.0 dB  BER 3.43e-02  P(det)@0.05 power_one_sided 0.996 power_two_sided 0.996 kurtosis 0.967 spec_cnn 0.162  (13s)
    JSR   -6.0 dB  BER 4.64e-02  P(det)@0.05 power_one_sided 1.000 power_two_sided 1.000 kurtosis 1.000 spec_cnn 0.189  (14s)
    JSR   -5.0 dB  BER 5.81e-02  P(det)@0.05 power_one_sided 1.000 power_two_sided 1.000 kurtosis 1.000 spec_cnn 0.225  (14s)
    JSR   -4.0 dB  BER 6.98e-02  P(det)@0.05 power_one_sided 1.000 power_two_sided 1.000 kurtosis 1.000 spec_cnn 0.283  (14s)
    JSR   -3.0 dB  BER 7.94e-02  P(det)@0.05 power_one_sided 1.000 power_two_sided 1.000 kurtosis 1.000 spec_cnn 0.371  (15s)
    JSR   -2.0 dB  BER 8.89e-02  P(det)@0.05 power_one_sided 1.000 power_two_sided 1.000 kurtosis 1.000 spec_cnn 0.402  (15s)
    JSR   -1.0 dB  BER 9.63e-02  P(det)@0.05 power_one_sided 1.000 power_two_sided 1.000 kurtosis 1.000 spec_cnn 0.520  (15s)
    JSR   +0.0 dB  BER 1.06e-01  P(det)@0.05 power_one_sided 1.000 power_two_sided 1.000 kurtosis 1.000 spec_cnn 0.686  (16s)
    JSR   +1.0 dB  BER 1.15e-01  P(det)@0.05 power_one_sided 1.000 power_two_sided 1.000 kurtosis 1.000 spec_cnn 0.793  (16s)
    JSR   +2.0 dB  BER 1.25e-01  P(det)@0.05 power_one_sided 1.000 power_two_sided 1.000 kurtosis 1.000 spec_cnn 0.900  (16s)
    JSR   +3.0 dB  BER 1.33e-01  P(det)@0.05 power_one_sided 1.000 power_two_sided 1.000 kurtosis 1.000 spec_cnn 0.979  (17s)
    JSR   +4.0 dB  BER 1.40e-01  P(det)@0.05 power_one_sided 1.000 power_two_sided 1.000 kurtosis 1.000 spec_cnn 0.996  (17s)
    JSR   +5.0 dB  BER 1.47e-01  P(det)@0.05 power_one_sided 1.000 power_two_sided 1.000 kurtosis 1.000 spec_cnn 1.000  (17s)
    JSR   +6.0 dB  BER 1.55e-01  P(det)@0.05 power_one_sided 1.000 power_two_sided 1.000 kurtosis 1.000 spec_cnn 1.000  (17s)
    JSR   +7.0 dB  BER 1.69e-01  P(det)@0.05 power_one_sided 1.000 power_two_sided 1.000 kurtosis 1.000 spec_cnn 1.000  (18s)
    JSR   +8.0 dB  BER 1.78e-01  P(det)@0.05 power_one_sided 1.000 power_two_sided 1.000 kurtosis 1.000 spec_cnn 1.000  (18s)
    JSR   +9.0 dB  BER 1.87e-01  P(det)@0.05 power_one_sided 1.000 power_two_sided 1.000 kurtosis 1.000 spec_cnn 1.000  (18s)
    JSR  +10.0 dB  BER 2.01e-01  P(det)@0.05 power_one_sided 1.000 power_two_sided 1.000 kurtosis 1.000 spec_cnn 1.000  (19s)
    JSR  +11.0 dB  BER 2.08e-01  P(det)@0.05 power_one_sided 1.000 power_two_sided 1.000 kurtosis 1.000 spec_cnn 1.000  (19s)
    JSR  +12.0 dB  BER 2.17e-01  P(det)@0.05 power_one_sided 1.000 power_two_sided 1.000 kurtosis 1.000 spec_cnn 1.000  (19s)
    JSR  +13.0 dB  BER 2.29e-01  P(det)@0.05 power_one_sided 1.000 power_two_sided 1.000 kurtosis 1.000 spec_cnn 1.000  (20s)
    JSR  +14.0 dB  BER 2.40e-01  P(det)@0.05 power_one_sided 1.000 power_two_sided 1.000 kurtosis 1.000 spec_cnn 1.000  (20s)
    JSR  +15.0 dB  BER 2.52e-01  P(det)@0.05 power_one_sided 1.000 power_two_sided 1.000 kurtosis 1.000 spec_cnn 1.000  (20s)
  [snr_5] pulsed_p0.25 confirmed: {"power_one_sided": {"0.01": {"index": 9, "sweep_ber": 7.62939453125e-06, "sweep_pdet": 0.00390625, "confirmed_ber": 0.0, "confirmed_ser": 0.0, "confirmed_pdet": 0.007080078125, "passed": true}, "0.05": {"index": 9, "sweep_ber": 7.62939453125e-06, "sweep_pdet": 0.04296875, "confirmed_ber": 0.0, "confirmed_ser": 0.0, "confirmed_pdet": 0.051513671875, "passed": true}}, "power_two_sided": {"0.01": {"index": 9, "sweep_ber": 7.62939453125e-06, "sweep_pdet": 0.0078125, "confirmed_ber": 9.5367431640625e-07, "confirmed_ser": 1.9073486328125e-06, "confirmed_pdet": 0.009521484375, "passed": true}, "0.05": {"index": 9, "sweep_ber": 7.62939453125e-06, "sweep_pdet": 0.044921875, "confirmed_ber": 0.0, "confirmed_ser": 0.0, "confirmed_pdet": 0.05419921875, "passed": true}}, "kurtosis": {"0.01": {"index": 32, "sweep_ber": 1.52587890625e-05, "sweep_pdet": 0.017578125, "confirmed_ber": 2.288818359375e-05, "confirmed_ser": 4.57763671875e-05, "confirmed_pdet": 0.02099609375, "passed": false}, "0.05": {"index": 9, "sweep_ber": 7.62939453125e-06, "sweep_pdet": 0.056640625, "confirmed_ber": 9.5367431640625e-07, "confirmed_ser": 1.9073486328125e-06, "confirmed_pdet": 0.045166015625, "passed": true}}, "spec_cnn": {"0.01": {"index": 39, "sweep_ber": 0.00389862060546875, "sweep_pdet": 0.015625, "confirmed_ber": 0.00402069091796875, "confirmed_ser": 0.008035659790039062, "confirmed_pdet": 0.03076171875, "passed": false}, "0.05": {"index": 36, "sweep_ber": 0.000396728515625, "sweep_pdet": 0.04296875, "confirmed_ber": 0.00038909912109375, "confirmed_ser": 0.0007781982421875, "confirmed_pdet": 0.08203125, "passed": false}}}  (183s)
  [snr_5] classical pulsed_p0.1
    JSR  -50.0 dB  BER 0.00e+00  P(det)@0.05 power_one_sided 0.043 power_two_sided 0.047 kurtosis 0.037 spec_cnn 0.039  (0s)
    JSR  -49.0 dB  BER 7.63e-06  P(det)@0.05 power_one_sided 0.047 power_two_sided 0.037 kurtosis 0.057 spec_cnn 0.020  (1s)
    JSR  -48.0 dB  BER 0.00e+00  P(det)@0.05 power_one_sided 0.064 power_two_sided 0.057 kurtosis 0.045 spec_cnn 0.055  (1s)
    JSR  -47.0 dB  BER 0.00e+00  P(det)@0.05 power_one_sided 0.051 power_two_sided 0.059 kurtosis 0.043 spec_cnn 0.045  (1s)
    JSR  -46.0 dB  BER 0.00e+00  P(det)@0.05 power_one_sided 0.039 power_two_sided 0.049 kurtosis 0.061 spec_cnn 0.068  (2s)
    JSR  -45.0 dB  BER 0.00e+00  P(det)@0.05 power_one_sided 0.051 power_two_sided 0.035 kurtosis 0.051 spec_cnn 0.047  (2s)
    JSR  -44.0 dB  BER 0.00e+00  P(det)@0.05 power_one_sided 0.043 power_two_sided 0.049 kurtosis 0.033 spec_cnn 0.027  (2s)
    JSR  -43.0 dB  BER 0.00e+00  P(det)@0.05 power_one_sided 0.045 power_two_sided 0.064 kurtosis 0.053 spec_cnn 0.059  (2s)
    JSR  -42.0 dB  BER 0.00e+00  P(det)@0.05 power_one_sided 0.057 power_two_sided 0.059 kurtosis 0.057 spec_cnn 0.051  (3s)
    JSR  -41.0 dB  BER 0.00e+00  P(det)@0.05 power_one_sided 0.053 power_two_sided 0.051 kurtosis 0.047 spec_cnn 0.049  (3s)
    JSR  -40.0 dB  BER 0.00e+00  P(det)@0.05 power_one_sided 0.057 power_two_sided 0.047 kurtosis 0.055 spec_cnn 0.055  (3s)
    JSR  -39.0 dB  BER 0.00e+00  P(det)@0.05 power_one_sided 0.057 power_two_sided 0.057 kurtosis 0.051 spec_cnn 0.051  (4s)
    JSR  -38.0 dB  BER 0.00e+00  P(det)@0.05 power_one_sided 0.037 power_two_sided 0.049 kurtosis 0.049 spec_cnn 0.049  (4s)
    JSR  -37.0 dB  BER 0.00e+00  P(det)@0.05 power_one_sided 0.043 power_two_sided 0.043 kurtosis 0.053 spec_cnn 0.053  (4s)
    JSR  -36.0 dB  BER 0.00e+00  P(det)@0.05 power_one_sided 0.061 power_two_sided 0.059 kurtosis 0.062 spec_cnn 0.039  (5s)
    JSR  -35.0 dB  BER 0.00e+00  P(det)@0.05 power_one_sided 0.053 power_two_sided 0.059 kurtosis 0.041 spec_cnn 0.039  (5s)
    JSR  -34.0 dB  BER 0.00e+00  P(det)@0.05 power_one_sided 0.045 power_two_sided 0.043 kurtosis 0.047 spec_cnn 0.061  (5s)
    JSR  -33.0 dB  BER 0.00e+00  P(det)@0.05 power_one_sided 0.059 power_two_sided 0.059 kurtosis 0.074 spec_cnn 0.055  (6s)
    JSR  -32.0 dB  BER 0.00e+00  P(det)@0.05 power_one_sided 0.047 power_two_sided 0.049 kurtosis 0.047 spec_cnn 0.051  (6s)
    JSR  -31.0 dB  BER 0.00e+00  P(det)@0.05 power_one_sided 0.051 power_two_sided 0.051 kurtosis 0.051 spec_cnn 0.072  (6s)
    JSR  -30.0 dB  BER 0.00e+00  P(det)@0.05 power_one_sided 0.051 power_two_sided 0.049 kurtosis 0.037 spec_cnn 0.045  (6s)
    JSR  -29.0 dB  BER 0.00e+00  P(det)@0.05 power_one_sided 0.049 power_two_sided 0.051 kurtosis 0.068 spec_cnn 0.047  (7s)
    JSR  -28.0 dB  BER 0.00e+00  P(det)@0.05 power_one_sided 0.062 power_two_sided 0.062 kurtosis 0.068 spec_cnn 0.055  (7s)
    JSR  -27.0 dB  BER 0.00e+00  P(det)@0.05 power_one_sided 0.070 power_two_sided 0.047 kurtosis 0.053 spec_cnn 0.064  (7s)
    JSR  -26.0 dB  BER 0.00e+00  P(det)@0.05 power_one_sided 0.084 power_two_sided 0.082 kurtosis 0.051 spec_cnn 0.051  (8s)
    JSR  -25.0 dB  BER 7.63e-06  P(det)@0.05 power_one_sided 0.064 power_two_sided 0.053 kurtosis 0.057 spec_cnn 0.045  (8s)
    JSR  -24.0 dB  BER 0.00e+00  P(det)@0.05 power_one_sided 0.051 power_two_sided 0.045 kurtosis 0.055 spec_cnn 0.051  (8s)
    JSR  -23.0 dB  BER 2.29e-05  P(det)@0.05 power_one_sided 0.090 power_two_sided 0.061 kurtosis 0.045 spec_cnn 0.055  (9s)
    JSR  -22.0 dB  BER 0.00e+00  P(det)@0.05 power_one_sided 0.102 power_two_sided 0.074 kurtosis 0.043 spec_cnn 0.059  (9s)
    JSR  -21.0 dB  BER 1.53e-05  P(det)@0.05 power_one_sided 0.141 power_two_sided 0.090 kurtosis 0.068 spec_cnn 0.061  (9s)
    JSR  -20.0 dB  BER 5.34e-05  P(det)@0.05 power_one_sided 0.133 power_two_sided 0.109 kurtosis 0.070 spec_cnn 0.059  (10s)
    JSR  -19.0 dB  BER 6.10e-05  P(det)@0.05 power_one_sided 0.146 power_two_sided 0.104 kurtosis 0.082 spec_cnn 0.072  (10s)
    JSR  -18.0 dB  BER 1.91e-04  P(det)@0.05 power_one_sided 0.211 power_two_sided 0.162 kurtosis 0.082 spec_cnn 0.066  (10s)
    JSR  -17.0 dB  BER 3.81e-04  P(det)@0.05 power_one_sided 0.219 power_two_sided 0.166 kurtosis 0.078 spec_cnn 0.059  (10s)
    JSR  -16.0 dB  BER 6.71e-04  P(det)@0.05 power_one_sided 0.312 power_two_sided 0.240 kurtosis 0.152 spec_cnn 0.084  (11s)
    JSR  -15.0 dB  BER 1.48e-03  P(det)@0.05 power_one_sided 0.383 power_two_sided 0.314 kurtosis 0.139 spec_cnn 0.064  (11s)
    JSR  -14.0 dB  BER 2.79e-03  P(det)@0.05 power_one_sided 0.508 power_two_sided 0.414 kurtosis 0.217 spec_cnn 0.066  (11s)
    JSR  -13.0 dB  BER 5.23e-03  P(det)@0.05 power_one_sided 0.607 power_two_sided 0.502 kurtosis 0.301 spec_cnn 0.078  (12s)
    JSR  -12.0 dB  BER 8.42e-03  P(det)@0.05 power_one_sided 0.717 power_two_sided 0.631 kurtosis 0.449 spec_cnn 0.092  (12s)
    JSR  -11.0 dB  BER 1.29e-02  P(det)@0.05 power_one_sided 0.834 power_two_sided 0.785 kurtosis 0.619 spec_cnn 0.090  (12s)
    JSR  -10.0 dB  BER 1.82e-02  P(det)@0.05 power_one_sided 0.924 power_two_sided 0.898 kurtosis 0.811 spec_cnn 0.104  (13s)
    JSR   -9.0 dB  BER 2.23e-02  P(det)@0.05 power_one_sided 0.965 power_two_sided 0.955 kurtosis 0.930 spec_cnn 0.115  (13s)
    JSR   -8.0 dB  BER 2.71e-02  P(det)@0.05 power_one_sided 0.990 power_two_sided 0.984 kurtosis 0.967 spec_cnn 0.123  (13s)
    JSR   -7.0 dB  BER 3.15e-02  P(det)@0.05 power_one_sided 0.998 power_two_sided 0.998 kurtosis 0.996 spec_cnn 0.154  (14s)
    JSR   -6.0 dB  BER 3.60e-02  P(det)@0.05 power_one_sided 1.000 power_two_sided 1.000 kurtosis 0.998 spec_cnn 0.148  (14s)
    JSR   -5.0 dB  BER 4.02e-02  P(det)@0.05 power_one_sided 1.000 power_two_sided 1.000 kurtosis 1.000 spec_cnn 0.170  (14s)
    JSR   -4.0 dB  BER 4.40e-02  P(det)@0.05 power_one_sided 1.000 power_two_sided 1.000 kurtosis 1.000 spec_cnn 0.250  (14s)
    JSR   -3.0 dB  BER 4.64e-02  P(det)@0.05 power_one_sided 1.000 power_two_sided 1.000 kurtosis 1.000 spec_cnn 0.311  (15s)
    JSR   -2.0 dB  BER 5.05e-02  P(det)@0.05 power_one_sided 1.000 power_two_sided 1.000 kurtosis 1.000 spec_cnn 0.398  (15s)
    JSR   -1.0 dB  BER 5.40e-02  P(det)@0.05 power_one_sided 1.000 power_two_sided 1.000 kurtosis 1.000 spec_cnn 0.564  (15s)
    JSR   +0.0 dB  BER 5.66e-02  P(det)@0.05 power_one_sided 1.000 power_two_sided 1.000 kurtosis 1.000 spec_cnn 0.727  (16s)
    JSR   +1.0 dB  BER 6.29e-02  P(det)@0.05 power_one_sided 1.000 power_two_sided 1.000 kurtosis 1.000 spec_cnn 0.828  (16s)
    JSR   +2.0 dB  BER 6.80e-02  P(det)@0.05 power_one_sided 1.000 power_two_sided 1.000 kurtosis 1.000 spec_cnn 0.930  (16s)
    JSR   +3.0 dB  BER 7.25e-02  P(det)@0.05 power_one_sided 1.000 power_two_sided 1.000 kurtosis 1.000 spec_cnn 0.969  (17s)
    JSR   +4.0 dB  BER 7.81e-02  P(det)@0.05 power_one_sided 1.000 power_two_sided 1.000 kurtosis 1.000 spec_cnn 0.996  (17s)
    JSR   +5.0 dB  BER 8.68e-02  P(det)@0.05 power_one_sided 1.000 power_two_sided 1.000 kurtosis 1.000 spec_cnn 1.000  (17s)
    JSR   +6.0 dB  BER 9.04e-02  P(det)@0.05 power_one_sided 1.000 power_two_sided 1.000 kurtosis 1.000 spec_cnn 1.000  (18s)
    JSR   +7.0 dB  BER 9.50e-02  P(det)@0.05 power_one_sided 1.000 power_two_sided 1.000 kurtosis 1.000 spec_cnn 1.000  (18s)
    JSR   +8.0 dB  BER 1.01e-01  P(det)@0.05 power_one_sided 1.000 power_two_sided 1.000 kurtosis 1.000 spec_cnn 1.000  (18s)
    JSR   +9.0 dB  BER 1.08e-01  P(det)@0.05 power_one_sided 1.000 power_two_sided 1.000 kurtosis 1.000 spec_cnn 1.000  (19s)
    JSR  +10.0 dB  BER 1.14e-01  P(det)@0.05 power_one_sided 1.000 power_two_sided 1.000 kurtosis 1.000 spec_cnn 1.000  (19s)
    JSR  +11.0 dB  BER 1.20e-01  P(det)@0.05 power_one_sided 1.000 power_two_sided 1.000 kurtosis 1.000 spec_cnn 1.000  (19s)
    JSR  +12.0 dB  BER 1.29e-01  P(det)@0.05 power_one_sided 1.000 power_two_sided 1.000 kurtosis 1.000 spec_cnn 1.000  (19s)
    JSR  +13.0 dB  BER 1.31e-01  P(det)@0.05 power_one_sided 1.000 power_two_sided 1.000 kurtosis 1.000 spec_cnn 1.000  (20s)
    JSR  +14.0 dB  BER 1.43e-01  P(det)@0.05 power_one_sided 1.000 power_two_sided 1.000 kurtosis 1.000 spec_cnn 1.000  (20s)
    JSR  +15.0 dB  BER 1.46e-01  P(det)@0.05 power_one_sided 1.000 power_two_sided 1.000 kurtosis 1.000 spec_cnn 1.000  (20s)
  [snr_5] pulsed_p0.1 confirmed: {"power_one_sided": {"0.01": {"index": 1, "sweep_ber": 7.62939453125e-06, "sweep_pdet": 0.00390625, "confirmed_ber": 0.0, "confirmed_ser": 0.0, "confirmed_pdet": 0.005615234375, "passed": true}, "0.05": {"index": 1, "sweep_ber": 7.62939453125e-06, "sweep_pdet": 0.046875, "confirmed_ber": 9.5367431640625e-07, "confirmed_ser": 1.9073486328125e-06, "confirmed_pdet": 0.050048828125, "passed": true}}, "power_two_sided": {"0.01": {"index": 27, "sweep_ber": 2.288818359375e-05, "sweep_pdet": 0.017578125, "confirmed_ber": 3.814697265625e-06, "confirmed_ser": 7.62939453125e-06, "confirmed_pdet": 0.014404296875, "passed": false}, "0.05": {"index": 27, "sweep_ber": 2.288818359375e-05, "sweep_pdet": 0.060546875, "confirmed_ber": 8.58306884765625e-06, "confirmed_ser": 1.71661376953125e-05, "confirmed_pdet": 0.06591796875, "passed": false}}, "kurtosis": {"0.01": {"index": 27, "sweep_ber": 2.288818359375e-05, "sweep_pdet": 0.01171875, "confirmed_ber": 3.814697265625e-06, "confirmed_ser": 7.62939453125e-06, "confirmed_pdet": 0.011474609375, "passed": true}, "0.05": {"index": 27, "sweep_ber": 2.288818359375e-05, "sweep_pdet": 0.044921875, "confirmed_ber": 4.76837158203125e-06, "confirmed_ser": 9.5367431640625e-06, "confirmed_pdet": 0.05859375, "passed": false}}, "spec_cnn": {"0.01": {"index": 36, "sweep_ber": 0.0027923583984375, "sweep_pdet": 0.013671875, "confirmed_ber": 0.0030002593994140625, "confirmed_ser": 0.0059795379638671875, "confirmed_pdet": 0.014404296875, "passed": false}, "0.05": {"index": 36, "sweep_ber": 0.0027923583984375, "sweep_pdet": 0.06640625, "confirmed_ber": 0.0029649734497070312, "confirmed_ser": 0.00591278076171875, "confirmed_pdet": 0.0712890625, "passed": false}}}  (223s)
  [snr_5] classical omniscient_e0.1
    JSR  -50.0 dB  BER 0.00e+00  P(det)@0.05 power_one_sided 0.041 power_two_sided 0.053 kurtosis 0.045 spec_cnn 0.051  (0s)
    JSR  -49.0 dB  BER 0.00e+00  P(det)@0.05 power_one_sided 0.033 power_two_sided 0.061 kurtosis 0.041 spec_cnn 0.064  (1s)
    JSR  -48.0 dB  BER 0.00e+00  P(det)@0.05 power_one_sided 0.057 power_two_sided 0.059 kurtosis 0.043 spec_cnn 0.061  (1s)
    JSR  -47.0 dB  BER 0.00e+00  P(det)@0.05 power_one_sided 0.043 power_two_sided 0.055 kurtosis 0.057 spec_cnn 0.043  (1s)
    JSR  -46.0 dB  BER 0.00e+00  P(det)@0.05 power_one_sided 0.061 power_two_sided 0.055 kurtosis 0.053 spec_cnn 0.057  (2s)
    JSR  -45.0 dB  BER 0.00e+00  P(det)@0.05 power_one_sided 0.057 power_two_sided 0.045 kurtosis 0.062 spec_cnn 0.047  (2s)
    JSR  -44.0 dB  BER 0.00e+00  P(det)@0.05 power_one_sided 0.068 power_two_sided 0.066 kurtosis 0.049 spec_cnn 0.041  (2s)
    JSR  -43.0 dB  BER 0.00e+00  P(det)@0.05 power_one_sided 0.045 power_two_sided 0.045 kurtosis 0.051 spec_cnn 0.033  (2s)
    JSR  -42.0 dB  BER 0.00e+00  P(det)@0.05 power_one_sided 0.039 power_two_sided 0.037 kurtosis 0.061 spec_cnn 0.051  (3s)
    JSR  -41.0 dB  BER 0.00e+00  P(det)@0.05 power_one_sided 0.041 power_two_sided 0.049 kurtosis 0.051 spec_cnn 0.059  (3s)
    JSR  -40.0 dB  BER 0.00e+00  P(det)@0.05 power_one_sided 0.049 power_two_sided 0.033 kurtosis 0.057 spec_cnn 0.057  (3s)
    JSR  -39.0 dB  BER 0.00e+00  P(det)@0.05 power_one_sided 0.043 power_two_sided 0.051 kurtosis 0.059 spec_cnn 0.053  (4s)
    JSR  -38.0 dB  BER 0.00e+00  P(det)@0.05 power_one_sided 0.059 power_two_sided 0.053 kurtosis 0.037 spec_cnn 0.053  (4s)
    JSR  -37.0 dB  BER 0.00e+00  P(det)@0.05 power_one_sided 0.033 power_two_sided 0.043 kurtosis 0.045 spec_cnn 0.061  (4s)
    JSR  -36.0 dB  BER 0.00e+00  P(det)@0.05 power_one_sided 0.051 power_two_sided 0.047 kurtosis 0.062 spec_cnn 0.047  (5s)
    JSR  -35.0 dB  BER 7.63e-06  P(det)@0.05 power_one_sided 0.055 power_two_sided 0.041 kurtosis 0.049 spec_cnn 0.051  (5s)
    JSR  -34.0 dB  BER 0.00e+00  P(det)@0.05 power_one_sided 0.053 power_two_sided 0.074 kurtosis 0.051 spec_cnn 0.053  (5s)
    JSR  -33.0 dB  BER 0.00e+00  P(det)@0.05 power_one_sided 0.037 power_two_sided 0.049 kurtosis 0.045 spec_cnn 0.051  (6s)
    JSR  -32.0 dB  BER 0.00e+00  P(det)@0.05 power_one_sided 0.045 power_two_sided 0.047 kurtosis 0.059 spec_cnn 0.033  (6s)
    JSR  -31.0 dB  BER 0.00e+00  P(det)@0.05 power_one_sided 0.045 power_two_sided 0.041 kurtosis 0.059 spec_cnn 0.053  (6s)
    JSR  -30.0 dB  BER 0.00e+00  P(det)@0.05 power_one_sided 0.051 power_two_sided 0.061 kurtosis 0.061 spec_cnn 0.053  (6s)
    JSR  -29.0 dB  BER 0.00e+00  P(det)@0.05 power_one_sided 0.041 power_two_sided 0.039 kurtosis 0.033 spec_cnn 0.064  (7s)
    JSR  -28.0 dB  BER 0.00e+00  P(det)@0.05 power_one_sided 0.061 power_two_sided 0.057 kurtosis 0.043 spec_cnn 0.049  (7s)
    JSR  -27.0 dB  BER 0.00e+00  P(det)@0.05 power_one_sided 0.055 power_two_sided 0.051 kurtosis 0.051 spec_cnn 0.039  (7s)
    JSR  -26.0 dB  BER 0.00e+00  P(det)@0.05 power_one_sided 0.059 power_two_sided 0.057 kurtosis 0.051 spec_cnn 0.049  (8s)
    JSR  -25.0 dB  BER 0.00e+00  P(det)@0.05 power_one_sided 0.035 power_two_sided 0.047 kurtosis 0.049 spec_cnn 0.047  (8s)
    JSR  -24.0 dB  BER 0.00e+00  P(det)@0.05 power_one_sided 0.045 power_two_sided 0.047 kurtosis 0.049 spec_cnn 0.035  (8s)
    JSR  -23.0 dB  BER 0.00e+00  P(det)@0.05 power_one_sided 0.031 power_two_sided 0.043 kurtosis 0.047 spec_cnn 0.045  (9s)
    JSR  -22.0 dB  BER 0.00e+00  P(det)@0.05 power_one_sided 0.049 power_two_sided 0.043 kurtosis 0.047 spec_cnn 0.053  (9s)
    JSR  -21.0 dB  BER 0.00e+00  P(det)@0.05 power_one_sided 0.043 power_two_sided 0.051 kurtosis 0.070 spec_cnn 0.045  (9s)
    JSR  -20.0 dB  BER 5.45e-03  P(det)@0.05 power_one_sided 0.021 power_two_sided 0.055 kurtosis 0.043 spec_cnn 0.062  (9s)
    JSR  -19.0 dB  BER 5.38e-03  P(det)@0.05 power_one_sided 0.023 power_two_sided 0.068 kurtosis 0.070 spec_cnn 0.047  (10s)
    JSR  -18.0 dB  BER 5.38e-03  P(det)@0.05 power_one_sided 0.037 power_two_sided 0.066 kurtosis 0.062 spec_cnn 0.057  (10s)
    JSR  -17.0 dB  BER 1.08e-02  P(det)@0.05 power_one_sided 0.008 power_two_sided 0.080 kurtosis 0.061 spec_cnn 0.061  (10s)
    JSR  -16.0 dB  BER 1.10e-02  P(det)@0.05 power_one_sided 0.008 power_two_sided 0.082 kurtosis 0.072 spec_cnn 0.053  (11s)
    JSR  -15.0 dB  BER 1.64e-02  P(det)@0.05 power_one_sided 0.006 power_two_sided 0.137 kurtosis 0.082 spec_cnn 0.053  (11s)
    JSR  -14.0 dB  BER 2.18e-02  P(det)@0.05 power_one_sided 0.008 power_two_sided 0.217 kurtosis 0.096 spec_cnn 0.043  (11s)
    JSR  -13.0 dB  BER 2.68e-02  P(det)@0.05 power_one_sided 0.000 power_two_sided 0.311 kurtosis 0.129 spec_cnn 0.049  (12s)
    JSR  -12.0 dB  BER 3.25e-02  P(det)@0.05 power_one_sided 0.000 power_two_sided 0.363 kurtosis 0.189 spec_cnn 0.039  (12s)
    JSR  -11.0 dB  BER 4.35e-02  P(det)@0.05 power_one_sided 0.000 power_two_sided 0.602 kurtosis 0.258 spec_cnn 0.049  (12s)
    JSR  -10.0 dB  BER 5.37e-02  P(det)@0.05 power_one_sided 0.000 power_two_sided 0.824 kurtosis 0.426 spec_cnn 0.037  (13s)
    JSR   -9.0 dB  BER 7.08e-02  P(det)@0.05 power_one_sided 0.000 power_two_sided 0.961 kurtosis 0.646 spec_cnn 0.033  (13s)
    JSR   -8.0 dB  BER 8.70e-02  P(det)@0.05 power_one_sided 0.000 power_two_sided 0.994 kurtosis 0.818 spec_cnn 0.061  (13s)
    JSR   -7.0 dB  BER 1.13e-01  P(det)@0.05 power_one_sided 0.000 power_two_sided 1.000 kurtosis 0.936 spec_cnn 0.043  (13s)
    JSR   -6.0 dB  BER 1.40e-01  P(det)@0.05 power_one_sided 0.000 power_two_sided 1.000 kurtosis 0.992 spec_cnn 0.023  (14s)
    JSR   -5.0 dB  BER 1.78e-01  P(det)@0.05 power_one_sided 0.000 power_two_sided 1.000 kurtosis 1.000 spec_cnn 0.027  (14s)
    JSR   -4.0 dB  BER 2.27e-01  P(det)@0.05 power_one_sided 0.000 power_two_sided 1.000 kurtosis 1.000 spec_cnn 0.027  (14s)
    JSR   -3.0 dB  BER 2.87e-01  P(det)@0.05 power_one_sided 0.000 power_two_sided 1.000 kurtosis 1.000 spec_cnn 0.010  (15s)
    JSR   -2.0 dB  BER 3.57e-01  P(det)@0.05 power_one_sided 0.000 power_two_sided 1.000 kurtosis 1.000 spec_cnn 0.012  (15s)
    JSR   -1.0 dB  BER 4.54e-01  P(det)@0.05 power_one_sided 0.000 power_two_sided 1.000 kurtosis 1.000 spec_cnn 0.002  (15s)
    JSR   +0.0 dB  BER 5.67e-01  P(det)@0.05 power_one_sided 0.000 power_two_sided 1.000 kurtosis 1.000 spec_cnn 0.000  (16s)
    JSR   +1.0 dB  BER 6.93e-01  P(det)@0.05 power_one_sided 0.000 power_two_sided 1.000 kurtosis 1.000 spec_cnn 0.000  (16s)
    JSR   +2.0 dB  BER 6.93e-01  P(det)@0.05 power_one_sided 0.000 power_two_sided 1.000 kurtosis 1.000 spec_cnn 0.000  (16s)
    JSR   +3.0 dB  BER 6.93e-01  P(det)@0.05 power_one_sided 0.000 power_two_sided 1.000 kurtosis 1.000 spec_cnn 0.000  (17s)
    JSR   +4.0 dB  BER 6.89e-01  P(det)@0.05 power_one_sided 0.000 power_two_sided 1.000 kurtosis 1.000 spec_cnn 0.000  (17s)
    JSR   +5.0 dB  BER 6.92e-01  P(det)@0.05 power_one_sided 0.000 power_two_sided 1.000 kurtosis 1.000 spec_cnn 0.000  (17s)
    JSR   +6.0 dB  BER 6.93e-01  P(det)@0.05 power_one_sided 0.000 power_two_sided 1.000 kurtosis 1.000 spec_cnn 0.000  (17s)
    JSR   +7.0 dB  BER 6.94e-01  P(det)@0.05 power_one_sided 0.000 power_two_sided 1.000 kurtosis 1.000 spec_cnn 0.000  (18s)
    JSR   +8.0 dB  BER 6.93e-01  P(det)@0.05 power_one_sided 0.000 power_two_sided 1.000 kurtosis 1.000 spec_cnn 0.000  (18s)
    JSR   +9.0 dB  BER 6.91e-01  P(det)@0.05 power_one_sided 0.000 power_two_sided 1.000 kurtosis 1.000 spec_cnn 0.000  (18s)
    JSR  +10.0 dB  BER 6.93e-01  P(det)@0.05 power_one_sided 0.000 power_two_sided 1.000 kurtosis 1.000 spec_cnn 0.000  (19s)
    JSR  +11.0 dB  BER 6.90e-01  P(det)@0.05 power_one_sided 0.000 power_two_sided 1.000 kurtosis 1.000 spec_cnn 0.000  (19s)
    JSR  +12.0 dB  BER 6.92e-01  P(det)@0.05 power_one_sided 0.000 power_two_sided 1.000 kurtosis 1.000 spec_cnn 0.000  (19s)
    JSR  +13.0 dB  BER 6.92e-01  P(det)@0.05 power_one_sided 0.000 power_two_sided 1.000 kurtosis 1.000 spec_cnn 0.000  (20s)
    JSR  +14.0 dB  BER 6.92e-01  P(det)@0.05 power_one_sided 0.000 power_two_sided 1.000 kurtosis 1.000 spec_cnn 0.000  (20s)
    JSR  +15.0 dB  BER 6.90e-01  P(det)@0.05 power_one_sided 0.000 power_two_sided 1.000 kurtosis 1.000 spec_cnn 0.000  (20s)
  [snr_5] omniscient_e0.1 confirmed: {"power_one_sided": {"0.01": {"index": 57, "sweep_ber": 0.6938705444335938, "sweep_pdet": 0.0, "confirmed_ber": 0.6924810409545898, "confirmed_ser": 0.9054641723632812, "confirmed_pdet": 0.0, "passed": true}, "0.05": {"index": 57, "sweep_ber": 0.6938705444335938, "sweep_pdet": 0.0, "confirmed_ber": 0.6921901702880859, "confirmed_ser": 0.9049243927001953, "confirmed_pdet": 0.0, "passed": true}}, "power_two_sided": {"0.01": {"index": 34, "sweep_ber": 0.01102447509765625, "sweep_pdet": 0.017578125, "confirmed_ber": 0.010782241821289062, "confirmed_ser": 0.01416778564453125, "confirmed_pdet": 0.021484375, "passed": false}, "0.05": {"index": 30, "sweep_ber": 0.0054473876953125, "sweep_pdet": 0.0546875, "confirmed_ber": 0.0054473876953125, "confirmed_ser": 0.0071086883544921875, "confirmed_pdet": 0.05126953125, "passed": true}}, "kurtosis": {"0.01": {"index": 34, "sweep_ber": 0.01102447509765625, "sweep_pdet": 0.017578125, "confirmed_ber": 0.010825157165527344, "confirmed_ser": 0.01415252685546875, "confirmed_pdet": 0.01513671875, "passed": false}, "0.05": {"index": 33, "sweep_ber": 0.01082611083984375, "sweep_pdet": 0.060546875, "confirmed_ber": 0.010746955871582031, "confirmed_ser": 0.01409912109375, "confirmed_pdet": 0.068115234375, "passed": false}}, "spec_cnn": {"0.01": {"index": 57, "sweep_ber": 0.6938705444335938, "sweep_pdet": 0.0, "confirmed_ber": 0.6931209564208984, "confirmed_ser": 0.9061527252197266, "confirmed_pdet": 0.0, "passed": true}, "0.05": {"index": 57, "sweep_ber": 0.6938705444335938, "sweep_pdet": 0.0, "confirmed_ber": 0.6925859451293945, "confirmed_ser": 0.9056415557861328, "confirmed_pdet": 0.0, "passed": true}}}  (262s)
  [snr_5] classical omniscient_e1
    JSR  -50.0 dB  BER 0.00e+00  P(det)@0.05 power_one_sided 0.033 power_two_sided 0.053 kurtosis 0.039 spec_cnn 0.064  (0s)
    JSR  -49.0 dB  BER 0.00e+00  P(det)@0.05 power_one_sided 0.045 power_two_sided 0.055 kurtosis 0.045 spec_cnn 0.055  (1s)
    JSR  -48.0 dB  BER 0.00e+00  P(det)@0.05 power_one_sided 0.047 power_two_sided 0.047 kurtosis 0.039 spec_cnn 0.043  (1s)
    JSR  -47.0 dB  BER 0.00e+00  P(det)@0.05 power_one_sided 0.045 power_two_sided 0.059 kurtosis 0.039 spec_cnn 0.041  (1s)
    JSR  -46.0 dB  BER 0.00e+00  P(det)@0.05 power_one_sided 0.066 power_two_sided 0.053 kurtosis 0.061 spec_cnn 0.055  (2s)
    JSR  -45.0 dB  BER 0.00e+00  P(det)@0.05 power_one_sided 0.045 power_two_sided 0.039 kurtosis 0.045 spec_cnn 0.055  (2s)
    JSR  -44.0 dB  BER 0.00e+00  P(det)@0.05 power_one_sided 0.055 power_two_sided 0.053 kurtosis 0.049 spec_cnn 0.053  (2s)
    JSR  -43.0 dB  BER 0.00e+00  P(det)@0.05 power_one_sided 0.043 power_two_sided 0.049 kurtosis 0.037 spec_cnn 0.051  (2s)
    JSR  -42.0 dB  BER 0.00e+00  P(det)@0.05 power_one_sided 0.053 power_two_sided 0.047 kurtosis 0.037 spec_cnn 0.064  (3s)
    JSR  -41.0 dB  BER 0.00e+00  P(det)@0.05 power_one_sided 0.047 power_two_sided 0.051 kurtosis 0.061 spec_cnn 0.049  (3s)
    JSR  -40.0 dB  BER 0.00e+00  P(det)@0.05 power_one_sided 0.039 power_two_sided 0.041 kurtosis 0.041 spec_cnn 0.053  (3s)
    JSR  -39.0 dB  BER 0.00e+00  P(det)@0.05 power_one_sided 0.061 power_two_sided 0.059 kurtosis 0.049 spec_cnn 0.047  (4s)
    JSR  -38.0 dB  BER 0.00e+00  P(det)@0.05 power_one_sided 0.045 power_two_sided 0.043 kurtosis 0.043 spec_cnn 0.070  (4s)
    JSR  -37.0 dB  BER 0.00e+00  P(det)@0.05 power_one_sided 0.066 power_two_sided 0.057 kurtosis 0.064 spec_cnn 0.047  (4s)
    JSR  -36.0 dB  BER 0.00e+00  P(det)@0.05 power_one_sided 0.049 power_two_sided 0.051 kurtosis 0.045 spec_cnn 0.061  (5s)
    JSR  -35.0 dB  BER 0.00e+00  P(det)@0.05 power_one_sided 0.033 power_two_sided 0.049 kurtosis 0.055 spec_cnn 0.053  (5s)
    JSR  -34.0 dB  BER 0.00e+00  P(det)@0.05 power_one_sided 0.053 power_two_sided 0.049 kurtosis 0.049 spec_cnn 0.051  (5s)
    JSR  -33.0 dB  BER 0.00e+00  P(det)@0.05 power_one_sided 0.061 power_two_sided 0.049 kurtosis 0.041 spec_cnn 0.059  (5s)
    JSR  -32.0 dB  BER 0.00e+00  P(det)@0.05 power_one_sided 0.055 power_two_sided 0.059 kurtosis 0.055 spec_cnn 0.037  (6s)
    JSR  -31.0 dB  BER 0.00e+00  P(det)@0.05 power_one_sided 0.055 power_two_sided 0.057 kurtosis 0.045 spec_cnn 0.057  (6s)
    JSR  -30.0 dB  BER 0.00e+00  P(det)@0.05 power_one_sided 0.035 power_two_sided 0.055 kurtosis 0.043 spec_cnn 0.051  (6s)
    JSR  -29.0 dB  BER 0.00e+00  P(det)@0.05 power_one_sided 0.039 power_two_sided 0.037 kurtosis 0.045 spec_cnn 0.059  (7s)
    JSR  -28.0 dB  BER 0.00e+00  P(det)@0.05 power_one_sided 0.039 power_two_sided 0.051 kurtosis 0.051 spec_cnn 0.061  (7s)
    JSR  -27.0 dB  BER 0.00e+00  P(det)@0.05 power_one_sided 0.059 power_two_sided 0.051 kurtosis 0.041 spec_cnn 0.041  (7s)
    JSR  -26.0 dB  BER 0.00e+00  P(det)@0.05 power_one_sided 0.047 power_two_sided 0.057 kurtosis 0.031 spec_cnn 0.045  (8s)
    JSR  -25.0 dB  BER 7.63e-06  P(det)@0.05 power_one_sided 0.059 power_two_sided 0.057 kurtosis 0.047 spec_cnn 0.043  (8s)
    JSR  -24.0 dB  BER 0.00e+00  P(det)@0.05 power_one_sided 0.045 power_two_sided 0.039 kurtosis 0.062 spec_cnn 0.047  (8s)
    JSR  -23.0 dB  BER 0.00e+00  P(det)@0.05 power_one_sided 0.031 power_two_sided 0.035 kurtosis 0.062 spec_cnn 0.068  (9s)
    JSR  -22.0 dB  BER 0.00e+00  P(det)@0.05 power_one_sided 0.051 power_two_sided 0.068 kurtosis 0.043 spec_cnn 0.061  (9s)
    JSR  -21.0 dB  BER 0.00e+00  P(det)@0.05 power_one_sided 0.029 power_two_sided 0.051 kurtosis 0.049 spec_cnn 0.041  (9s)
    JSR  -20.0 dB  BER 0.00e+00  P(det)@0.05 power_one_sided 0.037 power_two_sided 0.047 kurtosis 0.027 spec_cnn 0.041  (9s)
    JSR  -19.0 dB  BER 0.00e+00  P(det)@0.05 power_one_sided 0.051 power_two_sided 0.055 kurtosis 0.053 spec_cnn 0.047  (10s)
    JSR  -18.0 dB  BER 0.00e+00  P(det)@0.05 power_one_sided 0.047 power_two_sided 0.045 kurtosis 0.045 spec_cnn 0.055  (10s)
    JSR  -17.0 dB  BER 0.00e+00  P(det)@0.05 power_one_sided 0.059 power_two_sided 0.059 kurtosis 0.041 spec_cnn 0.043  (10s)
    JSR  -16.0 dB  BER 0.00e+00  P(det)@0.05 power_one_sided 0.053 power_two_sided 0.045 kurtosis 0.041 spec_cnn 0.033  (11s)
    JSR  -15.0 dB  BER 7.81e-03  P(det)@0.05 power_one_sided 0.037 power_two_sided 0.037 kurtosis 0.057 spec_cnn 0.066  (11s)
    JSR  -14.0 dB  BER 7.81e-03  P(det)@0.05 power_one_sided 0.031 power_two_sided 0.051 kurtosis 0.057 spec_cnn 0.049  (11s)
    JSR  -13.0 dB  BER 7.81e-03  P(det)@0.05 power_one_sided 0.062 power_two_sided 0.045 kurtosis 0.031 spec_cnn 0.047  (12s)
    JSR  -12.0 dB  BER 1.56e-02  P(det)@0.05 power_one_sided 0.072 power_two_sided 0.068 kurtosis 0.062 spec_cnn 0.043  (12s)
    JSR  -11.0 dB  BER 1.56e-02  P(det)@0.05 power_one_sided 0.062 power_two_sided 0.043 kurtosis 0.051 spec_cnn 0.047  (12s)
    JSR  -10.0 dB  BER 2.34e-02  P(det)@0.05 power_one_sided 0.033 power_two_sided 0.033 kurtosis 0.043 spec_cnn 0.049  (13s)
    JSR   -9.0 dB  BER 3.12e-02  P(det)@0.05 power_one_sided 0.053 power_two_sided 0.041 kurtosis 0.051 spec_cnn 0.055  (13s)
    JSR   -8.0 dB  BER 3.91e-02  P(det)@0.05 power_one_sided 0.055 power_two_sided 0.045 kurtosis 0.062 spec_cnn 0.047  (13s)
    JSR   -7.0 dB  BER 4.69e-02  P(det)@0.05 power_one_sided 0.062 power_two_sided 0.070 kurtosis 0.035 spec_cnn 0.055  (13s)
    JSR   -6.0 dB  BER 6.25e-02  P(det)@0.05 power_one_sided 0.062 power_two_sided 0.064 kurtosis 0.062 spec_cnn 0.045  (14s)
    JSR   -5.0 dB  BER 7.81e-02  P(det)@0.05 power_one_sided 0.041 power_two_sided 0.031 kurtosis 0.061 spec_cnn 0.057  (14s)
    JSR   -4.0 dB  BER 9.38e-02  P(det)@0.05 power_one_sided 0.041 power_two_sided 0.045 kurtosis 0.057 spec_cnn 0.053  (14s)
    JSR   -3.0 dB  BER 1.25e-01  P(det)@0.05 power_one_sided 0.049 power_two_sided 0.047 kurtosis 0.043 spec_cnn 0.055  (15s)
    JSR   -2.0 dB  BER 1.56e-01  P(det)@0.05 power_one_sided 0.041 power_two_sided 0.047 kurtosis 0.041 spec_cnn 0.053  (15s)
    JSR   -1.0 dB  BER 1.95e-01  P(det)@0.05 power_one_sided 0.057 power_two_sided 0.045 kurtosis 0.053 spec_cnn 0.047  (15s)
    JSR   +0.0 dB  BER 2.50e-01  P(det)@0.05 power_one_sided 0.037 power_two_sided 0.043 kurtosis 0.055 spec_cnn 0.055  (16s)
    JSR   +1.0 dB  BER 3.12e-01  P(det)@0.05 power_one_sided 0.055 power_two_sided 0.039 kurtosis 0.061 spec_cnn 0.062  (16s)
    JSR   +2.0 dB  BER 3.91e-01  P(det)@0.05 power_one_sided 0.068 power_two_sided 0.051 kurtosis 0.049 spec_cnn 0.047  (16s)
    JSR   +3.0 dB  BER 4.92e-01  P(det)@0.05 power_one_sided 0.045 power_two_sided 0.051 kurtosis 0.039 spec_cnn 0.049  (17s)
    JSR   +4.0 dB  BER 6.25e-01  P(det)@0.05 power_one_sided 0.039 power_two_sided 0.039 kurtosis 0.057 spec_cnn 0.064  (17s)
    JSR   +5.0 dB  BER 7.89e-01  P(det)@0.05 power_one_sided 0.045 power_two_sided 0.051 kurtosis 0.057 spec_cnn 0.039  (17s)
    JSR   +6.0 dB  BER 9.92e-01  P(det)@0.05 power_one_sided 0.039 power_two_sided 0.039 kurtosis 0.074 spec_cnn 0.053  (17s)
    JSR   +7.0 dB  BER 1.00e+00  P(det)@0.05 power_one_sided 0.053 power_two_sided 0.049 kurtosis 0.053 spec_cnn 0.037  (18s)
    JSR   +8.0 dB  BER 1.00e+00  P(det)@0.05 power_one_sided 0.047 power_two_sided 0.057 kurtosis 0.053 spec_cnn 0.053  (18s)
    JSR   +9.0 dB  BER 1.00e+00  P(det)@0.05 power_one_sided 0.049 power_two_sided 0.045 kurtosis 0.062 spec_cnn 0.053  (18s)
    JSR  +10.0 dB  BER 1.00e+00  P(det)@0.05 power_one_sided 0.051 power_two_sided 0.059 kurtosis 0.059 spec_cnn 0.062  (19s)
    JSR  +11.0 dB  BER 1.00e+00  P(det)@0.05 power_one_sided 0.039 power_two_sided 0.057 kurtosis 0.059 spec_cnn 0.039  (19s)
    JSR  +12.0 dB  BER 1.00e+00  P(det)@0.05 power_one_sided 0.051 power_two_sided 0.031 kurtosis 0.055 spec_cnn 0.062  (19s)
    JSR  +13.0 dB  BER 1.00e+00  P(det)@0.05 power_one_sided 0.043 power_two_sided 0.047 kurtosis 0.045 spec_cnn 0.059  (20s)
    JSR  +14.0 dB  BER 1.00e+00  P(det)@0.05 power_one_sided 0.047 power_two_sided 0.057 kurtosis 0.037 spec_cnn 0.041  (20s)
    JSR  +15.0 dB  BER 1.00e+00  P(det)@0.05 power_one_sided 0.035 power_two_sided 0.041 kurtosis 0.051 spec_cnn 0.043  (20s)
  [snr_5] omniscient_e1 confirmed: {"power_one_sided": {"0.01": {"index": 57, "sweep_ber": 1.0, "sweep_pdet": 0.01171875, "confirmed_ber": 1.0, "confirmed_ser": 1.0, "confirmed_pdet": 0.0107421875, "passed": true}, "0.05": {"index": 57, "sweep_ber": 1.0, "sweep_pdet": 0.052734375, "confirmed_ber": 1.0, "confirmed_ser": 1.0, "confirmed_pdet": 0.05224609375, "passed": true}}, "power_two_sided": {"0.01": {"index": 57, "sweep_ber": 1.0, "sweep_pdet": 0.0078125, "confirmed_ber": 1.0, "confirmed_ser": 1.0, "confirmed_pdet": 0.00830078125, "passed": true}, "0.05": {"index": 57, "sweep_ber": 1.0, "sweep_pdet": 0.048828125, "confirmed_ber": 1.0, "confirmed_ser": 1.0, "confirmed_pdet": 0.052734375, "passed": true}}, "kurtosis": {"0.01": {"index": 57, "sweep_ber": 1.0, "sweep_pdet": 0.01171875, "confirmed_ber": 0.9999980926513672, "confirmed_ser": 1.0, "confirmed_pdet": 0.01025390625, "passed": true}, "0.05": {"index": 57, "sweep_ber": 1.0, "sweep_pdet": 0.052734375, "confirmed_ber": 1.0, "confirmed_ser": 1.0, "confirmed_pdet": 0.051025390625, "passed": true}}, "spec_cnn": {"0.01": {"index": 57, "sweep_ber": 1.0, "sweep_pdet": 0.0078125, "confirmed_ber": 1.0, "confirmed_ser": 1.0, "confirmed_pdet": 0.011474609375, "passed": true}, "0.05": {"index": 57, "sweep_ber": 1.0, "sweep_pdet": 0.037109375, "confirmed_ber": 1.0, "confirmed_ser": 1.0, "confirmed_pdet": 0.044677734375, "passed": true}}}  (302s)
  [snr_5] generator plain_run001 (scale 0.4022)
    JSR  -50.0 dB  BER 0.00e+00  P(det)@0.05 power_one_sided 0.057 power_two_sided 0.059 kurtosis 0.037 spec_cnn 0.061  (0s)
    JSR  -49.0 dB  BER 0.00e+00  P(det)@0.05 power_one_sided 0.053 power_two_sided 0.055 kurtosis 0.059 spec_cnn 0.047  (1s)
    JSR  -48.0 dB  BER 0.00e+00  P(det)@0.05 power_one_sided 0.047 power_two_sided 0.039 kurtosis 0.059 spec_cnn 0.049  (1s)
    JSR  -47.0 dB  BER 0.00e+00  P(det)@0.05 power_one_sided 0.041 power_two_sided 0.045 kurtosis 0.055 spec_cnn 0.037  (1s)
    JSR  -46.0 dB  BER 0.00e+00  P(det)@0.05 power_one_sided 0.070 power_two_sided 0.057 kurtosis 0.062 spec_cnn 0.053  (2s)
    JSR  -45.0 dB  BER 0.00e+00  P(det)@0.05 power_one_sided 0.049 power_two_sided 0.051 kurtosis 0.062 spec_cnn 0.041  (2s)
    JSR  -44.0 dB  BER 0.00e+00  P(det)@0.05 power_one_sided 0.061 power_two_sided 0.059 kurtosis 0.045 spec_cnn 0.037  (2s)
    JSR  -43.0 dB  BER 0.00e+00  P(det)@0.05 power_one_sided 0.043 power_two_sided 0.043 kurtosis 0.051 spec_cnn 0.047  (3s)
    JSR  -42.0 dB  BER 0.00e+00  P(det)@0.05 power_one_sided 0.035 power_two_sided 0.029 kurtosis 0.037 spec_cnn 0.053  (3s)
    JSR  -41.0 dB  BER 0.00e+00  P(det)@0.05 power_one_sided 0.062 power_two_sided 0.061 kurtosis 0.066 spec_cnn 0.053  (3s)
    JSR  -40.0 dB  BER 0.00e+00  P(det)@0.05 power_one_sided 0.047 power_two_sided 0.047 kurtosis 0.035 spec_cnn 0.049  (4s)
    JSR  -39.0 dB  BER 0.00e+00  P(det)@0.05 power_one_sided 0.041 power_two_sided 0.037 kurtosis 0.051 spec_cnn 0.064  (4s)
    JSR  -38.0 dB  BER 0.00e+00  P(det)@0.05 power_one_sided 0.037 power_two_sided 0.039 kurtosis 0.053 spec_cnn 0.043  (4s)
    JSR  -37.0 dB  BER 0.00e+00  P(det)@0.05 power_one_sided 0.045 power_two_sided 0.059 kurtosis 0.055 spec_cnn 0.043  (5s)
    JSR  -36.0 dB  BER 0.00e+00  P(det)@0.05 power_one_sided 0.047 power_two_sided 0.031 kurtosis 0.057 spec_cnn 0.049  (5s)
    JSR  -35.0 dB  BER 0.00e+00  P(det)@0.05 power_one_sided 0.053 power_two_sided 0.051 kurtosis 0.053 spec_cnn 0.039  (5s)
    JSR  -34.0 dB  BER 0.00e+00  P(det)@0.05 power_one_sided 0.051 power_two_sided 0.045 kurtosis 0.027 spec_cnn 0.041  (5s)
    JSR  -33.0 dB  BER 0.00e+00  P(det)@0.05 power_one_sided 0.035 power_two_sided 0.047 kurtosis 0.043 spec_cnn 0.047  (6s)
    JSR  -32.0 dB  BER 0.00e+00  P(det)@0.05 power_one_sided 0.055 power_two_sided 0.064 kurtosis 0.055 spec_cnn 0.049  (6s)
    JSR  -31.0 dB  BER 0.00e+00  P(det)@0.05 power_one_sided 0.076 power_two_sided 0.078 kurtosis 0.062 spec_cnn 0.062  (6s)
    JSR  -30.0 dB  BER 0.00e+00  P(det)@0.05 power_one_sided 0.047 power_two_sided 0.047 kurtosis 0.049 spec_cnn 0.055  (7s)
    JSR  -29.0 dB  BER 0.00e+00  P(det)@0.05 power_one_sided 0.055 power_two_sided 0.049 kurtosis 0.041 spec_cnn 0.053  (7s)
    JSR  -28.0 dB  BER 0.00e+00  P(det)@0.05 power_one_sided 0.059 power_two_sided 0.049 kurtosis 0.055 spec_cnn 0.041  (7s)
    JSR  -27.0 dB  BER 0.00e+00  P(det)@0.05 power_one_sided 0.076 power_two_sided 0.064 kurtosis 0.041 spec_cnn 0.068  (8s)
    JSR  -26.0 dB  BER 0.00e+00  P(det)@0.05 power_one_sided 0.068 power_two_sided 0.057 kurtosis 0.057 spec_cnn 0.037  (8s)
    JSR  -25.0 dB  BER 0.00e+00  P(det)@0.05 power_one_sided 0.070 power_two_sided 0.064 kurtosis 0.061 spec_cnn 0.047  (8s)
    JSR  -24.0 dB  BER 7.63e-06  P(det)@0.05 power_one_sided 0.062 power_two_sided 0.070 kurtosis 0.051 spec_cnn 0.049  (9s)
    JSR  -23.0 dB  BER 0.00e+00  P(det)@0.05 power_one_sided 0.094 power_two_sided 0.074 kurtosis 0.049 spec_cnn 0.035  (9s)
    JSR  -22.0 dB  BER 0.00e+00  P(det)@0.05 power_one_sided 0.094 power_two_sided 0.074 kurtosis 0.064 spec_cnn 0.062  (9s)
    JSR  -21.0 dB  BER 7.63e-06  P(det)@0.05 power_one_sided 0.098 power_two_sided 0.074 kurtosis 0.057 spec_cnn 0.068  (10s)
    JSR  -20.0 dB  BER 0.00e+00  P(det)@0.05 power_one_sided 0.121 power_two_sided 0.086 kurtosis 0.053 spec_cnn 0.070  (10s)
    JSR  -19.0 dB  BER 0.00e+00  P(det)@0.05 power_one_sided 0.168 power_two_sided 0.107 kurtosis 0.070 spec_cnn 0.061  (10s)
    JSR  -18.0 dB  BER 7.63e-06  P(det)@0.05 power_one_sided 0.189 power_two_sided 0.143 kurtosis 0.061 spec_cnn 0.078  (11s)
    JSR  -17.0 dB  BER 1.53e-05  P(det)@0.05 power_one_sided 0.303 power_two_sided 0.223 kurtosis 0.062 spec_cnn 0.064  (11s)
    JSR  -16.0 dB  BER 1.53e-05  P(det)@0.05 power_one_sided 0.334 power_two_sided 0.242 kurtosis 0.070 spec_cnn 0.082  (11s)
    JSR  -15.0 dB  BER 0.00e+00  P(det)@0.05 power_one_sided 0.404 power_two_sided 0.309 kurtosis 0.086 spec_cnn 0.102  (12s)
    JSR  -14.0 dB  BER 4.58e-05  P(det)@0.05 power_one_sided 0.561 power_two_sided 0.473 kurtosis 0.102 spec_cnn 0.109  (12s)
    JSR  -13.0 dB  BER 1.14e-04  P(det)@0.05 power_one_sided 0.656 power_two_sided 0.570 kurtosis 0.104 spec_cnn 0.111  (12s)
    JSR  -12.0 dB  BER 1.75e-04  P(det)@0.05 power_one_sided 0.795 power_two_sided 0.727 kurtosis 0.143 spec_cnn 0.131  (13s)
    JSR  -11.0 dB  BER 3.66e-04  P(det)@0.05 power_one_sided 0.904 power_two_sided 0.852 kurtosis 0.209 spec_cnn 0.119  (13s)
    JSR  -10.0 dB  BER 1.02e-03  P(det)@0.05 power_one_sided 0.961 power_two_sided 0.939 kurtosis 0.232 spec_cnn 0.197  (13s)
    JSR   -9.0 dB  BER 2.01e-03  P(det)@0.05 power_one_sided 0.990 power_two_sided 0.986 kurtosis 0.338 spec_cnn 0.221  (14s)
    JSR   -8.0 dB  BER 4.52e-03  P(det)@0.05 power_one_sided 0.998 power_two_sided 0.998 kurtosis 0.400 spec_cnn 0.297  (14s)
    JSR   -7.0 dB  BER 8.38e-03  P(det)@0.05 power_one_sided 1.000 power_two_sided 1.000 kurtosis 0.496 spec_cnn 0.361  (14s)
    JSR   -6.0 dB  BER 1.65e-02  P(det)@0.05 power_one_sided 1.000 power_two_sided 1.000 kurtosis 0.557 spec_cnn 0.430  (15s)
    JSR   -5.0 dB  BER 2.93e-02  P(det)@0.05 power_one_sided 1.000 power_two_sided 1.000 kurtosis 0.633 spec_cnn 0.510  (15s)
    JSR   -4.0 dB  BER 4.60e-02  P(det)@0.05 power_one_sided 1.000 power_two_sided 1.000 kurtosis 0.709 spec_cnn 0.600  (15s)
    JSR   -3.0 dB  BER 7.09e-02  P(det)@0.05 power_one_sided 1.000 power_two_sided 1.000 kurtosis 0.680 spec_cnn 0.682  (15s)
    JSR   -2.0 dB  BER 1.01e-01  P(det)@0.05 power_one_sided 1.000 power_two_sided 1.000 kurtosis 0.770 spec_cnn 0.799  (16s)
    JSR   -1.0 dB  BER 1.32e-01  P(det)@0.05 power_one_sided 1.000 power_two_sided 1.000 kurtosis 0.709 spec_cnn 0.893  (16s)
    JSR   +0.0 dB  BER 1.63e-01  P(det)@0.05 power_one_sided 1.000 power_two_sided 1.000 kurtosis 0.652 spec_cnn 0.926  (16s)
    JSR   +1.0 dB  BER 1.97e-01  P(det)@0.05 power_one_sided 1.000 power_two_sided 1.000 kurtosis 0.557 spec_cnn 0.984  (17s)
    JSR   +2.0 dB  BER 2.20e-01  P(det)@0.05 power_one_sided 1.000 power_two_sided 1.000 kurtosis 0.500 spec_cnn 0.992  (17s)
    JSR   +3.0 dB  BER 2.52e-01  P(det)@0.05 power_one_sided 1.000 power_two_sided 1.000 kurtosis 0.318 spec_cnn 0.998  (17s)
    JSR   +4.0 dB  BER 2.72e-01  P(det)@0.05 power_one_sided 1.000 power_two_sided 1.000 kurtosis 0.367 spec_cnn 1.000  (18s)
    JSR   +5.0 dB  BER 2.99e-01  P(det)@0.05 power_one_sided 1.000 power_two_sided 1.000 kurtosis 0.389 spec_cnn 1.000  (18s)
    JSR   +6.0 dB  BER 3.20e-01  P(det)@0.05 power_one_sided 1.000 power_two_sided 1.000 kurtosis 0.461 spec_cnn 1.000  (18s)
    JSR   +7.0 dB  BER 3.38e-01  P(det)@0.05 power_one_sided 1.000 power_two_sided 1.000 kurtosis 0.545 spec_cnn 1.000  (19s)
    JSR   +8.0 dB  BER 3.50e-01  P(det)@0.05 power_one_sided 1.000 power_two_sided 1.000 kurtosis 0.682 spec_cnn 1.000  (19s)
    JSR   +9.0 dB  BER 3.67e-01  P(det)@0.05 power_one_sided 1.000 power_two_sided 1.000 kurtosis 0.730 spec_cnn 1.000  (19s)
    JSR  +10.0 dB  BER 3.82e-01  P(det)@0.05 power_one_sided 1.000 power_two_sided 1.000 kurtosis 0.812 spec_cnn 1.000  (20s)
    JSR  +11.0 dB  BER 3.90e-01  P(det)@0.05 power_one_sided 1.000 power_two_sided 1.000 kurtosis 0.838 spec_cnn 1.000  (20s)
    JSR  +12.0 dB  BER 4.01e-01  P(det)@0.05 power_one_sided 1.000 power_two_sided 1.000 kurtosis 0.844 spec_cnn 1.000  (20s)
    JSR  +13.0 dB  BER 4.17e-01  P(det)@0.05 power_one_sided 1.000 power_two_sided 1.000 kurtosis 0.893 spec_cnn 1.000  (21s)
    JSR  +14.0 dB  BER 4.25e-01  P(det)@0.05 power_one_sided 1.000 power_two_sided 1.000 kurtosis 0.875 spec_cnn 1.000  (21s)
    JSR  +15.0 dB  BER 4.35e-01  P(det)@0.05 power_one_sided 1.000 power_two_sided 1.000 kurtosis 0.910 spec_cnn 1.000  (21s)
  [snr_5] plain_run001 confirmed: {"power_one_sided": {"0.01": {"index": 0, "sweep_ber": 0.0, "sweep_pdet": 0.01171875, "confirmed_ber": 0.0, "confirmed_ser": 0.0, "confirmed_pdet": 0.0087890625, "passed": true}, "0.05": {"index": 26, "sweep_ber": 7.62939453125e-06, "sweep_pdet": 0.0625, "confirmed_ber": 0.0, "confirmed_ser": 0.0, "confirmed_pdet": 0.0859375, "passed": false}}, "power_two_sided": {"0.01": {"index": 26, "sweep_ber": 7.62939453125e-06, "sweep_pdet": 0.017578125, "confirmed_ber": 0.0, "confirmed_ser": 0.0, "confirmed_pdet": 0.011474609375, "passed": true}, "0.05": {"index": 0, "sweep_ber": 0.0, "sweep_pdet": 0.05859375, "confirmed_ber": 0.0, "confirmed_ser": 0.0, "confirmed_pdet": 0.054931640625, "passed": true}}, "kurtosis": {"0.01": {"index": 33, "sweep_ber": 1.52587890625e-05, "sweep_pdet": 0.015625, "confirmed_ber": 9.5367431640625e-06, "confirmed_ser": 1.9073486328125e-05, "confirmed_pdet": 0.017578125, "passed": false}, "0.05": {"index": 33, "sweep_ber": 1.52587890625e-05, "sweep_pdet": 0.0625, "confirmed_ber": 1.33514404296875e-05, "confirmed_ser": 2.6702880859375e-05, "confirmed_pdet": 0.0634765625, "passed": false}}, "spec_cnn": {"0.01": {"index": 33, "sweep_ber": 1.52587890625e-05, "sweep_pdet": 0.009765625, "confirmed_ber": 6.67572021484375e-06, "confirmed_ser": 1.33514404296875e-05, "confirmed_pdet": 0.015625, "passed": false}, "0.05": {"index": 33, "sweep_ber": 1.52587890625e-05, "sweep_pdet": 0.064453125, "confirmed_ber": 9.5367431640625e-06, "confirmed_ser": 1.9073486328125e-05, "confirmed_pdet": 0.07958984375, "passed": false}}}  (344s)
  [snr_5] generator eff (scale 0.4022)
  JSR  -50.0 dB  BER 0.00e+00  P(det)@0.05 power_one_sided 0.053 power_two_sided 0.055 kurtosis 0.039 spec_cnn 0.047  (0s)
  JSR  -49.0 dB  BER 0.00e+00  P(det)@0.05 power_one_sided 0.045 power_two_sided 0.037 kurtosis 0.043 spec_cnn 0.047  (1s)
  JSR  -48.0 dB  BER 0.00e+00  P(det)@0.05 power_one_sided 0.051 power_two_sided 0.039 kurtosis 0.051 spec_cnn 0.047  (1s)
  JSR  -47.0 dB  BER 0.00e+00  P(det)@0.05 power_one_sided 0.043 power_two_sided 0.053 kurtosis 0.041 spec_cnn 0.033  (1s)
  JSR  -46.0 dB  BER 0.00e+00  P(det)@0.05 power_one_sided 0.053 power_two_sided 0.055 kurtosis 0.059 spec_cnn 0.053  (2s)
  JSR  -45.0 dB  BER 0.00e+00  P(det)@0.05 power_one_sided 0.049 power_two_sided 0.062 kurtosis 0.031 spec_cnn 0.051  (2s)
  JSR  -44.0 dB  BER 0.00e+00  P(det)@0.05 power_one_sided 0.070 power_two_sided 0.043 kurtosis 0.051 spec_cnn 0.051  (2s)
  JSR  -43.0 dB  BER 0.00e+00  P(det)@0.05 power_one_sided 0.059 power_two_sided 0.047 kurtosis 0.064 spec_cnn 0.049  (3s)
  JSR  -42.0 dB  BER 0.00e+00  P(det)@0.05 power_one_sided 0.070 power_two_sided 0.057 kurtosis 0.035 spec_cnn 0.037  (3s)
  JSR  -41.0 dB  BER 0.00e+00  P(det)@0.05 power_one_sided 0.072 power_two_sided 0.070 kurtosis 0.057 spec_cnn 0.053  (3s)
  JSR  -40.0 dB  BER 0.00e+00  P(det)@0.05 power_one_sided 0.055 power_two_sided 0.059 kurtosis 0.045 spec_cnn 0.061  (4s)
  JSR  -39.0 dB  BER 0.00e+00  P(det)@0.05 power_one_sided 0.055 power_two_sided 0.051 kurtosis 0.043 spec_cnn 0.041  (4s)
  JSR  -38.0 dB  BER 0.00e+00  P(det)@0.05 power_one_sided 0.061 power_two_sided 0.047 kurtosis 0.049 spec_cnn 0.049  (4s)
  JSR  -37.0 dB  BER 0.00e+00  P(det)@0.05 power_one_sided 0.041 power_two_sided 0.045 kurtosis 0.051 spec_cnn 0.064  (5s)
  JSR  -36.0 dB  BER 0.00e+00  P(det)@0.05 power_one_sided 0.051 power_two_sided 0.049 kurtosis 0.045 spec_cnn 0.059  (5s)
  JSR  -35.0 dB  BER 0.00e+00  P(det)@0.05 power_one_sided 0.047 power_two_sided 0.061 kurtosis 0.064 spec_cnn 0.053  (5s)
  JSR  -34.0 dB  BER 0.00e+00  P(det)@0.05 power_one_sided 0.053 power_two_sided 0.053 kurtosis 0.047 spec_cnn 0.055  (5s)
  JSR  -33.0 dB  BER 0.00e+00  P(det)@0.05 power_one_sided 0.049 power_two_sided 0.045 kurtosis 0.055 spec_cnn 0.053  (6s)
  JSR  -32.0 dB  BER 0.00e+00  P(det)@0.05 power_one_sided 0.078 power_two_sided 0.047 kurtosis 0.039 spec_cnn 0.080  (6s)
  JSR  -31.0 dB  BER 0.00e+00  P(det)@0.05 power_one_sided 0.041 power_two_sided 0.045 kurtosis 0.064 spec_cnn 0.064  (6s)
  JSR  -30.0 dB  BER 0.00e+00  P(det)@0.05 power_one_sided 0.053 power_two_sided 0.041 kurtosis 0.055 spec_cnn 0.053  (7s)
  JSR  -29.0 dB  BER 0.00e+00  P(det)@0.05 power_one_sided 0.076 power_two_sided 0.057 kurtosis 0.041 spec_cnn 0.037  (7s)
  JSR  -28.0 dB  BER 7.63e-06  P(det)@0.05 power_one_sided 0.094 power_two_sided 0.074 kurtosis 0.045 spec_cnn 0.051  (7s)
  JSR  -27.0 dB  BER 0.00e+00  P(det)@0.05 power_one_sided 0.055 power_two_sided 0.061 kurtosis 0.041 spec_cnn 0.037  (8s)
  JSR  -26.0 dB  BER 0.00e+00  P(det)@0.05 power_one_sided 0.061 power_two_sided 0.059 kurtosis 0.039 spec_cnn 0.047  (8s)
  JSR  -25.0 dB  BER 7.63e-06  P(det)@0.05 power_one_sided 0.061 power_two_sided 0.059 kurtosis 0.068 spec_cnn 0.064  (8s)
  JSR  -24.0 dB  BER 3.81e-05  P(det)@0.05 power_one_sided 0.076 power_two_sided 0.066 kurtosis 0.031 spec_cnn 0.051  (9s)
  JSR  -23.0 dB  BER 2.29e-05  P(det)@0.05 power_one_sided 0.105 power_two_sided 0.082 kurtosis 0.043 spec_cnn 0.037  (9s)
  JSR  -22.0 dB  BER 7.63e-05  P(det)@0.05 power_one_sided 0.088 power_two_sided 0.066 kurtosis 0.061 spec_cnn 0.061  (9s)
  JSR  -21.0 dB  BER 1.14e-04  P(det)@0.05 power_one_sided 0.135 power_two_sided 0.084 kurtosis 0.053 spec_cnn 0.066  (10s)
  JSR  -20.0 dB  BER 3.97e-04  P(det)@0.05 power_one_sided 0.139 power_two_sided 0.094 kurtosis 0.061 spec_cnn 0.055  (10s)
  JSR  -19.0 dB  BER 6.79e-04  P(det)@0.05 power_one_sided 0.191 power_two_sided 0.123 kurtosis 0.053 spec_cnn 0.068  (10s)
  JSR  -18.0 dB  BER 1.01e-03  P(det)@0.05 power_one_sided 0.238 power_two_sided 0.158 kurtosis 0.068 spec_cnn 0.076  (11s)
  JSR  -17.0 dB  BER 1.13e-03  P(det)@0.05 power_one_sided 0.352 power_two_sided 0.254 kurtosis 0.082 spec_cnn 0.066  (11s)
  JSR  -16.0 dB  BER 1.70e-03  P(det)@0.05 power_one_sided 0.412 power_two_sided 0.301 kurtosis 0.078 spec_cnn 0.076  (11s)
  JSR  -15.0 dB  BER 2.11e-03  P(det)@0.05 power_one_sided 0.500 power_two_sided 0.426 kurtosis 0.133 spec_cnn 0.064  (12s)
  JSR  -14.0 dB  BER 2.40e-03  P(det)@0.05 power_one_sided 0.684 power_two_sided 0.576 kurtosis 0.178 spec_cnn 0.092  (12s)
  JSR  -13.0 dB  BER 2.78e-03  P(det)@0.05 power_one_sided 0.762 power_two_sided 0.688 kurtosis 0.234 spec_cnn 0.113  (12s)
  JSR  -12.0 dB  BER 3.46e-03  P(det)@0.05 power_one_sided 0.885 power_two_sided 0.848 kurtosis 0.324 spec_cnn 0.115  (13s)
  JSR  -11.0 dB  BER 3.56e-03  P(det)@0.05 power_one_sided 0.941 power_two_sided 0.918 kurtosis 0.531 spec_cnn 0.154  (13s)
  JSR  -10.0 dB  BER 4.36e-03  P(det)@0.05 power_one_sided 0.988 power_two_sided 0.980 kurtosis 0.672 spec_cnn 0.168  (13s)
  JSR   -9.0 dB  BER 5.23e-03  P(det)@0.05 power_one_sided 0.994 power_two_sided 0.992 kurtosis 0.818 spec_cnn 0.207  (13s)
  JSR   -8.0 dB  BER 7.01e-03  P(det)@0.05 power_one_sided 0.998 power_two_sided 0.996 kurtosis 0.920 spec_cnn 0.211  (14s)
  JSR   -7.0 dB  BER 9.17e-03  P(det)@0.05 power_one_sided 1.000 power_two_sided 1.000 kurtosis 0.963 spec_cnn 0.266  (14s)
  JSR   -6.0 dB  BER 1.34e-02  P(det)@0.05 power_one_sided 1.000 power_two_sided 1.000 kurtosis 0.986 spec_cnn 0.385  (14s)
  JSR   -5.0 dB  BER 1.95e-02  P(det)@0.05 power_one_sided 1.000 power_two_sided 1.000 kurtosis 0.998 spec_cnn 0.404  (15s)
  JSR   -4.0 dB  BER 2.80e-02  P(det)@0.05 power_one_sided 1.000 power_two_sided 1.000 kurtosis 0.998 spec_cnn 0.588  (15s)
  JSR   -3.0 dB  BER 4.14e-02  P(det)@0.05 power_one_sided 1.000 power_two_sided 1.000 kurtosis 1.000 spec_cnn 0.688  (15s)
  JSR   -2.0 dB  BER 5.68e-02  P(det)@0.05 power_one_sided 1.000 power_two_sided 1.000 kurtosis 1.000 spec_cnn 0.787  (16s)
  JSR   -1.0 dB  BER 7.66e-02  P(det)@0.05 power_one_sided 1.000 power_two_sided 1.000 kurtosis 1.000 spec_cnn 0.893  (16s)
  JSR   +0.0 dB  BER 9.82e-02  P(det)@0.05 power_one_sided 1.000 power_two_sided 1.000 kurtosis 1.000 spec_cnn 0.965  (16s)
  JSR   +1.0 dB  BER 1.22e-01  P(det)@0.05 power_one_sided 1.000 power_two_sided 1.000 kurtosis 1.000 spec_cnn 0.986  (17s)
  JSR   +2.0 dB  BER 1.49e-01  P(det)@0.05 power_one_sided 1.000 power_two_sided 1.000 kurtosis 1.000 spec_cnn 1.000  (17s)
  JSR   +3.0 dB  BER 1.76e-01  P(det)@0.05 power_one_sided 1.000 power_two_sided 1.000 kurtosis 1.000 spec_cnn 1.000  (17s)
  JSR   +4.0 dB  BER 1.98e-01  P(det)@0.05 power_one_sided 1.000 power_two_sided 1.000 kurtosis 1.000 spec_cnn 1.000  (18s)
  JSR   +5.0 dB  BER 2.23e-01  P(det)@0.05 power_one_sided 1.000 power_two_sided 1.000 kurtosis 1.000 spec_cnn 1.000  (18s)
  JSR   +6.0 dB  BER 2.49e-01  P(det)@0.05 power_one_sided 1.000 power_two_sided 1.000 kurtosis 1.000 spec_cnn 1.000  (18s)
  JSR   +7.0 dB  BER 2.70e-01  P(det)@0.05 power_one_sided 1.000 power_two_sided 1.000 kurtosis 1.000 spec_cnn 1.000  (19s)
  JSR   +8.0 dB  BER 2.95e-01  P(det)@0.05 power_one_sided 1.000 power_two_sided 1.000 kurtosis 1.000 spec_cnn 1.000  (19s)
  JSR   +9.0 dB  BER 3.11e-01  P(det)@0.05 power_one_sided 1.000 power_two_sided 1.000 kurtosis 1.000 spec_cnn 1.000  (19s)
  JSR  +10.0 dB  BER 3.31e-01  P(det)@0.05 power_one_sided 1.000 power_two_sided 1.000 kurtosis 1.000 spec_cnn 1.000  (20s)
  JSR  +11.0 dB  BER 3.48e-01  P(det)@0.05 power_one_sided 1.000 power_two_sided 1.000 kurtosis 1.000 spec_cnn 1.000  (20s)
  JSR  +12.0 dB  BER 3.62e-01  P(det)@0.05 power_one_sided 1.000 power_two_sided 1.000 kurtosis 1.000 spec_cnn 1.000  (20s)
  JSR  +13.0 dB  BER 3.80e-01  P(det)@0.05 power_one_sided 1.000 power_two_sided 1.000 kurtosis 1.000 spec_cnn 1.000  (21s)
  JSR  +14.0 dB  BER 3.93e-01  P(det)@0.05 power_one_sided 1.000 power_two_sided 1.000 kurtosis 1.000 spec_cnn 1.000  (21s)
  JSR  +15.0 dB  BER 4.02e-01  P(det)@0.05 power_one_sided 1.000 power_two_sided 1.000 kurtosis 1.000 spec_cnn 1.000  (21s)
  [snr_5] eff confirmed: {"power_one_sided": {"0.01": {"index": 0, "sweep_ber": 0.0, "sweep_pdet": 0.0078125, "confirmed_ber": 9.5367431640625e-07, "confirmed_ser": 1.9073486328125e-06, "confirmed_pdet": 0.008056640625, "passed": true}, "0.05": {"index": 25, "sweep_ber": 7.62939453125e-06, "sweep_pdet": 0.060546875, "confirmed_ber": 1.049041748046875e-05, "confirmed_ser": 2.09808349609375e-05, "confirmed_pdet": 0.078369140625, "passed": false}}, "power_two_sided": {"0.01": {"index": 26, "sweep_ber": 3.814697265625e-05, "sweep_pdet": 0.015625, "confirmed_ber": 3.147125244140625e-05, "confirmed_ser": 6.29425048828125e-05, "confirmed_pdet": 0.015380859375, "passed": false}, "0.05": {"index": 28, "sweep_ber": 7.62939453125e-05, "sweep_pdet": 0.06640625, "confirmed_ber": 9.822845458984375e-05, "confirmed_ser": 0.0001964569091796875, "confirmed_pdet": 0.072509765625, "passed": false}}, "kurtosis": {"0.01": {"index": 33, "sweep_ber": 0.001129150390625, "sweep_pdet": 0.017578125, "confirmed_ber": 0.0011987686157226562, "confirmed_ser": 0.002323150634765625, "confirmed_pdet": 0.02099609375, "passed": false}, "0.05": {"index": 32, "sweep_ber": 0.00101470947265625, "sweep_pdet": 0.068359375, "confirmed_ber": 0.0008373260498046875, "confirmed_ser": 0.0016536712646484375, "confirmed_pdet": 0.05810546875, "passed": false}}, "spec_cnn": {"0.01": {"index": 35, "sweep_ber": 0.00211334228515625, "sweep_pdet": 0.017578125, "confirmed_ber": 0.001995086669921875, "confirmed_ser": 0.003772735595703125, "confirmed_pdet": 0.018798828125, "passed": false}, "0.05": {"index": 35, "sweep_ber": 0.00211334228515625, "sweep_pdet": 0.064453125, "confirmed_ber": 0.0019216537475585938, "confirmed_ser": 0.0036602020263671875, "confirmed_pdet": 0.0888671875, "passed": false}}}  (386s)
  [snr_5] generator power_one_sided_b1 (scale 0.4022)
  JSR  -50.0 dB  BER 0.00e+00  P(det)@0.05 power_one_sided 0.047 power_two_sided 0.037 kurtosis 0.045 spec_cnn 0.062  (0s)
  JSR  -49.0 dB  BER 0.00e+00  P(det)@0.05 power_one_sided 0.043 power_two_sided 0.057 kurtosis 0.041 spec_cnn 0.047  (1s)
  JSR  -48.0 dB  BER 0.00e+00  P(det)@0.05 power_one_sided 0.059 power_two_sided 0.059 kurtosis 0.055 spec_cnn 0.035  (1s)
  JSR  -47.0 dB  BER 0.00e+00  P(det)@0.05 power_one_sided 0.053 power_two_sided 0.045 kurtosis 0.029 spec_cnn 0.029  (1s)
  JSR  -46.0 dB  BER 0.00e+00  P(det)@0.05 power_one_sided 0.041 power_two_sided 0.047 kurtosis 0.037 spec_cnn 0.066  (2s)
  JSR  -45.0 dB  BER 0.00e+00  P(det)@0.05 power_one_sided 0.037 power_two_sided 0.045 kurtosis 0.047 spec_cnn 0.070  (2s)
  JSR  -44.0 dB  BER 0.00e+00  P(det)@0.05 power_one_sided 0.047 power_two_sided 0.041 kurtosis 0.047 spec_cnn 0.061  (2s)
  JSR  -43.0 dB  BER 0.00e+00  P(det)@0.05 power_one_sided 0.039 power_two_sided 0.055 kurtosis 0.062 spec_cnn 0.059  (3s)
  JSR  -42.0 dB  BER 0.00e+00  P(det)@0.05 power_one_sided 0.047 power_two_sided 0.062 kurtosis 0.059 spec_cnn 0.049  (3s)
  JSR  -41.0 dB  BER 0.00e+00  P(det)@0.05 power_one_sided 0.043 power_two_sided 0.041 kurtosis 0.045 spec_cnn 0.045  (3s)
  JSR  -40.0 dB  BER 0.00e+00  P(det)@0.05 power_one_sided 0.039 power_two_sided 0.043 kurtosis 0.049 spec_cnn 0.043  (4s)
  JSR  -39.0 dB  BER 0.00e+00  P(det)@0.05 power_one_sided 0.049 power_two_sided 0.066 kurtosis 0.049 spec_cnn 0.035  (4s)
  JSR  -38.0 dB  BER 7.63e-06  P(det)@0.05 power_one_sided 0.045 power_two_sided 0.057 kurtosis 0.051 spec_cnn 0.062  (4s)
  JSR  -37.0 dB  BER 0.00e+00  P(det)@0.05 power_one_sided 0.051 power_two_sided 0.051 kurtosis 0.053 spec_cnn 0.068  (5s)
  JSR  -36.0 dB  BER 0.00e+00  P(det)@0.05 power_one_sided 0.051 power_two_sided 0.045 kurtosis 0.051 spec_cnn 0.041  (5s)
  JSR  -35.0 dB  BER 0.00e+00  P(det)@0.05 power_one_sided 0.059 power_two_sided 0.066 kurtosis 0.041 spec_cnn 0.043  (5s)
  JSR  -34.0 dB  BER 0.00e+00  P(det)@0.05 power_one_sided 0.070 power_two_sided 0.057 kurtosis 0.043 spec_cnn 0.049  (5s)
  JSR  -33.0 dB  BER 7.63e-06  P(det)@0.05 power_one_sided 0.023 power_two_sided 0.023 kurtosis 0.059 spec_cnn 0.049  (6s)
  JSR  -32.0 dB  BER 0.00e+00  P(det)@0.05 power_one_sided 0.061 power_two_sided 0.047 kurtosis 0.049 spec_cnn 0.053  (6s)
  JSR  -31.0 dB  BER 0.00e+00  P(det)@0.05 power_one_sided 0.070 power_two_sided 0.053 kurtosis 0.057 spec_cnn 0.041  (6s)
  JSR  -30.0 dB  BER 0.00e+00  P(det)@0.05 power_one_sided 0.053 power_two_sided 0.049 kurtosis 0.049 spec_cnn 0.057  (7s)
  JSR  -29.0 dB  BER 0.00e+00  P(det)@0.05 power_one_sided 0.055 power_two_sided 0.051 kurtosis 0.055 spec_cnn 0.041  (7s)
  JSR  -28.0 dB  BER 0.00e+00  P(det)@0.05 power_one_sided 0.064 power_two_sided 0.051 kurtosis 0.043 spec_cnn 0.045  (7s)
  JSR  -27.0 dB  BER 7.63e-06  P(det)@0.05 power_one_sided 0.086 power_two_sided 0.086 kurtosis 0.072 spec_cnn 0.055  (8s)
  JSR  -26.0 dB  BER 1.53e-05  P(det)@0.05 power_one_sided 0.061 power_two_sided 0.033 kurtosis 0.066 spec_cnn 0.051  (8s)
  JSR  -25.0 dB  BER 1.53e-05  P(det)@0.05 power_one_sided 0.045 power_two_sided 0.057 kurtosis 0.062 spec_cnn 0.033  (8s)
  JSR  -24.0 dB  BER 0.00e+00  P(det)@0.05 power_one_sided 0.090 power_two_sided 0.057 kurtosis 0.055 spec_cnn 0.061  (9s)
  JSR  -23.0 dB  BER 4.58e-05  P(det)@0.05 power_one_sided 0.062 power_two_sided 0.055 kurtosis 0.049 spec_cnn 0.037  (9s)
  JSR  -22.0 dB  BER 9.92e-05  P(det)@0.05 power_one_sided 0.119 power_two_sided 0.088 kurtosis 0.057 spec_cnn 0.033  (9s)
  JSR  -21.0 dB  BER 1.98e-04  P(det)@0.05 power_one_sided 0.129 power_two_sided 0.084 kurtosis 0.074 spec_cnn 0.055  (10s)
  JSR  -20.0 dB  BER 4.20e-04  P(det)@0.05 power_one_sided 0.170 power_two_sided 0.102 kurtosis 0.066 spec_cnn 0.059  (10s)
  JSR  -19.0 dB  BER 6.10e-04  P(det)@0.05 power_one_sided 0.215 power_two_sided 0.146 kurtosis 0.068 spec_cnn 0.055  (10s)
  JSR  -18.0 dB  BER 1.03e-03  P(det)@0.05 power_one_sided 0.270 power_two_sided 0.174 kurtosis 0.080 spec_cnn 0.062  (11s)
  JSR  -17.0 dB  BER 1.53e-03  P(det)@0.05 power_one_sided 0.311 power_two_sided 0.232 kurtosis 0.080 spec_cnn 0.078  (11s)
  JSR  -16.0 dB  BER 1.91e-03  P(det)@0.05 power_one_sided 0.414 power_two_sided 0.334 kurtosis 0.129 spec_cnn 0.057  (11s)
  JSR  -15.0 dB  BER 2.17e-03  P(det)@0.05 power_one_sided 0.584 power_two_sided 0.498 kurtosis 0.123 spec_cnn 0.086  (12s)
  JSR  -14.0 dB  BER 2.50e-03  P(det)@0.05 power_one_sided 0.699 power_two_sided 0.605 kurtosis 0.186 spec_cnn 0.092  (12s)
  JSR  -13.0 dB  BER 2.98e-03  P(det)@0.05 power_one_sided 0.787 power_two_sided 0.723 kurtosis 0.285 spec_cnn 0.074  (12s)
  JSR  -12.0 dB  BER 3.59e-03  P(det)@0.05 power_one_sided 0.900 power_two_sided 0.859 kurtosis 0.439 spec_cnn 0.105  (13s)
  JSR  -11.0 dB  BER 3.90e-03  P(det)@0.05 power_one_sided 0.961 power_two_sided 0.943 kurtosis 0.605 spec_cnn 0.176  (13s)
  JSR  -10.0 dB  BER 4.76e-03  P(det)@0.05 power_one_sided 0.982 power_two_sided 0.979 kurtosis 0.709 spec_cnn 0.150  (13s)
  JSR   -9.0 dB  BER 5.77e-03  P(det)@0.05 power_one_sided 1.000 power_two_sided 0.998 kurtosis 0.863 spec_cnn 0.223  (14s)
  JSR   -8.0 dB  BER 7.03e-03  P(det)@0.05 power_one_sided 1.000 power_two_sided 1.000 kurtosis 0.938 spec_cnn 0.229  (14s)
  JSR   -7.0 dB  BER 9.27e-03  P(det)@0.05 power_one_sided 1.000 power_two_sided 1.000 kurtosis 0.982 spec_cnn 0.307  (14s)
  JSR   -6.0 dB  BER 1.33e-02  P(det)@0.05 power_one_sided 1.000 power_two_sided 1.000 kurtosis 0.994 spec_cnn 0.363  (14s)
  JSR   -5.0 dB  BER 1.79e-02  P(det)@0.05 power_one_sided 1.000 power_two_sided 1.000 kurtosis 0.998 spec_cnn 0.480  (15s)
  JSR   -4.0 dB  BER 2.70e-02  P(det)@0.05 power_one_sided 1.000 power_two_sided 1.000 kurtosis 1.000 spec_cnn 0.551  (15s)
  JSR   -3.0 dB  BER 3.82e-02  P(det)@0.05 power_one_sided 1.000 power_two_sided 1.000 kurtosis 1.000 spec_cnn 0.666  (15s)
  JSR   -2.0 dB  BER 5.14e-02  P(det)@0.05 power_one_sided 1.000 power_two_sided 1.000 kurtosis 1.000 spec_cnn 0.803  (16s)
  JSR   -1.0 dB  BER 6.99e-02  P(det)@0.05 power_one_sided 1.000 power_two_sided 1.000 kurtosis 1.000 spec_cnn 0.916  (16s)
  JSR   +0.0 dB  BER 8.95e-02  P(det)@0.05 power_one_sided 1.000 power_two_sided 1.000 kurtosis 1.000 spec_cnn 0.963  (16s)
  JSR   +1.0 dB  BER 1.14e-01  P(det)@0.05 power_one_sided 1.000 power_two_sided 1.000 kurtosis 1.000 spec_cnn 0.986  (17s)
  JSR   +2.0 dB  BER 1.40e-01  P(det)@0.05 power_one_sided 1.000 power_two_sided 1.000 kurtosis 1.000 spec_cnn 0.994  (17s)
  JSR   +3.0 dB  BER 1.64e-01  P(det)@0.05 power_one_sided 1.000 power_two_sided 1.000 kurtosis 1.000 spec_cnn 1.000  (17s)
  JSR   +4.0 dB  BER 1.92e-01  P(det)@0.05 power_one_sided 1.000 power_two_sided 1.000 kurtosis 1.000 spec_cnn 1.000  (18s)
  JSR   +5.0 dB  BER 2.14e-01  P(det)@0.05 power_one_sided 1.000 power_two_sided 1.000 kurtosis 1.000 spec_cnn 1.000  (18s)
  JSR   +6.0 dB  BER 2.43e-01  P(det)@0.05 power_one_sided 1.000 power_two_sided 1.000 kurtosis 1.000 spec_cnn 1.000  (18s)
  JSR   +7.0 dB  BER 2.63e-01  P(det)@0.05 power_one_sided 1.000 power_two_sided 1.000 kurtosis 1.000 spec_cnn 1.000  (19s)
  JSR   +8.0 dB  BER 2.88e-01  P(det)@0.05 power_one_sided 1.000 power_two_sided 1.000 kurtosis 1.000 spec_cnn 1.000  (19s)
  JSR   +9.0 dB  BER 3.09e-01  P(det)@0.05 power_one_sided 1.000 power_two_sided 1.000 kurtosis 1.000 spec_cnn 1.000  (19s)
  JSR  +10.0 dB  BER 3.29e-01  P(det)@0.05 power_one_sided 1.000 power_two_sided 1.000 kurtosis 1.000 spec_cnn 1.000  (20s)
  JSR  +11.0 dB  BER 3.45e-01  P(det)@0.05 power_one_sided 1.000 power_two_sided 1.000 kurtosis 1.000 spec_cnn 1.000  (20s)
  JSR  +12.0 dB  BER 3.60e-01  P(det)@0.05 power_one_sided 1.000 power_two_sided 1.000 kurtosis 1.000 spec_cnn 1.000  (20s)
  JSR  +13.0 dB  BER 3.74e-01  P(det)@0.05 power_one_sided 1.000 power_two_sided 1.000 kurtosis 1.000 spec_cnn 1.000  (21s)
  JSR  +14.0 dB  BER 3.88e-01  P(det)@0.05 power_one_sided 1.000 power_two_sided 1.000 kurtosis 1.000 spec_cnn 1.000  (21s)
  JSR  +15.0 dB  BER 4.00e-01  P(det)@0.05 power_one_sided 1.000 power_two_sided 1.000 kurtosis 1.000 spec_cnn 1.000  (21s)
  [snr_5] power_one_sided_b1 confirmed: {"power_one_sided": {"0.01": {"index": 27, "sweep_ber": 4.57763671875e-05, "sweep_pdet": 0.015625, "confirmed_ber": 5.53131103515625e-05, "confirmed_ser": 0.000110626220703125, "confirmed_pdet": 0.022705078125, "passed": false}, "0.05": {"index": 27, "sweep_ber": 4.57763671875e-05, "sweep_pdet": 0.0625, "confirmed_ber": 5.53131103515625e-05, "confirmed_ser": 0.000110626220703125, "confirmed_pdet": 0.0947265625, "passed": false}}, "power_two_sided": {"0.01": {"index": 27, "sweep_ber": 4.57763671875e-05, "sweep_pdet": 0.01171875, "confirmed_ber": 5.91278076171875e-05, "confirmed_ser": 0.000118255615234375, "confirmed_pdet": 0.016357421875, "passed": false}, "0.05": {"index": 27, "sweep_ber": 4.57763671875e-05, "sweep_pdet": 0.0546875, "confirmed_ber": 5.7220458984375e-05, "confirmed_ser": 0.00011444091796875, "confirmed_pdet": 0.060791015625, "passed": false}}, "kurtosis": {"0.01": {"index": 32, "sweep_ber": 0.00102996826171875, "sweep_pdet": 0.01171875, "confirmed_ber": 0.0010042190551757812, "confirmed_ser": 0.001987457275390625, "confirmed_pdet": 0.01611328125, "passed": false}, "0.05": {"index": 31, "sweep_ber": 0.0006103515625, "sweep_pdet": 0.068359375, "confirmed_ber": 0.0007076263427734375, "confirmed_ser": 0.00140380859375, "confirmed_pdet": 0.0595703125, "passed": false}}, "spec_cnn": {"0.01": {"index": 36, "sweep_ber": 0.00250244140625, "sweep_pdet": 0.015625, "confirmed_ber": 0.0026350021362304688, "confirmed_ser": 0.0048675537109375, "confirmed_pdet": 0.023681640625, "passed": false}, "0.05": {"index": 34, "sweep_ber": 0.0019073486328125, "sweep_pdet": 0.056640625, "confirmed_ber": 0.0017614364624023438, "confirmed_ser": 0.00336456298828125, "confirmed_pdet": 0.07373046875, "passed": false}}}  (428s)
  [snr_5] generator power_one_sided_b10 (scale 0.4022)
  JSR  -50.0 dB  BER 0.00e+00  P(det)@0.05 power_one_sided 0.055 power_two_sided 0.076 kurtosis 0.049 spec_cnn 0.051  (0s)
  JSR  -49.0 dB  BER 0.00e+00  P(det)@0.05 power_one_sided 0.057 power_two_sided 0.062 kurtosis 0.043 spec_cnn 0.039  (1s)
  JSR  -48.0 dB  BER 0.00e+00  P(det)@0.05 power_one_sided 0.055 power_two_sided 0.055 kurtosis 0.045 spec_cnn 0.064  (1s)
  JSR  -47.0 dB  BER 0.00e+00  P(det)@0.05 power_one_sided 0.045 power_two_sided 0.047 kurtosis 0.047 spec_cnn 0.059  (1s)
  JSR  -46.0 dB  BER 7.63e-06  P(det)@0.05 power_one_sided 0.047 power_two_sided 0.055 kurtosis 0.045 spec_cnn 0.051  (2s)
  JSR  -45.0 dB  BER 0.00e+00  P(det)@0.05 power_one_sided 0.070 power_two_sided 0.055 kurtosis 0.061 spec_cnn 0.059  (2s)
  JSR  -44.0 dB  BER 0.00e+00  P(det)@0.05 power_one_sided 0.041 power_two_sided 0.037 kurtosis 0.064 spec_cnn 0.039  (2s)
  JSR  -43.0 dB  BER 0.00e+00  P(det)@0.05 power_one_sided 0.039 power_two_sided 0.031 kurtosis 0.059 spec_cnn 0.062  (3s)
  JSR  -42.0 dB  BER 0.00e+00  P(det)@0.05 power_one_sided 0.039 power_two_sided 0.031 kurtosis 0.072 spec_cnn 0.072  (3s)
  JSR  -41.0 dB  BER 0.00e+00  P(det)@0.05 power_one_sided 0.062 power_two_sided 0.064 kurtosis 0.039 spec_cnn 0.049  (3s)
  JSR  -40.0 dB  BER 0.00e+00  P(det)@0.05 power_one_sided 0.047 power_two_sided 0.059 kurtosis 0.053 spec_cnn 0.039  (4s)
  JSR  -39.0 dB  BER 0.00e+00  P(det)@0.05 power_one_sided 0.051 power_two_sided 0.047 kurtosis 0.047 spec_cnn 0.062  (4s)
  JSR  -38.0 dB  BER 0.00e+00  P(det)@0.05 power_one_sided 0.051 power_two_sided 0.045 kurtosis 0.045 spec_cnn 0.066  (4s)
  JSR  -37.0 dB  BER 0.00e+00  P(det)@0.05 power_one_sided 0.043 power_two_sided 0.039 kurtosis 0.045 spec_cnn 0.041  (5s)
  JSR  -36.0 dB  BER 0.00e+00  P(det)@0.05 power_one_sided 0.043 power_two_sided 0.035 kurtosis 0.049 spec_cnn 0.033  (5s)
  JSR  -35.0 dB  BER 0.00e+00  P(det)@0.05 power_one_sided 0.047 power_two_sided 0.037 kurtosis 0.066 spec_cnn 0.051  (5s)
  JSR  -34.0 dB  BER 0.00e+00  P(det)@0.05 power_one_sided 0.055 power_two_sided 0.051 kurtosis 0.041 spec_cnn 0.057  (5s)
  JSR  -33.0 dB  BER 0.00e+00  P(det)@0.05 power_one_sided 0.057 power_two_sided 0.061 kurtosis 0.061 spec_cnn 0.035  (6s)
  JSR  -32.0 dB  BER 0.00e+00  P(det)@0.05 power_one_sided 0.051 power_two_sided 0.059 kurtosis 0.055 spec_cnn 0.043  (6s)
  JSR  -31.0 dB  BER 0.00e+00  P(det)@0.05 power_one_sided 0.062 power_two_sided 0.059 kurtosis 0.051 spec_cnn 0.066  (6s)
  JSR  -30.0 dB  BER 0.00e+00  P(det)@0.05 power_one_sided 0.070 power_two_sided 0.059 kurtosis 0.051 spec_cnn 0.047  (7s)
  JSR  -29.0 dB  BER 0.00e+00  P(det)@0.05 power_one_sided 0.045 power_two_sided 0.053 kurtosis 0.047 spec_cnn 0.047  (7s)
  JSR  -28.0 dB  BER 7.63e-06  P(det)@0.05 power_one_sided 0.057 power_two_sided 0.072 kurtosis 0.055 spec_cnn 0.072  (7s)
  JSR  -27.0 dB  BER 7.63e-06  P(det)@0.05 power_one_sided 0.096 power_two_sided 0.066 kurtosis 0.061 spec_cnn 0.047  (8s)
  JSR  -26.0 dB  BER 0.00e+00  P(det)@0.05 power_one_sided 0.082 power_two_sided 0.061 kurtosis 0.047 spec_cnn 0.043  (8s)
  JSR  -25.0 dB  BER 7.63e-06  P(det)@0.05 power_one_sided 0.094 power_two_sided 0.080 kurtosis 0.045 spec_cnn 0.057  (8s)
  JSR  -24.0 dB  BER 1.53e-05  P(det)@0.05 power_one_sided 0.057 power_two_sided 0.059 kurtosis 0.051 spec_cnn 0.061  (9s)
  JSR  -23.0 dB  BER 3.05e-05  P(det)@0.05 power_one_sided 0.088 power_two_sided 0.062 kurtosis 0.055 spec_cnn 0.064  (9s)
  JSR  -22.0 dB  BER 6.87e-05  P(det)@0.05 power_one_sided 0.082 power_two_sided 0.062 kurtosis 0.074 spec_cnn 0.039  (9s)
  JSR  -21.0 dB  BER 1.30e-04  P(det)@0.05 power_one_sided 0.107 power_two_sided 0.068 kurtosis 0.074 spec_cnn 0.047  (10s)
  JSR  -20.0 dB  BER 3.05e-04  P(det)@0.05 power_one_sided 0.180 power_two_sided 0.127 kurtosis 0.059 spec_cnn 0.086  (10s)
  JSR  -19.0 dB  BER 3.81e-04  P(det)@0.05 power_one_sided 0.199 power_two_sided 0.154 kurtosis 0.045 spec_cnn 0.080  (10s)
  JSR  -18.0 dB  BER 6.94e-04  P(det)@0.05 power_one_sided 0.254 power_two_sided 0.195 kurtosis 0.064 spec_cnn 0.078  (11s)
  JSR  -17.0 dB  BER 9.38e-04  P(det)@0.05 power_one_sided 0.324 power_two_sided 0.258 kurtosis 0.092 spec_cnn 0.076  (11s)
  JSR  -16.0 dB  BER 1.34e-03  P(det)@0.05 power_one_sided 0.414 power_two_sided 0.311 kurtosis 0.088 spec_cnn 0.082  (11s)
  JSR  -15.0 dB  BER 1.62e-03  P(det)@0.05 power_one_sided 0.520 power_two_sided 0.432 kurtosis 0.098 spec_cnn 0.074  (12s)
  JSR  -14.0 dB  BER 2.18e-03  P(det)@0.05 power_one_sided 0.611 power_two_sided 0.537 kurtosis 0.146 spec_cnn 0.096  (12s)
  JSR  -13.0 dB  BER 2.80e-03  P(det)@0.05 power_one_sided 0.744 power_two_sided 0.666 kurtosis 0.195 spec_cnn 0.123  (12s)
  JSR  -12.0 dB  BER 2.78e-03  P(det)@0.05 power_one_sided 0.904 power_two_sided 0.844 kurtosis 0.328 spec_cnn 0.129  (13s)
  JSR  -11.0 dB  BER 3.70e-03  P(det)@0.05 power_one_sided 0.947 power_two_sided 0.926 kurtosis 0.422 spec_cnn 0.145  (13s)
  JSR  -10.0 dB  BER 4.60e-03  P(det)@0.05 power_one_sided 0.988 power_two_sided 0.977 kurtosis 0.574 spec_cnn 0.176  (13s)
  JSR   -9.0 dB  BER 5.89e-03  P(det)@0.05 power_one_sided 0.996 power_two_sided 0.994 kurtosis 0.721 spec_cnn 0.219  (14s)
  JSR   -8.0 dB  BER 7.56e-03  P(det)@0.05 power_one_sided 1.000 power_two_sided 0.998 kurtosis 0.854 spec_cnn 0.244  (14s)
  JSR   -7.0 dB  BER 1.04e-02  P(det)@0.05 power_one_sided 1.000 power_two_sided 1.000 kurtosis 0.938 spec_cnn 0.309  (14s)
  JSR   -6.0 dB  BER 1.55e-02  P(det)@0.05 power_one_sided 1.000 power_two_sided 1.000 kurtosis 0.982 spec_cnn 0.381  (15s)
  JSR   -5.0 dB  BER 2.17e-02  P(det)@0.05 power_one_sided 1.000 power_two_sided 1.000 kurtosis 0.986 spec_cnn 0.496  (15s)
  JSR   -4.0 dB  BER 3.22e-02  P(det)@0.05 power_one_sided 1.000 power_two_sided 1.000 kurtosis 0.996 spec_cnn 0.594  (15s)
  JSR   -3.0 dB  BER 4.31e-02  P(det)@0.05 power_one_sided 1.000 power_two_sided 1.000 kurtosis 0.998 spec_cnn 0.766  (16s)
  JSR   -2.0 dB  BER 5.89e-02  P(det)@0.05 power_one_sided 1.000 power_two_sided 1.000 kurtosis 1.000 spec_cnn 0.857  (16s)
  JSR   -1.0 dB  BER 8.03e-02  P(det)@0.05 power_one_sided 1.000 power_two_sided 1.000 kurtosis 1.000 spec_cnn 0.951  (16s)
  JSR   +0.0 dB  BER 1.03e-01  P(det)@0.05 power_one_sided 1.000 power_two_sided 1.000 kurtosis 1.000 spec_cnn 0.984  (16s)
  JSR   +1.0 dB  BER 1.27e-01  P(det)@0.05 power_one_sided 1.000 power_two_sided 1.000 kurtosis 1.000 spec_cnn 0.996  (17s)
  JSR   +2.0 dB  BER 1.50e-01  P(det)@0.05 power_one_sided 1.000 power_two_sided 1.000 kurtosis 1.000 spec_cnn 1.000  (17s)
  JSR   +3.0 dB  BER 1.76e-01  P(det)@0.05 power_one_sided 1.000 power_two_sided 1.000 kurtosis 1.000 spec_cnn 1.000  (17s)
  JSR   +4.0 dB  BER 2.02e-01  P(det)@0.05 power_one_sided 1.000 power_two_sided 1.000 kurtosis 1.000 spec_cnn 1.000  (18s)
  JSR   +5.0 dB  BER 2.30e-01  P(det)@0.05 power_one_sided 1.000 power_two_sided 1.000 kurtosis 1.000 spec_cnn 1.000  (18s)
  JSR   +6.0 dB  BER 2.53e-01  P(det)@0.05 power_one_sided 1.000 power_two_sided 1.000 kurtosis 1.000 spec_cnn 1.000  (18s)
  JSR   +7.0 dB  BER 2.74e-01  P(det)@0.05 power_one_sided 1.000 power_two_sided 1.000 kurtosis 1.000 spec_cnn 1.000  (19s)
  JSR   +8.0 dB  BER 2.97e-01  P(det)@0.05 power_one_sided 1.000 power_two_sided 1.000 kurtosis 1.000 spec_cnn 1.000  (19s)
  JSR   +9.0 dB  BER 3.18e-01  P(det)@0.05 power_one_sided 1.000 power_two_sided 1.000 kurtosis 1.000 spec_cnn 1.000  (19s)
  JSR  +10.0 dB  BER 3.35e-01  P(det)@0.05 power_one_sided 1.000 power_two_sided 1.000 kurtosis 1.000 spec_cnn 1.000  (20s)
  JSR  +11.0 dB  BER 3.51e-01  P(det)@0.05 power_one_sided 1.000 power_two_sided 1.000 kurtosis 1.000 spec_cnn 1.000  (20s)
  JSR  +12.0 dB  BER 3.66e-01  P(det)@0.05 power_one_sided 1.000 power_two_sided 1.000 kurtosis 1.000 spec_cnn 1.000  (20s)
  JSR  +13.0 dB  BER 3.78e-01  P(det)@0.05 power_one_sided 1.000 power_two_sided 1.000 kurtosis 1.000 spec_cnn 1.000  (21s)
  JSR  +14.0 dB  BER 3.93e-01  P(det)@0.05 power_one_sided 1.000 power_two_sided 1.000 kurtosis 1.000 spec_cnn 1.000  (21s)
  JSR  +15.0 dB  BER 4.03e-01  P(det)@0.05 power_one_sided 1.000 power_two_sided 1.000 kurtosis 1.000 spec_cnn 1.000  (21s)
  [snr_5] power_one_sided_b10 confirmed: {"power_one_sided": {"0.01": {"index": 4, "sweep_ber": 7.62939453125e-06, "sweep_pdet": 0.0078125, "confirmed_ber": 0.0, "confirmed_ser": 0.0, "confirmed_pdet": 0.009765625, "passed": true}, "0.05": {"index": 26, "sweep_ber": 1.52587890625e-05, "sweep_pdet": 0.056640625, "confirmed_ber": 1.811981201171875e-05, "confirmed_ser": 3.62396240234375e-05, "confirmed_pdet": 0.084716796875, "passed": false}}, "power_two_sided": {"0.01": {"index": 29, "sweep_ber": 0.00012969970703125, "sweep_pdet": 0.015625, "confirmed_ber": 0.00014019012451171875, "confirmed_ser": 0.0002803802490234375, "confirmed_pdet": 0.023193359375, "passed": false}, "0.05": {"index": 29, "sweep_ber": 0.00012969970703125, "sweep_pdet": 0.068359375, "confirmed_ber": 0.000125885009765625, "confirmed_ser": 0.00025177001953125, "confirmed_pdet": 0.090087890625, "passed": false}}, "kurtosis": {"0.01": {"index": 31, "sweep_ber": 0.0003814697265625, "sweep_pdet": 0.015625, "confirmed_ber": 0.0004425048828125, "confirmed_ser": 0.0008792877197265625, "confirmed_pdet": 0.01123046875, "passed": true}, "0.05": {"index": 32, "sweep_ber": 0.00069427490234375, "sweep_pdet": 0.064453125, "confirmed_ber": 0.0006799697875976562, "confirmed_ser": 0.0013484954833984375, "confirmed_pdet": 0.0556640625, "passed": true}}, "spec_cnn": {"0.01": {"index": 36, "sweep_ber": 0.0021820068359375, "sweep_pdet": 0.017578125, "confirmed_ber": 0.0021104812622070312, "confirmed_ser": 0.0039520263671875, "confirmed_pdet": 0.02392578125, "passed": false}, "0.05": {"index": 29, "sweep_ber": 0.00012969970703125, "sweep_pdet": 0.046875, "confirmed_ber": 0.00013637542724609375, "confirmed_ser": 0.000270843505859375, "confirmed_pdet": 0.060791015625, "passed": false}}}  (470s)
  [snr_5] generator power_one_sided_b100 (scale 0.4022)
  JSR  -50.0 dB  BER 0.00e+00  P(det)@0.05 power_one_sided 0.039 power_two_sided 0.049 kurtosis 0.033 spec_cnn 0.045  (0s)
  JSR  -49.0 dB  BER 0.00e+00  P(det)@0.05 power_one_sided 0.051 power_two_sided 0.049 kurtosis 0.041 spec_cnn 0.051  (1s)
  JSR  -48.0 dB  BER 0.00e+00  P(det)@0.05 power_one_sided 0.057 power_two_sided 0.049 kurtosis 0.064 spec_cnn 0.035  (1s)
  JSR  -47.0 dB  BER 0.00e+00  P(det)@0.05 power_one_sided 0.049 power_two_sided 0.059 kurtosis 0.055 spec_cnn 0.033  (1s)
  JSR  -46.0 dB  BER 0.00e+00  P(det)@0.05 power_one_sided 0.049 power_two_sided 0.049 kurtosis 0.064 spec_cnn 0.035  (2s)
  JSR  -45.0 dB  BER 0.00e+00  P(det)@0.05 power_one_sided 0.064 power_two_sided 0.045 kurtosis 0.047 spec_cnn 0.041  (2s)
  JSR  -44.0 dB  BER 0.00e+00  P(det)@0.05 power_one_sided 0.057 power_two_sided 0.064 kurtosis 0.043 spec_cnn 0.055  (2s)
  JSR  -43.0 dB  BER 0.00e+00  P(det)@0.05 power_one_sided 0.061 power_two_sided 0.043 kurtosis 0.047 spec_cnn 0.059  (3s)
  JSR  -42.0 dB  BER 0.00e+00  P(det)@0.05 power_one_sided 0.047 power_two_sided 0.055 kurtosis 0.064 spec_cnn 0.041  (3s)
  JSR  -41.0 dB  BER 0.00e+00  P(det)@0.05 power_one_sided 0.059 power_two_sided 0.066 kurtosis 0.055 spec_cnn 0.055  (3s)
  JSR  -40.0 dB  BER 0.00e+00  P(det)@0.05 power_one_sided 0.053 power_two_sided 0.021 kurtosis 0.039 spec_cnn 0.049  (4s)
  JSR  -39.0 dB  BER 0.00e+00  P(det)@0.05 power_one_sided 0.047 power_two_sided 0.037 kurtosis 0.037 spec_cnn 0.051  (4s)
  JSR  -38.0 dB  BER 0.00e+00  P(det)@0.05 power_one_sided 0.057 power_two_sided 0.066 kurtosis 0.051 spec_cnn 0.041  (4s)
  JSR  -37.0 dB  BER 0.00e+00  P(det)@0.05 power_one_sided 0.057 power_two_sided 0.047 kurtosis 0.037 spec_cnn 0.041  (5s)
  JSR  -36.0 dB  BER 7.63e-06  P(det)@0.05 power_one_sided 0.047 power_two_sided 0.041 kurtosis 0.064 spec_cnn 0.061  (5s)
  JSR  -35.0 dB  BER 0.00e+00  P(det)@0.05 power_one_sided 0.057 power_two_sided 0.051 kurtosis 0.047 spec_cnn 0.033  (5s)
  JSR  -34.0 dB  BER 0.00e+00  P(det)@0.05 power_one_sided 0.061 power_two_sided 0.055 kurtosis 0.066 spec_cnn 0.043  (5s)
  JSR  -33.0 dB  BER 0.00e+00  P(det)@0.05 power_one_sided 0.062 power_two_sided 0.049 kurtosis 0.057 spec_cnn 0.059  (6s)
  JSR  -32.0 dB  BER 0.00e+00  P(det)@0.05 power_one_sided 0.053 power_two_sided 0.061 kurtosis 0.033 spec_cnn 0.049  (6s)
  JSR  -31.0 dB  BER 0.00e+00  P(det)@0.05 power_one_sided 0.051 power_two_sided 0.047 kurtosis 0.051 spec_cnn 0.057  (6s)
  JSR  -30.0 dB  BER 0.00e+00  P(det)@0.05 power_one_sided 0.059 power_two_sided 0.049 kurtosis 0.064 spec_cnn 0.051  (7s)
  JSR  -29.0 dB  BER 0.00e+00  P(det)@0.05 power_one_sided 0.057 power_two_sided 0.045 kurtosis 0.061 spec_cnn 0.068  (7s)
  JSR  -28.0 dB  BER 0.00e+00  P(det)@0.05 power_one_sided 0.053 power_two_sided 0.047 kurtosis 0.064 spec_cnn 0.045  (7s)
  JSR  -27.0 dB  BER 0.00e+00  P(det)@0.05 power_one_sided 0.070 power_two_sided 0.061 kurtosis 0.045 spec_cnn 0.049  (8s)
  JSR  -26.0 dB  BER 7.63e-06  P(det)@0.05 power_one_sided 0.059 power_two_sided 0.043 kurtosis 0.053 spec_cnn 0.055  (8s)
  JSR  -25.0 dB  BER 7.63e-06  P(det)@0.05 power_one_sided 0.078 power_two_sided 0.064 kurtosis 0.047 spec_cnn 0.059  (8s)
  JSR  -24.0 dB  BER 3.05e-05  P(det)@0.05 power_one_sided 0.107 power_two_sided 0.084 kurtosis 0.055 spec_cnn 0.064  (9s)
  JSR  -23.0 dB  BER 4.58e-05  P(det)@0.05 power_one_sided 0.088 power_two_sided 0.059 kurtosis 0.051 spec_cnn 0.062  (9s)
  JSR  -22.0 dB  BER 1.22e-04  P(det)@0.05 power_one_sided 0.121 power_two_sided 0.086 kurtosis 0.062 spec_cnn 0.047  (9s)
  JSR  -21.0 dB  BER 1.68e-04  P(det)@0.05 power_one_sided 0.133 power_two_sided 0.082 kurtosis 0.053 spec_cnn 0.062  (10s)
  JSR  -20.0 dB  BER 5.34e-04  P(det)@0.05 power_one_sided 0.135 power_two_sided 0.088 kurtosis 0.059 spec_cnn 0.035  (10s)
  JSR  -19.0 dB  BER 6.87e-04  P(det)@0.05 power_one_sided 0.199 power_two_sided 0.148 kurtosis 0.049 spec_cnn 0.062  (10s)
  JSR  -18.0 dB  BER 9.54e-04  P(det)@0.05 power_one_sided 0.287 power_two_sided 0.227 kurtosis 0.088 spec_cnn 0.078  (11s)
  JSR  -17.0 dB  BER 1.29e-03  P(det)@0.05 power_one_sided 0.365 power_two_sided 0.281 kurtosis 0.076 spec_cnn 0.059  (11s)
  JSR  -16.0 dB  BER 1.63e-03  P(det)@0.05 power_one_sided 0.391 power_two_sided 0.301 kurtosis 0.090 spec_cnn 0.076  (11s)
  JSR  -15.0 dB  BER 2.20e-03  P(det)@0.05 power_one_sided 0.508 power_two_sided 0.443 kurtosis 0.104 spec_cnn 0.096  (12s)
  JSR  -14.0 dB  BER 2.27e-03  P(det)@0.05 power_one_sided 0.695 power_two_sided 0.600 kurtosis 0.205 spec_cnn 0.092  (12s)
  JSR  -13.0 dB  BER 2.80e-03  P(det)@0.05 power_one_sided 0.781 power_two_sided 0.701 kurtosis 0.244 spec_cnn 0.086  (12s)
  JSR  -12.0 dB  BER 3.43e-03  P(det)@0.05 power_one_sided 0.896 power_two_sided 0.859 kurtosis 0.350 spec_cnn 0.119  (13s)
  JSR  -11.0 dB  BER 3.72e-03  P(det)@0.05 power_one_sided 0.961 power_two_sided 0.934 kurtosis 0.510 spec_cnn 0.154  (13s)
  JSR  -10.0 dB  BER 4.50e-03  P(det)@0.05 power_one_sided 0.998 power_two_sided 0.994 kurtosis 0.691 spec_cnn 0.168  (13s)
  JSR   -9.0 dB  BER 5.65e-03  P(det)@0.05 power_one_sided 0.996 power_two_sided 0.992 kurtosis 0.824 spec_cnn 0.213  (14s)
  JSR   -8.0 dB  BER 6.77e-03  P(det)@0.05 power_one_sided 1.000 power_two_sided 1.000 kurtosis 0.926 spec_cnn 0.223  (14s)
  JSR   -7.0 dB  BER 9.71e-03  P(det)@0.05 power_one_sided 1.000 power_two_sided 1.000 kurtosis 0.951 spec_cnn 0.287  (14s)
  JSR   -6.0 dB  BER 1.39e-02  P(det)@0.05 power_one_sided 1.000 power_two_sided 1.000 kurtosis 0.986 spec_cnn 0.369  (15s)
  JSR   -5.0 dB  BER 2.00e-02  P(det)@0.05 power_one_sided 1.000 power_two_sided 1.000 kurtosis 0.998 spec_cnn 0.506  (15s)
  JSR   -4.0 dB  BER 2.88e-02  P(det)@0.05 power_one_sided 1.000 power_two_sided 1.000 kurtosis 1.000 spec_cnn 0.611  (15s)
  JSR   -3.0 dB  BER 4.15e-02  P(det)@0.05 power_one_sided 1.000 power_two_sided 1.000 kurtosis 1.000 spec_cnn 0.676  (15s)
  JSR   -2.0 dB  BER 5.58e-02  P(det)@0.05 power_one_sided 1.000 power_two_sided 1.000 kurtosis 1.000 spec_cnn 0.838  (16s)
  JSR   -1.0 dB  BER 7.31e-02  P(det)@0.05 power_one_sided 1.000 power_two_sided 1.000 kurtosis 1.000 spec_cnn 0.922  (16s)
  JSR   +0.0 dB  BER 9.71e-02  P(det)@0.05 power_one_sided 1.000 power_two_sided 1.000 kurtosis 1.000 spec_cnn 0.949  (16s)
  JSR   +1.0 dB  BER 1.19e-01  P(det)@0.05 power_one_sided 1.000 power_two_sided 1.000 kurtosis 1.000 spec_cnn 0.990  (17s)
  JSR   +2.0 dB  BER 1.43e-01  P(det)@0.05 power_one_sided 1.000 power_two_sided 1.000 kurtosis 1.000 spec_cnn 1.000  (17s)
  JSR   +3.0 dB  BER 1.71e-01  P(det)@0.05 power_one_sided 1.000 power_two_sided 1.000 kurtosis 1.000 spec_cnn 1.000  (17s)
  JSR   +4.0 dB  BER 2.00e-01  P(det)@0.05 power_one_sided 1.000 power_two_sided 1.000 kurtosis 1.000 spec_cnn 1.000  (18s)
  JSR   +5.0 dB  BER 2.21e-01  P(det)@0.05 power_one_sided 1.000 power_two_sided 1.000 kurtosis 1.000 spec_cnn 1.000  (18s)
  JSR   +6.0 dB  BER 2.49e-01  P(det)@0.05 power_one_sided 1.000 power_two_sided 1.000 kurtosis 1.000 spec_cnn 1.000  (18s)
  JSR   +7.0 dB  BER 2.69e-01  P(det)@0.05 power_one_sided 1.000 power_two_sided 1.000 kurtosis 1.000 spec_cnn 1.000  (19s)
  JSR   +8.0 dB  BER 2.91e-01  P(det)@0.05 power_one_sided 1.000 power_two_sided 1.000 kurtosis 1.000 spec_cnn 1.000  (19s)
  JSR   +9.0 dB  BER 3.10e-01  P(det)@0.05 power_one_sided 1.000 power_two_sided 1.000 kurtosis 1.000 spec_cnn 1.000  (19s)
  JSR  +10.0 dB  BER 3.29e-01  P(det)@0.05 power_one_sided 1.000 power_two_sided 1.000 kurtosis 1.000 spec_cnn 1.000  (20s)
  JSR  +11.0 dB  BER 3.48e-01  P(det)@0.05 power_one_sided 1.000 power_two_sided 1.000 kurtosis 1.000 spec_cnn 1.000  (20s)
  JSR  +12.0 dB  BER 3.63e-01  P(det)@0.05 power_one_sided 1.000 power_two_sided 1.000 kurtosis 1.000 spec_cnn 1.000  (20s)
  JSR  +13.0 dB  BER 3.78e-01  P(det)@0.05 power_one_sided 1.000 power_two_sided 1.000 kurtosis 1.000 spec_cnn 1.000  (21s)
  JSR  +14.0 dB  BER 3.91e-01  P(det)@0.05 power_one_sided 1.000 power_two_sided 1.000 kurtosis 1.000 spec_cnn 1.000  (21s)
  JSR  +15.0 dB  BER 4.01e-01  P(det)@0.05 power_one_sided 1.000 power_two_sided 1.000 kurtosis 1.000 spec_cnn 1.000  (21s)
  [snr_5] power_one_sided_b100 confirmed: {"power_one_sided": {"0.01": {"index": 14, "sweep_ber": 7.62939453125e-06, "sweep_pdet": 0.0078125, "confirmed_ber": 9.5367431640625e-07, "confirmed_ser": 1.9073486328125e-06, "confirmed_pdet": 0.008544921875, "passed": true}, "0.05": {"index": 14, "sweep_ber": 7.62939453125e-06, "sweep_pdet": 0.046875, "confirmed_ber": 1.9073486328125e-06, "confirmed_ser": 3.814697265625e-06, "confirmed_pdet": 0.051025390625, "passed": true}}, "power_two_sided": {"0.01": {"index": 27, "sweep_ber": 4.57763671875e-05, "sweep_pdet": 0.009765625, "confirmed_ber": 5.435943603515625e-05, "confirmed_ser": 0.0001087188720703125, "confirmed_pdet": 0.014892578125, "passed": false}, "0.05": {"index": 27, "sweep_ber": 4.57763671875e-05, "sweep_pdet": 0.05859375, "confirmed_ber": 4.100799560546875e-05, "confirmed_ser": 8.20159912109375e-05, "confirmed_pdet": 0.079345703125, "passed": false}}, "kurtosis": {"0.01": {"index": 31, "sweep_ber": 0.0006866455078125, "sweep_pdet": 0.005859375, "confirmed_ber": 0.0005807876586914062, "confirmed_ser": 0.0011577606201171875, "confirmed_pdet": 0.015869140625, "passed": false}, "0.05": {"index": 31, "sweep_ber": 0.0006866455078125, "sweep_pdet": 0.048828125, "confirmed_ber": 0.0005617141723632812, "confirmed_ser": 0.00112152099609375, "confirmed_pdet": 0.060791015625, "passed": false}}, "spec_cnn": {"0.01": {"index": 37, "sweep_ber": 0.00279998779296875, "sweep_pdet": 0.01171875, "confirmed_ber": 0.0027866363525390625, "confirmed_ser": 0.0050754547119140625, "confirmed_pdet": 0.0244140625, "passed": false}, "0.05": {"index": 33, "sweep_ber": 0.00128936767578125, "sweep_pdet": 0.05859375, "confirmed_ber": 0.0012178421020507812, "confirmed_ser": 0.0023746490478515625, "confirmed_pdet": 0.073486328125, "passed": false}}}  (513s)
  [snr_5] generator power_one_sided_b1000 (scale 0.4022)
  JSR  -50.0 dB  BER 0.00e+00  P(det)@0.05 power_one_sided 0.053 power_two_sided 0.055 kurtosis 0.043 spec_cnn 0.047  (0s)
  JSR  -49.0 dB  BER 0.00e+00  P(det)@0.05 power_one_sided 0.053 power_two_sided 0.080 kurtosis 0.035 spec_cnn 0.049  (1s)
  JSR  -48.0 dB  BER 0.00e+00  P(det)@0.05 power_one_sided 0.055 power_two_sided 0.049 kurtosis 0.057 spec_cnn 0.049  (1s)
  JSR  -47.0 dB  BER 0.00e+00  P(det)@0.05 power_one_sided 0.062 power_two_sided 0.057 kurtosis 0.053 spec_cnn 0.049  (1s)
  JSR  -46.0 dB  BER 0.00e+00  P(det)@0.05 power_one_sided 0.059 power_two_sided 0.053 kurtosis 0.053 spec_cnn 0.049  (2s)
  JSR  -45.0 dB  BER 0.00e+00  P(det)@0.05 power_one_sided 0.041 power_two_sided 0.055 kurtosis 0.053 spec_cnn 0.070  (2s)
  JSR  -44.0 dB  BER 0.00e+00  P(det)@0.05 power_one_sided 0.053 power_two_sided 0.049 kurtosis 0.033 spec_cnn 0.070  (2s)
  JSR  -43.0 dB  BER 0.00e+00  P(det)@0.05 power_one_sided 0.059 power_two_sided 0.047 kurtosis 0.037 spec_cnn 0.047  (3s)
  JSR  -42.0 dB  BER 0.00e+00  P(det)@0.05 power_one_sided 0.051 power_two_sided 0.037 kurtosis 0.045 spec_cnn 0.049  (3s)
  JSR  -41.0 dB  BER 0.00e+00  P(det)@0.05 power_one_sided 0.045 power_two_sided 0.037 kurtosis 0.055 spec_cnn 0.045  (3s)
  JSR  -40.0 dB  BER 0.00e+00  P(det)@0.05 power_one_sided 0.053 power_two_sided 0.051 kurtosis 0.051 spec_cnn 0.047  (4s)
  JSR  -39.0 dB  BER 0.00e+00  P(det)@0.05 power_one_sided 0.047 power_two_sided 0.035 kurtosis 0.029 spec_cnn 0.033  (4s)
  JSR  -38.0 dB  BER 0.00e+00  P(det)@0.05 power_one_sided 0.045 power_two_sided 0.039 kurtosis 0.045 spec_cnn 0.039  (4s)
  JSR  -37.0 dB  BER 0.00e+00  P(det)@0.05 power_one_sided 0.053 power_two_sided 0.066 kurtosis 0.053 spec_cnn 0.041  (5s)
  JSR  -36.0 dB  BER 0.00e+00  P(det)@0.05 power_one_sided 0.043 power_two_sided 0.053 kurtosis 0.051 spec_cnn 0.051  (5s)
  JSR  -35.0 dB  BER 0.00e+00  P(det)@0.05 power_one_sided 0.037 power_two_sided 0.041 kurtosis 0.043 spec_cnn 0.039  (5s)
  JSR  -34.0 dB  BER 0.00e+00  P(det)@0.05 power_one_sided 0.066 power_two_sided 0.047 kurtosis 0.049 spec_cnn 0.057  (6s)
  JSR  -33.0 dB  BER 0.00e+00  P(det)@0.05 power_one_sided 0.057 power_two_sided 0.031 kurtosis 0.049 spec_cnn 0.051  (6s)
  JSR  -32.0 dB  BER 0.00e+00  P(det)@0.05 power_one_sided 0.064 power_two_sided 0.047 kurtosis 0.057 spec_cnn 0.053  (6s)
  JSR  -31.0 dB  BER 0.00e+00  P(det)@0.05 power_one_sided 0.049 power_two_sided 0.059 kurtosis 0.049 spec_cnn 0.043  (6s)
  JSR  -30.0 dB  BER 0.00e+00  P(det)@0.05 power_one_sided 0.062 power_two_sided 0.064 kurtosis 0.051 spec_cnn 0.051  (7s)
  JSR  -29.0 dB  BER 0.00e+00  P(det)@0.05 power_one_sided 0.059 power_two_sided 0.062 kurtosis 0.088 spec_cnn 0.051  (7s)
  JSR  -28.0 dB  BER 0.00e+00  P(det)@0.05 power_one_sided 0.070 power_two_sided 0.064 kurtosis 0.053 spec_cnn 0.045  (7s)
  JSR  -27.0 dB  BER 0.00e+00  P(det)@0.05 power_one_sided 0.080 power_two_sided 0.051 kurtosis 0.061 spec_cnn 0.049  (8s)
  JSR  -26.0 dB  BER 0.00e+00  P(det)@0.05 power_one_sided 0.057 power_two_sided 0.051 kurtosis 0.035 spec_cnn 0.057  (8s)
  JSR  -25.0 dB  BER 0.00e+00  P(det)@0.05 power_one_sided 0.074 power_two_sided 0.051 kurtosis 0.041 spec_cnn 0.043  (8s)
  JSR  -24.0 dB  BER 1.53e-05  P(det)@0.05 power_one_sided 0.072 power_two_sided 0.043 kurtosis 0.045 spec_cnn 0.051  (9s)
  JSR  -23.0 dB  BER 1.53e-05  P(det)@0.05 power_one_sided 0.115 power_two_sided 0.070 kurtosis 0.059 spec_cnn 0.068  (9s)
  JSR  -22.0 dB  BER 6.87e-05  P(det)@0.05 power_one_sided 0.084 power_two_sided 0.062 kurtosis 0.033 spec_cnn 0.076  (9s)
  JSR  -21.0 dB  BER 8.39e-05  P(det)@0.05 power_one_sided 0.113 power_two_sided 0.080 kurtosis 0.061 spec_cnn 0.051  (10s)
  JSR  -20.0 dB  BER 1.37e-04  P(det)@0.05 power_one_sided 0.158 power_two_sided 0.107 kurtosis 0.064 spec_cnn 0.051  (10s)
  JSR  -19.0 dB  BER 2.75e-04  P(det)@0.05 power_one_sided 0.178 power_two_sided 0.127 kurtosis 0.059 spec_cnn 0.078  (10s)
  JSR  -18.0 dB  BER 4.96e-04  P(det)@0.05 power_one_sided 0.252 power_two_sided 0.182 kurtosis 0.062 spec_cnn 0.068  (11s)
  JSR  -17.0 dB  BER 7.71e-04  P(det)@0.05 power_one_sided 0.307 power_two_sided 0.242 kurtosis 0.062 spec_cnn 0.092  (11s)
  JSR  -16.0 dB  BER 1.10e-03  P(det)@0.05 power_one_sided 0.395 power_two_sided 0.301 kurtosis 0.072 spec_cnn 0.086  (11s)
  JSR  -15.0 dB  BER 1.35e-03  P(det)@0.05 power_one_sided 0.502 power_two_sided 0.373 kurtosis 0.082 spec_cnn 0.072  (12s)
  JSR  -14.0 dB  BER 1.96e-03  P(det)@0.05 power_one_sided 0.607 power_two_sided 0.512 kurtosis 0.113 spec_cnn 0.080  (12s)
  JSR  -13.0 dB  BER 2.17e-03  P(det)@0.05 power_one_sided 0.719 power_two_sided 0.641 kurtosis 0.207 spec_cnn 0.119  (12s)
  JSR  -12.0 dB  BER 2.70e-03  P(det)@0.05 power_one_sided 0.871 power_two_sided 0.812 kurtosis 0.293 spec_cnn 0.107  (13s)
  JSR  -11.0 dB  BER 3.36e-03  P(det)@0.05 power_one_sided 0.928 power_two_sided 0.904 kurtosis 0.365 spec_cnn 0.102  (13s)
  JSR  -10.0 dB  BER 4.01e-03  P(det)@0.05 power_one_sided 0.980 power_two_sided 0.975 kurtosis 0.533 spec_cnn 0.143  (13s)
  JSR   -9.0 dB  BER 5.49e-03  P(det)@0.05 power_one_sided 0.986 power_two_sided 0.984 kurtosis 0.656 spec_cnn 0.182  (14s)
  JSR   -8.0 dB  BER 8.06e-03  P(det)@0.05 power_one_sided 1.000 power_two_sided 1.000 kurtosis 0.832 spec_cnn 0.219  (14s)
  JSR   -7.0 dB  BER 1.15e-02  P(det)@0.05 power_one_sided 1.000 power_two_sided 1.000 kurtosis 0.947 spec_cnn 0.271  (14s)
  JSR   -6.0 dB  BER 1.64e-02  P(det)@0.05 power_one_sided 1.000 power_two_sided 1.000 kurtosis 0.969 spec_cnn 0.354  (15s)
  JSR   -5.0 dB  BER 2.61e-02  P(det)@0.05 power_one_sided 1.000 power_two_sided 1.000 kurtosis 0.996 spec_cnn 0.416  (15s)
  JSR   -4.0 dB  BER 3.69e-02  P(det)@0.05 power_one_sided 1.000 power_two_sided 1.000 kurtosis 0.996 spec_cnn 0.549  (15s)
  JSR   -3.0 dB  BER 5.34e-02  P(det)@0.05 power_one_sided 1.000 power_two_sided 1.000 kurtosis 1.000 spec_cnn 0.619  (16s)
  JSR   -2.0 dB  BER 7.18e-02  P(det)@0.05 power_one_sided 1.000 power_two_sided 1.000 kurtosis 1.000 spec_cnn 0.760  (16s)
  JSR   -1.0 dB  BER 9.36e-02  P(det)@0.05 power_one_sided 1.000 power_two_sided 1.000 kurtosis 1.000 spec_cnn 0.855  (16s)
  JSR   +0.0 dB  BER 1.18e-01  P(det)@0.05 power_one_sided 1.000 power_two_sided 1.000 kurtosis 1.000 spec_cnn 0.938  (16s)
  JSR   +1.0 dB  BER 1.44e-01  P(det)@0.05 power_one_sided 1.000 power_two_sided 1.000 kurtosis 1.000 spec_cnn 0.982  (17s)
  JSR   +2.0 dB  BER 1.69e-01  P(det)@0.05 power_one_sided 1.000 power_two_sided 1.000 kurtosis 1.000 spec_cnn 0.998  (17s)
  JSR   +3.0 dB  BER 1.96e-01  P(det)@0.05 power_one_sided 1.000 power_two_sided 1.000 kurtosis 1.000 spec_cnn 1.000  (17s)
  JSR   +4.0 dB  BER 2.23e-01  P(det)@0.05 power_one_sided 1.000 power_two_sided 1.000 kurtosis 1.000 spec_cnn 1.000  (18s)
  JSR   +5.0 dB  BER 2.44e-01  P(det)@0.05 power_one_sided 1.000 power_two_sided 1.000 kurtosis 1.000 spec_cnn 1.000  (18s)
  JSR   +6.0 dB  BER 2.68e-01  P(det)@0.05 power_one_sided 1.000 power_two_sided 1.000 kurtosis 1.000 spec_cnn 1.000  (18s)
  JSR   +7.0 dB  BER 2.89e-01  P(det)@0.05 power_one_sided 1.000 power_two_sided 1.000 kurtosis 1.000 spec_cnn 1.000  (19s)
  JSR   +8.0 dB  BER 3.11e-01  P(det)@0.05 power_one_sided 1.000 power_two_sided 1.000 kurtosis 1.000 spec_cnn 1.000  (19s)
  JSR   +9.0 dB  BER 3.33e-01  P(det)@0.05 power_one_sided 1.000 power_two_sided 1.000 kurtosis 1.000 spec_cnn 1.000  (19s)
  JSR  +10.0 dB  BER 3.52e-01  P(det)@0.05 power_one_sided 1.000 power_two_sided 1.000 kurtosis 1.000 spec_cnn 1.000  (20s)
  JSR  +11.0 dB  BER 3.65e-01  P(det)@0.05 power_one_sided 1.000 power_two_sided 1.000 kurtosis 1.000 spec_cnn 1.000  (20s)
  JSR  +12.0 dB  BER 3.78e-01  P(det)@0.05 power_one_sided 1.000 power_two_sided 1.000 kurtosis 1.000 spec_cnn 1.000  (20s)
  JSR  +13.0 dB  BER 3.91e-01  P(det)@0.05 power_one_sided 1.000 power_two_sided 1.000 kurtosis 1.000 spec_cnn 1.000  (21s)
  JSR  +14.0 dB  BER 4.01e-01  P(det)@0.05 power_one_sided 1.000 power_two_sided 1.000 kurtosis 1.000 spec_cnn 1.000  (21s)
  JSR  +15.0 dB  BER 4.14e-01  P(det)@0.05 power_one_sided 1.000 power_two_sided 1.000 kurtosis 1.000 spec_cnn 1.000  (21s)
  [snr_5] power_one_sided_b1000 confirmed: {"power_one_sided": {"0.01": {"index": 0, "sweep_ber": 0.0, "sweep_pdet": 0.0078125, "confirmed_ber": 0.0, "confirmed_ser": 0.0, "confirmed_pdet": 0.0068359375, "passed": true}, "0.05": {"index": 0, "sweep_ber": 0.0, "sweep_pdet": 0.052734375, "confirmed_ber": 0.0, "confirmed_ser": 0.0, "confirmed_pdet": 0.04833984375, "passed": true}}, "power_two_sided": {"0.01": {"index": 29, "sweep_ber": 8.392333984375e-05, "sweep_pdet": 0.017578125, "confirmed_ber": 8.7738037109375e-05, "confirmed_ser": 0.00017547607421875, "confirmed_pdet": 0.0244140625, "passed": false}, "0.05": {"index": 28, "sweep_ber": 6.866455078125e-05, "sweep_pdet": 0.0625, "confirmed_ber": 2.956390380859375e-05, "confirmed_ser": 5.91278076171875e-05, "confirmed_pdet": 0.074462890625, "passed": false}}, "kurtosis": {"0.01": {"index": 35, "sweep_ber": 0.00135040283203125, "sweep_pdet": 0.013671875, "confirmed_ber": 0.00144195556640625, "confirmed_ser": 0.0027866363525390625, "confirmed_pdet": 0.032470703125, "passed": false}, "0.05": {"index": 33, "sweep_ber": 0.00077056884765625, "sweep_pdet": 0.0625, "confirmed_ber": 0.0007448196411132812, "confirmed_ser": 0.001476287841796875, "confirmed_pdet": 0.07177734375, "passed": false}}, "spec_cnn": {"0.01": {"index": 35, "sweep_ber": 0.00135040283203125, "sweep_pdet": 0.017578125, "confirmed_ber": 0.0014543533325195312, "confirmed_ser": 0.00279998779296875, "confirmed_pdet": 0.0146484375, "passed": false}, "0.05": {"index": 32, "sweep_ber": 0.00049591064453125, "sweep_pdet": 0.068359375, "confirmed_ber": 0.00047206878662109375, "confirmed_ser": 0.00093841552734375, "confirmed_pdet": 0.06103515625, "passed": false}}}  (555s)
  [snr_5] generator power_two_sided_b1 (scale 0.4022)
  JSR  -50.0 dB  BER 0.00e+00  P(det)@0.05 power_one_sided 0.053 power_two_sided 0.068 kurtosis 0.049 spec_cnn 0.051  (0s)
  JSR  -49.0 dB  BER 0.00e+00  P(det)@0.05 power_one_sided 0.043 power_two_sided 0.031 kurtosis 0.039 spec_cnn 0.053  (1s)
  JSR  -48.0 dB  BER 0.00e+00  P(det)@0.05 power_one_sided 0.043 power_two_sided 0.041 kurtosis 0.051 spec_cnn 0.049  (1s)
  JSR  -47.0 dB  BER 0.00e+00  P(det)@0.05 power_one_sided 0.043 power_two_sided 0.051 kurtosis 0.051 spec_cnn 0.045  (1s)
  JSR  -46.0 dB  BER 0.00e+00  P(det)@0.05 power_one_sided 0.043 power_two_sided 0.041 kurtosis 0.061 spec_cnn 0.045  (2s)
  JSR  -45.0 dB  BER 0.00e+00  P(det)@0.05 power_one_sided 0.051 power_two_sided 0.047 kurtosis 0.068 spec_cnn 0.051  (2s)
  JSR  -44.0 dB  BER 0.00e+00  P(det)@0.05 power_one_sided 0.051 power_two_sided 0.051 kurtosis 0.062 spec_cnn 0.041  (2s)
  JSR  -43.0 dB  BER 7.63e-06  P(det)@0.05 power_one_sided 0.053 power_two_sided 0.057 kurtosis 0.064 spec_cnn 0.053  (3s)
  JSR  -42.0 dB  BER 0.00e+00  P(det)@0.05 power_one_sided 0.037 power_two_sided 0.043 kurtosis 0.035 spec_cnn 0.059  (3s)
  JSR  -41.0 dB  BER 0.00e+00  P(det)@0.05 power_one_sided 0.059 power_two_sided 0.055 kurtosis 0.045 spec_cnn 0.055  (3s)
  JSR  -40.0 dB  BER 0.00e+00  P(det)@0.05 power_one_sided 0.043 power_two_sided 0.047 kurtosis 0.057 spec_cnn 0.033  (4s)
  JSR  -39.0 dB  BER 0.00e+00  P(det)@0.05 power_one_sided 0.027 power_two_sided 0.039 kurtosis 0.043 spec_cnn 0.053  (4s)
  JSR  -38.0 dB  BER 0.00e+00  P(det)@0.05 power_one_sided 0.043 power_two_sided 0.037 kurtosis 0.045 spec_cnn 0.049  (4s)
  JSR  -37.0 dB  BER 0.00e+00  P(det)@0.05 power_one_sided 0.072 power_two_sided 0.070 kurtosis 0.055 spec_cnn 0.059  (5s)
  JSR  -36.0 dB  BER 0.00e+00  P(det)@0.05 power_one_sided 0.053 power_two_sided 0.043 kurtosis 0.049 spec_cnn 0.053  (5s)
  JSR  -35.0 dB  BER 0.00e+00  P(det)@0.05 power_one_sided 0.041 power_two_sided 0.039 kurtosis 0.047 spec_cnn 0.047  (5s)
  JSR  -34.0 dB  BER 0.00e+00  P(det)@0.05 power_one_sided 0.039 power_two_sided 0.055 kurtosis 0.043 spec_cnn 0.064  (6s)
  JSR  -33.0 dB  BER 0.00e+00  P(det)@0.05 power_one_sided 0.068 power_two_sided 0.066 kurtosis 0.039 spec_cnn 0.059  (6s)
  JSR  -32.0 dB  BER 0.00e+00  P(det)@0.05 power_one_sided 0.051 power_two_sided 0.051 kurtosis 0.053 spec_cnn 0.039  (6s)
  JSR  -31.0 dB  BER 0.00e+00  P(det)@0.05 power_one_sided 0.061 power_two_sided 0.047 kurtosis 0.037 spec_cnn 0.045  (6s)
  JSR  -30.0 dB  BER 0.00e+00  P(det)@0.05 power_one_sided 0.068 power_two_sided 0.062 kurtosis 0.051 spec_cnn 0.049  (7s)
  JSR  -29.0 dB  BER 0.00e+00  P(det)@0.05 power_one_sided 0.045 power_two_sided 0.049 kurtosis 0.049 spec_cnn 0.037  (7s)
  JSR  -28.0 dB  BER 0.00e+00  P(det)@0.05 power_one_sided 0.070 power_two_sided 0.062 kurtosis 0.049 spec_cnn 0.062  (7s)
  JSR  -27.0 dB  BER 0.00e+00  P(det)@0.05 power_one_sided 0.059 power_two_sided 0.057 kurtosis 0.062 spec_cnn 0.049  (8s)
  JSR  -26.0 dB  BER 0.00e+00  P(det)@0.05 power_one_sided 0.086 power_two_sided 0.062 kurtosis 0.051 spec_cnn 0.049  (8s)
  JSR  -25.0 dB  BER 0.00e+00  P(det)@0.05 power_one_sided 0.072 power_two_sided 0.066 kurtosis 0.047 spec_cnn 0.037  (8s)
  JSR  -24.0 dB  BER 0.00e+00  P(det)@0.05 power_one_sided 0.090 power_two_sided 0.066 kurtosis 0.084 spec_cnn 0.041  (9s)
  JSR  -23.0 dB  BER 2.29e-05  P(det)@0.05 power_one_sided 0.072 power_two_sided 0.055 kurtosis 0.057 spec_cnn 0.080  (9s)
  JSR  -22.0 dB  BER 1.53e-05  P(det)@0.05 power_one_sided 0.084 power_two_sided 0.064 kurtosis 0.043 spec_cnn 0.043  (9s)
  JSR  -21.0 dB  BER 6.10e-05  P(det)@0.05 power_one_sided 0.111 power_two_sided 0.092 kurtosis 0.053 spec_cnn 0.047  (10s)
  JSR  -20.0 dB  BER 1.53e-04  P(det)@0.05 power_one_sided 0.145 power_two_sided 0.090 kurtosis 0.049 spec_cnn 0.068  (10s)
  JSR  -19.0 dB  BER 2.67e-04  P(det)@0.05 power_one_sided 0.188 power_two_sided 0.145 kurtosis 0.064 spec_cnn 0.064  (10s)
  JSR  -18.0 dB  BER 4.20e-04  P(det)@0.05 power_one_sided 0.287 power_two_sided 0.221 kurtosis 0.070 spec_cnn 0.070  (11s)
  JSR  -17.0 dB  BER 7.10e-04  P(det)@0.05 power_one_sided 0.301 power_two_sided 0.211 kurtosis 0.064 spec_cnn 0.062  (11s)
  JSR  -16.0 dB  BER 1.03e-03  P(det)@0.05 power_one_sided 0.455 power_two_sided 0.355 kurtosis 0.090 spec_cnn 0.072  (11s)
  JSR  -15.0 dB  BER 1.24e-03  P(det)@0.05 power_one_sided 0.510 power_two_sided 0.422 kurtosis 0.098 spec_cnn 0.072  (12s)
  JSR  -14.0 dB  BER 1.68e-03  P(det)@0.05 power_one_sided 0.637 power_two_sided 0.537 kurtosis 0.123 spec_cnn 0.107  (12s)
  JSR  -13.0 dB  BER 2.32e-03  P(det)@0.05 power_one_sided 0.721 power_two_sided 0.639 kurtosis 0.184 spec_cnn 0.133  (12s)
  JSR  -12.0 dB  BER 2.74e-03  P(det)@0.05 power_one_sided 0.869 power_two_sided 0.826 kurtosis 0.223 spec_cnn 0.135  (13s)
  JSR  -11.0 dB  BER 3.56e-03  P(det)@0.05 power_one_sided 0.922 power_two_sided 0.883 kurtosis 0.359 spec_cnn 0.148  (13s)
  JSR  -10.0 dB  BER 4.55e-03  P(det)@0.05 power_one_sided 0.977 power_two_sided 0.959 kurtosis 0.475 spec_cnn 0.172  (13s)
  JSR   -9.0 dB  BER 5.93e-03  P(det)@0.05 power_one_sided 1.000 power_two_sided 1.000 kurtosis 0.654 spec_cnn 0.232  (14s)
  JSR   -8.0 dB  BER 8.30e-03  P(det)@0.05 power_one_sided 0.996 power_two_sided 0.996 kurtosis 0.762 spec_cnn 0.273  (14s)
  JSR   -7.0 dB  BER 1.16e-02  P(det)@0.05 power_one_sided 0.998 power_two_sided 0.998 kurtosis 0.906 spec_cnn 0.332  (14s)
  JSR   -6.0 dB  BER 1.70e-02  P(det)@0.05 power_one_sided 1.000 power_two_sided 1.000 kurtosis 0.932 spec_cnn 0.396  (15s)
  JSR   -5.0 dB  BER 2.47e-02  P(det)@0.05 power_one_sided 1.000 power_two_sided 1.000 kurtosis 0.982 spec_cnn 0.512  (15s)
  JSR   -4.0 dB  BER 3.66e-02  P(det)@0.05 power_one_sided 1.000 power_two_sided 1.000 kurtosis 0.994 spec_cnn 0.627  (15s)
  JSR   -3.0 dB  BER 5.14e-02  P(det)@0.05 power_one_sided 1.000 power_two_sided 1.000 kurtosis 0.994 spec_cnn 0.771  (16s)
  JSR   -2.0 dB  BER 6.65e-02  P(det)@0.05 power_one_sided 1.000 power_two_sided 1.000 kurtosis 1.000 spec_cnn 0.869  (16s)
  JSR   -1.0 dB  BER 8.90e-02  P(det)@0.05 power_one_sided 1.000 power_two_sided 1.000 kurtosis 1.000 spec_cnn 0.930  (16s)
  JSR   +0.0 dB  BER 1.12e-01  P(det)@0.05 power_one_sided 1.000 power_two_sided 1.000 kurtosis 1.000 spec_cnn 0.984  (17s)
  JSR   +1.0 dB  BER 1.36e-01  P(det)@0.05 power_one_sided 1.000 power_two_sided 1.000 kurtosis 1.000 spec_cnn 0.996  (17s)
  JSR   +2.0 dB  BER 1.60e-01  P(det)@0.05 power_one_sided 1.000 power_two_sided 1.000 kurtosis 1.000 spec_cnn 1.000  (17s)
  JSR   +3.0 dB  BER 1.88e-01  P(det)@0.05 power_one_sided 1.000 power_two_sided 1.000 kurtosis 1.000 spec_cnn 1.000  (18s)
  JSR   +4.0 dB  BER 2.10e-01  P(det)@0.05 power_one_sided 1.000 power_two_sided 1.000 kurtosis 1.000 spec_cnn 1.000  (18s)
  JSR   +5.0 dB  BER 2.38e-01  P(det)@0.05 power_one_sided 1.000 power_two_sided 1.000 kurtosis 1.000 spec_cnn 1.000  (18s)
  JSR   +6.0 dB  BER 2.63e-01  P(det)@0.05 power_one_sided 1.000 power_two_sided 1.000 kurtosis 1.000 spec_cnn 1.000  (18s)
  JSR   +7.0 dB  BER 2.85e-01  P(det)@0.05 power_one_sided 1.000 power_two_sided 1.000 kurtosis 1.000 spec_cnn 1.000  (19s)
  JSR   +8.0 dB  BER 3.07e-01  P(det)@0.05 power_one_sided 1.000 power_two_sided 1.000 kurtosis 1.000 spec_cnn 1.000  (19s)
  JSR   +9.0 dB  BER 3.26e-01  P(det)@0.05 power_one_sided 1.000 power_two_sided 1.000 kurtosis 1.000 spec_cnn 1.000  (19s)
  JSR  +10.0 dB  BER 3.45e-01  P(det)@0.05 power_one_sided 1.000 power_two_sided 1.000 kurtosis 1.000 spec_cnn 1.000  (20s)
  JSR  +11.0 dB  BER 3.59e-01  P(det)@0.05 power_one_sided 1.000 power_two_sided 1.000 kurtosis 1.000 spec_cnn 1.000  (20s)
  JSR  +12.0 dB  BER 3.74e-01  P(det)@0.05 power_one_sided 1.000 power_two_sided 1.000 kurtosis 1.000 spec_cnn 1.000  (20s)
  JSR  +13.0 dB  BER 3.84e-01  P(det)@0.05 power_one_sided 1.000 power_two_sided 1.000 kurtosis 1.000 spec_cnn 1.000  (21s)
  JSR  +14.0 dB  BER 3.99e-01  P(det)@0.05 power_one_sided 1.000 power_two_sided 1.000 kurtosis 1.000 spec_cnn 1.000  (21s)
  JSR  +15.0 dB  BER 4.09e-01  P(det)@0.05 power_one_sided 1.000 power_two_sided 1.000 kurtosis 1.000 spec_cnn 1.000  (21s)
  [snr_5] power_two_sided_b1 confirmed: {"power_one_sided": {"0.01": {"index": 28, "sweep_ber": 1.52587890625e-05, "sweep_pdet": 0.01171875, "confirmed_ber": 3.62396240234375e-05, "confirmed_ser": 7.2479248046875e-05, "confirmed_pdet": 0.02685546875, "passed": false}, "0.05": {"index": 7, "sweep_ber": 7.62939453125e-06, "sweep_pdet": 0.052734375, "confirmed_ber": 1.9073486328125e-06, "confirmed_ser": 3.814697265625e-06, "confirmed_pdet": 0.050048828125, "passed": true}}, "power_two_sided": {"0.01": {"index": 27, "sweep_ber": 2.288818359375e-05, "sweep_pdet": 0.01171875, "confirmed_ber": 1.1444091796875e-05, "confirmed_ser": 2.288818359375e-05, "confirmed_pdet": 0.01513671875, "passed": false}, "0.05": {"index": 27, "sweep_ber": 2.288818359375e-05, "sweep_pdet": 0.0546875, "confirmed_ber": 1.1444091796875e-05, "confirmed_ser": 2.288818359375e-05, "confirmed_pdet": 0.067626953125, "passed": false}}, "kurtosis": {"0.01": {"index": 33, "sweep_ber": 0.00070953369140625, "sweep_pdet": 0.009765625, "confirmed_ber": 0.0006866455078125, "confirmed_ser": 0.0013599395751953125, "confirmed_pdet": 0.01513671875, "passed": false}, "0.05": {"index": 33, "sweep_ber": 0.00070953369140625, "sweep_pdet": 0.064453125, "confirmed_ber": 0.00069427490234375, "confirmed_ser": 0.001373291015625, "confirmed_pdet": 0.062744140625, "passed": false}}, "spec_cnn": {"0.01": {"index": 35, "sweep_ber": 0.0012359619140625, "sweep_pdet": 0.01171875, "confirmed_ber": 0.0013904571533203125, "confirmed_ser": 0.0027065277099609375, "confirmed_pdet": 0.026123046875, "passed": false}, "0.05": {"index": 33, "sweep_ber": 0.00070953369140625, "sweep_pdet": 0.0625, "confirmed_ber": 0.000698089599609375, "confirmed_ser": 0.001373291015625, "confirmed_pdet": 0.070556640625, "passed": false}}}  (597s)
  [snr_5] generator power_two_sided_b10 (scale 0.4022)
  JSR  -50.0 dB  BER 0.00e+00  P(det)@0.05 power_one_sided 0.053 power_two_sided 0.070 kurtosis 0.047 spec_cnn 0.059  (0s)
  JSR  -49.0 dB  BER 0.00e+00  P(det)@0.05 power_one_sided 0.029 power_two_sided 0.027 kurtosis 0.053 spec_cnn 0.049  (1s)
  JSR  -48.0 dB  BER 0.00e+00  P(det)@0.05 power_one_sided 0.037 power_two_sided 0.037 kurtosis 0.053 spec_cnn 0.045  (1s)
  JSR  -47.0 dB  BER 0.00e+00  P(det)@0.05 power_one_sided 0.051 power_two_sided 0.045 kurtosis 0.059 spec_cnn 0.041  (1s)
  JSR  -46.0 dB  BER 0.00e+00  P(det)@0.05 power_one_sided 0.027 power_two_sided 0.021 kurtosis 0.051 spec_cnn 0.049  (2s)
  JSR  -45.0 dB  BER 0.00e+00  P(det)@0.05 power_one_sided 0.053 power_two_sided 0.051 kurtosis 0.037 spec_cnn 0.037  (2s)
  JSR  -44.0 dB  BER 0.00e+00  P(det)@0.05 power_one_sided 0.064 power_two_sided 0.070 kurtosis 0.070 spec_cnn 0.057  (2s)
  JSR  -43.0 dB  BER 0.00e+00  P(det)@0.05 power_one_sided 0.055 power_two_sided 0.062 kurtosis 0.055 spec_cnn 0.045  (3s)
  JSR  -42.0 dB  BER 0.00e+00  P(det)@0.05 power_one_sided 0.043 power_two_sided 0.043 kurtosis 0.057 spec_cnn 0.045  (3s)
  JSR  -41.0 dB  BER 0.00e+00  P(det)@0.05 power_one_sided 0.035 power_two_sided 0.035 kurtosis 0.057 spec_cnn 0.039  (3s)
  JSR  -40.0 dB  BER 0.00e+00  P(det)@0.05 power_one_sided 0.061 power_two_sided 0.055 kurtosis 0.064 spec_cnn 0.061  (4s)
  JSR  -39.0 dB  BER 0.00e+00  P(det)@0.05 power_one_sided 0.059 power_two_sided 0.039 kurtosis 0.049 spec_cnn 0.049  (4s)
  JSR  -38.0 dB  BER 0.00e+00  P(det)@0.05 power_one_sided 0.049 power_two_sided 0.055 kurtosis 0.043 spec_cnn 0.039  (4s)
  JSR  -37.0 dB  BER 0.00e+00  P(det)@0.05 power_one_sided 0.057 power_two_sided 0.064 kurtosis 0.053 spec_cnn 0.047  (4s)
  JSR  -36.0 dB  BER 7.63e-06  P(det)@0.05 power_one_sided 0.062 power_two_sided 0.062 kurtosis 0.059 spec_cnn 0.041  (5s)
  JSR  -35.0 dB  BER 0.00e+00  P(det)@0.05 power_one_sided 0.062 power_two_sided 0.061 kurtosis 0.057 spec_cnn 0.043  (5s)
  JSR  -34.0 dB  BER 0.00e+00  P(det)@0.05 power_one_sided 0.064 power_two_sided 0.062 kurtosis 0.059 spec_cnn 0.039  (5s)
  JSR  -33.0 dB  BER 0.00e+00  P(det)@0.05 power_one_sided 0.049 power_two_sided 0.047 kurtosis 0.053 spec_cnn 0.037  (6s)
  JSR  -32.0 dB  BER 0.00e+00  P(det)@0.05 power_one_sided 0.064 power_two_sided 0.070 kurtosis 0.049 spec_cnn 0.047  (6s)
  JSR  -31.0 dB  BER 0.00e+00  P(det)@0.05 power_one_sided 0.062 power_two_sided 0.064 kurtosis 0.051 spec_cnn 0.061  (6s)
  JSR  -30.0 dB  BER 0.00e+00  P(det)@0.05 power_one_sided 0.057 power_two_sided 0.051 kurtosis 0.051 spec_cnn 0.057  (7s)
  JSR  -29.0 dB  BER 0.00e+00  P(det)@0.05 power_one_sided 0.062 power_two_sided 0.053 kurtosis 0.049 spec_cnn 0.059  (7s)
  JSR  -28.0 dB  BER 0.00e+00  P(det)@0.05 power_one_sided 0.072 power_two_sided 0.066 kurtosis 0.076 spec_cnn 0.053  (7s)
  JSR  -27.0 dB  BER 0.00e+00  P(det)@0.05 power_one_sided 0.047 power_two_sided 0.053 kurtosis 0.066 spec_cnn 0.066  (8s)
  JSR  -26.0 dB  BER 0.00e+00  P(det)@0.05 power_one_sided 0.078 power_two_sided 0.055 kurtosis 0.053 spec_cnn 0.061  (8s)
  JSR  -25.0 dB  BER 7.63e-06  P(det)@0.05 power_one_sided 0.057 power_two_sided 0.062 kurtosis 0.049 spec_cnn 0.045  (8s)
  JSR  -24.0 dB  BER 1.53e-05  P(det)@0.05 power_one_sided 0.072 power_two_sided 0.062 kurtosis 0.047 spec_cnn 0.061  (9s)
  JSR  -23.0 dB  BER 3.05e-05  P(det)@0.05 power_one_sided 0.096 power_two_sided 0.062 kurtosis 0.066 spec_cnn 0.053  (9s)
  JSR  -22.0 dB  BER 6.10e-05  P(det)@0.05 power_one_sided 0.139 power_two_sided 0.096 kurtosis 0.088 spec_cnn 0.045  (9s)
  JSR  -21.0 dB  BER 1.91e-04  P(det)@0.05 power_one_sided 0.125 power_two_sided 0.080 kurtosis 0.061 spec_cnn 0.047  (10s)
  JSR  -20.0 dB  BER 2.21e-04  P(det)@0.05 power_one_sided 0.168 power_two_sided 0.125 kurtosis 0.068 spec_cnn 0.066  (10s)
  JSR  -19.0 dB  BER 5.11e-04  P(det)@0.05 power_one_sided 0.193 power_two_sided 0.131 kurtosis 0.070 spec_cnn 0.074  (10s)
  JSR  -18.0 dB  BER 7.25e-04  P(det)@0.05 power_one_sided 0.234 power_two_sided 0.146 kurtosis 0.055 spec_cnn 0.084  (11s)
  JSR  -17.0 dB  BER 1.27e-03  P(det)@0.05 power_one_sided 0.334 power_two_sided 0.246 kurtosis 0.053 spec_cnn 0.061  (11s)
  JSR  -16.0 dB  BER 1.51e-03  P(det)@0.05 power_one_sided 0.402 power_two_sided 0.322 kurtosis 0.076 spec_cnn 0.084  (11s)
  JSR  -15.0 dB  BER 1.75e-03  P(det)@0.05 power_one_sided 0.520 power_two_sided 0.432 kurtosis 0.100 spec_cnn 0.090  (12s)
  JSR  -14.0 dB  BER 2.30e-03  P(det)@0.05 power_one_sided 0.652 power_two_sided 0.562 kurtosis 0.191 spec_cnn 0.092  (12s)
  JSR  -13.0 dB  BER 2.69e-03  P(det)@0.05 power_one_sided 0.758 power_two_sided 0.676 kurtosis 0.219 spec_cnn 0.088  (12s)
  JSR  -12.0 dB  BER 3.17e-03  P(det)@0.05 power_one_sided 0.881 power_two_sided 0.820 kurtosis 0.314 spec_cnn 0.096  (13s)
  JSR  -11.0 dB  BER 3.62e-03  P(det)@0.05 power_one_sided 0.947 power_two_sided 0.918 kurtosis 0.449 spec_cnn 0.121  (13s)
  JSR  -10.0 dB  BER 4.06e-03  P(det)@0.05 power_one_sided 0.986 power_two_sided 0.973 kurtosis 0.646 spec_cnn 0.168  (13s)
  JSR   -9.0 dB  BER 5.10e-03  P(det)@0.05 power_one_sided 1.000 power_two_sided 1.000 kurtosis 0.805 spec_cnn 0.205  (14s)
  JSR   -8.0 dB  BER 7.37e-03  P(det)@0.05 power_one_sided 1.000 power_two_sided 1.000 kurtosis 0.887 spec_cnn 0.248  (14s)
  JSR   -7.0 dB  BER 9.67e-03  P(det)@0.05 power_one_sided 1.000 power_two_sided 1.000 kurtosis 0.977 spec_cnn 0.299  (14s)
  JSR   -6.0 dB  BER 1.38e-02  P(det)@0.05 power_one_sided 1.000 power_two_sided 1.000 kurtosis 0.979 spec_cnn 0.393  (14s)
  JSR   -5.0 dB  BER 2.11e-02  P(det)@0.05 power_one_sided 1.000 power_two_sided 1.000 kurtosis 0.998 spec_cnn 0.479  (15s)
  JSR   -4.0 dB  BER 3.01e-02  P(det)@0.05 power_one_sided 1.000 power_two_sided 1.000 kurtosis 1.000 spec_cnn 0.607  (15s)
  JSR   -3.0 dB  BER 4.17e-02  P(det)@0.05 power_one_sided 1.000 power_two_sided 1.000 kurtosis 1.000 spec_cnn 0.656  (15s)
  JSR   -2.0 dB  BER 6.08e-02  P(det)@0.05 power_one_sided 1.000 power_two_sided 1.000 kurtosis 1.000 spec_cnn 0.801  (16s)
  JSR   -1.0 dB  BER 7.93e-02  P(det)@0.05 power_one_sided 1.000 power_two_sided 1.000 kurtosis 1.000 spec_cnn 0.930  (16s)
  JSR   +0.0 dB  BER 1.02e-01  P(det)@0.05 power_one_sided 1.000 power_two_sided 1.000 kurtosis 1.000 spec_cnn 0.955  (16s)
  JSR   +1.0 dB  BER 1.28e-01  P(det)@0.05 power_one_sided 1.000 power_two_sided 1.000 kurtosis 1.000 spec_cnn 0.982  (17s)
  JSR   +2.0 dB  BER 1.53e-01  P(det)@0.05 power_one_sided 1.000 power_two_sided 1.000 kurtosis 1.000 spec_cnn 1.000  (17s)
  JSR   +3.0 dB  BER 1.81e-01  P(det)@0.05 power_one_sided 1.000 power_two_sided 1.000 kurtosis 1.000 spec_cnn 1.000  (17s)
  JSR   +4.0 dB  BER 2.06e-01  P(det)@0.05 power_one_sided 1.000 power_two_sided 1.000 kurtosis 1.000 spec_cnn 1.000  (18s)
  JSR   +5.0 dB  BER 2.32e-01  P(det)@0.05 power_one_sided 1.000 power_two_sided 1.000 kurtosis 1.000 spec_cnn 1.000  (18s)
  JSR   +6.0 dB  BER 2.56e-01  P(det)@0.05 power_one_sided 1.000 power_two_sided 1.000 kurtosis 1.000 spec_cnn 1.000  (18s)
  JSR   +7.0 dB  BER 2.78e-01  P(det)@0.05 power_one_sided 1.000 power_two_sided 1.000 kurtosis 1.000 spec_cnn 1.000  (19s)
  JSR   +8.0 dB  BER 2.99e-01  P(det)@0.05 power_one_sided 1.000 power_two_sided 1.000 kurtosis 1.000 spec_cnn 1.000  (19s)
  JSR   +9.0 dB  BER 3.23e-01  P(det)@0.05 power_one_sided 1.000 power_two_sided 1.000 kurtosis 1.000 spec_cnn 1.000  (19s)
  JSR  +10.0 dB  BER 3.37e-01  P(det)@0.05 power_one_sided 1.000 power_two_sided 1.000 kurtosis 1.000 spec_cnn 1.000  (20s)
  JSR  +11.0 dB  BER 3.56e-01  P(det)@0.05 power_one_sided 1.000 power_two_sided 1.000 kurtosis 1.000 spec_cnn 1.000  (20s)
  JSR  +12.0 dB  BER 3.69e-01  P(det)@0.05 power_one_sided 1.000 power_two_sided 1.000 kurtosis 1.000 spec_cnn 1.000  (20s)
  JSR  +13.0 dB  BER 3.82e-01  P(det)@0.05 power_one_sided 1.000 power_two_sided 1.000 kurtosis 1.000 spec_cnn 1.000  (21s)
  JSR  +14.0 dB  BER 3.97e-01  P(det)@0.05 power_one_sided 1.000 power_two_sided 1.000 kurtosis 1.000 spec_cnn 1.000  (21s)
  JSR  +15.0 dB  BER 4.07e-01  P(det)@0.05 power_one_sided 1.000 power_two_sided 1.000 kurtosis 1.000 spec_cnn 1.000  (21s)
  [snr_5] power_two_sided_b10 confirmed: {"power_one_sided": {"0.01": {"index": 14, "sweep_ber": 7.62939453125e-06, "sweep_pdet": 0.0078125, "confirmed_ber": 0.0, "confirmed_ser": 0.0, "confirmed_pdet": 0.008544921875, "passed": true}, "0.05": {"index": 14, "sweep_ber": 7.62939453125e-06, "sweep_pdet": 0.0625, "confirmed_ber": 0.0, "confirmed_ser": 0.0, "confirmed_pdet": 0.05078125, "passed": true}}, "power_two_sided": {"0.01": {"index": 28, "sweep_ber": 6.103515625e-05, "sweep_pdet": 0.01171875, "confirmed_ber": 8.392333984375e-05, "confirmed_ser": 0.0001678466796875, "confirmed_pdet": 0.02392578125, "passed": false}, "0.05": {"index": 27, "sweep_ber": 3.0517578125e-05, "sweep_pdet": 0.0625, "confirmed_ber": 3.337860107421875e-05, "confirmed_ser": 6.67572021484375e-05, "confirmed_pdet": 0.0712890625, "passed": false}}, "kurtosis": {"0.01": {"index": 33, "sweep_ber": 0.0012664794921875, "sweep_pdet": 0.013671875, "confirmed_ber": 0.0011548995971679688, "confirmed_ser": 0.0022563934326171875, "confirmed_pdet": 0.0185546875, "passed": false}, "0.05": {"index": 33, "sweep_ber": 0.0012664794921875, "sweep_pdet": 0.052734375, "confirmed_ber": 0.001129150390625, "confirmed_ser": 0.0022106170654296875, "confirmed_pdet": 0.072509765625, "passed": false}}, "spec_cnn": {"0.01": {"index": 32, "sweep_ber": 0.00072479248046875, "sweep_pdet": 0.015625, "confirmed_ber": 0.00080108642578125, "confirmed_ser": 0.0015850067138671875, "confirmed_pdet": 0.016845703125, "passed": false}, "0.05": {"index": 33, "sweep_ber": 0.0012664794921875, "sweep_pdet": 0.060546875, "confirmed_ber": 0.0010843276977539062, "confirmed_ser": 0.0021305084228515625, "confirmed_pdet": 0.06494140625, "passed": false}}}  (639s)
  [snr_5] generator power_two_sided_b100 (scale 0.4022)
  JSR  -50.0 dB  BER 0.00e+00  P(det)@0.05 power_one_sided 0.057 power_two_sided 0.057 kurtosis 0.053 spec_cnn 0.053  (0s)
  JSR  -49.0 dB  BER 0.00e+00  P(det)@0.05 power_one_sided 0.047 power_two_sided 0.043 kurtosis 0.049 spec_cnn 0.055  (1s)
  JSR  -48.0 dB  BER 0.00e+00  P(det)@0.05 power_one_sided 0.049 power_two_sided 0.053 kurtosis 0.037 spec_cnn 0.055  (1s)
  JSR  -47.0 dB  BER 0.00e+00  P(det)@0.05 power_one_sided 0.043 power_two_sided 0.029 kurtosis 0.066 spec_cnn 0.051  (1s)
  JSR  -46.0 dB  BER 0.00e+00  P(det)@0.05 power_one_sided 0.045 power_two_sided 0.043 kurtosis 0.047 spec_cnn 0.059  (2s)
  JSR  -45.0 dB  BER 0.00e+00  P(det)@0.05 power_one_sided 0.059 power_two_sided 0.059 kurtosis 0.051 spec_cnn 0.055  (2s)
  JSR  -44.0 dB  BER 0.00e+00  P(det)@0.05 power_one_sided 0.041 power_two_sided 0.033 kurtosis 0.055 spec_cnn 0.070  (2s)
  JSR  -43.0 dB  BER 0.00e+00  P(det)@0.05 power_one_sided 0.047 power_two_sided 0.039 kurtosis 0.066 spec_cnn 0.049  (3s)
  JSR  -42.0 dB  BER 0.00e+00  P(det)@0.05 power_one_sided 0.035 power_two_sided 0.037 kurtosis 0.059 spec_cnn 0.043  (3s)
  JSR  -41.0 dB  BER 0.00e+00  P(det)@0.05 power_one_sided 0.066 power_two_sided 0.055 kurtosis 0.066 spec_cnn 0.045  (3s)
  JSR  -40.0 dB  BER 0.00e+00  P(det)@0.05 power_one_sided 0.029 power_two_sided 0.041 kurtosis 0.055 spec_cnn 0.045  (4s)
  JSR  -39.0 dB  BER 0.00e+00  P(det)@0.05 power_one_sided 0.049 power_two_sided 0.045 kurtosis 0.051 spec_cnn 0.074  (4s)
  JSR  -38.0 dB  BER 0.00e+00  P(det)@0.05 power_one_sided 0.064 power_two_sided 0.049 kurtosis 0.055 spec_cnn 0.061  (4s)
  JSR  -37.0 dB  BER 0.00e+00  P(det)@0.05 power_one_sided 0.051 power_two_sided 0.047 kurtosis 0.039 spec_cnn 0.057  (5s)
  JSR  -36.0 dB  BER 0.00e+00  P(det)@0.05 power_one_sided 0.039 power_two_sided 0.041 kurtosis 0.074 spec_cnn 0.053  (5s)
  JSR  -35.0 dB  BER 0.00e+00  P(det)@0.05 power_one_sided 0.037 power_two_sided 0.029 kurtosis 0.049 spec_cnn 0.066  (5s)
  JSR  -34.0 dB  BER 0.00e+00  P(det)@0.05 power_one_sided 0.041 power_two_sided 0.045 kurtosis 0.057 spec_cnn 0.045  (6s)
  JSR  -33.0 dB  BER 0.00e+00  P(det)@0.05 power_one_sided 0.057 power_two_sided 0.051 kurtosis 0.064 spec_cnn 0.043  (6s)
  JSR  -32.0 dB  BER 0.00e+00  P(det)@0.05 power_one_sided 0.045 power_two_sided 0.041 kurtosis 0.041 spec_cnn 0.053  (6s)
  JSR  -31.0 dB  BER 0.00e+00  P(det)@0.05 power_one_sided 0.051 power_two_sided 0.035 kurtosis 0.049 spec_cnn 0.047  (6s)
  JSR  -30.0 dB  BER 0.00e+00  P(det)@0.05 power_one_sided 0.043 power_two_sided 0.057 kurtosis 0.055 spec_cnn 0.061  (7s)
  JSR  -29.0 dB  BER 0.00e+00  P(det)@0.05 power_one_sided 0.068 power_two_sided 0.053 kurtosis 0.049 spec_cnn 0.061  (7s)
  JSR  -28.0 dB  BER 7.63e-06  P(det)@0.05 power_one_sided 0.045 power_two_sided 0.055 kurtosis 0.043 spec_cnn 0.051  (7s)
  JSR  -27.0 dB  BER 0.00e+00  P(det)@0.05 power_one_sided 0.078 power_two_sided 0.061 kurtosis 0.049 spec_cnn 0.041  (8s)
  JSR  -26.0 dB  BER 0.00e+00  P(det)@0.05 power_one_sided 0.051 power_two_sided 0.047 kurtosis 0.051 spec_cnn 0.051  (8s)
  JSR  -25.0 dB  BER 0.00e+00  P(det)@0.05 power_one_sided 0.072 power_two_sided 0.049 kurtosis 0.059 spec_cnn 0.062  (8s)
  JSR  -24.0 dB  BER 2.29e-05  P(det)@0.05 power_one_sided 0.064 power_two_sided 0.051 kurtosis 0.062 spec_cnn 0.043  (9s)
  JSR  -23.0 dB  BER 3.81e-05  P(det)@0.05 power_one_sided 0.086 power_two_sided 0.045 kurtosis 0.057 spec_cnn 0.064  (9s)
  JSR  -22.0 dB  BER 8.39e-05  P(det)@0.05 power_one_sided 0.074 power_two_sided 0.039 kurtosis 0.049 spec_cnn 0.051  (9s)
  JSR  -21.0 dB  BER 1.30e-04  P(det)@0.05 power_one_sided 0.131 power_two_sided 0.086 kurtosis 0.041 spec_cnn 0.037  (10s)
  JSR  -20.0 dB  BER 3.36e-04  P(det)@0.05 power_one_sided 0.146 power_two_sided 0.105 kurtosis 0.059 spec_cnn 0.055  (10s)
  JSR  -19.0 dB  BER 5.57e-04  P(det)@0.05 power_one_sided 0.203 power_two_sided 0.166 kurtosis 0.051 spec_cnn 0.076  (10s)
  JSR  -18.0 dB  BER 7.55e-04  P(det)@0.05 power_one_sided 0.258 power_two_sided 0.182 kurtosis 0.074 spec_cnn 0.064  (11s)
  JSR  -17.0 dB  BER 1.08e-03  P(det)@0.05 power_one_sided 0.348 power_two_sided 0.244 kurtosis 0.074 spec_cnn 0.086  (11s)
  JSR  -16.0 dB  BER 1.69e-03  P(det)@0.05 power_one_sided 0.416 power_two_sided 0.318 kurtosis 0.068 spec_cnn 0.092  (11s)
  JSR  -15.0 dB  BER 1.94e-03  P(det)@0.05 power_one_sided 0.551 power_two_sided 0.453 kurtosis 0.096 spec_cnn 0.057  (12s)
  JSR  -14.0 dB  BER 2.34e-03  P(det)@0.05 power_one_sided 0.619 power_two_sided 0.547 kurtosis 0.146 spec_cnn 0.088  (12s)
  JSR  -13.0 dB  BER 2.67e-03  P(det)@0.05 power_one_sided 0.781 power_two_sided 0.689 kurtosis 0.225 spec_cnn 0.139  (12s)
  JSR  -12.0 dB  BER 3.08e-03  P(det)@0.05 power_one_sided 0.898 power_two_sided 0.867 kurtosis 0.385 spec_cnn 0.123  (13s)
  JSR  -11.0 dB  BER 3.65e-03  P(det)@0.05 power_one_sided 0.965 power_two_sided 0.945 kurtosis 0.479 spec_cnn 0.139  (13s)
  JSR  -10.0 dB  BER 4.43e-03  P(det)@0.05 power_one_sided 0.992 power_two_sided 0.986 kurtosis 0.600 spec_cnn 0.152  (13s)
  JSR   -9.0 dB  BER 5.43e-03  P(det)@0.05 power_one_sided 0.998 power_two_sided 0.990 kurtosis 0.791 spec_cnn 0.180  (14s)
  JSR   -8.0 dB  BER 6.68e-03  P(det)@0.05 power_one_sided 1.000 power_two_sided 1.000 kurtosis 0.896 spec_cnn 0.273  (14s)
  JSR   -7.0 dB  BER 9.38e-03  P(det)@0.05 power_one_sided 1.000 power_two_sided 1.000 kurtosis 0.967 spec_cnn 0.281  (14s)
  JSR   -6.0 dB  BER 1.35e-02  P(det)@0.05 power_one_sided 1.000 power_two_sided 1.000 kurtosis 0.994 spec_cnn 0.385  (15s)
  JSR   -5.0 dB  BER 2.07e-02  P(det)@0.05 power_one_sided 1.000 power_two_sided 1.000 kurtosis 0.998 spec_cnn 0.449  (15s)
  JSR   -4.0 dB  BER 2.85e-02  P(det)@0.05 power_one_sided 1.000 power_two_sided 1.000 kurtosis 1.000 spec_cnn 0.609  (15s)
  JSR   -3.0 dB  BER 4.07e-02  P(det)@0.05 power_one_sided 1.000 power_two_sided 1.000 kurtosis 1.000 spec_cnn 0.697  (16s)
  JSR   -2.0 dB  BER 5.55e-02  P(det)@0.05 power_one_sided 1.000 power_two_sided 1.000 kurtosis 1.000 spec_cnn 0.834  (16s)
  JSR   -1.0 dB  BER 7.57e-02  P(det)@0.05 power_one_sided 1.000 power_two_sided 1.000 kurtosis 1.000 spec_cnn 0.881  (16s)
  JSR   +0.0 dB  BER 9.67e-02  P(det)@0.05 power_one_sided 1.000 power_two_sided 1.000 kurtosis 1.000 spec_cnn 0.961  (17s)
  JSR   +1.0 dB  BER 1.25e-01  P(det)@0.05 power_one_sided 1.000 power_two_sided 1.000 kurtosis 1.000 spec_cnn 0.986  (17s)
  JSR   +2.0 dB  BER 1.47e-01  P(det)@0.05 power_one_sided 1.000 power_two_sided 1.000 kurtosis 1.000 spec_cnn 1.000  (17s)
  JSR   +3.0 dB  BER 1.73e-01  P(det)@0.05 power_one_sided 1.000 power_two_sided 1.000 kurtosis 1.000 spec_cnn 1.000  (18s)
  JSR   +4.0 dB  BER 2.00e-01  P(det)@0.05 power_one_sided 1.000 power_two_sided 1.000 kurtosis 1.000 spec_cnn 1.000  (18s)
  JSR   +5.0 dB  BER 2.24e-01  P(det)@0.05 power_one_sided 1.000 power_two_sided 1.000 kurtosis 1.000 spec_cnn 1.000  (18s)
  JSR   +6.0 dB  BER 2.49e-01  P(det)@0.05 power_one_sided 1.000 power_two_sided 1.000 kurtosis 1.000 spec_cnn 1.000  (19s)
  JSR   +7.0 dB  BER 2.76e-01  P(det)@0.05 power_one_sided 1.000 power_two_sided 1.000 kurtosis 1.000 spec_cnn 1.000  (19s)
  JSR   +8.0 dB  BER 2.93e-01  P(det)@0.05 power_one_sided 1.000 power_two_sided 1.000 kurtosis 1.000 spec_cnn 1.000  (19s)
  JSR   +9.0 dB  BER 3.17e-01  P(det)@0.05 power_one_sided 1.000 power_two_sided 1.000 kurtosis 1.000 spec_cnn 1.000  (19s)
  JSR  +10.0 dB  BER 3.37e-01  P(det)@0.05 power_one_sided 1.000 power_two_sided 1.000 kurtosis 1.000 spec_cnn 1.000  (20s)
  JSR  +11.0 dB  BER 3.51e-01  P(det)@0.05 power_one_sided 1.000 power_two_sided 1.000 kurtosis 1.000 spec_cnn 1.000  (20s)
  JSR  +12.0 dB  BER 3.66e-01  P(det)@0.05 power_one_sided 1.000 power_two_sided 1.000 kurtosis 1.000 spec_cnn 1.000  (20s)
  JSR  +13.0 dB  BER 3.80e-01  P(det)@0.05 power_one_sided 1.000 power_two_sided 1.000 kurtosis 1.000 spec_cnn 1.000  (21s)
  JSR  +14.0 dB  BER 3.95e-01  P(det)@0.05 power_one_sided 1.000 power_two_sided 1.000 kurtosis 1.000 spec_cnn 1.000  (21s)
  JSR  +15.0 dB  BER 4.02e-01  P(det)@0.05 power_one_sided 1.000 power_two_sided 1.000 kurtosis 1.000 spec_cnn 1.000  (21s)
  [snr_5] power_two_sided_b100 confirmed: {"power_one_sided": {"0.01": {"index": 28, "sweep_ber": 8.392333984375e-05, "sweep_pdet": 0.015625, "confirmed_ber": 0.0001010894775390625, "confirmed_ser": 0.000202178955078125, "confirmed_pdet": 0.031005859375, "passed": false}, "0.05": {"index": 26, "sweep_ber": 2.288818359375e-05, "sweep_pdet": 0.064453125, "confirmed_ber": 2.193450927734375e-05, "confirmed_ser": 4.38690185546875e-05, "confirmed_pdet": 0.08837890625, "passed": false}}, "power_two_sided": {"0.01": {"index": 28, "sweep_ber": 8.392333984375e-05, "sweep_pdet": 0.005859375, "confirmed_ber": 7.43865966796875e-05, "confirmed_ser": 0.000148773193359375, "confirmed_pdet": 0.02392578125, "passed": false}, "0.05": {"index": 28, "sweep_ber": 8.392333984375e-05, "sweep_pdet": 0.0390625, "confirmed_ber": 8.7738037109375e-05, "confirmed_ser": 0.00017547607421875, "confirmed_pdet": 0.080810546875, "passed": false}}, "kurtosis": {"0.01": {"index": 33, "sweep_ber": 0.00107574462890625, "sweep_pdet": 0.017578125, "confirmed_ber": 0.0011472702026367188, "confirmed_ser": 0.0022430419921875, "confirmed_pdet": 0.01708984375, "passed": false}, "0.05": {"index": 34, "sweep_ber": 0.0016937255859375, "sweep_pdet": 0.068359375, "confirmed_ber": 0.0015840530395507812, "confirmed_ser": 0.00305938720703125, "confirmed_pdet": 0.090576171875, "passed": false}}, "spec_cnn": {"0.01": {"index": 36, "sweep_ber": 0.00234222412109375, "sweep_pdet": 0.017578125, "confirmed_ber": 0.0022754669189453125, "confirmed_ser": 0.00423431396484375, "confirmed_pdet": 0.017578125, "passed": false}, "0.05": {"index": 35, "sweep_ber": 0.0019378662109375, "sweep_pdet": 0.056640625, "confirmed_ber": 0.0019521713256835938, "confirmed_ser": 0.0037021636962890625, "confirmed_pdet": 0.082763671875, "passed": false}}}  (682s)
  [snr_5] generator power_two_sided_b1000 (scale 0.4022)
  JSR  -50.0 dB  BER 0.00e+00  P(det)@0.05 power_one_sided 0.049 power_two_sided 0.035 kurtosis 0.053 spec_cnn 0.037  (0s)
  JSR  -49.0 dB  BER 0.00e+00  P(det)@0.05 power_one_sided 0.061 power_two_sided 0.062 kurtosis 0.047 spec_cnn 0.070  (1s)
  JSR  -48.0 dB  BER 0.00e+00  P(det)@0.05 power_one_sided 0.051 power_two_sided 0.061 kurtosis 0.057 spec_cnn 0.055  (1s)
  JSR  -47.0 dB  BER 0.00e+00  P(det)@0.05 power_one_sided 0.035 power_two_sided 0.051 kurtosis 0.072 spec_cnn 0.059  (1s)
  JSR  -46.0 dB  BER 0.00e+00  P(det)@0.05 power_one_sided 0.049 power_two_sided 0.039 kurtosis 0.031 spec_cnn 0.053  (2s)
  JSR  -45.0 dB  BER 0.00e+00  P(det)@0.05 power_one_sided 0.055 power_two_sided 0.049 kurtosis 0.062 spec_cnn 0.059  (2s)
  JSR  -44.0 dB  BER 0.00e+00  P(det)@0.05 power_one_sided 0.051 power_two_sided 0.027 kurtosis 0.047 spec_cnn 0.045  (2s)
  JSR  -43.0 dB  BER 0.00e+00  P(det)@0.05 power_one_sided 0.061 power_two_sided 0.064 kurtosis 0.045 spec_cnn 0.049  (3s)
  JSR  -42.0 dB  BER 0.00e+00  P(det)@0.05 power_one_sided 0.043 power_two_sided 0.061 kurtosis 0.037 spec_cnn 0.053  (3s)
  JSR  -41.0 dB  BER 0.00e+00  P(det)@0.05 power_one_sided 0.049 power_two_sided 0.059 kurtosis 0.057 spec_cnn 0.064  (3s)
  JSR  -40.0 dB  BER 0.00e+00  P(det)@0.05 power_one_sided 0.055 power_two_sided 0.049 kurtosis 0.053 spec_cnn 0.066  (4s)
  JSR  -39.0 dB  BER 0.00e+00  P(det)@0.05 power_one_sided 0.053 power_two_sided 0.041 kurtosis 0.047 spec_cnn 0.064  (4s)
  JSR  -38.0 dB  BER 0.00e+00  P(det)@0.05 power_one_sided 0.066 power_two_sided 0.051 kurtosis 0.061 spec_cnn 0.051  (4s)
  JSR  -37.0 dB  BER 0.00e+00  P(det)@0.05 power_one_sided 0.059 power_two_sided 0.062 kurtosis 0.059 spec_cnn 0.041  (5s)
  JSR  -36.0 dB  BER 0.00e+00  P(det)@0.05 power_one_sided 0.031 power_two_sided 0.039 kurtosis 0.057 spec_cnn 0.057  (5s)
  JSR  -35.0 dB  BER 0.00e+00  P(det)@0.05 power_one_sided 0.043 power_two_sided 0.047 kurtosis 0.057 spec_cnn 0.066  (5s)
  JSR  -34.0 dB  BER 0.00e+00  P(det)@0.05 power_one_sided 0.066 power_two_sided 0.057 kurtosis 0.062 spec_cnn 0.068  (5s)
  JSR  -33.0 dB  BER 0.00e+00  P(det)@0.05 power_one_sided 0.049 power_two_sided 0.037 kurtosis 0.041 spec_cnn 0.035  (6s)
  JSR  -32.0 dB  BER 0.00e+00  P(det)@0.05 power_one_sided 0.041 power_two_sided 0.053 kurtosis 0.043 spec_cnn 0.045  (6s)
  JSR  -31.0 dB  BER 0.00e+00  P(det)@0.05 power_one_sided 0.064 power_two_sided 0.051 kurtosis 0.057 spec_cnn 0.055  (6s)
  JSR  -30.0 dB  BER 7.63e-06  P(det)@0.05 power_one_sided 0.037 power_two_sided 0.047 kurtosis 0.055 spec_cnn 0.049  (7s)
  JSR  -29.0 dB  BER 0.00e+00  P(det)@0.05 power_one_sided 0.055 power_two_sided 0.045 kurtosis 0.055 spec_cnn 0.051  (7s)
  JSR  -28.0 dB  BER 0.00e+00  P(det)@0.05 power_one_sided 0.059 power_two_sided 0.051 kurtosis 0.053 spec_cnn 0.049  (7s)
  JSR  -27.0 dB  BER 0.00e+00  P(det)@0.05 power_one_sided 0.059 power_two_sided 0.049 kurtosis 0.043 spec_cnn 0.051  (8s)
  JSR  -26.0 dB  BER 0.00e+00  P(det)@0.05 power_one_sided 0.053 power_two_sided 0.033 kurtosis 0.061 spec_cnn 0.043  (8s)
  JSR  -25.0 dB  BER 0.00e+00  P(det)@0.05 power_one_sided 0.064 power_two_sided 0.055 kurtosis 0.047 spec_cnn 0.045  (8s)
  JSR  -24.0 dB  BER 0.00e+00  P(det)@0.05 power_one_sided 0.082 power_two_sided 0.074 kurtosis 0.064 spec_cnn 0.049  (9s)
  JSR  -23.0 dB  BER 1.53e-05  P(det)@0.05 power_one_sided 0.082 power_two_sided 0.062 kurtosis 0.061 spec_cnn 0.061  (9s)
  JSR  -22.0 dB  BER 7.63e-06  P(det)@0.05 power_one_sided 0.135 power_two_sided 0.102 kurtosis 0.037 spec_cnn 0.059  (9s)
  JSR  -21.0 dB  BER 3.05e-05  P(det)@0.05 power_one_sided 0.113 power_two_sided 0.094 kurtosis 0.049 spec_cnn 0.059  (10s)
  JSR  -20.0 dB  BER 9.92e-05  P(det)@0.05 power_one_sided 0.137 power_two_sided 0.111 kurtosis 0.049 spec_cnn 0.051  (10s)
  JSR  -19.0 dB  BER 1.68e-04  P(det)@0.05 power_one_sided 0.168 power_two_sided 0.113 kurtosis 0.062 spec_cnn 0.053  (10s)
  JSR  -18.0 dB  BER 2.14e-04  P(det)@0.05 power_one_sided 0.223 power_two_sided 0.127 kurtosis 0.057 spec_cnn 0.049  (11s)
  JSR  -17.0 dB  BER 3.66e-04  P(det)@0.05 power_one_sided 0.291 power_two_sided 0.176 kurtosis 0.070 spec_cnn 0.068  (11s)
  JSR  -16.0 dB  BER 6.87e-04  P(det)@0.05 power_one_sided 0.354 power_two_sided 0.262 kurtosis 0.078 spec_cnn 0.096  (11s)
  JSR  -15.0 dB  BER 9.92e-04  P(det)@0.05 power_one_sided 0.475 power_two_sided 0.377 kurtosis 0.088 spec_cnn 0.057  (12s)
  JSR  -14.0 dB  BER 1.30e-03  P(det)@0.05 power_one_sided 0.609 power_two_sided 0.512 kurtosis 0.100 spec_cnn 0.102  (12s)
  JSR  -13.0 dB  BER 1.67e-03  P(det)@0.05 power_one_sided 0.762 power_two_sided 0.676 kurtosis 0.121 spec_cnn 0.088  (12s)
  JSR  -12.0 dB  BER 2.01e-03  P(det)@0.05 power_one_sided 0.889 power_two_sided 0.830 kurtosis 0.193 spec_cnn 0.119  (13s)
  JSR  -11.0 dB  BER 2.78e-03  P(det)@0.05 power_one_sided 0.951 power_two_sided 0.920 kurtosis 0.250 spec_cnn 0.139  (13s)
  JSR  -10.0 dB  BER 3.56e-03  P(det)@0.05 power_one_sided 0.965 power_two_sided 0.949 kurtosis 0.418 spec_cnn 0.172  (13s)
  JSR   -9.0 dB  BER 5.15e-03  P(det)@0.05 power_one_sided 0.996 power_two_sided 0.986 kurtosis 0.553 spec_cnn 0.219  (14s)
  JSR   -8.0 dB  BER 7.89e-03  P(det)@0.05 power_one_sided 1.000 power_two_sided 0.998 kurtosis 0.678 spec_cnn 0.217  (14s)
  JSR   -7.0 dB  BER 1.18e-02  P(det)@0.05 power_one_sided 1.000 power_two_sided 1.000 kurtosis 0.812 spec_cnn 0.314  (14s)
  JSR   -6.0 dB  BER 1.88e-02  P(det)@0.05 power_one_sided 1.000 power_two_sided 1.000 kurtosis 0.902 spec_cnn 0.379  (15s)
  JSR   -5.0 dB  BER 2.67e-02  P(det)@0.05 power_one_sided 1.000 power_two_sided 1.000 kurtosis 0.930 spec_cnn 0.465  (15s)
  JSR   -4.0 dB  BER 3.99e-02  P(det)@0.05 power_one_sided 1.000 power_two_sided 1.000 kurtosis 0.992 spec_cnn 0.561  (15s)
  JSR   -3.0 dB  BER 5.57e-02  P(det)@0.05 power_one_sided 1.000 power_two_sided 1.000 kurtosis 0.986 spec_cnn 0.703  (16s)
  JSR   -2.0 dB  BER 7.47e-02  P(det)@0.05 power_one_sided 1.000 power_two_sided 1.000 kurtosis 0.996 spec_cnn 0.775  (16s)
  JSR   -1.0 dB  BER 9.77e-02  P(det)@0.05 power_one_sided 1.000 power_two_sided 1.000 kurtosis 0.998 spec_cnn 0.896  (16s)
  JSR   +0.0 dB  BER 1.22e-01  P(det)@0.05 power_one_sided 1.000 power_two_sided 1.000 kurtosis 1.000 spec_cnn 0.959  (17s)
  JSR   +1.0 dB  BER 1.49e-01  P(det)@0.05 power_one_sided 1.000 power_two_sided 1.000 kurtosis 1.000 spec_cnn 0.990  (17s)
  JSR   +2.0 dB  BER 1.74e-01  P(det)@0.05 power_one_sided 1.000 power_two_sided 1.000 kurtosis 1.000 spec_cnn 1.000  (17s)
  JSR   +3.0 dB  BER 2.00e-01  P(det)@0.05 power_one_sided 1.000 power_two_sided 1.000 kurtosis 1.000 spec_cnn 1.000  (18s)
  JSR   +4.0 dB  BER 2.27e-01  P(det)@0.05 power_one_sided 1.000 power_two_sided 1.000 kurtosis 1.000 spec_cnn 1.000  (18s)
  JSR   +5.0 dB  BER 2.50e-01  P(det)@0.05 power_one_sided 1.000 power_two_sided 1.000 kurtosis 1.000 spec_cnn 1.000  (18s)
  JSR   +6.0 dB  BER 2.74e-01  P(det)@0.05 power_one_sided 1.000 power_two_sided 1.000 kurtosis 1.000 spec_cnn 1.000  (18s)
  JSR   +7.0 dB  BER 2.95e-01  P(det)@0.05 power_one_sided 1.000 power_two_sided 1.000 kurtosis 1.000 spec_cnn 1.000  (19s)
  JSR   +8.0 dB  BER 3.18e-01  P(det)@0.05 power_one_sided 1.000 power_two_sided 1.000 kurtosis 1.000 spec_cnn 1.000  (19s)
  JSR   +9.0 dB  BER 3.32e-01  P(det)@0.05 power_one_sided 1.000 power_two_sided 1.000 kurtosis 1.000 spec_cnn 1.000  (19s)
  JSR  +10.0 dB  BER 3.52e-01  P(det)@0.05 power_one_sided 1.000 power_two_sided 1.000 kurtosis 1.000 spec_cnn 1.000  (20s)
  JSR  +11.0 dB  BER 3.70e-01  P(det)@0.05 power_one_sided 1.000 power_two_sided 1.000 kurtosis 1.000 spec_cnn 1.000  (20s)
  JSR  +12.0 dB  BER 3.80e-01  P(det)@0.05 power_one_sided 1.000 power_two_sided 1.000 kurtosis 1.000 spec_cnn 1.000  (20s)
  JSR  +13.0 dB  BER 3.92e-01  P(det)@0.05 power_one_sided 1.000 power_two_sided 1.000 kurtosis 1.000 spec_cnn 1.000  (21s)
  JSR  +14.0 dB  BER 4.02e-01  P(det)@0.05 power_one_sided 1.000 power_two_sided 1.000 kurtosis 1.000 spec_cnn 1.000  (21s)
  JSR  +15.0 dB  BER 4.17e-01  P(det)@0.05 power_one_sided 1.000 power_two_sided 1.000 kurtosis 1.000 spec_cnn 1.000  (21s)
  [snr_5] power_two_sided_b1000 confirmed: {"power_one_sided": {"0.01": {"index": 20, "sweep_ber": 7.62939453125e-06, "sweep_pdet": 0.005859375, "confirmed_ber": 0.0, "confirmed_ser": 0.0, "confirmed_pdet": 0.009033203125, "passed": true}, "0.05": {"index": 20, "sweep_ber": 7.62939453125e-06, "sweep_pdet": 0.037109375, "confirmed_ber": 9.5367431640625e-07, "confirmed_ser": 1.9073486328125e-06, "confirmed_pdet": 0.0556640625, "passed": true}}, "power_two_sided": {"0.01": {"index": 20, "sweep_ber": 7.62939453125e-06, "sweep_pdet": 0.009765625, "confirmed_ber": 0.0, "confirmed_ser": 0.0, "confirmed_pdet": 0.013671875, "passed": false}, "0.05": {"index": 27, "sweep_ber": 1.52587890625e-05, "sweep_pdet": 0.0625, "confirmed_ber": 4.76837158203125e-06, "confirmed_ser": 9.5367431640625e-06, "confirmed_pdet": 0.070068359375, "passed": false}}, "kurtosis": {"0.01": {"index": 35, "sweep_ber": 0.0009918212890625, "sweep_pdet": 0.017578125, "confirmed_ber": 0.0009012222290039062, "confirmed_ser": 0.0017719268798828125, "confirmed_pdet": 0.020751953125, "passed": false}, "0.05": {"index": 32, "sweep_ber": 0.000213623046875, "sweep_pdet": 0.056640625, "confirmed_ber": 0.0002460479736328125, "confirmed_ser": 0.00048828125, "confirmed_pdet": 0.0595703125, "passed": false}}, "spec_cnn": {"0.01": {"index": 37, "sweep_ber": 0.00167083740234375, "sweep_pdet": 0.017578125, "confirmed_ber": 0.0016460418701171875, "confirmed_ser": 0.003154754638671875, "confirmed_pdet": 0.025146484375, "passed": false}, "0.05": {"index": 35, "sweep_ber": 0.0009918212890625, "sweep_pdet": 0.056640625, "confirmed_ber": 0.0009717941284179688, "confirmed_ser": 0.0018901824951171875, "confirmed_pdet": 0.080322265625, "passed": false}}}  (724s)
  [snr_5] generator kurtosis_b1 (scale 0.4022)
  JSR  -50.0 dB  BER 0.00e+00  P(det)@0.05 power_one_sided 0.047 power_two_sided 0.051 kurtosis 0.049 spec_cnn 0.066  (0s)
  JSR  -49.0 dB  BER 0.00e+00  P(det)@0.05 power_one_sided 0.047 power_two_sided 0.035 kurtosis 0.045 spec_cnn 0.059  (1s)
  JSR  -48.0 dB  BER 0.00e+00  P(det)@0.05 power_one_sided 0.035 power_two_sided 0.039 kurtosis 0.059 spec_cnn 0.061  (1s)
  JSR  -47.0 dB  BER 0.00e+00  P(det)@0.05 power_one_sided 0.055 power_two_sided 0.057 kurtosis 0.045 spec_cnn 0.059  (1s)
  JSR  -46.0 dB  BER 0.00e+00  P(det)@0.05 power_one_sided 0.041 power_two_sided 0.049 kurtosis 0.031 spec_cnn 0.037  (2s)
  JSR  -45.0 dB  BER 0.00e+00  P(det)@0.05 power_one_sided 0.039 power_two_sided 0.057 kurtosis 0.061 spec_cnn 0.055  (2s)
  JSR  -44.0 dB  BER 0.00e+00  P(det)@0.05 power_one_sided 0.047 power_two_sided 0.051 kurtosis 0.029 spec_cnn 0.035  (2s)
  JSR  -43.0 dB  BER 0.00e+00  P(det)@0.05 power_one_sided 0.049 power_two_sided 0.057 kurtosis 0.049 spec_cnn 0.068  (3s)
  JSR  -42.0 dB  BER 0.00e+00  P(det)@0.05 power_one_sided 0.064 power_two_sided 0.062 kurtosis 0.049 spec_cnn 0.055  (3s)
  JSR  -41.0 dB  BER 7.63e-06  P(det)@0.05 power_one_sided 0.035 power_two_sided 0.035 kurtosis 0.055 spec_cnn 0.049  (3s)
  JSR  -40.0 dB  BER 0.00e+00  P(det)@0.05 power_one_sided 0.047 power_two_sided 0.049 kurtosis 0.045 spec_cnn 0.059  (4s)
  JSR  -39.0 dB  BER 0.00e+00  P(det)@0.05 power_one_sided 0.059 power_two_sided 0.045 kurtosis 0.055 spec_cnn 0.039  (4s)
  JSR  -38.0 dB  BER 0.00e+00  P(det)@0.05 power_one_sided 0.053 power_two_sided 0.045 kurtosis 0.059 spec_cnn 0.055  (4s)
  JSR  -37.0 dB  BER 0.00e+00  P(det)@0.05 power_one_sided 0.037 power_two_sided 0.039 kurtosis 0.027 spec_cnn 0.049  (5s)
  JSR  -36.0 dB  BER 0.00e+00  P(det)@0.05 power_one_sided 0.045 power_two_sided 0.068 kurtosis 0.045 spec_cnn 0.057  (5s)
  JSR  -35.0 dB  BER 0.00e+00  P(det)@0.05 power_one_sided 0.027 power_two_sided 0.035 kurtosis 0.047 spec_cnn 0.037  (5s)
  JSR  -34.0 dB  BER 0.00e+00  P(det)@0.05 power_one_sided 0.047 power_two_sided 0.053 kurtosis 0.047 spec_cnn 0.035  (5s)
  JSR  -33.0 dB  BER 0.00e+00  P(det)@0.05 power_one_sided 0.055 power_two_sided 0.039 kurtosis 0.061 spec_cnn 0.064  (6s)
  JSR  -32.0 dB  BER 0.00e+00  P(det)@0.05 power_one_sided 0.059 power_two_sided 0.039 kurtosis 0.059 spec_cnn 0.045  (6s)
  JSR  -31.0 dB  BER 0.00e+00  P(det)@0.05 power_one_sided 0.051 power_two_sided 0.051 kurtosis 0.043 spec_cnn 0.047  (6s)
  JSR  -30.0 dB  BER 0.00e+00  P(det)@0.05 power_one_sided 0.053 power_two_sided 0.057 kurtosis 0.049 spec_cnn 0.045  (7s)
  JSR  -29.0 dB  BER 0.00e+00  P(det)@0.05 power_one_sided 0.066 power_two_sided 0.051 kurtosis 0.070 spec_cnn 0.055  (7s)
  JSR  -28.0 dB  BER 0.00e+00  P(det)@0.05 power_one_sided 0.047 power_two_sided 0.053 kurtosis 0.064 spec_cnn 0.037  (7s)
  JSR  -27.0 dB  BER 0.00e+00  P(det)@0.05 power_one_sided 0.061 power_two_sided 0.059 kurtosis 0.049 spec_cnn 0.045  (8s)
  JSR  -26.0 dB  BER 0.00e+00  P(det)@0.05 power_one_sided 0.068 power_two_sided 0.062 kurtosis 0.061 spec_cnn 0.051  (8s)
  JSR  -25.0 dB  BER 0.00e+00  P(det)@0.05 power_one_sided 0.068 power_two_sided 0.061 kurtosis 0.043 spec_cnn 0.064  (8s)
  JSR  -24.0 dB  BER 2.29e-05  P(det)@0.05 power_one_sided 0.078 power_two_sided 0.049 kurtosis 0.043 spec_cnn 0.062  (9s)
  JSR  -23.0 dB  BER 1.53e-05  P(det)@0.05 power_one_sided 0.090 power_two_sided 0.051 kurtosis 0.062 spec_cnn 0.053  (9s)
  JSR  -22.0 dB  BER 6.10e-05  P(det)@0.05 power_one_sided 0.117 power_two_sided 0.092 kurtosis 0.057 spec_cnn 0.053  (9s)
  JSR  -21.0 dB  BER 9.92e-05  P(det)@0.05 power_one_sided 0.141 power_two_sided 0.104 kurtosis 0.055 spec_cnn 0.059  (10s)
  JSR  -20.0 dB  BER 2.44e-04  P(det)@0.05 power_one_sided 0.172 power_two_sided 0.109 kurtosis 0.047 spec_cnn 0.061  (10s)
  JSR  -19.0 dB  BER 4.20e-04  P(det)@0.05 power_one_sided 0.184 power_two_sided 0.127 kurtosis 0.047 spec_cnn 0.061  (10s)
  JSR  -18.0 dB  BER 5.80e-04  P(det)@0.05 power_one_sided 0.246 power_two_sided 0.186 kurtosis 0.043 spec_cnn 0.055  (11s)
  JSR  -17.0 dB  BER 1.08e-03  P(det)@0.05 power_one_sided 0.330 power_two_sided 0.250 kurtosis 0.078 spec_cnn 0.074  (11s)
  JSR  -16.0 dB  BER 1.38e-03  P(det)@0.05 power_one_sided 0.395 power_two_sided 0.312 kurtosis 0.082 spec_cnn 0.072  (11s)
  JSR  -15.0 dB  BER 1.84e-03  P(det)@0.05 power_one_sided 0.516 power_two_sided 0.436 kurtosis 0.104 spec_cnn 0.084  (12s)
  JSR  -14.0 dB  BER 2.17e-03  P(det)@0.05 power_one_sided 0.664 power_two_sided 0.564 kurtosis 0.164 spec_cnn 0.076  (12s)
  JSR  -13.0 dB  BER 2.54e-03  P(det)@0.05 power_one_sided 0.809 power_two_sided 0.734 kurtosis 0.197 spec_cnn 0.094  (12s)
  JSR  -12.0 dB  BER 2.87e-03  P(det)@0.05 power_one_sided 0.891 power_two_sided 0.826 kurtosis 0.346 spec_cnn 0.154  (13s)
  JSR  -11.0 dB  BER 3.49e-03  P(det)@0.05 power_one_sided 0.951 power_two_sided 0.924 kurtosis 0.432 spec_cnn 0.139  (13s)
  JSR  -10.0 dB  BER 4.30e-03  P(det)@0.05 power_one_sided 0.988 power_two_sided 0.973 kurtosis 0.598 spec_cnn 0.158  (13s)
  JSR   -9.0 dB  BER 5.78e-03  P(det)@0.05 power_one_sided 0.996 power_two_sided 0.992 kurtosis 0.699 spec_cnn 0.195  (14s)
  JSR   -8.0 dB  BER 8.06e-03  P(det)@0.05 power_one_sided 1.000 power_two_sided 1.000 kurtosis 0.846 spec_cnn 0.266  (14s)
  JSR   -7.0 dB  BER 1.04e-02  P(det)@0.05 power_one_sided 1.000 power_two_sided 1.000 kurtosis 0.945 spec_cnn 0.336  (14s)
  JSR   -6.0 dB  BER 1.63e-02  P(det)@0.05 power_one_sided 1.000 power_two_sided 1.000 kurtosis 0.971 spec_cnn 0.375  (15s)
  JSR   -5.0 dB  BER 2.29e-02  P(det)@0.05 power_one_sided 1.000 power_two_sided 1.000 kurtosis 0.988 spec_cnn 0.541  (15s)
  JSR   -4.0 dB  BER 3.27e-02  P(det)@0.05 power_one_sided 1.000 power_two_sided 1.000 kurtosis 1.000 spec_cnn 0.609  (15s)
  JSR   -3.0 dB  BER 4.56e-02  P(det)@0.05 power_one_sided 1.000 power_two_sided 1.000 kurtosis 1.000 spec_cnn 0.811  (16s)
  JSR   -2.0 dB  BER 6.21e-02  P(det)@0.05 power_one_sided 1.000 power_two_sided 1.000 kurtosis 1.000 spec_cnn 0.879  (16s)
  JSR   -1.0 dB  BER 8.11e-02  P(det)@0.05 power_one_sided 1.000 power_two_sided 1.000 kurtosis 1.000 spec_cnn 0.951  (16s)
  JSR   +0.0 dB  BER 9.93e-02  P(det)@0.05 power_one_sided 1.000 power_two_sided 1.000 kurtosis 1.000 spec_cnn 0.986  (17s)
  JSR   +1.0 dB  BER 1.26e-01  P(det)@0.05 power_one_sided 1.000 power_two_sided 1.000 kurtosis 1.000 spec_cnn 1.000  (17s)
  JSR   +2.0 dB  BER 1.52e-01  P(det)@0.05 power_one_sided 1.000 power_two_sided 1.000 kurtosis 1.000 spec_cnn 1.000  (17s)
  JSR   +3.0 dB  BER 1.80e-01  P(det)@0.05 power_one_sided 1.000 power_two_sided 1.000 kurtosis 1.000 spec_cnn 1.000  (17s)
  JSR   +4.0 dB  BER 2.04e-01  P(det)@0.05 power_one_sided 1.000 power_two_sided 1.000 kurtosis 1.000 spec_cnn 1.000  (18s)
  JSR   +5.0 dB  BER 2.28e-01  P(det)@0.05 power_one_sided 1.000 power_two_sided 1.000 kurtosis 1.000 spec_cnn 1.000  (18s)
  JSR   +6.0 dB  BER 2.54e-01  P(det)@0.05 power_one_sided 1.000 power_two_sided 1.000 kurtosis 1.000 spec_cnn 1.000  (18s)
  JSR   +7.0 dB  BER 2.74e-01  P(det)@0.05 power_one_sided 1.000 power_two_sided 1.000 kurtosis 1.000 spec_cnn 1.000  (19s)
  JSR   +8.0 dB  BER 2.97e-01  P(det)@0.05 power_one_sided 1.000 power_two_sided 1.000 kurtosis 1.000 spec_cnn 1.000  (19s)
  JSR   +9.0 dB  BER 3.17e-01  P(det)@0.05 power_one_sided 1.000 power_two_sided 1.000 kurtosis 1.000 spec_cnn 1.000  (19s)
  JSR  +10.0 dB  BER 3.37e-01  P(det)@0.05 power_one_sided 1.000 power_two_sided 1.000 kurtosis 1.000 spec_cnn 1.000  (20s)
  JSR  +11.0 dB  BER 3.53e-01  P(det)@0.05 power_one_sided 1.000 power_two_sided 1.000 kurtosis 1.000 spec_cnn 1.000  (20s)
  JSR  +12.0 dB  BER 3.69e-01  P(det)@0.05 power_one_sided 1.000 power_two_sided 1.000 kurtosis 1.000 spec_cnn 1.000  (20s)
  JSR  +13.0 dB  BER 3.82e-01  P(det)@0.05 power_one_sided 1.000 power_two_sided 1.000 kurtosis 1.000 spec_cnn 1.000  (21s)
  JSR  +14.0 dB  BER 3.95e-01  P(det)@0.05 power_one_sided 1.000 power_two_sided 1.000 kurtosis 1.000 spec_cnn 1.000  (21s)
  JSR  +15.0 dB  BER 4.07e-01  P(det)@0.05 power_one_sided 1.000 power_two_sided 1.000 kurtosis 1.000 spec_cnn 1.000  (21s)
  [snr_5] kurtosis_b1 confirmed: {"power_one_sided": {"0.01": {"index": 26, "sweep_ber": 2.288818359375e-05, "sweep_pdet": 0.009765625, "confirmed_ber": 1.430511474609375e-05, "confirmed_ser": 2.86102294921875e-05, "confirmed_pdet": 0.018798828125, "passed": false}, "0.05": {"index": 9, "sweep_ber": 7.62939453125e-06, "sweep_pdet": 0.03515625, "confirmed_ber": 0.0, "confirmed_ser": 0.0, "confirmed_pdet": 0.0478515625, "passed": true}}, "power_two_sided": {"0.01": {"index": 26, "sweep_ber": 2.288818359375e-05, "sweep_pdet": 0.005859375, "confirmed_ber": 1.33514404296875e-05, "confirmed_ser": 2.6702880859375e-05, "confirmed_pdet": 0.012939453125, "passed": true}, "0.05": {"index": 26, "sweep_ber": 2.288818359375e-05, "sweep_pdet": 0.048828125, "confirmed_ber": 8.58306884765625e-06, "confirmed_ser": 1.71661376953125e-05, "confirmed_pdet": 0.061279296875, "passed": false}}, "kurtosis": {"0.01": {"index": 33, "sweep_ber": 0.00107574462890625, "sweep_pdet": 0.009765625, "confirmed_ber": 0.0009737014770507812, "confirmed_ser": 0.001903533935546875, "confirmed_pdet": 0.015380859375, "passed": false}, "0.05": {"index": 32, "sweep_ber": 0.000579833984375, "sweep_pdet": 0.04296875, "confirmed_ber": 0.0006074905395507812, "confirmed_ser": 0.0012035369873046875, "confirmed_pdet": 0.067138671875, "passed": false}}, "spec_cnn": {"0.01": {"index": 36, "sweep_ber": 0.002166748046875, "sweep_pdet": 0.017578125, "confirmed_ber": 0.0020799636840820312, "confirmed_ser": 0.003894805908203125, "confirmed_pdet": 0.0244140625, "passed": false}, "0.05": {"index": 32, "sweep_ber": 0.000579833984375, "sweep_pdet": 0.0546875, "confirmed_ber": 0.0006647109985351562, "confirmed_ser": 0.00131988525390625, "confirmed_pdet": 0.069580078125, "passed": false}}}  (766s)
  [snr_5] generator kurtosis_b10 (scale 0.4022)
  JSR  -50.0 dB  BER 0.00e+00  P(det)@0.05 power_one_sided 0.055 power_two_sided 0.045 kurtosis 0.041 spec_cnn 0.053  (0s)
  JSR  -49.0 dB  BER 0.00e+00  P(det)@0.05 power_one_sided 0.059 power_two_sided 0.059 kurtosis 0.045 spec_cnn 0.047  (1s)
  JSR  -48.0 dB  BER 0.00e+00  P(det)@0.05 power_one_sided 0.055 power_two_sided 0.061 kurtosis 0.047 spec_cnn 0.051  (1s)
  JSR  -47.0 dB  BER 0.00e+00  P(det)@0.05 power_one_sided 0.076 power_two_sided 0.068 kurtosis 0.045 spec_cnn 0.068  (1s)
  JSR  -46.0 dB  BER 0.00e+00  P(det)@0.05 power_one_sided 0.031 power_two_sided 0.045 kurtosis 0.053 spec_cnn 0.039  (2s)
  JSR  -45.0 dB  BER 0.00e+00  P(det)@0.05 power_one_sided 0.051 power_two_sided 0.045 kurtosis 0.059 spec_cnn 0.041  (2s)
  JSR  -44.0 dB  BER 0.00e+00  P(det)@0.05 power_one_sided 0.043 power_two_sided 0.029 kurtosis 0.049 spec_cnn 0.051  (2s)
  JSR  -43.0 dB  BER 0.00e+00  P(det)@0.05 power_one_sided 0.059 power_two_sided 0.057 kurtosis 0.047 spec_cnn 0.049  (3s)
  JSR  -42.0 dB  BER 0.00e+00  P(det)@0.05 power_one_sided 0.043 power_two_sided 0.043 kurtosis 0.049 spec_cnn 0.047  (3s)
  JSR  -41.0 dB  BER 0.00e+00  P(det)@0.05 power_one_sided 0.047 power_two_sided 0.041 kurtosis 0.049 spec_cnn 0.051  (3s)
  JSR  -40.0 dB  BER 0.00e+00  P(det)@0.05 power_one_sided 0.049 power_two_sided 0.059 kurtosis 0.051 spec_cnn 0.055  (4s)
  JSR  -39.0 dB  BER 0.00e+00  P(det)@0.05 power_one_sided 0.051 power_two_sided 0.041 kurtosis 0.041 spec_cnn 0.047  (4s)
  JSR  -38.0 dB  BER 0.00e+00  P(det)@0.05 power_one_sided 0.035 power_two_sided 0.041 kurtosis 0.057 spec_cnn 0.037  (4s)
  JSR  -37.0 dB  BER 0.00e+00  P(det)@0.05 power_one_sided 0.037 power_two_sided 0.053 kurtosis 0.033 spec_cnn 0.049  (5s)
  JSR  -36.0 dB  BER 0.00e+00  P(det)@0.05 power_one_sided 0.057 power_two_sided 0.057 kurtosis 0.066 spec_cnn 0.043  (5s)
  JSR  -35.0 dB  BER 0.00e+00  P(det)@0.05 power_one_sided 0.049 power_two_sided 0.051 kurtosis 0.055 spec_cnn 0.033  (5s)
  JSR  -34.0 dB  BER 0.00e+00  P(det)@0.05 power_one_sided 0.053 power_two_sided 0.055 kurtosis 0.061 spec_cnn 0.051  (6s)
  JSR  -33.0 dB  BER 0.00e+00  P(det)@0.05 power_one_sided 0.064 power_two_sided 0.061 kurtosis 0.068 spec_cnn 0.070  (6s)
  JSR  -32.0 dB  BER 0.00e+00  P(det)@0.05 power_one_sided 0.070 power_two_sided 0.074 kurtosis 0.055 spec_cnn 0.057  (6s)
  JSR  -31.0 dB  BER 0.00e+00  P(det)@0.05 power_one_sided 0.039 power_two_sided 0.047 kurtosis 0.057 spec_cnn 0.049  (6s)
  JSR  -30.0 dB  BER 0.00e+00  P(det)@0.05 power_one_sided 0.049 power_two_sided 0.045 kurtosis 0.055 spec_cnn 0.057  (7s)
  JSR  -29.0 dB  BER 0.00e+00  P(det)@0.05 power_one_sided 0.057 power_two_sided 0.039 kurtosis 0.043 spec_cnn 0.074  (7s)
  JSR  -28.0 dB  BER 0.00e+00  P(det)@0.05 power_one_sided 0.068 power_two_sided 0.062 kurtosis 0.045 spec_cnn 0.066  (7s)
  JSR  -27.0 dB  BER 0.00e+00  P(det)@0.05 power_one_sided 0.074 power_two_sided 0.037 kurtosis 0.047 spec_cnn 0.049  (8s)
  JSR  -26.0 dB  BER 0.00e+00  P(det)@0.05 power_one_sided 0.076 power_two_sided 0.066 kurtosis 0.055 spec_cnn 0.053  (8s)
  JSR  -25.0 dB  BER 7.63e-06  P(det)@0.05 power_one_sided 0.070 power_two_sided 0.059 kurtosis 0.037 spec_cnn 0.062  (8s)
  JSR  -24.0 dB  BER 2.29e-05  P(det)@0.05 power_one_sided 0.084 power_two_sided 0.084 kurtosis 0.061 spec_cnn 0.055  (9s)
  JSR  -23.0 dB  BER 6.10e-05  P(det)@0.05 power_one_sided 0.094 power_two_sided 0.047 kurtosis 0.039 spec_cnn 0.062  (9s)
  JSR  -22.0 dB  BER 1.37e-04  P(det)@0.05 power_one_sided 0.111 power_two_sided 0.096 kurtosis 0.057 spec_cnn 0.072  (9s)
  JSR  -21.0 dB  BER 1.53e-04  P(det)@0.05 power_one_sided 0.141 power_two_sided 0.102 kurtosis 0.047 spec_cnn 0.045  (10s)
  JSR  -20.0 dB  BER 3.28e-04  P(det)@0.05 power_one_sided 0.162 power_two_sided 0.094 kurtosis 0.053 spec_cnn 0.061  (10s)
  JSR  -19.0 dB  BER 4.35e-04  P(det)@0.05 power_one_sided 0.195 power_two_sided 0.127 kurtosis 0.055 spec_cnn 0.031  (10s)
  JSR  -18.0 dB  BER 7.55e-04  P(det)@0.05 power_one_sided 0.234 power_two_sided 0.174 kurtosis 0.064 spec_cnn 0.061  (11s)
  JSR  -17.0 dB  BER 1.13e-03  P(det)@0.05 power_one_sided 0.297 power_two_sided 0.230 kurtosis 0.086 spec_cnn 0.078  (11s)
  JSR  -16.0 dB  BER 1.54e-03  P(det)@0.05 power_one_sided 0.387 power_two_sided 0.295 kurtosis 0.088 spec_cnn 0.088  (11s)
  JSR  -15.0 dB  BER 2.01e-03  P(det)@0.05 power_one_sided 0.498 power_two_sided 0.422 kurtosis 0.125 spec_cnn 0.102  (12s)
  JSR  -14.0 dB  BER 2.40e-03  P(det)@0.05 power_one_sided 0.662 power_two_sided 0.580 kurtosis 0.166 spec_cnn 0.072  (12s)
  JSR  -13.0 dB  BER 2.61e-03  P(det)@0.05 power_one_sided 0.779 power_two_sided 0.705 kurtosis 0.268 spec_cnn 0.096  (12s)
  JSR  -12.0 dB  BER 3.43e-03  P(det)@0.05 power_one_sided 0.893 power_two_sided 0.838 kurtosis 0.354 spec_cnn 0.115  (13s)
  JSR  -11.0 dB  BER 3.68e-03  P(det)@0.05 power_one_sided 0.969 power_two_sided 0.936 kurtosis 0.494 spec_cnn 0.186  (13s)
  JSR  -10.0 dB  BER 4.03e-03  P(det)@0.05 power_one_sided 0.982 power_two_sided 0.975 kurtosis 0.686 spec_cnn 0.160  (13s)
  JSR   -9.0 dB  BER 5.55e-03  P(det)@0.05 power_one_sided 0.996 power_two_sided 0.996 kurtosis 0.807 spec_cnn 0.195  (14s)
  JSR   -8.0 dB  BER 7.12e-03  P(det)@0.05 power_one_sided 0.998 power_two_sided 0.996 kurtosis 0.910 spec_cnn 0.240  (14s)
  JSR   -7.0 dB  BER 9.56e-03  P(det)@0.05 power_one_sided 1.000 power_two_sided 1.000 kurtosis 0.982 spec_cnn 0.328  (14s)
  JSR   -6.0 dB  BER 1.38e-02  P(det)@0.05 power_one_sided 1.000 power_two_sided 1.000 kurtosis 0.988 spec_cnn 0.404  (15s)
  JSR   -5.0 dB  BER 2.06e-02  P(det)@0.05 power_one_sided 1.000 power_two_sided 1.000 kurtosis 0.994 spec_cnn 0.480  (15s)
  JSR   -4.0 dB  BER 3.05e-02  P(det)@0.05 power_one_sided 1.000 power_two_sided 1.000 kurtosis 1.000 spec_cnn 0.578  (15s)
  JSR   -3.0 dB  BER 4.34e-02  P(det)@0.05 power_one_sided 1.000 power_two_sided 1.000 kurtosis 1.000 spec_cnn 0.717  (16s)
  JSR   -2.0 dB  BER 5.71e-02  P(det)@0.05 power_one_sided 1.000 power_two_sided 1.000 kurtosis 1.000 spec_cnn 0.805  (16s)
  JSR   -1.0 dB  BER 7.69e-02  P(det)@0.05 power_one_sided 1.000 power_two_sided 1.000 kurtosis 1.000 spec_cnn 0.918  (16s)
  JSR   +0.0 dB  BER 9.91e-02  P(det)@0.05 power_one_sided 1.000 power_two_sided 1.000 kurtosis 1.000 spec_cnn 0.961  (17s)
  JSR   +1.0 dB  BER 1.23e-01  P(det)@0.05 power_one_sided 1.000 power_two_sided 1.000 kurtosis 1.000 spec_cnn 0.994  (17s)
  JSR   +2.0 dB  BER 1.54e-01  P(det)@0.05 power_one_sided 1.000 power_two_sided 1.000 kurtosis 1.000 spec_cnn 0.998  (17s)
  JSR   +3.0 dB  BER 1.75e-01  P(det)@0.05 power_one_sided 1.000 power_two_sided 1.000 kurtosis 1.000 spec_cnn 1.000  (17s)
  JSR   +4.0 dB  BER 2.02e-01  P(det)@0.05 power_one_sided 1.000 power_two_sided 1.000 kurtosis 1.000 spec_cnn 1.000  (18s)
  JSR   +5.0 dB  BER 2.29e-01  P(det)@0.05 power_one_sided 1.000 power_two_sided 1.000 kurtosis 1.000 spec_cnn 1.000  (18s)
  JSR   +6.0 dB  BER 2.50e-01  P(det)@0.05 power_one_sided 1.000 power_two_sided 1.000 kurtosis 1.000 spec_cnn 1.000  (18s)
  JSR   +7.0 dB  BER 2.75e-01  P(det)@0.05 power_one_sided 1.000 power_two_sided 1.000 kurtosis 1.000 spec_cnn 1.000  (19s)
  JSR   +8.0 dB  BER 2.93e-01  P(det)@0.05 power_one_sided 1.000 power_two_sided 1.000 kurtosis 1.000 spec_cnn 1.000  (19s)
  JSR   +9.0 dB  BER 3.18e-01  P(det)@0.05 power_one_sided 1.000 power_two_sided 1.000 kurtosis 1.000 spec_cnn 1.000  (19s)
  JSR  +10.0 dB  BER 3.34e-01  P(det)@0.05 power_one_sided 1.000 power_two_sided 1.000 kurtosis 1.000 spec_cnn 1.000  (20s)
  JSR  +11.0 dB  BER 3.49e-01  P(det)@0.05 power_one_sided 1.000 power_two_sided 1.000 kurtosis 1.000 spec_cnn 1.000  (20s)
  JSR  +12.0 dB  BER 3.70e-01  P(det)@0.05 power_one_sided 1.000 power_two_sided 1.000 kurtosis 1.000 spec_cnn 1.000  (20s)
  JSR  +13.0 dB  BER 3.81e-01  P(det)@0.05 power_one_sided 1.000 power_two_sided 1.000 kurtosis 1.000 spec_cnn 1.000  (21s)
  JSR  +14.0 dB  BER 3.94e-01  P(det)@0.05 power_one_sided 1.000 power_two_sided 1.000 kurtosis 1.000 spec_cnn 1.000  (21s)
  JSR  +15.0 dB  BER 4.05e-01  P(det)@0.05 power_one_sided 1.000 power_two_sided 1.000 kurtosis 1.000 spec_cnn 1.000  (21s)
  [snr_5] kurtosis_b10 confirmed: {"power_one_sided": {"0.01": {"index": 25, "sweep_ber": 7.62939453125e-06, "sweep_pdet": 0.013671875, "confirmed_ber": 1.049041748046875e-05, "confirmed_ser": 2.09808349609375e-05, "confirmed_pdet": 0.0166015625, "passed": false}, "0.05": {"index": 0, "sweep_ber": 0.0, "sweep_pdet": 0.0546875, "confirmed_ber": 0.0, "confirmed_ser": 0.0, "confirmed_pdet": 0.04931640625, "passed": true}}, "power_two_sided": {"0.01": {"index": 27, "sweep_ber": 6.103515625e-05, "sweep_pdet": 0.01171875, "confirmed_ber": 5.626678466796875e-05, "confirmed_ser": 0.0001125335693359375, "confirmed_pdet": 0.018798828125, "passed": false}, "0.05": {"index": 27, "sweep_ber": 6.103515625e-05, "sweep_pdet": 0.046875, "confirmed_ber": 5.53131103515625e-05, "confirmed_ser": 0.000110626220703125, "confirmed_pdet": 0.06396484375, "passed": false}}, "kurtosis": {"0.01": {"index": 34, "sweep_ber": 0.0015411376953125, "sweep_pdet": 0.017578125, "confirmed_ber": 0.0015621185302734375, "confirmed_ser": 0.0030117034912109375, "confirmed_pdet": 0.0283203125, "passed": false}, "0.05": {"index": 32, "sweep_ber": 0.00075531005859375, "sweep_pdet": 0.064453125, "confirmed_ber": 0.0008478164672851562, "confirmed_ser": 0.0016841888427734375, "confirmed_pdet": 0.06494140625, "passed": false}}, "spec_cnn": {"0.01": {"index": 32, "sweep_ber": 0.00075531005859375, "sweep_pdet": 0.0078125, "confirmed_ber": 0.0008392333984375, "confirmed_ser": 0.0016498565673828125, "confirmed_pdet": 0.013916015625, "passed": false}, "0.05": {"index": 32, "sweep_ber": 0.00075531005859375, "sweep_pdet": 0.060546875, "confirmed_ber": 0.0008039474487304688, "confirmed_ser": 0.0015964508056640625, "confirmed_pdet": 0.0693359375, "passed": false}}}  (808s)
  [snr_5] generator kurtosis_b100 (scale 0.4022)
  JSR  -50.0 dB  BER 0.00e+00  P(det)@0.05 power_one_sided 0.051 power_two_sided 0.043 kurtosis 0.039 spec_cnn 0.061  (0s)
  JSR  -49.0 dB  BER 0.00e+00  P(det)@0.05 power_one_sided 0.053 power_two_sided 0.051 kurtosis 0.039 spec_cnn 0.049  (1s)
  JSR  -48.0 dB  BER 0.00e+00  P(det)@0.05 power_one_sided 0.049 power_two_sided 0.051 kurtosis 0.047 spec_cnn 0.045  (1s)
  JSR  -47.0 dB  BER 0.00e+00  P(det)@0.05 power_one_sided 0.033 power_two_sided 0.053 kurtosis 0.049 spec_cnn 0.057  (1s)
  JSR  -46.0 dB  BER 0.00e+00  P(det)@0.05 power_one_sided 0.043 power_two_sided 0.031 kurtosis 0.053 spec_cnn 0.051  (2s)
  JSR  -45.0 dB  BER 0.00e+00  P(det)@0.05 power_one_sided 0.061 power_two_sided 0.045 kurtosis 0.049 spec_cnn 0.045  (2s)
  JSR  -44.0 dB  BER 0.00e+00  P(det)@0.05 power_one_sided 0.049 power_two_sided 0.068 kurtosis 0.045 spec_cnn 0.057  (2s)
  JSR  -43.0 dB  BER 0.00e+00  P(det)@0.05 power_one_sided 0.055 power_two_sided 0.047 kurtosis 0.061 spec_cnn 0.033  (3s)
  JSR  -42.0 dB  BER 0.00e+00  P(det)@0.05 power_one_sided 0.031 power_two_sided 0.047 kurtosis 0.068 spec_cnn 0.068  (3s)
  JSR  -41.0 dB  BER 0.00e+00  P(det)@0.05 power_one_sided 0.062 power_two_sided 0.055 kurtosis 0.043 spec_cnn 0.039  (3s)
  JSR  -40.0 dB  BER 0.00e+00  P(det)@0.05 power_one_sided 0.047 power_two_sided 0.053 kurtosis 0.049 spec_cnn 0.041  (4s)
  JSR  -39.0 dB  BER 0.00e+00  P(det)@0.05 power_one_sided 0.051 power_two_sided 0.070 kurtosis 0.074 spec_cnn 0.035  (4s)
  JSR  -38.0 dB  BER 0.00e+00  P(det)@0.05 power_one_sided 0.062 power_two_sided 0.057 kurtosis 0.055 spec_cnn 0.059  (4s)
  JSR  -37.0 dB  BER 0.00e+00  P(det)@0.05 power_one_sided 0.045 power_two_sided 0.053 kurtosis 0.043 spec_cnn 0.039  (5s)
  JSR  -36.0 dB  BER 0.00e+00  P(det)@0.05 power_one_sided 0.037 power_two_sided 0.041 kurtosis 0.061 spec_cnn 0.037  (5s)
  JSR  -35.0 dB  BER 0.00e+00  P(det)@0.05 power_one_sided 0.039 power_two_sided 0.037 kurtosis 0.043 spec_cnn 0.051  (5s)
  JSR  -34.0 dB  BER 0.00e+00  P(det)@0.05 power_one_sided 0.047 power_two_sided 0.041 kurtosis 0.062 spec_cnn 0.064  (5s)
  JSR  -33.0 dB  BER 0.00e+00  P(det)@0.05 power_one_sided 0.045 power_two_sided 0.049 kurtosis 0.049 spec_cnn 0.062  (6s)
  JSR  -32.0 dB  BER 0.00e+00  P(det)@0.05 power_one_sided 0.055 power_two_sided 0.045 kurtosis 0.033 spec_cnn 0.051  (6s)
  JSR  -31.0 dB  BER 0.00e+00  P(det)@0.05 power_one_sided 0.053 power_two_sided 0.045 kurtosis 0.027 spec_cnn 0.049  (6s)
  JSR  -30.0 dB  BER 0.00e+00  P(det)@0.05 power_one_sided 0.045 power_two_sided 0.039 kurtosis 0.064 spec_cnn 0.053  (7s)
  JSR  -29.0 dB  BER 0.00e+00  P(det)@0.05 power_one_sided 0.059 power_two_sided 0.047 kurtosis 0.055 spec_cnn 0.045  (7s)
  JSR  -28.0 dB  BER 0.00e+00  P(det)@0.05 power_one_sided 0.057 power_two_sided 0.051 kurtosis 0.047 spec_cnn 0.039  (7s)
  JSR  -27.0 dB  BER 7.63e-06  P(det)@0.05 power_one_sided 0.057 power_two_sided 0.051 kurtosis 0.059 spec_cnn 0.053  (8s)
  JSR  -26.0 dB  BER 0.00e+00  P(det)@0.05 power_one_sided 0.059 power_two_sided 0.043 kurtosis 0.051 spec_cnn 0.051  (8s)
  JSR  -25.0 dB  BER 4.58e-05  P(det)@0.05 power_one_sided 0.086 power_two_sided 0.051 kurtosis 0.049 spec_cnn 0.049  (8s)
  JSR  -24.0 dB  BER 4.58e-05  P(det)@0.05 power_one_sided 0.105 power_two_sided 0.096 kurtosis 0.055 spec_cnn 0.049  (9s)
  JSR  -23.0 dB  BER 8.39e-05  P(det)@0.05 power_one_sided 0.072 power_two_sided 0.064 kurtosis 0.057 spec_cnn 0.051  (9s)
  JSR  -22.0 dB  BER 9.16e-05  P(det)@0.05 power_one_sided 0.094 power_two_sided 0.072 kurtosis 0.061 spec_cnn 0.043  (9s)
  JSR  -21.0 dB  BER 2.44e-04  P(det)@0.05 power_one_sided 0.125 power_two_sided 0.076 kurtosis 0.072 spec_cnn 0.035  (10s)
  JSR  -20.0 dB  BER 4.20e-04  P(det)@0.05 power_one_sided 0.193 power_two_sided 0.150 kurtosis 0.064 spec_cnn 0.059  (10s)
  JSR  -19.0 dB  BER 6.79e-04  P(det)@0.05 power_one_sided 0.197 power_two_sided 0.145 kurtosis 0.061 spec_cnn 0.043  (10s)
  JSR  -18.0 dB  BER 1.17e-03  P(det)@0.05 power_one_sided 0.242 power_two_sided 0.170 kurtosis 0.076 spec_cnn 0.070  (11s)
  JSR  -17.0 dB  BER 1.47e-03  P(det)@0.05 power_one_sided 0.340 power_two_sided 0.236 kurtosis 0.090 spec_cnn 0.090  (11s)
  JSR  -16.0 dB  BER 1.85e-03  P(det)@0.05 power_one_sided 0.453 power_two_sided 0.338 kurtosis 0.105 spec_cnn 0.082  (11s)
  JSR  -15.0 dB  BER 2.49e-03  P(det)@0.05 power_one_sided 0.529 power_two_sided 0.443 kurtosis 0.131 spec_cnn 0.078  (12s)
  JSR  -14.0 dB  BER 2.66e-03  P(det)@0.05 power_one_sided 0.695 power_two_sided 0.617 kurtosis 0.213 spec_cnn 0.090  (12s)
  JSR  -13.0 dB  BER 2.88e-03  P(det)@0.05 power_one_sided 0.842 power_two_sided 0.773 kurtosis 0.357 spec_cnn 0.111  (12s)
  JSR  -12.0 dB  BER 3.43e-03  P(det)@0.05 power_one_sided 0.885 power_two_sided 0.836 kurtosis 0.432 spec_cnn 0.111  (13s)
  JSR  -11.0 dB  BER 3.89e-03  P(det)@0.05 power_one_sided 0.955 power_two_sided 0.939 kurtosis 0.590 spec_cnn 0.131  (13s)
  JSR  -10.0 dB  BER 4.17e-03  P(det)@0.05 power_one_sided 0.990 power_two_sided 0.986 kurtosis 0.797 spec_cnn 0.160  (13s)
  JSR   -9.0 dB  BER 5.00e-03  P(det)@0.05 power_one_sided 0.994 power_two_sided 0.994 kurtosis 0.891 spec_cnn 0.189  (14s)
  JSR   -8.0 dB  BER 6.46e-03  P(det)@0.05 power_one_sided 1.000 power_two_sided 1.000 kurtosis 0.961 spec_cnn 0.258  (14s)
  JSR   -7.0 dB  BER 9.01e-03  P(det)@0.05 power_one_sided 1.000 power_two_sided 1.000 kurtosis 0.992 spec_cnn 0.295  (14s)
  JSR   -6.0 dB  BER 1.25e-02  P(det)@0.05 power_one_sided 1.000 power_two_sided 1.000 kurtosis 0.998 spec_cnn 0.404  (15s)
  JSR   -5.0 dB  BER 1.70e-02  P(det)@0.05 power_one_sided 1.000 power_two_sided 1.000 kurtosis 1.000 spec_cnn 0.484  (15s)
  JSR   -4.0 dB  BER 2.49e-02  P(det)@0.05 power_one_sided 1.000 power_two_sided 1.000 kurtosis 1.000 spec_cnn 0.561  (15s)
  JSR   -3.0 dB  BER 3.50e-02  P(det)@0.05 power_one_sided 1.000 power_two_sided 1.000 kurtosis 1.000 spec_cnn 0.672  (16s)
  JSR   -2.0 dB  BER 4.89e-02  P(det)@0.05 power_one_sided 1.000 power_two_sided 1.000 kurtosis 1.000 spec_cnn 0.807  (16s)
  JSR   -1.0 dB  BER 6.70e-02  P(det)@0.05 power_one_sided 1.000 power_two_sided 1.000 kurtosis 1.000 spec_cnn 0.889  (16s)
  JSR   +0.0 dB  BER 8.61e-02  P(det)@0.05 power_one_sided 1.000 power_two_sided 1.000 kurtosis 1.000 spec_cnn 0.965  (17s)
  JSR   +1.0 dB  BER 1.10e-01  P(det)@0.05 power_one_sided 1.000 power_two_sided 1.000 kurtosis 1.000 spec_cnn 0.994  (17s)
  JSR   +2.0 dB  BER 1.33e-01  P(det)@0.05 power_one_sided 1.000 power_two_sided 1.000 kurtosis 1.000 spec_cnn 0.996  (17s)
  JSR   +3.0 dB  BER 1.60e-01  P(det)@0.05 power_one_sided 1.000 power_two_sided 1.000 kurtosis 1.000 spec_cnn 1.000  (17s)
  JSR   +4.0 dB  BER 1.82e-01  P(det)@0.05 power_one_sided 1.000 power_two_sided 1.000 kurtosis 1.000 spec_cnn 1.000  (18s)
  JSR   +5.0 dB  BER 2.09e-01  P(det)@0.05 power_one_sided 1.000 power_two_sided 1.000 kurtosis 1.000 spec_cnn 1.000  (18s)
  JSR   +6.0 dB  BER 2.37e-01  P(det)@0.05 power_one_sided 1.000 power_two_sided 1.000 kurtosis 1.000 spec_cnn 1.000  (18s)
  JSR   +7.0 dB  BER 2.59e-01  P(det)@0.05 power_one_sided 1.000 power_two_sided 1.000 kurtosis 1.000 spec_cnn 1.000  (19s)
  JSR   +8.0 dB  BER 2.81e-01  P(det)@0.05 power_one_sided 1.000 power_two_sided 1.000 kurtosis 1.000 spec_cnn 1.000  (19s)
  JSR   +9.0 dB  BER 3.02e-01  P(det)@0.05 power_one_sided 1.000 power_two_sided 1.000 kurtosis 1.000 spec_cnn 1.000  (19s)
  JSR  +10.0 dB  BER 3.25e-01  P(det)@0.05 power_one_sided 1.000 power_two_sided 1.000 kurtosis 1.000 spec_cnn 1.000  (20s)
  JSR  +11.0 dB  BER 3.41e-01  P(det)@0.05 power_one_sided 1.000 power_two_sided 1.000 kurtosis 1.000 spec_cnn 1.000  (20s)
  JSR  +12.0 dB  BER 3.59e-01  P(det)@0.05 power_one_sided 1.000 power_two_sided 1.000 kurtosis 1.000 spec_cnn 1.000  (20s)
  JSR  +13.0 dB  BER 3.71e-01  P(det)@0.05 power_one_sided 1.000 power_two_sided 1.000 kurtosis 1.000 spec_cnn 1.000  (21s)
  JSR  +14.0 dB  BER 3.87e-01  P(det)@0.05 power_one_sided 1.000 power_two_sided 1.000 kurtosis 1.000 spec_cnn 1.000  (21s)
  JSR  +15.0 dB  BER 3.96e-01  P(det)@0.05 power_one_sided 1.000 power_two_sided 1.000 kurtosis 1.000 spec_cnn 1.000  (21s)
  [snr_5] kurtosis_b100 confirmed: {"power_one_sided": {"0.01": {"index": 25, "sweep_ber": 4.57763671875e-05, "sweep_pdet": 0.015625, "confirmed_ber": 1.049041748046875e-05, "confirmed_ser": 2.09808349609375e-05, "confirmed_pdet": 0.015625, "passed": false}, "0.05": {"index": 23, "sweep_ber": 7.62939453125e-06, "sweep_pdet": 0.056640625, "confirmed_ber": 2.86102294921875e-06, "confirmed_ser": 5.7220458984375e-06, "confirmed_pdet": 0.061767578125, "passed": false}}, "power_two_sided": {"0.01": {"index": 28, "sweep_ber": 9.1552734375e-05, "sweep_pdet": 0.015625, "confirmed_ber": 0.000148773193359375, "confirmed_ser": 0.00029754638671875, "confirmed_pdet": 0.02099609375, "passed": false}, "0.05": {"index": 27, "sweep_ber": 8.392333984375e-05, "sweep_pdet": 0.064453125, "confirmed_ber": 7.915496826171875e-05, "confirmed_ser": 0.0001583099365234375, "confirmed_pdet": 0.066650390625, "passed": false}}, "kurtosis": {"0.01": {"index": 33, "sweep_ber": 0.00147247314453125, "sweep_pdet": 0.015625, "confirmed_ber": 0.0014896392822265625, "confirmed_ser": 0.0028820037841796875, "confirmed_pdet": 0.02734375, "passed": false}, "0.05": {"index": 31, "sweep_ber": 0.00067901611328125, "sweep_pdet": 0.060546875, "confirmed_ber": 0.0007581710815429688, "confirmed_ser": 0.001506805419921875, "confirmed_pdet": 0.055908203125, "passed": true}}, "spec_cnn": {"0.01": {"index": 35, "sweep_ber": 0.00249481201171875, "sweep_pdet": 0.015625, "confirmed_ber": 0.0023050308227539062, "confirmed_ser": 0.00429534912109375, "confirmed_pdet": 0.019775390625, "passed": false}, "0.05": {"index": 31, "sweep_ber": 0.00067901611328125, "sweep_pdet": 0.04296875, "confirmed_ber": 0.0007848739624023438, "confirmed_ser": 0.001552581787109375, "confirmed_pdet": 0.058349609375, "passed": false}}}  (851s)
  [snr_5] generator kurtosis_b1000 (scale 0.4022)
  JSR  -50.0 dB  BER 0.00e+00  P(det)@0.05 power_one_sided 0.049 power_two_sided 0.053 kurtosis 0.061 spec_cnn 0.045  (0s)
  JSR  -49.0 dB  BER 0.00e+00  P(det)@0.05 power_one_sided 0.053 power_two_sided 0.061 kurtosis 0.055 spec_cnn 0.045  (1s)
  JSR  -48.0 dB  BER 0.00e+00  P(det)@0.05 power_one_sided 0.053 power_two_sided 0.041 kurtosis 0.041 spec_cnn 0.035  (1s)
  JSR  -47.0 dB  BER 0.00e+00  P(det)@0.05 power_one_sided 0.047 power_two_sided 0.043 kurtosis 0.057 spec_cnn 0.035  (1s)
  JSR  -46.0 dB  BER 0.00e+00  P(det)@0.05 power_one_sided 0.084 power_two_sided 0.080 kurtosis 0.049 spec_cnn 0.055  (2s)
  JSR  -45.0 dB  BER 0.00e+00  P(det)@0.05 power_one_sided 0.043 power_two_sided 0.049 kurtosis 0.051 spec_cnn 0.041  (2s)
  JSR  -44.0 dB  BER 0.00e+00  P(det)@0.05 power_one_sided 0.047 power_two_sided 0.053 kurtosis 0.047 spec_cnn 0.059  (2s)
  JSR  -43.0 dB  BER 0.00e+00  P(det)@0.05 power_one_sided 0.066 power_two_sided 0.053 kurtosis 0.053 spec_cnn 0.059  (3s)
  JSR  -42.0 dB  BER 0.00e+00  P(det)@0.05 power_one_sided 0.049 power_two_sided 0.041 kurtosis 0.049 spec_cnn 0.051  (3s)
  JSR  -41.0 dB  BER 0.00e+00  P(det)@0.05 power_one_sided 0.059 power_two_sided 0.062 kurtosis 0.055 spec_cnn 0.031  (3s)
  JSR  -40.0 dB  BER 0.00e+00  P(det)@0.05 power_one_sided 0.055 power_two_sided 0.049 kurtosis 0.049 spec_cnn 0.047  (4s)
  JSR  -39.0 dB  BER 0.00e+00  P(det)@0.05 power_one_sided 0.068 power_two_sided 0.051 kurtosis 0.068 spec_cnn 0.031  (4s)
  JSR  -38.0 dB  BER 0.00e+00  P(det)@0.05 power_one_sided 0.045 power_two_sided 0.051 kurtosis 0.043 spec_cnn 0.053  (4s)
  JSR  -37.0 dB  BER 0.00e+00  P(det)@0.05 power_one_sided 0.039 power_two_sided 0.033 kurtosis 0.051 spec_cnn 0.035  (5s)
  JSR  -36.0 dB  BER 0.00e+00  P(det)@0.05 power_one_sided 0.047 power_two_sided 0.045 kurtosis 0.049 spec_cnn 0.039  (5s)
  JSR  -35.0 dB  BER 0.00e+00  P(det)@0.05 power_one_sided 0.062 power_two_sided 0.057 kurtosis 0.045 spec_cnn 0.059  (5s)
  JSR  -34.0 dB  BER 0.00e+00  P(det)@0.05 power_one_sided 0.045 power_two_sided 0.037 kurtosis 0.031 spec_cnn 0.055  (5s)
  JSR  -33.0 dB  BER 0.00e+00  P(det)@0.05 power_one_sided 0.066 power_two_sided 0.066 kurtosis 0.037 spec_cnn 0.053  (6s)
  JSR  -32.0 dB  BER 0.00e+00  P(det)@0.05 power_one_sided 0.064 power_two_sided 0.055 kurtosis 0.072 spec_cnn 0.039  (6s)
  JSR  -31.0 dB  BER 0.00e+00  P(det)@0.05 power_one_sided 0.051 power_two_sided 0.043 kurtosis 0.047 spec_cnn 0.049  (6s)
  JSR  -30.0 dB  BER 0.00e+00  P(det)@0.05 power_one_sided 0.066 power_two_sided 0.066 kurtosis 0.045 spec_cnn 0.061  (7s)
  JSR  -29.0 dB  BER 0.00e+00  P(det)@0.05 power_one_sided 0.062 power_two_sided 0.041 kurtosis 0.037 spec_cnn 0.064  (7s)
  JSR  -28.0 dB  BER 0.00e+00  P(det)@0.05 power_one_sided 0.074 power_two_sided 0.078 kurtosis 0.039 spec_cnn 0.049  (7s)
  JSR  -27.0 dB  BER 0.00e+00  P(det)@0.05 power_one_sided 0.084 power_two_sided 0.059 kurtosis 0.041 spec_cnn 0.049  (8s)
  JSR  -26.0 dB  BER 0.00e+00  P(det)@0.05 power_one_sided 0.078 power_two_sided 0.059 kurtosis 0.053 spec_cnn 0.066  (8s)
  JSR  -25.0 dB  BER 7.63e-06  P(det)@0.05 power_one_sided 0.061 power_two_sided 0.068 kurtosis 0.049 spec_cnn 0.037  (8s)
  JSR  -24.0 dB  BER 1.53e-05  P(det)@0.05 power_one_sided 0.100 power_two_sided 0.072 kurtosis 0.039 spec_cnn 0.062  (9s)
  JSR  -23.0 dB  BER 3.05e-05  P(det)@0.05 power_one_sided 0.090 power_two_sided 0.072 kurtosis 0.066 spec_cnn 0.064  (9s)
  JSR  -22.0 dB  BER 7.63e-05  P(det)@0.05 power_one_sided 0.107 power_two_sided 0.072 kurtosis 0.053 spec_cnn 0.070  (9s)
  JSR  -21.0 dB  BER 1.07e-04  P(det)@0.05 power_one_sided 0.152 power_two_sided 0.123 kurtosis 0.062 spec_cnn 0.055  (10s)
  JSR  -20.0 dB  BER 2.21e-04  P(det)@0.05 power_one_sided 0.156 power_two_sided 0.104 kurtosis 0.062 spec_cnn 0.066  (10s)
  JSR  -19.0 dB  BER 3.97e-04  P(det)@0.05 power_one_sided 0.191 power_two_sided 0.127 kurtosis 0.055 spec_cnn 0.072  (10s)
  JSR  -18.0 dB  BER 5.19e-04  P(det)@0.05 power_one_sided 0.273 power_two_sided 0.193 kurtosis 0.045 spec_cnn 0.078  (11s)
  JSR  -17.0 dB  BER 8.47e-04  P(det)@0.05 power_one_sided 0.318 power_two_sided 0.221 kurtosis 0.049 spec_cnn 0.070  (11s)
  JSR  -16.0 dB  BER 1.03e-03  P(det)@0.05 power_one_sided 0.434 power_two_sided 0.340 kurtosis 0.070 spec_cnn 0.076  (11s)
  JSR  -15.0 dB  BER 1.63e-03  P(det)@0.05 power_one_sided 0.576 power_two_sided 0.463 kurtosis 0.123 spec_cnn 0.117  (12s)
  JSR  -14.0 dB  BER 2.01e-03  P(det)@0.05 power_one_sided 0.697 power_two_sided 0.625 kurtosis 0.127 spec_cnn 0.115  (12s)
  JSR  -13.0 dB  BER 2.13e-03  P(det)@0.05 power_one_sided 0.824 power_two_sided 0.756 kurtosis 0.176 spec_cnn 0.121  (12s)
  JSR  -12.0 dB  BER 2.91e-03  P(det)@0.05 power_one_sided 0.914 power_two_sided 0.850 kurtosis 0.258 spec_cnn 0.180  (13s)
  JSR  -11.0 dB  BER 3.68e-03  P(det)@0.05 power_one_sided 0.963 power_two_sided 0.945 kurtosis 0.328 spec_cnn 0.199  (13s)
  JSR  -10.0 dB  BER 4.76e-03  P(det)@0.05 power_one_sided 0.988 power_two_sided 0.980 kurtosis 0.436 spec_cnn 0.225  (13s)
  JSR   -9.0 dB  BER 5.97e-03  P(det)@0.05 power_one_sided 0.996 power_two_sided 0.994 kurtosis 0.607 spec_cnn 0.293  (14s)
  JSR   -8.0 dB  BER 8.54e-03  P(det)@0.05 power_one_sided 1.000 power_two_sided 1.000 kurtosis 0.764 spec_cnn 0.326  (14s)
  JSR   -7.0 dB  BER 1.17e-02  P(det)@0.05 power_one_sided 1.000 power_two_sided 1.000 kurtosis 0.869 spec_cnn 0.363  (14s)
  JSR   -6.0 dB  BER 1.73e-02  P(det)@0.05 power_one_sided 1.000 power_two_sided 1.000 kurtosis 0.904 spec_cnn 0.426  (15s)
  JSR   -5.0 dB  BER 2.39e-02  P(det)@0.05 power_one_sided 1.000 power_two_sided 1.000 kurtosis 0.959 spec_cnn 0.562  (15s)
  JSR   -4.0 dB  BER 3.31e-02  P(det)@0.05 power_one_sided 1.000 power_two_sided 1.000 kurtosis 0.977 spec_cnn 0.668  (15s)
  JSR   -3.0 dB  BER 4.54e-02  P(det)@0.05 power_one_sided 1.000 power_two_sided 1.000 kurtosis 0.992 spec_cnn 0.762  (16s)
  JSR   -2.0 dB  BER 5.98e-02  P(det)@0.05 power_one_sided 1.000 power_two_sided 1.000 kurtosis 0.998 spec_cnn 0.861  (16s)
  JSR   -1.0 dB  BER 7.83e-02  P(det)@0.05 power_one_sided 1.000 power_two_sided 1.000 kurtosis 0.998 spec_cnn 0.949  (16s)
  JSR   +0.0 dB  BER 9.88e-02  P(det)@0.05 power_one_sided 1.000 power_two_sided 1.000 kurtosis 0.998 spec_cnn 0.990  (17s)
  JSR   +1.0 dB  BER 1.20e-01  P(det)@0.05 power_one_sided 1.000 power_two_sided 1.000 kurtosis 0.996 spec_cnn 0.998  (17s)
  JSR   +2.0 dB  BER 1.45e-01  P(det)@0.05 power_one_sided 1.000 power_two_sided 1.000 kurtosis 1.000 spec_cnn 1.000  (17s)
  JSR   +3.0 dB  BER 1.69e-01  P(det)@0.05 power_one_sided 1.000 power_two_sided 1.000 kurtosis 1.000 spec_cnn 1.000  (17s)
  JSR   +4.0 dB  BER 1.95e-01  P(det)@0.05 power_one_sided 1.000 power_two_sided 1.000 kurtosis 1.000 spec_cnn 1.000  (18s)
  JSR   +5.0 dB  BER 2.18e-01  P(det)@0.05 power_one_sided 1.000 power_two_sided 1.000 kurtosis 1.000 spec_cnn 1.000  (18s)
  JSR   +6.0 dB  BER 2.43e-01  P(det)@0.05 power_one_sided 1.000 power_two_sided 1.000 kurtosis 1.000 spec_cnn 1.000  (18s)
  JSR   +7.0 dB  BER 2.69e-01  P(det)@0.05 power_one_sided 1.000 power_two_sided 1.000 kurtosis 1.000 spec_cnn 1.000  (19s)
  JSR   +8.0 dB  BER 2.89e-01  P(det)@0.05 power_one_sided 1.000 power_two_sided 1.000 kurtosis 1.000 spec_cnn 1.000  (19s)
  JSR   +9.0 dB  BER 3.11e-01  P(det)@0.05 power_one_sided 1.000 power_two_sided 1.000 kurtosis 1.000 spec_cnn 1.000  (19s)
  JSR  +10.0 dB  BER 3.31e-01  P(det)@0.05 power_one_sided 1.000 power_two_sided 1.000 kurtosis 1.000 spec_cnn 1.000  (20s)
  JSR  +11.0 dB  BER 3.44e-01  P(det)@0.05 power_one_sided 1.000 power_two_sided 1.000 kurtosis 1.000 spec_cnn 1.000  (20s)
  JSR  +12.0 dB  BER 3.63e-01  P(det)@0.05 power_one_sided 1.000 power_two_sided 1.000 kurtosis 1.000 spec_cnn 1.000  (20s)
  JSR  +13.0 dB  BER 3.78e-01  P(det)@0.05 power_one_sided 1.000 power_two_sided 1.000 kurtosis 1.000 spec_cnn 1.000  (21s)
  JSR  +14.0 dB  BER 3.89e-01  P(det)@0.05 power_one_sided 1.000 power_two_sided 1.000 kurtosis 1.000 spec_cnn 1.000  (21s)
  JSR  +15.0 dB  BER 4.01e-01  P(det)@0.05 power_one_sided 1.000 power_two_sided 1.000 kurtosis 1.000 spec_cnn 1.000  (21s)
  [snr_5] kurtosis_b1000 confirmed: {"power_one_sided": {"0.01": {"index": 25, "sweep_ber": 7.62939453125e-06, "sweep_pdet": 0.013671875, "confirmed_ber": 7.62939453125e-06, "confirmed_ser": 1.52587890625e-05, "confirmed_pdet": 0.01953125, "passed": false}, "0.05": {"index": 25, "sweep_ber": 7.62939453125e-06, "sweep_pdet": 0.060546875, "confirmed_ber": 5.7220458984375e-06, "confirmed_ser": 1.1444091796875e-05, "confirmed_pdet": 0.0791015625, "passed": false}}, "power_two_sided": {"0.01": {"index": 28, "sweep_ber": 7.62939453125e-05, "sweep_pdet": 0.017578125, "confirmed_ber": 3.4332275390625e-05, "confirmed_ser": 6.866455078125e-05, "confirmed_pdet": 0.022216796875, "passed": false}, "0.05": {"index": 25, "sweep_ber": 7.62939453125e-06, "sweep_pdet": 0.068359375, "confirmed_ber": 5.7220458984375e-06, "confirmed_ser": 1.1444091796875e-05, "confirmed_pdet": 0.061767578125, "passed": false}}, "kurtosis": {"0.01": {"index": 34, "sweep_ber": 0.00102996826171875, "sweep_pdet": 0.017578125, "confirmed_ber": 0.0011548995971679688, "confirmed_ser": 0.00223541259765625, "confirmed_pdet": 0.0263671875, "passed": false}, "0.05": {"index": 33, "sweep_ber": 0.00084686279296875, "sweep_pdet": 0.048828125, "confirmed_ber": 0.0007944107055664062, "confirmed_ser": 0.001567840576171875, "confirmed_pdet": 0.06787109375, "passed": false}}, "spec_cnn": {"0.01": {"index": 34, "sweep_ber": 0.00102996826171875, "sweep_pdet": 0.013671875, "confirmed_ber": 0.0012044906616210938, "confirmed_ser": 0.002353668212890625, "confirmed_pdet": 0.023193359375, "passed": false}, "0.05": {"index": 30, "sweep_ber": 0.00022125244140625, "sweep_pdet": 0.06640625, "confirmed_ber": 0.00019741058349609375, "confirmed_ser": 0.000392913818359375, "confirmed_pdet": 0.066162109375, "passed": false}}}  (893s)
  [snr_5] generator spec_cnn_b1 (scale 0.4022)
  JSR  -50.0 dB  BER 0.00e+00  P(det)@0.05 power_one_sided 0.061 power_two_sided 0.057 kurtosis 0.027 spec_cnn 0.035  (0s)
  JSR  -49.0 dB  BER 0.00e+00  P(det)@0.05 power_one_sided 0.062 power_two_sided 0.066 kurtosis 0.047 spec_cnn 0.043  (1s)
  JSR  -48.0 dB  BER 0.00e+00  P(det)@0.05 power_one_sided 0.043 power_two_sided 0.041 kurtosis 0.055 spec_cnn 0.070  (1s)
  JSR  -47.0 dB  BER 0.00e+00  P(det)@0.05 power_one_sided 0.064 power_two_sided 0.062 kurtosis 0.049 spec_cnn 0.031  (1s)
  JSR  -46.0 dB  BER 0.00e+00  P(det)@0.05 power_one_sided 0.053 power_two_sided 0.045 kurtosis 0.047 spec_cnn 0.043  (2s)
  JSR  -45.0 dB  BER 0.00e+00  P(det)@0.05 power_one_sided 0.033 power_two_sided 0.033 kurtosis 0.045 spec_cnn 0.047  (2s)
  JSR  -44.0 dB  BER 0.00e+00  P(det)@0.05 power_one_sided 0.045 power_two_sided 0.041 kurtosis 0.039 spec_cnn 0.045  (2s)
  JSR  -43.0 dB  BER 0.00e+00  P(det)@0.05 power_one_sided 0.037 power_two_sided 0.049 kurtosis 0.043 spec_cnn 0.053  (3s)
  JSR  -42.0 dB  BER 0.00e+00  P(det)@0.05 power_one_sided 0.049 power_two_sided 0.055 kurtosis 0.066 spec_cnn 0.053  (3s)
  JSR  -41.0 dB  BER 0.00e+00  P(det)@0.05 power_one_sided 0.049 power_two_sided 0.062 kurtosis 0.049 spec_cnn 0.039  (3s)
  JSR  -40.0 dB  BER 0.00e+00  P(det)@0.05 power_one_sided 0.043 power_two_sided 0.055 kurtosis 0.057 spec_cnn 0.039  (4s)
  JSR  -39.0 dB  BER 0.00e+00  P(det)@0.05 power_one_sided 0.039 power_two_sided 0.043 kurtosis 0.070 spec_cnn 0.059  (4s)
  JSR  -38.0 dB  BER 0.00e+00  P(det)@0.05 power_one_sided 0.045 power_two_sided 0.043 kurtosis 0.041 spec_cnn 0.070  (4s)
  JSR  -37.0 dB  BER 0.00e+00  P(det)@0.05 power_one_sided 0.043 power_two_sided 0.041 kurtosis 0.059 spec_cnn 0.078  (5s)
  JSR  -36.0 dB  BER 0.00e+00  P(det)@0.05 power_one_sided 0.041 power_two_sided 0.039 kurtosis 0.051 spec_cnn 0.064  (5s)
  JSR  -35.0 dB  BER 7.63e-06  P(det)@0.05 power_one_sided 0.035 power_two_sided 0.039 kurtosis 0.061 spec_cnn 0.049  (5s)
  JSR  -34.0 dB  BER 0.00e+00  P(det)@0.05 power_one_sided 0.055 power_two_sided 0.064 kurtosis 0.064 spec_cnn 0.053  (6s)
  JSR  -33.0 dB  BER 0.00e+00  P(det)@0.05 power_one_sided 0.074 power_two_sided 0.049 kurtosis 0.045 spec_cnn 0.066  (6s)
  JSR  -32.0 dB  BER 7.63e-06  P(det)@0.05 power_one_sided 0.041 power_two_sided 0.053 kurtosis 0.057 spec_cnn 0.049  (6s)
  JSR  -31.0 dB  BER 0.00e+00  P(det)@0.05 power_one_sided 0.064 power_two_sided 0.062 kurtosis 0.055 spec_cnn 0.041  (6s)
  JSR  -30.0 dB  BER 7.63e-06  P(det)@0.05 power_one_sided 0.064 power_two_sided 0.045 kurtosis 0.080 spec_cnn 0.045  (7s)
  JSR  -29.0 dB  BER 0.00e+00  P(det)@0.05 power_one_sided 0.086 power_two_sided 0.055 kurtosis 0.062 spec_cnn 0.047  (7s)
  JSR  -28.0 dB  BER 0.00e+00  P(det)@0.05 power_one_sided 0.070 power_two_sided 0.041 kurtosis 0.055 spec_cnn 0.049  (7s)
  JSR  -27.0 dB  BER 2.29e-05  P(det)@0.05 power_one_sided 0.076 power_two_sided 0.049 kurtosis 0.061 spec_cnn 0.055  (8s)
  JSR  -26.0 dB  BER 0.00e+00  P(det)@0.05 power_one_sided 0.068 power_two_sided 0.061 kurtosis 0.051 spec_cnn 0.055  (8s)
  JSR  -25.0 dB  BER 1.53e-05  P(det)@0.05 power_one_sided 0.088 power_two_sided 0.076 kurtosis 0.059 spec_cnn 0.062  (8s)
  JSR  -24.0 dB  BER 1.45e-04  P(det)@0.05 power_one_sided 0.102 power_two_sided 0.064 kurtosis 0.055 spec_cnn 0.072  (9s)
  JSR  -23.0 dB  BER 1.91e-04  P(det)@0.05 power_one_sided 0.119 power_two_sided 0.076 kurtosis 0.049 spec_cnn 0.047  (9s)
  JSR  -22.0 dB  BER 2.37e-04  P(det)@0.05 power_one_sided 0.098 power_two_sided 0.059 kurtosis 0.043 spec_cnn 0.049  (9s)
  JSR  -21.0 dB  BER 5.26e-04  P(det)@0.05 power_one_sided 0.125 power_two_sided 0.092 kurtosis 0.066 spec_cnn 0.057  (10s)
  JSR  -20.0 dB  BER 6.79e-04  P(det)@0.05 power_one_sided 0.160 power_two_sided 0.113 kurtosis 0.045 spec_cnn 0.059  (10s)
  JSR  -19.0 dB  BER 1.20e-03  P(det)@0.05 power_one_sided 0.244 power_two_sided 0.178 kurtosis 0.055 spec_cnn 0.053  (10s)
  JSR  -18.0 dB  BER 1.66e-03  P(det)@0.05 power_one_sided 0.258 power_two_sided 0.189 kurtosis 0.074 spec_cnn 0.049  (11s)
  JSR  -17.0 dB  BER 2.11e-03  P(det)@0.05 power_one_sided 0.348 power_two_sided 0.268 kurtosis 0.109 spec_cnn 0.053  (11s)
  JSR  -16.0 dB  BER 2.43e-03  P(det)@0.05 power_one_sided 0.465 power_two_sided 0.350 kurtosis 0.139 spec_cnn 0.070  (11s)
  JSR  -15.0 dB  BER 2.79e-03  P(det)@0.05 power_one_sided 0.588 power_two_sided 0.480 kurtosis 0.203 spec_cnn 0.088  (12s)
  JSR  -14.0 dB  BER 3.19e-03  P(det)@0.05 power_one_sided 0.707 power_two_sided 0.633 kurtosis 0.336 spec_cnn 0.088  (12s)
  JSR  -13.0 dB  BER 3.59e-03  P(det)@0.05 power_one_sided 0.852 power_two_sided 0.777 kurtosis 0.455 spec_cnn 0.088  (12s)
  JSR  -12.0 dB  BER 3.92e-03  P(det)@0.05 power_one_sided 0.920 power_two_sided 0.883 kurtosis 0.654 spec_cnn 0.090  (13s)
  JSR  -11.0 dB  BER 4.53e-03  P(det)@0.05 power_one_sided 0.969 power_two_sided 0.945 kurtosis 0.787 spec_cnn 0.107  (13s)
  JSR  -10.0 dB  BER 4.91e-03  P(det)@0.05 power_one_sided 0.992 power_two_sided 0.986 kurtosis 0.910 spec_cnn 0.123  (13s)
  JSR   -9.0 dB  BER 5.54e-03  P(det)@0.05 power_one_sided 1.000 power_two_sided 1.000 kurtosis 0.959 spec_cnn 0.146  (14s)
  JSR   -8.0 dB  BER 6.75e-03  P(det)@0.05 power_one_sided 1.000 power_two_sided 1.000 kurtosis 0.990 spec_cnn 0.197  (14s)
  JSR   -7.0 dB  BER 7.97e-03  P(det)@0.05 power_one_sided 1.000 power_two_sided 1.000 kurtosis 0.998 spec_cnn 0.223  (14s)
  JSR   -6.0 dB  BER 1.04e-02  P(det)@0.05 power_one_sided 1.000 power_two_sided 1.000 kurtosis 1.000 spec_cnn 0.328  (15s)
  JSR   -5.0 dB  BER 1.31e-02  P(det)@0.05 power_one_sided 1.000 power_two_sided 1.000 kurtosis 1.000 spec_cnn 0.404  (15s)
  JSR   -4.0 dB  BER 1.74e-02  P(det)@0.05 power_one_sided 1.000 power_two_sided 1.000 kurtosis 1.000 spec_cnn 0.549  (15s)
  JSR   -3.0 dB  BER 2.61e-02  P(det)@0.05 power_one_sided 1.000 power_two_sided 1.000 kurtosis 1.000 spec_cnn 0.689  (16s)
  JSR   -2.0 dB  BER 3.46e-02  P(det)@0.05 power_one_sided 1.000 power_two_sided 1.000 kurtosis 1.000 spec_cnn 0.838  (16s)
  JSR   -1.0 dB  BER 4.80e-02  P(det)@0.05 power_one_sided 1.000 power_two_sided 1.000 kurtosis 1.000 spec_cnn 0.930  (16s)
  JSR   +0.0 dB  BER 6.23e-02  P(det)@0.05 power_one_sided 1.000 power_two_sided 1.000 kurtosis 1.000 spec_cnn 0.990  (17s)
  JSR   +1.0 dB  BER 8.15e-02  P(det)@0.05 power_one_sided 1.000 power_two_sided 1.000 kurtosis 1.000 spec_cnn 0.998  (17s)
  JSR   +2.0 dB  BER 1.00e-01  P(det)@0.05 power_one_sided 1.000 power_two_sided 1.000 kurtosis 1.000 spec_cnn 1.000  (17s)
  JSR   +3.0 dB  BER 1.24e-01  P(det)@0.05 power_one_sided 1.000 power_two_sided 1.000 kurtosis 1.000 spec_cnn 1.000  (17s)
  JSR   +4.0 dB  BER 1.52e-01  P(det)@0.05 power_one_sided 1.000 power_two_sided 1.000 kurtosis 1.000 spec_cnn 1.000  (18s)
  JSR   +5.0 dB  BER 1.74e-01  P(det)@0.05 power_one_sided 1.000 power_two_sided 1.000 kurtosis 1.000 spec_cnn 1.000  (18s)
  JSR   +6.0 dB  BER 1.97e-01  P(det)@0.05 power_one_sided 1.000 power_two_sided 1.000 kurtosis 1.000 spec_cnn 1.000  (18s)
  JSR   +7.0 dB  BER 2.23e-01  P(det)@0.05 power_one_sided 1.000 power_two_sided 1.000 kurtosis 1.000 spec_cnn 1.000  (19s)
  JSR   +8.0 dB  BER 2.48e-01  P(det)@0.05 power_one_sided 1.000 power_two_sided 1.000 kurtosis 1.000 spec_cnn 1.000  (19s)
  JSR   +9.0 dB  BER 2.72e-01  P(det)@0.05 power_one_sided 1.000 power_two_sided 1.000 kurtosis 1.000 spec_cnn 1.000  (19s)
  JSR  +10.0 dB  BER 2.89e-01  P(det)@0.05 power_one_sided 1.000 power_two_sided 1.000 kurtosis 1.000 spec_cnn 1.000  (20s)
  JSR  +11.0 dB  BER 3.17e-01  P(det)@0.05 power_one_sided 1.000 power_two_sided 1.000 kurtosis 1.000 spec_cnn 1.000  (20s)
  JSR  +12.0 dB  BER 3.31e-01  P(det)@0.05 power_one_sided 1.000 power_two_sided 1.000 kurtosis 1.000 spec_cnn 1.000  (20s)
  JSR  +13.0 dB  BER 3.51e-01  P(det)@0.05 power_one_sided 1.000 power_two_sided 1.000 kurtosis 1.000 spec_cnn 1.000  (21s)
  JSR  +14.0 dB  BER 3.63e-01  P(det)@0.05 power_one_sided 1.000 power_two_sided 1.000 kurtosis 1.000 spec_cnn 1.000  (21s)
  JSR  +15.0 dB  BER 3.79e-01  P(det)@0.05 power_one_sided 1.000 power_two_sided 1.000 kurtosis 1.000 spec_cnn 1.000  (21s)
  [snr_5] spec_cnn_b1 confirmed: {"power_one_sided": {"0.01": {"index": 26, "sweep_ber": 0.00014495849609375, "sweep_pdet": 0.015625, "confirmed_ber": 6.67572021484375e-05, "confirmed_ser": 0.000133514404296875, "confirmed_pdet": 0.01904296875, "passed": false}, "0.05": {"index": 15, "sweep_ber": 7.62939453125e-06, "sweep_pdet": 0.03515625, "confirmed_ber": 0.0, "confirmed_ser": 0.0, "confirmed_pdet": 0.052978515625, "passed": true}}, "power_two_sided": {"0.01": {"index": 28, "sweep_ber": 0.00023651123046875, "sweep_pdet": 0.015625, "confirmed_ber": 0.00028324127197265625, "confirmed_ser": 0.0005626678466796875, "confirmed_pdet": 0.021728515625, "passed": false}, "0.05": {"index": 28, "sweep_ber": 0.00023651123046875, "sweep_pdet": 0.05859375, "confirmed_ber": 0.00028324127197265625, "confirmed_ser": 0.0005645751953125, "confirmed_pdet": 0.081787109375, "passed": false}}, "kurtosis": {"0.01": {"index": 32, "sweep_ber": 0.0016632080078125, "sweep_pdet": 0.015625, "confirmed_ber": 0.001560211181640625, "confirmed_ser": 0.0030307769775390625, "confirmed_pdet": 0.0205078125, "passed": false}, "0.05": {"index": 31, "sweep_ber": 0.00119781494140625, "sweep_pdet": 0.0546875, "confirmed_ber": 0.0011529922485351562, "confirmed_ser": 0.0022735595703125, "confirmed_pdet": 0.059326171875, "passed": false}}, "spec_cnn": {"0.01": {"index": 38, "sweep_ber": 0.0039215087890625, "sweep_pdet": 0.015625, "confirmed_ber": 0.003971099853515625, "confirmed_ser": 0.006938934326171875, "confirmed_pdet": 0.025390625, "passed": false}, "0.05": {"index": 33, "sweep_ber": 0.00211334228515625, "sweep_pdet": 0.052734375, "confirmed_ber": 0.0019502639770507812, "confirmed_ser": 0.00373077392578125, "confirmed_pdet": 0.05517578125, "passed": true}}}  (935s)
  [snr_5] generator spec_cnn_b10 (scale 0.4022)
    JSR  -50.0 dB  BER 0.00e+00  P(det)@0.05 power_one_sided 0.049 power_two_sided 0.035 kurtosis 0.047 spec_cnn 0.049  (0s)
    JSR  -49.0 dB  BER 0.00e+00  P(det)@0.05 power_one_sided 0.039 power_two_sided 0.049 kurtosis 0.041 spec_cnn 0.062  (1s)
    JSR  -48.0 dB  BER 0.00e+00  P(det)@0.05 power_one_sided 0.043 power_two_sided 0.041 kurtosis 0.051 spec_cnn 0.064  (1s)
    JSR  -47.0 dB  BER 0.00e+00  P(det)@0.05 power_one_sided 0.076 power_two_sided 0.053 kurtosis 0.062 spec_cnn 0.066  (1s)
    JSR  -46.0 dB  BER 0.00e+00  P(det)@0.05 power_one_sided 0.041 power_two_sided 0.041 kurtosis 0.064 spec_cnn 0.057  (2s)
    JSR  -45.0 dB  BER 0.00e+00  P(det)@0.05 power_one_sided 0.043 power_two_sided 0.045 kurtosis 0.059 spec_cnn 0.049  (2s)
    JSR  -44.0 dB  BER 0.00e+00  P(det)@0.05 power_one_sided 0.064 power_two_sided 0.062 kurtosis 0.043 spec_cnn 0.061  (2s)
    JSR  -43.0 dB  BER 0.00e+00  P(det)@0.05 power_one_sided 0.049 power_two_sided 0.064 kurtosis 0.045 spec_cnn 0.029  (3s)
    JSR  -42.0 dB  BER 7.63e-06  P(det)@0.05 power_one_sided 0.051 power_two_sided 0.031 kurtosis 0.057 spec_cnn 0.059  (3s)
    JSR  -41.0 dB  BER 0.00e+00  P(det)@0.05 power_one_sided 0.082 power_two_sided 0.057 kurtosis 0.043 spec_cnn 0.049  (3s)
    JSR  -40.0 dB  BER 0.00e+00  P(det)@0.05 power_one_sided 0.053 power_two_sided 0.057 kurtosis 0.043 spec_cnn 0.049  (4s)
    JSR  -39.0 dB  BER 0.00e+00  P(det)@0.05 power_one_sided 0.043 power_two_sided 0.027 kurtosis 0.055 spec_cnn 0.062  (4s)
    JSR  -38.0 dB  BER 0.00e+00  P(det)@0.05 power_one_sided 0.041 power_two_sided 0.043 kurtosis 0.029 spec_cnn 0.045  (4s)
    JSR  -37.0 dB  BER 0.00e+00  P(det)@0.05 power_one_sided 0.037 power_two_sided 0.049 kurtosis 0.045 spec_cnn 0.035  (5s)
    JSR  -36.0 dB  BER 0.00e+00  P(det)@0.05 power_one_sided 0.053 power_two_sided 0.057 kurtosis 0.066 spec_cnn 0.062  (5s)
    JSR  -35.0 dB  BER 0.00e+00  P(det)@0.05 power_one_sided 0.045 power_two_sided 0.045 kurtosis 0.043 spec_cnn 0.043  (5s)
    JSR  -34.0 dB  BER 0.00e+00  P(det)@0.05 power_one_sided 0.033 power_two_sided 0.045 kurtosis 0.062 spec_cnn 0.043  (6s)
    JSR  -33.0 dB  BER 0.00e+00  P(det)@0.05 power_one_sided 0.055 power_two_sided 0.068 kurtosis 0.055 spec_cnn 0.051  (6s)
    JSR  -32.0 dB  BER 7.63e-06  P(det)@0.05 power_one_sided 0.059 power_two_sided 0.053 kurtosis 0.039 spec_cnn 0.070  (6s)
    JSR  -31.0 dB  BER 0.00e+00  P(det)@0.05 power_one_sided 0.057 power_two_sided 0.047 kurtosis 0.041 spec_cnn 0.041  (7s)
    JSR  -30.0 dB  BER 7.63e-06  P(det)@0.05 power_one_sided 0.057 power_two_sided 0.059 kurtosis 0.043 spec_cnn 0.043  (7s)
    JSR  -29.0 dB  BER 0.00e+00  P(det)@0.05 power_one_sided 0.049 power_two_sided 0.043 kurtosis 0.037 spec_cnn 0.039  (7s)
    JSR  -28.0 dB  BER 0.00e+00  P(det)@0.05 power_one_sided 0.062 power_two_sided 0.039 kurtosis 0.057 spec_cnn 0.061  (7s)
    JSR  -27.0 dB  BER 7.63e-06  P(det)@0.05 power_one_sided 0.059 power_two_sided 0.053 kurtosis 0.055 spec_cnn 0.055  (8s)
    JSR  -26.0 dB  BER 2.29e-05  P(det)@0.05 power_one_sided 0.064 power_two_sided 0.064 kurtosis 0.049 spec_cnn 0.055  (8s)
    JSR  -25.0 dB  BER 3.05e-05  P(det)@0.05 power_one_sided 0.084 power_two_sided 0.066 kurtosis 0.062 spec_cnn 0.049  (8s)
    JSR  -24.0 dB  BER 6.10e-05  P(det)@0.05 power_one_sided 0.078 power_two_sided 0.061 kurtosis 0.057 spec_cnn 0.051  (9s)
    JSR  -23.0 dB  BER 1.45e-04  P(det)@0.05 power_one_sided 0.096 power_two_sided 0.070 kurtosis 0.074 spec_cnn 0.059  (9s)
    JSR  -22.0 dB  BER 2.90e-04  P(det)@0.05 power_one_sided 0.078 power_two_sided 0.064 kurtosis 0.061 spec_cnn 0.059  (9s)
    JSR  -21.0 dB  BER 5.26e-04  P(det)@0.05 power_one_sided 0.096 power_two_sided 0.064 kurtosis 0.076 spec_cnn 0.066  (10s)
    JSR  -20.0 dB  BER 8.93e-04  P(det)@0.05 power_one_sided 0.113 power_two_sided 0.080 kurtosis 0.074 spec_cnn 0.061  (10s)
    JSR  -19.0 dB  BER 1.23e-03  P(det)@0.05 power_one_sided 0.146 power_two_sided 0.109 kurtosis 0.076 spec_cnn 0.055  (10s)
    JSR  -18.0 dB  BER 1.63e-03  P(det)@0.05 power_one_sided 0.162 power_two_sided 0.107 kurtosis 0.088 spec_cnn 0.043  (11s)
    JSR  -17.0 dB  BER 2.08e-03  P(det)@0.05 power_one_sided 0.232 power_two_sided 0.166 kurtosis 0.146 spec_cnn 0.070  (11s)
    JSR  -16.0 dB  BER 2.62e-03  P(det)@0.05 power_one_sided 0.293 power_two_sided 0.205 kurtosis 0.182 spec_cnn 0.055  (11s)
    JSR  -15.0 dB  BER 2.88e-03  P(det)@0.05 power_one_sided 0.361 power_two_sided 0.273 kurtosis 0.299 spec_cnn 0.055  (12s)
    JSR  -14.0 dB  BER 3.30e-03  P(det)@0.05 power_one_sided 0.436 power_two_sided 0.357 kurtosis 0.377 spec_cnn 0.100  (12s)
    JSR  -13.0 dB  BER 3.53e-03  P(det)@0.05 power_one_sided 0.604 power_two_sided 0.523 kurtosis 0.502 spec_cnn 0.104  (12s)
    JSR  -12.0 dB  BER 4.07e-03  P(det)@0.05 power_one_sided 0.697 power_two_sided 0.621 kurtosis 0.623 spec_cnn 0.086  (13s)
    JSR  -11.0 dB  BER 4.17e-03  P(det)@0.05 power_one_sided 0.828 power_two_sided 0.764 kurtosis 0.711 spec_cnn 0.129  (13s)
    JSR  -10.0 dB  BER 5.01e-03  P(det)@0.05 power_one_sided 0.918 power_two_sided 0.873 kurtosis 0.801 spec_cnn 0.137  (13s)
    JSR   -9.0 dB  BER 5.68e-03  P(det)@0.05 power_one_sided 0.975 power_two_sided 0.949 kurtosis 0.865 spec_cnn 0.178  (14s)
    JSR   -8.0 dB  BER 6.50e-03  P(det)@0.05 power_one_sided 0.998 power_two_sided 0.990 kurtosis 0.957 spec_cnn 0.182  (14s)
    JSR   -7.0 dB  BER 8.15e-03  P(det)@0.05 power_one_sided 1.000 power_two_sided 1.000 kurtosis 0.992 spec_cnn 0.299  (14s)
    JSR   -6.0 dB  BER 9.85e-03  P(det)@0.05 power_one_sided 1.000 power_two_sided 1.000 kurtosis 0.998 spec_cnn 0.359  (15s)
    JSR   -5.0 dB  BER 1.23e-02  P(det)@0.05 power_one_sided 1.000 power_two_sided 1.000 kurtosis 1.000 spec_cnn 0.455  (15s)
    JSR   -4.0 dB  BER 1.55e-02  P(det)@0.05 power_one_sided 1.000 power_two_sided 1.000 kurtosis 1.000 spec_cnn 0.584  (15s)
    JSR   -3.0 dB  BER 2.14e-02  P(det)@0.05 power_one_sided 1.000 power_two_sided 1.000 kurtosis 1.000 spec_cnn 0.721  (16s)
    JSR   -2.0 dB  BER 3.07e-02  P(det)@0.05 power_one_sided 1.000 power_two_sided 1.000 kurtosis 1.000 spec_cnn 0.848  (16s)
    JSR   -1.0 dB  BER 4.08e-02  P(det)@0.05 power_one_sided 1.000 power_two_sided 1.000 kurtosis 1.000 spec_cnn 0.938  (16s)
    JSR   +0.0 dB  BER 5.55e-02  P(det)@0.05 power_one_sided 1.000 power_two_sided 1.000 kurtosis 1.000 spec_cnn 0.977  (17s)
    JSR   +1.0 dB  BER 7.23e-02  P(det)@0.05 power_one_sided 1.000 power_two_sided 1.000 kurtosis 1.000 spec_cnn 0.998  (17s)
    JSR   +2.0 dB  BER 9.01e-02  P(det)@0.05 power_one_sided 1.000 power_two_sided 1.000 kurtosis 1.000 spec_cnn 0.998  (17s)
    JSR   +3.0 dB  BER 1.16e-01  P(det)@0.05 power_one_sided 1.000 power_two_sided 1.000 kurtosis 1.000 spec_cnn 1.000  (18s)
    JSR   +4.0 dB  BER 1.37e-01  P(det)@0.05 power_one_sided 1.000 power_two_sided 1.000 kurtosis 1.000 spec_cnn 1.000  (18s)
    JSR   +5.0 dB  BER 1.67e-01  P(det)@0.05 power_one_sided 1.000 power_two_sided 1.000 kurtosis 1.000 spec_cnn 1.000  (18s)
    JSR   +6.0 dB  BER 1.90e-01  P(det)@0.05 power_one_sided 1.000 power_two_sided 1.000 kurtosis 1.000 spec_cnn 1.000  (19s)
    JSR   +7.0 dB  BER 2.15e-01  P(det)@0.05 power_one_sided 1.000 power_two_sided 1.000 kurtosis 1.000 spec_cnn 1.000  (19s)
    JSR   +8.0 dB  BER 2.40e-01  P(det)@0.05 power_one_sided 1.000 power_two_sided 1.000 kurtosis 1.000 spec_cnn 1.000  (19s)
    JSR   +9.0 dB  BER 2.66e-01  P(det)@0.05 power_one_sided 1.000 power_two_sided 1.000 kurtosis 1.000 spec_cnn 1.000  (19s)
    JSR  +10.0 dB  BER 2.87e-01  P(det)@0.05 power_one_sided 1.000 power_two_sided 1.000 kurtosis 1.000 spec_cnn 1.000  (20s)
    JSR  +11.0 dB  BER 3.07e-01  P(det)@0.05 power_one_sided 1.000 power_two_sided 1.000 kurtosis 1.000 spec_cnn 1.000  (20s)
    JSR  +12.0 dB  BER 3.25e-01  P(det)@0.05 power_one_sided 1.000 power_two_sided 1.000 kurtosis 1.000 spec_cnn 1.000  (20s)
    JSR  +13.0 dB  BER 3.47e-01  P(det)@0.05 power_one_sided 1.000 power_two_sided 1.000 kurtosis 1.000 spec_cnn 1.000  (21s)
    JSR  +14.0 dB  BER 3.61e-01  P(det)@0.05 power_one_sided 1.000 power_two_sided 1.000 kurtosis 1.000 spec_cnn 1.000  (21s)
    JSR  +15.0 dB  BER 3.74e-01  P(det)@0.05 power_one_sided 1.000 power_two_sided 1.000 kurtosis 1.000 spec_cnn 1.000  (21s)
  [snr_5] spec_cnn_b10 confirmed: {"power_one_sided": {"0.01": {"index": 26, "sweep_ber": 6.103515625e-05, "sweep_pdet": 0.01171875, "confirmed_ber": 7.534027099609375e-05, "confirmed_ser": 0.0001506805419921875, "confirmed_pdet": 0.01611328125, "passed": false}, "0.05": {"index": 24, "sweep_ber": 2.288818359375e-05, "sweep_pdet": 0.064453125, "confirmed_ber": 1.811981201171875e-05, "confirmed_ser": 3.62396240234375e-05, "confirmed_pdet": 0.06396484375, "passed": false}}, "power_two_sided": {"0.01": {"index": 27, "sweep_ber": 0.00014495849609375, "sweep_pdet": 0.017578125, "confirmed_ber": 0.00014972686767578125, "confirmed_ser": 0.0002994537353515625, "confirmed_pdet": 0.017333984375, "passed": false}, "0.05": {"index": 29, "sweep_ber": 0.00052642822265625, "sweep_pdet": 0.064453125, "confirmed_ber": 0.0006055831909179688, "confirmed_ser": 0.0012073516845703125, "confirmed_pdet": 0.07421875, "passed": false}}, "kurtosis": {"0.01": {"index": 27, "sweep_ber": 0.00014495849609375, "sweep_pdet": 0.017578125, "confirmed_ber": 0.00016689300537109375, "confirmed_ser": 0.0003337860107421875, "confirmed_pdet": 0.011962890625, "passed": true}, "0.05": {"index": 28, "sweep_ber": 0.0002899169921875, "sweep_pdet": 0.060546875, "confirmed_ber": 0.0003299713134765625, "confirmed_ser": 0.000659942626953125, "confirmed_pdet": 0.057861328125, "passed": false}}, "spec_cnn": {"0.01": {"index": 35, "sweep_ber": 0.0028839111328125, "sweep_pdet": 0.01171875, "confirmed_ber": 0.0028362274169921875, "confirmed_ser": 0.005146026611328125, "confirmed_pdet": 0.016845703125, "passed": false}, "0.05": {"index": 35, "sweep_ber": 0.0028839111328125, "sweep_pdet": 0.0546875, "confirmed_ber": 0.0028734207153320312, "confirmed_ser": 0.0052127838134765625, "confirmed_pdet": 0.07177734375, "passed": false}}}  (978s)
  [snr_5] generator spec_cnn_b100 (scale 0.4022)
  JSR  -50.0 dB  BER 0.00e+00  P(det)@0.05 power_one_sided 0.057 power_two_sided 0.047 kurtosis 0.061 spec_cnn 0.041  (0s)
  JSR  -49.0 dB  BER 0.00e+00  P(det)@0.05 power_one_sided 0.051 power_two_sided 0.051 kurtosis 0.059 spec_cnn 0.061  (1s)
  JSR  -48.0 dB  BER 0.00e+00  P(det)@0.05 power_one_sided 0.051 power_two_sided 0.045 kurtosis 0.061 spec_cnn 0.045  (1s)
  JSR  -47.0 dB  BER 0.00e+00  P(det)@0.05 power_one_sided 0.053 power_two_sided 0.037 kurtosis 0.061 spec_cnn 0.051  (1s)
  JSR  -46.0 dB  BER 0.00e+00  P(det)@0.05 power_one_sided 0.049 power_two_sided 0.037 kurtosis 0.053 spec_cnn 0.049  (2s)
  JSR  -45.0 dB  BER 0.00e+00  P(det)@0.05 power_one_sided 0.045 power_two_sided 0.051 kurtosis 0.072 spec_cnn 0.031  (2s)
  JSR  -44.0 dB  BER 0.00e+00  P(det)@0.05 power_one_sided 0.049 power_two_sided 0.037 kurtosis 0.043 spec_cnn 0.049  (2s)
  JSR  -43.0 dB  BER 0.00e+00  P(det)@0.05 power_one_sided 0.053 power_two_sided 0.051 kurtosis 0.057 spec_cnn 0.049  (3s)
  JSR  -42.0 dB  BER 0.00e+00  P(det)@0.05 power_one_sided 0.037 power_two_sided 0.033 kurtosis 0.059 spec_cnn 0.062  (3s)
  JSR  -41.0 dB  BER 0.00e+00  P(det)@0.05 power_one_sided 0.055 power_two_sided 0.057 kurtosis 0.053 spec_cnn 0.059  (3s)
  JSR  -40.0 dB  BER 0.00e+00  P(det)@0.05 power_one_sided 0.041 power_two_sided 0.047 kurtosis 0.033 spec_cnn 0.045  (4s)
  JSR  -39.0 dB  BER 0.00e+00  P(det)@0.05 power_one_sided 0.057 power_two_sided 0.049 kurtosis 0.049 spec_cnn 0.049  (4s)
  JSR  -38.0 dB  BER 0.00e+00  P(det)@0.05 power_one_sided 0.047 power_two_sided 0.047 kurtosis 0.070 spec_cnn 0.055  (4s)
  JSR  -37.0 dB  BER 0.00e+00  P(det)@0.05 power_one_sided 0.055 power_two_sided 0.035 kurtosis 0.066 spec_cnn 0.047  (5s)
  JSR  -36.0 dB  BER 0.00e+00  P(det)@0.05 power_one_sided 0.041 power_two_sided 0.059 kurtosis 0.064 spec_cnn 0.051  (5s)
  JSR  -35.0 dB  BER 0.00e+00  P(det)@0.05 power_one_sided 0.043 power_two_sided 0.043 kurtosis 0.049 spec_cnn 0.051  (5s)
  JSR  -34.0 dB  BER 0.00e+00  P(det)@0.05 power_one_sided 0.066 power_two_sided 0.055 kurtosis 0.047 spec_cnn 0.035  (6s)
  JSR  -33.0 dB  BER 0.00e+00  P(det)@0.05 power_one_sided 0.068 power_two_sided 0.057 kurtosis 0.045 spec_cnn 0.041  (6s)
  JSR  -32.0 dB  BER 0.00e+00  P(det)@0.05 power_one_sided 0.064 power_two_sided 0.062 kurtosis 0.045 spec_cnn 0.057  (6s)
  JSR  -31.0 dB  BER 7.63e-06  P(det)@0.05 power_one_sided 0.047 power_two_sided 0.039 kurtosis 0.059 spec_cnn 0.059  (7s)
  JSR  -30.0 dB  BER 0.00e+00  P(det)@0.05 power_one_sided 0.061 power_two_sided 0.051 kurtosis 0.045 spec_cnn 0.049  (7s)
  JSR  -29.0 dB  BER 0.00e+00  P(det)@0.05 power_one_sided 0.049 power_two_sided 0.049 kurtosis 0.047 spec_cnn 0.033  (7s)
  JSR  -28.0 dB  BER 0.00e+00  P(det)@0.05 power_one_sided 0.080 power_two_sided 0.059 kurtosis 0.033 spec_cnn 0.043  (7s)
  JSR  -27.0 dB  BER 7.63e-06  P(det)@0.05 power_one_sided 0.068 power_two_sided 0.064 kurtosis 0.057 spec_cnn 0.053  (8s)
  JSR  -26.0 dB  BER 0.00e+00  P(det)@0.05 power_one_sided 0.066 power_two_sided 0.062 kurtosis 0.045 spec_cnn 0.049  (8s)
  JSR  -25.0 dB  BER 7.63e-06  P(det)@0.05 power_one_sided 0.064 power_two_sided 0.053 kurtosis 0.055 spec_cnn 0.057  (8s)
  JSR  -24.0 dB  BER 1.53e-05  P(det)@0.05 power_one_sided 0.074 power_two_sided 0.066 kurtosis 0.047 spec_cnn 0.043  (9s)
  JSR  -23.0 dB  BER 9.92e-05  P(det)@0.05 power_one_sided 0.084 power_two_sided 0.059 kurtosis 0.053 spec_cnn 0.039  (9s)
  JSR  -22.0 dB  BER 2.14e-04  P(det)@0.05 power_one_sided 0.115 power_two_sided 0.080 kurtosis 0.055 spec_cnn 0.064  (9s)
  JSR  -21.0 dB  BER 3.28e-04  P(det)@0.05 power_one_sided 0.145 power_two_sided 0.072 kurtosis 0.062 spec_cnn 0.070  (10s)
  JSR  -20.0 dB  BER 4.43e-04  P(det)@0.05 power_one_sided 0.146 power_two_sided 0.107 kurtosis 0.045 spec_cnn 0.061  (10s)
  JSR  -19.0 dB  BER 7.78e-04  P(det)@0.05 power_one_sided 0.178 power_two_sided 0.125 kurtosis 0.066 spec_cnn 0.064  (10s)
  JSR  -18.0 dB  BER 1.27e-03  P(det)@0.05 power_one_sided 0.275 power_two_sided 0.203 kurtosis 0.084 spec_cnn 0.062  (11s)
  JSR  -17.0 dB  BER 1.71e-03  P(det)@0.05 power_one_sided 0.293 power_two_sided 0.213 kurtosis 0.102 spec_cnn 0.064  (11s)
  JSR  -16.0 dB  BER 2.18e-03  P(det)@0.05 power_one_sided 0.418 power_two_sided 0.326 kurtosis 0.111 spec_cnn 0.068  (11s)
  JSR  -15.0 dB  BER 2.43e-03  P(det)@0.05 power_one_sided 0.572 power_two_sided 0.479 kurtosis 0.145 spec_cnn 0.088  (12s)
  JSR  -14.0 dB  BER 2.86e-03  P(det)@0.05 power_one_sided 0.695 power_two_sided 0.615 kurtosis 0.268 spec_cnn 0.084  (12s)
  JSR  -13.0 dB  BER 3.28e-03  P(det)@0.05 power_one_sided 0.832 power_two_sided 0.750 kurtosis 0.318 spec_cnn 0.102  (12s)
  JSR  -12.0 dB  BER 3.72e-03  P(det)@0.05 power_one_sided 0.904 power_two_sided 0.879 kurtosis 0.449 spec_cnn 0.102  (13s)
  JSR  -11.0 dB  BER 3.92e-03  P(det)@0.05 power_one_sided 0.967 power_two_sided 0.945 kurtosis 0.625 spec_cnn 0.162  (13s)
  JSR  -10.0 dB  BER 4.42e-03  P(det)@0.05 power_one_sided 0.998 power_two_sided 0.992 kurtosis 0.801 spec_cnn 0.188  (13s)
  JSR   -9.0 dB  BER 4.94e-03  P(det)@0.05 power_one_sided 0.998 power_two_sided 0.992 kurtosis 0.934 spec_cnn 0.182  (14s)
  JSR   -8.0 dB  BER 6.11e-03  P(det)@0.05 power_one_sided 1.000 power_two_sided 1.000 kurtosis 0.973 spec_cnn 0.277  (14s)
  JSR   -7.0 dB  BER 7.01e-03  P(det)@0.05 power_one_sided 1.000 power_two_sided 1.000 kurtosis 0.996 spec_cnn 0.318  (14s)
  JSR   -6.0 dB  BER 9.19e-03  P(det)@0.05 power_one_sided 1.000 power_two_sided 1.000 kurtosis 1.000 spec_cnn 0.434  (15s)
  JSR   -5.0 dB  BER 1.22e-02  P(det)@0.05 power_one_sided 1.000 power_two_sided 1.000 kurtosis 1.000 spec_cnn 0.545  (15s)
  JSR   -4.0 dB  BER 1.80e-02  P(det)@0.05 power_one_sided 1.000 power_two_sided 1.000 kurtosis 1.000 spec_cnn 0.666  (15s)
  JSR   -3.0 dB  BER 2.51e-02  P(det)@0.05 power_one_sided 1.000 power_two_sided 1.000 kurtosis 1.000 spec_cnn 0.818  (16s)
  JSR   -2.0 dB  BER 3.47e-02  P(det)@0.05 power_one_sided 1.000 power_two_sided 1.000 kurtosis 1.000 spec_cnn 0.916  (16s)
  JSR   -1.0 dB  BER 4.81e-02  P(det)@0.05 power_one_sided 1.000 power_two_sided 1.000 kurtosis 1.000 spec_cnn 0.959  (16s)
  JSR   +0.0 dB  BER 6.60e-02  P(det)@0.05 power_one_sided 1.000 power_two_sided 1.000 kurtosis 1.000 spec_cnn 0.992  (17s)
  JSR   +1.0 dB  BER 8.79e-02  P(det)@0.05 power_one_sided 1.000 power_two_sided 1.000 kurtosis 1.000 spec_cnn 1.000  (17s)
  JSR   +2.0 dB  BER 1.13e-01  P(det)@0.05 power_one_sided 1.000 power_two_sided 1.000 kurtosis 1.000 spec_cnn 1.000  (17s)
  JSR   +3.0 dB  BER 1.34e-01  P(det)@0.05 power_one_sided 1.000 power_two_sided 1.000 kurtosis 1.000 spec_cnn 1.000  (18s)
  JSR   +4.0 dB  BER 1.55e-01  P(det)@0.05 power_one_sided 1.000 power_two_sided 1.000 kurtosis 1.000 spec_cnn 1.000  (18s)
  JSR   +5.0 dB  BER 1.85e-01  P(det)@0.05 power_one_sided 1.000 power_two_sided 1.000 kurtosis 1.000 spec_cnn 1.000  (18s)
  JSR   +6.0 dB  BER 2.12e-01  P(det)@0.05 power_one_sided 1.000 power_two_sided 1.000 kurtosis 1.000 spec_cnn 1.000  (19s)
  JSR   +7.0 dB  BER 2.36e-01  P(det)@0.05 power_one_sided 1.000 power_two_sided 1.000 kurtosis 1.000 spec_cnn 1.000  (19s)
  JSR   +8.0 dB  BER 2.58e-01  P(det)@0.05 power_one_sided 1.000 power_two_sided 1.000 kurtosis 1.000 spec_cnn 1.000  (19s)
  JSR   +9.0 dB  BER 2.85e-01  P(det)@0.05 power_one_sided 1.000 power_two_sided 1.000 kurtosis 1.000 spec_cnn 1.000  (19s)
  JSR  +10.0 dB  BER 3.07e-01  P(det)@0.05 power_one_sided 1.000 power_two_sided 1.000 kurtosis 1.000 spec_cnn 1.000  (20s)
  JSR  +11.0 dB  BER 3.23e-01  P(det)@0.05 power_one_sided 1.000 power_two_sided 1.000 kurtosis 1.000 spec_cnn 1.000  (20s)
  JSR  +12.0 dB  BER 3.40e-01  P(det)@0.05 power_one_sided 1.000 power_two_sided 1.000 kurtosis 1.000 spec_cnn 1.000  (20s)
  JSR  +13.0 dB  BER 3.59e-01  P(det)@0.05 power_one_sided 1.000 power_two_sided 1.000 kurtosis 1.000 spec_cnn 1.000  (21s)
  JSR  +14.0 dB  BER 3.70e-01  P(det)@0.05 power_one_sided 1.000 power_two_sided 1.000 kurtosis 1.000 spec_cnn 1.000  (21s)
  JSR  +15.0 dB  BER 3.86e-01  P(det)@0.05 power_one_sided 1.000 power_two_sided 1.000 kurtosis 1.000 spec_cnn 1.000  (21s)
  [snr_5] spec_cnn_b100 confirmed: {"power_one_sided": {"0.01": {"index": 29, "sweep_ber": 0.00032806396484375, "sweep_pdet": 0.017578125, "confirmed_ber": 0.00029659271240234375, "confirmed_ser": 0.0005931854248046875, "confirmed_pdet": 0.03662109375, "passed": false}, "0.05": {"index": 19, "sweep_ber": 7.62939453125e-06, "sweep_pdet": 0.046875, "confirmed_ber": 0.0, "confirmed_ser": 0.0, "confirmed_pdet": 0.05615234375, "passed": true}}, "power_two_sided": {"0.01": {"index": 29, "sweep_ber": 0.00032806396484375, "sweep_pdet": 0.0078125, "confirmed_ber": 0.0003070831298828125, "confirmed_ser": 0.000614166259765625, "confirmed_pdet": 0.0244140625, "passed": false}, "0.05": {"index": 27, "sweep_ber": 9.918212890625e-05, "sweep_pdet": 0.05859375, "confirmed_ber": 6.29425048828125e-05, "confirmed_ser": 0.000125885009765625, "confirmed_pdet": 0.07177734375, "passed": false}}, "kurtosis": {"0.01": {"index": 31, "sweep_ber": 0.0007781982421875, "sweep_pdet": 0.015625, "confirmed_ber": 0.0008993148803710938, "confirmed_ser": 0.001789093017578125, "confirmed_pdet": 0.011962890625, "passed": true}, "0.05": {"index": 31, "sweep_ber": 0.0007781982421875, "sweep_pdet": 0.06640625, "confirmed_ber": 0.0009212493896484375, "confirmed_ser": 0.0018177032470703125, "confirmed_pdet": 0.057861328125, "passed": false}}, "spec_cnn": {"0.01": {"index": 36, "sweep_ber": 0.00286102294921875, "sweep_pdet": 0.015625, "confirmed_ber": 0.0028142929077148438, "confirmed_ser": 0.0051631927490234375, "confirmed_pdet": 0.019775390625, "passed": false}, "0.05": {"index": 34, "sweep_ber": 0.0021820068359375, "sweep_pdet": 0.068359375, "confirmed_ber": 0.00206756591796875, "confirmed_ser": 0.0039272308349609375, "confirmed_pdet": 0.07470703125, "passed": false}}}  (1020s)
  [snr_5] generator spec_cnn_b1000 (scale 0.4022)
  JSR  -50.0 dB  BER 0.00e+00  P(det)@0.05 power_one_sided 0.066 power_two_sided 0.059 kurtosis 0.041 spec_cnn 0.041  (0s)
  JSR  -49.0 dB  BER 0.00e+00  P(det)@0.05 power_one_sided 0.055 power_two_sided 0.051 kurtosis 0.039 spec_cnn 0.047  (1s)
  JSR  -48.0 dB  BER 7.63e-06  P(det)@0.05 power_one_sided 0.053 power_two_sided 0.055 kurtosis 0.051 spec_cnn 0.061  (1s)
  JSR  -47.0 dB  BER 0.00e+00  P(det)@0.05 power_one_sided 0.051 power_two_sided 0.053 kurtosis 0.037 spec_cnn 0.049  (1s)
  JSR  -46.0 dB  BER 0.00e+00  P(det)@0.05 power_one_sided 0.057 power_two_sided 0.055 kurtosis 0.041 spec_cnn 0.062  (2s)
  JSR  -45.0 dB  BER 0.00e+00  P(det)@0.05 power_one_sided 0.037 power_two_sided 0.033 kurtosis 0.055 spec_cnn 0.039  (2s)
  JSR  -44.0 dB  BER 0.00e+00  P(det)@0.05 power_one_sided 0.049 power_two_sided 0.059 kurtosis 0.049 spec_cnn 0.051  (2s)
  JSR  -43.0 dB  BER 0.00e+00  P(det)@0.05 power_one_sided 0.051 power_two_sided 0.051 kurtosis 0.051 spec_cnn 0.033  (3s)
  JSR  -42.0 dB  BER 0.00e+00  P(det)@0.05 power_one_sided 0.047 power_two_sided 0.043 kurtosis 0.049 spec_cnn 0.059  (3s)
  JSR  -41.0 dB  BER 0.00e+00  P(det)@0.05 power_one_sided 0.053 power_two_sided 0.051 kurtosis 0.045 spec_cnn 0.035  (3s)
  JSR  -40.0 dB  BER 0.00e+00  P(det)@0.05 power_one_sided 0.066 power_two_sided 0.062 kurtosis 0.062 spec_cnn 0.053  (4s)
  JSR  -39.0 dB  BER 0.00e+00  P(det)@0.05 power_one_sided 0.057 power_two_sided 0.061 kurtosis 0.037 spec_cnn 0.061  (4s)
  JSR  -38.0 dB  BER 0.00e+00  P(det)@0.05 power_one_sided 0.033 power_two_sided 0.039 kurtosis 0.047 spec_cnn 0.049  (4s)
  JSR  -37.0 dB  BER 0.00e+00  P(det)@0.05 power_one_sided 0.045 power_two_sided 0.039 kurtosis 0.037 spec_cnn 0.059  (5s)
  JSR  -36.0 dB  BER 0.00e+00  P(det)@0.05 power_one_sided 0.061 power_two_sided 0.064 kurtosis 0.047 spec_cnn 0.045  (5s)
  JSR  -35.0 dB  BER 0.00e+00  P(det)@0.05 power_one_sided 0.047 power_two_sided 0.053 kurtosis 0.045 spec_cnn 0.059  (5s)
  JSR  -34.0 dB  BER 7.63e-06  P(det)@0.05 power_one_sided 0.051 power_two_sided 0.062 kurtosis 0.039 spec_cnn 0.055  (6s)
  JSR  -33.0 dB  BER 0.00e+00  P(det)@0.05 power_one_sided 0.059 power_two_sided 0.057 kurtosis 0.072 spec_cnn 0.045  (6s)
  JSR  -32.0 dB  BER 0.00e+00  P(det)@0.05 power_one_sided 0.080 power_two_sided 0.068 kurtosis 0.049 spec_cnn 0.051  (6s)
  JSR  -31.0 dB  BER 0.00e+00  P(det)@0.05 power_one_sided 0.037 power_two_sided 0.033 kurtosis 0.057 spec_cnn 0.025  (6s)
  JSR  -30.0 dB  BER 0.00e+00  P(det)@0.05 power_one_sided 0.051 power_two_sided 0.057 kurtosis 0.039 spec_cnn 0.055  (7s)
  JSR  -29.0 dB  BER 0.00e+00  P(det)@0.05 power_one_sided 0.049 power_two_sided 0.061 kurtosis 0.066 spec_cnn 0.049  (7s)
  JSR  -28.0 dB  BER 0.00e+00  P(det)@0.05 power_one_sided 0.066 power_two_sided 0.045 kurtosis 0.049 spec_cnn 0.055  (7s)
  JSR  -27.0 dB  BER 0.00e+00  P(det)@0.05 power_one_sided 0.061 power_two_sided 0.053 kurtosis 0.041 spec_cnn 0.051  (8s)
  JSR  -26.0 dB  BER 0.00e+00  P(det)@0.05 power_one_sided 0.072 power_two_sided 0.062 kurtosis 0.057 spec_cnn 0.033  (8s)
  JSR  -25.0 dB  BER 0.00e+00  P(det)@0.05 power_one_sided 0.078 power_two_sided 0.068 kurtosis 0.055 spec_cnn 0.059  (8s)
  JSR  -24.0 dB  BER 1.53e-05  P(det)@0.05 power_one_sided 0.070 power_two_sided 0.053 kurtosis 0.049 spec_cnn 0.074  (9s)
  JSR  -23.0 dB  BER 2.29e-05  P(det)@0.05 power_one_sided 0.080 power_two_sided 0.076 kurtosis 0.047 spec_cnn 0.049  (9s)
  JSR  -22.0 dB  BER 3.81e-05  P(det)@0.05 power_one_sided 0.100 power_two_sided 0.074 kurtosis 0.053 spec_cnn 0.051  (9s)
  JSR  -21.0 dB  BER 9.16e-05  P(det)@0.05 power_one_sided 0.133 power_two_sided 0.086 kurtosis 0.055 spec_cnn 0.072  (10s)
  JSR  -20.0 dB  BER 1.30e-04  P(det)@0.05 power_one_sided 0.150 power_two_sided 0.113 kurtosis 0.053 spec_cnn 0.090  (10s)
  JSR  -19.0 dB  BER 2.90e-04  P(det)@0.05 power_one_sided 0.178 power_two_sided 0.107 kurtosis 0.047 spec_cnn 0.059  (10s)
  JSR  -18.0 dB  BER 3.43e-04  P(det)@0.05 power_one_sided 0.201 power_two_sided 0.135 kurtosis 0.070 spec_cnn 0.061  (11s)
  JSR  -17.0 dB  BER 7.02e-04  P(det)@0.05 power_one_sided 0.260 power_two_sided 0.191 kurtosis 0.082 spec_cnn 0.072  (11s)
  JSR  -16.0 dB  BER 8.01e-04  P(det)@0.05 power_one_sided 0.316 power_two_sided 0.238 kurtosis 0.107 spec_cnn 0.086  (11s)
  JSR  -15.0 dB  BER 1.33e-03  P(det)@0.05 power_one_sided 0.416 power_two_sided 0.318 kurtosis 0.146 spec_cnn 0.082  (12s)
  JSR  -14.0 dB  BER 1.66e-03  P(det)@0.05 power_one_sided 0.521 power_two_sided 0.424 kurtosis 0.156 spec_cnn 0.104  (12s)
  JSR  -13.0 dB  BER 2.04e-03  P(det)@0.05 power_one_sided 0.635 power_two_sided 0.562 kurtosis 0.240 spec_cnn 0.111  (12s)
  JSR  -12.0 dB  BER 2.75e-03  P(det)@0.05 power_one_sided 0.791 power_two_sided 0.707 kurtosis 0.277 spec_cnn 0.123  (13s)
  JSR  -11.0 dB  BER 3.11e-03  P(det)@0.05 power_one_sided 0.906 power_two_sided 0.877 kurtosis 0.389 spec_cnn 0.174  (13s)
  JSR  -10.0 dB  BER 3.79e-03  P(det)@0.05 power_one_sided 0.943 power_two_sided 0.910 kurtosis 0.514 spec_cnn 0.240  (13s)
  JSR   -9.0 dB  BER 4.54e-03  P(det)@0.05 power_one_sided 0.996 power_two_sided 0.988 kurtosis 0.600 spec_cnn 0.287  (14s)
  JSR   -8.0 dB  BER 5.96e-03  P(det)@0.05 power_one_sided 0.998 power_two_sided 0.998 kurtosis 0.705 spec_cnn 0.354  (14s)
  JSR   -7.0 dB  BER 7.82e-03  P(det)@0.05 power_one_sided 1.000 power_two_sided 1.000 kurtosis 0.826 spec_cnn 0.482  (14s)
  JSR   -6.0 dB  BER 1.08e-02  P(det)@0.05 power_one_sided 1.000 power_two_sided 1.000 kurtosis 0.904 spec_cnn 0.586  (15s)
  JSR   -5.0 dB  BER 1.58e-02  P(det)@0.05 power_one_sided 1.000 power_two_sided 1.000 kurtosis 0.955 spec_cnn 0.723  (15s)
  JSR   -4.0 dB  BER 2.35e-02  P(det)@0.05 power_one_sided 1.000 power_two_sided 1.000 kurtosis 0.980 spec_cnn 0.836  (15s)
  JSR   -3.0 dB  BER 3.28e-02  P(det)@0.05 power_one_sided 1.000 power_two_sided 1.000 kurtosis 0.998 spec_cnn 0.920  (16s)
  JSR   -2.0 dB  BER 4.66e-02  P(det)@0.05 power_one_sided 1.000 power_two_sided 1.000 kurtosis 1.000 spec_cnn 0.955  (16s)
  JSR   -1.0 dB  BER 6.11e-02  P(det)@0.05 power_one_sided 1.000 power_two_sided 1.000 kurtosis 1.000 spec_cnn 0.992  (16s)
  JSR   +0.0 dB  BER 8.09e-02  P(det)@0.05 power_one_sided 1.000 power_two_sided 1.000 kurtosis 1.000 spec_cnn 0.998  (17s)
  JSR   +1.0 dB  BER 9.99e-02  P(det)@0.05 power_one_sided 1.000 power_two_sided 1.000 kurtosis 1.000 spec_cnn 1.000  (17s)
  JSR   +2.0 dB  BER 1.25e-01  P(det)@0.05 power_one_sided 1.000 power_two_sided 1.000 kurtosis 1.000 spec_cnn 1.000  (17s)
  JSR   +3.0 dB  BER 1.54e-01  P(det)@0.05 power_one_sided 1.000 power_two_sided 1.000 kurtosis 1.000 spec_cnn 1.000  (18s)
  JSR   +4.0 dB  BER 1.74e-01  P(det)@0.05 power_one_sided 1.000 power_two_sided 1.000 kurtosis 1.000 spec_cnn 1.000  (18s)
  JSR   +5.0 dB  BER 2.00e-01  P(det)@0.05 power_one_sided 1.000 power_two_sided 1.000 kurtosis 1.000 spec_cnn 1.000  (18s)
  JSR   +6.0 dB  BER 2.26e-01  P(det)@0.05 power_one_sided 1.000 power_two_sided 1.000 kurtosis 1.000 spec_cnn 1.000  (18s)
  JSR   +7.0 dB  BER 2.52e-01  P(det)@0.05 power_one_sided 1.000 power_two_sided 1.000 kurtosis 1.000 spec_cnn 1.000  (19s)
  JSR   +8.0 dB  BER 2.74e-01  P(det)@0.05 power_one_sided 1.000 power_two_sided 1.000 kurtosis 1.000 spec_cnn 1.000  (19s)
  JSR   +9.0 dB  BER 2.92e-01  P(det)@0.05 power_one_sided 1.000 power_two_sided 1.000 kurtosis 1.000 spec_cnn 1.000  (19s)
  JSR  +10.0 dB  BER 3.18e-01  P(det)@0.05 power_one_sided 1.000 power_two_sided 1.000 kurtosis 1.000 spec_cnn 1.000  (20s)
  JSR  +11.0 dB  BER 3.35e-01  P(det)@0.05 power_one_sided 1.000 power_two_sided 1.000 kurtosis 1.000 spec_cnn 1.000  (20s)
  JSR  +12.0 dB  BER 3.48e-01  P(det)@0.05 power_one_sided 1.000 power_two_sided 1.000 kurtosis 1.000 spec_cnn 1.000  (20s)
  JSR  +13.0 dB  BER 3.67e-01  P(det)@0.05 power_one_sided 1.000 power_two_sided 1.000 kurtosis 1.000 spec_cnn 1.000  (21s)
  JSR  +14.0 dB  BER 3.81e-01  P(det)@0.05 power_one_sided 1.000 power_two_sided 1.000 kurtosis 1.000 spec_cnn 1.000  (21s)
  JSR  +15.0 dB  BER 3.91e-01  P(det)@0.05 power_one_sided 1.000 power_two_sided 1.000 kurtosis 1.000 spec_cnn 1.000  (21s)
  [snr_5] spec_cnn_b1000 confirmed: {"power_one_sided": {"0.01": {"index": 26, "sweep_ber": 1.52587890625e-05, "sweep_pdet": 0.015625, "confirmed_ber": 8.58306884765625e-06, "confirmed_ser": 1.71661376953125e-05, "confirmed_pdet": 0.018310546875, "passed": false}, "0.05": {"index": 2, "sweep_ber": 7.62939453125e-06, "sweep_pdet": 0.052734375, "confirmed_ber": 0.0, "confirmed_ser": 0.0, "confirmed_pdet": 0.050537109375, "passed": true}}, "power_two_sided": {"0.01": {"index": 28, "sweep_ber": 3.814697265625e-05, "sweep_pdet": 0.013671875, "confirmed_ber": 2.574920654296875e-05, "confirmed_ser": 5.14984130859375e-05, "confirmed_pdet": 0.018310546875, "passed": false}, "0.05": {"index": 26, "sweep_ber": 1.52587890625e-05, "sweep_pdet": 0.052734375, "confirmed_ber": 6.67572021484375e-06, "confirmed_ser": 1.33514404296875e-05, "confirmed_pdet": 0.0576171875, "passed": false}}, "kurtosis": {"0.01": {"index": 31, "sweep_ber": 0.0002899169921875, "sweep_pdet": 0.009765625, "confirmed_ber": 0.000225067138671875, "confirmed_ser": 0.00045013427734375, "confirmed_pdet": 0.0126953125, "passed": true}, "0.05": {"index": 31, "sweep_ber": 0.0002899169921875, "sweep_pdet": 0.046875, "confirmed_ber": 0.00022029876708984375, "confirmed_ser": 0.0004405975341796875, "confirmed_pdet": 0.05859375, "passed": false}}, "spec_cnn": {"0.01": {"index": 34, "sweep_ber": 0.00080108642578125, "sweep_pdet": 0.017578125, "confirmed_ber": 0.0010776519775390625, "confirmed_ser": 0.0021266937255859375, "confirmed_pdet": 0.01904296875, "passed": false}, "0.05": {"index": 32, "sweep_ber": 0.00034332275390625, "sweep_pdet": 0.060546875, "confirmed_ber": 0.000446319580078125, "confirmed_ser": 0.0008907318115234375, "confirmed_pdet": 0.064453125, "passed": false}}}  (1062s)
  [snr_5] generator spec_cnn_b10000 (scale 0.4022)
  JSR  -50.0 dB  BER 0.00e+00  P(det)@0.05 power_one_sided 0.045 power_two_sided 0.053 kurtosis 0.061 spec_cnn 0.061  (0s)
  JSR  -49.0 dB  BER 0.00e+00  P(det)@0.05 power_one_sided 0.051 power_two_sided 0.047 kurtosis 0.047 spec_cnn 0.059  (1s)
  JSR  -48.0 dB  BER 0.00e+00  P(det)@0.05 power_one_sided 0.039 power_two_sided 0.049 kurtosis 0.045 spec_cnn 0.049  (1s)
  JSR  -47.0 dB  BER 0.00e+00  P(det)@0.05 power_one_sided 0.041 power_two_sided 0.062 kurtosis 0.055 spec_cnn 0.055  (1s)
  JSR  -46.0 dB  BER 0.00e+00  P(det)@0.05 power_one_sided 0.047 power_two_sided 0.053 kurtosis 0.053 spec_cnn 0.066  (2s)
  JSR  -45.0 dB  BER 0.00e+00  P(det)@0.05 power_one_sided 0.035 power_two_sided 0.027 kurtosis 0.043 spec_cnn 0.053  (2s)
  JSR  -44.0 dB  BER 0.00e+00  P(det)@0.05 power_one_sided 0.047 power_two_sided 0.039 kurtosis 0.037 spec_cnn 0.039  (2s)
  JSR  -43.0 dB  BER 0.00e+00  P(det)@0.05 power_one_sided 0.047 power_two_sided 0.049 kurtosis 0.057 spec_cnn 0.059  (3s)
  JSR  -42.0 dB  BER 0.00e+00  P(det)@0.05 power_one_sided 0.033 power_two_sided 0.021 kurtosis 0.047 spec_cnn 0.072  (3s)
  JSR  -41.0 dB  BER 0.00e+00  P(det)@0.05 power_one_sided 0.053 power_two_sided 0.053 kurtosis 0.057 spec_cnn 0.039  (3s)
  JSR  -40.0 dB  BER 0.00e+00  P(det)@0.05 power_one_sided 0.057 power_two_sided 0.061 kurtosis 0.053 spec_cnn 0.041  (4s)
  JSR  -39.0 dB  BER 0.00e+00  P(det)@0.05 power_one_sided 0.057 power_two_sided 0.051 kurtosis 0.047 spec_cnn 0.051  (4s)
  JSR  -38.0 dB  BER 0.00e+00  P(det)@0.05 power_one_sided 0.057 power_two_sided 0.051 kurtosis 0.043 spec_cnn 0.055  (4s)
  JSR  -37.0 dB  BER 0.00e+00  P(det)@0.05 power_one_sided 0.037 power_two_sided 0.031 kurtosis 0.041 spec_cnn 0.049  (5s)
  JSR  -36.0 dB  BER 0.00e+00  P(det)@0.05 power_one_sided 0.045 power_two_sided 0.051 kurtosis 0.051 spec_cnn 0.064  (5s)
  JSR  -35.0 dB  BER 0.00e+00  P(det)@0.05 power_one_sided 0.051 power_two_sided 0.055 kurtosis 0.039 spec_cnn 0.055  (5s)
  JSR  -34.0 dB  BER 0.00e+00  P(det)@0.05 power_one_sided 0.043 power_two_sided 0.057 kurtosis 0.027 spec_cnn 0.031  (6s)
  JSR  -33.0 dB  BER 0.00e+00  P(det)@0.05 power_one_sided 0.043 power_two_sided 0.057 kurtosis 0.053 spec_cnn 0.053  (6s)
  JSR  -32.0 dB  BER 0.00e+00  P(det)@0.05 power_one_sided 0.059 power_two_sided 0.051 kurtosis 0.062 spec_cnn 0.059  (6s)
  JSR  -31.0 dB  BER 0.00e+00  P(det)@0.05 power_one_sided 0.049 power_two_sided 0.049 kurtosis 0.068 spec_cnn 0.049  (7s)
  JSR  -30.0 dB  BER 0.00e+00  P(det)@0.05 power_one_sided 0.053 power_two_sided 0.039 kurtosis 0.049 spec_cnn 0.061  (7s)
  JSR  -29.0 dB  BER 0.00e+00  P(det)@0.05 power_one_sided 0.066 power_two_sided 0.055 kurtosis 0.047 spec_cnn 0.033  (7s)
  JSR  -28.0 dB  BER 0.00e+00  P(det)@0.05 power_one_sided 0.055 power_two_sided 0.029 kurtosis 0.057 spec_cnn 0.064  (7s)
  JSR  -27.0 dB  BER 0.00e+00  P(det)@0.05 power_one_sided 0.062 power_two_sided 0.057 kurtosis 0.051 spec_cnn 0.053  (8s)
  JSR  -26.0 dB  BER 7.63e-06  P(det)@0.05 power_one_sided 0.068 power_two_sided 0.062 kurtosis 0.059 spec_cnn 0.047  (8s)
  JSR  -25.0 dB  BER 0.00e+00  P(det)@0.05 power_one_sided 0.051 power_two_sided 0.053 kurtosis 0.047 spec_cnn 0.049  (8s)
  JSR  -24.0 dB  BER 0.00e+00  P(det)@0.05 power_one_sided 0.084 power_two_sided 0.064 kurtosis 0.055 spec_cnn 0.049  (9s)
  JSR  -23.0 dB  BER 0.00e+00  P(det)@0.05 power_one_sided 0.082 power_two_sided 0.070 kurtosis 0.074 spec_cnn 0.045  (9s)
  JSR  -22.0 dB  BER 0.00e+00  P(det)@0.05 power_one_sided 0.092 power_two_sided 0.080 kurtosis 0.068 spec_cnn 0.066  (9s)
  JSR  -21.0 dB  BER 0.00e+00  P(det)@0.05 power_one_sided 0.111 power_two_sided 0.072 kurtosis 0.055 spec_cnn 0.037  (10s)
  JSR  -20.0 dB  BER 0.00e+00  P(det)@0.05 power_one_sided 0.123 power_two_sided 0.076 kurtosis 0.062 spec_cnn 0.062  (10s)
  JSR  -19.0 dB  BER 1.53e-05  P(det)@0.05 power_one_sided 0.184 power_two_sided 0.123 kurtosis 0.055 spec_cnn 0.068  (10s)
  JSR  -18.0 dB  BER 7.63e-06  P(det)@0.05 power_one_sided 0.197 power_two_sided 0.133 kurtosis 0.049 spec_cnn 0.062  (11s)
  JSR  -17.0 dB  BER 7.63e-06  P(det)@0.05 power_one_sided 0.238 power_two_sided 0.164 kurtosis 0.057 spec_cnn 0.068  (11s)
  JSR  -16.0 dB  BER 1.53e-05  P(det)@0.05 power_one_sided 0.307 power_two_sided 0.221 kurtosis 0.092 spec_cnn 0.080  (11s)
  JSR  -15.0 dB  BER 6.87e-05  P(det)@0.05 power_one_sided 0.459 power_two_sided 0.354 kurtosis 0.055 spec_cnn 0.082  (12s)
  JSR  -14.0 dB  BER 1.53e-04  P(det)@0.05 power_one_sided 0.568 power_two_sided 0.475 kurtosis 0.090 spec_cnn 0.105  (12s)
  JSR  -13.0 dB  BER 2.59e-04  P(det)@0.05 power_one_sided 0.643 power_two_sided 0.529 kurtosis 0.145 spec_cnn 0.100  (12s)
  JSR  -12.0 dB  BER 5.34e-04  P(det)@0.05 power_one_sided 0.826 power_two_sided 0.758 kurtosis 0.170 spec_cnn 0.105  (13s)
  JSR  -11.0 dB  BER 1.03e-03  P(det)@0.05 power_one_sided 0.891 power_two_sided 0.846 kurtosis 0.223 spec_cnn 0.129  (13s)
  JSR  -10.0 dB  BER 2.02e-03  P(det)@0.05 power_one_sided 0.953 power_two_sided 0.916 kurtosis 0.275 spec_cnn 0.139  (13s)
  JSR   -9.0 dB  BER 3.36e-03  P(det)@0.05 power_one_sided 0.986 power_two_sided 0.979 kurtosis 0.383 spec_cnn 0.186  (14s)
  JSR   -8.0 dB  BER 5.86e-03  P(det)@0.05 power_one_sided 0.994 power_two_sided 0.992 kurtosis 0.516 spec_cnn 0.229  (14s)
  JSR   -7.0 dB  BER 9.92e-03  P(det)@0.05 power_one_sided 1.000 power_two_sided 1.000 kurtosis 0.576 spec_cnn 0.271  (14s)
  JSR   -6.0 dB  BER 1.66e-02  P(det)@0.05 power_one_sided 1.000 power_two_sided 1.000 kurtosis 0.723 spec_cnn 0.342  (15s)
  JSR   -5.0 dB  BER 2.63e-02  P(det)@0.05 power_one_sided 1.000 power_two_sided 1.000 kurtosis 0.836 spec_cnn 0.441  (15s)
  JSR   -4.0 dB  BER 3.97e-02  P(det)@0.05 power_one_sided 1.000 power_two_sided 1.000 kurtosis 0.857 spec_cnn 0.529  (15s)
  JSR   -3.0 dB  BER 5.82e-02  P(det)@0.05 power_one_sided 1.000 power_two_sided 1.000 kurtosis 0.918 spec_cnn 0.678  (16s)
  JSR   -2.0 dB  BER 8.15e-02  P(det)@0.05 power_one_sided 1.000 power_two_sided 1.000 kurtosis 0.943 spec_cnn 0.754  (16s)
  JSR   -1.0 dB  BER 1.07e-01  P(det)@0.05 power_one_sided 1.000 power_two_sided 1.000 kurtosis 0.941 spec_cnn 0.885  (16s)
  JSR   +0.0 dB  BER 1.38e-01  P(det)@0.05 power_one_sided 1.000 power_two_sided 1.000 kurtosis 0.959 spec_cnn 0.961  (17s)
  JSR   +1.0 dB  BER 1.63e-01  P(det)@0.05 power_one_sided 1.000 power_two_sided 1.000 kurtosis 0.955 spec_cnn 0.986  (17s)
  JSR   +2.0 dB  BER 1.91e-01  P(det)@0.05 power_one_sided 1.000 power_two_sided 1.000 kurtosis 0.938 spec_cnn 0.998  (17s)
  JSR   +3.0 dB  BER 2.20e-01  P(det)@0.05 power_one_sided 1.000 power_two_sided 1.000 kurtosis 0.900 spec_cnn 1.000  (18s)
  JSR   +4.0 dB  BER 2.47e-01  P(det)@0.05 power_one_sided 1.000 power_two_sided 1.000 kurtosis 0.895 spec_cnn 1.000  (18s)
  JSR   +5.0 dB  BER 2.69e-01  P(det)@0.05 power_one_sided 1.000 power_two_sided 1.000 kurtosis 0.850 spec_cnn 1.000  (18s)
  JSR   +6.0 dB  BER 2.93e-01  P(det)@0.05 power_one_sided 1.000 power_two_sided 1.000 kurtosis 0.799 spec_cnn 1.000  (19s)
  JSR   +7.0 dB  BER 3.13e-01  P(det)@0.05 power_one_sided 1.000 power_two_sided 1.000 kurtosis 0.748 spec_cnn 1.000  (19s)
  JSR   +8.0 dB  BER 3.29e-01  P(det)@0.05 power_one_sided 1.000 power_two_sided 1.000 kurtosis 0.795 spec_cnn 1.000  (19s)
  JSR   +9.0 dB  BER 3.49e-01  P(det)@0.05 power_one_sided 1.000 power_two_sided 1.000 kurtosis 0.764 spec_cnn 1.000  (20s)
  JSR  +10.0 dB  BER 3.67e-01  P(det)@0.05 power_one_sided 1.000 power_two_sided 1.000 kurtosis 0.779 spec_cnn 1.000  (20s)
  JSR  +11.0 dB  BER 3.80e-01  P(det)@0.05 power_one_sided 1.000 power_two_sided 1.000 kurtosis 0.770 spec_cnn 1.000  (20s)
  JSR  +12.0 dB  BER 3.90e-01  P(det)@0.05 power_one_sided 1.000 power_two_sided 1.000 kurtosis 0.760 spec_cnn 1.000  (21s)
  JSR  +13.0 dB  BER 4.04e-01  P(det)@0.05 power_one_sided 1.000 power_two_sided 1.000 kurtosis 0.775 spec_cnn 1.000  (21s)
  JSR  +14.0 dB  BER 4.15e-01  P(det)@0.05 power_one_sided 1.000 power_two_sided 1.000 kurtosis 0.738 spec_cnn 1.000  (21s)
  JSR  +15.0 dB  BER 4.22e-01  P(det)@0.05 power_one_sided 1.000 power_two_sided 1.000 kurtosis 0.758 spec_cnn 1.000  (22s)
  [snr_5] spec_cnn_b10000 confirmed: {"power_one_sided": {"0.01": {"index": 0, "sweep_ber": 0.0, "sweep_pdet": 0.005859375, "confirmed_ber": 0.0, "confirmed_ser": 0.0, "confirmed_pdet": 0.008056640625, "passed": true}, "0.05": {"index": 24, "sweep_ber": 7.62939453125e-06, "sweep_pdet": 0.068359375, "confirmed_ber": 9.5367431640625e-07, "confirmed_ser": 1.9073486328125e-06, "confirmed_pdet": 0.06884765625, "passed": false}}, "power_two_sided": {"0.01": {"index": 24, "sweep_ber": 7.62939453125e-06, "sweep_pdet": 0.013671875, "confirmed_ber": 0.0, "confirmed_ser": 0.0, "confirmed_pdet": 0.012939453125, "passed": true}, "0.05": {"index": 24, "sweep_ber": 7.62939453125e-06, "sweep_pdet": 0.0625, "confirmed_ber": 9.5367431640625e-07, "confirmed_ser": 1.9073486328125e-06, "confirmed_pdet": 0.056884765625, "passed": false}}, "kurtosis": {"0.01": {"index": 24, "sweep_ber": 7.62939453125e-06, "sweep_pdet": 0.01171875, "confirmed_ber": 0.0, "confirmed_ser": 0.0, "confirmed_pdet": 0.01123046875, "passed": true}, "0.05": {"index": 35, "sweep_ber": 6.866455078125e-05, "sweep_pdet": 0.0546875, "confirmed_ber": 6.008148193359375e-05, "confirmed_ser": 0.0001201629638671875, "confirmed_pdet": 0.096435546875, "passed": false}}, "spec_cnn": {"0.01": {"index": 36, "sweep_ber": 0.000152587890625, "sweep_pdet": 0.013671875, "confirmed_ber": 0.00012969970703125, "confirmed_ser": 0.0002593994140625, "confirmed_pdet": 0.022216796875, "passed": false}, "0.05": {"index": 31, "sweep_ber": 1.52587890625e-05, "sweep_pdet": 0.068359375, "confirmed_ber": 7.62939453125e-06, "confirmed_ser": 1.52587890625e-05, "confirmed_pdet": 0.063232421875, "passed": false}}}  (1105s)
  [snr_5] generator spec_cnn_b100000 (scale 0.4022)
  JSR  -50.0 dB  BER 0.00e+00  P(det)@0.05 power_one_sided 0.062 power_two_sided 0.047 kurtosis 0.045 spec_cnn 0.059  (0s)
  JSR  -49.0 dB  BER 0.00e+00  P(det)@0.05 power_one_sided 0.055 power_two_sided 0.064 kurtosis 0.047 spec_cnn 0.041  (1s)
  JSR  -48.0 dB  BER 0.00e+00  P(det)@0.05 power_one_sided 0.059 power_two_sided 0.039 kurtosis 0.051 spec_cnn 0.061  (1s)
  JSR  -47.0 dB  BER 0.00e+00  P(det)@0.05 power_one_sided 0.045 power_two_sided 0.037 kurtosis 0.061 spec_cnn 0.049  (1s)
  JSR  -46.0 dB  BER 0.00e+00  P(det)@0.05 power_one_sided 0.053 power_two_sided 0.055 kurtosis 0.051 spec_cnn 0.047  (2s)
  JSR  -45.0 dB  BER 0.00e+00  P(det)@0.05 power_one_sided 0.039 power_two_sided 0.043 kurtosis 0.068 spec_cnn 0.049  (2s)
  JSR  -44.0 dB  BER 0.00e+00  P(det)@0.05 power_one_sided 0.059 power_two_sided 0.064 kurtosis 0.053 spec_cnn 0.035  (2s)
  JSR  -43.0 dB  BER 0.00e+00  P(det)@0.05 power_one_sided 0.051 power_two_sided 0.039 kurtosis 0.047 spec_cnn 0.049  (3s)
  JSR  -42.0 dB  BER 0.00e+00  P(det)@0.05 power_one_sided 0.053 power_two_sided 0.051 kurtosis 0.068 spec_cnn 0.051  (3s)
  JSR  -41.0 dB  BER 0.00e+00  P(det)@0.05 power_one_sided 0.025 power_two_sided 0.035 kurtosis 0.049 spec_cnn 0.051  (3s)
  JSR  -40.0 dB  BER 0.00e+00  P(det)@0.05 power_one_sided 0.057 power_two_sided 0.053 kurtosis 0.059 spec_cnn 0.039  (4s)
  JSR  -39.0 dB  BER 0.00e+00  P(det)@0.05 power_one_sided 0.051 power_two_sided 0.049 kurtosis 0.062 spec_cnn 0.039  (4s)
  JSR  -38.0 dB  BER 0.00e+00  P(det)@0.05 power_one_sided 0.031 power_two_sided 0.057 kurtosis 0.053 spec_cnn 0.041  (4s)
  JSR  -37.0 dB  BER 0.00e+00  P(det)@0.05 power_one_sided 0.041 power_two_sided 0.055 kurtosis 0.051 spec_cnn 0.047  (5s)
  JSR  -36.0 dB  BER 0.00e+00  P(det)@0.05 power_one_sided 0.059 power_two_sided 0.047 kurtosis 0.070 spec_cnn 0.062  (5s)
  JSR  -35.0 dB  BER 0.00e+00  P(det)@0.05 power_one_sided 0.045 power_two_sided 0.049 kurtosis 0.041 spec_cnn 0.049  (5s)
  JSR  -34.0 dB  BER 0.00e+00  P(det)@0.05 power_one_sided 0.057 power_two_sided 0.057 kurtosis 0.049 spec_cnn 0.068  (6s)
  JSR  -33.0 dB  BER 0.00e+00  P(det)@0.05 power_one_sided 0.057 power_two_sided 0.059 kurtosis 0.047 spec_cnn 0.062  (6s)
  JSR  -32.0 dB  BER 0.00e+00  P(det)@0.05 power_one_sided 0.061 power_two_sided 0.070 kurtosis 0.055 spec_cnn 0.035  (6s)
  JSR  -31.0 dB  BER 0.00e+00  P(det)@0.05 power_one_sided 0.049 power_two_sided 0.041 kurtosis 0.045 spec_cnn 0.049  (7s)
  JSR  -30.0 dB  BER 0.00e+00  P(det)@0.05 power_one_sided 0.072 power_two_sided 0.045 kurtosis 0.053 spec_cnn 0.041  (7s)
  JSR  -29.0 dB  BER 0.00e+00  P(det)@0.05 power_one_sided 0.055 power_two_sided 0.057 kurtosis 0.041 spec_cnn 0.062  (7s)
  JSR  -28.0 dB  BER 0.00e+00  P(det)@0.05 power_one_sided 0.059 power_two_sided 0.043 kurtosis 0.064 spec_cnn 0.061  (7s)
  JSR  -27.0 dB  BER 0.00e+00  P(det)@0.05 power_one_sided 0.053 power_two_sided 0.051 kurtosis 0.061 spec_cnn 0.057  (8s)
  JSR  -26.0 dB  BER 0.00e+00  P(det)@0.05 power_one_sided 0.051 power_two_sided 0.051 kurtosis 0.045 spec_cnn 0.047  (8s)
  JSR  -25.0 dB  BER 0.00e+00  P(det)@0.05 power_one_sided 0.092 power_two_sided 0.061 kurtosis 0.057 spec_cnn 0.049  (8s)
  JSR  -24.0 dB  BER 0.00e+00  P(det)@0.05 power_one_sided 0.076 power_two_sided 0.074 kurtosis 0.062 spec_cnn 0.059  (9s)
  JSR  -23.0 dB  BER 0.00e+00  P(det)@0.05 power_one_sided 0.082 power_two_sided 0.051 kurtosis 0.043 spec_cnn 0.043  (9s)
  JSR  -22.0 dB  BER 0.00e+00  P(det)@0.05 power_one_sided 0.090 power_two_sided 0.078 kurtosis 0.051 spec_cnn 0.072  (9s)
  JSR  -21.0 dB  BER 0.00e+00  P(det)@0.05 power_one_sided 0.094 power_two_sided 0.064 kurtosis 0.068 spec_cnn 0.057  (10s)
  JSR  -20.0 dB  BER 0.00e+00  P(det)@0.05 power_one_sided 0.123 power_two_sided 0.074 kurtosis 0.062 spec_cnn 0.053  (10s)
  JSR  -19.0 dB  BER 7.63e-06  P(det)@0.05 power_one_sided 0.168 power_two_sided 0.125 kurtosis 0.064 spec_cnn 0.059  (10s)
  JSR  -18.0 dB  BER 1.53e-05  P(det)@0.05 power_one_sided 0.180 power_two_sided 0.121 kurtosis 0.070 spec_cnn 0.061  (11s)
  JSR  -17.0 dB  BER 0.00e+00  P(det)@0.05 power_one_sided 0.264 power_two_sided 0.197 kurtosis 0.072 spec_cnn 0.053  (11s)
  JSR  -16.0 dB  BER 0.00e+00  P(det)@0.05 power_one_sided 0.297 power_two_sided 0.215 kurtosis 0.086 spec_cnn 0.074  (11s)
  JSR  -15.0 dB  BER 1.53e-05  P(det)@0.05 power_one_sided 0.410 power_two_sided 0.332 kurtosis 0.082 spec_cnn 0.072  (12s)
  JSR  -14.0 dB  BER 6.87e-05  P(det)@0.05 power_one_sided 0.561 power_two_sided 0.469 kurtosis 0.111 spec_cnn 0.074  (12s)
  JSR  -13.0 dB  BER 1.37e-04  P(det)@0.05 power_one_sided 0.650 power_two_sided 0.568 kurtosis 0.156 spec_cnn 0.141  (12s)
  JSR  -12.0 dB  BER 2.59e-04  P(det)@0.05 power_one_sided 0.791 power_two_sided 0.717 kurtosis 0.182 spec_cnn 0.098  (13s)
  JSR  -11.0 dB  BER 4.35e-04  P(det)@0.05 power_one_sided 0.889 power_two_sided 0.834 kurtosis 0.244 spec_cnn 0.133  (13s)
  JSR  -10.0 dB  BER 9.31e-04  P(det)@0.05 power_one_sided 0.945 power_two_sided 0.914 kurtosis 0.287 spec_cnn 0.125  (13s)
  JSR   -9.0 dB  BER 2.04e-03  P(det)@0.05 power_one_sided 0.986 power_two_sided 0.977 kurtosis 0.354 spec_cnn 0.164  (14s)
  JSR   -8.0 dB  BER 4.07e-03  P(det)@0.05 power_one_sided 0.994 power_two_sided 0.992 kurtosis 0.512 spec_cnn 0.195  (14s)
  JSR   -7.0 dB  BER 8.42e-03  P(det)@0.05 power_one_sided 1.000 power_two_sided 1.000 kurtosis 0.570 spec_cnn 0.238  (14s)
  JSR   -6.0 dB  BER 1.62e-02  P(det)@0.05 power_one_sided 1.000 power_two_sided 1.000 kurtosis 0.678 spec_cnn 0.305  (15s)
  JSR   -5.0 dB  BER 2.65e-02  P(det)@0.05 power_one_sided 1.000 power_two_sided 1.000 kurtosis 0.762 spec_cnn 0.365  (15s)
  JSR   -4.0 dB  BER 4.23e-02  P(det)@0.05 power_one_sided 1.000 power_two_sided 1.000 kurtosis 0.805 spec_cnn 0.494  (15s)
  JSR   -3.0 dB  BER 6.29e-02  P(det)@0.05 power_one_sided 1.000 power_two_sided 1.000 kurtosis 0.826 spec_cnn 0.539  (16s)
  JSR   -2.0 dB  BER 9.03e-02  P(det)@0.05 power_one_sided 1.000 power_two_sided 1.000 kurtosis 0.861 spec_cnn 0.658  (16s)
  JSR   -1.0 dB  BER 1.18e-01  P(det)@0.05 power_one_sided 1.000 power_two_sided 1.000 kurtosis 0.881 spec_cnn 0.793  (16s)
  JSR   +0.0 dB  BER 1.50e-01  P(det)@0.05 power_one_sided 1.000 power_two_sided 1.000 kurtosis 0.875 spec_cnn 0.902  (17s)
  JSR   +1.0 dB  BER 1.78e-01  P(det)@0.05 power_one_sided 1.000 power_two_sided 1.000 kurtosis 0.795 spec_cnn 0.967  (17s)
  JSR   +2.0 dB  BER 2.08e-01  P(det)@0.05 power_one_sided 1.000 power_two_sided 1.000 kurtosis 0.740 spec_cnn 0.996  (17s)
  JSR   +3.0 dB  BER 2.34e-01  P(det)@0.05 power_one_sided 1.000 power_two_sided 1.000 kurtosis 0.625 spec_cnn 0.998  (18s)
  JSR   +4.0 dB  BER 2.63e-01  P(det)@0.05 power_one_sided 1.000 power_two_sided 1.000 kurtosis 0.566 spec_cnn 1.000  (18s)
  JSR   +5.0 dB  BER 2.87e-01  P(det)@0.05 power_one_sided 1.000 power_two_sided 1.000 kurtosis 0.467 spec_cnn 1.000  (18s)
  JSR   +6.0 dB  BER 3.09e-01  P(det)@0.05 power_one_sided 1.000 power_two_sided 1.000 kurtosis 0.438 spec_cnn 1.000  (19s)
  JSR   +7.0 dB  BER 3.27e-01  P(det)@0.05 power_one_sided 1.000 power_two_sided 1.000 kurtosis 0.486 spec_cnn 1.000  (19s)
  JSR   +8.0 dB  BER 3.45e-01  P(det)@0.05 power_one_sided 1.000 power_two_sided 1.000 kurtosis 0.576 spec_cnn 1.000  (19s)
  JSR   +9.0 dB  BER 3.60e-01  P(det)@0.05 power_one_sided 1.000 power_two_sided 1.000 kurtosis 0.627 spec_cnn 1.000  (20s)
  JSR  +10.0 dB  BER 3.78e-01  P(det)@0.05 power_one_sided 1.000 power_two_sided 1.000 kurtosis 0.648 spec_cnn 1.000  (20s)
  JSR  +11.0 dB  BER 3.91e-01  P(det)@0.05 power_one_sided 1.000 power_two_sided 1.000 kurtosis 0.740 spec_cnn 1.000  (20s)
  JSR  +12.0 dB  BER 4.03e-01  P(det)@0.05 power_one_sided 1.000 power_two_sided 1.000 kurtosis 0.746 spec_cnn 1.000  (21s)
  JSR  +13.0 dB  BER 4.07e-01  P(det)@0.05 power_one_sided 1.000 power_two_sided 1.000 kurtosis 0.748 spec_cnn 1.000  (21s)
  JSR  +14.0 dB  BER 4.20e-01  P(det)@0.05 power_one_sided 1.000 power_two_sided 1.000 kurtosis 0.764 spec_cnn 1.000  (21s)
  JSR  +15.0 dB  BER 4.29e-01  P(det)@0.05 power_one_sided 1.000 power_two_sided 1.000 kurtosis 0.785 spec_cnn 1.000  (21s)
  [snr_5] spec_cnn_b100000 confirmed: {"power_one_sided": {"0.01": {"index": 0, "sweep_ber": 0.0, "sweep_pdet": 0.017578125, "confirmed_ber": 9.5367431640625e-07, "confirmed_ser": 1.9073486328125e-06, "confirmed_pdet": 0.01123046875, "passed": true}, "0.05": {"index": 0, "sweep_ber": 0.0, "sweep_pdet": 0.0625, "confirmed_ber": 0.0, "confirmed_ser": 0.0, "confirmed_pdet": 0.04833984375, "passed": true}}, "power_two_sided": {"0.01": {"index": 0, "sweep_ber": 0.0, "sweep_pdet": 0.009765625, "confirmed_ber": 9.5367431640625e-07, "confirmed_ser": 1.9073486328125e-06, "confirmed_pdet": 0.008544921875, "passed": true}, "0.05": {"index": 0, "sweep_ber": 0.0, "sweep_pdet": 0.046875, "confirmed_ber": 0.0, "confirmed_ser": 0.0, "confirmed_pdet": 0.050048828125, "passed": true}}, "kurtosis": {"0.01": {"index": 32, "sweep_ber": 1.52587890625e-05, "sweep_pdet": 0.015625, "confirmed_ber": 5.7220458984375e-06, "confirmed_ser": 1.1444091796875e-05, "confirmed_pdet": 0.0166015625, "passed": false}, "0.05": {"index": 31, "sweep_ber": 7.62939453125e-06, "sweep_pdet": 0.064453125, "confirmed_ber": 3.814697265625e-06, "confirmed_ser": 7.62939453125e-06, "confirmed_pdet": 0.06494140625, "passed": false}}, "spec_cnn": {"0.01": {"index": 32, "sweep_ber": 1.52587890625e-05, "sweep_pdet": 0.013671875, "confirmed_ber": 4.76837158203125e-06, "confirmed_ser": 9.5367431640625e-06, "confirmed_pdet": 0.011962890625, "passed": true}, "0.05": {"index": 32, "sweep_ber": 1.52587890625e-05, "sweep_pdet": 0.060546875, "confirmed_ber": 1.9073486328125e-06, "confirmed_ser": 3.814697265625e-06, "confirmed_pdet": 0.06982421875, "passed": false}}}  (1148s)
  [snr_5] generator spec_cnn_b1e+06 (scale 0.4022)
  JSR  -50.0 dB  BER 0.00e+00  P(det)@0.05 power_one_sided 0.049 power_two_sided 0.057 kurtosis 0.049 spec_cnn 0.059  (0s)
  JSR  -49.0 dB  BER 0.00e+00  P(det)@0.05 power_one_sided 0.049 power_two_sided 0.043 kurtosis 0.049 spec_cnn 0.055  (1s)
  JSR  -48.0 dB  BER 0.00e+00  P(det)@0.05 power_one_sided 0.053 power_two_sided 0.062 kurtosis 0.049 spec_cnn 0.045  (1s)
  JSR  -47.0 dB  BER 0.00e+00  P(det)@0.05 power_one_sided 0.037 power_two_sided 0.047 kurtosis 0.049 spec_cnn 0.059  (1s)
  JSR  -46.0 dB  BER 0.00e+00  P(det)@0.05 power_one_sided 0.064 power_two_sided 0.070 kurtosis 0.045 spec_cnn 0.047  (2s)
  JSR  -45.0 dB  BER 0.00e+00  P(det)@0.05 power_one_sided 0.029 power_two_sided 0.039 kurtosis 0.045 spec_cnn 0.055  (2s)
  JSR  -44.0 dB  BER 0.00e+00  P(det)@0.05 power_one_sided 0.025 power_two_sided 0.035 kurtosis 0.051 spec_cnn 0.049  (2s)
  JSR  -43.0 dB  BER 0.00e+00  P(det)@0.05 power_one_sided 0.031 power_two_sided 0.025 kurtosis 0.059 spec_cnn 0.053  (3s)
  JSR  -42.0 dB  BER 0.00e+00  P(det)@0.05 power_one_sided 0.047 power_two_sided 0.061 kurtosis 0.043 spec_cnn 0.047  (3s)
  JSR  -41.0 dB  BER 0.00e+00  P(det)@0.05 power_one_sided 0.039 power_two_sided 0.057 kurtosis 0.043 spec_cnn 0.043  (3s)
  JSR  -40.0 dB  BER 0.00e+00  P(det)@0.05 power_one_sided 0.047 power_two_sided 0.045 kurtosis 0.061 spec_cnn 0.051  (4s)
  JSR  -39.0 dB  BER 0.00e+00  P(det)@0.05 power_one_sided 0.045 power_two_sided 0.045 kurtosis 0.059 spec_cnn 0.023  (4s)
  JSR  -38.0 dB  BER 7.63e-06  P(det)@0.05 power_one_sided 0.051 power_two_sided 0.045 kurtosis 0.055 spec_cnn 0.064  (4s)
  JSR  -37.0 dB  BER 0.00e+00  P(det)@0.05 power_one_sided 0.059 power_two_sided 0.045 kurtosis 0.053 spec_cnn 0.053  (5s)
  JSR  -36.0 dB  BER 0.00e+00  P(det)@0.05 power_one_sided 0.043 power_two_sided 0.061 kurtosis 0.053 spec_cnn 0.047  (5s)
  JSR  -35.0 dB  BER 0.00e+00  P(det)@0.05 power_one_sided 0.051 power_two_sided 0.045 kurtosis 0.051 spec_cnn 0.051  (5s)
  JSR  -34.0 dB  BER 0.00e+00  P(det)@0.05 power_one_sided 0.057 power_two_sided 0.049 kurtosis 0.033 spec_cnn 0.074  (6s)
  JSR  -33.0 dB  BER 0.00e+00  P(det)@0.05 power_one_sided 0.062 power_two_sided 0.045 kurtosis 0.062 spec_cnn 0.043  (6s)
  JSR  -32.0 dB  BER 0.00e+00  P(det)@0.05 power_one_sided 0.055 power_two_sided 0.041 kurtosis 0.059 spec_cnn 0.053  (6s)
  JSR  -31.0 dB  BER 0.00e+00  P(det)@0.05 power_one_sided 0.062 power_two_sided 0.066 kurtosis 0.047 spec_cnn 0.062  (7s)
  JSR  -30.0 dB  BER 0.00e+00  P(det)@0.05 power_one_sided 0.066 power_two_sided 0.059 kurtosis 0.045 spec_cnn 0.045  (7s)
  JSR  -29.0 dB  BER 0.00e+00  P(det)@0.05 power_one_sided 0.051 power_two_sided 0.049 kurtosis 0.066 spec_cnn 0.043  (7s)
  JSR  -28.0 dB  BER 0.00e+00  P(det)@0.05 power_one_sided 0.066 power_two_sided 0.064 kurtosis 0.043 spec_cnn 0.055  (7s)
  JSR  -27.0 dB  BER 0.00e+00  P(det)@0.05 power_one_sided 0.055 power_two_sided 0.037 kurtosis 0.051 spec_cnn 0.055  (8s)
  JSR  -26.0 dB  BER 0.00e+00  P(det)@0.05 power_one_sided 0.059 power_two_sided 0.070 kurtosis 0.051 spec_cnn 0.049  (8s)
  JSR  -25.0 dB  BER 0.00e+00  P(det)@0.05 power_one_sided 0.082 power_two_sided 0.070 kurtosis 0.059 spec_cnn 0.057  (8s)
  JSR  -24.0 dB  BER 0.00e+00  P(det)@0.05 power_one_sided 0.062 power_two_sided 0.043 kurtosis 0.037 spec_cnn 0.057  (9s)
  JSR  -23.0 dB  BER 0.00e+00  P(det)@0.05 power_one_sided 0.078 power_two_sided 0.053 kurtosis 0.053 spec_cnn 0.059  (9s)
  JSR  -22.0 dB  BER 0.00e+00  P(det)@0.05 power_one_sided 0.100 power_two_sided 0.082 kurtosis 0.047 spec_cnn 0.062  (9s)
  JSR  -21.0 dB  BER 7.63e-06  P(det)@0.05 power_one_sided 0.123 power_two_sided 0.115 kurtosis 0.033 spec_cnn 0.051  (10s)
  JSR  -20.0 dB  BER 0.00e+00  P(det)@0.05 power_one_sided 0.148 power_two_sided 0.109 kurtosis 0.045 spec_cnn 0.062  (10s)
  JSR  -19.0 dB  BER 0.00e+00  P(det)@0.05 power_one_sided 0.199 power_two_sided 0.119 kurtosis 0.057 spec_cnn 0.047  (10s)
  JSR  -18.0 dB  BER 0.00e+00  P(det)@0.05 power_one_sided 0.219 power_two_sided 0.156 kurtosis 0.051 spec_cnn 0.074  (11s)
  JSR  -17.0 dB  BER 0.00e+00  P(det)@0.05 power_one_sided 0.236 power_two_sided 0.191 kurtosis 0.070 spec_cnn 0.078  (11s)
  JSR  -16.0 dB  BER 7.63e-06  P(det)@0.05 power_one_sided 0.301 power_two_sided 0.246 kurtosis 0.086 spec_cnn 0.055  (11s)
  JSR  -15.0 dB  BER 2.29e-05  P(det)@0.05 power_one_sided 0.418 power_two_sided 0.311 kurtosis 0.092 spec_cnn 0.066  (12s)
  JSR  -14.0 dB  BER 3.81e-05  P(det)@0.05 power_one_sided 0.557 power_two_sided 0.461 kurtosis 0.119 spec_cnn 0.068  (12s)
  JSR  -13.0 dB  BER 7.63e-05  P(det)@0.05 power_one_sided 0.670 power_two_sided 0.586 kurtosis 0.141 spec_cnn 0.100  (12s)
  JSR  -12.0 dB  BER 1.60e-04  P(det)@0.05 power_one_sided 0.793 power_two_sided 0.732 kurtosis 0.199 spec_cnn 0.098  (13s)
  JSR  -11.0 dB  BER 4.50e-04  P(det)@0.05 power_one_sided 0.902 power_two_sided 0.855 kurtosis 0.244 spec_cnn 0.127  (13s)
  JSR  -10.0 dB  BER 8.01e-04  P(det)@0.05 power_one_sided 0.959 power_two_sided 0.939 kurtosis 0.330 spec_cnn 0.125  (13s)
  JSR   -9.0 dB  BER 1.88e-03  P(det)@0.05 power_one_sided 0.984 power_two_sided 0.975 kurtosis 0.383 spec_cnn 0.186  (14s)
  JSR   -8.0 dB  BER 3.57e-03  P(det)@0.05 power_one_sided 0.996 power_two_sided 0.994 kurtosis 0.514 spec_cnn 0.203  (14s)
  JSR   -7.0 dB  BER 7.34e-03  P(det)@0.05 power_one_sided 1.000 power_two_sided 1.000 kurtosis 0.586 spec_cnn 0.270  (14s)
  JSR   -6.0 dB  BER 1.37e-02  P(det)@0.05 power_one_sided 1.000 power_two_sided 1.000 kurtosis 0.699 spec_cnn 0.297  (15s)
  JSR   -5.0 dB  BER 2.43e-02  P(det)@0.05 power_one_sided 1.000 power_two_sided 1.000 kurtosis 0.803 spec_cnn 0.373  (15s)
  JSR   -4.0 dB  BER 4.08e-02  P(det)@0.05 power_one_sided 1.000 power_two_sided 1.000 kurtosis 0.846 spec_cnn 0.471  (15s)
  JSR   -3.0 dB  BER 6.21e-02  P(det)@0.05 power_one_sided 1.000 power_two_sided 1.000 kurtosis 0.859 spec_cnn 0.527  (16s)
  JSR   -2.0 dB  BER 8.72e-02  P(det)@0.05 power_one_sided 1.000 power_two_sided 1.000 kurtosis 0.861 spec_cnn 0.719  (16s)
  JSR   -1.0 dB  BER 1.17e-01  P(det)@0.05 power_one_sided 1.000 power_two_sided 1.000 kurtosis 0.873 spec_cnn 0.834  (16s)
  JSR   +0.0 dB  BER 1.47e-01  P(det)@0.05 power_one_sided 1.000 power_two_sided 1.000 kurtosis 0.861 spec_cnn 0.924  (17s)
  JSR   +1.0 dB  BER 1.76e-01  P(det)@0.05 power_one_sided 1.000 power_two_sided 1.000 kurtosis 0.770 spec_cnn 0.971  (17s)
  JSR   +2.0 dB  BER 2.07e-01  P(det)@0.05 power_one_sided 1.000 power_two_sided 1.000 kurtosis 0.703 spec_cnn 0.994  (17s)
  JSR   +3.0 dB  BER 2.34e-01  P(det)@0.05 power_one_sided 1.000 power_two_sided 1.000 kurtosis 0.621 spec_cnn 0.998  (18s)
  JSR   +4.0 dB  BER 2.57e-01  P(det)@0.05 power_one_sided 1.000 power_two_sided 1.000 kurtosis 0.473 spec_cnn 1.000  (18s)
  JSR   +5.0 dB  BER 2.83e-01  P(det)@0.05 power_one_sided 1.000 power_two_sided 1.000 kurtosis 0.426 spec_cnn 1.000  (18s)
  JSR   +6.0 dB  BER 3.08e-01  P(det)@0.05 power_one_sided 1.000 power_two_sided 1.000 kurtosis 0.438 spec_cnn 1.000  (19s)
  JSR   +7.0 dB  BER 3.24e-01  P(det)@0.05 power_one_sided 1.000 power_two_sided 1.000 kurtosis 0.488 spec_cnn 1.000  (19s)
  JSR   +8.0 dB  BER 3.42e-01  P(det)@0.05 power_one_sided 1.000 power_two_sided 1.000 kurtosis 0.605 spec_cnn 1.000  (19s)
  JSR   +9.0 dB  BER 3.60e-01  P(det)@0.05 power_one_sided 1.000 power_two_sided 1.000 kurtosis 0.688 spec_cnn 1.000  (20s)
  JSR  +10.0 dB  BER 3.74e-01  P(det)@0.05 power_one_sided 1.000 power_two_sided 1.000 kurtosis 0.709 spec_cnn 1.000  (20s)
  JSR  +11.0 dB  BER 3.87e-01  P(det)@0.05 power_one_sided 1.000 power_two_sided 1.000 kurtosis 0.750 spec_cnn 1.000  (20s)
  JSR  +12.0 dB  BER 3.99e-01  P(det)@0.05 power_one_sided 1.000 power_two_sided 1.000 kurtosis 0.809 spec_cnn 1.000  (21s)
  JSR  +13.0 dB  BER 4.08e-01  P(det)@0.05 power_one_sided 1.000 power_two_sided 1.000 kurtosis 0.824 spec_cnn 1.000  (21s)
  JSR  +14.0 dB  BER 4.22e-01  P(det)@0.05 power_one_sided 1.000 power_two_sided 1.000 kurtosis 0.832 spec_cnn 1.000  (21s)
  JSR  +15.0 dB  BER 4.29e-01  P(det)@0.05 power_one_sided 1.000 power_two_sided 1.000 kurtosis 0.848 spec_cnn 1.000  (21s)
  [snr_5] spec_cnn_b1e+06 confirmed: {"power_one_sided": {"0.01": {"index": 12, "sweep_ber": 7.62939453125e-06, "sweep_pdet": 0.013671875, "confirmed_ber": 0.0, "confirmed_ser": 0.0, "confirmed_pdet": 0.0107421875, "passed": true}, "0.05": {"index": 12, "sweep_ber": 7.62939453125e-06, "sweep_pdet": 0.05078125, "confirmed_ber": 0.0, "confirmed_ser": 0.0, "confirmed_pdet": 0.049072265625, "passed": true}}, "power_two_sided": {"0.01": {"index": 12, "sweep_ber": 7.62939453125e-06, "sweep_pdet": 0.009765625, "confirmed_ber": 1.9073486328125e-06, "confirmed_ser": 3.814697265625e-06, "confirmed_pdet": 0.01171875, "passed": true}, "0.05": {"index": 12, "sweep_ber": 7.62939453125e-06, "sweep_pdet": 0.044921875, "confirmed_ber": 9.5367431640625e-07, "confirmed_ser": 1.9073486328125e-06, "confirmed_pdet": 0.046875, "passed": true}}, "kurtosis": {"0.01": {"index": 12, "sweep_ber": 7.62939453125e-06, "sweep_pdet": 0.013671875, "confirmed_ber": 0.0, "confirmed_ser": 0.0, "confirmed_pdet": 0.0126953125, "passed": true}, "0.05": {"index": 12, "sweep_ber": 7.62939453125e-06, "sweep_pdet": 0.0546875, "confirmed_ber": 0.0, "confirmed_ser": 0.0, "confirmed_pdet": 0.05419921875, "passed": true}}, "spec_cnn": {"0.01": {"index": 37, "sweep_ber": 7.62939453125e-05, "sweep_pdet": 0.01171875, "confirmed_ber": 8.678436279296875e-05, "confirmed_ser": 0.0001735687255859375, "confirmed_pdet": 0.022216796875, "passed": false}, "0.05": {"index": 36, "sweep_ber": 3.814697265625e-05, "sweep_pdet": 0.068359375, "confirmed_ber": 3.62396240234375e-05, "confirmed_ser": 7.2479248046875e-05, "confirmed_pdet": 0.085693359375, "passed": false}}}  (1190s)
wrote ../artifacts/cgan/snr_ablation/run001/snr_snr_5.json in 1190s
